Node = node5900-c1
GPU 0: NVIDIA B300 SXM6 AC (UUID: GPU-56e60e6d-c4a2-2372-42f3-4efdd01824d8)
GPU 1: NVIDIA B300 SXM6 AC (UUID: GPU-ef47b0e5-0a01-e7f3-44f6-5351175396fa)
GPU 2: NVIDIA B300 SXM6 AC (UUID: GPU-a5184e8c-4ff7-c3e9-50c2-62af25b39423)
GPU 3: NVIDIA B300 SXM6 AC (UUID: GPU-7a3313b3-15a7-2c81-22c3-a0c0712f698e)
GPU 4: NVIDIA B300 SXM6 AC (UUID: GPU-13b567e0-a991-3548-1d3a-9c8678c05860)
GPU 5: NVIDIA B300 SXM6 AC (UUID: GPU-52aab791-6df9-924e-0508-b912efa448cb)
GPU 6: NVIDIA B300 SXM6 AC (UUID: GPU-97130d1d-a968-7f24-62af-1f0e6a80dc31)
GPU 7: NVIDIA B300 SXM6 AC (UUID: GPU-0c5bdd69-9c95-bd46-0764-e4da1198d712)
======== Run with fp32 ==========
WARNING: Error changing the container working directory. Using '/home/shaohao' instead: chdir /home/shaohao/benchmarks/b300-nodes: no such file or directory
Detected GPU #0: "NVIDIA B300 SXM6 AC" (56e60e6d-c4a2-2372-42f3-4efdd01824d8)
Detected GPU #1: "NVIDIA B300 SXM6 AC" (ef47b0e5-0a01-e7f3-44f6-5351175396fa)
Detected GPU #2: "NVIDIA B300 SXM6 AC" (a5184e8c-4ff7-c3e9-50c2-62af25b39423)
Detected GPU #3: "NVIDIA B300 SXM6 AC" (7a3313b3-15a7-2c81-22c3-a0c0712f698e)
Detected GPU #4: "NVIDIA B300 SXM6 AC" (13b567e0-a991-3548-1d3a-9c8678c05860)
Detected GPU #5: "NVIDIA B300 SXM6 AC" (52aab791-6df9-924e-0508-b912efa448cb)
Detected GPU #6: "NVIDIA B300 SXM6 AC" (97130d1d-a968-7f24-62af-1f0e6a80dc31)
Detected GPU #7: "NVIDIA B300 SXM6 AC" (0c5bdd69-9c95-bd46-0764-e4da1198d712)
Using precision(s): FP32  
Creating random matrices
Matrices created
GPU #0: Using 246139 MB
GPU #1: Using 246139 MB
GPU #2: Using 246139 MB
GPU #3: Using 246139 MB
GPU #4: Using 246139 MB
GPU #5: Using 246139 MB
GPU #6: Using 246139 MB
GPU #7: Using 246139 MB
1365 (1500833 Gflops/s) - 1295 (1423867 Gflops/s) - 1282 (1409573 Gflops/s) - 1287 (1415071 Gflops/s) - 1280 (1407374 Gflops/s) - 1289 (1417270 Gflops/s) - 1296 (1424967 Gflops/s) - 1290 (1418369 Gflops/s) | Temperatures: 51°C - 51°C - 57°C - 54°C - 51°C - 51°C - 53°C - 57°C | Throttling: None - None - None - None - None - None - None - None
690 (758663 Gflops/s) - 695 (764160 Gflops/s) - 703 (772956 Gflops/s) - 702 (771857 Gflops/s) - 697 (766359 Gflops/s) - 702 (771857 Gflops/s) - 688 (756463 Gflops/s) - 683 (750966 Gflops/s) | Temperatures: 53°C - 53°C - 59°C - 56°C - 53°C - 53°C - 54°C - 58°C | Throttling: None - None - None - None - None - None - None - None
679 (746568 Gflops/s) - 685 (753165 Gflops/s) - 692 (760862 Gflops/s) - 693 (761961 Gflops/s) - 687 (755364 Gflops/s) - 692 (760862 Gflops/s) - 682 (749866 Gflops/s) - 675 (742170 Gflops/s) | Temperatures: 53°C - 54°C - 60°C - 57°C - 54°C - 54°C - 55°C - 59°C | Throttling: None - None - None - None - None - None - None - None
683 (750966 Gflops/s) - 688 (756463 Gflops/s) - 694 (763061 Gflops/s) - 696 (765260 Gflops/s) - 694 (763061 Gflops/s) - 699 (768558 Gflops/s) - 689 (757563 Gflops/s) - 677 (744369 Gflops/s) | Temperatures: 54°C - 55°C - 61°C - 58°C - 55°C - 55°C - 55°C - 60°C | Throttling: None - None - None - None - None - None - None - None
684 (752065 Gflops/s) - 697 (766359 Gflops/s) - 695 (764160 Gflops/s) - 696 (765260 Gflops/s) - 695 (764160 Gflops/s) - 705 (775155 Gflops/s) - 693 (761961 Gflops/s) - 679 (746568 Gflops/s) | Temperatures: 55°C - 55°C - 61°C - 58°C - 55°C - 56°C - 56°C - 61°C | Throttling: None - None - None - None - None - None - None - None
690 (758663 Gflops/s) - 696 (765260 Gflops/s) - 692 (760862 Gflops/s) - 695 (764160 Gflops/s) - 696 (765260 Gflops/s) - 701 (770757 Gflops/s) - 691 (759762 Gflops/s) - 676 (743269 Gflops/s) | Temperatures: 55°C - 56°C - 62°C - 59°C - 56°C - 56°C - 56°C - 61°C | Throttling: None - None - None - None - None - None - None - None
690 (758663 Gflops/s) - 695 (764160 Gflops/s) - 692 (760862 Gflops/s) - 694 (763061 Gflops/s) - 696 (765260 Gflops/s) - 702 (771857 Gflops/s) - 691 (759762 Gflops/s) - 676 (743269 Gflops/s) | Temperatures: 56°C - 56°C - 62°C - 59°C - 56°C - 57°C - 57°C - 62°C | Throttling: None - None - None - None - None - None - None - None
692 (760862 Gflops/s) - 698 (767459 Gflops/s) - 694 (763061 Gflops/s) - 697 (766359 Gflops/s) - 698 (767459 Gflops/s) - 704 (774056 Gflops/s) - 693 (761961 Gflops/s) - 678 (745468 Gflops/s) | Temperatures: 56°C - 57°C - 63°C - 60°C - 57°C - 57°C - 57°C - 62°C | Throttling: None - None - None - None - None - None - None - None
689 (757563 Gflops/s) - 709 (779553 Gflops/s) - 691 (759762 Gflops/s) - 698 (767459 Gflops/s) - 695 (764160 Gflops/s) - 701 (770757 Gflops/s) - 690 (758663 Gflops/s) - 676 (743269 Gflops/s) | Temperatures: 56°C - 57°C - 63°C - 60°C - 57°C - 58°C - 58°C - 62°C | Throttling: None - None - None - None - None - None - None - None
688 (756463 Gflops/s) - 680 (747667 Gflops/s) - 690 (758663 Gflops/s) - 690 (758663 Gflops/s) - 695 (764160 Gflops/s) - 699 (768558 Gflops/s) - 689 (757563 Gflops/s) - 674 (741070 Gflops/s) | Temperatures: 57°C - 58°C - 64°C - 60°C - 57°C - 58°C - 58°C - 63°C | Throttling: None - None - None - None - None - None - None - None
690 (758663 Gflops/s) - 695 (764160 Gflops/s) - 691 (759762 Gflops/s) - 695 (764160 Gflops/s) - 695 (764160 Gflops/s) - 701 (770757 Gflops/s) - 690 (758663 Gflops/s) - 676 (743269 Gflops/s) | Temperatures: 57°C - 58°C - 64°C - 61°C - 58°C - 58°C - 58°C - 63°C | Throttling: None - None - None - None - None - None - None - None
689 (757563 Gflops/s) - 694 (763061 Gflops/s) - 693 (761961 Gflops/s) - 694 (763061 Gflops/s) - 694 (763061 Gflops/s) - 698 (767459 Gflops/s) - 687 (755364 Gflops/s) - 674 (741070 Gflops/s) | Temperatures: 57°C - 58°C - 64°C - 61°C - 58°C - 58°C - 59°C - 64°C | Throttling: None - None - None - None - None - None - None - None
689 (757563 Gflops/s) - 694 (763061 Gflops/s) - 695 (764160 Gflops/s) - 693 (761961 Gflops/s) - 695 (764160 Gflops/s) - 699 (768558 Gflops/s) - 688 (756463 Gflops/s) - 675 (742170 Gflops/s) | Temperatures: 58°C - 59°C - 65°C - 62°C - 58°C - 59°C - 59°C - 64°C | Throttling: None - None - None - None - None - None - None - None
689 (757563 Gflops/s) - 694 (763061 Gflops/s) - 695 (764160 Gflops/s) - 694 (763061 Gflops/s) - 695 (764160 Gflops/s) - 699 (768558 Gflops/s) - 689 (757563 Gflops/s) - 674 (741070 Gflops/s) | Temperatures: 58°C - 59°C - 65°C - 62°C - 59°C - 59°C - 60°C - 64°C | Throttling: None - None - None - None - None - None - None - None
697 (766359 Gflops/s) - 703 (772956 Gflops/s) - 703 (772956 Gflops/s) - 702 (771857 Gflops/s) - 703 (772956 Gflops/s) - 708 (778454 Gflops/s) - 695 (764160 Gflops/s) - 682 (749866 Gflops/s) | Temperatures: 58°C - 59°C - 65°C - 62°C - 59°C - 59°C - 60°C - 65°C | Throttling: None - None - None - None - None - None - None - None
695 (764160 Gflops/s) - 700 (769658 Gflops/s) - 703 (772956 Gflops/s) - 701 (770757 Gflops/s) - 702 (771857 Gflops/s) - 706 (776255 Gflops/s) - 695 (764160 Gflops/s) - 681 (748767 Gflops/s) | Temperatures: 59°C - 59°C - 66°C - 63°C - 59°C - 60°C - 60°C - 65°C | Throttling: None - None - None - None - None - None - None - None
732 (804842 Gflops/s) - 737 (810340 Gflops/s) - 741 (814738 Gflops/s) - 737 (810340 Gflops/s) - 738 (811439 Gflops/s) - 742 (815837 Gflops/s) - 729 (801543 Gflops/s) - 722 (793847 Gflops/s) | Temperatures: 59°C - 60°C - 66°C - 63°C - 60°C - 60°C - 61°C - 65°C | Throttling: None - None - None - None - None - None - None - None
730 (802643 Gflops/s) - 736 (809240 Gflops/s) - 740 (813638 Gflops/s) - 736 (809240 Gflops/s) - 736 (809240 Gflops/s) - 742 (815837 Gflops/s) - 729 (801543 Gflops/s) - 723 (794946 Gflops/s) | Temperatures: 59°C - 60°C - 66°C - 63°C - 60°C - 60°C - 61°C - 66°C | Throttling: None - None - None - None - None - None - None - None
731 (803742 Gflops/s) - 736 (809240 Gflops/s) - 741 (814738 Gflops/s) - 736 (809240 Gflops/s) - 736 (809240 Gflops/s) - 742 (815837 Gflops/s) - 728 (800444 Gflops/s) - 723 (794946 Gflops/s) | Temperatures: 59°C - 60°C - 67°C - 64°C - 60°C - 61°C - 61°C - 66°C | Throttling: None - None - None - None - None - None - None - None
730 (802643 Gflops/s) - 735 (808141 Gflops/s) - 740 (813638 Gflops/s) - 737 (810340 Gflops/s) - 736 (809240 Gflops/s) - 743 (816937 Gflops/s) - 728 (800444 Gflops/s) - 723 (794946 Gflops/s) | Temperatures: 60°C - 60°C - 67°C - 64°C - 60°C - 61°C - 62°C - 66°C | Throttling: None - None - None - None - None - None - None - None
731 (803742 Gflops/s) - 735 (808141 Gflops/s) - 740 (813638 Gflops/s) - 736 (809240 Gflops/s) - 737 (810340 Gflops/s) - 742 (815837 Gflops/s) - 728 (800444 Gflops/s) - 723 (794946 Gflops/s) | Temperatures: 60°C - 61°C - 67°C - 64°C - 61°C - 61°C - 62°C - 66°C | Throttling: None - None - None - None - None - None - None - None
730 (802643 Gflops/s) - 734 (807041 Gflops/s) - 738 (811439 Gflops/s) - 734 (807041 Gflops/s) - 735 (808141 Gflops/s) - 742 (815837 Gflops/s) - 727 (799344 Gflops/s) - 722 (793847 Gflops/s) | Temperatures: 60°C - 61°C - 67°C - 65°C - 61°C - 61°C - 62°C - 67°C | Throttling: None - None - None - None - None - None - None - None
731 (803742 Gflops/s) - 735 (808141 Gflops/s) - 739 (812539 Gflops/s) - 735 (808141 Gflops/s) - 736 (809240 Gflops/s) - 741 (814738 Gflops/s) - 728 (800444 Gflops/s) - 722 (793847 Gflops/s) | Temperatures: 60°C - 61°C - 68°C - 65°C - 61°C - 62°C - 63°C - 67°C | Throttling: None - None - None - None - None - None - None - None
730 (802643 Gflops/s) - 734 (807041 Gflops/s) - 738 (811439 Gflops/s) - 734 (807041 Gflops/s) - 735 (808141 Gflops/s) - 741 (814738 Gflops/s) - 726 (798245 Gflops/s) - 722 (793847 Gflops/s) | Temperatures: 61°C - 61°C - 68°C - 65°C - 61°C - 62°C - 63°C - 67°C | Throttling: None - None - None - None - None - None - None - None
744 (818036 Gflops/s) - 733 (805942 Gflops/s) - 737 (810340 Gflops/s) - 739 (812539 Gflops/s) - 735 (808141 Gflops/s) - 741 (814738 Gflops/s) - 726 (798245 Gflops/s) - 721 (792747 Gflops/s) | Temperatures: 61°C - 62°C - 68°C - 65°C - 61°C - 62°C - 63°C - 67°C | Throttling: None - None - None - None - None - None - None - None
716 (787250 Gflops/s) - 734 (807041 Gflops/s) - 738 (811439 Gflops/s) - 742 (815837 Gflops/s) - 734 (807041 Gflops/s) - 740 (813638 Gflops/s) - 727 (799344 Gflops/s) - 721 (792747 Gflops/s) | Temperatures: 61°C - 62°C - 68°C - 66°C - 62°C - 62°C - 63°C - 68°C | Throttling: None - None - None - None - None - None - None - None
730 (802643 Gflops/s) - 745 (819136 Gflops/s) - 737 (810340 Gflops/s) - 742 (815837 Gflops/s) - 737 (810340 Gflops/s) - 741 (814738 Gflops/s) - 726 (798245 Gflops/s) - 720 (791648 Gflops/s) | Temperatures: 61°C - 62°C - 69°C - 66°C - 62°C - 62°C - 64°C - 68°C | Throttling: None - None - None - None - None - None - None - None
729 (801543 Gflops/s) - 719 (790548 Gflops/s) - 740 (813638 Gflops/s) - 741 (814738 Gflops/s) - 731 (803742 Gflops/s) - 739 (812539 Gflops/s) - 726 (798245 Gflops/s) - 720 (791648 Gflops/s) | Temperatures: 61°C - 62°C - 69°C - 66°C - 62°C - 63°C - 64°C - 68°C | Throttling: None - None - None - None - None - None - None - None
729 (801543 Gflops/s) - 732 (804842 Gflops/s) - 733 (805942 Gflops/s) - 741 (814738 Gflops/s) - 734 (807041 Gflops/s) - 740 (813638 Gflops/s) - 726 (798245 Gflops/s) - 720 (791648 Gflops/s) | Temperatures: 62°C - 62°C - 69°C - 66°C - 62°C - 63°C - 64°C - 68°C | Throttling: None - None - None - None - None - None - None - None
729 (801543 Gflops/s) - 732 (804842 Gflops/s) - 735 (808141 Gflops/s) - 741 (814738 Gflops/s) - 734 (807041 Gflops/s) - 739 (812539 Gflops/s) - 732 (804842 Gflops/s) - 719 (790548 Gflops/s) | Temperatures: 62°C - 62°C - 69°C - 67°C - 62°C - 63°C - 64°C - 69°C | Throttling: None - None - None - None - None - None - None - None
728 (800444 Gflops/s) - 730 (802643 Gflops/s) - 735 (808141 Gflops/s) - 740 (813638 Gflops/s) - 733 (805942 Gflops/s) - 738 (811439 Gflops/s) - 731 (803742 Gflops/s) - 719 (790548 Gflops/s) | Temperatures: 62°C - 63°C - 70°C - 67°C - 62°C - 63°C - 65°C - 69°C | Throttling: None - None - None - None - None - None - None - None
728 (800444 Gflops/s) - 731 (803742 Gflops/s) - 736 (809240 Gflops/s) - 740 (813638 Gflops/s) - 734 (807041 Gflops/s) - 739 (812539 Gflops/s) - 735 (808141 Gflops/s) - 719 (790548 Gflops/s) | Temperatures: 62°C - 63°C - 70°C - 67°C - 63°C - 63°C - 65°C - 69°C | Throttling: None - None - None - None - None - None - None - None
728 (800444 Gflops/s) - 731 (803742 Gflops/s) - 735 (808141 Gflops/s) - 741 (814738 Gflops/s) - 733 (805942 Gflops/s) - 738 (811439 Gflops/s) - 734 (807041 Gflops/s) - 718 (789449 Gflops/s) | Temperatures: 62°C - 63°C - 70°C - 67°C - 63°C - 63°C - 65°C - 69°C | Throttling: None - None - None - None - None - None - None - None
728 (800444 Gflops/s) - 731 (803742 Gflops/s) - 735 (808141 Gflops/s) - 740 (813638 Gflops/s) - 734 (807041 Gflops/s) - 751 (825733 Gflops/s) - 733 (805942 Gflops/s) - 719 (790548 Gflops/s) | Temperatures: 62°C - 63°C - 70°C - 67°C - 63°C - 64°C - 65°C - 69°C | Throttling: None - None - None - None - None - None - None - None
727 (799344 Gflops/s) - 730 (802643 Gflops/s) - 734 (807041 Gflops/s) - 739 (812539 Gflops/s) - 732 (804842 Gflops/s) - 725 (797145 Gflops/s) - 733 (805942 Gflops/s) - 724 (796046 Gflops/s) | Temperatures: 62°C - 63°C - 70°C - 68°C - 63°C - 64°C - 66°C - 70°C | Throttling: None - None - None - None - None - None - None - None
727 (799344 Gflops/s) - 730 (802643 Gflops/s) - 734 (807041 Gflops/s) - 739 (812539 Gflops/s) - 733 (805942 Gflops/s) - 738 (811439 Gflops/s) - 732 (804842 Gflops/s) - 711 (781752 Gflops/s) | Temperatures: 62°C - 63°C - 70°C - 68°C - 63°C - 64°C - 66°C - 70°C | Throttling: None - None - None - None - None - None - None - None
727 (799344 Gflops/s) - 731 (803742 Gflops/s) - 735 (808141 Gflops/s) - 739 (812539 Gflops/s) - 733 (805942 Gflops/s) - 738 (811439 Gflops/s) - 733 (805942 Gflops/s) - 718 (789449 Gflops/s) | Temperatures: 63°C - 63°C - 70°C - 68°C - 63°C - 64°C - 66°C - 70°C | Throttling: None - None - None - None - None - None - None - None
727 (799344 Gflops/s) - 729 (801543 Gflops/s) - 733 (805942 Gflops/s) - 737 (810340 Gflops/s) - 732 (804842 Gflops/s) - 737 (810340 Gflops/s) - 731 (803742 Gflops/s) - 717 (788349 Gflops/s) | Temperatures: 63°C - 63°C - 71°C - 68°C - 63°C - 64°C - 66°C - 70°C | Throttling: None - None - None - None - None - None - None - None
726 (798245 Gflops/s) - 730 (802643 Gflops/s) - 735 (808141 Gflops/s) - 739 (812539 Gflops/s) - 733 (805942 Gflops/s) - 737 (810340 Gflops/s) - 731 (803742 Gflops/s) - 717 (788349 Gflops/s) | Temperatures: 63°C - 63°C - 71°C - 68°C - 63°C - 64°C - 66°C - 70°C | Throttling: None - None - None - None - None - None - None - None
726 (798245 Gflops/s) - 730 (802643 Gflops/s) - 733 (805942 Gflops/s) - 736 (809240 Gflops/s) - 732 (804842 Gflops/s) - 737 (810340 Gflops/s) - 731 (803742 Gflops/s) - 717 (788349 Gflops/s) | Temperatures: 63°C - 63°C - 71°C - 68°C - 63°C - 64°C - 66°C - 70°C | Throttling: None - None - None - None - None - None - None - None
726 (798245 Gflops/s) - 729 (801543 Gflops/s) - 734 (807041 Gflops/s) - 737 (810340 Gflops/s) - 732 (804842 Gflops/s) - 737 (810340 Gflops/s) - 730 (802643 Gflops/s) - 716 (787250 Gflops/s) | Temperatures: 63°C - 63°C - 71°C - 69°C - 63°C - 64°C - 67°C - 70°C | Throttling: None - None - None - None - None - None - None - None
726 (798245 Gflops/s) - 729 (801543 Gflops/s) - 734 (807041 Gflops/s) - 738 (811439 Gflops/s) - 732 (804842 Gflops/s) - 737 (810340 Gflops/s) - 731 (803742 Gflops/s) - 717 (788349 Gflops/s) | Temperatures: 63°C - 64°C - 71°C - 69°C - 63°C - 64°C - 67°C - 71°C | Throttling: None - None - None - None - None - None - None - None
727 (799344 Gflops/s) - 730 (802643 Gflops/s) - 733 (805942 Gflops/s) - 736 (809240 Gflops/s) - 732 (804842 Gflops/s) - 736 (809240 Gflops/s) - 731 (803742 Gflops/s) - 716 (787250 Gflops/s) | Temperatures: 63°C - 64°C - 71°C - 69°C - 64°C - 64°C - 67°C - 71°C | Throttling: None - None - None - None - None - None - None - None
725 (797145 Gflops/s) - 728 (800444 Gflops/s) - 732 (804842 Gflops/s) - 736 (809240 Gflops/s) - 731 (803742 Gflops/s) - 736 (809240 Gflops/s) - 730 (802643 Gflops/s) - 715 (786150 Gflops/s) | Temperatures: 63°C - 64°C - 71°C - 69°C - 64°C - 65°C - 67°C - 71°C | Throttling: None - None - None - None - None - None - None - None
726 (798245 Gflops/s) - 730 (802643 Gflops/s) - 733 (805942 Gflops/s) - 736 (809240 Gflops/s) - 732 (804842 Gflops/s) - 736 (809240 Gflops/s) - 730 (802643 Gflops/s) - 716 (787250 Gflops/s) | Temperatures: 63°C - 64°C - 72°C - 69°C - 64°C - 65°C - 67°C - 71°C | Throttling: None - None - None - None - None - None - None - None
726 (798245 Gflops/s) - 729 (801543 Gflops/s) - 733 (805942 Gflops/s) - 736 (809240 Gflops/s) - 731 (803742 Gflops/s) - 737 (810340 Gflops/s) - 730 (802643 Gflops/s) - 716 (787250 Gflops/s) | Temperatures: 63°C - 64°C - 72°C - 69°C - 64°C - 65°C - 67°C - 71°C | Throttling: None - None - None - None - None - None - None - None
741 (814738 Gflops/s) - 728 (800444 Gflops/s) - 732 (804842 Gflops/s) - 735 (808141 Gflops/s) - 730 (802643 Gflops/s) - 735 (808141 Gflops/s) - 729 (801543 Gflops/s) - 715 (786150 Gflops/s) | Temperatures: 63°C - 64°C - 72°C - 69°C - 64°C - 65°C - 67°C - 71°C | Throttling: None - None - None - None - None - None - None - None
710 (780653 Gflops/s) - 729 (801543 Gflops/s) - 733 (805942 Gflops/s) - 735 (808141 Gflops/s) - 732 (804842 Gflops/s) - 736 (809240 Gflops/s) - 729 (801543 Gflops/s) - 715 (786150 Gflops/s) | Temperatures: 64°C - 64°C - 72°C - 69°C - 64°C - 65°C - 68°C - 71°C | Throttling: None - None - None - None - None - None - None - None
726 (798245 Gflops/s) - 729 (801543 Gflops/s) - 732 (804842 Gflops/s) - 734 (807041 Gflops/s) - 731 (803742 Gflops/s) - 740 (813638 Gflops/s) - 730 (802643 Gflops/s) - 715 (786150 Gflops/s) | Temperatures: 64°C - 64°C - 72°C - 70°C - 64°C - 65°C - 68°C - 71°C | Throttling: None - None - None - None - None - None - None - None
725 (797145 Gflops/s) - 729 (801543 Gflops/s) - 732 (804842 Gflops/s) - 734 (807041 Gflops/s) - 731 (803742 Gflops/s) - 740 (813638 Gflops/s) - 729 (801543 Gflops/s) - 715 (786150 Gflops/s) | Temperatures: 64°C - 64°C - 72°C - 70°C - 64°C - 65°C - 68°C - 71°C | Throttling: None - None - None - None - None - None - None - None
725 (797145 Gflops/s) - 728 (800444 Gflops/s) - 731 (803742 Gflops/s) - 733 (805942 Gflops/s) - 730 (802643 Gflops/s) - 739 (812539 Gflops/s) - 729 (801543 Gflops/s) - 714 (785051 Gflops/s) | Temperatures: 64°C - 64°C - 72°C - 70°C - 64°C - 65°C - 68°C - 72°C | Throttling: None - None - None - None - None - None - None - None
725 (797145 Gflops/s) - 729 (801543 Gflops/s) - 733 (805942 Gflops/s) - 734 (807041 Gflops/s) - 731 (803742 Gflops/s) - 740 (813638 Gflops/s) - 729 (801543 Gflops/s) - 715 (786150 Gflops/s) | Temperatures: 64°C - 64°C - 72°C - 70°C - 64°C - 65°C - 68°C - 72°C | Throttling: None - None - None - None - None - None - None - None
725 (797145 Gflops/s) - 728 (800444 Gflops/s) - 731 (803742 Gflops/s) - 732 (804842 Gflops/s) - 747 (821335 Gflops/s) - 740 (813638 Gflops/s) - 728 (800444 Gflops/s) - 714 (785051 Gflops/s) | Temperatures: 64°C - 64°C - 72°C - 70°C - 64°C - 65°C - 68°C - 72°C | Throttling: None - None - None - None - None - None - None - None
726 (798245 Gflops/s) - 728 (800444 Gflops/s) - 732 (804842 Gflops/s) - 734 (807041 Gflops/s) - 715 (786150 Gflops/s) - 740 (813638 Gflops/s) - 730 (802643 Gflops/s) - 714 (785051 Gflops/s) | Temperatures: 64°C - 64°C - 73°C - 70°C - 64°C - 65°C - 68°C - 72°C | Throttling: None - None - None - None - None - None - None - None
725 (797145 Gflops/s) - 729 (801543 Gflops/s) - 744 (818036 Gflops/s) - 733 (805942 Gflops/s) - 730 (802643 Gflops/s) - 740 (813638 Gflops/s) - 729 (801543 Gflops/s) - 714 (785051 Gflops/s) | Temperatures: 64°C - 64°C - 73°C - 70°C - 64°C - 65°C - 68°C - 72°C | Throttling: None - None - None - None - None - None - None - None
725 (797145 Gflops/s) - 728 (800444 Gflops/s) - 719 (790548 Gflops/s) - 733 (805942 Gflops/s) - 731 (803742 Gflops/s) - 740 (813638 Gflops/s) - 729 (801543 Gflops/s) - 714 (785051 Gflops/s) | Temperatures: 64°C - 64°C - 73°C - 70°C - 64°C - 65°C - 68°C - 72°C | Throttling: None - None - None - None - None - None - None - None
714 (785051 Gflops/s) - 717 (788349 Gflops/s) - 720 (791648 Gflops/s) - 722 (793847 Gflops/s) - 719 (790548 Gflops/s) - 728 (800444 Gflops/s) - 717 (788349 Gflops/s) - 704 (774056 Gflops/s) | Temperatures: 64°C - 64°C - 73°C - 70°C - 64°C - 65°C - 68°C - 72°C | Throttling: None - None - None - None - None - None - None - None
702 (771857 Gflops/s) - 705 (775155 Gflops/s) - 708 (778454 Gflops/s) - 709 (779553 Gflops/s) - 708 (778454 Gflops/s) - 716 (787250 Gflops/s) - 706 (776255 Gflops/s) - 690 (758663 Gflops/s) | Temperatures: 64°C - 64°C - 73°C - 70°C - 64°C - 65°C - 69°C - 72°C | Throttling: None - None - None - None - None - None - None - None
696 (765260 Gflops/s) - 699 (768558 Gflops/s) - 702 (771857 Gflops/s) - 703 (772956 Gflops/s) - 701 (770757 Gflops/s) - 710 (780653 Gflops/s) - 699 (768558 Gflops/s) - 684 (752065 Gflops/s) | Temperatures: 64°C - 64°C - 73°C - 70°C - 64°C - 65°C - 69°C - 72°C | Throttling: None - None - None - None - None - None - None - None
698 (767459 Gflops/s) - 701 (770757 Gflops/s) - 704 (774056 Gflops/s) - 706 (776255 Gflops/s) - 703 (772956 Gflops/s) - 712 (782852 Gflops/s) - 702 (771857 Gflops/s) - 688 (756463 Gflops/s) | Temperatures: 64°C - 64°C - 73°C - 70°C - 64°C - 65°C - 69°C - 72°C | Throttling: None - None - None - None - None - None - None - None
699 (768558 Gflops/s) - 702 (771857 Gflops/s) - 705 (775155 Gflops/s) - 706 (776255 Gflops/s) - 704 (774056 Gflops/s) - 725 (797145 Gflops/s) - 703 (772956 Gflops/s) - 688 (756463 Gflops/s) | Temperatures: 64°C - 64°C - 73°C - 71°C - 64°C - 65°C - 69°C - 72°C | Throttling: None - None - None - None - None - None - None - None
698 (767459 Gflops/s) - 702 (771857 Gflops/s) - 704 (774056 Gflops/s) - 704 (774056 Gflops/s) - 703 (772956 Gflops/s) - 700 (769658 Gflops/s) - 702 (771857 Gflops/s) - 687 (755364 Gflops/s) | Temperatures: 64°C - 64°C - 73°C - 70°C - 64°C - 65°C - 69°C - 72°C | Throttling: None - None - None - None - None - None - None - None
711 (781752 Gflops/s) - 704 (774056 Gflops/s) - 707 (777354 Gflops/s) - 708 (778454 Gflops/s) - 707 (777354 Gflops/s) - 715 (786150 Gflops/s) - 705 (775155 Gflops/s) - 689 (757563 Gflops/s) | Temperatures: 64°C - 64°C - 73°C - 71°C - 64°C - 65°C - 69°C - 72°C | Throttling: None - None - None - None - None - None - None - None
686 (754264 Gflops/s) - 700 (769658 Gflops/s) - 702 (771857 Gflops/s) - 703 (772956 Gflops/s) - 701 (770757 Gflops/s) - 710 (780653 Gflops/s) - 700 (769658 Gflops/s) - 685 (753165 Gflops/s) | Temperatures: 64°C - 64°C - 73°C - 71°C - 64°C - 65°C - 69°C - 72°C | Throttling: None - None - None - None - None - None - None - None
697 (766359 Gflops/s) - 700 (769658 Gflops/s) - 703 (772956 Gflops/s) - 704 (774056 Gflops/s) - 703 (772956 Gflops/s) - 711 (781752 Gflops/s) - 701 (770757 Gflops/s) - 686 (754264 Gflops/s) | Temperatures: 64°C - 64°C - 73°C - 71°C - 64°C - 65°C - 69°C - 72°C | Throttling: None - None - None - None - None - None - None - None
707 (777354 Gflops/s) - 718 (789449 Gflops/s) - 713 (783951 Gflops/s) - 713 (783951 Gflops/s) - 712 (782852 Gflops/s) - 722 (793847 Gflops/s) - 712 (782852 Gflops/s) - 696 (765260 Gflops/s) | Temperatures: 64°C - 64°C - 73°C - 71°C - 64°C - 65°C - 69°C - 72°C | Throttling: None - None - None - None - None - None - None - None
690 (758663 Gflops/s) - 687 (755364 Gflops/s) - 697 (766359 Gflops/s) - 697 (766359 Gflops/s) - 696 (765260 Gflops/s) - 706 (776255 Gflops/s) - 694 (763061 Gflops/s) - 679 (746568 Gflops/s) | Temperatures: 64°C - 64°C - 73°C - 71°C - 64°C - 65°C - 69°C - 72°C | Throttling: None - None - None - None - None - None - None - None
698 (767459 Gflops/s) - 701 (770757 Gflops/s) - 703 (772956 Gflops/s) - 703 (772956 Gflops/s) - 703 (772956 Gflops/s) - 717 (788349 Gflops/s) - 701 (770757 Gflops/s) - 686 (754264 Gflops/s) | Temperatures: 64°C - 64°C - 73°C - 71°C - 64°C - 65°C - 69°C - 73°C | Throttling: None - None - None - None - None - None - None - None
699 (768558 Gflops/s) - 702 (771857 Gflops/s) - 719 (790548 Gflops/s) - 705 (775155 Gflops/s) - 703 (772956 Gflops/s) - 717 (788349 Gflops/s) - 703 (772956 Gflops/s) - 687 (755364 Gflops/s) | Temperatures: 64°C - 64°C - 73°C - 71°C - 64°C - 65°C - 69°C - 72°C | Throttling: None - None - None - None - None - None - None - None
698 (767459 Gflops/s) - 701 (770757 Gflops/s) - 690 (758663 Gflops/s) - 704 (774056 Gflops/s) - 704 (774056 Gflops/s) - 717 (788349 Gflops/s) - 702 (771857 Gflops/s) - 687 (755364 Gflops/s) | Temperatures: 64°C - 64°C - 73°C - 71°C - 64°C - 65°C - 69°C - 73°C | Throttling: None - None - None - None - None - None - None - None
700 (769658 Gflops/s) - 704 (774056 Gflops/s) - 706 (776255 Gflops/s) - 706 (776255 Gflops/s) - 705 (775155 Gflops/s) - 718 (789449 Gflops/s) - 703 (772956 Gflops/s) - 689 (757563 Gflops/s) | Temperatures: 64°C - 64°C - 73°C - 71°C - 64°C - 65°C - 69°C - 73°C | Throttling: None - None - None - None - None - None - None - None
697 (766359 Gflops/s) - 700 (769658 Gflops/s) - 703 (772956 Gflops/s) - 703 (772956 Gflops/s) - 701 (770757 Gflops/s) - 715 (786150 Gflops/s) - 700 (769658 Gflops/s) - 685 (753165 Gflops/s) | Temperatures: 64°C - 64°C - 73°C - 71°C - 64°C - 65°C - 69°C - 73°C | Throttling: None - None - None - None - None - None - None - None
697 (766359 Gflops/s) - 700 (769658 Gflops/s) - 703 (772956 Gflops/s) - 702 (771857 Gflops/s) - 703 (772956 Gflops/s) - 715 (786150 Gflops/s) - 701 (770757 Gflops/s) - 686 (754264 Gflops/s) | Temperatures: 64°C - 64°C - 73°C - 71°C - 64°C - 65°C - 69°C - 73°C | Throttling: None - None - None - None - None - None - None - None
707 (777354 Gflops/s) - 710 (780653 Gflops/s) - 713 (783951 Gflops/s) - 713 (783951 Gflops/s) - 711 (781752 Gflops/s) - 726 (798245 Gflops/s) - 710 (780653 Gflops/s) - 695 (764160 Gflops/s) | Temperatures: 64°C - 64°C - 73°C - 71°C - 64°C - 65°C - 69°C - 73°C | Throttling: None - None - None - None - None - None - None - None
706 (776255 Gflops/s) - 693 (761961 Gflops/s) - 696 (765260 Gflops/s) - 696 (765260 Gflops/s) - 696 (765260 Gflops/s) - 708 (778454 Gflops/s) - 694 (763061 Gflops/s) - 678 (745468 Gflops/s) | Temperatures: 64°C - 64°C - 73°C - 71°C - 64°C - 65°C - 69°C - 73°C | Throttling: None - None - None - None - None - None - None - None
681 (748767 Gflops/s) - 701 (770757 Gflops/s) - 704 (774056 Gflops/s) - 704 (774056 Gflops/s) - 703 (772956 Gflops/s) - 716 (787250 Gflops/s) - 701 (770757 Gflops/s) - 686 (754264 Gflops/s) | Temperatures: 64°C - 64°C - 73°C - 71°C - 64°C - 65°C - 70°C - 73°C | Throttling: None - None - None - None - None - None - None - None
699 (768558 Gflops/s) - 703 (772956 Gflops/s) - 705 (775155 Gflops/s) - 704 (774056 Gflops/s) - 704 (774056 Gflops/s) - 717 (788349 Gflops/s) - 703 (772956 Gflops/s) - 687 (755364 Gflops/s) | Temperatures: 64°C - 64°C - 73°C - 71°C - 64°C - 65°C - 70°C - 73°C | Throttling: None - None - None - None - None - None - None - None
698 (767459 Gflops/s) - 700 (769658 Gflops/s) - 703 (772956 Gflops/s) - 703 (772956 Gflops/s) - 702 (771857 Gflops/s) - 715 (786150 Gflops/s) - 700 (769658 Gflops/s) - 686 (754264 Gflops/s) | Temperatures: 64°C - 64°C - 73°C - 71°C - 64°C - 65°C - 70°C - 73°C | Throttling: None - None - None - None - None - None - None - None
701 (770757 Gflops/s) - 705 (775155 Gflops/s) - 707 (777354 Gflops/s) - 705 (775155 Gflops/s) - 706 (776255 Gflops/s) - 720 (791648 Gflops/s) - 705 (775155 Gflops/s) - 689 (757563 Gflops/s) | Temperatures: 64°C - 64°C - 73°C - 71°C - 64°C - 65°C - 70°C - 73°C | Throttling: None - None - None - None - None - None - None - None
697 (766359 Gflops/s) - 700 (769658 Gflops/s) - 704 (774056 Gflops/s) - 703 (772956 Gflops/s) - 702 (771857 Gflops/s) - 715 (786150 Gflops/s) - 700 (769658 Gflops/s) - 685 (753165 Gflops/s) | Temperatures: 64°C - 64°C - 74°C - 71°C - 64°C - 65°C - 70°C - 73°C | Throttling: None - None - None - None - None - None - None - None
722 (793847 Gflops/s) - 725 (797145 Gflops/s) - 728 (800444 Gflops/s) - 727 (799344 Gflops/s) - 736 (809240 Gflops/s) - 740 (813638 Gflops/s) - 725 (797145 Gflops/s) - 709 (779553 Gflops/s) | Temperatures: 64°C - 64°C - 74°C - 71°C - 64°C - 65°C - 70°C - 73°C | Throttling: None - None - None - None - None - None - None - None
720 (791648 Gflops/s) - 724 (796046 Gflops/s) - 727 (799344 Gflops/s) - 726 (798245 Gflops/s) - 717 (788349 Gflops/s) - 740 (813638 Gflops/s) - 723 (794946 Gflops/s) - 708 (778454 Gflops/s) | Temperatures: 64°C - 64°C - 74°C - 71°C - 64°C - 65°C - 70°C - 73°C | Throttling: None - None - None - None - None - None - None - None
721 (792747 Gflops/s) - 725 (797145 Gflops/s) - 727 (799344 Gflops/s) - 727 (799344 Gflops/s) - 727 (799344 Gflops/s) - 740 (813638 Gflops/s) - 725 (797145 Gflops/s) - 709 (779553 Gflops/s) | Temperatures: 64°C - 64°C - 74°C - 71°C - 64°C - 66°C - 70°C - 73°C | Throttling: None - None - None - None - None - None - None - None
722 (793847 Gflops/s) - 725 (797145 Gflops/s) - 728 (800444 Gflops/s) - 727 (799344 Gflops/s) - 726 (798245 Gflops/s) - 740 (813638 Gflops/s) - 725 (797145 Gflops/s) - 709 (779553 Gflops/s) | Temperatures: 64°C - 64°C - 74°C - 71°C - 64°C - 66°C - 70°C - 73°C | Throttling: None - None - None - None - None - None - None - None
720 (791648 Gflops/s) - 724 (796046 Gflops/s) - 727 (799344 Gflops/s) - 725 (797145 Gflops/s) - 726 (798245 Gflops/s) - 740 (813638 Gflops/s) - 724 (796046 Gflops/s) - 708 (778454 Gflops/s) | Temperatures: 64°C - 64°C - 74°C - 71°C - 64°C - 65°C - 70°C - 73°C | Throttling: None - None - None - None - None - None - None - None
722 (793847 Gflops/s) - 725 (797145 Gflops/s) - 727 (799344 Gflops/s) - 727 (799344 Gflops/s) - 726 (798245 Gflops/s) - 740 (813638 Gflops/s) - 724 (796046 Gflops/s) - 708 (778454 Gflops/s) | Temperatures: 64°C - 64°C - 74°C - 71°C - 64°C - 66°C - 70°C - 73°C | Throttling: None - None - None - None - None - None - None - None
721 (792747 Gflops/s) - 725 (797145 Gflops/s) - 728 (800444 Gflops/s) - 727 (799344 Gflops/s) - 727 (799344 Gflops/s) - 740 (813638 Gflops/s) - 725 (797145 Gflops/s) - 709 (779553 Gflops/s) | Temperatures: 64°C - 64°C - 74°C - 71°C - 64°C - 66°C - 70°C - 73°C | Throttling: None - None - None - None - None - None - None - None
721 (792747 Gflops/s) - 723 (794946 Gflops/s) - 726 (798245 Gflops/s) - 725 (797145 Gflops/s) - 725 (797145 Gflops/s) - 739 (812539 Gflops/s) - 724 (796046 Gflops/s) - 708 (778454 Gflops/s) | Temperatures: 64°C - 64°C - 74°C - 71°C - 64°C - 66°C - 70°C - 73°C | Throttling: None - None - None - None - None - None - None - None
720 (791648 Gflops/s) - 725 (797145 Gflops/s) - 728 (800444 Gflops/s) - 727 (799344 Gflops/s) - 726 (798245 Gflops/s) - 740 (813638 Gflops/s) - 724 (796046 Gflops/s) - 708 (778454 Gflops/s) | Temperatures: 64°C - 64°C - 74°C - 71°C - 64°C - 66°C - 70°C - 73°C | Throttling: None - None - None - None - None - None - None - None
722 (793847 Gflops/s) - 726 (798245 Gflops/s) - 727 (799344 Gflops/s) - 726 (798245 Gflops/s) - 726 (798245 Gflops/s) - 740 (813638 Gflops/s) - 725 (797145 Gflops/s) - 709 (779553 Gflops/s) | Temperatures: 64°C - 64°C - 74°C - 71°C - 64°C - 66°C - 70°C - 73°C | Throttling: None - None - None - None - None - None - None - None
720 (791648 Gflops/s) - 729 (801543 Gflops/s) - 727 (799344 Gflops/s) - 726 (798245 Gflops/s) - 726 (798245 Gflops/s) - 740 (813638 Gflops/s) - 724 (796046 Gflops/s) - 708 (778454 Gflops/s) | Temperatures: 64°C - 65°C - 74°C - 71°C - 64°C - 66°C - 70°C - 73°C | Throttling: None - None - None - None - None - None - None - None
721 (792747 Gflops/s) - 730 (802643 Gflops/s) - 728 (800444 Gflops/s) - 726 (798245 Gflops/s) - 726 (798245 Gflops/s) - 740 (813638 Gflops/s) - 725 (797145 Gflops/s) - 708 (778454 Gflops/s) | Temperatures: 64°C - 65°C - 74°C - 71°C - 64°C - 66°C - 70°C - 73°C | Throttling: None - None - None - None - None - None - None - None
719 (790548 Gflops/s) - 729 (801543 Gflops/s) - 725 (797145 Gflops/s) - 724 (796046 Gflops/s) - 724 (796046 Gflops/s) - 738 (811439 Gflops/s) - 722 (793847 Gflops/s) - 707 (777354 Gflops/s) | Temperatures: 64°C - 65°C - 74°C - 71°C - 64°C - 66°C - 70°C - 73°C | Throttling: None - None - None - None - None - None - None - None
679 (746568 Gflops/s) - 686 (754264 Gflops/s) - 685 (753165 Gflops/s) - 684 (752065 Gflops/s) - 684 (752065 Gflops/s) - 696 (765260 Gflops/s) - 682 (749866 Gflops/s) - 667 (733374 Gflops/s) | Temperatures: 64°C - 65°C - 74°C - 71°C - 64°C - 66°C - 70°C - 73°C | Throttling: None - None - None - None - None - None - None - None
686 (754264 Gflops/s) - 695 (764160 Gflops/s) - 693 (761961 Gflops/s) - 692 (760862 Gflops/s) - 691 (759762 Gflops/s) - 705 (775155 Gflops/s) - 690 (758663 Gflops/s) - 674 (741070 Gflops/s) | Temperatures: 64°C - 64°C - 74°C - 71°C - 64°C - 66°C - 70°C - 73°C | Throttling: None - None - None - None - None - None - None - None
676 (743269 Gflops/s) - 685 (753165 Gflops/s) - 682 (749866 Gflops/s) - 682 (749866 Gflops/s) - 681 (748767 Gflops/s) - 694 (763061 Gflops/s) - 679 (746568 Gflops/s) - 665 (731175 Gflops/s) | Temperatures: 64°C - 65°C - 74°C - 72°C - 64°C - 66°C - 70°C - 73°C | Throttling: None - None - None - None - None - None - None - None
679 (746568 Gflops/s) - 686 (754264 Gflops/s) - 685 (753165 Gflops/s) - 683 (750966 Gflops/s) - 683 (750966 Gflops/s) - 696 (765260 Gflops/s) - 681 (748767 Gflops/s) - 667 (733374 Gflops/s) | Temperatures: 64°C - 64°C - 74°C - 72°C - 64°C - 66°C - 70°C - 73°C | Throttling: None - None - None - None - None - None - None - None
696 (765260 Gflops/s) - 705 (775155 Gflops/s) - 702 (771857 Gflops/s) - 700 (769658 Gflops/s) - 701 (770757 Gflops/s) - 714 (785051 Gflops/s) - 699 (768558 Gflops/s) - 683 (750966 Gflops/s) | Temperatures: 64°C - 65°C - 74°C - 72°C - 64°C - 66°C - 70°C - 73°C | Throttling: None - None - None - None - None - None - None - None
666 (732274 Gflops/s) - 675 (742170 Gflops/s) - 672 (738871 Gflops/s) - 671 (737772 Gflops/s) - 671 (737772 Gflops/s) - 684 (752065 Gflops/s) - 669 (735573 Gflops/s) - 655 (720180 Gflops/s) | Temperatures: 64°C - 64°C - 74°C - 72°C - 64°C - 66°C - 70°C - 73°C | Throttling: None - None - None - None - None - None - None - None
679 (746568 Gflops/s) - 688 (756463 Gflops/s) - 686 (754264 Gflops/s) - 685 (753165 Gflops/s) - 685 (753165 Gflops/s) - 698 (767459 Gflops/s) - 682 (749866 Gflops/s) - 668 (734473 Gflops/s) | Temperatures: 64°C - 65°C - 74°C - 72°C - 64°C - 66°C - 70°C - 73°C | Throttling: None - None - None - None - None - None - None - None
682 (749866 Gflops/s) - 689 (757563 Gflops/s) - 688 (756463 Gflops/s) - 687 (755364 Gflops/s) - 686 (754264 Gflops/s) - 699 (768558 Gflops/s) - 684 (752065 Gflops/s) - 669 (735573 Gflops/s) | Temperatures: 64°C - 65°C - 74°C - 72°C - 64°C - 66°C - 70°C - 73°C | Throttling: None - None - None - None - None - None - None - None
679 (746568 Gflops/s) - 687 (755364 Gflops/s) - 685 (753165 Gflops/s) - 683 (750966 Gflops/s) - 685 (753165 Gflops/s) - 698 (767459 Gflops/s) - 682 (749866 Gflops/s) - 668 (734473 Gflops/s) | Temperatures: 64°C - 65°C - 74°C - 72°C - 64°C - 66°C - 70°C - 73°C | Throttling: None - None - None - None - None - None - None - None
680 (747667 Gflops/s) - 689 (757563 Gflops/s) - 686 (754264 Gflops/s) - 686 (754264 Gflops/s) - 685 (753165 Gflops/s) - 698 (767459 Gflops/s) - 683 (750966 Gflops/s) - 668 (734473 Gflops/s) | Temperatures: 64°C - 65°C - 74°C - 72°C - 64°C - 66°C - 70°C - 73°C | Throttling: None - None - None - None - None - None - None - None
683 (750966 Gflops/s) - 690 (758663 Gflops/s) - 689 (757563 Gflops/s) - 686 (754264 Gflops/s) - 687 (755364 Gflops/s) - 701 (770757 Gflops/s) - 685 (753165 Gflops/s) - 670 (736672 Gflops/s) | Temperatures: 64°C - 65°C - 74°C - 72°C - 64°C - 66°C - 70°C - 73°C | Throttling: None - None - None - None - None - None - None - None
678 (745468 Gflops/s) - 687 (755364 Gflops/s) - 685 (753165 Gflops/s) - 683 (750966 Gflops/s) - 684 (752065 Gflops/s) - 696 (765260 Gflops/s) - 682 (749866 Gflops/s) - 683 (750966 Gflops/s) | Temperatures: 64°C - 65°C - 74°C - 72°C - 64°C - 66°C - 70°C - 73°C | Throttling: None - None - None - None - None - None - None - None
697 (766359 Gflops/s) - 705 (775155 Gflops/s) - 703 (772956 Gflops/s) - 701 (770757 Gflops/s) - 701 (770757 Gflops/s) - 715 (786150 Gflops/s) - 699 (768558 Gflops/s) - 668 (734473 Gflops/s) | Temperatures: 64°C - 65°C - 74°C - 72°C - 64°C - 66°C - 70°C - 73°C | Throttling: None - None - None - None - None - None - None - None
665 (731175 Gflops/s) - 673 (739971 Gflops/s) - 671 (737772 Gflops/s) - 670 (736672 Gflops/s) - 671 (737772 Gflops/s) - 684 (752065 Gflops/s) - 668 (734473 Gflops/s) - 654 (719080 Gflops/s) | Temperatures: 64°C - 65°C - 74°C - 72°C - 64°C - 66°C - 71°C - 73°C | Throttling: None - None - None - None - None - None - None - None
680 (747667 Gflops/s) - 689 (757563 Gflops/s) - 686 (754264 Gflops/s) - 684 (752065 Gflops/s) - 685 (753165 Gflops/s) - 698 (767459 Gflops/s) - 683 (750966 Gflops/s) - 668 (734473 Gflops/s) | Temperatures: 64°C - 65°C - 74°C - 72°C - 64°C - 66°C - 71°C - 73°C | Throttling: None - None - None - None - None - None - None - None
681 (748767 Gflops/s) - 689 (757563 Gflops/s) - 687 (755364 Gflops/s) - 685 (753165 Gflops/s) - 686 (754264 Gflops/s) - 699 (768558 Gflops/s) - 683 (750966 Gflops/s) - 669 (735573 Gflops/s) | Temperatures: 64°C - 65°C - 74°C - 72°C - 64°C - 66°C - 70°C - 73°C | Throttling: None - None - None - None - None - None - None - None
679 (746568 Gflops/s) - 688 (756463 Gflops/s) - 686 (754264 Gflops/s) - 684 (752065 Gflops/s) - 684 (752065 Gflops/s) - 697 (766359 Gflops/s) - 682 (749866 Gflops/s) - 668 (734473 Gflops/s) | Temperatures: 64°C - 65°C - 74°C - 72°C - 64°C - 66°C - 71°C - 73°C | Throttling: None - None - None - None - None - None - None - None
690 (758663 Gflops/s) - 699 (768558 Gflops/s) - 696 (765260 Gflops/s) - 694 (763061 Gflops/s) - 695 (764160 Gflops/s) - 709 (779553 Gflops/s) - 692 (760862 Gflops/s) - 678 (745468 Gflops/s) | Temperatures: 64°C - 65°C - 74°C - 72°C - 64°C - 66°C - 70°C - 74°C | Throttling: None - None - None - None - None - None - None - None
672 (738871 Gflops/s) - 681 (748767 Gflops/s) - 680 (747667 Gflops/s) - 676 (743269 Gflops/s) - 677 (744369 Gflops/s) - 690 (758663 Gflops/s) - 675 (742170 Gflops/s) - 660 (725677 Gflops/s) | Temperatures: 64°C - 65°C - 74°C - 72°C - 64°C - 66°C - 71°C - 74°C | Throttling: None - None - None - None - None - None - None - None
679 (746568 Gflops/s) - 686 (754264 Gflops/s) - 686 (754264 Gflops/s) - 683 (750966 Gflops/s) - 684 (752065 Gflops/s) - 696 (765260 Gflops/s) - 684 (752065 Gflops/s) - 669 (735573 Gflops/s) | Temperatures: 64°C - 65°C - 74°C - 72°C - 64°C - 66°C - 71°C - 74°C | Throttling: None - None - None - None - None - None - None - None
695 (764160 Gflops/s) - 705 (775155 Gflops/s) - 704 (774056 Gflops/s) - 701 (770757 Gflops/s) - 701 (770757 Gflops/s) - 714 (785051 Gflops/s) - 695 (764160 Gflops/s) - 682 (749866 Gflops/s) | Temperatures: 64°C - 65°C - 74°C - 72°C - 64°C - 66°C - 71°C - 74°C | Throttling: None - None - None - None - None - None - None - None
666 (732274 Gflops/s) - 673 (739971 Gflops/s) - 673 (739971 Gflops/s) - 669 (735573 Gflops/s) - 670 (736672 Gflops/s) - 683 (750966 Gflops/s) - 668 (734473 Gflops/s) - 654 (719080 Gflops/s) | Temperatures: 64°C - 65°C - 74°C - 72°C - 64°C - 66°C - 71°C - 74°C | Throttling: None - None - None - None - None - None - None - None
680 (747667 Gflops/s) - 689 (757563 Gflops/s) - 687 (755364 Gflops/s) - 685 (753165 Gflops/s) - 685 (753165 Gflops/s) - 698 (767459 Gflops/s) - 683 (750966 Gflops/s) - 668 (734473 Gflops/s) | Temperatures: 64°C - 65°C - 74°C - 72°C - 65°C - 66°C - 71°C - 74°C | Throttling: None - None - None - None - None - None - None - None
681 (748767 Gflops/s) - 689 (757563 Gflops/s) - 690 (758663 Gflops/s) - 685 (753165 Gflops/s) - 687 (755364 Gflops/s) - 700 (769658 Gflops/s) - 683 (750966 Gflops/s) - 669 (735573 Gflops/s) | Temperatures: 64°C - 65°C - 74°C - 72°C - 65°C - 66°C - 71°C - 74°C | Throttling: None - None - None - None - None - None - None - None
679 (746568 Gflops/s) - 689 (757563 Gflops/s) - 686 (754264 Gflops/s) - 684 (752065 Gflops/s) - 684 (752065 Gflops/s) - 697 (766359 Gflops/s) - 682 (749866 Gflops/s) - 667 (733374 Gflops/s) | Temperatures: 65°C - 65°C - 74°C - 72°C - 64°C - 66°C - 71°C - 74°C | Throttling: None - None - None - None - None - None - None - None
690 (758663 Gflops/s) - 699 (768558 Gflops/s) - 698 (767459 Gflops/s) - 695 (764160 Gflops/s) - 695 (764160 Gflops/s) - 708 (778454 Gflops/s) - 693 (761961 Gflops/s) - 678 (745468 Gflops/s) | Temperatures: 65°C - 65°C - 74°C - 72°C - 64°C - 66°C - 71°C - 74°C | Throttling: None - None - None - None - None - None - None - None
672 (738871 Gflops/s) - 681 (748767 Gflops/s) - 680 (747667 Gflops/s) - 677 (744369 Gflops/s) - 677 (744369 Gflops/s) - 691 (759762 Gflops/s) - 674 (741070 Gflops/s) - 660 (725677 Gflops/s) | Temperatures: 64°C - 65°C - 74°C - 72°C - 65°C - 66°C - 71°C - 74°C | Throttling: None - None - None - None - None - None - None - None
681 (748767 Gflops/s) - 688 (756463 Gflops/s) - 688 (756463 Gflops/s) - 684 (752065 Gflops/s) - 685 (753165 Gflops/s) - 699 (768558 Gflops/s) - 683 (750966 Gflops/s) - 669 (735573 Gflops/s) | Temperatures: 64°C - 65°C - 74°C - 72°C - 64°C - 66°C - 71°C - 74°C | Throttling: None - None - None - None - None - None - None - None
700 (769658 Gflops/s) - 709 (779553 Gflops/s) - 709 (779553 Gflops/s) - 705 (775155 Gflops/s) - 706 (776255 Gflops/s) - 719 (790548 Gflops/s) - 703 (772956 Gflops/s) - 688 (756463 Gflops/s) | Temperatures: 64°C - 65°C - 74°C - 72°C - 65°C - 66°C - 71°C - 74°C | Throttling: None - None - None - None - None - None - None - None
678 (745468 Gflops/s) - 687 (755364 Gflops/s) - 686 (754264 Gflops/s) - 683 (750966 Gflops/s) - 683 (750966 Gflops/s) - 696 (765260 Gflops/s) - 694 (763061 Gflops/s) - 666 (732274 Gflops/s) | Temperatures: 64°C - 65°C - 74°C - 72°C - 64°C - 66°C - 71°C - 74°C | Throttling: None - None - None - None - None - None - None - None
690 (758663 Gflops/s) - 696 (765260 Gflops/s) - 696 (765260 Gflops/s) - 693 (761961 Gflops/s) - 694 (763061 Gflops/s) - 708 (778454 Gflops/s) - 678 (745468 Gflops/s) - 677 (744369 Gflops/s) | Temperatures: 65°C - 65°C - 74°C - 72°C - 64°C - 66°C - 71°C - 74°C | Throttling: None - None - None - None - None - None - None - None
689 (757563 Gflops/s) - 700 (769658 Gflops/s) - 698 (767459 Gflops/s) - 694 (763061 Gflops/s) - 695 (764160 Gflops/s) - 708 (778454 Gflops/s) - 692 (760862 Gflops/s) - 678 (745468 Gflops/s) | Temperatures: 65°C - 65°C - 74°C - 72°C - 65°C - 66°C - 71°C - 74°C | Throttling: None - None - None - None - None - None - None - None
689 (757563 Gflops/s) - 696 (765260 Gflops/s) - 696 (765260 Gflops/s) - 693 (761961 Gflops/s) - 694 (763061 Gflops/s) - 707 (777354 Gflops/s) - 691 (759762 Gflops/s) - 676 (743269 Gflops/s) | Temperatures: 64°C - 65°C - 74°C - 72°C - 65°C - 66°C - 71°C - 74°C | Throttling: None - None - None - None - None - None - None - None
695 (764160 Gflops/s) - 704 (774056 Gflops/s) - 702 (771857 Gflops/s) - 699 (768558 Gflops/s) - 700 (769658 Gflops/s) - 713 (783951 Gflops/s) - 697 (766359 Gflops/s) - 683 (750966 Gflops/s) | Temperatures: 64°C - 65°C - 74°C - 72°C - 65°C - 66°C - 71°C - 74°C | Throttling: None - None - None - None - None - None - None - None
684 (752065 Gflops/s) - 693 (761961 Gflops/s) - 693 (761961 Gflops/s) - 689 (757563 Gflops/s) - 702 (771857 Gflops/s) - 703 (772956 Gflops/s) - 687 (755364 Gflops/s) - 677 (744369 Gflops/s) | Temperatures: 65°C - 65°C - 74°C - 72°C - 65°C - 66°C - 71°C - 74°C | Throttling: None - None - None - None - None - None - None - None
688 (756463 Gflops/s) - 697 (766359 Gflops/s) - 695 (764160 Gflops/s) - 692 (760862 Gflops/s) - 681 (748767 Gflops/s) - 707 (777354 Gflops/s) - 690 (758663 Gflops/s) - 679 (746568 Gflops/s) | Temperatures: 64°C - 65°C - 74°C - 72°C - 65°C - 66°C - 71°C - 74°C | Throttling: None - None - None - None - None - None - None - None
701 (770757 Gflops/s) - 709 (779553 Gflops/s) - 708 (778454 Gflops/s) - 706 (776255 Gflops/s) - 706 (776255 Gflops/s) - 720 (791648 Gflops/s) - 703 (772956 Gflops/s) - 692 (760862 Gflops/s) | Temperatures: 64°C - 65°C - 74°C - 72°C - 64°C - 66°C - 71°C - 74°C | Throttling: None - None - None - None - None - None - None - None
678 (745468 Gflops/s) - 686 (754264 Gflops/s) - 685 (753165 Gflops/s) - 682 (749866 Gflops/s) - 683 (750966 Gflops/s) - 696 (765260 Gflops/s) - 680 (747667 Gflops/s) - 670 (736672 Gflops/s) | Temperatures: 64°C - 65°C - 74°C - 72°C - 65°C - 66°C - 71°C - 74°C | Throttling: None - None - None - None - None - None - None - None
690 (758663 Gflops/s) - 699 (768558 Gflops/s) - 697 (766359 Gflops/s) - 693 (761961 Gflops/s) - 694 (763061 Gflops/s) - 707 (777354 Gflops/s) - 691 (759762 Gflops/s) - 681 (748767 Gflops/s) | Temperatures: 64°C - 65°C - 74°C - 72°C - 65°C - 66°C - 71°C - 74°C | Throttling: None - None - None - None - None - None - None - None
688 (756463 Gflops/s) - 697 (766359 Gflops/s) - 696 (765260 Gflops/s) - 693 (761961 Gflops/s) - 694 (763061 Gflops/s) - 707 (777354 Gflops/s) - 691 (759762 Gflops/s) - 680 (747667 Gflops/s) | Temperatures: 65°C - 65°C - 74°C - 72°C - 65°C - 66°C - 71°C - 74°C | Throttling: None - None - None - None - None - None - None - None
689 (757563 Gflops/s) - 697 (766359 Gflops/s) - 696 (765260 Gflops/s) - 694 (763061 Gflops/s) - 694 (763061 Gflops/s) - 708 (778454 Gflops/s) - 691 (759762 Gflops/s) - 681 (748767 Gflops/s) | Temperatures: 65°C - 65°C - 74°C - 72°C - 65°C - 66°C - 71°C - 74°C | Throttling: None - None - None - None - None - None - None - None
689 (757563 Gflops/s) - 698 (767459 Gflops/s) - 697 (766359 Gflops/s) - 693 (761961 Gflops/s) - 695 (764160 Gflops/s) - 707 (777354 Gflops/s) - 691 (759762 Gflops/s) - 681 (748767 Gflops/s) | Temperatures: 64°C - 65°C - 74°C - 72°C - 64°C - 66°C - 71°C - 74°C | Throttling: None - None - None - None - None - None - None - None
691 (759762 Gflops/s) - 699 (768558 Gflops/s) - 698 (767459 Gflops/s) - 695 (764160 Gflops/s) - 695 (764160 Gflops/s) - 709 (779553 Gflops/s) - 693 (761961 Gflops/s) - 682 (749866 Gflops/s) | Temperatures: 64°C - 65°C - 75°C - 72°C - 65°C - 66°C - 71°C - 74°C | Throttling: None - None - None - None - None - None - None - None
688 (756463 Gflops/s) - 696 (765260 Gflops/s) - 696 (765260 Gflops/s) - 692 (760862 Gflops/s) - 694 (763061 Gflops/s) - 708 (778454 Gflops/s) - 691 (759762 Gflops/s) - 680 (747667 Gflops/s) | Temperatures: 65°C - 65°C - 75°C - 72°C - 65°C - 66°C - 71°C - 74°C | Throttling: None - None - None - None - None - None - None - None
701 (770757 Gflops/s) - 709 (779553 Gflops/s) - 708 (778454 Gflops/s) - 705 (775155 Gflops/s) - 706 (776255 Gflops/s) - 719 (790548 Gflops/s) - 702 (771857 Gflops/s) - 692 (760862 Gflops/s) | Temperatures: 65°C - 65°C - 74°C - 72°C - 65°C - 66°C - 71°C - 74°C | Throttling: None - None - None - None - None - None - None - None
679 (746568 Gflops/s) - 687 (755364 Gflops/s) - 685 (753165 Gflops/s) - 683 (750966 Gflops/s) - 683 (750966 Gflops/s) - 696 (765260 Gflops/s) - 680 (747667 Gflops/s) - 670 (736672 Gflops/s) | Temperatures: 65°C - 65°C - 75°C - 72°C - 65°C - 66°C - 71°C - 74°C | Throttling: None - None - None - None - None - None - None - None
688 (756463 Gflops/s) - 697 (766359 Gflops/s) - 696 (765260 Gflops/s) - 693 (761961 Gflops/s) - 693 (761961 Gflops/s) - 707 (777354 Gflops/s) - 691 (759762 Gflops/s) - 679 (746568 Gflops/s) | Temperatures: 64°C - 65°C - 75°C - 72°C - 65°C - 66°C - 71°C - 74°C | Throttling: None - None - None - None - None - None - None - None
690 (758663 Gflops/s) - 698 (767459 Gflops/s) - 698 (767459 Gflops/s) - 695 (764160 Gflops/s) - 696 (765260 Gflops/s) - 709 (779553 Gflops/s) - 692 (760862 Gflops/s) - 682 (749866 Gflops/s) | Temperatures: 65°C - 65°C - 75°C - 72°C - 65°C - 66°C - 71°C - 74°C | Throttling: None - None - None - None - None - None - None - None
688 (756463 Gflops/s) - 696 (765260 Gflops/s) - 695 (764160 Gflops/s) - 692 (760862 Gflops/s) - 693 (761961 Gflops/s) - 707 (777354 Gflops/s) - 691 (759762 Gflops/s) - 679 (746568 Gflops/s) | Temperatures: 65°C - 65°C - 75°C - 72°C - 65°C - 66°C - 71°C - 74°C | Throttling: None - None - None - None - None - None - None - None
695 (764160 Gflops/s) - 703 (772956 Gflops/s) - 702 (771857 Gflops/s) - 700 (769658 Gflops/s) - 700 (769658 Gflops/s) - 713 (783951 Gflops/s) - 696 (765260 Gflops/s) - 687 (755364 Gflops/s) | Temperatures: 65°C - 65°C - 75°C - 72°C - 65°C - 66°C - 71°C - 74°C | Throttling: None - None - None - None - None - None - None - None
684 (752065 Gflops/s) - 693 (761961 Gflops/s) - 692 (760862 Gflops/s) - 688 (756463 Gflops/s) - 690 (758663 Gflops/s) - 703 (772956 Gflops/s) - 687 (755364 Gflops/s) - 676 (743269 Gflops/s) | Temperatures: 65°C - 65°C - 75°C - 72°C - 65°C - 66°C - 71°C - 74°C | Throttling: None - None - None - None - None - None - None - None
696 (765260 Gflops/s) - 704 (774056 Gflops/s) - 704 (774056 Gflops/s) - 701 (770757 Gflops/s) - 701 (770757 Gflops/s) - 715 (786150 Gflops/s) - 698 (767459 Gflops/s) - 687 (755364 Gflops/s) | Temperatures: 65°C - 65°C - 75°C - 72°C - 65°C - 66°C - 71°C - 74°C | Throttling: None - None - None - None - None - None - None - None
784 (862017 Gflops/s) - 793 (871912 Gflops/s) - 792 (870813 Gflops/s) - 789 (867514 Gflops/s) - 790 (868614 Gflops/s) - 805 (885106 Gflops/s) - 799 (878509 Gflops/s) - 774 (851021 Gflops/s) | Temperatures: 64°C - 65°C - 75°C - 72°C - 65°C - 66°C - 71°C - 74°C | Throttling: None - None - None - None - None - None - None - None
785 (863116 Gflops/s) - 795 (874111 Gflops/s) - 794 (873012 Gflops/s) - 790 (868614 Gflops/s) - 790 (868614 Gflops/s) - 806 (886206 Gflops/s) - 775 (852121 Gflops/s) - 775 (852121 Gflops/s) | Temperatures: 65°C - 65°C - 75°C - 72°C - 65°C - 65°C - 71°C - 74°C | Throttling: None - None - None - None - None - None - None - None
784 (862017 Gflops/s) - 793 (871912 Gflops/s) - 793 (871912 Gflops/s) - 789 (867514 Gflops/s) - 790 (868614 Gflops/s) - 806 (886206 Gflops/s) - 787 (865315 Gflops/s) - 775 (852121 Gflops/s) | Temperatures: 65°C - 65°C - 75°C - 72°C - 65°C - 65°C - 71°C - 74°C | Throttling: None - None - None - None - None - None - None - None
784 (862017 Gflops/s) - 793 (871912 Gflops/s) - 792 (870813 Gflops/s) - 790 (868614 Gflops/s) - 790 (868614 Gflops/s) - 805 (885106 Gflops/s) - 786 (864216 Gflops/s) - 774 (851021 Gflops/s) | Temperatures: 64°C - 65°C - 75°C - 72°C - 65°C - 65°C - 71°C - 74°C | Throttling: None - None - None - None - None - None - None - None
784 (862017 Gflops/s) - 794 (873012 Gflops/s) - 792 (870813 Gflops/s) - 789 (867514 Gflops/s) - 790 (868614 Gflops/s) - 805 (885106 Gflops/s) - 787 (865315 Gflops/s) - 774 (851021 Gflops/s) | Temperatures: 64°C - 65°C - 75°C - 72°C - 65°C - 65°C - 71°C - 74°C | Throttling: None - None - None - None - None - None - None - None
784 (862017 Gflops/s) - 793 (871912 Gflops/s) - 795 (874111 Gflops/s) - 789 (867514 Gflops/s) - 790 (868614 Gflops/s) - 806 (886206 Gflops/s) - 786 (864216 Gflops/s) - 775 (852121 Gflops/s) | Temperatures: 64°C - 65°C - 75°C - 72°C - 65°C - 65°C - 71°C - 74°C | Throttling: None - None - None - None - None - None - None - None
785 (863116 Gflops/s) - 794 (873012 Gflops/s) - 791 (869713 Gflops/s) - 789 (867514 Gflops/s) - 791 (869713 Gflops/s) - 806 (886206 Gflops/s) - 788 (866415 Gflops/s) - 775 (852121 Gflops/s) | Temperatures: 65°C - 65°C - 75°C - 72°C - 65°C - 65°C - 71°C - 74°C | Throttling: None - None - None - None - None - None - None - None
784 (862017 Gflops/s) - 794 (873012 Gflops/s) - 793 (871912 Gflops/s) - 801 (880708 Gflops/s) - 790 (868614 Gflops/s) - 805 (885106 Gflops/s) - 786 (864216 Gflops/s) - 774 (851021 Gflops/s) | Temperatures: 64°C - 65°C - 75°C - 72°C - 65°C - 65°C - 71°C - 74°C | Throttling: None - None - None - None - None - None - None - None
785 (863116 Gflops/s) - 793 (871912 Gflops/s) - 792 (870813 Gflops/s) - 777 (854320 Gflops/s) - 790 (868614 Gflops/s) - 806 (886206 Gflops/s) - 787 (865315 Gflops/s) - 774 (851021 Gflops/s) | Temperatures: 65°C - 65°C - 75°C - 72°C - 65°C - 65°C - 71°C - 74°C | Throttling: None - None - None - None - None - None - None - None
784 (862017 Gflops/s) - 793 (871912 Gflops/s) - 792 (870813 Gflops/s) - 788 (866415 Gflops/s) - 789 (867514 Gflops/s) - 822 (903798 Gflops/s) - 786 (864216 Gflops/s) - 774 (851021 Gflops/s) | Temperatures: 65°C - 65°C - 75°C - 72°C - 65°C - 65°C - 71°C - 74°C | Throttling: None - None - None - None - None - None - None - None
784 (862017 Gflops/s) - 796 (875211 Gflops/s) - 793 (871912 Gflops/s) - 789 (867514 Gflops/s) - 790 (868614 Gflops/s) - 789 (867514 Gflops/s) - 787 (865315 Gflops/s) - 775 (852121 Gflops/s) | Temperatures: 64°C - 65°C - 75°C - 72°C - 65°C - 65°C - 71°C - 74°C | Throttling: None - None - None - None - None - None - None - None
785 (863116 Gflops/s) - 792 (870813 Gflops/s) - 792 (870813 Gflops/s) - 789 (867514 Gflops/s) - 790 (868614 Gflops/s) - 806 (886206 Gflops/s) - 786 (864216 Gflops/s) - 774 (851021 Gflops/s) | Temperatures: 64°C - 65°C - 75°C - 72°C - 65°C - 65°C - 71°C - 74°C | Throttling: None - None - None - None - None - None - None - None
784 (862017 Gflops/s) - 793 (871912 Gflops/s) - 793 (871912 Gflops/s) - 789 (867514 Gflops/s) - 790 (868614 Gflops/s) - 806 (886206 Gflops/s) - 787 (865315 Gflops/s) - 775 (852121 Gflops/s) | Temperatures: 64°C - 65°C - 75°C - 72°C - 65°C - 65°C - 71°C - 74°C | Throttling: None - None - None - None - None - None - None - None
795 (874111 Gflops/s) - 795 (874111 Gflops/s) - 793 (871912 Gflops/s) - 790 (868614 Gflops/s) - 792 (870813 Gflops/s) - 806 (886206 Gflops/s) - 787 (865315 Gflops/s) - 775 (852121 Gflops/s) | Temperatures: 64°C - 65°C - 75°C - 72°C - 65°C - 65°C - 71°C - 74°C | Throttling: None - None - None - None - None - None - None - None
774 (851021 Gflops/s) - 793 (871912 Gflops/s) - 793 (871912 Gflops/s) - 788 (866415 Gflops/s) - 788 (866415 Gflops/s) - 805 (885106 Gflops/s) - 786 (864216 Gflops/s) - 774 (851021 Gflops/s) | Temperatures: 64°C - 65°C - 75°C - 72°C - 65°C - 65°C - 71°C - 74°C | Throttling: None - None - None - None - None - None - None - None
784 (862017 Gflops/s) - 793 (871912 Gflops/s) - 792 (870813 Gflops/s) - 789 (867514 Gflops/s) - 790 (868614 Gflops/s) - 806 (886206 Gflops/s) - 786 (864216 Gflops/s) - 774 (851021 Gflops/s) | Temperatures: 64°C - 65°C - 75°C - 72°C - 65°C - 65°C - 71°C - 74°C | Throttling: None - None - None - None - None - None - None - None
785 (863116 Gflops/s) - 794 (873012 Gflops/s) - 793 (871912 Gflops/s) - 789 (867514 Gflops/s) - 790 (868614 Gflops/s) - 805 (885106 Gflops/s) - 786 (864216 Gflops/s) - 775 (852121 Gflops/s) | Temperatures: 64°C - 65°C - 75°C - 72°C - 65°C - 65°C - 71°C - 74°C | Throttling: None - None - None - None - None - None - None - None
784 (862017 Gflops/s) - 793 (871912 Gflops/s) - 793 (871912 Gflops/s) - 789 (867514 Gflops/s) - 791 (869713 Gflops/s) - 805 (885106 Gflops/s) - 787 (865315 Gflops/s) - 774 (851021 Gflops/s) | Temperatures: 64°C - 65°C - 75°C - 72°C - 65°C - 65°C - 71°C - 74°C | Throttling: None - None - None - None - None - None - None - None
784 (862017 Gflops/s) - 793 (871912 Gflops/s) - 792 (870813 Gflops/s) - 788 (866415 Gflops/s) - 789 (867514 Gflops/s) - 806 (886206 Gflops/s) - 786 (864216 Gflops/s) - 774 (851021 Gflops/s) | Temperatures: 64°C - 65°C - 75°C - 72°C - 65°C - 65°C - 71°C - 74°C | Throttling: None - None - None - None - None - None - None - None
785 (863116 Gflops/s) - 794 (873012 Gflops/s) - 793 (871912 Gflops/s) - 789 (867514 Gflops/s) - 790 (868614 Gflops/s) - 805 (885106 Gflops/s) - 786 (864216 Gflops/s) - 774 (851021 Gflops/s) | Temperatures: 64°C - 65°C - 75°C - 72°C - 65°C - 65°C - 71°C - 74°C | Throttling: None - None - None - None - None - None - None - None
784 (862017 Gflops/s) - 794 (873012 Gflops/s) - 792 (870813 Gflops/s) - 788 (866415 Gflops/s) - 790 (868614 Gflops/s) - 806 (886206 Gflops/s) - 786 (864216 Gflops/s) - 774 (851021 Gflops/s) | Temperatures: 65°C - 65°C - 75°C - 72°C - 65°C - 65°C - 71°C - 74°C | Throttling: None - None - None - None - None - None - None - None
784 (862017 Gflops/s) - 793 (871912 Gflops/s) - 793 (871912 Gflops/s) - 789 (867514 Gflops/s) - 789 (867514 Gflops/s) - 806 (886206 Gflops/s) - 786 (864216 Gflops/s) - 774 (851021 Gflops/s) | Temperatures: 65°C - 65°C - 75°C - 72°C - 65°C - 65°C - 71°C - 74°C | Throttling: None - None - None - None - None - None - None - None
785 (863116 Gflops/s) - 794 (873012 Gflops/s) - 793 (871912 Gflops/s) - 789 (867514 Gflops/s) - 790 (868614 Gflops/s) - 806 (886206 Gflops/s) - 786 (864216 Gflops/s) - 775 (852121 Gflops/s) | Temperatures: 64°C - 65°C - 75°C - 72°C - 65°C - 65°C - 71°C - 74°C | Throttling: None - None - None - None - None - None - None - None
784 (862017 Gflops/s) - 794 (873012 Gflops/s) - 792 (870813 Gflops/s) - 789 (867514 Gflops/s) - 790 (868614 Gflops/s) - 805 (885106 Gflops/s) - 787 (865315 Gflops/s) - 775 (852121 Gflops/s) | Temperatures: 64°C - 65°C - 75°C - 72°C - 65°C - 65°C - 71°C - 74°C | Throttling: None - None - None - None - None - None - None - None
784 (862017 Gflops/s) - 793 (871912 Gflops/s) - 793 (871912 Gflops/s) - 788 (866415 Gflops/s) - 789 (867514 Gflops/s) - 805 (885106 Gflops/s) - 786 (864216 Gflops/s) - 773 (849922 Gflops/s) | Temperatures: 64°C - 65°C - 75°C - 72°C - 65°C - 65°C - 71°C - 74°C | Throttling: None - None - None - None - None - None - None - None
784 (862017 Gflops/s) - 793 (871912 Gflops/s) - 792 (870813 Gflops/s) - 789 (867514 Gflops/s) - 790 (868614 Gflops/s) - 805 (885106 Gflops/s) - 786 (864216 Gflops/s) - 775 (852121 Gflops/s) | Temperatures: 65°C - 65°C - 75°C - 72°C - 65°C - 65°C - 71°C - 74°C | Throttling: None - None - None - None - None - None - None - None
784 (862017 Gflops/s) - 794 (873012 Gflops/s) - 793 (871912 Gflops/s) - 789 (867514 Gflops/s) - 790 (868614 Gflops/s) - 806 (886206 Gflops/s) - 786 (864216 Gflops/s) - 774 (851021 Gflops/s) | Temperatures: 64°C - 65°C - 75°C - 72°C - 65°C - 65°C - 71°C - 74°C | Throttling: None - None - None - None - None - None - None - None
784 (862017 Gflops/s) - 793 (871912 Gflops/s) - 793 (871912 Gflops/s) - 789 (867514 Gflops/s) - 790 (868614 Gflops/s) - 805 (885106 Gflops/s) - 787 (865315 Gflops/s) - 774 (851021 Gflops/s) | Temperatures: 64°C - 65°C - 75°C - 72°C - 65°C - 65°C - 71°C - 74°C | Throttling: None - None - None - None - None - None - None - None
784 (862017 Gflops/s) - 794 (873012 Gflops/s) - 792 (870813 Gflops/s) - 788 (866415 Gflops/s) - 790 (868614 Gflops/s) - 805 (885106 Gflops/s) - 786 (864216 Gflops/s) - 774 (851021 Gflops/s) | Temperatures: 64°C - 65°C - 75°C - 72°C - 65°C - 65°C - 71°C - 74°C | Throttling: None - None - None - None - None - None - None - None
785 (863116 Gflops/s) - 794 (873012 Gflops/s) - 794 (873012 Gflops/s) - 790 (868614 Gflops/s) - 790 (868614 Gflops/s) - 806 (886206 Gflops/s) - 786 (864216 Gflops/s) - 775 (852121 Gflops/s) | Temperatures: 64°C - 65°C - 75°C - 72°C - 65°C - 65°C - 71°C - 74°C | Throttling: None - None - None - None - None - None - None - None
784 (862017 Gflops/s) - 794 (873012 Gflops/s) - 792 (870813 Gflops/s) - 789 (867514 Gflops/s) - 790 (868614 Gflops/s) - 806 (886206 Gflops/s) - 786 (864216 Gflops/s) - 774 (851021 Gflops/s) | Temperatures: 64°C - 65°C - 75°C - 72°C - 65°C - 65°C - 71°C - 74°C | Throttling: None - None - None - None - None - None - None - None
784 (862017 Gflops/s) - 793 (871912 Gflops/s) - 793 (871912 Gflops/s) - 789 (867514 Gflops/s) - 790 (868614 Gflops/s) - 806 (886206 Gflops/s) - 786 (864216 Gflops/s) - 774 (851021 Gflops/s) | Temperatures: 64°C - 65°C - 75°C - 72°C - 65°C - 65°C - 71°C - 74°C | Throttling: None - None - None - None - None - None - None - None
785 (863116 Gflops/s) - 794 (873012 Gflops/s) - 792 (870813 Gflops/s) - 788 (866415 Gflops/s) - 790 (868614 Gflops/s) - 805 (885106 Gflops/s) - 786 (864216 Gflops/s) - 775 (852121 Gflops/s) | Temperatures: 64°C - 65°C - 75°C - 72°C - 65°C - 65°C - 71°C - 74°C | Throttling: None - None - None - None - None - None - None - None
784 (862017 Gflops/s) - 794 (873012 Gflops/s) - 792 (870813 Gflops/s) - 789 (867514 Gflops/s) - 790 (868614 Gflops/s) - 805 (885106 Gflops/s) - 785 (863116 Gflops/s) - 782 (859818 Gflops/s) | Temperatures: 65°C - 65°C - 75°C - 72°C - 65°C - 65°C - 71°C - 74°C | Throttling: None - None - None - None - None - None - None - None
784 (862017 Gflops/s) - 799 (878509 Gflops/s) - 793 (871912 Gflops/s) - 789 (867514 Gflops/s) - 789 (867514 Gflops/s) - 806 (886206 Gflops/s) - 786 (864216 Gflops/s) - 766 (842225 Gflops/s) | Temperatures: 64°C - 65°C - 75°C - 72°C - 65°C - 65°C - 71°C - 74°C | Throttling: None - None - None - None - None - None - None - None
771 (847723 Gflops/s) - 774 (851021 Gflops/s) - 779 (856519 Gflops/s) - 775 (852121 Gflops/s) - 777 (854320 Gflops/s) - 792 (870813 Gflops/s) - 773 (849922 Gflops/s) - 761 (836728 Gflops/s) | Temperatures: 64°C - 65°C - 75°C - 72°C - 65°C - 65°C - 71°C - 74°C | Throttling: None - None - None - None - None - None - None - None
720 (791648 Gflops/s) - 728 (800444 Gflops/s) - 727 (799344 Gflops/s) - 723 (794946 Gflops/s) - 724 (796046 Gflops/s) - 739 (812539 Gflops/s) - 721 (792747 Gflops/s) - 710 (780653 Gflops/s) | Temperatures: 65°C - 65°C - 75°C - 72°C - 65°C - 65°C - 71°C - 74°C | Throttling: None - None - None - None - None - None - None - None
718 (789449 Gflops/s) - 727 (799344 Gflops/s) - 726 (798245 Gflops/s) - 723 (794946 Gflops/s) - 724 (796046 Gflops/s) - 738 (811439 Gflops/s) - 720 (791648 Gflops/s) - 709 (779553 Gflops/s) | Temperatures: 64°C - 65°C - 75°C - 72°C - 65°C - 65°C - 71°C - 74°C | Throttling: None - None - None - None - None - None - None - None
719 (790548 Gflops/s) - 728 (800444 Gflops/s) - 727 (799344 Gflops/s) - 723 (794946 Gflops/s) - 724 (796046 Gflops/s) - 738 (811439 Gflops/s) - 721 (792747 Gflops/s) - 710 (780653 Gflops/s) | Temperatures: 64°C - 65°C - 75°C - 72°C - 65°C - 65°C - 71°C - 74°C | Throttling: None - None - None - None - None - None - None - None
720 (791648 Gflops/s) - 727 (799344 Gflops/s) - 727 (799344 Gflops/s) - 723 (794946 Gflops/s) - 725 (797145 Gflops/s) - 739 (812539 Gflops/s) - 720 (791648 Gflops/s) - 710 (780653 Gflops/s) | Temperatures: 64°C - 65°C - 75°C - 72°C - 65°C - 65°C - 71°C - 74°C | Throttling: None - None - None - None - None - None - None - None
718 (789449 Gflops/s) - 727 (799344 Gflops/s) - 725 (797145 Gflops/s) - 722 (793847 Gflops/s) - 723 (794946 Gflops/s) - 737 (810340 Gflops/s) - 719 (790548 Gflops/s) - 709 (779553 Gflops/s) | Temperatures: 64°C - 65°C - 75°C - 72°C - 65°C - 65°C - 71°C - 74°C | Throttling: None - None - None - None - None - None - None - None
682 (749866 Gflops/s) - 690 (758663 Gflops/s) - 690 (758663 Gflops/s) - 687 (755364 Gflops/s) - 687 (755364 Gflops/s) - 701 (770757 Gflops/s) - 685 (753165 Gflops/s) - 674 (741070 Gflops/s) | Temperatures: 65°C - 65°C - 75°C - 72°C - 65°C - 65°C - 71°C - 74°C | Throttling: None - None - None - None - None - None - None - None
684 (752065 Gflops/s) - 691 (759762 Gflops/s) - 690 (758663 Gflops/s) - 687 (755364 Gflops/s) - 688 (756463 Gflops/s) - 702 (771857 Gflops/s) - 685 (753165 Gflops/s) - 674 (741070 Gflops/s) | Temperatures: 65°C - 65°C - 75°C - 72°C - 65°C - 65°C - 71°C - 74°C | Throttling: None - None - None - None - None - None - None - None
683 (750966 Gflops/s) - 692 (760862 Gflops/s) - 692 (760862 Gflops/s) - 688 (756463 Gflops/s) - 689 (757563 Gflops/s) - 702 (771857 Gflops/s) - 685 (753165 Gflops/s) - 676 (743269 Gflops/s) | Temperatures: 64°C - 65°C - 75°C - 72°C - 65°C - 65°C - 71°C - 74°C | Throttling: None - None - None - None - None - None - None - None
684 (752065 Gflops/s) - 692 (760862 Gflops/s) - 691 (759762 Gflops/s) - 688 (756463 Gflops/s) - 689 (757563 Gflops/s) - 702 (771857 Gflops/s) - 686 (754264 Gflops/s) - 675 (742170 Gflops/s) | Temperatures: 65°C - 65°C - 75°C - 72°C - 65°C - 65°C - 71°C - 74°C | Throttling: None - None - None - None - None - None - None - None
683 (750966 Gflops/s) - 691 (759762 Gflops/s) - 690 (758663 Gflops/s) - 686 (754264 Gflops/s) - 688 (756463 Gflops/s) - 702 (771857 Gflops/s) - 685 (753165 Gflops/s) - 674 (741070 Gflops/s) | Temperatures: 65°C - 65°C - 75°C - 72°C - 65°C - 65°C - 71°C - 74°C | Throttling: None - None - None - None - None - None - None - None
686 (754264 Gflops/s) - 693 (761961 Gflops/s) - 693 (761961 Gflops/s) - 690 (758663 Gflops/s) - 691 (759762 Gflops/s) - 704 (774056 Gflops/s) - 687 (755364 Gflops/s) - 677 (744369 Gflops/s) | Temperatures: 65°C - 65°C - 75°C - 72°C - 65°C - 65°C - 71°C - 74°C | Throttling: None - None - None - None - None - None - None - None
680 (747667 Gflops/s) - 690 (758663 Gflops/s) - 689 (757563 Gflops/s) - 686 (754264 Gflops/s) - 687 (755364 Gflops/s) - 700 (769658 Gflops/s) - 683 (750966 Gflops/s) - 673 (739971 Gflops/s) | Temperatures: 64°C - 65°C - 75°C - 72°C - 65°C - 65°C - 71°C - 74°C | Throttling: None - None - None - None - None - None - None - None
698 (767459 Gflops/s) - 707 (777354 Gflops/s) - 706 (776255 Gflops/s) - 702 (771857 Gflops/s) - 703 (772956 Gflops/s) - 718 (789449 Gflops/s) - 700 (769658 Gflops/s) - 689 (757563 Gflops/s) | Temperatures: 65°C - 65°C - 75°C - 72°C - 65°C - 65°C - 71°C - 74°C | Throttling: None - None - None - None - None - None - None - None
671 (737772 Gflops/s) - 678 (745468 Gflops/s) - 677 (744369 Gflops/s) - 675 (742170 Gflops/s) - 675 (742170 Gflops/s) - 689 (757563 Gflops/s) - 672 (738871 Gflops/s) - 662 (727876 Gflops/s) | Temperatures: 65°C - 65°C - 75°C - 72°C - 65°C - 65°C - 71°C - 74°C | Throttling: None - None - None - None - None - None - None - None
683 (750966 Gflops/s) - 691 (759762 Gflops/s) - 691 (759762 Gflops/s) - 687 (755364 Gflops/s) - 689 (757563 Gflops/s) - 702 (771857 Gflops/s) - 684 (752065 Gflops/s) - 674 (741070 Gflops/s) | Temperatures: 65°C - 65°C - 75°C - 72°C - 65°C - 65°C - 71°C - 74°C | Throttling: None - None - None - None - None - None - None - None
684 (752065 Gflops/s) - 692 (760862 Gflops/s) - 691 (759762 Gflops/s) - 688 (756463 Gflops/s) - 688 (756463 Gflops/s) - 702 (771857 Gflops/s) - 686 (754264 Gflops/s) - 675 (742170 Gflops/s) | Temperatures: 65°C - 65°C - 75°C - 72°C - 65°C - 65°C - 71°C - 74°C | Throttling: None - None - None - None - None - None - None - None
683 (750966 Gflops/s) - 692 (760862 Gflops/s) - 691 (759762 Gflops/s) - 688 (756463 Gflops/s) - 689 (757563 Gflops/s) - 702 (771857 Gflops/s) - 685 (753165 Gflops/s) - 675 (742170 Gflops/s) | Temperatures: 64°C - 65°C - 75°C - 72°C - 65°C - 65°C - 71°C - 74°C | Throttling: None - None - None - None - None - None - None - None
692 (760862 Gflops/s) - 691 (759762 Gflops/s) - 691 (759762 Gflops/s) - 688 (756463 Gflops/s) - 689 (757563 Gflops/s) - 703 (772956 Gflops/s) - 685 (753165 Gflops/s) - 675 (742170 Gflops/s) | Temperatures: 65°C - 65°C - 75°C - 72°C - 65°C - 65°C - 71°C - 74°C | Throttling: None - None - None - None - None - None - None - None
677 (744369 Gflops/s) - 694 (763061 Gflops/s) - 692 (760862 Gflops/s) - 689 (757563 Gflops/s) - 689 (757563 Gflops/s) - 704 (774056 Gflops/s) - 687 (755364 Gflops/s) - 676 (743269 Gflops/s) | Temperatures: 65°C - 65°C - 75°C - 72°C - 65°C - 65°C - 71°C - 74°C | Throttling: None - None - None - None - None - None - None - None
683 (750966 Gflops/s) - 691 (759762 Gflops/s) - 691 (759762 Gflops/s) - 687 (755364 Gflops/s) - 688 (756463 Gflops/s) - 702 (771857 Gflops/s) - 684 (752065 Gflops/s) - 675 (742170 Gflops/s) | Temperatures: 64°C - 65°C - 75°C - 72°C - 65°C - 65°C - 71°C - 74°C | Throttling: None - None - None - None - None - None - None - None
683 (750966 Gflops/s) - 691 (759762 Gflops/s) - 690 (758663 Gflops/s) - 687 (755364 Gflops/s) - 693 (761961 Gflops/s) - 701 (770757 Gflops/s) - 684 (752065 Gflops/s) - 674 (741070 Gflops/s) | Temperatures: 65°C - 65°C - 75°C - 72°C - 65°C - 65°C - 71°C - 74°C | Throttling: None - None - None - None - None - None - None - None
684 (752065 Gflops/s) - 693 (761961 Gflops/s) - 692 (760862 Gflops/s) - 688 (756463 Gflops/s) - 684 (752065 Gflops/s) - 704 (774056 Gflops/s) - 686 (754264 Gflops/s) - 676 (743269 Gflops/s) | Temperatures: 64°C - 65°C - 75°C - 72°C - 65°C - 65°C - 72°C - 74°C | Throttling: None - None - None - None - None - None - None - None
684 (752065 Gflops/s) - 692 (760862 Gflops/s) - 691 (759762 Gflops/s) - 688 (756463 Gflops/s) - 689 (757563 Gflops/s) - 702 (771857 Gflops/s) - 688 (756463 Gflops/s) - 675 (742170 Gflops/s) | Temperatures: 64°C - 65°C - 75°C - 72°C - 65°C - 65°C - 71°C - 74°C | Throttling: None - None - None - None - None - None - None - None
685 (753165 Gflops/s) - 693 (761961 Gflops/s) - 693 (761961 Gflops/s) - 689 (757563 Gflops/s) - 689 (757563 Gflops/s) - 704 (774056 Gflops/s) - 684 (752065 Gflops/s) - 675 (742170 Gflops/s) | Temperatures: 64°C - 65°C - 75°C - 72°C - 65°C - 65°C - 72°C - 74°C | Throttling: None - None - None - None - None - None - None - None
681 (748767 Gflops/s) - 690 (758663 Gflops/s) - 689 (757563 Gflops/s) - 686 (754264 Gflops/s) - 687 (755364 Gflops/s) - 700 (769658 Gflops/s) - 683 (750966 Gflops/s) - 673 (739971 Gflops/s) | Temperatures: 64°C - 65°C - 75°C - 72°C - 65°C - 65°C - 71°C - 74°C | Throttling: None - None - None - None - None - None - None - None
682 (749866 Gflops/s) - 691 (759762 Gflops/s) - 695 (764160 Gflops/s) - 688 (756463 Gflops/s) - 689 (757563 Gflops/s) - 703 (772956 Gflops/s) - 685 (753165 Gflops/s) - 676 (743269 Gflops/s) | Temperatures: 65°C - 65°C - 75°C - 72°C - 65°C - 65°C - 71°C - 74°C | Throttling: None - None - None - None - None - None - None - None
684 (752065 Gflops/s) - 692 (760862 Gflops/s) - 688 (756463 Gflops/s) - 688 (756463 Gflops/s) - 689 (757563 Gflops/s) - 703 (772956 Gflops/s) - 686 (754264 Gflops/s) - 675 (742170 Gflops/s) | Temperatures: 64°C - 65°C - 75°C - 72°C - 65°C - 65°C - 71°C - 74°C | Throttling: None - None - None - None - None - None - None - None
684 (752065 Gflops/s) - 692 (760862 Gflops/s) - 691 (759762 Gflops/s) - 688 (756463 Gflops/s) - 689 (757563 Gflops/s) - 703 (772956 Gflops/s) - 685 (753165 Gflops/s) - 676 (743269 Gflops/s) | Temperatures: 65°C - 65°C - 75°C - 72°C - 65°C - 65°C - 71°C - 74°C | Throttling: None - None - None - None - None - None - None - None
710 (780653 Gflops/s) - 718 (789449 Gflops/s) - 718 (789449 Gflops/s) - 714 (785051 Gflops/s) - 715 (786150 Gflops/s) - 729 (801543 Gflops/s) - 712 (782852 Gflops/s) - 701 (770757 Gflops/s) | Temperatures: 65°C - 65°C - 75°C - 72°C - 65°C - 65°C - 72°C - 75°C | Throttling: None - None - None - None - None - None - None - None
738 (811439 Gflops/s) - 747 (821335 Gflops/s) - 746 (820235 Gflops/s) - 743 (816937 Gflops/s) - 743 (816937 Gflops/s) - 759 (834529 Gflops/s) - 739 (812539 Gflops/s) - 729 (801543 Gflops/s) | Temperatures: 64°C - 65°C - 75°C - 72°C - 65°C - 65°C - 71°C - 74°C | Throttling: None - None - None - None - None - None - None - None
739 (812539 Gflops/s) - 747 (821335 Gflops/s) - 747 (821335 Gflops/s) - 743 (816937 Gflops/s) - 744 (818036 Gflops/s) - 759 (834529 Gflops/s) - 740 (813638 Gflops/s) - 729 (801543 Gflops/s) | Temperatures: 64°C - 65°C - 75°C - 72°C - 65°C - 65°C - 71°C - 74°C | Throttling: None - None - None - None - None - None - None - None
738 (811439 Gflops/s) - 747 (821335 Gflops/s) - 747 (821335 Gflops/s) - 743 (816937 Gflops/s) - 744 (818036 Gflops/s) - 759 (834529 Gflops/s) - 741 (814738 Gflops/s) - 729 (801543 Gflops/s) | Temperatures: 64°C - 65°C - 75°C - 72°C - 65°C - 65°C - 71°C - 74°C | Throttling: None - None - None - None - None - None - None - None
734 (807041 Gflops/s) - 747 (821335 Gflops/s) - 746 (820235 Gflops/s) - 743 (816937 Gflops/s) - 743 (816937 Gflops/s) - 758 (833429 Gflops/s) - 740 (813638 Gflops/s) - 729 (801543 Gflops/s) | Temperatures: 64°C - 65°C - 75°C - 72°C - 65°C - 65°C - 71°C - 75°C | Throttling: None - None - None - None - None - None - None - None
738 (811439 Gflops/s) - 748 (822434 Gflops/s) - 746 (820235 Gflops/s) - 743 (816937 Gflops/s) - 744 (818036 Gflops/s) - 758 (833429 Gflops/s) - 740 (813638 Gflops/s) - 729 (801543 Gflops/s) | Temperatures: 64°C - 65°C - 75°C - 72°C - 65°C - 65°C - 72°C - 74°C | Throttling: None - None - None - None - None - None - None - None
737 (810340 Gflops/s) - 747 (821335 Gflops/s) - 747 (821335 Gflops/s) - 742 (815837 Gflops/s) - 743 (816937 Gflops/s) - 758 (833429 Gflops/s) - 739 (812539 Gflops/s) - 728 (800444 Gflops/s) | Temperatures: 64°C - 65°C - 75°C - 72°C - 65°C - 65°C - 71°C - 74°C | Throttling: None - None - None - None - None - None - None - None
736 (809240 Gflops/s) - 748 (822434 Gflops/s) - 746 (820235 Gflops/s) - 743 (816937 Gflops/s) - 744 (818036 Gflops/s) - 759 (834529 Gflops/s) - 740 (813638 Gflops/s) - 729 (801543 Gflops/s) | Temperatures: 64°C - 65°C - 75°C - 72°C - 65°C - 65°C - 71°C - 74°C | Throttling: None - None - None - None - None - None - None - None
737 (810340 Gflops/s) - 747 (821335 Gflops/s) - 747 (821335 Gflops/s) - 743 (816937 Gflops/s) - 744 (818036 Gflops/s) - 758 (833429 Gflops/s) - 740 (813638 Gflops/s) - 729 (801543 Gflops/s) | Temperatures: 64°C - 65°C - 75°C - 72°C - 65°C - 65°C - 72°C - 74°C | Throttling: None - None - None - None - None - None - None - None
737 (810340 Gflops/s) - 747 (821335 Gflops/s) - 747 (821335 Gflops/s) - 743 (816937 Gflops/s) - 744 (818036 Gflops/s) - 760 (835628 Gflops/s) - 740 (813638 Gflops/s) - 729 (801543 Gflops/s) | Temperatures: 64°C - 65°C - 75°C - 72°C - 65°C - 65°C - 72°C - 74°C | Throttling: None - None - None - None - None - None - None - None
738 (811439 Gflops/s) - 747 (821335 Gflops/s) - 746 (820235 Gflops/s) - 742 (815837 Gflops/s) - 743 (816937 Gflops/s) - 759 (834529 Gflops/s) - 740 (813638 Gflops/s) - 729 (801543 Gflops/s) | Temperatures: 64°C - 65°C - 75°C - 72°C - 65°C - 65°C - 72°C - 74°C | Throttling: None - None - None - None - None - None - None - None
738 (811439 Gflops/s) - 747 (821335 Gflops/s) - 746 (820235 Gflops/s) - 743 (816937 Gflops/s) - 749 (823534 Gflops/s) - 758 (833429 Gflops/s) - 740 (813638 Gflops/s) - 728 (800444 Gflops/s) | Temperatures: 64°C - 65°C - 75°C - 72°C - 65°C - 65°C - 71°C - 74°C | Throttling: None - None - None - None - None - None - None - None
738 (811439 Gflops/s) - 747 (821335 Gflops/s) - 747 (821335 Gflops/s) - 742 (815837 Gflops/s) - 738 (811439 Gflops/s) - 758 (833429 Gflops/s) - 739 (812539 Gflops/s) - 729 (801543 Gflops/s) | Temperatures: 64°C - 65°C - 75°C - 72°C - 65°C - 65°C - 72°C - 74°C | Throttling: None - None - None - None - None - None - None - None
739 (812539 Gflops/s) - 747 (821335 Gflops/s) - 747 (821335 Gflops/s) - 743 (816937 Gflops/s) - 744 (818036 Gflops/s) - 759 (834529 Gflops/s) - 741 (814738 Gflops/s) - 729 (801543 Gflops/s) | Temperatures: 64°C - 65°C - 75°C - 72°C - 65°C - 65°C - 72°C - 75°C | Throttling: None - None - None - None - None - None - None - None
738 (811439 Gflops/s) - 748 (822434 Gflops/s) - 746 (820235 Gflops/s) - 743 (816937 Gflops/s) - 744 (818036 Gflops/s) - 759 (834529 Gflops/s) - 739 (812539 Gflops/s) - 729 (801543 Gflops/s) | Temperatures: 64°C - 65°C - 75°C - 72°C - 65°C - 65°C - 72°C - 75°C | Throttling: None - None - None - None - None - None - None - None
738 (811439 Gflops/s) - 747 (821335 Gflops/s) - 747 (821335 Gflops/s) - 743 (816937 Gflops/s) - 743 (816937 Gflops/s) - 758 (833429 Gflops/s) - 747 (821335 Gflops/s) - 728 (800444 Gflops/s) | Temperatures: 65°C - 65°C - 75°C - 72°C - 65°C - 65°C - 72°C - 74°C | Throttling: None - None - None - None - None - None - None - None
737 (810340 Gflops/s) - 746 (820235 Gflops/s) - 746 (820235 Gflops/s) - 753 (827932 Gflops/s) - 743 (816937 Gflops/s) - 758 (833429 Gflops/s) - 733 (805942 Gflops/s) - 729 (801543 Gflops/s) | Temperatures: 64°C - 65°C - 75°C - 72°C - 65°C - 65°C - 72°C - 74°C | Throttling: None - None - None - None - None - None - None - None
737 (810340 Gflops/s) - 748 (822434 Gflops/s) - 747 (821335 Gflops/s) - 732 (804842 Gflops/s) - 744 (818036 Gflops/s) - 759 (834529 Gflops/s) - 740 (813638 Gflops/s) - 729 (801543 Gflops/s) | Temperatures: 64°C - 65°C - 75°C - 72°C - 65°C - 65°C - 72°C - 74°C | Throttling: None - None - None - None - None - None - None - None
737 (810340 Gflops/s) - 747 (821335 Gflops/s) - 747 (821335 Gflops/s) - 743 (816937 Gflops/s) - 744 (818036 Gflops/s) - 759 (834529 Gflops/s) - 740 (813638 Gflops/s) - 729 (801543 Gflops/s) | Temperatures: 64°C - 65°C - 75°C - 72°C - 65°C - 65°C - 72°C - 74°C | Throttling: None - None - None - None - None - None - None - None
738 (811439 Gflops/s) - 747 (821335 Gflops/s) - 746 (820235 Gflops/s) - 742 (815837 Gflops/s) - 743 (816937 Gflops/s) - 758 (833429 Gflops/s) - 740 (813638 Gflops/s) - 728 (800444 Gflops/s) | Temperatures: 64°C - 65°C - 75°C - 72°C - 65°C - 65°C - 72°C - 74°C | Throttling: None - None - None - None - None - None - None - None
739 (812539 Gflops/s) - 748 (822434 Gflops/s) - 747 (821335 Gflops/s) - 744 (818036 Gflops/s) - 744 (818036 Gflops/s) - 759 (834529 Gflops/s) - 740 (813638 Gflops/s) - 729 (801543 Gflops/s) | Temperatures: 64°C - 65°C - 75°C - 72°C - 65°C - 65°C - 72°C - 74°C | Throttling: None - None - None - None - None - None - None - None
738 (811439 Gflops/s) - 747 (821335 Gflops/s) - 746 (820235 Gflops/s) - 742 (815837 Gflops/s) - 743 (816937 Gflops/s) - 758 (833429 Gflops/s) - 740 (813638 Gflops/s) - 729 (801543 Gflops/s) | Temperatures: 64°C - 65°C - 75°C - 72°C - 65°C - 65°C - 72°C - 74°C | Throttling: None - None - None - None - None - None - None - None
739 (812539 Gflops/s) - 747 (821335 Gflops/s) - 747 (821335 Gflops/s) - 743 (816937 Gflops/s) - 744 (818036 Gflops/s) - 758 (833429 Gflops/s) - 740 (813638 Gflops/s) - 733 (805942 Gflops/s) | Temperatures: 64°C - 65°C - 75°C - 72°C - 65°C - 65°C - 72°C - 75°C | Throttling: None - None - None - None - None - None - None - None
738 (811439 Gflops/s) - 746 (820235 Gflops/s) - 746 (820235 Gflops/s) - 743 (816937 Gflops/s) - 743 (816937 Gflops/s) - 759 (834529 Gflops/s) - 739 (812539 Gflops/s) - 724 (796046 Gflops/s) | Temperatures: 64°C - 65°C - 75°C - 72°C - 65°C - 65°C - 72°C - 75°C | Throttling: None - None - None - None - None - None - None - None
736 (809240 Gflops/s) - 748 (822434 Gflops/s) - 748 (822434 Gflops/s) - 743 (816937 Gflops/s) - 745 (819136 Gflops/s) - 759 (834529 Gflops/s) - 740 (813638 Gflops/s) - 729 (801543 Gflops/s) | Temperatures: 64°C - 65°C - 75°C - 72°C - 65°C - 65°C - 72°C - 74°C | Throttling: None - None - None - None - None - None - None - None
738 (811439 Gflops/s) - 747 (821335 Gflops/s) - 746 (820235 Gflops/s) - 743 (816937 Gflops/s) - 748 (822434 Gflops/s) - 758 (833429 Gflops/s) - 740 (813638 Gflops/s) - 728 (800444 Gflops/s) | Temperatures: 64°C - 65°C - 75°C - 72°C - 65°C - 65°C - 72°C - 75°C | Throttling: None - None - None - None - None - None - None - None
739 (812539 Gflops/s) - 747 (821335 Gflops/s) - 747 (821335 Gflops/s) - 742 (815837 Gflops/s) - 748 (822434 Gflops/s) - 759 (834529 Gflops/s) - 740 (813638 Gflops/s) - 729 (801543 Gflops/s) | Temperatures: 64°C - 65°C - 75°C - 72°C - 65°C - 65°C - 72°C - 75°C | Throttling: None - None - None - None - None - None - None - None
737 (810340 Gflops/s) - 748 (822434 Gflops/s) - 746 (820235 Gflops/s) - 743 (816937 Gflops/s) - 748 (822434 Gflops/s) - 758 (833429 Gflops/s) - 739 (812539 Gflops/s) - 728 (800444 Gflops/s) | Temperatures: 64°C - 65°C - 75°C - 72°C - 65°C - 65°C - 72°C - 75°C | Throttling: None - None - None - None - None - None - None - None
741 (814738 Gflops/s) - 748 (822434 Gflops/s) - 747 (821335 Gflops/s) - 743 (816937 Gflops/s) - 748 (822434 Gflops/s) - 759 (834529 Gflops/s) - 741 (814738 Gflops/s) - 729 (801543 Gflops/s) | Temperatures: 64°C - 65°C - 75°C - 72°C - 65°C - 65°C - 72°C - 75°C | Throttling: None - None - None - None - None - None - None - None
737 (810340 Gflops/s) - 746 (820235 Gflops/s) - 746 (820235 Gflops/s) - 742 (815837 Gflops/s) - 748 (822434 Gflops/s) - 758 (833429 Gflops/s) - 739 (812539 Gflops/s) - 729 (801543 Gflops/s) | Temperatures: 65°C - 65°C - 75°C - 72°C - 65°C - 65°C - 72°C - 75°C | Throttling: None - None - None - None - None - None - None - None
738 (811439 Gflops/s) - 747 (821335 Gflops/s) - 747 (821335 Gflops/s) - 743 (816937 Gflops/s) - 748 (822434 Gflops/s) - 759 (834529 Gflops/s) - 740 (813638 Gflops/s) - 728 (800444 Gflops/s) | Temperatures: 65°C - 65°C - 75°C - 72°C - 65°C - 65°C - 72°C - 74°C | Throttling: None - None - None - None - None - None - None - None
738 (811439 Gflops/s) - 747 (821335 Gflops/s) - 746 (820235 Gflops/s) - 743 (816937 Gflops/s) - 748 (822434 Gflops/s) - 758 (833429 Gflops/s) - 739 (812539 Gflops/s) - 728 (800444 Gflops/s) | Temperatures: 64°C - 65°C - 75°C - 72°C - 65°C - 65°C - 72°C - 74°C | Throttling: None - None - None - None - None - None - None - None
737 (810340 Gflops/s) - 758 (833429 Gflops/s) - 747 (821335 Gflops/s) - 744 (818036 Gflops/s) - 748 (822434 Gflops/s) - 759 (834529 Gflops/s) - 741 (814738 Gflops/s) - 730 (802643 Gflops/s) | Temperatures: 65°C - 65°C - 75°C - 72°C - 65°C - 65°C - 72°C - 75°C | Throttling: None - None - None - None - None - None - None - None
738 (811439 Gflops/s) - 737 (810340 Gflops/s) - 746 (820235 Gflops/s) - 742 (815837 Gflops/s) - 748 (822434 Gflops/s) - 758 (833429 Gflops/s) - 739 (812539 Gflops/s) - 728 (800444 Gflops/s) | Temperatures: 65°C - 65°C - 75°C - 72°C - 65°C - 65°C - 72°C - 75°C | Throttling: None - None - None - None - None - None - None - None
738 (811439 Gflops/s) - 746 (820235 Gflops/s) - 747 (821335 Gflops/s) - 743 (816937 Gflops/s) - 747 (821335 Gflops/s) - 758 (833429 Gflops/s) - 740 (813638 Gflops/s) - 729 (801543 Gflops/s) | Temperatures: 65°C - 65°C - 75°C - 72°C - 65°C - 65°C - 72°C - 75°C | Throttling: None - None - None - None - None - None - None - None
738 (811439 Gflops/s) - 747 (821335 Gflops/s) - 746 (820235 Gflops/s) - 743 (816937 Gflops/s) - 748 (822434 Gflops/s) - 759 (834529 Gflops/s) - 739 (812539 Gflops/s) - 728 (800444 Gflops/s) | Temperatures: 65°C - 65°C - 75°C - 72°C - 65°C - 65°C - 72°C - 75°C | Throttling: None - None - None - None - None - None - None - None
739 (812539 Gflops/s) - 748 (822434 Gflops/s) - 747 (821335 Gflops/s) - 742 (815837 Gflops/s) - 748 (822434 Gflops/s) - 758 (833429 Gflops/s) - 740 (813638 Gflops/s) - 729 (801543 Gflops/s) | Temperatures: 65°C - 65°C - 75°C - 72°C - 65°C - 65°C - 72°C - 75°C | Throttling: None - None - None - None - None - None - None - None
738 (811439 Gflops/s) - 747 (821335 Gflops/s) - 747 (821335 Gflops/s) - 743 (816937 Gflops/s) - 748 (822434 Gflops/s) - 759 (834529 Gflops/s) - 740 (813638 Gflops/s) - 729 (801543 Gflops/s) | Temperatures: 65°C - 65°C - 75°C - 73°C - 65°C - 65°C - 72°C - 75°C | Throttling: None - None - None - None - None - None - None - None
739 (812539 Gflops/s) - 748 (822434 Gflops/s) - 760 (835628 Gflops/s) - 743 (816937 Gflops/s) - 748 (822434 Gflops/s) - 758 (833429 Gflops/s) - 740 (813638 Gflops/s) - 728 (800444 Gflops/s) | Temperatures: 65°C - 65°C - 75°C - 73°C - 65°C - 65°C - 72°C - 75°C | Throttling: None - None - None - None - None - None - None - None
738 (811439 Gflops/s) - 747 (821335 Gflops/s) - 733 (805942 Gflops/s) - 743 (816937 Gflops/s) - 748 (822434 Gflops/s) - 759 (834529 Gflops/s) - 740 (813638 Gflops/s) - 729 (801543 Gflops/s) | Temperatures: 65°C - 65°C - 75°C - 72°C - 65°C - 65°C - 72°C - 75°C | Throttling: None - None - None - None - None - None - None - None
738 (811439 Gflops/s) - 747 (821335 Gflops/s) - 746 (820235 Gflops/s) - 743 (816937 Gflops/s) - 747 (821335 Gflops/s) - 758 (833429 Gflops/s) - 740 (813638 Gflops/s) - 728 (800444 Gflops/s) | Temperatures: 65°C - 65°C - 75°C - 72°C - 65°C - 65°C - 72°C - 75°C | Throttling: None - None - None - None - None - None - None - None
735 (808141 Gflops/s) - 748 (822434 Gflops/s) - 746 (820235 Gflops/s) - 743 (816937 Gflops/s) - 749 (823534 Gflops/s) - 759 (834529 Gflops/s) - 739 (812539 Gflops/s) - 729 (801543 Gflops/s) | Temperatures: 64°C - 65°C - 75°C - 73°C - 65°C - 65°C - 72°C - 75°C | Throttling: None - None - None - None - None - None - None - None
698 (767459 Gflops/s) - 707 (777354 Gflops/s) - 707 (777354 Gflops/s) - 703 (772956 Gflops/s) - 707 (777354 Gflops/s) - 718 (789449 Gflops/s) - 700 (769658 Gflops/s) - 689 (757563 Gflops/s) | Temperatures: 65°C - 65°C - 75°C - 73°C - 65°C - 65°C - 72°C - 75°C | Throttling: None - None - None - None - None - None - None - None
696 (765260 Gflops/s) - 706 (776255 Gflops/s) - 706 (776255 Gflops/s) - 702 (771857 Gflops/s) - 707 (777354 Gflops/s) - 717 (788349 Gflops/s) - 699 (768558 Gflops/s) - 689 (757563 Gflops/s) | Temperatures: 64°C - 65°C - 75°C - 73°C - 65°C - 65°C - 72°C - 75°C | Throttling: None - None - None - None - None - None - None - None
694 (763061 Gflops/s) - 705 (775155 Gflops/s) - 704 (774056 Gflops/s) - 701 (770757 Gflops/s) - 706 (776255 Gflops/s) - 715 (786150 Gflops/s) - 709 (779553 Gflops/s) - 688 (756463 Gflops/s) | Temperatures: 64°C - 65°C - 75°C - 73°C - 65°C - 65°C - 72°C - 75°C | Throttling: None - None - None - None - None - None - None - None
699 (768558 Gflops/s) - 708 (778454 Gflops/s) - 707 (777354 Gflops/s) - 703 (772956 Gflops/s) - 709 (779553 Gflops/s) - 719 (790548 Gflops/s) - 690 (758663 Gflops/s) - 690 (758663 Gflops/s) | Temperatures: 65°C - 65°C - 75°C - 73°C - 65°C - 65°C - 72°C - 75°C | Throttling: None - None - None - None - None - None - None - None
694 (763061 Gflops/s) - 703 (772956 Gflops/s) - 704 (774056 Gflops/s) - 701 (770757 Gflops/s) - 705 (775155 Gflops/s) - 715 (786150 Gflops/s) - 697 (766359 Gflops/s) - 686 (754264 Gflops/s) | Temperatures: 64°C - 65°C - 75°C - 73°C - 65°C - 65°C - 72°C - 75°C | Throttling: None - None - None - None - None - None - None - None
696 (765260 Gflops/s) - 705 (775155 Gflops/s) - 704 (774056 Gflops/s) - 701 (770757 Gflops/s) - 705 (775155 Gflops/s) - 715 (786150 Gflops/s) - 698 (767459 Gflops/s) - 688 (756463 Gflops/s) | Temperatures: 65°C - 65°C - 75°C - 73°C - 65°C - 65°C - 72°C - 75°C | Throttling: None - None - None - None - None - None - None - None
710 (780653 Gflops/s) - 706 (776255 Gflops/s) - 706 (776255 Gflops/s) - 702 (771857 Gflops/s) - 707 (777354 Gflops/s) - 717 (788349 Gflops/s) - 699 (768558 Gflops/s) - 688 (756463 Gflops/s) | Temperatures: 65°C - 65°C - 75°C - 73°C - 65°C - 65°C - 72°C - 75°C | Throttling: None - None - None - None - None - None - None - None
684 (752065 Gflops/s) - 706 (776255 Gflops/s) - 705 (775155 Gflops/s) - 702 (771857 Gflops/s) - 707 (777354 Gflops/s) - 717 (788349 Gflops/s) - 699 (768558 Gflops/s) - 689 (757563 Gflops/s) | Temperatures: 64°C - 65°C - 75°C - 73°C - 65°C - 65°C - 72°C - 75°C | Throttling: None - None - None - None - None - None - None - None
694 (763061 Gflops/s) - 704 (774056 Gflops/s) - 705 (775155 Gflops/s) - 701 (770757 Gflops/s) - 706 (776255 Gflops/s) - 715 (786150 Gflops/s) - 697 (766359 Gflops/s) - 687 (755364 Gflops/s) | Temperatures: 65°C - 65°C - 75°C - 73°C - 65°C - 65°C - 72°C - 75°C | Throttling: None - None - None - None - None - None - None - None
698 (767459 Gflops/s) - 706 (776255 Gflops/s) - 706 (776255 Gflops/s) - 703 (772956 Gflops/s) - 706 (776255 Gflops/s) - 718 (789449 Gflops/s) - 700 (769658 Gflops/s) - 691 (759762 Gflops/s) | Temperatures: 65°C - 65°C - 75°C - 73°C - 65°C - 65°C - 72°C - 75°C | Throttling: None - None - None - None - None - None - None - None
696 (765260 Gflops/s) - 707 (777354 Gflops/s) - 704 (774056 Gflops/s) - 701 (770757 Gflops/s) - 706 (776255 Gflops/s) - 715 (786150 Gflops/s) - 697 (766359 Gflops/s) - 691 (759762 Gflops/s) | Temperatures: 65°C - 65°C - 75°C - 73°C - 65°C - 65°C - 72°C - 75°C | Throttling: None - None - None - None - None - None - None - None
699 (768558 Gflops/s) - 705 (775155 Gflops/s) - 707 (777354 Gflops/s) - 703 (772956 Gflops/s) - 709 (779553 Gflops/s) - 719 (790548 Gflops/s) - 701 (770757 Gflops/s) - 694 (763061 Gflops/s) | Temperatures: 65°C - 65°C - 75°C - 73°C - 65°C - 65°C - 72°C - 75°C | Throttling: None - None - None - None - None - None - None - None
696 (765260 Gflops/s) - 705 (775155 Gflops/s) - 704 (774056 Gflops/s) - 700 (769658 Gflops/s) - 704 (774056 Gflops/s) - 715 (786150 Gflops/s) - 697 (766359 Gflops/s) - 691 (759762 Gflops/s) | Temperatures: 65°C - 65°C - 75°C - 73°C - 65°C - 65°C - 72°C - 75°C | Throttling: None - None - None - None - None - None - None - None
713 (783951 Gflops/s) - 721 (792747 Gflops/s) - 721 (792747 Gflops/s) - 718 (789449 Gflops/s) - 723 (794946 Gflops/s) - 733 (805942 Gflops/s) - 715 (786150 Gflops/s) - 708 (778454 Gflops/s) | Temperatures: 65°C - 65°C - 75°C - 73°C - 65°C - 65°C - 72°C - 75°C | Throttling: None - None - None - None - None - None - None - None
719 (790548 Gflops/s) - 728 (800444 Gflops/s) - 728 (800444 Gflops/s) - 724 (796046 Gflops/s) - 728 (800444 Gflops/s) - 738 (811439 Gflops/s) - 720 (791648 Gflops/s) - 713 (783951 Gflops/s) | Temperatures: 65°C - 65°C - 75°C - 73°C - 65°C - 65°C - 72°C - 75°C | Throttling: None - None - None - None - None - None - None - None
718 (789449 Gflops/s) - 726 (798245 Gflops/s) - 726 (798245 Gflops/s) - 723 (794946 Gflops/s) - 728 (800444 Gflops/s) - 738 (811439 Gflops/s) - 734 (807041 Gflops/s) - 713 (783951 Gflops/s) | Temperatures: 65°C - 65°C - 75°C - 73°C - 65°C - 65°C - 72°C - 75°C | Throttling: None - None - None - None - None - None - None - None
719 (790548 Gflops/s) - 728 (800444 Gflops/s) - 727 (799344 Gflops/s) - 723 (794946 Gflops/s) - 728 (800444 Gflops/s) - 739 (812539 Gflops/s) - 706 (776255 Gflops/s) - 714 (785051 Gflops/s) | Temperatures: 65°C - 65°C - 75°C - 73°C - 65°C - 65°C - 72°C - 75°C | Throttling: None - None - None - None - None - None - None - None
719 (790548 Gflops/s) - 727 (799344 Gflops/s) - 727 (799344 Gflops/s) - 724 (796046 Gflops/s) - 728 (800444 Gflops/s) - 738 (811439 Gflops/s) - 720 (791648 Gflops/s) - 713 (783951 Gflops/s) | Temperatures: 65°C - 65°C - 75°C - 73°C - 65°C - 65°C - 72°C - 75°C | Throttling: None - None - None - None - None - None - None - None
718 (789449 Gflops/s) - 726 (798245 Gflops/s) - 726 (798245 Gflops/s) - 722 (793847 Gflops/s) - 728 (800444 Gflops/s) - 738 (811439 Gflops/s) - 719 (790548 Gflops/s) - 713 (783951 Gflops/s) | Temperatures: 65°C - 65°C - 75°C - 73°C - 65°C - 65°C - 72°C - 75°C | Throttling: None - None - None - None - None - None - None - None
719 (790548 Gflops/s) - 727 (799344 Gflops/s) - 727 (799344 Gflops/s) - 724 (796046 Gflops/s) - 728 (800444 Gflops/s) - 739 (812539 Gflops/s) - 720 (791648 Gflops/s) - 714 (785051 Gflops/s) | Temperatures: 65°C - 65°C - 75°C - 73°C - 65°C - 65°C - 72°C - 75°C | Throttling: None - None - None - None - None - None - None - None
715 (786150 Gflops/s) - 726 (798245 Gflops/s) - 726 (798245 Gflops/s) - 723 (794946 Gflops/s) - 728 (800444 Gflops/s) - 738 (811439 Gflops/s) - 719 (790548 Gflops/s) - 712 (782852 Gflops/s) | Temperatures: 64°C - 65°C - 75°C - 73°C - 65°C - 65°C - 72°C - 75°C | Throttling: None - None - None - None - None - None - None - None
720 (791648 Gflops/s) - 728 (800444 Gflops/s) - 727 (799344 Gflops/s) - 723 (794946 Gflops/s) - 728 (800444 Gflops/s) - 738 (811439 Gflops/s) - 720 (791648 Gflops/s) - 714 (785051 Gflops/s) | Temperatures: 65°C - 65°C - 75°C - 73°C - 65°C - 65°C - 72°C - 75°C | Throttling: None - None - None - None - None - None - None - None
719 (790548 Gflops/s) - 727 (799344 Gflops/s) - 727 (799344 Gflops/s) - 724 (796046 Gflops/s) - 729 (801543 Gflops/s) - 739 (812539 Gflops/s) - 720 (791648 Gflops/s) - 713 (783951 Gflops/s) | Temperatures: 65°C - 65°C - 75°C - 73°C - 65°C - 65°C - 72°C - 75°C | Throttling: None - None - None - None - None - None - None - None
753 (827932 Gflops/s) - 762 (837827 Gflops/s) - 762 (837827 Gflops/s) - 757 (832330 Gflops/s) - 762 (837827 Gflops/s) - 773 (849922 Gflops/s) - 754 (829031 Gflops/s) - 747 (821335 Gflops/s) | Temperatures: 65°C - 65°C - 75°C - 73°C - 65°C - 65°C - 72°C - 75°C | Throttling: None - None - None - None - None - None - None - None
782 (859818 Gflops/s) - 793 (871912 Gflops/s) - 792 (870813 Gflops/s) - 789 (867514 Gflops/s) - 795 (874111 Gflops/s) - 805 (885106 Gflops/s) - 785 (863116 Gflops/s) - 778 (855420 Gflops/s) | Temperatures: 65°C - 65°C - 75°C - 73°C - 65°C - 65°C - 72°C - 75°C | Throttling: None - None - None - None - None - None - None - None
783 (860917 Gflops/s) - 793 (871912 Gflops/s) - 792 (870813 Gflops/s) - 789 (867514 Gflops/s) - 794 (873012 Gflops/s) - 805 (885106 Gflops/s) - 785 (863116 Gflops/s) - 777 (854320 Gflops/s) | Temperatures: 65°C - 65°C - 75°C - 73°C - 65°C - 65°C - 72°C - 75°C | Throttling: None - None - None - None - None - None - None - None
784 (862017 Gflops/s) - 793 (871912 Gflops/s) - 793 (871912 Gflops/s) - 789 (867514 Gflops/s) - 794 (873012 Gflops/s) - 806 (886206 Gflops/s) - 785 (863116 Gflops/s) - 778 (855420 Gflops/s) | Temperatures: 65°C - 65°C - 75°C - 73°C - 65°C - 65°C - 72°C - 75°C | Throttling: None - None - None - None - None - None - None - None
792 (870813 Gflops/s) - 794 (873012 Gflops/s) - 792 (870813 Gflops/s) - 789 (867514 Gflops/s) - 794 (873012 Gflops/s) - 805 (885106 Gflops/s) - 785 (863116 Gflops/s) - 778 (855420 Gflops/s) | Temperatures: 65°C - 65°C - 75°C - 73°C - 65°C - 65°C - 72°C - 75°C | Throttling: None - None - None - None - None - None - None - None
776 (853221 Gflops/s) - 793 (871912 Gflops/s) - 793 (871912 Gflops/s) - 800 (879609 Gflops/s) - 795 (874111 Gflops/s) - 805 (885106 Gflops/s) - 785 (863116 Gflops/s) - 778 (855420 Gflops/s) | Temperatures: 65°C - 65°C - 75°C - 73°C - 65°C - 65°C - 72°C - 75°C | Throttling: None - None - None - None - None - None - None - None
784 (862017 Gflops/s) - 793 (871912 Gflops/s) - 793 (871912 Gflops/s) - 778 (855420 Gflops/s) - 794 (873012 Gflops/s) - 806 (886206 Gflops/s) - 785 (863116 Gflops/s) - 777 (854320 Gflops/s) | Temperatures: 65°C - 65°C - 75°C - 73°C - 65°C - 65°C - 72°C - 75°C | Throttling: None - None - None - None - None - None - None - None
783 (860917 Gflops/s) - 793 (871912 Gflops/s) - 792 (870813 Gflops/s) - 789 (867514 Gflops/s) - 794 (873012 Gflops/s) - 805 (885106 Gflops/s) - 785 (863116 Gflops/s) - 778 (855420 Gflops/s) | Temperatures: 65°C - 65°C - 75°C - 73°C - 65°C - 65°C - 72°C - 75°C | Throttling: None - None - None - None - None - None - None - None
784 (862017 Gflops/s) - 793 (871912 Gflops/s) - 793 (871912 Gflops/s) - 789 (867514 Gflops/s) - 794 (873012 Gflops/s) - 805 (885106 Gflops/s) - 784 (862017 Gflops/s) - 778 (855420 Gflops/s) | Temperatures: 65°C - 65°C - 75°C - 73°C - 65°C - 65°C - 72°C - 75°C | Throttling: None - None - None - None - None - None - None - None
784 (862017 Gflops/s) - 792 (870813 Gflops/s) - 792 (870813 Gflops/s) - 789 (867514 Gflops/s) - 793 (871912 Gflops/s) - 748 (822434 Gflops/s) - 785 (863116 Gflops/s) - 778 (855420 Gflops/s) | Temperatures: 65°C - 65°C - 75°C - 73°C - 65°C - 65°C - 72°C - 75°C | Throttling: None - None - None - None - None - None - None - None
GPU #0: 792035 Gflops/s (min: 731175.23, max: 874111.74, dev: 792034.58)
         Temperature: 63.75°C (min: 55.00, max: 65.00)
         Throttling HW: false, Thermal SW: false, Thermal HW: false
GPU #1: 800054 Gflops/s (min: 739971.33, max: 878509.79, dev: 800054.32)
         Temperature: 64.26°C (min: 56.00, max: 65.00)
         Throttling HW: false, Thermal SW: false, Thermal HW: false
GPU #2: 800310 Gflops/s (min: 737772.30, max: 874111.74, dev: 800310.47)
         Temperature: 73.48°C (min: 62.00, max: 75.00)
         Throttling HW: false, Thermal SW: false, Thermal HW: false
GPU #3: 798131 Gflops/s (min: 735573.28, max: 880708.81, dev: 798131.16)
         Temperature: 70.87°C (min: 59.00, max: 73.00)
         Throttling HW: false, Thermal SW: false, Thermal HW: false
GPU #4: 798872 Gflops/s (min: 736672.79, max: 874111.74, dev: 798872.05)
         Temperature: 64.14°C (min: 56.00, max: 65.00)
         Throttling HW: false, Thermal SW: false, Thermal HW: false
GPU #5: 811566 Gflops/s (min: 750966.44, max: 903798.56, dev: 811565.69)
         Temperature: 64.73°C (min: 56.00, max: 66.00)
         Throttling HW: false, Thermal SW: false, Thermal HW: false
GPU #6: 794407 Gflops/s (min: 734473.77, max: 878509.79, dev: 794407.00)
         Temperature: 69.68°C (min: 56.00, max: 72.00)
         Throttling HW: false, Thermal SW: false, Thermal HW: false
GPU #7: 781331 Gflops/s (min: 719080.60, max: 859818.09, dev: 781331.09)
         Temperature: 72.87°C (min: 61.00, max: 75.00)
         Throttling HW: false, Thermal SW: false, Thermal HW: false
All GPUs seem healthy
Freeing GPUs...
======== Run with bf16 ==========
WARNING: Error changing the container working directory. Using '/home/shaohao' instead: chdir /home/shaohao/benchmarks/b300-nodes: no such file or directory
Detected GPU #0: "NVIDIA B300 SXM6 AC" (56e60e6d-c4a2-2372-42f3-4efdd01824d8)
Detected GPU #1: "NVIDIA B300 SXM6 AC" (ef47b0e5-0a01-e7f3-44f6-5351175396fa)
Detected GPU #2: "NVIDIA B300 SXM6 AC" (a5184e8c-4ff7-c3e9-50c2-62af25b39423)
Detected GPU #3: "NVIDIA B300 SXM6 AC" (7a3313b3-15a7-2c81-22c3-a0c0712f698e)
Detected GPU #4: "NVIDIA B300 SXM6 AC" (13b567e0-a991-3548-1d3a-9c8678c05860)
Detected GPU #5: "NVIDIA B300 SXM6 AC" (52aab791-6df9-924e-0508-b912efa448cb)
Detected GPU #6: "NVIDIA B300 SXM6 AC" (97130d1d-a968-7f24-62af-1f0e6a80dc31)
Detected GPU #7: "NVIDIA B300 SXM6 AC" (0c5bdd69-9c95-bd46-0764-e4da1198d712)
Using precision(s):  BF16 
Creating random matrices
Matrices created
GPU #0: Using 246139 MB
GPU #1: Using 246139 MB
GPU #2: Using 246139 MB
GPU #3: Using 246139 MB
GPU #4: Using 246139 MB
GPU #5: Using 246139 MB
GPU #6: Using 246139 MB
GPU #7: Using 246139 MB
2124 (2335362 Gflops/s) - 2132 (2344158 Gflops/s) - 2138 (2350755 Gflops/s) - 2136 (2348556 Gflops/s) - 2129 (2340860 Gflops/s) - 2138 (2350755 Gflops/s) - 2126 (2337561 Gflops/s) - 2103 (2312272 Gflops/s) | Temperatures: 52°C - 53°C - 61°C - 58°C - 53°C - 53°C - 57°C - 60°C | Throttling: None - None - None - None - None - None - None - None
1373 (1509629 Gflops/s) - 1393 (1531619 Gflops/s) - 1394 (1532719 Gflops/s) - 1399 (1538216 Gflops/s) - 1388 (1526122 Gflops/s) - 1406 (1545913 Gflops/s) - 1391 (1529420 Gflops/s) - 1361 (1496435 Gflops/s) | Temperatures: 54°C - 55°C - 63°C - 59°C - 54°C - 55°C - 58°C - 62°C | Throttling: None - None - None - None - None - None - None - None
1373 (1509629 Gflops/s) - 1402 (1541515 Gflops/s) - 1393 (1531619 Gflops/s) - 1399 (1538216 Gflops/s) - 1400 (1539316 Gflops/s) - 1413 (1553609 Gflops/s) - 1389 (1527221 Gflops/s) - 1356 (1490937 Gflops/s) | Temperatures: 55°C - 56°C - 63°C - 60°C - 55°C - 56°C - 58°C - 63°C | Throttling: None - None - None - None - None - None - None - None
1382 (1519525 Gflops/s) - 1401 (1540415 Gflops/s) - 1389 (1527221 Gflops/s) - 1398 (1537117 Gflops/s) - 1398 (1537117 Gflops/s) - 1409 (1549211 Gflops/s) - 1385 (1522823 Gflops/s) - 1354 (1488738 Gflops/s) | Temperatures: 56°C - 57°C - 64°C - 61°C - 56°C - 57°C - 59°C - 63°C | Throttling: None - None - None - None - None - None - None - None
1389 (1527221 Gflops/s) - 1402 (1541515 Gflops/s) - 1394 (1532719 Gflops/s) - 1399 (1538216 Gflops/s) - 1398 (1537117 Gflops/s) - 1409 (1549211 Gflops/s) - 1386 (1523923 Gflops/s) - 1354 (1488738 Gflops/s) | Temperatures: 56°C - 57°C - 65°C - 61°C - 57°C - 57°C - 59°C - 64°C | Throttling: None - None - None - None - None - None - None - None
1385 (1522823 Gflops/s) - 1400 (1539316 Gflops/s) - 1392 (1530520 Gflops/s) - 1396 (1534918 Gflops/s) - 1395 (1533818 Gflops/s) - 1407 (1547012 Gflops/s) - 1383 (1520624 Gflops/s) - 1357 (1492037 Gflops/s) | Temperatures: 57°C - 58°C - 65°C - 62°C - 57°C - 58°C - 60°C - 64°C | Throttling: None - None - None - None - None - None - None - None
1385 (1522823 Gflops/s) - 1400 (1539316 Gflops/s) - 1392 (1530520 Gflops/s) - 1395 (1533818 Gflops/s) - 1393 (1531619 Gflops/s) - 1406 (1545913 Gflops/s) - 1382 (1519525 Gflops/s) - 1363 (1498634 Gflops/s) | Temperatures: 57°C - 58°C - 65°C - 62°C - 58°C - 58°C - 60°C - 65°C | Throttling: None - None - None - None - None - None - None - None
1384 (1521724 Gflops/s) - 1402 (1541515 Gflops/s) - 1395 (1533818 Gflops/s) - 1395 (1533818 Gflops/s) - 1394 (1532719 Gflops/s) - 1407 (1547012 Gflops/s) - 1383 (1520624 Gflops/s) - 1363 (1498634 Gflops/s) | Temperatures: 57°C - 58°C - 66°C - 63°C - 58°C - 59°C - 61°C - 65°C | Throttling: None - None - None - None - None - None - None - None
1382 (1519525 Gflops/s) - 1399 (1538216 Gflops/s) - 1399 (1538216 Gflops/s) - 1393 (1531619 Gflops/s) - 1393 (1531619 Gflops/s) - 1403 (1542614 Gflops/s) - 1379 (1516226 Gflops/s) - 1361 (1496435 Gflops/s) | Temperatures: 58°C - 59°C - 66°C - 63°C - 58°C - 59°C - 61°C - 65°C | Throttling: None - None - None - None - None - None - None - None
1382 (1519525 Gflops/s) - 1399 (1538216 Gflops/s) - 1399 (1538216 Gflops/s) - 1394 (1532719 Gflops/s) - 1392 (1530520 Gflops/s) - 1405 (1544813 Gflops/s) - 1380 (1517326 Gflops/s) - 1369 (1505231 Gflops/s) | Temperatures: 58°C - 59°C - 67°C - 63°C - 59°C - 59°C - 62°C - 66°C | Throttling: None - None - None - None - None - None - None - None
1380 (1517326 Gflops/s) - 1396 (1534918 Gflops/s) - 1397 (1536017 Gflops/s) - 1391 (1529420 Gflops/s) - 1392 (1530520 Gflops/s) - 1402 (1541515 Gflops/s) - 1378 (1515127 Gflops/s) - 1368 (1504131 Gflops/s) | Temperatures: 58°C - 59°C - 67°C - 64°C - 59°C - 60°C - 62°C - 66°C | Throttling: None - None - None - None - None - None - None - None
1381 (1518425 Gflops/s) - 1396 (1534918 Gflops/s) - 1396 (1534918 Gflops/s) - 1396 (1534918 Gflops/s) - 1391 (1529420 Gflops/s) - 1403 (1542614 Gflops/s) - 1378 (1515127 Gflops/s) - 1366 (1501932 Gflops/s) | Temperatures: 59°C - 60°C - 67°C - 64°C - 59°C - 60°C - 62°C - 66°C | Throttling: None - None - None - None - None - None - None - None
1378 (1515127 Gflops/s) - 1394 (1532719 Gflops/s) - 1394 (1532719 Gflops/s) - 1399 (1538216 Gflops/s) - 1389 (1527221 Gflops/s) - 1400 (1539316 Gflops/s) - 1376 (1512927 Gflops/s) - 1363 (1498634 Gflops/s) | Temperatures: 59°C - 60°C - 67°C - 64°C - 60°C - 60°C - 63°C - 67°C | Throttling: None - None - None - None - None - None - None - None
1378 (1515127 Gflops/s) - 1394 (1532719 Gflops/s) - 1395 (1533818 Gflops/s) - 1401 (1540415 Gflops/s) - 1388 (1526122 Gflops/s) - 1401 (1540415 Gflops/s) - 1375 (1511828 Gflops/s) - 1364 (1499733 Gflops/s) | Temperatures: 59°C - 60°C - 68°C - 65°C - 60°C - 60°C - 63°C - 67°C | Throttling: None - None - None - None - None - None - None - None
1377 (1514027 Gflops/s) - 1392 (1530520 Gflops/s) - 1392 (1530520 Gflops/s) - 1405 (1544813 Gflops/s) - 1388 (1526122 Gflops/s) - 1400 (1539316 Gflops/s) - 1374 (1510728 Gflops/s) - 1362 (1497534 Gflops/s) | Temperatures: 60°C - 61°C - 68°C - 65°C - 60°C - 61°C - 63°C - 67°C | Throttling: None - None - None - None - None - None - None - None
1377 (1514027 Gflops/s) - 1393 (1531619 Gflops/s) - 1394 (1532719 Gflops/s) - 1408 (1548112 Gflops/s) - 1387 (1525022 Gflops/s) - 1400 (1539316 Gflops/s) - 1375 (1511828 Gflops/s) - 1363 (1498634 Gflops/s) | Temperatures: 60°C - 61°C - 68°C - 65°C - 60°C - 61°C - 64°C - 68°C | Throttling: None - None - None - None - None - None - None - None
1340 (1473345 Gflops/s) - 1354 (1488738 Gflops/s) - 1355 (1489838 Gflops/s) - 1369 (1505231 Gflops/s) - 1349 (1483241 Gflops/s) - 1362 (1497534 Gflops/s) - 1336 (1468947 Gflops/s) - 1326 (1457952 Gflops/s) | Temperatures: 60°C - 61°C - 69°C - 66°C - 61°C - 61°C - 64°C - 68°C | Throttling: None - None - None - None - None - None - None - None
1311 (1441459 Gflops/s) - 1325 (1456852 Gflops/s) - 1324 (1455753 Gflops/s) - 1338 (1471146 Gflops/s) - 1319 (1450255 Gflops/s) - 1332 (1464549 Gflops/s) - 1307 (1437061 Gflops/s) - 1296 (1424967 Gflops/s) | Temperatures: 60°C - 61°C - 69°C - 66°C - 61°C - 62°C - 64°C - 68°C | Throttling: None - None - None - None - None - None - None - None
1313 (1443658 Gflops/s) - 1328 (1460151 Gflops/s) - 1327 (1459051 Gflops/s) - 1341 (1474445 Gflops/s) - 1323 (1454653 Gflops/s) - 1336 (1468947 Gflops/s) - 1317 (1448056 Gflops/s) - 1298 (1427166 Gflops/s) | Temperatures: 61°C - 61°C - 69°C - 66°C - 61°C - 62°C - 64°C - 68°C | Throttling: None - None - None - None - None - None - None - None
1308 (1438161 Gflops/s) - 1323 (1454653 Gflops/s) - 1323 (1454653 Gflops/s) - 1336 (1468947 Gflops/s) - 1316 (1446957 Gflops/s) - 1330 (1462350 Gflops/s) - 1316 (1446957 Gflops/s) - 1293 (1421668 Gflops/s) | Temperatures: 61°C - 62°C - 69°C - 66°C - 61°C - 62°C - 65°C - 69°C | Throttling: None - None - None - None - None - None - None - None
1312 (1442559 Gflops/s) - 1326 (1457952 Gflops/s) - 1325 (1456852 Gflops/s) - 1338 (1471146 Gflops/s) - 1322 (1453554 Gflops/s) - 1334 (1466748 Gflops/s) - 1318 (1449156 Gflops/s) - 1297 (1426066 Gflops/s) | Temperatures: 61°C - 62°C - 69°C - 67°C - 61°C - 62°C - 65°C - 69°C | Throttling: None - None - None - None - None - None - None - None
1308 (1438161 Gflops/s) - 1322 (1453554 Gflops/s) - 1320 (1451355 Gflops/s) - 1336 (1468947 Gflops/s) - 1315 (1445857 Gflops/s) - 1331 (1463449 Gflops/s) - 1316 (1446957 Gflops/s) - 1294 (1422768 Gflops/s) | Temperatures: 61°C - 62°C - 70°C - 67°C - 62°C - 62°C - 65°C - 69°C | Throttling: None - None - None - None - None - None - None - None
1309 (1439260 Gflops/s) - 1322 (1453554 Gflops/s) - 1320 (1451355 Gflops/s) - 1334 (1466748 Gflops/s) - 1318 (1449156 Gflops/s) - 1330 (1462350 Gflops/s) - 1320 (1451355 Gflops/s) - 1294 (1422768 Gflops/s) | Temperatures: 61°C - 62°C - 70°C - 67°C - 62°C - 63°C - 65°C - 69°C | Throttling: None - None - None - None - None - None - None - None
1311 (1441459 Gflops/s) - 1326 (1457952 Gflops/s) - 1325 (1456852 Gflops/s) - 1338 (1471146 Gflops/s) - 1320 (1451355 Gflops/s) - 1333 (1465648 Gflops/s) - 1322 (1453554 Gflops/s) - 1297 (1426066 Gflops/s) | Temperatures: 61°C - 62°C - 70°C - 67°C - 62°C - 63°C - 66°C - 69°C | Throttling: None - None - None - None - None - None - None - None
1306 (1435962 Gflops/s) - 1320 (1451355 Gflops/s) - 1321 (1452454 Gflops/s) - 1333 (1465648 Gflops/s) - 1315 (1445857 Gflops/s) - 1329 (1461250 Gflops/s) - 1317 (1448056 Gflops/s) - 1293 (1421668 Gflops/s) | Temperatures: 62°C - 62°C - 70°C - 67°C - 62°C - 63°C - 66°C - 70°C | Throttling: None - None - None - None - None - None - None - None
1314 (1444758 Gflops/s) - 1328 (1460151 Gflops/s) - 1328 (1460151 Gflops/s) - 1340 (1473345 Gflops/s) - 1323 (1454653 Gflops/s) - 1336 (1468947 Gflops/s) - 1324 (1455753 Gflops/s) - 1299 (1428265 Gflops/s) | Temperatures: 62°C - 63°C - 70°C - 68°C - 62°C - 63°C - 66°C - 70°C | Throttling: None - None - None - None - None - None - None - None
1304 (1433763 Gflops/s) - 1316 (1446957 Gflops/s) - 1317 (1448056 Gflops/s) - 1330 (1462350 Gflops/s) - 1314 (1444758 Gflops/s) - 1327 (1459051 Gflops/s) - 1314 (1444758 Gflops/s) - 1290 (1418369 Gflops/s) | Temperatures: 62°C - 63°C - 70°C - 68°C - 62°C - 63°C - 66°C - 70°C | Throttling: None - None - None - None - None - None - None - None
1305 (1434862 Gflops/s) - 1318 (1449156 Gflops/s) - 1318 (1449156 Gflops/s) - 1332 (1464549 Gflops/s) - 1313 (1443658 Gflops/s) - 1328 (1460151 Gflops/s) - 1316 (1446957 Gflops/s) - 1292 (1420569 Gflops/s) | Temperatures: 62°C - 63°C - 71°C - 68°C - 62°C - 63°C - 66°C - 70°C | Throttling: None - None - None - None - None - None - None - None
1311 (1441459 Gflops/s) - 1323 (1454653 Gflops/s) - 1322 (1453554 Gflops/s) - 1336 (1468947 Gflops/s) - 1320 (1451355 Gflops/s) - 1331 (1463449 Gflops/s) - 1320 (1451355 Gflops/s) - 1296 (1424967 Gflops/s) | Temperatures: 62°C - 63°C - 71°C - 68°C - 63°C - 63°C - 66°C - 70°C | Throttling: None - None - None - None - None - None - None - None
1305 (1434862 Gflops/s) - 1319 (1450255 Gflops/s) - 1319 (1450255 Gflops/s) - 1330 (1462350 Gflops/s) - 1315 (1445857 Gflops/s) - 1328 (1460151 Gflops/s) - 1315 (1445857 Gflops/s) - 1292 (1420569 Gflops/s) | Temperatures: 62°C - 63°C - 71°C - 68°C - 63°C - 63°C - 67°C - 70°C | Throttling: None - None - None - None - None - None - None - None
1305 (1434862 Gflops/s) - 1316 (1446957 Gflops/s) - 1317 (1448056 Gflops/s) - 1328 (1460151 Gflops/s) - 1312 (1442559 Gflops/s) - 1325 (1456852 Gflops/s) - 1313 (1443658 Gflops/s) - 1290 (1418369 Gflops/s) | Temperatures: 62°C - 63°C - 71°C - 68°C - 63°C - 64°C - 67°C - 71°C | Throttling: None - None - None - None - None - None - None - None
1309 (1439260 Gflops/s) - 1322 (1453554 Gflops/s) - 1321 (1452454 Gflops/s) - 1335 (1467848 Gflops/s) - 1318 (1449156 Gflops/s) - 1332 (1464549 Gflops/s) - 1319 (1450255 Gflops/s) - 1294 (1422768 Gflops/s) | Temperatures: 62°C - 63°C - 71°C - 69°C - 63°C - 64°C - 67°C - 71°C | Throttling: None - None - None - None - None - None - None - None
1303 (1432663 Gflops/s) - 1316 (1446957 Gflops/s) - 1316 (1446957 Gflops/s) - 1327 (1459051 Gflops/s) - 1312 (1442559 Gflops/s) - 1326 (1457952 Gflops/s) - 1313 (1443658 Gflops/s) - 1290 (1418369 Gflops/s) | Temperatures: 63°C - 63°C - 71°C - 69°C - 63°C - 64°C - 67°C - 71°C | Throttling: None - None - None - None - None - None - None - None
1311 (1441459 Gflops/s) - 1323 (1454653 Gflops/s) - 1324 (1455753 Gflops/s) - 1335 (1467848 Gflops/s) - 1320 (1451355 Gflops/s) - 1333 (1465648 Gflops/s) - 1320 (1451355 Gflops/s) - 1297 (1426066 Gflops/s) | Temperatures: 63°C - 64°C - 72°C - 69°C - 63°C - 64°C - 67°C - 71°C | Throttling: None - None - None - None - None - None - None - None
1302 (1431564 Gflops/s) - 1314 (1444758 Gflops/s) - 1314 (1444758 Gflops/s) - 1325 (1456852 Gflops/s) - 1311 (1441459 Gflops/s) - 1323 (1454653 Gflops/s) - 1310 (1440360 Gflops/s) - 1286 (1413971 Gflops/s) | Temperatures: 63°C - 64°C - 72°C - 69°C - 63°C - 64°C - 67°C - 71°C | Throttling: None - None - None - None - None - None - None - None
1302 (1431564 Gflops/s) - 1314 (1444758 Gflops/s) - 1315 (1445857 Gflops/s) - 1326 (1457952 Gflops/s) - 1312 (1442559 Gflops/s) - 1325 (1456852 Gflops/s) - 1311 (1441459 Gflops/s) - 1289 (1417270 Gflops/s) | Temperatures: 63°C - 64°C - 72°C - 69°C - 63°C - 64°C - 68°C - 71°C | Throttling: None - None - None - None - None - None - None - None
1308 (1438161 Gflops/s) - 1320 (1451355 Gflops/s) - 1319 (1450255 Gflops/s) - 1331 (1463449 Gflops/s) - 1316 (1446957 Gflops/s) - 1329 (1461250 Gflops/s) - 1316 (1446957 Gflops/s) - 1292 (1420569 Gflops/s) | Temperatures: 63°C - 64°C - 72°C - 69°C - 63°C - 64°C - 68°C - 71°C | Throttling: None - None - None - None - None - None - None - None
1303 (1432663 Gflops/s) - 1315 (1445857 Gflops/s) - 1316 (1446957 Gflops/s) - 1326 (1457952 Gflops/s) - 1312 (1442559 Gflops/s) - 1326 (1457952 Gflops/s) - 1312 (1442559 Gflops/s) - 1288 (1416170 Gflops/s) | Temperatures: 63°C - 64°C - 72°C - 69°C - 63°C - 64°C - 68°C - 72°C | Throttling: None - None - None - None - None - None - None - None
1301 (1430464 Gflops/s) - 1315 (1445857 Gflops/s) - 1313 (1443658 Gflops/s) - 1324 (1455753 Gflops/s) - 1312 (1442559 Gflops/s) - 1324 (1455753 Gflops/s) - 1310 (1440360 Gflops/s) - 1286 (1413971 Gflops/s) | Temperatures: 63°C - 64°C - 72°C - 70°C - 63°C - 64°C - 68°C - 72°C | Throttling: None - None - None - None - None - None - None - None
1307 (1437061 Gflops/s) - 1319 (1450255 Gflops/s) - 1321 (1452454 Gflops/s) - 1329 (1461250 Gflops/s) - 1317 (1448056 Gflops/s) - 1330 (1462350 Gflops/s) - 1315 (1445857 Gflops/s) - 1292 (1420569 Gflops/s) | Temperatures: 63°C - 64°C - 72°C - 70°C - 64°C - 64°C - 68°C - 72°C | Throttling: None - None - None - None - None - None - None - None
1458 (1603087 Gflops/s) - 1471 (1617381 Gflops/s) - 1471 (1617381 Gflops/s) - 1482 (1629476 Gflops/s) - 1468 (1614083 Gflops/s) - 1481 (1628376 Gflops/s) - 1466 (1611884 Gflops/s) - 1439 (1582197 Gflops/s) | Temperatures: 63°C - 64°C - 72°C - 70°C - 64°C - 64°C - 68°C - 72°C | Throttling: None - None - None - None - None - None - None - None
1492 (1640471 Gflops/s) - 1505 (1654764 Gflops/s) - 1507 (1656964 Gflops/s) - 1516 (1666859 Gflops/s) - 1502 (1651466 Gflops/s) - 1516 (1666859 Gflops/s) - 1499 (1648167 Gflops/s) - 1473 (1619580 Gflops/s) | Temperatures: 64°C - 64°C - 73°C - 70°C - 64°C - 65°C - 69°C - 72°C | Throttling: None - None - None - None - None - None - None - None
1491 (1639371 Gflops/s) - 1505 (1654764 Gflops/s) - 1507 (1656964 Gflops/s) - 1515 (1665760 Gflops/s) - 1502 (1651466 Gflops/s) - 1517 (1667959 Gflops/s) - 1499 (1648167 Gflops/s) - 1473 (1619580 Gflops/s) | Temperatures: 64°C - 64°C - 73°C - 70°C - 64°C - 65°C - 69°C - 72°C | Throttling: None - None - None - None - None - None - None - None
1491 (1639371 Gflops/s) - 1505 (1654764 Gflops/s) - 1506 (1655864 Gflops/s) - 1515 (1665760 Gflops/s) - 1503 (1652565 Gflops/s) - 1516 (1666859 Gflops/s) - 1498 (1647068 Gflops/s) - 1472 (1618481 Gflops/s) | Temperatures: 64°C - 64°C - 73°C - 70°C - 64°C - 65°C - 69°C - 72°C | Throttling: None - None - None - None - None - None - None - None
1490 (1638272 Gflops/s) - 1504 (1653665 Gflops/s) - 1506 (1655864 Gflops/s) - 1514 (1664660 Gflops/s) - 1503 (1652565 Gflops/s) - 1524 (1675655 Gflops/s) - 1499 (1648167 Gflops/s) - 1472 (1618481 Gflops/s) | Temperatures: 64°C - 64°C - 73°C - 70°C - 64°C - 65°C - 69°C - 72°C | Throttling: None - None - None - None - None - None - None - None
1491 (1639371 Gflops/s) - 1504 (1653665 Gflops/s) - 1506 (1655864 Gflops/s) - 1515 (1665760 Gflops/s) - 1502 (1651466 Gflops/s) - 1538 (1691048 Gflops/s) - 1498 (1647068 Gflops/s) - 1473 (1619580 Gflops/s) | Temperatures: 64°C - 64°C - 73°C - 70°C - 64°C - 65°C - 69°C - 72°C | Throttling: None - None - None - None - None - None - None - None
1490 (1638272 Gflops/s) - 1505 (1654764 Gflops/s) - 1506 (1655864 Gflops/s) - 1514 (1664660 Gflops/s) - 1502 (1651466 Gflops/s) - 1538 (1691048 Gflops/s) - 1498 (1647068 Gflops/s) - 1471 (1617381 Gflops/s) | Temperatures: 64°C - 64°C - 73°C - 70°C - 64°C - 65°C - 69°C - 72°C | Throttling: None - None - None - None - None - None - None - None
1491 (1639371 Gflops/s) - 1504 (1653665 Gflops/s) - 1506 (1655864 Gflops/s) - 1515 (1665760 Gflops/s) - 1503 (1652565 Gflops/s) - 1538 (1691048 Gflops/s) - 1498 (1647068 Gflops/s) - 1472 (1618481 Gflops/s) | Temperatures: 64°C - 64°C - 73°C - 70°C - 64°C - 65°C - 69°C - 73°C | Throttling: None - None - None - None - None - None - None - None
1490 (1638272 Gflops/s) - 1504 (1653665 Gflops/s) - 1506 (1655864 Gflops/s) - 1514 (1664660 Gflops/s) - 1502 (1651466 Gflops/s) - 1538 (1691048 Gflops/s) - 1497 (1645968 Gflops/s) - 1469 (1615182 Gflops/s) | Temperatures: 64°C - 64°C - 73°C - 71°C - 64°C - 65°C - 69°C - 73°C | Throttling: None - None - None - None - None - None - None - None
1492 (1640471 Gflops/s) - 1505 (1654764 Gflops/s) - 1507 (1656964 Gflops/s) - 1516 (1666859 Gflops/s) - 1504 (1653665 Gflops/s) - 1539 (1692148 Gflops/s) - 1499 (1648167 Gflops/s) - 1472 (1618481 Gflops/s) | Temperatures: 64°C - 64°C - 73°C - 71°C - 64°C - 65°C - 69°C - 73°C | Throttling: None - None - None - None - None - None - None - None
1491 (1639371 Gflops/s) - 1504 (1653665 Gflops/s) - 1506 (1655864 Gflops/s) - 1514 (1664660 Gflops/s) - 1502 (1651466 Gflops/s) - 1536 (1688849 Gflops/s) - 1496 (1644869 Gflops/s) - 1470 (1616282 Gflops/s) | Temperatures: 64°C - 64°C - 73°C - 71°C - 64°C - 65°C - 69°C - 73°C | Throttling: None - None - None - None - None - None - None - None
1491 (1639371 Gflops/s) - 1503 (1652565 Gflops/s) - 1506 (1655864 Gflops/s) - 1514 (1664660 Gflops/s) - 1503 (1652565 Gflops/s) - 1537 (1689949 Gflops/s) - 1496 (1644869 Gflops/s) - 1469 (1615182 Gflops/s) | Temperatures: 64°C - 64°C - 73°C - 71°C - 64°C - 65°C - 69°C - 73°C | Throttling: None - None - None - None - None - None - None - None
1489 (1637172 Gflops/s) - 1504 (1653665 Gflops/s) - 1505 (1654764 Gflops/s) - 1514 (1664660 Gflops/s) - 1502 (1651466 Gflops/s) - 1537 (1689949 Gflops/s) - 1497 (1645968 Gflops/s) - 1469 (1615182 Gflops/s) | Temperatures: 64°C - 64°C - 73°C - 71°C - 64°C - 65°C - 69°C - 73°C | Throttling: None - None - None - None - None - None - None - None
1489 (1637172 Gflops/s) - 1503 (1652565 Gflops/s) - 1506 (1655864 Gflops/s) - 1514 (1664660 Gflops/s) - 1502 (1651466 Gflops/s) - 1536 (1688849 Gflops/s) - 1496 (1644869 Gflops/s) - 1470 (1616282 Gflops/s) | Temperatures: 64°C - 65°C - 73°C - 71°C - 64°C - 65°C - 70°C - 73°C | Throttling: None - None - None - None - None - None - None - None
1490 (1638272 Gflops/s) - 1504 (1653665 Gflops/s) - 1506 (1655864 Gflops/s) - 1514 (1664660 Gflops/s) - 1503 (1652565 Gflops/s) - 1538 (1691048 Gflops/s) - 1497 (1645968 Gflops/s) - 1469 (1615182 Gflops/s) | Temperatures: 64°C - 65°C - 73°C - 71°C - 64°C - 65°C - 70°C - 73°C | Throttling: None - None - None - None - None - None - None - None
1467 (1612983 Gflops/s) - 1484 (1631675 Gflops/s) - 1483 (1630575 Gflops/s) - 1491 (1639371 Gflops/s) - 1480 (1627277 Gflops/s) - 1513 (1663561 Gflops/s) - 1473 (1619580 Gflops/s) - 1446 (1589893 Gflops/s) | Temperatures: 64°C - 64°C - 73°C - 71°C - 64°C - 65°C - 70°C - 73°C | Throttling: None - None - None - None - None - None - None - None
1364 (1499733 Gflops/s) - 1383 (1520624 Gflops/s) - 1379 (1516226 Gflops/s) - 1387 (1525022 Gflops/s) - 1376 (1512927 Gflops/s) - 1408 (1548112 Gflops/s) - 1371 (1507430 Gflops/s) - 1346 (1479942 Gflops/s) | Temperatures: 64°C - 64°C - 74°C - 71°C - 64°C - 65°C - 70°C - 73°C | Throttling: None - None - None - None - None - None - None - None
1365 (1500833 Gflops/s) - 1383 (1520624 Gflops/s) - 1381 (1518425 Gflops/s) - 1389 (1527221 Gflops/s) - 1378 (1515127 Gflops/s) - 1410 (1550311 Gflops/s) - 1371 (1507430 Gflops/s) - 1348 (1482141 Gflops/s) | Temperatures: 64°C - 64°C - 74°C - 71°C - 64°C - 65°C - 70°C - 73°C | Throttling: None - None - None - None - None - None - None - None
1364 (1499733 Gflops/s) - 1382 (1519525 Gflops/s) - 1379 (1516226 Gflops/s) - 1387 (1525022 Gflops/s) - 1377 (1514027 Gflops/s) - 1408 (1548112 Gflops/s) - 1371 (1507430 Gflops/s) - 1345 (1478843 Gflops/s) | Temperatures: 64°C - 64°C - 74°C - 71°C - 64°C - 65°C - 70°C - 73°C | Throttling: None - None - None - None - None - None - None - None
1366 (1501932 Gflops/s) - 1383 (1520624 Gflops/s) - 1380 (1517326 Gflops/s) - 1389 (1527221 Gflops/s) - 1377 (1514027 Gflops/s) - 1409 (1549211 Gflops/s) - 1371 (1507430 Gflops/s) - 1347 (1481042 Gflops/s) | Temperatures: 64°C - 64°C - 74°C - 71°C - 64°C - 65°C - 70°C - 73°C | Throttling: None - None - None - None - None - None - None - None
1364 (1499733 Gflops/s) - 1383 (1520624 Gflops/s) - 1380 (1517326 Gflops/s) - 1387 (1525022 Gflops/s) - 1376 (1512927 Gflops/s) - 1408 (1548112 Gflops/s) - 1369 (1505231 Gflops/s) - 1346 (1479942 Gflops/s) | Temperatures: 64°C - 64°C - 74°C - 71°C - 64°C - 65°C - 70°C - 73°C | Throttling: None - None - None - None - None - None - None - None
1365 (1500833 Gflops/s) - 1383 (1520624 Gflops/s) - 1380 (1517326 Gflops/s) - 1387 (1525022 Gflops/s) - 1378 (1515127 Gflops/s) - 1410 (1550311 Gflops/s) - 1371 (1507430 Gflops/s) - 1347 (1481042 Gflops/s) | Temperatures: 64°C - 64°C - 74°C - 71°C - 64°C - 65°C - 70°C - 73°C | Throttling: None - None - None - None - None - None - None - None
1364 (1499733 Gflops/s) - 1382 (1519525 Gflops/s) - 1379 (1516226 Gflops/s) - 1387 (1525022 Gflops/s) - 1375 (1511828 Gflops/s) - 1408 (1548112 Gflops/s) - 1370 (1506330 Gflops/s) - 1345 (1478843 Gflops/s) | Temperatures: 64°C - 64°C - 74°C - 71°C - 64°C - 65°C - 70°C - 73°C | Throttling: None - None - None - None - None - None - None - None
1364 (1499733 Gflops/s) - 1382 (1519525 Gflops/s) - 1379 (1516226 Gflops/s) - 1387 (1525022 Gflops/s) - 1376 (1512927 Gflops/s) - 1407 (1547012 Gflops/s) - 1369 (1505231 Gflops/s) - 1344 (1477743 Gflops/s) | Temperatures: 64°C - 64°C - 74°C - 71°C - 64°C - 65°C - 70°C - 73°C | Throttling: None - None - None - None - None - None - None - None
1366 (1501932 Gflops/s) - 1383 (1520624 Gflops/s) - 1380 (1517326 Gflops/s) - 1387 (1525022 Gflops/s) - 1378 (1515127 Gflops/s) - 1408 (1548112 Gflops/s) - 1371 (1507430 Gflops/s) - 1346 (1479942 Gflops/s) | Temperatures: 64°C - 64°C - 74°C - 72°C - 64°C - 65°C - 70°C - 73°C | Throttling: None - None - None - None - None - None - None - None
1364 (1499733 Gflops/s) - 1382 (1519525 Gflops/s) - 1380 (1517326 Gflops/s) - 1386 (1523923 Gflops/s) - 1376 (1512927 Gflops/s) - 1407 (1547012 Gflops/s) - 1369 (1505231 Gflops/s) - 1344 (1477743 Gflops/s) | Temperatures: 64°C - 64°C - 74°C - 72°C - 64°C - 65°C - 70°C - 73°C | Throttling: None - None - None - None - None - None - None - None
1366 (1501932 Gflops/s) - 1384 (1521724 Gflops/s) - 1380 (1517326 Gflops/s) - 1387 (1525022 Gflops/s) - 1377 (1514027 Gflops/s) - 1407 (1547012 Gflops/s) - 1371 (1507430 Gflops/s) - 1346 (1479942 Gflops/s) | Temperatures: 64°C - 65°C - 74°C - 72°C - 64°C - 65°C - 70°C - 73°C | Throttling: None - None - None - None - None - None - None - None
1364 (1499733 Gflops/s) - 1381 (1518425 Gflops/s) - 1379 (1516226 Gflops/s) - 1386 (1523923 Gflops/s) - 1376 (1512927 Gflops/s) - 1408 (1548112 Gflops/s) - 1370 (1506330 Gflops/s) - 1344 (1477743 Gflops/s) | Temperatures: 64°C - 65°C - 74°C - 72°C - 64°C - 65°C - 70°C - 74°C | Throttling: None - None - None - None - None - None - None - None
1365 (1500833 Gflops/s) - 1382 (1519525 Gflops/s) - 1381 (1518425 Gflops/s) - 1388 (1526122 Gflops/s) - 1378 (1515127 Gflops/s) - 1410 (1550311 Gflops/s) - 1370 (1506330 Gflops/s) - 1345 (1478843 Gflops/s) | Temperatures: 64°C - 65°C - 74°C - 72°C - 64°C - 65°C - 70°C - 74°C | Throttling: None - None - None - None - None - None - None - None
1365 (1500833 Gflops/s) - 1382 (1519525 Gflops/s) - 1379 (1516226 Gflops/s) - 1386 (1523923 Gflops/s) - 1377 (1514027 Gflops/s) - 1406 (1545913 Gflops/s) - 1369 (1505231 Gflops/s) - 1344 (1477743 Gflops/s) | Temperatures: 64°C - 65°C - 74°C - 72°C - 64°C - 65°C - 70°C - 74°C | Throttling: None - None - None - None - None - None - None - None
1365 (1500833 Gflops/s) - 1383 (1520624 Gflops/s) - 1380 (1517326 Gflops/s) - 1387 (1525022 Gflops/s) - 1377 (1514027 Gflops/s) - 1409 (1549211 Gflops/s) - 1370 (1506330 Gflops/s) - 1345 (1478843 Gflops/s) | Temperatures: 64°C - 65°C - 74°C - 72°C - 64°C - 65°C - 70°C - 74°C | Throttling: None - None - None - None - None - None - None - None
1363 (1498634 Gflops/s) - 1382 (1519525 Gflops/s) - 1379 (1516226 Gflops/s) - 1386 (1523923 Gflops/s) - 1376 (1512927 Gflops/s) - 1405 (1544813 Gflops/s) - 1369 (1505231 Gflops/s) - 1344 (1477743 Gflops/s) | Temperatures: 64°C - 65°C - 74°C - 72°C - 64°C - 65°C - 70°C - 74°C | Throttling: None - None - None - None - None - None - None - None
1365 (1500833 Gflops/s) - 1382 (1519525 Gflops/s) - 1381 (1518425 Gflops/s) - 1387 (1525022 Gflops/s) - 1377 (1514027 Gflops/s) - 1409 (1549211 Gflops/s) - 1370 (1506330 Gflops/s) - 1345 (1478843 Gflops/s) | Temperatures: 64°C - 65°C - 74°C - 72°C - 64°C - 65°C - 70°C - 74°C | Throttling: None - None - None - None - None - None - None - None
1363 (1498634 Gflops/s) - 1382 (1519525 Gflops/s) - 1380 (1517326 Gflops/s) - 1386 (1523923 Gflops/s) - 1376 (1512927 Gflops/s) - 1407 (1547012 Gflops/s) - 1369 (1505231 Gflops/s) - 1343 (1476644 Gflops/s) | Temperatures: 64°C - 65°C - 74°C - 72°C - 64°C - 65°C - 70°C - 74°C | Throttling: None - None - None - None - None - None - None - None
1364 (1499733 Gflops/s) - 1381 (1518425 Gflops/s) - 1389 (1527221 Gflops/s) - 1385 (1522823 Gflops/s) - 1376 (1512927 Gflops/s) - 1406 (1545913 Gflops/s) - 1369 (1505231 Gflops/s) - 1343 (1476644 Gflops/s) | Temperatures: 64°C - 65°C - 74°C - 72°C - 64°C - 65°C - 70°C - 74°C | Throttling: None - None - None - None - None - None - None - None
1364 (1499733 Gflops/s) - 1382 (1519525 Gflops/s) - 1390 (1528321 Gflops/s) - 1386 (1523923 Gflops/s) - 1377 (1514027 Gflops/s) - 1407 (1547012 Gflops/s) - 1370 (1506330 Gflops/s) - 1345 (1478843 Gflops/s) | Temperatures: 64°C - 65°C - 74°C - 72°C - 64°C - 65°C - 71°C - 74°C | Throttling: None - None - None - None - None - None - None - None
1365 (1500833 Gflops/s) - 1381 (1518425 Gflops/s) - 1388 (1526122 Gflops/s) - 1385 (1522823 Gflops/s) - 1375 (1511828 Gflops/s) - 1406 (1545913 Gflops/s) - 1369 (1505231 Gflops/s) - 1342 (1475544 Gflops/s) | Temperatures: 64°C - 65°C - 74°C - 72°C - 64°C - 65°C - 70°C - 74°C | Throttling: None - None - None - None - None - None - None - None
1365 (1500833 Gflops/s) - 1383 (1520624 Gflops/s) - 1390 (1528321 Gflops/s) - 1386 (1523923 Gflops/s) - 1376 (1512927 Gflops/s) - 1408 (1548112 Gflops/s) - 1370 (1506330 Gflops/s) - 1345 (1478843 Gflops/s) | Temperatures: 64°C - 65°C - 74°C - 72°C - 64°C - 65°C - 71°C - 74°C | Throttling: None - None - None - None - None - None - None - None
1364 (1499733 Gflops/s) - 1381 (1518425 Gflops/s) - 1387 (1525022 Gflops/s) - 1386 (1523923 Gflops/s) - 1375 (1511828 Gflops/s) - 1406 (1545913 Gflops/s) - 1368 (1504131 Gflops/s) - 1342 (1475544 Gflops/s) | Temperatures: 64°C - 65°C - 74°C - 72°C - 64°C - 65°C - 70°C - 74°C | Throttling: None - None - None - None - None - None - None - None
1364 (1499733 Gflops/s) - 1382 (1519525 Gflops/s) - 1390 (1528321 Gflops/s) - 1385 (1522823 Gflops/s) - 1377 (1514027 Gflops/s) - 1408 (1548112 Gflops/s) - 1370 (1506330 Gflops/s) - 1343 (1476644 Gflops/s) | Temperatures: 64°C - 65°C - 74°C - 72°C - 64°C - 65°C - 71°C - 74°C | Throttling: None - None - None - None - None - None - None - None
1364 (1499733 Gflops/s) - 1380 (1517326 Gflops/s) - 1388 (1526122 Gflops/s) - 1384 (1521724 Gflops/s) - 1376 (1512927 Gflops/s) - 1407 (1547012 Gflops/s) - 1368 (1504131 Gflops/s) - 1343 (1476644 Gflops/s) | Temperatures: 64°C - 65°C - 74°C - 72°C - 65°C - 65°C - 71°C - 74°C | Throttling: None - None - None - None - None - None - None - None
1321 (1452454 Gflops/s) - 1337 (1470047 Gflops/s) - 1344 (1477743 Gflops/s) - 1342 (1475544 Gflops/s) - 1333 (1465648 Gflops/s) - 1363 (1498634 Gflops/s) - 1325 (1456852 Gflops/s) - 1300 (1429365 Gflops/s) | Temperatures: 65°C - 65°C - 74°C - 72°C - 65°C - 65°C - 71°C - 74°C | Throttling: None - None - None - None - None - None - None - None
1302 (1431564 Gflops/s) - 1318 (1449156 Gflops/s) - 1324 (1455753 Gflops/s) - 1322 (1453554 Gflops/s) - 1314 (1444758 Gflops/s) - 1342 (1475544 Gflops/s) - 1307 (1437061 Gflops/s) - 1282 (1409573 Gflops/s) | Temperatures: 65°C - 65°C - 74°C - 72°C - 65°C - 65°C - 71°C - 74°C | Throttling: None - None - None - None - None - None - None - None
1303 (1432663 Gflops/s) - 1321 (1452454 Gflops/s) - 1326 (1457952 Gflops/s) - 1324 (1455753 Gflops/s) - 1315 (1445857 Gflops/s) - 1345 (1478843 Gflops/s) - 1307 (1437061 Gflops/s) - 1283 (1410673 Gflops/s) | Temperatures: 65°C - 65°C - 74°C - 72°C - 65°C - 65°C - 71°C - 74°C | Throttling: None - None - None - None - None - None - None - None
1307 (1437061 Gflops/s) - 1324 (1455753 Gflops/s) - 1330 (1462350 Gflops/s) - 1327 (1459051 Gflops/s) - 1319 (1450255 Gflops/s) - 1346 (1479942 Gflops/s) - 1312 (1442559 Gflops/s) - 1287 (1415071 Gflops/s) | Temperatures: 64°C - 65°C - 75°C - 72°C - 65°C - 65°C - 71°C - 74°C | Throttling: None - None - None - None - None - None - None - None
1304 (1433763 Gflops/s) - 1319 (1450255 Gflops/s) - 1325 (1456852 Gflops/s) - 1322 (1453554 Gflops/s) - 1315 (1445857 Gflops/s) - 1344 (1477743 Gflops/s) - 1307 (1437061 Gflops/s) - 1284 (1411772 Gflops/s) | Temperatures: 64°C - 65°C - 75°C - 72°C - 65°C - 65°C - 71°C - 74°C | Throttling: None - None - None - None - None - None - None - None
1303 (1432663 Gflops/s) - 1320 (1451355 Gflops/s) - 1326 (1457952 Gflops/s) - 1322 (1453554 Gflops/s) - 1316 (1446957 Gflops/s) - 1344 (1477743 Gflops/s) - 1309 (1439260 Gflops/s) - 1283 (1410673 Gflops/s) | Temperatures: 65°C - 65°C - 75°C - 72°C - 65°C - 65°C - 71°C - 74°C | Throttling: None - None - None - None - None - None - None - None
1305 (1434862 Gflops/s) - 1322 (1453554 Gflops/s) - 1328 (1460151 Gflops/s) - 1325 (1456852 Gflops/s) - 1317 (1448056 Gflops/s) - 1344 (1477743 Gflops/s) - 1308 (1438161 Gflops/s) - 1285 (1412872 Gflops/s) | Temperatures: 65°C - 65°C - 75°C - 72°C - 65°C - 65°C - 71°C - 74°C | Throttling: None - None - None - None - None - None - None - None
1306 (1435962 Gflops/s) - 1323 (1454653 Gflops/s) - 1332 (1464549 Gflops/s) - 1325 (1456852 Gflops/s) - 1318 (1449156 Gflops/s) - 1346 (1479942 Gflops/s) - 1311 (1441459 Gflops/s) - 1287 (1415071 Gflops/s) | Temperatures: 65°C - 65°C - 75°C - 72°C - 65°C - 65°C - 71°C - 74°C | Throttling: None - None - None - None - None - None - None - None
1309 (1439260 Gflops/s) - 1324 (1455753 Gflops/s) - 1337 (1470047 Gflops/s) - 1329 (1461250 Gflops/s) - 1321 (1452454 Gflops/s) - 1350 (1484340 Gflops/s) - 1313 (1443658 Gflops/s) - 1288 (1416170 Gflops/s) | Temperatures: 65°C - 65°C - 75°C - 72°C - 65°C - 65°C - 71°C - 74°C | Throttling: None - None - None - None - None - None - None - None
1301 (1430464 Gflops/s) - 1318 (1449156 Gflops/s) - 1331 (1463449 Gflops/s) - 1320 (1451355 Gflops/s) - 1313 (1443658 Gflops/s) - 1342 (1475544 Gflops/s) - 1305 (1434862 Gflops/s) - 1281 (1408474 Gflops/s) | Temperatures: 65°C - 65°C - 75°C - 72°C - 65°C - 65°C - 71°C - 74°C | Throttling: None - None - None - None - None - None - None - None
1303 (1432663 Gflops/s) - 1319 (1450255 Gflops/s) - 1331 (1463449 Gflops/s) - 1322 (1453554 Gflops/s) - 1315 (1445857 Gflops/s) - 1344 (1477743 Gflops/s) - 1307 (1437061 Gflops/s) - 1282 (1409573 Gflops/s) | Temperatures: 65°C - 65°C - 75°C - 72°C - 65°C - 65°C - 71°C - 74°C | Throttling: None - None - None - None - None - None - None - None
1308 (1438161 Gflops/s) - 1324 (1455753 Gflops/s) - 1336 (1468947 Gflops/s) - 1326 (1457952 Gflops/s) - 1319 (1450255 Gflops/s) - 1348 (1482141 Gflops/s) - 1312 (1442559 Gflops/s) - 1287 (1415071 Gflops/s) | Temperatures: 65°C - 65°C - 75°C - 72°C - 65°C - 65°C - 71°C - 74°C | Throttling: None - None - None - None - None - None - None - None
1302 (1431564 Gflops/s) - 1317 (1448056 Gflops/s) - 1330 (1462350 Gflops/s) - 1320 (1451355 Gflops/s) - 1314 (1444758 Gflops/s) - 1343 (1476644 Gflops/s) - 1306 (1435962 Gflops/s) - 1281 (1408474 Gflops/s) | Temperatures: 65°C - 65°C - 75°C - 72°C - 65°C - 65°C - 71°C - 74°C | Throttling: None - None - None - None - None - None - None - None
1305 (1434862 Gflops/s) - 1321 (1452454 Gflops/s) - 1332 (1464549 Gflops/s) - 1323 (1454653 Gflops/s) - 1317 (1448056 Gflops/s) - 1345 (1478843 Gflops/s) - 1308 (1438161 Gflops/s) - 1283 (1410673 Gflops/s) | Temperatures: 65°C - 65°C - 75°C - 73°C - 65°C - 65°C - 71°C - 74°C | Throttling: None - None - None - None - None - None - None - None
1307 (1437061 Gflops/s) - 1323 (1454653 Gflops/s) - 1337 (1470047 Gflops/s) - 1326 (1457952 Gflops/s) - 1319 (1450255 Gflops/s) - 1349 (1483241 Gflops/s) - 1312 (1442559 Gflops/s) - 1286 (1413971 Gflops/s) | Temperatures: 65°C - 65°C - 75°C - 73°C - 65°C - 66°C - 71°C - 74°C | Throttling: None - None - None - None - None - None - None - None
1303 (1432663 Gflops/s) - 1319 (1450255 Gflops/s) - 1332 (1464549 Gflops/s) - 1322 (1453554 Gflops/s) - 1315 (1445857 Gflops/s) - 1345 (1478843 Gflops/s) - 1307 (1437061 Gflops/s) - 1283 (1410673 Gflops/s) | Temperatures: 65°C - 65°C - 75°C - 73°C - 65°C - 65°C - 71°C - 74°C | Throttling: None - None - None - None - None - None - None - None
1304 (1433763 Gflops/s) - 1321 (1452454 Gflops/s) - 1333 (1465648 Gflops/s) - 1323 (1454653 Gflops/s) - 1316 (1446957 Gflops/s) - 1345 (1478843 Gflops/s) - 1308 (1438161 Gflops/s) - 1283 (1410673 Gflops/s) | Temperatures: 65°C - 65°C - 75°C - 73°C - 65°C - 66°C - 71°C - 74°C | Throttling: None - None - None - None - None - None - None - None
1303 (1432663 Gflops/s) - 1319 (1450255 Gflops/s) - 1332 (1464549 Gflops/s) - 1322 (1453554 Gflops/s) - 1316 (1446957 Gflops/s) - 1344 (1477743 Gflops/s) - 1308 (1438161 Gflops/s) - 1283 (1410673 Gflops/s) | Temperatures: 65°C - 65°C - 75°C - 73°C - 65°C - 66°C - 71°C - 74°C | Throttling: None - None - None - None - None - None - None - None
1305 (1434862 Gflops/s) - 1322 (1453554 Gflops/s) - 1334 (1466748 Gflops/s) - 1323 (1454653 Gflops/s) - 1318 (1449156 Gflops/s) - 1346 (1479942 Gflops/s) - 1308 (1438161 Gflops/s) - 1285 (1412872 Gflops/s) | Temperatures: 65°C - 65°C - 75°C - 73°C - 65°C - 65°C - 71°C - 74°C | Throttling: None - None - None - None - None - None - None - None
1307 (1437061 Gflops/s) - 1322 (1453554 Gflops/s) - 1335 (1467848 Gflops/s) - 1326 (1457952 Gflops/s) - 1318 (1449156 Gflops/s) - 1348 (1482141 Gflops/s) - 1310 (1440360 Gflops/s) - 1286 (1413971 Gflops/s) | Temperatures: 65°C - 65°C - 75°C - 73°C - 65°C - 66°C - 71°C - 74°C | Throttling: None - None - None - None - None - None - None - None
1304 (1433763 Gflops/s) - 1328 (1460151 Gflops/s) - 1332 (1464549 Gflops/s) - 1323 (1454653 Gflops/s) - 1317 (1448056 Gflops/s) - 1345 (1478843 Gflops/s) - 1308 (1438161 Gflops/s) - 1283 (1410673 Gflops/s) | Temperatures: 65°C - 65°C - 75°C - 73°C - 65°C - 65°C - 71°C - 74°C | Throttling: None - None - None - None - None - None - None - None
1302 (1431564 Gflops/s) - 1328 (1460151 Gflops/s) - 1330 (1462350 Gflops/s) - 1321 (1452454 Gflops/s) - 1314 (1444758 Gflops/s) - 1343 (1476644 Gflops/s) - 1306 (1435962 Gflops/s) - 1282 (1409573 Gflops/s) | Temperatures: 65°C - 65°C - 75°C - 73°C - 65°C - 66°C - 71°C - 74°C | Throttling: None - None - None - None - None - None - None - None
1306 (1435962 Gflops/s) - 1333 (1465648 Gflops/s) - 1335 (1467848 Gflops/s) - 1325 (1456852 Gflops/s) - 1319 (1450255 Gflops/s) - 1346 (1479942 Gflops/s) - 1311 (1441459 Gflops/s) - 1285 (1412872 Gflops/s) | Temperatures: 65°C - 65°C - 75°C - 73°C - 65°C - 66°C - 71°C - 74°C | Throttling: None - None - None - None - None - None - None - None
1440 (1583296 Gflops/s) - 1469 (1615182 Gflops/s) - 1471 (1617381 Gflops/s) - 1460 (1605286 Gflops/s) - 1452 (1596490 Gflops/s) - 1484 (1631675 Gflops/s) - 1444 (1587694 Gflops/s) - 1416 (1556908 Gflops/s) | Temperatures: 65°C - 65°C - 75°C - 73°C - 65°C - 66°C - 71°C - 74°C | Throttling: None - None - None - None - None - None - None - None
1495 (1643769 Gflops/s) - 1517 (1667959 Gflops/s) - 1519 (1670158 Gflops/s) - 1508 (1658063 Gflops/s) - 1501 (1650366 Gflops/s) - 1532 (1684451 Gflops/s) - 1491 (1639371 Gflops/s) - 1465 (1610784 Gflops/s) | Temperatures: 65°C - 65°C - 75°C - 73°C - 65°C - 66°C - 71°C - 74°C | Throttling: None - None - None - None - None - None - None - None
1495 (1643769 Gflops/s) - 1517 (1667959 Gflops/s) - 1520 (1671257 Gflops/s) - 1508 (1658063 Gflops/s) - 1500 (1649267 Gflops/s) - 1533 (1685551 Gflops/s) - 1492 (1640471 Gflops/s) - 1473 (1619580 Gflops/s) | Temperatures: 65°C - 65°C - 75°C - 73°C - 65°C - 66°C - 71°C - 74°C | Throttling: None - None - None - None - None - None - None - None
1495 (1643769 Gflops/s) - 1517 (1667959 Gflops/s) - 1520 (1671257 Gflops/s) - 1507 (1656964 Gflops/s) - 1515 (1665760 Gflops/s) - 1533 (1685551 Gflops/s) - 1492 (1640471 Gflops/s) - 1474 (1620680 Gflops/s) | Temperatures: 65°C - 65°C - 75°C - 73°C - 65°C - 66°C - 71°C - 74°C | Throttling: None - None - None - None - None - None - None - None
1495 (1643769 Gflops/s) - 1517 (1667959 Gflops/s) - 1520 (1671257 Gflops/s) - 1508 (1658063 Gflops/s) - 1517 (1667959 Gflops/s) - 1532 (1684451 Gflops/s) - 1491 (1639371 Gflops/s) - 1475 (1621779 Gflops/s) | Temperatures: 65°C - 65°C - 75°C - 73°C - 65°C - 66°C - 71°C - 74°C | Throttling: None - None - None - None - None - None - None - None
1494 (1642670 Gflops/s) - 1517 (1667959 Gflops/s) - 1519 (1670158 Gflops/s) - 1508 (1658063 Gflops/s) - 1516 (1666859 Gflops/s) - 1532 (1684451 Gflops/s) - 1492 (1640471 Gflops/s) - 1474 (1620680 Gflops/s) | Temperatures: 65°C - 65°C - 75°C - 73°C - 65°C - 66°C - 72°C - 74°C | Throttling: None - None - None - None - None - None - None - None
1496 (1644869 Gflops/s) - 1517 (1667959 Gflops/s) - 1519 (1670158 Gflops/s) - 1508 (1658063 Gflops/s) - 1517 (1667959 Gflops/s) - 1533 (1685551 Gflops/s) - 1491 (1639371 Gflops/s) - 1474 (1620680 Gflops/s) | Temperatures: 65°C - 65°C - 75°C - 73°C - 65°C - 66°C - 71°C - 74°C | Throttling: None - None - None - None - None - None - None - None
1495 (1643769 Gflops/s) - 1518 (1669058 Gflops/s) - 1520 (1671257 Gflops/s) - 1508 (1658063 Gflops/s) - 1518 (1669058 Gflops/s) - 1531 (1683352 Gflops/s) - 1491 (1639371 Gflops/s) - 1474 (1620680 Gflops/s) | Temperatures: 65°C - 65°C - 75°C - 73°C - 65°C - 66°C - 71°C - 74°C | Throttling: None - None - None - None - None - None - None - None
1496 (1644869 Gflops/s) - 1519 (1670158 Gflops/s) - 1520 (1671257 Gflops/s) - 1509 (1659163 Gflops/s) - 1518 (1669058 Gflops/s) - 1534 (1686650 Gflops/s) - 1492 (1640471 Gflops/s) - 1475 (1621779 Gflops/s) | Temperatures: 65°C - 65°C - 75°C - 73°C - 65°C - 66°C - 72°C - 74°C | Throttling: None - None - None - None - None - None - None - None
1495 (1643769 Gflops/s) - 1516 (1666859 Gflops/s) - 1519 (1670158 Gflops/s) - 1507 (1656964 Gflops/s) - 1517 (1667959 Gflops/s) - 1533 (1685551 Gflops/s) - 1491 (1639371 Gflops/s) - 1475 (1621779 Gflops/s) | Temperatures: 65°C - 65°C - 75°C - 73°C - 65°C - 66°C - 72°C - 74°C | Throttling: None - None - None - None - None - None - None - None
1497 (1645968 Gflops/s) - 1518 (1669058 Gflops/s) - 1519 (1670158 Gflops/s) - 1507 (1656964 Gflops/s) - 1517 (1667959 Gflops/s) - 1532 (1684451 Gflops/s) - 1492 (1640471 Gflops/s) - 1483 (1630575 Gflops/s) | Temperatures: 65°C - 65°C - 75°C - 73°C - 65°C - 66°C - 71°C - 75°C | Throttling: None - None - None - None - None - None - None - None
1504 (1653665 Gflops/s) - 1517 (1667959 Gflops/s) - 1520 (1671257 Gflops/s) - 1507 (1656964 Gflops/s) - 1518 (1669058 Gflops/s) - 1533 (1685551 Gflops/s) - 1491 (1639371 Gflops/s) - 1490 (1638272 Gflops/s) | Temperatures: 65°C - 65°C - 75°C - 73°C - 65°C - 66°C - 71°C - 75°C | Throttling: None - None - None - None - None - None - None - None
1504 (1653665 Gflops/s) - 1517 (1667959 Gflops/s) - 1518 (1669058 Gflops/s) - 1507 (1656964 Gflops/s) - 1517 (1667959 Gflops/s) - 1532 (1684451 Gflops/s) - 1490 (1638272 Gflops/s) - 1490 (1638272 Gflops/s) | Temperatures: 65°C - 65°C - 75°C - 73°C - 65°C - 66°C - 71°C - 75°C | Throttling: None - None - None - None - None - None - None - None
1455 (1599789 Gflops/s) - 1468 (1614083 Gflops/s) - 1470 (1616282 Gflops/s) - 1459 (1604187 Gflops/s) - 1469 (1615182 Gflops/s) - 1482 (1629476 Gflops/s) - 1443 (1586595 Gflops/s) - 1442 (1585495 Gflops/s) | Temperatures: 65°C - 65°C - 75°C - 73°C - 65°C - 66°C - 71°C - 75°C | Throttling: None - None - None - None - None - None - None - None
1380 (1517326 Gflops/s) - 1391 (1529420 Gflops/s) - 1393 (1531619 Gflops/s) - 1381 (1518425 Gflops/s) - 1391 (1529420 Gflops/s) - 1406 (1545913 Gflops/s) - 1367 (1503032 Gflops/s) - 1366 (1501932 Gflops/s) | Temperatures: 65°C - 65°C - 75°C - 73°C - 65°C - 66°C - 71°C - 75°C | Throttling: None - None - None - None - None - None - None - None
1378 (1515127 Gflops/s) - 1390 (1528321 Gflops/s) - 1391 (1529420 Gflops/s) - 1381 (1518425 Gflops/s) - 1390 (1528321 Gflops/s) - 1403 (1542614 Gflops/s) - 1366 (1501932 Gflops/s) - 1365 (1500833 Gflops/s) | Temperatures: 65°C - 65°C - 75°C - 73°C - 65°C - 66°C - 71°C - 75°C | Throttling: None - None - None - None - None - None - None - None
1379 (1516226 Gflops/s) - 1392 (1530520 Gflops/s) - 1393 (1531619 Gflops/s) - 1383 (1520624 Gflops/s) - 1391 (1529420 Gflops/s) - 1406 (1545913 Gflops/s) - 1369 (1505231 Gflops/s) - 1367 (1503032 Gflops/s) | Temperatures: 65°C - 65°C - 75°C - 73°C - 65°C - 66°C - 71°C - 75°C | Throttling: None - None - None - None - None - None - None - None
1378 (1515127 Gflops/s) - 1390 (1528321 Gflops/s) - 1392 (1530520 Gflops/s) - 1380 (1517326 Gflops/s) - 1390 (1528321 Gflops/s) - 1405 (1544813 Gflops/s) - 1365 (1500833 Gflops/s) - 1365 (1500833 Gflops/s) | Temperatures: 65°C - 65°C - 75°C - 73°C - 65°C - 66°C - 72°C - 75°C | Throttling: None - None - None - None - None - None - None - None
1378 (1515127 Gflops/s) - 1389 (1527221 Gflops/s) - 1392 (1530520 Gflops/s) - 1381 (1518425 Gflops/s) - 1391 (1529420 Gflops/s) - 1405 (1544813 Gflops/s) - 1366 (1501932 Gflops/s) - 1365 (1500833 Gflops/s) | Temperatures: 65°C - 65°C - 75°C - 73°C - 65°C - 66°C - 72°C - 75°C | Throttling: None - None - None - None - None - None - None - None
1379 (1516226 Gflops/s) - 1392 (1530520 Gflops/s) - 1392 (1530520 Gflops/s) - 1381 (1518425 Gflops/s) - 1391 (1529420 Gflops/s) - 1406 (1545913 Gflops/s) - 1367 (1503032 Gflops/s) - 1367 (1503032 Gflops/s) | Temperatures: 65°C - 65°C - 75°C - 73°C - 65°C - 66°C - 71°C - 75°C | Throttling: None - None - None - None - None - None - None - None
1378 (1515127 Gflops/s) - 1390 (1528321 Gflops/s) - 1392 (1530520 Gflops/s) - 1381 (1518425 Gflops/s) - 1390 (1528321 Gflops/s) - 1405 (1544813 Gflops/s) - 1365 (1500833 Gflops/s) - 1365 (1500833 Gflops/s) | Temperatures: 65°C - 65°C - 75°C - 73°C - 65°C - 66°C - 72°C - 75°C | Throttling: None - None - None - None - None - None - None - None
1379 (1516226 Gflops/s) - 1391 (1529420 Gflops/s) - 1393 (1531619 Gflops/s) - 1382 (1519525 Gflops/s) - 1392 (1530520 Gflops/s) - 1406 (1545913 Gflops/s) - 1368 (1504131 Gflops/s) - 1366 (1501932 Gflops/s) | Temperatures: 65°C - 65°C - 75°C - 73°C - 65°C - 66°C - 71°C - 75°C | Throttling: None - None - None - None - None - None - None - None
1377 (1514027 Gflops/s) - 1390 (1528321 Gflops/s) - 1391 (1529420 Gflops/s) - 1380 (1517326 Gflops/s) - 1390 (1528321 Gflops/s) - 1406 (1545913 Gflops/s) - 1366 (1501932 Gflops/s) - 1365 (1500833 Gflops/s) | Temperatures: 65°C - 65°C - 75°C - 73°C - 65°C - 66°C - 72°C - 75°C | Throttling: None - None - None - None - None - None - None - None
1380 (1517326 Gflops/s) - 1391 (1529420 Gflops/s) - 1393 (1531619 Gflops/s) - 1382 (1519525 Gflops/s) - 1391 (1529420 Gflops/s) - 1407 (1547012 Gflops/s) - 1367 (1503032 Gflops/s) - 1366 (1501932 Gflops/s) | Temperatures: 65°C - 65°C - 75°C - 73°C - 65°C - 66°C - 72°C - 75°C | Throttling: None - None - None - None - None - None - None - None
1378 (1515127 Gflops/s) - 1390 (1528321 Gflops/s) - 1392 (1530520 Gflops/s) - 1381 (1518425 Gflops/s) - 1390 (1528321 Gflops/s) - 1404 (1543714 Gflops/s) - 1366 (1501932 Gflops/s) - 1365 (1500833 Gflops/s) | Temperatures: 65°C - 65°C - 75°C - 73°C - 65°C - 66°C - 72°C - 75°C | Throttling: None - None - None - None - None - None - None - None
1377 (1514027 Gflops/s) - 1389 (1527221 Gflops/s) - 1391 (1529420 Gflops/s) - 1379 (1516226 Gflops/s) - 1390 (1528321 Gflops/s) - 1405 (1544813 Gflops/s) - 1366 (1501932 Gflops/s) - 1364 (1499733 Gflops/s) | Temperatures: 65°C - 65°C - 75°C - 73°C - 65°C - 66°C - 72°C - 75°C | Throttling: None - None - None - None - None - None - None - None
1380 (1517326 Gflops/s) - 1391 (1529420 Gflops/s) - 1392 (1530520 Gflops/s) - 1382 (1519525 Gflops/s) - 1391 (1529420 Gflops/s) - 1406 (1545913 Gflops/s) - 1366 (1501932 Gflops/s) - 1366 (1501932 Gflops/s) | Temperatures: 65°C - 65°C - 75°C - 73°C - 65°C - 66°C - 72°C - 75°C | Throttling: None - None - None - None - None - None - None - None
1377 (1514027 Gflops/s) - 1390 (1528321 Gflops/s) - 1391 (1529420 Gflops/s) - 1380 (1517326 Gflops/s) - 1389 (1527221 Gflops/s) - 1405 (1544813 Gflops/s) - 1366 (1501932 Gflops/s) - 1365 (1500833 Gflops/s) | Temperatures: 65°C - 65°C - 75°C - 73°C - 65°C - 66°C - 72°C - 75°C | Throttling: None - None - None - None - None - None - None - None
1380 (1517326 Gflops/s) - 1390 (1528321 Gflops/s) - 1393 (1531619 Gflops/s) - 1381 (1518425 Gflops/s) - 1392 (1530520 Gflops/s) - 1406 (1545913 Gflops/s) - 1367 (1503032 Gflops/s) - 1366 (1501932 Gflops/s) | Temperatures: 65°C - 65°C - 75°C - 73°C - 65°C - 66°C - 72°C - 75°C | Throttling: None - None - None - None - None - None - None - None
1378 (1515127 Gflops/s) - 1390 (1528321 Gflops/s) - 1391 (1529420 Gflops/s) - 1380 (1517326 Gflops/s) - 1391 (1529420 Gflops/s) - 1403 (1542614 Gflops/s) - 1365 (1500833 Gflops/s) - 1364 (1499733 Gflops/s) | Temperatures: 65°C - 65°C - 75°C - 73°C - 65°C - 66°C - 72°C - 75°C | Throttling: None - None - None - None - None - None - None - None
1379 (1516226 Gflops/s) - 1391 (1529420 Gflops/s) - 1393 (1531619 Gflops/s) - 1381 (1518425 Gflops/s) - 1390 (1528321 Gflops/s) - 1406 (1545913 Gflops/s) - 1366 (1501932 Gflops/s) - 1366 (1501932 Gflops/s) | Temperatures: 65°C - 65°C - 75°C - 73°C - 65°C - 66°C - 72°C - 75°C | Throttling: None - None - None - None - None - None - None - None
1378 (1515127 Gflops/s) - 1389 (1527221 Gflops/s) - 1391 (1529420 Gflops/s) - 1380 (1517326 Gflops/s) - 1390 (1528321 Gflops/s) - 1404 (1543714 Gflops/s) - 1366 (1501932 Gflops/s) - 1365 (1500833 Gflops/s) | Temperatures: 65°C - 65°C - 75°C - 73°C - 65°C - 66°C - 72°C - 75°C | Throttling: None - None - None - None - None - None - None - None
1379 (1516226 Gflops/s) - 1390 (1528321 Gflops/s) - 1392 (1530520 Gflops/s) - 1380 (1517326 Gflops/s) - 1391 (1529420 Gflops/s) - 1406 (1545913 Gflops/s) - 1366 (1501932 Gflops/s) - 1366 (1501932 Gflops/s) | Temperatures: 65°C - 65°C - 75°C - 73°C - 65°C - 66°C - 72°C - 75°C | Throttling: None - None - None - None - None - None - None - None
1379 (1516226 Gflops/s) - 1390 (1528321 Gflops/s) - 1391 (1529420 Gflops/s) - 1380 (1517326 Gflops/s) - 1389 (1527221 Gflops/s) - 1406 (1545913 Gflops/s) - 1366 (1501932 Gflops/s) - 1365 (1500833 Gflops/s) | Temperatures: 65°C - 65°C - 75°C - 73°C - 65°C - 66°C - 72°C - 75°C | Throttling: None - None - None - None - None - None - None - None
1379 (1516226 Gflops/s) - 1390 (1528321 Gflops/s) - 1393 (1531619 Gflops/s) - 1382 (1519525 Gflops/s) - 1392 (1530520 Gflops/s) - 1405 (1544813 Gflops/s) - 1367 (1503032 Gflops/s) - 1366 (1501932 Gflops/s) | Temperatures: 65°C - 65°C - 75°C - 73°C - 65°C - 66°C - 72°C - 75°C | Throttling: None - None - None - None - None - None - None - None
1377 (1514027 Gflops/s) - 1390 (1528321 Gflops/s) - 1390 (1528321 Gflops/s) - 1380 (1517326 Gflops/s) - 1390 (1528321 Gflops/s) - 1403 (1542614 Gflops/s) - 1365 (1500833 Gflops/s) - 1364 (1499733 Gflops/s) | Temperatures: 65°C - 65°C - 75°C - 73°C - 65°C - 66°C - 72°C - 75°C | Throttling: None - None - None - None - None - None - None - None
1379 (1516226 Gflops/s) - 1391 (1529420 Gflops/s) - 1392 (1530520 Gflops/s) - 1381 (1518425 Gflops/s) - 1390 (1528321 Gflops/s) - 1406 (1545913 Gflops/s) - 1366 (1501932 Gflops/s) - 1366 (1501932 Gflops/s) | Temperatures: 65°C - 65°C - 75°C - 73°C - 65°C - 66°C - 72°C - 75°C | Throttling: None - None - None - None - None - None - None - None
1378 (1515127 Gflops/s) - 1390 (1528321 Gflops/s) - 1391 (1529420 Gflops/s) - 1380 (1517326 Gflops/s) - 1390 (1528321 Gflops/s) - 1404 (1543714 Gflops/s) - 1365 (1500833 Gflops/s) - 1364 (1499733 Gflops/s) | Temperatures: 65°C - 65°C - 75°C - 73°C - 65°C - 66°C - 72°C - 75°C | Throttling: None - None - None - None - None - None - None - None
1380 (1517326 Gflops/s) - 1391 (1529420 Gflops/s) - 1392 (1530520 Gflops/s) - 1381 (1518425 Gflops/s) - 1391 (1529420 Gflops/s) - 1406 (1545913 Gflops/s) - 1368 (1504131 Gflops/s) - 1366 (1501932 Gflops/s) | Temperatures: 65°C - 65°C - 75°C - 73°C - 65°C - 66°C - 72°C - 75°C | Throttling: None - None - None - None - None - None - None - None
1378 (1515127 Gflops/s) - 1390 (1528321 Gflops/s) - 1391 (1529420 Gflops/s) - 1381 (1518425 Gflops/s) - 1390 (1528321 Gflops/s) - 1404 (1543714 Gflops/s) - 1365 (1500833 Gflops/s) - 1364 (1499733 Gflops/s) | Temperatures: 65°C - 65°C - 75°C - 73°C - 65°C - 66°C - 72°C - 75°C | Throttling: None - None - None - None - None - None - None - None
1377 (1514027 Gflops/s) - 1390 (1528321 Gflops/s) - 1390 (1528321 Gflops/s) - 1380 (1517326 Gflops/s) - 1390 (1528321 Gflops/s) - 1405 (1544813 Gflops/s) - 1366 (1501932 Gflops/s) - 1365 (1500833 Gflops/s) | Temperatures: 65°C - 65°C - 75°C - 73°C - 65°C - 66°C - 72°C - 75°C | Throttling: None - None - None - None - None - None - None - None
1315 (1445857 Gflops/s) - 1325 (1456852 Gflops/s) - 1327 (1459051 Gflops/s) - 1316 (1446957 Gflops/s) - 1325 (1456852 Gflops/s) - 1339 (1472246 Gflops/s) - 1302 (1431564 Gflops/s) - 1301 (1430464 Gflops/s) | Temperatures: 65°C - 65°C - 75°C - 73°C - 65°C - 66°C - 72°C - 75°C | Throttling: None - None - None - None - None - None - None - None
1264 (1389782 Gflops/s) - 1275 (1401877 Gflops/s) - 1276 (1402976 Gflops/s) - 1266 (1391981 Gflops/s) - 1276 (1402976 Gflops/s) - 1290 (1418369 Gflops/s) - 1253 (1377688 Gflops/s) - 1253 (1377688 Gflops/s) | Temperatures: 65°C - 65°C - 75°C - 73°C - 65°C - 66°C - 72°C - 75°C | Throttling: None - None - None - None - None - None - None - None
1270 (1396379 Gflops/s) - 1282 (1409573 Gflops/s) - 1283 (1410673 Gflops/s) - 1274 (1400777 Gflops/s) - 1283 (1410673 Gflops/s) - 1296 (1424967 Gflops/s) - 1260 (1385384 Gflops/s) - 1259 (1384285 Gflops/s) | Temperatures: 65°C - 65°C - 75°C - 73°C - 65°C - 66°C - 72°C - 75°C | Throttling: None - None - None - None - None - None - None - None
1280 (1407374 Gflops/s) - 1288 (1416170 Gflops/s) - 1290 (1418369 Gflops/s) - 1281 (1408474 Gflops/s) - 1290 (1418369 Gflops/s) - 1303 (1432663 Gflops/s) - 1266 (1391981 Gflops/s) - 1266 (1391981 Gflops/s) | Temperatures: 65°C - 65°C - 75°C - 73°C - 65°C - 66°C - 72°C - 75°C | Throttling: None - None - None - None - None - None - None - None
1272 (1398578 Gflops/s) - 1282 (1409573 Gflops/s) - 1283 (1410673 Gflops/s) - 1274 (1400777 Gflops/s) - 1282 (1409573 Gflops/s) - 1297 (1426066 Gflops/s) - 1261 (1386484 Gflops/s) - 1257 (1382086 Gflops/s) | Temperatures: 65°C - 65°C - 75°C - 73°C - 65°C - 66°C - 72°C - 75°C | Throttling: None - None - None - None - None - None - None - None
1273 (1399678 Gflops/s) - 1283 (1410673 Gflops/s) - 1284 (1411772 Gflops/s) - 1274 (1400777 Gflops/s) - 1285 (1412872 Gflops/s) - 1298 (1427166 Gflops/s) - 1261 (1386484 Gflops/s) - 1256 (1380986 Gflops/s) | Temperatures: 65°C - 65°C - 75°C - 73°C - 65°C - 66°C - 72°C - 75°C | Throttling: None - None - None - None - None - None - None - None
1274 (1400777 Gflops/s) - 1286 (1413971 Gflops/s) - 1286 (1413971 Gflops/s) - 1278 (1405175 Gflops/s) - 1286 (1413971 Gflops/s) - 1299 (1428265 Gflops/s) - 1264 (1389782 Gflops/s) - 1263 (1388683 Gflops/s) | Temperatures: 65°C - 65°C - 75°C - 73°C - 65°C - 66°C - 72°C - 75°C | Throttling: None - None - None - None - None - None - None - None
1271 (1397479 Gflops/s) - 1280 (1407374 Gflops/s) - 1281 (1408474 Gflops/s) - 1272 (1398578 Gflops/s) - 1281 (1408474 Gflops/s) - 1295 (1423867 Gflops/s) - 1258 (1383185 Gflops/s) - 1258 (1383185 Gflops/s) | Temperatures: 65°C - 65°C - 75°C - 73°C - 65°C - 66°C - 72°C - 75°C | Throttling: None - None - None - None - None - None - None - None
1285 (1412872 Gflops/s) - 1296 (1424967 Gflops/s) - 1297 (1426066 Gflops/s) - 1287 (1415071 Gflops/s) - 1297 (1426066 Gflops/s) - 1309 (1439260 Gflops/s) - 1274 (1400777 Gflops/s) - 1273 (1399678 Gflops/s) | Temperatures: 65°C - 65°C - 75°C - 73°C - 65°C - 66°C - 72°C - 75°C | Throttling: None - None - None - None - None - None - None - None
1263 (1388683 Gflops/s) - 1273 (1399678 Gflops/s) - 1274 (1400777 Gflops/s) - 1266 (1391981 Gflops/s) - 1274 (1400777 Gflops/s) - 1289 (1417270 Gflops/s) - 1252 (1376588 Gflops/s) - 1251 (1375489 Gflops/s) | Temperatures: 65°C - 65°C - 75°C - 73°C - 65°C - 66°C - 72°C - 75°C | Throttling: None - None - None - None - None - None - None - None
1271 (1397479 Gflops/s) - 1282 (1409573 Gflops/s) - 1283 (1410673 Gflops/s) - 1273 (1399678 Gflops/s) - 1282 (1409573 Gflops/s) - 1295 (1423867 Gflops/s) - 1260 (1385384 Gflops/s) - 1259 (1384285 Gflops/s) | Temperatures: 65°C - 65°C - 75°C - 73°C - 65°C - 66°C - 72°C - 75°C | Throttling: None - None - None - None - None - None - None - None
1279 (1406275 Gflops/s) - 1288 (1416170 Gflops/s) - 1290 (1418369 Gflops/s) - 1280 (1407374 Gflops/s) - 1289 (1417270 Gflops/s) - 1303 (1432663 Gflops/s) - 1267 (1393081 Gflops/s) - 1263 (1388683 Gflops/s) | Temperatures: 65°C - 65°C - 75°C - 73°C - 65°C - 66°C - 72°C - 75°C | Throttling: None - None - None - None - None - None - None - None
1283 (1410673 Gflops/s) - 1293 (1421668 Gflops/s) - 1294 (1422768 Gflops/s) - 1285 (1412872 Gflops/s) - 1293 (1421668 Gflops/s) - 1307 (1437061 Gflops/s) - 1270 (1396379 Gflops/s) - 1270 (1396379 Gflops/s) | Temperatures: 65°C - 65°C - 75°C - 73°C - 65°C - 66°C - 72°C - 75°C | Throttling: None - None - None - None - None - None - None - None
1303 (1432663 Gflops/s) - 1314 (1444758 Gflops/s) - 1315 (1445857 Gflops/s) - 1305 (1434862 Gflops/s) - 1316 (1446957 Gflops/s) - 1329 (1461250 Gflops/s) - 1291 (1419469 Gflops/s) - 1290 (1418369 Gflops/s) | Temperatures: 65°C - 65°C - 75°C - 73°C - 65°C - 66°C - 72°C - 75°C | Throttling: None - None - None - None - None - None - None - None
1307 (1437061 Gflops/s) - 1318 (1449156 Gflops/s) - 1318 (1449156 Gflops/s) - 1309 (1439260 Gflops/s) - 1318 (1449156 Gflops/s) - 1333 (1465648 Gflops/s) - 1294 (1422768 Gflops/s) - 1292 (1420569 Gflops/s) | Temperatures: 65°C - 65°C - 75°C - 73°C - 65°C - 66°C - 72°C - 75°C | Throttling: None - None - None - None - None - None - None - None
1301 (1430464 Gflops/s) - 1313 (1443658 Gflops/s) - 1313 (1443658 Gflops/s) - 1304 (1433763 Gflops/s) - 1313 (1443658 Gflops/s) - 1327 (1459051 Gflops/s) - 1290 (1418369 Gflops/s) - 1289 (1417270 Gflops/s) | Temperatures: 65°C - 65°C - 75°C - 73°C - 65°C - 66°C - 72°C - 75°C | Throttling: None - None - None - None - None - None - None - None
1312 (1442559 Gflops/s) - 1322 (1453554 Gflops/s) - 1324 (1455753 Gflops/s) - 1313 (1443658 Gflops/s) - 1323 (1454653 Gflops/s) - 1336 (1468947 Gflops/s) - 1299 (1428265 Gflops/s) - 1299 (1428265 Gflops/s) | Temperatures: 65°C - 65°C - 75°C - 73°C - 65°C - 66°C - 72°C - 75°C | Throttling: None - None - None - None - None - None - None - None
1297 (1426066 Gflops/s) - 1309 (1439260 Gflops/s) - 1310 (1440360 Gflops/s) - 1300 (1429365 Gflops/s) - 1309 (1439260 Gflops/s) - 1321 (1452454 Gflops/s) - 1285 (1412872 Gflops/s) - 1285 (1412872 Gflops/s) | Temperatures: 65°C - 65°C - 75°C - 73°C - 65°C - 66°C - 72°C - 75°C | Throttling: None - None - None - None - None - None - None - None
1301 (1430464 Gflops/s) - 1313 (1443658 Gflops/s) - 1314 (1444758 Gflops/s) - 1303 (1432663 Gflops/s) - 1313 (1443658 Gflops/s) - 1327 (1459051 Gflops/s) - 1290 (1418369 Gflops/s) - 1289 (1417270 Gflops/s) | Temperatures: 65°C - 65°C - 75°C - 73°C - 65°C - 66°C - 72°C - 75°C | Throttling: None - None - None - None - None - None - None - None
1308 (1438161 Gflops/s) - 1318 (1449156 Gflops/s) - 1319 (1450255 Gflops/s) - 1309 (1439260 Gflops/s) - 1318 (1449156 Gflops/s) - 1332 (1464549 Gflops/s) - 1295 (1423867 Gflops/s) - 1293 (1421668 Gflops/s) | Temperatures: 65°C - 65°C - 75°C - 73°C - 65°C - 66°C - 72°C - 75°C | Throttling: None - None - None - None - None - None - None - None
1302 (1431564 Gflops/s) - 1313 (1443658 Gflops/s) - 1313 (1443658 Gflops/s) - 1304 (1433763 Gflops/s) - 1312 (1442559 Gflops/s) - 1326 (1457952 Gflops/s) - 1290 (1418369 Gflops/s) - 1289 (1417270 Gflops/s) | Temperatures: 65°C - 65°C - 75°C - 73°C - 65°C - 66°C - 72°C - 75°C | Throttling: None - None - None - None - None - None - None - None
1302 (1431564 Gflops/s) - 1313 (1443658 Gflops/s) - 1315 (1445857 Gflops/s) - 1304 (1433763 Gflops/s) - 1315 (1445857 Gflops/s) - 1326 (1457952 Gflops/s) - 1290 (1418369 Gflops/s) - 1290 (1418369 Gflops/s) | Temperatures: 65°C - 65°C - 75°C - 73°C - 65°C - 66°C - 72°C - 75°C | Throttling: None - None - None - None - None - None - None - None
1307 (1437061 Gflops/s) - 1318 (1449156 Gflops/s) - 1318 (1449156 Gflops/s) - 1307 (1437061 Gflops/s) - 1318 (1449156 Gflops/s) - 1331 (1463449 Gflops/s) - 1295 (1423867 Gflops/s) - 1293 (1421668 Gflops/s) | Temperatures: 65°C - 65°C - 75°C - 73°C - 65°C - 66°C - 72°C - 75°C | Throttling: None - None - None - None - None - None - None - None
1318 (1449156 Gflops/s) - 1329 (1461250 Gflops/s) - 1329 (1461250 Gflops/s) - 1320 (1451355 Gflops/s) - 1329 (1461250 Gflops/s) - 1342 (1475544 Gflops/s) - 1305 (1434862 Gflops/s) - 1305 (1434862 Gflops/s) | Temperatures: 65°C - 65°C - 75°C - 73°C - 65°C - 66°C - 72°C - 75°C | Throttling: None - None - None - None - None - None - None - None
1504 (1653665 Gflops/s) - 1518 (1669058 Gflops/s) - 1519 (1670158 Gflops/s) - 1506 (1655864 Gflops/s) - 1518 (1669058 Gflops/s) - 1534 (1686650 Gflops/s) - 1491 (1639371 Gflops/s) - 1491 (1639371 Gflops/s) | Temperatures: 65°C - 65°C - 75°C - 73°C - 65°C - 66°C - 72°C - 75°C | Throttling: None - None - None - None - None - None - None - None
1504 (1653665 Gflops/s) - 1516 (1666859 Gflops/s) - 1516 (1666859 Gflops/s) - 1506 (1655864 Gflops/s) - 1517 (1667959 Gflops/s) - 1531 (1683352 Gflops/s) - 1490 (1638272 Gflops/s) - 1484 (1631675 Gflops/s) | Temperatures: 65°C - 65°C - 75°C - 73°C - 65°C - 66°C - 72°C - 75°C | Throttling: None - None - None - None - None - None - None - None
1504 (1653665 Gflops/s) - 1517 (1667959 Gflops/s) - 1518 (1669058 Gflops/s) - 1506 (1655864 Gflops/s) - 1516 (1666859 Gflops/s) - 1533 (1685551 Gflops/s) - 1489 (1637172 Gflops/s) - 1490 (1638272 Gflops/s) | Temperatures: 65°C - 65°C - 75°C - 73°C - 65°C - 66°C - 72°C - 75°C | Throttling: None - None - None - None - None - None - None - None
1503 (1652565 Gflops/s) - 1516 (1666859 Gflops/s) - 1518 (1669058 Gflops/s) - 1506 (1655864 Gflops/s) - 1517 (1667959 Gflops/s) - 1531 (1683352 Gflops/s) - 1490 (1638272 Gflops/s) - 1489 (1637172 Gflops/s) | Temperatures: 65°C - 65°C - 76°C - 73°C - 65°C - 66°C - 72°C - 75°C | Throttling: None - None - None - None - None - None - None - None
1504 (1653665 Gflops/s) - 1516 (1666859 Gflops/s) - 1517 (1667959 Gflops/s) - 1505 (1654764 Gflops/s) - 1517 (1667959 Gflops/s) - 1533 (1685551 Gflops/s) - 1490 (1638272 Gflops/s) - 1488 (1636073 Gflops/s) | Temperatures: 65°C - 65°C - 75°C - 73°C - 65°C - 66°C - 72°C - 75°C | Throttling: None - None - None - None - None - None - None - None
1503 (1652565 Gflops/s) - 1517 (1667959 Gflops/s) - 1516 (1666859 Gflops/s) - 1505 (1654764 Gflops/s) - 1517 (1667959 Gflops/s) - 1533 (1685551 Gflops/s) - 1489 (1637172 Gflops/s) - 1489 (1637172 Gflops/s) | Temperatures: 65°C - 65°C - 75°C - 73°C - 65°C - 66°C - 72°C - 75°C | Throttling: None - None - None - None - None - None - None - None
1503 (1652565 Gflops/s) - 1515 (1665760 Gflops/s) - 1516 (1666859 Gflops/s) - 1505 (1654764 Gflops/s) - 1516 (1666859 Gflops/s) - 1532 (1684451 Gflops/s) - 1490 (1638272 Gflops/s) - 1489 (1637172 Gflops/s) | Temperatures: 65°C - 65°C - 75°C - 73°C - 65°C - 66°C - 72°C - 75°C | Throttling: None - None - None - None - None - None - None - None
1504 (1653665 Gflops/s) - 1516 (1666859 Gflops/s) - 1517 (1667959 Gflops/s) - 1505 (1654764 Gflops/s) - 1517 (1667959 Gflops/s) - 1534 (1686650 Gflops/s) - 1490 (1638272 Gflops/s) - 1484 (1631675 Gflops/s) | Temperatures: 65°C - 65°C - 75°C - 73°C - 65°C - 66°C - 72°C - 75°C | Throttling: None - None - None - None - None - None - None - None
1504 (1653665 Gflops/s) - 1517 (1667959 Gflops/s) - 1517 (1667959 Gflops/s) - 1506 (1655864 Gflops/s) - 1516 (1666859 Gflops/s) - 1533 (1685551 Gflops/s) - 1488 (1636073 Gflops/s) - 1484 (1631675 Gflops/s) | Temperatures: 65°C - 65°C - 76°C - 73°C - 65°C - 66°C - 72°C - 75°C | Throttling: None - None - None - None - None - None - None - None
1503 (1652565 Gflops/s) - 1516 (1666859 Gflops/s) - 1516 (1666859 Gflops/s) - 1505 (1654764 Gflops/s) - 1516 (1666859 Gflops/s) - 1533 (1685551 Gflops/s) - 1490 (1638272 Gflops/s) - 1486 (1633874 Gflops/s) | Temperatures: 65°C - 65°C - 75°C - 73°C - 65°C - 66°C - 72°C - 75°C | Throttling: None - None - None - None - None - None - None - None
1503 (1652565 Gflops/s) - 1517 (1667959 Gflops/s) - 1517 (1667959 Gflops/s) - 1505 (1654764 Gflops/s) - 1516 (1666859 Gflops/s) - 1534 (1686650 Gflops/s) - 1489 (1637172 Gflops/s) - 1486 (1633874 Gflops/s) | Temperatures: 65°C - 65°C - 75°C - 73°C - 65°C - 66°C - 72°C - 75°C | Throttling: None - None - None - None - None - None - None - None
1504 (1653665 Gflops/s) - 1515 (1665760 Gflops/s) - 1516 (1666859 Gflops/s) - 1505 (1654764 Gflops/s) - 1516 (1666859 Gflops/s) - 1533 (1685551 Gflops/s) - 1489 (1637172 Gflops/s) - 1485 (1632774 Gflops/s) | Temperatures: 65°C - 65°C - 76°C - 73°C - 65°C - 66°C - 72°C - 75°C | Throttling: None - None - None - None - None - None - None - None
1504 (1653665 Gflops/s) - 1516 (1666859 Gflops/s) - 1515 (1665760 Gflops/s) - 1505 (1654764 Gflops/s) - 1516 (1666859 Gflops/s) - 1532 (1684451 Gflops/s) - 1490 (1638272 Gflops/s) - 1485 (1632774 Gflops/s) | Temperatures: 65°C - 65°C - 75°C - 73°C - 65°C - 66°C - 72°C - 75°C | Throttling: None - None - None - None - None - None - None - None
1502 (1651466 Gflops/s) - 1516 (1666859 Gflops/s) - 1516 (1666859 Gflops/s) - 1506 (1655864 Gflops/s) - 1516 (1666859 Gflops/s) - 1534 (1686650 Gflops/s) - 1489 (1637172 Gflops/s) - 1486 (1633874 Gflops/s) | Temperatures: 65°C - 65°C - 75°C - 73°C - 65°C - 66°C - 72°C - 75°C | Throttling: None - None - None - None - None - None - None - None
1504 (1653665 Gflops/s) - 1517 (1667959 Gflops/s) - 1517 (1667959 Gflops/s) - 1505 (1654764 Gflops/s) - 1517 (1667959 Gflops/s) - 1532 (1684451 Gflops/s) - 1490 (1638272 Gflops/s) - 1488 (1636073 Gflops/s) | Temperatures: 65°C - 65°C - 76°C - 73°C - 65°C - 66°C - 72°C - 75°C | Throttling: None - None - None - None - None - None - None - None
1503 (1652565 Gflops/s) - 1516 (1666859 Gflops/s) - 1516 (1666859 Gflops/s) - 1505 (1654764 Gflops/s) - 1517 (1667959 Gflops/s) - 1533 (1685551 Gflops/s) - 1490 (1638272 Gflops/s) - 1489 (1637172 Gflops/s) | Temperatures: 65°C - 65°C - 75°C - 73°C - 65°C - 66°C - 72°C - 75°C | Throttling: None - None - None - None - None - None - None - None
1387 (1525022 Gflops/s) - 1398 (1537117 Gflops/s) - 1401 (1540415 Gflops/s) - 1389 (1527221 Gflops/s) - 1400 (1539316 Gflops/s) - 1413 (1553609 Gflops/s) - 1374 (1510728 Gflops/s) - 1373 (1509629 Gflops/s) | Temperatures: 65°C - 65°C - 76°C - 73°C - 65°C - 66°C - 72°C - 75°C | Throttling: None - None - None - None - None - None - None - None
1378 (1515127 Gflops/s) - 1390 (1528321 Gflops/s) - 1389 (1527221 Gflops/s) - 1379 (1516226 Gflops/s) - 1390 (1528321 Gflops/s) - 1405 (1544813 Gflops/s) - 1365 (1500833 Gflops/s) - 1364 (1499733 Gflops/s) | Temperatures: 65°C - 65°C - 76°C - 73°C - 65°C - 66°C - 72°C - 75°C | Throttling: None - None - None - None - None - None - None - None
1379 (1516226 Gflops/s) - 1391 (1529420 Gflops/s) - 1392 (1530520 Gflops/s) - 1380 (1517326 Gflops/s) - 1392 (1530520 Gflops/s) - 1405 (1544813 Gflops/s) - 1365 (1500833 Gflops/s) - 1366 (1501932 Gflops/s) | Temperatures: 65°C - 65°C - 76°C - 73°C - 65°C - 66°C - 72°C - 75°C | Throttling: None - None - None - None - None - None - None - None
1378 (1515127 Gflops/s) - 1389 (1527221 Gflops/s) - 1389 (1527221 Gflops/s) - 1379 (1516226 Gflops/s) - 1390 (1528321 Gflops/s) - 1404 (1543714 Gflops/s) - 1365 (1500833 Gflops/s) - 1364 (1499733 Gflops/s) | Temperatures: 65°C - 65°C - 76°C - 73°C - 65°C - 66°C - 72°C - 75°C | Throttling: None - None - None - None - None - None - None - None
1378 (1515127 Gflops/s) - 1390 (1528321 Gflops/s) - 1391 (1529420 Gflops/s) - 1380 (1517326 Gflops/s) - 1391 (1529420 Gflops/s) - 1406 (1545913 Gflops/s) - 1365 (1500833 Gflops/s) - 1362 (1497534 Gflops/s) | Temperatures: 65°C - 65°C - 75°C - 73°C - 65°C - 66°C - 72°C - 75°C | Throttling: None - None - None - None - None - None - None - None
1379 (1516226 Gflops/s) - 1389 (1527221 Gflops/s) - 1389 (1527221 Gflops/s) - 1379 (1516226 Gflops/s) - 1390 (1528321 Gflops/s) - 1403 (1542614 Gflops/s) - 1365 (1500833 Gflops/s) - 1364 (1499733 Gflops/s) | Temperatures: 65°C - 65°C - 75°C - 73°C - 65°C - 66°C - 72°C - 75°C | Throttling: None - None - None - None - None - None - None - None
1377 (1514027 Gflops/s) - 1390 (1528321 Gflops/s) - 1390 (1528321 Gflops/s) - 1379 (1516226 Gflops/s) - 1391 (1529420 Gflops/s) - 1405 (1544813 Gflops/s) - 1365 (1500833 Gflops/s) - 1358 (1493136 Gflops/s) | Temperatures: 65°C - 65°C - 76°C - 73°C - 65°C - 66°C - 72°C - 75°C | Throttling: None - None - None - None - None - None - None - None
1379 (1516226 Gflops/s) - 1391 (1529420 Gflops/s) - 1391 (1529420 Gflops/s) - 1381 (1518425 Gflops/s) - 1391 (1529420 Gflops/s) - 1404 (1543714 Gflops/s) - 1365 (1500833 Gflops/s) - 1364 (1499733 Gflops/s) | Temperatures: 65°C - 65°C - 76°C - 73°C - 65°C - 66°C - 72°C - 75°C | Throttling: None - None - None - None - None - None - None - None
1377 (1514027 Gflops/s) - 1390 (1528321 Gflops/s) - 1390 (1528321 Gflops/s) - 1379 (1516226 Gflops/s) - 1390 (1528321 Gflops/s) - 1404 (1543714 Gflops/s) - 1364 (1499733 Gflops/s) - 1364 (1499733 Gflops/s) | Temperatures: 65°C - 65°C - 75°C - 73°C - 65°C - 66°C - 72°C - 75°C | Throttling: None - None - None - None - None - None - None - None
1379 (1516226 Gflops/s) - 1390 (1528321 Gflops/s) - 1390 (1528321 Gflops/s) - 1381 (1518425 Gflops/s) - 1391 (1529420 Gflops/s) - 1405 (1544813 Gflops/s) - 1367 (1503032 Gflops/s) - 1363 (1498634 Gflops/s) | Temperatures: 65°C - 65°C - 76°C - 73°C - 65°C - 66°C - 72°C - 75°C | Throttling: None - None - None - None - None - None - None - None
1377 (1514027 Gflops/s) - 1390 (1528321 Gflops/s) - 1390 (1528321 Gflops/s) - 1380 (1517326 Gflops/s) - 1390 (1528321 Gflops/s) - 1405 (1544813 Gflops/s) - 1365 (1500833 Gflops/s) - 1364 (1499733 Gflops/s) | Temperatures: 65°C - 65°C - 75°C - 73°C - 65°C - 66°C - 72°C - 75°C | Throttling: None - None - None - None - None - None - None - None
1380 (1517326 Gflops/s) - 1391 (1529420 Gflops/s) - 1390 (1528321 Gflops/s) - 1380 (1517326 Gflops/s) - 1391 (1529420 Gflops/s) - 1405 (1544813 Gflops/s) - 1366 (1501932 Gflops/s) - 1364 (1499733 Gflops/s) | Temperatures: 65°C - 65°C - 76°C - 73°C - 65°C - 66°C - 72°C - 75°C | Throttling: None - None - None - None - None - None - None - None
1377 (1514027 Gflops/s) - 1390 (1528321 Gflops/s) - 1389 (1527221 Gflops/s) - 1380 (1517326 Gflops/s) - 1389 (1527221 Gflops/s) - 1405 (1544813 Gflops/s) - 1366 (1501932 Gflops/s) - 1363 (1498634 Gflops/s) | Temperatures: 65°C - 65°C - 75°C - 73°C - 65°C - 66°C - 72°C - 75°C | Throttling: None - None - None - None - None - None - None - None
1380 (1517326 Gflops/s) - 1391 (1529420 Gflops/s) - 1390 (1528321 Gflops/s) - 1381 (1518425 Gflops/s) - 1391 (1529420 Gflops/s) - 1405 (1544813 Gflops/s) - 1366 (1501932 Gflops/s) - 1361 (1496435 Gflops/s) | Temperatures: 65°C - 65°C - 76°C - 73°C - 65°C - 66°C - 72°C - 75°C | Throttling: None - None - None - None - None - None - None - None
1378 (1515127 Gflops/s) - 1389 (1527221 Gflops/s) - 1390 (1528321 Gflops/s) - 1379 (1516226 Gflops/s) - 1391 (1529420 Gflops/s) - 1404 (1543714 Gflops/s) - 1363 (1498634 Gflops/s) - 1362 (1497534 Gflops/s) | Temperatures: 65°C - 65°C - 76°C - 73°C - 65°C - 66°C - 72°C - 75°C | Throttling: None - None - None - None - None - None - None - None
1379 (1516226 Gflops/s) - 1391 (1529420 Gflops/s) - 1391 (1529420 Gflops/s) - 1380 (1517326 Gflops/s) - 1391 (1529420 Gflops/s) - 1405 (1544813 Gflops/s) - 1366 (1501932 Gflops/s) - 1360 (1495335 Gflops/s) | Temperatures: 65°C - 65°C - 76°C - 73°C - 65°C - 66°C - 72°C - 75°C | Throttling: None - None - None - None - None - None - None - None
1377 (1514027 Gflops/s) - 1390 (1528321 Gflops/s) - 1389 (1527221 Gflops/s) - 1379 (1516226 Gflops/s) - 1390 (1528321 Gflops/s) - 1405 (1544813 Gflops/s) - 1365 (1500833 Gflops/s) - 1364 (1499733 Gflops/s) | Temperatures: 65°C - 65°C - 76°C - 73°C - 65°C - 66°C - 72°C - 75°C | Throttling: None - None - None - None - None - None - None - None
1379 (1516226 Gflops/s) - 1390 (1528321 Gflops/s) - 1391 (1529420 Gflops/s) - 1380 (1517326 Gflops/s) - 1390 (1528321 Gflops/s) - 1405 (1544813 Gflops/s) - 1365 (1500833 Gflops/s) - 1360 (1495335 Gflops/s) | Temperatures: 65°C - 65°C - 75°C - 73°C - 65°C - 66°C - 72°C - 75°C | Throttling: None - None - None - None - None - None - None - None
1377 (1514027 Gflops/s) - 1390 (1528321 Gflops/s) - 1389 (1527221 Gflops/s) - 1380 (1517326 Gflops/s) - 1390 (1528321 Gflops/s) - 1403 (1542614 Gflops/s) - 1365 (1500833 Gflops/s) - 1357 (1492037 Gflops/s) | Temperatures: 65°C - 65°C - 76°C - 73°C - 65°C - 66°C - 72°C - 75°C | Throttling: None - None - None - None - None - None - None - None
1378 (1515127 Gflops/s) - 1389 (1527221 Gflops/s) - 1389 (1527221 Gflops/s) - 1380 (1517326 Gflops/s) - 1390 (1528321 Gflops/s) - 1405 (1544813 Gflops/s) - 1364 (1499733 Gflops/s) - 1361 (1496435 Gflops/s) | Temperatures: 65°C - 65°C - 75°C - 73°C - 65°C - 66°C - 72°C - 75°C | Throttling: None - None - None - None - None - None - None - None
1380 (1517326 Gflops/s) - 1390 (1528321 Gflops/s) - 1390 (1528321 Gflops/s) - 1380 (1517326 Gflops/s) - 1392 (1530520 Gflops/s) - 1405 (1544813 Gflops/s) - 1366 (1501932 Gflops/s) - 1365 (1500833 Gflops/s) | Temperatures: 65°C - 65°C - 76°C - 73°C - 65°C - 66°C - 72°C - 75°C | Throttling: None - None - None - None - None - None - None - None
1378 (1515127 Gflops/s) - 1389 (1527221 Gflops/s) - 1389 (1527221 Gflops/s) - 1379 (1516226 Gflops/s) - 1390 (1528321 Gflops/s) - 1404 (1543714 Gflops/s) - 1364 (1499733 Gflops/s) - 1364 (1499733 Gflops/s) | Temperatures: 65°C - 65°C - 76°C - 73°C - 65°C - 66°C - 72°C - 75°C | Throttling: None - None - None - None - None - None - None - None
1379 (1516226 Gflops/s) - 1390 (1528321 Gflops/s) - 1391 (1529420 Gflops/s) - 1381 (1518425 Gflops/s) - 1391 (1529420 Gflops/s) - 1405 (1544813 Gflops/s) - 1365 (1500833 Gflops/s) - 1361 (1496435 Gflops/s) | Temperatures: 65°C - 65°C - 76°C - 73°C - 65°C - 66°C - 72°C - 75°C | Throttling: None - None - None - None - None - None - None - None
1378 (1515127 Gflops/s) - 1388 (1526122 Gflops/s) - 1389 (1527221 Gflops/s) - 1379 (1516226 Gflops/s) - 1390 (1528321 Gflops/s) - 1404 (1543714 Gflops/s) - 1365 (1500833 Gflops/s) - 1364 (1499733 Gflops/s) | Temperatures: 65°C - 65°C - 76°C - 73°C - 65°C - 66°C - 72°C - 75°C | Throttling: None - None - None - None - None - None - None - None
1363 (1498634 Gflops/s) - 1376 (1512927 Gflops/s) - 1375 (1511828 Gflops/s) - 1365 (1500833 Gflops/s) - 1375 (1511828 Gflops/s) - 1389 (1527221 Gflops/s) - 1350 (1484340 Gflops/s) - 1349 (1483241 Gflops/s) | Temperatures: 65°C - 65°C - 76°C - 73°C - 65°C - 66°C - 72°C - 75°C | Throttling: None - None - None - None - None - None - None - None
1299 (1428265 Gflops/s) - 1310 (1440360 Gflops/s) - 1310 (1440360 Gflops/s) - 1300 (1429365 Gflops/s) - 1311 (1441459 Gflops/s) - 1325 (1456852 Gflops/s) - 1286 (1413971 Gflops/s) - 1286 (1413971 Gflops/s) | Temperatures: 65°C - 65°C - 76°C - 73°C - 65°C - 66°C - 72°C - 75°C | Throttling: None - None - None - None - None - None - None - None
1304 (1433763 Gflops/s) - 1315 (1445857 Gflops/s) - 1315 (1445857 Gflops/s) - 1305 (1434862 Gflops/s) - 1316 (1446957 Gflops/s) - 1330 (1462350 Gflops/s) - 1292 (1420569 Gflops/s) - 1289 (1417270 Gflops/s) | Temperatures: 65°C - 65°C - 75°C - 73°C - 65°C - 66°C - 72°C - 75°C | Throttling: None - None - None - None - None - None - None - None
1312 (1442559 Gflops/s) - 1321 (1452454 Gflops/s) - 1321 (1452454 Gflops/s) - 1311 (1441459 Gflops/s) - 1321 (1452454 Gflops/s) - 1335 (1467848 Gflops/s) - 1297 (1426066 Gflops/s) - 1296 (1424967 Gflops/s) | Temperatures: 65°C - 65°C - 76°C - 73°C - 65°C - 66°C - 72°C - 75°C | Throttling: None - None - None - None - None - None - None - None
1304 (1433763 Gflops/s) - 1315 (1445857 Gflops/s) - 1314 (1444758 Gflops/s) - 1305 (1434862 Gflops/s) - 1314 (1444758 Gflops/s) - 1329 (1461250 Gflops/s) - 1292 (1420569 Gflops/s) - 1288 (1416170 Gflops/s) | Temperatures: 65°C - 65°C - 76°C - 73°C - 65°C - 66°C - 72°C - 75°C | Throttling: None - None - None - None - None - None - None - None
1307 (1437061 Gflops/s) - 1316 (1446957 Gflops/s) - 1316 (1446957 Gflops/s) - 1307 (1437061 Gflops/s) - 1317 (1448056 Gflops/s) - 1332 (1464549 Gflops/s) - 1292 (1420569 Gflops/s) - 1293 (1421668 Gflops/s) | Temperatures: 65°C - 65°C - 76°C - 73°C - 65°C - 66°C - 72°C - 75°C | Throttling: None - None - None - None - None - None - None - None
1308 (1438161 Gflops/s) - 1319 (1450255 Gflops/s) - 1319 (1450255 Gflops/s) - 1310 (1440360 Gflops/s) - 1321 (1452454 Gflops/s) - 1333 (1465648 Gflops/s) - 1297 (1426066 Gflops/s) - 1293 (1421668 Gflops/s) | Temperatures: 65°C - 65°C - 76°C - 73°C - 65°C - 66°C - 72°C - 75°C | Throttling: None - None - None - None - None - None - None - None
1305 (1434862 Gflops/s) - 1317 (1448056 Gflops/s) - 1315 (1445857 Gflops/s) - 1307 (1437061 Gflops/s) - 1315 (1445857 Gflops/s) - 1330 (1462350 Gflops/s) - 1292 (1420569 Gflops/s) - 1289 (1417270 Gflops/s) | Temperatures: 65°C - 65°C - 76°C - 73°C - 65°C - 66°C - 72°C - 75°C | Throttling: None - None - None - None - None - None - None - None
1315 (1445857 Gflops/s) - 1326 (1457952 Gflops/s) - 1326 (1457952 Gflops/s) - 1316 (1446957 Gflops/s) - 1327 (1459051 Gflops/s) - 1340 (1473345 Gflops/s) - 1302 (1431564 Gflops/s) - 1302 (1431564 Gflops/s) | Temperatures: 65°C - 65°C - 76°C - 73°C - 65°C - 66°C - 72°C - 75°C | Throttling: None - None - None - None - None - None - None - None
1299 (1428265 Gflops/s) - 1311 (1441459 Gflops/s) - 1310 (1440360 Gflops/s) - 1300 (1429365 Gflops/s) - 1310 (1440360 Gflops/s) - 1325 (1456852 Gflops/s) - 1286 (1413971 Gflops/s) - 1286 (1413971 Gflops/s) | Temperatures: 65°C - 65°C - 76°C - 73°C - 65°C - 66°C - 72°C - 75°C | Throttling: None - None - None - None - None - None - None - None
1305 (1434862 Gflops/s) - 1315 (1445857 Gflops/s) - 1316 (1446957 Gflops/s) - 1306 (1435962 Gflops/s) - 1316 (1446957 Gflops/s) - 1330 (1462350 Gflops/s) - 1292 (1420569 Gflops/s) - 1291 (1419469 Gflops/s) | Temperatures: 65°C - 65°C - 76°C - 73°C - 65°C - 66°C - 72°C - 75°C | Throttling: None - None - None - None - None - None - None - None
1310 (1440360 Gflops/s) - 1322 (1453554 Gflops/s) - 1321 (1452454 Gflops/s) - 1312 (1442559 Gflops/s) - 1321 (1452454 Gflops/s) - 1336 (1468947 Gflops/s) - 1297 (1426066 Gflops/s) - 1296 (1424967 Gflops/s) | Temperatures: 65°C - 65°C - 76°C - 73°C - 65°C - 66°C - 72°C - 75°C | Throttling: None - None - None - None - None - None - None - None
1305 (1434862 Gflops/s) - 1315 (1445857 Gflops/s) - 1315 (1445857 Gflops/s) - 1307 (1437061 Gflops/s) - 1316 (1446957 Gflops/s) - 1330 (1462350 Gflops/s) - 1292 (1420569 Gflops/s) - 1287 (1415071 Gflops/s) | Temperatures: 65°C - 65°C - 76°C - 73°C - 65°C - 66°C - 72°C - 75°C | Throttling: None - None - None - None - None - None - None - None
1306 (1435962 Gflops/s) - 1316 (1446957 Gflops/s) - 1316 (1446957 Gflops/s) - 1306 (1435962 Gflops/s) - 1316 (1446957 Gflops/s) - 1330 (1462350 Gflops/s) - 1292 (1420569 Gflops/s) - 1292 (1420569 Gflops/s) | Temperatures: 65°C - 65°C - 76°C - 73°C - 65°C - 66°C - 72°C - 75°C | Throttling: None - None - None - None - None - None - None - None
1310 (1440360 Gflops/s) - 1322 (1453554 Gflops/s) - 1321 (1452454 Gflops/s) - 1312 (1442559 Gflops/s) - 1321 (1452454 Gflops/s) - 1335 (1467848 Gflops/s) - 1298 (1427166 Gflops/s) - 1295 (1423867 Gflops/s) | Temperatures: 65°C - 65°C - 76°C - 73°C - 65°C - 66°C - 72°C - 75°C | Throttling: None - None - None - None - None - None - None - None
1304 (1433763 Gflops/s) - 1316 (1446957 Gflops/s) - 1316 (1446957 Gflops/s) - 1306 (1435962 Gflops/s) - 1316 (1446957 Gflops/s) - 1330 (1462350 Gflops/s) - 1291 (1419469 Gflops/s) - 1287 (1415071 Gflops/s) | Temperatures: 65°C - 65°C - 76°C - 73°C - 65°C - 66°C - 72°C - 75°C | Throttling: None - None - None - None - None - None - None - None
1312 (1442559 Gflops/s) - 1323 (1454653 Gflops/s) - 1324 (1455753 Gflops/s) - 1315 (1445857 Gflops/s) - 1325 (1456852 Gflops/s) - 1339 (1472246 Gflops/s) - 1300 (1429365 Gflops/s) - 1299 (1428265 Gflops/s) | Temperatures: 65°C - 65°C - 76°C - 73°C - 65°C - 66°C - 72°C - 75°C | Throttling: None - None - None - None - None - None - None - None
1303 (1432663 Gflops/s) - 1314 (1444758 Gflops/s) - 1311 (1441459 Gflops/s) - 1303 (1432663 Gflops/s) - 1313 (1443658 Gflops/s) - 1327 (1459051 Gflops/s) - 1290 (1418369 Gflops/s) - 1288 (1416170 Gflops/s) | Temperatures: 65°C - 65°C - 76°C - 73°C - 65°C - 66°C - 72°C - 75°C | Throttling: None - None - None - None - None - None - None - None
1302 (1431564 Gflops/s) - 1315 (1445857 Gflops/s) - 1315 (1445857 Gflops/s) - 1306 (1435962 Gflops/s) - 1315 (1445857 Gflops/s) - 1329 (1461250 Gflops/s) - 1291 (1419469 Gflops/s) - 1290 (1418369 Gflops/s) | Temperatures: 65°C - 65°C - 76°C - 73°C - 65°C - 66°C - 72°C - 75°C | Throttling: None - None - None - None - None - None - None - None
1311 (1441459 Gflops/s) - 1321 (1452454 Gflops/s) - 1321 (1452454 Gflops/s) - 1312 (1442559 Gflops/s) - 1321 (1452454 Gflops/s) - 1335 (1467848 Gflops/s) - 1296 (1424967 Gflops/s) - 1294 (1422768 Gflops/s) | Temperatures: 65°C - 65°C - 76°C - 73°C - 65°C - 66°C - 72°C - 75°C | Throttling: None - None - None - None - None - None - None - None
1304 (1433763 Gflops/s) - 1316 (1446957 Gflops/s) - 1315 (1445857 Gflops/s) - 1306 (1435962 Gflops/s) - 1316 (1446957 Gflops/s) - 1330 (1462350 Gflops/s) - 1292 (1420569 Gflops/s) - 1291 (1419469 Gflops/s) | Temperatures: 65°C - 65°C - 76°C - 73°C - 65°C - 66°C - 72°C - 75°C | Throttling: None - None - None - None - None - None - None - None
1305 (1434862 Gflops/s) - 1316 (1446957 Gflops/s) - 1316 (1446957 Gflops/s) - 1307 (1437061 Gflops/s) - 1316 (1446957 Gflops/s) - 1329 (1461250 Gflops/s) - 1292 (1420569 Gflops/s) - 1291 (1419469 Gflops/s) | Temperatures: 65°C - 65°C - 76°C - 73°C - 65°C - 66°C - 72°C - 75°C | Throttling: None - None - None - None - None - None - None - None
1311 (1441459 Gflops/s) - 1320 (1451355 Gflops/s) - 1321 (1452454 Gflops/s) - 1311 (1441459 Gflops/s) - 1321 (1452454 Gflops/s) - 1335 (1467848 Gflops/s) - 1296 (1424967 Gflops/s) - 1290 (1418369 Gflops/s) | Temperatures: 65°C - 65°C - 76°C - 73°C - 65°C - 66°C - 72°C - 75°C | Throttling: None - None - None - None - None - None - None - None
1304 (1433763 Gflops/s) - 1315 (1445857 Gflops/s) - 1315 (1445857 Gflops/s) - 1306 (1435962 Gflops/s) - 1316 (1446957 Gflops/s) - 1329 (1461250 Gflops/s) - 1293 (1421668 Gflops/s) - 1287 (1415071 Gflops/s) | Temperatures: 65°C - 65°C - 76°C - 73°C - 65°C - 66°C - 72°C - 75°C | Throttling: None - None - None - None - None - None - None - None
1337 (1470047 Gflops/s) - 1348 (1482141 Gflops/s) - 1347 (1481042 Gflops/s) - 1337 (1470047 Gflops/s) - 1349 (1483241 Gflops/s) - 1362 (1497534 Gflops/s) - 1323 (1454653 Gflops/s) - 1321 (1452454 Gflops/s) | Temperatures: 65°C - 65°C - 76°C - 73°C - 65°C - 66°C - 72°C - 75°C | Throttling: None - None - None - None - None - None - None - None
1505 (1654764 Gflops/s) - 1518 (1669058 Gflops/s) - 1517 (1667959 Gflops/s) - 1506 (1655864 Gflops/s) - 1518 (1669058 Gflops/s) - 1534 (1686650 Gflops/s) - 1490 (1638272 Gflops/s) - 1487 (1634973 Gflops/s) | Temperatures: 65°C - 65°C - 76°C - 73°C - 65°C - 66°C - 72°C - 75°C | Throttling: None - None - None - None - None - None - None - None
1503 (1652565 Gflops/s) - 1516 (1666859 Gflops/s) - 1516 (1666859 Gflops/s) - 1506 (1655864 Gflops/s) - 1517 (1667959 Gflops/s) - 1532 (1684451 Gflops/s) - 1490 (1638272 Gflops/s) - 1486 (1633874 Gflops/s) | Temperatures: 65°C - 65°C - 76°C - 73°C - 65°C - 66°C - 72°C - 75°C | Throttling: None - None - None - None - None - None - None - None
1505 (1654764 Gflops/s) - 1516 (1666859 Gflops/s) - 1516 (1666859 Gflops/s) - 1506 (1655864 Gflops/s) - 1516 (1666859 Gflops/s) - 1532 (1684451 Gflops/s) - 1489 (1637172 Gflops/s) - 1488 (1636073 Gflops/s) | Temperatures: 65°C - 65°C - 76°C - 73°C - 65°C - 66°C - 72°C - 75°C | Throttling: None - None - None - None - None - None - None - None
1503 (1652565 Gflops/s) - 1516 (1666859 Gflops/s) - 1515 (1665760 Gflops/s) - 1505 (1654764 Gflops/s) - 1516 (1666859 Gflops/s) - 1532 (1684451 Gflops/s) - 1489 (1637172 Gflops/s) - 1486 (1633874 Gflops/s) | Temperatures: 65°C - 65°C - 76°C - 73°C - 65°C - 66°C - 72°C - 75°C | Throttling: None - None - None - None - None - None - None - None
1503 (1652565 Gflops/s) - 1516 (1666859 Gflops/s) - 1516 (1666859 Gflops/s) - 1505 (1654764 Gflops/s) - 1517 (1667959 Gflops/s) - 1533 (1685551 Gflops/s) - 1488 (1636073 Gflops/s) - 1485 (1632774 Gflops/s) | Temperatures: 65°C - 65°C - 76°C - 73°C - 65°C - 66°C - 72°C - 75°C | Throttling: None - None - None - None - None - None - None - None
1505 (1654764 Gflops/s) - 1517 (1667959 Gflops/s) - 1517 (1667959 Gflops/s) - 1505 (1654764 Gflops/s) - 1517 (1667959 Gflops/s) - 1532 (1684451 Gflops/s) - 1489 (1637172 Gflops/s) - 1484 (1631675 Gflops/s) | Temperatures: 65°C - 65°C - 76°C - 73°C - 65°C - 66°C - 72°C - 75°C | Throttling: None - None - None - None - None - None - None - None
1503 (1652565 Gflops/s) - 1516 (1666859 Gflops/s) - 1516 (1666859 Gflops/s) - 1505 (1654764 Gflops/s) - 1517 (1667959 Gflops/s) - 1533 (1685551 Gflops/s) - 1489 (1637172 Gflops/s) - 1485 (1632774 Gflops/s) | Temperatures: 65°C - 65°C - 76°C - 73°C - 65°C - 66°C - 72°C - 75°C | Throttling: None - None - None - None - None - None - None - None
1503 (1652565 Gflops/s) - 1516 (1666859 Gflops/s) - 1516 (1666859 Gflops/s) - 1504 (1653665 Gflops/s) - 1517 (1667959 Gflops/s) - 1533 (1685551 Gflops/s) - 1489 (1637172 Gflops/s) - 1487 (1634973 Gflops/s) | Temperatures: 65°C - 65°C - 76°C - 73°C - 65°C - 66°C - 72°C - 75°C | Throttling: None - None - None - None - None - None - None - None
1504 (1653665 Gflops/s) - 1516 (1666859 Gflops/s) - 1516 (1666859 Gflops/s) - 1505 (1654764 Gflops/s) - 1516 (1666859 Gflops/s) - 1532 (1684451 Gflops/s) - 1489 (1637172 Gflops/s) - 1484 (1631675 Gflops/s) | Temperatures: 65°C - 65°C - 76°C - 73°C - 65°C - 66°C - 72°C - 75°C | Throttling: None - None - None - None - None - None - None - None
1504 (1653665 Gflops/s) - 1517 (1667959 Gflops/s) - 1516 (1666859 Gflops/s) - 1505 (1654764 Gflops/s) - 1518 (1669058 Gflops/s) - 1533 (1685551 Gflops/s) - 1489 (1637172 Gflops/s) - 1488 (1636073 Gflops/s) | Temperatures: 65°C - 65°C - 76°C - 73°C - 65°C - 66°C - 72°C - 75°C | Throttling: None - None - None - None - None - None - None - None
1503 (1652565 Gflops/s) - 1516 (1666859 Gflops/s) - 1516 (1666859 Gflops/s) - 1505 (1654764 Gflops/s) - 1515 (1665760 Gflops/s) - 1533 (1685551 Gflops/s) - 1489 (1637172 Gflops/s) - 1489 (1637172 Gflops/s) | Temperatures: 65°C - 65°C - 76°C - 73°C - 65°C - 66°C - 72°C - 75°C | Throttling: None - None - None - None - None - None - None - None
1504 (1653665 Gflops/s) - 1517 (1667959 Gflops/s) - 1516 (1666859 Gflops/s) - 1507 (1656964 Gflops/s) - 1517 (1667959 Gflops/s) - 1534 (1686650 Gflops/s) - 1489 (1637172 Gflops/s) - 1487 (1634973 Gflops/s) | Temperatures: 65°C - 65°C - 76°C - 73°C - 65°C - 66°C - 72°C - 75°C | Throttling: None - None - None - None - None - None - None - None
1471 (1617381 Gflops/s) - 1483 (1630575 Gflops/s) - 1481 (1628376 Gflops/s) - 1471 (1617381 Gflops/s) - 1483 (1630575 Gflops/s) - 1499 (1648167 Gflops/s) - 1457 (1601988 Gflops/s) - 1455 (1599789 Gflops/s) | Temperatures: 65°C - 65°C - 76°C - 73°C - 65°C - 66°C - 72°C - 75°C | Throttling: None - None - None - None - None - None - None - None
1380 (1517326 Gflops/s) - 1391 (1529420 Gflops/s) - 1391 (1529420 Gflops/s) - 1381 (1518425 Gflops/s) - 1391 (1529420 Gflops/s) - 1406 (1545913 Gflops/s) - 1365 (1500833 Gflops/s) - 1364 (1499733 Gflops/s) | Temperatures: 65°C - 65°C - 76°C - 73°C - 65°C - 66°C - 72°C - 75°C | Throttling: None - None - None - None - None - None - None - None
1377 (1514027 Gflops/s) - 1389 (1527221 Gflops/s) - 1389 (1527221 Gflops/s) - 1379 (1516226 Gflops/s) - 1389 (1527221 Gflops/s) - 1404 (1543714 Gflops/s) - 1363 (1498634 Gflops/s) - 1359 (1494236 Gflops/s) | Temperatures: 65°C - 65°C - 76°C - 73°C - 65°C - 66°C - 72°C - 75°C | Throttling: None - None - None - None - None - None - None - None
1379 (1516226 Gflops/s) - 1391 (1529420 Gflops/s) - 1390 (1528321 Gflops/s) - 1380 (1517326 Gflops/s) - 1391 (1529420 Gflops/s) - 1406 (1545913 Gflops/s) - 1366 (1501932 Gflops/s) - 1362 (1497534 Gflops/s) | Temperatures: 65°C - 65°C - 76°C - 73°C - 65°C - 66°C - 72°C - 75°C | Throttling: None - None - None - None - None - None - None - None
1378 (1515127 Gflops/s) - 1389 (1527221 Gflops/s) - 1389 (1527221 Gflops/s) - 1379 (1516226 Gflops/s) - 1390 (1528321 Gflops/s) - 1405 (1544813 Gflops/s) - 1364 (1499733 Gflops/s) - 1363 (1498634 Gflops/s) | Temperatures: 65°C - 65°C - 76°C - 73°C - 65°C - 66°C - 72°C - 75°C | Throttling: None - None - None - None - None - None - None - None
1379 (1516226 Gflops/s) - 1391 (1529420 Gflops/s) - 1391 (1529420 Gflops/s) - 1380 (1517326 Gflops/s) - 1391 (1529420 Gflops/s) - 1406 (1545913 Gflops/s) - 1365 (1500833 Gflops/s) - 1365 (1500833 Gflops/s) | Temperatures: 65°C - 65°C - 76°C - 73°C - 65°C - 66°C - 72°C - 75°C | Throttling: None - None - None - None - None - None - None - None
1379 (1516226 Gflops/s) - 1389 (1527221 Gflops/s) - 1389 (1527221 Gflops/s) - 1378 (1515127 Gflops/s) - 1390 (1528321 Gflops/s) - 1403 (1542614 Gflops/s) - 1364 (1499733 Gflops/s) - 1364 (1499733 Gflops/s) | Temperatures: 65°C - 65°C - 76°C - 73°C - 65°C - 66°C - 72°C - 75°C | Throttling: None - None - None - None - None - None - None - None
1378 (1515127 Gflops/s) - 1389 (1527221 Gflops/s) - 1388 (1526122 Gflops/s) - 1379 (1516226 Gflops/s) - 1390 (1528321 Gflops/s) - 1405 (1544813 Gflops/s) - 1364 (1499733 Gflops/s) - 1363 (1498634 Gflops/s) | Temperatures: 65°C - 65°C - 76°C - 73°C - 65°C - 66°C - 72°C - 75°C | Throttling: None - None - None - None - None - None - None - None
1379 (1516226 Gflops/s) - 1391 (1529420 Gflops/s) - 1390 (1528321 Gflops/s) - 1380 (1517326 Gflops/s) - 1390 (1528321 Gflops/s) - 1406 (1545913 Gflops/s) - 1365 (1500833 Gflops/s) - 1365 (1500833 Gflops/s) | Temperatures: 65°C - 65°C - 76°C - 73°C - 65°C - 66°C - 72°C - 75°C | Throttling: None - None - None - None - None - None - None - None
1378 (1515127 Gflops/s) - 1388 (1526122 Gflops/s) - 1389 (1527221 Gflops/s) - 1378 (1515127 Gflops/s) - 1389 (1527221 Gflops/s) - 1405 (1544813 Gflops/s) - 1365 (1500833 Gflops/s) - 1363 (1498634 Gflops/s) | Temperatures: 65°C - 65°C - 76°C - 73°C - 65°C - 66°C - 72°C - 75°C | Throttling: None - None - None - None - None - None - None - None
1379 (1516226 Gflops/s) - 1391 (1529420 Gflops/s) - 1391 (1529420 Gflops/s) - 1381 (1518425 Gflops/s) - 1392 (1530520 Gflops/s) - 1405 (1544813 Gflops/s) - 1366 (1501932 Gflops/s) - 1365 (1500833 Gflops/s) | Temperatures: 65°C - 65°C - 76°C - 73°C - 65°C - 66°C - 72°C - 75°C | Throttling: None - None - None - None - None - None - None - None
1377 (1514027 Gflops/s) - 1389 (1527221 Gflops/s) - 1388 (1526122 Gflops/s) - 1379 (1516226 Gflops/s) - 1389 (1527221 Gflops/s) - 1403 (1542614 Gflops/s) - 1364 (1499733 Gflops/s) - 1359 (1494236 Gflops/s) | Temperatures: 65°C - 65°C - 76°C - 73°C - 65°C - 66°C - 72°C - 75°C | Throttling: None - None - None - None - None - None - None - None
1379 (1516226 Gflops/s) - 1391 (1529420 Gflops/s) - 1390 (1528321 Gflops/s) - 1381 (1518425 Gflops/s) - 1392 (1530520 Gflops/s) - 1406 (1545913 Gflops/s) - 1365 (1500833 Gflops/s) - 1364 (1499733 Gflops/s) | Temperatures: 65°C - 65°C - 76°C - 73°C - 65°C - 66°C - 72°C - 75°C | Throttling: None - None - None - None - None - None - None - None
1378 (1515127 Gflops/s) - 1389 (1527221 Gflops/s) - 1388 (1526122 Gflops/s) - 1379 (1516226 Gflops/s) - 1390 (1528321 Gflops/s) - 1406 (1545913 Gflops/s) - 1363 (1498634 Gflops/s) - 1362 (1497534 Gflops/s) | Temperatures: 65°C - 65°C - 76°C - 73°C - 65°C - 66°C - 72°C - 75°C | Throttling: None - None - None - None - None - None - None - None
1379 (1516226 Gflops/s) - 1392 (1530520 Gflops/s) - 1391 (1529420 Gflops/s) - 1380 (1517326 Gflops/s) - 1391 (1529420 Gflops/s) - 1406 (1545913 Gflops/s) - 1365 (1500833 Gflops/s) - 1365 (1500833 Gflops/s) | Temperatures: 65°C - 65°C - 76°C - 73°C - 65°C - 66°C - 72°C - 75°C | Throttling: None - None - None - None - None - None - None - None
1378 (1515127 Gflops/s) - 1388 (1526122 Gflops/s) - 1390 (1528321 Gflops/s) - 1378 (1515127 Gflops/s) - 1389 (1527221 Gflops/s) - 1404 (1543714 Gflops/s) - 1365 (1500833 Gflops/s) - 1363 (1498634 Gflops/s) | Temperatures: 65°C - 65°C - 76°C - 73°C - 65°C - 66°C - 72°C - 75°C | Throttling: None - None - None - None - None - None - None - None
1379 (1516226 Gflops/s) - 1391 (1529420 Gflops/s) - 1390 (1528321 Gflops/s) - 1381 (1518425 Gflops/s) - 1391 (1529420 Gflops/s) - 1405 (1544813 Gflops/s) - 1366 (1501932 Gflops/s) - 1360 (1495335 Gflops/s) | Temperatures: 65°C - 65°C - 76°C - 73°C - 65°C - 66°C - 72°C - 75°C | Throttling: None - None - None - None - None - None - None - None
1377 (1514027 Gflops/s) - 1389 (1527221 Gflops/s) - 1389 (1527221 Gflops/s) - 1379 (1516226 Gflops/s) - 1389 (1527221 Gflops/s) - 1404 (1543714 Gflops/s) - 1363 (1498634 Gflops/s) - 1358 (1493136 Gflops/s) | Temperatures: 65°C - 65°C - 76°C - 73°C - 65°C - 66°C - 72°C - 75°C | Throttling: None - None - None - None - None - None - None - None
1379 (1516226 Gflops/s) - 1390 (1528321 Gflops/s) - 1392 (1530520 Gflops/s) - 1380 (1517326 Gflops/s) - 1390 (1528321 Gflops/s) - 1406 (1545913 Gflops/s) - 1366 (1501932 Gflops/s) - 1366 (1501932 Gflops/s) | Temperatures: 65°C - 65°C - 76°C - 73°C - 65°C - 66°C - 72°C - 75°C | Throttling: None - None - None - None - None - None - None - None
1377 (1514027 Gflops/s) - 1389 (1527221 Gflops/s) - 1388 (1526122 Gflops/s) - 1380 (1517326 Gflops/s) - 1389 (1527221 Gflops/s) - 1405 (1544813 Gflops/s) - 1364 (1499733 Gflops/s) - 1361 (1496435 Gflops/s) | Temperatures: 65°C - 65°C - 76°C - 73°C - 65°C - 66°C - 72°C - 75°C | Throttling: None - None - None - None - None - None - None - None
1376 (1512927 Gflops/s) - 1388 (1526122 Gflops/s) - 1389 (1527221 Gflops/s) - 1378 (1515127 Gflops/s) - 1390 (1528321 Gflops/s) - 1403 (1542614 Gflops/s) - 1364 (1499733 Gflops/s) - 1361 (1496435 Gflops/s) | Temperatures: 65°C - 65°C - 76°C - 73°C - 65°C - 66°C - 72°C - 75°C | Throttling: None - None - None - None - None - None - None - None
1379 (1516226 Gflops/s) - 1391 (1529420 Gflops/s) - 1391 (1529420 Gflops/s) - 1381 (1518425 Gflops/s) - 1391 (1529420 Gflops/s) - 1405 (1544813 Gflops/s) - 1366 (1501932 Gflops/s) - 1364 (1499733 Gflops/s) | Temperatures: 65°C - 65°C - 76°C - 73°C - 65°C - 66°C - 72°C - 75°C | Throttling: None - None - None - None - None - None - None - None
1377 (1514027 Gflops/s) - 1388 (1526122 Gflops/s) - 1389 (1527221 Gflops/s) - 1379 (1516226 Gflops/s) - 1390 (1528321 Gflops/s) - 1404 (1543714 Gflops/s) - 1364 (1499733 Gflops/s) - 1359 (1494236 Gflops/s) | Temperatures: 65°C - 65°C - 76°C - 73°C - 65°C - 66°C - 72°C - 75°C | Throttling: None - None - None - None - None - None - None - None
1379 (1516226 Gflops/s) - 1390 (1528321 Gflops/s) - 1390 (1528321 Gflops/s) - 1380 (1517326 Gflops/s) - 1391 (1529420 Gflops/s) - 1405 (1544813 Gflops/s) - 1365 (1500833 Gflops/s) - 1365 (1500833 Gflops/s) | Temperatures: 65°C - 65°C - 76°C - 73°C - 65°C - 66°C - 72°C - 75°C | Throttling: None - None - None - None - None - None - None - None
1377 (1514027 Gflops/s) - 1390 (1528321 Gflops/s) - 1389 (1527221 Gflops/s) - 1379 (1516226 Gflops/s) - 1390 (1528321 Gflops/s) - 1404 (1543714 Gflops/s) - 1365 (1500833 Gflops/s) - 1363 (1498634 Gflops/s) | Temperatures: 65°C - 65°C - 76°C - 73°C - 65°C - 66°C - 72°C - 75°C | Throttling: None - None - None - None - None - None - None - None
1379 (1516226 Gflops/s) - 1390 (1528321 Gflops/s) - 1391 (1529420 Gflops/s) - 1380 (1517326 Gflops/s) - 1324 (1455753 Gflops/s) - 1404 (1543714 Gflops/s) - 1365 (1500833 Gflops/s) - 1366 (1501932 Gflops/s) | Temperatures: 65°C - 65°C - 76°C - 73°C - 65°C - 66°C - 72°C - 75°C | Throttling: None - None - None - None - None - None - None - None
GPU #0: 1513027 Gflops/s (min: 1388683.19, max: 1654765.00, dev: 1513026.83)
         Temperature: 64.28°C (min: 57.00, max: 65.00)
         Throttling HW: false, Thermal SW: false, Thermal HW: false
GPU #1: 1527971 Gflops/s (min: 1399678.30, max: 1670158.16, dev: 1527971.13)
         Temperature: 64.48°C (min: 58.00, max: 65.00)
         Throttling HW: false, Thermal SW: false, Thermal HW: false
GPU #2: 1529211 Gflops/s (min: 1400777.81, max: 1671257.67, dev: 1529210.66)
         Temperature: 74.35°C (min: 65.00, max: 76.00)
         Throttling HW: false, Thermal SW: false, Thermal HW: false
GPU #3: 1523660 Gflops/s (min: 1391981.72, max: 1666859.63, dev: 1523659.56)
         Temperature: 71.84°C (min: 62.00, max: 73.00)
         Throttling HW: false, Thermal SW: false, Thermal HW: false
GPU #4: 1525838 Gflops/s (min: 1400777.81, max: 1669058.65, dev: 1525838.00)
         Temperature: 64.36°C (min: 57.00, max: 65.00)
         Throttling HW: false, Thermal SW: false, Thermal HW: false
GPU #5: 1546074 Gflops/s (min: 1417270.49, max: 1692148.40, dev: 1546073.95)
         Temperature: 65.25°C (min: 58.00, max: 66.00)
         Throttling HW: false, Thermal SW: false, Thermal HW: false
GPU #6: 1506529 Gflops/s (min: 1376588.56, max: 1648167.93, dev: 1506528.60)
         Temperature: 70.58°C (min: 60.00, max: 72.00)
         Throttling HW: false, Thermal SW: false, Thermal HW: false
GPU #7: 1494953 Gflops/s (min: 1375489.05, max: 1639371.84, dev: 1494952.84)
         Temperature: 73.78°C (min: 64.00, max: 75.00)
         Throttling HW: false, Thermal SW: false, Thermal HW: false
All GPUs seem healthy
Freeing GPUs...
======== Run with fp8  ==========
WARNING: Error changing the container working directory. Using '/home/shaohao' instead: chdir /home/shaohao/benchmarks/b300-nodes: no such file or directory
Detected GPU #0: "NVIDIA B300 SXM6 AC" (56e60e6d-c4a2-2372-42f3-4efdd01824d8)
Detected GPU #1: "NVIDIA B300 SXM6 AC" (ef47b0e5-0a01-e7f3-44f6-5351175396fa)
Detected GPU #2: "NVIDIA B300 SXM6 AC" (a5184e8c-4ff7-c3e9-50c2-62af25b39423)
Detected GPU #3: "NVIDIA B300 SXM6 AC" (7a3313b3-15a7-2c81-22c3-a0c0712f698e)
Detected GPU #4: "NVIDIA B300 SXM6 AC" (13b567e0-a991-3548-1d3a-9c8678c05860)
Detected GPU #5: "NVIDIA B300 SXM6 AC" (52aab791-6df9-924e-0508-b912efa448cb)
Detected GPU #6: "NVIDIA B300 SXM6 AC" (97130d1d-a968-7f24-62af-1f0e6a80dc31)
Detected GPU #7: "NVIDIA B300 SXM6 AC" (0c5bdd69-9c95-bd46-0764-e4da1198d712)
Using precision(s):   FP8
Creating random matrices
Matrices created
GPU #0: Using 246139 MB
GPU #1: Using 246139 MB
GPU #2: Using 246139 MB
GPU #3: Using 246139 MB
GPU #4: Using 246139 MB
GPU #5: Using 246139 MB
GPU #6: Using 246139 MB
GPU #7: Using 246139 MB
3329 (3660274 Gflops/s) - 3371 (3706453 Gflops/s) - 3370 (3705354 Gflops/s) - 3370 (3705354 Gflops/s) - 3285 (3611895 Gflops/s) - 3374 (3709752 Gflops/s) - 3374 (3709752 Gflops/s) - 3370 (3705354 Gflops/s) | Temperatures: 53°C - 54°C - 64°C - 61°C - 54°C - 54°C - 60°C - 64°C | Throttling: None - None - None - None - None - None - None - None
4194 (4611351 Gflops/s) - 4194 (4611351 Gflops/s) - 4195 (4612451 Gflops/s) - 4193 (4610252 Gflops/s) - 4200 (4617948 Gflops/s) - 4200 (4617948 Gflops/s) - 4199 (4616849 Gflops/s) - 4197 (4614650 Gflops/s) | Temperatures: 55°C - 56°C - 66°C - 63°C - 55°C - 56°C - 61°C - 65°C | Throttling: None - None - None - None - None - None - None - None
4193 (4610252 Gflops/s) - 4192 (4609152 Gflops/s) - 4193 (4610252 Gflops/s) - 4192 (4609152 Gflops/s) - 4199 (4616849 Gflops/s) - 4199 (4616849 Gflops/s) - 4197 (4614650 Gflops/s) - 4196 (4613550 Gflops/s) | Temperatures: 56°C - 56°C - 67°C - 63°C - 56°C - 56°C - 62°C - 66°C | Throttling: None - None - None - None - None - None - None - None
4192 (4609152 Gflops/s) - 4192 (4609152 Gflops/s) - 4193 (4610252 Gflops/s) - 4192 (4609152 Gflops/s) - 4199 (4616849 Gflops/s) - 4199 (4616849 Gflops/s) - 4196 (4613550 Gflops/s) - 4196 (4613550 Gflops/s) | Temperatures: 56°C - 57°C - 67°C - 64°C - 57°C - 57°C - 62°C - 67°C | Throttling: None - None - None - None - None - None - None - None
4197 (4614650 Gflops/s) - 4197 (4614650 Gflops/s) - 4197 (4614650 Gflops/s) - 4196 (4613550 Gflops/s) - 4203 (4621247 Gflops/s) - 4204 (4622346 Gflops/s) - 4202 (4620147 Gflops/s) - 4200 (4617948 Gflops/s) | Temperatures: 57°C - 57°C - 67°C - 64°C - 57°C - 57°C - 63°C - 67°C | Throttling: None - None - None - None - None - None - None - None
4192 (4609152 Gflops/s) - 4192 (4609152 Gflops/s) - 4193 (4610252 Gflops/s) - 4192 (4609152 Gflops/s) - 4199 (4616849 Gflops/s) - 4199 (4616849 Gflops/s) - 4197 (4614650 Gflops/s) - 4196 (4613550 Gflops/s) | Temperatures: 57°C - 58°C - 68°C - 64°C - 58°C - 58°C - 63°C - 67°C | Throttling: None - None - None - None - None - None - None - None
4192 (4609152 Gflops/s) - 4193 (4610252 Gflops/s) - 4193 (4610252 Gflops/s) - 4192 (4609152 Gflops/s) - 4199 (4616849 Gflops/s) - 4200 (4617948 Gflops/s) - 4196 (4613550 Gflops/s) - 4195 (4612451 Gflops/s) | Temperatures: 57°C - 58°C - 68°C - 65°C - 58°C - 58°C - 63°C - 68°C | Throttling: None - None - None - None - None - None - None - None
4193 (4610252 Gflops/s) - 4192 (4609152 Gflops/s) - 4193 (4610252 Gflops/s) - 4192 (4609152 Gflops/s) - 4198 (4615749 Gflops/s) - 4199 (4616849 Gflops/s) - 4198 (4615749 Gflops/s) - 4196 (4613550 Gflops/s) | Temperatures: 57°C - 58°C - 68°C - 65°C - 58°C - 58°C - 64°C - 68°C | Throttling: None - None - None - None - None - None - None - None
4195 (4612451 Gflops/s) - 4195 (4612451 Gflops/s) - 4195 (4612451 Gflops/s) - 4194 (4611351 Gflops/s) - 4202 (4620147 Gflops/s) - 4202 (4620147 Gflops/s) - 4199 (4616849 Gflops/s) - 4198 (4615749 Gflops/s) | Temperatures: 58°C - 59°C - 69°C - 65°C - 58°C - 59°C - 64°C - 68°C | Throttling: None - None - None - None - None - None - None - None
4192 (4609152 Gflops/s) - 4192 (4609152 Gflops/s) - 4193 (4610252 Gflops/s) - 4192 (4609152 Gflops/s) - 4199 (4616849 Gflops/s) - 4199 (4616849 Gflops/s) - 4197 (4614650 Gflops/s) - 4195 (4612451 Gflops/s) | Temperatures: 58°C - 59°C - 69°C - 65°C - 59°C - 59°C - 64°C - 69°C | Throttling: None - None - None - None - None - None - None - None
4193 (4610252 Gflops/s) - 4193 (4610252 Gflops/s) - 4193 (4610252 Gflops/s) - 4191 (4608053 Gflops/s) - 4199 (4616849 Gflops/s) - 4200 (4617948 Gflops/s) - 4198 (4615749 Gflops/s) - 4196 (4613550 Gflops/s) | Temperatures: 58°C - 59°C - 69°C - 66°C - 59°C - 59°C - 64°C - 69°C | Throttling: None - None - None - None - None - None - None - None
4196 (4613550 Gflops/s) - 4196 (4613550 Gflops/s) - 4196 (4613550 Gflops/s) - 4195 (4612451 Gflops/s) - 4202 (4620147 Gflops/s) - 4202 (4620147 Gflops/s) - 4200 (4617948 Gflops/s) - 4199 (4616849 Gflops/s) | Temperatures: 58°C - 59°C - 69°C - 66°C - 59°C - 59°C - 64°C - 69°C | Throttling: None - None - None - None - None - None - None - None
4191 (4608053 Gflops/s) - 4192 (4609152 Gflops/s) - 4192 (4609152 Gflops/s) - 4191 (4608053 Gflops/s) - 4198 (4615749 Gflops/s) - 4198 (4615749 Gflops/s) - 4196 (4613550 Gflops/s) - 4194 (4611351 Gflops/s) | Temperatures: 59°C - 59°C - 69°C - 66°C - 59°C - 59°C - 65°C - 69°C | Throttling: None - None - None - None - None - None - None - None
4197 (4614650 Gflops/s) - 4196 (4613550 Gflops/s) - 4197 (4614650 Gflops/s) - 4195 (4612451 Gflops/s) - 4203 (4621247 Gflops/s) - 4204 (4622346 Gflops/s) - 4201 (4619048 Gflops/s) - 4200 (4617948 Gflops/s) | Temperatures: 59°C - 60°C - 70°C - 66°C - 59°C - 60°C - 65°C - 69°C | Throttling: None - None - None - None - None - None - None - None
3928 (4318881 Gflops/s) - 3929 (4319981 Gflops/s) - 3929 (4319981 Gflops/s) - 3928 (4318881 Gflops/s) - 3934 (4325478 Gflops/s) - 3934 (4325478 Gflops/s) - 3932 (4323279 Gflops/s) - 3931 (4322180 Gflops/s) | Temperatures: 59°C - 60°C - 70°C - 66°C - 60°C - 60°C - 65°C - 69°C | Throttling: None - None - None - None - None - None - None - None
3845 (4227622 Gflops/s) - 3845 (4227622 Gflops/s) - 3846 (4228721 Gflops/s) - 3844 (4226522 Gflops/s) - 3851 (4234219 Gflops/s) - 3851 (4234219 Gflops/s) - 3849 (4232020 Gflops/s) - 3848 (4230920 Gflops/s) | Temperatures: 59°C - 60°C - 70°C - 66°C - 60°C - 60°C - 65°C - 70°C | Throttling: None - None - None - None - None - None - None - None
3846 (4228721 Gflops/s) - 3845 (4227622 Gflops/s) - 3845 (4227622 Gflops/s) - 3844 (4226522 Gflops/s) - 3851 (4234219 Gflops/s) - 3852 (4235318 Gflops/s) - 3849 (4232020 Gflops/s) - 3848 (4230920 Gflops/s) | Temperatures: 59°C - 60°C - 70°C - 67°C - 60°C - 60°C - 65°C - 70°C | Throttling: None - None - None - None - None - None - None - None
3840 (4222124 Gflops/s) - 3841 (4223224 Gflops/s) - 3841 (4223224 Gflops/s) - 3840 (4222124 Gflops/s) - 3847 (4229821 Gflops/s) - 3847 (4229821 Gflops/s) - 3844 (4226522 Gflops/s) - 3843 (4225423 Gflops/s) | Temperatures: 59°C - 60°C - 70°C - 67°C - 60°C - 60°C - 65°C - 70°C | Throttling: None - None - None - None - None - None - None - None
3846 (4228721 Gflops/s) - 3845 (4227622 Gflops/s) - 3846 (4228721 Gflops/s) - 3844 (4226522 Gflops/s) - 3851 (4234219 Gflops/s) - 3851 (4234219 Gflops/s) - 3849 (4232020 Gflops/s) - 3848 (4230920 Gflops/s) | Temperatures: 59°C - 60°C - 70°C - 67°C - 60°C - 60°C - 65°C - 70°C | Throttling: None - None - None - None - None - None - None - None
3845 (4227622 Gflops/s) - 3846 (4228721 Gflops/s) - 3846 (4228721 Gflops/s) - 3845 (4227622 Gflops/s) - 3851 (4234219 Gflops/s) - 3852 (4235318 Gflops/s) - 3849 (4232020 Gflops/s) - 3848 (4230920 Gflops/s) | Temperatures: 60°C - 60°C - 70°C - 67°C - 60°C - 60°C - 66°C - 70°C | Throttling: None - None - None - None - None - None - None - None
3842 (4224323 Gflops/s) - 3841 (4223224 Gflops/s) - 3842 (4224323 Gflops/s) - 3840 (4222124 Gflops/s) - 3848 (4230920 Gflops/s) - 3848 (4230920 Gflops/s) - 3846 (4228721 Gflops/s) - 3845 (4227622 Gflops/s) | Temperatures: 60°C - 60°C - 70°C - 67°C - 60°C - 60°C - 66°C - 70°C | Throttling: None - None - None - None - None - None - None - None
3845 (4227622 Gflops/s) - 3846 (4228721 Gflops/s) - 3846 (4228721 Gflops/s) - 3844 (4226522 Gflops/s) - 3851 (4234219 Gflops/s) - 3852 (4235318 Gflops/s) - 3849 (4232020 Gflops/s) - 3848 (4230920 Gflops/s) | Temperatures: 60°C - 61°C - 71°C - 67°C - 60°C - 61°C - 66°C - 70°C | Throttling: None - None - None - None - None - None - None - None
3845 (4227622 Gflops/s) - 3845 (4227622 Gflops/s) - 3845 (4227622 Gflops/s) - 3844 (4226522 Gflops/s) - 3851 (4234219 Gflops/s) - 3851 (4234219 Gflops/s) - 3848 (4230920 Gflops/s) - 3848 (4230920 Gflops/s) | Temperatures: 60°C - 61°C - 71°C - 67°C - 61°C - 61°C - 66°C - 70°C | Throttling: None - None - None - None - None - None - None - None
3841 (4223224 Gflops/s) - 3841 (4223224 Gflops/s) - 3842 (4224323 Gflops/s) - 3841 (4223224 Gflops/s) - 3847 (4229821 Gflops/s) - 3847 (4229821 Gflops/s) - 3845 (4227622 Gflops/s) - 3844 (4226522 Gflops/s) | Temperatures: 60°C - 61°C - 71°C - 67°C - 61°C - 61°C - 66°C - 71°C | Throttling: None - None - None - None - None - None - None - None
3846 (4228721 Gflops/s) - 3846 (4228721 Gflops/s) - 3846 (4228721 Gflops/s) - 3844 (4226522 Gflops/s) - 3851 (4234219 Gflops/s) - 3852 (4235318 Gflops/s) - 3850 (4233119 Gflops/s) - 3848 (4230920 Gflops/s) | Temperatures: 60°C - 61°C - 71°C - 67°C - 61°C - 61°C - 66°C - 71°C | Throttling: None - None - None - None - None - None - None - None
3845 (4227622 Gflops/s) - 3845 (4227622 Gflops/s) - 3846 (4228721 Gflops/s) - 3844 (4226522 Gflops/s) - 3851 (4234219 Gflops/s) - 3851 (4234219 Gflops/s) - 3848 (4230920 Gflops/s) - 3847 (4229821 Gflops/s) | Temperatures: 60°C - 61°C - 71°C - 68°C - 61°C - 61°C - 66°C - 71°C | Throttling: None - None - None - None - None - None - None - None
3841 (4223224 Gflops/s) - 3840 (4222124 Gflops/s) - 3841 (4223224 Gflops/s) - 3840 (4222124 Gflops/s) - 3847 (4229821 Gflops/s) - 3847 (4229821 Gflops/s) - 3845 (4227622 Gflops/s) - 3843 (4225423 Gflops/s) | Temperatures: 60°C - 61°C - 71°C - 68°C - 61°C - 61°C - 66°C - 71°C | Throttling: None - None - None - None - None - None - None - None
3845 (4227622 Gflops/s) - 3846 (4228721 Gflops/s) - 3846 (4228721 Gflops/s) - 3844 (4226522 Gflops/s) - 3850 (4233119 Gflops/s) - 3852 (4235318 Gflops/s) - 3849 (4232020 Gflops/s) - 3848 (4230920 Gflops/s) | Temperatures: 60°C - 61°C - 71°C - 68°C - 61°C - 61°C - 66°C - 71°C | Throttling: None - None - None - None - None - None - None - None
3845 (4227622 Gflops/s) - 3845 (4227622 Gflops/s) - 3845 (4227622 Gflops/s) - 3844 (4226522 Gflops/s) - 3852 (4235318 Gflops/s) - 3851 (4234219 Gflops/s) - 3848 (4230920 Gflops/s) - 3848 (4230920 Gflops/s) | Temperatures: 60°C - 61°C - 71°C - 68°C - 61°C - 61°C - 66°C - 71°C | Throttling: None - None - None - None - None - None - None - None
3841 (4223224 Gflops/s) - 3840 (4222124 Gflops/s) - 3841 (4223224 Gflops/s) - 3840 (4222124 Gflops/s) - 3846 (4228721 Gflops/s) - 3847 (4229821 Gflops/s) - 3844 (4226522 Gflops/s) - 3843 (4225423 Gflops/s) | Temperatures: 60°C - 61°C - 71°C - 68°C - 61°C - 61°C - 67°C - 71°C | Throttling: None - None - None - None - None - None - None - None
3845 (4227622 Gflops/s) - 3845 (4227622 Gflops/s) - 3846 (4228721 Gflops/s) - 3844 (4226522 Gflops/s) - 3851 (4234219 Gflops/s) - 3851 (4234219 Gflops/s) - 3849 (4232020 Gflops/s) - 3848 (4230920 Gflops/s) | Temperatures: 60°C - 61°C - 71°C - 68°C - 61°C - 61°C - 67°C - 71°C | Throttling: None - None - None - None - None - None - None - None
3845 (4227622 Gflops/s) - 3845 (4227622 Gflops/s) - 3845 (4227622 Gflops/s) - 3844 (4226522 Gflops/s) - 3852 (4235318 Gflops/s) - 3852 (4235318 Gflops/s) - 3849 (4232020 Gflops/s) - 3848 (4230920 Gflops/s) | Temperatures: 61°C - 61°C - 72°C - 68°C - 61°C - 61°C - 67°C - 71°C | Throttling: None - None - None - None - None - None - None - None
3845 (4227622 Gflops/s) - 3845 (4227622 Gflops/s) - 3846 (4228721 Gflops/s) - 3844 (4226522 Gflops/s) - 3850 (4233119 Gflops/s) - 3851 (4234219 Gflops/s) - 3848 (4230920 Gflops/s) - 3848 (4230920 Gflops/s) | Temperatures: 61°C - 61°C - 72°C - 68°C - 61°C - 61°C - 67°C - 71°C | Throttling: None - None - None - None - None - None - None - None
3841 (4223224 Gflops/s) - 3841 (4223224 Gflops/s) - 3842 (4224323 Gflops/s) - 3840 (4222124 Gflops/s) - 3848 (4230920 Gflops/s) - 3847 (4229821 Gflops/s) - 3845 (4227622 Gflops/s) - 3843 (4225423 Gflops/s) | Temperatures: 61°C - 61°C - 72°C - 68°C - 61°C - 62°C - 67°C - 72°C | Throttling: None - None - None - None - None - None - None - None
3846 (4228721 Gflops/s) - 3846 (4228721 Gflops/s) - 3846 (4228721 Gflops/s) - 3844 (4226522 Gflops/s) - 3851 (4234219 Gflops/s) - 3852 (4235318 Gflops/s) - 3849 (4232020 Gflops/s) - 3848 (4230920 Gflops/s) | Temperatures: 61°C - 62°C - 72°C - 68°C - 62°C - 62°C - 67°C - 72°C | Throttling: None - None - None - None - None - None - None - None
3844 (4226522 Gflops/s) - 3844 (4226522 Gflops/s) - 3845 (4227622 Gflops/s) - 3844 (4226522 Gflops/s) - 3851 (4234219 Gflops/s) - 3850 (4233119 Gflops/s) - 3848 (4230920 Gflops/s) - 3847 (4229821 Gflops/s) | Temperatures: 61°C - 62°C - 72°C - 68°C - 62°C - 62°C - 67°C - 72°C | Throttling: None - None - None - None - None - None - None - None
3846 (4228721 Gflops/s) - 3846 (4228721 Gflops/s) - 3845 (4227622 Gflops/s) - 3844 (4226522 Gflops/s) - 3851 (4234219 Gflops/s) - 3852 (4235318 Gflops/s) - 3849 (4232020 Gflops/s) - 3848 (4230920 Gflops/s) | Temperatures: 61°C - 62°C - 72°C - 69°C - 62°C - 62°C - 67°C - 72°C | Throttling: None - None - None - None - None - None - None - None
3841 (4223224 Gflops/s) - 3841 (4223224 Gflops/s) - 3842 (4224323 Gflops/s) - 3840 (4222124 Gflops/s) - 3847 (4229821 Gflops/s) - 3847 (4229821 Gflops/s) - 3845 (4227622 Gflops/s) - 3844 (4226522 Gflops/s) | Temperatures: 61°C - 62°C - 72°C - 69°C - 62°C - 62°C - 67°C - 72°C | Throttling: None - None - None - None - None - None - None - None
3798 (4175945 Gflops/s) - 3799 (4177044 Gflops/s) - 3799 (4177044 Gflops/s) - 3798 (4175945 Gflops/s) - 3804 (4182542 Gflops/s) - 3804 (4182542 Gflops/s) - 3802 (4180343 Gflops/s) - 3802 (4180343 Gflops/s) | Temperatures: 61°C - 62°C - 72°C - 69°C - 62°C - 62°C - 67°C - 72°C | Throttling: None - None - None - None - None - None - None - None
3718 (4087984 Gflops/s) - 3717 (4086884 Gflops/s) - 3718 (4087984 Gflops/s) - 3717 (4086884 Gflops/s) - 3724 (4094581 Gflops/s) - 3724 (4094581 Gflops/s) - 3722 (4092382 Gflops/s) - 3719 (4089083 Gflops/s) | Temperatures: 61°C - 62°C - 72°C - 69°C - 62°C - 62°C - 67°C - 72°C | Throttling: None - None - None - None - None - None - None - None
3550 (3903266 Gflops/s) - 3550 (3903266 Gflops/s) - 3551 (3904365 Gflops/s) - 3549 (3902166 Gflops/s) - 3555 (3908763 Gflops/s) - 3556 (3909863 Gflops/s) - 3553 (3906564 Gflops/s) - 3553 (3906564 Gflops/s) | Temperatures: 61°C - 62°C - 72°C - 69°C - 62°C - 62°C - 67°C - 72°C | Throttling: None - None - None - None - None - None - None - None
3638 (4000023 Gflops/s) - 3639 (4001122 Gflops/s) - 3638 (4000023 Gflops/s) - 3637 (3998923 Gflops/s) - 3644 (4006620 Gflops/s) - 3644 (4006620 Gflops/s) - 3642 (4004421 Gflops/s) - 3641 (4003321 Gflops/s) | Temperatures: 61°C - 62°C - 72°C - 69°C - 62°C - 62°C - 67°C - 72°C | Throttling: None - None - None - None - None - None - None - None
3640 (4002222 Gflops/s) - 3639 (4001122 Gflops/s) - 3640 (4002222 Gflops/s) - 3639 (4001122 Gflops/s) - 3645 (4007719 Gflops/s) - 3646 (4008819 Gflops/s) - 3642 (4004421 Gflops/s) - 3641 (4003321 Gflops/s) | Temperatures: 61°C - 62°C - 72°C - 69°C - 62°C - 62°C - 67°C - 72°C | Throttling: None - None - None - None - None - None - None - None
3632 (3993426 Gflops/s) - 3632 (3993426 Gflops/s) - 3633 (3994525 Gflops/s) - 3631 (3992326 Gflops/s) - 3638 (4000023 Gflops/s) - 3638 (4000023 Gflops/s) - 3636 (3997824 Gflops/s) - 3635 (3996724 Gflops/s) | Temperatures: 61°C - 62°C - 72°C - 69°C - 62°C - 62°C - 68°C - 72°C | Throttling: None - None - None - None - None - None - None - None
3685 (4051700 Gflops/s) - 3685 (4051700 Gflops/s) - 3685 (4051700 Gflops/s) - 3684 (4050600 Gflops/s) - 3691 (4058297 Gflops/s) - 3691 (4058297 Gflops/s) - 3689 (4056098 Gflops/s) - 3687 (4053899 Gflops/s) | Temperatures: 61°C - 62°C - 72°C - 69°C - 62°C - 62°C - 68°C - 72°C | Throttling: None - None - None - None - None - None - None - None
3587 (3943948 Gflops/s) - 3588 (3945047 Gflops/s) - 3588 (3945047 Gflops/s) - 3586 (3942848 Gflops/s) - 3593 (3950545 Gflops/s) - 3593 (3950545 Gflops/s) - 3591 (3948346 Gflops/s) - 3590 (3947246 Gflops/s) | Temperatures: 61°C - 62°C - 72°C - 69°C - 62°C - 62°C - 68°C - 72°C | Throttling: None - None - None - None - None - None - None - None
3628 (3989028 Gflops/s) - 3627 (3987928 Gflops/s) - 3628 (3989028 Gflops/s) - 3627 (3987928 Gflops/s) - 3634 (3995625 Gflops/s) - 3633 (3994525 Gflops/s) - 3631 (3992326 Gflops/s) - 3630 (3991227 Gflops/s) | Temperatures: 61°C - 62°C - 72°C - 69°C - 62°C - 62°C - 68°C - 72°C | Throttling: None - None - None - None - None - None - None - None
3722 (4092382 Gflops/s) - 3722 (4092382 Gflops/s) - 3722 (4092382 Gflops/s) - 3720 (4090183 Gflops/s) - 3727 (4097879 Gflops/s) - 3728 (4098979 Gflops/s) - 3725 (4095680 Gflops/s) - 3724 (4094581 Gflops/s) | Temperatures: 61°C - 62°C - 72°C - 69°C - 62°C - 62°C - 68°C - 72°C | Throttling: None - None - None - None - None - None - None - None
3553 (3906564 Gflops/s) - 3552 (3905465 Gflops/s) - 3553 (3906564 Gflops/s) - 3552 (3905465 Gflops/s) - 3558 (3912062 Gflops/s) - 3558 (3912062 Gflops/s) - 3556 (3909863 Gflops/s) - 3555 (3908763 Gflops/s) | Temperatures: 61°C - 62°C - 72°C - 69°C - 62°C - 62°C - 68°C - 72°C | Throttling: None - None - None - None - None - None - None - None
3654 (4017615 Gflops/s) - 3655 (4018714 Gflops/s) - 3655 (4018714 Gflops/s) - 3654 (4017615 Gflops/s) - 3660 (4024212 Gflops/s) - 3660 (4024212 Gflops/s) - 3658 (4022013 Gflops/s) - 3657 (4020914 Gflops/s) | Temperatures: 61°C - 62°C - 72°C - 69°C - 62°C - 62°C - 68°C - 72°C | Throttling: None - None - None - None - None - None - None - None
3619 (3979132 Gflops/s) - 3618 (3978033 Gflops/s) - 3619 (3979132 Gflops/s) - 3617 (3976933 Gflops/s) - 3624 (3984630 Gflops/s) - 3624 (3984630 Gflops/s) - 3622 (3982431 Gflops/s) - 3621 (3981331 Gflops/s) | Temperatures: 61°C - 62°C - 72°C - 69°C - 62°C - 62°C - 68°C - 72°C | Throttling: None - None - None - None - None - None - None - None
3629 (3990127 Gflops/s) - 3630 (3991227 Gflops/s) - 3630 (3991227 Gflops/s) - 3629 (3990127 Gflops/s) - 3635 (3996724 Gflops/s) - 3636 (3997824 Gflops/s) - 3633 (3994525 Gflops/s) - 3632 (3993426 Gflops/s) | Temperatures: 61°C - 62°C - 72°C - 69°C - 62°C - 62°C - 68°C - 72°C | Throttling: None - None - None - None - None - None - None - None
3691 (4058297 Gflops/s) - 3691 (4058297 Gflops/s) - 3692 (4059396 Gflops/s) - 3691 (4058297 Gflops/s) - 3698 (4065993 Gflops/s) - 3697 (4064894 Gflops/s) - 3694 (4061595 Gflops/s) - 3694 (4061595 Gflops/s) | Temperatures: 61°C - 62°C - 72°C - 69°C - 62°C - 62°C - 68°C - 72°C | Throttling: None - None - None - None - None - None - None - None
3583 (3939550 Gflops/s) - 3583 (3939550 Gflops/s) - 3583 (3939550 Gflops/s) - 3582 (3938450 Gflops/s) - 3588 (3945047 Gflops/s) - 3588 (3945047 Gflops/s) - 3586 (3942848 Gflops/s) - 3585 (3941749 Gflops/s) | Temperatures: 61°C - 62°C - 72°C - 69°C - 62°C - 62°C - 68°C - 72°C | Throttling: None - None - None - None - None - None - None - None
3630 (3991227 Gflops/s) - 3629 (3990127 Gflops/s) - 3630 (3991227 Gflops/s) - 3628 (3989028 Gflops/s) - 3635 (3996724 Gflops/s) - 3636 (3997824 Gflops/s) - 3633 (3994525 Gflops/s) - 3632 (3993426 Gflops/s) | Temperatures: 61°C - 62°C - 72°C - 69°C - 62°C - 62°C - 68°C - 72°C | Throttling: None - None - None - None - None - None - None - None
3722 (4092382 Gflops/s) - 3723 (4093481 Gflops/s) - 3722 (4092382 Gflops/s) - 3721 (4091282 Gflops/s) - 3728 (4098979 Gflops/s) - 3728 (4098979 Gflops/s) - 3726 (4096780 Gflops/s) - 3724 (4094581 Gflops/s) | Temperatures: 61°C - 62°C - 72°C - 69°C - 62°C - 62°C - 68°C - 72°C | Throttling: None - None - None - None - None - None - None - None
3553 (3906564 Gflops/s) - 3551 (3904365 Gflops/s) - 3553 (3906564 Gflops/s) - 3551 (3904365 Gflops/s) - 3557 (3910962 Gflops/s) - 3558 (3912062 Gflops/s) - 3555 (3908763 Gflops/s) - 3555 (3908763 Gflops/s) | Temperatures: 61°C - 62°C - 72°C - 69°C - 62°C - 62°C - 68°C - 72°C | Throttling: None - None - None - None - None - None - None - None
3656 (4019814 Gflops/s) - 3657 (4020914 Gflops/s) - 3656 (4019814 Gflops/s) - 3655 (4018714 Gflops/s) - 3662 (4026411 Gflops/s) - 3662 (4026411 Gflops/s) - 3659 (4023113 Gflops/s) - 3658 (4022013 Gflops/s) | Temperatures: 61°C - 62°C - 72°C - 69°C - 62°C - 62°C - 68°C - 72°C | Throttling: None - None - None - None - None - None - None - None
3618 (3978033 Gflops/s) - 3618 (3978033 Gflops/s) - 3619 (3979132 Gflops/s) - 3617 (3976933 Gflops/s) - 3624 (3984630 Gflops/s) - 3624 (3984630 Gflops/s) - 3622 (3982431 Gflops/s) - 3621 (3981331 Gflops/s) | Temperatures: 61°C - 62°C - 72°C - 69°C - 62°C - 62°C - 68°C - 72°C | Throttling: None - None - None - None - None - None - None - None
3630 (3991227 Gflops/s) - 3630 (3991227 Gflops/s) - 3630 (3991227 Gflops/s) - 3629 (3990127 Gflops/s) - 3635 (3996724 Gflops/s) - 3635 (3996724 Gflops/s) - 3633 (3994525 Gflops/s) - 3632 (3993426 Gflops/s) | Temperatures: 61°C - 62°C - 72°C - 69°C - 62°C - 62°C - 68°C - 72°C | Throttling: None - None - None - None - None - None - None - None
3687 (4053899 Gflops/s) - 3687 (4053899 Gflops/s) - 3688 (4054998 Gflops/s) - 3686 (4052799 Gflops/s) - 3693 (4060496 Gflops/s) - 3694 (4061595 Gflops/s) - 3691 (4058297 Gflops/s) - 3690 (4057197 Gflops/s) | Temperatures: 61°C - 62°C - 72°C - 69°C - 62°C - 62°C - 68°C - 72°C | Throttling: None - None - None - None - None - None - None - None
3588 (3945047 Gflops/s) - 3587 (3943948 Gflops/s) - 3588 (3945047 Gflops/s) - 3586 (3942848 Gflops/s) - 3593 (3950545 Gflops/s) - 3592 (3949445 Gflops/s) - 3591 (3948346 Gflops/s) - 3589 (3946147 Gflops/s) | Temperatures: 61°C - 62°C - 72°C - 69°C - 62°C - 62°C - 68°C - 72°C | Throttling: None - None - None - None - None - None - None - None
3792 (4169348 Gflops/s) - 3793 (4170447 Gflops/s) - 3793 (4170447 Gflops/s) - 3792 (4169348 Gflops/s) - 3798 (4175945 Gflops/s) - 3799 (4177044 Gflops/s) - 3796 (4173746 Gflops/s) - 3795 (4172646 Gflops/s) | Temperatures: 61°C - 62°C - 72°C - 69°C - 62°C - 62°C - 68°C - 72°C | Throttling: None - None - None - None - None - None - None - None
4192 (4609152 Gflops/s) - 4192 (4609152 Gflops/s) - 4192 (4609152 Gflops/s) - 4190 (4606953 Gflops/s) - 4199 (4616849 Gflops/s) - 4198 (4615749 Gflops/s) - 4195 (4612451 Gflops/s) - 4195 (4612451 Gflops/s) | Temperatures: 61°C - 62°C - 72°C - 69°C - 62°C - 62°C - 68°C - 72°C | Throttling: None - None - None - None - None - None - None - None
4197 (4614650 Gflops/s) - 4196 (4613550 Gflops/s) - 4197 (4614650 Gflops/s) - 4196 (4613550 Gflops/s) - 4203 (4621247 Gflops/s) - 4204 (4622346 Gflops/s) - 4201 (4619048 Gflops/s) - 4199 (4616849 Gflops/s) | Temperatures: 61°C - 62°C - 72°C - 69°C - 62°C - 62°C - 68°C - 72°C | Throttling: None - None - None - None - None - None - None - None
4191 (4608053 Gflops/s) - 4192 (4609152 Gflops/s) - 4192 (4609152 Gflops/s) - 4190 (4606953 Gflops/s) - 4198 (4615749 Gflops/s) - 4198 (4615749 Gflops/s) - 4195 (4612451 Gflops/s) - 4194 (4611351 Gflops/s) | Temperatures: 61°C - 62°C - 72°C - 69°C - 62°C - 62°C - 68°C - 72°C | Throttling: None - None - None - None - None - None - None - None
4193 (4610252 Gflops/s) - 4192 (4609152 Gflops/s) - 4193 (4610252 Gflops/s) - 4191 (4608053 Gflops/s) - 4199 (4616849 Gflops/s) - 4200 (4617948 Gflops/s) - 4196 (4613550 Gflops/s) - 4196 (4613550 Gflops/s) | Temperatures: 61°C - 62°C - 72°C - 69°C - 62°C - 62°C - 68°C - 72°C | Throttling: None - None - None - None - None - None - None - None
4196 (4613550 Gflops/s) - 4197 (4614650 Gflops/s) - 4198 (4615749 Gflops/s) - 4195 (4612451 Gflops/s) - 4203 (4621247 Gflops/s) - 4203 (4621247 Gflops/s) - 4201 (4619048 Gflops/s) - 4199 (4616849 Gflops/s) | Temperatures: 61°C - 62°C - 72°C - 69°C - 62°C - 62°C - 68°C - 72°C | Throttling: None - None - None - None - None - None - None - None
4192 (4609152 Gflops/s) - 4192 (4609152 Gflops/s) - 4192 (4609152 Gflops/s) - 4191 (4608053 Gflops/s) - 4198 (4615749 Gflops/s) - 4199 (4616849 Gflops/s) - 4196 (4613550 Gflops/s) - 4195 (4612451 Gflops/s) | Temperatures: 61°C - 62°C - 72°C - 69°C - 62°C - 62°C - 68°C - 72°C | Throttling: None - None - None - None - None - None - None - None
4192 (4609152 Gflops/s) - 4192 (4609152 Gflops/s) - 4192 (4609152 Gflops/s) - 4191 (4608053 Gflops/s) - 4199 (4616849 Gflops/s) - 4199 (4616849 Gflops/s) - 4196 (4613550 Gflops/s) - 4195 (4612451 Gflops/s) | Temperatures: 61°C - 62°C - 72°C - 69°C - 62°C - 62°C - 68°C - 72°C | Throttling: None - None - None - None - None - None - None - None
4193 (4610252 Gflops/s) - 4193 (4610252 Gflops/s) - 4194 (4611351 Gflops/s) - 4192 (4609152 Gflops/s) - 4199 (4616849 Gflops/s) - 4199 (4616849 Gflops/s) - 4196 (4613550 Gflops/s) - 4196 (4613550 Gflops/s) | Temperatures: 61°C - 62°C - 72°C - 69°C - 62°C - 62°C - 68°C - 72°C | Throttling: None - None - None - None - None - None - None - None
4196 (4613550 Gflops/s) - 4195 (4612451 Gflops/s) - 4196 (4613550 Gflops/s) - 4194 (4611351 Gflops/s) - 4202 (4620147 Gflops/s) - 4203 (4621247 Gflops/s) - 4200 (4617948 Gflops/s) - 4198 (4615749 Gflops/s) | Temperatures: 61°C - 62°C - 72°C - 69°C - 62°C - 62°C - 68°C - 72°C | Throttling: None - None - None - None - None - None - None - None
4191 (4608053 Gflops/s) - 4192 (4609152 Gflops/s) - 4192 (4609152 Gflops/s) - 4191 (4608053 Gflops/s) - 4198 (4615749 Gflops/s) - 4198 (4615749 Gflops/s) - 4196 (4613550 Gflops/s) - 4194 (4611351 Gflops/s) | Temperatures: 61°C - 62°C - 72°C - 69°C - 62°C - 62°C - 68°C - 72°C | Throttling: None - None - None - None - None - None - None - None
4197 (4614650 Gflops/s) - 4196 (4613550 Gflops/s) - 4197 (4614650 Gflops/s) - 4195 (4612451 Gflops/s) - 4203 (4621247 Gflops/s) - 4203 (4621247 Gflops/s) - 4200 (4617948 Gflops/s) - 4199 (4616849 Gflops/s) | Temperatures: 61°C - 62°C - 72°C - 69°C - 62°C - 62°C - 68°C - 72°C | Throttling: None - None - None - None - None - None - None - None
4192 (4609152 Gflops/s) - 4193 (4610252 Gflops/s) - 4193 (4610252 Gflops/s) - 4191 (4608053 Gflops/s) - 4199 (4616849 Gflops/s) - 4200 (4617948 Gflops/s) - 4197 (4614650 Gflops/s) - 4196 (4613550 Gflops/s) | Temperatures: 61°C - 62°C - 72°C - 69°C - 62°C - 62°C - 68°C - 72°C | Throttling: None - None - None - None - None - None - None - None
4192 (4609152 Gflops/s) - 4192 (4609152 Gflops/s) - 4193 (4610252 Gflops/s) - 4191 (4608053 Gflops/s) - 4199 (4616849 Gflops/s) - 4198 (4615749 Gflops/s) - 4196 (4613550 Gflops/s) - 4194 (4611351 Gflops/s) | Temperatures: 61°C - 62°C - 73°C - 69°C - 62°C - 62°C - 68°C - 72°C | Throttling: None - None - None - None - None - None - None - None
4193 (4610252 Gflops/s) - 4192 (4609152 Gflops/s) - 4193 (4610252 Gflops/s) - 4191 (4608053 Gflops/s) - 4198 (4615749 Gflops/s) - 4199 (4616849 Gflops/s) - 4196 (4613550 Gflops/s) - 4195 (4612451 Gflops/s) | Temperatures: 61°C - 62°C - 73°C - 69°C - 62°C - 62°C - 68°C - 72°C | Throttling: None - None - None - None - None - None - None - None
4193 (4610252 Gflops/s) - 4193 (4610252 Gflops/s) - 4193 (4610252 Gflops/s) - 4191 (4608053 Gflops/s) - 4199 (4616849 Gflops/s) - 4200 (4617948 Gflops/s) - 4197 (4614650 Gflops/s) - 4195 (4612451 Gflops/s) | Temperatures: 61°C - 62°C - 73°C - 69°C - 62°C - 62°C - 68°C - 72°C | Throttling: None - None - None - None - None - None - None - None
3925 (4315583 Gflops/s) - 3926 (4316682 Gflops/s) - 3926 (4316682 Gflops/s) - 3925 (4315583 Gflops/s) - 3932 (4323279 Gflops/s) - 3932 (4323279 Gflops/s) - 3930 (4321080 Gflops/s) - 3929 (4319981 Gflops/s) | Temperatures: 61°C - 62°C - 73°C - 69°C - 62°C - 62°C - 68°C - 72°C | Throttling: None - None - None - None - None - None - None - None
3846 (4228721 Gflops/s) - 3845 (4227622 Gflops/s) - 3846 (4228721 Gflops/s) - 3844 (4226522 Gflops/s) - 3852 (4235318 Gflops/s) - 3852 (4235318 Gflops/s) - 3849 (4232020 Gflops/s) - 3848 (4230920 Gflops/s) | Temperatures: 61°C - 62°C - 73°C - 69°C - 62°C - 62°C - 68°C - 73°C | Throttling: None - None - None - None - None - None - None - None
3841 (4223224 Gflops/s) - 3841 (4223224 Gflops/s) - 3841 (4223224 Gflops/s) - 3839 (4221025 Gflops/s) - 3846 (4228721 Gflops/s) - 3846 (4228721 Gflops/s) - 3844 (4226522 Gflops/s) - 3842 (4224323 Gflops/s) | Temperatures: 61°C - 62°C - 73°C - 69°C - 62°C - 62°C - 68°C - 73°C | Throttling: None - None - None - None - None - None - None - None
3845 (4227622 Gflops/s) - 3845 (4227622 Gflops/s) - 3846 (4228721 Gflops/s) - 3845 (4227622 Gflops/s) - 3852 (4235318 Gflops/s) - 3852 (4235318 Gflops/s) - 3849 (4232020 Gflops/s) - 3848 (4230920 Gflops/s) | Temperatures: 61°C - 62°C - 73°C - 69°C - 62°C - 62°C - 68°C - 73°C | Throttling: None - None - None - None - None - None - None - None
3845 (4227622 Gflops/s) - 3845 (4227622 Gflops/s) - 3846 (4228721 Gflops/s) - 3843 (4225423 Gflops/s) - 3850 (4233119 Gflops/s) - 3851 (4234219 Gflops/s) - 3849 (4232020 Gflops/s) - 3847 (4229821 Gflops/s) | Temperatures: 61°C - 62°C - 73°C - 69°C - 62°C - 62°C - 68°C - 73°C | Throttling: None - None - None - None - None - None - None - None
3845 (4227622 Gflops/s) - 3845 (4227622 Gflops/s) - 3845 (4227622 Gflops/s) - 3844 (4226522 Gflops/s) - 3851 (4234219 Gflops/s) - 3850 (4233119 Gflops/s) - 3848 (4230920 Gflops/s) - 3848 (4230920 Gflops/s) | Temperatures: 61°C - 62°C - 73°C - 69°C - 62°C - 62°C - 68°C - 73°C | Throttling: None - None - None - None - None - None - None - None
3841 (4223224 Gflops/s) - 3841 (4223224 Gflops/s) - 3842 (4224323 Gflops/s) - 3841 (4223224 Gflops/s) - 3848 (4230920 Gflops/s) - 3848 (4230920 Gflops/s) - 3845 (4227622 Gflops/s) - 3844 (4226522 Gflops/s) | Temperatures: 61°C - 62°C - 73°C - 69°C - 62°C - 62°C - 68°C - 73°C | Throttling: None - None - None - None - None - None - None - None
3845 (4227622 Gflops/s) - 3846 (4228721 Gflops/s) - 3845 (4227622 Gflops/s) - 3843 (4225423 Gflops/s) - 3851 (4234219 Gflops/s) - 3851 (4234219 Gflops/s) - 3848 (4230920 Gflops/s) - 3847 (4229821 Gflops/s) | Temperatures: 61°C - 62°C - 73°C - 69°C - 62°C - 62°C - 68°C - 73°C | Throttling: None - None - None - None - None - None - None - None
3845 (4227622 Gflops/s) - 3845 (4227622 Gflops/s) - 3846 (4228721 Gflops/s) - 3844 (4226522 Gflops/s) - 3851 (4234219 Gflops/s) - 3851 (4234219 Gflops/s) - 3849 (4232020 Gflops/s) - 3848 (4230920 Gflops/s) | Temperatures: 61°C - 62°C - 73°C - 69°C - 62°C - 62°C - 68°C - 73°C | Throttling: None - None - None - None - None - None - None - None
3842 (4224323 Gflops/s) - 3841 (4223224 Gflops/s) - 3842 (4224323 Gflops/s) - 3841 (4223224 Gflops/s) - 3847 (4229821 Gflops/s) - 3848 (4230920 Gflops/s) - 3846 (4228721 Gflops/s) - 3844 (4226522 Gflops/s) | Temperatures: 61°C - 62°C - 73°C - 69°C - 62°C - 62°C - 68°C - 73°C | Throttling: None - None - None - None - None - None - None - None
3845 (4227622 Gflops/s) - 3846 (4228721 Gflops/s) - 3845 (4227622 Gflops/s) - 3844 (4226522 Gflops/s) - 3851 (4234219 Gflops/s) - 3851 (4234219 Gflops/s) - 3849 (4232020 Gflops/s) - 3847 (4229821 Gflops/s) | Temperatures: 61°C - 62°C - 73°C - 69°C - 62°C - 62°C - 68°C - 73°C | Throttling: None - None - None - None - None - None - None - None
3846 (4228721 Gflops/s) - 3845 (4227622 Gflops/s) - 3847 (4229821 Gflops/s) - 3844 (4226522 Gflops/s) - 3851 (4234219 Gflops/s) - 3852 (4235318 Gflops/s) - 3849 (4232020 Gflops/s) - 3848 (4230920 Gflops/s) | Temperatures: 61°C - 62°C - 73°C - 69°C - 62°C - 62°C - 68°C - 73°C | Throttling: None - None - None - None - None - None - None - None
3842 (4224323 Gflops/s) - 3842 (4224323 Gflops/s) - 3842 (4224323 Gflops/s) - 3841 (4223224 Gflops/s) - 3848 (4230920 Gflops/s) - 3849 (4232020 Gflops/s) - 3845 (4227622 Gflops/s) - 3844 (4226522 Gflops/s) | Temperatures: 61°C - 62°C - 73°C - 69°C - 62°C - 62°C - 68°C - 73°C | Throttling: None - None - None - None - None - None - None - None
3846 (4228721 Gflops/s) - 3846 (4228721 Gflops/s) - 3847 (4229821 Gflops/s) - 3845 (4227622 Gflops/s) - 3852 (4235318 Gflops/s) - 3852 (4235318 Gflops/s) - 3850 (4233119 Gflops/s) - 3850 (4233119 Gflops/s) | Temperatures: 61°C - 62°C - 73°C - 69°C - 62°C - 62°C - 68°C - 73°C | Throttling: None - None - None - None - None - None - None - None
3841 (4223224 Gflops/s) - 3841 (4223224 Gflops/s) - 3840 (4222124 Gflops/s) - 3839 (4221025 Gflops/s) - 3846 (4228721 Gflops/s) - 3846 (4228721 Gflops/s) - 3843 (4225423 Gflops/s) - 3842 (4224323 Gflops/s) | Temperatures: 61°C - 62°C - 73°C - 69°C - 62°C - 62°C - 68°C - 73°C | Throttling: None - None - None - None - None - None - None - None
3845 (4227622 Gflops/s) - 3845 (4227622 Gflops/s) - 3846 (4228721 Gflops/s) - 3845 (4227622 Gflops/s) - 3852 (4235318 Gflops/s) - 3852 (4235318 Gflops/s) - 3849 (4232020 Gflops/s) - 3848 (4230920 Gflops/s) | Temperatures: 61°C - 62°C - 73°C - 69°C - 62°C - 62°C - 68°C - 73°C | Throttling: None - None - None - None - None - None - None - None
3845 (4227622 Gflops/s) - 3845 (4227622 Gflops/s) - 3846 (4228721 Gflops/s) - 3844 (4226522 Gflops/s) - 3851 (4234219 Gflops/s) - 3851 (4234219 Gflops/s) - 3849 (4232020 Gflops/s) - 3847 (4229821 Gflops/s) | Temperatures: 61°C - 62°C - 73°C - 69°C - 62°C - 62°C - 68°C - 73°C | Throttling: None - None - None - None - None - None - None - None
3842 (4224323 Gflops/s) - 3842 (4224323 Gflops/s) - 3842 (4224323 Gflops/s) - 3841 (4223224 Gflops/s) - 3848 (4230920 Gflops/s) - 3848 (4230920 Gflops/s) - 3846 (4228721 Gflops/s) - 3845 (4227622 Gflops/s) | Temperatures: 61°C - 62°C - 73°C - 69°C - 62°C - 62°C - 68°C - 73°C | Throttling: None - None - None - None - None - None - None - None
3846 (4228721 Gflops/s) - 3846 (4228721 Gflops/s) - 3847 (4229821 Gflops/s) - 3844 (4226522 Gflops/s) - 3851 (4234219 Gflops/s) - 3852 (4235318 Gflops/s) - 3849 (4232020 Gflops/s) - 3848 (4230920 Gflops/s) | Temperatures: 61°C - 62°C - 73°C - 69°C - 62°C - 62°C - 68°C - 73°C | Throttling: None - None - None - None - None - None - None - None
3846 (4228721 Gflops/s) - 3846 (4228721 Gflops/s) - 3846 (4228721 Gflops/s) - 3845 (4227622 Gflops/s) - 3852 (4235318 Gflops/s) - 3851 (4234219 Gflops/s) - 3850 (4233119 Gflops/s) - 3848 (4230920 Gflops/s) | Temperatures: 61°C - 62°C - 73°C - 69°C - 62°C - 62°C - 68°C - 73°C | Throttling: None - None - None - None - None - None - None - None
3842 (4224323 Gflops/s) - 3841 (4223224 Gflops/s) - 3842 (4224323 Gflops/s) - 3840 (4222124 Gflops/s) - 3847 (4229821 Gflops/s) - 3848 (4230920 Gflops/s) - 3845 (4227622 Gflops/s) - 3844 (4226522 Gflops/s) | Temperatures: 61°C - 62°C - 73°C - 69°C - 62°C - 62°C - 68°C - 73°C | Throttling: None - None - None - None - None - None - None - None
3845 (4227622 Gflops/s) - 3846 (4228721 Gflops/s) - 3846 (4228721 Gflops/s) - 3845 (4227622 Gflops/s) - 3852 (4235318 Gflops/s) - 3852 (4235318 Gflops/s) - 3849 (4232020 Gflops/s) - 3848 (4230920 Gflops/s) | Temperatures: 61°C - 62°C - 73°C - 69°C - 62°C - 62°C - 68°C - 73°C | Throttling: None - None - None - None - None - None - None - None
3840 (4222124 Gflops/s) - 3840 (4222124 Gflops/s) - 3841 (4223224 Gflops/s) - 3839 (4221025 Gflops/s) - 3846 (4228721 Gflops/s) - 3847 (4229821 Gflops/s) - 3844 (4226522 Gflops/s) - 3843 (4225423 Gflops/s) | Temperatures: 61°C - 62°C - 73°C - 69°C - 62°C - 62°C - 68°C - 73°C | Throttling: None - None - None - None - None - None - None - None
3846 (4228721 Gflops/s) - 3846 (4228721 Gflops/s) - 3846 (4228721 Gflops/s) - 3844 (4226522 Gflops/s) - 3852 (4235318 Gflops/s) - 3851 (4234219 Gflops/s) - 3849 (4232020 Gflops/s) - 3848 (4230920 Gflops/s) | Temperatures: 61°C - 62°C - 73°C - 69°C - 62°C - 62°C - 68°C - 73°C | Throttling: None - None - None - None - None - None - None - None
3845 (4227622 Gflops/s) - 3845 (4227622 Gflops/s) - 3845 (4227622 Gflops/s) - 3844 (4226522 Gflops/s) - 3851 (4234219 Gflops/s) - 3852 (4235318 Gflops/s) - 3850 (4233119 Gflops/s) - 3847 (4229821 Gflops/s) | Temperatures: 61°C - 62°C - 73°C - 69°C - 62°C - 62°C - 68°C - 73°C | Throttling: None - None - None - None - None - None - None - None
3694 (4061595 Gflops/s) - 3694 (4061595 Gflops/s) - 3694 (4061595 Gflops/s) - 3692 (4059396 Gflops/s) - 3699 (4067093 Gflops/s) - 3699 (4067093 Gflops/s) - 3696 (4063794 Gflops/s) - 3696 (4063794 Gflops/s) | Temperatures: 61°C - 62°C - 73°C - 70°C - 62°C - 62°C - 68°C - 73°C | Throttling: None - None - None - None - None - None - None - None
3462 (3806509 Gflops/s) - 3462 (3806509 Gflops/s) - 3463 (3807608 Gflops/s) - 3462 (3806509 Gflops/s) - 3468 (3813106 Gflops/s) - 3468 (3813106 Gflops/s) - 3466 (3810907 Gflops/s) - 3465 (3809807 Gflops/s) | Temperatures: 61°C - 62°C - 73°C - 69°C - 62°C - 62°C - 68°C - 73°C | Throttling: None - None - None - None - None - None - None - None
3603 (3961540 Gflops/s) - 3603 (3961540 Gflops/s) - 3603 (3961540 Gflops/s) - 3601 (3959341 Gflops/s) - 3608 (3967037 Gflops/s) - 3609 (3968137 Gflops/s) - 3606 (3964838 Gflops/s) - 3605 (3963739 Gflops/s) | Temperatures: 61°C - 62°C - 73°C - 70°C - 62°C - 62°C - 68°C - 73°C | Throttling: None - None - None - None - None - None - None - None
3476 (3821902 Gflops/s) - 3476 (3821902 Gflops/s) - 3477 (3823001 Gflops/s) - 3476 (3821902 Gflops/s) - 3482 (3828499 Gflops/s) - 3482 (3828499 Gflops/s) - 3480 (3826300 Gflops/s) - 3479 (3825200 Gflops/s) | Temperatures: 61°C - 62°C - 73°C - 70°C - 62°C - 62°C - 68°C - 73°C | Throttling: None - None - None - None - None - None - None - None
3535 (3886773 Gflops/s) - 3535 (3886773 Gflops/s) - 3535 (3886773 Gflops/s) - 3533 (3884574 Gflops/s) - 3540 (3892271 Gflops/s) - 3540 (3892271 Gflops/s) - 3538 (3890072 Gflops/s) - 3536 (3887873 Gflops/s) | Temperatures: 61°C - 62°C - 73°C - 69°C - 62°C - 62°C - 68°C - 73°C | Throttling: None - None - None - None - None - None - None - None
3633 (3994525 Gflops/s) - 3633 (3994525 Gflops/s) - 3634 (3995625 Gflops/s) - 3633 (3994525 Gflops/s) - 3639 (4001122 Gflops/s) - 3639 (4001122 Gflops/s) - 3637 (3998923 Gflops/s) - 3636 (3997824 Gflops/s) | Temperatures: 61°C - 62°C - 73°C - 70°C - 62°C - 62°C - 68°C - 73°C | Throttling: None - None - None - None - None - None - None - None
3445 (3787817 Gflops/s) - 3444 (3786718 Gflops/s) - 3445 (3787817 Gflops/s) - 3443 (3785618 Gflops/s) - 3450 (3793315 Gflops/s) - 3450 (3793315 Gflops/s) - 3447 (3790016 Gflops/s) - 3447 (3790016 Gflops/s) | Temperatures: 61°C - 62°C - 73°C - 70°C - 62°C - 62°C - 68°C - 73°C | Throttling: None - None - None - None - None - None - None - None
3540 (3892271 Gflops/s) - 3540 (3892271 Gflops/s) - 3540 (3892271 Gflops/s) - 3539 (3891171 Gflops/s) - 3545 (3897768 Gflops/s) - 3546 (3898868 Gflops/s) - 3543 (3895569 Gflops/s) - 3542 (3894470 Gflops/s) | Temperatures: 61°C - 62°C - 73°C - 69°C - 62°C - 62°C - 68°C - 73°C | Throttling: None - None - None - None - None - None - None - None
3664 (4028610 Gflops/s) - 3664 (4028610 Gflops/s) - 3665 (4029710 Gflops/s) - 3663 (4027511 Gflops/s) - 3669 (4034108 Gflops/s) - 3669 (4034108 Gflops/s) - 3668 (4033008 Gflops/s) - 3667 (4031909 Gflops/s) | Temperatures: 61°C - 62°C - 73°C - 70°C - 62°C - 62°C - 68°C - 73°C | Throttling: None - None - None - None - None - None - None - None
3410 (3749334 Gflops/s) - 3411 (3750434 Gflops/s) - 3411 (3750434 Gflops/s) - 3409 (3748235 Gflops/s) - 3416 (3755931 Gflops/s) - 3416 (3755931 Gflops/s) - 3413 (3752633 Gflops/s) - 3413 (3752633 Gflops/s) | Temperatures: 61°C - 62°C - 73°C - 70°C - 62°C - 62°C - 68°C - 73°C | Throttling: None - None - None - None - None - None - None - None
3541 (3893370 Gflops/s) - 3541 (3893370 Gflops/s) - 3542 (3894470 Gflops/s) - 3540 (3892271 Gflops/s) - 3547 (3899967 Gflops/s) - 3547 (3899967 Gflops/s) - 3545 (3897768 Gflops/s) - 3543 (3895569 Gflops/s) | Temperatures: 61°C - 62°C - 73°C - 70°C - 62°C - 62°C - 68°C - 73°C | Throttling: None - None - None - None - None - None - None - None
3543 (3895569 Gflops/s) - 3543 (3895569 Gflops/s) - 3543 (3895569 Gflops/s) - 3542 (3894470 Gflops/s) - 3548 (3901067 Gflops/s) - 3549 (3902166 Gflops/s) - 3547 (3899967 Gflops/s) - 3545 (3897768 Gflops/s) | Temperatures: 61°C - 62°C - 73°C - 70°C - 62°C - 62°C - 68°C - 73°C | Throttling: None - None - None - None - None - None - None - None
3533 (3884574 Gflops/s) - 3533 (3884574 Gflops/s) - 3533 (3884574 Gflops/s) - 3532 (3883475 Gflops/s) - 3539 (3891171 Gflops/s) - 3539 (3891171 Gflops/s) - 3536 (3887873 Gflops/s) - 3536 (3887873 Gflops/s) | Temperatures: 61°C - 62°C - 73°C - 70°C - 62°C - 62°C - 68°C - 73°C | Throttling: None - None - None - None - None - None - None - None
3556 (3909863 Gflops/s) - 3556 (3909863 Gflops/s) - 3557 (3910962 Gflops/s) - 3555 (3908763 Gflops/s) - 3561 (3915360 Gflops/s) - 3561 (3915360 Gflops/s) - 3559 (3913161 Gflops/s) - 3559 (3913161 Gflops/s) | Temperatures: 61°C - 62°C - 73°C - 70°C - 62°C - 62°C - 68°C - 73°C | Throttling: None - None - None - None - None - None - None - None
3530 (3881276 Gflops/s) - 3530 (3881276 Gflops/s) - 3530 (3881276 Gflops/s) - 3528 (3879077 Gflops/s) - 3535 (3886773 Gflops/s) - 3535 (3886773 Gflops/s) - 3533 (3884574 Gflops/s) - 3531 (3882375 Gflops/s) | Temperatures: 61°C - 62°C - 73°C - 70°C - 62°C - 62°C - 68°C - 73°C | Throttling: None - None - None - None - None - None - None - None
3573 (3928555 Gflops/s) - 3573 (3928555 Gflops/s) - 3573 (3928555 Gflops/s) - 3572 (3927455 Gflops/s) - 3579 (3935152 Gflops/s) - 3579 (3935152 Gflops/s) - 3577 (3932953 Gflops/s) - 3576 (3931853 Gflops/s) | Temperatures: 61°C - 62°C - 73°C - 70°C - 62°C - 62°C - 68°C - 73°C | Throttling: None - None - None - None - None - None - None - None
3549 (3902166 Gflops/s) - 3549 (3902166 Gflops/s) - 3550 (3903266 Gflops/s) - 3547 (3899967 Gflops/s) - 3555 (3908763 Gflops/s) - 3555 (3908763 Gflops/s) - 3552 (3905465 Gflops/s) - 3551 (3904365 Gflops/s) | Temperatures: 61°C - 62°C - 73°C - 70°C - 62°C - 62°C - 68°C - 73°C | Throttling: None - None - None - None - None - None - None - None
3583 (3939550 Gflops/s) - 3583 (3939550 Gflops/s) - 3584 (3940649 Gflops/s) - 3583 (3939550 Gflops/s) - 3589 (3946147 Gflops/s) - 3589 (3946147 Gflops/s) - 3587 (3943948 Gflops/s) - 3586 (3942848 Gflops/s) | Temperatures: 61°C - 62°C - 73°C - 70°C - 62°C - 62°C - 68°C - 73°C | Throttling: None - None - None - None - None - None - None - None
3657 (4020914 Gflops/s) - 3657 (4020914 Gflops/s) - 3657 (4020914 Gflops/s) - 3656 (4019814 Gflops/s) - 3662 (4026411 Gflops/s) - 3663 (4027511 Gflops/s) - 3660 (4024212 Gflops/s) - 3659 (4023113 Gflops/s) | Temperatures: 61°C - 62°C - 73°C - 70°C - 62°C - 62°C - 68°C - 73°C | Throttling: None - None - None - None - None - None - None - None
3619 (3979132 Gflops/s) - 3619 (3979132 Gflops/s) - 3619 (3979132 Gflops/s) - 3618 (3978033 Gflops/s) - 3625 (3985729 Gflops/s) - 3625 (3985729 Gflops/s) - 3623 (3983530 Gflops/s) - 3621 (3981331 Gflops/s) | Temperatures: 61°C - 62°C - 73°C - 70°C - 62°C - 62°C - 68°C - 73°C | Throttling: None - None - None - None - None - None - None - None
3634 (3995625 Gflops/s) - 3633 (3994525 Gflops/s) - 3634 (3995625 Gflops/s) - 3632 (3993426 Gflops/s) - 3639 (4001122 Gflops/s) - 3638 (4000023 Gflops/s) - 3637 (3998923 Gflops/s) - 3636 (3997824 Gflops/s) | Temperatures: 61°C - 62°C - 73°C - 70°C - 62°C - 62°C - 68°C - 73°C | Throttling: None - None - None - None - None - None - None - None
3687 (4053899 Gflops/s) - 3688 (4054998 Gflops/s) - 3688 (4054998 Gflops/s) - 3686 (4052799 Gflops/s) - 3693 (4060496 Gflops/s) - 3694 (4061595 Gflops/s) - 3690 (4057197 Gflops/s) - 3690 (4057197 Gflops/s) | Temperatures: 61°C - 62°C - 73°C - 70°C - 62°C - 62°C - 68°C - 73°C | Throttling: None - None - None - None - None - None - None - None
3586 (3942848 Gflops/s) - 3586 (3942848 Gflops/s) - 3586 (3942848 Gflops/s) - 3586 (3942848 Gflops/s) - 3592 (3949445 Gflops/s) - 3592 (3949445 Gflops/s) - 3590 (3947246 Gflops/s) - 3588 (3945047 Gflops/s) | Temperatures: 61°C - 62°C - 73°C - 70°C - 62°C - 62°C - 68°C - 73°C | Throttling: None - None - None - None - None - None - None - None
3634 (3995625 Gflops/s) - 3634 (3995625 Gflops/s) - 3634 (3995625 Gflops/s) - 3632 (3993426 Gflops/s) - 3639 (4001122 Gflops/s) - 3639 (4001122 Gflops/s) - 3637 (3998923 Gflops/s) - 3637 (3998923 Gflops/s) | Temperatures: 61°C - 62°C - 73°C - 70°C - 62°C - 62°C - 68°C - 73°C | Throttling: None - None - None - None - None - None - None - None
3936 (4327677 Gflops/s) - 3936 (4327677 Gflops/s) - 3937 (4328777 Gflops/s) - 3935 (4326578 Gflops/s) - 3942 (4334274 Gflops/s) - 3943 (4335374 Gflops/s) - 3940 (4332075 Gflops/s) - 3938 (4329876 Gflops/s) | Temperatures: 61°C - 62°C - 73°C - 70°C - 62°C - 62°C - 68°C - 73°C | Throttling: None - None - None - None - None - None - None - None
4194 (4611351 Gflops/s) - 4194 (4611351 Gflops/s) - 4194 (4611351 Gflops/s) - 4193 (4610252 Gflops/s) - 4200 (4617948 Gflops/s) - 4200 (4617948 Gflops/s) - 4198 (4615749 Gflops/s) - 4197 (4614650 Gflops/s) | Temperatures: 61°C - 62°C - 73°C - 70°C - 62°C - 62°C - 68°C - 73°C | Throttling: None - None - None - None - None - None - None - None
4193 (4610252 Gflops/s) - 4192 (4609152 Gflops/s) - 4193 (4610252 Gflops/s) - 4191 (4608053 Gflops/s) - 4199 (4616849 Gflops/s) - 4199 (4616849 Gflops/s) - 4197 (4614650 Gflops/s) - 4195 (4612451 Gflops/s) | Temperatures: 61°C - 62°C - 73°C - 70°C - 62°C - 62°C - 68°C - 73°C | Throttling: None - None - None - None - None - None - None - None
4196 (4613550 Gflops/s) - 4197 (4614650 Gflops/s) - 4197 (4614650 Gflops/s) - 4195 (4612451 Gflops/s) - 4203 (4621247 Gflops/s) - 4203 (4621247 Gflops/s) - 4200 (4617948 Gflops/s) - 4198 (4615749 Gflops/s) | Temperatures: 61°C - 62°C - 73°C - 70°C - 62°C - 62°C - 68°C - 73°C | Throttling: None - None - None - None - None - None - None - None
4190 (4606953 Gflops/s) - 4190 (4606953 Gflops/s) - 4190 (4606953 Gflops/s) - 4189 (4605854 Gflops/s) - 4196 (4613550 Gflops/s) - 4197 (4614650 Gflops/s) - 4194 (4611351 Gflops/s) - 4193 (4610252 Gflops/s) | Temperatures: 61°C - 62°C - 73°C - 70°C - 62°C - 62°C - 68°C - 73°C | Throttling: None - None - None - None - None - None - None - None
4196 (4613550 Gflops/s) - 4196 (4613550 Gflops/s) - 4198 (4615749 Gflops/s) - 4195 (4612451 Gflops/s) - 4203 (4621247 Gflops/s) - 4203 (4621247 Gflops/s) - 4200 (4617948 Gflops/s) - 4199 (4616849 Gflops/s) | Temperatures: 61°C - 62°C - 73°C - 70°C - 62°C - 62°C - 68°C - 73°C | Throttling: None - None - None - None - None - None - None - None
4190 (4606953 Gflops/s) - 4190 (4606953 Gflops/s) - 4189 (4605854 Gflops/s) - 4188 (4604754 Gflops/s) - 4196 (4613550 Gflops/s) - 4196 (4613550 Gflops/s) - 4194 (4611351 Gflops/s) - 4192 (4609152 Gflops/s) | Temperatures: 61°C - 62°C - 73°C - 70°C - 62°C - 62°C - 68°C - 73°C | Throttling: None - None - None - None - None - None - None - None
4197 (4614650 Gflops/s) - 4197 (4614650 Gflops/s) - 4198 (4615749 Gflops/s) - 4196 (4613550 Gflops/s) - 4204 (4622346 Gflops/s) - 4204 (4622346 Gflops/s) - 4201 (4619048 Gflops/s) - 4200 (4617948 Gflops/s) | Temperatures: 61°C - 62°C - 73°C - 70°C - 62°C - 62°C - 68°C - 73°C | Throttling: None - None - None - None - None - None - None - None
4192 (4609152 Gflops/s) - 4192 (4609152 Gflops/s) - 4192 (4609152 Gflops/s) - 4191 (4608053 Gflops/s) - 4198 (4615749 Gflops/s) - 4199 (4616849 Gflops/s) - 4196 (4613550 Gflops/s) - 4195 (4612451 Gflops/s) | Temperatures: 61°C - 62°C - 73°C - 70°C - 62°C - 62°C - 68°C - 73°C | Throttling: None - None - None - None - None - None - None - None
4194 (4611351 Gflops/s) - 4194 (4611351 Gflops/s) - 4195 (4612451 Gflops/s) - 4193 (4610252 Gflops/s) - 4201 (4619048 Gflops/s) - 4200 (4617948 Gflops/s) - 4198 (4615749 Gflops/s) - 4197 (4614650 Gflops/s) | Temperatures: 61°C - 62°C - 73°C - 70°C - 62°C - 62°C - 68°C - 73°C | Throttling: None - None - None - None - None - None - None - None
4192 (4609152 Gflops/s) - 4192 (4609152 Gflops/s) - 4193 (4610252 Gflops/s) - 4191 (4608053 Gflops/s) - 4198 (4615749 Gflops/s) - 4199 (4616849 Gflops/s) - 4196 (4613550 Gflops/s) - 4195 (4612451 Gflops/s) | Temperatures: 61°C - 62°C - 73°C - 70°C - 62°C - 62°C - 68°C - 73°C | Throttling: None - None - None - None - None - None - None - None
4193 (4610252 Gflops/s) - 4193 (4610252 Gflops/s) - 4193 (4610252 Gflops/s) - 4191 (4608053 Gflops/s) - 4200 (4617948 Gflops/s) - 4200 (4617948 Gflops/s) - 4197 (4614650 Gflops/s) - 4195 (4612451 Gflops/s) | Temperatures: 61°C - 62°C - 73°C - 70°C - 62°C - 62°C - 68°C - 73°C | Throttling: None - None - None - None - None - None - None - None
4195 (4612451 Gflops/s) - 4195 (4612451 Gflops/s) - 4195 (4612451 Gflops/s) - 4194 (4611351 Gflops/s) - 4201 (4619048 Gflops/s) - 4201 (4619048 Gflops/s) - 4198 (4615749 Gflops/s) - 4198 (4615749 Gflops/s) | Temperatures: 61°C - 62°C - 73°C - 70°C - 62°C - 62°C - 68°C - 73°C | Throttling: None - None - None - None - None - None - None - None
4193 (4610252 Gflops/s) - 4193 (4610252 Gflops/s) - 4194 (4611351 Gflops/s) - 4191 (4608053 Gflops/s) - 4200 (4617948 Gflops/s) - 4200 (4617948 Gflops/s) - 4197 (4614650 Gflops/s) - 4196 (4613550 Gflops/s) | Temperatures: 61°C - 62°C - 73°C - 70°C - 62°C - 62°C - 68°C - 73°C | Throttling: None - None - None - None - None - None - None - None
4194 (4611351 Gflops/s) - 4194 (4611351 Gflops/s) - 4195 (4612451 Gflops/s) - 4193 (4610252 Gflops/s) - 4200 (4617948 Gflops/s) - 4201 (4619048 Gflops/s) - 4199 (4616849 Gflops/s) - 4197 (4614650 Gflops/s) | Temperatures: 61°C - 62°C - 73°C - 70°C - 62°C - 62°C - 68°C - 73°C | Throttling: None - None - None - None - None - None - None - None
4193 (4610252 Gflops/s) - 4193 (4610252 Gflops/s) - 4193 (4610252 Gflops/s) - 4192 (4609152 Gflops/s) - 4200 (4617948 Gflops/s) - 4200 (4617948 Gflops/s) - 4196 (4613550 Gflops/s) - 4196 (4613550 Gflops/s) | Temperatures: 61°C - 62°C - 73°C - 70°C - 62°C - 62°C - 68°C - 73°C | Throttling: None - None - None - None - None - None - None - None
3888 (4274901 Gflops/s) - 3888 (4274901 Gflops/s) - 3888 (4274901 Gflops/s) - 3886 (4272702 Gflops/s) - 3893 (4280398 Gflops/s) - 3894 (4281498 Gflops/s) - 3892 (4279299 Gflops/s) - 3891 (4278199 Gflops/s) | Temperatures: 61°C - 62°C - 73°C - 70°C - 62°C - 62°C - 68°C - 73°C | Throttling: None - None - None - None - None - None - None - None
3846 (4228721 Gflops/s) - 3846 (4228721 Gflops/s) - 3846 (4228721 Gflops/s) - 3845 (4227622 Gflops/s) - 3852 (4235318 Gflops/s) - 3852 (4235318 Gflops/s) - 3849 (4232020 Gflops/s) - 3847 (4229821 Gflops/s) | Temperatures: 61°C - 62°C - 73°C - 70°C - 62°C - 62°C - 68°C - 73°C | Throttling: None - None - None - None - None - None - None - None
3845 (4227622 Gflops/s) - 3845 (4227622 Gflops/s) - 3846 (4228721 Gflops/s) - 3844 (4226522 Gflops/s) - 3851 (4234219 Gflops/s) - 3852 (4235318 Gflops/s) - 3849 (4232020 Gflops/s) - 3848 (4230920 Gflops/s) | Temperatures: 61°C - 62°C - 73°C - 70°C - 62°C - 62°C - 68°C - 73°C | Throttling: None - None - None - None - None - None - None - None
3841 (4223224 Gflops/s) - 3841 (4223224 Gflops/s) - 3842 (4224323 Gflops/s) - 3840 (4222124 Gflops/s) - 3847 (4229821 Gflops/s) - 3847 (4229821 Gflops/s) - 3845 (4227622 Gflops/s) - 3844 (4226522 Gflops/s) | Temperatures: 61°C - 62°C - 73°C - 70°C - 62°C - 62°C - 68°C - 73°C | Throttling: None - None - None - None - None - None - None - None
3847 (4229821 Gflops/s) - 3846 (4228721 Gflops/s) - 3846 (4228721 Gflops/s) - 3845 (4227622 Gflops/s) - 3852 (4235318 Gflops/s) - 3852 (4235318 Gflops/s) - 3850 (4233119 Gflops/s) - 3849 (4232020 Gflops/s) | Temperatures: 61°C - 62°C - 73°C - 70°C - 62°C - 62°C - 68°C - 73°C | Throttling: None - None - None - None - None - None - None - None
3841 (4223224 Gflops/s) - 3842 (4224323 Gflops/s) - 3842 (4224323 Gflops/s) - 3840 (4222124 Gflops/s) - 3848 (4230920 Gflops/s) - 3848 (4230920 Gflops/s) - 3845 (4227622 Gflops/s) - 3844 (4226522 Gflops/s) | Temperatures: 61°C - 62°C - 73°C - 70°C - 62°C - 62°C - 68°C - 73°C | Throttling: None - None - None - None - None - None - None - None
3845 (4227622 Gflops/s) - 3845 (4227622 Gflops/s) - 3846 (4228721 Gflops/s) - 3844 (4226522 Gflops/s) - 3850 (4233119 Gflops/s) - 3851 (4234219 Gflops/s) - 3848 (4230920 Gflops/s) - 3848 (4230920 Gflops/s) | Temperatures: 61°C - 62°C - 73°C - 70°C - 62°C - 62°C - 68°C - 73°C | Throttling: None - None - None - None - None - None - None - None
3845 (4227622 Gflops/s) - 3845 (4227622 Gflops/s) - 3845 (4227622 Gflops/s) - 3844 (4226522 Gflops/s) - 3851 (4234219 Gflops/s) - 3851 (4234219 Gflops/s) - 3849 (4232020 Gflops/s) - 3847 (4229821 Gflops/s) | Temperatures: 61°C - 62°C - 73°C - 70°C - 62°C - 62°C - 68°C - 73°C | Throttling: None - None - None - None - None - None - None - None
3842 (4224323 Gflops/s) - 3842 (4224323 Gflops/s) - 3843 (4225423 Gflops/s) - 3841 (4223224 Gflops/s) - 3848 (4230920 Gflops/s) - 3848 (4230920 Gflops/s) - 3846 (4228721 Gflops/s) - 3845 (4227622 Gflops/s) | Temperatures: 61°C - 62°C - 73°C - 70°C - 62°C - 62°C - 68°C - 73°C | Throttling: None - None - None - None - None - None - None - None
3845 (4227622 Gflops/s) - 3845 (4227622 Gflops/s) - 3845 (4227622 Gflops/s) - 3844 (4226522 Gflops/s) - 3851 (4234219 Gflops/s) - 3852 (4235318 Gflops/s) - 3848 (4230920 Gflops/s) - 3847 (4229821 Gflops/s) | Temperatures: 61°C - 62°C - 73°C - 70°C - 62°C - 62°C - 68°C - 73°C | Throttling: None - None - None - None - None - None - None - None
3846 (4228721 Gflops/s) - 3846 (4228721 Gflops/s) - 3846 (4228721 Gflops/s) - 3845 (4227622 Gflops/s) - 3852 (4235318 Gflops/s) - 3851 (4234219 Gflops/s) - 3849 (4232020 Gflops/s) - 3848 (4230920 Gflops/s) | Temperatures: 61°C - 62°C - 73°C - 70°C - 62°C - 62°C - 68°C - 73°C | Throttling: None - None - None - None - None - None - None - None
3841 (4223224 Gflops/s) - 3841 (4223224 Gflops/s) - 3842 (4224323 Gflops/s) - 3840 (4222124 Gflops/s) - 3847 (4229821 Gflops/s) - 3847 (4229821 Gflops/s) - 3845 (4227622 Gflops/s) - 3844 (4226522 Gflops/s) | Temperatures: 61°C - 62°C - 73°C - 70°C - 62°C - 62°C - 68°C - 73°C | Throttling: None - None - None - None - None - None - None - None
3845 (4227622 Gflops/s) - 3845 (4227622 Gflops/s) - 3845 (4227622 Gflops/s) - 3844 (4226522 Gflops/s) - 3851 (4234219 Gflops/s) - 3852 (4235318 Gflops/s) - 3849 (4232020 Gflops/s) - 3847 (4229821 Gflops/s) | Temperatures: 61°C - 62°C - 73°C - 70°C - 62°C - 62°C - 68°C - 73°C | Throttling: None - None - None - None - None - None - None - None
3842 (4224323 Gflops/s) - 3842 (4224323 Gflops/s) - 3843 (4225423 Gflops/s) - 3840 (4222124 Gflops/s) - 3848 (4230920 Gflops/s) - 3848 (4230920 Gflops/s) - 3846 (4228721 Gflops/s) - 3845 (4227622 Gflops/s) | Temperatures: 61°C - 62°C - 73°C - 70°C - 62°C - 62°C - 68°C - 73°C | Throttling: None - None - None - None - None - None - None - None
3845 (4227622 Gflops/s) - 3845 (4227622 Gflops/s) - 3845 (4227622 Gflops/s) - 3844 (4226522 Gflops/s) - 3851 (4234219 Gflops/s) - 3850 (4233119 Gflops/s) - 3848 (4230920 Gflops/s) - 3847 (4229821 Gflops/s) | Temperatures: 61°C - 62°C - 73°C - 70°C - 62°C - 62°C - 68°C - 73°C | Throttling: None - None - None - None - None - None - None - None
3845 (4227622 Gflops/s) - 3845 (4227622 Gflops/s) - 3846 (4228721 Gflops/s) - 3844 (4226522 Gflops/s) - 3850 (4233119 Gflops/s) - 3852 (4235318 Gflops/s) - 3849 (4232020 Gflops/s) - 3847 (4229821 Gflops/s) | Temperatures: 61°C - 62°C - 73°C - 70°C - 62°C - 62°C - 68°C - 73°C | Throttling: None - None - None - None - None - None - None - None
3842 (4224323 Gflops/s) - 3842 (4224323 Gflops/s) - 3842 (4224323 Gflops/s) - 3840 (4222124 Gflops/s) - 3848 (4230920 Gflops/s) - 3847 (4229821 Gflops/s) - 3846 (4228721 Gflops/s) - 3844 (4226522 Gflops/s) | Temperatures: 61°C - 62°C - 73°C - 70°C - 62°C - 62°C - 68°C - 73°C | Throttling: None - None - None - None - None - None - None - None
3845 (4227622 Gflops/s) - 3846 (4228721 Gflops/s) - 3845 (4227622 Gflops/s) - 3845 (4227622 Gflops/s) - 3851 (4234219 Gflops/s) - 3852 (4235318 Gflops/s) - 3849 (4232020 Gflops/s) - 3848 (4230920 Gflops/s) | Temperatures: 61°C - 62°C - 73°C - 70°C - 62°C - 62°C - 68°C - 73°C | Throttling: None - None - None - None - None - None - None - None
3845 (4227622 Gflops/s) - 3844 (4226522 Gflops/s) - 3846 (4228721 Gflops/s) - 3844 (4226522 Gflops/s) - 3851 (4234219 Gflops/s) - 3851 (4234219 Gflops/s) - 3848 (4230920 Gflops/s) - 3847 (4229821 Gflops/s) | Temperatures: 61°C - 62°C - 73°C - 70°C - 62°C - 62°C - 68°C - 73°C | Throttling: None - None - None - None - None - None - None - None
3841 (4223224 Gflops/s) - 3842 (4224323 Gflops/s) - 3841 (4223224 Gflops/s) - 3839 (4221025 Gflops/s) - 3847 (4229821 Gflops/s) - 3847 (4229821 Gflops/s) - 3845 (4227622 Gflops/s) - 3844 (4226522 Gflops/s) | Temperatures: 61°C - 62°C - 73°C - 70°C - 62°C - 62°C - 68°C - 73°C | Throttling: None - None - None - None - None - None - None - None
3846 (4228721 Gflops/s) - 3845 (4227622 Gflops/s) - 3847 (4229821 Gflops/s) - 3845 (4227622 Gflops/s) - 3852 (4235318 Gflops/s) - 3852 (4235318 Gflops/s) - 3849 (4232020 Gflops/s) - 3848 (4230920 Gflops/s) | Temperatures: 61°C - 62°C - 73°C - 70°C - 62°C - 62°C - 68°C - 73°C | Throttling: None - None - None - None - None - None - None - None
3845 (4227622 Gflops/s) - 3844 (4226522 Gflops/s) - 3844 (4226522 Gflops/s) - 3843 (4225423 Gflops/s) - 3850 (4233119 Gflops/s) - 3851 (4234219 Gflops/s) - 3848 (4230920 Gflops/s) - 3847 (4229821 Gflops/s) | Temperatures: 61°C - 62°C - 73°C - 70°C - 62°C - 62°C - 68°C - 73°C | Throttling: None - None - None - None - None - None - None - None
3845 (4227622 Gflops/s) - 3846 (4228721 Gflops/s) - 3846 (4228721 Gflops/s) - 3844 (4226522 Gflops/s) - 3851 (4234219 Gflops/s) - 3851 (4234219 Gflops/s) - 3849 (4232020 Gflops/s) - 3847 (4229821 Gflops/s) | Temperatures: 61°C - 62°C - 73°C - 70°C - 62°C - 62°C - 68°C - 73°C | Throttling: None - None - None - None - None - None - None - None
3841 (4223224 Gflops/s) - 3841 (4223224 Gflops/s) - 3842 (4224323 Gflops/s) - 3840 (4222124 Gflops/s) - 3847 (4229821 Gflops/s) - 3848 (4230920 Gflops/s) - 3845 (4227622 Gflops/s) - 3844 (4226522 Gflops/s) | Temperatures: 61°C - 62°C - 73°C - 70°C - 62°C - 62°C - 68°C - 73°C | Throttling: None - None - None - None - None - None - None - None
3741 (4113272 Gflops/s) - 3740 (4112173 Gflops/s) - 3741 (4113272 Gflops/s) - 3739 (4111073 Gflops/s) - 3746 (4118770 Gflops/s) - 3746 (4118770 Gflops/s) - 3744 (4116571 Gflops/s) - 3743 (4115472 Gflops/s) | Temperatures: 61°C - 62°C - 73°C - 70°C - 62°C - 62°C - 68°C - 73°C | Throttling: None - None - None - None - None - None - None - None
3639 (4001122 Gflops/s) - 3639 (4001122 Gflops/s) - 3639 (4001122 Gflops/s) - 3638 (4000023 Gflops/s) - 3645 (4007719 Gflops/s) - 3645 (4007719 Gflops/s) - 3642 (4004421 Gflops/s) - 3641 (4003321 Gflops/s) | Temperatures: 61°C - 62°C - 73°C - 70°C - 62°C - 62°C - 68°C - 73°C | Throttling: None - None - None - None - None - None - None - None
3626 (3986829 Gflops/s) - 3627 (3987928 Gflops/s) - 3627 (3987928 Gflops/s) - 3625 (3985729 Gflops/s) - 3632 (3993426 Gflops/s) - 3632 (3993426 Gflops/s) - 3630 (3991227 Gflops/s) - 3630 (3991227 Gflops/s) | Temperatures: 61°C - 62°C - 73°C - 70°C - 62°C - 62°C - 68°C - 73°C | Throttling: None - None - None - None - None - None - None - None
3637 (3998923 Gflops/s) - 3636 (3997824 Gflops/s) - 3637 (3998923 Gflops/s) - 3636 (3997824 Gflops/s) - 3641 (4003321 Gflops/s) - 3642 (4004421 Gflops/s) - 3640 (4002222 Gflops/s) - 3638 (4000023 Gflops/s) | Temperatures: 61°C - 62°C - 73°C - 70°C - 62°C - 62°C - 68°C - 73°C | Throttling: None - None - None - None - None - None - None - None
3624 (3984630 Gflops/s) - 3624 (3984630 Gflops/s) - 3624 (3984630 Gflops/s) - 3623 (3983530 Gflops/s) - 3630 (3991227 Gflops/s) - 3630 (3991227 Gflops/s) - 3627 (3987928 Gflops/s) - 3626 (3986829 Gflops/s) | Temperatures: 61°C - 62°C - 73°C - 70°C - 62°C - 62°C - 68°C - 73°C | Throttling: None - None - None - None - None - None - None - None
3628 (3989028 Gflops/s) - 3628 (3989028 Gflops/s) - 3629 (3990127 Gflops/s) - 3627 (3987928 Gflops/s) - 3633 (3994525 Gflops/s) - 3634 (3995625 Gflops/s) - 3632 (3993426 Gflops/s) - 3631 (3992326 Gflops/s) | Temperatures: 61°C - 62°C - 73°C - 70°C - 62°C - 62°C - 68°C - 73°C | Throttling: None - None - None - None - None - None - None - None
3634 (3995625 Gflops/s) - 3635 (3996724 Gflops/s) - 3635 (3996724 Gflops/s) - 3633 (3994525 Gflops/s) - 3640 (4002222 Gflops/s) - 3640 (4002222 Gflops/s) - 3638 (4000023 Gflops/s) - 3636 (3997824 Gflops/s) | Temperatures: 61°C - 62°C - 73°C - 70°C - 62°C - 62°C - 68°C - 73°C | Throttling: None - None - None - None - None - None - None - None
3628 (3989028 Gflops/s) - 3627 (3987928 Gflops/s) - 3628 (3989028 Gflops/s) - 3626 (3986829 Gflops/s) - 3633 (3994525 Gflops/s) - 3633 (3994525 Gflops/s) - 3631 (3992326 Gflops/s) - 3630 (3991227 Gflops/s) | Temperatures: 61°C - 62°C - 73°C - 70°C - 62°C - 62°C - 68°C - 73°C | Throttling: None - None - None - None - None - None - None - None
3623 (3983530 Gflops/s) - 3623 (3983530 Gflops/s) - 3623 (3983530 Gflops/s) - 3622 (3982431 Gflops/s) - 3629 (3990127 Gflops/s) - 3630 (3991227 Gflops/s) - 3626 (3986829 Gflops/s) - 3626 (3986829 Gflops/s) | Temperatures: 61°C - 62°C - 73°C - 70°C - 62°C - 62°C - 68°C - 73°C | Throttling: None - None - None - None - None - None - None - None
3636 (3997824 Gflops/s) - 3637 (3998923 Gflops/s) - 3637 (3998923 Gflops/s) - 3636 (3997824 Gflops/s) - 3642 (4004421 Gflops/s) - 3642 (4004421 Gflops/s) - 3640 (4002222 Gflops/s) - 3639 (4001122 Gflops/s) | Temperatures: 61°C - 62°C - 73°C - 70°C - 62°C - 62°C - 68°C - 73°C | Throttling: None - None - None - None - None - None - None - None
3627 (3987928 Gflops/s) - 3626 (3986829 Gflops/s) - 3628 (3989028 Gflops/s) - 3625 (3985729 Gflops/s) - 3632 (3993426 Gflops/s) - 3632 (3993426 Gflops/s) - 3630 (3991227 Gflops/s) - 3629 (3990127 Gflops/s) | Temperatures: 61°C - 62°C - 73°C - 70°C - 62°C - 62°C - 68°C - 73°C | Throttling: None - None - None - None - None - None - None - None
3636 (3997824 Gflops/s) - 3636 (3997824 Gflops/s) - 3636 (3997824 Gflops/s) - 3635 (3996724 Gflops/s) - 3642 (4004421 Gflops/s) - 3642 (4004421 Gflops/s) - 3640 (4002222 Gflops/s) - 3638 (4000023 Gflops/s) | Temperatures: 61°C - 62°C - 73°C - 70°C - 62°C - 62°C - 68°C - 73°C | Throttling: None - None - None - None - None - None - None - None
3625 (3985729 Gflops/s) - 3625 (3985729 Gflops/s) - 3625 (3985729 Gflops/s) - 3625 (3985729 Gflops/s) - 3630 (3991227 Gflops/s) - 3631 (3992326 Gflops/s) - 3628 (3989028 Gflops/s) - 3627 (3987928 Gflops/s) | Temperatures: 61°C - 62°C - 73°C - 70°C - 62°C - 62°C - 68°C - 73°C | Throttling: None - None - None - None - None - None - None - None
3624 (3984630 Gflops/s) - 3624 (3984630 Gflops/s) - 3625 (3985729 Gflops/s) - 3623 (3983530 Gflops/s) - 3630 (3991227 Gflops/s) - 3630 (3991227 Gflops/s) - 3627 (3987928 Gflops/s) - 3627 (3987928 Gflops/s) | Temperatures: 61°C - 62°C - 73°C - 70°C - 62°C - 62°C - 68°C - 73°C | Throttling: None - None - None - None - None - None - None - None
3642 (4004421 Gflops/s) - 3642 (4004421 Gflops/s) - 3641 (4003321 Gflops/s) - 3640 (4002222 Gflops/s) - 3647 (4009918 Gflops/s) - 3647 (4009918 Gflops/s) - 3645 (4007719 Gflops/s) - 3643 (4005520 Gflops/s) | Temperatures: 61°C - 62°C - 73°C - 70°C - 62°C - 62°C - 68°C - 73°C | Throttling: None - None - None - None - None - None - None - None
3622 (3982431 Gflops/s) - 3622 (3982431 Gflops/s) - 3623 (3983530 Gflops/s) - 3621 (3981331 Gflops/s) - 3628 (3989028 Gflops/s) - 3628 (3989028 Gflops/s) - 3626 (3986829 Gflops/s) - 3625 (3985729 Gflops/s) | Temperatures: 61°C - 62°C - 73°C - 70°C - 62°C - 62°C - 68°C - 73°C | Throttling: None - None - None - None - None - None - None - None
3630 (3991227 Gflops/s) - 3630 (3991227 Gflops/s) - 3630 (3991227 Gflops/s) - 3629 (3990127 Gflops/s) - 3635 (3996724 Gflops/s) - 3635 (3996724 Gflops/s) - 3633 (3994525 Gflops/s) - 3632 (3993426 Gflops/s) | Temperatures: 61°C - 62°C - 73°C - 70°C - 62°C - 62°C - 68°C - 73°C | Throttling: None - None - None - None - None - None - None - None
3632 (3993426 Gflops/s) - 3632 (3993426 Gflops/s) - 3633 (3994525 Gflops/s) - 3631 (3992326 Gflops/s) - 3638 (4000023 Gflops/s) - 3638 (4000023 Gflops/s) - 3636 (3997824 Gflops/s) - 3634 (3995625 Gflops/s) | Temperatures: 61°C - 62°C - 73°C - 70°C - 62°C - 62°C - 68°C - 73°C | Throttling: None - None - None - None - None - None - None - None
3627 (3987928 Gflops/s) - 3627 (3987928 Gflops/s) - 3627 (3987928 Gflops/s) - 3626 (3986829 Gflops/s) - 3632 (3993426 Gflops/s) - 3633 (3994525 Gflops/s) - 3630 (3991227 Gflops/s) - 3629 (3990127 Gflops/s) | Temperatures: 61°C - 62°C - 73°C - 70°C - 62°C - 62°C - 68°C - 73°C | Throttling: None - None - None - None - None - None - None - None
3639 (4001122 Gflops/s) - 3639 (4001122 Gflops/s) - 3640 (4002222 Gflops/s) - 3638 (4000023 Gflops/s) - 3645 (4007719 Gflops/s) - 3645 (4007719 Gflops/s) - 3643 (4005520 Gflops/s) - 3641 (4003321 Gflops/s) | Temperatures: 61°C - 62°C - 73°C - 70°C - 62°C - 62°C - 68°C - 73°C | Throttling: None - None - None - None - None - None - None - None
3616 (3975834 Gflops/s) - 3616 (3975834 Gflops/s) - 3616 (3975834 Gflops/s) - 3614 (3973635 Gflops/s) - 3621 (3981331 Gflops/s) - 3622 (3982431 Gflops/s) - 3619 (3979132 Gflops/s) - 3619 (3979132 Gflops/s) | Temperatures: 61°C - 62°C - 73°C - 70°C - 62°C - 62°C - 68°C - 73°C | Throttling: None - None - None - None - None - None - None - None
3634 (3995625 Gflops/s) - 3634 (3995625 Gflops/s) - 3634 (3995625 Gflops/s) - 3633 (3994525 Gflops/s) - 3639 (4001122 Gflops/s) - 3638 (4000023 Gflops/s) - 3636 (3997824 Gflops/s) - 3636 (3997824 Gflops/s) | Temperatures: 61°C - 62°C - 73°C - 70°C - 62°C - 62°C - 68°C - 73°C | Throttling: None - None - None - None - None - None - None - None
3629 (3990127 Gflops/s) - 3630 (3991227 Gflops/s) - 3630 (3991227 Gflops/s) - 3628 (3989028 Gflops/s) - 3635 (3996724 Gflops/s) - 3636 (3997824 Gflops/s) - 3633 (3994525 Gflops/s) - 3632 (3993426 Gflops/s) | Temperatures: 61°C - 62°C - 73°C - 70°C - 62°C - 62°C - 68°C - 73°C | Throttling: None - None - None - None - None - None - None - None
3627 (3987928 Gflops/s) - 3626 (3986829 Gflops/s) - 3626 (3986829 Gflops/s) - 3625 (3985729 Gflops/s) - 3631 (3992326 Gflops/s) - 3632 (3993426 Gflops/s) - 3630 (3991227 Gflops/s) - 3629 (3990127 Gflops/s) | Temperatures: 61°C - 62°C - 73°C - 70°C - 62°C - 62°C - 68°C - 73°C | Throttling: None - None - None - None - None - None - None - None
3718 (4087984 Gflops/s) - 3718 (4087984 Gflops/s) - 3719 (4089083 Gflops/s) - 3717 (4086884 Gflops/s) - 3724 (4094581 Gflops/s) - 3724 (4094581 Gflops/s) - 3721 (4091282 Gflops/s) - 3721 (4091282 Gflops/s) | Temperatures: 61°C - 62°C - 73°C - 70°C - 62°C - 62°C - 68°C - 73°C | Throttling: None - None - None - None - None - None - None - None
3890 (4277100 Gflops/s) - 3890 (4277100 Gflops/s) - 3891 (4278199 Gflops/s) - 3890 (4277100 Gflops/s) - 3897 (4284796 Gflops/s) - 3897 (4284796 Gflops/s) - 3894 (4281498 Gflops/s) - 3893 (4280398 Gflops/s) | Temperatures: 61°C - 62°C - 73°C - 70°C - 62°C - 62°C - 68°C - 73°C | Throttling: None - None - None - None - None - None - None - None
4197 (4614650 Gflops/s) - 4197 (4614650 Gflops/s) - 4197 (4614650 Gflops/s) - 4195 (4612451 Gflops/s) - 4203 (4621247 Gflops/s) - 4203 (4621247 Gflops/s) - 4201 (4619048 Gflops/s) - 4200 (4617948 Gflops/s) | Temperatures: 61°C - 62°C - 73°C - 70°C - 62°C - 62°C - 68°C - 73°C | Throttling: None - None - None - None - None - None - None - None
4194 (4611351 Gflops/s) - 4194 (4611351 Gflops/s) - 4194 (4611351 Gflops/s) - 4193 (4610252 Gflops/s) - 4200 (4617948 Gflops/s) - 4200 (4617948 Gflops/s) - 4197 (4614650 Gflops/s) - 4196 (4613550 Gflops/s) | Temperatures: 61°C - 62°C - 73°C - 70°C - 62°C - 62°C - 68°C - 73°C | Throttling: None - None - None - None - None - None - None - None
4193 (4610252 Gflops/s) - 4193 (4610252 Gflops/s) - 4193 (4610252 Gflops/s) - 4191 (4608053 Gflops/s) - 4199 (4616849 Gflops/s) - 4199 (4616849 Gflops/s) - 4196 (4613550 Gflops/s) - 4196 (4613550 Gflops/s) | Temperatures: 61°C - 62°C - 73°C - 70°C - 62°C - 62°C - 68°C - 73°C | Throttling: None - None - None - None - None - None - None - None
4192 (4609152 Gflops/s) - 4192 (4609152 Gflops/s) - 4192 (4609152 Gflops/s) - 4190 (4606953 Gflops/s) - 4199 (4616849 Gflops/s) - 4200 (4617948 Gflops/s) - 4196 (4613550 Gflops/s) - 4194 (4611351 Gflops/s) | Temperatures: 61°C - 62°C - 73°C - 70°C - 62°C - 62°C - 68°C - 73°C | Throttling: None - None - None - None - None - None - None - None
4192 (4609152 Gflops/s) - 4192 (4609152 Gflops/s) - 4193 (4610252 Gflops/s) - 4192 (4609152 Gflops/s) - 4199 (4616849 Gflops/s) - 4199 (4616849 Gflops/s) - 4196 (4613550 Gflops/s) - 4195 (4612451 Gflops/s) | Temperatures: 61°C - 62°C - 73°C - 70°C - 62°C - 62°C - 68°C - 73°C | Throttling: None - None - None - None - None - None - None - None
4194 (4611351 Gflops/s) - 4194 (4611351 Gflops/s) - 4194 (4611351 Gflops/s) - 4192 (4609152 Gflops/s) - 4199 (4616849 Gflops/s) - 4200 (4617948 Gflops/s) - 4198 (4615749 Gflops/s) - 4196 (4613550 Gflops/s) | Temperatures: 61°C - 62°C - 73°C - 70°C - 62°C - 62°C - 68°C - 73°C | Throttling: None - None - None - None - None - None - None - None
4196 (4613550 Gflops/s) - 4196 (4613550 Gflops/s) - 4197 (4614650 Gflops/s) - 4195 (4612451 Gflops/s) - 4204 (4622346 Gflops/s) - 4203 (4621247 Gflops/s) - 4201 (4619048 Gflops/s) - 4199 (4616849 Gflops/s) | Temperatures: 61°C - 62°C - 73°C - 70°C - 62°C - 62°C - 68°C - 73°C | Throttling: None - None - None - None - None - None - None - None
4193 (4610252 Gflops/s) - 4193 (4610252 Gflops/s) - 4193 (4610252 Gflops/s) - 4191 (4608053 Gflops/s) - 4199 (4616849 Gflops/s) - 4199 (4616849 Gflops/s) - 4196 (4613550 Gflops/s) - 4195 (4612451 Gflops/s) | Temperatures: 61°C - 62°C - 73°C - 70°C - 62°C - 62°C - 68°C - 73°C | Throttling: None - None - None - None - None - None - None - None
4192 (4609152 Gflops/s) - 4192 (4609152 Gflops/s) - 4193 (4610252 Gflops/s) - 4192 (4609152 Gflops/s) - 4199 (4616849 Gflops/s) - 4199 (4616849 Gflops/s) - 4196 (4613550 Gflops/s) - 4195 (4612451 Gflops/s) | Temperatures: 61°C - 62°C - 73°C - 70°C - 62°C - 62°C - 68°C - 73°C | Throttling: None - None - None - None - None - None - None - None
4192 (4609152 Gflops/s) - 4192 (4609152 Gflops/s) - 4192 (4609152 Gflops/s) - 4190 (4606953 Gflops/s) - 4198 (4615749 Gflops/s) - 4199 (4616849 Gflops/s) - 4197 (4614650 Gflops/s) - 4194 (4611351 Gflops/s) | Temperatures: 61°C - 62°C - 73°C - 70°C - 62°C - 62°C - 68°C - 73°C | Throttling: None - None - None - None - None - None - None - None
4192 (4609152 Gflops/s) - 4192 (4609152 Gflops/s) - 4193 (4610252 Gflops/s) - 4191 (4608053 Gflops/s) - 4198 (4615749 Gflops/s) - 4198 (4615749 Gflops/s) - 4196 (4613550 Gflops/s) - 4195 (4612451 Gflops/s) | Temperatures: 61°C - 62°C - 73°C - 70°C - 62°C - 62°C - 68°C - 73°C | Throttling: None - None - None - None - None - None - None - None
4197 (4614650 Gflops/s) - 4197 (4614650 Gflops/s) - 4197 (4614650 Gflops/s) - 4195 (4612451 Gflops/s) - 4203 (4621247 Gflops/s) - 4204 (4622346 Gflops/s) - 4200 (4617948 Gflops/s) - 4200 (4617948 Gflops/s) | Temperatures: 61°C - 62°C - 73°C - 70°C - 62°C - 62°C - 68°C - 73°C | Throttling: None - None - None - None - None - None - None - None
4192 (4609152 Gflops/s) - 4193 (4610252 Gflops/s) - 4193 (4610252 Gflops/s) - 4191 (4608053 Gflops/s) - 4199 (4616849 Gflops/s) - 4199 (4616849 Gflops/s) - 4197 (4614650 Gflops/s) - 4195 (4612451 Gflops/s) | Temperatures: 61°C - 62°C - 73°C - 70°C - 62°C - 62°C - 68°C - 73°C | Throttling: None - None - None - None - None - None - None - None
4194 (4611351 Gflops/s) - 4193 (4610252 Gflops/s) - 4194 (4611351 Gflops/s) - 4192 (4609152 Gflops/s) - 4200 (4617948 Gflops/s) - 4200 (4617948 Gflops/s) - 4197 (4614650 Gflops/s) - 4196 (4613550 Gflops/s) | Temperatures: 61°C - 62°C - 73°C - 70°C - 62°C - 62°C - 68°C - 73°C | Throttling: None - None - None - None - None - None - None - None
4193 (4610252 Gflops/s) - 4193 (4610252 Gflops/s) - 4193 (4610252 Gflops/s) - 4191 (4608053 Gflops/s) - 4199 (4616849 Gflops/s) - 4199 (4616849 Gflops/s) - 4197 (4614650 Gflops/s) - 4195 (4612451 Gflops/s) | Temperatures: 61°C - 62°C - 73°C - 70°C - 62°C - 62°C - 68°C - 73°C | Throttling: None - None - None - None - None - None - None - None
3907 (4295791 Gflops/s) - 3907 (4295791 Gflops/s) - 3908 (4296891 Gflops/s) - 3906 (4294692 Gflops/s) - 3913 (4302388 Gflops/s) - 3913 (4302388 Gflops/s) - 3911 (4300189 Gflops/s) - 3910 (4299090 Gflops/s) | Temperatures: 61°C - 62°C - 73°C - 70°C - 62°C - 62°C - 68°C - 73°C | Throttling: None - None - None - None - None - None - None - None
3845 (4227622 Gflops/s) - 3845 (4227622 Gflops/s) - 3845 (4227622 Gflops/s) - 3844 (4226522 Gflops/s) - 3850 (4233119 Gflops/s) - 3851 (4234219 Gflops/s) - 3848 (4230920 Gflops/s) - 3847 (4229821 Gflops/s) | Temperatures: 61°C - 62°C - 73°C - 70°C - 62°C - 62°C - 68°C - 73°C | Throttling: None - None - None - None - None - None - None - None
3842 (4224323 Gflops/s) - 3842 (4224323 Gflops/s) - 3842 (4224323 Gflops/s) - 3840 (4222124 Gflops/s) - 3848 (4230920 Gflops/s) - 3848 (4230920 Gflops/s) - 3846 (4228721 Gflops/s) - 3845 (4227622 Gflops/s) | Temperatures: 61°C - 62°C - 73°C - 70°C - 62°C - 62°C - 68°C - 73°C | Throttling: None - None - None - None - None - None - None - None
3845 (4227622 Gflops/s) - 3845 (4227622 Gflops/s) - 3846 (4228721 Gflops/s) - 3844 (4226522 Gflops/s) - 3851 (4234219 Gflops/s) - 3852 (4235318 Gflops/s) - 3848 (4230920 Gflops/s) - 3847 (4229821 Gflops/s) | Temperatures: 61°C - 62°C - 73°C - 70°C - 62°C - 62°C - 68°C - 73°C | Throttling: None - None - None - None - None - None - None - None
3841 (4223224 Gflops/s) - 3841 (4223224 Gflops/s) - 3842 (4224323 Gflops/s) - 3840 (4222124 Gflops/s) - 3846 (4228721 Gflops/s) - 3847 (4229821 Gflops/s) - 3845 (4227622 Gflops/s) - 3844 (4226522 Gflops/s) | Temperatures: 61°C - 62°C - 73°C - 70°C - 62°C - 62°C - 68°C - 73°C | Throttling: None - None - None - None - None - None - None - None
3846 (4228721 Gflops/s) - 3846 (4228721 Gflops/s) - 3846 (4228721 Gflops/s) - 3844 (4226522 Gflops/s) - 3851 (4234219 Gflops/s) - 3851 (4234219 Gflops/s) - 3849 (4232020 Gflops/s) - 3848 (4230920 Gflops/s) | Temperatures: 61°C - 62°C - 73°C - 70°C - 62°C - 62°C - 68°C - 73°C | Throttling: None - None - None - None - None - None - None - None
3845 (4227622 Gflops/s) - 3845 (4227622 Gflops/s) - 3845 (4227622 Gflops/s) - 3844 (4226522 Gflops/s) - 3852 (4235318 Gflops/s) - 3852 (4235318 Gflops/s) - 3849 (4232020 Gflops/s) - 3848 (4230920 Gflops/s) | Temperatures: 61°C - 62°C - 73°C - 70°C - 62°C - 62°C - 68°C - 73°C | Throttling: None - None - None - None - None - None - None - None
3842 (4224323 Gflops/s) - 3842 (4224323 Gflops/s) - 3842 (4224323 Gflops/s) - 3841 (4223224 Gflops/s) - 3847 (4229821 Gflops/s) - 3847 (4229821 Gflops/s) - 3845 (4227622 Gflops/s) - 3844 (4226522 Gflops/s) | Temperatures: 61°C - 62°C - 73°C - 70°C - 62°C - 62°C - 68°C - 73°C | Throttling: None - None - None - None - None - None - None - None
3846 (4228721 Gflops/s) - 3846 (4228721 Gflops/s) - 3846 (4228721 Gflops/s) - 3844 (4226522 Gflops/s) - 3852 (4235318 Gflops/s) - 3852 (4235318 Gflops/s) - 3850 (4233119 Gflops/s) - 3848 (4230920 Gflops/s) | Temperatures: 61°C - 62°C - 73°C - 70°C - 62°C - 62°C - 68°C - 73°C | Throttling: None - None - None - None - None - None - None - None
3845 (4227622 Gflops/s) - 3845 (4227622 Gflops/s) - 3846 (4228721 Gflops/s) - 3844 (4226522 Gflops/s) - 3850 (4233119 Gflops/s) - 3851 (4234219 Gflops/s) - 3848 (4230920 Gflops/s) - 3848 (4230920 Gflops/s) | Temperatures: 61°C - 62°C - 73°C - 70°C - 62°C - 62°C - 68°C - 73°C | Throttling: None - None - None - None - None - None - None - None
3841 (4223224 Gflops/s) - 3842 (4224323 Gflops/s) - 3842 (4224323 Gflops/s) - 3840 (4222124 Gflops/s) - 3848 (4230920 Gflops/s) - 3848 (4230920 Gflops/s) - 3846 (4228721 Gflops/s) - 3844 (4226522 Gflops/s) | Temperatures: 61°C - 62°C - 73°C - 70°C - 62°C - 62°C - 68°C - 73°C | Throttling: None - None - None - None - None - None - None - None
3846 (4228721 Gflops/s) - 3846 (4228721 Gflops/s) - 3846 (4228721 Gflops/s) - 3845 (4227622 Gflops/s) - 3852 (4235318 Gflops/s) - 3852 (4235318 Gflops/s) - 3849 (4232020 Gflops/s) - 3848 (4230920 Gflops/s) | Temperatures: 61°C - 62°C - 73°C - 70°C - 62°C - 62°C - 68°C - 73°C | Throttling: None - None - None - None - None - None - None - None
3842 (4224323 Gflops/s) - 3842 (4224323 Gflops/s) - 3843 (4225423 Gflops/s) - 3841 (4223224 Gflops/s) - 3848 (4230920 Gflops/s) - 3848 (4230920 Gflops/s) - 3846 (4228721 Gflops/s) - 3845 (4227622 Gflops/s) | Temperatures: 61°C - 62°C - 73°C - 70°C - 62°C - 62°C - 68°C - 73°C | Throttling: None - None - None - None - None - None - None - None
3846 (4228721 Gflops/s) - 3845 (4227622 Gflops/s) - 3846 (4228721 Gflops/s) - 3844 (4226522 Gflops/s) - 3851 (4234219 Gflops/s) - 3851 (4234219 Gflops/s) - 3848 (4230920 Gflops/s) - 3847 (4229821 Gflops/s) | Temperatures: 61°C - 62°C - 73°C - 70°C - 62°C - 62°C - 68°C - 73°C | Throttling: None - None - None - None - None - None - None - None
3845 (4227622 Gflops/s) - 3845 (4227622 Gflops/s) - 3845 (4227622 Gflops/s) - 3844 (4226522 Gflops/s) - 3851 (4234219 Gflops/s) - 3852 (4235318 Gflops/s) - 3849 (4232020 Gflops/s) - 3848 (4230920 Gflops/s) | Temperatures: 61°C - 62°C - 73°C - 70°C - 62°C - 62°C - 68°C - 73°C | Throttling: None - None - None - None - None - None - None - None
3842 (4224323 Gflops/s) - 3842 (4224323 Gflops/s) - 3843 (4225423 Gflops/s) - 3841 (4223224 Gflops/s) - 3848 (4230920 Gflops/s) - 3848 (4230920 Gflops/s) - 3846 (4228721 Gflops/s) - 3845 (4227622 Gflops/s) | Temperatures: 61°C - 62°C - 73°C - 70°C - 62°C - 62°C - 68°C - 73°C | Throttling: None - None - None - None - None - None - None - None
3846 (4228721 Gflops/s) - 3846 (4228721 Gflops/s) - 3846 (4228721 Gflops/s) - 3844 (4226522 Gflops/s) - 3851 (4234219 Gflops/s) - 3851 (4234219 Gflops/s) - 3849 (4232020 Gflops/s) - 3848 (4230920 Gflops/s) | Temperatures: 61°C - 62°C - 73°C - 70°C - 62°C - 62°C - 68°C - 73°C | Throttling: None - None - None - None - None - None - None - None
3841 (4223224 Gflops/s) - 3841 (4223224 Gflops/s) - 3841 (4223224 Gflops/s) - 3841 (4223224 Gflops/s) - 3847 (4229821 Gflops/s) - 3848 (4230920 Gflops/s) - 3845 (4227622 Gflops/s) - 3844 (4226522 Gflops/s) | Temperatures: 61°C - 62°C - 73°C - 70°C - 62°C - 62°C - 68°C - 73°C | Throttling: None - None - None - None - None - None - None - None
3847 (4229821 Gflops/s) - 3847 (4229821 Gflops/s) - 3848 (4230920 Gflops/s) - 3845 (4227622 Gflops/s) - 3853 (4236418 Gflops/s) - 3853 (4236418 Gflops/s) - 3850 (4233119 Gflops/s) - 3849 (4232020 Gflops/s) | Temperatures: 61°C - 62°C - 73°C - 70°C - 62°C - 62°C - 68°C - 73°C | Throttling: None - None - None - None - None - None - None - None
3842 (4224323 Gflops/s) - 3842 (4224323 Gflops/s) - 3842 (4224323 Gflops/s) - 3841 (4223224 Gflops/s) - 3847 (4229821 Gflops/s) - 3847 (4229821 Gflops/s) - 3845 (4227622 Gflops/s) - 3845 (4227622 Gflops/s) | Temperatures: 61°C - 62°C - 73°C - 70°C - 62°C - 62°C - 68°C - 73°C | Throttling: None - None - None - None - None - None - None - None
3846 (4228721 Gflops/s) - 3846 (4228721 Gflops/s) - 3846 (4228721 Gflops/s) - 3844 (4226522 Gflops/s) - 3852 (4235318 Gflops/s) - 3852 (4235318 Gflops/s) - 3850 (4233119 Gflops/s) - 3848 (4230920 Gflops/s) | Temperatures: 61°C - 62°C - 73°C - 70°C - 62°C - 62°C - 68°C - 73°C | Throttling: None - None - None - None - None - None - None - None
3841 (4223224 Gflops/s) - 3841 (4223224 Gflops/s) - 3842 (4224323 Gflops/s) - 3841 (4223224 Gflops/s) - 3847 (4229821 Gflops/s) - 3848 (4230920 Gflops/s) - 3845 (4227622 Gflops/s) - 3844 (4226522 Gflops/s) | Temperatures: 61°C - 62°C - 73°C - 70°C - 62°C - 62°C - 68°C - 73°C | Throttling: None - None - None - None - None - None - None - None
3846 (4228721 Gflops/s) - 3846 (4228721 Gflops/s) - 3845 (4227622 Gflops/s) - 3844 (4226522 Gflops/s) - 3851 (4234219 Gflops/s) - 3851 (4234219 Gflops/s) - 3848 (4230920 Gflops/s) - 3848 (4230920 Gflops/s) | Temperatures: 61°C - 62°C - 73°C - 70°C - 62°C - 62°C - 68°C - 73°C | Throttling: None - None - None - None - None - None - None - None
3845 (4227622 Gflops/s) - 3845 (4227622 Gflops/s) - 3846 (4228721 Gflops/s) - 3844 (4226522 Gflops/s) - 3851 (4234219 Gflops/s) - 3852 (4235318 Gflops/s) - 3849 (4232020 Gflops/s) - 3847 (4229821 Gflops/s) | Temperatures: 61°C - 62°C - 73°C - 70°C - 62°C - 62°C - 68°C - 73°C | Throttling: None - None - None - None - None - None - None - None
3660 (4024212 Gflops/s) - 3660 (4024212 Gflops/s) - 3661 (4025312 Gflops/s) - 3659 (4023113 Gflops/s) - 3666 (4030809 Gflops/s) - 3666 (4030809 Gflops/s) - 3664 (4028610 Gflops/s) - 3663 (4027511 Gflops/s) | Temperatures: 61°C - 62°C - 73°C - 70°C - 62°C - 62°C - 68°C - 73°C | Throttling: None - None - None - None - None - None - None - None
3653 (4016515 Gflops/s) - 3653 (4016515 Gflops/s) - 3653 (4016515 Gflops/s) - 3651 (4014316 Gflops/s) - 3658 (4022013 Gflops/s) - 3658 (4022013 Gflops/s) - 3656 (4019814 Gflops/s) - 3655 (4018714 Gflops/s) | Temperatures: 61°C - 62°C - 73°C - 70°C - 62°C - 62°C - 68°C - 73°C | Throttling: None - None - None - None - None - None - None - None
3598 (3956042 Gflops/s) - 3599 (3957142 Gflops/s) - 3599 (3957142 Gflops/s) - 3598 (3956042 Gflops/s) - 3604 (3962639 Gflops/s) - 3605 (3963739 Gflops/s) - 3602 (3960440 Gflops/s) - 3601 (3959341 Gflops/s) | Temperatures: 61°C - 62°C - 73°C - 70°C - 62°C - 62°C - 68°C - 73°C | Throttling: None - None - None - None - None - None - None - None
3618 (3978033 Gflops/s) - 3617 (3976933 Gflops/s) - 3618 (3978033 Gflops/s) - 3617 (3976933 Gflops/s) - 3624 (3984630 Gflops/s) - 3623 (3983530 Gflops/s) - 3621 (3981331 Gflops/s) - 3621 (3981331 Gflops/s) | Temperatures: 61°C - 62°C - 73°C - 70°C - 62°C - 62°C - 68°C - 73°C | Throttling: None - None - None - None - None - None - None - None
3684 (4050600 Gflops/s) - 3684 (4050600 Gflops/s) - 3683 (4049501 Gflops/s) - 3682 (4048401 Gflops/s) - 3688 (4054998 Gflops/s) - 3689 (4056098 Gflops/s) - 3686 (4052799 Gflops/s) - 3685 (4051700 Gflops/s) | Temperatures: 61°C - 62°C - 73°C - 70°C - 62°C - 62°C - 68°C - 73°C | Throttling: None - None - None - None - None - None - None - None
3563 (3917559 Gflops/s) - 3563 (3917559 Gflops/s) - 3564 (3918659 Gflops/s) - 3563 (3917559 Gflops/s) - 3569 (3924156 Gflops/s) - 3570 (3925256 Gflops/s) - 3567 (3921957 Gflops/s) - 3566 (3920858 Gflops/s) | Temperatures: 61°C - 62°C - 73°C - 70°C - 62°C - 62°C - 68°C - 73°C | Throttling: None - None - None - None - None - None - None - None
3620 (3980232 Gflops/s) - 3621 (3981331 Gflops/s) - 3621 (3981331 Gflops/s) - 3619 (3979132 Gflops/s) - 3626 (3986829 Gflops/s) - 3626 (3986829 Gflops/s) - 3623 (3983530 Gflops/s) - 3622 (3982431 Gflops/s) | Temperatures: 61°C - 62°C - 73°C - 70°C - 62°C - 62°C - 68°C - 73°C | Throttling: None - None - None - None - None - None - None - None
3714 (4083586 Gflops/s) - 3713 (4082486 Gflops/s) - 3714 (4083586 Gflops/s) - 3712 (4081387 Gflops/s) - 3719 (4089083 Gflops/s) - 3719 (4089083 Gflops/s) - 3718 (4087984 Gflops/s) - 3716 (4085785 Gflops/s) | Temperatures: 61°C - 62°C - 73°C - 70°C - 62°C - 62°C - 68°C - 73°C | Throttling: None - None - None - None - None - None - None - None
3533 (3884574 Gflops/s) - 3533 (3884574 Gflops/s) - 3533 (3884574 Gflops/s) - 3532 (3883475 Gflops/s) - 3539 (3891171 Gflops/s) - 3538 (3890072 Gflops/s) - 3536 (3887873 Gflops/s) - 3535 (3886773 Gflops/s) | Temperatures: 61°C - 62°C - 73°C - 70°C - 62°C - 62°C - 68°C - 73°C | Throttling: None - None - None - None - None - None - None - None
3652 (4015416 Gflops/s) - 3653 (4016515 Gflops/s) - 3653 (4016515 Gflops/s) - 3651 (4014316 Gflops/s) - 3658 (4022013 Gflops/s) - 3658 (4022013 Gflops/s) - 3656 (4019814 Gflops/s) - 3655 (4018714 Gflops/s) | Temperatures: 61°C - 62°C - 73°C - 70°C - 62°C - 62°C - 68°C - 73°C | Throttling: None - None - None - None - None - None - None - None
3599 (3957142 Gflops/s) - 3598 (3956042 Gflops/s) - 3600 (3958241 Gflops/s) - 3598 (3956042 Gflops/s) - 3604 (3962639 Gflops/s) - 3605 (3963739 Gflops/s) - 3602 (3960440 Gflops/s) - 3602 (3960440 Gflops/s) | Temperatures: 61°C - 62°C - 73°C - 70°C - 62°C - 62°C - 68°C - 73°C | Throttling: None - None - None - None - None - None - None - None
3618 (3978033 Gflops/s) - 3618 (3978033 Gflops/s) - 3618 (3978033 Gflops/s) - 3617 (3976933 Gflops/s) - 3623 (3983530 Gflops/s) - 3623 (3983530 Gflops/s) - 3622 (3982431 Gflops/s) - 3620 (3980232 Gflops/s) | Temperatures: 61°C - 62°C - 73°C - 70°C - 62°C - 62°C - 68°C - 73°C | Throttling: None - None - None - None - None - None - None - None
3684 (4050600 Gflops/s) - 3684 (4050600 Gflops/s) - 3684 (4050600 Gflops/s) - 3682 (4048401 Gflops/s) - 3690 (4057197 Gflops/s) - 3690 (4057197 Gflops/s) - 3687 (4053899 Gflops/s) - 3686 (4052799 Gflops/s) | Temperatures: 61°C - 62°C - 73°C - 70°C - 62°C - 62°C - 68°C - 73°C | Throttling: None - None - None - None - None - None - None - None
3559 (3913161 Gflops/s) - 3559 (3913161 Gflops/s) - 3560 (3914261 Gflops/s) - 3558 (3912062 Gflops/s) - 3564 (3918659 Gflops/s) - 3565 (3919758 Gflops/s) - 3563 (3917559 Gflops/s) - 3561 (3915360 Gflops/s) | Temperatures: 61°C - 62°C - 73°C - 70°C - 62°C - 62°C - 68°C - 73°C | Throttling: None - None - None - None - None - None - None - None
3624 (3984630 Gflops/s) - 3624 (3984630 Gflops/s) - 3624 (3984630 Gflops/s) - 3622 (3982431 Gflops/s) - 3629 (3990127 Gflops/s) - 3629 (3990127 Gflops/s) - 3627 (3987928 Gflops/s) - 3627 (3987928 Gflops/s) | Temperatures: 61°C - 62°C - 73°C - 70°C - 62°C - 62°C - 68°C - 73°C | Throttling: None - None - None - None - None - None - None - None
3714 (4083586 Gflops/s) - 3714 (4083586 Gflops/s) - 3715 (4084685 Gflops/s) - 3713 (4082486 Gflops/s) - 3720 (4090183 Gflops/s) - 3720 (4090183 Gflops/s) - 3718 (4087984 Gflops/s) - 3717 (4086884 Gflops/s) | Temperatures: 61°C - 62°C - 73°C - 70°C - 62°C - 62°C - 68°C - 73°C | Throttling: None - None - None - None - None - None - None - None
3532 (3883475 Gflops/s) - 3533 (3884574 Gflops/s) - 3533 (3884574 Gflops/s) - 3532 (3883475 Gflops/s) - 3539 (3891171 Gflops/s) - 3539 (3891171 Gflops/s) - 3536 (3887873 Gflops/s) - 3536 (3887873 Gflops/s) | Temperatures: 61°C - 62°C - 73°C - 70°C - 62°C - 62°C - 68°C - 73°C | Throttling: None - None - None - None - None - None - None - None
3653 (4016515 Gflops/s) - 3653 (4016515 Gflops/s) - 3653 (4016515 Gflops/s) - 3652 (4015416 Gflops/s) - 3658 (4022013 Gflops/s) - 3659 (4023113 Gflops/s) - 3656 (4019814 Gflops/s) - 3654 (4017615 Gflops/s) | Temperatures: 61°C - 62°C - 73°C - 70°C - 62°C - 62°C - 68°C - 73°C | Throttling: None - None - None - None - None - None - None - None
3602 (3960440 Gflops/s) - 3602 (3960440 Gflops/s) - 3603 (3961540 Gflops/s) - 3601 (3959341 Gflops/s) - 3608 (3967037 Gflops/s) - 3607 (3965938 Gflops/s) - 3606 (3964838 Gflops/s) - 3605 (3963739 Gflops/s) | Temperatures: 61°C - 62°C - 73°C - 70°C - 62°C - 62°C - 68°C - 73°C | Throttling: None - None - None - None - None - None - None - None
3615 (3974734 Gflops/s) - 3616 (3975834 Gflops/s) - 3616 (3975834 Gflops/s) - 3614 (3973635 Gflops/s) - 3621 (3981331 Gflops/s) - 3621 (3981331 Gflops/s) - 3619 (3979132 Gflops/s) - 3618 (3978033 Gflops/s) | Temperatures: 61°C - 62°C - 73°C - 70°C - 62°C - 62°C - 68°C - 73°C | Throttling: None - None - None - None - None - None - None - None
3680 (4046202 Gflops/s) - 3680 (4046202 Gflops/s) - 3681 (4047302 Gflops/s) - 3679 (4045103 Gflops/s) - 3685 (4051700 Gflops/s) - 3686 (4052799 Gflops/s) - 3684 (4050600 Gflops/s) - 3683 (4049501 Gflops/s) | Temperatures: 61°C - 62°C - 73°C - 70°C - 62°C - 62°C - 68°C - 73°C | Throttling: None - None - None - None - None - None - None - None
3568 (3923057 Gflops/s) - 3567 (3921957 Gflops/s) - 3568 (3923057 Gflops/s) - 3566 (3920858 Gflops/s) - 3574 (3929654 Gflops/s) - 3573 (3928555 Gflops/s) - 3570 (3925256 Gflops/s) - 3570 (3925256 Gflops/s) | Temperatures: 61°C - 62°C - 73°C - 70°C - 62°C - 62°C - 68°C - 73°C | Throttling: None - None - None - None - None - None - None - None
3619 (3979132 Gflops/s) - 3620 (3980232 Gflops/s) - 3620 (3980232 Gflops/s) - 3619 (3979132 Gflops/s) - 3625 (3985729 Gflops/s) - 3626 (3986829 Gflops/s) - 3624 (3984630 Gflops/s) - 3622 (3982431 Gflops/s) | Temperatures: 61°C - 62°C - 73°C - 70°C - 62°C - 62°C - 68°C - 73°C | Throttling: None - None - None - None - None - None - None - None
3715 (4084685 Gflops/s) - 3715 (4084685 Gflops/s) - 3715 (4084685 Gflops/s) - 3713 (4082486 Gflops/s) - 3720 (4090183 Gflops/s) - 3720 (4090183 Gflops/s) - 3718 (4087984 Gflops/s) - 3717 (4086884 Gflops/s) | Temperatures: 61°C - 62°C - 73°C - 70°C - 62°C - 62°C - 68°C - 73°C | Throttling: None - None - None - None - None - None - None - None
3534 (3885674 Gflops/s) - 3534 (3885674 Gflops/s) - 3534 (3885674 Gflops/s) - 3533 (3884574 Gflops/s) - 3539 (3891171 Gflops/s) - 3540 (3892271 Gflops/s) - 3537 (3888972 Gflops/s) - 3536 (3887873 Gflops/s) | Temperatures: 61°C - 62°C - 73°C - 70°C - 62°C - 62°C - 68°C - 73°C | Throttling: None - None - None - None - None - None - None - None
3983 (4379354 Gflops/s) - 3983 (4379354 Gflops/s) - 3984 (4380454 Gflops/s) - 3982 (4378255 Gflops/s) - 3989 (4385951 Gflops/s) - 3989 (4385951 Gflops/s) - 3987 (4383752 Gflops/s) - 3985 (4381553 Gflops/s) | Temperatures: 61°C - 62°C - 73°C - 70°C - 62°C - 62°C - 68°C - 73°C | Throttling: None - None - None - None - None - None - None - None
4005 (4403544 Gflops/s) - 4005 (4403544 Gflops/s) - 4006 (4404643 Gflops/s) - 4004 (4402444 Gflops/s) - 4012 (4411240 Gflops/s) - 4011 (4410141 Gflops/s) - 4008 (4406842 Gflops/s) - 4009 (4407942 Gflops/s) | Temperatures: 61°C - 62°C - 73°C - 70°C - 62°C - 62°C - 68°C - 73°C | Throttling: None - None - None - None - None - None - None - None
4006 (4404643 Gflops/s) - 4006 (4404643 Gflops/s) - 4006 (4404643 Gflops/s) - 4005 (4403544 Gflops/s) - 4012 (4411240 Gflops/s) - 4013 (4412340 Gflops/s) - 4011 (4410141 Gflops/s) - 4008 (4406842 Gflops/s) | Temperatures: 61°C - 62°C - 73°C - 70°C - 62°C - 62°C - 68°C - 73°C | Throttling: None - None - None - None - None - None - None - None
4006 (4404643 Gflops/s) - 4006 (4404643 Gflops/s) - 4007 (4405743 Gflops/s) - 4005 (4403544 Gflops/s) - 4013 (4412340 Gflops/s) - 4012 (4411240 Gflops/s) - 4010 (4409041 Gflops/s) - 4009 (4407942 Gflops/s) | Temperatures: 61°C - 62°C - 73°C - 70°C - 62°C - 62°C - 68°C - 73°C | Throttling: None - None - None - None - None - None - None - None
4006 (4404643 Gflops/s) - 4007 (4405743 Gflops/s) - 4007 (4405743 Gflops/s) - 4005 (4403544 Gflops/s) - 4012 (4411240 Gflops/s) - 4013 (4412340 Gflops/s) - 4010 (4409041 Gflops/s) - 4009 (4407942 Gflops/s) | Temperatures: 61°C - 62°C - 73°C - 70°C - 62°C - 62°C - 68°C - 73°C | Throttling: None - None - None - None - None - None - None - None
4005 (4403544 Gflops/s) - 4005 (4403544 Gflops/s) - 4006 (4404643 Gflops/s) - 4004 (4402444 Gflops/s) - 4012 (4411240 Gflops/s) - 4012 (4411240 Gflops/s) - 4009 (4407942 Gflops/s) - 4008 (4406842 Gflops/s) | Temperatures: 61°C - 62°C - 73°C - 70°C - 62°C - 62°C - 68°C - 73°C | Throttling: None - None - None - None - None - None - None - None
4003 (4401345 Gflops/s) - 4003 (4401345 Gflops/s) - 4003 (4401345 Gflops/s) - 4001 (4399146 Gflops/s) - 4009 (4407942 Gflops/s) - 4009 (4407942 Gflops/s) - 4006 (4404643 Gflops/s) - 4006 (4404643 Gflops/s) | Temperatures: 61°C - 62°C - 73°C - 70°C - 62°C - 62°C - 68°C - 73°C | Throttling: None - None - None - None - None - None - None - None
4006 (4404643 Gflops/s) - 4006 (4404643 Gflops/s) - 4007 (4405743 Gflops/s) - 4005 (4403544 Gflops/s) - 4012 (4411240 Gflops/s) - 4013 (4412340 Gflops/s) - 4010 (4409041 Gflops/s) - 4009 (4407942 Gflops/s) | Temperatures: 61°C - 62°C - 73°C - 70°C - 62°C - 62°C - 68°C - 73°C | Throttling: None - None - None - None - None - None - None - None
4006 (4404643 Gflops/s) - 4006 (4404643 Gflops/s) - 4007 (4405743 Gflops/s) - 4005 (4403544 Gflops/s) - 4012 (4411240 Gflops/s) - 4013 (4412340 Gflops/s) - 4010 (4409041 Gflops/s) - 4009 (4407942 Gflops/s) | Temperatures: 61°C - 62°C - 73°C - 70°C - 62°C - 62°C - 68°C - 73°C | Throttling: None - None - None - None - None - None - None - None
4005 (4403544 Gflops/s) - 4005 (4403544 Gflops/s) - 4005 (4403544 Gflops/s) - 4004 (4402444 Gflops/s) - 4012 (4411240 Gflops/s) - 4011 (4410141 Gflops/s) - 4009 (4407942 Gflops/s) - 4008 (4406842 Gflops/s) | Temperatures: 61°C - 62°C - 73°C - 70°C - 62°C - 62°C - 68°C - 73°C | Throttling: None - None - None - None - None - None - None - None
4007 (4405743 Gflops/s) - 4007 (4405743 Gflops/s) - 4007 (4405743 Gflops/s) - 4006 (4404643 Gflops/s) - 4012 (4411240 Gflops/s) - 4014 (4413439 Gflops/s) - 4010 (4409041 Gflops/s) - 4009 (4407942 Gflops/s) | Temperatures: 61°C - 62°C - 73°C - 70°C - 62°C - 62°C - 68°C - 73°C | Throttling: None - None - None - None - None - None - None - None
4003 (4401345 Gflops/s) - 4002 (4400245 Gflops/s) - 4003 (4401345 Gflops/s) - 4001 (4399146 Gflops/s) - 4009 (4407942 Gflops/s) - 4008 (4406842 Gflops/s) - 4007 (4405743 Gflops/s) - 4005 (4403544 Gflops/s) | Temperatures: 61°C - 62°C - 73°C - 70°C - 62°C - 62°C - 68°C - 73°C | Throttling: None - None - None - None - None - None - None - None
4006 (4404643 Gflops/s) - 4007 (4405743 Gflops/s) - 4007 (4405743 Gflops/s) - 4005 (4403544 Gflops/s) - 4012 (4411240 Gflops/s) - 4013 (4412340 Gflops/s) - 4010 (4409041 Gflops/s) - 4009 (4407942 Gflops/s) | Temperatures: 61°C - 62°C - 73°C - 70°C - 62°C - 62°C - 68°C - 73°C | Throttling: None - None - None - None - None - None - None - None
4006 (4404643 Gflops/s) - 4006 (4404643 Gflops/s) - 4007 (4405743 Gflops/s) - 4005 (4403544 Gflops/s) - 4012 (4411240 Gflops/s) - 4012 (4411240 Gflops/s) - 4009 (4407942 Gflops/s) - 4008 (4406842 Gflops/s) | Temperatures: 61°C - 62°C - 73°C - 70°C - 62°C - 62°C - 68°C - 73°C | Throttling: None - None - None - None - None - None - None - None
4007 (4405743 Gflops/s) - 4007 (4405743 Gflops/s) - 4007 (4405743 Gflops/s) - 4005 (4403544 Gflops/s) - 4013 (4412340 Gflops/s) - 4014 (4413439 Gflops/s) - 4011 (4410141 Gflops/s) - 4010 (4409041 Gflops/s) | Temperatures: 61°C - 62°C - 73°C - 70°C - 62°C - 62°C - 68°C - 73°C | Throttling: None - None - None - None - None - None - None - None
4002 (4400245 Gflops/s) - 4002 (4400245 Gflops/s) - 4003 (4401345 Gflops/s) - 4001 (4399146 Gflops/s) - 4009 (4407942 Gflops/s) - 4008 (4406842 Gflops/s) - 4006 (4404643 Gflops/s) - 4004 (4402444 Gflops/s) | Temperatures: 61°C - 62°C - 73°C - 70°C - 62°C - 62°C - 68°C - 73°C | Throttling: None - None - None - None - None - None - None - None
4006 (4404643 Gflops/s) - 4006 (4404643 Gflops/s) - 4006 (4404643 Gflops/s) - 4005 (4403544 Gflops/s) - 4012 (4411240 Gflops/s) - 4013 (4412340 Gflops/s) - 4010 (4409041 Gflops/s) - 4009 (4407942 Gflops/s) | Temperatures: 61°C - 62°C - 73°C - 70°C - 62°C - 62°C - 68°C - 73°C | Throttling: None - None - None - None - None - None - None - None
4006 (4404643 Gflops/s) - 4006 (4404643 Gflops/s) - 4007 (4405743 Gflops/s) - 4005 (4403544 Gflops/s) - 4012 (4411240 Gflops/s) - 4012 (4411240 Gflops/s) - 4010 (4409041 Gflops/s) - 4009 (4407942 Gflops/s) | Temperatures: 61°C - 62°C - 73°C - 70°C - 62°C - 62°C - 68°C - 73°C | Throttling: None - None - None - None - None - None - None - None
4007 (4405743 Gflops/s) - 4007 (4405743 Gflops/s) - 4007 (4405743 Gflops/s) - 4006 (4404643 Gflops/s) - 4013 (4412340 Gflops/s) - 4013 (4412340 Gflops/s) - 4010 (4409041 Gflops/s) - 4010 (4409041 Gflops/s) | Temperatures: 61°C - 62°C - 73°C - 70°C - 62°C - 62°C - 68°C - 73°C | Throttling: None - None - None - None - None - None - None - None
4006 (4404643 Gflops/s) - 4006 (4404643 Gflops/s) - 4007 (4405743 Gflops/s) - 4005 (4403544 Gflops/s) - 4012 (4411240 Gflops/s) - 4013 (4412340 Gflops/s) - 4010 (4409041 Gflops/s) - 4009 (4407942 Gflops/s) | Temperatures: 61°C - 62°C - 73°C - 70°C - 62°C - 62°C - 68°C - 73°C | Throttling: None - None - None - None - None - None - None - None
4003 (4401345 Gflops/s) - 4003 (4401345 Gflops/s) - 4004 (4402444 Gflops/s) - 4002 (4400245 Gflops/s) - 4009 (4407942 Gflops/s) - 4009 (4407942 Gflops/s) - 4007 (4405743 Gflops/s) - 4005 (4403544 Gflops/s) | Temperatures: 61°C - 62°C - 73°C - 70°C - 62°C - 62°C - 68°C - 73°C | Throttling: None - None - None - None - None - None - None - None
4006 (4404643 Gflops/s) - 4006 (4404643 Gflops/s) - 4005 (4403544 Gflops/s) - 4004 (4402444 Gflops/s) - 4012 (4411240 Gflops/s) - 4012 (4411240 Gflops/s) - 4009 (4407942 Gflops/s) - 4008 (4406842 Gflops/s) | Temperatures: 61°C - 62°C - 73°C - 70°C - 62°C - 62°C - 68°C - 73°C | Throttling: None - None - None - None - None - None - None - None
4006 (4404643 Gflops/s) - 4006 (4404643 Gflops/s) - 4007 (4405743 Gflops/s) - 4005 (4403544 Gflops/s) - 4012 (4411240 Gflops/s) - 4013 (4412340 Gflops/s) - 4010 (4409041 Gflops/s) - 4009 (4407942 Gflops/s) | Temperatures: 61°C - 62°C - 73°C - 70°C - 62°C - 62°C - 68°C - 73°C | Throttling: None - None - None - None - None - None - None - None
3664 (4028610 Gflops/s) - 3664 (4028610 Gflops/s) - 3665 (4029710 Gflops/s) - 3663 (4027511 Gflops/s) - 3670 (4035207 Gflops/s) - 3669 (4034108 Gflops/s) - 3668 (4033008 Gflops/s) - 3667 (4031909 Gflops/s) | Temperatures: 61°C - 62°C - 73°C - 70°C - 62°C - 62°C - 68°C - 73°C | Throttling: None - None - None - None - None - None - None - None
3776 (4151755 Gflops/s) - 3776 (4151755 Gflops/s) - 3776 (4151755 Gflops/s) - 3775 (4150656 Gflops/s) - 3781 (4157253 Gflops/s) - 3782 (4158352 Gflops/s) - 3780 (4156153 Gflops/s) - 3778 (4153954 Gflops/s) | Temperatures: 61°C - 62°C - 73°C - 70°C - 62°C - 62°C - 68°C - 73°C | Throttling: None - None - None - None - None - None - None - None
3846 (4228721 Gflops/s) - 3846 (4228721 Gflops/s) - 3846 (4228721 Gflops/s) - 3845 (4227622 Gflops/s) - 3852 (4235318 Gflops/s) - 3852 (4235318 Gflops/s) - 3849 (4232020 Gflops/s) - 3849 (4232020 Gflops/s) | Temperatures: 61°C - 62°C - 73°C - 70°C - 62°C - 62°C - 68°C - 73°C | Throttling: None - None - None - None - None - None - None - None
3841 (4223224 Gflops/s) - 3841 (4223224 Gflops/s) - 3842 (4224323 Gflops/s) - 3840 (4222124 Gflops/s) - 3847 (4229821 Gflops/s) - 3848 (4230920 Gflops/s) - 3845 (4227622 Gflops/s) - 3843 (4225423 Gflops/s) | Temperatures: 61°C - 62°C - 73°C - 70°C - 62°C - 62°C - 68°C - 73°C | Throttling: None - None - None - None - None - None - None - None
3845 (4227622 Gflops/s) - 3846 (4228721 Gflops/s) - 3846 (4228721 Gflops/s) - 3844 (4226522 Gflops/s) - 3852 (4235318 Gflops/s) - 3852 (4235318 Gflops/s) - 3850 (4233119 Gflops/s) - 3849 (4232020 Gflops/s) | Temperatures: 61°C - 62°C - 73°C - 70°C - 62°C - 62°C - 68°C - 73°C | Throttling: None - None - None - None - None - None - None - None
3842 (4224323 Gflops/s) - 3842 (4224323 Gflops/s) - 3842 (4224323 Gflops/s) - 3841 (4223224 Gflops/s) - 3848 (4230920 Gflops/s) - 3848 (4230920 Gflops/s) - 3846 (4228721 Gflops/s) - 3844 (4226522 Gflops/s) | Temperatures: 61°C - 62°C - 73°C - 70°C - 62°C - 62°C - 68°C - 73°C | Throttling: None - None - None - None - None - None - None - None
3845 (4227622 Gflops/s) - 3845 (4227622 Gflops/s) - 3846 (4228721 Gflops/s) - 3844 (4226522 Gflops/s) - 3851 (4234219 Gflops/s) - 3851 (4234219 Gflops/s) - 3848 (4230920 Gflops/s) - 3848 (4230920 Gflops/s) | Temperatures: 61°C - 62°C - 73°C - 70°C - 62°C - 62°C - 68°C - 73°C | Throttling: None - None - None - None - None - None - None - None
3846 (4228721 Gflops/s) - 3846 (4228721 Gflops/s) - 3846 (4228721 Gflops/s) - 3844 (4226522 Gflops/s) - 3851 (4234219 Gflops/s) - 3851 (4234219 Gflops/s) - 3850 (4233119 Gflops/s) - 3848 (4230920 Gflops/s) | Temperatures: 61°C - 62°C - 73°C - 70°C - 62°C - 62°C - 68°C - 73°C | Throttling: None - None - None - None - None - None - None - None
3842 (4224323 Gflops/s) - 3842 (4224323 Gflops/s) - 3843 (4225423 Gflops/s) - 3841 (4223224 Gflops/s) - 3848 (4230920 Gflops/s) - 3849 (4232020 Gflops/s) - 3846 (4228721 Gflops/s) - 3845 (4227622 Gflops/s) | Temperatures: 61°C - 62°C - 73°C - 70°C - 62°C - 62°C - 68°C - 73°C | Throttling: None - None - None - None - None - None - None - None
3845 (4227622 Gflops/s) - 3845 (4227622 Gflops/s) - 3846 (4228721 Gflops/s) - 3845 (4227622 Gflops/s) - 3852 (4235318 Gflops/s) - 3851 (4234219 Gflops/s) - 3849 (4232020 Gflops/s) - 3847 (4229821 Gflops/s) | Temperatures: 61°C - 62°C - 73°C - 70°C - 62°C - 62°C - 68°C - 73°C | Throttling: None - None - None - None - None - None - None - None
3104 (3412884 Gflops/s) - 3062 (3366704 Gflops/s) - 2935 (3227066 Gflops/s) - 3394 (3731742 Gflops/s) - 3369 (3704254 Gflops/s) - 3208 (3527233 Gflops/s) - 2007 (2206719 Gflops/s) - 2334 (2566260 Gflops/s) | Temperatures: 61°C - 62°C - 67°C - 70°C - 62°C - 62°C - 58°C - 63°C | Throttling: None - None - None - None - None - None - None - None
GPU #0: 4226027 Gflops/s (min: 3412884.09, max: 4614650.30, dev: 4226026.76)
         Temperature: 60.83°C (min: 57.00, max: 61.00)
         Throttling HW: false, Thermal SW: false, Thermal HW: false
GPU #1: 4225869 Gflops/s (min: 3366704.60, max: 4614650.30, dev: 4225869.14)
         Temperature: 61.80°C (min: 58.00, max: 62.00)
         Throttling HW: false, Thermal SW: false, Thermal HW: false
GPU #2: 4225861 Gflops/s (min: 3227066.63, max: 4615749.81, dev: 4225861.45)
         Temperature: 72.55°C (min: 67.00, max: 73.00)
         Throttling HW: false, Thermal SW: false, Thermal HW: false
GPU #3: 4225881 Gflops/s (min: 3731742.46, max: 4613550.79, dev: 4225880.67)
         Temperature: 69.41°C (min: 64.00, max: 70.00)
         Throttling HW: false, Thermal SW: false, Thermal HW: false
GPU #4: 4233481 Gflops/s (min: 3704254.67, max: 4622346.88, dev: 4233481.14)
         Temperature: 61.79°C (min: 58.00, max: 62.00)
         Throttling HW: false, Thermal SW: false, Thermal HW: false
GPU #5: 4233135 Gflops/s (min: 3527233.30, max: 4622346.88, dev: 4233135.14)
         Temperature: 61.81°C (min: 58.00, max: 62.00)
         Throttling HW: false, Thermal SW: false, Thermal HW: false
GPU #6: 4225785 Gflops/s (min: 2206719.84, max: 4619048.35, dev: 4225784.56)
         Temperature: 67.67°C (min: 58.00, max: 68.00)
         Throttling HW: false, Thermal SW: false, Thermal HW: false
GPU #7: 4225819 Gflops/s (min: 2566260.14, max: 4617948.84, dev: 4225819.16)
         Temperature: 72.49°C (min: 63.00, max: 73.00)
         Throttling HW: false, Thermal SW: false, Thermal HW: false
All GPUs seem healthy
Freeing GPUs...
