Node = node5800-c1
GPU 0: NVIDIA B200 (UUID: GPU-6c5ffebd-4303-bffd-8270-ff71aa2863d9)
GPU 1: NVIDIA B200 (UUID: GPU-02a91c21-1299-65a8-e444-8fae3f5a94fd)
GPU 2: NVIDIA B200 (UUID: GPU-aba32cce-3041-135c-414a-b582a34c7494)
GPU 3: NVIDIA B200 (UUID: GPU-3d52b6ed-1104-9e50-7c15-072183140d99)
GPU 4: NVIDIA B200 (UUID: GPU-df9f87d8-b52b-b9f1-a236-31ab3bd860ef)
GPU 5: NVIDIA B200 (UUID: GPU-d3edf7cc-91c6-f324-af28-e178d917c279)
GPU 6: NVIDIA B200 (UUID: GPU-c2d79b9a-353e-3a89-a546-3f25b8ffbf65)
GPU 7: NVIDIA B200 (UUID: GPU-53eb9171-8f36-5d55-6e94-2c435ae56cde)
======== Run with fp32 ==========
Detected GPU #0: "NVIDIA B200" (6c5ffebd-4303-bffd-8270-ff71aa2863d9)
Detected GPU #1: "NVIDIA B200" (02a91c21-1299-65a8-e444-8fae3f5a94fd)
Detected GPU #2: "NVIDIA B200" (aba32cce-3041-135c-414a-b582a34c7494)
Detected GPU #3: "NVIDIA B200" (3d52b6ed-1104-9e50-7c15-072183140d99)
Detected GPU #4: "NVIDIA B200" (df9f87d8-b52b-b9f1-a236-31ab3bd860ef)
Detected GPU #5: "NVIDIA B200" (d3edf7cc-91c6-f324-af28-e178d917c279)
Detected GPU #6: "NVIDIA B200" (c2d79b9a-353e-3a89-a546-3f25b8ffbf65)
Detected GPU #7: "NVIDIA B200" (53eb9171-8f36-5d55-6e94-2c435ae56cde)
Using precision(s): FP32  
Creating random matrices
Matrices created
GPU #0: Using 163805 MB
GPU #1: Using 163805 MB
GPU #2: Using 163805 MB
GPU #3: Using 163805 MB
GPU #4: Using 163805 MB
GPU #5: Using 163805 MB
GPU #6: Using 163805 MB
GPU #7: Using 163805 MB
926 (1018147 Gflops/s) - 929 (1021446 Gflops/s) - 0 (0 Gflops/s) - 0 (0 Gflops/s) - 0 (0 Gflops/s) - 762 (837827 Gflops/s) - 0 (0 Gflops/s) - 0 (0 Gflops/s) | Temperatures: 45°C - 46°C - 40°C - 37°C - 35°C - 42°C - 37°C - 39°C | Throttling: None - None - None - None - None - None - None - None
690 (758663 Gflops/s) - 704 (774056 Gflops/s) - 1407 (1547012 Gflops/s) - 1411 (1551410 Gflops/s) - 1404 (1543714 Gflops/s) - 709 (779553 Gflops/s) - 1432 (1574500 Gflops/s) - 1389 (1527221 Gflops/s) | Temperatures: 48°C - 50°C - 54°C - 51°C - 49°C - 48°C - 52°C - 52°C | Throttling: None - None - None - None - None - None - None - None
688 (756463 Gflops/s) - 701 (770757 Gflops/s) - 698 (767459 Gflops/s) - 688 (756463 Gflops/s) - 702 (771857 Gflops/s) - 700 (769658 Gflops/s) - 694 (763061 Gflops/s) - 690 (758663 Gflops/s) | Temperatures: 49°C - 51°C - 56°C - 53°C - 51°C - 49°C - 53°C - 54°C | Throttling: None - None - None - None - None - None - None - None
689 (757563 Gflops/s) - 714 (785051 Gflops/s) - 699 (768558 Gflops/s) - 687 (755364 Gflops/s) - 702 (771857 Gflops/s) - 701 (770757 Gflops/s) - 695 (764160 Gflops/s) - 692 (760862 Gflops/s) | Temperatures: 50°C - 52°C - 56°C - 54°C - 52°C - 50°C - 54°C - 55°C | Throttling: None - None - None - None - None - None - None - None
689 (757563 Gflops/s) - 689 (757563 Gflops/s) - 698 (767459 Gflops/s) - 685 (753165 Gflops/s) - 701 (770757 Gflops/s) - 698 (767459 Gflops/s) - 693 (761961 Gflops/s) - 692 (760862 Gflops/s) | Temperatures: 51°C - 52°C - 57°C - 54°C - 52°C - 51°C - 55°C - 56°C | Throttling: None - None - None - None - None - None - None - None
687 (755364 Gflops/s) - 700 (769658 Gflops/s) - 698 (767459 Gflops/s) - 685 (753165 Gflops/s) - 701 (770757 Gflops/s) - 698 (767459 Gflops/s) - 696 (765260 Gflops/s) - 690 (758663 Gflops/s) | Temperatures: 51°C - 53°C - 58°C - 55°C - 53°C - 51°C - 55°C - 56°C | Throttling: None - None - None - None - None - None - None - None
687 (755364 Gflops/s) - 700 (769658 Gflops/s) - 696 (765260 Gflops/s) - 684 (752065 Gflops/s) - 699 (768558 Gflops/s) - 697 (766359 Gflops/s) - 696 (765260 Gflops/s) - 688 (756463 Gflops/s) | Temperatures: 52°C - 54°C - 58°C - 55°C - 53°C - 52°C - 56°C - 57°C | Throttling: None - None - None - None - None - None - None - None
688 (756463 Gflops/s) - 702 (771857 Gflops/s) - 698 (767459 Gflops/s) - 685 (753165 Gflops/s) - 703 (772956 Gflops/s) - 697 (766359 Gflops/s) - 697 (766359 Gflops/s) - 689 (757563 Gflops/s) | Temperatures: 52°C - 54°C - 59°C - 56°C - 54°C - 52°C - 56°C - 57°C | Throttling: None - None - None - None - None - None - None - None
686 (754264 Gflops/s) - 701 (770757 Gflops/s) - 696 (765260 Gflops/s) - 687 (755364 Gflops/s) - 699 (768558 Gflops/s) - 695 (764160 Gflops/s) - 696 (765260 Gflops/s) - 688 (756463 Gflops/s) | Temperatures: 52°C - 54°C - 59°C - 56°C - 54°C - 53°C - 57°C - 58°C | Throttling: None - None - None - None - None - None - None - None
687 (755364 Gflops/s) - 702 (771857 Gflops/s) - 696 (765260 Gflops/s) - 688 (756463 Gflops/s) - 701 (770757 Gflops/s) - 696 (765260 Gflops/s) - 695 (764160 Gflops/s) - 689 (757563 Gflops/s) | Temperatures: 53°C - 55°C - 60°C - 57°C - 54°C - 53°C - 57°C - 58°C | Throttling: None - None - None - None - None - None - None - None
685 (753165 Gflops/s) - 701 (770757 Gflops/s) - 695 (764160 Gflops/s) - 687 (755364 Gflops/s) - 704 (774056 Gflops/s) - 694 (763061 Gflops/s) - 694 (763061 Gflops/s) - 688 (756463 Gflops/s) | Temperatures: 53°C - 55°C - 60°C - 57°C - 55°C - 53°C - 58°C - 58°C | Throttling: None - None - None - None - None - None - None - None
686 (754264 Gflops/s) - 702 (771857 Gflops/s) - 701 (770757 Gflops/s) - 688 (756463 Gflops/s) - 702 (771857 Gflops/s) - 695 (764160 Gflops/s) - 694 (763061 Gflops/s) - 688 (756463 Gflops/s) | Temperatures: 54°C - 55°C - 60°C - 58°C - 55°C - 54°C - 58°C - 59°C | Throttling: None - None - None - None - None - None - None - None
686 (754264 Gflops/s) - 700 (769658 Gflops/s) - 690 (758663 Gflops/s) - 686 (754264 Gflops/s) - 702 (771857 Gflops/s) - 702 (771857 Gflops/s) - 694 (763061 Gflops/s) - 689 (757563 Gflops/s) | Temperatures: 54°C - 56°C - 61°C - 58°C - 55°C - 54°C - 59°C - 59°C | Throttling: None - None - None - None - None - None - None - None
685 (753165 Gflops/s) - 699 (768558 Gflops/s) - 695 (764160 Gflops/s) - 687 (755364 Gflops/s) - 702 (771857 Gflops/s) - 689 (757563 Gflops/s) - 694 (763061 Gflops/s) - 688 (756463 Gflops/s) | Temperatures: 54°C - 56°C - 61°C - 58°C - 56°C - 55°C - 59°C - 60°C | Throttling: None - None - None - None - None - None - None - None
685 (753165 Gflops/s) - 699 (768558 Gflops/s) - 694 (763061 Gflops/s) - 685 (753165 Gflops/s) - 701 (770757 Gflops/s) - 694 (763061 Gflops/s) - 693 (761961 Gflops/s) - 688 (756463 Gflops/s) | Temperatures: 54°C - 56°C - 62°C - 59°C - 56°C - 55°C - 59°C - 60°C | Throttling: None - None - None - None - None - None - None - None
686 (754264 Gflops/s) - 698 (767459 Gflops/s) - 693 (761961 Gflops/s) - 686 (754264 Gflops/s) - 702 (771857 Gflops/s) - 694 (763061 Gflops/s) - 694 (763061 Gflops/s) - 689 (757563 Gflops/s) | Temperatures: 55°C - 57°C - 62°C - 59°C - 56°C - 55°C - 60°C - 61°C | Throttling: None - None - None - None - None - None - None - None
685 (753165 Gflops/s) - 699 (768558 Gflops/s) - 694 (763061 Gflops/s) - 685 (753165 Gflops/s) - 701 (770757 Gflops/s) - 694 (763061 Gflops/s) - 693 (761961 Gflops/s) - 688 (756463 Gflops/s) | Temperatures: 55°C - 57°C - 62°C - 60°C - 57°C - 55°C - 60°C - 61°C | Throttling: None - None - None - None - None - None - None - None
686 (754264 Gflops/s) - 699 (768558 Gflops/s) - 694 (763061 Gflops/s) - 685 (753165 Gflops/s) - 701 (770757 Gflops/s) - 695 (764160 Gflops/s) - 694 (763061 Gflops/s) - 688 (756463 Gflops/s) | Temperatures: 55°C - 57°C - 63°C - 60°C - 57°C - 56°C - 61°C - 61°C | Throttling: None - None - None - None - None - None - None - None
686 (754264 Gflops/s) - 697 (766359 Gflops/s) - 694 (763061 Gflops/s) - 683 (750966 Gflops/s) - 700 (769658 Gflops/s) - 693 (761961 Gflops/s) - 692 (760862 Gflops/s) - 688 (756463 Gflops/s) | Temperatures: 55°C - 57°C - 63°C - 60°C - 57°C - 56°C - 61°C - 62°C | Throttling: None - None - None - None - None - None - None - None
688 (756463 Gflops/s) - 698 (767459 Gflops/s) - 693 (761961 Gflops/s) - 684 (752065 Gflops/s) - 700 (769658 Gflops/s) - 693 (761961 Gflops/s) - 693 (761961 Gflops/s) - 687 (755364 Gflops/s) | Temperatures: 56°C - 58°C - 63°C - 61°C - 58°C - 56°C - 61°C - 62°C | Throttling: None - None - None - None - None - None - None - None
688 (756463 Gflops/s) - 698 (767459 Gflops/s) - 693 (761961 Gflops/s) - 684 (752065 Gflops/s) - 700 (769658 Gflops/s) - 693 (761961 Gflops/s) - 692 (760862 Gflops/s) - 690 (758663 Gflops/s) | Temperatures: 56°C - 58°C - 64°C - 61°C - 58°C - 56°C - 62°C - 62°C | Throttling: None - None - None - None - None - None - None - None
688 (756463 Gflops/s) - 697 (766359 Gflops/s) - 693 (761961 Gflops/s) - 683 (750966 Gflops/s) - 700 (769658 Gflops/s) - 693 (761961 Gflops/s) - 693 (761961 Gflops/s) - 683 (750966 Gflops/s) | Temperatures: 56°C - 58°C - 64°C - 61°C - 58°C - 56°C - 62°C - 63°C | Throttling: None - None - None - None - None - None - None - None
687 (755364 Gflops/s) - 695 (764160 Gflops/s) - 692 (760862 Gflops/s) - 682 (749866 Gflops/s) - 699 (768558 Gflops/s) - 692 (760862 Gflops/s) - 690 (758663 Gflops/s) - 685 (753165 Gflops/s) | Temperatures: 56°C - 58°C - 64°C - 62°C - 58°C - 57°C - 62°C - 63°C | Throttling: None - None - None - None - None - None - None - None
686 (754264 Gflops/s) - 697 (766359 Gflops/s) - 693 (761961 Gflops/s) - 683 (750966 Gflops/s) - 699 (768558 Gflops/s) - 693 (761961 Gflops/s) - 692 (760862 Gflops/s) - 686 (754264 Gflops/s) | Temperatures: 56°C - 58°C - 65°C - 62°C - 58°C - 57°C - 63°C - 63°C | Throttling: None - None - None - None - None - None - None - None
687 (755364 Gflops/s) - 696 (765260 Gflops/s) - 693 (761961 Gflops/s) - 683 (750966 Gflops/s) - 701 (770757 Gflops/s) - 692 (760862 Gflops/s) - 691 (759762 Gflops/s) - 683 (750966 Gflops/s) | Temperatures: 57°C - 59°C - 65°C - 62°C - 59°C - 57°C - 63°C - 63°C | Throttling: None - None - None - None - None - None - None - None
687 (755364 Gflops/s) - 695 (764160 Gflops/s) - 692 (760862 Gflops/s) - 683 (750966 Gflops/s) - 698 (767459 Gflops/s) - 693 (761961 Gflops/s) - 692 (760862 Gflops/s) - 684 (752065 Gflops/s) | Temperatures: 57°C - 59°C - 65°C - 63°C - 59°C - 57°C - 63°C - 64°C | Throttling: None - None - None - None - None - None - None - None
686 (754264 Gflops/s) - 694 (763061 Gflops/s) - 693 (761961 Gflops/s) - 682 (749866 Gflops/s) - 698 (767459 Gflops/s) - 692 (760862 Gflops/s) - 690 (758663 Gflops/s) - 683 (750966 Gflops/s) | Temperatures: 57°C - 59°C - 65°C - 63°C - 59°C - 57°C - 64°C - 64°C | Throttling: None - None - None - None - None - None - None - None
686 (754264 Gflops/s) - 706 (776255 Gflops/s) - 693 (761961 Gflops/s) - 682 (749866 Gflops/s) - 698 (767459 Gflops/s) - 693 (761961 Gflops/s) - 691 (759762 Gflops/s) - 685 (753165 Gflops/s) | Temperatures: 57°C - 59°C - 66°C - 63°C - 59°C - 57°C - 64°C - 64°C | Throttling: None - None - None - None - None - None - None - None
687 (755364 Gflops/s) - 686 (754264 Gflops/s) - 693 (761961 Gflops/s) - 683 (750966 Gflops/s) - 699 (768558 Gflops/s) - 693 (761961 Gflops/s) - 690 (758663 Gflops/s) - 685 (753165 Gflops/s) | Temperatures: 57°C - 59°C - 66°C - 63°C - 59°C - 58°C - 64°C - 65°C | Throttling: None - None - None - None - None - None - None - None
687 (755364 Gflops/s) - 694 (763061 Gflops/s) - 693 (761961 Gflops/s) - 682 (749866 Gflops/s) - 699 (768558 Gflops/s) - 692 (760862 Gflops/s) - 693 (761961 Gflops/s) - 684 (752065 Gflops/s) | Temperatures: 57°C - 59°C - 66°C - 64°C - 59°C - 58°C - 64°C - 65°C | Throttling: None - None - None - None - None - None - None - None
686 (754264 Gflops/s) - 694 (763061 Gflops/s) - 692 (760862 Gflops/s) - 681 (748767 Gflops/s) - 696 (765260 Gflops/s) - 692 (760862 Gflops/s) - 692 (760862 Gflops/s) - 700 (769658 Gflops/s) | Temperatures: 57°C - 59°C - 67°C - 64°C - 60°C - 58°C - 65°C - 65°C | Throttling: None - None - None - None - None - None - None - None
687 (755364 Gflops/s) - 695 (764160 Gflops/s) - 694 (763061 Gflops/s) - 683 (750966 Gflops/s) - 699 (768558 Gflops/s) - 694 (763061 Gflops/s) - 693 (761961 Gflops/s) - 667 (733374 Gflops/s) | Temperatures: 58°C - 60°C - 67°C - 64°C - 60°C - 58°C - 65°C - 65°C | Throttling: None - None - None - None - None - None - None - None
686 (754264 Gflops/s) - 694 (763061 Gflops/s) - 692 (760862 Gflops/s) - 682 (749866 Gflops/s) - 696 (765260 Gflops/s) - 692 (760862 Gflops/s) - 691 (759762 Gflops/s) - 683 (750966 Gflops/s) | Temperatures: 58°C - 60°C - 67°C - 64°C - 60°C - 58°C - 65°C - 66°C | Throttling: None - None - None - None - None - None - None - None
685 (753165 Gflops/s) - 693 (761961 Gflops/s) - 692 (760862 Gflops/s) - 682 (749866 Gflops/s) - 697 (766359 Gflops/s) - 693 (761961 Gflops/s) - 703 (772956 Gflops/s) - 684 (752065 Gflops/s) | Temperatures: 58°C - 60°C - 67°C - 65°C - 60°C - 58°C - 65°C - 66°C | Throttling: None - None - None - None - None - None - None - None
686 (754264 Gflops/s) - 693 (761961 Gflops/s) - 691 (759762 Gflops/s) - 682 (749866 Gflops/s) - 697 (766359 Gflops/s) - 692 (760862 Gflops/s) - 679 (746568 Gflops/s) - 682 (749866 Gflops/s) | Temperatures: 58°C - 60°C - 68°C - 65°C - 60°C - 58°C - 66°C - 66°C | Throttling: None - None - None - None - None - None - None - None
686 (754264 Gflops/s) - 694 (763061 Gflops/s) - 691 (759762 Gflops/s) - 681 (748767 Gflops/s) - 696 (765260 Gflops/s) - 692 (760862 Gflops/s) - 693 (761961 Gflops/s) - 683 (750966 Gflops/s) | Temperatures: 58°C - 60°C - 68°C - 65°C - 60°C - 59°C - 66°C - 66°C | Throttling: None - None - None - None - None - None - None - None
686 (754264 Gflops/s) - 693 (761961 Gflops/s) - 691 (759762 Gflops/s) - 682 (749866 Gflops/s) - 709 (779553 Gflops/s) - 693 (761961 Gflops/s) - 692 (760862 Gflops/s) - 684 (752065 Gflops/s) | Temperatures: 58°C - 60°C - 68°C - 65°C - 60°C - 59°C - 66°C - 67°C | Throttling: None - None - None - None - None - None - None - None
685 (753165 Gflops/s) - 693 (761961 Gflops/s) - 690 (758663 Gflops/s) - 682 (749866 Gflops/s) - 683 (750966 Gflops/s) - 693 (761961 Gflops/s) - 692 (760862 Gflops/s) - 685 (753165 Gflops/s) | Temperatures: 58°C - 60°C - 68°C - 66°C - 60°C - 59°C - 66°C - 67°C | Throttling: None - None - None - None - None - None - None - None
685 (753165 Gflops/s) - 693 (761961 Gflops/s) - 690 (758663 Gflops/s) - 679 (746568 Gflops/s) - 697 (766359 Gflops/s) - 692 (760862 Gflops/s) - 693 (761961 Gflops/s) - 685 (753165 Gflops/s) | Temperatures: 58°C - 61°C - 68°C - 66°C - 60°C - 59°C - 66°C - 67°C | Throttling: None - None - None - None - None - None - None - None
685 (753165 Gflops/s) - 692 (760862 Gflops/s) - 690 (758663 Gflops/s) - 680 (747667 Gflops/s) - 696 (765260 Gflops/s) - 693 (761961 Gflops/s) - 692 (760862 Gflops/s) - 684 (752065 Gflops/s) | Temperatures: 58°C - 61°C - 69°C - 66°C - 60°C - 59°C - 67°C - 67°C | Throttling: None - None - None - None - None - None - None - None
684 (752065 Gflops/s) - 692 (760862 Gflops/s) - 689 (757563 Gflops/s) - 679 (746568 Gflops/s) - 696 (765260 Gflops/s) - 692 (760862 Gflops/s) - 691 (759762 Gflops/s) - 683 (750966 Gflops/s) | Temperatures: 58°C - 61°C - 69°C - 66°C - 61°C - 59°C - 67°C - 67°C | Throttling: None - None - None - None - None - None - None - None
685 (753165 Gflops/s) - 692 (760862 Gflops/s) - 690 (758663 Gflops/s) - 679 (746568 Gflops/s) - 696 (765260 Gflops/s) - 692 (760862 Gflops/s) - 692 (760862 Gflops/s) - 685 (753165 Gflops/s) | Temperatures: 59°C - 61°C - 69°C - 66°C - 61°C - 59°C - 67°C - 68°C | Throttling: None - None - None - None - None - None - None - None
684 (752065 Gflops/s) - 692 (760862 Gflops/s) - 689 (757563 Gflops/s) - 680 (747667 Gflops/s) - 695 (764160 Gflops/s) - 693 (761961 Gflops/s) - 691 (759762 Gflops/s) - 684 (752065 Gflops/s) | Temperatures: 59°C - 61°C - 69°C - 67°C - 61°C - 59°C - 67°C - 68°C | Throttling: None - None - None - None - None - None - None - None
684 (752065 Gflops/s) - 691 (759762 Gflops/s) - 689 (757563 Gflops/s) - 680 (747667 Gflops/s) - 695 (764160 Gflops/s) - 692 (760862 Gflops/s) - 692 (760862 Gflops/s) - 684 (752065 Gflops/s) | Temperatures: 59°C - 61°C - 69°C - 67°C - 61°C - 59°C - 67°C - 68°C | Throttling: None - None - None - None - None - None - None - None
683 (750966 Gflops/s) - 692 (760862 Gflops/s) - 688 (756463 Gflops/s) - 680 (747667 Gflops/s) - 694 (763061 Gflops/s) - 691 (759762 Gflops/s) - 691 (759762 Gflops/s) - 684 (752065 Gflops/s) | Temperatures: 59°C - 61°C - 70°C - 67°C - 61°C - 59°C - 68°C - 68°C | Throttling: None - None - None - None - None - None - None - None
684 (752065 Gflops/s) - 691 (759762 Gflops/s) - 690 (758663 Gflops/s) - 680 (747667 Gflops/s) - 695 (764160 Gflops/s) - 696 (765260 Gflops/s) - 691 (759762 Gflops/s) - 683 (750966 Gflops/s) | Temperatures: 59°C - 61°C - 70°C - 67°C - 61°C - 59°C - 68°C - 68°C | Throttling: None - None - None - None - None - None - None - None
686 (754264 Gflops/s) - 693 (761961 Gflops/s) - 689 (757563 Gflops/s) - 680 (747667 Gflops/s) - 695 (764160 Gflops/s) - 688 (756463 Gflops/s) - 691 (759762 Gflops/s) - 684 (752065 Gflops/s) | Temperatures: 59°C - 61°C - 70°C - 67°C - 61°C - 60°C - 68°C - 69°C | Throttling: None - None - None - None - None - None - None - None
684 (752065 Gflops/s) - 692 (760862 Gflops/s) - 690 (758663 Gflops/s) - 679 (746568 Gflops/s) - 695 (764160 Gflops/s) - 692 (760862 Gflops/s) - 691 (759762 Gflops/s) - 684 (752065 Gflops/s) | Temperatures: 59°C - 61°C - 70°C - 67°C - 61°C - 60°C - 68°C - 69°C | Throttling: None - None - None - None - None - None - None - None
683 (750966 Gflops/s) - 691 (759762 Gflops/s) - 688 (756463 Gflops/s) - 694 (763061 Gflops/s) - 693 (761961 Gflops/s) - 691 (759762 Gflops/s) - 690 (758663 Gflops/s) - 682 (749866 Gflops/s) | Temperatures: 59°C - 61°C - 70°C - 68°C - 61°C - 60°C - 68°C - 69°C | Throttling: None - None - None - None - None - None - None - None
684 (752065 Gflops/s) - 700 (769658 Gflops/s) - 688 (756463 Gflops/s) - 664 (730075 Gflops/s) - 694 (763061 Gflops/s) - 692 (760862 Gflops/s) - 691 (759762 Gflops/s) - 684 (752065 Gflops/s) | Temperatures: 59°C - 61°C - 70°C - 68°C - 61°C - 60°C - 69°C - 69°C | Throttling: None - None - None - None - None - None - None - None
684 (752065 Gflops/s) - 682 (749866 Gflops/s) - 688 (756463 Gflops/s) - 678 (745468 Gflops/s) - 695 (764160 Gflops/s) - 692 (760862 Gflops/s) - 691 (759762 Gflops/s) - 682 (749866 Gflops/s) | Temperatures: 59°C - 61°C - 71°C - 68°C - 62°C - 60°C - 69°C - 69°C | Throttling: None - None - None - None - None - None - None - None
684 (752065 Gflops/s) - 693 (761961 Gflops/s) - 687 (755364 Gflops/s) - 678 (745468 Gflops/s) - 695 (764160 Gflops/s) - 692 (760862 Gflops/s) - 690 (758663 Gflops/s) - 684 (752065 Gflops/s) | Temperatures: 59°C - 62°C - 71°C - 68°C - 62°C - 60°C - 69°C - 70°C | Throttling: None - None - None - None - None - None - None - None
682 (749866 Gflops/s) - 689 (757563 Gflops/s) - 685 (753165 Gflops/s) - 676 (743269 Gflops/s) - 694 (763061 Gflops/s) - 691 (759762 Gflops/s) - 690 (758663 Gflops/s) - 681 (748767 Gflops/s) | Temperatures: 59°C - 61°C - 71°C - 68°C - 62°C - 60°C - 69°C - 69°C | Throttling: None - None - None - None - None - None - None - None
684 (752065 Gflops/s) - 691 (759762 Gflops/s) - 688 (756463 Gflops/s) - 677 (744369 Gflops/s) - 693 (761961 Gflops/s) - 691 (759762 Gflops/s) - 690 (758663 Gflops/s) - 683 (750966 Gflops/s) | Temperatures: 59°C - 62°C - 71°C - 68°C - 61°C - 60°C - 69°C - 70°C | Throttling: None - None - None - None - None - None - None - None
684 (752065 Gflops/s) - 692 (760862 Gflops/s) - 692 (760862 Gflops/s) - 677 (744369 Gflops/s) - 693 (761961 Gflops/s) - 691 (759762 Gflops/s) - 690 (758663 Gflops/s) - 682 (749866 Gflops/s) | Temperatures: 60°C - 62°C - 71°C - 68°C - 62°C - 60°C - 69°C - 70°C | Throttling: None - None - None - None - None - None - None - None
683 (750966 Gflops/s) - 691 (759762 Gflops/s) - 681 (748767 Gflops/s) - 676 (743269 Gflops/s) - 694 (763061 Gflops/s) - 692 (760862 Gflops/s) - 690 (758663 Gflops/s) - 683 (750966 Gflops/s) | Temperatures: 59°C - 62°C - 71°C - 68°C - 62°C - 60°C - 69°C - 70°C | Throttling: None - None - None - None - None - None - None - None
682 (749866 Gflops/s) - 690 (758663 Gflops/s) - 686 (754264 Gflops/s) - 674 (741070 Gflops/s) - 693 (761961 Gflops/s) - 708 (778454 Gflops/s) - 689 (757563 Gflops/s) - 680 (747667 Gflops/s) | Temperatures: 59°C - 62°C - 71°C - 69°C - 62°C - 60°C - 69°C - 70°C | Throttling: None - None - None - None - None - None - None - None
683 (750966 Gflops/s) - 692 (760862 Gflops/s) - 686 (754264 Gflops/s) - 674 (741070 Gflops/s) - 694 (763061 Gflops/s) - 674 (741070 Gflops/s) - 691 (759762 Gflops/s) - 681 (748767 Gflops/s) | Temperatures: 60°C - 62°C - 72°C - 69°C - 62°C - 60°C - 70°C - 70°C | Throttling: None - None - None - None - None - None - None - None
684 (752065 Gflops/s) - 690 (758663 Gflops/s) - 685 (753165 Gflops/s) - 674 (741070 Gflops/s) - 693 (761961 Gflops/s) - 691 (759762 Gflops/s) - 689 (757563 Gflops/s) - 681 (748767 Gflops/s) | Temperatures: 60°C - 62°C - 72°C - 69°C - 62°C - 60°C - 70°C - 70°C | Throttling: None - None - None - None - None - None - None - None
683 (750966 Gflops/s) - 691 (759762 Gflops/s) - 686 (754264 Gflops/s) - 673 (739971 Gflops/s) - 694 (763061 Gflops/s) - 692 (760862 Gflops/s) - 690 (758663 Gflops/s) - 681 (748767 Gflops/s) | Temperatures: 60°C - 62°C - 72°C - 69°C - 62°C - 60°C - 70°C - 71°C | Throttling: None - None - None - None - None - None - None - None
683 (750966 Gflops/s) - 690 (758663 Gflops/s) - 685 (753165 Gflops/s) - 672 (738871 Gflops/s) - 693 (761961 Gflops/s) - 690 (758663 Gflops/s) - 689 (757563 Gflops/s) - 680 (747667 Gflops/s) | Temperatures: 60°C - 62°C - 72°C - 69°C - 62°C - 60°C - 70°C - 71°C | Throttling: None - None - None - None - None - None - None - None
684 (752065 Gflops/s) - 692 (760862 Gflops/s) - 685 (753165 Gflops/s) - 675 (742170 Gflops/s) - 693 (761961 Gflops/s) - 691 (759762 Gflops/s) - 689 (757563 Gflops/s) - 680 (747667 Gflops/s) | Temperatures: 60°C - 62°C - 72°C - 69°C - 62°C - 60°C - 70°C - 71°C | Throttling: None - None - None - None - None - None - None - None
692 (760862 Gflops/s) - 690 (758663 Gflops/s) - 685 (753165 Gflops/s) - 672 (738871 Gflops/s) - 693 (761961 Gflops/s) - 692 (760862 Gflops/s) - 689 (757563 Gflops/s) - 680 (747667 Gflops/s) | Temperatures: 60°C - 62°C - 72°C - 69°C - 62°C - 60°C - 70°C - 71°C | Throttling: None - None - None - None - None - None - None - None
673 (739971 Gflops/s) - 691 (759762 Gflops/s) - 685 (753165 Gflops/s) - 673 (739971 Gflops/s) - 693 (761961 Gflops/s) - 691 (759762 Gflops/s) - 689 (757563 Gflops/s) - 680 (747667 Gflops/s) | Temperatures: 60°C - 62°C - 72°C - 69°C - 62°C - 60°C - 70°C - 71°C | Throttling: None - None - None - None - None - None - None - None
683 (750966 Gflops/s) - 691 (759762 Gflops/s) - 694 (763061 Gflops/s) - 672 (738871 Gflops/s) - 693 (761961 Gflops/s) - 691 (759762 Gflops/s) - 689 (757563 Gflops/s) - 679 (746568 Gflops/s) | Temperatures: 60°C - 62°C - 72°C - 70°C - 62°C - 60°C - 71°C - 71°C | Throttling: None - None - None - None - None - None - None - None
683 (750966 Gflops/s) - 690 (758663 Gflops/s) - 674 (741070 Gflops/s) - 672 (738871 Gflops/s) - 692 (760862 Gflops/s) - 690 (758663 Gflops/s) - 701 (770757 Gflops/s) - 678 (745468 Gflops/s) | Temperatures: 60°C - 62°C - 73°C - 70°C - 62°C - 60°C - 71°C - 71°C | Throttling: None - None - None - None - None - None - None - None
683 (750966 Gflops/s) - 690 (758663 Gflops/s) - 684 (752065 Gflops/s) - 672 (738871 Gflops/s) - 694 (763061 Gflops/s) - 691 (759762 Gflops/s) - 676 (743269 Gflops/s) - 679 (746568 Gflops/s) | Temperatures: 60°C - 62°C - 73°C - 70°C - 62°C - 60°C - 71°C - 71°C | Throttling: None - None - None - None - None - None - None - None
683 (750966 Gflops/s) - 692 (760862 Gflops/s) - 685 (753165 Gflops/s) - 673 (739971 Gflops/s) - 693 (761961 Gflops/s) - 691 (759762 Gflops/s) - 689 (757563 Gflops/s) - 678 (745468 Gflops/s) | Temperatures: 60°C - 62°C - 73°C - 70°C - 62°C - 61°C - 71°C - 71°C | Throttling: None - None - None - None - None - None - None - None
682 (749866 Gflops/s) - 689 (757563 Gflops/s) - 683 (750966 Gflops/s) - 672 (738871 Gflops/s) - 693 (761961 Gflops/s) - 692 (760862 Gflops/s) - 688 (756463 Gflops/s) - 682 (749866 Gflops/s) | Temperatures: 60°C - 62°C - 73°C - 70°C - 62°C - 61°C - 71°C - 72°C | Throttling: None - None - None - None - None - None - None - None
682 (749866 Gflops/s) - 689 (757563 Gflops/s) - 683 (750966 Gflops/s) - 672 (738871 Gflops/s) - 691 (759762 Gflops/s) - 690 (758663 Gflops/s) - 688 (756463 Gflops/s) - 673 (739971 Gflops/s) | Temperatures: 60°C - 62°C - 73°C - 70°C - 62°C - 60°C - 71°C - 72°C | Throttling: None - None - None - None - None - None - None - None
683 (750966 Gflops/s) - 689 (757563 Gflops/s) - 684 (752065 Gflops/s) - 673 (739971 Gflops/s) - 692 (760862 Gflops/s) - 691 (759762 Gflops/s) - 688 (756463 Gflops/s) - 678 (745468 Gflops/s) | Temperatures: 60°C - 62°C - 73°C - 70°C - 62°C - 61°C - 71°C - 72°C | Throttling: None - None - None - None - None - None - None - None
684 (752065 Gflops/s) - 690 (758663 Gflops/s) - 683 (750966 Gflops/s) - 672 (738871 Gflops/s) - 693 (761961 Gflops/s) - 691 (759762 Gflops/s) - 689 (757563 Gflops/s) - 679 (746568 Gflops/s) | Temperatures: 60°C - 63°C - 73°C - 70°C - 62°C - 61°C - 71°C - 72°C | Throttling: None - None - None - None - None - None - None - None
682 (749866 Gflops/s) - 688 (756463 Gflops/s) - 682 (749866 Gflops/s) - 672 (738871 Gflops/s) - 691 (759762 Gflops/s) - 691 (759762 Gflops/s) - 687 (755364 Gflops/s) - 676 (743269 Gflops/s) | Temperatures: 60°C - 63°C - 73°C - 70°C - 62°C - 61°C - 71°C - 72°C | Throttling: None - None - None - None - None - None - None - None
682 (749866 Gflops/s) - 689 (757563 Gflops/s) - 683 (750966 Gflops/s) - 671 (737772 Gflops/s) - 692 (760862 Gflops/s) - 690 (758663 Gflops/s) - 687 (755364 Gflops/s) - 677 (744369 Gflops/s) | Temperatures: 60°C - 63°C - 73°C - 70°C - 62°C - 61°C - 71°C - 72°C | Throttling: None - None - None - None - None - None - None - None
683 (750966 Gflops/s) - 691 (759762 Gflops/s) - 682 (749866 Gflops/s) - 671 (737772 Gflops/s) - 692 (760862 Gflops/s) - 690 (758663 Gflops/s) - 688 (756463 Gflops/s) - 677 (744369 Gflops/s) | Temperatures: 60°C - 63°C - 73°C - 71°C - 62°C - 61°C - 71°C - 72°C | Throttling: None - None - None - None - None - None - None - None
682 (749866 Gflops/s) - 690 (758663 Gflops/s) - 683 (750966 Gflops/s) - 672 (738871 Gflops/s) - 692 (760862 Gflops/s) - 691 (759762 Gflops/s) - 688 (756463 Gflops/s) - 677 (744369 Gflops/s) | Temperatures: 60°C - 63°C - 73°C - 71°C - 62°C - 61°C - 72°C - 72°C | Throttling: None - None - None - None - None - None - None - None
683 (750966 Gflops/s) - 689 (757563 Gflops/s) - 683 (750966 Gflops/s) - 672 (738871 Gflops/s) - 692 (760862 Gflops/s) - 691 (759762 Gflops/s) - 688 (756463 Gflops/s) - 676 (743269 Gflops/s) | Temperatures: 60°C - 62°C - 74°C - 71°C - 62°C - 61°C - 72°C - 72°C | Throttling: None - None - None - None - None - None - None - None
683 (750966 Gflops/s) - 690 (758663 Gflops/s) - 682 (749866 Gflops/s) - 672 (738871 Gflops/s) - 692 (760862 Gflops/s) - 691 (759762 Gflops/s) - 688 (756463 Gflops/s) - 683 (750966 Gflops/s) | Temperatures: 60°C - 62°C - 73°C - 71°C - 62°C - 61°C - 72°C - 72°C | Throttling: None - None - None - None - None - None - None - None
682 (749866 Gflops/s) - 691 (759762 Gflops/s) - 681 (748767 Gflops/s) - 671 (737772 Gflops/s) - 691 (759762 Gflops/s) - 690 (758663 Gflops/s) - 687 (755364 Gflops/s) - 669 (735573 Gflops/s) | Temperatures: 60°C - 63°C - 73°C - 71°C - 62°C - 61°C - 72°C - 72°C | Throttling: None - None - None - None - None - None - None - None
683 (750966 Gflops/s) - 691 (759762 Gflops/s) - 683 (750966 Gflops/s) - 672 (738871 Gflops/s) - 693 (761961 Gflops/s) - 692 (760862 Gflops/s) - 688 (756463 Gflops/s) - 678 (745468 Gflops/s) | Temperatures: 60°C - 62°C - 73°C - 71°C - 62°C - 61°C - 72°C - 72°C | Throttling: None - None - None - None - None - None - None - None
682 (749866 Gflops/s) - 690 (758663 Gflops/s) - 681 (748767 Gflops/s) - 671 (737772 Gflops/s) - 692 (760862 Gflops/s) - 690 (758663 Gflops/s) - 688 (756463 Gflops/s) - 675 (742170 Gflops/s) | Temperatures: 60°C - 62°C - 74°C - 71°C - 62°C - 61°C - 72°C - 72°C | Throttling: None - None - None - None - None - None - None - None
683 (750966 Gflops/s) - 705 (775155 Gflops/s) - 682 (749866 Gflops/s) - 671 (737772 Gflops/s) - 692 (760862 Gflops/s) - 691 (759762 Gflops/s) - 687 (755364 Gflops/s) - 676 (743269 Gflops/s) | Temperatures: 60°C - 62°C - 73°C - 71°C - 62°C - 60°C - 72°C - 72°C | Throttling: None - None - None - None - None - None - None - None
681 (748767 Gflops/s) - 677 (744369 Gflops/s) - 681 (748767 Gflops/s) - 671 (737772 Gflops/s) - 692 (760862 Gflops/s) - 690 (758663 Gflops/s) - 687 (755364 Gflops/s) - 676 (743269 Gflops/s) | Temperatures: 60°C - 62°C - 74°C - 71°C - 62°C - 60°C - 72°C - 72°C | Throttling: None - None - None - None - None - None - None - None
683 (750966 Gflops/s) - 690 (758663 Gflops/s) - 682 (749866 Gflops/s) - 671 (737772 Gflops/s) - 692 (760862 Gflops/s) - 691 (759762 Gflops/s) - 688 (756463 Gflops/s) - 677 (744369 Gflops/s) | Temperatures: 60°C - 62°C - 73°C - 71°C - 62°C - 60°C - 72°C - 72°C | Throttling: None - None - None - None - None - None - None - None
683 (750966 Gflops/s) - 690 (758663 Gflops/s) - 681 (748767 Gflops/s) - 671 (737772 Gflops/s) - 692 (760862 Gflops/s) - 691 (759762 Gflops/s) - 688 (756463 Gflops/s) - 676 (743269 Gflops/s) | Temperatures: 60°C - 62°C - 73°C - 71°C - 62°C - 60°C - 72°C - 72°C | Throttling: None - None - None - None - None - None - None - None
683 (750966 Gflops/s) - 690 (758663 Gflops/s) - 682 (749866 Gflops/s) - 672 (738871 Gflops/s) - 693 (761961 Gflops/s) - 691 (759762 Gflops/s) - 688 (756463 Gflops/s) - 676 (743269 Gflops/s) | Temperatures: 60°C - 62°C - 73°C - 71°C - 62°C - 60°C - 72°C - 72°C | Throttling: None - None - None - None - None - None - None - None
683 (750966 Gflops/s) - 690 (758663 Gflops/s) - 682 (749866 Gflops/s) - 671 (737772 Gflops/s) - 692 (760862 Gflops/s) - 691 (759762 Gflops/s) - 687 (755364 Gflops/s) - 693 (761961 Gflops/s) | Temperatures: 60°C - 62°C - 73°C - 71°C - 62°C - 60°C - 72°C - 72°C | Throttling: None - None - None - None - None - None - None - None
682 (749866 Gflops/s) - 690 (758663 Gflops/s) - 682 (749866 Gflops/s) - 671 (737772 Gflops/s) - 692 (760862 Gflops/s) - 691 (759762 Gflops/s) - 688 (756463 Gflops/s) - 659 (724578 Gflops/s) | Temperatures: 60°C - 62°C - 73°C - 71°C - 62°C - 60°C - 72°C - 72°C | Throttling: None - None - None - None - None - None - None - None
682 (749866 Gflops/s) - 690 (758663 Gflops/s) - 681 (748767 Gflops/s) - 670 (736672 Gflops/s) - 693 (761961 Gflops/s) - 698 (767459 Gflops/s) - 687 (755364 Gflops/s) - 675 (742170 Gflops/s) | Temperatures: 60°C - 62°C - 73°C - 71°C - 62°C - 60°C - 72°C - 72°C | Throttling: None - None - None - None - None - None - None - None
682 (749866 Gflops/s) - 690 (758663 Gflops/s) - 682 (749866 Gflops/s) - 672 (738871 Gflops/s) - 693 (761961 Gflops/s) - 683 (750966 Gflops/s) - 688 (756463 Gflops/s) - 677 (744369 Gflops/s) | Temperatures: 60°C - 62°C - 74°C - 71°C - 62°C - 60°C - 72°C - 72°C | Throttling: None - None - None - None - None - None - None - None
682 (749866 Gflops/s) - 690 (758663 Gflops/s) - 682 (749866 Gflops/s) - 670 (736672 Gflops/s) - 693 (761961 Gflops/s) - 690 (758663 Gflops/s) - 687 (755364 Gflops/s) - 675 (742170 Gflops/s) | Temperatures: 60°C - 62°C - 73°C - 71°C - 62°C - 60°C - 72°C - 72°C | Throttling: None - None - None - None - None - None - None - None
683 (750966 Gflops/s) - 691 (759762 Gflops/s) - 682 (749866 Gflops/s) - 671 (737772 Gflops/s) - 691 (759762 Gflops/s) - 691 (759762 Gflops/s) - 687 (755364 Gflops/s) - 677 (744369 Gflops/s) | Temperatures: 59°C - 62°C - 73°C - 71°C - 62°C - 60°C - 72°C - 72°C | Throttling: None - None - None - None - None - None - None - None
683 (750966 Gflops/s) - 691 (759762 Gflops/s) - 682 (749866 Gflops/s) - 671 (737772 Gflops/s) - 693 (761961 Gflops/s) - 692 (760862 Gflops/s) - 688 (756463 Gflops/s) - 676 (743269 Gflops/s) | Temperatures: 60°C - 62°C - 73°C - 71°C - 62°C - 60°C - 72°C - 72°C | Throttling: None - None - None - None - None - None - None - None
682 (749866 Gflops/s) - 689 (757563 Gflops/s) - 681 (748767 Gflops/s) - 671 (737772 Gflops/s) - 693 (761961 Gflops/s) - 691 (759762 Gflops/s) - 688 (756463 Gflops/s) - 676 (743269 Gflops/s) | Temperatures: 60°C - 62°C - 73°C - 71°C - 62°C - 60°C - 72°C - 72°C | Throttling: None - None - None - None - None - None - None - None
684 (752065 Gflops/s) - 690 (758663 Gflops/s) - 681 (748767 Gflops/s) - 670 (736672 Gflops/s) - 693 (761961 Gflops/s) - 691 (759762 Gflops/s) - 687 (755364 Gflops/s) - 677 (744369 Gflops/s) | Temperatures: 60°C - 62°C - 73°C - 71°C - 62°C - 60°C - 72°C - 72°C | Throttling: None - None - None - None - None - None - None - None
682 (749866 Gflops/s) - 690 (758663 Gflops/s) - 681 (748767 Gflops/s) - 672 (738871 Gflops/s) - 691 (759762 Gflops/s) - 691 (759762 Gflops/s) - 688 (756463 Gflops/s) - 677 (744369 Gflops/s) | Temperatures: 60°C - 62°C - 73°C - 71°C - 62°C - 60°C - 72°C - 72°C | Throttling: None - None - None - None - None - None - None - None
682 (749866 Gflops/s) - 691 (759762 Gflops/s) - 682 (749866 Gflops/s) - 670 (736672 Gflops/s) - 693 (761961 Gflops/s) - 690 (758663 Gflops/s) - 686 (754264 Gflops/s) - 675 (742170 Gflops/s) | Temperatures: 60°C - 62°C - 73°C - 70°C - 62°C - 60°C - 72°C - 72°C | Throttling: None - None - None - None - None - None - None - None
683 (750966 Gflops/s) - 690 (758663 Gflops/s) - 682 (749866 Gflops/s) - 671 (737772 Gflops/s) - 693 (761961 Gflops/s) - 691 (759762 Gflops/s) - 688 (756463 Gflops/s) - 677 (744369 Gflops/s) | Temperatures: 59°C - 62°C - 73°C - 71°C - 62°C - 60°C - 72°C - 72°C | Throttling: None - None - None - None - None - None - None - None
683 (750966 Gflops/s) - 692 (760862 Gflops/s) - 682 (749866 Gflops/s) - 671 (737772 Gflops/s) - 693 (761961 Gflops/s) - 691 (759762 Gflops/s) - 687 (755364 Gflops/s) - 676 (743269 Gflops/s) | Temperatures: 60°C - 62°C - 73°C - 70°C - 62°C - 60°C - 72°C - 72°C | Throttling: None - None - None - None - None - None - None - None
683 (750966 Gflops/s) - 690 (758663 Gflops/s) - 679 (746568 Gflops/s) - 678 (745468 Gflops/s) - 692 (760862 Gflops/s) - 690 (758663 Gflops/s) - 687 (755364 Gflops/s) - 675 (742170 Gflops/s) | Temperatures: 60°C - 62°C - 73°C - 71°C - 62°C - 60°C - 72°C - 72°C | Throttling: None - None - None - None - None - None - None - None
682 (749866 Gflops/s) - 691 (759762 Gflops/s) - 681 (748767 Gflops/s) - 663 (728976 Gflops/s) - 693 (761961 Gflops/s) - 692 (760862 Gflops/s) - 688 (756463 Gflops/s) - 677 (744369 Gflops/s) | Temperatures: 60°C - 62°C - 73°C - 71°C - 62°C - 60°C - 72°C - 72°C | Throttling: None - None - None - None - None - None - None - None
683 (750966 Gflops/s) - 691 (759762 Gflops/s) - 681 (748767 Gflops/s) - 671 (737772 Gflops/s) - 692 (760862 Gflops/s) - 691 (759762 Gflops/s) - 687 (755364 Gflops/s) - 677 (744369 Gflops/s) | Temperatures: 60°C - 62°C - 73°C - 71°C - 62°C - 60°C - 72°C - 72°C | Throttling: None - None - None - None - None - None - None - None
683 (750966 Gflops/s) - 691 (759762 Gflops/s) - 681 (748767 Gflops/s) - 671 (737772 Gflops/s) - 693 (761961 Gflops/s) - 690 (758663 Gflops/s) - 687 (755364 Gflops/s) - 676 (743269 Gflops/s) | Temperatures: 60°C - 62°C - 73°C - 71°C - 62°C - 60°C - 72°C - 72°C | Throttling: None - None - None - None - None - None - None - None
683 (750966 Gflops/s) - 690 (758663 Gflops/s) - 681 (748767 Gflops/s) - 671 (737772 Gflops/s) - 692 (760862 Gflops/s) - 691 (759762 Gflops/s) - 687 (755364 Gflops/s) - 676 (743269 Gflops/s) | Temperatures: 59°C - 62°C - 73°C - 70°C - 62°C - 60°C - 71°C - 72°C | Throttling: None - None - None - None - None - None - None - None
682 (749866 Gflops/s) - 691 (759762 Gflops/s) - 681 (748767 Gflops/s) - 670 (736672 Gflops/s) - 692 (760862 Gflops/s) - 691 (759762 Gflops/s) - 686 (754264 Gflops/s) - 676 (743269 Gflops/s) | Temperatures: 59°C - 62°C - 73°C - 71°C - 62°C - 60°C - 71°C - 72°C | Throttling: None - None - None - None - None - None - None - None
683 (750966 Gflops/s) - 690 (758663 Gflops/s) - 681 (748767 Gflops/s) - 671 (737772 Gflops/s) - 692 (760862 Gflops/s) - 691 (759762 Gflops/s) - 688 (756463 Gflops/s) - 677 (744369 Gflops/s) | Temperatures: 59°C - 62°C - 73°C - 71°C - 62°C - 60°C - 72°C - 72°C | Throttling: None - None - None - None - None - None - None - None
682 (749866 Gflops/s) - 690 (758663 Gflops/s) - 681 (748767 Gflops/s) - 670 (736672 Gflops/s) - 694 (763061 Gflops/s) - 691 (759762 Gflops/s) - 703 (772956 Gflops/s) - 676 (743269 Gflops/s) | Temperatures: 60°C - 62°C - 73°C - 71°C - 62°C - 60°C - 72°C - 72°C | Throttling: None - None - None - None - None - None - None - None
683 (750966 Gflops/s) - 692 (760862 Gflops/s) - 682 (749866 Gflops/s) - 671 (737772 Gflops/s) - 693 (761961 Gflops/s) - 691 (759762 Gflops/s) - 672 (738871 Gflops/s) - 677 (744369 Gflops/s) | Temperatures: 59°C - 62°C - 73°C - 70°C - 62°C - 60°C - 72°C - 72°C | Throttling: None - None - None - None - None - None - None - None
682 (749866 Gflops/s) - 690 (758663 Gflops/s) - 680 (747667 Gflops/s) - 671 (737772 Gflops/s) - 693 (761961 Gflops/s) - 690 (758663 Gflops/s) - 687 (755364 Gflops/s) - 675 (742170 Gflops/s) | Temperatures: 59°C - 62°C - 73°C - 71°C - 62°C - 60°C - 72°C - 72°C | Throttling: None - None - None - None - None - None - None - None
683 (750966 Gflops/s) - 691 (759762 Gflops/s) - 681 (748767 Gflops/s) - 670 (736672 Gflops/s) - 693 (761961 Gflops/s) - 691 (759762 Gflops/s) - 687 (755364 Gflops/s) - 677 (744369 Gflops/s) | Temperatures: 59°C - 62°C - 73°C - 71°C - 62°C - 60°C - 71°C - 72°C | Throttling: None - None - None - None - None - None - None - None
693 (761961 Gflops/s) - 691 (759762 Gflops/s) - 680 (747667 Gflops/s) - 671 (737772 Gflops/s) - 692 (760862 Gflops/s) - 692 (760862 Gflops/s) - 687 (755364 Gflops/s) - 677 (744369 Gflops/s) | Temperatures: 59°C - 62°C - 73°C - 70°C - 62°C - 60°C - 71°C - 72°C | Throttling: None - None - None - None - None - None - None - None
673 (739971 Gflops/s) - 692 (760862 Gflops/s) - 682 (749866 Gflops/s) - 672 (738871 Gflops/s) - 695 (764160 Gflops/s) - 691 (759762 Gflops/s) - 688 (756463 Gflops/s) - 677 (744369 Gflops/s) | Temperatures: 59°C - 62°C - 73°C - 70°C - 62°C - 60°C - 72°C - 72°C | Throttling: None - None - None - None - None - None - None - None
681 (748767 Gflops/s) - 689 (757563 Gflops/s) - 680 (747667 Gflops/s) - 669 (735573 Gflops/s) - 691 (759762 Gflops/s) - 690 (758663 Gflops/s) - 686 (754264 Gflops/s) - 675 (742170 Gflops/s) | Temperatures: 59°C - 62°C - 73°C - 70°C - 61°C - 60°C - 71°C - 72°C | Throttling: None - None - None - None - None - None - None - None
683 (750966 Gflops/s) - 690 (758663 Gflops/s) - 682 (749866 Gflops/s) - 671 (737772 Gflops/s) - 692 (760862 Gflops/s) - 690 (758663 Gflops/s) - 686 (754264 Gflops/s) - 676 (743269 Gflops/s) | Temperatures: 59°C - 62°C - 73°C - 71°C - 61°C - 60°C - 71°C - 72°C | Throttling: None - None - None - None - None - None - None - None
682 (749866 Gflops/s) - 690 (758663 Gflops/s) - 681 (748767 Gflops/s) - 670 (736672 Gflops/s) - 693 (761961 Gflops/s) - 692 (760862 Gflops/s) - 688 (756463 Gflops/s) - 677 (744369 Gflops/s) | Temperatures: 59°C - 62°C - 73°C - 70°C - 61°C - 60°C - 72°C - 72°C | Throttling: None - None - None - None - None - None - None - None
683 (750966 Gflops/s) - 690 (758663 Gflops/s) - 681 (748767 Gflops/s) - 671 (737772 Gflops/s) - 693 (761961 Gflops/s) - 690 (758663 Gflops/s) - 687 (755364 Gflops/s) - 676 (743269 Gflops/s) | Temperatures: 59°C - 62°C - 73°C - 71°C - 62°C - 60°C - 72°C - 72°C | Throttling: None - None - None - None - None - None - None - None
683 (750966 Gflops/s) - 692 (760862 Gflops/s) - 681 (748767 Gflops/s) - 671 (737772 Gflops/s) - 692 (760862 Gflops/s) - 691 (759762 Gflops/s) - 690 (758663 Gflops/s) - 676 (743269 Gflops/s) | Temperatures: 59°C - 62°C - 73°C - 70°C - 61°C - 60°C - 71°C - 72°C | Throttling: None - None - None - None - None - None - None - None
682 (749866 Gflops/s) - 690 (758663 Gflops/s) - 680 (747667 Gflops/s) - 670 (736672 Gflops/s) - 693 (761961 Gflops/s) - 691 (759762 Gflops/s) - 683 (750966 Gflops/s) - 676 (743269 Gflops/s) | Temperatures: 59°C - 62°C - 73°C - 70°C - 62°C - 60°C - 72°C - 72°C | Throttling: None - None - None - None - None - None - None - None
682 (749866 Gflops/s) - 691 (759762 Gflops/s) - 680 (747667 Gflops/s) - 671 (737772 Gflops/s) - 694 (763061 Gflops/s) - 691 (759762 Gflops/s) - 686 (754264 Gflops/s) - 676 (743269 Gflops/s) | Temperatures: 59°C - 62°C - 73°C - 70°C - 62°C - 60°C - 72°C - 72°C | Throttling: None - None - None - None - None - None - None - None
684 (752065 Gflops/s) - 692 (760862 Gflops/s) - 683 (750966 Gflops/s) - 671 (737772 Gflops/s) - 694 (763061 Gflops/s) - 691 (759762 Gflops/s) - 686 (754264 Gflops/s) - 678 (745468 Gflops/s) | Temperatures: 59°C - 62°C - 73°C - 70°C - 62°C - 60°C - 72°C - 72°C | Throttling: None - None - None - None - None - None - None - None
682 (749866 Gflops/s) - 689 (757563 Gflops/s) - 680 (747667 Gflops/s) - 669 (735573 Gflops/s) - 692 (760862 Gflops/s) - 691 (759762 Gflops/s) - 685 (753165 Gflops/s) - 676 (743269 Gflops/s) | Temperatures: 59°C - 61°C - 73°C - 71°C - 62°C - 60°C - 72°C - 72°C | Throttling: None - None - None - None - None - None - None - None
683 (750966 Gflops/s) - 689 (757563 Gflops/s) - 697 (766359 Gflops/s) - 671 (737772 Gflops/s) - 693 (761961 Gflops/s) - 691 (759762 Gflops/s) - 687 (755364 Gflops/s) - 676 (743269 Gflops/s) | Temperatures: 59°C - 62°C - 73°C - 70°C - 61°C - 60°C - 71°C - 72°C | Throttling: None - None - None - None - None - None - None - None
681 (748767 Gflops/s) - 691 (759762 Gflops/s) - 664 (730075 Gflops/s) - 670 (736672 Gflops/s) - 692 (760862 Gflops/s) - 690 (758663 Gflops/s) - 686 (754264 Gflops/s) - 676 (743269 Gflops/s) | Temperatures: 59°C - 62°C - 73°C - 71°C - 62°C - 60°C - 72°C - 72°C | Throttling: None - None - None - None - None - None - None - None
683 (750966 Gflops/s) - 690 (758663 Gflops/s) - 681 (748767 Gflops/s) - 670 (736672 Gflops/s) - 693 (761961 Gflops/s) - 691 (759762 Gflops/s) - 687 (755364 Gflops/s) - 677 (744369 Gflops/s) | Temperatures: 59°C - 62°C - 73°C - 71°C - 61°C - 60°C - 71°C - 72°C | Throttling: None - None - None - None - None - None - None - None
683 (750966 Gflops/s) - 691 (759762 Gflops/s) - 681 (748767 Gflops/s) - 678 (745468 Gflops/s) - 693 (761961 Gflops/s) - 691 (759762 Gflops/s) - 687 (755364 Gflops/s) - 676 (743269 Gflops/s) | Temperatures: 59°C - 62°C - 73°C - 70°C - 61°C - 60°C - 71°C - 72°C | Throttling: None - None - None - None - None - None - None - None
684 (752065 Gflops/s) - 690 (758663 Gflops/s) - 682 (749866 Gflops/s) - 663 (728976 Gflops/s) - 693 (761961 Gflops/s) - 691 (759762 Gflops/s) - 687 (755364 Gflops/s) - 677 (744369 Gflops/s) | Temperatures: 59°C - 62°C - 73°C - 70°C - 62°C - 60°C - 71°C - 72°C | Throttling: None - None - None - None - None - None - None - None
681 (748767 Gflops/s) - 690 (758663 Gflops/s) - 680 (747667 Gflops/s) - 670 (736672 Gflops/s) - 692 (760862 Gflops/s) - 691 (759762 Gflops/s) - 686 (754264 Gflops/s) - 677 (744369 Gflops/s) | Temperatures: 59°C - 62°C - 73°C - 70°C - 62°C - 60°C - 72°C - 72°C | Throttling: None - None - None - None - None - None - None - None
684 (752065 Gflops/s) - 690 (758663 Gflops/s) - 682 (749866 Gflops/s) - 671 (737772 Gflops/s) - 693 (761961 Gflops/s) - 691 (759762 Gflops/s) - 687 (755364 Gflops/s) - 677 (744369 Gflops/s) | Temperatures: 59°C - 62°C - 73°C - 71°C - 61°C - 60°C - 71°C - 72°C | Throttling: None - None - None - None - None - None - None - None
682 (749866 Gflops/s) - 691 (759762 Gflops/s) - 681 (748767 Gflops/s) - 670 (736672 Gflops/s) - 692 (760862 Gflops/s) - 691 (759762 Gflops/s) - 687 (755364 Gflops/s) - 676 (743269 Gflops/s) | Temperatures: 59°C - 62°C - 73°C - 71°C - 61°C - 60°C - 72°C - 72°C | Throttling: None - None - None - None - None - None - None - None
683 (750966 Gflops/s) - 690 (758663 Gflops/s) - 682 (749866 Gflops/s) - 670 (736672 Gflops/s) - 693 (761961 Gflops/s) - 691 (759762 Gflops/s) - 686 (754264 Gflops/s) - 676 (743269 Gflops/s) | Temperatures: 59°C - 62°C - 73°C - 70°C - 61°C - 60°C - 72°C - 72°C | Throttling: None - None - None - None - None - None - None - None
682 (749866 Gflops/s) - 691 (759762 Gflops/s) - 680 (747667 Gflops/s) - 671 (737772 Gflops/s) - 693 (761961 Gflops/s) - 691 (759762 Gflops/s) - 687 (755364 Gflops/s) - 676 (743269 Gflops/s) | Temperatures: 59°C - 62°C - 73°C - 71°C - 62°C - 60°C - 71°C - 72°C | Throttling: None - None - None - None - None - None - None - None
682 (749866 Gflops/s) - 689 (757563 Gflops/s) - 679 (746568 Gflops/s) - 669 (735573 Gflops/s) - 692 (760862 Gflops/s) - 690 (758663 Gflops/s) - 686 (754264 Gflops/s) - 675 (742170 Gflops/s) | Temperatures: 59°C - 62°C - 73°C - 71°C - 61°C - 60°C - 72°C - 72°C | Throttling: None - None - None - None - None - None - None - None
683 (750966 Gflops/s) - 690 (758663 Gflops/s) - 682 (749866 Gflops/s) - 671 (737772 Gflops/s) - 694 (763061 Gflops/s) - 692 (760862 Gflops/s) - 687 (755364 Gflops/s) - 677 (744369 Gflops/s) | Temperatures: 59°C - 62°C - 73°C - 71°C - 62°C - 60°C - 72°C - 72°C | Throttling: None - None - None - None - None - None - None - None
682 (749866 Gflops/s) - 691 (759762 Gflops/s) - 681 (748767 Gflops/s) - 671 (737772 Gflops/s) - 693 (761961 Gflops/s) - 691 (759762 Gflops/s) - 687 (755364 Gflops/s) - 676 (743269 Gflops/s) | Temperatures: 59°C - 61°C - 73°C - 71°C - 61°C - 60°C - 72°C - 72°C | Throttling: None - None - None - None - None - None - None - None
683 (750966 Gflops/s) - 690 (758663 Gflops/s) - 682 (749866 Gflops/s) - 670 (736672 Gflops/s) - 693 (761961 Gflops/s) - 690 (758663 Gflops/s) - 686 (754264 Gflops/s) - 676 (743269 Gflops/s) | Temperatures: 59°C - 62°C - 73°C - 71°C - 61°C - 60°C - 72°C - 72°C | Throttling: None - None - None - None - None - None - None - None
683 (750966 Gflops/s) - 691 (759762 Gflops/s) - 680 (747667 Gflops/s) - 670 (736672 Gflops/s) - 692 (760862 Gflops/s) - 691 (759762 Gflops/s) - 687 (755364 Gflops/s) - 677 (744369 Gflops/s) | Temperatures: 59°C - 62°C - 73°C - 71°C - 61°C - 60°C - 72°C - 72°C | Throttling: None - None - None - None - None - None - None - None
682 (749866 Gflops/s) - 691 (759762 Gflops/s) - 681 (748767 Gflops/s) - 670 (736672 Gflops/s) - 692 (760862 Gflops/s) - 691 (759762 Gflops/s) - 686 (754264 Gflops/s) - 675 (742170 Gflops/s) | Temperatures: 59°C - 61°C - 73°C - 70°C - 61°C - 60°C - 72°C - 72°C | Throttling: None - None - None - None - None - None - None - None
682 (749866 Gflops/s) - 690 (758663 Gflops/s) - 680 (747667 Gflops/s) - 670 (736672 Gflops/s) - 693 (761961 Gflops/s) - 691 (759762 Gflops/s) - 687 (755364 Gflops/s) - 676 (743269 Gflops/s) | Temperatures: 59°C - 62°C - 73°C - 70°C - 61°C - 60°C - 72°C - 72°C | Throttling: None - None - None - None - None - None - None - None
682 (749866 Gflops/s) - 691 (759762 Gflops/s) - 682 (749866 Gflops/s) - 670 (736672 Gflops/s) - 693 (761961 Gflops/s) - 691 (759762 Gflops/s) - 687 (755364 Gflops/s) - 676 (743269 Gflops/s) | Temperatures: 59°C - 61°C - 73°C - 70°C - 61°C - 60°C - 72°C - 72°C | Throttling: None - None - None - None - None - None - None - None
683 (750966 Gflops/s) - 691 (759762 Gflops/s) - 680 (747667 Gflops/s) - 670 (736672 Gflops/s) - 692 (760862 Gflops/s) - 691 (759762 Gflops/s) - 686 (754264 Gflops/s) - 677 (744369 Gflops/s) | Temperatures: 59°C - 62°C - 73°C - 71°C - 61°C - 60°C - 72°C - 72°C | Throttling: None - None - None - None - None - None - None - None
682 (749866 Gflops/s) - 690 (758663 Gflops/s) - 679 (746568 Gflops/s) - 671 (737772 Gflops/s) - 695 (764160 Gflops/s) - 690 (758663 Gflops/s) - 687 (755364 Gflops/s) - 677 (744369 Gflops/s) | Temperatures: 59°C - 62°C - 73°C - 71°C - 62°C - 60°C - 72°C - 72°C | Throttling: None - None - None - None - None - None - None - None
683 (750966 Gflops/s) - 690 (758663 Gflops/s) - 680 (747667 Gflops/s) - 670 (736672 Gflops/s) - 692 (760862 Gflops/s) - 691 (759762 Gflops/s) - 686 (754264 Gflops/s) - 675 (742170 Gflops/s) | Temperatures: 59°C - 61°C - 73°C - 71°C - 61°C - 60°C - 72°C - 72°C | Throttling: None - None - None - None - None - None - None - None
683 (750966 Gflops/s) - 691 (759762 Gflops/s) - 681 (748767 Gflops/s) - 670 (736672 Gflops/s) - 693 (761961 Gflops/s) - 691 (759762 Gflops/s) - 686 (754264 Gflops/s) - 676 (743269 Gflops/s) | Temperatures: 59°C - 61°C - 73°C - 71°C - 62°C - 60°C - 72°C - 72°C | Throttling: None - None - None - None - None - None - None - None
684 (752065 Gflops/s) - 691 (759762 Gflops/s) - 682 (749866 Gflops/s) - 671 (737772 Gflops/s) - 693 (761961 Gflops/s) - 691 (759762 Gflops/s) - 683 (750966 Gflops/s) - 677 (744369 Gflops/s) | Temperatures: 59°C - 62°C - 73°C - 71°C - 61°C - 60°C - 71°C - 72°C | Throttling: None - None - None - None - None - None - None - None
682 (749866 Gflops/s) - 690 (758663 Gflops/s) - 680 (747667 Gflops/s) - 669 (735573 Gflops/s) - 693 (761961 Gflops/s) - 691 (759762 Gflops/s) - 685 (753165 Gflops/s) - 675 (742170 Gflops/s) | Temperatures: 59°C - 61°C - 73°C - 71°C - 62°C - 60°C - 72°C - 72°C | Throttling: None - None - None - None - None - None - None - None
682 (749866 Gflops/s) - 689 (757563 Gflops/s) - 681 (748767 Gflops/s) - 669 (735573 Gflops/s) - 692 (760862 Gflops/s) - 690 (758663 Gflops/s) - 685 (753165 Gflops/s) - 675 (742170 Gflops/s) | Temperatures: 59°C - 62°C - 73°C - 71°C - 61°C - 60°C - 72°C - 72°C | Throttling: None - None - None - None - None - None - None - None
682 (749866 Gflops/s) - 691 (759762 Gflops/s) - 681 (748767 Gflops/s) - 671 (737772 Gflops/s) - 692 (760862 Gflops/s) - 691 (759762 Gflops/s) - 687 (755364 Gflops/s) - 677 (744369 Gflops/s) | Temperatures: 59°C - 62°C - 73°C - 71°C - 61°C - 60°C - 72°C - 72°C | Throttling: None - None - None - None - None - None - None - None
683 (750966 Gflops/s) - 690 (758663 Gflops/s) - 680 (747667 Gflops/s) - 670 (736672 Gflops/s) - 693 (761961 Gflops/s) - 691 (759762 Gflops/s) - 687 (755364 Gflops/s) - 676 (743269 Gflops/s) | Temperatures: 59°C - 62°C - 73°C - 71°C - 61°C - 60°C - 72°C - 72°C | Throttling: None - None - None - None - None - None - None - None
683 (750966 Gflops/s) - 690 (758663 Gflops/s) - 680 (747667 Gflops/s) - 670 (736672 Gflops/s) - 693 (761961 Gflops/s) - 691 (759762 Gflops/s) - 687 (755364 Gflops/s) - 677 (744369 Gflops/s) | Temperatures: 59°C - 62°C - 73°C - 71°C - 61°C - 60°C - 72°C - 72°C | Throttling: None - None - None - None - None - None - None - None
682 (749866 Gflops/s) - 691 (759762 Gflops/s) - 686 (754264 Gflops/s) - 669 (735573 Gflops/s) - 692 (760862 Gflops/s) - 690 (758663 Gflops/s) - 686 (754264 Gflops/s) - 675 (742170 Gflops/s) | Temperatures: 59°C - 61°C - 73°C - 71°C - 61°C - 60°C - 72°C - 72°C | Throttling: None - None - None - None - None - None - None - None
683 (750966 Gflops/s) - 690 (758663 Gflops/s) - 673 (739971 Gflops/s) - 670 (736672 Gflops/s) - 693 (761961 Gflops/s) - 691 (759762 Gflops/s) - 686 (754264 Gflops/s) - 676 (743269 Gflops/s) | Temperatures: 59°C - 62°C - 73°C - 71°C - 61°C - 60°C - 72°C - 72°C | Throttling: None - None - None - None - None - None - None - None
683 (750966 Gflops/s) - 690 (758663 Gflops/s) - 681 (748767 Gflops/s) - 671 (737772 Gflops/s) - 694 (763061 Gflops/s) - 692 (760862 Gflops/s) - 688 (756463 Gflops/s) - 678 (745468 Gflops/s) | Temperatures: 59°C - 61°C - 73°C - 71°C - 61°C - 60°C - 72°C - 72°C | Throttling: None - None - None - None - None - None - None - None
682 (749866 Gflops/s) - 689 (757563 Gflops/s) - 679 (746568 Gflops/s) - 669 (735573 Gflops/s) - 693 (761961 Gflops/s) - 690 (758663 Gflops/s) - 686 (754264 Gflops/s) - 676 (743269 Gflops/s) | Temperatures: 59°C - 61°C - 73°C - 70°C - 61°C - 60°C - 72°C - 72°C | Throttling: None - None - None - None - None - None - None - None
683 (750966 Gflops/s) - 690 (758663 Gflops/s) - 679 (746568 Gflops/s) - 670 (736672 Gflops/s) - 692 (760862 Gflops/s) - 691 (759762 Gflops/s) - 687 (755364 Gflops/s) - 676 (743269 Gflops/s) | Temperatures: 59°C - 61°C - 73°C - 71°C - 61°C - 60°C - 72°C - 72°C | Throttling: None - None - None - None - None - None - None - None
682 (749866 Gflops/s) - 691 (759762 Gflops/s) - 681 (748767 Gflops/s) - 670 (736672 Gflops/s) - 693 (761961 Gflops/s) - 690 (758663 Gflops/s) - 686 (754264 Gflops/s) - 676 (743269 Gflops/s) | Temperatures: 59°C - 61°C - 73°C - 71°C - 61°C - 60°C - 72°C - 72°C | Throttling: None - None - None - None - None - None - None - None
682 (749866 Gflops/s) - 690 (758663 Gflops/s) - 680 (747667 Gflops/s) - 670 (736672 Gflops/s) - 692 (760862 Gflops/s) - 690 (758663 Gflops/s) - 687 (755364 Gflops/s) - 676 (743269 Gflops/s) | Temperatures: 60°C - 61°C - 73°C - 71°C - 61°C - 60°C - 72°C - 72°C | Throttling: None - None - None - None - None - None - None - None
683 (750966 Gflops/s) - 690 (758663 Gflops/s) - 681 (748767 Gflops/s) - 670 (736672 Gflops/s) - 692 (760862 Gflops/s) - 691 (759762 Gflops/s) - 686 (754264 Gflops/s) - 676 (743269 Gflops/s) | Temperatures: 59°C - 61°C - 73°C - 71°C - 61°C - 60°C - 72°C - 72°C | Throttling: None - None - None - None - None - None - None - None
683 (750966 Gflops/s) - 690 (758663 Gflops/s) - 679 (746568 Gflops/s) - 670 (736672 Gflops/s) - 693 (761961 Gflops/s) - 691 (759762 Gflops/s) - 687 (755364 Gflops/s) - 687 (755364 Gflops/s) | Temperatures: 59°C - 62°C - 73°C - 71°C - 61°C - 60°C - 72°C - 72°C | Throttling: None - None - None - None - None - None - None - None
696 (765260 Gflops/s) - 689 (757563 Gflops/s) - 680 (747667 Gflops/s) - 669 (735573 Gflops/s) - 693 (761961 Gflops/s) - 690 (758663 Gflops/s) - 686 (754264 Gflops/s) - 664 (730075 Gflops/s) | Temperatures: 59°C - 61°C - 73°C - 70°C - 61°C - 60°C - 72°C - 72°C | Throttling: None - None - None - None - None - None - None - None
669 (735573 Gflops/s) - 692 (760862 Gflops/s) - 682 (749866 Gflops/s) - 671 (737772 Gflops/s) - 694 (763061 Gflops/s) - 692 (760862 Gflops/s) - 688 (756463 Gflops/s) - 678 (745468 Gflops/s) | Temperatures: 59°C - 62°C - 73°C - 71°C - 61°C - 60°C - 72°C - 72°C | Throttling: None - None - None - None - None - None - None - None
682 (749866 Gflops/s) - 689 (757563 Gflops/s) - 680 (747667 Gflops/s) - 669 (735573 Gflops/s) - 692 (760862 Gflops/s) - 690 (758663 Gflops/s) - 685 (753165 Gflops/s) - 675 (742170 Gflops/s) | Temperatures: 59°C - 61°C - 73°C - 71°C - 61°C - 60°C - 72°C - 72°C | Throttling: None - None - None - None - None - None - None - None
682 (749866 Gflops/s) - 690 (758663 Gflops/s) - 681 (748767 Gflops/s) - 671 (737772 Gflops/s) - 692 (760862 Gflops/s) - 690 (758663 Gflops/s) - 687 (755364 Gflops/s) - 676 (743269 Gflops/s) | Temperatures: 59°C - 61°C - 73°C - 71°C - 61°C - 60°C - 72°C - 72°C | Throttling: None - None - None - None - None - None - None - None
683 (750966 Gflops/s) - 690 (758663 Gflops/s) - 680 (747667 Gflops/s) - 669 (735573 Gflops/s) - 692 (760862 Gflops/s) - 690 (758663 Gflops/s) - 687 (755364 Gflops/s) - 675 (742170 Gflops/s) | Temperatures: 59°C - 61°C - 73°C - 71°C - 61°C - 60°C - 72°C - 72°C | Throttling: None - None - None - None - None - None - None - None
682 (749866 Gflops/s) - 691 (759762 Gflops/s) - 681 (748767 Gflops/s) - 670 (736672 Gflops/s) - 693 (761961 Gflops/s) - 704 (774056 Gflops/s) - 686 (754264 Gflops/s) - 677 (744369 Gflops/s) | Temperatures: 59°C - 62°C - 73°C - 71°C - 61°C - 60°C - 72°C - 72°C | Throttling: None - None - None - None - None - None - None - None
683 (750966 Gflops/s) - 688 (756463 Gflops/s) - 680 (747667 Gflops/s) - 670 (736672 Gflops/s) - 692 (760862 Gflops/s) - 678 (745468 Gflops/s) - 687 (755364 Gflops/s) - 675 (742170 Gflops/s) | Temperatures: 59°C - 61°C - 73°C - 71°C - 61°C - 60°C - 72°C - 72°C | Throttling: None - None - None - None - None - None - None - None
683 (750966 Gflops/s) - 691 (759762 Gflops/s) - 679 (746568 Gflops/s) - 670 (736672 Gflops/s) - 693 (761961 Gflops/s) - 691 (759762 Gflops/s) - 687 (755364 Gflops/s) - 677 (744369 Gflops/s) | Temperatures: 59°C - 62°C - 73°C - 71°C - 61°C - 60°C - 72°C - 72°C | Throttling: None - None - None - None - None - None - None - None
682 (749866 Gflops/s) - 700 (769658 Gflops/s) - 679 (746568 Gflops/s) - 669 (735573 Gflops/s) - 693 (761961 Gflops/s) - 690 (758663 Gflops/s) - 686 (754264 Gflops/s) - 675 (742170 Gflops/s) | Temperatures: 59°C - 61°C - 73°C - 71°C - 61°C - 60°C - 72°C - 72°C | Throttling: None - None - None - None - None - None - None - None
683 (750966 Gflops/s) - 680 (747667 Gflops/s) - 680 (747667 Gflops/s) - 671 (737772 Gflops/s) - 694 (763061 Gflops/s) - 692 (760862 Gflops/s) - 687 (755364 Gflops/s) - 677 (744369 Gflops/s) | Temperatures: 59°C - 61°C - 73°C - 71°C - 61°C - 60°C - 72°C - 72°C | Throttling: None - None - None - None - None - None - None - None
682 (749866 Gflops/s) - 690 (758663 Gflops/s) - 680 (747667 Gflops/s) - 669 (735573 Gflops/s) - 693 (761961 Gflops/s) - 690 (758663 Gflops/s) - 686 (754264 Gflops/s) - 675 (742170 Gflops/s) | Temperatures: 59°C - 61°C - 73°C - 71°C - 61°C - 60°C - 72°C - 72°C | Throttling: None - None - None - None - None - None - None - None
682 (749866 Gflops/s) - 691 (759762 Gflops/s) - 681 (748767 Gflops/s) - 670 (736672 Gflops/s) - 692 (760862 Gflops/s) - 691 (759762 Gflops/s) - 687 (755364 Gflops/s) - 676 (743269 Gflops/s) | Temperatures: 59°C - 61°C - 73°C - 71°C - 61°C - 60°C - 72°C - 72°C | Throttling: None - None - None - None - None - None - None - None
683 (750966 Gflops/s) - 691 (759762 Gflops/s) - 681 (748767 Gflops/s) - 670 (736672 Gflops/s) - 693 (761961 Gflops/s) - 691 (759762 Gflops/s) - 687 (755364 Gflops/s) - 676 (743269 Gflops/s) | Temperatures: 59°C - 61°C - 73°C - 71°C - 61°C - 60°C - 72°C - 72°C | Throttling: None - None - None - None - None - None - None - None
683 (750966 Gflops/s) - 691 (759762 Gflops/s) - 679 (746568 Gflops/s) - 669 (735573 Gflops/s) - 692 (760862 Gflops/s) - 690 (758663 Gflops/s) - 685 (753165 Gflops/s) - 675 (742170 Gflops/s) | Temperatures: 60°C - 61°C - 73°C - 71°C - 61°C - 60°C - 72°C - 72°C | Throttling: None - None - None - None - None - None - None - None
683 (750966 Gflops/s) - 690 (758663 Gflops/s) - 681 (748767 Gflops/s) - 670 (736672 Gflops/s) - 693 (761961 Gflops/s) - 691 (759762 Gflops/s) - 686 (754264 Gflops/s) - 676 (743269 Gflops/s) | Temperatures: 59°C - 61°C - 73°C - 71°C - 61°C - 60°C - 72°C - 72°C | Throttling: None - None - None - None - None - None - None - None
683 (750966 Gflops/s) - 691 (759762 Gflops/s) - 679 (746568 Gflops/s) - 670 (736672 Gflops/s) - 692 (760862 Gflops/s) - 691 (759762 Gflops/s) - 681 (748767 Gflops/s) - 676 (743269 Gflops/s) | Temperatures: 59°C - 62°C - 73°C - 71°C - 61°C - 60°C - 72°C - 72°C | Throttling: None - None - None - None - None - None - None - None
681 (748767 Gflops/s) - 690 (758663 Gflops/s) - 680 (747667 Gflops/s) - 669 (735573 Gflops/s) - 693 (761961 Gflops/s) - 690 (758663 Gflops/s) - 684 (752065 Gflops/s) - 676 (743269 Gflops/s) | Temperatures: 59°C - 62°C - 73°C - 71°C - 61°C - 60°C - 72°C - 72°C | Throttling: None - None - None - None - None - None - None - None
684 (752065 Gflops/s) - 691 (759762 Gflops/s) - 681 (748767 Gflops/s) - 671 (737772 Gflops/s) - 694 (763061 Gflops/s) - 691 (759762 Gflops/s) - 686 (754264 Gflops/s) - 676 (743269 Gflops/s) | Temperatures: 60°C - 61°C - 73°C - 71°C - 61°C - 60°C - 72°C - 72°C | Throttling: None - None - None - None - None - None - None - None
682 (749866 Gflops/s) - 690 (758663 Gflops/s) - 680 (747667 Gflops/s) - 669 (735573 Gflops/s) - 692 (760862 Gflops/s) - 691 (759762 Gflops/s) - 685 (753165 Gflops/s) - 676 (743269 Gflops/s) | Temperatures: 59°C - 61°C - 73°C - 71°C - 61°C - 60°C - 72°C - 72°C | Throttling: None - None - None - None - None - None - None - None
682 (749866 Gflops/s) - 690 (758663 Gflops/s) - 693 (761961 Gflops/s) - 670 (736672 Gflops/s) - 694 (763061 Gflops/s) - 690 (758663 Gflops/s) - 685 (753165 Gflops/s) - 676 (743269 Gflops/s) | Temperatures: 60°C - 61°C - 73°C - 71°C - 61°C - 60°C - 72°C - 72°C | Throttling: None - None - None - None - None - None - None - None
683 (750966 Gflops/s) - 690 (758663 Gflops/s) - 666 (732274 Gflops/s) - 669 (735573 Gflops/s) - 691 (759762 Gflops/s) - 690 (758663 Gflops/s) - 686 (754264 Gflops/s) - 675 (742170 Gflops/s) | Temperatures: 60°C - 61°C - 73°C - 71°C - 61°C - 60°C - 72°C - 72°C | Throttling: None - None - None - None - None - None - None - None
682 (749866 Gflops/s) - 691 (759762 Gflops/s) - 680 (747667 Gflops/s) - 670 (736672 Gflops/s) - 694 (763061 Gflops/s) - 691 (759762 Gflops/s) - 687 (755364 Gflops/s) - 676 (743269 Gflops/s) | Temperatures: 59°C - 62°C - 73°C - 71°C - 61°C - 60°C - 72°C - 72°C | Throttling: None - None - None - None - None - None - None - None
683 (750966 Gflops/s) - 690 (758663 Gflops/s) - 680 (747667 Gflops/s) - 670 (736672 Gflops/s) - 693 (761961 Gflops/s) - 691 (759762 Gflops/s) - 686 (754264 Gflops/s) - 677 (744369 Gflops/s) | Temperatures: 60°C - 61°C - 73°C - 71°C - 61°C - 60°C - 72°C - 72°C | Throttling: None - None - None - None - None - None - None - None
682 (749866 Gflops/s) - 692 (760862 Gflops/s) - 681 (748767 Gflops/s) - 669 (735573 Gflops/s) - 692 (760862 Gflops/s) - 691 (759762 Gflops/s) - 686 (754264 Gflops/s) - 676 (743269 Gflops/s) | Temperatures: 59°C - 62°C - 73°C - 71°C - 61°C - 60°C - 72°C - 72°C | Throttling: None - None - None - None - None - None - None - None
683 (750966 Gflops/s) - 689 (757563 Gflops/s) - 680 (747667 Gflops/s) - 682 (749866 Gflops/s) - 694 (763061 Gflops/s) - 690 (758663 Gflops/s) - 687 (755364 Gflops/s) - 675 (742170 Gflops/s) | Temperatures: 60°C - 61°C - 73°C - 71°C - 61°C - 60°C - 72°C - 72°C | Throttling: None - None - None - None - None - None - None - None
683 (750966 Gflops/s) - 692 (760862 Gflops/s) - 680 (747667 Gflops/s) - 657 (722379 Gflops/s) - 692 (760862 Gflops/s) - 691 (759762 Gflops/s) - 686 (754264 Gflops/s) - 676 (743269 Gflops/s) | Temperatures: 60°C - 62°C - 73°C - 71°C - 61°C - 60°C - 72°C - 72°C | Throttling: None - None - None - None - None - None - None - None
682 (749866 Gflops/s) - 688 (756463 Gflops/s) - 679 (746568 Gflops/s) - 669 (735573 Gflops/s) - 692 (760862 Gflops/s) - 690 (758663 Gflops/s) - 686 (754264 Gflops/s) - 676 (743269 Gflops/s) | Temperatures: 59°C - 61°C - 73°C - 71°C - 61°C - 60°C - 72°C - 72°C | Throttling: None - None - None - None - None - None - None - None
683 (750966 Gflops/s) - 690 (758663 Gflops/s) - 680 (747667 Gflops/s) - 670 (736672 Gflops/s) - 693 (761961 Gflops/s) - 691 (759762 Gflops/s) - 686 (754264 Gflops/s) - 676 (743269 Gflops/s) | Temperatures: 60°C - 61°C - 73°C - 71°C - 61°C - 60°C - 72°C - 72°C | Throttling: None - None - None - None - None - None - None - None
682 (749866 Gflops/s) - 691 (759762 Gflops/s) - 680 (747667 Gflops/s) - 669 (735573 Gflops/s) - 693 (761961 Gflops/s) - 691 (759762 Gflops/s) - 687 (755364 Gflops/s) - 676 (743269 Gflops/s) | Temperatures: 59°C - 62°C - 73°C - 71°C - 61°C - 60°C - 72°C - 72°C | Throttling: None - None - None - None - None - None - None - None
683 (750966 Gflops/s) - 690 (758663 Gflops/s) - 681 (748767 Gflops/s) - 670 (736672 Gflops/s) - 693 (761961 Gflops/s) - 691 (759762 Gflops/s) - 687 (755364 Gflops/s) - 676 (743269 Gflops/s) | Temperatures: 60°C - 61°C - 74°C - 71°C - 61°C - 60°C - 72°C - 72°C | Throttling: None - None - None - None - None - None - None - None
683 (750966 Gflops/s) - 689 (757563 Gflops/s) - 679 (746568 Gflops/s) - 669 (735573 Gflops/s) - 693 (761961 Gflops/s) - 690 (758663 Gflops/s) - 685 (753165 Gflops/s) - 676 (743269 Gflops/s) | Temperatures: 59°C - 62°C - 73°C - 71°C - 61°C - 60°C - 72°C - 72°C | Throttling: None - None - None - None - None - None - None - None
682 (749866 Gflops/s) - 690 (758663 Gflops/s) - 680 (747667 Gflops/s) - 669 (735573 Gflops/s) - 693 (761961 Gflops/s) - 690 (758663 Gflops/s) - 687 (755364 Gflops/s) - 676 (743269 Gflops/s) | Temperatures: 60°C - 61°C - 73°C - 71°C - 61°C - 60°C - 72°C - 72°C | Throttling: None - None - None - None - None - None - None - None
682 (749866 Gflops/s) - 691 (759762 Gflops/s) - 681 (748767 Gflops/s) - 669 (735573 Gflops/s) - 692 (760862 Gflops/s) - 691 (759762 Gflops/s) - 686 (754264 Gflops/s) - 677 (744369 Gflops/s) | Temperatures: 59°C - 61°C - 74°C - 71°C - 61°C - 60°C - 72°C - 72°C | Throttling: None - None - None - None - None - None - None - None
683 (750966 Gflops/s) - 689 (757563 Gflops/s) - 679 (746568 Gflops/s) - 670 (736672 Gflops/s) - 692 (760862 Gflops/s) - 691 (759762 Gflops/s) - 687 (755364 Gflops/s) - 676 (743269 Gflops/s) | Temperatures: 59°C - 61°C - 73°C - 71°C - 61°C - 60°C - 72°C - 72°C | Throttling: None - None - None - None - None - None - None - None
682 (749866 Gflops/s) - 690 (758663 Gflops/s) - 680 (747667 Gflops/s) - 669 (735573 Gflops/s) - 692 (760862 Gflops/s) - 690 (758663 Gflops/s) - 686 (754264 Gflops/s) - 676 (743269 Gflops/s) | Temperatures: 59°C - 61°C - 73°C - 71°C - 61°C - 60°C - 72°C - 72°C | Throttling: None - None - None - None - None - None - None - None
683 (750966 Gflops/s) - 690 (758663 Gflops/s) - 680 (747667 Gflops/s) - 670 (736672 Gflops/s) - 693 (761961 Gflops/s) - 691 (759762 Gflops/s) - 686 (754264 Gflops/s) - 676 (743269 Gflops/s) | Temperatures: 60°C - 62°C - 73°C - 71°C - 61°C - 60°C - 72°C - 72°C | Throttling: None - None - None - None - None - None - None - None
682 (749866 Gflops/s) - 690 (758663 Gflops/s) - 680 (747667 Gflops/s) - 670 (736672 Gflops/s) - 692 (760862 Gflops/s) - 691 (759762 Gflops/s) - 688 (756463 Gflops/s) - 676 (743269 Gflops/s) | Temperatures: 60°C - 61°C - 73°C - 71°C - 61°C - 60°C - 72°C - 72°C | Throttling: None - None - None - None - None - None - None - None
683 (750966 Gflops/s) - 691 (759762 Gflops/s) - 680 (747667 Gflops/s) - 669 (735573 Gflops/s) - 693 (761961 Gflops/s) - 700 (769658 Gflops/s) - 685 (753165 Gflops/s) - 676 (743269 Gflops/s) | Temperatures: 60°C - 61°C - 73°C - 71°C - 61°C - 60°C - 72°C - 72°C | Throttling: None - None - None - None - None - None - None - None
682 (749866 Gflops/s) - 689 (757563 Gflops/s) - 680 (747667 Gflops/s) - 669 (735573 Gflops/s) - 693 (761961 Gflops/s) - 681 (748767 Gflops/s) - 686 (754264 Gflops/s) - 675 (742170 Gflops/s) | Temperatures: 59°C - 62°C - 73°C - 71°C - 61°C - 60°C - 72°C - 72°C | Throttling: None - None - None - None - None - None - None - None
682 (749866 Gflops/s) - 690 (758663 Gflops/s) - 680 (747667 Gflops/s) - 670 (736672 Gflops/s) - 693 (761961 Gflops/s) - 691 (759762 Gflops/s) - 686 (754264 Gflops/s) - 677 (744369 Gflops/s) | Temperatures: 59°C - 61°C - 73°C - 71°C - 61°C - 60°C - 72°C - 72°C | Throttling: None - None - None - None - None - None - None - None
683 (750966 Gflops/s) - 691 (759762 Gflops/s) - 681 (748767 Gflops/s) - 669 (735573 Gflops/s) - 692 (760862 Gflops/s) - 690 (758663 Gflops/s) - 686 (754264 Gflops/s) - 675 (742170 Gflops/s) | Temperatures: 59°C - 61°C - 73°C - 71°C - 61°C - 60°C - 72°C - 72°C | Throttling: None - None - None - None - None - None - None - None
682 (749866 Gflops/s) - 689 (757563 Gflops/s) - 681 (748767 Gflops/s) - 670 (736672 Gflops/s) - 694 (763061 Gflops/s) - 691 (759762 Gflops/s) - 686 (754264 Gflops/s) - 676 (743269 Gflops/s) | Temperatures: 60°C - 61°C - 73°C - 71°C - 61°C - 60°C - 72°C - 72°C | Throttling: None - None - None - None - None - None - None - None
682 (749866 Gflops/s) - 689 (757563 Gflops/s) - 679 (746568 Gflops/s) - 669 (735573 Gflops/s) - 693 (761961 Gflops/s) - 690 (758663 Gflops/s) - 686 (754264 Gflops/s) - 676 (743269 Gflops/s) | Temperatures: 60°C - 61°C - 74°C - 71°C - 61°C - 60°C - 72°C - 72°C | Throttling: None - None - None - None - None - None - None - None
683 (750966 Gflops/s) - 690 (758663 Gflops/s) - 679 (746568 Gflops/s) - 669 (735573 Gflops/s) - 692 (760862 Gflops/s) - 691 (759762 Gflops/s) - 686 (754264 Gflops/s) - 676 (743269 Gflops/s) | Temperatures: 60°C - 62°C - 73°C - 71°C - 61°C - 60°C - 72°C - 72°C | Throttling: None - None - None - None - None - None - None - None
683 (750966 Gflops/s) - 689 (757563 Gflops/s) - 679 (746568 Gflops/s) - 670 (736672 Gflops/s) - 693 (761961 Gflops/s) - 691 (759762 Gflops/s) - 686 (754264 Gflops/s) - 676 (743269 Gflops/s) | Temperatures: 59°C - 61°C - 73°C - 71°C - 61°C - 60°C - 72°C - 72°C | Throttling: None - None - None - None - None - None - None - None
683 (750966 Gflops/s) - 691 (759762 Gflops/s) - 680 (747667 Gflops/s) - 669 (735573 Gflops/s) - 694 (763061 Gflops/s) - 690 (758663 Gflops/s) - 685 (753165 Gflops/s) - 676 (743269 Gflops/s) | Temperatures: 60°C - 61°C - 73°C - 71°C - 61°C - 60°C - 72°C - 72°C | Throttling: None - None - None - None - None - None - None - None
682 (749866 Gflops/s) - 689 (757563 Gflops/s) - 680 (747667 Gflops/s) - 669 (735573 Gflops/s) - 692 (760862 Gflops/s) - 690 (758663 Gflops/s) - 686 (754264 Gflops/s) - 675 (742170 Gflops/s) | Temperatures: 59°C - 62°C - 74°C - 71°C - 61°C - 60°C - 72°C - 72°C | Throttling: None - None - None - None - None - None - None - None
682 (749866 Gflops/s) - 690 (758663 Gflops/s) - 680 (747667 Gflops/s) - 669 (735573 Gflops/s) - 693 (761961 Gflops/s) - 691 (759762 Gflops/s) - 686 (754264 Gflops/s) - 676 (743269 Gflops/s) | Temperatures: 59°C - 61°C - 73°C - 71°C - 61°C - 60°C - 72°C - 72°C | Throttling: None - None - None - None - None - None - None - None
683 (750966 Gflops/s) - 689 (757563 Gflops/s) - 681 (748767 Gflops/s) - 670 (736672 Gflops/s) - 692 (760862 Gflops/s) - 691 (759762 Gflops/s) - 687 (755364 Gflops/s) - 676 (743269 Gflops/s) | Temperatures: 60°C - 61°C - 73°C - 71°C - 61°C - 60°C - 72°C - 72°C | Throttling: None - None - None - None - None - None - None - None
683 (750966 Gflops/s) - 690 (758663 Gflops/s) - 680 (747667 Gflops/s) - 670 (736672 Gflops/s) - 692 (760862 Gflops/s) - 691 (759762 Gflops/s) - 687 (755364 Gflops/s) - 677 (744369 Gflops/s) | Temperatures: 60°C - 62°C - 73°C - 71°C - 61°C - 60°C - 72°C - 72°C | Throttling: None - None - None - None - None - None - None - None
682 (749866 Gflops/s) - 691 (759762 Gflops/s) - 679 (746568 Gflops/s) - 669 (735573 Gflops/s) - 692 (760862 Gflops/s) - 690 (758663 Gflops/s) - 686 (754264 Gflops/s) - 675 (742170 Gflops/s) | Temperatures: 59°C - 62°C - 73°C - 71°C - 61°C - 60°C - 72°C - 72°C | Throttling: None - None - None - None - None - None - None - None
682 (749866 Gflops/s) - 689 (757563 Gflops/s) - 679 (746568 Gflops/s) - 669 (735573 Gflops/s) - 693 (761961 Gflops/s) - 690 (758663 Gflops/s) - 686 (754264 Gflops/s) - 675 (742170 Gflops/s) | Temperatures: 59°C - 62°C - 73°C - 71°C - 61°C - 60°C - 72°C - 72°C | Throttling: None - None - None - None - None - None - None - None
683 (750966 Gflops/s) - 690 (758663 Gflops/s) - 680 (747667 Gflops/s) - 669 (735573 Gflops/s) - 692 (760862 Gflops/s) - 691 (759762 Gflops/s) - 686 (754264 Gflops/s) - 678 (745468 Gflops/s) | Temperatures: 60°C - 61°C - 73°C - 71°C - 61°C - 60°C - 72°C - 72°C | Throttling: None - None - None - None - None - None - None - None
683 (750966 Gflops/s) - 691 (759762 Gflops/s) - 680 (747667 Gflops/s) - 669 (735573 Gflops/s) - 693 (761961 Gflops/s) - 691 (759762 Gflops/s) - 687 (755364 Gflops/s) - 674 (741070 Gflops/s) | Temperatures: 60°C - 61°C - 73°C - 71°C - 61°C - 60°C - 72°C - 72°C | Throttling: None - None - None - None - None - None - None - None
683 (750966 Gflops/s) - 688 (756463 Gflops/s) - 680 (747667 Gflops/s) - 670 (736672 Gflops/s) - 694 (763061 Gflops/s) - 691 (759762 Gflops/s) - 687 (755364 Gflops/s) - 676 (743269 Gflops/s) | Temperatures: 59°C - 61°C - 73°C - 71°C - 61°C - 60°C - 72°C - 72°C | Throttling: None - None - None - None - None - None - None - None
681 (748767 Gflops/s) - 690 (758663 Gflops/s) - 680 (747667 Gflops/s) - 668 (734473 Gflops/s) - 693 (761961 Gflops/s) - 689 (757563 Gflops/s) - 686 (754264 Gflops/s) - 675 (742170 Gflops/s) | Temperatures: 60°C - 61°C - 73°C - 71°C - 61°C - 60°C - 72°C - 72°C | Throttling: None - None - None - None - None - None - None - None
683 (750966 Gflops/s) - 690 (758663 Gflops/s) - 682 (749866 Gflops/s) - 670 (736672 Gflops/s) - 692 (760862 Gflops/s) - 691 (759762 Gflops/s) - 686 (754264 Gflops/s) - 676 (743269 Gflops/s) | Temperatures: 60°C - 61°C - 73°C - 71°C - 61°C - 60°C - 72°C - 72°C | Throttling: None - None - None - None - None - None - None - None
683 (750966 Gflops/s) - 691 (759762 Gflops/s) - 678 (745468 Gflops/s) - 670 (736672 Gflops/s) - 695 (764160 Gflops/s) - 691 (759762 Gflops/s) - 687 (755364 Gflops/s) - 677 (744369 Gflops/s) | Temperatures: 60°C - 62°C - 73°C - 71°C - 61°C - 60°C - 72°C - 72°C | Throttling: None - None - None - None - None - None - None - None
682 (749866 Gflops/s) - 688 (756463 Gflops/s) - 679 (746568 Gflops/s) - 668 (734473 Gflops/s) - 692 (760862 Gflops/s) - 690 (758663 Gflops/s) - 685 (753165 Gflops/s) - 675 (742170 Gflops/s) | Temperatures: 60°C - 61°C - 73°C - 71°C - 61°C - 60°C - 72°C - 72°C | Throttling: None - None - None - None - None - None - None - None
683 (750966 Gflops/s) - 691 (759762 Gflops/s) - 680 (747667 Gflops/s) - 669 (735573 Gflops/s) - 693 (761961 Gflops/s) - 691 (759762 Gflops/s) - 686 (754264 Gflops/s) - 675 (742170 Gflops/s) | Temperatures: 60°C - 62°C - 73°C - 71°C - 61°C - 60°C - 72°C - 72°C | Throttling: None - None - None - None - None - None - None - None
682 (749866 Gflops/s) - 689 (757563 Gflops/s) - 679 (746568 Gflops/s) - 670 (736672 Gflops/s) - 692 (760862 Gflops/s) - 690 (758663 Gflops/s) - 685 (753165 Gflops/s) - 676 (743269 Gflops/s) | Temperatures: 60°C - 61°C - 73°C - 71°C - 61°C - 60°C - 72°C - 72°C | Throttling: None - None - None - None - None - None - None - None
683 (750966 Gflops/s) - 704 (774056 Gflops/s) - 681 (748767 Gflops/s) - 669 (735573 Gflops/s) - 693 (761961 Gflops/s) - 691 (759762 Gflops/s) - 685 (753165 Gflops/s) - 692 (760862 Gflops/s) | Temperatures: 59°C - 62°C - 73°C - 71°C - 61°C - 60°C - 72°C - 72°C | Throttling: None - None - None - None - None - None - None - None
682 (749866 Gflops/s) - 677 (744369 Gflops/s) - 679 (746568 Gflops/s) - 669 (735573 Gflops/s) - 692 (760862 Gflops/s) - 690 (758663 Gflops/s) - 685 (753165 Gflops/s) - 660 (725677 Gflops/s) | Temperatures: 60°C - 62°C - 73°C - 71°C - 61°C - 60°C - 72°C - 72°C | Throttling: None - None - None - None - None - None - None - None
682 (749866 Gflops/s) - 691 (759762 Gflops/s) - 679 (746568 Gflops/s) - 669 (735573 Gflops/s) - 693 (761961 Gflops/s) - 691 (759762 Gflops/s) - 683 (750966 Gflops/s) - 676 (743269 Gflops/s) | Temperatures: 60°C - 61°C - 73°C - 71°C - 61°C - 60°C - 72°C - 72°C | Throttling: None - None - None - None - None - None - None - None
684 (752065 Gflops/s) - 690 (758663 Gflops/s) - 680 (747667 Gflops/s) - 669 (735573 Gflops/s) - 692 (760862 Gflops/s) - 691 (759762 Gflops/s) - 683 (750966 Gflops/s) - 677 (744369 Gflops/s) | Temperatures: 59°C - 61°C - 73°C - 71°C - 61°C - 60°C - 72°C - 72°C | Throttling: None - None - None - None - None - None - None - None
681 (748767 Gflops/s) - 690 (758663 Gflops/s) - 680 (747667 Gflops/s) - 672 (738871 Gflops/s) - 694 (763061 Gflops/s) - 691 (759762 Gflops/s) - 681 (748767 Gflops/s) - 676 (743269 Gflops/s) | Temperatures: 59°C - 61°C - 73°C - 71°C - 61°C - 60°C - 72°C - 72°C | Throttling: None - None - None - None - None - None - None - None
683 (750966 Gflops/s) - 690 (758663 Gflops/s) - 680 (747667 Gflops/s) - 667 (733374 Gflops/s) - 693 (761961 Gflops/s) - 690 (758663 Gflops/s) - 683 (750966 Gflops/s) - 676 (743269 Gflops/s) | Temperatures: 60°C - 61°C - 73°C - 71°C - 61°C - 60°C - 72°C - 72°C | Throttling: None - None - None - None - None - None - None - None
688 (756463 Gflops/s) - 690 (758663 Gflops/s) - 679 (746568 Gflops/s) - 668 (734473 Gflops/s) - 693 (761961 Gflops/s) - 690 (758663 Gflops/s) - 685 (753165 Gflops/s) - 675 (742170 Gflops/s) | Temperatures: 59°C - 61°C - 73°C - 71°C - 61°C - 60°C - 72°C - 72°C | Throttling: None - None - None - None - None - None - None - None
677 (744369 Gflops/s) - 691 (759762 Gflops/s) - 679 (746568 Gflops/s) - 670 (736672 Gflops/s) - 693 (761961 Gflops/s) - 691 (759762 Gflops/s) - 686 (754264 Gflops/s) - 676 (743269 Gflops/s) | Temperatures: 59°C - 61°C - 73°C - 71°C - 61°C - 60°C - 72°C - 72°C | Throttling: None - None - None - None - None - None - None - None
683 (750966 Gflops/s) - 691 (759762 Gflops/s) - 680 (747667 Gflops/s) - 669 (735573 Gflops/s) - 693 (761961 Gflops/s) - 700 (769658 Gflops/s) - 685 (753165 Gflops/s) - 677 (744369 Gflops/s) | Temperatures: 60°C - 62°C - 73°C - 71°C - 61°C - 60°C - 72°C - 72°C | Throttling: None - None - None - None - None - None - None - None
682 (749866 Gflops/s) - 690 (758663 Gflops/s) - 680 (747667 Gflops/s) - 669 (735573 Gflops/s) - 694 (763061 Gflops/s) - 682 (749866 Gflops/s) - 686 (754264 Gflops/s) - 676 (743269 Gflops/s) | Temperatures: 59°C - 62°C - 73°C - 71°C - 61°C - 60°C - 72°C - 72°C | Throttling: None - None - None - None - None - None - None - None
683 (750966 Gflops/s) - 689 (757563 Gflops/s) - 679 (746568 Gflops/s) - 669 (735573 Gflops/s) - 693 (761961 Gflops/s) - 689 (757563 Gflops/s) - 684 (752065 Gflops/s) - 675 (742170 Gflops/s) | Temperatures: 59°C - 62°C - 73°C - 71°C - 61°C - 60°C - 72°C - 72°C | Throttling: None - None - None - None - None - None - None - None
682 (749866 Gflops/s) - 691 (759762 Gflops/s) - 680 (747667 Gflops/s) - 670 (736672 Gflops/s) - 692 (760862 Gflops/s) - 691 (759762 Gflops/s) - 686 (754264 Gflops/s) - 676 (743269 Gflops/s) | Temperatures: 60°C - 62°C - 73°C - 71°C - 61°C - 60°C - 72°C - 72°C | Throttling: None - None - None - None - None - None - None - None
682 (749866 Gflops/s) - 691 (759762 Gflops/s) - 681 (748767 Gflops/s) - 669 (735573 Gflops/s) - 695 (764160 Gflops/s) - 692 (760862 Gflops/s) - 686 (754264 Gflops/s) - 677 (744369 Gflops/s) | Temperatures: 60°C - 61°C - 73°C - 71°C - 61°C - 60°C - 72°C - 72°C | Throttling: None - None - None - None - None - None - None - None
683 (750966 Gflops/s) - 689 (757563 Gflops/s) - 679 (746568 Gflops/s) - 669 (735573 Gflops/s) - 692 (760862 Gflops/s) - 690 (758663 Gflops/s) - 685 (753165 Gflops/s) - 675 (742170 Gflops/s) | Temperatures: 59°C - 61°C - 73°C - 71°C - 61°C - 60°C - 72°C - 72°C | Throttling: None - None - None - None - None - None - None - None
681 (748767 Gflops/s) - 690 (758663 Gflops/s) - 680 (747667 Gflops/s) - 669 (735573 Gflops/s) - 693 (761961 Gflops/s) - 690 (758663 Gflops/s) - 686 (754264 Gflops/s) - 675 (742170 Gflops/s) | Temperatures: 60°C - 62°C - 74°C - 71°C - 61°C - 60°C - 72°C - 72°C | Throttling: None - None - None - None - None - None - None - None
683 (750966 Gflops/s) - 690 (758663 Gflops/s) - 679 (746568 Gflops/s) - 669 (735573 Gflops/s) - 693 (761961 Gflops/s) - 690 (758663 Gflops/s) - 686 (754264 Gflops/s) - 676 (743269 Gflops/s) | Temperatures: 59°C - 62°C - 73°C - 71°C - 61°C - 60°C - 72°C - 72°C | Throttling: None - None - None - None - None - None - None - None
682 (749866 Gflops/s) - 690 (758663 Gflops/s) - 680 (747667 Gflops/s) - 669 (735573 Gflops/s) - 693 (761961 Gflops/s) - 691 (759762 Gflops/s) - 685 (753165 Gflops/s) - 677 (744369 Gflops/s) | Temperatures: 60°C - 62°C - 73°C - 71°C - 61°C - 60°C - 72°C - 72°C | Throttling: None - None - None - None - None - None - None - None
683 (750966 Gflops/s) - 690 (758663 Gflops/s) - 680 (747667 Gflops/s) - 670 (736672 Gflops/s) - 694 (763061 Gflops/s) - 691 (759762 Gflops/s) - 687 (755364 Gflops/s) - 676 (743269 Gflops/s) | Temperatures: 60°C - 61°C - 73°C - 71°C - 61°C - 60°C - 72°C - 72°C | Throttling: None - None - None - None - None - None - None - None
681 (748767 Gflops/s) - 689 (757563 Gflops/s) - 680 (747667 Gflops/s) - 668 (734473 Gflops/s) - 692 (760862 Gflops/s) - 690 (758663 Gflops/s) - 684 (752065 Gflops/s) - 675 (742170 Gflops/s) | Temperatures: 59°C - 62°C - 73°C - 71°C - 61°C - 60°C - 72°C - 72°C | Throttling: None - None - None - None - None - None - None - None
683 (750966 Gflops/s) - 691 (759762 Gflops/s) - 680 (747667 Gflops/s) - 670 (736672 Gflops/s) - 693 (761961 Gflops/s) - 691 (759762 Gflops/s) - 686 (754264 Gflops/s) - 676 (743269 Gflops/s) | Temperatures: 60°C - 61°C - 73°C - 71°C - 61°C - 60°C - 72°C - 72°C | Throttling: None - None - None - None - None - None - None - None
683 (750966 Gflops/s) - 691 (759762 Gflops/s) - 681 (748767 Gflops/s) - 669 (735573 Gflops/s) - 694 (763061 Gflops/s) - 691 (759762 Gflops/s) - 687 (755364 Gflops/s) - 677 (744369 Gflops/s) | Temperatures: 60°C - 62°C - 73°C - 71°C - 61°C - 60°C - 72°C - 72°C | Throttling: None - None - None - None - None - None - None - None
682 (749866 Gflops/s) - 690 (758663 Gflops/s) - 680 (747667 Gflops/s) - 669 (735573 Gflops/s) - 692 (760862 Gflops/s) - 690 (758663 Gflops/s) - 685 (753165 Gflops/s) - 675 (742170 Gflops/s) | Temperatures: 60°C - 61°C - 73°C - 71°C - 61°C - 60°C - 72°C - 72°C | Throttling: None - None - None - None - None - None - None - None
681 (748767 Gflops/s) - 689 (757563 Gflops/s) - 679 (746568 Gflops/s) - 669 (735573 Gflops/s) - 692 (760862 Gflops/s) - 691 (759762 Gflops/s) - 685 (753165 Gflops/s) - 676 (743269 Gflops/s) | Temperatures: 60°C - 61°C - 73°C - 71°C - 61°C - 60°C - 72°C - 72°C | Throttling: None - None - None - None - None - None - None - None
683 (750966 Gflops/s) - 690 (758663 Gflops/s) - 681 (748767 Gflops/s) - 669 (735573 Gflops/s) - 692 (760862 Gflops/s) - 690 (758663 Gflops/s) - 686 (754264 Gflops/s) - 675 (742170 Gflops/s) | Temperatures: 60°C - 62°C - 73°C - 71°C - 61°C - 60°C - 72°C - 72°C | Throttling: None - None - None - None - None - None - None - None
683 (750966 Gflops/s) - 691 (759762 Gflops/s) - 680 (747667 Gflops/s) - 670 (736672 Gflops/s) - 693 (761961 Gflops/s) - 691 (759762 Gflops/s) - 686 (754264 Gflops/s) - 677 (744369 Gflops/s) | Temperatures: 60°C - 62°C - 73°C - 71°C - 61°C - 60°C - 72°C - 72°C | Throttling: None - None - None - None - None - None - None - None
683 (750966 Gflops/s) - 689 (757563 Gflops/s) - 679 (746568 Gflops/s) - 669 (735573 Gflops/s) - 693 (761961 Gflops/s) - 690 (758663 Gflops/s) - 686 (754264 Gflops/s) - 676 (743269 Gflops/s) | Temperatures: 60°C - 62°C - 73°C - 71°C - 61°C - 60°C - 72°C - 72°C | Throttling: None - None - None - None - None - None - None - None
682 (749866 Gflops/s) - 691 (759762 Gflops/s) - 679 (746568 Gflops/s) - 668 (734473 Gflops/s) - 692 (760862 Gflops/s) - 691 (759762 Gflops/s) - 685 (753165 Gflops/s) - 676 (743269 Gflops/s) | Temperatures: 60°C - 62°C - 73°C - 71°C - 61°C - 60°C - 72°C - 72°C | Throttling: None - None - None - None - None - None - None - None
682 (749866 Gflops/s) - 691 (759762 Gflops/s) - 679 (746568 Gflops/s) - 670 (736672 Gflops/s) - 693 (761961 Gflops/s) - 691 (759762 Gflops/s) - 686 (754264 Gflops/s) - 676 (743269 Gflops/s) | Temperatures: 60°C - 61°C - 73°C - 71°C - 61°C - 60°C - 72°C - 72°C | Throttling: None - None - None - None - None - None - None - None
683 (750966 Gflops/s) - 691 (759762 Gflops/s) - 680 (747667 Gflops/s) - 669 (735573 Gflops/s) - 694 (763061 Gflops/s) - 691 (759762 Gflops/s) - 687 (755364 Gflops/s) - 677 (744369 Gflops/s) | Temperatures: 60°C - 62°C - 73°C - 71°C - 61°C - 60°C - 72°C - 72°C | Throttling: None - None - None - None - None - None - None - None
683 (750966 Gflops/s) - 689 (757563 Gflops/s) - 679 (746568 Gflops/s) - 669 (735573 Gflops/s) - 692 (760862 Gflops/s) - 690 (758663 Gflops/s) - 686 (754264 Gflops/s) - 675 (742170 Gflops/s) | Temperatures: 60°C - 61°C - 73°C - 71°C - 61°C - 60°C - 72°C - 72°C | Throttling: None - None - None - None - None - None - None - None
681 (748767 Gflops/s) - 691 (759762 Gflops/s) - 679 (746568 Gflops/s) - 669 (735573 Gflops/s) - 691 (759762 Gflops/s) - 691 (759762 Gflops/s) - 685 (753165 Gflops/s) - 675 (742170 Gflops/s) | Temperatures: 59°C - 62°C - 73°C - 71°C - 61°C - 60°C - 72°C - 72°C | Throttling: None - None - None - None - None - None - None - None
683 (750966 Gflops/s) - 689 (757563 Gflops/s) - 680 (747667 Gflops/s) - 669 (735573 Gflops/s) - 693 (761961 Gflops/s) - 690 (758663 Gflops/s) - 685 (753165 Gflops/s) - 676 (743269 Gflops/s) | Temperatures: 60°C - 61°C - 73°C - 71°C - 61°C - 60°C - 72°C - 72°C | Throttling: None - None - None - None - None - None - None - None
683 (750966 Gflops/s) - 690 (758663 Gflops/s) - 680 (747667 Gflops/s) - 669 (735573 Gflops/s) - 694 (763061 Gflops/s) - 691 (759762 Gflops/s) - 686 (754264 Gflops/s) - 676 (743269 Gflops/s) | Temperatures: 60°C - 61°C - 73°C - 71°C - 61°C - 60°C - 72°C - 72°C | Throttling: None - None - None - None - None - None - None - None
683 (750966 Gflops/s) - 690 (758663 Gflops/s) - 680 (747667 Gflops/s) - 669 (735573 Gflops/s) - 693 (761961 Gflops/s) - 691 (759762 Gflops/s) - 685 (753165 Gflops/s) - 675 (742170 Gflops/s) | Temperatures: 59°C - 61°C - 73°C - 71°C - 61°C - 60°C - 72°C - 72°C | Throttling: None - None - None - None - None - None - None - None
682 (749866 Gflops/s) - 690 (758663 Gflops/s) - 680 (747667 Gflops/s) - 669 (735573 Gflops/s) - 692 (760862 Gflops/s) - 690 (758663 Gflops/s) - 685 (753165 Gflops/s) - 676 (743269 Gflops/s) | Temperatures: 60°C - 61°C - 73°C - 71°C - 61°C - 60°C - 72°C - 72°C | Throttling: None - None - None - None - None - None - None - None
682 (749866 Gflops/s) - 690 (758663 Gflops/s) - 680 (747667 Gflops/s) - 670 (736672 Gflops/s) - 694 (763061 Gflops/s) - 691 (759762 Gflops/s) - 686 (754264 Gflops/s) - 676 (743269 Gflops/s) | Temperatures: 59°C - 61°C - 73°C - 71°C - 61°C - 60°C - 72°C - 72°C | Throttling: None - None - None - None - None - None - None - None
683 (750966 Gflops/s) - 691 (759762 Gflops/s) - 681 (748767 Gflops/s) - 669 (735573 Gflops/s) - 693 (761961 Gflops/s) - 691 (759762 Gflops/s) - 687 (755364 Gflops/s) - 676 (743269 Gflops/s) | Temperatures: 59°C - 61°C - 74°C - 71°C - 61°C - 60°C - 72°C - 72°C | Throttling: None - None - None - None - None - None - None - None
682 (749866 Gflops/s) - 689 (757563 Gflops/s) - 678 (745468 Gflops/s) - 669 (735573 Gflops/s) - 693 (761961 Gflops/s) - 690 (758663 Gflops/s) - 684 (752065 Gflops/s) - 675 (742170 Gflops/s) | Temperatures: 60°C - 61°C - 73°C - 71°C - 61°C - 60°C - 72°C - 72°C | Throttling: None - None - None - None - None - None - None - None
683 (750966 Gflops/s) - 690 (758663 Gflops/s) - 680 (747667 Gflops/s) - 669 (735573 Gflops/s) - 692 (760862 Gflops/s) - 691 (759762 Gflops/s) - 686 (754264 Gflops/s) - 676 (743269 Gflops/s) | Temperatures: 60°C - 62°C - 73°C - 71°C - 61°C - 60°C - 72°C - 72°C | Throttling: None - None - None - None - None - None - None - None
681 (748767 Gflops/s) - 690 (758663 Gflops/s) - 679 (746568 Gflops/s) - 668 (734473 Gflops/s) - 692 (760862 Gflops/s) - 690 (758663 Gflops/s) - 685 (753165 Gflops/s) - 675 (742170 Gflops/s) | Temperatures: 60°C - 62°C - 74°C - 71°C - 61°C - 60°C - 72°C - 72°C | Throttling: None - None - None - None - None - None - None - None
683 (750966 Gflops/s) - 691 (759762 Gflops/s) - 680 (747667 Gflops/s) - 670 (736672 Gflops/s) - 693 (761961 Gflops/s) - 699 (768558 Gflops/s) - 685 (753165 Gflops/s) - 676 (743269 Gflops/s) | Temperatures: 59°C - 61°C - 73°C - 71°C - 61°C - 60°C - 72°C - 72°C | Throttling: None - None - None - None - None - None - None - None
683 (750966 Gflops/s) - 690 (758663 Gflops/s) - 679 (746568 Gflops/s) - 669 (735573 Gflops/s) - 693 (761961 Gflops/s) - 682 (749866 Gflops/s) - 686 (754264 Gflops/s) - 676 (743269 Gflops/s) | Temperatures: 60°C - 62°C - 73°C - 71°C - 61°C - 60°C - 72°C - 72°C | Throttling: None - None - None - None - None - None - None - None
682 (749866 Gflops/s) - 690 (758663 Gflops/s) - 679 (746568 Gflops/s) - 670 (736672 Gflops/s) - 693 (761961 Gflops/s) - 691 (759762 Gflops/s) - 686 (754264 Gflops/s) - 676 (743269 Gflops/s) | Temperatures: 60°C - 61°C - 73°C - 71°C - 61°C - 60°C - 72°C - 72°C | Throttling: None - None - None - None - None - None - None - None
683 (750966 Gflops/s) - 690 (758663 Gflops/s) - 679 (746568 Gflops/s) - 668 (734473 Gflops/s) - 692 (760862 Gflops/s) - 690 (758663 Gflops/s) - 685 (753165 Gflops/s) - 675 (742170 Gflops/s) | Temperatures: 60°C - 62°C - 73°C - 71°C - 61°C - 60°C - 72°C - 72°C | Throttling: None - None - None - None - None - None - None - None
682 (749866 Gflops/s) - 691 (759762 Gflops/s) - 679 (746568 Gflops/s) - 670 (736672 Gflops/s) - 694 (763061 Gflops/s) - 691 (759762 Gflops/s) - 686 (754264 Gflops/s) - 677 (744369 Gflops/s) | Temperatures: 60°C - 62°C - 73°C - 71°C - 61°C - 60°C - 72°C - 72°C | Throttling: None - None - None - None - None - None - None - None
682 (749866 Gflops/s) - 689 (757563 Gflops/s) - 678 (745468 Gflops/s) - 669 (735573 Gflops/s) - 693 (761961 Gflops/s) - 691 (759762 Gflops/s) - 684 (752065 Gflops/s) - 675 (742170 Gflops/s) | Temperatures: 59°C - 61°C - 73°C - 71°C - 61°C - 60°C - 72°C - 72°C | Throttling: None - None - None - None - None - None - None - None
683 (750966 Gflops/s) - 690 (758663 Gflops/s) - 680 (747667 Gflops/s) - 669 (735573 Gflops/s) - 693 (761961 Gflops/s) - 690 (758663 Gflops/s) - 686 (754264 Gflops/s) - 676 (743269 Gflops/s) | Temperatures: 60°C - 61°C - 73°C - 71°C - 61°C - 60°C - 72°C - 72°C | Throttling: None - None - None - None - None - None - None - None
682 (749866 Gflops/s) - 690 (758663 Gflops/s) - 680 (747667 Gflops/s) - 669 (735573 Gflops/s) - 693 (761961 Gflops/s) - 691 (759762 Gflops/s) - 685 (753165 Gflops/s) - 676 (743269 Gflops/s) | Temperatures: 59°C - 62°C - 73°C - 71°C - 61°C - 60°C - 72°C - 72°C | Throttling: None - None - None - None - None - None - None - None
682 (749866 Gflops/s) - 689 (757563 Gflops/s) - 679 (746568 Gflops/s) - 669 (735573 Gflops/s) - 693 (761961 Gflops/s) - 690 (758663 Gflops/s) - 686 (754264 Gflops/s) - 676 (743269 Gflops/s) | Temperatures: 59°C - 61°C - 73°C - 71°C - 61°C - 60°C - 72°C - 72°C | Throttling: None - None - None - None - None - None - None - None
683 (750966 Gflops/s) - 690 (758663 Gflops/s) - 679 (746568 Gflops/s) - 669 (735573 Gflops/s) - 693 (761961 Gflops/s) - 691 (759762 Gflops/s) - 685 (753165 Gflops/s) - 676 (743269 Gflops/s) | Temperatures: 60°C - 61°C - 73°C - 71°C - 61°C - 60°C - 72°C - 72°C | Throttling: None - None - None - None - None - None - None - None
683 (750966 Gflops/s) - 689 (757563 Gflops/s) - 680 (747667 Gflops/s) - 669 (735573 Gflops/s) - 693 (761961 Gflops/s) - 690 (758663 Gflops/s) - 686 (754264 Gflops/s) - 676 (743269 Gflops/s) | Temperatures: 59°C - 61°C - 73°C - 71°C - 61°C - 60°C - 72°C - 72°C | Throttling: None - None - None - None - None - None - None - None
682 (749866 Gflops/s) - 690 (758663 Gflops/s) - 680 (747667 Gflops/s) - 669 (735573 Gflops/s) - 692 (760862 Gflops/s) - 691 (759762 Gflops/s) - 685 (753165 Gflops/s) - 676 (743269 Gflops/s) | Temperatures: 60°C - 61°C - 73°C - 71°C - 61°C - 60°C - 72°C - 72°C | Throttling: None - None - None - None - None - None - None - None
683 (750966 Gflops/s) - 691 (759762 Gflops/s) - 681 (748767 Gflops/s) - 669 (735573 Gflops/s) - 694 (763061 Gflops/s) - 691 (759762 Gflops/s) - 686 (754264 Gflops/s) - 676 (743269 Gflops/s) | Temperatures: 60°C - 61°C - 73°C - 71°C - 61°C - 60°C - 72°C - 72°C | Throttling: None - None - None - None - None - None - None - None
682 (749866 Gflops/s) - 704 (774056 Gflops/s) - 677 (744369 Gflops/s) - 669 (735573 Gflops/s) - 693 (761961 Gflops/s) - 690 (758663 Gflops/s) - 684 (752065 Gflops/s) - 684 (752065 Gflops/s) | Temperatures: 60°C - 62°C - 73°C - 71°C - 61°C - 60°C - 72°C - 72°C | Throttling: None - None - None - None - None - None - None - None
698 (767459 Gflops/s) - 676 (743269 Gflops/s) - 679 (746568 Gflops/s) - 669 (735573 Gflops/s) - 693 (761961 Gflops/s) - 691 (759762 Gflops/s) - 685 (753165 Gflops/s) - 666 (732274 Gflops/s) | Temperatures: 60°C - 62°C - 73°C - 71°C - 61°C - 60°C - 72°C - 72°C | Throttling: None - None - None - None - None - None - None - None
667 (733374 Gflops/s) - 689 (757563 Gflops/s) - 679 (746568 Gflops/s) - 669 (735573 Gflops/s) - 693 (761961 Gflops/s) - 691 (759762 Gflops/s) - 685 (753165 Gflops/s) - 676 (743269 Gflops/s) | Temperatures: 60°C - 62°C - 73°C - 71°C - 61°C - 60°C - 72°C - 72°C | Throttling: None - None - None - None - None - None - None - None
682 (749866 Gflops/s) - 691 (759762 Gflops/s) - 679 (746568 Gflops/s) - 668 (734473 Gflops/s) - 693 (761961 Gflops/s) - 689 (757563 Gflops/s) - 684 (752065 Gflops/s) - 676 (743269 Gflops/s) | Temperatures: 60°C - 62°C - 73°C - 71°C - 61°C - 60°C - 72°C - 72°C | Throttling: None - None - None - None - None - None - None - None
682 (749866 Gflops/s) - 690 (758663 Gflops/s) - 680 (747667 Gflops/s) - 669 (735573 Gflops/s) - 694 (763061 Gflops/s) - 691 (759762 Gflops/s) - 685 (753165 Gflops/s) - 676 (743269 Gflops/s) | Temperatures: 60°C - 61°C - 73°C - 71°C - 61°C - 60°C - 72°C - 72°C | Throttling: None - None - None - None - None - None - None - None
683 (750966 Gflops/s) - 691 (759762 Gflops/s) - 680 (747667 Gflops/s) - 669 (735573 Gflops/s) - 692 (760862 Gflops/s) - 691 (759762 Gflops/s) - 685 (753165 Gflops/s) - 676 (743269 Gflops/s) | Temperatures: 60°C - 61°C - 73°C - 71°C - 61°C - 60°C - 72°C - 72°C | Throttling: None - None - None - None - None - None - None - None
683 (750966 Gflops/s) - 690 (758663 Gflops/s) - 681 (748767 Gflops/s) - 669 (735573 Gflops/s) - 693 (761961 Gflops/s) - 690 (758663 Gflops/s) - 684 (752065 Gflops/s) - 676 (743269 Gflops/s) | Temperatures: 59°C - 62°C - 74°C - 71°C - 61°C - 60°C - 72°C - 72°C | Throttling: None - None - None - None - None - None - None - None
682 (749866 Gflops/s) - 690 (758663 Gflops/s) - 679 (746568 Gflops/s) - 669 (735573 Gflops/s) - 692 (760862 Gflops/s) - 691 (759762 Gflops/s) - 686 (754264 Gflops/s) - 676 (743269 Gflops/s) | Temperatures: 60°C - 62°C - 73°C - 71°C - 61°C - 60°C - 72°C - 72°C | Throttling: None - None - None - None - None - None - None - None
682 (749866 Gflops/s) - 690 (758663 Gflops/s) - 678 (745468 Gflops/s) - 669 (735573 Gflops/s) - 692 (760862 Gflops/s) - 690 (758663 Gflops/s) - 685 (753165 Gflops/s) - 676 (743269 Gflops/s) | Temperatures: 60°C - 61°C - 73°C - 71°C - 61°C - 60°C - 72°C - 72°C | Throttling: None - None - None - None - None - None - None - None
683 (750966 Gflops/s) - 690 (758663 Gflops/s) - 680 (747667 Gflops/s) - 669 (735573 Gflops/s) - 694 (763061 Gflops/s) - 691 (759762 Gflops/s) - 685 (753165 Gflops/s) - 676 (743269 Gflops/s) | Temperatures: 60°C - 61°C - 74°C - 71°C - 61°C - 60°C - 72°C - 72°C | Throttling: None - None - None - None - None - None - None - None
682 (749866 Gflops/s) - 689 (757563 Gflops/s) - 680 (747667 Gflops/s) - 669 (735573 Gflops/s) - 693 (761961 Gflops/s) - 691 (759762 Gflops/s) - 686 (754264 Gflops/s) - 675 (742170 Gflops/s) | Temperatures: 60°C - 62°C - 73°C - 71°C - 61°C - 60°C - 72°C - 72°C | Throttling: None - None - None - None - None - None - None - None
683 (750966 Gflops/s) - 691 (759762 Gflops/s) - 680 (747667 Gflops/s) - 669 (735573 Gflops/s) - 693 (761961 Gflops/s) - 691 (759762 Gflops/s) - 684 (752065 Gflops/s) - 676 (743269 Gflops/s) | Temperatures: 60°C - 61°C - 73°C - 71°C - 61°C - 60°C - 72°C - 72°C | Throttling: None - None - None - None - None - None - None - None
681 (748767 Gflops/s) - 689 (757563 Gflops/s) - 679 (746568 Gflops/s) - 669 (735573 Gflops/s) - 693 (761961 Gflops/s) - 689 (757563 Gflops/s) - 683 (750966 Gflops/s) - 676 (743269 Gflops/s) | Temperatures: 60°C - 61°C - 73°C - 71°C - 61°C - 60°C - 72°C - 72°C | Throttling: None - None - None - None - None - None - None - None
682 (749866 Gflops/s) - 690 (758663 Gflops/s) - 679 (746568 Gflops/s) - 669 (735573 Gflops/s) - 693 (761961 Gflops/s) - 691 (759762 Gflops/s) - 685 (753165 Gflops/s) - 676 (743269 Gflops/s) | Temperatures: 60°C - 61°C - 74°C - 71°C - 61°C - 60°C - 72°C - 72°C | Throttling: None - None - None - None - None - None - None - None
682 (749866 Gflops/s) - 690 (758663 Gflops/s) - 679 (746568 Gflops/s) - 669 (735573 Gflops/s) - 693 (761961 Gflops/s) - 690 (758663 Gflops/s) - 689 (757563 Gflops/s) - 675 (742170 Gflops/s) | Temperatures: 60°C - 62°C - 73°C - 71°C - 61°C - 60°C - 72°C - 72°C | Throttling: None - None - None - None - None - None - None - None
683 (750966 Gflops/s) - 691 (759762 Gflops/s) - 680 (747667 Gflops/s) - 670 (736672 Gflops/s) - 693 (761961 Gflops/s) - 691 (759762 Gflops/s) - 680 (747667 Gflops/s) - 676 (743269 Gflops/s) | Temperatures: 60°C - 61°C - 73°C - 71°C - 61°C - 60°C - 72°C - 72°C | Throttling: None - None - None - None - None - None - None - None
682 (749866 Gflops/s) - 689 (757563 Gflops/s) - 685 (753165 Gflops/s) - 668 (734473 Gflops/s) - 692 (760862 Gflops/s) - 690 (758663 Gflops/s) - 684 (752065 Gflops/s) - 676 (743269 Gflops/s) | Temperatures: 60°C - 62°C - 73°C - 71°C - 61°C - 60°C - 72°C - 72°C | Throttling: None - None - None - None - None - None - None - None
682 (749866 Gflops/s) - 691 (759762 Gflops/s) - 674 (741070 Gflops/s) - 669 (735573 Gflops/s) - 692 (760862 Gflops/s) - 691 (759762 Gflops/s) - 684 (752065 Gflops/s) - 675 (742170 Gflops/s) | Temperatures: 60°C - 62°C - 73°C - 71°C - 61°C - 60°C - 72°C - 72°C | Throttling: None - None - None - None - None - None - None - None
682 (749866 Gflops/s) - 690 (758663 Gflops/s) - 680 (747667 Gflops/s) - 669 (735573 Gflops/s) - 693 (761961 Gflops/s) - 691 (759762 Gflops/s) - 684 (752065 Gflops/s) - 676 (743269 Gflops/s) | Temperatures: 60°C - 62°C - 73°C - 71°C - 61°C - 60°C - 72°C - 72°C | Throttling: None - None - None - None - None - None - None - None
682 (749866 Gflops/s) - 690 (758663 Gflops/s) - 679 (746568 Gflops/s) - 670 (736672 Gflops/s) - 694 (763061 Gflops/s) - 699 (768558 Gflops/s) - 682 (749866 Gflops/s) - 676 (743269 Gflops/s) | Temperatures: 59°C - 62°C - 74°C - 71°C - 61°C - 60°C - 72°C - 72°C | Throttling: None - None - None - None - None - None - None - None
689 (757563 Gflops/s) - 690 (758663 Gflops/s) - 680 (747667 Gflops/s) - 669 (735573 Gflops/s) - 693 (761961 Gflops/s) - 682 (749866 Gflops/s) - 684 (752065 Gflops/s) - 676 (743269 Gflops/s) | Temperatures: 60°C - 61°C - 73°C - 71°C - 61°C - 60°C - 72°C - 72°C | Throttling: None - None - None - None - None - None - None - None
676 (743269 Gflops/s) - 691 (759762 Gflops/s) - 678 (745468 Gflops/s) - 669 (735573 Gflops/s) - 692 (760862 Gflops/s) - 690 (758663 Gflops/s) - 683 (750966 Gflops/s) - 675 (742170 Gflops/s) | Temperatures: 60°C - 61°C - 73°C - 71°C - 61°C - 60°C - 72°C - 72°C | Throttling: None - None - None - None - None - None - None - None
682 (749866 Gflops/s) - 688 (756463 Gflops/s) - 679 (746568 Gflops/s) - 669 (735573 Gflops/s) - 694 (763061 Gflops/s) - 691 (759762 Gflops/s) - 684 (752065 Gflops/s) - 676 (743269 Gflops/s) | Temperatures: 60°C - 61°C - 73°C - 71°C - 61°C - 60°C - 72°C - 72°C | Throttling: None - None - None - None - None - None - None - None
683 (750966 Gflops/s) - 691 (759762 Gflops/s) - 680 (747667 Gflops/s) - 669 (735573 Gflops/s) - 693 (761961 Gflops/s) - 691 (759762 Gflops/s) - 685 (753165 Gflops/s) - 676 (743269 Gflops/s) | Temperatures: 60°C - 61°C - 73°C - 71°C - 61°C - 60°C - 72°C - 72°C | Throttling: None - None - None - None - None - None - None - None
682 (749866 Gflops/s) - 690 (758663 Gflops/s) - 678 (745468 Gflops/s) - 668 (734473 Gflops/s) - 692 (760862 Gflops/s) - 690 (758663 Gflops/s) - 681 (748767 Gflops/s) - 676 (743269 Gflops/s) | Temperatures: 60°C - 61°C - 73°C - 71°C - 61°C - 60°C - 72°C - 72°C | Throttling: None - None - None - None - None - None - None - None
681 (748767 Gflops/s) - 689 (757563 Gflops/s) - 679 (746568 Gflops/s) - 669 (735573 Gflops/s) - 693 (761961 Gflops/s) - 690 (758663 Gflops/s) - 682 (749866 Gflops/s) - 675 (742170 Gflops/s) | Temperatures: 60°C - 61°C - 73°C - 71°C - 61°C - 60°C - 72°C - 72°C | Throttling: None - None - None - None - None - None - None - None
667 (733374 Gflops/s) - 176 (193514 Gflops/s) - 375 (412316 Gflops/s) - 271 (297967 Gflops/s) - 285 (313360 Gflops/s) - 324 (356241 Gflops/s) - 243 (267181 Gflops/s) - 515 (566248 Gflops/s) | Temperatures: 60°C - 62°C - 73°C - 71°C - 61°C - 60°C - 72°C - 72°C | Throttling: None - None - None - None - None - None - None - None
GPU #0: 750940 Gflops/s (min: 733374.26, max: 767459.12, dev: 750940.26)
         Temperature: 59.06°C (min: 51.00, max: 60.00)
         Throttling HW: false, Thermal SW: false, Thermal HW: false
GPU #1: 757881 Gflops/s (min: 193514.05, max: 776255.21, dev: 757881.40)
         Temperature: 61.13°C (min: 53.00, max: 63.00)
         Throttling HW: false, Thermal SW: false, Thermal HW: false
GPU #2: 749231 Gflops/s (min: 412316.86, max: 770757.65, dev: 749231.16)
         Temperature: 71.78°C (min: 58.00, max: 74.00)
         Throttling HW: false, Thermal SW: false, Thermal HW: false
GPU #3: 737436 Gflops/s (min: 297967.65, max: 763061.07, dev: 737435.72)
         Temperature: 69.48°C (min: 55.00, max: 71.00)
         Throttling HW: false, Thermal SW: false, Thermal HW: false
GPU #4: 761116 Gflops/s (min: 313360.81, max: 779553.74, dev: 761116.36)
         Temperature: 60.85°C (min: 53.00, max: 62.00)
         Throttling HW: false, Thermal SW: false, Thermal HW: false
GPU #5: 758506 Gflops/s (min: 356241.77, max: 778454.23, dev: 758505.95)
         Temperature: 59.56°C (min: 51.00, max: 61.00)
         Throttling HW: false, Thermal SW: false, Thermal HW: false
GPU #6: 753951 Gflops/s (min: 267181.33, max: 772956.67, dev: 753950.83)
         Temperature: 70.44°C (min: 55.00, max: 72.00)
         Throttling HW: false, Thermal SW: false, Thermal HW: false
GPU #7: 744612 Gflops/s (min: 566248.49, max: 769658.14, dev: 744612.46)
         Temperature: 70.64°C (min: 56.00, max: 72.00)
         Throttling HW: false, Thermal SW: false, Thermal HW: false
All GPUs seem healthy
Freeing GPUs...
======== Run with bf16 ==========
Detected GPU #0: "NVIDIA B200" (6c5ffebd-4303-bffd-8270-ff71aa2863d9)
Detected GPU #1: "NVIDIA B200" (02a91c21-1299-65a8-e444-8fae3f5a94fd)
Detected GPU #2: "NVIDIA B200" (aba32cce-3041-135c-414a-b582a34c7494)
Detected GPU #3: "NVIDIA B200" (3d52b6ed-1104-9e50-7c15-072183140d99)
Detected GPU #4: "NVIDIA B200" (df9f87d8-b52b-b9f1-a236-31ab3bd860ef)
Detected GPU #5: "NVIDIA B200" (d3edf7cc-91c6-f324-af28-e178d917c279)
Detected GPU #6: "NVIDIA B200" (c2d79b9a-353e-3a89-a546-3f25b8ffbf65)
Detected GPU #7: "NVIDIA B200" (53eb9171-8f36-5d55-6e94-2c435ae56cde)
Using precision(s):  BF16 
Creating random matrices
Matrices created
GPU #0: Using 163805 MB
GPU #1: Using 163805 MB
GPU #2: Using 163805 MB
GPU #3: Using 163805 MB
GPU #4: Using 163805 MB
GPU #5: Using 163805 MB
GPU #6: Using 163805 MB
GPU #7: Using 163805 MB
1666 (1831786 Gflops/s) - 1239 (1362294 Gflops/s) - 1227 (1349100 Gflops/s) - 1077 (1184174 Gflops/s) - 1063 (1168780 Gflops/s) - 0 (0 Gflops/s) - 1105 (1214960 Gflops/s) - 621 (682796 Gflops/s) | Temperatures: 50°C - 49°C - 60°C - 56°C - 47°C - 41°C - 57°C - 58°C | Throttling: None - None - None - None - None - None - None - None
1326 (1457952 Gflops/s) - 1359 (1494236 Gflops/s) - 1351 (1485440 Gflops/s) - 1339 (1472246 Gflops/s) - 1378 (1515127 Gflops/s) - 2366 (2601444 Gflops/s) - 1353 (1487639 Gflops/s) - 1764 (1939538 Gflops/s) | Temperatures: 52°C - 53°C - 64°C - 61°C - 52°C - 52°C - 62°C - 62°C | Throttling: None - None - None - None - None - None - None - None
1333 (1465648 Gflops/s) - 1355 (1489838 Gflops/s) - 1348 (1482141 Gflops/s) - 1322 (1453554 Gflops/s) - 1357 (1492037 Gflops/s) - 1360 (1495335 Gflops/s) - 1346 (1479942 Gflops/s) - 1334 (1466748 Gflops/s) | Temperatures: 53°C - 54°C - 65°C - 62°C - 53°C - 53°C - 63°C - 63°C | Throttling: None - None - None - None - None - None - None - None
1332 (1464549 Gflops/s) - 1364 (1499733 Gflops/s) - 1350 (1484340 Gflops/s) - 1321 (1452454 Gflops/s) - 1363 (1498634 Gflops/s) - 1361 (1496435 Gflops/s) - 1345 (1478843 Gflops/s) - 1332 (1464549 Gflops/s) | Temperatures: 54°C - 55°C - 65°C - 63°C - 54°C - 54°C - 64°C - 64°C | Throttling: None - None - None - None - None - None - None - None
1328 (1460151 Gflops/s) - 1364 (1499733 Gflops/s) - 1350 (1484340 Gflops/s) - 1319 (1450255 Gflops/s) - 1370 (1506330 Gflops/s) - 1360 (1495335 Gflops/s) - 1343 (1476644 Gflops/s) - 1335 (1467848 Gflops/s) | Temperatures: 54°C - 56°C - 66°C - 63°C - 55°C - 55°C - 64°C - 64°C | Throttling: None - None - None - None - None - None - None - None
1321 (1452454 Gflops/s) - 1356 (1490937 Gflops/s) - 1347 (1481042 Gflops/s) - 1317 (1448056 Gflops/s) - 1365 (1500833 Gflops/s) - 1357 (1492037 Gflops/s) - 1342 (1475544 Gflops/s) - 1337 (1470047 Gflops/s) | Temperatures: 55°C - 56°C - 66°C - 64°C - 55°C - 55°C - 64°C - 64°C | Throttling: None - None - None - None - None - None - None - None
1322 (1453554 Gflops/s) - 1353 (1487639 Gflops/s) - 1350 (1484340 Gflops/s) - 1317 (1448056 Gflops/s) - 1368 (1504131 Gflops/s) - 1358 (1493136 Gflops/s) - 1348 (1482141 Gflops/s) - 1338 (1471146 Gflops/s) | Temperatures: 55°C - 56°C - 66°C - 64°C - 56°C - 55°C - 65°C - 65°C | Throttling: None - None - None - None - None - None - None - None
1319 (1450255 Gflops/s) - 1352 (1486539 Gflops/s) - 1348 (1482141 Gflops/s) - 1316 (1446957 Gflops/s) - 1366 (1501932 Gflops/s) - 1357 (1492037 Gflops/s) - 1348 (1482141 Gflops/s) - 1336 (1468947 Gflops/s) | Temperatures: 55°C - 56°C - 67°C - 64°C - 56°C - 55°C - 65°C - 65°C | Throttling: None - None - None - None - None - None - None - None
1317 (1448056 Gflops/s) - 1350 (1484340 Gflops/s) - 1347 (1481042 Gflops/s) - 1315 (1445857 Gflops/s) - 1366 (1501932 Gflops/s) - 1355 (1489838 Gflops/s) - 1351 (1485440 Gflops/s) - 1335 (1467848 Gflops/s) | Temperatures: 55°C - 57°C - 67°C - 64°C - 56°C - 56°C - 65°C - 65°C | Throttling: None - None - None - None - None - None - None - None
1319 (1450255 Gflops/s) - 1351 (1485440 Gflops/s) - 1348 (1482141 Gflops/s) - 1316 (1446957 Gflops/s) - 1367 (1503032 Gflops/s) - 1355 (1489838 Gflops/s) - 1346 (1479942 Gflops/s) - 1335 (1467848 Gflops/s) | Temperatures: 56°C - 57°C - 67°C - 65°C - 57°C - 56°C - 65°C - 66°C | Throttling: None - None - None - None - None - None - None - None
1333 (1465648 Gflops/s) - 1352 (1486539 Gflops/s) - 1346 (1479942 Gflops/s) - 1315 (1445857 Gflops/s) - 1367 (1503032 Gflops/s) - 1355 (1489838 Gflops/s) - 1347 (1481042 Gflops/s) - 1336 (1468947 Gflops/s) | Temperatures: 56°C - 57°C - 67°C - 65°C - 57°C - 56°C - 66°C - 66°C | Throttling: None - None - None - None - None - None - None - None
1332 (1464549 Gflops/s) - 1353 (1487639 Gflops/s) - 1347 (1481042 Gflops/s) - 1317 (1448056 Gflops/s) - 1364 (1499733 Gflops/s) - 1354 (1488738 Gflops/s) - 1343 (1476644 Gflops/s) - 1337 (1470047 Gflops/s) | Temperatures: 56°C - 58°C - 68°C - 65°C - 57°C - 57°C - 66°C - 66°C | Throttling: None - None - None - None - None - None - None - None
1330 (1462350 Gflops/s) - 1351 (1485440 Gflops/s) - 1345 (1478843 Gflops/s) - 1315 (1445857 Gflops/s) - 1366 (1501932 Gflops/s) - 1353 (1487639 Gflops/s) - 1341 (1474445 Gflops/s) - 1334 (1466748 Gflops/s) | Temperatures: 56°C - 58°C - 68°C - 65°C - 58°C - 57°C - 66°C - 66°C | Throttling: None - None - None - None - None - None - None - None
1334 (1466748 Gflops/s) - 1351 (1485440 Gflops/s) - 1345 (1478843 Gflops/s) - 1316 (1446957 Gflops/s) - 1363 (1498634 Gflops/s) - 1355 (1489838 Gflops/s) - 1346 (1479942 Gflops/s) - 1334 (1466748 Gflops/s) | Temperatures: 57°C - 58°C - 68°C - 66°C - 58°C - 57°C - 66°C - 66°C | Throttling: None - None - None - None - None - None - None - None
1333 (1465648 Gflops/s) - 1351 (1485440 Gflops/s) - 1345 (1478843 Gflops/s) - 1316 (1446957 Gflops/s) - 1361 (1496435 Gflops/s) - 1353 (1487639 Gflops/s) - 1342 (1475544 Gflops/s) - 1334 (1466748 Gflops/s) | Temperatures: 57°C - 58°C - 68°C - 66°C - 58°C - 57°C - 66°C - 67°C | Throttling: None - None - None - None - None - None - None - None
1328 (1460151 Gflops/s) - 1350 (1484340 Gflops/s) - 1345 (1478843 Gflops/s) - 1314 (1444758 Gflops/s) - 1361 (1496435 Gflops/s) - 1353 (1487639 Gflops/s) - 1341 (1474445 Gflops/s) - 1332 (1464549 Gflops/s) | Temperatures: 57°C - 59°C - 69°C - 66°C - 58°C - 58°C - 67°C - 67°C | Throttling: None - None - None - None - None - None - None - None
1332 (1464549 Gflops/s) - 1352 (1486539 Gflops/s) - 1343 (1476644 Gflops/s) - 1321 (1452454 Gflops/s) - 1364 (1499733 Gflops/s) - 1352 (1486539 Gflops/s) - 1339 (1472246 Gflops/s) - 1333 (1465648 Gflops/s) | Temperatures: 57°C - 59°C - 69°C - 67°C - 58°C - 58°C - 67°C - 67°C | Throttling: None - None - None - None - None - None - None - None
1334 (1466748 Gflops/s) - 1350 (1484340 Gflops/s) - 1344 (1477743 Gflops/s) - 1320 (1451355 Gflops/s) - 1360 (1495335 Gflops/s) - 1353 (1487639 Gflops/s) - 1342 (1475544 Gflops/s) - 1332 (1464549 Gflops/s) | Temperatures: 58°C - 59°C - 69°C - 67°C - 59°C - 58°C - 67°C - 67°C | Throttling: None - None - None - None - None - None - None - None
1331 (1463449 Gflops/s) - 1348 (1482141 Gflops/s) - 1341 (1474445 Gflops/s) - 1317 (1448056 Gflops/s) - 1360 (1495335 Gflops/s) - 1351 (1485440 Gflops/s) - 1339 (1472246 Gflops/s) - 1331 (1463449 Gflops/s) | Temperatures: 58°C - 59°C - 69°C - 67°C - 59°C - 58°C - 67°C - 67°C | Throttling: None - None - None - None - None - None - None - None
1333 (1465648 Gflops/s) - 1351 (1485440 Gflops/s) - 1342 (1475544 Gflops/s) - 1320 (1451355 Gflops/s) - 1358 (1493136 Gflops/s) - 1354 (1488738 Gflops/s) - 1342 (1475544 Gflops/s) - 1332 (1464549 Gflops/s) | Temperatures: 58°C - 59°C - 69°C - 67°C - 59°C - 58°C - 68°C - 68°C | Throttling: None - None - None - None - None - None - None - None
1331 (1463449 Gflops/s) - 1347 (1481042 Gflops/s) - 1342 (1475544 Gflops/s) - 1317 (1448056 Gflops/s) - 1355 (1489838 Gflops/s) - 1351 (1485440 Gflops/s) - 1340 (1473345 Gflops/s) - 1330 (1462350 Gflops/s) | Temperatures: 58°C - 59°C - 69°C - 67°C - 59°C - 58°C - 68°C - 68°C | Throttling: None - None - None - None - None - None - None - None
1330 (1462350 Gflops/s) - 1348 (1482141 Gflops/s) - 1345 (1478843 Gflops/s) - 1317 (1448056 Gflops/s) - 1358 (1493136 Gflops/s) - 1353 (1487639 Gflops/s) - 1340 (1473345 Gflops/s) - 1330 (1462350 Gflops/s) | Temperatures: 58°C - 59°C - 70°C - 67°C - 59°C - 59°C - 68°C - 68°C | Throttling: None - None - None - None - None - None - None - None
1330 (1462350 Gflops/s) - 1350 (1484340 Gflops/s) - 1343 (1476644 Gflops/s) - 1318 (1449156 Gflops/s) - 1358 (1493136 Gflops/s) - 1353 (1487639 Gflops/s) - 1342 (1475544 Gflops/s) - 1329 (1461250 Gflops/s) | Temperatures: 58°C - 60°C - 70°C - 68°C - 59°C - 59°C - 68°C - 68°C | Throttling: None - None - None - None - None - None - None - None
1329 (1461250 Gflops/s) - 1347 (1481042 Gflops/s) - 1339 (1472246 Gflops/s) - 1315 (1445857 Gflops/s) - 1355 (1489838 Gflops/s) - 1351 (1485440 Gflops/s) - 1338 (1471146 Gflops/s) - 1329 (1461250 Gflops/s) | Temperatures: 58°C - 60°C - 70°C - 68°C - 59°C - 59°C - 68°C - 68°C | Throttling: None - None - None - None - None - None - None - None
1330 (1462350 Gflops/s) - 1348 (1482141 Gflops/s) - 1343 (1476644 Gflops/s) - 1316 (1446957 Gflops/s) - 1358 (1493136 Gflops/s) - 1352 (1486539 Gflops/s) - 1341 (1474445 Gflops/s) - 1330 (1462350 Gflops/s) | Temperatures: 59°C - 60°C - 70°C - 68°C - 60°C - 59°C - 69°C - 69°C | Throttling: None - None - None - None - None - None - None - None
1330 (1462350 Gflops/s) - 1347 (1481042 Gflops/s) - 1341 (1474445 Gflops/s) - 1316 (1446957 Gflops/s) - 1356 (1490937 Gflops/s) - 1353 (1487639 Gflops/s) - 1341 (1474445 Gflops/s) - 1329 (1461250 Gflops/s) | Temperatures: 59°C - 60°C - 70°C - 68°C - 60°C - 59°C - 69°C - 69°C | Throttling: None - None - None - None - None - None - None - None
1329 (1461250 Gflops/s) - 1345 (1478843 Gflops/s) - 1340 (1473345 Gflops/s) - 1315 (1445857 Gflops/s) - 1357 (1492037 Gflops/s) - 1351 (1485440 Gflops/s) - 1337 (1470047 Gflops/s) - 1327 (1459051 Gflops/s) | Temperatures: 59°C - 60°C - 70°C - 68°C - 60°C - 59°C - 69°C - 69°C | Throttling: None - None - None - None - None - None - None - None
1328 (1460151 Gflops/s) - 1346 (1479942 Gflops/s) - 1343 (1476644 Gflops/s) - 1315 (1445857 Gflops/s) - 1353 (1487639 Gflops/s) - 1353 (1487639 Gflops/s) - 1338 (1471146 Gflops/s) - 1328 (1460151 Gflops/s) | Temperatures: 59°C - 60°C - 71°C - 68°C - 60°C - 59°C - 69°C - 69°C | Throttling: None - None - None - None - None - None - None - None
1329 (1461250 Gflops/s) - 1346 (1479942 Gflops/s) - 1341 (1474445 Gflops/s) - 1316 (1446957 Gflops/s) - 1356 (1490937 Gflops/s) - 1352 (1486539 Gflops/s) - 1337 (1470047 Gflops/s) - 1329 (1461250 Gflops/s) | Temperatures: 59°C - 60°C - 71°C - 69°C - 60°C - 59°C - 69°C - 69°C | Throttling: None - None - None - None - None - None - None - None
1329 (1461250 Gflops/s) - 1345 (1478843 Gflops/s) - 1340 (1473345 Gflops/s) - 1316 (1446957 Gflops/s) - 1354 (1488738 Gflops/s) - 1353 (1487639 Gflops/s) - 1337 (1470047 Gflops/s) - 1328 (1460151 Gflops/s) | Temperatures: 59°C - 60°C - 71°C - 69°C - 60°C - 59°C - 69°C - 69°C | Throttling: None - None - None - None - None - None - None - None
1326 (1457952 Gflops/s) - 1344 (1477743 Gflops/s) - 1338 (1471146 Gflops/s) - 1314 (1444758 Gflops/s) - 1357 (1492037 Gflops/s) - 1352 (1486539 Gflops/s) - 1333 (1465648 Gflops/s) - 1327 (1459051 Gflops/s) | Temperatures: 59°C - 61°C - 71°C - 69°C - 60°C - 59°C - 70°C - 70°C | Throttling: None - None - None - None - None - None - None - None
1330 (1462350 Gflops/s) - 1346 (1479942 Gflops/s) - 1340 (1473345 Gflops/s) - 1316 (1446957 Gflops/s) - 1352 (1486539 Gflops/s) - 1352 (1486539 Gflops/s) - 1334 (1466748 Gflops/s) - 1327 (1459051 Gflops/s) | Temperatures: 59°C - 61°C - 71°C - 69°C - 60°C - 60°C - 70°C - 70°C | Throttling: None - None - None - None - None - None - None - None
1327 (1459051 Gflops/s) - 1344 (1477743 Gflops/s) - 1338 (1471146 Gflops/s) - 1315 (1445857 Gflops/s) - 1354 (1488738 Gflops/s) - 1352 (1486539 Gflops/s) - 1334 (1466748 Gflops/s) - 1323 (1454653 Gflops/s) | Temperatures: 59°C - 61°C - 71°C - 69°C - 61°C - 60°C - 70°C - 70°C | Throttling: None - None - None - None - None - None - None - None
1327 (1459051 Gflops/s) - 1345 (1478843 Gflops/s) - 1338 (1471146 Gflops/s) - 1315 (1445857 Gflops/s) - 1351 (1485440 Gflops/s) - 1352 (1486539 Gflops/s) - 1338 (1471146 Gflops/s) - 1325 (1456852 Gflops/s) | Temperatures: 59°C - 61°C - 72°C - 69°C - 61°C - 60°C - 70°C - 70°C | Throttling: None - None - None - None - None - None - None - None
1327 (1459051 Gflops/s) - 1346 (1479942 Gflops/s) - 1338 (1471146 Gflops/s) - 1315 (1445857 Gflops/s) - 1353 (1487639 Gflops/s) - 1351 (1485440 Gflops/s) - 1334 (1466748 Gflops/s) - 1324 (1455753 Gflops/s) | Temperatures: 60°C - 61°C - 72°C - 69°C - 61°C - 60°C - 70°C - 70°C | Throttling: None - None - None - None - None - None - None - None
1327 (1459051 Gflops/s) - 1345 (1478843 Gflops/s) - 1338 (1471146 Gflops/s) - 1317 (1448056 Gflops/s) - 1352 (1486539 Gflops/s) - 1351 (1485440 Gflops/s) - 1336 (1468947 Gflops/s) - 1324 (1455753 Gflops/s) | Temperatures: 60°C - 61°C - 72°C - 70°C - 61°C - 60°C - 70°C - 70°C | Throttling: None - None - None - None - None - None - None - None
1325 (1456852 Gflops/s) - 1344 (1477743 Gflops/s) - 1337 (1470047 Gflops/s) - 1315 (1445857 Gflops/s) - 1351 (1485440 Gflops/s) - 1350 (1484340 Gflops/s) - 1332 (1464549 Gflops/s) - 1324 (1455753 Gflops/s) | Temperatures: 60°C - 61°C - 72°C - 70°C - 61°C - 60°C - 70°C - 70°C | Throttling: None - None - None - None - None - None - None - None
1328 (1460151 Gflops/s) - 1346 (1479942 Gflops/s) - 1338 (1471146 Gflops/s) - 1315 (1445857 Gflops/s) - 1353 (1487639 Gflops/s) - 1352 (1486539 Gflops/s) - 1333 (1465648 Gflops/s) - 1323 (1454653 Gflops/s) | Temperatures: 60°C - 61°C - 72°C - 70°C - 61°C - 60°C - 70°C - 70°C | Throttling: None - None - None - None - None - None - None - None
1327 (1459051 Gflops/s) - 1345 (1478843 Gflops/s) - 1337 (1470047 Gflops/s) - 1315 (1445857 Gflops/s) - 1352 (1486539 Gflops/s) - 1352 (1486539 Gflops/s) - 1336 (1468947 Gflops/s) - 1322 (1453554 Gflops/s) | Temperatures: 60°C - 61°C - 72°C - 70°C - 61°C - 60°C - 71°C - 71°C | Throttling: None - None - None - None - None - None - None - None
1329 (1461250 Gflops/s) - 1345 (1478843 Gflops/s) - 1338 (1471146 Gflops/s) - 1316 (1446957 Gflops/s) - 1351 (1485440 Gflops/s) - 1351 (1485440 Gflops/s) - 1333 (1465648 Gflops/s) - 1321 (1452454 Gflops/s) | Temperatures: 60°C - 61°C - 72°C - 70°C - 61°C - 60°C - 71°C - 71°C | Throttling: None - None - None - None - None - None - None - None
1325 (1456852 Gflops/s) - 1344 (1477743 Gflops/s) - 1335 (1467848 Gflops/s) - 1314 (1444758 Gflops/s) - 1350 (1484340 Gflops/s) - 1349 (1483241 Gflops/s) - 1331 (1463449 Gflops/s) - 1319 (1450255 Gflops/s) | Temperatures: 60°C - 61°C - 72°C - 70°C - 61°C - 60°C - 71°C - 71°C | Throttling: None - None - None - None - None - None - None - None
1329 (1461250 Gflops/s) - 1346 (1479942 Gflops/s) - 1336 (1468947 Gflops/s) - 1315 (1445857 Gflops/s) - 1351 (1485440 Gflops/s) - 1352 (1486539 Gflops/s) - 1334 (1466748 Gflops/s) - 1320 (1451355 Gflops/s) | Temperatures: 60°C - 62°C - 72°C - 70°C - 61°C - 61°C - 71°C - 71°C | Throttling: None - None - None - None - None - None - None - None
1328 (1460151 Gflops/s) - 1345 (1478843 Gflops/s) - 1337 (1470047 Gflops/s) - 1316 (1446957 Gflops/s) - 1352 (1486539 Gflops/s) - 1351 (1485440 Gflops/s) - 1335 (1467848 Gflops/s) - 1323 (1454653 Gflops/s) | Temperatures: 60°C - 62°C - 73°C - 70°C - 61°C - 60°C - 71°C - 71°C | Throttling: None - None - None - None - None - None - None - None
1326 (1457952 Gflops/s) - 1345 (1478843 Gflops/s) - 1334 (1466748 Gflops/s) - 1314 (1444758 Gflops/s) - 1351 (1485440 Gflops/s) - 1351 (1485440 Gflops/s) - 1330 (1462350 Gflops/s) - 1321 (1452454 Gflops/s) | Temperatures: 60°C - 62°C - 73°C - 71°C - 61°C - 60°C - 71°C - 71°C | Throttling: None - None - None - None - None - None - None - None
1325 (1456852 Gflops/s) - 1345 (1478843 Gflops/s) - 1335 (1467848 Gflops/s) - 1315 (1445857 Gflops/s) - 1351 (1485440 Gflops/s) - 1351 (1485440 Gflops/s) - 1331 (1463449 Gflops/s) - 1319 (1450255 Gflops/s) | Temperatures: 60°C - 62°C - 73°C - 71°C - 61°C - 60°C - 71°C - 71°C | Throttling: None - None - None - None - None - None - None - None
1325 (1456852 Gflops/s) - 1345 (1478843 Gflops/s) - 1334 (1466748 Gflops/s) - 1316 (1446957 Gflops/s) - 1351 (1485440 Gflops/s) - 1350 (1484340 Gflops/s) - 1332 (1464549 Gflops/s) - 1317 (1448056 Gflops/s) | Temperatures: 60°C - 62°C - 73°C - 71°C - 61°C - 61°C - 71°C - 71°C | Throttling: None - None - None - None - None - None - None - None
1325 (1456852 Gflops/s) - 1345 (1478843 Gflops/s) - 1335 (1467848 Gflops/s) - 1315 (1445857 Gflops/s) - 1351 (1485440 Gflops/s) - 1351 (1485440 Gflops/s) - 1330 (1462350 Gflops/s) - 1319 (1450255 Gflops/s) | Temperatures: 60°C - 62°C - 73°C - 71°C - 61°C - 61°C - 71°C - 71°C | Throttling: None - None - None - None - None - None - None - None
1324 (1455753 Gflops/s) - 1344 (1477743 Gflops/s) - 1332 (1464549 Gflops/s) - 1314 (1444758 Gflops/s) - 1350 (1484340 Gflops/s) - 1349 (1483241 Gflops/s) - 1330 (1462350 Gflops/s) - 1318 (1449156 Gflops/s) | Temperatures: 60°C - 62°C - 73°C - 71°C - 62°C - 61°C - 72°C - 72°C | Throttling: None - None - None - None - None - None - None - None
1327 (1459051 Gflops/s) - 1345 (1478843 Gflops/s) - 1336 (1468947 Gflops/s) - 1315 (1445857 Gflops/s) - 1351 (1485440 Gflops/s) - 1350 (1484340 Gflops/s) - 1330 (1462350 Gflops/s) - 1317 (1448056 Gflops/s) | Temperatures: 60°C - 62°C - 73°C - 71°C - 62°C - 61°C - 72°C - 72°C | Throttling: None - None - None - None - None - None - None - None
1324 (1455753 Gflops/s) - 1345 (1478843 Gflops/s) - 1334 (1466748 Gflops/s) - 1316 (1446957 Gflops/s) - 1350 (1484340 Gflops/s) - 1352 (1486539 Gflops/s) - 1330 (1462350 Gflops/s) - 1319 (1450255 Gflops/s) | Temperatures: 60°C - 62°C - 73°C - 71°C - 62°C - 61°C - 72°C - 72°C | Throttling: None - None - None - None - None - None - None - None
1327 (1459051 Gflops/s) - 1346 (1479942 Gflops/s) - 1335 (1467848 Gflops/s) - 1315 (1445857 Gflops/s) - 1350 (1484340 Gflops/s) - 1351 (1485440 Gflops/s) - 1332 (1464549 Gflops/s) - 1316 (1446957 Gflops/s) | Temperatures: 60°C - 62°C - 73°C - 71°C - 62°C - 61°C - 72°C - 72°C | Throttling: None - None - None - None - None - None - None - None
1326 (1457952 Gflops/s) - 1345 (1478843 Gflops/s) - 1334 (1466748 Gflops/s) - 1314 (1444758 Gflops/s) - 1350 (1484340 Gflops/s) - 1349 (1483241 Gflops/s) - 1330 (1462350 Gflops/s) - 1318 (1449156 Gflops/s) | Temperatures: 60°C - 62°C - 73°C - 71°C - 62°C - 61°C - 72°C - 72°C | Throttling: None - None - None - None - None - None - None - None
1326 (1457952 Gflops/s) - 1344 (1477743 Gflops/s) - 1334 (1466748 Gflops/s) - 1313 (1443658 Gflops/s) - 1350 (1484340 Gflops/s) - 1349 (1483241 Gflops/s) - 1329 (1461250 Gflops/s) - 1315 (1445857 Gflops/s) | Temperatures: 60°C - 62°C - 74°C - 71°C - 62°C - 61°C - 72°C - 72°C | Throttling: None - None - None - None - None - None - None - None
1327 (1459051 Gflops/s) - 1345 (1478843 Gflops/s) - 1335 (1467848 Gflops/s) - 1316 (1446957 Gflops/s) - 1350 (1484340 Gflops/s) - 1350 (1484340 Gflops/s) - 1331 (1463449 Gflops/s) - 1318 (1449156 Gflops/s) | Temperatures: 60°C - 62°C - 74°C - 72°C - 62°C - 61°C - 72°C - 72°C | Throttling: None - None - None - None - None - None - None - None
1324 (1455753 Gflops/s) - 1346 (1479942 Gflops/s) - 1334 (1466748 Gflops/s) - 1314 (1444758 Gflops/s) - 1350 (1484340 Gflops/s) - 1351 (1485440 Gflops/s) - 1331 (1463449 Gflops/s) - 1317 (1448056 Gflops/s) | Temperatures: 60°C - 62°C - 74°C - 72°C - 62°C - 61°C - 72°C - 72°C | Throttling: None - None - None - None - None - None - None - None
1325 (1456852 Gflops/s) - 1344 (1477743 Gflops/s) - 1335 (1467848 Gflops/s) - 1314 (1444758 Gflops/s) - 1349 (1483241 Gflops/s) - 1350 (1484340 Gflops/s) - 1329 (1461250 Gflops/s) - 1316 (1446957 Gflops/s) | Temperatures: 60°C - 62°C - 74°C - 72°C - 62°C - 61°C - 72°C - 72°C | Throttling: None - None - None - None - None - None - None - None
1326 (1457952 Gflops/s) - 1345 (1478843 Gflops/s) - 1334 (1466748 Gflops/s) - 1315 (1445857 Gflops/s) - 1348 (1482141 Gflops/s) - 1350 (1484340 Gflops/s) - 1330 (1462350 Gflops/s) - 1319 (1450255 Gflops/s) | Temperatures: 60°C - 62°C - 74°C - 72°C - 62°C - 61°C - 72°C - 72°C | Throttling: None - None - None - None - None - None - None - None
1325 (1456852 Gflops/s) - 1346 (1479942 Gflops/s) - 1333 (1465648 Gflops/s) - 1316 (1446957 Gflops/s) - 1350 (1484340 Gflops/s) - 1351 (1485440 Gflops/s) - 1330 (1462350 Gflops/s) - 1317 (1448056 Gflops/s) | Temperatures: 60°C - 62°C - 74°C - 72°C - 62°C - 61°C - 72°C - 72°C | Throttling: None - None - None - None - None - None - None - None
1323 (1454653 Gflops/s) - 1343 (1476644 Gflops/s) - 1333 (1465648 Gflops/s) - 1312 (1442559 Gflops/s) - 1349 (1483241 Gflops/s) - 1348 (1482141 Gflops/s) - 1329 (1461250 Gflops/s) - 1315 (1445857 Gflops/s) | Temperatures: 60°C - 62°C - 74°C - 72°C - 62°C - 61°C - 72°C - 72°C | Throttling: None - None - None - None - None - None - None - None
1326 (1457952 Gflops/s) - 1346 (1479942 Gflops/s) - 1333 (1465648 Gflops/s) - 1315 (1445857 Gflops/s) - 1349 (1483241 Gflops/s) - 1349 (1483241 Gflops/s) - 1329 (1461250 Gflops/s) - 1316 (1446957 Gflops/s) | Temperatures: 60°C - 62°C - 74°C - 72°C - 62°C - 61°C - 72°C - 72°C | Throttling: None - None - None - None - None - None - None - None
1326 (1457952 Gflops/s) - 1345 (1478843 Gflops/s) - 1334 (1466748 Gflops/s) - 1316 (1446957 Gflops/s) - 1348 (1482141 Gflops/s) - 1351 (1485440 Gflops/s) - 1333 (1465648 Gflops/s) - 1317 (1448056 Gflops/s) | Temperatures: 60°C - 62°C - 74°C - 72°C - 62°C - 61°C - 72°C - 72°C | Throttling: None - None - None - None - None - None - None - None
1323 (1454653 Gflops/s) - 1344 (1477743 Gflops/s) - 1332 (1464549 Gflops/s) - 1314 (1444758 Gflops/s) - 1348 (1482141 Gflops/s) - 1348 (1482141 Gflops/s) - 1330 (1462350 Gflops/s) - 1314 (1444758 Gflops/s) | Temperatures: 60°C - 62°C - 74°C - 72°C - 62°C - 61°C - 72°C - 72°C | Throttling: None - None - None - None - None - None - None - None
1327 (1459051 Gflops/s) - 1345 (1478843 Gflops/s) - 1335 (1467848 Gflops/s) - 1314 (1444758 Gflops/s) - 1350 (1484340 Gflops/s) - 1350 (1484340 Gflops/s) - 1330 (1462350 Gflops/s) - 1317 (1448056 Gflops/s) | Temperatures: 60°C - 62°C - 74°C - 71°C - 62°C - 61°C - 72°C - 72°C | Throttling: None - None - None - None - None - None - None - None
1324 (1455753 Gflops/s) - 1345 (1478843 Gflops/s) - 1333 (1465648 Gflops/s) - 1313 (1443658 Gflops/s) - 1348 (1482141 Gflops/s) - 1350 (1484340 Gflops/s) - 1329 (1461250 Gflops/s) - 1317 (1448056 Gflops/s) | Temperatures: 60°C - 62°C - 74°C - 72°C - 62°C - 61°C - 72°C - 72°C | Throttling: None - None - None - None - None - None - None - None
1326 (1457952 Gflops/s) - 1345 (1478843 Gflops/s) - 1330 (1462350 Gflops/s) - 1315 (1445857 Gflops/s) - 1349 (1483241 Gflops/s) - 1350 (1484340 Gflops/s) - 1331 (1463449 Gflops/s) - 1314 (1444758 Gflops/s) | Temperatures: 60°C - 62°C - 74°C - 72°C - 62°C - 61°C - 72°C - 72°C | Throttling: None - None - None - None - None - None - None - None
1326 (1457952 Gflops/s) - 1345 (1478843 Gflops/s) - 1335 (1467848 Gflops/s) - 1315 (1445857 Gflops/s) - 1347 (1481042 Gflops/s) - 1351 (1485440 Gflops/s) - 1330 (1462350 Gflops/s) - 1317 (1448056 Gflops/s) | Temperatures: 60°C - 62°C - 74°C - 71°C - 62°C - 61°C - 72°C - 72°C | Throttling: None - None - None - None - None - None - None - None
1324 (1455753 Gflops/s) - 1344 (1477743 Gflops/s) - 1331 (1463449 Gflops/s) - 1313 (1443658 Gflops/s) - 1348 (1482141 Gflops/s) - 1351 (1485440 Gflops/s) - 1328 (1460151 Gflops/s) - 1313 (1443658 Gflops/s) | Temperatures: 60°C - 62°C - 74°C - 71°C - 62°C - 61°C - 72°C - 72°C | Throttling: None - None - None - None - None - None - None - None
1325 (1456852 Gflops/s) - 1346 (1479942 Gflops/s) - 1335 (1467848 Gflops/s) - 1315 (1445857 Gflops/s) - 1349 (1483241 Gflops/s) - 1351 (1485440 Gflops/s) - 1330 (1462350 Gflops/s) - 1318 (1449156 Gflops/s) | Temperatures: 60°C - 62°C - 74°C - 71°C - 62°C - 61°C - 72°C - 72°C | Throttling: None - None - None - None - None - None - None - None
1325 (1456852 Gflops/s) - 1345 (1478843 Gflops/s) - 1334 (1466748 Gflops/s) - 1311 (1441459 Gflops/s) - 1350 (1484340 Gflops/s) - 1350 (1484340 Gflops/s) - 1331 (1463449 Gflops/s) - 1316 (1446957 Gflops/s) | Temperatures: 60°C - 62°C - 74°C - 71°C - 62°C - 60°C - 72°C - 72°C | Throttling: None - None - None - None - None - None - None - None
1324 (1455753 Gflops/s) - 1343 (1476644 Gflops/s) - 1331 (1463449 Gflops/s) - 1312 (1442559 Gflops/s) - 1347 (1481042 Gflops/s) - 1349 (1483241 Gflops/s) - 1327 (1459051 Gflops/s) - 1314 (1444758 Gflops/s) | Temperatures: 60°C - 62°C - 74°C - 71°C - 62°C - 61°C - 72°C - 72°C | Throttling: None - None - None - None - None - None - None - None
1326 (1457952 Gflops/s) - 1346 (1479942 Gflops/s) - 1333 (1465648 Gflops/s) - 1315 (1445857 Gflops/s) - 1351 (1485440 Gflops/s) - 1351 (1485440 Gflops/s) - 1331 (1463449 Gflops/s) - 1315 (1445857 Gflops/s) | Temperatures: 60°C - 62°C - 74°C - 71°C - 62°C - 61°C - 72°C - 72°C | Throttling: None - None - None - None - None - None - None - None
1325 (1456852 Gflops/s) - 1345 (1478843 Gflops/s) - 1333 (1465648 Gflops/s) - 1315 (1445857 Gflops/s) - 1349 (1483241 Gflops/s) - 1351 (1485440 Gflops/s) - 1330 (1462350 Gflops/s) - 1316 (1446957 Gflops/s) | Temperatures: 60°C - 62°C - 74°C - 71°C - 61°C - 60°C - 72°C - 72°C | Throttling: None - None - None - None - None - None - None - None
1325 (1456852 Gflops/s) - 1343 (1476644 Gflops/s) - 1332 (1464549 Gflops/s) - 1313 (1443658 Gflops/s) - 1348 (1482141 Gflops/s) - 1349 (1483241 Gflops/s) - 1329 (1461250 Gflops/s) - 1315 (1445857 Gflops/s) | Temperatures: 60°C - 62°C - 74°C - 71°C - 61°C - 60°C - 72°C - 72°C | Throttling: None - None - None - None - None - None - None - None
1325 (1456852 Gflops/s) - 1345 (1478843 Gflops/s) - 1334 (1466748 Gflops/s) - 1314 (1444758 Gflops/s) - 1349 (1483241 Gflops/s) - 1351 (1485440 Gflops/s) - 1331 (1463449 Gflops/s) - 1315 (1445857 Gflops/s) | Temperatures: 60°C - 62°C - 74°C - 71°C - 61°C - 61°C - 72°C - 72°C | Throttling: None - None - None - None - None - None - None - None
1326 (1457952 Gflops/s) - 1346 (1479942 Gflops/s) - 1334 (1466748 Gflops/s) - 1315 (1445857 Gflops/s) - 1349 (1483241 Gflops/s) - 1351 (1485440 Gflops/s) - 1330 (1462350 Gflops/s) - 1316 (1446957 Gflops/s) | Temperatures: 60°C - 62°C - 74°C - 71°C - 61°C - 61°C - 72°C - 72°C | Throttling: None - None - None - None - None - None - None - None
1325 (1456852 Gflops/s) - 1344 (1477743 Gflops/s) - 1331 (1463449 Gflops/s) - 1312 (1442559 Gflops/s) - 1348 (1482141 Gflops/s) - 1350 (1484340 Gflops/s) - 1329 (1461250 Gflops/s) - 1315 (1445857 Gflops/s) | Temperatures: 60°C - 62°C - 74°C - 72°C - 61°C - 61°C - 72°C - 72°C | Throttling: None - None - None - None - None - None - None - None
1326 (1457952 Gflops/s) - 1345 (1478843 Gflops/s) - 1332 (1464549 Gflops/s) - 1313 (1443658 Gflops/s) - 1350 (1484340 Gflops/s) - 1351 (1485440 Gflops/s) - 1327 (1459051 Gflops/s) - 1316 (1446957 Gflops/s) | Temperatures: 60°C - 62°C - 74°C - 71°C - 61°C - 60°C - 72°C - 72°C | Throttling: None - None - None - None - None - None - None - None
1326 (1457952 Gflops/s) - 1345 (1478843 Gflops/s) - 1333 (1465648 Gflops/s) - 1314 (1444758 Gflops/s) - 1348 (1482141 Gflops/s) - 1350 (1484340 Gflops/s) - 1329 (1461250 Gflops/s) - 1315 (1445857 Gflops/s) | Temperatures: 60°C - 62°C - 74°C - 71°C - 61°C - 61°C - 72°C - 72°C | Throttling: None - None - None - None - None - None - None - None
1325 (1456852 Gflops/s) - 1343 (1476644 Gflops/s) - 1331 (1463449 Gflops/s) - 1313 (1443658 Gflops/s) - 1348 (1482141 Gflops/s) - 1348 (1482141 Gflops/s) - 1331 (1463449 Gflops/s) - 1315 (1445857 Gflops/s) | Temperatures: 60°C - 62°C - 74°C - 71°C - 61°C - 60°C - 72°C - 72°C | Throttling: None - None - None - None - None - None - None - None
1325 (1456852 Gflops/s) - 1345 (1478843 Gflops/s) - 1333 (1465648 Gflops/s) - 1315 (1445857 Gflops/s) - 1350 (1484340 Gflops/s) - 1351 (1485440 Gflops/s) - 1332 (1464549 Gflops/s) - 1315 (1445857 Gflops/s) | Temperatures: 60°C - 62°C - 74°C - 71°C - 61°C - 60°C - 72°C - 72°C | Throttling: None - None - None - None - None - None - None - None
1325 (1456852 Gflops/s) - 1345 (1478843 Gflops/s) - 1334 (1466748 Gflops/s) - 1313 (1443658 Gflops/s) - 1350 (1484340 Gflops/s) - 1349 (1483241 Gflops/s) - 1328 (1460151 Gflops/s) - 1317 (1448056 Gflops/s) | Temperatures: 60°C - 62°C - 74°C - 71°C - 61°C - 60°C - 72°C - 72°C | Throttling: None - None - None - None - None - None - None - None
1326 (1457952 Gflops/s) - 1346 (1479942 Gflops/s) - 1334 (1466748 Gflops/s) - 1312 (1442559 Gflops/s) - 1350 (1484340 Gflops/s) - 1352 (1486539 Gflops/s) - 1330 (1462350 Gflops/s) - 1316 (1446957 Gflops/s) | Temperatures: 60°C - 62°C - 74°C - 71°C - 61°C - 61°C - 72°C - 72°C | Throttling: None - None - None - None - None - None - None - None
1325 (1456852 Gflops/s) - 1344 (1477743 Gflops/s) - 1332 (1464549 Gflops/s) - 1313 (1443658 Gflops/s) - 1348 (1482141 Gflops/s) - 1350 (1484340 Gflops/s) - 1329 (1461250 Gflops/s) - 1315 (1445857 Gflops/s) | Temperatures: 60°C - 62°C - 74°C - 72°C - 61°C - 61°C - 72°C - 72°C | Throttling: None - None - None - None - None - None - None - None
1326 (1457952 Gflops/s) - 1345 (1478843 Gflops/s) - 1335 (1467848 Gflops/s) - 1314 (1444758 Gflops/s) - 1350 (1484340 Gflops/s) - 1351 (1485440 Gflops/s) - 1330 (1462350 Gflops/s) - 1316 (1446957 Gflops/s) | Temperatures: 60°C - 62°C - 74°C - 71°C - 61°C - 61°C - 72°C - 72°C | Throttling: None - None - None - None - None - None - None - None
1326 (1457952 Gflops/s) - 1344 (1477743 Gflops/s) - 1331 (1463449 Gflops/s) - 1312 (1442559 Gflops/s) - 1349 (1483241 Gflops/s) - 1350 (1484340 Gflops/s) - 1329 (1461250 Gflops/s) - 1315 (1445857 Gflops/s) | Temperatures: 60°C - 62°C - 74°C - 71°C - 61°C - 61°C - 72°C - 72°C | Throttling: None - None - None - None - None - None - None - None
1326 (1457952 Gflops/s) - 1345 (1478843 Gflops/s) - 1332 (1464549 Gflops/s) - 1315 (1445857 Gflops/s) - 1349 (1483241 Gflops/s) - 1350 (1484340 Gflops/s) - 1330 (1462350 Gflops/s) - 1315 (1445857 Gflops/s) | Temperatures: 60°C - 62°C - 74°C - 71°C - 61°C - 60°C - 72°C - 72°C | Throttling: None - None - None - None - None - None - None - None
1326 (1457952 Gflops/s) - 1346 (1479942 Gflops/s) - 1331 (1463449 Gflops/s) - 1314 (1444758 Gflops/s) - 1351 (1485440 Gflops/s) - 1352 (1486539 Gflops/s) - 1330 (1462350 Gflops/s) - 1317 (1448056 Gflops/s) | Temperatures: 60°C - 62°C - 74°C - 71°C - 61°C - 61°C - 72°C - 72°C | Throttling: None - None - None - None - None - None - None - None
1325 (1456852 Gflops/s) - 1344 (1477743 Gflops/s) - 1330 (1462350 Gflops/s) - 1313 (1443658 Gflops/s) - 1348 (1482141 Gflops/s) - 1350 (1484340 Gflops/s) - 1328 (1460151 Gflops/s) - 1318 (1449156 Gflops/s) | Temperatures: 60°C - 62°C - 74°C - 71°C - 61°C - 60°C - 72°C - 72°C | Throttling: None - None - None - None - None - None - None - None
1328 (1460151 Gflops/s) - 1345 (1478843 Gflops/s) - 1332 (1464549 Gflops/s) - 1313 (1443658 Gflops/s) - 1351 (1485440 Gflops/s) - 1351 (1485440 Gflops/s) - 1330 (1462350 Gflops/s) - 1316 (1446957 Gflops/s) | Temperatures: 60°C - 62°C - 74°C - 71°C - 61°C - 61°C - 72°C - 72°C | Throttling: None - None - None - None - None - None - None - None
1328 (1460151 Gflops/s) - 1345 (1478843 Gflops/s) - 1333 (1465648 Gflops/s) - 1314 (1444758 Gflops/s) - 1350 (1484340 Gflops/s) - 1349 (1483241 Gflops/s) - 1331 (1463449 Gflops/s) - 1317 (1448056 Gflops/s) | Temperatures: 60°C - 62°C - 74°C - 71°C - 61°C - 60°C - 72°C - 72°C | Throttling: None - None - None - None - None - None - None - None
1325 (1456852 Gflops/s) - 1344 (1477743 Gflops/s) - 1332 (1464549 Gflops/s) - 1314 (1444758 Gflops/s) - 1349 (1483241 Gflops/s) - 1348 (1482141 Gflops/s) - 1329 (1461250 Gflops/s) - 1315 (1445857 Gflops/s) | Temperatures: 60°C - 62°C - 74°C - 71°C - 61°C - 60°C - 72°C - 72°C | Throttling: None - None - None - None - None - None - None - None
1327 (1459051 Gflops/s) - 1346 (1479942 Gflops/s) - 1332 (1464549 Gflops/s) - 1313 (1443658 Gflops/s) - 1350 (1484340 Gflops/s) - 1350 (1484340 Gflops/s) - 1330 (1462350 Gflops/s) - 1315 (1445857 Gflops/s) | Temperatures: 60°C - 62°C - 74°C - 72°C - 61°C - 61°C - 72°C - 72°C | Throttling: None - None - None - None - None - None - None - None
1326 (1457952 Gflops/s) - 1344 (1477743 Gflops/s) - 1334 (1466748 Gflops/s) - 1315 (1445857 Gflops/s) - 1348 (1482141 Gflops/s) - 1349 (1483241 Gflops/s) - 1331 (1463449 Gflops/s) - 1318 (1449156 Gflops/s) | Temperatures: 60°C - 62°C - 74°C - 71°C - 61°C - 61°C - 72°C - 72°C | Throttling: None - None - None - None - None - None - None - None
1324 (1455753 Gflops/s) - 1344 (1477743 Gflops/s) - 1331 (1463449 Gflops/s) - 1313 (1443658 Gflops/s) - 1349 (1483241 Gflops/s) - 1349 (1483241 Gflops/s) - 1327 (1459051 Gflops/s) - 1314 (1444758 Gflops/s) | Temperatures: 60°C - 62°C - 74°C - 71°C - 61°C - 61°C - 72°C - 72°C | Throttling: None - None - None - None - None - None - None - None
1328 (1460151 Gflops/s) - 1346 (1479942 Gflops/s) - 1333 (1465648 Gflops/s) - 1314 (1444758 Gflops/s) - 1351 (1485440 Gflops/s) - 1351 (1485440 Gflops/s) - 1330 (1462350 Gflops/s) - 1315 (1445857 Gflops/s) | Temperatures: 60°C - 62°C - 74°C - 71°C - 61°C - 61°C - 72°C - 72°C | Throttling: None - None - None - None - None - None - None - None
1328 (1460151 Gflops/s) - 1345 (1478843 Gflops/s) - 1334 (1466748 Gflops/s) - 1313 (1443658 Gflops/s) - 1349 (1483241 Gflops/s) - 1349 (1483241 Gflops/s) - 1331 (1463449 Gflops/s) - 1315 (1445857 Gflops/s) | Temperatures: 60°C - 62°C - 74°C - 71°C - 61°C - 60°C - 72°C - 72°C | Throttling: None - None - None - None - None - None - None - None
1325 (1456852 Gflops/s) - 1344 (1477743 Gflops/s) - 1331 (1463449 Gflops/s) - 1312 (1442559 Gflops/s) - 1348 (1482141 Gflops/s) - 1350 (1484340 Gflops/s) - 1328 (1460151 Gflops/s) - 1317 (1448056 Gflops/s) | Temperatures: 60°C - 62°C - 74°C - 71°C - 61°C - 60°C - 72°C - 72°C | Throttling: None - None - None - None - None - None - None - None
1327 (1459051 Gflops/s) - 1345 (1478843 Gflops/s) - 1334 (1466748 Gflops/s) - 1316 (1446957 Gflops/s) - 1349 (1483241 Gflops/s) - 1350 (1484340 Gflops/s) - 1329 (1461250 Gflops/s) - 1316 (1446957 Gflops/s) | Temperatures: 60°C - 62°C - 74°C - 72°C - 61°C - 60°C - 72°C - 72°C | Throttling: None - None - None - None - None - None - None - None
1326 (1457952 Gflops/s) - 1346 (1479942 Gflops/s) - 1333 (1465648 Gflops/s) - 1314 (1444758 Gflops/s) - 1349 (1483241 Gflops/s) - 1350 (1484340 Gflops/s) - 1328 (1460151 Gflops/s) - 1318 (1449156 Gflops/s) | Temperatures: 60°C - 62°C - 74°C - 71°C - 61°C - 60°C - 72°C - 72°C | Throttling: None - None - None - None - None - None - None - None
1326 (1457952 Gflops/s) - 1343 (1476644 Gflops/s) - 1332 (1464549 Gflops/s) - 1311 (1441459 Gflops/s) - 1348 (1482141 Gflops/s) - 1349 (1483241 Gflops/s) - 1330 (1462350 Gflops/s) - 1314 (1444758 Gflops/s) | Temperatures: 60°C - 62°C - 74°C - 71°C - 61°C - 61°C - 72°C - 72°C | Throttling: None - None - None - None - None - None - None - None
1326 (1457952 Gflops/s) - 1345 (1478843 Gflops/s) - 1332 (1464549 Gflops/s) - 1312 (1442559 Gflops/s) - 1348 (1482141 Gflops/s) - 1350 (1484340 Gflops/s) - 1328 (1460151 Gflops/s) - 1315 (1445857 Gflops/s) | Temperatures: 60°C - 62°C - 74°C - 71°C - 61°C - 61°C - 72°C - 72°C | Throttling: None - None - None - None - None - None - None - None
1326 (1457952 Gflops/s) - 1345 (1478843 Gflops/s) - 1332 (1464549 Gflops/s) - 1315 (1445857 Gflops/s) - 1350 (1484340 Gflops/s) - 1352 (1486539 Gflops/s) - 1329 (1461250 Gflops/s) - 1316 (1446957 Gflops/s) | Temperatures: 60°C - 62°C - 74°C - 71°C - 61°C - 61°C - 72°C - 72°C | Throttling: None - None - None - None - None - None - None - None
1326 (1457952 Gflops/s) - 1344 (1477743 Gflops/s) - 1329 (1461250 Gflops/s) - 1312 (1442559 Gflops/s) - 1347 (1481042 Gflops/s) - 1349 (1483241 Gflops/s) - 1327 (1459051 Gflops/s) - 1316 (1446957 Gflops/s) | Temperatures: 60°C - 62°C - 74°C - 71°C - 61°C - 60°C - 72°C - 72°C | Throttling: None - None - None - None - None - None - None - None
1327 (1459051 Gflops/s) - 1345 (1478843 Gflops/s) - 1331 (1463449 Gflops/s) - 1314 (1444758 Gflops/s) - 1351 (1485440 Gflops/s) - 1352 (1486539 Gflops/s) - 1331 (1463449 Gflops/s) - 1317 (1448056 Gflops/s) | Temperatures: 60°C - 62°C - 74°C - 71°C - 61°C - 61°C - 72°C - 72°C | Throttling: None - None - None - None - None - None - None - None
1329 (1461250 Gflops/s) - 1344 (1477743 Gflops/s) - 1330 (1462350 Gflops/s) - 1313 (1443658 Gflops/s) - 1350 (1484340 Gflops/s) - 1349 (1483241 Gflops/s) - 1329 (1461250 Gflops/s) - 1314 (1444758 Gflops/s) | Temperatures: 60°C - 62°C - 74°C - 71°C - 61°C - 60°C - 72°C - 72°C | Throttling: None - None - None - None - None - None - None - None
1325 (1456852 Gflops/s) - 1345 (1478843 Gflops/s) - 1330 (1462350 Gflops/s) - 1312 (1442559 Gflops/s) - 1349 (1483241 Gflops/s) - 1350 (1484340 Gflops/s) - 1329 (1461250 Gflops/s) - 1315 (1445857 Gflops/s) | Temperatures: 60°C - 62°C - 74°C - 71°C - 61°C - 61°C - 72°C - 72°C | Throttling: None - None - None - None - None - None - None - None
1327 (1459051 Gflops/s) - 1344 (1477743 Gflops/s) - 1331 (1463449 Gflops/s) - 1314 (1444758 Gflops/s) - 1350 (1484340 Gflops/s) - 1352 (1486539 Gflops/s) - 1330 (1462350 Gflops/s) - 1315 (1445857 Gflops/s) | Temperatures: 60°C - 62°C - 74°C - 71°C - 61°C - 61°C - 72°C - 72°C | Throttling: None - None - None - None - None - None - None - None
1329 (1461250 Gflops/s) - 1345 (1478843 Gflops/s) - 1333 (1465648 Gflops/s) - 1314 (1444758 Gflops/s) - 1350 (1484340 Gflops/s) - 1350 (1484340 Gflops/s) - 1329 (1461250 Gflops/s) - 1318 (1449156 Gflops/s) | Temperatures: 60°C - 62°C - 74°C - 71°C - 61°C - 60°C - 72°C - 72°C | Throttling: None - None - None - None - None - None - None - None
1324 (1455753 Gflops/s) - 1343 (1476644 Gflops/s) - 1329 (1461250 Gflops/s) - 1311 (1441459 Gflops/s) - 1349 (1483241 Gflops/s) - 1349 (1483241 Gflops/s) - 1328 (1460151 Gflops/s) - 1315 (1445857 Gflops/s) | Temperatures: 60°C - 62°C - 74°C - 71°C - 61°C - 61°C - 72°C - 72°C | Throttling: None - None - None - None - None - None - None - None
1328 (1460151 Gflops/s) - 1346 (1479942 Gflops/s) - 1333 (1465648 Gflops/s) - 1314 (1444758 Gflops/s) - 1350 (1484340 Gflops/s) - 1349 (1483241 Gflops/s) - 1329 (1461250 Gflops/s) - 1315 (1445857 Gflops/s) | Temperatures: 60°C - 62°C - 74°C - 71°C - 61°C - 61°C - 72°C - 72°C | Throttling: None - None - None - None - None - None - None - None
1327 (1459051 Gflops/s) - 1344 (1477743 Gflops/s) - 1332 (1464549 Gflops/s) - 1315 (1445857 Gflops/s) - 1350 (1484340 Gflops/s) - 1348 (1482141 Gflops/s) - 1331 (1463449 Gflops/s) - 1317 (1448056 Gflops/s) | Temperatures: 60°C - 62°C - 74°C - 71°C - 61°C - 60°C - 72°C - 72°C | Throttling: None - None - None - None - None - None - None - None
1326 (1457952 Gflops/s) - 1343 (1476644 Gflops/s) - 1331 (1463449 Gflops/s) - 1313 (1443658 Gflops/s) - 1348 (1482141 Gflops/s) - 1349 (1483241 Gflops/s) - 1328 (1460151 Gflops/s) - 1315 (1445857 Gflops/s) | Temperatures: 60°C - 62°C - 74°C - 71°C - 61°C - 60°C - 72°C - 72°C | Throttling: None - None - None - None - None - None - None - None
1328 (1460151 Gflops/s) - 1345 (1478843 Gflops/s) - 1333 (1465648 Gflops/s) - 1312 (1442559 Gflops/s) - 1350 (1484340 Gflops/s) - 1351 (1485440 Gflops/s) - 1328 (1460151 Gflops/s) - 1315 (1445857 Gflops/s) | Temperatures: 60°C - 62°C - 74°C - 71°C - 61°C - 60°C - 72°C - 72°C | Throttling: None - None - None - None - None - None - None - None
1326 (1457952 Gflops/s) - 1345 (1478843 Gflops/s) - 1332 (1464549 Gflops/s) - 1314 (1444758 Gflops/s) - 1350 (1484340 Gflops/s) - 1350 (1484340 Gflops/s) - 1328 (1460151 Gflops/s) - 1317 (1448056 Gflops/s) | Temperatures: 60°C - 62°C - 74°C - 71°C - 61°C - 61°C - 72°C - 72°C | Throttling: None - None - None - None - None - None - None - None
1325 (1456852 Gflops/s) - 1344 (1477743 Gflops/s) - 1332 (1464549 Gflops/s) - 1313 (1443658 Gflops/s) - 1350 (1484340 Gflops/s) - 1350 (1484340 Gflops/s) - 1328 (1460151 Gflops/s) - 1316 (1446957 Gflops/s) | Temperatures: 60°C - 62°C - 74°C - 71°C - 61°C - 61°C - 72°C - 72°C | Throttling: None - None - None - None - None - None - None - None
1328 (1460151 Gflops/s) - 1345 (1478843 Gflops/s) - 1331 (1463449 Gflops/s) - 1313 (1443658 Gflops/s) - 1349 (1483241 Gflops/s) - 1350 (1484340 Gflops/s) - 1328 (1460151 Gflops/s) - 1316 (1446957 Gflops/s) | Temperatures: 60°C - 62°C - 74°C - 71°C - 61°C - 60°C - 72°C - 72°C | Throttling: None - None - None - None - None - None - None - None
1326 (1457952 Gflops/s) - 1344 (1477743 Gflops/s) - 1331 (1463449 Gflops/s) - 1314 (1444758 Gflops/s) - 1347 (1481042 Gflops/s) - 1350 (1484340 Gflops/s) - 1327 (1459051 Gflops/s) - 1314 (1444758 Gflops/s) | Temperatures: 60°C - 62°C - 74°C - 71°C - 61°C - 61°C - 72°C - 72°C | Throttling: None - None - None - None - None - None - None - None
1327 (1459051 Gflops/s) - 1346 (1479942 Gflops/s) - 1331 (1463449 Gflops/s) - 1314 (1444758 Gflops/s) - 1351 (1485440 Gflops/s) - 1349 (1483241 Gflops/s) - 1330 (1462350 Gflops/s) - 1317 (1448056 Gflops/s) | Temperatures: 60°C - 62°C - 74°C - 71°C - 61°C - 60°C - 72°C - 72°C | Throttling: None - None - None - None - None - None - None - None
1326 (1457952 Gflops/s) - 1343 (1476644 Gflops/s) - 1330 (1462350 Gflops/s) - 1312 (1442559 Gflops/s) - 1350 (1484340 Gflops/s) - 1348 (1482141 Gflops/s) - 1327 (1459051 Gflops/s) - 1312 (1442559 Gflops/s) | Temperatures: 60°C - 62°C - 74°C - 71°C - 61°C - 60°C - 72°C - 72°C | Throttling: None - None - None - None - None - None - None - None
1327 (1459051 Gflops/s) - 1345 (1478843 Gflops/s) - 1333 (1465648 Gflops/s) - 1313 (1443658 Gflops/s) - 1350 (1484340 Gflops/s) - 1351 (1485440 Gflops/s) - 1327 (1459051 Gflops/s) - 1314 (1444758 Gflops/s) | Temperatures: 60°C - 62°C - 74°C - 71°C - 61°C - 60°C - 72°C - 72°C | Throttling: None - None - None - None - None - None - None - None
1327 (1459051 Gflops/s) - 1345 (1478843 Gflops/s) - 1331 (1463449 Gflops/s) - 1313 (1443658 Gflops/s) - 1350 (1484340 Gflops/s) - 1349 (1483241 Gflops/s) - 1329 (1461250 Gflops/s) - 1317 (1448056 Gflops/s) | Temperatures: 60°C - 62°C - 74°C - 71°C - 61°C - 60°C - 72°C - 72°C | Throttling: None - None - None - None - None - None - None - None
1326 (1457952 Gflops/s) - 1344 (1477743 Gflops/s) - 1330 (1462350 Gflops/s) - 1313 (1443658 Gflops/s) - 1349 (1483241 Gflops/s) - 1349 (1483241 Gflops/s) - 1327 (1459051 Gflops/s) - 1315 (1445857 Gflops/s) | Temperatures: 60°C - 62°C - 74°C - 71°C - 61°C - 61°C - 72°C - 72°C | Throttling: None - None - None - None - None - None - None - None
1328 (1460151 Gflops/s) - 1345 (1478843 Gflops/s) - 1330 (1462350 Gflops/s) - 1313 (1443658 Gflops/s) - 1350 (1484340 Gflops/s) - 1349 (1483241 Gflops/s) - 1326 (1457952 Gflops/s) - 1316 (1446957 Gflops/s) | Temperatures: 60°C - 62°C - 74°C - 71°C - 61°C - 60°C - 72°C - 72°C | Throttling: None - None - None - None - None - None - None - None
1325 (1456852 Gflops/s) - 1343 (1476644 Gflops/s) - 1328 (1460151 Gflops/s) - 1313 (1443658 Gflops/s) - 1348 (1482141 Gflops/s) - 1348 (1482141 Gflops/s) - 1327 (1459051 Gflops/s) - 1313 (1443658 Gflops/s) | Temperatures: 60°C - 62°C - 74°C - 72°C - 61°C - 60°C - 72°C - 72°C | Throttling: None - None - None - None - None - None - None - None
1327 (1459051 Gflops/s) - 1345 (1478843 Gflops/s) - 1330 (1462350 Gflops/s) - 1313 (1443658 Gflops/s) - 1349 (1483241 Gflops/s) - 1350 (1484340 Gflops/s) - 1329 (1461250 Gflops/s) - 1317 (1448056 Gflops/s) | Temperatures: 60°C - 62°C - 74°C - 71°C - 61°C - 60°C - 72°C - 72°C | Throttling: None - None - None - None - None - None - None - None
1328 (1460151 Gflops/s) - 1345 (1478843 Gflops/s) - 1333 (1465648 Gflops/s) - 1315 (1445857 Gflops/s) - 1348 (1482141 Gflops/s) - 1350 (1484340 Gflops/s) - 1326 (1457952 Gflops/s) - 1315 (1445857 Gflops/s) | Temperatures: 60°C - 62°C - 74°C - 72°C - 61°C - 61°C - 72°C - 72°C | Throttling: None - None - None - None - None - None - None - None
1325 (1456852 Gflops/s) - 1344 (1477743 Gflops/s) - 1330 (1462350 Gflops/s) - 1312 (1442559 Gflops/s) - 1346 (1479942 Gflops/s) - 1349 (1483241 Gflops/s) - 1326 (1457952 Gflops/s) - 1316 (1446957 Gflops/s) | Temperatures: 60°C - 62°C - 74°C - 72°C - 61°C - 61°C - 72°C - 72°C | Throttling: None - None - None - None - None - None - None - None
1325 (1456852 Gflops/s) - 1345 (1478843 Gflops/s) - 1330 (1462350 Gflops/s) - 1315 (1445857 Gflops/s) - 1349 (1483241 Gflops/s) - 1350 (1484340 Gflops/s) - 1327 (1459051 Gflops/s) - 1316 (1446957 Gflops/s) | Temperatures: 60°C - 62°C - 74°C - 71°C - 61°C - 61°C - 72°C - 72°C | Throttling: None - None - None - None - None - None - None - None
1326 (1457952 Gflops/s) - 1345 (1478843 Gflops/s) - 1330 (1462350 Gflops/s) - 1314 (1444758 Gflops/s) - 1348 (1482141 Gflops/s) - 1350 (1484340 Gflops/s) - 1328 (1460151 Gflops/s) - 1315 (1445857 Gflops/s) | Temperatures: 60°C - 62°C - 74°C - 72°C - 61°C - 60°C - 72°C - 72°C | Throttling: None - None - None - None - None - None - None - None
1324 (1455753 Gflops/s) - 1344 (1477743 Gflops/s) - 1331 (1463449 Gflops/s) - 1313 (1443658 Gflops/s) - 1348 (1482141 Gflops/s) - 1348 (1482141 Gflops/s) - 1326 (1457952 Gflops/s) - 1314 (1444758 Gflops/s) | Temperatures: 60°C - 62°C - 74°C - 71°C - 61°C - 61°C - 72°C - 72°C | Throttling: None - None - None - None - None - None - None - None
1327 (1459051 Gflops/s) - 1345 (1478843 Gflops/s) - 1332 (1464549 Gflops/s) - 1313 (1443658 Gflops/s) - 1348 (1482141 Gflops/s) - 1350 (1484340 Gflops/s) - 1328 (1460151 Gflops/s) - 1316 (1446957 Gflops/s) | Temperatures: 60°C - 62°C - 74°C - 71°C - 61°C - 60°C - 72°C - 72°C | Throttling: None - None - None - None - None - None - None - None
1326 (1457952 Gflops/s) - 1345 (1478843 Gflops/s) - 1332 (1464549 Gflops/s) - 1315 (1445857 Gflops/s) - 1350 (1484340 Gflops/s) - 1349 (1483241 Gflops/s) - 1327 (1459051 Gflops/s) - 1315 (1445857 Gflops/s) | Temperatures: 60°C - 62°C - 74°C - 72°C - 61°C - 60°C - 72°C - 72°C | Throttling: None - None - None - None - None - None - None - None
1326 (1457952 Gflops/s) - 1345 (1478843 Gflops/s) - 1331 (1463449 Gflops/s) - 1313 (1443658 Gflops/s) - 1349 (1483241 Gflops/s) - 1350 (1484340 Gflops/s) - 1328 (1460151 Gflops/s) - 1317 (1448056 Gflops/s) | Temperatures: 60°C - 62°C - 74°C - 72°C - 61°C - 60°C - 72°C - 72°C | Throttling: None - None - None - None - None - None - None - None
1326 (1457952 Gflops/s) - 1343 (1476644 Gflops/s) - 1329 (1461250 Gflops/s) - 1313 (1443658 Gflops/s) - 1347 (1481042 Gflops/s) - 1349 (1483241 Gflops/s) - 1325 (1456852 Gflops/s) - 1313 (1443658 Gflops/s) | Temperatures: 60°C - 62°C - 74°C - 71°C - 61°C - 61°C - 72°C - 72°C | Throttling: None - None - None - None - None - None - None - None
1327 (1459051 Gflops/s) - 1345 (1478843 Gflops/s) - 1330 (1462350 Gflops/s) - 1314 (1444758 Gflops/s) - 1347 (1481042 Gflops/s) - 1351 (1485440 Gflops/s) - 1327 (1459051 Gflops/s) - 1316 (1446957 Gflops/s) | Temperatures: 60°C - 62°C - 74°C - 71°C - 61°C - 60°C - 72°C - 72°C | Throttling: None - None - None - None - None - None - None - None
1325 (1456852 Gflops/s) - 1344 (1477743 Gflops/s) - 1330 (1462350 Gflops/s) - 1313 (1443658 Gflops/s) - 1347 (1481042 Gflops/s) - 1350 (1484340 Gflops/s) - 1327 (1459051 Gflops/s) - 1316 (1446957 Gflops/s) | Temperatures: 60°C - 62°C - 74°C - 71°C - 61°C - 60°C - 72°C - 72°C | Throttling: None - None - None - None - None - None - None - None
1325 (1456852 Gflops/s) - 1345 (1478843 Gflops/s) - 1331 (1463449 Gflops/s) - 1314 (1444758 Gflops/s) - 1349 (1483241 Gflops/s) - 1352 (1486539 Gflops/s) - 1325 (1456852 Gflops/s) - 1316 (1446957 Gflops/s) | Temperatures: 60°C - 62°C - 74°C - 71°C - 61°C - 60°C - 72°C - 72°C | Throttling: None - None - None - None - None - None - None - None
1327 (1459051 Gflops/s) - 1345 (1478843 Gflops/s) - 1330 (1462350 Gflops/s) - 1315 (1445857 Gflops/s) - 1349 (1483241 Gflops/s) - 1351 (1485440 Gflops/s) - 1324 (1455753 Gflops/s) - 1316 (1446957 Gflops/s) | Temperatures: 60°C - 62°C - 74°C - 71°C - 61°C - 60°C - 72°C - 72°C | Throttling: None - None - None - None - None - None - None - None
1323 (1454653 Gflops/s) - 1344 (1477743 Gflops/s) - 1331 (1463449 Gflops/s) - 1313 (1443658 Gflops/s) - 1348 (1482141 Gflops/s) - 1349 (1483241 Gflops/s) - 1323 (1454653 Gflops/s) - 1313 (1443658 Gflops/s) | Temperatures: 60°C - 62°C - 74°C - 71°C - 61°C - 60°C - 72°C - 72°C | Throttling: None - None - None - None - None - None - None - None
1326 (1457952 Gflops/s) - 1345 (1478843 Gflops/s) - 1332 (1464549 Gflops/s) - 1315 (1445857 Gflops/s) - 1349 (1483241 Gflops/s) - 1350 (1484340 Gflops/s) - 1325 (1456852 Gflops/s) - 1317 (1448056 Gflops/s) | Temperatures: 60°C - 62°C - 74°C - 72°C - 61°C - 60°C - 72°C - 72°C | Throttling: None - None - None - None - None - None - None - None
1325 (1456852 Gflops/s) - 1345 (1478843 Gflops/s) - 1330 (1462350 Gflops/s) - 1315 (1445857 Gflops/s) - 1350 (1484340 Gflops/s) - 1350 (1484340 Gflops/s) - 1326 (1457952 Gflops/s) - 1315 (1445857 Gflops/s) | Temperatures: 60°C - 62°C - 74°C - 71°C - 61°C - 61°C - 72°C - 72°C | Throttling: None - None - None - None - None - None - None - None
1323 (1454653 Gflops/s) - 1344 (1477743 Gflops/s) - 1329 (1461250 Gflops/s) - 1312 (1442559 Gflops/s) - 1348 (1482141 Gflops/s) - 1350 (1484340 Gflops/s) - 1320 (1451355 Gflops/s) - 1315 (1445857 Gflops/s) | Temperatures: 60°C - 62°C - 74°C - 72°C - 61°C - 60°C - 72°C - 72°C | Throttling: None - None - None - None - None - None - None - None
1325 (1456852 Gflops/s) - 1345 (1478843 Gflops/s) - 1332 (1464549 Gflops/s) - 1314 (1444758 Gflops/s) - 1350 (1484340 Gflops/s) - 1352 (1486539 Gflops/s) - 1324 (1455753 Gflops/s) - 1317 (1448056 Gflops/s) | Temperatures: 60°C - 62°C - 74°C - 72°C - 61°C - 60°C - 72°C - 72°C | Throttling: None - None - None - None - None - None - None - None
1327 (1459051 Gflops/s) - 1344 (1477743 Gflops/s) - 1330 (1462350 Gflops/s) - 1314 (1444758 Gflops/s) - 1349 (1483241 Gflops/s) - 1350 (1484340 Gflops/s) - 1327 (1459051 Gflops/s) - 1316 (1446957 Gflops/s) | Temperatures: 60°C - 62°C - 74°C - 71°C - 61°C - 61°C - 72°C - 72°C | Throttling: None - None - None - None - None - None - None - None
1326 (1457952 Gflops/s) - 1345 (1478843 Gflops/s) - 1331 (1463449 Gflops/s) - 1314 (1444758 Gflops/s) - 1348 (1482141 Gflops/s) - 1351 (1485440 Gflops/s) - 1323 (1454653 Gflops/s) - 1316 (1446957 Gflops/s) | Temperatures: 60°C - 62°C - 74°C - 72°C - 61°C - 61°C - 72°C - 72°C | Throttling: None - None - None - None - None - None - None - None
1324 (1455753 Gflops/s) - 1343 (1476644 Gflops/s) - 1332 (1464549 Gflops/s) - 1311 (1441459 Gflops/s) - 1348 (1482141 Gflops/s) - 1350 (1484340 Gflops/s) - 1324 (1455753 Gflops/s) - 1316 (1446957 Gflops/s) | Temperatures: 60°C - 62°C - 74°C - 71°C - 61°C - 61°C - 72°C - 72°C | Throttling: None - None - None - None - None - None - None - None
1326 (1457952 Gflops/s) - 1344 (1477743 Gflops/s) - 1332 (1464549 Gflops/s) - 1312 (1442559 Gflops/s) - 1349 (1483241 Gflops/s) - 1351 (1485440 Gflops/s) - 1324 (1455753 Gflops/s) - 1314 (1444758 Gflops/s) | Temperatures: 60°C - 62°C - 74°C - 71°C - 61°C - 60°C - 72°C - 72°C | Throttling: None - None - None - None - None - None - None - None
1327 (1459051 Gflops/s) - 1345 (1478843 Gflops/s) - 1330 (1462350 Gflops/s) - 1314 (1444758 Gflops/s) - 1349 (1483241 Gflops/s) - 1350 (1484340 Gflops/s) - 1320 (1451355 Gflops/s) - 1317 (1448056 Gflops/s) | Temperatures: 60°C - 62°C - 74°C - 71°C - 61°C - 60°C - 72°C - 72°C | Throttling: None - None - None - None - None - None - None - None
1328 (1460151 Gflops/s) - 1344 (1477743 Gflops/s) - 1331 (1463449 Gflops/s) - 1314 (1444758 Gflops/s) - 1348 (1482141 Gflops/s) - 1351 (1485440 Gflops/s) - 1325 (1456852 Gflops/s) - 1314 (1444758 Gflops/s) | Temperatures: 60°C - 62°C - 74°C - 72°C - 61°C - 60°C - 72°C - 72°C | Throttling: None - None - None - None - None - None - None - None
1326 (1457952 Gflops/s) - 1345 (1478843 Gflops/s) - 1329 (1461250 Gflops/s) - 1313 (1443658 Gflops/s) - 1349 (1483241 Gflops/s) - 1350 (1484340 Gflops/s) - 1330 (1462350 Gflops/s) - 1316 (1446957 Gflops/s) | Temperatures: 60°C - 62°C - 74°C - 71°C - 61°C - 61°C - 72°C - 72°C | Throttling: None - None - None - None - None - None - None - None
1326 (1457952 Gflops/s) - 1345 (1478843 Gflops/s) - 1333 (1465648 Gflops/s) - 1313 (1443658 Gflops/s) - 1349 (1483241 Gflops/s) - 1351 (1485440 Gflops/s) - 1326 (1457952 Gflops/s) - 1315 (1445857 Gflops/s) | Temperatures: 60°C - 62°C - 74°C - 71°C - 61°C - 60°C - 72°C - 72°C | Throttling: None - None - None - None - None - None - None - None
1325 (1456852 Gflops/s) - 1343 (1476644 Gflops/s) - 1330 (1462350 Gflops/s) - 1313 (1443658 Gflops/s) - 1348 (1482141 Gflops/s) - 1348 (1482141 Gflops/s) - 1318 (1449156 Gflops/s) - 1315 (1445857 Gflops/s) | Temperatures: 60°C - 62°C - 74°C - 71°C - 61°C - 61°C - 72°C - 72°C | Throttling: None - None - None - None - None - None - None - None
1328 (1460151 Gflops/s) - 1345 (1478843 Gflops/s) - 1333 (1465648 Gflops/s) - 1313 (1443658 Gflops/s) - 1350 (1484340 Gflops/s) - 1351 (1485440 Gflops/s) - 1318 (1449156 Gflops/s) - 1316 (1446957 Gflops/s) | Temperatures: 60°C - 62°C - 74°C - 71°C - 61°C - 61°C - 72°C - 72°C | Throttling: None - None - None - None - None - None - None - None
1326 (1457952 Gflops/s) - 1345 (1478843 Gflops/s) - 1331 (1463449 Gflops/s) - 1314 (1444758 Gflops/s) - 1350 (1484340 Gflops/s) - 1350 (1484340 Gflops/s) - 1322 (1453554 Gflops/s) - 1316 (1446957 Gflops/s) | Temperatures: 60°C - 62°C - 74°C - 71°C - 61°C - 61°C - 72°C - 72°C | Throttling: None - None - None - None - None - None - None - None
1325 (1456852 Gflops/s) - 1343 (1476644 Gflops/s) - 1329 (1461250 Gflops/s) - 1313 (1443658 Gflops/s) - 1349 (1483241 Gflops/s) - 1348 (1482141 Gflops/s) - 1322 (1453554 Gflops/s) - 1314 (1444758 Gflops/s) | Temperatures: 60°C - 62°C - 74°C - 71°C - 61°C - 60°C - 72°C - 72°C | Throttling: None - None - None - None - None - None - None - None
1328 (1460151 Gflops/s) - 1346 (1479942 Gflops/s) - 1328 (1460151 Gflops/s) - 1314 (1444758 Gflops/s) - 1350 (1484340 Gflops/s) - 1350 (1484340 Gflops/s) - 1321 (1452454 Gflops/s) - 1315 (1445857 Gflops/s) | Temperatures: 60°C - 62°C - 74°C - 72°C - 61°C - 61°C - 72°C - 72°C | Throttling: None - None - None - None - None - None - None - None
1325 (1456852 Gflops/s) - 1343 (1476644 Gflops/s) - 1329 (1461250 Gflops/s) - 1313 (1443658 Gflops/s) - 1348 (1482141 Gflops/s) - 1349 (1483241 Gflops/s) - 1324 (1455753 Gflops/s) - 1315 (1445857 Gflops/s) | Temperatures: 60°C - 62°C - 74°C - 72°C - 61°C - 61°C - 72°C - 72°C | Throttling: None - None - None - None - None - None - None - None
1327 (1459051 Gflops/s) - 1343 (1476644 Gflops/s) - 1331 (1463449 Gflops/s) - 1313 (1443658 Gflops/s) - 1348 (1482141 Gflops/s) - 1349 (1483241 Gflops/s) - 1325 (1456852 Gflops/s) - 1312 (1442559 Gflops/s) | Temperatures: 60°C - 62°C - 74°C - 72°C - 61°C - 61°C - 72°C - 72°C | Throttling: None - None - None - None - None - None - None - None
1327 (1459051 Gflops/s) - 1345 (1478843 Gflops/s) - 1331 (1463449 Gflops/s) - 1314 (1444758 Gflops/s) - 1349 (1483241 Gflops/s) - 1351 (1485440 Gflops/s) - 1324 (1455753 Gflops/s) - 1318 (1449156 Gflops/s) | Temperatures: 60°C - 62°C - 74°C - 72°C - 61°C - 60°C - 72°C - 72°C | Throttling: None - None - None - None - None - None - None - None
1325 (1456852 Gflops/s) - 1345 (1478843 Gflops/s) - 1331 (1463449 Gflops/s) - 1312 (1442559 Gflops/s) - 1350 (1484340 Gflops/s) - 1352 (1486539 Gflops/s) - 1321 (1452454 Gflops/s) - 1316 (1446957 Gflops/s) | Temperatures: 60°C - 62°C - 74°C - 71°C - 61°C - 60°C - 72°C - 72°C | Throttling: None - None - None - None - None - None - None - None
1324 (1455753 Gflops/s) - 1341 (1474445 Gflops/s) - 1330 (1462350 Gflops/s) - 1311 (1441459 Gflops/s) - 1347 (1481042 Gflops/s) - 1350 (1484340 Gflops/s) - 1321 (1452454 Gflops/s) - 1312 (1442559 Gflops/s) | Temperatures: 60°C - 62°C - 74°C - 72°C - 61°C - 60°C - 72°C - 72°C | Throttling: None - None - None - None - None - None - None - None
1326 (1457952 Gflops/s) - 1345 (1478843 Gflops/s) - 1330 (1462350 Gflops/s) - 1314 (1444758 Gflops/s) - 1348 (1482141 Gflops/s) - 1352 (1486539 Gflops/s) - 1321 (1452454 Gflops/s) - 1318 (1449156 Gflops/s) | Temperatures: 60°C - 62°C - 74°C - 72°C - 61°C - 61°C - 72°C - 72°C | Throttling: None - None - None - None - None - None - None - None
1326 (1457952 Gflops/s) - 1345 (1478843 Gflops/s) - 1330 (1462350 Gflops/s) - 1315 (1445857 Gflops/s) - 1349 (1483241 Gflops/s) - 1351 (1485440 Gflops/s) - 1324 (1455753 Gflops/s) - 1317 (1448056 Gflops/s) | Temperatures: 60°C - 62°C - 74°C - 72°C - 61°C - 60°C - 72°C - 72°C | Throttling: None - None - None - None - None - None - None - None
1324 (1455753 Gflops/s) - 1343 (1476644 Gflops/s) - 1329 (1461250 Gflops/s) - 1312 (1442559 Gflops/s) - 1347 (1481042 Gflops/s) - 1350 (1484340 Gflops/s) - 1322 (1453554 Gflops/s) - 1315 (1445857 Gflops/s) | Temperatures: 60°C - 62°C - 74°C - 71°C - 61°C - 61°C - 72°C - 72°C | Throttling: None - None - None - None - None - None - None - None
1325 (1456852 Gflops/s) - 1345 (1478843 Gflops/s) - 1333 (1465648 Gflops/s) - 1311 (1441459 Gflops/s) - 1350 (1484340 Gflops/s) - 1350 (1484340 Gflops/s) - 1322 (1453554 Gflops/s) - 1315 (1445857 Gflops/s) | Temperatures: 60°C - 62°C - 74°C - 71°C - 61°C - 60°C - 72°C - 72°C | Throttling: None - None - None - None - None - None - None - None
1326 (1457952 Gflops/s) - 1344 (1477743 Gflops/s) - 1331 (1463449 Gflops/s) - 1315 (1445857 Gflops/s) - 1348 (1482141 Gflops/s) - 1350 (1484340 Gflops/s) - 1326 (1457952 Gflops/s) - 1318 (1449156 Gflops/s) | Temperatures: 60°C - 62°C - 74°C - 72°C - 61°C - 60°C - 72°C - 72°C | Throttling: None - None - None - None - None - None - None - None
1324 (1455753 Gflops/s) - 1344 (1477743 Gflops/s) - 1330 (1462350 Gflops/s) - 1312 (1442559 Gflops/s) - 1347 (1481042 Gflops/s) - 1352 (1486539 Gflops/s) - 1323 (1454653 Gflops/s) - 1313 (1443658 Gflops/s) | Temperatures: 60°C - 62°C - 74°C - 72°C - 61°C - 60°C - 72°C - 72°C | Throttling: None - None - None - None - None - None - None - None
1327 (1459051 Gflops/s) - 1345 (1478843 Gflops/s) - 1330 (1462350 Gflops/s) - 1314 (1444758 Gflops/s) - 1350 (1484340 Gflops/s) - 1349 (1483241 Gflops/s) - 1317 (1448056 Gflops/s) - 1315 (1445857 Gflops/s) | Temperatures: 60°C - 62°C - 74°C - 72°C - 61°C - 61°C - 72°C - 72°C | Throttling: None - None - None - None - None - None - None - None
1325 (1456852 Gflops/s) - 1343 (1476644 Gflops/s) - 1331 (1463449 Gflops/s) - 1312 (1442559 Gflops/s) - 1348 (1482141 Gflops/s) - 1351 (1485440 Gflops/s) - 1317 (1448056 Gflops/s) - 1315 (1445857 Gflops/s) | Temperatures: 60°C - 62°C - 74°C - 71°C - 61°C - 61°C - 72°C - 72°C | Throttling: None - None - None - None - None - None - None - None
1325 (1456852 Gflops/s) - 1345 (1478843 Gflops/s) - 1331 (1463449 Gflops/s) - 1312 (1442559 Gflops/s) - 1349 (1483241 Gflops/s) - 1350 (1484340 Gflops/s) - 1326 (1457952 Gflops/s) - 1316 (1446957 Gflops/s) | Temperatures: 60°C - 62°C - 74°C - 72°C - 61°C - 61°C - 72°C - 72°C | Throttling: None - None - None - None - None - None - None - None
1325 (1456852 Gflops/s) - 1344 (1477743 Gflops/s) - 1331 (1463449 Gflops/s) - 1312 (1442559 Gflops/s) - 1347 (1481042 Gflops/s) - 1353 (1487639 Gflops/s) - 1320 (1451355 Gflops/s) - 1315 (1445857 Gflops/s) | Temperatures: 60°C - 62°C - 74°C - 71°C - 61°C - 61°C - 72°C - 72°C | Throttling: None - None - None - None - None - None - None - None
1326 (1457952 Gflops/s) - 1345 (1478843 Gflops/s) - 1331 (1463449 Gflops/s) - 1312 (1442559 Gflops/s) - 1349 (1483241 Gflops/s) - 1350 (1484340 Gflops/s) - 1327 (1459051 Gflops/s) - 1315 (1445857 Gflops/s) | Temperatures: 60°C - 62°C - 74°C - 71°C - 61°C - 60°C - 72°C - 72°C | Throttling: None - None - None - None - None - None - None - None
1323 (1454653 Gflops/s) - 1344 (1477743 Gflops/s) - 1328 (1460151 Gflops/s) - 1312 (1442559 Gflops/s) - 1349 (1483241 Gflops/s) - 1351 (1485440 Gflops/s) - 1322 (1453554 Gflops/s) - 1316 (1446957 Gflops/s) | Temperatures: 60°C - 62°C - 74°C - 71°C - 61°C - 61°C - 72°C - 72°C | Throttling: None - None - None - None - None - None - None - None
1324 (1455753 Gflops/s) - 1345 (1478843 Gflops/s) - 1329 (1461250 Gflops/s) - 1313 (1443658 Gflops/s) - 1349 (1483241 Gflops/s) - 1349 (1483241 Gflops/s) - 1321 (1452454 Gflops/s) - 1316 (1446957 Gflops/s) | Temperatures: 60°C - 62°C - 74°C - 72°C - 61°C - 61°C - 72°C - 72°C | Throttling: None - None - None - None - None - None - None - None
1326 (1457952 Gflops/s) - 1344 (1477743 Gflops/s) - 1330 (1462350 Gflops/s) - 1313 (1443658 Gflops/s) - 1351 (1485440 Gflops/s) - 1351 (1485440 Gflops/s) - 1323 (1454653 Gflops/s) - 1315 (1445857 Gflops/s) | Temperatures: 60°C - 62°C - 74°C - 72°C - 61°C - 61°C - 72°C - 72°C | Throttling: None - None - None - None - None - None - None - None
1324 (1455753 Gflops/s) - 1344 (1477743 Gflops/s) - 1328 (1460151 Gflops/s) - 1313 (1443658 Gflops/s) - 1348 (1482141 Gflops/s) - 1349 (1483241 Gflops/s) - 1317 (1448056 Gflops/s) - 1314 (1444758 Gflops/s) | Temperatures: 60°C - 62°C - 74°C - 72°C - 61°C - 60°C - 72°C - 72°C | Throttling: None - None - None - None - None - None - None - None
1327 (1459051 Gflops/s) - 1344 (1477743 Gflops/s) - 1329 (1461250 Gflops/s) - 1313 (1443658 Gflops/s) - 1349 (1483241 Gflops/s) - 1353 (1487639 Gflops/s) - 1310 (1440360 Gflops/s) - 1315 (1445857 Gflops/s) | Temperatures: 60°C - 62°C - 74°C - 72°C - 61°C - 60°C - 72°C - 72°C | Throttling: None - None - None - None - None - None - None - None
1326 (1457952 Gflops/s) - 1345 (1478843 Gflops/s) - 1329 (1461250 Gflops/s) - 1313 (1443658 Gflops/s) - 1349 (1483241 Gflops/s) - 1350 (1484340 Gflops/s) - 1322 (1453554 Gflops/s) - 1315 (1445857 Gflops/s) | Temperatures: 60°C - 62°C - 74°C - 72°C - 61°C - 60°C - 72°C - 72°C | Throttling: None - None - None - None - None - None - None - None
1326 (1457952 Gflops/s) - 1343 (1476644 Gflops/s) - 1328 (1460151 Gflops/s) - 1311 (1441459 Gflops/s) - 1348 (1482141 Gflops/s) - 1350 (1484340 Gflops/s) - 1325 (1456852 Gflops/s) - 1315 (1445857 Gflops/s) | Temperatures: 60°C - 62°C - 74°C - 71°C - 61°C - 61°C - 72°C - 72°C | Throttling: None - None - None - None - None - None - None - None
1325 (1456852 Gflops/s) - 1345 (1478843 Gflops/s) - 1329 (1461250 Gflops/s) - 1312 (1442559 Gflops/s) - 1350 (1484340 Gflops/s) - 1350 (1484340 Gflops/s) - 1325 (1456852 Gflops/s) - 1316 (1446957 Gflops/s) | Temperatures: 60°C - 62°C - 74°C - 72°C - 61°C - 60°C - 72°C - 72°C | Throttling: None - None - None - None - None - None - None - None
1325 (1456852 Gflops/s) - 1345 (1478843 Gflops/s) - 1333 (1465648 Gflops/s) - 1313 (1443658 Gflops/s) - 1350 (1484340 Gflops/s) - 1351 (1485440 Gflops/s) - 1325 (1456852 Gflops/s) - 1316 (1446957 Gflops/s) | Temperatures: 60°C - 62°C - 74°C - 71°C - 61°C - 61°C - 72°C - 72°C | Throttling: None - None - None - None - None - None - None - None
1324 (1455753 Gflops/s) - 1343 (1476644 Gflops/s) - 1327 (1459051 Gflops/s) - 1310 (1440360 Gflops/s) - 1348 (1482141 Gflops/s) - 1349 (1483241 Gflops/s) - 1299 (1428265 Gflops/s) - 1315 (1445857 Gflops/s) | Temperatures: 60°C - 62°C - 74°C - 72°C - 61°C - 61°C - 71°C - 72°C | Throttling: None - None - None - None - None - None - None - None
1325 (1456852 Gflops/s) - 1344 (1477743 Gflops/s) - 1329 (1461250 Gflops/s) - 1314 (1444758 Gflops/s) - 1349 (1483241 Gflops/s) - 1352 (1486539 Gflops/s) - 1318 (1449156 Gflops/s) - 1317 (1448056 Gflops/s) | Temperatures: 60°C - 62°C - 74°C - 72°C - 61°C - 61°C - 72°C - 72°C | Throttling: None - None - None - None - None - None - None - None
1325 (1456852 Gflops/s) - 1345 (1478843 Gflops/s) - 1329 (1461250 Gflops/s) - 1313 (1443658 Gflops/s) - 1349 (1483241 Gflops/s) - 1349 (1483241 Gflops/s) - 1322 (1453554 Gflops/s) - 1314 (1444758 Gflops/s) | Temperatures: 60°C - 62°C - 74°C - 72°C - 61°C - 60°C - 72°C - 72°C | Throttling: None - None - None - None - None - None - None - None
1324 (1455753 Gflops/s) - 1343 (1476644 Gflops/s) - 1330 (1462350 Gflops/s) - 1312 (1442559 Gflops/s) - 1348 (1482141 Gflops/s) - 1349 (1483241 Gflops/s) - 1321 (1452454 Gflops/s) - 1314 (1444758 Gflops/s) | Temperatures: 60°C - 62°C - 74°C - 72°C - 61°C - 61°C - 72°C - 72°C | Throttling: None - None - None - None - None - None - None - None
1327 (1459051 Gflops/s) - 1345 (1478843 Gflops/s) - 1331 (1463449 Gflops/s) - 1312 (1442559 Gflops/s) - 1350 (1484340 Gflops/s) - 1351 (1485440 Gflops/s) - 1311 (1441459 Gflops/s) - 1315 (1445857 Gflops/s) | Temperatures: 60°C - 62°C - 74°C - 72°C - 61°C - 60°C - 72°C - 72°C | Throttling: None - None - None - None - None - None - None - None
1325 (1456852 Gflops/s) - 1344 (1477743 Gflops/s) - 1330 (1462350 Gflops/s) - 1311 (1441459 Gflops/s) - 1348 (1482141 Gflops/s) - 1349 (1483241 Gflops/s) - 1321 (1452454 Gflops/s) - 1314 (1444758 Gflops/s) | Temperatures: 60°C - 62°C - 74°C - 72°C - 61°C - 61°C - 72°C - 72°C | Throttling: None - None - None - None - None - None - None - None
1326 (1457952 Gflops/s) - 1345 (1478843 Gflops/s) - 1332 (1464549 Gflops/s) - 1313 (1443658 Gflops/s) - 1349 (1483241 Gflops/s) - 1351 (1485440 Gflops/s) - 1318 (1449156 Gflops/s) - 1317 (1448056 Gflops/s) | Temperatures: 60°C - 62°C - 74°C - 71°C - 61°C - 61°C - 72°C - 72°C | Throttling: None - None - None - None - None - None - None - None
1327 (1459051 Gflops/s) - 1344 (1477743 Gflops/s) - 1329 (1461250 Gflops/s) - 1313 (1443658 Gflops/s) - 1349 (1483241 Gflops/s) - 1349 (1483241 Gflops/s) - 1320 (1451355 Gflops/s) - 1315 (1445857 Gflops/s) | Temperatures: 60°C - 62°C - 74°C - 72°C - 61°C - 60°C - 72°C - 72°C | Throttling: None - None - None - None - None - None - None - None
1326 (1457952 Gflops/s) - 1345 (1478843 Gflops/s) - 1329 (1461250 Gflops/s) - 1313 (1443658 Gflops/s) - 1349 (1483241 Gflops/s) - 1351 (1485440 Gflops/s) - 1323 (1454653 Gflops/s) - 1315 (1445857 Gflops/s) | Temperatures: 60°C - 62°C - 74°C - 72°C - 61°C - 60°C - 72°C - 72°C | Throttling: None - None - None - None - None - None - None - None
1325 (1456852 Gflops/s) - 1344 (1477743 Gflops/s) - 1329 (1461250 Gflops/s) - 1313 (1443658 Gflops/s) - 1349 (1483241 Gflops/s) - 1348 (1482141 Gflops/s) - 1317 (1448056 Gflops/s) - 1314 (1444758 Gflops/s) | Temperatures: 60°C - 62°C - 74°C - 72°C - 61°C - 60°C - 71°C - 72°C | Throttling: None - None - None - None - None - None - None - None
1325 (1456852 Gflops/s) - 1344 (1477743 Gflops/s) - 1329 (1461250 Gflops/s) - 1313 (1443658 Gflops/s) - 1348 (1482141 Gflops/s) - 1350 (1484340 Gflops/s) - 1321 (1452454 Gflops/s) - 1317 (1448056 Gflops/s) | Temperatures: 60°C - 62°C - 74°C - 72°C - 61°C - 61°C - 72°C - 72°C | Throttling: None - None - None - None - None - None - None - None
1325 (1456852 Gflops/s) - 1345 (1478843 Gflops/s) - 1330 (1462350 Gflops/s) - 1315 (1445857 Gflops/s) - 1350 (1484340 Gflops/s) - 1350 (1484340 Gflops/s) - 1317 (1448056 Gflops/s) - 1315 (1445857 Gflops/s) | Temperatures: 60°C - 62°C - 74°C - 72°C - 61°C - 60°C - 72°C - 72°C | Throttling: None - None - None - None - None - None - None - None
1325 (1456852 Gflops/s) - 1343 (1476644 Gflops/s) - 1328 (1460151 Gflops/s) - 1311 (1441459 Gflops/s) - 1349 (1483241 Gflops/s) - 1348 (1482141 Gflops/s) - 1310 (1440360 Gflops/s) - 1313 (1443658 Gflops/s) | Temperatures: 60°C - 62°C - 74°C - 72°C - 61°C - 61°C - 71°C - 72°C | Throttling: None - None - None - None - None - None - None - None
1327 (1459051 Gflops/s) - 1345 (1478843 Gflops/s) - 1331 (1463449 Gflops/s) - 1314 (1444758 Gflops/s) - 1347 (1481042 Gflops/s) - 1352 (1486539 Gflops/s) - 1318 (1449156 Gflops/s) - 1317 (1448056 Gflops/s) | Temperatures: 60°C - 62°C - 74°C - 72°C - 61°C - 61°C - 72°C - 72°C | Throttling: None - None - None - None - None - None - None - None
1325 (1456852 Gflops/s) - 1344 (1477743 Gflops/s) - 1331 (1463449 Gflops/s) - 1313 (1443658 Gflops/s) - 1350 (1484340 Gflops/s) - 1350 (1484340 Gflops/s) - 1322 (1453554 Gflops/s) - 1317 (1448056 Gflops/s) | Temperatures: 60°C - 62°C - 74°C - 72°C - 61°C - 61°C - 72°C - 72°C | Throttling: None - None - None - None - None - None - None - None
1324 (1455753 Gflops/s) - 1344 (1477743 Gflops/s) - 1327 (1459051 Gflops/s) - 1312 (1442559 Gflops/s) - 1348 (1482141 Gflops/s) - 1348 (1482141 Gflops/s) - 1321 (1452454 Gflops/s) - 1314 (1444758 Gflops/s) | Temperatures: 60°C - 62°C - 74°C - 72°C - 61°C - 60°C - 72°C - 72°C | Throttling: None - None - None - None - None - None - None - None
1324 (1455753 Gflops/s) - 1344 (1477743 Gflops/s) - 1330 (1462350 Gflops/s) - 1313 (1443658 Gflops/s) - 1349 (1483241 Gflops/s) - 1351 (1485440 Gflops/s) - 1321 (1452454 Gflops/s) - 1315 (1445857 Gflops/s) | Temperatures: 60°C - 62°C - 74°C - 72°C - 61°C - 61°C - 72°C - 72°C | Throttling: None - None - None - None - None - None - None - None
1325 (1456852 Gflops/s) - 1344 (1477743 Gflops/s) - 1331 (1463449 Gflops/s) - 1314 (1444758 Gflops/s) - 1349 (1483241 Gflops/s) - 1349 (1483241 Gflops/s) - 1317 (1448056 Gflops/s) - 1317 (1448056 Gflops/s) | Temperatures: 60°C - 62°C - 74°C - 72°C - 61°C - 60°C - 72°C - 72°C | Throttling: None - None - None - None - None - None - None - None
1323 (1454653 Gflops/s) - 1344 (1477743 Gflops/s) - 1330 (1462350 Gflops/s) - 1311 (1441459 Gflops/s) - 1348 (1482141 Gflops/s) - 1349 (1483241 Gflops/s) - 1316 (1446957 Gflops/s) - 1315 (1445857 Gflops/s) | Temperatures: 60°C - 62°C - 74°C - 72°C - 61°C - 61°C - 72°C - 72°C | Throttling: None - None - None - None - None - None - None - None
1324 (1455753 Gflops/s) - 1344 (1477743 Gflops/s) - 1331 (1463449 Gflops/s) - 1315 (1445857 Gflops/s) - 1352 (1486539 Gflops/s) - 1351 (1485440 Gflops/s) - 1323 (1454653 Gflops/s) - 1315 (1445857 Gflops/s) | Temperatures: 60°C - 62°C - 74°C - 72°C - 61°C - 61°C - 72°C - 72°C | Throttling: None - None - None - None - None - None - None - None
1324 (1455753 Gflops/s) - 1343 (1476644 Gflops/s) - 1328 (1460151 Gflops/s) - 1311 (1441459 Gflops/s) - 1348 (1482141 Gflops/s) - 1349 (1483241 Gflops/s) - 1321 (1452454 Gflops/s) - 1314 (1444758 Gflops/s) | Temperatures: 60°C - 62°C - 74°C - 72°C - 61°C - 61°C - 72°C - 72°C | Throttling: None - None - None - None - None - None - None - None
1326 (1457952 Gflops/s) - 1344 (1477743 Gflops/s) - 1330 (1462350 Gflops/s) - 1315 (1445857 Gflops/s) - 1350 (1484340 Gflops/s) - 1351 (1485440 Gflops/s) - 1323 (1454653 Gflops/s) - 1316 (1446957 Gflops/s) | Temperatures: 60°C - 62°C - 74°C - 72°C - 61°C - 61°C - 72°C - 72°C | Throttling: None - None - None - None - None - None - None - None
1326 (1457952 Gflops/s) - 1345 (1478843 Gflops/s) - 1330 (1462350 Gflops/s) - 1315 (1445857 Gflops/s) - 1349 (1483241 Gflops/s) - 1351 (1485440 Gflops/s) - 1311 (1441459 Gflops/s) - 1316 (1446957 Gflops/s) | Temperatures: 60°C - 62°C - 74°C - 72°C - 61°C - 60°C - 72°C - 72°C | Throttling: None - None - None - None - None - None - None - None
1326 (1457952 Gflops/s) - 1344 (1477743 Gflops/s) - 1330 (1462350 Gflops/s) - 1312 (1442559 Gflops/s) - 1350 (1484340 Gflops/s) - 1349 (1483241 Gflops/s) - 1314 (1444758 Gflops/s) - 1314 (1444758 Gflops/s) | Temperatures: 60°C - 62°C - 74°C - 72°C - 61°C - 60°C - 72°C - 72°C | Throttling: None - None - None - None - None - None - None - None
1326 (1457952 Gflops/s) - 1344 (1477743 Gflops/s) - 1330 (1462350 Gflops/s) - 1313 (1443658 Gflops/s) - 1350 (1484340 Gflops/s) - 1351 (1485440 Gflops/s) - 1322 (1453554 Gflops/s) - 1315 (1445857 Gflops/s) | Temperatures: 60°C - 62°C - 74°C - 72°C - 61°C - 60°C - 72°C - 72°C | Throttling: None - None - None - None - None - None - None - None
1324 (1455753 Gflops/s) - 1343 (1476644 Gflops/s) - 1328 (1460151 Gflops/s) - 1312 (1442559 Gflops/s) - 1349 (1483241 Gflops/s) - 1350 (1484340 Gflops/s) - 1320 (1451355 Gflops/s) - 1315 (1445857 Gflops/s) | Temperatures: 60°C - 62°C - 74°C - 72°C - 61°C - 61°C - 72°C - 72°C | Throttling: None - None - None - None - None - None - None - None
1327 (1459051 Gflops/s) - 1345 (1478843 Gflops/s) - 1330 (1462350 Gflops/s) - 1314 (1444758 Gflops/s) - 1351 (1485440 Gflops/s) - 1349 (1483241 Gflops/s) - 1310 (1440360 Gflops/s) - 1315 (1445857 Gflops/s) | Temperatures: 60°C - 62°C - 74°C - 72°C - 61°C - 60°C - 72°C - 72°C | Throttling: None - None - None - None - None - None - None - None
1325 (1456852 Gflops/s) - 1344 (1477743 Gflops/s) - 1330 (1462350 Gflops/s) - 1312 (1442559 Gflops/s) - 1349 (1483241 Gflops/s) - 1349 (1483241 Gflops/s) - 1316 (1446957 Gflops/s) - 1316 (1446957 Gflops/s) | Temperatures: 60°C - 62°C - 74°C - 72°C - 61°C - 60°C - 72°C - 72°C | Throttling: None - None - None - None - None - None - None - None
1322 (1453554 Gflops/s) - 1343 (1476644 Gflops/s) - 1329 (1461250 Gflops/s) - 1312 (1442559 Gflops/s) - 1348 (1482141 Gflops/s) - 1348 (1482141 Gflops/s) - 1315 (1445857 Gflops/s) - 1316 (1446957 Gflops/s) | Temperatures: 60°C - 62°C - 74°C - 72°C - 61°C - 60°C - 72°C - 72°C | Throttling: None - None - None - None - None - None - None - None
1325 (1456852 Gflops/s) - 1344 (1477743 Gflops/s) - 1330 (1462350 Gflops/s) - 1313 (1443658 Gflops/s) - 1350 (1484340 Gflops/s) - 1350 (1484340 Gflops/s) - 1322 (1453554 Gflops/s) - 1315 (1445857 Gflops/s) | Temperatures: 60°C - 62°C - 74°C - 72°C - 61°C - 60°C - 72°C - 72°C | Throttling: None - None - None - None - None - None - None - None
1325 (1456852 Gflops/s) - 1345 (1478843 Gflops/s) - 1330 (1462350 Gflops/s) - 1315 (1445857 Gflops/s) - 1351 (1485440 Gflops/s) - 1351 (1485440 Gflops/s) - 1319 (1450255 Gflops/s) - 1315 (1445857 Gflops/s) | Temperatures: 60°C - 62°C - 74°C - 72°C - 61°C - 61°C - 72°C - 72°C | Throttling: None - None - None - None - None - None - None - None
1322 (1453554 Gflops/s) - 1343 (1476644 Gflops/s) - 1328 (1460151 Gflops/s) - 1312 (1442559 Gflops/s) - 1351 (1485440 Gflops/s) - 1350 (1484340 Gflops/s) - 1318 (1449156 Gflops/s) - 1314 (1444758 Gflops/s) | Temperatures: 60°C - 62°C - 74°C - 72°C - 62°C - 61°C - 72°C - 72°C | Throttling: None - None - None - None - None - None - None - None
1325 (1456852 Gflops/s) - 1344 (1477743 Gflops/s) - 1330 (1462350 Gflops/s) - 1313 (1443658 Gflops/s) - 1350 (1484340 Gflops/s) - 1350 (1484340 Gflops/s) - 1319 (1450255 Gflops/s) - 1314 (1444758 Gflops/s) | Temperatures: 60°C - 62°C - 74°C - 72°C - 61°C - 60°C - 72°C - 72°C | Throttling: None - None - None - None - None - None - None - None
1325 (1456852 Gflops/s) - 1345 (1478843 Gflops/s) - 1331 (1463449 Gflops/s) - 1312 (1442559 Gflops/s) - 1349 (1483241 Gflops/s) - 1350 (1484340 Gflops/s) - 1318 (1449156 Gflops/s) - 1315 (1445857 Gflops/s) | Temperatures: 60°C - 62°C - 74°C - 72°C - 61°C - 60°C - 72°C - 72°C | Throttling: None - None - None - None - None - None - None - None
1324 (1455753 Gflops/s) - 1345 (1478843 Gflops/s) - 1329 (1461250 Gflops/s) - 1314 (1444758 Gflops/s) - 1351 (1485440 Gflops/s) - 1350 (1484340 Gflops/s) - 1305 (1434862 Gflops/s) - 1314 (1444758 Gflops/s) | Temperatures: 60°C - 62°C - 74°C - 72°C - 61°C - 61°C - 72°C - 72°C | Throttling: None - None - None - None - None - None - None - None
1324 (1455753 Gflops/s) - 1344 (1477743 Gflops/s) - 1329 (1461250 Gflops/s) - 1313 (1443658 Gflops/s) - 1348 (1482141 Gflops/s) - 1350 (1484340 Gflops/s) - 1309 (1439260 Gflops/s) - 1315 (1445857 Gflops/s) | Temperatures: 60°C - 62°C - 74°C - 72°C - 61°C - 61°C - 72°C - 72°C | Throttling: None - None - None - None - None - None - None - None
1325 (1456852 Gflops/s) - 1345 (1478843 Gflops/s) - 1329 (1461250 Gflops/s) - 1312 (1442559 Gflops/s) - 1351 (1485440 Gflops/s) - 1351 (1485440 Gflops/s) - 1323 (1454653 Gflops/s) - 1316 (1446957 Gflops/s) | Temperatures: 60°C - 62°C - 74°C - 72°C - 61°C - 61°C - 72°C - 72°C | Throttling: None - None - None - None - None - None - None - None
1325 (1456852 Gflops/s) - 1345 (1478843 Gflops/s) - 1329 (1461250 Gflops/s) - 1313 (1443658 Gflops/s) - 1349 (1483241 Gflops/s) - 1350 (1484340 Gflops/s) - 1325 (1456852 Gflops/s) - 1315 (1445857 Gflops/s) | Temperatures: 60°C - 62°C - 74°C - 71°C - 61°C - 61°C - 72°C - 72°C | Throttling: None - None - None - None - None - None - None - None
1325 (1456852 Gflops/s) - 1345 (1478843 Gflops/s) - 1329 (1461250 Gflops/s) - 1312 (1442559 Gflops/s) - 1349 (1483241 Gflops/s) - 1350 (1484340 Gflops/s) - 1323 (1454653 Gflops/s) - 1314 (1444758 Gflops/s) | Temperatures: 60°C - 62°C - 74°C - 72°C - 61°C - 61°C - 72°C - 72°C | Throttling: None - None - None - None - None - None - None - None
1324 (1455753 Gflops/s) - 1344 (1477743 Gflops/s) - 1329 (1461250 Gflops/s) - 1314 (1444758 Gflops/s) - 1351 (1485440 Gflops/s) - 1349 (1483241 Gflops/s) - 1316 (1446957 Gflops/s) - 1315 (1445857 Gflops/s) | Temperatures: 60°C - 62°C - 74°C - 72°C - 61°C - 60°C - 72°C - 72°C | Throttling: None - None - None - None - None - None - None - None
1324 (1455753 Gflops/s) - 1343 (1476644 Gflops/s) - 1329 (1461250 Gflops/s) - 1312 (1442559 Gflops/s) - 1348 (1482141 Gflops/s) - 1348 (1482141 Gflops/s) - 1307 (1437061 Gflops/s) - 1315 (1445857 Gflops/s) | Temperatures: 60°C - 62°C - 74°C - 72°C - 61°C - 60°C - 72°C - 72°C | Throttling: None - None - None - None - None - None - None - None
1326 (1457952 Gflops/s) - 1344 (1477743 Gflops/s) - 1331 (1463449 Gflops/s) - 1313 (1443658 Gflops/s) - 1350 (1484340 Gflops/s) - 1351 (1485440 Gflops/s) - 1324 (1455753 Gflops/s) - 1316 (1446957 Gflops/s) | Temperatures: 60°C - 62°C - 74°C - 72°C - 61°C - 61°C - 72°C - 72°C | Throttling: None - None - None - None - None - None - None - None
1327 (1459051 Gflops/s) - 1345 (1478843 Gflops/s) - 1330 (1462350 Gflops/s) - 1314 (1444758 Gflops/s) - 1349 (1483241 Gflops/s) - 1350 (1484340 Gflops/s) - 1313 (1443658 Gflops/s) - 1315 (1445857 Gflops/s) | Temperatures: 60°C - 62°C - 74°C - 72°C - 61°C - 61°C - 72°C - 72°C | Throttling: None - None - None - None - None - None - None - None
1324 (1455753 Gflops/s) - 1345 (1478843 Gflops/s) - 1328 (1460151 Gflops/s) - 1311 (1441459 Gflops/s) - 1349 (1483241 Gflops/s) - 1348 (1482141 Gflops/s) - 1315 (1445857 Gflops/s) - 1314 (1444758 Gflops/s) | Temperatures: 60°C - 62°C - 74°C - 72°C - 61°C - 60°C - 72°C - 72°C | Throttling: None - None - None - None - None - None - None - None
1327 (1459051 Gflops/s) - 1344 (1477743 Gflops/s) - 1330 (1462350 Gflops/s) - 1313 (1443658 Gflops/s) - 1350 (1484340 Gflops/s) - 1351 (1485440 Gflops/s) - 1309 (1439260 Gflops/s) - 1314 (1444758 Gflops/s) | Temperatures: 60°C - 62°C - 74°C - 72°C - 61°C - 60°C - 71°C - 72°C | Throttling: None - None - None - None - None - None - None - None
1326 (1457952 Gflops/s) - 1346 (1479942 Gflops/s) - 1329 (1461250 Gflops/s) - 1314 (1444758 Gflops/s) - 1350 (1484340 Gflops/s) - 1350 (1484340 Gflops/s) - 1318 (1449156 Gflops/s) - 1315 (1445857 Gflops/s) | Temperatures: 60°C - 62°C - 74°C - 71°C - 61°C - 60°C - 72°C - 72°C | Throttling: None - None - None - None - None - None - None - None
1325 (1456852 Gflops/s) - 1343 (1476644 Gflops/s) - 1328 (1460151 Gflops/s) - 1312 (1442559 Gflops/s) - 1348 (1482141 Gflops/s) - 1349 (1483241 Gflops/s) - 1312 (1442559 Gflops/s) - 1313 (1443658 Gflops/s) | Temperatures: 60°C - 62°C - 74°C - 71°C - 61°C - 61°C - 72°C - 72°C | Throttling: None - None - None - None - None - None - None - None
1325 (1456852 Gflops/s) - 1345 (1478843 Gflops/s) - 1329 (1461250 Gflops/s) - 1312 (1442559 Gflops/s) - 1349 (1483241 Gflops/s) - 1350 (1484340 Gflops/s) - 1315 (1445857 Gflops/s) - 1316 (1446957 Gflops/s) | Temperatures: 60°C - 62°C - 74°C - 72°C - 61°C - 61°C - 72°C - 72°C | Throttling: None - None - None - None - None - None - None - None
1326 (1457952 Gflops/s) - 1344 (1477743 Gflops/s) - 1329 (1461250 Gflops/s) - 1314 (1444758 Gflops/s) - 1350 (1484340 Gflops/s) - 1351 (1485440 Gflops/s) - 1318 (1449156 Gflops/s) - 1315 (1445857 Gflops/s) | Temperatures: 60°C - 62°C - 74°C - 72°C - 61°C - 61°C - 72°C - 72°C | Throttling: None - None - None - None - None - None - None - None
1325 (1456852 Gflops/s) - 1344 (1477743 Gflops/s) - 1330 (1462350 Gflops/s) - 1315 (1445857 Gflops/s) - 1350 (1484340 Gflops/s) - 1350 (1484340 Gflops/s) - 1318 (1449156 Gflops/s) - 1314 (1444758 Gflops/s) | Temperatures: 60°C - 62°C - 74°C - 72°C - 61°C - 60°C - 72°C - 72°C | Throttling: None - None - None - None - None - None - None - None
1323 (1454653 Gflops/s) - 1343 (1476644 Gflops/s) - 1328 (1460151 Gflops/s) - 1312 (1442559 Gflops/s) - 1347 (1481042 Gflops/s) - 1349 (1483241 Gflops/s) - 1301 (1430464 Gflops/s) - 1314 (1444758 Gflops/s) | Temperatures: 60°C - 62°C - 74°C - 72°C - 61°C - 61°C - 71°C - 72°C | Throttling: None - None - None - None - None - None - None - None
1326 (1457952 Gflops/s) - 1345 (1478843 Gflops/s) - 1330 (1462350 Gflops/s) - 1314 (1444758 Gflops/s) - 1350 (1484340 Gflops/s) - 1349 (1483241 Gflops/s) - 1314 (1444758 Gflops/s) - 1314 (1444758 Gflops/s) | Temperatures: 60°C - 62°C - 74°C - 72°C - 61°C - 60°C - 72°C - 72°C | Throttling: None - None - None - None - None - None - None - None
1325 (1456852 Gflops/s) - 1345 (1478843 Gflops/s) - 1329 (1461250 Gflops/s) - 1313 (1443658 Gflops/s) - 1350 (1484340 Gflops/s) - 1350 (1484340 Gflops/s) - 1325 (1456852 Gflops/s) - 1317 (1448056 Gflops/s) | Temperatures: 60°C - 62°C - 74°C - 72°C - 61°C - 60°C - 72°C - 72°C | Throttling: None - None - None - None - None - None - None - None
1326 (1457952 Gflops/s) - 1344 (1477743 Gflops/s) - 1330 (1462350 Gflops/s) - 1312 (1442559 Gflops/s) - 1348 (1482141 Gflops/s) - 1349 (1483241 Gflops/s) - 1318 (1449156 Gflops/s) - 1315 (1445857 Gflops/s) | Temperatures: 60°C - 62°C - 74°C - 72°C - 61°C - 60°C - 72°C - 72°C | Throttling: None - None - None - None - None - None - None - None
1324 (1455753 Gflops/s) - 1343 (1476644 Gflops/s) - 1330 (1462350 Gflops/s) - 1312 (1442559 Gflops/s) - 1349 (1483241 Gflops/s) - 1349 (1483241 Gflops/s) - 1309 (1439260 Gflops/s) - 1313 (1443658 Gflops/s) | Temperatures: 60°C - 62°C - 74°C - 72°C - 61°C - 61°C - 72°C - 72°C | Throttling: None - None - None - None - None - None - None - None
1325 (1456852 Gflops/s) - 1345 (1478843 Gflops/s) - 1329 (1461250 Gflops/s) - 1313 (1443658 Gflops/s) - 1350 (1484340 Gflops/s) - 1350 (1484340 Gflops/s) - 1299 (1428265 Gflops/s) - 1317 (1448056 Gflops/s) | Temperatures: 60°C - 62°C - 74°C - 72°C - 61°C - 60°C - 71°C - 72°C | Throttling: None - None - None - None - None - None - None - None
1326 (1457952 Gflops/s) - 1345 (1478843 Gflops/s) - 1329 (1461250 Gflops/s) - 1313 (1443658 Gflops/s) - 1350 (1484340 Gflops/s) - 1350 (1484340 Gflops/s) - 1311 (1441459 Gflops/s) - 1315 (1445857 Gflops/s) | Temperatures: 60°C - 62°C - 74°C - 72°C - 61°C - 61°C - 71°C - 72°C | Throttling: None - None - None - None - None - None - None - None
1324 (1455753 Gflops/s) - 1344 (1477743 Gflops/s) - 1328 (1460151 Gflops/s) - 1312 (1442559 Gflops/s) - 1348 (1482141 Gflops/s) - 1350 (1484340 Gflops/s) - 1323 (1454653 Gflops/s) - 1313 (1443658 Gflops/s) | Temperatures: 60°C - 62°C - 74°C - 72°C - 61°C - 61°C - 72°C - 72°C | Throttling: None - None - None - None - None - None - None - None
1326 (1457952 Gflops/s) - 1345 (1478843 Gflops/s) - 1329 (1461250 Gflops/s) - 1312 (1442559 Gflops/s) - 1350 (1484340 Gflops/s) - 1352 (1486539 Gflops/s) - 1322 (1453554 Gflops/s) - 1316 (1446957 Gflops/s) | Temperatures: 60°C - 62°C - 74°C - 72°C - 61°C - 61°C - 72°C - 72°C | Throttling: None - None - None - None - None - None - None - None
1327 (1459051 Gflops/s) - 1344 (1477743 Gflops/s) - 1331 (1463449 Gflops/s) - 1312 (1442559 Gflops/s) - 1349 (1483241 Gflops/s) - 1351 (1485440 Gflops/s) - 1309 (1439260 Gflops/s) - 1315 (1445857 Gflops/s) | Temperatures: 60°C - 62°C - 74°C - 72°C - 61°C - 60°C - 72°C - 72°C | Throttling: None - None - None - None - None - None - None - None
1325 (1456852 Gflops/s) - 1344 (1477743 Gflops/s) - 1328 (1460151 Gflops/s) - 1312 (1442559 Gflops/s) - 1349 (1483241 Gflops/s) - 1349 (1483241 Gflops/s) - 1315 (1445857 Gflops/s) - 1314 (1444758 Gflops/s) | Temperatures: 60°C - 62°C - 74°C - 72°C - 61°C - 60°C - 72°C - 72°C | Throttling: None - None - None - None - None - None - None - None
1328 (1460151 Gflops/s) - 1345 (1478843 Gflops/s) - 1328 (1460151 Gflops/s) - 1315 (1445857 Gflops/s) - 1350 (1484340 Gflops/s) - 1350 (1484340 Gflops/s) - 1317 (1448056 Gflops/s) - 1316 (1446957 Gflops/s) | Temperatures: 60°C - 62°C - 74°C - 72°C - 61°C - 61°C - 72°C - 72°C | Throttling: None - None - None - None - None - None - None - None
1326 (1457952 Gflops/s) - 1346 (1479942 Gflops/s) - 1330 (1462350 Gflops/s) - 1313 (1443658 Gflops/s) - 1349 (1483241 Gflops/s) - 1350 (1484340 Gflops/s) - 1302 (1431564 Gflops/s) - 1314 (1444758 Gflops/s) | Temperatures: 60°C - 62°C - 74°C - 72°C - 61°C - 60°C - 72°C - 72°C | Throttling: None - None - None - None - None - None - None - None
1325 (1456852 Gflops/s) - 1343 (1476644 Gflops/s) - 1329 (1461250 Gflops/s) - 1311 (1441459 Gflops/s) - 1348 (1482141 Gflops/s) - 1348 (1482141 Gflops/s) - 1315 (1445857 Gflops/s) - 1314 (1444758 Gflops/s) | Temperatures: 60°C - 62°C - 74°C - 72°C - 61°C - 61°C - 72°C - 72°C | Throttling: None - None - None - None - None - None - None - None
1327 (1459051 Gflops/s) - 1345 (1478843 Gflops/s) - 1330 (1462350 Gflops/s) - 1315 (1445857 Gflops/s) - 1348 (1482141 Gflops/s) - 1349 (1483241 Gflops/s) - 1320 (1451355 Gflops/s) - 1315 (1445857 Gflops/s) | Temperatures: 60°C - 62°C - 74°C - 72°C - 61°C - 61°C - 72°C - 72°C | Throttling: None - None - None - None - None - None - None - None
1326 (1457952 Gflops/s) - 1345 (1478843 Gflops/s) - 1329 (1461250 Gflops/s) - 1314 (1444758 Gflops/s) - 1349 (1483241 Gflops/s) - 1349 (1483241 Gflops/s) - 1319 (1450255 Gflops/s) - 1315 (1445857 Gflops/s) | Temperatures: 60°C - 62°C - 74°C - 72°C - 61°C - 60°C - 72°C - 72°C | Throttling: None - None - None - None - None - None - None - None
1328 (1460151 Gflops/s) - 1344 (1477743 Gflops/s) - 1330 (1462350 Gflops/s) - 1314 (1444758 Gflops/s) - 1349 (1483241 Gflops/s) - 1351 (1485440 Gflops/s) - 1320 (1451355 Gflops/s) - 1315 (1445857 Gflops/s) | Temperatures: 60°C - 62°C - 74°C - 72°C - 61°C - 60°C - 72°C - 72°C | Throttling: None - None - None - None - None - None - None - None
1326 (1457952 Gflops/s) - 1343 (1476644 Gflops/s) - 1328 (1460151 Gflops/s) - 1311 (1441459 Gflops/s) - 1348 (1482141 Gflops/s) - 1349 (1483241 Gflops/s) - 1309 (1439260 Gflops/s) - 1315 (1445857 Gflops/s) | Temperatures: 60°C - 62°C - 74°C - 72°C - 61°C - 60°C - 72°C - 72°C | Throttling: None - None - None - None - None - None - None - None
1326 (1457952 Gflops/s) - 1345 (1478843 Gflops/s) - 1330 (1462350 Gflops/s) - 1313 (1443658 Gflops/s) - 1349 (1483241 Gflops/s) - 1349 (1483241 Gflops/s) - 1309 (1439260 Gflops/s) - 1316 (1446957 Gflops/s) | Temperatures: 60°C - 62°C - 74°C - 72°C - 61°C - 60°C - 72°C - 72°C | Throttling: None - None - None - None - None - None - None - None
1326 (1457952 Gflops/s) - 1345 (1478843 Gflops/s) - 1330 (1462350 Gflops/s) - 1314 (1444758 Gflops/s) - 1351 (1485440 Gflops/s) - 1350 (1484340 Gflops/s) - 1323 (1454653 Gflops/s) - 1315 (1445857 Gflops/s) | Temperatures: 60°C - 62°C - 74°C - 72°C - 61°C - 60°C - 72°C - 72°C | Throttling: None - None - None - None - None - None - None - None
1328 (1460151 Gflops/s) - 1345 (1478843 Gflops/s) - 1329 (1461250 Gflops/s) - 1312 (1442559 Gflops/s) - 1350 (1484340 Gflops/s) - 1350 (1484340 Gflops/s) - 1323 (1454653 Gflops/s) - 1315 (1445857 Gflops/s) | Temperatures: 60°C - 62°C - 74°C - 72°C - 61°C - 60°C - 72°C - 72°C | Throttling: None - None - None - None - None - None - None - None
1325 (1456852 Gflops/s) - 1344 (1477743 Gflops/s) - 1328 (1460151 Gflops/s) - 1312 (1442559 Gflops/s) - 1350 (1484340 Gflops/s) - 1351 (1485440 Gflops/s) - 1316 (1446957 Gflops/s) - 1316 (1446957 Gflops/s) | Temperatures: 60°C - 62°C - 74°C - 72°C - 61°C - 60°C - 72°C - 72°C | Throttling: None - None - None - None - None - None - None - None
1324 (1455753 Gflops/s) - 1344 (1477743 Gflops/s) - 1329 (1461250 Gflops/s) - 1311 (1441459 Gflops/s) - 1348 (1482141 Gflops/s) - 1347 (1481042 Gflops/s) - 1301 (1430464 Gflops/s) - 1313 (1443658 Gflops/s) | Temperatures: 60°C - 62°C - 74°C - 72°C - 61°C - 61°C - 71°C - 72°C | Throttling: None - None - None - None - None - None - None - None
1329 (1461250 Gflops/s) - 1345 (1478843 Gflops/s) - 1330 (1462350 Gflops/s) - 1313 (1443658 Gflops/s) - 1351 (1485440 Gflops/s) - 1351 (1485440 Gflops/s) - 1302 (1431564 Gflops/s) - 1314 (1444758 Gflops/s) | Temperatures: 60°C - 62°C - 74°C - 72°C - 61°C - 61°C - 71°C - 72°C | Throttling: None - None - None - None - None - None - None - None
1326 (1457952 Gflops/s) - 1345 (1478843 Gflops/s) - 1329 (1461250 Gflops/s) - 1312 (1442559 Gflops/s) - 1350 (1484340 Gflops/s) - 1349 (1483241 Gflops/s) - 1315 (1445857 Gflops/s) - 1316 (1446957 Gflops/s) | Temperatures: 60°C - 62°C - 74°C - 72°C - 61°C - 61°C - 72°C - 72°C | Throttling: None - None - None - None - None - None - None - None
1325 (1456852 Gflops/s) - 1343 (1476644 Gflops/s) - 1327 (1459051 Gflops/s) - 1311 (1441459 Gflops/s) - 1349 (1483241 Gflops/s) - 1347 (1481042 Gflops/s) - 1318 (1449156 Gflops/s) - 1313 (1443658 Gflops/s) | Temperatures: 60°C - 62°C - 74°C - 72°C - 61°C - 60°C - 72°C - 72°C | Throttling: None - None - None - None - None - None - None - None
1326 (1457952 Gflops/s) - 1344 (1477743 Gflops/s) - 1331 (1463449 Gflops/s) - 1313 (1443658 Gflops/s) - 1348 (1482141 Gflops/s) - 1351 (1485440 Gflops/s) - 1318 (1449156 Gflops/s) - 1315 (1445857 Gflops/s) | Temperatures: 60°C - 62°C - 74°C - 72°C - 61°C - 61°C - 72°C - 72°C | Throttling: None - None - None - None - None - None - None - None
1327 (1459051 Gflops/s) - 1345 (1478843 Gflops/s) - 1329 (1461250 Gflops/s) - 1312 (1442559 Gflops/s) - 1350 (1484340 Gflops/s) - 1351 (1485440 Gflops/s) - 1310 (1440360 Gflops/s) - 1317 (1448056 Gflops/s) | Temperatures: 60°C - 62°C - 74°C - 72°C - 61°C - 60°C - 71°C - 72°C | Throttling: None - None - None - None - None - None - None - None
1326 (1457952 Gflops/s) - 1345 (1478843 Gflops/s) - 1328 (1460151 Gflops/s) - 1313 (1443658 Gflops/s) - 1349 (1483241 Gflops/s) - 1350 (1484340 Gflops/s) - 1317 (1448056 Gflops/s) - 1317 (1448056 Gflops/s) | Temperatures: 60°C - 62°C - 74°C - 72°C - 61°C - 60°C - 72°C - 72°C | Throttling: None - None - None - None - None - None - None - None
1326 (1457952 Gflops/s) - 1345 (1478843 Gflops/s) - 1330 (1462350 Gflops/s) - 1312 (1442559 Gflops/s) - 1349 (1483241 Gflops/s) - 1351 (1485440 Gflops/s) - 1315 (1445857 Gflops/s) - 1316 (1446957 Gflops/s) | Temperatures: 60°C - 62°C - 74°C - 72°C - 61°C - 61°C - 72°C - 72°C | Throttling: None - None - None - None - None - None - None - None
1325 (1456852 Gflops/s) - 1344 (1477743 Gflops/s) - 1328 (1460151 Gflops/s) - 1311 (1441459 Gflops/s) - 1349 (1483241 Gflops/s) - 1349 (1483241 Gflops/s) - 1311 (1441459 Gflops/s) - 1316 (1446957 Gflops/s) | Temperatures: 60°C - 62°C - 74°C - 72°C - 61°C - 60°C - 72°C - 72°C | Throttling: None - None - None - None - None - None - None - None
1325 (1456852 Gflops/s) - 1345 (1478843 Gflops/s) - 1330 (1462350 Gflops/s) - 1312 (1442559 Gflops/s) - 1349 (1483241 Gflops/s) - 1350 (1484340 Gflops/s) - 1318 (1449156 Gflops/s) - 1315 (1445857 Gflops/s) | Temperatures: 60°C - 62°C - 74°C - 72°C - 61°C - 60°C - 72°C - 72°C | Throttling: None - None - None - None - None - None - None - None
1326 (1457952 Gflops/s) - 1343 (1476644 Gflops/s) - 1331 (1463449 Gflops/s) - 1313 (1443658 Gflops/s) - 1350 (1484340 Gflops/s) - 1350 (1484340 Gflops/s) - 1321 (1452454 Gflops/s) - 1315 (1445857 Gflops/s) | Temperatures: 60°C - 62°C - 74°C - 72°C - 61°C - 60°C - 72°C - 72°C | Throttling: None - None - None - None - None - None - None - None
1324 (1455753 Gflops/s) - 1344 (1477743 Gflops/s) - 1328 (1460151 Gflops/s) - 1310 (1440360 Gflops/s) - 1349 (1483241 Gflops/s) - 1348 (1482141 Gflops/s) - 1302 (1431564 Gflops/s) - 1315 (1445857 Gflops/s) | Temperatures: 60°C - 62°C - 74°C - 72°C - 61°C - 60°C - 71°C - 72°C | Throttling: None - None - None - None - None - None - None - None
1326 (1457952 Gflops/s) - 1344 (1477743 Gflops/s) - 1330 (1462350 Gflops/s) - 1311 (1441459 Gflops/s) - 1350 (1484340 Gflops/s) - 1350 (1484340 Gflops/s) - 1312 (1442559 Gflops/s) - 1316 (1446957 Gflops/s) | Temperatures: 60°C - 62°C - 74°C - 72°C - 61°C - 61°C - 72°C - 72°C | Throttling: None - None - None - None - None - None - None - None
1325 (1456852 Gflops/s) - 1345 (1478843 Gflops/s) - 1329 (1461250 Gflops/s) - 1312 (1442559 Gflops/s) - 1350 (1484340 Gflops/s) - 1350 (1484340 Gflops/s) - 1309 (1439260 Gflops/s) - 1315 (1445857 Gflops/s) | Temperatures: 60°C - 62°C - 74°C - 72°C - 61°C - 61°C - 72°C - 72°C | Throttling: None - None - None - None - None - None - None - None
1328 (1460151 Gflops/s) - 1345 (1478843 Gflops/s) - 1332 (1464549 Gflops/s) - 1314 (1444758 Gflops/s) - 1350 (1484340 Gflops/s) - 1350 (1484340 Gflops/s) - 1320 (1451355 Gflops/s) - 1316 (1446957 Gflops/s) | Temperatures: 60°C - 62°C - 74°C - 72°C - 61°C - 61°C - 72°C - 72°C | Throttling: None - None - None - None - None - None - None - None
1326 (1457952 Gflops/s) - 1344 (1477743 Gflops/s) - 1328 (1460151 Gflops/s) - 1312 (1442559 Gflops/s) - 1349 (1483241 Gflops/s) - 1349 (1483241 Gflops/s) - 1315 (1445857 Gflops/s) - 1315 (1445857 Gflops/s) | Temperatures: 60°C - 62°C - 74°C - 72°C - 61°C - 61°C - 72°C - 72°C | Throttling: None - None - None - None - None - None - None - None
1327 (1459051 Gflops/s) - 1344 (1477743 Gflops/s) - 1331 (1463449 Gflops/s) - 1311 (1441459 Gflops/s) - 1349 (1483241 Gflops/s) - 1349 (1483241 Gflops/s) - 1314 (1444758 Gflops/s) - 1316 (1446957 Gflops/s) | Temperatures: 60°C - 62°C - 74°C - 72°C - 61°C - 61°C - 71°C - 72°C | Throttling: None - None - None - None - None - None - None - None
1325 (1456852 Gflops/s) - 1344 (1477743 Gflops/s) - 1329 (1461250 Gflops/s) - 1313 (1443658 Gflops/s) - 1348 (1482141 Gflops/s) - 1350 (1484340 Gflops/s) - 1301 (1430464 Gflops/s) - 1316 (1446957 Gflops/s) | Temperatures: 60°C - 62°C - 74°C - 72°C - 61°C - 61°C - 71°C - 72°C | Throttling: None - None - None - None - None - None - None - None
1326 (1457952 Gflops/s) - 1343 (1476644 Gflops/s) - 1329 (1461250 Gflops/s) - 1313 (1443658 Gflops/s) - 1348 (1482141 Gflops/s) - 1350 (1484340 Gflops/s) - 1315 (1445857 Gflops/s) - 1315 (1445857 Gflops/s) | Temperatures: 60°C - 62°C - 74°C - 72°C - 61°C - 61°C - 72°C - 72°C | Throttling: None - None - None - None - None - None - None - None
1325 (1456852 Gflops/s) - 1344 (1477743 Gflops/s) - 1328 (1460151 Gflops/s) - 1311 (1441459 Gflops/s) - 1348 (1482141 Gflops/s) - 1348 (1482141 Gflops/s) - 1312 (1442559 Gflops/s) - 1317 (1448056 Gflops/s) | Temperatures: 60°C - 62°C - 74°C - 72°C - 61°C - 61°C - 72°C - 72°C | Throttling: None - None - None - None - None - None - None - None
1327 (1459051 Gflops/s) - 1345 (1478843 Gflops/s) - 1330 (1462350 Gflops/s) - 1311 (1441459 Gflops/s) - 1349 (1483241 Gflops/s) - 1351 (1485440 Gflops/s) - 1319 (1450255 Gflops/s) - 1315 (1445857 Gflops/s) | Temperatures: 60°C - 62°C - 74°C - 72°C - 61°C - 61°C - 72°C - 72°C | Throttling: None - None - None - None - None - None - None - None
1325 (1456852 Gflops/s) - 1346 (1479942 Gflops/s) - 1329 (1461250 Gflops/s) - 1312 (1442559 Gflops/s) - 1350 (1484340 Gflops/s) - 1350 (1484340 Gflops/s) - 1318 (1449156 Gflops/s) - 1316 (1446957 Gflops/s) | Temperatures: 60°C - 62°C - 74°C - 72°C - 62°C - 61°C - 72°C - 72°C | Throttling: None - None - None - None - None - None - None - None
1326 (1457952 Gflops/s) - 1344 (1477743 Gflops/s) - 1330 (1462350 Gflops/s) - 1312 (1442559 Gflops/s) - 1349 (1483241 Gflops/s) - 1351 (1485440 Gflops/s) - 1313 (1443658 Gflops/s) - 1315 (1445857 Gflops/s) | Temperatures: 60°C - 62°C - 74°C - 72°C - 61°C - 61°C - 72°C - 72°C | Throttling: None - None - None - None - None - None - None - None
1326 (1457952 Gflops/s) - 1345 (1478843 Gflops/s) - 1328 (1460151 Gflops/s) - 1313 (1443658 Gflops/s) - 1350 (1484340 Gflops/s) - 1351 (1485440 Gflops/s) - 1312 (1442559 Gflops/s) - 1315 (1445857 Gflops/s) | Temperatures: 60°C - 62°C - 74°C - 72°C - 61°C - 61°C - 72°C - 72°C | Throttling: None - None - None - None - None - None - None - None
1326 (1457952 Gflops/s) - 1344 (1477743 Gflops/s) - 1330 (1462350 Gflops/s) - 1310 (1440360 Gflops/s) - 1350 (1484340 Gflops/s) - 1350 (1484340 Gflops/s) - 1304 (1433763 Gflops/s) - 1316 (1446957 Gflops/s) | Temperatures: 60°C - 62°C - 74°C - 72°C - 61°C - 61°C - 72°C - 72°C | Throttling: None - None - None - None - None - None - None - None
1324 (1455753 Gflops/s) - 1344 (1477743 Gflops/s) - 1328 (1460151 Gflops/s) - 1312 (1442559 Gflops/s) - 1349 (1483241 Gflops/s) - 1348 (1482141 Gflops/s) - 1310 (1440360 Gflops/s) - 1315 (1445857 Gflops/s) | Temperatures: 60°C - 62°C - 74°C - 72°C - 61°C - 61°C - 72°C - 72°C | Throttling: None - None - None - None - None - None - None - None
1325 (1456852 Gflops/s) - 1345 (1478843 Gflops/s) - 1330 (1462350 Gflops/s) - 1312 (1442559 Gflops/s) - 1349 (1483241 Gflops/s) - 1349 (1483241 Gflops/s) - 1316 (1446957 Gflops/s) - 1315 (1445857 Gflops/s) | Temperatures: 60°C - 62°C - 74°C - 72°C - 61°C - 61°C - 72°C - 72°C | Throttling: None - None - None - None - None - None - None - None
1323 (1454653 Gflops/s) - 1344 (1477743 Gflops/s) - 1330 (1462350 Gflops/s) - 1312 (1442559 Gflops/s) - 1350 (1484340 Gflops/s) - 1351 (1485440 Gflops/s) - 1320 (1451355 Gflops/s) - 1315 (1445857 Gflops/s) | Temperatures: 60°C - 62°C - 74°C - 72°C - 62°C - 61°C - 72°C - 72°C | Throttling: None - None - None - None - None - None - None - None
1326 (1457952 Gflops/s) - 1346 (1479942 Gflops/s) - 1329 (1461250 Gflops/s) - 1311 (1441459 Gflops/s) - 1350 (1484340 Gflops/s) - 1351 (1485440 Gflops/s) - 1318 (1449156 Gflops/s) - 1314 (1444758 Gflops/s) | Temperatures: 60°C - 62°C - 74°C - 72°C - 61°C - 61°C - 72°C - 72°C | Throttling: None - None - None - None - None - None - None - None
1325 (1456852 Gflops/s) - 1343 (1476644 Gflops/s) - 1327 (1459051 Gflops/s) - 1312 (1442559 Gflops/s) - 1346 (1479942 Gflops/s) - 1350 (1484340 Gflops/s) - 1307 (1437061 Gflops/s) - 1315 (1445857 Gflops/s) | Temperatures: 60°C - 62°C - 74°C - 72°C - 61°C - 61°C - 72°C - 72°C | Throttling: None - None - None - None - None - None - None - None
1325 (1456852 Gflops/s) - 1344 (1477743 Gflops/s) - 1331 (1463449 Gflops/s) - 1312 (1442559 Gflops/s) - 1350 (1484340 Gflops/s) - 1351 (1485440 Gflops/s) - 1299 (1428265 Gflops/s) - 1313 (1443658 Gflops/s) | Temperatures: 60°C - 62°C - 74°C - 72°C - 61°C - 61°C - 72°C - 72°C | Throttling: None - None - None - None - None - None - None - None
1324 (1455753 Gflops/s) - 1345 (1478843 Gflops/s) - 1330 (1462350 Gflops/s) - 1313 (1443658 Gflops/s) - 1350 (1484340 Gflops/s) - 1349 (1483241 Gflops/s) - 1322 (1453554 Gflops/s) - 1315 (1445857 Gflops/s) | Temperatures: 60°C - 62°C - 74°C - 72°C - 61°C - 61°C - 72°C - 72°C | Throttling: None - None - None - None - None - None - None - None
1325 (1456852 Gflops/s) - 1343 (1476644 Gflops/s) - 1327 (1459051 Gflops/s) - 1312 (1442559 Gflops/s) - 1347 (1481042 Gflops/s) - 1350 (1484340 Gflops/s) - 1307 (1437061 Gflops/s) - 1313 (1443658 Gflops/s) | Temperatures: 60°C - 62°C - 74°C - 72°C - 61°C - 61°C - 72°C - 72°C | Throttling: None - None - None - None - None - None - None - None
1325 (1456852 Gflops/s) - 1345 (1478843 Gflops/s) - 1329 (1461250 Gflops/s) - 1313 (1443658 Gflops/s) - 1349 (1483241 Gflops/s) - 1350 (1484340 Gflops/s) - 1306 (1435962 Gflops/s) - 1316 (1446957 Gflops/s) | Temperatures: 60°C - 62°C - 74°C - 72°C - 61°C - 61°C - 72°C - 72°C | Throttling: None - None - None - None - None - None - None - None
1324 (1455753 Gflops/s) - 1345 (1478843 Gflops/s) - 1329 (1461250 Gflops/s) - 1312 (1442559 Gflops/s) - 1349 (1483241 Gflops/s) - 1349 (1483241 Gflops/s) - 1308 (1438161 Gflops/s) - 1316 (1446957 Gflops/s) | Temperatures: 60°C - 62°C - 74°C - 72°C - 61°C - 61°C - 72°C - 72°C | Throttling: None - None - None - None - None - None - None - None
1327 (1459051 Gflops/s) - 1345 (1478843 Gflops/s) - 1329 (1461250 Gflops/s) - 1312 (1442559 Gflops/s) - 1350 (1484340 Gflops/s) - 1350 (1484340 Gflops/s) - 1314 (1444758 Gflops/s) - 1314 (1444758 Gflops/s) | Temperatures: 60°C - 62°C - 74°C - 72°C - 62°C - 61°C - 72°C - 72°C | Throttling: None - None - None - None - None - None - None - None
1325 (1456852 Gflops/s) - 1343 (1476644 Gflops/s) - 1328 (1460151 Gflops/s) - 1312 (1442559 Gflops/s) - 1348 (1482141 Gflops/s) - 1348 (1482141 Gflops/s) - 1304 (1433763 Gflops/s) - 1314 (1444758 Gflops/s) | Temperatures: 60°C - 62°C - 74°C - 72°C - 61°C - 61°C - 72°C - 72°C | Throttling: None - None - None - None - None - None - None - None
1325 (1456852 Gflops/s) - 1346 (1479942 Gflops/s) - 1328 (1460151 Gflops/s) - 1312 (1442559 Gflops/s) - 1350 (1484340 Gflops/s) - 1350 (1484340 Gflops/s) - 1316 (1446957 Gflops/s) - 1316 (1446957 Gflops/s) | Temperatures: 60°C - 62°C - 74°C - 72°C - 61°C - 61°C - 72°C - 72°C | Throttling: None - None - None - None - None - None - None - None
1327 (1459051 Gflops/s) - 1344 (1477743 Gflops/s) - 1330 (1462350 Gflops/s) - 1312 (1442559 Gflops/s) - 1350 (1484340 Gflops/s) - 1350 (1484340 Gflops/s) - 1317 (1448056 Gflops/s) - 1317 (1448056 Gflops/s) | Temperatures: 60°C - 62°C - 74°C - 72°C - 61°C - 61°C - 72°C - 72°C | Throttling: None - None - None - None - None - None - None - None
1324 (1455753 Gflops/s) - 1344 (1477743 Gflops/s) - 1329 (1461250 Gflops/s) - 1312 (1442559 Gflops/s) - 1348 (1482141 Gflops/s) - 1348 (1482141 Gflops/s) - 1309 (1439260 Gflops/s) - 1314 (1444758 Gflops/s) | Temperatures: 60°C - 62°C - 74°C - 72°C - 61°C - 61°C - 72°C - 72°C | Throttling: None - None - None - None - None - None - None - None
1325 (1456852 Gflops/s) - 1344 (1477743 Gflops/s) - 1329 (1461250 Gflops/s) - 1314 (1444758 Gflops/s) - 1348 (1482141 Gflops/s) - 1352 (1486539 Gflops/s) - 1309 (1439260 Gflops/s) - 1317 (1448056 Gflops/s) | Temperatures: 60°C - 62°C - 74°C - 72°C - 61°C - 61°C - 72°C - 72°C | Throttling: None - None - None - None - None - None - None - None
1323 (1454653 Gflops/s) - 1343 (1476644 Gflops/s) - 1330 (1462350 Gflops/s) - 1311 (1441459 Gflops/s) - 1347 (1481042 Gflops/s) - 1350 (1484340 Gflops/s) - 1302 (1431564 Gflops/s) - 1314 (1444758 Gflops/s) | Temperatures: 60°C - 62°C - 74°C - 72°C - 61°C - 61°C - 72°C - 72°C | Throttling: None - None - None - None - None - None - None - None
1324 (1455753 Gflops/s) - 1345 (1478843 Gflops/s) - 1329 (1461250 Gflops/s) - 1313 (1443658 Gflops/s) - 1350 (1484340 Gflops/s) - 1352 (1486539 Gflops/s) - 1321 (1452454 Gflops/s) - 1314 (1444758 Gflops/s) | Temperatures: 60°C - 62°C - 74°C - 72°C - 61°C - 61°C - 72°C - 72°C | Throttling: None - None - None - None - None - None - None - None
1326 (1457952 Gflops/s) - 1345 (1478843 Gflops/s) - 1330 (1462350 Gflops/s) - 1312 (1442559 Gflops/s) - 1349 (1483241 Gflops/s) - 1352 (1486539 Gflops/s) - 1305 (1434862 Gflops/s) - 1315 (1445857 Gflops/s) | Temperatures: 60°C - 62°C - 74°C - 72°C - 61°C - 61°C - 72°C - 72°C | Throttling: None - None - None - None - None - None - None - None
1324 (1455753 Gflops/s) - 1345 (1478843 Gflops/s) - 1331 (1463449 Gflops/s) - 1311 (1441459 Gflops/s) - 1349 (1483241 Gflops/s) - 1351 (1485440 Gflops/s) - 1308 (1438161 Gflops/s) - 1025 (1126999 Gflops/s) | Temperatures: 60°C - 62°C - 74°C - 72°C - 61°C - 61°C - 71°C - 72°C | Throttling: None - None - None - None - None - None - None - None
GPU #0: 1457840 Gflops/s (min: 1448056.81, max: 1466748.51, dev: 1457839.84)
         Temperature: 59.75°C (min: 55.00, max: 60.00)
         Throttling HW: false, Thermal SW: false, Thermal HW: false
GPU #1: 1478746 Gflops/s (min: 1474445.09, max: 1490937.77, dev: 1478745.57)
         Temperature: 61.67°C (min: 56.00, max: 62.00)
         Throttling HW: false, Thermal SW: false, Thermal HW: false
GPU #2: 1464583 Gflops/s (min: 1459051.93, max: 1484340.70, dev: 1464583.26)
         Temperature: 73.43°C (min: 66.00, max: 74.00)
         Throttling HW: false, Thermal SW: false, Thermal HW: false
GPU #3: 1444135 Gflops/s (min: 1440360.23, max: 1452454.86, dev: 1444135.35)
         Temperature: 71.09°C (min: 64.00, max: 72.00)
         Throttling HW: false, Thermal SW: false, Thermal HW: false
GPU #4: 1484596 Gflops/s (min: 1479942.65, max: 1504131.91, dev: 1484595.87)
         Temperature: 60.86°C (min: 55.00, max: 62.00)
         Throttling HW: false, Thermal SW: false, Thermal HW: false
GPU #5: 1484701 Gflops/s (min: 1481042.16, max: 1493136.79, dev: 1484700.95)
         Temperature: 60.31°C (min: 55.00, max: 61.00)
         Throttling HW: false, Thermal SW: false, Thermal HW: false
GPU #6: 1455311 Gflops/s (min: 1428265.60, max: 1485440.21, dev: 1455310.59)
         Temperature: 71.44°C (min: 64.00, max: 72.00)
         Throttling HW: false, Thermal SW: false, Thermal HW: false
GPU #7: 1447201 Gflops/s (min: 1126999.42, max: 1471146.56, dev: 1447201.22)
         Temperature: 71.50°C (min: 64.00, max: 72.00)
         Throttling HW: false, Thermal SW: false, Thermal HW: false
All GPUs seem healthy
Freeing GPUs...
======== Run with fp8  ==========
Detected GPU #0: "NVIDIA B200" (6c5ffebd-4303-bffd-8270-ff71aa2863d9)
Detected GPU #1: "NVIDIA B200" (02a91c21-1299-65a8-e444-8fae3f5a94fd)
Detected GPU #2: "NVIDIA B200" (aba32cce-3041-135c-414a-b582a34c7494)
Detected GPU #3: "NVIDIA B200" (3d52b6ed-1104-9e50-7c15-072183140d99)
Detected GPU #4: "NVIDIA B200" (df9f87d8-b52b-b9f1-a236-31ab3bd860ef)
Detected GPU #5: "NVIDIA B200" (d3edf7cc-91c6-f324-af28-e178d917c279)
Detected GPU #6: "NVIDIA B200" (c2d79b9a-353e-3a89-a546-3f25b8ffbf65)
Detected GPU #7: "NVIDIA B200" (53eb9171-8f36-5d55-6e94-2c435ae56cde)
Using precision(s):   FP8
Creating random matrices
Matrices created
GPU #0: Using 163805 MB
GPU #1: Using 163805 MB
GPU #2: Using 163805 MB
GPU #3: Using 163805 MB
GPU #4: Using 163805 MB
GPU #5: Using 163805 MB
GPU #6: Using 163805 MB
GPU #7: Using 163805 MB
2189 (2406830 Gflops/s) - 2058 (2262794 Gflops/s) - 2098 (2306775 Gflops/s) - 1879 (2065982 Gflops/s) - 0 (0 Gflops/s) - 1529 (1681153 Gflops/s) - 1580 (1737228 Gflops/s) - 0 (0 Gflops/s) | Temperatures: 51°C - 52°C - 65°C - 63°C - 40°C - 50°C - 61°C - 52°C | Throttling: None - None - None - None - None - None - None - None
3704 (4072591 Gflops/s) - 3732 (4103377 Gflops/s) - 3712 (4081387 Gflops/s) - 3665 (4029710 Gflops/s) - 3722 (4092382 Gflops/s) - 3731 (4102277 Gflops/s) - 3702 (4070392 Gflops/s) - 3616 (3975834 Gflops/s) | Temperatures: 54°C - 55°C - 67°C - 65°C - 53°C - 54°C - 65°C - 64°C | Throttling: None - None - None - None - None - None - None - None
3711 (4080287 Gflops/s) - 3728 (4098979 Gflops/s) - 3692 (4059396 Gflops/s) - 3658 (4022013 Gflops/s) - 3726 (4096780 Gflops/s) - 3728 (4098979 Gflops/s) - 3693 (4060496 Gflops/s) - 3600 (3958241 Gflops/s) | Temperatures: 54°C - 56°C - 68°C - 65°C - 55°C - 55°C - 66°C - 65°C | Throttling: None - None - None - None - None - None - None - None
3704 (4072591 Gflops/s) - 3727 (4097879 Gflops/s) - 3700 (4068193 Gflops/s) - 3656 (4019814 Gflops/s) - 3727 (4097879 Gflops/s) - 3728 (4098979 Gflops/s) - 3691 (4058297 Gflops/s) - 3601 (3959341 Gflops/s) | Temperatures: 55°C - 56°C - 68°C - 66°C - 55°C - 55°C - 66°C - 66°C | Throttling: None - None - None - None - None - None - None - None
3705 (4073690 Gflops/s) - 3723 (4093481 Gflops/s) - 3676 (4041804 Gflops/s) - 3669 (4034108 Gflops/s) - 3727 (4097879 Gflops/s) - 3729 (4100078 Gflops/s) - 3681 (4047302 Gflops/s) - 3602 (3960440 Gflops/s) | Temperatures: 56°C - 57°C - 68°C - 66°C - 56°C - 56°C - 66°C - 66°C | Throttling: None - None - None - None - None - None - None - None
3698 (4065993 Gflops/s) - 3718 (4087984 Gflops/s) - 3685 (4051700 Gflops/s) - 3654 (4017615 Gflops/s) - 3726 (4096780 Gflops/s) - 3728 (4098979 Gflops/s) - 3689 (4056098 Gflops/s) - 3591 (3948346 Gflops/s) | Temperatures: 56°C - 57°C - 69°C - 66°C - 56°C - 56°C - 67°C - 67°C | Throttling: None - None - None - None - None - None - None - None
3695 (4062695 Gflops/s) - 3720 (4090183 Gflops/s) - 3690 (4057197 Gflops/s) - 3653 (4016515 Gflops/s) - 3727 (4097879 Gflops/s) - 3728 (4098979 Gflops/s) - 3686 (4052799 Gflops/s) - 3589 (3946147 Gflops/s) | Temperatures: 56°C - 57°C - 69°C - 67°C - 57°C - 56°C - 67°C - 67°C | Throttling: None - None - None - None - None - None - None - None
3688 (4054998 Gflops/s) - 3717 (4086884 Gflops/s) - 3691 (4058297 Gflops/s) - 3657 (4020914 Gflops/s) - 3726 (4096780 Gflops/s) - 3727 (4097879 Gflops/s) - 3679 (4045103 Gflops/s) - 3587 (3943948 Gflops/s) | Temperatures: 56°C - 58°C - 69°C - 67°C - 57°C - 57°C - 67°C - 67°C | Throttling: None - None - None - None - None - None - None - None
3689 (4056098 Gflops/s) - 3719 (4089083 Gflops/s) - 3695 (4062695 Gflops/s) - 3653 (4016515 Gflops/s) - 3727 (4097879 Gflops/s) - 3729 (4100078 Gflops/s) - 3677 (4042904 Gflops/s) - 3589 (3946147 Gflops/s) | Temperatures: 57°C - 58°C - 70°C - 67°C - 57°C - 57°C - 67°C - 67°C | Throttling: None - None - None - None - None - None - None - None
3686 (4052799 Gflops/s) - 3713 (4082486 Gflops/s) - 3679 (4045103 Gflops/s) - 3639 (4001122 Gflops/s) - 3726 (4096780 Gflops/s) - 3727 (4097879 Gflops/s) - 3686 (4052799 Gflops/s) - 3587 (3943948 Gflops/s) | Temperatures: 57°C - 58°C - 69°C - 67°C - 58°C - 57°C - 68°C - 68°C | Throttling: None - None - None - None - None - None - None - None
3691 (4058297 Gflops/s) - 3717 (4086884 Gflops/s) - 3684 (4050600 Gflops/s) - 3649 (4012117 Gflops/s) - 3727 (4097879 Gflops/s) - 3729 (4100078 Gflops/s) - 3684 (4050600 Gflops/s) - 3588 (3945047 Gflops/s) | Temperatures: 57°C - 58°C - 70°C - 68°C - 58°C - 57°C - 68°C - 68°C | Throttling: None - None - None - None - None - None - None - None
3691 (4058297 Gflops/s) - 3720 (4090183 Gflops/s) - 3683 (4049501 Gflops/s) - 3637 (3998923 Gflops/s) - 3727 (4097879 Gflops/s) - 3728 (4098979 Gflops/s) - 3684 (4050600 Gflops/s) - 3586 (3942848 Gflops/s) | Temperatures: 58°C - 58°C - 70°C - 68°C - 58°C - 58°C - 68°C - 68°C | Throttling: None - None - None - None - None - None - None - None
3683 (4049501 Gflops/s) - 3715 (4084685 Gflops/s) - 3679 (4045103 Gflops/s) - 3650 (4013217 Gflops/s) - 3727 (4097879 Gflops/s) - 3728 (4098979 Gflops/s) - 3679 (4045103 Gflops/s) - 3584 (3940649 Gflops/s) | Temperatures: 57°C - 59°C - 70°C - 68°C - 58°C - 58°C - 68°C - 68°C | Throttling: None - None - None - None - None - None - None - None
3688 (4054998 Gflops/s) - 3711 (4080287 Gflops/s) - 3680 (4046202 Gflops/s) - 3641 (4003321 Gflops/s) - 3727 (4097879 Gflops/s) - 3727 (4097879 Gflops/s) - 3683 (4049501 Gflops/s) - 3584 (3940649 Gflops/s) | Temperatures: 58°C - 59°C - 70°C - 68°C - 58°C - 58°C - 69°C - 68°C | Throttling: None - None - None - None - None - None - None - None
3680 (4046202 Gflops/s) - 3715 (4084685 Gflops/s) - 3664 (4028610 Gflops/s) - 3647 (4009918 Gflops/s) - 3725 (4095680 Gflops/s) - 3726 (4096780 Gflops/s) - 3681 (4047302 Gflops/s) - 3583 (3939550 Gflops/s) | Temperatures: 58°C - 59°C - 70°C - 68°C - 58°C - 58°C - 69°C - 69°C | Throttling: None - None - None - None - None - None - None - None
3681 (4047302 Gflops/s) - 3713 (4082486 Gflops/s) - 3678 (4044003 Gflops/s) - 3641 (4003321 Gflops/s) - 3727 (4097879 Gflops/s) - 3726 (4096780 Gflops/s) - 3671 (4036307 Gflops/s) - 3583 (3939550 Gflops/s) | Temperatures: 58°C - 59°C - 71°C - 68°C - 59°C - 58°C - 69°C - 69°C | Throttling: None - None - None - None - None - None - None - None
3682 (4048401 Gflops/s) - 3713 (4082486 Gflops/s) - 3690 (4057197 Gflops/s) - 3631 (3992326 Gflops/s) - 3727 (4097879 Gflops/s) - 3726 (4096780 Gflops/s) - 3677 (4042904 Gflops/s) - 3582 (3938450 Gflops/s) | Temperatures: 58°C - 59°C - 71°C - 68°C - 59°C - 59°C - 69°C - 69°C | Throttling: None - None - None - None - None - None - None - None
3673 (4038506 Gflops/s) - 3714 (4083586 Gflops/s) - 3666 (4030809 Gflops/s) - 3636 (3997824 Gflops/s) - 3726 (4096780 Gflops/s) - 3726 (4096780 Gflops/s) - 3674 (4039605 Gflops/s) - 3581 (3937351 Gflops/s) | Temperatures: 58°C - 60°C - 71°C - 69°C - 59°C - 59°C - 69°C - 69°C | Throttling: None - None - None - None - None - None - None - None
3675 (4040705 Gflops/s) - 3709 (4078088 Gflops/s) - 3667 (4031909 Gflops/s) - 3635 (3996724 Gflops/s) - 3726 (4096780 Gflops/s) - 3725 (4095680 Gflops/s) - 3680 (4046202 Gflops/s) - 3579 (3935152 Gflops/s) | Temperatures: 58°C - 60°C - 71°C - 69°C - 59°C - 59°C - 69°C - 69°C | Throttling: None - None - None - None - None - None - None - None
3679 (4045103 Gflops/s) - 3712 (4081387 Gflops/s) - 3684 (4050600 Gflops/s) - 3633 (3994525 Gflops/s) - 3726 (4096780 Gflops/s) - 3724 (4094581 Gflops/s) - 3670 (4035207 Gflops/s) - 3578 (3934052 Gflops/s) | Temperatures: 59°C - 60°C - 71°C - 69°C - 59°C - 59°C - 70°C - 69°C | Throttling: None - None - None - None - None - None - None - None
3675 (4040705 Gflops/s) - 3708 (4076989 Gflops/s) - 3667 (4031909 Gflops/s) - 3628 (3989028 Gflops/s) - 3726 (4096780 Gflops/s) - 3725 (4095680 Gflops/s) - 3675 (4040705 Gflops/s) - 3576 (3931853 Gflops/s) | Temperatures: 59°C - 60°C - 71°C - 69°C - 59°C - 59°C - 70°C - 70°C | Throttling: None - None - None - None - None - None - None - None
3674 (4039605 Gflops/s) - 3709 (4078088 Gflops/s) - 3673 (4038506 Gflops/s) - 3634 (3995625 Gflops/s) - 3726 (4096780 Gflops/s) - 3723 (4093481 Gflops/s) - 3682 (4048401 Gflops/s) - 3575 (3930754 Gflops/s) | Temperatures: 59°C - 60°C - 71°C - 69°C - 60°C - 59°C - 70°C - 70°C | Throttling: None - None - None - None - None - None - None - None
3680 (4046202 Gflops/s) - 3717 (4086884 Gflops/s) - 3670 (4035207 Gflops/s) - 3642 (4004421 Gflops/s) - 3731 (4102277 Gflops/s) - 3729 (4100078 Gflops/s) - 3682 (4048401 Gflops/s) - 3580 (3936251 Gflops/s) | Temperatures: 59°C - 60°C - 72°C - 69°C - 60°C - 59°C - 70°C - 70°C | Throttling: None - None - None - None - None - None - None - None
3681 (4047302 Gflops/s) - 3714 (4083586 Gflops/s) - 3669 (4034108 Gflops/s) - 3639 (4001122 Gflops/s) - 3726 (4096780 Gflops/s) - 3723 (4093481 Gflops/s) - 3667 (4031909 Gflops/s) - 3574 (3929654 Gflops/s) | Temperatures: 59°C - 60°C - 72°C - 69°C - 60°C - 59°C - 70°C - 70°C | Throttling: None - None - None - None - None - None - None - None
3671 (4036307 Gflops/s) - 3705 (4073690 Gflops/s) - 3666 (4030809 Gflops/s) - 3637 (3998923 Gflops/s) - 3723 (4093481 Gflops/s) - 3721 (4091282 Gflops/s) - 3670 (4035207 Gflops/s) - 3572 (3927455 Gflops/s) | Temperatures: 59°C - 60°C - 72°C - 70°C - 60°C - 60°C - 70°C - 70°C | Throttling: None - None - None - None - None - None - None - None
3679 (4045103 Gflops/s) - 3716 (4085785 Gflops/s) - 3673 (4038506 Gflops/s) - 3639 (4001122 Gflops/s) - 3730 (4101178 Gflops/s) - 3727 (4097879 Gflops/s) - 3680 (4046202 Gflops/s) - 3577 (3932953 Gflops/s) | Temperatures: 59°C - 60°C - 72°C - 70°C - 60°C - 60°C - 71°C - 70°C | Throttling: None - None - None - None - None - None - None - None
3677 (4042904 Gflops/s) - 3710 (4079188 Gflops/s) - 3673 (4038506 Gflops/s) - 3642 (4004421 Gflops/s) - 3727 (4097879 Gflops/s) - 3725 (4095680 Gflops/s) - 3671 (4036307 Gflops/s) - 3573 (3928555 Gflops/s) | Temperatures: 59°C - 60°C - 72°C - 70°C - 60°C - 60°C - 70°C - 70°C | Throttling: None - None - None - None - None - None - None - None
3677 (4042904 Gflops/s) - 3707 (4075889 Gflops/s) - 3672 (4037406 Gflops/s) - 3631 (3992326 Gflops/s) - 3725 (4095680 Gflops/s) - 3723 (4093481 Gflops/s) - 3667 (4031909 Gflops/s) - 3571 (3926356 Gflops/s) | Temperatures: 59°C - 60°C - 72°C - 70°C - 60°C - 60°C - 71°C - 71°C | Throttling: None - None - None - None - None - None - None - None
3670 (4035207 Gflops/s) - 3710 (4079188 Gflops/s) - 3676 (4041804 Gflops/s) - 3631 (3992326 Gflops/s) - 3727 (4097879 Gflops/s) - 3723 (4093481 Gflops/s) - 3665 (4029710 Gflops/s) - 3572 (3927455 Gflops/s) | Temperatures: 59°C - 61°C - 72°C - 70°C - 60°C - 60°C - 71°C - 71°C | Throttling: None - None - None - None - None - None - None - None
3664 (4028610 Gflops/s) - 3706 (4074790 Gflops/s) - 3673 (4038506 Gflops/s) - 3627 (3987928 Gflops/s) - 3725 (4095680 Gflops/s) - 3723 (4093481 Gflops/s) - 3667 (4031909 Gflops/s) - 3570 (3925256 Gflops/s) | Temperatures: 59°C - 61°C - 72°C - 70°C - 60°C - 60°C - 71°C - 71°C | Throttling: None - None - None - None - None - None - None - None
3668 (4033008 Gflops/s) - 3709 (4078088 Gflops/s) - 3669 (4034108 Gflops/s) - 3632 (3993426 Gflops/s) - 3726 (4096780 Gflops/s) - 3723 (4093481 Gflops/s) - 3666 (4030809 Gflops/s) - 3569 (3924156 Gflops/s) | Temperatures: 59°C - 61°C - 72°C - 71°C - 60°C - 60°C - 71°C - 71°C | Throttling: None - None - None - None - None - None - None - None
3660 (4024212 Gflops/s) - 3706 (4074790 Gflops/s) - 3666 (4030809 Gflops/s) - 3629 (3990127 Gflops/s) - 3725 (4095680 Gflops/s) - 3723 (4093481 Gflops/s) - 3669 (4034108 Gflops/s) - 3568 (3923057 Gflops/s) | Temperatures: 59°C - 61°C - 72°C - 70°C - 60°C - 60°C - 71°C - 71°C | Throttling: None - None - None - None - None - None - None - None
3667 (4031909 Gflops/s) - 3705 (4073690 Gflops/s) - 3662 (4026411 Gflops/s) - 3628 (3989028 Gflops/s) - 3727 (4097879 Gflops/s) - 3722 (4092382 Gflops/s) - 3665 (4029710 Gflops/s) - 3569 (3924156 Gflops/s) | Temperatures: 60°C - 61°C - 73°C - 71°C - 61°C - 60°C - 71°C - 71°C | Throttling: None - None - None - None - None - None - None - None
3674 (4039605 Gflops/s) - 3710 (4079188 Gflops/s) - 3665 (4029710 Gflops/s) - 3627 (3987928 Gflops/s) - 3726 (4096780 Gflops/s) - 3722 (4092382 Gflops/s) - 3665 (4029710 Gflops/s) - 3568 (3923057 Gflops/s) | Temperatures: 60°C - 61°C - 73°C - 71°C - 61°C - 60°C - 71°C - 71°C | Throttling: None - None - None - None - None - None - None - None
3666 (4030809 Gflops/s) - 3709 (4078088 Gflops/s) - 3661 (4025312 Gflops/s) - 3628 (3989028 Gflops/s) - 3727 (4097879 Gflops/s) - 3723 (4093481 Gflops/s) - 3665 (4029710 Gflops/s) - 3567 (3921957 Gflops/s) | Temperatures: 60°C - 61°C - 73°C - 71°C - 61°C - 60°C - 71°C - 71°C | Throttling: None - None - None - None - None - None - None - None
3669 (4034108 Gflops/s) - 3706 (4074790 Gflops/s) - 3671 (4036307 Gflops/s) - 3634 (3995625 Gflops/s) - 3726 (4096780 Gflops/s) - 3722 (4092382 Gflops/s) - 3665 (4029710 Gflops/s) - 3564 (3918659 Gflops/s) | Temperatures: 60°C - 61°C - 73°C - 71°C - 61°C - 60°C - 72°C - 71°C | Throttling: None - None - None - None - None - None - None - None
3682 (4048401 Gflops/s) - 3712 (4081387 Gflops/s) - 3667 (4031909 Gflops/s) - 3630 (3991227 Gflops/s) - 3725 (4095680 Gflops/s) - 3721 (4091282 Gflops/s) - 3669 (4034108 Gflops/s) - 3564 (3918659 Gflops/s) | Temperatures: 60°C - 61°C - 73°C - 71°C - 61°C - 60°C - 72°C - 71°C | Throttling: None - None - None - None - None - None - None - None
3655 (4018714 Gflops/s) - 3707 (4075889 Gflops/s) - 3666 (4030809 Gflops/s) - 3629 (3990127 Gflops/s) - 3726 (4096780 Gflops/s) - 3722 (4092382 Gflops/s) - 3665 (4029710 Gflops/s) - 3565 (3919758 Gflops/s) | Temperatures: 60°C - 61°C - 73°C - 71°C - 61°C - 61°C - 72°C - 72°C | Throttling: None - None - None - None - None - None - None - None
3654 (4017615 Gflops/s) - 3704 (4072591 Gflops/s) - 3670 (4035207 Gflops/s) - 3625 (3985729 Gflops/s) - 3726 (4096780 Gflops/s) - 3721 (4091282 Gflops/s) - 3667 (4031909 Gflops/s) - 3562 (3916460 Gflops/s) | Temperatures: 60°C - 61°C - 73°C - 71°C - 61°C - 61°C - 72°C - 72°C | Throttling: None - None - None - None - None - None - None - None
3661 (4025312 Gflops/s) - 3706 (4074790 Gflops/s) - 3664 (4028610 Gflops/s) - 3634 (3995625 Gflops/s) - 3725 (4095680 Gflops/s) - 3721 (4091282 Gflops/s) - 3659 (4023113 Gflops/s) - 3561 (3915360 Gflops/s) | Temperatures: 60°C - 61°C - 73°C - 71°C - 61°C - 61°C - 72°C - 72°C | Throttling: None - None - None - None - None - None - None - None
3657 (4020914 Gflops/s) - 3708 (4076989 Gflops/s) - 3665 (4029710 Gflops/s) - 3629 (3990127 Gflops/s) - 3726 (4096780 Gflops/s) - 3721 (4091282 Gflops/s) - 3660 (4024212 Gflops/s) - 3562 (3916460 Gflops/s) | Temperatures: 60°C - 62°C - 74°C - 71°C - 61°C - 61°C - 72°C - 72°C | Throttling: None - None - None - None - None - None - None - None
3657 (4020914 Gflops/s) - 3709 (4078088 Gflops/s) - 3663 (4027511 Gflops/s) - 3617 (3976933 Gflops/s) - 3726 (4096780 Gflops/s) - 3721 (4091282 Gflops/s) - 3659 (4023113 Gflops/s) - 3562 (3916460 Gflops/s) | Temperatures: 60°C - 62°C - 73°C - 71°C - 61°C - 61°C - 72°C - 72°C | Throttling: None - None - None - None - None - None - None - None
3660 (4024212 Gflops/s) - 3709 (4078088 Gflops/s) - 3664 (4028610 Gflops/s) - 3623 (3983530 Gflops/s) - 3725 (4095680 Gflops/s) - 3721 (4091282 Gflops/s) - 3659 (4023113 Gflops/s) - 3562 (3916460 Gflops/s) | Temperatures: 60°C - 61°C - 74°C - 71°C - 61°C - 61°C - 72°C - 72°C | Throttling: None - None - None - None - None - None - None - None
3655 (4018714 Gflops/s) - 3704 (4072591 Gflops/s) - 3656 (4019814 Gflops/s) - 3622 (3982431 Gflops/s) - 3726 (4096780 Gflops/s) - 3721 (4091282 Gflops/s) - 3657 (4020914 Gflops/s) - 3560 (3914261 Gflops/s) | Temperatures: 60°C - 62°C - 73°C - 71°C - 61°C - 61°C - 72°C - 72°C | Throttling: None - None - None - None - None - None - None - None
3672 (4037406 Gflops/s) - 3710 (4079188 Gflops/s) - 3664 (4028610 Gflops/s) - 3617 (3976933 Gflops/s) - 3726 (4096780 Gflops/s) - 3721 (4091282 Gflops/s) - 3659 (4023113 Gflops/s) - 3561 (3915360 Gflops/s) | Temperatures: 60°C - 62°C - 73°C - 71°C - 61°C - 61°C - 72°C - 72°C | Throttling: None - None - None - None - None - None - None - None
3673 (4038506 Gflops/s) - 3707 (4075889 Gflops/s) - 3660 (4024212 Gflops/s) - 3619 (3979132 Gflops/s) - 3729 (4100078 Gflops/s) - 3724 (4094581 Gflops/s) - 3662 (4026411 Gflops/s) - 3565 (3919758 Gflops/s) | Temperatures: 60°C - 62°C - 73°C - 71°C - 61°C - 61°C - 72°C - 72°C | Throttling: None - None - None - None - None - None - None - None
3671 (4036307 Gflops/s) - 3705 (4073690 Gflops/s) - 3660 (4024212 Gflops/s) - 3617 (3976933 Gflops/s) - 3725 (4095680 Gflops/s) - 3721 (4091282 Gflops/s) - 3661 (4025312 Gflops/s) - 3561 (3915360 Gflops/s) | Temperatures: 60°C - 61°C - 73°C - 71°C - 61°C - 61°C - 72°C - 72°C | Throttling: None - None - None - None - None - None - None - None
3656 (4019814 Gflops/s) - 3704 (4072591 Gflops/s) - 3660 (4024212 Gflops/s) - 3621 (3981331 Gflops/s) - 3725 (4095680 Gflops/s) - 3721 (4091282 Gflops/s) - 3663 (4027511 Gflops/s) - 3563 (3917559 Gflops/s) | Temperatures: 60°C - 61°C - 74°C - 72°C - 61°C - 61°C - 72°C - 72°C | Throttling: None - None - None - None - None - None - None - None
3665 (4029710 Gflops/s) - 3705 (4073690 Gflops/s) - 3664 (4028610 Gflops/s) - 3625 (3985729 Gflops/s) - 3725 (4095680 Gflops/s) - 3721 (4091282 Gflops/s) - 3652 (4015416 Gflops/s) - 3560 (3914261 Gflops/s) | Temperatures: 60°C - 62°C - 74°C - 72°C - 61°C - 61°C - 72°C - 72°C | Throttling: None - None - None - None - None - None - None - None
3658 (4022013 Gflops/s) - 3708 (4076989 Gflops/s) - 3660 (4024212 Gflops/s) - 3626 (3986829 Gflops/s) - 3726 (4096780 Gflops/s) - 3721 (4091282 Gflops/s) - 3663 (4027511 Gflops/s) - 3562 (3916460 Gflops/s) | Temperatures: 60°C - 62°C - 73°C - 72°C - 61°C - 61°C - 72°C - 72°C | Throttling: None - None - None - None - None - None - None - None
3671 (4036307 Gflops/s) - 3704 (4072591 Gflops/s) - 3667 (4031909 Gflops/s) - 3620 (3980232 Gflops/s) - 3726 (4096780 Gflops/s) - 3721 (4091282 Gflops/s) - 3661 (4025312 Gflops/s) - 3560 (3914261 Gflops/s) | Temperatures: 60°C - 61°C - 74°C - 71°C - 61°C - 61°C - 72°C - 72°C | Throttling: None - None - None - None - None - None - None - None
3663 (4027511 Gflops/s) - 3708 (4076989 Gflops/s) - 3659 (4023113 Gflops/s) - 3630 (3991227 Gflops/s) - 3726 (4096780 Gflops/s) - 3723 (4093481 Gflops/s) - 3656 (4019814 Gflops/s) - 3560 (3914261 Gflops/s) | Temperatures: 60°C - 61°C - 74°C - 72°C - 61°C - 61°C - 72°C - 72°C | Throttling: None - None - None - None - None - None - None - None
3663 (4027511 Gflops/s) - 3702 (4070392 Gflops/s) - 3664 (4028610 Gflops/s) - 3626 (3986829 Gflops/s) - 3725 (4095680 Gflops/s) - 3721 (4091282 Gflops/s) - 3662 (4026411 Gflops/s) - 3562 (3916460 Gflops/s) | Temperatures: 60°C - 61°C - 73°C - 72°C - 61°C - 61°C - 72°C - 72°C | Throttling: None - None - None - None - None - None - None - None
3664 (4028610 Gflops/s) - 3706 (4074790 Gflops/s) - 3661 (4025312 Gflops/s) - 3619 (3979132 Gflops/s) - 3724 (4094581 Gflops/s) - 3721 (4091282 Gflops/s) - 3659 (4023113 Gflops/s) - 3561 (3915360 Gflops/s) | Temperatures: 60°C - 61°C - 74°C - 71°C - 61°C - 61°C - 72°C - 72°C | Throttling: None - None - None - None - None - None - None - None
3663 (4027511 Gflops/s) - 3704 (4072591 Gflops/s) - 3662 (4026411 Gflops/s) - 3629 (3990127 Gflops/s) - 3727 (4097879 Gflops/s) - 3722 (4092382 Gflops/s) - 3662 (4026411 Gflops/s) - 3559 (3913161 Gflops/s) | Temperatures: 60°C - 61°C - 73°C - 72°C - 61°C - 61°C - 72°C - 72°C | Throttling: None - None - None - None - None - None - None - None
3660 (4024212 Gflops/s) - 3704 (4072591 Gflops/s) - 3660 (4024212 Gflops/s) - 3623 (3983530 Gflops/s) - 3726 (4096780 Gflops/s) - 3722 (4092382 Gflops/s) - 3659 (4023113 Gflops/s) - 3562 (3916460 Gflops/s) | Temperatures: 60°C - 61°C - 74°C - 71°C - 61°C - 61°C - 72°C - 72°C | Throttling: None - None - None - None - None - None - None - None
3663 (4027511 Gflops/s) - 3706 (4074790 Gflops/s) - 3673 (4038506 Gflops/s) - 3622 (3982431 Gflops/s) - 3725 (4095680 Gflops/s) - 3721 (4091282 Gflops/s) - 3663 (4027511 Gflops/s) - 3561 (3915360 Gflops/s) | Temperatures: 60°C - 61°C - 74°C - 71°C - 61°C - 60°C - 72°C - 72°C | Throttling: None - None - None - None - None - None - None - None
3654 (4017615 Gflops/s) - 3704 (4072591 Gflops/s) - 3659 (4023113 Gflops/s) - 3626 (3986829 Gflops/s) - 3725 (4095680 Gflops/s) - 3721 (4091282 Gflops/s) - 3661 (4025312 Gflops/s) - 3559 (3913161 Gflops/s) | Temperatures: 60°C - 61°C - 73°C - 72°C - 61°C - 60°C - 72°C - 72°C | Throttling: None - None - None - None - None - None - None - None
3671 (4036307 Gflops/s) - 3712 (4081387 Gflops/s) - 3666 (4030809 Gflops/s) - 3628 (3989028 Gflops/s) - 3725 (4095680 Gflops/s) - 3721 (4091282 Gflops/s) - 3655 (4018714 Gflops/s) - 3561 (3915360 Gflops/s) | Temperatures: 60°C - 61°C - 73°C - 71°C - 61°C - 60°C - 72°C - 72°C | Throttling: None - None - None - None - None - None - None - None
3663 (4027511 Gflops/s) - 3711 (4080287 Gflops/s) - 3663 (4027511 Gflops/s) - 3623 (3983530 Gflops/s) - 3726 (4096780 Gflops/s) - 3722 (4092382 Gflops/s) - 3660 (4024212 Gflops/s) - 3561 (3915360 Gflops/s) | Temperatures: 60°C - 61°C - 74°C - 71°C - 61°C - 60°C - 72°C - 72°C | Throttling: None - None - None - None - None - None - None - None
3662 (4026411 Gflops/s) - 3705 (4073690 Gflops/s) - 3665 (4029710 Gflops/s) - 3623 (3983530 Gflops/s) - 3725 (4095680 Gflops/s) - 3721 (4091282 Gflops/s) - 3663 (4027511 Gflops/s) - 3561 (3915360 Gflops/s) | Temperatures: 60°C - 61°C - 74°C - 71°C - 61°C - 60°C - 72°C - 72°C | Throttling: None - None - None - None - None - None - None - None
3656 (4019814 Gflops/s) - 3705 (4073690 Gflops/s) - 3662 (4026411 Gflops/s) - 3615 (3974734 Gflops/s) - 3725 (4095680 Gflops/s) - 3722 (4092382 Gflops/s) - 3656 (4019814 Gflops/s) - 3561 (3915360 Gflops/s) | Temperatures: 59°C - 61°C - 74°C - 71°C - 61°C - 60°C - 72°C - 72°C | Throttling: None - None - None - None - None - None - None - None
3665 (4029710 Gflops/s) - 3704 (4072591 Gflops/s) - 3660 (4024212 Gflops/s) - 3623 (3983530 Gflops/s) - 3726 (4096780 Gflops/s) - 3720 (4090183 Gflops/s) - 3664 (4028610 Gflops/s) - 3561 (3915360 Gflops/s) | Temperatures: 60°C - 61°C - 73°C - 71°C - 61°C - 60°C - 72°C - 72°C | Throttling: None - None - None - None - None - None - None - None
3663 (4027511 Gflops/s) - 3705 (4073690 Gflops/s) - 3659 (4023113 Gflops/s) - 3617 (3976933 Gflops/s) - 3725 (4095680 Gflops/s) - 3721 (4091282 Gflops/s) - 3660 (4024212 Gflops/s) - 3561 (3915360 Gflops/s) | Temperatures: 60°C - 61°C - 74°C - 71°C - 61°C - 60°C - 72°C - 72°C | Throttling: None - None - None - None - None - None - None - None
3665 (4029710 Gflops/s) - 3708 (4076989 Gflops/s) - 3665 (4029710 Gflops/s) - 3624 (3984630 Gflops/s) - 3725 (4095680 Gflops/s) - 3721 (4091282 Gflops/s) - 3660 (4024212 Gflops/s) - 3559 (3913161 Gflops/s) | Temperatures: 60°C - 61°C - 73°C - 71°C - 61°C - 60°C - 72°C - 72°C | Throttling: None - None - None - None - None - None - None - None
3666 (4030809 Gflops/s) - 3709 (4078088 Gflops/s) - 3662 (4026411 Gflops/s) - 3624 (3984630 Gflops/s) - 3725 (4095680 Gflops/s) - 3722 (4092382 Gflops/s) - 3660 (4024212 Gflops/s) - 3562 (3916460 Gflops/s) | Temperatures: 60°C - 61°C - 73°C - 71°C - 61°C - 60°C - 72°C - 72°C | Throttling: None - None - None - None - None - None - None - None
3665 (4029710 Gflops/s) - 3706 (4074790 Gflops/s) - 3662 (4026411 Gflops/s) - 3613 (3972535 Gflops/s) - 3725 (4095680 Gflops/s) - 3721 (4091282 Gflops/s) - 3661 (4025312 Gflops/s) - 3561 (3915360 Gflops/s) | Temperatures: 60°C - 61°C - 73°C - 71°C - 61°C - 60°C - 72°C - 72°C | Throttling: None - None - None - None - None - None - None - None
3663 (4027511 Gflops/s) - 3708 (4076989 Gflops/s) - 3668 (4033008 Gflops/s) - 3626 (3986829 Gflops/s) - 3729 (4100078 Gflops/s) - 3725 (4095680 Gflops/s) - 3662 (4026411 Gflops/s) - 3564 (3918659 Gflops/s) | Temperatures: 60°C - 61°C - 73°C - 71°C - 61°C - 60°C - 72°C - 72°C | Throttling: None - None - None - None - None - None - None - None
3671 (4036307 Gflops/s) - 3714 (4083586 Gflops/s) - 3664 (4028610 Gflops/s) - 3622 (3982431 Gflops/s) - 3725 (4095680 Gflops/s) - 3721 (4091282 Gflops/s) - 3669 (4034108 Gflops/s) - 3562 (3916460 Gflops/s) | Temperatures: 60°C - 61°C - 73°C - 71°C - 61°C - 60°C - 72°C - 72°C | Throttling: None - None - None - None - None - None - None - None
3665 (4029710 Gflops/s) - 3710 (4079188 Gflops/s) - 3656 (4019814 Gflops/s) - 3621 (3981331 Gflops/s) - 3725 (4095680 Gflops/s) - 3721 (4091282 Gflops/s) - 3660 (4024212 Gflops/s) - 3560 (3914261 Gflops/s) | Temperatures: 60°C - 61°C - 73°C - 71°C - 61°C - 60°C - 72°C - 72°C | Throttling: None - None - None - None - None - None - None - None
3658 (4022013 Gflops/s) - 3702 (4070392 Gflops/s) - 3654 (4017615 Gflops/s) - 3620 (3980232 Gflops/s) - 3721 (4091282 Gflops/s) - 3719 (4089083 Gflops/s) - 3656 (4019814 Gflops/s) - 3557 (3910962 Gflops/s) | Temperatures: 59°C - 61°C - 73°C - 71°C - 61°C - 60°C - 72°C - 72°C | Throttling: None - None - None - None - None - None - None - None
3668 (4033008 Gflops/s) - 3713 (4082486 Gflops/s) - 3668 (4033008 Gflops/s) - 3617 (3976933 Gflops/s) - 3728 (4098979 Gflops/s) - 3724 (4094581 Gflops/s) - 3664 (4028610 Gflops/s) - 3564 (3918659 Gflops/s) | Temperatures: 60°C - 61°C - 73°C - 71°C - 61°C - 60°C - 72°C - 72°C | Throttling: None - None - None - None - None - None - None - None
3654 (4017615 Gflops/s) - 3704 (4072591 Gflops/s) - 3655 (4018714 Gflops/s) - 3606 (3964838 Gflops/s) - 3722 (4092382 Gflops/s) - 3718 (4087984 Gflops/s) - 3648 (4011018 Gflops/s) - 3559 (3913161 Gflops/s) | Temperatures: 59°C - 61°C - 73°C - 71°C - 61°C - 60°C - 72°C - 72°C | Throttling: None - None - None - None - None - None - None - None
3672 (4037406 Gflops/s) - 3709 (4078088 Gflops/s) - 3664 (4028610 Gflops/s) - 3616 (3975834 Gflops/s) - 3727 (4097879 Gflops/s) - 3722 (4092382 Gflops/s) - 3663 (4027511 Gflops/s) - 3562 (3916460 Gflops/s) | Temperatures: 60°C - 61°C - 73°C - 71°C - 61°C - 60°C - 72°C - 72°C | Throttling: None - None - None - None - None - None - None - None
3675 (4040705 Gflops/s) - 3706 (4074790 Gflops/s) - 3659 (4023113 Gflops/s) - 3618 (3978033 Gflops/s) - 3725 (4095680 Gflops/s) - 3721 (4091282 Gflops/s) - 3657 (4020914 Gflops/s) - 3561 (3915360 Gflops/s) | Temperatures: 60°C - 61°C - 73°C - 71°C - 61°C - 60°C - 72°C - 72°C | Throttling: None - None - None - None - None - None - None - None
3665 (4029710 Gflops/s) - 3707 (4075889 Gflops/s) - 3665 (4029710 Gflops/s) - 3627 (3987928 Gflops/s) - 3725 (4095680 Gflops/s) - 3721 (4091282 Gflops/s) - 3657 (4020914 Gflops/s) - 3562 (3916460 Gflops/s) | Temperatures: 60°C - 61°C - 73°C - 71°C - 61°C - 60°C - 72°C - 72°C | Throttling: None - None - None - None - None - None - None - None
3678 (4044003 Gflops/s) - 3712 (4081387 Gflops/s) - 3674 (4039605 Gflops/s) - 3630 (3991227 Gflops/s) - 3729 (4100078 Gflops/s) - 3725 (4095680 Gflops/s) - 3663 (4027511 Gflops/s) - 3566 (3920858 Gflops/s) | Temperatures: 60°C - 61°C - 74°C - 71°C - 61°C - 60°C - 72°C - 72°C | Throttling: None - None - None - None - None - None - None - None
3663 (4027511 Gflops/s) - 3706 (4074790 Gflops/s) - 3660 (4024212 Gflops/s) - 3627 (3987928 Gflops/s) - 3726 (4096780 Gflops/s) - 3722 (4092382 Gflops/s) - 3664 (4028610 Gflops/s) - 3559 (3913161 Gflops/s) | Temperatures: 59°C - 61°C - 73°C - 72°C - 61°C - 60°C - 72°C - 72°C | Throttling: None - None - None - None - None - None - None - None
3655 (4018714 Gflops/s) - 3704 (4072591 Gflops/s) - 3663 (4027511 Gflops/s) - 3614 (3973635 Gflops/s) - 3724 (4094581 Gflops/s) - 3722 (4092382 Gflops/s) - 3660 (4024212 Gflops/s) - 3561 (3915360 Gflops/s) | Temperatures: 59°C - 61°C - 73°C - 71°C - 61°C - 60°C - 72°C - 72°C | Throttling: None - None - None - None - None - None - None - None
3676 (4041804 Gflops/s) - 3706 (4074790 Gflops/s) - 3662 (4026411 Gflops/s) - 3625 (3985729 Gflops/s) - 3725 (4095680 Gflops/s) - 3721 (4091282 Gflops/s) - 3658 (4022013 Gflops/s) - 3561 (3915360 Gflops/s) | Temperatures: 60°C - 61°C - 73°C - 71°C - 61°C - 60°C - 72°C - 72°C | Throttling: None - None - None - None - None - None - None - None
3675 (4040705 Gflops/s) - 3707 (4075889 Gflops/s) - 3658 (4022013 Gflops/s) - 3613 (3972535 Gflops/s) - 3725 (4095680 Gflops/s) - 3721 (4091282 Gflops/s) - 3658 (4022013 Gflops/s) - 3562 (3916460 Gflops/s) | Temperatures: 59°C - 61°C - 73°C - 71°C - 61°C - 60°C - 72°C - 72°C | Throttling: None - None - None - None - None - None - None - None
3665 (4029710 Gflops/s) - 3708 (4076989 Gflops/s) - 3658 (4022013 Gflops/s) - 3616 (3975834 Gflops/s) - 3724 (4094581 Gflops/s) - 3723 (4093481 Gflops/s) - 3662 (4026411 Gflops/s) - 3562 (3916460 Gflops/s) | Temperatures: 59°C - 61°C - 73°C - 71°C - 61°C - 60°C - 72°C - 72°C | Throttling: None - None - None - None - None - None - None - None
3664 (4028610 Gflops/s) - 3705 (4073690 Gflops/s) - 3664 (4028610 Gflops/s) - 3624 (3984630 Gflops/s) - 3725 (4095680 Gflops/s) - 3721 (4091282 Gflops/s) - 3658 (4022013 Gflops/s) - 3562 (3916460 Gflops/s) | Temperatures: 60°C - 61°C - 74°C - 71°C - 61°C - 60°C - 72°C - 72°C | Throttling: None - None - None - None - None - None - None - None
3654 (4017615 Gflops/s) - 3709 (4078088 Gflops/s) - 3660 (4024212 Gflops/s) - 3621 (3981331 Gflops/s) - 3725 (4095680 Gflops/s) - 3721 (4091282 Gflops/s) - 3662 (4026411 Gflops/s) - 3561 (3915360 Gflops/s) | Temperatures: 59°C - 61°C - 73°C - 71°C - 61°C - 60°C - 72°C - 72°C | Throttling: None - None - None - None - None - None - None - None
3656 (4019814 Gflops/s) - 3703 (4071491 Gflops/s) - 3663 (4027511 Gflops/s) - 3625 (3985729 Gflops/s) - 3725 (4095680 Gflops/s) - 3722 (4092382 Gflops/s) - 3656 (4019814 Gflops/s) - 3561 (3915360 Gflops/s) | Temperatures: 59°C - 61°C - 73°C - 71°C - 61°C - 60°C - 72°C - 72°C | Throttling: None - None - None - None - None - None - None - None
3671 (4036307 Gflops/s) - 3706 (4074790 Gflops/s) - 3670 (4035207 Gflops/s) - 3634 (3995625 Gflops/s) - 3724 (4094581 Gflops/s) - 3721 (4091282 Gflops/s) - 3659 (4023113 Gflops/s) - 3561 (3915360 Gflops/s) | Temperatures: 59°C - 61°C - 74°C - 71°C - 61°C - 60°C - 72°C - 72°C | Throttling: None - None - None - None - None - None - None - None
3679 (4045103 Gflops/s) - 3708 (4076989 Gflops/s) - 3673 (4038506 Gflops/s) - 3623 (3983530 Gflops/s) - 3729 (4100078 Gflops/s) - 3724 (4094581 Gflops/s) - 3659 (4023113 Gflops/s) - 3564 (3918659 Gflops/s) | Temperatures: 59°C - 61°C - 73°C - 71°C - 61°C - 60°C - 72°C - 72°C | Throttling: None - None - None - None - None - None - None - None
3669 (4034108 Gflops/s) - 3706 (4074790 Gflops/s) - 3661 (4025312 Gflops/s) - 3638 (4000023 Gflops/s) - 3725 (4095680 Gflops/s) - 3722 (4092382 Gflops/s) - 3663 (4027511 Gflops/s) - 3560 (3914261 Gflops/s) | Temperatures: 60°C - 61°C - 73°C - 71°C - 61°C - 60°C - 72°C - 72°C | Throttling: None - None - None - None - None - None - None - None
3669 (4034108 Gflops/s) - 3700 (4068193 Gflops/s) - 3663 (4027511 Gflops/s) - 3627 (3987928 Gflops/s) - 3722 (4092382 Gflops/s) - 3719 (4089083 Gflops/s) - 3657 (4020914 Gflops/s) - 3561 (3915360 Gflops/s) | Temperatures: 59°C - 61°C - 74°C - 71°C - 61°C - 60°C - 72°C - 72°C | Throttling: None - None - None - None - None - None - None - None
3669 (4034108 Gflops/s) - 3704 (4072591 Gflops/s) - 3666 (4030809 Gflops/s) - 3629 (3990127 Gflops/s) - 3726 (4096780 Gflops/s) - 3723 (4093481 Gflops/s) - 3661 (4025312 Gflops/s) - 3559 (3913161 Gflops/s) | Temperatures: 59°C - 61°C - 73°C - 71°C - 61°C - 60°C - 72°C - 72°C | Throttling: None - None - None - None - None - None - None - None
3661 (4025312 Gflops/s) - 3707 (4075889 Gflops/s) - 3663 (4027511 Gflops/s) - 3620 (3980232 Gflops/s) - 3725 (4095680 Gflops/s) - 3721 (4091282 Gflops/s) - 3659 (4023113 Gflops/s) - 3563 (3917559 Gflops/s) | Temperatures: 59°C - 61°C - 73°C - 71°C - 61°C - 60°C - 72°C - 72°C | Throttling: None - None - None - None - None - None - None - None
3667 (4031909 Gflops/s) - 3707 (4075889 Gflops/s) - 3663 (4027511 Gflops/s) - 3624 (3984630 Gflops/s) - 3726 (4096780 Gflops/s) - 3721 (4091282 Gflops/s) - 3657 (4020914 Gflops/s) - 3561 (3915360 Gflops/s) | Temperatures: 59°C - 61°C - 73°C - 71°C - 61°C - 60°C - 72°C - 72°C | Throttling: None - None - None - None - None - None - None - None
3666 (4030809 Gflops/s) - 3704 (4072591 Gflops/s) - 3665 (4029710 Gflops/s) - 3619 (3979132 Gflops/s) - 3726 (4096780 Gflops/s) - 3722 (4092382 Gflops/s) - 3664 (4028610 Gflops/s) - 3566 (3920858 Gflops/s) | Temperatures: 59°C - 61°C - 73°C - 71°C - 61°C - 60°C - 72°C - 72°C | Throttling: None - None - None - None - None - None - None - None
3677 (4042904 Gflops/s) - 3706 (4074790 Gflops/s) - 3663 (4027511 Gflops/s) - 3615 (3974734 Gflops/s) - 3723 (4093481 Gflops/s) - 3721 (4091282 Gflops/s) - 3656 (4019814 Gflops/s) - 3560 (3914261 Gflops/s) | Temperatures: 60°C - 61°C - 73°C - 71°C - 61°C - 60°C - 72°C - 72°C | Throttling: None - None - None - None - None - None - None - None
3667 (4031909 Gflops/s) - 3705 (4073690 Gflops/s) - 3660 (4024212 Gflops/s) - 3619 (3979132 Gflops/s) - 3725 (4095680 Gflops/s) - 3721 (4091282 Gflops/s) - 3659 (4023113 Gflops/s) - 3561 (3915360 Gflops/s) | Temperatures: 60°C - 61°C - 73°C - 71°C - 61°C - 60°C - 72°C - 72°C | Throttling: None - None - None - None - None - None - None - None
3676 (4041804 Gflops/s) - 3707 (4075889 Gflops/s) - 3665 (4029710 Gflops/s) - 3626 (3986829 Gflops/s) - 3724 (4094581 Gflops/s) - 3721 (4091282 Gflops/s) - 3660 (4024212 Gflops/s) - 3561 (3915360 Gflops/s) | Temperatures: 60°C - 61°C - 73°C - 71°C - 61°C - 60°C - 72°C - 72°C | Throttling: None - None - None - None - None - None - None - None
3668 (4033008 Gflops/s) - 3711 (4080287 Gflops/s) - 3667 (4031909 Gflops/s) - 3617 (3976933 Gflops/s) - 3729 (4100078 Gflops/s) - 3725 (4095680 Gflops/s) - 3664 (4028610 Gflops/s) - 3567 (3921957 Gflops/s) | Temperatures: 59°C - 61°C - 73°C - 71°C - 61°C - 60°C - 72°C - 72°C | Throttling: None - None - None - None - None - None - None - None
3671 (4036307 Gflops/s) - 3707 (4075889 Gflops/s) - 3666 (4030809 Gflops/s) - 3622 (3982431 Gflops/s) - 3726 (4096780 Gflops/s) - 3722 (4092382 Gflops/s) - 3660 (4024212 Gflops/s) - 3561 (3915360 Gflops/s) | Temperatures: 60°C - 61°C - 73°C - 71°C - 61°C - 60°C - 72°C - 72°C | Throttling: None - None - None - None - None - None - None - None
3668 (4033008 Gflops/s) - 3703 (4071491 Gflops/s) - 3657 (4020914 Gflops/s) - 3617 (3976933 Gflops/s) - 3721 (4091282 Gflops/s) - 3719 (4089083 Gflops/s) - 3657 (4020914 Gflops/s) - 3559 (3913161 Gflops/s) | Temperatures: 60°C - 61°C - 73°C - 71°C - 61°C - 60°C - 72°C - 72°C | Throttling: None - None - None - None - None - None - None - None
3658 (4022013 Gflops/s) - 3706 (4074790 Gflops/s) - 3658 (4022013 Gflops/s) - 3622 (3982431 Gflops/s) - 3726 (4096780 Gflops/s) - 3722 (4092382 Gflops/s) - 3657 (4020914 Gflops/s) - 3561 (3915360 Gflops/s) | Temperatures: 59°C - 61°C - 73°C - 71°C - 61°C - 60°C - 72°C - 72°C | Throttling: None - None - None - None - None - None - None - None
3665 (4029710 Gflops/s) - 3710 (4079188 Gflops/s) - 3676 (4041804 Gflops/s) - 3618 (3978033 Gflops/s) - 3729 (4100078 Gflops/s) - 3725 (4095680 Gflops/s) - 3665 (4029710 Gflops/s) - 3565 (3919758 Gflops/s) | Temperatures: 60°C - 61°C - 73°C - 71°C - 61°C - 60°C - 72°C - 72°C | Throttling: None - None - None - None - None - None - None - None
3666 (4030809 Gflops/s) - 3709 (4078088 Gflops/s) - 3665 (4029710 Gflops/s) - 3622 (3982431 Gflops/s) - 3725 (4095680 Gflops/s) - 3722 (4092382 Gflops/s) - 3665 (4029710 Gflops/s) - 3562 (3916460 Gflops/s) | Temperatures: 60°C - 61°C - 73°C - 71°C - 61°C - 60°C - 72°C - 72°C | Throttling: None - None - None - None - None - None - None - None
3659 (4023113 Gflops/s) - 3703 (4071491 Gflops/s) - 3651 (4014316 Gflops/s) - 3623 (3983530 Gflops/s) - 3721 (4091282 Gflops/s) - 3718 (4087984 Gflops/s) - 3656 (4019814 Gflops/s) - 3556 (3909863 Gflops/s) | Temperatures: 59°C - 61°C - 73°C - 71°C - 61°C - 60°C - 72°C - 72°C | Throttling: None - None - None - None - None - None - None - None
3667 (4031909 Gflops/s) - 3713 (4082486 Gflops/s) - 3671 (4036307 Gflops/s) - 3620 (3980232 Gflops/s) - 3729 (4100078 Gflops/s) - 3725 (4095680 Gflops/s) - 3666 (4030809 Gflops/s) - 3567 (3921957 Gflops/s) | Temperatures: 59°C - 61°C - 73°C - 71°C - 61°C - 60°C - 72°C - 72°C | Throttling: None - None - None - None - None - None - None - None
3668 (4033008 Gflops/s) - 3703 (4071491 Gflops/s) - 3663 (4027511 Gflops/s) - 3619 (3979132 Gflops/s) - 3725 (4095680 Gflops/s) - 3721 (4091282 Gflops/s) - 3657 (4020914 Gflops/s) - 3558 (3912062 Gflops/s) | Temperatures: 60°C - 61°C - 73°C - 71°C - 61°C - 60°C - 72°C - 72°C | Throttling: None - None - None - None - None - None - None - None
3664 (4028610 Gflops/s) - 3706 (4074790 Gflops/s) - 3674 (4039605 Gflops/s) - 3616 (3975834 Gflops/s) - 3725 (4095680 Gflops/s) - 3722 (4092382 Gflops/s) - 3661 (4025312 Gflops/s) - 3562 (3916460 Gflops/s) | Temperatures: 59°C - 61°C - 74°C - 71°C - 61°C - 60°C - 72°C - 72°C | Throttling: None - None - None - None - None - None - None - None
3671 (4036307 Gflops/s) - 3707 (4075889 Gflops/s) - 3661 (4025312 Gflops/s) - 3623 (3983530 Gflops/s) - 3724 (4094581 Gflops/s) - 3722 (4092382 Gflops/s) - 3660 (4024212 Gflops/s) - 3559 (3913161 Gflops/s) | Temperatures: 59°C - 61°C - 73°C - 71°C - 61°C - 60°C - 72°C - 72°C | Throttling: None - None - None - None - None - None - None - None
3679 (4045103 Gflops/s) - 3711 (4080287 Gflops/s) - 3657 (4020914 Gflops/s) - 3618 (3978033 Gflops/s) - 3725 (4095680 Gflops/s) - 3721 (4091282 Gflops/s) - 3659 (4023113 Gflops/s) - 3564 (3918659 Gflops/s) | Temperatures: 59°C - 61°C - 73°C - 71°C - 61°C - 60°C - 72°C - 72°C | Throttling: None - None - None - None - None - None - None - None
3663 (4027511 Gflops/s) - 3702 (4070392 Gflops/s) - 3666 (4030809 Gflops/s) - 3616 (3975834 Gflops/s) - 3726 (4096780 Gflops/s) - 3722 (4092382 Gflops/s) - 3662 (4026411 Gflops/s) - 3560 (3914261 Gflops/s) | Temperatures: 59°C - 61°C - 73°C - 71°C - 61°C - 60°C - 72°C - 72°C | Throttling: None - None - None - None - None - None - None - None
3667 (4031909 Gflops/s) - 3704 (4072591 Gflops/s) - 3658 (4022013 Gflops/s) - 3621 (3981331 Gflops/s) - 3724 (4094581 Gflops/s) - 3721 (4091282 Gflops/s) - 3656 (4019814 Gflops/s) - 3560 (3914261 Gflops/s) | Temperatures: 59°C - 61°C - 73°C - 71°C - 61°C - 60°C - 72°C - 72°C | Throttling: None - None - None - None - None - None - None - None
3663 (4027511 Gflops/s) - 3704 (4072591 Gflops/s) - 3667 (4031909 Gflops/s) - 3622 (3982431 Gflops/s) - 3725 (4095680 Gflops/s) - 3723 (4093481 Gflops/s) - 3657 (4020914 Gflops/s) - 3563 (3917559 Gflops/s) | Temperatures: 59°C - 61°C - 73°C - 71°C - 61°C - 60°C - 72°C - 72°C | Throttling: None - None - None - None - None - None - None - None
3681 (4047302 Gflops/s) - 3703 (4071491 Gflops/s) - 3663 (4027511 Gflops/s) - 3620 (3980232 Gflops/s) - 3724 (4094581 Gflops/s) - 3721 (4091282 Gflops/s) - 3657 (4020914 Gflops/s) - 3560 (3914261 Gflops/s) | Temperatures: 59°C - 61°C - 73°C - 71°C - 61°C - 60°C - 72°C - 72°C | Throttling: None - None - None - None - None - None - None - None
3669 (4034108 Gflops/s) - 3709 (4078088 Gflops/s) - 3662 (4026411 Gflops/s) - 3616 (3975834 Gflops/s) - 3726 (4096780 Gflops/s) - 3721 (4091282 Gflops/s) - 3657 (4020914 Gflops/s) - 3561 (3915360 Gflops/s) | Temperatures: 60°C - 61°C - 73°C - 71°C - 61°C - 60°C - 72°C - 72°C | Throttling: None - None - None - None - None - None - None - None
3670 (4035207 Gflops/s) - 3709 (4078088 Gflops/s) - 3661 (4025312 Gflops/s) - 3632 (3993426 Gflops/s) - 3724 (4094581 Gflops/s) - 3722 (4092382 Gflops/s) - 3660 (4024212 Gflops/s) - 3562 (3916460 Gflops/s) | Temperatures: 59°C - 61°C - 73°C - 71°C - 61°C - 60°C - 72°C - 72°C | Throttling: None - None - None - None - None - None - None - None
3666 (4030809 Gflops/s) - 3712 (4081387 Gflops/s) - 3661 (4025312 Gflops/s) - 3622 (3982431 Gflops/s) - 3725 (4095680 Gflops/s) - 3721 (4091282 Gflops/s) - 3658 (4022013 Gflops/s) - 3560 (3914261 Gflops/s) | Temperatures: 59°C - 61°C - 73°C - 71°C - 61°C - 60°C - 72°C - 72°C | Throttling: None - None - None - None - None - None - None - None
3669 (4034108 Gflops/s) - 3710 (4079188 Gflops/s) - 3663 (4027511 Gflops/s) - 3623 (3983530 Gflops/s) - 3729 (4100078 Gflops/s) - 3725 (4095680 Gflops/s) - 3662 (4026411 Gflops/s) - 3565 (3919758 Gflops/s) | Temperatures: 59°C - 61°C - 73°C - 71°C - 61°C - 60°C - 72°C - 72°C | Throttling: None - None - None - None - None - None - None - None
3660 (4024212 Gflops/s) - 3703 (4071491 Gflops/s) - 3662 (4026411 Gflops/s) - 3628 (3989028 Gflops/s) - 3724 (4094581 Gflops/s) - 3722 (4092382 Gflops/s) - 3658 (4022013 Gflops/s) - 3561 (3915360 Gflops/s) | Temperatures: 59°C - 61°C - 73°C - 71°C - 61°C - 60°C - 72°C - 72°C | Throttling: None - None - None - None - None - None - None - None
3663 (4027511 Gflops/s) - 3709 (4078088 Gflops/s) - 3668 (4033008 Gflops/s) - 3622 (3982431 Gflops/s) - 3725 (4095680 Gflops/s) - 3721 (4091282 Gflops/s) - 3657 (4020914 Gflops/s) - 3561 (3915360 Gflops/s) | Temperatures: 59°C - 61°C - 73°C - 71°C - 61°C - 60°C - 72°C - 72°C | Throttling: None - None - None - None - None - None - None - None
3672 (4037406 Gflops/s) - 3706 (4074790 Gflops/s) - 3672 (4037406 Gflops/s) - 3619 (3979132 Gflops/s) - 3725 (4095680 Gflops/s) - 3723 (4093481 Gflops/s) - 3662 (4026411 Gflops/s) - 3561 (3915360 Gflops/s) | Temperatures: 59°C - 61°C - 73°C - 71°C - 61°C - 60°C - 72°C - 72°C | Throttling: None - None - None - None - None - None - None - None
3666 (4030809 Gflops/s) - 3706 (4074790 Gflops/s) - 3661 (4025312 Gflops/s) - 3632 (3993426 Gflops/s) - 3725 (4095680 Gflops/s) - 3721 (4091282 Gflops/s) - 3655 (4018714 Gflops/s) - 3560 (3914261 Gflops/s) | Temperatures: 59°C - 61°C - 73°C - 71°C - 61°C - 60°C - 72°C - 72°C | Throttling: None - None - None - None - None - None - None - None
3661 (4025312 Gflops/s) - 3707 (4075889 Gflops/s) - 3662 (4026411 Gflops/s) - 3622 (3982431 Gflops/s) - 3724 (4094581 Gflops/s) - 3721 (4091282 Gflops/s) - 3659 (4023113 Gflops/s) - 3561 (3915360 Gflops/s) | Temperatures: 59°C - 61°C - 73°C - 71°C - 61°C - 60°C - 72°C - 72°C | Throttling: None - None - None - None - None - None - None - None
3660 (4024212 Gflops/s) - 3708 (4076989 Gflops/s) - 3660 (4024212 Gflops/s) - 3631 (3992326 Gflops/s) - 3725 (4095680 Gflops/s) - 3723 (4093481 Gflops/s) - 3657 (4020914 Gflops/s) - 3564 (3918659 Gflops/s) | Temperatures: 59°C - 61°C - 73°C - 71°C - 61°C - 60°C - 72°C - 72°C | Throttling: None - None - None - None - None - None - None - None
3665 (4029710 Gflops/s) - 3703 (4071491 Gflops/s) - 3662 (4026411 Gflops/s) - 3623 (3983530 Gflops/s) - 3726 (4096780 Gflops/s) - 3721 (4091282 Gflops/s) - 3666 (4030809 Gflops/s) - 3561 (3915360 Gflops/s) | Temperatures: 59°C - 61°C - 73°C - 71°C - 61°C - 60°C - 72°C - 72°C | Throttling: None - None - None - None - None - None - None - None
3663 (4027511 Gflops/s) - 3703 (4071491 Gflops/s) - 3664 (4028610 Gflops/s) - 3618 (3978033 Gflops/s) - 3725 (4095680 Gflops/s) - 3722 (4092382 Gflops/s) - 3664 (4028610 Gflops/s) - 3563 (3917559 Gflops/s) | Temperatures: 59°C - 61°C - 73°C - 71°C - 61°C - 60°C - 72°C - 72°C | Throttling: None - None - None - None - None - None - None - None
3674 (4039605 Gflops/s) - 3711 (4080287 Gflops/s) - 3667 (4031909 Gflops/s) - 3628 (3989028 Gflops/s) - 3729 (4100078 Gflops/s) - 3726 (4096780 Gflops/s) - 3661 (4025312 Gflops/s) - 3567 (3921957 Gflops/s) | Temperatures: 60°C - 61°C - 73°C - 71°C - 61°C - 60°C - 72°C - 72°C | Throttling: None - None - None - None - None - None - None - None
3665 (4029710 Gflops/s) - 3705 (4073690 Gflops/s) - 3664 (4028610 Gflops/s) - 3628 (3989028 Gflops/s) - 3725 (4095680 Gflops/s) - 3721 (4091282 Gflops/s) - 3662 (4026411 Gflops/s) - 3563 (3917559 Gflops/s) | Temperatures: 59°C - 61°C - 74°C - 71°C - 61°C - 60°C - 72°C - 72°C | Throttling: None - None - None - None - None - None - None - None
3670 (4035207 Gflops/s) - 3706 (4074790 Gflops/s) - 3666 (4030809 Gflops/s) - 3615 (3974734 Gflops/s) - 3722 (4092382 Gflops/s) - 3718 (4087984 Gflops/s) - 3657 (4020914 Gflops/s) - 3562 (3916460 Gflops/s) | Temperatures: 59°C - 61°C - 73°C - 71°C - 61°C - 60°C - 72°C - 72°C | Throttling: None - None - None - None - None - None - None - None
3660 (4024212 Gflops/s) - 3709 (4078088 Gflops/s) - 3657 (4020914 Gflops/s) - 3630 (3991227 Gflops/s) - 3725 (4095680 Gflops/s) - 3722 (4092382 Gflops/s) - 3663 (4027511 Gflops/s) - 3563 (3917559 Gflops/s) | Temperatures: 59°C - 61°C - 73°C - 71°C - 61°C - 60°C - 72°C - 72°C | Throttling: None - None - None - None - None - None - None - None
3668 (4033008 Gflops/s) - 3706 (4074790 Gflops/s) - 3659 (4023113 Gflops/s) - 3617 (3976933 Gflops/s) - 3724 (4094581 Gflops/s) - 3722 (4092382 Gflops/s) - 3658 (4022013 Gflops/s) - 3561 (3915360 Gflops/s) | Temperatures: 60°C - 61°C - 73°C - 71°C - 61°C - 60°C - 72°C - 72°C | Throttling: None - None - None - None - None - None - None - None
3657 (4020914 Gflops/s) - 3712 (4081387 Gflops/s) - 3667 (4031909 Gflops/s) - 3625 (3985729 Gflops/s) - 3730 (4101178 Gflops/s) - 3725 (4095680 Gflops/s) - 3665 (4029710 Gflops/s) - 3567 (3921957 Gflops/s) | Temperatures: 59°C - 61°C - 73°C - 71°C - 61°C - 60°C - 72°C - 72°C | Throttling: None - None - None - None - None - None - None - None
3672 (4037406 Gflops/s) - 3705 (4073690 Gflops/s) - 3667 (4031909 Gflops/s) - 3621 (3981331 Gflops/s) - 3724 (4094581 Gflops/s) - 3722 (4092382 Gflops/s) - 3658 (4022013 Gflops/s) - 3563 (3917559 Gflops/s) | Temperatures: 59°C - 61°C - 73°C - 71°C - 61°C - 60°C - 72°C - 72°C | Throttling: None - None - None - None - None - None - None - None
3660 (4024212 Gflops/s) - 3707 (4075889 Gflops/s) - 3665 (4029710 Gflops/s) - 3620 (3980232 Gflops/s) - 3725 (4095680 Gflops/s) - 3722 (4092382 Gflops/s) - 3661 (4025312 Gflops/s) - 3562 (3916460 Gflops/s) | Temperatures: 59°C - 61°C - 73°C - 71°C - 61°C - 60°C - 72°C - 72°C | Throttling: None - None - None - None - None - None - None - None
3672 (4037406 Gflops/s) - 3703 (4071491 Gflops/s) - 3662 (4026411 Gflops/s) - 3617 (3976933 Gflops/s) - 3725 (4095680 Gflops/s) - 3722 (4092382 Gflops/s) - 3660 (4024212 Gflops/s) - 3563 (3917559 Gflops/s) | Temperatures: 59°C - 61°C - 73°C - 71°C - 61°C - 60°C - 72°C - 72°C | Throttling: None - None - None - None - None - None - None - None
3672 (4037406 Gflops/s) - 3708 (4076989 Gflops/s) - 3660 (4024212 Gflops/s) - 3623 (3983530 Gflops/s) - 3726 (4096780 Gflops/s) - 3721 (4091282 Gflops/s) - 3654 (4017615 Gflops/s) - 3563 (3917559 Gflops/s) | Temperatures: 59°C - 61°C - 73°C - 71°C - 61°C - 60°C - 72°C - 72°C | Throttling: None - None - None - None - None - None - None - None
3662 (4026411 Gflops/s) - 3707 (4075889 Gflops/s) - 3658 (4022013 Gflops/s) - 3628 (3989028 Gflops/s) - 3726 (4096780 Gflops/s) - 3723 (4093481 Gflops/s) - 3659 (4023113 Gflops/s) - 3562 (3916460 Gflops/s) | Temperatures: 59°C - 61°C - 73°C - 71°C - 61°C - 60°C - 72°C - 72°C | Throttling: None - None - None - None - None - None - None - None
3662 (4026411 Gflops/s) - 3705 (4073690 Gflops/s) - 3670 (4035207 Gflops/s) - 3616 (3975834 Gflops/s) - 3725 (4095680 Gflops/s) - 3721 (4091282 Gflops/s) - 3658 (4022013 Gflops/s) - 3561 (3915360 Gflops/s) | Temperatures: 59°C - 61°C - 73°C - 71°C - 61°C - 60°C - 72°C - 72°C | Throttling: None - None - None - None - None - None - None - None
3671 (4036307 Gflops/s) - 3708 (4076989 Gflops/s) - 3668 (4033008 Gflops/s) - 3620 (3980232 Gflops/s) - 3726 (4096780 Gflops/s) - 3723 (4093481 Gflops/s) - 3664 (4028610 Gflops/s) - 3564 (3918659 Gflops/s) | Temperatures: 59°C - 61°C - 73°C - 71°C - 61°C - 60°C - 72°C - 72°C | Throttling: None - None - None - None - None - None - None - None
3662 (4026411 Gflops/s) - 3708 (4076989 Gflops/s) - 3665 (4029710 Gflops/s) - 3625 (3985729 Gflops/s) - 3725 (4095680 Gflops/s) - 3722 (4092382 Gflops/s) - 3656 (4019814 Gflops/s) - 3562 (3916460 Gflops/s) | Temperatures: 59°C - 61°C - 73°C - 71°C - 61°C - 60°C - 72°C - 72°C | Throttling: None - None - None - None - None - None - None - None
3676 (4041804 Gflops/s) - 3705 (4073690 Gflops/s) - 3666 (4030809 Gflops/s) - 3621 (3981331 Gflops/s) - 3724 (4094581 Gflops/s) - 3721 (4091282 Gflops/s) - 3659 (4023113 Gflops/s) - 3562 (3916460 Gflops/s) | Temperatures: 60°C - 61°C - 73°C - 71°C - 61°C - 60°C - 72°C - 72°C | Throttling: None - None - None - None - None - None - None - None
3675 (4040705 Gflops/s) - 3708 (4076989 Gflops/s) - 3662 (4026411 Gflops/s) - 3619 (3979132 Gflops/s) - 3725 (4095680 Gflops/s) - 3722 (4092382 Gflops/s) - 3660 (4024212 Gflops/s) - 3563 (3917559 Gflops/s) | Temperatures: 59°C - 61°C - 73°C - 71°C - 61°C - 60°C - 72°C - 72°C | Throttling: None - None - None - None - None - None - None - None
3661 (4025312 Gflops/s) - 3708 (4076989 Gflops/s) - 3664 (4028610 Gflops/s) - 3619 (3979132 Gflops/s) - 3725 (4095680 Gflops/s) - 3722 (4092382 Gflops/s) - 3660 (4024212 Gflops/s) - 3563 (3917559 Gflops/s) | Temperatures: 59°C - 61°C - 73°C - 71°C - 61°C - 60°C - 72°C - 72°C | Throttling: None - None - None - None - None - None - None - None
3662 (4026411 Gflops/s) - 3705 (4073690 Gflops/s) - 3662 (4026411 Gflops/s) - 3618 (3978033 Gflops/s) - 3725 (4095680 Gflops/s) - 3722 (4092382 Gflops/s) - 3656 (4019814 Gflops/s) - 3561 (3915360 Gflops/s) | Temperatures: 59°C - 61°C - 73°C - 71°C - 61°C - 60°C - 72°C - 72°C | Throttling: None - None - None - None - None - None - None - None
3664 (4028610 Gflops/s) - 3706 (4074790 Gflops/s) - 3660 (4024212 Gflops/s) - 3626 (3986829 Gflops/s) - 3725 (4095680 Gflops/s) - 3722 (4092382 Gflops/s) - 3661 (4025312 Gflops/s) - 3564 (3918659 Gflops/s) | Temperatures: 60°C - 61°C - 73°C - 71°C - 61°C - 60°C - 72°C - 72°C | Throttling: None - None - None - None - None - None - None - None
3663 (4027511 Gflops/s) - 3706 (4074790 Gflops/s) - 3660 (4024212 Gflops/s) - 3619 (3979132 Gflops/s) - 3725 (4095680 Gflops/s) - 3721 (4091282 Gflops/s) - 3661 (4025312 Gflops/s) - 3560 (3914261 Gflops/s) | Temperatures: 59°C - 61°C - 73°C - 71°C - 61°C - 60°C - 72°C - 72°C | Throttling: None - None - None - None - None - None - None - None
3671 (4036307 Gflops/s) - 3707 (4075889 Gflops/s) - 3656 (4019814 Gflops/s) - 3620 (3980232 Gflops/s) - 3725 (4095680 Gflops/s) - 3722 (4092382 Gflops/s) - 3662 (4026411 Gflops/s) - 3563 (3917559 Gflops/s) | Temperatures: 59°C - 61°C - 73°C - 71°C - 61°C - 60°C - 72°C - 72°C | Throttling: None - None - None - None - None - None - None - None
3657 (4020914 Gflops/s) - 3703 (4071491 Gflops/s) - 3662 (4026411 Gflops/s) - 3620 (3980232 Gflops/s) - 3725 (4095680 Gflops/s) - 3722 (4092382 Gflops/s) - 3658 (4022013 Gflops/s) - 3561 (3915360 Gflops/s) | Temperatures: 59°C - 61°C - 73°C - 71°C - 61°C - 60°C - 72°C - 72°C | Throttling: None - None - None - None - None - None - None - None
3667 (4031909 Gflops/s) - 3703 (4071491 Gflops/s) - 3664 (4028610 Gflops/s) - 3624 (3984630 Gflops/s) - 3724 (4094581 Gflops/s) - 3720 (4090183 Gflops/s) - 3658 (4022013 Gflops/s) - 3561 (3915360 Gflops/s) | Temperatures: 59°C - 61°C - 73°C - 71°C - 61°C - 60°C - 72°C - 72°C | Throttling: None - None - None - None - None - None - None - None
3658 (4022013 Gflops/s) - 3705 (4073690 Gflops/s) - 3657 (4020914 Gflops/s) - 3621 (3981331 Gflops/s) - 3725 (4095680 Gflops/s) - 3720 (4090183 Gflops/s) - 3657 (4020914 Gflops/s) - 3562 (3916460 Gflops/s) | Temperatures: 59°C - 61°C - 73°C - 71°C - 61°C - 60°C - 72°C - 72°C | Throttling: None - None - None - None - None - None - None - None
3652 (4015416 Gflops/s) - 3705 (4073690 Gflops/s) - 3660 (4024212 Gflops/s) - 3622 (3982431 Gflops/s) - 3724 (4094581 Gflops/s) - 3721 (4091282 Gflops/s) - 3665 (4029710 Gflops/s) - 3562 (3916460 Gflops/s) | Temperatures: 59°C - 61°C - 73°C - 71°C - 61°C - 60°C - 72°C - 72°C | Throttling: None - None - None - None - None - None - None - None
3669 (4034108 Gflops/s) - 3708 (4076989 Gflops/s) - 3666 (4030809 Gflops/s) - 3625 (3985729 Gflops/s) - 3728 (4098979 Gflops/s) - 3724 (4094581 Gflops/s) - 3665 (4029710 Gflops/s) - 3566 (3920858 Gflops/s) | Temperatures: 59°C - 61°C - 73°C - 71°C - 61°C - 60°C - 72°C - 72°C | Throttling: None - None - None - None - None - None - None - None
3669 (4034108 Gflops/s) - 3704 (4072591 Gflops/s) - 3662 (4026411 Gflops/s) - 3624 (3984630 Gflops/s) - 3725 (4095680 Gflops/s) - 3722 (4092382 Gflops/s) - 3659 (4023113 Gflops/s) - 3561 (3915360 Gflops/s) | Temperatures: 59°C - 61°C - 73°C - 71°C - 61°C - 60°C - 72°C - 72°C | Throttling: None - None - None - None - None - None - None - None
3669 (4034108 Gflops/s) - 3706 (4074790 Gflops/s) - 3672 (4037406 Gflops/s) - 3628 (3989028 Gflops/s) - 3726 (4096780 Gflops/s) - 3721 (4091282 Gflops/s) - 3663 (4027511 Gflops/s) - 3560 (3914261 Gflops/s) | Temperatures: 59°C - 61°C - 73°C - 71°C - 61°C - 60°C - 72°C - 72°C | Throttling: None - None - None - None - None - None - None - None
3680 (4046202 Gflops/s) - 3705 (4073690 Gflops/s) - 3661 (4025312 Gflops/s) - 3623 (3983530 Gflops/s) - 3725 (4095680 Gflops/s) - 3722 (4092382 Gflops/s) - 3661 (4025312 Gflops/s) - 3563 (3917559 Gflops/s) | Temperatures: 60°C - 61°C - 73°C - 71°C - 61°C - 60°C - 72°C - 72°C | Throttling: None - None - None - None - None - None - None - None
3667 (4031909 Gflops/s) - 3706 (4074790 Gflops/s) - 3661 (4025312 Gflops/s) - 3619 (3979132 Gflops/s) - 3726 (4096780 Gflops/s) - 3722 (4092382 Gflops/s) - 3658 (4022013 Gflops/s) - 3562 (3916460 Gflops/s) | Temperatures: 59°C - 61°C - 73°C - 71°C - 61°C - 60°C - 72°C - 72°C | Throttling: None - None - None - None - None - None - None - None
3658 (4022013 Gflops/s) - 3711 (4080287 Gflops/s) - 3655 (4018714 Gflops/s) - 3623 (3983530 Gflops/s) - 3724 (4094581 Gflops/s) - 3721 (4091282 Gflops/s) - 3658 (4022013 Gflops/s) - 3561 (3915360 Gflops/s) | Temperatures: 59°C - 61°C - 73°C - 71°C - 61°C - 60°C - 72°C - 72°C | Throttling: None - None - None - None - None - None - None - None
3667 (4031909 Gflops/s) - 3711 (4080287 Gflops/s) - 3658 (4022013 Gflops/s) - 3618 (3978033 Gflops/s) - 3725 (4095680 Gflops/s) - 3722 (4092382 Gflops/s) - 3657 (4020914 Gflops/s) - 3560 (3914261 Gflops/s) | Temperatures: 59°C - 61°C - 73°C - 71°C - 61°C - 60°C - 72°C - 72°C | Throttling: None - None - None - None - None - None - None - None
3674 (4039605 Gflops/s) - 3707 (4075889 Gflops/s) - 3659 (4023113 Gflops/s) - 3623 (3983530 Gflops/s) - 3726 (4096780 Gflops/s) - 3722 (4092382 Gflops/s) - 3667 (4031909 Gflops/s) - 3563 (3917559 Gflops/s) | Temperatures: 59°C - 61°C - 73°C - 71°C - 61°C - 60°C - 72°C - 72°C | Throttling: None - None - None - None - None - None - None - None
3675 (4040705 Gflops/s) - 3702 (4070392 Gflops/s) - 3657 (4020914 Gflops/s) - 3623 (3983530 Gflops/s) - 3725 (4095680 Gflops/s) - 3721 (4091282 Gflops/s) - 3658 (4022013 Gflops/s) - 3561 (3915360 Gflops/s) | Temperatures: 59°C - 61°C - 73°C - 71°C - 61°C - 60°C - 72°C - 72°C | Throttling: None - None - None - None - None - None - None - None
3669 (4034108 Gflops/s) - 3703 (4071491 Gflops/s) - 3672 (4037406 Gflops/s) - 3622 (3982431 Gflops/s) - 3725 (4095680 Gflops/s) - 3721 (4091282 Gflops/s) - 3663 (4027511 Gflops/s) - 3561 (3915360 Gflops/s) | Temperatures: 60°C - 61°C - 73°C - 71°C - 61°C - 60°C - 72°C - 72°C | Throttling: None - None - None - None - None - None - None - None
3679 (4045103 Gflops/s) - 3707 (4075889 Gflops/s) - 3659 (4023113 Gflops/s) - 3625 (3985729 Gflops/s) - 3724 (4094581 Gflops/s) - 3722 (4092382 Gflops/s) - 3661 (4025312 Gflops/s) - 3561 (3915360 Gflops/s) | Temperatures: 60°C - 61°C - 73°C - 71°C - 61°C - 60°C - 72°C - 72°C | Throttling: None - None - None - None - None - None - None - None
3667 (4031909 Gflops/s) - 3708 (4076989 Gflops/s) - 3663 (4027511 Gflops/s) - 3620 (3980232 Gflops/s) - 3726 (4096780 Gflops/s) - 3722 (4092382 Gflops/s) - 3663 (4027511 Gflops/s) - 3564 (3918659 Gflops/s) | Temperatures: 59°C - 61°C - 73°C - 71°C - 61°C - 60°C - 72°C - 72°C | Throttling: None - None - None - None - None - None - None - None
3664 (4028610 Gflops/s) - 3704 (4072591 Gflops/s) - 3664 (4028610 Gflops/s) - 3629 (3990127 Gflops/s) - 3725 (4095680 Gflops/s) - 3722 (4092382 Gflops/s) - 3656 (4019814 Gflops/s) - 3561 (3915360 Gflops/s) | Temperatures: 59°C - 61°C - 73°C - 71°C - 61°C - 60°C - 72°C - 72°C | Throttling: None - None - None - None - None - None - None - None
3658 (4022013 Gflops/s) - 3707 (4075889 Gflops/s) - 3661 (4025312 Gflops/s) - 3631 (3992326 Gflops/s) - 3724 (4094581 Gflops/s) - 3721 (4091282 Gflops/s) - 3659 (4023113 Gflops/s) - 3560 (3914261 Gflops/s) | Temperatures: 59°C - 61°C - 73°C - 71°C - 61°C - 60°C - 72°C - 72°C | Throttling: None - None - None - None - None - None - None - None
3665 (4029710 Gflops/s) - 3705 (4073690 Gflops/s) - 3662 (4026411 Gflops/s) - 3620 (3980232 Gflops/s) - 3725 (4095680 Gflops/s) - 3722 (4092382 Gflops/s) - 3656 (4019814 Gflops/s) - 3560 (3914261 Gflops/s) | Temperatures: 59°C - 61°C - 73°C - 71°C - 61°C - 60°C - 72°C - 72°C | Throttling: None - None - None - None - None - None - None - None
3666 (4030809 Gflops/s) - 3710 (4079188 Gflops/s) - 3661 (4025312 Gflops/s) - 3626 (3986829 Gflops/s) - 3725 (4095680 Gflops/s) - 3722 (4092382 Gflops/s) - 3662 (4026411 Gflops/s) - 3559 (3913161 Gflops/s) | Temperatures: 59°C - 61°C - 73°C - 71°C - 61°C - 60°C - 72°C - 72°C | Throttling: None - None - None - None - None - None - None - None
3667 (4031909 Gflops/s) - 3708 (4076989 Gflops/s) - 3659 (4023113 Gflops/s) - 3617 (3976933 Gflops/s) - 3725 (4095680 Gflops/s) - 3722 (4092382 Gflops/s) - 3661 (4025312 Gflops/s) - 3562 (3916460 Gflops/s) | Temperatures: 59°C - 61°C - 73°C - 71°C - 61°C - 60°C - 72°C - 72°C | Throttling: None - None - None - None - None - None - None - None
3667 (4031909 Gflops/s) - 3705 (4073690 Gflops/s) - 3663 (4027511 Gflops/s) - 3622 (3982431 Gflops/s) - 3725 (4095680 Gflops/s) - 3721 (4091282 Gflops/s) - 3658 (4022013 Gflops/s) - 3562 (3916460 Gflops/s) | Temperatures: 60°C - 61°C - 73°C - 71°C - 61°C - 60°C - 72°C - 72°C | Throttling: None - None - None - None - None - None - None - None
3670 (4035207 Gflops/s) - 3702 (4070392 Gflops/s) - 3663 (4027511 Gflops/s) - 3617 (3976933 Gflops/s) - 3726 (4096780 Gflops/s) - 3721 (4091282 Gflops/s) - 3656 (4019814 Gflops/s) - 3560 (3914261 Gflops/s) | Temperatures: 59°C - 61°C - 73°C - 71°C - 61°C - 60°C - 72°C - 72°C | Throttling: None - None - None - None - None - None - None - None
3675 (4040705 Gflops/s) - 3707 (4075889 Gflops/s) - 3666 (4030809 Gflops/s) - 3630 (3991227 Gflops/s) - 3725 (4095680 Gflops/s) - 3722 (4092382 Gflops/s) - 3658 (4022013 Gflops/s) - 3564 (3918659 Gflops/s) | Temperatures: 59°C - 61°C - 73°C - 71°C - 61°C - 60°C - 72°C - 72°C | Throttling: None - None - None - None - None - None - None - None
3668 (4033008 Gflops/s) - 3705 (4073690 Gflops/s) - 3665 (4029710 Gflops/s) - 3617 (3976933 Gflops/s) - 3726 (4096780 Gflops/s) - 3722 (4092382 Gflops/s) - 3660 (4024212 Gflops/s) - 3560 (3914261 Gflops/s) | Temperatures: 60°C - 61°C - 73°C - 71°C - 61°C - 60°C - 72°C - 72°C | Throttling: None - None - None - None - None - None - None - None
3672 (4037406 Gflops/s) - 3704 (4072591 Gflops/s) - 3673 (4038506 Gflops/s) - 3629 (3990127 Gflops/s) - 3725 (4095680 Gflops/s) - 3721 (4091282 Gflops/s) - 3658 (4022013 Gflops/s) - 3563 (3917559 Gflops/s) | Temperatures: 59°C - 61°C - 73°C - 71°C - 61°C - 60°C - 72°C - 72°C | Throttling: None - None - None - None - None - None - None - None
3672 (4037406 Gflops/s) - 3706 (4074790 Gflops/s) - 3665 (4029710 Gflops/s) - 3639 (4001122 Gflops/s) - 3725 (4095680 Gflops/s) - 3722 (4092382 Gflops/s) - 3660 (4024212 Gflops/s) - 3559 (3913161 Gflops/s) | Temperatures: 60°C - 61°C - 73°C - 71°C - 61°C - 60°C - 72°C - 72°C | Throttling: None - None - None - None - None - None - None - None
3662 (4026411 Gflops/s) - 3707 (4075889 Gflops/s) - 3669 (4034108 Gflops/s) - 3622 (3982431 Gflops/s) - 3726 (4096780 Gflops/s) - 3723 (4093481 Gflops/s) - 3659 (4023113 Gflops/s) - 3563 (3917559 Gflops/s) | Temperatures: 59°C - 61°C - 73°C - 71°C - 61°C - 60°C - 72°C - 72°C | Throttling: None - None - None - None - None - None - None - None
3679 (4045103 Gflops/s) - 3706 (4074790 Gflops/s) - 3666 (4030809 Gflops/s) - 3618 (3978033 Gflops/s) - 3725 (4095680 Gflops/s) - 3721 (4091282 Gflops/s) - 3659 (4023113 Gflops/s) - 3561 (3915360 Gflops/s) | Temperatures: 59°C - 61°C - 73°C - 71°C - 61°C - 60°C - 72°C - 72°C | Throttling: None - None - None - None - None - None - None - None
3665 (4029710 Gflops/s) - 3708 (4076989 Gflops/s) - 3660 (4024212 Gflops/s) - 3632 (3993426 Gflops/s) - 3725 (4095680 Gflops/s) - 3721 (4091282 Gflops/s) - 3660 (4024212 Gflops/s) - 3562 (3916460 Gflops/s) | Temperatures: 59°C - 61°C - 73°C - 71°C - 61°C - 60°C - 72°C - 72°C | Throttling: None - None - None - None - None - None - None - None
3669 (4034108 Gflops/s) - 3707 (4075889 Gflops/s) - 3669 (4034108 Gflops/s) - 3629 (3990127 Gflops/s) - 3726 (4096780 Gflops/s) - 3722 (4092382 Gflops/s) - 3666 (4030809 Gflops/s) - 3560 (3914261 Gflops/s) | Temperatures: 59°C - 61°C - 73°C - 71°C - 61°C - 60°C - 72°C - 72°C | Throttling: None - None - None - None - None - None - None - None
3663 (4027511 Gflops/s) - 3705 (4073690 Gflops/s) - 3660 (4024212 Gflops/s) - 3620 (3980232 Gflops/s) - 3725 (4095680 Gflops/s) - 3721 (4091282 Gflops/s) - 3663 (4027511 Gflops/s) - 3560 (3914261 Gflops/s) | Temperatures: 59°C - 61°C - 73°C - 71°C - 61°C - 60°C - 72°C - 72°C | Throttling: None - None - None - None - None - None - None - None
3663 (4027511 Gflops/s) - 3707 (4075889 Gflops/s) - 3662 (4026411 Gflops/s) - 3629 (3990127 Gflops/s) - 3724 (4094581 Gflops/s) - 3722 (4092382 Gflops/s) - 3658 (4022013 Gflops/s) - 3564 (3918659 Gflops/s) | Temperatures: 59°C - 61°C - 73°C - 71°C - 61°C - 60°C - 72°C - 72°C | Throttling: None - None - None - None - None - None - None - None
3668 (4033008 Gflops/s) - 3704 (4072591 Gflops/s) - 3665 (4029710 Gflops/s) - 3611 (3970336 Gflops/s) - 3725 (4095680 Gflops/s) - 3722 (4092382 Gflops/s) - 3658 (4022013 Gflops/s) - 3560 (3914261 Gflops/s) | Temperatures: 60°C - 61°C - 73°C - 71°C - 61°C - 60°C - 72°C - 72°C | Throttling: None - None - None - None - None - None - None - None
3666 (4030809 Gflops/s) - 3707 (4075889 Gflops/s) - 3661 (4025312 Gflops/s) - 3623 (3983530 Gflops/s) - 3726 (4096780 Gflops/s) - 3723 (4093481 Gflops/s) - 3659 (4023113 Gflops/s) - 3561 (3915360 Gflops/s) | Temperatures: 59°C - 61°C - 73°C - 71°C - 61°C - 60°C - 72°C - 72°C | Throttling: None - None - None - None - None - None - None - None
3668 (4033008 Gflops/s) - 3707 (4075889 Gflops/s) - 3667 (4031909 Gflops/s) - 3623 (3983530 Gflops/s) - 3725 (4095680 Gflops/s) - 3721 (4091282 Gflops/s) - 3658 (4022013 Gflops/s) - 3562 (3916460 Gflops/s) | Temperatures: 59°C - 61°C - 73°C - 71°C - 61°C - 60°C - 72°C - 72°C | Throttling: None - None - None - None - None - None - None - None
3665 (4029710 Gflops/s) - 3705 (4073690 Gflops/s) - 3658 (4022013 Gflops/s) - 3624 (3984630 Gflops/s) - 3725 (4095680 Gflops/s) - 3722 (4092382 Gflops/s) - 3661 (4025312 Gflops/s) - 3563 (3917559 Gflops/s) | Temperatures: 59°C - 61°C - 73°C - 71°C - 61°C - 60°C - 72°C - 72°C | Throttling: None - None - None - None - None - None - None - None
3666 (4030809 Gflops/s) - 3708 (4076989 Gflops/s) - 3666 (4030809 Gflops/s) - 3620 (3980232 Gflops/s) - 3725 (4095680 Gflops/s) - 3722 (4092382 Gflops/s) - 3662 (4026411 Gflops/s) - 3562 (3916460 Gflops/s) | Temperatures: 59°C - 61°C - 73°C - 71°C - 61°C - 60°C - 72°C - 72°C | Throttling: None - None - None - None - None - None - None - None
3664 (4028610 Gflops/s) - 3705 (4073690 Gflops/s) - 3667 (4031909 Gflops/s) - 3623 (3983530 Gflops/s) - 3726 (4096780 Gflops/s) - 3722 (4092382 Gflops/s) - 3657 (4020914 Gflops/s) - 3561 (3915360 Gflops/s) | Temperatures: 59°C - 61°C - 73°C - 71°C - 61°C - 60°C - 72°C - 72°C | Throttling: None - None - None - None - None - None - None - None
3674 (4039605 Gflops/s) - 3704 (4072591 Gflops/s) - 3665 (4029710 Gflops/s) - 3625 (3985729 Gflops/s) - 3725 (4095680 Gflops/s) - 3722 (4092382 Gflops/s) - 3666 (4030809 Gflops/s) - 3563 (3917559 Gflops/s) | Temperatures: 59°C - 61°C - 73°C - 71°C - 61°C - 60°C - 72°C - 72°C | Throttling: None - None - None - None - None - None - None - None
3671 (4036307 Gflops/s) - 3707 (4075889 Gflops/s) - 3676 (4041804 Gflops/s) - 3629 (3990127 Gflops/s) - 3725 (4095680 Gflops/s) - 3720 (4090183 Gflops/s) - 3661 (4025312 Gflops/s) - 3560 (3914261 Gflops/s) | Temperatures: 59°C - 61°C - 73°C - 71°C - 61°C - 60°C - 72°C - 72°C | Throttling: None - None - None - None - None - None - None - None
3664 (4028610 Gflops/s) - 3706 (4074790 Gflops/s) - 3656 (4019814 Gflops/s) - 3633 (3994525 Gflops/s) - 3724 (4094581 Gflops/s) - 3721 (4091282 Gflops/s) - 3660 (4024212 Gflops/s) - 3562 (3916460 Gflops/s) | Temperatures: 59°C - 61°C - 73°C - 71°C - 61°C - 60°C - 72°C - 72°C | Throttling: None - None - None - None - None - None - None - None
3681 (4047302 Gflops/s) - 3707 (4075889 Gflops/s) - 3663 (4027511 Gflops/s) - 3624 (3984630 Gflops/s) - 3726 (4096780 Gflops/s) - 3722 (4092382 Gflops/s) - 3656 (4019814 Gflops/s) - 3561 (3915360 Gflops/s) | Temperatures: 60°C - 61°C - 73°C - 71°C - 61°C - 60°C - 72°C - 72°C | Throttling: None - None - None - None - None - None - None - None
3675 (4040705 Gflops/s) - 3704 (4072591 Gflops/s) - 3660 (4024212 Gflops/s) - 3618 (3978033 Gflops/s) - 3725 (4095680 Gflops/s) - 3722 (4092382 Gflops/s) - 3661 (4025312 Gflops/s) - 3561 (3915360 Gflops/s) | Temperatures: 59°C - 61°C - 73°C - 71°C - 61°C - 60°C - 72°C - 72°C | Throttling: None - None - None - None - None - None - None - None
3672 (4037406 Gflops/s) - 3705 (4073690 Gflops/s) - 3657 (4020914 Gflops/s) - 3621 (3981331 Gflops/s) - 3725 (4095680 Gflops/s) - 3721 (4091282 Gflops/s) - 3656 (4019814 Gflops/s) - 3559 (3913161 Gflops/s) | Temperatures: 60°C - 61°C - 73°C - 71°C - 61°C - 60°C - 72°C - 72°C | Throttling: None - None - None - None - None - None - None - None
3675 (4040705 Gflops/s) - 3708 (4076989 Gflops/s) - 3670 (4035207 Gflops/s) - 3618 (3978033 Gflops/s) - 3725 (4095680 Gflops/s) - 3722 (4092382 Gflops/s) - 3659 (4023113 Gflops/s) - 3562 (3916460 Gflops/s) | Temperatures: 59°C - 61°C - 73°C - 71°C - 61°C - 60°C - 72°C - 72°C | Throttling: None - None - None - None - None - None - None - None
3670 (4035207 Gflops/s) - 3707 (4075889 Gflops/s) - 3657 (4020914 Gflops/s) - 3625 (3985729 Gflops/s) - 3725 (4095680 Gflops/s) - 3722 (4092382 Gflops/s) - 3657 (4020914 Gflops/s) - 3560 (3914261 Gflops/s) | Temperatures: 60°C - 61°C - 73°C - 71°C - 61°C - 60°C - 72°C - 72°C | Throttling: None - None - None - None - None - None - None - None
3673 (4038506 Gflops/s) - 3712 (4081387 Gflops/s) - 3670 (4035207 Gflops/s) - 3627 (3987928 Gflops/s) - 3728 (4098979 Gflops/s) - 3724 (4094581 Gflops/s) - 3664 (4028610 Gflops/s) - 3566 (3920858 Gflops/s) | Temperatures: 59°C - 61°C - 73°C - 71°C - 61°C - 60°C - 72°C - 72°C | Throttling: None - None - None - None - None - None - None - None
3667 (4031909 Gflops/s) - 3705 (4073690 Gflops/s) - 3664 (4028610 Gflops/s) - 3621 (3981331 Gflops/s) - 3726 (4096780 Gflops/s) - 3722 (4092382 Gflops/s) - 3665 (4029710 Gflops/s) - 3563 (3917559 Gflops/s) | Temperatures: 59°C - 61°C - 73°C - 71°C - 61°C - 60°C - 72°C - 72°C | Throttling: None - None - None - None - None - None - None - None
3659 (4023113 Gflops/s) - 3702 (4070392 Gflops/s) - 3663 (4027511 Gflops/s) - 3627 (3987928 Gflops/s) - 3725 (4095680 Gflops/s) - 3721 (4091282 Gflops/s) - 3658 (4022013 Gflops/s) - 3562 (3916460 Gflops/s) | Temperatures: 59°C - 61°C - 73°C - 71°C - 61°C - 60°C - 72°C - 72°C | Throttling: None - None - None - None - None - None - None - None
3665 (4029710 Gflops/s) - 3713 (4082486 Gflops/s) - 3670 (4035207 Gflops/s) - 3631 (3992326 Gflops/s) - 3725 (4095680 Gflops/s) - 3722 (4092382 Gflops/s) - 3661 (4025312 Gflops/s) - 3562 (3916460 Gflops/s) | Temperatures: 59°C - 61°C - 73°C - 71°C - 61°C - 60°C - 72°C - 72°C | Throttling: None - None - None - None - None - None - None - None
3663 (4027511 Gflops/s) - 3706 (4074790 Gflops/s) - 3665 (4029710 Gflops/s) - 3618 (3978033 Gflops/s) - 3725 (4095680 Gflops/s) - 3721 (4091282 Gflops/s) - 3658 (4022013 Gflops/s) - 3561 (3915360 Gflops/s) | Temperatures: 59°C - 61°C - 73°C - 71°C - 61°C - 60°C - 72°C - 72°C | Throttling: None - None - None - None - None - None - None - None
3671 (4036307 Gflops/s) - 3705 (4073690 Gflops/s) - 3660 (4024212 Gflops/s) - 3618 (3978033 Gflops/s) - 3721 (4091282 Gflops/s) - 3718 (4087984 Gflops/s) - 3656 (4019814 Gflops/s) - 3558 (3912062 Gflops/s) | Temperatures: 59°C - 61°C - 73°C - 71°C - 61°C - 60°C - 72°C - 72°C | Throttling: None - None - None - None - None - None - None - None
3677 (4042904 Gflops/s) - 3709 (4078088 Gflops/s) - 3673 (4038506 Gflops/s) - 3632 (3993426 Gflops/s) - 3729 (4100078 Gflops/s) - 3725 (4095680 Gflops/s) - 3665 (4029710 Gflops/s) - 3564 (3918659 Gflops/s) | Temperatures: 59°C - 61°C - 73°C - 71°C - 61°C - 60°C - 72°C - 72°C | Throttling: None - None - None - None - None - None - None - None
3662 (4026411 Gflops/s) - 3707 (4075889 Gflops/s) - 3658 (4022013 Gflops/s) - 3619 (3979132 Gflops/s) - 3725 (4095680 Gflops/s) - 3722 (4092382 Gflops/s) - 3661 (4025312 Gflops/s) - 3562 (3916460 Gflops/s) | Temperatures: 60°C - 61°C - 73°C - 71°C - 61°C - 60°C - 72°C - 72°C | Throttling: None - None - None - None - None - None - None - None
3670 (4035207 Gflops/s) - 3704 (4072591 Gflops/s) - 3667 (4031909 Gflops/s) - 3619 (3979132 Gflops/s) - 3726 (4096780 Gflops/s) - 3722 (4092382 Gflops/s) - 3668 (4033008 Gflops/s) - 3563 (3917559 Gflops/s) | Temperatures: 59°C - 61°C - 73°C - 71°C - 61°C - 60°C - 72°C - 72°C | Throttling: None - None - None - None - None - None - None - None
3674 (4039605 Gflops/s) - 3703 (4071491 Gflops/s) - 3662 (4026411 Gflops/s) - 3629 (3990127 Gflops/s) - 3725 (4095680 Gflops/s) - 3721 (4091282 Gflops/s) - 3656 (4019814 Gflops/s) - 3561 (3915360 Gflops/s) | Temperatures: 59°C - 61°C - 73°C - 71°C - 61°C - 60°C - 72°C - 72°C | Throttling: None - None - None - None - None - None - None - None
3670 (4035207 Gflops/s) - 3707 (4075889 Gflops/s) - 3668 (4033008 Gflops/s) - 3623 (3983530 Gflops/s) - 3725 (4095680 Gflops/s) - 3722 (4092382 Gflops/s) - 3662 (4026411 Gflops/s) - 3560 (3914261 Gflops/s) | Temperatures: 59°C - 61°C - 73°C - 71°C - 61°C - 60°C - 72°C - 72°C | Throttling: None - None - None - None - None - None - None - None
3668 (4033008 Gflops/s) - 3707 (4075889 Gflops/s) - 3659 (4023113 Gflops/s) - 3628 (3989028 Gflops/s) - 3724 (4094581 Gflops/s) - 3722 (4092382 Gflops/s) - 3657 (4020914 Gflops/s) - 3560 (3914261 Gflops/s) | Temperatures: 59°C - 61°C - 73°C - 71°C - 61°C - 60°C - 72°C - 72°C | Throttling: None - None - None - None - None - None - None - None
3671 (4036307 Gflops/s) - 3706 (4074790 Gflops/s) - 3668 (4033008 Gflops/s) - 3621 (3981331 Gflops/s) - 3725 (4095680 Gflops/s) - 3721 (4091282 Gflops/s) - 3659 (4023113 Gflops/s) - 3561 (3915360 Gflops/s) | Temperatures: 59°C - 61°C - 73°C - 71°C - 61°C - 60°C - 72°C - 72°C | Throttling: None - None - None - None - None - None - None - None
3650 (4013217 Gflops/s) - 3701 (4069292 Gflops/s) - 3669 (4034108 Gflops/s) - 3628 (3989028 Gflops/s) - 3725 (4095680 Gflops/s) - 3722 (4092382 Gflops/s) - 3663 (4027511 Gflops/s) - 3559 (3913161 Gflops/s) | Temperatures: 59°C - 61°C - 73°C - 71°C - 61°C - 60°C - 72°C - 72°C | Throttling: None - None - None - None - None - None - None - None
3666 (4030809 Gflops/s) - 3705 (4073690 Gflops/s) - 3665 (4029710 Gflops/s) - 3622 (3982431 Gflops/s) - 3725 (4095680 Gflops/s) - 3721 (4091282 Gflops/s) - 3657 (4020914 Gflops/s) - 3562 (3916460 Gflops/s) | Temperatures: 59°C - 61°C - 73°C - 71°C - 61°C - 60°C - 72°C - 72°C | Throttling: None - None - None - None - None - None - None - None
3670 (4035207 Gflops/s) - 3703 (4071491 Gflops/s) - 3658 (4022013 Gflops/s) - 3618 (3978033 Gflops/s) - 3724 (4094581 Gflops/s) - 3721 (4091282 Gflops/s) - 3665 (4029710 Gflops/s) - 3559 (3913161 Gflops/s) | Temperatures: 59°C - 61°C - 73°C - 71°C - 61°C - 60°C - 72°C - 72°C | Throttling: None - None - None - None - None - None - None - None
3677 (4042904 Gflops/s) - 3708 (4076989 Gflops/s) - 3659 (4023113 Gflops/s) - 3618 (3978033 Gflops/s) - 3724 (4094581 Gflops/s) - 3721 (4091282 Gflops/s) - 3658 (4022013 Gflops/s) - 3561 (3915360 Gflops/s) | Temperatures: 60°C - 61°C - 73°C - 71°C - 61°C - 60°C - 72°C - 72°C | Throttling: None - None - None - None - None - None - None - None
3663 (4027511 Gflops/s) - 3703 (4071491 Gflops/s) - 3658 (4022013 Gflops/s) - 3632 (3993426 Gflops/s) - 3726 (4096780 Gflops/s) - 3722 (4092382 Gflops/s) - 3658 (4022013 Gflops/s) - 3559 (3913161 Gflops/s) | Temperatures: 59°C - 61°C - 73°C - 71°C - 61°C - 60°C - 72°C - 72°C | Throttling: None - None - None - None - None - None - None - None
3671 (4036307 Gflops/s) - 3714 (4083586 Gflops/s) - 3672 (4037406 Gflops/s) - 3627 (3987928 Gflops/s) - 3729 (4100078 Gflops/s) - 3726 (4096780 Gflops/s) - 3665 (4029710 Gflops/s) - 3565 (3919758 Gflops/s) | Temperatures: 59°C - 61°C - 73°C - 71°C - 61°C - 60°C - 72°C - 72°C | Throttling: None - None - None - None - None - None - None - None
3673 (4038506 Gflops/s) - 3709 (4078088 Gflops/s) - 3658 (4022013 Gflops/s) - 3624 (3984630 Gflops/s) - 3725 (4095680 Gflops/s) - 3722 (4092382 Gflops/s) - 3656 (4019814 Gflops/s) - 3562 (3916460 Gflops/s) | Temperatures: 60°C - 61°C - 73°C - 71°C - 61°C - 60°C - 72°C - 72°C | Throttling: None - None - None - None - None - None - None - None
3669 (4034108 Gflops/s) - 3704 (4072591 Gflops/s) - 3668 (4033008 Gflops/s) - 3618 (3978033 Gflops/s) - 3721 (4091282 Gflops/s) - 3718 (4087984 Gflops/s) - 3660 (4024212 Gflops/s) - 3557 (3910962 Gflops/s) | Temperatures: 59°C - 61°C - 73°C - 71°C - 61°C - 60°C - 72°C - 72°C | Throttling: None - None - None - None - None - None - None - None
3670 (4035207 Gflops/s) - 3707 (4075889 Gflops/s) - 3675 (4040705 Gflops/s) - 3623 (3983530 Gflops/s) - 3729 (4100078 Gflops/s) - 3726 (4096780 Gflops/s) - 3661 (4025312 Gflops/s) - 3565 (3919758 Gflops/s) | Temperatures: 59°C - 61°C - 73°C - 71°C - 61°C - 60°C - 72°C - 72°C | Throttling: None - None - None - None - None - None - None - None
3670 (4035207 Gflops/s) - 3706 (4074790 Gflops/s) - 3658 (4022013 Gflops/s) - 3619 (3979132 Gflops/s) - 3725 (4095680 Gflops/s) - 3721 (4091282 Gflops/s) - 3653 (4016515 Gflops/s) - 3562 (3916460 Gflops/s) | Temperatures: 59°C - 61°C - 73°C - 71°C - 61°C - 60°C - 72°C - 72°C | Throttling: None - None - None - None - None - None - None - None
3664 (4028610 Gflops/s) - 3702 (4070392 Gflops/s) - 3659 (4023113 Gflops/s) - 3622 (3982431 Gflops/s) - 3725 (4095680 Gflops/s) - 3721 (4091282 Gflops/s) - 3654 (4017615 Gflops/s) - 3558 (3912062 Gflops/s) | Temperatures: 59°C - 61°C - 73°C - 71°C - 61°C - 60°C - 72°C - 72°C | Throttling: None - None - None - None - None - None - None - None
3663 (4027511 Gflops/s) - 3705 (4073690 Gflops/s) - 3659 (4023113 Gflops/s) - 3619 (3979132 Gflops/s) - 3725 (4095680 Gflops/s) - 3721 (4091282 Gflops/s) - 3660 (4024212 Gflops/s) - 3563 (3917559 Gflops/s) | Temperatures: 60°C - 61°C - 73°C - 71°C - 61°C - 60°C - 72°C - 72°C | Throttling: None - None - None - None - None - None - None - None
3667 (4031909 Gflops/s) - 3705 (4073690 Gflops/s) - 3663 (4027511 Gflops/s) - 3629 (3990127 Gflops/s) - 3724 (4094581 Gflops/s) - 3722 (4092382 Gflops/s) - 3663 (4027511 Gflops/s) - 3560 (3914261 Gflops/s) | Temperatures: 59°C - 61°C - 73°C - 71°C - 61°C - 60°C - 72°C - 72°C | Throttling: None - None - None - None - None - None - None - None
3667 (4031909 Gflops/s) - 3705 (4073690 Gflops/s) - 3657 (4020914 Gflops/s) - 3618 (3978033 Gflops/s) - 3725 (4095680 Gflops/s) - 3721 (4091282 Gflops/s) - 3660 (4024212 Gflops/s) - 3563 (3917559 Gflops/s) | Temperatures: 59°C - 61°C - 73°C - 71°C - 61°C - 60°C - 72°C - 72°C | Throttling: None - None - None - None - None - None - None - None
3667 (4031909 Gflops/s) - 3706 (4074790 Gflops/s) - 3667 (4031909 Gflops/s) - 3635 (3996724 Gflops/s) - 3724 (4094581 Gflops/s) - 3722 (4092382 Gflops/s) - 3659 (4023113 Gflops/s) - 3560 (3914261 Gflops/s) | Temperatures: 60°C - 61°C - 73°C - 71°C - 61°C - 60°C - 72°C - 72°C | Throttling: None - None - None - None - None - None - None - None
3669 (4034108 Gflops/s) - 3705 (4073690 Gflops/s) - 3660 (4024212 Gflops/s) - 3621 (3981331 Gflops/s) - 3725 (4095680 Gflops/s) - 3722 (4092382 Gflops/s) - 3659 (4023113 Gflops/s) - 3559 (3913161 Gflops/s) | Temperatures: 59°C - 61°C - 73°C - 71°C - 61°C - 60°C - 72°C - 72°C | Throttling: None - None - None - None - None - None - None - None
3687 (4053899 Gflops/s) - 3712 (4081387 Gflops/s) - 3663 (4027511 Gflops/s) - 3626 (3986829 Gflops/s) - 3728 (4098979 Gflops/s) - 3725 (4095680 Gflops/s) - 3665 (4029710 Gflops/s) - 3564 (3918659 Gflops/s) | Temperatures: 59°C - 61°C - 73°C - 71°C - 61°C - 60°C - 72°C - 72°C | Throttling: None - None - None - None - None - None - None - None
3672 (4037406 Gflops/s) - 3705 (4073690 Gflops/s) - 3658 (4022013 Gflops/s) - 3618 (3978033 Gflops/s) - 3726 (4096780 Gflops/s) - 3722 (4092382 Gflops/s) - 3664 (4028610 Gflops/s) - 3562 (3916460 Gflops/s) | Temperatures: 59°C - 61°C - 73°C - 71°C - 61°C - 60°C - 72°C - 72°C | Throttling: None - None - None - None - None - None - None - None
3665 (4029710 Gflops/s) - 3709 (4078088 Gflops/s) - 3664 (4028610 Gflops/s) - 3624 (3984630 Gflops/s) - 3724 (4094581 Gflops/s) - 3722 (4092382 Gflops/s) - 3663 (4027511 Gflops/s) - 3559 (3913161 Gflops/s) | Temperatures: 59°C - 61°C - 73°C - 71°C - 61°C - 60°C - 72°C - 72°C | Throttling: None - None - None - None - None - None - None - None
3676 (4041804 Gflops/s) - 3702 (4070392 Gflops/s) - 3656 (4019814 Gflops/s) - 3615 (3974734 Gflops/s) - 3722 (4092382 Gflops/s) - 3718 (4087984 Gflops/s) - 3658 (4022013 Gflops/s) - 3559 (3913161 Gflops/s) | Temperatures: 59°C - 61°C - 73°C - 71°C - 61°C - 60°C - 72°C - 72°C | Throttling: None - None - None - None - None - None - None - None
3659 (4023113 Gflops/s) - 3707 (4075889 Gflops/s) - 3664 (4028610 Gflops/s) - 3633 (3994525 Gflops/s) - 3726 (4096780 Gflops/s) - 3722 (4092382 Gflops/s) - 3655 (4018714 Gflops/s) - 3560 (3914261 Gflops/s) | Temperatures: 59°C - 61°C - 73°C - 71°C - 61°C - 60°C - 72°C - 72°C | Throttling: None - None - None - None - None - None - None - None
3679 (4045103 Gflops/s) - 3709 (4078088 Gflops/s) - 3670 (4035207 Gflops/s) - 3623 (3983530 Gflops/s) - 3725 (4095680 Gflops/s) - 3722 (4092382 Gflops/s) - 3660 (4024212 Gflops/s) - 3562 (3916460 Gflops/s) | Temperatures: 59°C - 61°C - 73°C - 71°C - 61°C - 60°C - 72°C - 72°C | Throttling: None - None - None - None - None - None - None - None
3680 (4046202 Gflops/s) - 3704 (4072591 Gflops/s) - 3666 (4030809 Gflops/s) - 3621 (3981331 Gflops/s) - 3726 (4096780 Gflops/s) - 3722 (4092382 Gflops/s) - 3659 (4023113 Gflops/s) - 3561 (3915360 Gflops/s) | Temperatures: 60°C - 61°C - 73°C - 71°C - 61°C - 60°C - 72°C - 72°C | Throttling: None - None - None - None - None - None - None - None
3674 (4039605 Gflops/s) - 3708 (4076989 Gflops/s) - 3660 (4024212 Gflops/s) - 3624 (3984630 Gflops/s) - 3724 (4094581 Gflops/s) - 3722 (4092382 Gflops/s) - 3662 (4026411 Gflops/s) - 3562 (3916460 Gflops/s) | Temperatures: 59°C - 61°C - 73°C - 71°C - 61°C - 60°C - 72°C - 72°C | Throttling: None - None - None - None - None - None - None - None
3668 (4033008 Gflops/s) - 3708 (4076989 Gflops/s) - 3668 (4033008 Gflops/s) - 3625 (3985729 Gflops/s) - 3728 (4098979 Gflops/s) - 3725 (4095680 Gflops/s) - 3671 (4036307 Gflops/s) - 3564 (3918659 Gflops/s) | Temperatures: 59°C - 61°C - 73°C - 71°C - 61°C - 60°C - 72°C - 72°C | Throttling: None - None - None - None - None - None - None - None
3676 (4041804 Gflops/s) - 3710 (4079188 Gflops/s) - 3657 (4020914 Gflops/s) - 3622 (3982431 Gflops/s) - 3726 (4096780 Gflops/s) - 3722 (4092382 Gflops/s) - 3665 (4029710 Gflops/s) - 3559 (3913161 Gflops/s) | Temperatures: 59°C - 61°C - 73°C - 71°C - 61°C - 60°C - 72°C - 72°C | Throttling: None - None - None - None - None - None - None - None
3666 (4030809 Gflops/s) - 3708 (4076989 Gflops/s) - 3665 (4029710 Gflops/s) - 3623 (3983530 Gflops/s) - 3724 (4094581 Gflops/s) - 3721 (4091282 Gflops/s) - 3658 (4022013 Gflops/s) - 3562 (3916460 Gflops/s) | Temperatures: 59°C - 61°C - 73°C - 71°C - 61°C - 60°C - 72°C - 72°C | Throttling: None - None - None - None - None - None - None - None
3681 (4047302 Gflops/s) - 3708 (4076989 Gflops/s) - 3661 (4025312 Gflops/s) - 3626 (3986829 Gflops/s) - 3725 (4095680 Gflops/s) - 3721 (4091282 Gflops/s) - 3658 (4022013 Gflops/s) - 3560 (3914261 Gflops/s) | Temperatures: 59°C - 61°C - 73°C - 71°C - 61°C - 60°C - 72°C - 72°C | Throttling: None - None - None - None - None - None - None - None
3675 (4040705 Gflops/s) - 3708 (4076989 Gflops/s) - 3662 (4026411 Gflops/s) - 3614 (3973635 Gflops/s) - 3725 (4095680 Gflops/s) - 3722 (4092382 Gflops/s) - 3660 (4024212 Gflops/s) - 3560 (3914261 Gflops/s) | Temperatures: 59°C - 61°C - 73°C - 71°C - 61°C - 60°C - 72°C - 72°C | Throttling: None - None - None - None - None - None - None - None
3663 (4027511 Gflops/s) - 3706 (4074790 Gflops/s) - 3664 (4028610 Gflops/s) - 3618 (3978033 Gflops/s) - 3725 (4095680 Gflops/s) - 3722 (4092382 Gflops/s) - 3663 (4027511 Gflops/s) - 3561 (3915360 Gflops/s) | Temperatures: 59°C - 61°C - 73°C - 71°C - 61°C - 60°C - 72°C - 72°C | Throttling: None - None - None - None - None - None - None - None
3672 (4037406 Gflops/s) - 3708 (4076989 Gflops/s) - 3667 (4031909 Gflops/s) - 3616 (3975834 Gflops/s) - 3725 (4095680 Gflops/s) - 3721 (4091282 Gflops/s) - 3660 (4024212 Gflops/s) - 3563 (3917559 Gflops/s) | Temperatures: 59°C - 61°C - 73°C - 71°C - 61°C - 60°C - 72°C - 72°C | Throttling: None - None - None - None - None - None - None - None
3668 (4033008 Gflops/s) - 3705 (4073690 Gflops/s) - 3667 (4031909 Gflops/s) - 3621 (3981331 Gflops/s) - 3726 (4096780 Gflops/s) - 3721 (4091282 Gflops/s) - 3660 (4024212 Gflops/s) - 3559 (3913161 Gflops/s) | Temperatures: 59°C - 61°C - 73°C - 71°C - 61°C - 60°C - 72°C - 72°C | Throttling: None - None - None - None - None - None - None - None
3663 (4027511 Gflops/s) - 3706 (4074790 Gflops/s) - 3667 (4031909 Gflops/s) - 3634 (3995625 Gflops/s) - 3725 (4095680 Gflops/s) - 3722 (4092382 Gflops/s) - 3665 (4029710 Gflops/s) - 3562 (3916460 Gflops/s) | Temperatures: 59°C - 61°C - 73°C - 71°C - 61°C - 60°C - 72°C - 72°C | Throttling: None - None - None - None - None - None - None - None
3661 (4025312 Gflops/s) - 3708 (4076989 Gflops/s) - 3657 (4020914 Gflops/s) - 3626 (3986829 Gflops/s) - 3725 (4095680 Gflops/s) - 3722 (4092382 Gflops/s) - 3658 (4022013 Gflops/s) - 3560 (3914261 Gflops/s) | Temperatures: 59°C - 61°C - 73°C - 71°C - 61°C - 60°C - 72°C - 72°C | Throttling: None - None - None - None - None - None - None - None
3671 (4036307 Gflops/s) - 3707 (4075889 Gflops/s) - 3662 (4026411 Gflops/s) - 3620 (3980232 Gflops/s) - 3725 (4095680 Gflops/s) - 3721 (4091282 Gflops/s) - 3656 (4019814 Gflops/s) - 3561 (3915360 Gflops/s) | Temperatures: 59°C - 61°C - 73°C - 71°C - 61°C - 60°C - 72°C - 72°C | Throttling: None - None - None - None - None - None - None - None
3662 (4026411 Gflops/s) - 3707 (4075889 Gflops/s) - 3668 (4033008 Gflops/s) - 3623 (3983530 Gflops/s) - 3725 (4095680 Gflops/s) - 3722 (4092382 Gflops/s) - 3656 (4019814 Gflops/s) - 3563 (3917559 Gflops/s) | Temperatures: 59°C - 61°C - 73°C - 71°C - 61°C - 60°C - 72°C - 72°C | Throttling: None - None - None - None - None - None - None - None
3665 (4029710 Gflops/s) - 3707 (4075889 Gflops/s) - 3659 (4023113 Gflops/s) - 3622 (3982431 Gflops/s) - 3725 (4095680 Gflops/s) - 3722 (4092382 Gflops/s) - 3661 (4025312 Gflops/s) - 3562 (3916460 Gflops/s) | Temperatures: 59°C - 61°C - 73°C - 71°C - 61°C - 60°C - 72°C - 72°C | Throttling: None - None - None - None - None - None - None - None
3672 (4037406 Gflops/s) - 3706 (4074790 Gflops/s) - 3659 (4023113 Gflops/s) - 3616 (3975834 Gflops/s) - 3726 (4096780 Gflops/s) - 3721 (4091282 Gflops/s) - 3666 (4030809 Gflops/s) - 3562 (3916460 Gflops/s) | Temperatures: 59°C - 61°C - 73°C - 71°C - 61°C - 60°C - 72°C - 72°C | Throttling: None - None - None - None - None - None - None - None
3664 (4028610 Gflops/s) - 3707 (4075889 Gflops/s) - 3664 (4028610 Gflops/s) - 3619 (3979132 Gflops/s) - 3724 (4094581 Gflops/s) - 3721 (4091282 Gflops/s) - 3673 (4038506 Gflops/s) - 3560 (3914261 Gflops/s) | Temperatures: 59°C - 61°C - 73°C - 71°C - 61°C - 60°C - 72°C - 72°C | Throttling: None - None - None - None - None - None - None - None
3661 (4025312 Gflops/s) - 3704 (4072591 Gflops/s) - 3663 (4027511 Gflops/s) - 3630 (3991227 Gflops/s) - 3726 (4096780 Gflops/s) - 3723 (4093481 Gflops/s) - 3658 (4022013 Gflops/s) - 3560 (3914261 Gflops/s) | Temperatures: 59°C - 61°C - 73°C - 71°C - 61°C - 60°C - 72°C - 72°C | Throttling: None - None - None - None - None - None - None - None
3665 (4029710 Gflops/s) - 3712 (4081387 Gflops/s) - 3667 (4031909 Gflops/s) - 3624 (3984630 Gflops/s) - 3729 (4100078 Gflops/s) - 3726 (4096780 Gflops/s) - 3665 (4029710 Gflops/s) - 3564 (3918659 Gflops/s) | Temperatures: 60°C - 61°C - 73°C - 71°C - 61°C - 60°C - 72°C - 72°C | Throttling: None - None - None - None - None - None - None - None
3669 (4034108 Gflops/s) - 3704 (4072591 Gflops/s) - 3657 (4020914 Gflops/s) - 3618 (3978033 Gflops/s) - 3721 (4091282 Gflops/s) - 3719 (4089083 Gflops/s) - 3654 (4017615 Gflops/s) - 3558 (3912062 Gflops/s) | Temperatures: 59°C - 61°C - 73°C - 71°C - 61°C - 60°C - 72°C - 72°C | Throttling: None - None - None - None - None - None - None - None
3688 (4054998 Gflops/s) - 3714 (4083586 Gflops/s) - 3684 (4050600 Gflops/s) - 3636 (3997824 Gflops/s) - 3729 (4100078 Gflops/s) - 3724 (4094581 Gflops/s) - 3664 (4028610 Gflops/s) - 3562 (3916460 Gflops/s) | Temperatures: 59°C - 61°C - 73°C - 71°C - 61°C - 60°C - 72°C - 72°C | Throttling: None - None - None - None - None - None - None - None
3668 (4033008 Gflops/s) - 3707 (4075889 Gflops/s) - 3662 (4026411 Gflops/s) - 3632 (3993426 Gflops/s) - 3725 (4095680 Gflops/s) - 3722 (4092382 Gflops/s) - 3660 (4024212 Gflops/s) - 3563 (3917559 Gflops/s) | Temperatures: 59°C - 61°C - 73°C - 71°C - 61°C - 60°C - 72°C - 72°C | Throttling: None - None - None - None - None - None - None - None
3669 (4034108 Gflops/s) - 3707 (4075889 Gflops/s) - 3658 (4022013 Gflops/s) - 3626 (3986829 Gflops/s) - 3725 (4095680 Gflops/s) - 3720 (4090183 Gflops/s) - 3660 (4024212 Gflops/s) - 3559 (3913161 Gflops/s) | Temperatures: 59°C - 61°C - 73°C - 71°C - 61°C - 60°C - 72°C - 72°C | Throttling: None - None - None - None - None - None - None - None
3659 (4023113 Gflops/s) - 3704 (4072591 Gflops/s) - 3667 (4031909 Gflops/s) - 3627 (3987928 Gflops/s) - 3725 (4095680 Gflops/s) - 3722 (4092382 Gflops/s) - 3659 (4023113 Gflops/s) - 3560 (3914261 Gflops/s) | Temperatures: 59°C - 61°C - 73°C - 71°C - 61°C - 60°C - 72°C - 72°C | Throttling: None - None - None - None - None - None - None - None
3671 (4036307 Gflops/s) - 3708 (4076989 Gflops/s) - 3659 (4023113 Gflops/s) - 3625 (3985729 Gflops/s) - 3724 (4094581 Gflops/s) - 3720 (4090183 Gflops/s) - 3663 (4027511 Gflops/s) - 3561 (3915360 Gflops/s) | Temperatures: 59°C - 61°C - 73°C - 71°C - 61°C - 60°C - 72°C - 72°C | Throttling: None - None - None - None - None - None - None - None
3665 (4029710 Gflops/s) - 3707 (4075889 Gflops/s) - 3667 (4031909 Gflops/s) - 3617 (3976933 Gflops/s) - 3726 (4096780 Gflops/s) - 3722 (4092382 Gflops/s) - 3658 (4022013 Gflops/s) - 3562 (3916460 Gflops/s) | Temperatures: 59°C - 61°C - 73°C - 71°C - 61°C - 60°C - 72°C - 72°C | Throttling: None - None - None - None - None - None - None - None
3658 (4022013 Gflops/s) - 3703 (4071491 Gflops/s) - 3667 (4031909 Gflops/s) - 3615 (3974734 Gflops/s) - 3724 (4094581 Gflops/s) - 3721 (4091282 Gflops/s) - 3661 (4025312 Gflops/s) - 3560 (3914261 Gflops/s) | Temperatures: 59°C - 61°C - 73°C - 71°C - 61°C - 60°C - 72°C - 72°C | Throttling: None - None - None - None - None - None - None - None
3668 (4033008 Gflops/s) - 3707 (4075889 Gflops/s) - 3664 (4028610 Gflops/s) - 3627 (3987928 Gflops/s) - 3725 (4095680 Gflops/s) - 3722 (4092382 Gflops/s) - 3660 (4024212 Gflops/s) - 3560 (3914261 Gflops/s) | Temperatures: 59°C - 61°C - 73°C - 71°C - 61°C - 60°C - 72°C - 72°C | Throttling: None - None - None - None - None - None - None - None
3677 (4042904 Gflops/s) - 3710 (4079188 Gflops/s) - 3672 (4037406 Gflops/s) - 3618 (3978033 Gflops/s) - 3729 (4100078 Gflops/s) - 3726 (4096780 Gflops/s) - 3666 (4030809 Gflops/s) - 3565 (3919758 Gflops/s) | Temperatures: 59°C - 61°C - 73°C - 71°C - 61°C - 60°C - 72°C - 72°C | Throttling: None - None - None - None - None - None - None - None
3665 (4029710 Gflops/s) - 3705 (4073690 Gflops/s) - 3658 (4022013 Gflops/s) - 3628 (3989028 Gflops/s) - 3726 (4096780 Gflops/s) - 3722 (4092382 Gflops/s) - 3662 (4026411 Gflops/s) - 3559 (3913161 Gflops/s) | Temperatures: 60°C - 61°C - 73°C - 71°C - 61°C - 60°C - 72°C - 72°C | Throttling: None - None - None - None - None - None - None - None
3668 (4033008 Gflops/s) - 3705 (4073690 Gflops/s) - 3661 (4025312 Gflops/s) - 3626 (3986829 Gflops/s) - 3725 (4095680 Gflops/s) - 3721 (4091282 Gflops/s) - 3664 (4028610 Gflops/s) - 3562 (3916460 Gflops/s) | Temperatures: 59°C - 61°C - 73°C - 71°C - 61°C - 60°C - 72°C - 72°C | Throttling: None - None - None - None - None - None - None - None
3669 (4034108 Gflops/s) - 3710 (4079188 Gflops/s) - 3668 (4033008 Gflops/s) - 3618 (3978033 Gflops/s) - 3724 (4094581 Gflops/s) - 3722 (4092382 Gflops/s) - 3661 (4025312 Gflops/s) - 3559 (3913161 Gflops/s) | Temperatures: 59°C - 61°C - 73°C - 71°C - 61°C - 60°C - 72°C - 72°C | Throttling: None - None - None - None - None - None - None - None
3661 (4025312 Gflops/s) - 3709 (4078088 Gflops/s) - 3667 (4031909 Gflops/s) - 3636 (3997824 Gflops/s) - 3725 (4095680 Gflops/s) - 3720 (4090183 Gflops/s) - 3666 (4030809 Gflops/s) - 3560 (3914261 Gflops/s) | Temperatures: 59°C - 61°C - 73°C - 71°C - 61°C - 60°C - 72°C - 72°C | Throttling: None - None - None - None - None - None - None - None
3665 (4029710 Gflops/s) - 3705 (4073690 Gflops/s) - 3655 (4018714 Gflops/s) - 3620 (3980232 Gflops/s) - 3724 (4094581 Gflops/s) - 3721 (4091282 Gflops/s) - 3655 (4018714 Gflops/s) - 3560 (3914261 Gflops/s) | Temperatures: 59°C - 61°C - 73°C - 71°C - 61°C - 60°C - 72°C - 72°C | Throttling: None - None - None - None - None - None - None - None
3670 (4035207 Gflops/s) - 3707 (4075889 Gflops/s) - 3661 (4025312 Gflops/s) - 3633 (3994525 Gflops/s) - 3725 (4095680 Gflops/s) - 3722 (4092382 Gflops/s) - 3658 (4022013 Gflops/s) - 3562 (3916460 Gflops/s) | Temperatures: 59°C - 61°C - 73°C - 71°C - 61°C - 60°C - 72°C - 72°C | Throttling: None - None - None - None - None - None - None - None
3676 (4041804 Gflops/s) - 3706 (4074790 Gflops/s) - 3669 (4034108 Gflops/s) - 3626 (3986829 Gflops/s) - 3726 (4096780 Gflops/s) - 3722 (4092382 Gflops/s) - 3658 (4022013 Gflops/s) - 3562 (3916460 Gflops/s) | Temperatures: 59°C - 61°C - 73°C - 71°C - 61°C - 60°C - 72°C - 72°C | Throttling: None - None - None - None - None - None - None - None
3665 (4029710 Gflops/s) - 3705 (4073690 Gflops/s) - 3660 (4024212 Gflops/s) - 3621 (3981331 Gflops/s) - 3726 (4096780 Gflops/s) - 3721 (4091282 Gflops/s) - 3658 (4022013 Gflops/s) - 3560 (3914261 Gflops/s) | Temperatures: 60°C - 61°C - 73°C - 71°C - 61°C - 60°C - 72°C - 72°C | Throttling: None - None - None - None - None - None - None - None
3658 (4022013 Gflops/s) - 3706 (4074790 Gflops/s) - 3672 (4037406 Gflops/s) - 3628 (3989028 Gflops/s) - 3725 (4095680 Gflops/s) - 3722 (4092382 Gflops/s) - 3660 (4024212 Gflops/s) - 3560 (3914261 Gflops/s) | Temperatures: 59°C - 61°C - 73°C - 71°C - 61°C - 60°C - 72°C - 72°C | Throttling: None - None - None - None - None - None - None - None
3675 (4040705 Gflops/s) - 3706 (4074790 Gflops/s) - 3670 (4035207 Gflops/s) - 3622 (3982431 Gflops/s) - 3725 (4095680 Gflops/s) - 3722 (4092382 Gflops/s) - 3659 (4023113 Gflops/s) - 3561 (3915360 Gflops/s) | Temperatures: 59°C - 61°C - 73°C - 71°C - 61°C - 60°C - 72°C - 72°C | Throttling: None - None - None - None - None - None - None - None
3676 (4041804 Gflops/s) - 3708 (4076989 Gflops/s) - 3662 (4026411 Gflops/s) - 3618 (3978033 Gflops/s) - 3724 (4094581 Gflops/s) - 3721 (4091282 Gflops/s) - 3661 (4025312 Gflops/s) - 3562 (3916460 Gflops/s) | Temperatures: 59°C - 61°C - 73°C - 71°C - 61°C - 60°C - 72°C - 72°C | Throttling: None - None - None - None - None - None - None - None
3663 (4027511 Gflops/s) - 3707 (4075889 Gflops/s) - 3666 (4030809 Gflops/s) - 3623 (3983530 Gflops/s) - 3725 (4095680 Gflops/s) - 3722 (4092382 Gflops/s) - 3666 (4030809 Gflops/s) - 3561 (3915360 Gflops/s) | Temperatures: 59°C - 61°C - 73°C - 71°C - 61°C - 60°C - 72°C - 72°C | Throttling: None - None - None - None - None - None - None - None
3665 (4029710 Gflops/s) - 3711 (4080287 Gflops/s) - 3669 (4034108 Gflops/s) - 3620 (3980232 Gflops/s) - 3729 (4100078 Gflops/s) - 3725 (4095680 Gflops/s) - 3658 (4022013 Gflops/s) - 3564 (3918659 Gflops/s) | Temperatures: 59°C - 61°C - 73°C - 71°C - 61°C - 60°C - 72°C - 72°C | Throttling: None - None - None - None - None - None - None - None
3671 (4036307 Gflops/s) - 3711 (4080287 Gflops/s) - 3671 (4036307 Gflops/s) - 3633 (3994525 Gflops/s) - 3725 (4095680 Gflops/s) - 3722 (4092382 Gflops/s) - 3658 (4022013 Gflops/s) - 3563 (3917559 Gflops/s) | Temperatures: 59°C - 61°C - 73°C - 71°C - 61°C - 60°C - 72°C - 72°C | Throttling: None - None - None - None - None - None - None - None
3668 (4033008 Gflops/s) - 3709 (4078088 Gflops/s) - 3664 (4028610 Gflops/s) - 3618 (3978033 Gflops/s) - 3726 (4096780 Gflops/s) - 3721 (4091282 Gflops/s) - 3661 (4025312 Gflops/s) - 3559 (3913161 Gflops/s) | Temperatures: 59°C - 61°C - 73°C - 71°C - 61°C - 60°C - 72°C - 72°C | Throttling: None - None - None - None - None - None - None - None
3675 (4040705 Gflops/s) - 3703 (4071491 Gflops/s) - 3663 (4027511 Gflops/s) - 3635 (3996724 Gflops/s) - 3724 (4094581 Gflops/s) - 3723 (4093481 Gflops/s) - 3658 (4022013 Gflops/s) - 3561 (3915360 Gflops/s) | Temperatures: 60°C - 61°C - 73°C - 71°C - 61°C - 60°C - 72°C - 72°C | Throttling: None - None - None - None - None - None - None - None
3669 (4034108 Gflops/s) - 3702 (4070392 Gflops/s) - 3667 (4031909 Gflops/s) - 3628 (3989028 Gflops/s) - 3726 (4096780 Gflops/s) - 3722 (4092382 Gflops/s) - 3659 (4023113 Gflops/s) - 3562 (3916460 Gflops/s) | Temperatures: 59°C - 61°C - 73°C - 71°C - 61°C - 60°C - 72°C - 72°C | Throttling: None - None - None - None - None - None - None - None
3664 (4028610 Gflops/s) - 3709 (4078088 Gflops/s) - 3660 (4024212 Gflops/s) - 3622 (3982431 Gflops/s) - 3725 (4095680 Gflops/s) - 3722 (4092382 Gflops/s) - 3659 (4023113 Gflops/s) - 3560 (3914261 Gflops/s) | Temperatures: 59°C - 61°C - 73°C - 71°C - 61°C - 60°C - 72°C - 72°C | Throttling: None - None - None - None - None - None - None - None
3669 (4034108 Gflops/s) - 3705 (4073690 Gflops/s) - 3665 (4029710 Gflops/s) - 3621 (3981331 Gflops/s) - 3725 (4095680 Gflops/s) - 3722 (4092382 Gflops/s) - 3655 (4018714 Gflops/s) - 3561 (3915360 Gflops/s) | Temperatures: 59°C - 61°C - 73°C - 71°C - 61°C - 60°C - 72°C - 72°C | Throttling: None - None - None - None - None - None - None - None
3663 (4027511 Gflops/s) - 3704 (4072591 Gflops/s) - 3666 (4030809 Gflops/s) - 3614 (3973635 Gflops/s) - 3725 (4095680 Gflops/s) - 3721 (4091282 Gflops/s) - 3660 (4024212 Gflops/s) - 3561 (3915360 Gflops/s) | Temperatures: 59°C - 61°C - 73°C - 71°C - 61°C - 60°C - 72°C - 72°C | Throttling: None - None - None - None - None - None - None - None
3679 (4045103 Gflops/s) - 3705 (4073690 Gflops/s) - 3660 (4024212 Gflops/s) - 3622 (3982431 Gflops/s) - 3725 (4095680 Gflops/s) - 3722 (4092382 Gflops/s) - 3659 (4023113 Gflops/s) - 3560 (3914261 Gflops/s) | Temperatures: 59°C - 61°C - 73°C - 71°C - 61°C - 60°C - 72°C - 72°C | Throttling: None - None - None - None - None - None - None - None
3663 (4027511 Gflops/s) - 3704 (4072591 Gflops/s) - 3663 (4027511 Gflops/s) - 3620 (3980232 Gflops/s) - 3725 (4095680 Gflops/s) - 3722 (4092382 Gflops/s) - 3656 (4019814 Gflops/s) - 3561 (3915360 Gflops/s) | Temperatures: 59°C - 61°C - 73°C - 71°C - 61°C - 60°C - 72°C - 72°C | Throttling: None - None - None - None - None - None - None - None
3660 (4024212 Gflops/s) - 3707 (4075889 Gflops/s) - 3665 (4029710 Gflops/s) - 3621 (3981331 Gflops/s) - 3726 (4096780 Gflops/s) - 3722 (4092382 Gflops/s) - 3662 (4026411 Gflops/s) - 3560 (3914261 Gflops/s) | Temperatures: 59°C - 61°C - 73°C - 71°C - 61°C - 60°C - 72°C - 72°C | Throttling: None - None - None - None - None - None - None - None
3672 (4037406 Gflops/s) - 3706 (4074790 Gflops/s) - 3663 (4027511 Gflops/s) - 3614 (3973635 Gflops/s) - 3724 (4094581 Gflops/s) - 3722 (4092382 Gflops/s) - 3657 (4020914 Gflops/s) - 3560 (3914261 Gflops/s) | Temperatures: 59°C - 61°C - 73°C - 71°C - 61°C - 60°C - 72°C - 72°C | Throttling: None - None - None - None - None - None - None - None
3664 (4028610 Gflops/s) - 3707 (4075889 Gflops/s) - 3671 (4036307 Gflops/s) - 3615 (3974734 Gflops/s) - 3726 (4096780 Gflops/s) - 3722 (4092382 Gflops/s) - 3659 (4023113 Gflops/s) - 3562 (3916460 Gflops/s) | Temperatures: 59°C - 61°C - 73°C - 71°C - 61°C - 60°C - 72°C - 72°C | Throttling: None - None - None - None - None - None - None - None
3664 (4028610 Gflops/s) - 3705 (4073690 Gflops/s) - 3661 (4025312 Gflops/s) - 3626 (3986829 Gflops/s) - 3725 (4095680 Gflops/s) - 3722 (4092382 Gflops/s) - 3656 (4019814 Gflops/s) - 3562 (3916460 Gflops/s) | Temperatures: 59°C - 61°C - 73°C - 71°C - 61°C - 60°C - 72°C - 72°C | Throttling: None - None - None - None - None - None - None - None
3667 (4031909 Gflops/s) - 3708 (4076989 Gflops/s) - 3666 (4030809 Gflops/s) - 3631 (3992326 Gflops/s) - 3724 (4094581 Gflops/s) - 3722 (4092382 Gflops/s) - 3662 (4026411 Gflops/s) - 3561 (3915360 Gflops/s) | Temperatures: 59°C - 61°C - 73°C - 71°C - 61°C - 60°C - 72°C - 72°C | Throttling: None - None - None - None - None - None - None - None
3664 (4028610 Gflops/s) - 3706 (4074790 Gflops/s) - 3663 (4027511 Gflops/s) - 3621 (3981331 Gflops/s) - 3725 (4095680 Gflops/s) - 3721 (4091282 Gflops/s) - 3662 (4026411 Gflops/s) - 3559 (3913161 Gflops/s) | Temperatures: 59°C - 61°C - 73°C - 71°C - 61°C - 60°C - 72°C - 72°C | Throttling: None - None - None - None - None - None - None - None
3663 (4027511 Gflops/s) - 3704 (4072591 Gflops/s) - 3662 (4026411 Gflops/s) - 3627 (3987928 Gflops/s) - 3725 (4095680 Gflops/s) - 3722 (4092382 Gflops/s) - 3661 (4025312 Gflops/s) - 3563 (3917559 Gflops/s) | Temperatures: 59°C - 61°C - 73°C - 71°C - 61°C - 60°C - 72°C - 72°C | Throttling: None - None - None - None - None - None - None - None
3675 (4040705 Gflops/s) - 3707 (4075889 Gflops/s) - 3666 (4030809 Gflops/s) - 3620 (3980232 Gflops/s) - 3725 (4095680 Gflops/s) - 3722 (4092382 Gflops/s) - 3658 (4022013 Gflops/s) - 3561 (3915360 Gflops/s) | Temperatures: 59°C - 61°C - 73°C - 71°C - 61°C - 60°C - 72°C - 72°C | Throttling: None - None - None - None - None - None - None - None
3661 (4025312 Gflops/s) - 3707 (4075889 Gflops/s) - 3659 (4023113 Gflops/s) - 3628 (3989028 Gflops/s) - 3725 (4095680 Gflops/s) - 3722 (4092382 Gflops/s) - 3661 (4025312 Gflops/s) - 3561 (3915360 Gflops/s) | Temperatures: 59°C - 61°C - 73°C - 71°C - 61°C - 60°C - 72°C - 72°C | Throttling: None - None - None - None - None - None - None - None
3670 (4035207 Gflops/s) - 3713 (4082486 Gflops/s) - 3674 (4039605 Gflops/s) - 3624 (3984630 Gflops/s) - 3729 (4100078 Gflops/s) - 3727 (4097879 Gflops/s) - 3664 (4028610 Gflops/s) - 3565 (3919758 Gflops/s) | Temperatures: 59°C - 61°C - 73°C - 71°C - 61°C - 60°C - 72°C - 72°C | Throttling: None - None - None - None - None - None - None - None
3655 (4018714 Gflops/s) - 3704 (4072591 Gflops/s) - 3662 (4026411 Gflops/s) - 3626 (3986829 Gflops/s) - 3722 (4092382 Gflops/s) - 3718 (4087984 Gflops/s) - 3663 (4027511 Gflops/s) - 3558 (3912062 Gflops/s) | Temperatures: 59°C - 61°C - 73°C - 71°C - 61°C - 60°C - 72°C - 72°C | Throttling: None - None - None - None - None - None - None - None
3668 (4033008 Gflops/s) - 3705 (4073690 Gflops/s) - 3662 (4026411 Gflops/s) - 3629 (3990127 Gflops/s) - 3725 (4095680 Gflops/s) - 3723 (4093481 Gflops/s) - 3657 (4020914 Gflops/s) - 3562 (3916460 Gflops/s) | Temperatures: 59°C - 61°C - 73°C - 71°C - 61°C - 60°C - 72°C - 72°C | Throttling: None - None - None - None - None - None - None - None
3670 (4035207 Gflops/s) - 3708 (4076989 Gflops/s) - 3670 (4035207 Gflops/s) - 3620 (3980232 Gflops/s) - 3728 (4098979 Gflops/s) - 3725 (4095680 Gflops/s) - 3667 (4031909 Gflops/s) - 3564 (3918659 Gflops/s) | Temperatures: 59°C - 61°C - 73°C - 71°C - 61°C - 60°C - 72°C - 72°C | Throttling: None - None - None - None - None - None - None - None
3659 (4023113 Gflops/s) - 3709 (4078088 Gflops/s) - 3665 (4029710 Gflops/s) - 3627 (3987928 Gflops/s) - 3726 (4096780 Gflops/s) - 3722 (4092382 Gflops/s) - 3659 (4023113 Gflops/s) - 3562 (3916460 Gflops/s) | Temperatures: 59°C - 61°C - 73°C - 71°C - 61°C - 60°C - 72°C - 72°C | Throttling: None - None - None - None - None - None - None - None
3661 (4025312 Gflops/s) - 3705 (4073690 Gflops/s) - 3669 (4034108 Gflops/s) - 3626 (3986829 Gflops/s) - 3725 (4095680 Gflops/s) - 3722 (4092382 Gflops/s) - 3661 (4025312 Gflops/s) - 3561 (3915360 Gflops/s) | Temperatures: 59°C - 61°C - 73°C - 71°C - 61°C - 60°C - 72°C - 72°C | Throttling: None - None - None - None - None - None - None - None
3674 (4039605 Gflops/s) - 3708 (4076989 Gflops/s) - 3668 (4033008 Gflops/s) - 3621 (3981331 Gflops/s) - 3725 (4095680 Gflops/s) - 3721 (4091282 Gflops/s) - 3657 (4020914 Gflops/s) - 3561 (3915360 Gflops/s) | Temperatures: 59°C - 61°C - 73°C - 71°C - 61°C - 60°C - 72°C - 72°C | Throttling: None - None - None - None - None - None - None - None
3671 (4036307 Gflops/s) - 3707 (4075889 Gflops/s) - 3662 (4026411 Gflops/s) - 3621 (3981331 Gflops/s) - 3724 (4094581 Gflops/s) - 3722 (4092382 Gflops/s) - 3658 (4022013 Gflops/s) - 3562 (3916460 Gflops/s) | Temperatures: 59°C - 61°C - 73°C - 71°C - 61°C - 60°C - 72°C - 72°C | Throttling: None - None - None - None - None - None - None - None
3672 (4037406 Gflops/s) - 3708 (4076989 Gflops/s) - 3664 (4028610 Gflops/s) - 3625 (3985729 Gflops/s) - 3725 (4095680 Gflops/s) - 3721 (4091282 Gflops/s) - 3655 (4018714 Gflops/s) - 3562 (3916460 Gflops/s) | Temperatures: 59°C - 61°C - 73°C - 71°C - 61°C - 60°C - 72°C - 72°C | Throttling: None - None - None - None - None - None - None - None
3669 (4034108 Gflops/s) - 3703 (4071491 Gflops/s) - 3666 (4030809 Gflops/s) - 3631 (3992326 Gflops/s) - 3725 (4095680 Gflops/s) - 3722 (4092382 Gflops/s) - 3656 (4019814 Gflops/s) - 3560 (3914261 Gflops/s) | Temperatures: 59°C - 61°C - 73°C - 71°C - 61°C - 60°C - 72°C - 72°C | Throttling: None - None - None - None - None - None - None - None
2392 (2630031 Gflops/s) - 2608 (2867526 Gflops/s) - 2294 (2522279 Gflops/s) - 2878 (3164394 Gflops/s) - 3166 (3481053 Gflops/s) - 2576 (2832341 Gflops/s) - 2457 (2701500 Gflops/s) - 2483 (2730087 Gflops/s) | Temperatures: 52°C - 53°C - 64°C - 71°C - 61°C - 55°C - 63°C - 72°C | Throttling: None - None - None - None - None - None - None - None
GPU #0: 4028584 Gflops/s (min: 2630031.81, max: 4065994.00, dev: 4028584.34)
         Temperature: 59.16°C (min: 52.00, max: 60.00)
         Throttling HW: false, Thermal SW: false, Thermal HW: false
GPU #1: 4071882 Gflops/s (min: 2867526.33, max: 4090183.26, dev: 4071881.83)
         Temperature: 60.85°C (min: 53.00, max: 62.00)
         Throttling HW: false, Thermal SW: false, Thermal HW: false
GPU #2: 4024299 Gflops/s (min: 2522279.67, max: 4062695.46, dev: 4024298.87)
         Temperature: 72.84°C (min: 64.00, max: 74.00)
         Throttling HW: false, Thermal SW: false, Thermal HW: false
GPU #3: 3982487 Gflops/s (min: 3164394.46, max: 4020914.02, dev: 3982487.40)
         Temperature: 70.81°C (min: 66.00, max: 72.00)
         Throttling HW: false, Thermal SW: false, Thermal HW: false
GPU #4: 4094011 Gflops/s (min: 3481053.81, max: 4102277.88, dev: 4094010.91)
         Temperature: 60.80°C (min: 56.00, max: 61.00)
         Throttling HW: false, Thermal SW: false, Thermal HW: false
GPU #5: 4088221 Gflops/s (min: 2832341.95, max: 4100078.86, dev: 4088220.65)
         Temperature: 59.92°C (min: 55.00, max: 61.00)
         Throttling HW: false, Thermal SW: false, Thermal HW: false
GPU #6: 4021499 Gflops/s (min: 2701500.07, max: 4056098.39, dev: 4021499.43)
         Temperature: 71.71°C (min: 63.00, max: 72.00)
         Throttling HW: false, Thermal SW: false, Thermal HW: false
GPU #7: 3913725 Gflops/s (min: 2730087.37, max: 3948346.26, dev: 3913724.77)
         Temperature: 71.72°C (min: 67.00, max: 72.00)
         Throttling HW: false, Thermal SW: false, Thermal HW: false
All GPUs seem healthy
Freeing GPUs...
