Node = node5502
GPU 0: NVIDIA B200 (UUID: GPU-3293048f-de58-fc98-60dd-fa6388c43f33)
GPU 1: NVIDIA B200 (UUID: GPU-670867ac-9202-7617-a349-39e7b97fd77e)
GPU 2: NVIDIA B200 (UUID: GPU-89c28d40-fcfe-c9bf-40de-d1a13cd2b472)
GPU 3: NVIDIA B200 (UUID: GPU-a78e7cc0-7dee-23db-be8f-4f3f01bac272)
GPU 4: NVIDIA B200 (UUID: GPU-1aeb6e59-23e0-7e95-d08d-48e28e25a04c)
GPU 5: NVIDIA B200 (UUID: GPU-2f6f80a6-26fd-ec2c-96a1-99f814bcb491)
GPU 6: NVIDIA B200 (UUID: GPU-4f3eee2e-7015-e219-988d-419d345c414a)
GPU 7: NVIDIA B200 (UUID: GPU-f4a59ed2-a6bc-7307-2960-deb0f84ee2b2)
======== Run with fp32 ==========
Detected GPU #0: "NVIDIA B200" (3293048f-de58-fc98-60dd-fa6388c43f33)
Detected GPU #1: "NVIDIA B200" (670867ac-9202-7617-a349-39e7b97fd77e)
Detected GPU #2: "NVIDIA B200" (89c28d40-fcfe-c9bf-40de-d1a13cd2b472)
Detected GPU #3: "NVIDIA B200" (a78e7cc0-7dee-23db-be8f-4f3f01bac272)
Detected GPU #4: "NVIDIA B200" (1aeb6e59-23e0-7e95-d08d-48e28e25a04c)
Detected GPU #5: "NVIDIA B200" (2f6f80a6-26fd-ec2c-96a1-99f814bcb491)
Detected GPU #6: "NVIDIA B200" (4f3eee2e-7015-e219-988d-419d345c414a)
Detected GPU #7: "NVIDIA B200" (f4a59ed2-a6bc-7307-2960-deb0f84ee2b2)
Using precision(s): FP32  
Creating random matrices
Matrices created
GPU #0: Using 163805 MB
GPU #1: Using 163805 MB
GPU #2: Using 163805 MB
GPU #3: Using 163805 MB
GPU #4: Using 163805 MB
GPU #5: Using 163805 MB
GPU #6: Using 163805 MB
GPU #7: Using 163805 MB
1363 (1498634 Gflops/s) - 1362 (1497534 Gflops/s) - 1358 (1493136 Gflops/s) - 1365 (1500833 Gflops/s) - 1365 (1500833 Gflops/s) - 1357 (1492037 Gflops/s) - 1355 (1489838 Gflops/s) - 1356 (1490937 Gflops/s) | Temperatures: 47°C - 48°C - 52°C - 50°C - 49°C - 47°C - 51°C - 53°C | Throttling: None - None - None - None - None - None - None - None
670 (736672 Gflops/s) - 672 (738871 Gflops/s) - 670 (736672 Gflops/s) - 675 (742170 Gflops/s) - 674 (741070 Gflops/s) - 667 (733374 Gflops/s) - 663 (728976 Gflops/s) - 668 (734473 Gflops/s) | Temperatures: 48°C - 49°C - 53°C - 51°C - 50°C - 49°C - 52°C - 54°C | Throttling: None - None - None - None - None - None - None - None
678 (745468 Gflops/s) - 674 (741070 Gflops/s) - 672 (738871 Gflops/s) - 677 (744369 Gflops/s) - 676 (743269 Gflops/s) - 671 (737772 Gflops/s) - 667 (733374 Gflops/s) - 671 (737772 Gflops/s) | Temperatures: 49°C - 50°C - 54°C - 52°C - 51°C - 50°C - 53°C - 55°C | Throttling: None - None - None - None - None - None - None - None
669 (735573 Gflops/s) - 666 (732274 Gflops/s) - 663 (728976 Gflops/s) - 669 (735573 Gflops/s) - 667 (733374 Gflops/s) - 660 (725677 Gflops/s) - 658 (723478 Gflops/s) - 662 (727876 Gflops/s) | Temperatures: 50°C - 51°C - 55°C - 53°C - 52°C - 51°C - 54°C - 56°C | Throttling: None - None - None - None - None - None - None - None
671 (737772 Gflops/s) - 670 (736672 Gflops/s) - 669 (735573 Gflops/s) - 672 (738871 Gflops/s) - 670 (736672 Gflops/s) - 663 (728976 Gflops/s) - 662 (727876 Gflops/s) - 668 (734473 Gflops/s) | Temperatures: 51°C - 51°C - 55°C - 54°C - 52°C - 51°C - 55°C - 57°C | Throttling: None - None - None - None - None - None - None - None
682 (749866 Gflops/s) - 680 (747667 Gflops/s) - 680 (747667 Gflops/s) - 683 (750966 Gflops/s) - 682 (749866 Gflops/s) - 675 (742170 Gflops/s) - 673 (739971 Gflops/s) - 678 (745468 Gflops/s) | Temperatures: 51°C - 52°C - 56°C - 54°C - 53°C - 52°C - 55°C - 57°C | Throttling: None - None - None - None - None - None - None - None
662 (727876 Gflops/s) - 661 (726777 Gflops/s) - 660 (725677 Gflops/s) - 663 (728976 Gflops/s) - 662 (727876 Gflops/s) - 653 (717981 Gflops/s) - 656 (721279 Gflops/s) - 659 (724578 Gflops/s) | Temperatures: 52°C - 52°C - 57°C - 55°C - 53°C - 52°C - 56°C - 58°C | Throttling: None - None - None - None - None - None - None - None
670 (736672 Gflops/s) - 669 (735573 Gflops/s) - 668 (734473 Gflops/s) - 672 (738871 Gflops/s) - 670 (736672 Gflops/s) - 662 (727876 Gflops/s) - 660 (725677 Gflops/s) - 667 (733374 Gflops/s) | Temperatures: 52°C - 53°C - 57°C - 55°C - 54°C - 53°C - 56°C - 58°C | Throttling: None - None - None - None - None - None - None - None
686 (754264 Gflops/s) - 687 (755364 Gflops/s) - 685 (753165 Gflops/s) - 689 (757563 Gflops/s) - 687 (755364 Gflops/s) - 677 (744369 Gflops/s) - 680 (747667 Gflops/s) - 682 (749866 Gflops/s) | Temperatures: 52°C - 53°C - 57°C - 55°C - 54°C - 53°C - 57°C - 59°C | Throttling: None - None - None - None - None - None - None - None
654 (719080 Gflops/s) - 654 (719080 Gflops/s) - 653 (717981 Gflops/s) - 657 (722379 Gflops/s) - 657 (722379 Gflops/s) - 645 (709184 Gflops/s) - 647 (711384 Gflops/s) - 651 (715782 Gflops/s) | Temperatures: 53°C - 54°C - 58°C - 56°C - 54°C - 53°C - 57°C - 59°C | Throttling: None - None - None - None - None - None - None - None
675 (742170 Gflops/s) - 674 (741070 Gflops/s) - 673 (739971 Gflops/s) - 678 (745468 Gflops/s) - 678 (745468 Gflops/s) - 666 (732274 Gflops/s) - 669 (735573 Gflops/s) - 672 (738871 Gflops/s) | Temperatures: 53°C - 54°C - 58°C - 56°C - 55°C - 54°C - 57°C - 59°C | Throttling: None - None - None - None - None - None - None - None
666 (732274 Gflops/s) - 666 (732274 Gflops/s) - 664 (730075 Gflops/s) - 668 (734473 Gflops/s) - 669 (735573 Gflops/s) - 657 (722379 Gflops/s) - 658 (723478 Gflops/s) - 662 (727876 Gflops/s) | Temperatures: 54°C - 54°C - 59°C - 57°C - 55°C - 54°C - 58°C - 60°C | Throttling: None - None - None - None - None - None - None - None
669 (735573 Gflops/s) - 671 (737772 Gflops/s) - 666 (732274 Gflops/s) - 672 (738871 Gflops/s) - 672 (738871 Gflops/s) - 661 (726777 Gflops/s) - 662 (727876 Gflops/s) - 665 (731175 Gflops/s) | Temperatures: 54°C - 55°C - 59°C - 57°C - 55°C - 54°C - 58°C - 60°C | Throttling: None - None - None - None - None - None - None - None
680 (747667 Gflops/s) - 681 (748767 Gflops/s) - 675 (742170 Gflops/s) - 681 (748767 Gflops/s) - 682 (749866 Gflops/s) - 667 (733374 Gflops/s) - 672 (738871 Gflops/s) - 674 (741070 Gflops/s) | Temperatures: 54°C - 55°C - 59°C - 57°C - 56°C - 54°C - 59°C - 61°C | Throttling: None - None - None - None - None - None - None - None
661 (726777 Gflops/s) - 663 (728976 Gflops/s) - 657 (722379 Gflops/s) - 664 (730075 Gflops/s) - 665 (731175 Gflops/s) - 651 (715782 Gflops/s) - 653 (717981 Gflops/s) - 656 (721279 Gflops/s) | Temperatures: 54°C - 55°C - 60°C - 58°C - 56°C - 55°C - 59°C - 61°C | Throttling: None - None - None - None - None - None - None - None
674 (741070 Gflops/s) - 680 (747667 Gflops/s) - 666 (732274 Gflops/s) - 671 (737772 Gflops/s) - 673 (739971 Gflops/s) - 659 (724578 Gflops/s) - 662 (727876 Gflops/s) - 665 (731175 Gflops/s) | Temperatures: 55°C - 55°C - 60°C - 58°C - 56°C - 55°C - 59°C - 61°C | Throttling: None - None - None - None - None - None - None - None
679 (746568 Gflops/s) - 680 (747667 Gflops/s) - 683 (750966 Gflops/s) - 688 (756463 Gflops/s) - 690 (758663 Gflops/s) - 674 (741070 Gflops/s) - 678 (745468 Gflops/s) - 681 (748767 Gflops/s) | Temperatures: 55°C - 56°C - 60°C - 59°C - 56°C - 55°C - 60°C - 62°C | Throttling: None - None - None - None - None - None - None - None
653 (717981 Gflops/s) - 657 (722379 Gflops/s) - 649 (713583 Gflops/s) - 655 (720180 Gflops/s) - 658 (723478 Gflops/s) - 642 (705886 Gflops/s) - 645 (709184 Gflops/s) - 648 (712483 Gflops/s) | Temperatures: 55°C - 56°C - 61°C - 59°C - 57°C - 55°C - 60°C - 62°C | Throttling: None - None - None - None - None - None - None - None
673 (739971 Gflops/s) - 677 (744369 Gflops/s) - 670 (736672 Gflops/s) - 676 (743269 Gflops/s) - 678 (745468 Gflops/s) - 661 (726777 Gflops/s) - 666 (732274 Gflops/s) - 669 (735573 Gflops/s) | Temperatures: 55°C - 56°C - 61°C - 59°C - 57°C - 55°C - 60°C - 62°C | Throttling: None - None - None - None - None - None - None - None
662 (727876 Gflops/s) - 667 (733374 Gflops/s) - 661 (726777 Gflops/s) - 667 (733374 Gflops/s) - 668 (734473 Gflops/s) - 653 (717981 Gflops/s) - 657 (722379 Gflops/s) - 660 (725677 Gflops/s) | Temperatures: 55°C - 56°C - 61°C - 59°C - 57°C - 56°C - 61°C - 63°C | Throttling: None - None - None - None - None - None - None - None
666 (732274 Gflops/s) - 672 (738871 Gflops/s) - 663 (728976 Gflops/s) - 670 (736672 Gflops/s) - 672 (738871 Gflops/s) - 657 (722379 Gflops/s) - 660 (725677 Gflops/s) - 663 (728976 Gflops/s) | Temperatures: 56°C - 57°C - 62°C - 60°C - 57°C - 56°C - 61°C - 63°C | Throttling: None - None - None - None - None - None - None - None
671 (737772 Gflops/s) - 676 (743269 Gflops/s) - 669 (735573 Gflops/s) - 674 (741070 Gflops/s) - 675 (742170 Gflops/s) - 662 (727876 Gflops/s) - 665 (731175 Gflops/s) - 668 (734473 Gflops/s) | Temperatures: 56°C - 57°C - 62°C - 60°C - 57°C - 56°C - 61°C - 63°C | Throttling: None - None - None - None - None - None - None - None
661 (726777 Gflops/s) - 667 (733374 Gflops/s) - 660 (725677 Gflops/s) - 666 (732274 Gflops/s) - 667 (733374 Gflops/s) - 652 (716881 Gflops/s) - 656 (721279 Gflops/s) - 659 (724578 Gflops/s) | Temperatures: 56°C - 57°C - 62°C - 61°C - 58°C - 56°C - 61°C - 63°C | Throttling: None - None - None - None - None - None - None - None
669 (735573 Gflops/s) - 672 (738871 Gflops/s) - 662 (727876 Gflops/s) - 671 (737772 Gflops/s) - 672 (738871 Gflops/s) - 661 (726777 Gflops/s) - 659 (724578 Gflops/s) - 663 (728976 Gflops/s) | Temperatures: 56°C - 57°C - 63°C - 61°C - 58°C - 57°C - 62°C - 64°C | Throttling: None - None - None - None - None - None - None - None
677 (744369 Gflops/s) - 687 (755364 Gflops/s) - 679 (746568 Gflops/s) - 703 (772956 Gflops/s) - 697 (766359 Gflops/s) - 676 (743269 Gflops/s) - 676 (743269 Gflops/s) - 679 (746568 Gflops/s) | Temperatures: 56°C - 57°C - 63°C - 61°C - 58°C - 57°C - 62°C - 64°C | Throttling: None - None - None - None - None - None - None - None
652 (716881 Gflops/s) - 656 (721279 Gflops/s) - 647 (711384 Gflops/s) - 637 (700388 Gflops/s) - 646 (710284 Gflops/s) - 646 (710284 Gflops/s) - 644 (708085 Gflops/s) - 648 (712483 Gflops/s) | Temperatures: 56°C - 57°C - 63°C - 61°C - 58°C - 57°C - 62°C - 64°C | Throttling: None - None - None - None - None - None - None - None
669 (735573 Gflops/s) - 676 (743269 Gflops/s) - 667 (733374 Gflops/s) - 675 (742170 Gflops/s) - 676 (743269 Gflops/s) - 666 (732274 Gflops/s) - 664 (730075 Gflops/s) - 668 (734473 Gflops/s) | Temperatures: 57°C - 57°C - 63°C - 62°C - 58°C - 57°C - 62°C - 65°C | Throttling: None - None - None - None - None - None - None - None
661 (726777 Gflops/s) - 667 (733374 Gflops/s) - 658 (723478 Gflops/s) - 664 (730075 Gflops/s) - 666 (732274 Gflops/s) - 656 (721279 Gflops/s) - 654 (719080 Gflops/s) - 658 (723478 Gflops/s) | Temperatures: 57°C - 58°C - 63°C - 62°C - 58°C - 57°C - 63°C - 65°C | Throttling: None - None - None - None - None - None - None - None
663 (728976 Gflops/s) - 670 (736672 Gflops/s) - 660 (725677 Gflops/s) - 668 (734473 Gflops/s) - 670 (736672 Gflops/s) - 658 (723478 Gflops/s) - 658 (723478 Gflops/s) - 661 (726777 Gflops/s) | Temperatures: 57°C - 58°C - 64°C - 62°C - 59°C - 57°C - 63°C - 65°C | Throttling: None - None - None - None - None - None - None - None
664 (730075 Gflops/s) - 671 (737772 Gflops/s) - 661 (726777 Gflops/s) - 668 (734473 Gflops/s) - 670 (736672 Gflops/s) - 660 (725677 Gflops/s) - 658 (723478 Gflops/s) - 661 (726777 Gflops/s) | Temperatures: 57°C - 58°C - 64°C - 62°C - 59°C - 57°C - 63°C - 65°C | Throttling: None - None - None - None - None - None - None - None
693 (761961 Gflops/s) - 699 (768558 Gflops/s) - 688 (756463 Gflops/s) - 697 (766359 Gflops/s) - 697 (766359 Gflops/s) - 686 (754264 Gflops/s) - 687 (755364 Gflops/s) - 694 (763061 Gflops/s) | Temperatures: 57°C - 58°C - 64°C - 63°C - 59°C - 57°C - 63°C - 65°C | Throttling: None - None - None - None - None - None - None - None
724 (796046 Gflops/s) - 732 (804842 Gflops/s) - 722 (793847 Gflops/s) - 729 (801543 Gflops/s) - 730 (802643 Gflops/s) - 719 (790548 Gflops/s) - 718 (789449 Gflops/s) - 718 (789449 Gflops/s) | Temperatures: 57°C - 58°C - 65°C - 63°C - 59°C - 58°C - 64°C - 66°C | Throttling: None - None - None - None - None - None - None - None
724 (796046 Gflops/s) - 731 (803742 Gflops/s) - 720 (791648 Gflops/s) - 728 (800444 Gflops/s) - 732 (804842 Gflops/s) - 719 (790548 Gflops/s) - 717 (788349 Gflops/s) - 723 (794946 Gflops/s) | Temperatures: 57°C - 58°C - 65°C - 63°C - 59°C - 58°C - 64°C - 66°C | Throttling: None - None - None - None - None - None - None - None
731 (803742 Gflops/s) - 732 (804842 Gflops/s) - 720 (791648 Gflops/s) - 729 (801543 Gflops/s) - 731 (803742 Gflops/s) - 720 (791648 Gflops/s) - 718 (789449 Gflops/s) - 723 (794946 Gflops/s) | Temperatures: 57°C - 58°C - 65°C - 63°C - 59°C - 58°C - 64°C - 66°C | Throttling: None - None - None - None - None - None - None - None
716 (787250 Gflops/s) - 732 (804842 Gflops/s) - 720 (791648 Gflops/s) - 729 (801543 Gflops/s) - 728 (800444 Gflops/s) - 718 (789449 Gflops/s) - 717 (788349 Gflops/s) - 720 (791648 Gflops/s) | Temperatures: 57°C - 58°C - 65°C - 64°C - 59°C - 58°C - 64°C - 66°C | Throttling: None - None - None - None - None - None - None - None
723 (794946 Gflops/s) - 731 (803742 Gflops/s) - 720 (791648 Gflops/s) - 728 (800444 Gflops/s) - 728 (800444 Gflops/s) - 719 (790548 Gflops/s) - 718 (789449 Gflops/s) - 722 (793847 Gflops/s) | Temperatures: 57°C - 58°C - 65°C - 64°C - 59°C - 58°C - 65°C - 67°C | Throttling: None - None - None - None - None - None - None - None
722 (793847 Gflops/s) - 731 (803742 Gflops/s) - 723 (794946 Gflops/s) - 730 (802643 Gflops/s) - 729 (801543 Gflops/s) - 718 (789449 Gflops/s) - 718 (789449 Gflops/s) - 720 (791648 Gflops/s) | Temperatures: 58°C - 59°C - 65°C - 64°C - 59°C - 58°C - 65°C - 67°C | Throttling: None - None - None - None - None - None - None - None
724 (796046 Gflops/s) - 732 (804842 Gflops/s) - 723 (794946 Gflops/s) - 727 (799344 Gflops/s) - 741 (814738 Gflops/s) - 718 (789449 Gflops/s) - 717 (788349 Gflops/s) - 722 (793847 Gflops/s) | Temperatures: 58°C - 59°C - 66°C - 64°C - 60°C - 58°C - 65°C - 67°C | Throttling: None - None - None - None - None - None - None - None
722 (793847 Gflops/s) - 730 (802643 Gflops/s) - 723 (794946 Gflops/s) - 727 (799344 Gflops/s) - 715 (786150 Gflops/s) - 719 (790548 Gflops/s) - 718 (789449 Gflops/s) - 721 (792747 Gflops/s) | Temperatures: 58°C - 59°C - 66°C - 64°C - 60°C - 58°C - 65°C - 67°C | Throttling: None - None - None - None - None - None - None - None
722 (793847 Gflops/s) - 731 (803742 Gflops/s) - 721 (792747 Gflops/s) - 728 (800444 Gflops/s) - 728 (800444 Gflops/s) - 717 (788349 Gflops/s) - 717 (788349 Gflops/s) - 719 (790548 Gflops/s) | Temperatures: 58°C - 59°C - 66°C - 64°C - 60°C - 58°C - 65°C - 67°C | Throttling: None - None - None - None - None - None - None - None
723 (794946 Gflops/s) - 730 (802643 Gflops/s) - 722 (793847 Gflops/s) - 726 (798245 Gflops/s) - 728 (800444 Gflops/s) - 718 (789449 Gflops/s) - 718 (789449 Gflops/s) - 719 (790548 Gflops/s) | Temperatures: 58°C - 59°C - 66°C - 64°C - 60°C - 59°C - 65°C - 67°C | Throttling: None - None - None - None - None - None - None - None
722 (793847 Gflops/s) - 731 (803742 Gflops/s) - 722 (793847 Gflops/s) - 727 (799344 Gflops/s) - 728 (800444 Gflops/s) - 718 (789449 Gflops/s) - 717 (788349 Gflops/s) - 719 (790548 Gflops/s) | Temperatures: 58°C - 59°C - 67°C - 65°C - 60°C - 59°C - 66°C - 68°C | Throttling: None - None - None - None - None - None - None - None
723 (794946 Gflops/s) - 730 (802643 Gflops/s) - 722 (793847 Gflops/s) - 729 (801543 Gflops/s) - 728 (800444 Gflops/s) - 718 (789449 Gflops/s) - 718 (789449 Gflops/s) - 719 (790548 Gflops/s) | Temperatures: 58°C - 59°C - 67°C - 65°C - 60°C - 59°C - 66°C - 68°C | Throttling: None - None - None - None - None - None - None - None
721 (792747 Gflops/s) - 730 (802643 Gflops/s) - 721 (792747 Gflops/s) - 728 (800444 Gflops/s) - 728 (800444 Gflops/s) - 718 (789449 Gflops/s) - 718 (789449 Gflops/s) - 719 (790548 Gflops/s) | Temperatures: 58°C - 59°C - 67°C - 65°C - 60°C - 59°C - 66°C - 68°C | Throttling: None - None - None - None - None - None - None - None
722 (793847 Gflops/s) - 731 (803742 Gflops/s) - 721 (792747 Gflops/s) - 729 (801543 Gflops/s) - 730 (802643 Gflops/s) - 717 (788349 Gflops/s) - 718 (789449 Gflops/s) - 718 (789449 Gflops/s) | Temperatures: 58°C - 59°C - 67°C - 65°C - 60°C - 59°C - 66°C - 68°C | Throttling: None - None - None - None - None - None - None - None
721 (792747 Gflops/s) - 730 (802643 Gflops/s) - 720 (791648 Gflops/s) - 728 (800444 Gflops/s) - 728 (800444 Gflops/s) - 718 (789449 Gflops/s) - 733 (805942 Gflops/s) - 718 (789449 Gflops/s) | Temperatures: 58°C - 59°C - 67°C - 65°C - 60°C - 59°C - 66°C - 69°C | Throttling: None - None - None - None - None - None - None - None
722 (793847 Gflops/s) - 730 (802643 Gflops/s) - 721 (792747 Gflops/s) - 728 (800444 Gflops/s) - 728 (800444 Gflops/s) - 717 (788349 Gflops/s) - 705 (775155 Gflops/s) - 718 (789449 Gflops/s) | Temperatures: 59°C - 60°C - 67°C - 66°C - 60°C - 59°C - 67°C - 69°C | Throttling: None - None - None - None - None - None - None - None
719 (790548 Gflops/s) - 728 (800444 Gflops/s) - 718 (789449 Gflops/s) - 727 (799344 Gflops/s) - 728 (800444 Gflops/s) - 716 (787250 Gflops/s) - 718 (789449 Gflops/s) - 717 (788349 Gflops/s) | Temperatures: 58°C - 60°C - 67°C - 66°C - 61°C - 59°C - 67°C - 69°C | Throttling: None - None - None - None - None - None - None - None
721 (792747 Gflops/s) - 730 (802643 Gflops/s) - 720 (791648 Gflops/s) - 728 (800444 Gflops/s) - 729 (801543 Gflops/s) - 717 (788349 Gflops/s) - 718 (789449 Gflops/s) - 719 (790548 Gflops/s) | Temperatures: 59°C - 60°C - 67°C - 66°C - 61°C - 59°C - 67°C - 69°C | Throttling: None - None - None - None - None - None - None - None
721 (792747 Gflops/s) - 730 (802643 Gflops/s) - 720 (791648 Gflops/s) - 727 (799344 Gflops/s) - 728 (800444 Gflops/s) - 717 (788349 Gflops/s) - 718 (789449 Gflops/s) - 715 (786150 Gflops/s) | Temperatures: 59°C - 60°C - 68°C - 66°C - 61°C - 59°C - 67°C - 69°C | Throttling: None - None - None - None - None - None - None - None
721 (792747 Gflops/s) - 729 (801543 Gflops/s) - 720 (791648 Gflops/s) - 728 (800444 Gflops/s) - 728 (800444 Gflops/s) - 716 (787250 Gflops/s) - 718 (789449 Gflops/s) - 717 (788349 Gflops/s) | Temperatures: 59°C - 60°C - 68°C - 66°C - 61°C - 59°C - 67°C - 69°C | Throttling: None - None - None - None - None - None - None - None
720 (791648 Gflops/s) - 730 (802643 Gflops/s) - 719 (790548 Gflops/s) - 727 (799344 Gflops/s) - 727 (799344 Gflops/s) - 717 (788349 Gflops/s) - 717 (788349 Gflops/s) - 716 (787250 Gflops/s) | Temperatures: 59°C - 60°C - 68°C - 66°C - 61°C - 59°C - 67°C - 69°C | Throttling: None - None - None - None - None - None - None - None
731 (803742 Gflops/s) - 730 (802643 Gflops/s) - 719 (790548 Gflops/s) - 728 (800444 Gflops/s) - 728 (800444 Gflops/s) - 716 (787250 Gflops/s) - 717 (788349 Gflops/s) - 717 (788349 Gflops/s) | Temperatures: 59°C - 60°C - 68°C - 66°C - 61°C - 59°C - 67°C - 70°C | Throttling: None - None - None - None - None - None - None - None
710 (780653 Gflops/s) - 729 (801543 Gflops/s) - 719 (790548 Gflops/s) - 727 (799344 Gflops/s) - 727 (799344 Gflops/s) - 717 (788349 Gflops/s) - 717 (788349 Gflops/s) - 716 (787250 Gflops/s) | Temperatures: 59°C - 60°C - 68°C - 67°C - 61°C - 59°C - 67°C - 70°C | Throttling: None - None - None - None - None - None - None - None
722 (793847 Gflops/s) - 728 (800444 Gflops/s) - 718 (789449 Gflops/s) - 727 (799344 Gflops/s) - 727 (799344 Gflops/s) - 715 (786150 Gflops/s) - 716 (787250 Gflops/s) - 715 (786150 Gflops/s) | Temperatures: 59°C - 60°C - 68°C - 67°C - 61°C - 59°C - 68°C - 70°C | Throttling: None - None - None - None - None - None - None - None
721 (792747 Gflops/s) - 730 (802643 Gflops/s) - 719 (790548 Gflops/s) - 727 (799344 Gflops/s) - 728 (800444 Gflops/s) - 717 (788349 Gflops/s) - 717 (788349 Gflops/s) - 716 (787250 Gflops/s) | Temperatures: 59°C - 60°C - 69°C - 67°C - 61°C - 60°C - 68°C - 70°C | Throttling: None - None - None - None - None - None - None - None
720 (791648 Gflops/s) - 728 (800444 Gflops/s) - 718 (789449 Gflops/s) - 727 (799344 Gflops/s) - 728 (800444 Gflops/s) - 716 (787250 Gflops/s) - 716 (787250 Gflops/s) - 715 (786150 Gflops/s) | Temperatures: 59°C - 60°C - 69°C - 67°C - 61°C - 60°C - 68°C - 70°C | Throttling: None - None - None - None - None - None - None - None
720 (791648 Gflops/s) - 728 (800444 Gflops/s) - 718 (789449 Gflops/s) - 726 (798245 Gflops/s) - 727 (799344 Gflops/s) - 716 (787250 Gflops/s) - 716 (787250 Gflops/s) - 715 (786150 Gflops/s) | Temperatures: 59°C - 60°C - 69°C - 67°C - 61°C - 60°C - 68°C - 70°C | Throttling: None - None - None - None - None - None - None - None
720 (791648 Gflops/s) - 729 (801543 Gflops/s) - 718 (789449 Gflops/s) - 727 (799344 Gflops/s) - 728 (800444 Gflops/s) - 716 (787250 Gflops/s) - 716 (787250 Gflops/s) - 716 (787250 Gflops/s) | Temperatures: 59°C - 60°C - 69°C - 67°C - 61°C - 60°C - 68°C - 70°C | Throttling: None - None - None - None - None - None - None - None
720 (791648 Gflops/s) - 730 (802643 Gflops/s) - 718 (789449 Gflops/s) - 727 (799344 Gflops/s) - 728 (800444 Gflops/s) - 715 (786150 Gflops/s) - 715 (786150 Gflops/s) - 715 (786150 Gflops/s) | Temperatures: 59°C - 60°C - 69°C - 67°C - 61°C - 60°C - 68°C - 70°C | Throttling: None - None - None - None - None - None - None - None
721 (792747 Gflops/s) - 737 (810340 Gflops/s) - 717 (788349 Gflops/s) - 726 (798245 Gflops/s) - 727 (799344 Gflops/s) - 716 (787250 Gflops/s) - 715 (786150 Gflops/s) - 715 (786150 Gflops/s) | Temperatures: 59°C - 60°C - 69°C - 67°C - 61°C - 60°C - 68°C - 71°C | Throttling: None - None - None - None - None - None - None - None
719 (790548 Gflops/s) - 720 (791648 Gflops/s) - 717 (788349 Gflops/s) - 726 (798245 Gflops/s) - 726 (798245 Gflops/s) - 717 (788349 Gflops/s) - 716 (787250 Gflops/s) - 715 (786150 Gflops/s) | Temperatures: 59°C - 60°C - 69°C - 67°C - 61°C - 60°C - 68°C - 71°C | Throttling: None - None - None - None - None - None - None - None
719 (790548 Gflops/s) - 728 (800444 Gflops/s) - 717 (788349 Gflops/s) - 725 (797145 Gflops/s) - 726 (798245 Gflops/s) - 716 (787250 Gflops/s) - 714 (785051 Gflops/s) - 715 (786150 Gflops/s) | Temperatures: 59°C - 60°C - 69°C - 68°C - 62°C - 60°C - 68°C - 71°C | Throttling: None - None - None - None - None - None - None - None
678 (745468 Gflops/s) - 687 (755364 Gflops/s) - 676 (743269 Gflops/s) - 685 (753165 Gflops/s) - 687 (755364 Gflops/s) - 676 (743269 Gflops/s) - 675 (742170 Gflops/s) - 674 (741070 Gflops/s) | Temperatures: 59°C - 60°C - 70°C - 68°C - 62°C - 60°C - 69°C - 71°C | Throttling: None - None - None - None - None - None - None - None
676 (743269 Gflops/s) - 684 (752065 Gflops/s) - 672 (738871 Gflops/s) - 681 (748767 Gflops/s) - 682 (749866 Gflops/s) - 672 (738871 Gflops/s) - 672 (738871 Gflops/s) - 670 (736672 Gflops/s) | Temperatures: 59°C - 61°C - 70°C - 68°C - 62°C - 60°C - 69°C - 71°C | Throttling: None - None - None - None - None - None - None - None
642 (705886 Gflops/s) - 651 (715782 Gflops/s) - 641 (704786 Gflops/s) - 649 (713583 Gflops/s) - 651 (715782 Gflops/s) - 641 (704786 Gflops/s) - 639 (702587 Gflops/s) - 640 (703687 Gflops/s) | Temperatures: 59°C - 61°C - 70°C - 68°C - 62°C - 60°C - 69°C - 71°C | Throttling: None - None - None - None - None - None - None - None
718 (789449 Gflops/s) - 712 (782852 Gflops/s) - 700 (769658 Gflops/s) - 709 (779553 Gflops/s) - 711 (781752 Gflops/s) - 700 (769658 Gflops/s) - 699 (768558 Gflops/s) - 699 (768558 Gflops/s) | Temperatures: 60°C - 61°C - 70°C - 68°C - 62°C - 60°C - 69°C - 71°C | Throttling: None - None - None - None - None - None - None - None
692 (760862 Gflops/s) - 713 (783951 Gflops/s) - 702 (771857 Gflops/s) - 712 (782852 Gflops/s) - 712 (782852 Gflops/s) - 702 (771857 Gflops/s) - 700 (769658 Gflops/s) - 700 (769658 Gflops/s) | Temperatures: 60°C - 61°C - 70°C - 68°C - 62°C - 60°C - 69°C - 71°C | Throttling: None - None - None - None - None - None - None - None
705 (775155 Gflops/s) - 713 (783951 Gflops/s) - 702 (771857 Gflops/s) - 711 (781752 Gflops/s) - 711 (781752 Gflops/s) - 703 (772956 Gflops/s) - 702 (771857 Gflops/s) - 700 (769658 Gflops/s) | Temperatures: 60°C - 61°C - 70°C - 68°C - 62°C - 60°C - 69°C - 71°C | Throttling: None - None - None - None - None - None - None - None
705 (775155 Gflops/s) - 714 (785051 Gflops/s) - 702 (771857 Gflops/s) - 710 (780653 Gflops/s) - 712 (782852 Gflops/s) - 701 (770757 Gflops/s) - 699 (768558 Gflops/s) - 699 (768558 Gflops/s) | Temperatures: 60°C - 61°C - 70°C - 68°C - 62°C - 60°C - 69°C - 71°C | Throttling: None - None - None - None - None - None - None - None
705 (775155 Gflops/s) - 714 (785051 Gflops/s) - 702 (771857 Gflops/s) - 711 (781752 Gflops/s) - 713 (783951 Gflops/s) - 703 (772956 Gflops/s) - 700 (769658 Gflops/s) - 699 (768558 Gflops/s) | Temperatures: 60°C - 60°C - 70°C - 68°C - 62°C - 60°C - 69°C - 71°C | Throttling: None - None - None - None - None - None - None - None
705 (775155 Gflops/s) - 712 (782852 Gflops/s) - 702 (771857 Gflops/s) - 710 (780653 Gflops/s) - 712 (782852 Gflops/s) - 702 (771857 Gflops/s) - 700 (769658 Gflops/s) - 700 (769658 Gflops/s) | Temperatures: 60°C - 61°C - 70°C - 69°C - 62°C - 60°C - 69°C - 72°C | Throttling: None - None - None - None - None - None - None - None
707 (777354 Gflops/s) - 715 (786150 Gflops/s) - 703 (772956 Gflops/s) - 723 (794946 Gflops/s) - 712 (782852 Gflops/s) - 703 (772956 Gflops/s) - 701 (770757 Gflops/s) - 700 (769658 Gflops/s) | Temperatures: 60°C - 61°C - 70°C - 69°C - 62°C - 60°C - 69°C - 72°C | Throttling: None - None - None - None - None - None - None - None
730 (802643 Gflops/s) - 739 (812539 Gflops/s) - 728 (800444 Gflops/s) - 725 (797145 Gflops/s) - 739 (812539 Gflops/s) - 728 (800444 Gflops/s) - 727 (799344 Gflops/s) - 725 (797145 Gflops/s) | Temperatures: 60°C - 61°C - 70°C - 69°C - 62°C - 60°C - 69°C - 72°C | Throttling: None - None - None - None - None - None - None - None
732 (804842 Gflops/s) - 740 (813638 Gflops/s) - 728 (800444 Gflops/s) - 738 (811439 Gflops/s) - 747 (821335 Gflops/s) - 729 (801543 Gflops/s) - 726 (798245 Gflops/s) - 727 (799344 Gflops/s) | Temperatures: 60°C - 61°C - 70°C - 69°C - 62°C - 60°C - 69°C - 72°C | Throttling: None - None - None - None - None - None - None - None
731 (803742 Gflops/s) - 740 (813638 Gflops/s) - 727 (799344 Gflops/s) - 736 (809240 Gflops/s) - 730 (802643 Gflops/s) - 728 (800444 Gflops/s) - 726 (798245 Gflops/s) - 724 (796046 Gflops/s) | Temperatures: 60°C - 61°C - 70°C - 69°C - 62°C - 60°C - 69°C - 72°C | Throttling: None - None - None - None - None - None - None - None
731 (803742 Gflops/s) - 748 (822434 Gflops/s) - 727 (799344 Gflops/s) - 736 (809240 Gflops/s) - 740 (813638 Gflops/s) - 728 (800444 Gflops/s) - 726 (798245 Gflops/s) - 737 (810340 Gflops/s) | Temperatures: 60°C - 61°C - 71°C - 69°C - 62°C - 60°C - 70°C - 72°C | Throttling: None - None - None - None - None - None - None - None
731 (803742 Gflops/s) - 730 (802643 Gflops/s) - 727 (799344 Gflops/s) - 736 (809240 Gflops/s) - 738 (811439 Gflops/s) - 728 (800444 Gflops/s) - 725 (797145 Gflops/s) - 712 (782852 Gflops/s) | Temperatures: 60°C - 61°C - 71°C - 69°C - 62°C - 60°C - 70°C - 72°C | Throttling: None - None - None - None - None - None - None - None
731 (803742 Gflops/s) - 739 (812539 Gflops/s) - 727 (799344 Gflops/s) - 736 (809240 Gflops/s) - 738 (811439 Gflops/s) - 728 (800444 Gflops/s) - 727 (799344 Gflops/s) - 725 (797145 Gflops/s) | Temperatures: 60°C - 61°C - 71°C - 69°C - 62°C - 60°C - 70°C - 72°C | Throttling: None - None - None - None - None - None - None - None
731 (803742 Gflops/s) - 737 (810340 Gflops/s) - 730 (802643 Gflops/s) - 736 (809240 Gflops/s) - 738 (811439 Gflops/s) - 727 (799344 Gflops/s) - 725 (797145 Gflops/s) - 724 (796046 Gflops/s) | Temperatures: 60°C - 61°C - 71°C - 69°C - 62°C - 60°C - 70°C - 72°C | Throttling: None - None - None - None - None - None - None - None
730 (802643 Gflops/s) - 738 (811439 Gflops/s) - 723 (794946 Gflops/s) - 735 (808141 Gflops/s) - 736 (809240 Gflops/s) - 729 (801543 Gflops/s) - 725 (797145 Gflops/s) - 724 (796046 Gflops/s) | Temperatures: 60°C - 61°C - 71°C - 69°C - 62°C - 60°C - 70°C - 72°C | Throttling: None - None - None - None - None - None - None - None
732 (804842 Gflops/s) - 739 (812539 Gflops/s) - 727 (799344 Gflops/s) - 736 (809240 Gflops/s) - 738 (811439 Gflops/s) - 727 (799344 Gflops/s) - 726 (798245 Gflops/s) - 724 (796046 Gflops/s) | Temperatures: 60°C - 61°C - 71°C - 69°C - 63°C - 61°C - 70°C - 72°C | Throttling: None - None - None - None - None - None - None - None
730 (802643 Gflops/s) - 738 (811439 Gflops/s) - 726 (798245 Gflops/s) - 735 (808141 Gflops/s) - 737 (810340 Gflops/s) - 728 (800444 Gflops/s) - 725 (797145 Gflops/s) - 724 (796046 Gflops/s) | Temperatures: 60°C - 61°C - 71°C - 69°C - 63°C - 61°C - 70°C - 73°C | Throttling: None - None - None - None - None - None - None - None
730 (802643 Gflops/s) - 740 (813638 Gflops/s) - 725 (797145 Gflops/s) - 735 (808141 Gflops/s) - 739 (812539 Gflops/s) - 727 (799344 Gflops/s) - 726 (798245 Gflops/s) - 725 (797145 Gflops/s) | Temperatures: 60°C - 61°C - 71°C - 69°C - 63°C - 60°C - 70°C - 73°C | Throttling: None - None - None - None - None - None - None - None
731 (803742 Gflops/s) - 739 (812539 Gflops/s) - 726 (798245 Gflops/s) - 735 (808141 Gflops/s) - 738 (811439 Gflops/s) - 728 (800444 Gflops/s) - 725 (797145 Gflops/s) - 724 (796046 Gflops/s) | Temperatures: 60°C - 61°C - 71°C - 70°C - 63°C - 61°C - 70°C - 73°C | Throttling: None - None - None - None - None - None - None - None
730 (802643 Gflops/s) - 738 (811439 Gflops/s) - 725 (797145 Gflops/s) - 735 (808141 Gflops/s) - 738 (811439 Gflops/s) - 727 (799344 Gflops/s) - 725 (797145 Gflops/s) - 723 (794946 Gflops/s) | Temperatures: 60°C - 61°C - 71°C - 70°C - 63°C - 61°C - 70°C - 73°C | Throttling: None - None - None - None - None - None - None - None
730 (802643 Gflops/s) - 739 (812539 Gflops/s) - 727 (799344 Gflops/s) - 735 (808141 Gflops/s) - 737 (810340 Gflops/s) - 727 (799344 Gflops/s) - 726 (798245 Gflops/s) - 724 (796046 Gflops/s) | Temperatures: 60°C - 61°C - 71°C - 70°C - 63°C - 61°C - 70°C - 73°C | Throttling: None - None - None - None - None - None - None - None
731 (803742 Gflops/s) - 738 (811439 Gflops/s) - 725 (797145 Gflops/s) - 735 (808141 Gflops/s) - 738 (811439 Gflops/s) - 727 (799344 Gflops/s) - 725 (797145 Gflops/s) - 724 (796046 Gflops/s) | Temperatures: 60°C - 61°C - 71°C - 70°C - 63°C - 60°C - 70°C - 73°C | Throttling: None - None - None - None - None - None - None - None
731 (803742 Gflops/s) - 738 (811439 Gflops/s) - 725 (797145 Gflops/s) - 735 (808141 Gflops/s) - 739 (812539 Gflops/s) - 728 (800444 Gflops/s) - 724 (796046 Gflops/s) - 724 (796046 Gflops/s) | Temperatures: 60°C - 61°C - 71°C - 70°C - 63°C - 61°C - 70°C - 73°C | Throttling: None - None - None - None - None - None - None - None
730 (802643 Gflops/s) - 739 (812539 Gflops/s) - 726 (798245 Gflops/s) - 735 (808141 Gflops/s) - 738 (811439 Gflops/s) - 727 (799344 Gflops/s) - 725 (797145 Gflops/s) - 723 (794946 Gflops/s) | Temperatures: 60°C - 61°C - 71°C - 70°C - 63°C - 60°C - 70°C - 73°C | Throttling: None - None - None - None - None - None - None - None
730 (802643 Gflops/s) - 739 (812539 Gflops/s) - 725 (797145 Gflops/s) - 735 (808141 Gflops/s) - 737 (810340 Gflops/s) - 727 (799344 Gflops/s) - 726 (798245 Gflops/s) - 723 (794946 Gflops/s) | Temperatures: 60°C - 61°C - 71°C - 69°C - 63°C - 60°C - 70°C - 73°C | Throttling: None - None - None - None - None - None - None - None
731 (803742 Gflops/s) - 738 (811439 Gflops/s) - 726 (798245 Gflops/s) - 735 (808141 Gflops/s) - 737 (810340 Gflops/s) - 728 (800444 Gflops/s) - 724 (796046 Gflops/s) - 723 (794946 Gflops/s) | Temperatures: 60°C - 61°C - 71°C - 69°C - 63°C - 60°C - 70°C - 73°C | Throttling: None - None - None - None - None - None - None - None
731 (803742 Gflops/s) - 738 (811439 Gflops/s) - 726 (798245 Gflops/s) - 735 (808141 Gflops/s) - 738 (811439 Gflops/s) - 727 (799344 Gflops/s) - 725 (797145 Gflops/s) - 723 (794946 Gflops/s) | Temperatures: 60°C - 61°C - 71°C - 69°C - 63°C - 60°C - 70°C - 73°C | Throttling: None - None - None - None - None - None - None - None
730 (802643 Gflops/s) - 739 (812539 Gflops/s) - 725 (797145 Gflops/s) - 735 (808141 Gflops/s) - 737 (810340 Gflops/s) - 728 (800444 Gflops/s) - 725 (797145 Gflops/s) - 723 (794946 Gflops/s) | Temperatures: 60°C - 61°C - 71°C - 69°C - 63°C - 60°C - 70°C - 73°C | Throttling: None - None - None - None - None - None - None - None
731 (803742 Gflops/s) - 738 (811439 Gflops/s) - 725 (797145 Gflops/s) - 734 (807041 Gflops/s) - 736 (809240 Gflops/s) - 728 (800444 Gflops/s) - 725 (797145 Gflops/s) - 724 (796046 Gflops/s) | Temperatures: 60°C - 61°C - 71°C - 69°C - 63°C - 60°C - 70°C - 73°C | Throttling: None - None - None - None - None - None - None - None
674 (741070 Gflops/s) - 682 (749866 Gflops/s) - 670 (736672 Gflops/s) - 678 (745468 Gflops/s) - 680 (747667 Gflops/s) - 671 (737772 Gflops/s) - 669 (735573 Gflops/s) - 667 (733374 Gflops/s) | Temperatures: 60°C - 61°C - 71°C - 69°C - 63°C - 60°C - 70°C - 73°C | Throttling: None - None - None - None - None - None - None - None
673 (739971 Gflops/s) - 682 (749866 Gflops/s) - 670 (736672 Gflops/s) - 680 (747667 Gflops/s) - 681 (748767 Gflops/s) - 672 (738871 Gflops/s) - 669 (735573 Gflops/s) - 668 (734473 Gflops/s) | Temperatures: 60°C - 61°C - 71°C - 69°C - 63°C - 60°C - 70°C - 73°C | Throttling: None - None - None - None - None - None - None - None
646 (710284 Gflops/s) - 652 (716881 Gflops/s) - 640 (703687 Gflops/s) - 647 (711384 Gflops/s) - 656 (721279 Gflops/s) - 643 (706985 Gflops/s) - 641 (704786 Gflops/s) - 639 (702587 Gflops/s) | Temperatures: 60°C - 61°C - 71°C - 69°C - 63°C - 60°C - 70°C - 73°C | Throttling: None - None - None - None - None - None - None - None
663 (728976 Gflops/s) - 671 (737772 Gflops/s) - 658 (723478 Gflops/s) - 668 (734473 Gflops/s) - 663 (728976 Gflops/s) - 660 (725677 Gflops/s) - 657 (722379 Gflops/s) - 656 (721279 Gflops/s) | Temperatures: 60°C - 61°C - 71°C - 69°C - 63°C - 60°C - 70°C - 73°C | Throttling: None - None - None - None - None - None - None - None
672 (738871 Gflops/s) - 663 (728976 Gflops/s) - 652 (716881 Gflops/s) - 659 (724578 Gflops/s) - 662 (727876 Gflops/s) - 653 (717981 Gflops/s) - 652 (716881 Gflops/s) - 649 (713583 Gflops/s) | Temperatures: 60°C - 61°C - 71°C - 69°C - 63°C - 60°C - 70°C - 73°C | Throttling: None - None - None - None - None - None - None - None
642 (705886 Gflops/s) - 665 (731175 Gflops/s) - 654 (719080 Gflops/s) - 663 (728976 Gflops/s) - 665 (731175 Gflops/s) - 657 (722379 Gflops/s) - 654 (719080 Gflops/s) - 653 (717981 Gflops/s) | Temperatures: 60°C - 61°C - 71°C - 69°C - 63°C - 60°C - 70°C - 73°C | Throttling: None - None - None - None - None - None - None - None
669 (735573 Gflops/s) - 676 (743269 Gflops/s) - 664 (730075 Gflops/s) - 673 (739971 Gflops/s) - 676 (743269 Gflops/s) - 667 (733374 Gflops/s) - 667 (733374 Gflops/s) - 661 (726777 Gflops/s) | Temperatures: 60°C - 61°C - 71°C - 69°C - 63°C - 60°C - 70°C - 73°C | Throttling: None - None - None - None - None - None - None - None
650 (714682 Gflops/s) - 658 (723478 Gflops/s) - 646 (710284 Gflops/s) - 655 (720180 Gflops/s) - 657 (722379 Gflops/s) - 648 (712483 Gflops/s) - 641 (704786 Gflops/s) - 644 (708085 Gflops/s) | Temperatures: 59°C - 61°C - 71°C - 69°C - 62°C - 60°C - 70°C - 73°C | Throttling: None - None - None - None - None - None - None - None
660 (725677 Gflops/s) - 667 (733374 Gflops/s) - 655 (720180 Gflops/s) - 663 (728976 Gflops/s) - 666 (732274 Gflops/s) - 656 (721279 Gflops/s) - 655 (720180 Gflops/s) - 652 (716881 Gflops/s) | Temperatures: 59°C - 61°C - 71°C - 69°C - 63°C - 60°C - 70°C - 73°C | Throttling: None - None - None - None - None - None - None - None
673 (739971 Gflops/s) - 682 (749866 Gflops/s) - 669 (735573 Gflops/s) - 678 (745468 Gflops/s) - 680 (747667 Gflops/s) - 671 (737772 Gflops/s) - 669 (735573 Gflops/s) - 667 (733374 Gflops/s) | Temperatures: 59°C - 61°C - 71°C - 69°C - 63°C - 60°C - 70°C - 73°C | Throttling: None - None - None - None - None - None - None - None
645 (709184 Gflops/s) - 652 (716881 Gflops/s) - 639 (702587 Gflops/s) - 648 (712483 Gflops/s) - 665 (731175 Gflops/s) - 642 (705886 Gflops/s) - 640 (703687 Gflops/s) - 638 (701488 Gflops/s) | Temperatures: 59°C - 61°C - 71°C - 69°C - 63°C - 60°C - 70°C - 73°C | Throttling: None - None - None - None - None - None - None - None
665 (731175 Gflops/s) - 671 (737772 Gflops/s) - 659 (724578 Gflops/s) - 667 (733374 Gflops/s) - 656 (721279 Gflops/s) - 661 (726777 Gflops/s) - 658 (723478 Gflops/s) - 657 (722379 Gflops/s) | Temperatures: 60°C - 61°C - 71°C - 69°C - 62°C - 60°C - 70°C - 73°C | Throttling: None - None - None - None - None - None - None - None
655 (720180 Gflops/s) - 663 (728976 Gflops/s) - 651 (715782 Gflops/s) - 660 (725677 Gflops/s) - 661 (726777 Gflops/s) - 654 (719080 Gflops/s) - 651 (715782 Gflops/s) - 650 (714682 Gflops/s) | Temperatures: 59°C - 61°C - 71°C - 69°C - 63°C - 60°C - 70°C - 73°C | Throttling: None - None - None - None - None - None - None - None
660 (725677 Gflops/s) - 667 (733374 Gflops/s) - 654 (719080 Gflops/s) - 662 (727876 Gflops/s) - 664 (730075 Gflops/s) - 656 (721279 Gflops/s) - 658 (723478 Gflops/s) - 651 (715782 Gflops/s) | Temperatures: 59°C - 61°C - 71°C - 69°C - 63°C - 60°C - 70°C - 73°C | Throttling: None - None - None - None - None - None - None - None
668 (734473 Gflops/s) - 676 (743269 Gflops/s) - 664 (730075 Gflops/s) - 673 (739971 Gflops/s) - 674 (741070 Gflops/s) - 666 (732274 Gflops/s) - 660 (725677 Gflops/s) - 662 (727876 Gflops/s) | Temperatures: 59°C - 61°C - 71°C - 69°C - 63°C - 60°C - 70°C - 73°C | Throttling: None - None - None - None - None - None - None - None
650 (714682 Gflops/s) - 659 (724578 Gflops/s) - 646 (710284 Gflops/s) - 654 (719080 Gflops/s) - 656 (721279 Gflops/s) - 648 (712483 Gflops/s) - 646 (710284 Gflops/s) - 644 (708085 Gflops/s) | Temperatures: 59°C - 61°C - 71°C - 69°C - 63°C - 60°C - 70°C - 73°C | Throttling: None - None - None - None - None - None - None - None
659 (724578 Gflops/s) - 667 (733374 Gflops/s) - 654 (719080 Gflops/s) - 662 (727876 Gflops/s) - 664 (730075 Gflops/s) - 657 (722379 Gflops/s) - 655 (720180 Gflops/s) - 652 (716881 Gflops/s) | Temperatures: 59°C - 61°C - 71°C - 69°C - 63°C - 60°C - 70°C - 73°C | Throttling: None - None - None - None - None - None - None - None
673 (739971 Gflops/s) - 681 (748767 Gflops/s) - 669 (735573 Gflops/s) - 679 (746568 Gflops/s) - 679 (746568 Gflops/s) - 671 (737772 Gflops/s) - 669 (735573 Gflops/s) - 667 (733374 Gflops/s) | Temperatures: 59°C - 61°C - 71°C - 69°C - 63°C - 60°C - 70°C - 73°C | Throttling: None - None - None - None - None - None - None - None
645 (709184 Gflops/s) - 652 (716881 Gflops/s) - 640 (703687 Gflops/s) - 649 (713583 Gflops/s) - 650 (714682 Gflops/s) - 643 (706985 Gflops/s) - 640 (703687 Gflops/s) - 638 (701488 Gflops/s) | Temperatures: 60°C - 61°C - 71°C - 69°C - 63°C - 60°C - 70°C - 73°C | Throttling: None - None - None - None - None - None - None - None
663 (728976 Gflops/s) - 671 (737772 Gflops/s) - 658 (723478 Gflops/s) - 666 (732274 Gflops/s) - 668 (734473 Gflops/s) - 660 (725677 Gflops/s) - 658 (723478 Gflops/s) - 656 (721279 Gflops/s) | Temperatures: 59°C - 61°C - 71°C - 69°C - 63°C - 60°C - 70°C - 73°C | Throttling: None - None - None - None - None - None - None - None
656 (721279 Gflops/s) - 665 (731175 Gflops/s) - 652 (716881 Gflops/s) - 660 (725677 Gflops/s) - 661 (726777 Gflops/s) - 654 (719080 Gflops/s) - 651 (715782 Gflops/s) - 650 (714682 Gflops/s) | Temperatures: 59°C - 61°C - 71°C - 69°C - 63°C - 60°C - 70°C - 73°C | Throttling: None - None - None - None - None - None - None - None
659 (724578 Gflops/s) - 666 (732274 Gflops/s) - 654 (719080 Gflops/s) - 663 (728976 Gflops/s) - 664 (730075 Gflops/s) - 660 (725677 Gflops/s) - 655 (720180 Gflops/s) - 652 (716881 Gflops/s) | Temperatures: 59°C - 61°C - 71°C - 69°C - 63°C - 60°C - 70°C - 73°C | Throttling: None - None - None - None - None - None - None - None
669 (735573 Gflops/s) - 676 (743269 Gflops/s) - 664 (730075 Gflops/s) - 672 (738871 Gflops/s) - 674 (741070 Gflops/s) - 663 (728976 Gflops/s) - 664 (730075 Gflops/s) - 662 (727876 Gflops/s) | Temperatures: 60°C - 61°C - 71°C - 69°C - 63°C - 60°C - 70°C - 73°C | Throttling: None - None - None - None - None - None - None - None
651 (715782 Gflops/s) - 657 (722379 Gflops/s) - 645 (709184 Gflops/s) - 653 (717981 Gflops/s) - 655 (720180 Gflops/s) - 647 (711384 Gflops/s) - 644 (708085 Gflops/s) - 643 (706985 Gflops/s) | Temperatures: 60°C - 61°C - 71°C - 69°C - 63°C - 60°C - 70°C - 73°C | Throttling: None - None - None - None - None - None - None - None
659 (724578 Gflops/s) - 669 (735573 Gflops/s) - 655 (720180 Gflops/s) - 666 (732274 Gflops/s) - 665 (731175 Gflops/s) - 656 (721279 Gflops/s) - 654 (719080 Gflops/s) - 653 (717981 Gflops/s) | Temperatures: 59°C - 61°C - 71°C - 69°C - 63°C - 60°C - 70°C - 73°C | Throttling: None - None - None - None - None - None - None - None
682 (749866 Gflops/s) - 690 (758663 Gflops/s) - 676 (743269 Gflops/s) - 682 (749866 Gflops/s) - 686 (754264 Gflops/s) - 678 (745468 Gflops/s) - 676 (743269 Gflops/s) - 674 (741070 Gflops/s) | Temperatures: 60°C - 61°C - 71°C - 69°C - 63°C - 60°C - 70°C - 73°C | Throttling: None - None - None - None - None - None - None - None
704 (774056 Gflops/s) - 712 (782852 Gflops/s) - 699 (768558 Gflops/s) - 707 (777354 Gflops/s) - 709 (779553 Gflops/s) - 701 (770757 Gflops/s) - 699 (768558 Gflops/s) - 696 (765260 Gflops/s) | Temperatures: 59°C - 61°C - 71°C - 69°C - 63°C - 60°C - 70°C - 73°C | Throttling: None - None - None - None - None - None - None - None
705 (775155 Gflops/s) - 712 (782852 Gflops/s) - 699 (768558 Gflops/s) - 709 (779553 Gflops/s) - 710 (780653 Gflops/s) - 702 (771857 Gflops/s) - 699 (768558 Gflops/s) - 697 (766359 Gflops/s) | Temperatures: 60°C - 61°C - 71°C - 69°C - 63°C - 60°C - 70°C - 73°C | Throttling: None - None - None - None - None - None - None - None
705 (775155 Gflops/s) - 713 (783951 Gflops/s) - 699 (768558 Gflops/s) - 708 (778454 Gflops/s) - 710 (780653 Gflops/s) - 702 (771857 Gflops/s) - 699 (768558 Gflops/s) - 698 (767459 Gflops/s) | Temperatures: 60°C - 61°C - 71°C - 69°C - 63°C - 60°C - 70°C - 73°C | Throttling: None - None - None - None - None - None - None - None
705 (775155 Gflops/s) - 727 (799344 Gflops/s) - 698 (767459 Gflops/s) - 708 (778454 Gflops/s) - 709 (779553 Gflops/s) - 702 (771857 Gflops/s) - 699 (768558 Gflops/s) - 696 (765260 Gflops/s) | Temperatures: 60°C - 61°C - 71°C - 69°C - 63°C - 60°C - 70°C - 73°C | Throttling: None - None - None - None - None - None - None - None
704 (774056 Gflops/s) - 696 (765260 Gflops/s) - 699 (768558 Gflops/s) - 708 (778454 Gflops/s) - 709 (779553 Gflops/s) - 701 (770757 Gflops/s) - 698 (767459 Gflops/s) - 698 (767459 Gflops/s) | Temperatures: 60°C - 61°C - 71°C - 69°C - 63°C - 60°C - 70°C - 73°C | Throttling: None - None - None - None - None - None - None - None
704 (774056 Gflops/s) - 712 (782852 Gflops/s) - 699 (768558 Gflops/s) - 707 (777354 Gflops/s) - 709 (779553 Gflops/s) - 706 (776255 Gflops/s) - 699 (768558 Gflops/s) - 697 (766359 Gflops/s) | Temperatures: 60°C - 61°C - 71°C - 69°C - 63°C - 60°C - 70°C - 73°C | Throttling: None - None - None - None - None - None - None - None
704 (774056 Gflops/s) - 711 (781752 Gflops/s) - 699 (768558 Gflops/s) - 708 (778454 Gflops/s) - 709 (779553 Gflops/s) - 697 (766359 Gflops/s) - 699 (768558 Gflops/s) - 697 (766359 Gflops/s) | Temperatures: 60°C - 61°C - 71°C - 69°C - 63°C - 60°C - 70°C - 73°C | Throttling: None - None - None - None - None - None - None - None
706 (776255 Gflops/s) - 712 (782852 Gflops/s) - 700 (769658 Gflops/s) - 708 (778454 Gflops/s) - 710 (780653 Gflops/s) - 701 (770757 Gflops/s) - 699 (768558 Gflops/s) - 697 (766359 Gflops/s) | Temperatures: 60°C - 61°C - 71°C - 69°C - 63°C - 60°C - 70°C - 73°C | Throttling: None - None - None - None - None - None - None - None
703 (772956 Gflops/s) - 711 (781752 Gflops/s) - 698 (767459 Gflops/s) - 708 (778454 Gflops/s) - 709 (779553 Gflops/s) - 701 (770757 Gflops/s) - 698 (767459 Gflops/s) - 696 (765260 Gflops/s) | Temperatures: 59°C - 61°C - 71°C - 69°C - 63°C - 60°C - 70°C - 73°C | Throttling: None - None - None - None - None - None - None - None
705 (775155 Gflops/s) - 712 (782852 Gflops/s) - 699 (768558 Gflops/s) - 708 (778454 Gflops/s) - 709 (779553 Gflops/s) - 701 (770757 Gflops/s) - 700 (769658 Gflops/s) - 698 (767459 Gflops/s) | Temperatures: 60°C - 61°C - 71°C - 69°C - 63°C - 60°C - 70°C - 73°C | Throttling: None - None - None - None - None - None - None - None
703 (772956 Gflops/s) - 711 (781752 Gflops/s) - 698 (767459 Gflops/s) - 709 (779553 Gflops/s) - 709 (779553 Gflops/s) - 700 (769658 Gflops/s) - 698 (767459 Gflops/s) - 696 (765260 Gflops/s) | Temperatures: 60°C - 61°C - 71°C - 69°C - 63°C - 60°C - 70°C - 73°C | Throttling: None - None - None - None - None - None - None - None
704 (774056 Gflops/s) - 713 (783951 Gflops/s) - 700 (769658 Gflops/s) - 708 (778454 Gflops/s) - 709 (779553 Gflops/s) - 701 (770757 Gflops/s) - 699 (768558 Gflops/s) - 698 (767459 Gflops/s) | Temperatures: 59°C - 61°C - 71°C - 69°C - 63°C - 60°C - 70°C - 73°C | Throttling: None - None - None - None - None - None - None - None
704 (774056 Gflops/s) - 711 (781752 Gflops/s) - 699 (768558 Gflops/s) - 708 (778454 Gflops/s) - 710 (780653 Gflops/s) - 701 (770757 Gflops/s) - 699 (768558 Gflops/s) - 697 (766359 Gflops/s) | Temperatures: 59°C - 61°C - 71°C - 69°C - 63°C - 60°C - 70°C - 73°C | Throttling: None - None - None - None - None - None - None - None
703 (772956 Gflops/s) - 712 (782852 Gflops/s) - 699 (768558 Gflops/s) - 707 (777354 Gflops/s) - 709 (779553 Gflops/s) - 701 (770757 Gflops/s) - 698 (767459 Gflops/s) - 697 (766359 Gflops/s) | Temperatures: 60°C - 61°C - 71°C - 69°C - 63°C - 60°C - 70°C - 73°C | Throttling: None - None - None - None - None - None - None - None
705 (775155 Gflops/s) - 712 (782852 Gflops/s) - 699 (768558 Gflops/s) - 708 (778454 Gflops/s) - 710 (780653 Gflops/s) - 701 (770757 Gflops/s) - 700 (769658 Gflops/s) - 697 (766359 Gflops/s) | Temperatures: 60°C - 61°C - 71°C - 69°C - 63°C - 60°C - 70°C - 73°C | Throttling: None - None - None - None - None - None - None - None
703 (772956 Gflops/s) - 712 (782852 Gflops/s) - 698 (767459 Gflops/s) - 708 (778454 Gflops/s) - 719 (790548 Gflops/s) - 700 (769658 Gflops/s) - 698 (767459 Gflops/s) - 697 (766359 Gflops/s) | Temperatures: 60°C - 61°C - 71°C - 69°C - 63°C - 60°C - 70°C - 73°C | Throttling: None - None - None - None - None - None - None - None
708 (778454 Gflops/s) - 713 (783951 Gflops/s) - 702 (771857 Gflops/s) - 710 (780653 Gflops/s) - 702 (771857 Gflops/s) - 704 (774056 Gflops/s) - 701 (770757 Gflops/s) - 700 (769658 Gflops/s) | Temperatures: 60°C - 61°C - 71°C - 69°C - 63°C - 60°C - 70°C - 73°C | Throttling: None - None - None - None - None - None - None - None
711 (781752 Gflops/s) - 718 (789449 Gflops/s) - 705 (775155 Gflops/s) - 714 (785051 Gflops/s) - 716 (787250 Gflops/s) - 706 (776255 Gflops/s) - 706 (776255 Gflops/s) - 703 (772956 Gflops/s) | Temperatures: 60°C - 61°C - 71°C - 69°C - 63°C - 60°C - 70°C - 73°C | Throttling: None - None - None - None - None - None - None - None
709 (779553 Gflops/s) - 718 (789449 Gflops/s) - 705 (775155 Gflops/s) - 713 (783951 Gflops/s) - 715 (786150 Gflops/s) - 707 (777354 Gflops/s) - 703 (772956 Gflops/s) - 703 (772956 Gflops/s) | Temperatures: 60°C - 61°C - 71°C - 69°C - 63°C - 60°C - 70°C - 73°C | Throttling: None - None - None - None - None - None - None - None
711 (781752 Gflops/s) - 718 (789449 Gflops/s) - 704 (774056 Gflops/s) - 714 (785051 Gflops/s) - 715 (786150 Gflops/s) - 707 (777354 Gflops/s) - 705 (775155 Gflops/s) - 703 (772956 Gflops/s) | Temperatures: 60°C - 61°C - 71°C - 69°C - 63°C - 60°C - 70°C - 73°C | Throttling: None - None - None - None - None - None - None - None
710 (780653 Gflops/s) - 718 (789449 Gflops/s) - 704 (774056 Gflops/s) - 713 (783951 Gflops/s) - 715 (786150 Gflops/s) - 707 (777354 Gflops/s) - 705 (775155 Gflops/s) - 703 (772956 Gflops/s) | Temperatures: 60°C - 61°C - 71°C - 69°C - 63°C - 60°C - 70°C - 73°C | Throttling: None - None - None - None - None - None - None - None
711 (781752 Gflops/s) - 717 (788349 Gflops/s) - 705 (775155 Gflops/s) - 715 (786150 Gflops/s) - 716 (787250 Gflops/s) - 708 (778454 Gflops/s) - 704 (774056 Gflops/s) - 702 (771857 Gflops/s) | Temperatures: 60°C - 61°C - 71°C - 69°C - 63°C - 60°C - 70°C - 73°C | Throttling: None - None - None - None - None - None - None - None
710 (780653 Gflops/s) - 718 (789449 Gflops/s) - 704 (774056 Gflops/s) - 714 (785051 Gflops/s) - 714 (785051 Gflops/s) - 707 (777354 Gflops/s) - 704 (774056 Gflops/s) - 703 (772956 Gflops/s) | Temperatures: 60°C - 61°C - 71°C - 69°C - 63°C - 60°C - 70°C - 73°C | Throttling: None - None - None - None - None - None - None - None
710 (780653 Gflops/s) - 718 (789449 Gflops/s) - 705 (775155 Gflops/s) - 714 (785051 Gflops/s) - 715 (786150 Gflops/s) - 706 (776255 Gflops/s) - 705 (775155 Gflops/s) - 703 (772956 Gflops/s) | Temperatures: 60°C - 61°C - 71°C - 69°C - 63°C - 60°C - 70°C - 73°C | Throttling: None - None - None - None - None - None - None - None
711 (781752 Gflops/s) - 717 (788349 Gflops/s) - 704 (774056 Gflops/s) - 714 (785051 Gflops/s) - 715 (786150 Gflops/s) - 707 (777354 Gflops/s) - 705 (775155 Gflops/s) - 702 (771857 Gflops/s) | Temperatures: 60°C - 61°C - 71°C - 69°C - 63°C - 60°C - 70°C - 74°C | Throttling: None - None - None - None - None - None - None - None
710 (780653 Gflops/s) - 718 (789449 Gflops/s) - 705 (775155 Gflops/s) - 714 (785051 Gflops/s) - 715 (786150 Gflops/s) - 707 (777354 Gflops/s) - 705 (775155 Gflops/s) - 703 (772956 Gflops/s) | Temperatures: 60°C - 61°C - 72°C - 70°C - 63°C - 60°C - 70°C - 73°C | Throttling: None - None - None - None - None - None - None - None
709 (779553 Gflops/s) - 717 (788349 Gflops/s) - 704 (774056 Gflops/s) - 713 (783951 Gflops/s) - 714 (785051 Gflops/s) - 707 (777354 Gflops/s) - 704 (774056 Gflops/s) - 702 (771857 Gflops/s) | Temperatures: 60°C - 61°C - 71°C - 69°C - 63°C - 60°C - 70°C - 73°C | Throttling: None - None - None - None - None - None - None - None
710 (780653 Gflops/s) - 718 (789449 Gflops/s) - 704 (774056 Gflops/s) - 717 (788349 Gflops/s) - 714 (785051 Gflops/s) - 706 (776255 Gflops/s) - 704 (774056 Gflops/s) - 702 (771857 Gflops/s) | Temperatures: 60°C - 61°C - 71°C - 69°C - 63°C - 60°C - 70°C - 74°C | Throttling: None - None - None - None - None - None - None - None
711 (781752 Gflops/s) - 718 (789449 Gflops/s) - 705 (775155 Gflops/s) - 710 (780653 Gflops/s) - 716 (787250 Gflops/s) - 707 (777354 Gflops/s) - 705 (775155 Gflops/s) - 703 (772956 Gflops/s) | Temperatures: 60°C - 61°C - 71°C - 69°C - 63°C - 60°C - 70°C - 73°C | Throttling: None - None - None - None - None - None - None - None
709 (779553 Gflops/s) - 717 (788349 Gflops/s) - 704 (774056 Gflops/s) - 715 (786150 Gflops/s) - 715 (786150 Gflops/s) - 707 (777354 Gflops/s) - 704 (774056 Gflops/s) - 702 (771857 Gflops/s) | Temperatures: 60°C - 61°C - 71°C - 70°C - 63°C - 60°C - 70°C - 73°C | Throttling: None - None - None - None - None - None - None - None
710 (780653 Gflops/s) - 717 (788349 Gflops/s) - 704 (774056 Gflops/s) - 714 (785051 Gflops/s) - 713 (783951 Gflops/s) - 707 (777354 Gflops/s) - 703 (772956 Gflops/s) - 702 (771857 Gflops/s) | Temperatures: 60°C - 61°C - 72°C - 69°C - 63°C - 60°C - 70°C - 74°C | Throttling: None - None - None - None - None - None - None - None
709 (779553 Gflops/s) - 717 (788349 Gflops/s) - 704 (774056 Gflops/s) - 713 (783951 Gflops/s) - 720 (791648 Gflops/s) - 707 (777354 Gflops/s) - 705 (775155 Gflops/s) - 702 (771857 Gflops/s) | Temperatures: 60°C - 61°C - 71°C - 70°C - 63°C - 60°C - 70°C - 74°C | Throttling: None - None - None - None - None - None - None - None
711 (781752 Gflops/s) - 717 (788349 Gflops/s) - 705 (775155 Gflops/s) - 714 (785051 Gflops/s) - 711 (781752 Gflops/s) - 707 (777354 Gflops/s) - 704 (774056 Gflops/s) - 703 (772956 Gflops/s) | Temperatures: 60°C - 61°C - 71°C - 70°C - 63°C - 60°C - 70°C - 74°C | Throttling: None - None - None - None - None - None - None - None
709 (779553 Gflops/s) - 717 (788349 Gflops/s) - 721 (792747 Gflops/s) - 714 (785051 Gflops/s) - 714 (785051 Gflops/s) - 707 (777354 Gflops/s) - 705 (775155 Gflops/s) - 702 (771857 Gflops/s) | Temperatures: 60°C - 61°C - 72°C - 69°C - 63°C - 60°C - 70°C - 74°C | Throttling: None - None - None - None - None - None - None - None
710 (780653 Gflops/s) - 717 (788349 Gflops/s) - 687 (755364 Gflops/s) - 713 (783951 Gflops/s) - 715 (786150 Gflops/s) - 706 (776255 Gflops/s) - 704 (774056 Gflops/s) - 702 (771857 Gflops/s) | Temperatures: 60°C - 61°C - 71°C - 69°C - 63°C - 60°C - 71°C - 74°C | Throttling: None - None - None - None - None - None - None - None
711 (781752 Gflops/s) - 718 (789449 Gflops/s) - 704 (774056 Gflops/s) - 713 (783951 Gflops/s) - 714 (785051 Gflops/s) - 707 (777354 Gflops/s) - 705 (775155 Gflops/s) - 702 (771857 Gflops/s) | Temperatures: 60°C - 61°C - 72°C - 70°C - 63°C - 60°C - 71°C - 74°C | Throttling: None - None - None - None - None - None - None - None
710 (780653 Gflops/s) - 718 (789449 Gflops/s) - 704 (774056 Gflops/s) - 714 (785051 Gflops/s) - 714 (785051 Gflops/s) - 707 (777354 Gflops/s) - 704 (774056 Gflops/s) - 703 (772956 Gflops/s) | Temperatures: 60°C - 61°C - 72°C - 70°C - 63°C - 61°C - 71°C - 74°C | Throttling: None - None - None - None - None - None - None - None
710 (780653 Gflops/s) - 716 (787250 Gflops/s) - 704 (774056 Gflops/s) - 713 (783951 Gflops/s) - 715 (786150 Gflops/s) - 706 (776255 Gflops/s) - 705 (775155 Gflops/s) - 702 (771857 Gflops/s) | Temperatures: 60°C - 61°C - 72°C - 70°C - 63°C - 60°C - 70°C - 74°C | Throttling: None - None - None - None - None - None - None - None
709 (779553 Gflops/s) - 718 (789449 Gflops/s) - 704 (774056 Gflops/s) - 713 (783951 Gflops/s) - 714 (785051 Gflops/s) - 707 (777354 Gflops/s) - 704 (774056 Gflops/s) - 702 (771857 Gflops/s) | Temperatures: 60°C - 61°C - 72°C - 69°C - 63°C - 60°C - 70°C - 74°C | Throttling: None - None - None - None - None - None - None - None
711 (781752 Gflops/s) - 717 (788349 Gflops/s) - 704 (774056 Gflops/s) - 714 (785051 Gflops/s) - 715 (786150 Gflops/s) - 706 (776255 Gflops/s) - 704 (774056 Gflops/s) - 702 (771857 Gflops/s) | Temperatures: 60°C - 61°C - 72°C - 70°C - 63°C - 60°C - 70°C - 74°C | Throttling: None - None - None - None - None - None - None - None
710 (780653 Gflops/s) - 718 (789449 Gflops/s) - 704 (774056 Gflops/s) - 713 (783951 Gflops/s) - 714 (785051 Gflops/s) - 707 (777354 Gflops/s) - 705 (775155 Gflops/s) - 702 (771857 Gflops/s) | Temperatures: 60°C - 61°C - 72°C - 70°C - 63°C - 60°C - 70°C - 74°C | Throttling: None - None - None - None - None - None - None - None
710 (780653 Gflops/s) - 718 (789449 Gflops/s) - 703 (772956 Gflops/s) - 714 (785051 Gflops/s) - 714 (785051 Gflops/s) - 706 (776255 Gflops/s) - 705 (775155 Gflops/s) - 705 (775155 Gflops/s) | Temperatures: 60°C - 61°C - 72°C - 69°C - 63°C - 60°C - 70°C - 74°C | Throttling: None - None - None - None - None - None - None - None
709 (779553 Gflops/s) - 718 (789449 Gflops/s) - 704 (774056 Gflops/s) - 714 (785051 Gflops/s) - 714 (785051 Gflops/s) - 706 (776255 Gflops/s) - 704 (774056 Gflops/s) - 699 (768558 Gflops/s) | Temperatures: 60°C - 62°C - 72°C - 70°C - 63°C - 61°C - 70°C - 74°C | Throttling: None - None - None - None - None - None - None - None
709 (779553 Gflops/s) - 718 (789449 Gflops/s) - 704 (774056 Gflops/s) - 729 (801543 Gflops/s) - 715 (786150 Gflops/s) - 706 (776255 Gflops/s) - 705 (775155 Gflops/s) - 702 (771857 Gflops/s) | Temperatures: 60°C - 62°C - 72°C - 69°C - 63°C - 60°C - 70°C - 74°C | Throttling: None - None - None - None - None - None - None - None
722 (793847 Gflops/s) - 718 (789449 Gflops/s) - 704 (774056 Gflops/s) - 700 (769658 Gflops/s) - 715 (786150 Gflops/s) - 707 (777354 Gflops/s) - 705 (775155 Gflops/s) - 702 (771857 Gflops/s) | Temperatures: 60°C - 62°C - 72°C - 70°C - 63°C - 61°C - 71°C - 74°C | Throttling: None - None - None - None - None - None - None - None
698 (767459 Gflops/s) - 717 (788349 Gflops/s) - 704 (774056 Gflops/s) - 714 (785051 Gflops/s) - 714 (785051 Gflops/s) - 706 (776255 Gflops/s) - 705 (775155 Gflops/s) - 702 (771857 Gflops/s) | Temperatures: 60°C - 62°C - 72°C - 70°C - 63°C - 60°C - 71°C - 74°C | Throttling: None - None - None - None - None - None - None - None
709 (779553 Gflops/s) - 718 (789449 Gflops/s) - 714 (785051 Gflops/s) - 714 (785051 Gflops/s) - 714 (785051 Gflops/s) - 706 (776255 Gflops/s) - 703 (772956 Gflops/s) - 702 (771857 Gflops/s) | Temperatures: 60°C - 61°C - 72°C - 70°C - 63°C - 60°C - 71°C - 74°C | Throttling: None - None - None - None - None - None - None - None
711 (781752 Gflops/s) - 718 (789449 Gflops/s) - 693 (761961 Gflops/s) - 714 (785051 Gflops/s) - 718 (789449 Gflops/s) - 707 (777354 Gflops/s) - 704 (774056 Gflops/s) - 702 (771857 Gflops/s) | Temperatures: 60°C - 62°C - 72°C - 70°C - 63°C - 60°C - 70°C - 74°C | Throttling: None - None - None - None - None - None - None - None
709 (779553 Gflops/s) - 718 (789449 Gflops/s) - 705 (775155 Gflops/s) - 714 (785051 Gflops/s) - 711 (781752 Gflops/s) - 706 (776255 Gflops/s) - 704 (774056 Gflops/s) - 702 (771857 Gflops/s) | Temperatures: 60°C - 62°C - 72°C - 70°C - 63°C - 60°C - 70°C - 74°C | Throttling: None - None - None - None - None - None - None - None
710 (780653 Gflops/s) - 717 (788349 Gflops/s) - 704 (774056 Gflops/s) - 714 (785051 Gflops/s) - 715 (786150 Gflops/s) - 707 (777354 Gflops/s) - 704 (774056 Gflops/s) - 702 (771857 Gflops/s) | Temperatures: 60°C - 62°C - 72°C - 70°C - 63°C - 61°C - 71°C - 74°C | Throttling: None - None - None - None - None - None - None - None
709 (779553 Gflops/s) - 716 (787250 Gflops/s) - 703 (772956 Gflops/s) - 713 (783951 Gflops/s) - 714 (785051 Gflops/s) - 706 (776255 Gflops/s) - 704 (774056 Gflops/s) - 702 (771857 Gflops/s) | Temperatures: 60°C - 62°C - 72°C - 70°C - 64°C - 60°C - 71°C - 74°C | Throttling: None - None - None - None - None - None - None - None
709 (779553 Gflops/s) - 717 (788349 Gflops/s) - 704 (774056 Gflops/s) - 715 (786150 Gflops/s) - 714 (785051 Gflops/s) - 706 (776255 Gflops/s) - 704 (774056 Gflops/s) - 702 (771857 Gflops/s) | Temperatures: 60°C - 62°C - 72°C - 70°C - 63°C - 61°C - 71°C - 74°C | Throttling: None - None - None - None - None - None - None - None
711 (781752 Gflops/s) - 719 (790548 Gflops/s) - 704 (774056 Gflops/s) - 713 (783951 Gflops/s) - 714 (785051 Gflops/s) - 707 (777354 Gflops/s) - 705 (775155 Gflops/s) - 702 (771857 Gflops/s) | Temperatures: 60°C - 62°C - 72°C - 70°C - 63°C - 61°C - 71°C - 74°C | Throttling: None - None - None - None - None - None - None - None
709 (779553 Gflops/s) - 717 (788349 Gflops/s) - 703 (772956 Gflops/s) - 714 (785051 Gflops/s) - 714 (785051 Gflops/s) - 706 (776255 Gflops/s) - 704 (774056 Gflops/s) - 702 (771857 Gflops/s) | Temperatures: 60°C - 62°C - 72°C - 70°C - 64°C - 60°C - 70°C - 74°C | Throttling: None - None - None - None - None - None - None - None
710 (780653 Gflops/s) - 717 (788349 Gflops/s) - 704 (774056 Gflops/s) - 713 (783951 Gflops/s) - 714 (785051 Gflops/s) - 705 (775155 Gflops/s) - 704 (774056 Gflops/s) - 701 (770757 Gflops/s) | Temperatures: 60°C - 62°C - 72°C - 70°C - 63°C - 60°C - 71°C - 74°C | Throttling: None - None - None - None - None - None - None - None
710 (780653 Gflops/s) - 717 (788349 Gflops/s) - 703 (772956 Gflops/s) - 714 (785051 Gflops/s) - 714 (785051 Gflops/s) - 706 (776255 Gflops/s) - 704 (774056 Gflops/s) - 702 (771857 Gflops/s) | Temperatures: 60°C - 62°C - 72°C - 70°C - 64°C - 61°C - 71°C - 74°C | Throttling: None - None - None - None - None - None - None - None
710 (780653 Gflops/s) - 717 (788349 Gflops/s) - 704 (774056 Gflops/s) - 712 (782852 Gflops/s) - 715 (786150 Gflops/s) - 706 (776255 Gflops/s) - 705 (775155 Gflops/s) - 702 (771857 Gflops/s) | Temperatures: 60°C - 62°C - 72°C - 70°C - 64°C - 60°C - 71°C - 74°C | Throttling: None - None - None - None - None - None - None - None
709 (779553 Gflops/s) - 717 (788349 Gflops/s) - 704 (774056 Gflops/s) - 713 (783951 Gflops/s) - 714 (785051 Gflops/s) - 707 (777354 Gflops/s) - 703 (772956 Gflops/s) - 702 (771857 Gflops/s) | Temperatures: 60°C - 62°C - 72°C - 70°C - 64°C - 61°C - 71°C - 74°C | Throttling: None - None - None - None - None - None - None - None
710 (780653 Gflops/s) - 716 (787250 Gflops/s) - 703 (772956 Gflops/s) - 713 (783951 Gflops/s) - 714 (785051 Gflops/s) - 706 (776255 Gflops/s) - 704 (774056 Gflops/s) - 702 (771857 Gflops/s) | Temperatures: 60°C - 62°C - 72°C - 70°C - 63°C - 61°C - 71°C - 74°C | Throttling: None - None - None - None - None - None - None - None
709 (779553 Gflops/s) - 717 (788349 Gflops/s) - 710 (780653 Gflops/s) - 713 (783951 Gflops/s) - 714 (785051 Gflops/s) - 717 (788349 Gflops/s) - 705 (775155 Gflops/s) - 702 (771857 Gflops/s) | Temperatures: 60°C - 62°C - 72°C - 70°C - 63°C - 60°C - 71°C - 74°C | Throttling: None - None - None - None - None - None - None - None
709 (779553 Gflops/s) - 717 (788349 Gflops/s) - 698 (767459 Gflops/s) - 713 (783951 Gflops/s) - 714 (785051 Gflops/s) - 696 (765260 Gflops/s) - 703 (772956 Gflops/s) - 702 (771857 Gflops/s) | Temperatures: 60°C - 61°C - 72°C - 70°C - 63°C - 60°C - 70°C - 74°C | Throttling: None - None - None - None - None - None - None - None
709 (779553 Gflops/s) - 718 (789449 Gflops/s) - 704 (774056 Gflops/s) - 713 (783951 Gflops/s) - 713 (783951 Gflops/s) - 706 (776255 Gflops/s) - 704 (774056 Gflops/s) - 702 (771857 Gflops/s) | Temperatures: 60°C - 62°C - 72°C - 70°C - 64°C - 61°C - 71°C - 74°C | Throttling: None - None - None - None - None - None - None - None
709 (779553 Gflops/s) - 717 (788349 Gflops/s) - 703 (772956 Gflops/s) - 714 (785051 Gflops/s) - 715 (786150 Gflops/s) - 707 (777354 Gflops/s) - 703 (772956 Gflops/s) - 702 (771857 Gflops/s) | Temperatures: 60°C - 62°C - 72°C - 70°C - 64°C - 61°C - 71°C - 74°C | Throttling: None - None - None - None - None - None - None - None
710 (780653 Gflops/s) - 716 (787250 Gflops/s) - 703 (772956 Gflops/s) - 713 (783951 Gflops/s) - 721 (792747 Gflops/s) - 706 (776255 Gflops/s) - 705 (775155 Gflops/s) - 702 (771857 Gflops/s) | Temperatures: 60°C - 62°C - 72°C - 70°C - 64°C - 61°C - 71°C - 74°C | Throttling: None - None - None - None - None - None - None - None
710 (780653 Gflops/s) - 717 (788349 Gflops/s) - 703 (772956 Gflops/s) - 712 (782852 Gflops/s) - 706 (776255 Gflops/s) - 706 (776255 Gflops/s) - 704 (774056 Gflops/s) - 701 (770757 Gflops/s) | Temperatures: 60°C - 62°C - 72°C - 70°C - 64°C - 61°C - 71°C - 74°C | Throttling: None - None - None - None - None - None - None - None
709 (779553 Gflops/s) - 717 (788349 Gflops/s) - 702 (771857 Gflops/s) - 713 (783951 Gflops/s) - 714 (785051 Gflops/s) - 707 (777354 Gflops/s) - 704 (774056 Gflops/s) - 702 (771857 Gflops/s) | Temperatures: 60°C - 62°C - 72°C - 70°C - 63°C - 61°C - 71°C - 74°C | Throttling: None - None - None - None - None - None - None - None
710 (780653 Gflops/s) - 717 (788349 Gflops/s) - 704 (774056 Gflops/s) - 715 (786150 Gflops/s) - 714 (785051 Gflops/s) - 706 (776255 Gflops/s) - 704 (774056 Gflops/s) - 703 (772956 Gflops/s) | Temperatures: 60°C - 62°C - 72°C - 70°C - 63°C - 61°C - 71°C - 74°C | Throttling: None - None - None - None - None - None - None - None
710 (780653 Gflops/s) - 716 (787250 Gflops/s) - 703 (772956 Gflops/s) - 713 (783951 Gflops/s) - 714 (785051 Gflops/s) - 706 (776255 Gflops/s) - 704 (774056 Gflops/s) - 702 (771857 Gflops/s) | Temperatures: 60°C - 62°C - 72°C - 70°C - 63°C - 61°C - 71°C - 74°C | Throttling: None - None - None - None - None - None - None - None
709 (779553 Gflops/s) - 716 (787250 Gflops/s) - 703 (772956 Gflops/s) - 712 (782852 Gflops/s) - 713 (783951 Gflops/s) - 706 (776255 Gflops/s) - 715 (786150 Gflops/s) - 702 (771857 Gflops/s) | Temperatures: 60°C - 62°C - 72°C - 70°C - 64°C - 61°C - 71°C - 74°C | Throttling: None - None - None - None - None - None - None - None
710 (780653 Gflops/s) - 717 (788349 Gflops/s) - 703 (772956 Gflops/s) - 714 (785051 Gflops/s) - 716 (787250 Gflops/s) - 707 (777354 Gflops/s) - 692 (760862 Gflops/s) - 702 (771857 Gflops/s) | Temperatures: 60°C - 62°C - 72°C - 70°C - 64°C - 61°C - 71°C - 74°C | Throttling: None - None - None - None - None - None - None - None
711 (781752 Gflops/s) - 717 (788349 Gflops/s) - 703 (772956 Gflops/s) - 714 (785051 Gflops/s) - 713 (783951 Gflops/s) - 706 (776255 Gflops/s) - 704 (774056 Gflops/s) - 702 (771857 Gflops/s) | Temperatures: 60°C - 62°C - 72°C - 70°C - 64°C - 61°C - 71°C - 74°C | Throttling: None - None - None - None - None - None - None - None
709 (779553 Gflops/s) - 718 (789449 Gflops/s) - 705 (775155 Gflops/s) - 713 (783951 Gflops/s) - 714 (785051 Gflops/s) - 705 (775155 Gflops/s) - 704 (774056 Gflops/s) - 702 (771857 Gflops/s) | Temperatures: 60°C - 62°C - 72°C - 70°C - 64°C - 61°C - 71°C - 74°C | Throttling: None - None - None - None - None - None - None - None
709 (779553 Gflops/s) - 715 (786150 Gflops/s) - 710 (780653 Gflops/s) - 713 (783951 Gflops/s) - 714 (785051 Gflops/s) - 706 (776255 Gflops/s) - 703 (772956 Gflops/s) - 701 (770757 Gflops/s) | Temperatures: 60°C - 62°C - 72°C - 70°C - 64°C - 61°C - 71°C - 74°C | Throttling: None - None - None - None - None - None - None - None
717 (788349 Gflops/s) - 717 (788349 Gflops/s) - 698 (767459 Gflops/s) - 714 (785051 Gflops/s) - 713 (783951 Gflops/s) - 706 (776255 Gflops/s) - 703 (772956 Gflops/s) - 702 (771857 Gflops/s) | Temperatures: 60°C - 62°C - 72°C - 70°C - 64°C - 61°C - 71°C - 74°C | Throttling: None - None - None - None - None - None - None - None
703 (772956 Gflops/s) - 717 (788349 Gflops/s) - 704 (774056 Gflops/s) - 714 (785051 Gflops/s) - 714 (785051 Gflops/s) - 707 (777354 Gflops/s) - 704 (774056 Gflops/s) - 702 (771857 Gflops/s) | Temperatures: 60°C - 62°C - 72°C - 70°C - 64°C - 61°C - 71°C - 74°C | Throttling: None - None - None - None - None - None - None - None
709 (779553 Gflops/s) - 717 (788349 Gflops/s) - 703 (772956 Gflops/s) - 714 (785051 Gflops/s) - 714 (785051 Gflops/s) - 707 (777354 Gflops/s) - 703 (772956 Gflops/s) - 702 (771857 Gflops/s) | Temperatures: 60°C - 62°C - 72°C - 70°C - 64°C - 61°C - 71°C - 74°C | Throttling: None - None - None - None - None - None - None - None
709 (779553 Gflops/s) - 715 (786150 Gflops/s) - 703 (772956 Gflops/s) - 713 (783951 Gflops/s) - 714 (785051 Gflops/s) - 705 (775155 Gflops/s) - 703 (772956 Gflops/s) - 701 (770757 Gflops/s) | Temperatures: 60°C - 62°C - 72°C - 70°C - 64°C - 61°C - 71°C - 74°C | Throttling: None - None - None - None - None - None - None - None
710 (780653 Gflops/s) - 718 (789449 Gflops/s) - 704 (774056 Gflops/s) - 713 (783951 Gflops/s) - 714 (785051 Gflops/s) - 707 (777354 Gflops/s) - 705 (775155 Gflops/s) - 703 (772956 Gflops/s) | Temperatures: 60°C - 62°C - 72°C - 70°C - 64°C - 61°C - 71°C - 74°C | Throttling: None - None - None - None - None - None - None - None
711 (781752 Gflops/s) - 717 (788349 Gflops/s) - 704 (774056 Gflops/s) - 713 (783951 Gflops/s) - 714 (785051 Gflops/s) - 706 (776255 Gflops/s) - 704 (774056 Gflops/s) - 702 (771857 Gflops/s) | Temperatures: 60°C - 62°C - 72°C - 70°C - 64°C - 61°C - 71°C - 74°C | Throttling: None - None - None - None - None - None - None - None
710 (780653 Gflops/s) - 717 (788349 Gflops/s) - 703 (772956 Gflops/s) - 714 (785051 Gflops/s) - 729 (801543 Gflops/s) - 706 (776255 Gflops/s) - 704 (774056 Gflops/s) - 702 (771857 Gflops/s) | Temperatures: 60°C - 62°C - 72°C - 70°C - 64°C - 61°C - 71°C - 74°C | Throttling: None - None - None - None - None - None - None - None
709 (779553 Gflops/s) - 716 (787250 Gflops/s) - 703 (772956 Gflops/s) - 712 (782852 Gflops/s) - 698 (767459 Gflops/s) - 705 (775155 Gflops/s) - 703 (772956 Gflops/s) - 701 (770757 Gflops/s) | Temperatures: 60°C - 62°C - 72°C - 70°C - 64°C - 61°C - 71°C - 74°C | Throttling: None - None - None - None - None - None - None - None
710 (780653 Gflops/s) - 716 (787250 Gflops/s) - 704 (774056 Gflops/s) - 713 (783951 Gflops/s) - 714 (785051 Gflops/s) - 706 (776255 Gflops/s) - 712 (782852 Gflops/s) - 702 (771857 Gflops/s) | Temperatures: 60°C - 62°C - 72°C - 70°C - 64°C - 61°C - 71°C - 74°C | Throttling: None - None - None - None - None - None - None - None
704 (774056 Gflops/s) - 712 (782852 Gflops/s) - 698 (767459 Gflops/s) - 707 (777354 Gflops/s) - 709 (779553 Gflops/s) - 701 (770757 Gflops/s) - 691 (759762 Gflops/s) - 697 (766359 Gflops/s) | Temperatures: 60°C - 62°C - 72°C - 70°C - 64°C - 61°C - 71°C - 74°C | Throttling: None - None - None - None - None - None - None - None
704 (774056 Gflops/s) - 710 (780653 Gflops/s) - 697 (766359 Gflops/s) - 708 (778454 Gflops/s) - 708 (778454 Gflops/s) - 700 (769658 Gflops/s) - 698 (767459 Gflops/s) - 696 (765260 Gflops/s) | Temperatures: 60°C - 62°C - 72°C - 70°C - 64°C - 61°C - 71°C - 74°C | Throttling: None - None - None - None - None - None - None - None
703 (772956 Gflops/s) - 711 (781752 Gflops/s) - 698 (767459 Gflops/s) - 707 (777354 Gflops/s) - 708 (778454 Gflops/s) - 700 (769658 Gflops/s) - 699 (768558 Gflops/s) - 696 (765260 Gflops/s) | Temperatures: 60°C - 62°C - 72°C - 70°C - 64°C - 61°C - 71°C - 74°C | Throttling: None - None - None - None - None - None - None - None
704 (774056 Gflops/s) - 711 (781752 Gflops/s) - 698 (767459 Gflops/s) - 706 (776255 Gflops/s) - 707 (777354 Gflops/s) - 700 (769658 Gflops/s) - 697 (766359 Gflops/s) - 696 (765260 Gflops/s) | Temperatures: 60°C - 62°C - 72°C - 70°C - 64°C - 61°C - 71°C - 74°C | Throttling: None - None - None - None - None - None - None - None
704 (774056 Gflops/s) - 710 (780653 Gflops/s) - 698 (767459 Gflops/s) - 706 (776255 Gflops/s) - 708 (778454 Gflops/s) - 701 (770757 Gflops/s) - 698 (767459 Gflops/s) - 696 (765260 Gflops/s) | Temperatures: 60°C - 62°C - 72°C - 70°C - 64°C - 61°C - 71°C - 74°C | Throttling: None - None - None - None - None - None - None - None
716 (787250 Gflops/s) - 710 (780653 Gflops/s) - 696 (765260 Gflops/s) - 707 (777354 Gflops/s) - 708 (778454 Gflops/s) - 700 (769658 Gflops/s) - 697 (766359 Gflops/s) - 695 (764160 Gflops/s) | Temperatures: 60°C - 62°C - 72°C - 70°C - 64°C - 61°C - 71°C - 74°C | Throttling: None - None - None - None - None - None - None - None
691 (759762 Gflops/s) - 710 (780653 Gflops/s) - 698 (767459 Gflops/s) - 708 (778454 Gflops/s) - 708 (778454 Gflops/s) - 700 (769658 Gflops/s) - 698 (767459 Gflops/s) - 696 (765260 Gflops/s) | Temperatures: 60°C - 62°C - 72°C - 70°C - 64°C - 61°C - 71°C - 74°C | Throttling: None - None - None - None - None - None - None - None
703 (772956 Gflops/s) - 711 (781752 Gflops/s) - 697 (766359 Gflops/s) - 722 (793847 Gflops/s) - 706 (776255 Gflops/s) - 700 (769658 Gflops/s) - 698 (767459 Gflops/s) - 696 (765260 Gflops/s) | Temperatures: 60°C - 62°C - 72°C - 70°C - 64°C - 61°C - 71°C - 74°C | Throttling: None - None - None - None - None - None - None - None
704 (774056 Gflops/s) - 711 (781752 Gflops/s) - 697 (766359 Gflops/s) - 690 (758663 Gflops/s) - 707 (777354 Gflops/s) - 700 (769658 Gflops/s) - 697 (766359 Gflops/s) - 696 (765260 Gflops/s) | Temperatures: 60°C - 62°C - 72°C - 70°C - 64°C - 61°C - 71°C - 74°C | Throttling: None - None - None - None - None - None - None - None
704 (774056 Gflops/s) - 710 (780653 Gflops/s) - 698 (767459 Gflops/s) - 707 (777354 Gflops/s) - 707 (777354 Gflops/s) - 701 (770757 Gflops/s) - 699 (768558 Gflops/s) - 696 (765260 Gflops/s) | Temperatures: 60°C - 62°C - 72°C - 70°C - 64°C - 61°C - 71°C - 74°C | Throttling: None - None - None - None - None - None - None - None
703 (772956 Gflops/s) - 709 (779553 Gflops/s) - 696 (765260 Gflops/s) - 708 (778454 Gflops/s) - 707 (777354 Gflops/s) - 700 (769658 Gflops/s) - 697 (766359 Gflops/s) - 696 (765260 Gflops/s) | Temperatures: 60°C - 62°C - 72°C - 70°C - 64°C - 61°C - 71°C - 74°C | Throttling: None - None - None - None - None - None - None - None
704 (774056 Gflops/s) - 711 (781752 Gflops/s) - 698 (767459 Gflops/s) - 707 (777354 Gflops/s) - 711 (781752 Gflops/s) - 700 (769658 Gflops/s) - 713 (783951 Gflops/s) - 696 (765260 Gflops/s) | Temperatures: 60°C - 62°C - 72°C - 70°C - 64°C - 61°C - 71°C - 75°C | Throttling: None - None - None - None - None - None - None - None
703 (772956 Gflops/s) - 710 (780653 Gflops/s) - 697 (766359 Gflops/s) - 707 (777354 Gflops/s) - 705 (775155 Gflops/s) - 700 (769658 Gflops/s) - 681 (748767 Gflops/s) - 696 (765260 Gflops/s) | Temperatures: 60°C - 62°C - 72°C - 70°C - 64°C - 61°C - 71°C - 75°C | Throttling: None - None - None - None - None - None - None - None
703 (772956 Gflops/s) - 711 (781752 Gflops/s) - 697 (766359 Gflops/s) - 707 (777354 Gflops/s) - 707 (777354 Gflops/s) - 700 (769658 Gflops/s) - 698 (767459 Gflops/s) - 696 (765260 Gflops/s) | Temperatures: 60°C - 62°C - 72°C - 70°C - 64°C - 61°C - 71°C - 75°C | Throttling: None - None - None - None - None - None - None - None
705 (775155 Gflops/s) - 710 (780653 Gflops/s) - 697 (766359 Gflops/s) - 707 (777354 Gflops/s) - 709 (779553 Gflops/s) - 699 (768558 Gflops/s) - 697 (766359 Gflops/s) - 696 (765260 Gflops/s) | Temperatures: 60°C - 62°C - 72°C - 70°C - 64°C - 61°C - 71°C - 75°C | Throttling: None - None - None - None - None - None - None - None
702 (771857 Gflops/s) - 710 (780653 Gflops/s) - 697 (766359 Gflops/s) - 706 (776255 Gflops/s) - 706 (776255 Gflops/s) - 699 (768558 Gflops/s) - 697 (766359 Gflops/s) - 695 (764160 Gflops/s) | Temperatures: 60°C - 62°C - 72°C - 70°C - 64°C - 61°C - 71°C - 75°C | Throttling: None - None - None - None - None - None - None - None
704 (774056 Gflops/s) - 710 (780653 Gflops/s) - 697 (766359 Gflops/s) - 708 (778454 Gflops/s) - 709 (779553 Gflops/s) - 706 (776255 Gflops/s) - 699 (768558 Gflops/s) - 697 (766359 Gflops/s) | Temperatures: 60°C - 62°C - 72°C - 70°C - 64°C - 61°C - 71°C - 75°C | Throttling: None - None - None - None - None - None - None - None
703 (772956 Gflops/s) - 710 (780653 Gflops/s) - 697 (766359 Gflops/s) - 707 (777354 Gflops/s) - 706 (776255 Gflops/s) - 694 (763061 Gflops/s) - 696 (765260 Gflops/s) - 695 (764160 Gflops/s) | Temperatures: 60°C - 62°C - 72°C - 70°C - 64°C - 61°C - 71°C - 75°C | Throttling: None - None - None - None - None - None - None - None
715 (786150 Gflops/s) - 710 (780653 Gflops/s) - 698 (767459 Gflops/s) - 707 (777354 Gflops/s) - 708 (778454 Gflops/s) - 700 (769658 Gflops/s) - 699 (768558 Gflops/s) - 696 (765260 Gflops/s) | Temperatures: 60°C - 62°C - 72°C - 70°C - 64°C - 61°C - 71°C - 75°C | Throttling: None - None - None - None - None - None - None - None
693 (761961 Gflops/s) - 711 (781752 Gflops/s) - 696 (765260 Gflops/s) - 708 (778454 Gflops/s) - 707 (777354 Gflops/s) - 700 (769658 Gflops/s) - 698 (767459 Gflops/s) - 697 (766359 Gflops/s) | Temperatures: 60°C - 62°C - 72°C - 70°C - 64°C - 61°C - 71°C - 75°C | Throttling: None - None - None - None - None - None - None - None
702 (771857 Gflops/s) - 711 (781752 Gflops/s) - 697 (766359 Gflops/s) - 707 (777354 Gflops/s) - 707 (777354 Gflops/s) - 699 (768558 Gflops/s) - 696 (765260 Gflops/s) - 695 (764160 Gflops/s) | Temperatures: 60°C - 62°C - 72°C - 70°C - 64°C - 61°C - 71°C - 75°C | Throttling: None - None - None - None - None - None - None - None
704 (774056 Gflops/s) - 710 (780653 Gflops/s) - 698 (767459 Gflops/s) - 707 (777354 Gflops/s) - 708 (778454 Gflops/s) - 700 (769658 Gflops/s) - 699 (768558 Gflops/s) - 696 (765260 Gflops/s) | Temperatures: 60°C - 62°C - 72°C - 70°C - 64°C - 61°C - 71°C - 75°C | Throttling: None - None - None - None - None - None - None - None
703 (772956 Gflops/s) - 710 (780653 Gflops/s) - 696 (765260 Gflops/s) - 706 (776255 Gflops/s) - 707 (777354 Gflops/s) - 699 (768558 Gflops/s) - 696 (765260 Gflops/s) - 696 (765260 Gflops/s) | Temperatures: 60°C - 62°C - 72°C - 70°C - 64°C - 61°C - 71°C - 75°C | Throttling: None - None - None - None - None - None - None - None
704 (774056 Gflops/s) - 710 (780653 Gflops/s) - 697 (766359 Gflops/s) - 707 (777354 Gflops/s) - 707 (777354 Gflops/s) - 700 (769658 Gflops/s) - 698 (767459 Gflops/s) - 696 (765260 Gflops/s) | Temperatures: 60°C - 62°C - 72°C - 70°C - 64°C - 61°C - 71°C - 75°C | Throttling: None - None - None - None - None - None - None - None
703 (772956 Gflops/s) - 709 (779553 Gflops/s) - 697 (766359 Gflops/s) - 706 (776255 Gflops/s) - 706 (776255 Gflops/s) - 700 (769658 Gflops/s) - 697 (766359 Gflops/s) - 695 (764160 Gflops/s) | Temperatures: 60°C - 62°C - 72°C - 70°C - 64°C - 61°C - 71°C - 75°C | Throttling: None - None - None - None - None - None - None - None
703 (772956 Gflops/s) - 710 (780653 Gflops/s) - 697 (766359 Gflops/s) - 708 (778454 Gflops/s) - 714 (785051 Gflops/s) - 699 (768558 Gflops/s) - 697 (766359 Gflops/s) - 696 (765260 Gflops/s) | Temperatures: 60°C - 62°C - 72°C - 70°C - 64°C - 61°C - 71°C - 75°C | Throttling: None - None - None - None - None - None - None - None
703 (772956 Gflops/s) - 710 (780653 Gflops/s) - 697 (766359 Gflops/s) - 707 (777354 Gflops/s) - 701 (770757 Gflops/s) - 700 (769658 Gflops/s) - 698 (767459 Gflops/s) - 696 (765260 Gflops/s) | Temperatures: 60°C - 62°C - 72°C - 70°C - 64°C - 61°C - 71°C - 75°C | Throttling: None - None - None - None - None - None - None - None
702 (771857 Gflops/s) - 709 (779553 Gflops/s) - 696 (765260 Gflops/s) - 706 (776255 Gflops/s) - 706 (776255 Gflops/s) - 699 (768558 Gflops/s) - 696 (765260 Gflops/s) - 696 (765260 Gflops/s) | Temperatures: 60°C - 62°C - 72°C - 70°C - 64°C - 61°C - 71°C - 75°C | Throttling: None - None - None - None - None - None - None - None
703 (772956 Gflops/s) - 710 (780653 Gflops/s) - 698 (767459 Gflops/s) - 707 (777354 Gflops/s) - 708 (778454 Gflops/s) - 701 (770757 Gflops/s) - 698 (767459 Gflops/s) - 696 (765260 Gflops/s) | Temperatures: 60°C - 62°C - 72°C - 70°C - 64°C - 61°C - 71°C - 75°C | Throttling: None - None - None - None - None - None - None - None
703 (772956 Gflops/s) - 708 (778454 Gflops/s) - 696 (765260 Gflops/s) - 706 (776255 Gflops/s) - 706 (776255 Gflops/s) - 699 (768558 Gflops/s) - 697 (766359 Gflops/s) - 695 (764160 Gflops/s) | Temperatures: 60°C - 62°C - 72°C - 70°C - 64°C - 61°C - 71°C - 75°C | Throttling: None - None - None - None - None - None - None - None
704 (774056 Gflops/s) - 712 (782852 Gflops/s) - 698 (767459 Gflops/s) - 707 (777354 Gflops/s) - 706 (776255 Gflops/s) - 699 (768558 Gflops/s) - 698 (767459 Gflops/s) - 696 (765260 Gflops/s) | Temperatures: 60°C - 62°C - 72°C - 70°C - 64°C - 61°C - 71°C - 75°C | Throttling: None - None - None - None - None - None - None - None
717 (788349 Gflops/s) - 710 (780653 Gflops/s) - 698 (767459 Gflops/s) - 708 (778454 Gflops/s) - 707 (777354 Gflops/s) - 700 (769658 Gflops/s) - 697 (766359 Gflops/s) - 696 (765260 Gflops/s) | Temperatures: 60°C - 62°C - 73°C - 70°C - 64°C - 61°C - 71°C - 75°C | Throttling: None - None - None - None - None - None - None - None
689 (757563 Gflops/s) - 710 (780653 Gflops/s) - 697 (766359 Gflops/s) - 706 (776255 Gflops/s) - 707 (777354 Gflops/s) - 699 (768558 Gflops/s) - 697 (766359 Gflops/s) - 711 (781752 Gflops/s) | Temperatures: 60°C - 62°C - 72°C - 70°C - 64°C - 61°C - 71°C - 75°C | Throttling: None - None - None - None - None - None - None - None
704 (774056 Gflops/s) - 717 (788349 Gflops/s) - 697 (766359 Gflops/s) - 707 (777354 Gflops/s) - 708 (778454 Gflops/s) - 701 (770757 Gflops/s) - 697 (766359 Gflops/s) - 681 (748767 Gflops/s) | Temperatures: 60°C - 62°C - 72°C - 70°C - 64°C - 61°C - 71°C - 75°C | Throttling: None - None - None - None - None - None - None - None
703 (772956 Gflops/s) - 703 (772956 Gflops/s) - 697 (766359 Gflops/s) - 706 (776255 Gflops/s) - 707 (777354 Gflops/s) - 699 (768558 Gflops/s) - 697 (766359 Gflops/s) - 695 (764160 Gflops/s) | Temperatures: 60°C - 62°C - 73°C - 70°C - 64°C - 61°C - 71°C - 75°C | Throttling: None - None - None - None - None - None - None - None
704 (774056 Gflops/s) - 710 (780653 Gflops/s) - 697 (766359 Gflops/s) - 707 (777354 Gflops/s) - 707 (777354 Gflops/s) - 700 (769658 Gflops/s) - 698 (767459 Gflops/s) - 696 (765260 Gflops/s) | Temperatures: 60°C - 62°C - 73°C - 70°C - 64°C - 61°C - 71°C - 75°C | Throttling: None - None - None - None - None - None - None - None
702 (771857 Gflops/s) - 710 (780653 Gflops/s) - 697 (766359 Gflops/s) - 706 (776255 Gflops/s) - 706 (776255 Gflops/s) - 699 (768558 Gflops/s) - 696 (765260 Gflops/s) - 696 (765260 Gflops/s) | Temperatures: 60°C - 62°C - 72°C - 70°C - 64°C - 61°C - 71°C - 75°C | Throttling: None - None - None - None - None - None - None - None
704 (774056 Gflops/s) - 710 (780653 Gflops/s) - 697 (766359 Gflops/s) - 706 (776255 Gflops/s) - 707 (777354 Gflops/s) - 700 (769658 Gflops/s) - 698 (767459 Gflops/s) - 696 (765260 Gflops/s) | Temperatures: 60°C - 62°C - 72°C - 70°C - 64°C - 61°C - 71°C - 75°C | Throttling: None - None - None - None - None - None - None - None
704 (774056 Gflops/s) - 710 (780653 Gflops/s) - 710 (780653 Gflops/s) - 706 (776255 Gflops/s) - 707 (777354 Gflops/s) - 700 (769658 Gflops/s) - 697 (766359 Gflops/s) - 696 (765260 Gflops/s) | Temperatures: 60°C - 62°C - 72°C - 70°C - 64°C - 61°C - 71°C - 75°C | Throttling: None - None - None - None - None - None - None - None
702 (771857 Gflops/s) - 710 (780653 Gflops/s) - 683 (750966 Gflops/s) - 706 (776255 Gflops/s) - 723 (794946 Gflops/s) - 699 (768558 Gflops/s) - 697 (766359 Gflops/s) - 695 (764160 Gflops/s) | Temperatures: 60°C - 62°C - 72°C - 70°C - 64°C - 61°C - 71°C - 75°C | Throttling: None - None - None - None - None - None - None - None
703 (772956 Gflops/s) - 710 (780653 Gflops/s) - 697 (766359 Gflops/s) - 707 (777354 Gflops/s) - 690 (758663 Gflops/s) - 701 (770757 Gflops/s) - 697 (766359 Gflops/s) - 696 (765260 Gflops/s) | Temperatures: 60°C - 62°C - 73°C - 70°C - 64°C - 61°C - 71°C - 75°C | Throttling: None - None - None - None - None - None - None - None
704 (774056 Gflops/s) - 709 (779553 Gflops/s) - 696 (765260 Gflops/s) - 706 (776255 Gflops/s) - 707 (777354 Gflops/s) - 698 (767459 Gflops/s) - 697 (766359 Gflops/s) - 696 (765260 Gflops/s) | Temperatures: 60°C - 62°C - 73°C - 70°C - 64°C - 61°C - 71°C - 75°C | Throttling: None - None - None - None - None - None - None - None
675 (742170 Gflops/s) - 682 (749866 Gflops/s) - 670 (736672 Gflops/s) - 680 (747667 Gflops/s) - 678 (745468 Gflops/s) - 672 (738871 Gflops/s) - 670 (736672 Gflops/s) - 668 (734473 Gflops/s) | Temperatures: 60°C - 62°C - 72°C - 70°C - 64°C - 61°C - 71°C - 75°C | Throttling: None - None - None - None - None - None - None - None
653 (717981 Gflops/s) - 658 (723478 Gflops/s) - 646 (710284 Gflops/s) - 655 (720180 Gflops/s) - 656 (721279 Gflops/s) - 650 (714682 Gflops/s) - 646 (710284 Gflops/s) - 646 (710284 Gflops/s) | Temperatures: 60°C - 62°C - 73°C - 70°C - 64°C - 61°C - 71°C - 75°C | Throttling: None - None - None - None - None - None - None - None
657 (722379 Gflops/s) - 664 (730075 Gflops/s) - 651 (715782 Gflops/s) - 660 (725677 Gflops/s) - 659 (724578 Gflops/s) - 653 (717981 Gflops/s) - 651 (715782 Gflops/s) - 650 (714682 Gflops/s) | Temperatures: 60°C - 62°C - 73°C - 70°C - 64°C - 61°C - 71°C - 75°C | Throttling: None - None - None - None - None - None - None - None
673 (739971 Gflops/s) - 679 (746568 Gflops/s) - 667 (733374 Gflops/s) - 676 (743269 Gflops/s) - 676 (743269 Gflops/s) - 670 (736672 Gflops/s) - 667 (733374 Gflops/s) - 665 (731175 Gflops/s) | Temperatures: 60°C - 62°C - 73°C - 70°C - 64°C - 61°C - 71°C - 75°C | Throttling: None - None - None - None - None - None - None - None
642 (705886 Gflops/s) - 647 (711384 Gflops/s) - 636 (699289 Gflops/s) - 645 (709184 Gflops/s) - 644 (708085 Gflops/s) - 638 (701488 Gflops/s) - 636 (699289 Gflops/s) - 635 (698189 Gflops/s) | Temperatures: 60°C - 62°C - 73°C - 70°C - 64°C - 61°C - 71°C - 75°C | Throttling: None - None - None - None - None - None - None - None
657 (722379 Gflops/s) - 662 (727876 Gflops/s) - 650 (714682 Gflops/s) - 660 (725677 Gflops/s) - 660 (725677 Gflops/s) - 653 (717981 Gflops/s) - 652 (716881 Gflops/s) - 650 (714682 Gflops/s) | Temperatures: 60°C - 62°C - 73°C - 70°C - 64°C - 61°C - 71°C - 75°C | Throttling: None - None - None - None - None - None - None - None
658 (723478 Gflops/s) - 664 (730075 Gflops/s) - 651 (715782 Gflops/s) - 660 (725677 Gflops/s) - 660 (725677 Gflops/s) - 655 (720180 Gflops/s) - 652 (716881 Gflops/s) - 651 (715782 Gflops/s) | Temperatures: 60°C - 62°C - 73°C - 70°C - 64°C - 61°C - 71°C - 75°C | Throttling: None - None - None - None - None - None - None - None
657 (722379 Gflops/s) - 662 (727876 Gflops/s) - 651 (715782 Gflops/s) - 660 (725677 Gflops/s) - 660 (725677 Gflops/s) - 653 (717981 Gflops/s) - 651 (715782 Gflops/s) - 649 (713583 Gflops/s) | Temperatures: 60°C - 62°C - 73°C - 70°C - 64°C - 61°C - 71°C - 75°C | Throttling: None - None - None - None - None - None - None - None
663 (728976 Gflops/s) - 666 (732274 Gflops/s) - 655 (720180 Gflops/s) - 665 (731175 Gflops/s) - 664 (730075 Gflops/s) - 658 (723478 Gflops/s) - 655 (720180 Gflops/s) - 654 (719080 Gflops/s) | Temperatures: 60°C - 62°C - 73°C - 70°C - 64°C - 61°C - 71°C - 75°C | Throttling: None - None - None - None - None - None - None - None
652 (716881 Gflops/s) - 661 (726777 Gflops/s) - 648 (712483 Gflops/s) - 658 (723478 Gflops/s) - 657 (722379 Gflops/s) - 651 (715782 Gflops/s) - 649 (713583 Gflops/s) - 648 (712483 Gflops/s) | Temperatures: 60°C - 62°C - 72°C - 70°C - 64°C - 61°C - 71°C - 75°C | Throttling: None - None - None - None - None - None - None - None
656 (721279 Gflops/s) - 663 (728976 Gflops/s) - 651 (715782 Gflops/s) - 661 (726777 Gflops/s) - 660 (725677 Gflops/s) - 653 (717981 Gflops/s) - 650 (714682 Gflops/s) - 649 (713583 Gflops/s) | Temperatures: 60°C - 62°C - 73°C - 70°C - 64°C - 61°C - 71°C - 75°C | Throttling: None - None - None - None - None - None - None - None
673 (739971 Gflops/s) - 680 (747667 Gflops/s) - 666 (732274 Gflops/s) - 676 (743269 Gflops/s) - 676 (743269 Gflops/s) - 669 (735573 Gflops/s) - 667 (733374 Gflops/s) - 666 (732274 Gflops/s) | Temperatures: 60°C - 62°C - 72°C - 70°C - 64°C - 61°C - 71°C - 75°C | Throttling: None - None - None - None - None - None - None - None
642 (705886 Gflops/s) - 648 (712483 Gflops/s) - 636 (699289 Gflops/s) - 646 (710284 Gflops/s) - 645 (709184 Gflops/s) - 639 (702587 Gflops/s) - 636 (699289 Gflops/s) - 635 (698189 Gflops/s) | Temperatures: 60°C - 62°C - 72°C - 70°C - 64°C - 61°C - 71°C - 75°C | Throttling: None - None - None - None - None - None - None - None
662 (727876 Gflops/s) - 668 (734473 Gflops/s) - 656 (721279 Gflops/s) - 664 (730075 Gflops/s) - 676 (743269 Gflops/s) - 671 (737772 Gflops/s) - 657 (722379 Gflops/s) - 655 (720180 Gflops/s) | Temperatures: 60°C - 62°C - 72°C - 70°C - 64°C - 61°C - 71°C - 75°C | Throttling: None - None - None - None - None - None - None - None
652 (716881 Gflops/s) - 659 (724578 Gflops/s) - 647 (711384 Gflops/s) - 657 (722379 Gflops/s) - 643 (706985 Gflops/s) - 636 (699289 Gflops/s) - 646 (710284 Gflops/s) - 646 (710284 Gflops/s) | Temperatures: 60°C - 62°C - 72°C - 70°C - 64°C - 61°C - 71°C - 75°C | Throttling: None - None - None - None - None - None - None - None
658 (723478 Gflops/s) - 663 (728976 Gflops/s) - 651 (715782 Gflops/s) - 661 (726777 Gflops/s) - 660 (725677 Gflops/s) - 653 (717981 Gflops/s) - 651 (715782 Gflops/s) - 649 (713583 Gflops/s) | Temperatures: 60°C - 62°C - 72°C - 70°C - 64°C - 60°C - 71°C - 75°C | Throttling: None - None - None - None - None - None - None - None
667 (733374 Gflops/s) - 674 (741070 Gflops/s) - 662 (727876 Gflops/s) - 671 (737772 Gflops/s) - 670 (736672 Gflops/s) - 664 (730075 Gflops/s) - 665 (731175 Gflops/s) - 661 (726777 Gflops/s) | Temperatures: 60°C - 62°C - 72°C - 70°C - 64°C - 60°C - 71°C - 75°C | Throttling: None - None - None - None - None - None - None - None
648 (712483 Gflops/s) - 653 (717981 Gflops/s) - 641 (704786 Gflops/s) - 650 (714682 Gflops/s) - 651 (715782 Gflops/s) - 645 (709184 Gflops/s) - 640 (703687 Gflops/s) - 640 (703687 Gflops/s) | Temperatures: 60°C - 62°C - 72°C - 70°C - 64°C - 60°C - 71°C - 75°C | Throttling: None - None - None - None - None - None - None - None
657 (722379 Gflops/s) - 663 (728976 Gflops/s) - 667 (733374 Gflops/s) - 660 (725677 Gflops/s) - 661 (726777 Gflops/s) - 654 (719080 Gflops/s) - 652 (716881 Gflops/s) - 650 (714682 Gflops/s) | Temperatures: 60°C - 62°C - 72°C - 70°C - 64°C - 60°C - 70°C - 74°C | Throttling: None - None - None - None - None - None - None - None
674 (741070 Gflops/s) - 680 (747667 Gflops/s) - 652 (716881 Gflops/s) - 677 (744369 Gflops/s) - 676 (743269 Gflops/s) - 670 (736672 Gflops/s) - 667 (733374 Gflops/s) - 666 (732274 Gflops/s) | Temperatures: 60°C - 62°C - 72°C - 70°C - 64°C - 60°C - 70°C - 74°C | Throttling: None - None - None - None - None - None - None - None
642 (705886 Gflops/s) - 648 (712483 Gflops/s) - 637 (700388 Gflops/s) - 646 (710284 Gflops/s) - 646 (710284 Gflops/s) - 650 (714682 Gflops/s) - 637 (700388 Gflops/s) - 635 (698189 Gflops/s) | Temperatures: 60°C - 62°C - 72°C - 70°C - 64°C - 60°C - 70°C - 74°C | Throttling: None - None - None - None - None - None - None - None
663 (728976 Gflops/s) - 669 (735573 Gflops/s) - 657 (722379 Gflops/s) - 666 (732274 Gflops/s) - 666 (732274 Gflops/s) - 648 (712483 Gflops/s) - 656 (721279 Gflops/s) - 659 (724578 Gflops/s) | Temperatures: 59°C - 62°C - 72°C - 70°C - 64°C - 60°C - 70°C - 74°C | Throttling: None - None - None - None - None - None - None - None
654 (719080 Gflops/s) - 659 (724578 Gflops/s) - 648 (712483 Gflops/s) - 657 (722379 Gflops/s) - 657 (722379 Gflops/s) - 651 (715782 Gflops/s) - 648 (712483 Gflops/s) - 643 (706985 Gflops/s) | Temperatures: 60°C - 62°C - 72°C - 69°C - 64°C - 60°C - 70°C - 74°C | Throttling: None - None - None - None - None - None - None - None
657 (722379 Gflops/s) - 663 (728976 Gflops/s) - 650 (714682 Gflops/s) - 660 (725677 Gflops/s) - 659 (724578 Gflops/s) - 654 (719080 Gflops/s) - 651 (715782 Gflops/s) - 649 (713583 Gflops/s) | Temperatures: 60°C - 62°C - 72°C - 69°C - 64°C - 60°C - 70°C - 74°C | Throttling: None - None - None - None - None - None - None - None
669 (735573 Gflops/s) - 675 (742170 Gflops/s) - 663 (728976 Gflops/s) - 671 (737772 Gflops/s) - 672 (738871 Gflops/s) - 666 (732274 Gflops/s) - 663 (728976 Gflops/s) - 661 (726777 Gflops/s) | Temperatures: 59°C - 62°C - 72°C - 69°C - 64°C - 60°C - 70°C - 74°C | Throttling: None - None - None - None - None - None - None - None
647 (711384 Gflops/s) - 654 (719080 Gflops/s) - 641 (704786 Gflops/s) - 651 (715782 Gflops/s) - 650 (714682 Gflops/s) - 645 (709184 Gflops/s) - 643 (706985 Gflops/s) - 641 (704786 Gflops/s) | Temperatures: 59°C - 61°C - 72°C - 69°C - 64°C - 60°C - 70°C - 74°C | Throttling: None - None - None - None - None - None - None - None
658 (723478 Gflops/s) - 664 (730075 Gflops/s) - 652 (716881 Gflops/s) - 661 (726777 Gflops/s) - 660 (725677 Gflops/s) - 655 (720180 Gflops/s) - 652 (716881 Gflops/s) - 650 (714682 Gflops/s) | Temperatures: 59°C - 62°C - 72°C - 69°C - 64°C - 60°C - 70°C - 74°C | Throttling: None - None - None - None - None - None - None - None
673 (739971 Gflops/s) - 680 (747667 Gflops/s) - 668 (734473 Gflops/s) - 677 (744369 Gflops/s) - 677 (744369 Gflops/s) - 670 (736672 Gflops/s) - 668 (734473 Gflops/s) - 666 (732274 Gflops/s) | Temperatures: 59°C - 61°C - 72°C - 69°C - 64°C - 60°C - 70°C - 74°C | Throttling: None - None - None - None - None - None - None - None
643 (706985 Gflops/s) - 648 (712483 Gflops/s) - 636 (699289 Gflops/s) - 646 (710284 Gflops/s) - 658 (723478 Gflops/s) - 640 (703687 Gflops/s) - 637 (700388 Gflops/s) - 634 (697090 Gflops/s) | Temperatures: 59°C - 61°C - 71°C - 69°C - 64°C - 60°C - 70°C - 74°C | Throttling: None - None - None - None - None - None - None - None
663 (728976 Gflops/s) - 670 (736672 Gflops/s) - 657 (722379 Gflops/s) - 666 (732274 Gflops/s) - 652 (716881 Gflops/s) - 659 (724578 Gflops/s) - 658 (723478 Gflops/s) - 656 (721279 Gflops/s) | Temperatures: 59°C - 61°C - 72°C - 69°C - 64°C - 60°C - 70°C - 74°C | Throttling: None - None - None - None - None - None - None - None
668 (734473 Gflops/s) - 660 (725677 Gflops/s) - 648 (712483 Gflops/s) - 658 (723478 Gflops/s) - 656 (721279 Gflops/s) - 650 (714682 Gflops/s) - 648 (712483 Gflops/s) - 646 (710284 Gflops/s) | Temperatures: 59°C - 61°C - 72°C - 69°C - 64°C - 60°C - 70°C - 74°C | Throttling: None - None - None - None - None - None - None - None
642 (705886 Gflops/s) - 664 (730075 Gflops/s) - 651 (715782 Gflops/s) - 660 (725677 Gflops/s) - 661 (726777 Gflops/s) - 655 (720180 Gflops/s) - 652 (716881 Gflops/s) - 649 (713583 Gflops/s) | Temperatures: 59°C - 61°C - 72°C - 69°C - 64°C - 60°C - 70°C - 74°C | Throttling: None - None - None - None - None - None - None - None
669 (735573 Gflops/s) - 674 (741070 Gflops/s) - 663 (728976 Gflops/s) - 672 (738871 Gflops/s) - 671 (737772 Gflops/s) - 665 (731175 Gflops/s) - 663 (728976 Gflops/s) - 661 (726777 Gflops/s) | Temperatures: 60°C - 61°C - 72°C - 69°C - 64°C - 60°C - 70°C - 74°C | Throttling: None - None - None - None - None - None - None - None
648 (712483 Gflops/s) - 655 (720180 Gflops/s) - 642 (705886 Gflops/s) - 652 (716881 Gflops/s) - 650 (714682 Gflops/s) - 645 (709184 Gflops/s) - 642 (705886 Gflops/s) - 640 (703687 Gflops/s) | Temperatures: 60°C - 61°C - 71°C - 69°C - 64°C - 60°C - 70°C - 74°C | Throttling: None - None - None - None - None - None - None - None
658 (723478 Gflops/s) - 664 (730075 Gflops/s) - 652 (716881 Gflops/s) - 662 (727876 Gflops/s) - 660 (725677 Gflops/s) - 655 (720180 Gflops/s) - 652 (716881 Gflops/s) - 651 (715782 Gflops/s) | Temperatures: 59°C - 61°C - 71°C - 69°C - 64°C - 60°C - 70°C - 74°C | Throttling: None - None - None - None - None - None - None - None
675 (742170 Gflops/s) - 681 (748767 Gflops/s) - 668 (734473 Gflops/s) - 677 (744369 Gflops/s) - 677 (744369 Gflops/s) - 670 (736672 Gflops/s) - 668 (734473 Gflops/s) - 666 (732274 Gflops/s) | Temperatures: 59°C - 61°C - 71°C - 69°C - 64°C - 60°C - 70°C - 74°C | Throttling: None - None - None - None - None - None - None - None
643 (706985 Gflops/s) - 648 (712483 Gflops/s) - 637 (700388 Gflops/s) - 647 (711384 Gflops/s) - 645 (709184 Gflops/s) - 639 (702587 Gflops/s) - 638 (701488 Gflops/s) - 635 (698189 Gflops/s) | Temperatures: 59°C - 61°C - 71°C - 69°C - 64°C - 60°C - 70°C - 74°C | Throttling: None - None - None - None - None - None - None - None
662 (727876 Gflops/s) - 669 (735573 Gflops/s) - 657 (722379 Gflops/s) - 666 (732274 Gflops/s) - 666 (732274 Gflops/s) - 660 (725677 Gflops/s) - 657 (722379 Gflops/s) - 655 (720180 Gflops/s) | Temperatures: 59°C - 61°C - 71°C - 69°C - 64°C - 60°C - 70°C - 74°C | Throttling: None - None - None - None - None - None - None - None
655 (720180 Gflops/s) - 660 (725677 Gflops/s) - 648 (712483 Gflops/s) - 658 (723478 Gflops/s) - 657 (722379 Gflops/s) - 651 (715782 Gflops/s) - 649 (713583 Gflops/s) - 647 (711384 Gflops/s) | Temperatures: 59°C - 61°C - 71°C - 69°C - 64°C - 60°C - 70°C - 74°C | Throttling: None - None - None - None - None - None - None - None
658 (723478 Gflops/s) - 663 (728976 Gflops/s) - 652 (716881 Gflops/s) - 661 (726777 Gflops/s) - 660 (725677 Gflops/s) - 654 (719080 Gflops/s) - 651 (715782 Gflops/s) - 649 (713583 Gflops/s) | Temperatures: 59°C - 61°C - 71°C - 69°C - 64°C - 60°C - 70°C - 74°C | Throttling: None - None - None - None - None - None - None - None
669 (735573 Gflops/s) - 676 (743269 Gflops/s) - 662 (727876 Gflops/s) - 672 (738871 Gflops/s) - 671 (737772 Gflops/s) - 665 (731175 Gflops/s) - 663 (728976 Gflops/s) - 661 (726777 Gflops/s) | Temperatures: 59°C - 61°C - 71°C - 69°C - 64°C - 60°C - 70°C - 74°C | Throttling: None - None - None - None - None - None - None - None
648 (712483 Gflops/s) - 654 (719080 Gflops/s) - 642 (705886 Gflops/s) - 652 (716881 Gflops/s) - 650 (714682 Gflops/s) - 644 (708085 Gflops/s) - 642 (705886 Gflops/s) - 641 (704786 Gflops/s) | Temperatures: 60°C - 61°C - 71°C - 69°C - 64°C - 60°C - 70°C - 74°C | Throttling: None - None - None - None - None - None - None - None
655 (720180 Gflops/s) - 662 (727876 Gflops/s) - 649 (713583 Gflops/s) - 658 (723478 Gflops/s) - 657 (722379 Gflops/s) - 651 (715782 Gflops/s) - 649 (713583 Gflops/s) - 647 (711384 Gflops/s) | Temperatures: 59°C - 61°C - 71°C - 69°C - 64°C - 60°C - 70°C - 74°C | Throttling: None - None - None - None - None - None - None - None
666 (732274 Gflops/s) - 672 (738871 Gflops/s) - 660 (725677 Gflops/s) - 671 (737772 Gflops/s) - 673 (739971 Gflops/s) - 663 (728976 Gflops/s) - 662 (727876 Gflops/s) - 658 (723478 Gflops/s) | Temperatures: 59°C - 61°C - 71°C - 69°C - 64°C - 60°C - 70°C - 74°C | Throttling: None - None - None - None - None - None - None - None
596 (655308 Gflops/s) - 600 (659706 Gflops/s) - 589 (647612 Gflops/s) - 596 (655308 Gflops/s) - 593 (652010 Gflops/s) - 590 (648711 Gflops/s) - 589 (647612 Gflops/s) - 587 (645413 Gflops/s) | Temperatures: 59°C - 61°C - 71°C - 69°C - 64°C - 60°C - 70°C - 74°C | Throttling: None - None - None - None - None - None - None - None
636 (699289 Gflops/s) - 645 (709184 Gflops/s) - 645 (709184 Gflops/s) - 641 (704786 Gflops/s) - 639 (702587 Gflops/s) - 634 (697090 Gflops/s) - 632 (694891 Gflops/s) - 631 (693791 Gflops/s) | Temperatures: 59°C - 61°C - 71°C - 69°C - 64°C - 60°C - 70°C - 74°C | Throttling: None - None - None - None - None - None - None - None
585 (643214 Gflops/s) - 593 (652010 Gflops/s) - 568 (624522 Gflops/s) - 590 (648711 Gflops/s) - 589 (647612 Gflops/s) - 583 (641015 Gflops/s) - 581 (638816 Gflops/s) - 579 (636617 Gflops/s) | Temperatures: 59°C - 61°C - 71°C - 69°C - 64°C - 60°C - 70°C - 74°C | Throttling: None - None - None - None - None - None - None - None
644 (708085 Gflops/s) - 650 (714682 Gflops/s) - 639 (702587 Gflops/s) - 647 (711384 Gflops/s) - 647 (711384 Gflops/s) - 641 (704786 Gflops/s) - 639 (702587 Gflops/s) - 636 (699289 Gflops/s) | Temperatures: 59°C - 61°C - 71°C - 69°C - 64°C - 60°C - 70°C - 74°C | Throttling: None - None - None - None - None - None - None - None
638 (701488 Gflops/s) - 645 (709184 Gflops/s) - 633 (695990 Gflops/s) - 641 (704786 Gflops/s) - 640 (703687 Gflops/s) - 633 (695990 Gflops/s) - 631 (693791 Gflops/s) - 630 (692692 Gflops/s) | Temperatures: 59°C - 61°C - 71°C - 69°C - 64°C - 60°C - 70°C - 74°C | Throttling: None - None - None - None - None - None - None - None
592 (650910 Gflops/s) - 600 (659706 Gflops/s) - 588 (646512 Gflops/s) - 597 (656408 Gflops/s) - 595 (654209 Gflops/s) - 590 (648711 Gflops/s) - 588 (646512 Gflops/s) - 586 (644313 Gflops/s) | Temperatures: 59°C - 61°C - 71°C - 69°C - 64°C - 60°C - 70°C - 74°C | Throttling: None - None - None - None - None - None - None - None
89 (97856 Gflops/s) - 612 (672901 Gflops/s) - 244 (268280 Gflops/s) - 201 (221001 Gflops/s) - 610 (670702 Gflops/s) - 585 (643214 Gflops/s) - 454 (499178 Gflops/s) - 600 (659706 Gflops/s) | Temperatures: 59°C - 61°C - 71°C - 69°C - 64°C - 60°C - 70°C - 74°C | Throttling: None - None - None - None - None - None - None - None
GPU #0: 759695 Gflops/s (min: 97856.53, max: 804842.51, dev: 759694.52)
         Temperature: 59.20°C (min: 51.00, max: 60.00)
         Throttling HW: false, Thermal SW: false, Thermal HW: false
GPU #1: 769292 Gflops/s (min: 652010.40, max: 822434.70, dev: 769291.64)
         Temperature: 60.70°C (min: 52.00, max: 62.00)
         Throttling HW: false, Thermal SW: false, Thermal HW: false
GPU #2: 754953 Gflops/s (min: 268280.84, max: 802643.49, dev: 754952.64)
         Temperature: 70.08°C (min: 56.00, max: 73.00)
         Throttling HW: false, Thermal SW: false, Thermal HW: false
GPU #3: 764482 Gflops/s (min: 221001.84, max: 811439.58, dev: 764481.74)
         Temperature: 68.08°C (min: 54.00, max: 70.00)
         Throttling HW: false, Thermal SW: false, Thermal HW: false
GPU #4: 766836 Gflops/s (min: 647612.35, max: 821335.19, dev: 766835.68)
         Temperature: 62.45°C (min: 53.00, max: 64.00)
         Throttling HW: false, Thermal SW: false, Thermal HW: false
GPU #5: 757412 Gflops/s (min: 641015.28, max: 801543.98, dev: 757412.38)
         Temperature: 59.77°C (min: 52.00, max: 61.00)
         Throttling HW: false, Thermal SW: false, Thermal HW: false
GPU #6: 755055 Gflops/s (min: 499178.28, max: 805942.02, dev: 755054.66)
         Temperature: 68.98°C (min: 55.00, max: 71.00)
         Throttling HW: false, Thermal SW: false, Thermal HW: false
GPU #7: 754529 Gflops/s (min: 636617.23, max: 810340.07, dev: 754529.46)
         Temperature: 72.10°C (min: 57.00, max: 75.00)
         Throttling HW: false, Thermal SW: false, Thermal HW: false
All GPUs seem healthy
Freeing GPUs...
======== Run with bf16 ==========
Detected GPU #0: "NVIDIA B200" (3293048f-de58-fc98-60dd-fa6388c43f33)
Detected GPU #1: "NVIDIA B200" (670867ac-9202-7617-a349-39e7b97fd77e)
Detected GPU #2: "NVIDIA B200" (89c28d40-fcfe-c9bf-40de-d1a13cd2b472)
Detected GPU #3: "NVIDIA B200" (a78e7cc0-7dee-23db-be8f-4f3f01bac272)
Detected GPU #4: "NVIDIA B200" (1aeb6e59-23e0-7e95-d08d-48e28e25a04c)
Detected GPU #5: "NVIDIA B200" (2f6f80a6-26fd-ec2c-96a1-99f814bcb491)
Detected GPU #6: "NVIDIA B200" (4f3eee2e-7015-e219-988d-419d345c414a)
Detected GPU #7: "NVIDIA B200" (f4a59ed2-a6bc-7307-2960-deb0f84ee2b2)
Using precision(s):  BF16 
Creating random matrices
Matrices created
GPU #0: Using 163805 MB
GPU #1: Using 163805 MB
GPU #2: Using 163805 MB
GPU #3: Using 163805 MB
GPU #4: Using 163805 MB
GPU #5: Using 163805 MB
GPU #6: Using 163805 MB
GPU #7: Using 163805 MB
0 (0 Gflops/s) - 1161 (1276532 Gflops/s) - 0 (0 Gflops/s) - 0 (0 Gflops/s) - 0 (0 Gflops/s) - 0 (0 Gflops/s) - 0 (0 Gflops/s) - 0 (0 Gflops/s) | Temperatures: 38°C - 49°C - 50°C - 48°C - 43°C - 39°C - 48°C - 52°C | Throttling: None - None - None - None - None - None - None - None
1656 (1820791 Gflops/s) - 1234 (1356797 Gflops/s) - 1936 (2128654 Gflops/s) - 1669 (1835084 Gflops/s) - 1725 (1896657 Gflops/s) - 1683 (1850478 Gflops/s) - 1674 (1840582 Gflops/s) - 1640 (1803199 Gflops/s) | Temperatures: 51°C - 55°C - 63°C - 60°C - 55°C - 51°C - 61°C - 64°C | Throttling: None - None - None - None - None - None - None - None
1214 (1334807 Gflops/s) - 1226 (1348001 Gflops/s) - 1219 (1340304 Gflops/s) - 1224 (1345802 Gflops/s) - 1237 (1360095 Gflops/s) - 1212 (1332608 Gflops/s) - 1202 (1321612 Gflops/s) - 1213 (1333707 Gflops/s) | Temperatures: 53°C - 56°C - 65°C - 62°C - 58°C - 54°C - 63°C - 67°C | Throttling: None - None - None - None - None - None - None - None
1214 (1334807 Gflops/s) - 1219 (1340304 Gflops/s) - 1212 (1332608 Gflops/s) - 1219 (1340304 Gflops/s) - 1232 (1354598 Gflops/s) - 1205 (1324911 Gflops/s) - 1196 (1315015 Gflops/s) - 1213 (1333707 Gflops/s) | Temperatures: 54°C - 56°C - 65°C - 63°C - 58°C - 55°C - 64°C - 68°C | Throttling: None - None - None - None - None - None - None - None
1225 (1346901 Gflops/s) - 1226 (1348001 Gflops/s) - 1219 (1340304 Gflops/s) - 1226 (1348001 Gflops/s) - 1238 (1361195 Gflops/s) - 1212 (1332608 Gflops/s) - 1205 (1324911 Gflops/s) - 1218 (1339205 Gflops/s) | Temperatures: 55°C - 57°C - 66°C - 63°C - 59°C - 55°C - 64°C - 68°C | Throttling: None - None - None - None - None - None - None - None
1218 (1339205 Gflops/s) - 1216 (1337006 Gflops/s) - 1212 (1332608 Gflops/s) - 1218 (1339205 Gflops/s) - 1228 (1350200 Gflops/s) - 1204 (1323811 Gflops/s) - 1197 (1316115 Gflops/s) - 1211 (1331508 Gflops/s) | Temperatures: 55°C - 57°C - 66°C - 63°C - 59°C - 56°C - 64°C - 68°C | Throttling: None - None - None - None - None - None - None - None
1217 (1338105 Gflops/s) - 1215 (1335906 Gflops/s) - 1211 (1331508 Gflops/s) - 1218 (1339205 Gflops/s) - 1227 (1349100 Gflops/s) - 1204 (1323811 Gflops/s) - 1194 (1312816 Gflops/s) - 1208 (1328210 Gflops/s) | Temperatures: 55°C - 57°C - 66°C - 64°C - 59°C - 56°C - 65°C - 69°C | Throttling: None - None - None - None - None - None - None - None
1221 (1342503 Gflops/s) - 1222 (1343603 Gflops/s) - 1215 (1335906 Gflops/s) - 1223 (1344702 Gflops/s) - 1231 (1353498 Gflops/s) - 1209 (1329309 Gflops/s) - 1203 (1322712 Gflops/s) - 1212 (1332608 Gflops/s) | Temperatures: 56°C - 58°C - 66°C - 64°C - 60°C - 57°C - 65°C - 69°C | Throttling: None - None - None - None - None - None - None - None
1221 (1342503 Gflops/s) - 1222 (1343603 Gflops/s) - 1213 (1333707 Gflops/s) - 1220 (1341404 Gflops/s) - 1232 (1354598 Gflops/s) - 1209 (1329309 Gflops/s) - 1205 (1324911 Gflops/s) - 1212 (1332608 Gflops/s) | Temperatures: 56°C - 58°C - 67°C - 64°C - 60°C - 57°C - 65°C - 69°C | Throttling: None - None - None - None - None - None - None - None
1225 (1346901 Gflops/s) - 1225 (1346901 Gflops/s) - 1219 (1340304 Gflops/s) - 1225 (1346901 Gflops/s) - 1235 (1357896 Gflops/s) - 1218 (1339205 Gflops/s) - 1211 (1331508 Gflops/s) - 1218 (1339205 Gflops/s) | Temperatures: 56°C - 58°C - 67°C - 64°C - 60°C - 57°C - 65°C - 69°C | Throttling: None - None - None - None - None - None - None - None
1212 (1332608 Gflops/s) - 1211 (1331508 Gflops/s) - 1202 (1321612 Gflops/s) - 1211 (1331508 Gflops/s) - 1219 (1340304 Gflops/s) - 1203 (1322712 Gflops/s) - 1195 (1313916 Gflops/s) - 1202 (1321612 Gflops/s) | Temperatures: 56°C - 58°C - 67°C - 64°C - 60°C - 57°C - 65°C - 69°C | Throttling: None - None - None - None - None - None - None - None
1268 (1394180 Gflops/s) - 1269 (1395280 Gflops/s) - 1262 (1387583 Gflops/s) - 1269 (1395280 Gflops/s) - 1276 (1402976 Gflops/s) - 1261 (1386484 Gflops/s) - 1252 (1376588 Gflops/s) - 1258 (1383185 Gflops/s) | Temperatures: 57°C - 59°C - 67°C - 65°C - 61°C - 57°C - 66°C - 70°C | Throttling: None - None - None - None - None - None - None - None
1294 (1422768 Gflops/s) - 1292 (1420569 Gflops/s) - 1286 (1413971 Gflops/s) - 1291 (1419469 Gflops/s) - 1301 (1430464 Gflops/s) - 1285 (1412872 Gflops/s) - 1277 (1404076 Gflops/s) - 1284 (1411772 Gflops/s) | Temperatures: 57°C - 59°C - 67°C - 65°C - 61°C - 58°C - 66°C - 70°C | Throttling: None - None - None - None - None - None - None - None
1289 (1417270 Gflops/s) - 1289 (1417270 Gflops/s) - 1283 (1410673 Gflops/s) - 1291 (1419469 Gflops/s) - 1297 (1426066 Gflops/s) - 1280 (1407374 Gflops/s) - 1273 (1399678 Gflops/s) - 1280 (1407374 Gflops/s) | Temperatures: 57°C - 59°C - 68°C - 65°C - 61°C - 58°C - 66°C - 70°C | Throttling: None - None - None - None - None - None - None - None
1291 (1419469 Gflops/s) - 1291 (1419469 Gflops/s) - 1285 (1412872 Gflops/s) - 1295 (1423867 Gflops/s) - 1299 (1428265 Gflops/s) - 1283 (1410673 Gflops/s) - 1275 (1401877 Gflops/s) - 1282 (1409573 Gflops/s) | Temperatures: 57°C - 59°C - 68°C - 65°C - 61°C - 58°C - 66°C - 70°C | Throttling: None - None - None - None - None - None - None - None
1293 (1421668 Gflops/s) - 1291 (1419469 Gflops/s) - 1287 (1415071 Gflops/s) - 1295 (1423867 Gflops/s) - 1300 (1429365 Gflops/s) - 1285 (1412872 Gflops/s) - 1282 (1409573 Gflops/s) - 1284 (1411772 Gflops/s) | Temperatures: 57°C - 59°C - 68°C - 65°C - 61°C - 58°C - 66°C - 70°C | Throttling: None - None - None - None - None - None - None - None
1289 (1417270 Gflops/s) - 1287 (1415071 Gflops/s) - 1283 (1410673 Gflops/s) - 1291 (1419469 Gflops/s) - 1298 (1427166 Gflops/s) - 1281 (1408474 Gflops/s) - 1278 (1405175 Gflops/s) - 1279 (1406275 Gflops/s) | Temperatures: 58°C - 59°C - 68°C - 65°C - 62°C - 58°C - 66°C - 70°C | Throttling: None - None - None - None - None - None - None - None
1294 (1422768 Gflops/s) - 1294 (1422768 Gflops/s) - 1289 (1417270 Gflops/s) - 1296 (1424967 Gflops/s) - 1300 (1429365 Gflops/s) - 1286 (1413971 Gflops/s) - 1285 (1412872 Gflops/s) - 1284 (1411772 Gflops/s) | Temperatures: 58°C - 60°C - 68°C - 66°C - 61°C - 58°C - 67°C - 71°C | Throttling: None - None - None - None - None - None - None - None
1289 (1417270 Gflops/s) - 1287 (1415071 Gflops/s) - 1282 (1409573 Gflops/s) - 1292 (1420569 Gflops/s) - 1295 (1423867 Gflops/s) - 1279 (1406275 Gflops/s) - 1278 (1405175 Gflops/s) - 1278 (1405175 Gflops/s) | Temperatures: 58°C - 60°C - 68°C - 66°C - 62°C - 58°C - 67°C - 71°C | Throttling: None - None - None - None - None - None - None - None
1290 (1418369 Gflops/s) - 1288 (1416170 Gflops/s) - 1284 (1411772 Gflops/s) - 1293 (1421668 Gflops/s) - 1298 (1427166 Gflops/s) - 1281 (1408474 Gflops/s) - 1279 (1406275 Gflops/s) - 1279 (1406275 Gflops/s) | Temperatures: 58°C - 60°C - 69°C - 66°C - 62°C - 59°C - 67°C - 71°C | Throttling: None - None - None - None - None - None - None - None
1294 (1422768 Gflops/s) - 1292 (1420569 Gflops/s) - 1287 (1415071 Gflops/s) - 1295 (1423867 Gflops/s) - 1297 (1426066 Gflops/s) - 1282 (1409573 Gflops/s) - 1280 (1407374 Gflops/s) - 1280 (1407374 Gflops/s) | Temperatures: 58°C - 60°C - 69°C - 66°C - 62°C - 59°C - 67°C - 71°C | Throttling: None - None - None - None - None - None - None - None
1290 (1418369 Gflops/s) - 1287 (1415071 Gflops/s) - 1284 (1411772 Gflops/s) - 1292 (1420569 Gflops/s) - 1295 (1423867 Gflops/s) - 1280 (1407374 Gflops/s) - 1279 (1406275 Gflops/s) - 1277 (1404076 Gflops/s) | Temperatures: 58°C - 60°C - 69°C - 66°C - 62°C - 59°C - 67°C - 71°C | Throttling: None - None - None - None - None - None - None - None
1290 (1418369 Gflops/s) - 1287 (1415071 Gflops/s) - 1284 (1411772 Gflops/s) - 1293 (1421668 Gflops/s) - 1296 (1424967 Gflops/s) - 1280 (1407374 Gflops/s) - 1278 (1405175 Gflops/s) - 1278 (1405175 Gflops/s) | Temperatures: 58°C - 60°C - 69°C - 66°C - 62°C - 59°C - 67°C - 71°C | Throttling: None - None - None - None - None - None - None - None
1291 (1419469 Gflops/s) - 1288 (1416170 Gflops/s) - 1284 (1411772 Gflops/s) - 1294 (1422768 Gflops/s) - 1296 (1424967 Gflops/s) - 1280 (1407374 Gflops/s) - 1278 (1405175 Gflops/s) - 1279 (1406275 Gflops/s) | Temperatures: 59°C - 60°C - 69°C - 66°C - 62°C - 59°C - 67°C - 71°C | Throttling: None - None - None - None - None - None - None - None
1292 (1420569 Gflops/s) - 1289 (1417270 Gflops/s) - 1287 (1415071 Gflops/s) - 1295 (1423867 Gflops/s) - 1295 (1423867 Gflops/s) - 1282 (1409573 Gflops/s) - 1279 (1406275 Gflops/s) - 1279 (1406275 Gflops/s) | Temperatures: 59°C - 60°C - 69°C - 67°C - 62°C - 59°C - 68°C - 71°C | Throttling: None - None - None - None - None - None - None - None
1290 (1418369 Gflops/s) - 1287 (1415071 Gflops/s) - 1285 (1412872 Gflops/s) - 1294 (1422768 Gflops/s) - 1296 (1424967 Gflops/s) - 1280 (1407374 Gflops/s) - 1277 (1404076 Gflops/s) - 1277 (1404076 Gflops/s) | Temperatures: 59°C - 60°C - 69°C - 67°C - 62°C - 59°C - 68°C - 72°C | Throttling: None - None - None - None - None - None - None - None
1290 (1418369 Gflops/s) - 1287 (1415071 Gflops/s) - 1286 (1413971 Gflops/s) - 1294 (1422768 Gflops/s) - 1294 (1422768 Gflops/s) - 1280 (1407374 Gflops/s) - 1279 (1406275 Gflops/s) - 1278 (1405175 Gflops/s) | Temperatures: 59°C - 61°C - 69°C - 67°C - 62°C - 59°C - 68°C - 72°C | Throttling: None - None - None - None - None - None - None - None
1290 (1418369 Gflops/s) - 1286 (1413971 Gflops/s) - 1283 (1410673 Gflops/s) - 1293 (1421668 Gflops/s) - 1293 (1421668 Gflops/s) - 1279 (1406275 Gflops/s) - 1275 (1401877 Gflops/s) - 1277 (1404076 Gflops/s) | Temperatures: 59°C - 60°C - 70°C - 67°C - 63°C - 59°C - 68°C - 72°C | Throttling: None - None - None - None - None - None - None - None
1290 (1418369 Gflops/s) - 1286 (1413971 Gflops/s) - 1285 (1412872 Gflops/s) - 1293 (1421668 Gflops/s) - 1292 (1420569 Gflops/s) - 1280 (1407374 Gflops/s) - 1278 (1405175 Gflops/s) - 1277 (1404076 Gflops/s) | Temperatures: 59°C - 61°C - 70°C - 67°C - 63°C - 60°C - 68°C - 72°C | Throttling: None - None - None - None - None - None - None - None
1288 (1416170 Gflops/s) - 1286 (1413971 Gflops/s) - 1283 (1410673 Gflops/s) - 1293 (1421668 Gflops/s) - 1291 (1419469 Gflops/s) - 1278 (1405175 Gflops/s) - 1276 (1402976 Gflops/s) - 1274 (1400777 Gflops/s) | Temperatures: 59°C - 61°C - 70°C - 67°C - 63°C - 60°C - 68°C - 72°C | Throttling: None - None - None - None - None - None - None - None
1292 (1420569 Gflops/s) - 1287 (1415071 Gflops/s) - 1286 (1413971 Gflops/s) - 1294 (1422768 Gflops/s) - 1294 (1422768 Gflops/s) - 1280 (1407374 Gflops/s) - 1278 (1405175 Gflops/s) - 1279 (1406275 Gflops/s) | Temperatures: 59°C - 61°C - 70°C - 67°C - 63°C - 60°C - 68°C - 72°C | Throttling: None - None - None - None - None - None - None - None
1290 (1418369 Gflops/s) - 1288 (1416170 Gflops/s) - 1286 (1413971 Gflops/s) - 1295 (1423867 Gflops/s) - 1295 (1423867 Gflops/s) - 1280 (1407374 Gflops/s) - 1278 (1405175 Gflops/s) - 1278 (1405175 Gflops/s) | Temperatures: 59°C - 61°C - 70°C - 67°C - 63°C - 60°C - 68°C - 72°C | Throttling: None - None - None - None - None - None - None - None
1288 (1416170 Gflops/s) - 1285 (1412872 Gflops/s) - 1284 (1411772 Gflops/s) - 1293 (1421668 Gflops/s) - 1290 (1418369 Gflops/s) - 1278 (1405175 Gflops/s) - 1274 (1400777 Gflops/s) - 1274 (1400777 Gflops/s) | Temperatures: 59°C - 61°C - 70°C - 67°C - 63°C - 60°C - 68°C - 72°C | Throttling: None - None - None - None - None - None - None - None
1291 (1419469 Gflops/s) - 1288 (1416170 Gflops/s) - 1286 (1413971 Gflops/s) - 1295 (1423867 Gflops/s) - 1293 (1421668 Gflops/s) - 1281 (1408474 Gflops/s) - 1278 (1405175 Gflops/s) - 1278 (1405175 Gflops/s) | Temperatures: 59°C - 61°C - 70°C - 68°C - 63°C - 60°C - 69°C - 72°C | Throttling: None - None - None - None - None - None - None - None
1289 (1417270 Gflops/s) - 1286 (1413971 Gflops/s) - 1284 (1411772 Gflops/s) - 1293 (1421668 Gflops/s) - 1294 (1422768 Gflops/s) - 1280 (1407374 Gflops/s) - 1275 (1401877 Gflops/s) - 1276 (1402976 Gflops/s) | Temperatures: 59°C - 61°C - 70°C - 68°C - 63°C - 60°C - 69°C - 72°C | Throttling: None - None - None - None - None - None - None - None
1288 (1416170 Gflops/s) - 1285 (1412872 Gflops/s) - 1283 (1410673 Gflops/s) - 1292 (1420569 Gflops/s) - 1291 (1419469 Gflops/s) - 1278 (1405175 Gflops/s) - 1274 (1400777 Gflops/s) - 1274 (1400777 Gflops/s) | Temperatures: 59°C - 61°C - 70°C - 68°C - 63°C - 60°C - 69°C - 72°C | Throttling: None - None - None - None - None - None - None - None
1293 (1421668 Gflops/s) - 1289 (1417270 Gflops/s) - 1287 (1415071 Gflops/s) - 1296 (1424967 Gflops/s) - 1294 (1422768 Gflops/s) - 1280 (1407374 Gflops/s) - 1278 (1405175 Gflops/s) - 1279 (1406275 Gflops/s) | Temperatures: 60°C - 61°C - 71°C - 68°C - 63°C - 60°C - 69°C - 73°C | Throttling: None - None - None - None - None - None - None - None
1288 (1416170 Gflops/s) - 1287 (1415071 Gflops/s) - 1282 (1409573 Gflops/s) - 1293 (1421668 Gflops/s) - 1292 (1420569 Gflops/s) - 1279 (1406275 Gflops/s) - 1275 (1401877 Gflops/s) - 1275 (1401877 Gflops/s) | Temperatures: 60°C - 61°C - 71°C - 68°C - 63°C - 60°C - 69°C - 73°C | Throttling: None - None - None - None - None - None - None - None
1289 (1417270 Gflops/s) - 1286 (1413971 Gflops/s) - 1282 (1409573 Gflops/s) - 1293 (1421668 Gflops/s) - 1291 (1419469 Gflops/s) - 1278 (1405175 Gflops/s) - 1276 (1402976 Gflops/s) - 1274 (1400777 Gflops/s) | Temperatures: 59°C - 61°C - 71°C - 68°C - 63°C - 60°C - 69°C - 73°C | Throttling: None - None - None - None - None - None - None - None
1292 (1420569 Gflops/s) - 1289 (1417270 Gflops/s) - 1285 (1412872 Gflops/s) - 1295 (1423867 Gflops/s) - 1295 (1423867 Gflops/s) - 1281 (1408474 Gflops/s) - 1277 (1404076 Gflops/s) - 1278 (1405175 Gflops/s) | Temperatures: 60°C - 61°C - 71°C - 68°C - 63°C - 60°C - 69°C - 73°C | Throttling: None - None - None - None - None - None - None - None
1290 (1418369 Gflops/s) - 1285 (1412872 Gflops/s) - 1283 (1410673 Gflops/s) - 1292 (1420569 Gflops/s) - 1290 (1418369 Gflops/s) - 1278 (1405175 Gflops/s) - 1274 (1400777 Gflops/s) - 1275 (1401877 Gflops/s) | Temperatures: 60°C - 61°C - 71°C - 68°C - 63°C - 60°C - 69°C - 73°C | Throttling: None - None - None - None - None - None - None - None
1290 (1418369 Gflops/s) - 1286 (1413971 Gflops/s) - 1283 (1410673 Gflops/s) - 1293 (1421668 Gflops/s) - 1292 (1420569 Gflops/s) - 1278 (1405175 Gflops/s) - 1276 (1402976 Gflops/s) - 1275 (1401877 Gflops/s) | Temperatures: 60°C - 61°C - 71°C - 68°C - 63°C - 60°C - 69°C - 73°C | Throttling: None - None - None - None - None - None - None - None
1290 (1418369 Gflops/s) - 1287 (1415071 Gflops/s) - 1284 (1411772 Gflops/s) - 1295 (1423867 Gflops/s) - 1292 (1420569 Gflops/s) - 1281 (1408474 Gflops/s) - 1276 (1402976 Gflops/s) - 1277 (1404076 Gflops/s) | Temperatures: 60°C - 62°C - 71°C - 68°C - 63°C - 60°C - 69°C - 73°C | Throttling: None - None - None - None - None - None - None - None
1290 (1418369 Gflops/s) - 1286 (1413971 Gflops/s) - 1283 (1410673 Gflops/s) - 1293 (1421668 Gflops/s) - 1291 (1419469 Gflops/s) - 1278 (1405175 Gflops/s) - 1276 (1402976 Gflops/s) - 1274 (1400777 Gflops/s) | Temperatures: 60°C - 62°C - 71°C - 68°C - 63°C - 60°C - 69°C - 73°C | Throttling: None - None - None - None - None - None - None - None
1290 (1418369 Gflops/s) - 1287 (1415071 Gflops/s) - 1283 (1410673 Gflops/s) - 1294 (1422768 Gflops/s) - 1294 (1422768 Gflops/s) - 1279 (1406275 Gflops/s) - 1276 (1402976 Gflops/s) - 1275 (1401877 Gflops/s) | Temperatures: 60°C - 61°C - 71°C - 68°C - 64°C - 60°C - 69°C - 73°C | Throttling: None - None - None - None - None - None - None - None
1288 (1416170 Gflops/s) - 1284 (1411772 Gflops/s) - 1281 (1408474 Gflops/s) - 1291 (1419469 Gflops/s) - 1288 (1416170 Gflops/s) - 1277 (1404076 Gflops/s) - 1272 (1398578 Gflops/s) - 1275 (1401877 Gflops/s) | Temperatures: 60°C - 61°C - 71°C - 69°C - 63°C - 60°C - 69°C - 73°C | Throttling: None - None - None - None - None - None - None - None
1291 (1419469 Gflops/s) - 1289 (1417270 Gflops/s) - 1283 (1410673 Gflops/s) - 1294 (1422768 Gflops/s) - 1293 (1421668 Gflops/s) - 1281 (1408474 Gflops/s) - 1277 (1404076 Gflops/s) - 1276 (1402976 Gflops/s) | Temperatures: 60°C - 62°C - 71°C - 69°C - 63°C - 60°C - 69°C - 73°C | Throttling: None - None - None - None - None - None - None - None
1291 (1419469 Gflops/s) - 1289 (1417270 Gflops/s) - 1285 (1412872 Gflops/s) - 1293 (1421668 Gflops/s) - 1292 (1420569 Gflops/s) - 1280 (1407374 Gflops/s) - 1277 (1404076 Gflops/s) - 1275 (1401877 Gflops/s) | Temperatures: 60°C - 62°C - 71°C - 69°C - 63°C - 60°C - 70°C - 73°C | Throttling: None - None - None - None - None - None - None - None
1289 (1417270 Gflops/s) - 1285 (1412872 Gflops/s) - 1281 (1408474 Gflops/s) - 1291 (1419469 Gflops/s) - 1289 (1417270 Gflops/s) - 1278 (1405175 Gflops/s) - 1273 (1399678 Gflops/s) - 1271 (1397479 Gflops/s) | Temperatures: 60°C - 62°C - 71°C - 69°C - 64°C - 60°C - 70°C - 73°C | Throttling: None - None - None - None - None - None - None - None
1289 (1417270 Gflops/s) - 1285 (1412872 Gflops/s) - 1282 (1409573 Gflops/s) - 1291 (1419469 Gflops/s) - 1289 (1417270 Gflops/s) - 1277 (1404076 Gflops/s) - 1273 (1399678 Gflops/s) - 1271 (1397479 Gflops/s) | Temperatures: 60°C - 62°C - 71°C - 69°C - 64°C - 60°C - 70°C - 73°C | Throttling: None - None - None - None - None - None - None - None
1292 (1420569 Gflops/s) - 1289 (1417270 Gflops/s) - 1284 (1411772 Gflops/s) - 1293 (1421668 Gflops/s) - 1294 (1422768 Gflops/s) - 1280 (1407374 Gflops/s) - 1276 (1402976 Gflops/s) - 1274 (1400777 Gflops/s) | Temperatures: 60°C - 62°C - 72°C - 69°C - 64°C - 60°C - 70°C - 74°C | Throttling: None - None - None - None - None - None - None - None
1288 (1416170 Gflops/s) - 1285 (1412872 Gflops/s) - 1281 (1408474 Gflops/s) - 1292 (1420569 Gflops/s) - 1289 (1417270 Gflops/s) - 1278 (1405175 Gflops/s) - 1273 (1399678 Gflops/s) - 1273 (1399678 Gflops/s) | Temperatures: 60°C - 62°C - 71°C - 69°C - 64°C - 60°C - 70°C - 74°C | Throttling: None - None - None - None - None - None - None - None
1292 (1420569 Gflops/s) - 1288 (1416170 Gflops/s) - 1283 (1410673 Gflops/s) - 1293 (1421668 Gflops/s) - 1291 (1419469 Gflops/s) - 1279 (1406275 Gflops/s) - 1276 (1402976 Gflops/s) - 1274 (1400777 Gflops/s) | Temperatures: 60°C - 62°C - 72°C - 69°C - 64°C - 60°C - 70°C - 74°C | Throttling: None - None - None - None - None - None - None - None
1290 (1418369 Gflops/s) - 1286 (1413971 Gflops/s) - 1281 (1408474 Gflops/s) - 1291 (1419469 Gflops/s) - 1290 (1418369 Gflops/s) - 1279 (1406275 Gflops/s) - 1273 (1399678 Gflops/s) - 1272 (1398578 Gflops/s) | Temperatures: 60°C - 62°C - 72°C - 69°C - 64°C - 61°C - 70°C - 74°C | Throttling: None - None - None - None - None - None - None - None
1289 (1417270 Gflops/s) - 1287 (1415071 Gflops/s) - 1281 (1408474 Gflops/s) - 1292 (1420569 Gflops/s) - 1290 (1418369 Gflops/s) - 1277 (1404076 Gflops/s) - 1274 (1400777 Gflops/s) - 1273 (1399678 Gflops/s) | Temperatures: 60°C - 62°C - 72°C - 69°C - 64°C - 61°C - 70°C - 74°C | Throttling: None - None - None - None - None - None - None - None
1293 (1421668 Gflops/s) - 1289 (1417270 Gflops/s) - 1285 (1412872 Gflops/s) - 1294 (1422768 Gflops/s) - 1291 (1419469 Gflops/s) - 1280 (1407374 Gflops/s) - 1275 (1401877 Gflops/s) - 1274 (1400777 Gflops/s) | Temperatures: 60°C - 62°C - 72°C - 69°C - 64°C - 61°C - 70°C - 74°C | Throttling: None - None - None - None - None - None - None - None
1288 (1416170 Gflops/s) - 1283 (1410673 Gflops/s) - 1278 (1405175 Gflops/s) - 1291 (1419469 Gflops/s) - 1289 (1417270 Gflops/s) - 1276 (1402976 Gflops/s) - 1271 (1397479 Gflops/s) - 1271 (1397479 Gflops/s) | Temperatures: 60°C - 62°C - 72°C - 69°C - 64°C - 61°C - 70°C - 74°C | Throttling: None - None - None - None - None - None - None - None
1293 (1421668 Gflops/s) - 1290 (1418369 Gflops/s) - 1284 (1411772 Gflops/s) - 1294 (1422768 Gflops/s) - 1292 (1420569 Gflops/s) - 1282 (1409573 Gflops/s) - 1275 (1401877 Gflops/s) - 1274 (1400777 Gflops/s) | Temperatures: 60°C - 62°C - 72°C - 69°C - 64°C - 61°C - 70°C - 74°C | Throttling: None - None - None - None - None - None - None - None
1287 (1415071 Gflops/s) - 1283 (1410673 Gflops/s) - 1277 (1404076 Gflops/s) - 1289 (1417270 Gflops/s) - 1287 (1415071 Gflops/s) - 1275 (1401877 Gflops/s) - 1271 (1397479 Gflops/s) - 1269 (1395280 Gflops/s) | Temperatures: 60°C - 62°C - 72°C - 69°C - 64°C - 61°C - 70°C - 74°C | Throttling: None - None - None - None - None - None - None - None
1288 (1416170 Gflops/s) - 1287 (1415071 Gflops/s) - 1280 (1407374 Gflops/s) - 1291 (1419469 Gflops/s) - 1288 (1416170 Gflops/s) - 1278 (1405175 Gflops/s) - 1273 (1399678 Gflops/s) - 1272 (1398578 Gflops/s) | Temperatures: 60°C - 62°C - 72°C - 69°C - 64°C - 61°C - 70°C - 74°C | Throttling: None - None - None - None - None - None - None - None
1293 (1421668 Gflops/s) - 1288 (1416170 Gflops/s) - 1283 (1410673 Gflops/s) - 1294 (1422768 Gflops/s) - 1293 (1421668 Gflops/s) - 1280 (1407374 Gflops/s) - 1275 (1401877 Gflops/s) - 1274 (1400777 Gflops/s) | Temperatures: 60°C - 62°C - 72°C - 69°C - 64°C - 61°C - 70°C - 74°C | Throttling: None - None - None - None - None - None - None - None
1288 (1416170 Gflops/s) - 1285 (1412872 Gflops/s) - 1279 (1406275 Gflops/s) - 1290 (1418369 Gflops/s) - 1289 (1417270 Gflops/s) - 1277 (1404076 Gflops/s) - 1271 (1397479 Gflops/s) - 1269 (1395280 Gflops/s) | Temperatures: 60°C - 62°C - 72°C - 69°C - 64°C - 61°C - 70°C - 74°C | Throttling: None - None - None - None - None - None - None - None
1289 (1417270 Gflops/s) - 1286 (1413971 Gflops/s) - 1279 (1406275 Gflops/s) - 1292 (1420569 Gflops/s) - 1286 (1413971 Gflops/s) - 1277 (1404076 Gflops/s) - 1271 (1397479 Gflops/s) - 1272 (1398578 Gflops/s) | Temperatures: 60°C - 62°C - 72°C - 69°C - 64°C - 61°C - 70°C - 74°C | Throttling: None - None - None - None - None - None - None - None
1290 (1418369 Gflops/s) - 1287 (1415071 Gflops/s) - 1280 (1407374 Gflops/s) - 1292 (1420569 Gflops/s) - 1290 (1418369 Gflops/s) - 1278 (1405175 Gflops/s) - 1272 (1398578 Gflops/s) - 1272 (1398578 Gflops/s) | Temperatures: 60°C - 62°C - 72°C - 70°C - 64°C - 61°C - 70°C - 74°C | Throttling: None - None - None - None - None - None - None - None
1289 (1417270 Gflops/s) - 1286 (1413971 Gflops/s) - 1279 (1406275 Gflops/s) - 1293 (1421668 Gflops/s) - 1290 (1418369 Gflops/s) - 1278 (1405175 Gflops/s) - 1274 (1400777 Gflops/s) - 1271 (1397479 Gflops/s) | Temperatures: 60°C - 62°C - 72°C - 70°C - 64°C - 61°C - 70°C - 74°C | Throttling: None - None - None - None - None - None - None - None
1292 (1420569 Gflops/s) - 1288 (1416170 Gflops/s) - 1280 (1407374 Gflops/s) - 1294 (1422768 Gflops/s) - 1290 (1418369 Gflops/s) - 1280 (1407374 Gflops/s) - 1275 (1401877 Gflops/s) - 1273 (1399678 Gflops/s) | Temperatures: 60°C - 62°C - 72°C - 70°C - 64°C - 61°C - 70°C - 74°C | Throttling: None - None - None - None - None - None - None - None
1288 (1416170 Gflops/s) - 1285 (1412872 Gflops/s) - 1278 (1405175 Gflops/s) - 1291 (1419469 Gflops/s) - 1288 (1416170 Gflops/s) - 1277 (1404076 Gflops/s) - 1272 (1398578 Gflops/s) - 1270 (1396379 Gflops/s) | Temperatures: 60°C - 62°C - 72°C - 70°C - 64°C - 61°C - 70°C - 74°C | Throttling: None - None - None - None - None - None - None - None
1289 (1417270 Gflops/s) - 1286 (1413971 Gflops/s) - 1278 (1405175 Gflops/s) - 1291 (1419469 Gflops/s) - 1289 (1417270 Gflops/s) - 1276 (1402976 Gflops/s) - 1271 (1397479 Gflops/s) - 1271 (1397479 Gflops/s) | Temperatures: 60°C - 62°C - 72°C - 70°C - 64°C - 61°C - 70°C - 74°C | Throttling: None - None - None - None - None - None - None - None
1291 (1419469 Gflops/s) - 1287 (1415071 Gflops/s) - 1283 (1410673 Gflops/s) - 1294 (1422768 Gflops/s) - 1290 (1418369 Gflops/s) - 1281 (1408474 Gflops/s) - 1274 (1400777 Gflops/s) - 1274 (1400777 Gflops/s) | Temperatures: 60°C - 62°C - 72°C - 70°C - 64°C - 61°C - 71°C - 74°C | Throttling: None - None - None - None - None - None - None - None
1289 (1417270 Gflops/s) - 1286 (1413971 Gflops/s) - 1280 (1407374 Gflops/s) - 1293 (1421668 Gflops/s) - 1288 (1416170 Gflops/s) - 1276 (1402976 Gflops/s) - 1272 (1398578 Gflops/s) - 1271 (1397479 Gflops/s) | Temperatures: 60°C - 62°C - 72°C - 70°C - 64°C - 61°C - 71°C - 74°C | Throttling: None - None - None - None - None - None - None - None
1288 (1416170 Gflops/s) - 1284 (1411772 Gflops/s) - 1279 (1406275 Gflops/s) - 1290 (1418369 Gflops/s) - 1286 (1413971 Gflops/s) - 1275 (1401877 Gflops/s) - 1269 (1395280 Gflops/s) - 1268 (1394180 Gflops/s) | Temperatures: 60°C - 62°C - 72°C - 70°C - 64°C - 61°C - 70°C - 75°C | Throttling: None - None - None - None - None - None - None - None
1289 (1417270 Gflops/s) - 1287 (1415071 Gflops/s) - 1280 (1407374 Gflops/s) - 1293 (1421668 Gflops/s) - 1289 (1417270 Gflops/s) - 1277 (1404076 Gflops/s) - 1271 (1397479 Gflops/s) - 1272 (1398578 Gflops/s) | Temperatures: 60°C - 62°C - 72°C - 70°C - 64°C - 61°C - 71°C - 74°C | Throttling: None - None - None - None - None - None - None - None
1290 (1418369 Gflops/s) - 1285 (1412872 Gflops/s) - 1280 (1407374 Gflops/s) - 1292 (1420569 Gflops/s) - 1289 (1417270 Gflops/s) - 1277 (1404076 Gflops/s) - 1272 (1398578 Gflops/s) - 1270 (1396379 Gflops/s) | Temperatures: 61°C - 62°C - 72°C - 70°C - 64°C - 61°C - 71°C - 75°C | Throttling: None - None - None - None - None - None - None - None
1294 (1422768 Gflops/s) - 1289 (1417270 Gflops/s) - 1284 (1411772 Gflops/s) - 1296 (1424967 Gflops/s) - 1292 (1420569 Gflops/s) - 1282 (1409573 Gflops/s) - 1275 (1401877 Gflops/s) - 1275 (1401877 Gflops/s) | Temperatures: 60°C - 62°C - 72°C - 70°C - 64°C - 61°C - 71°C - 75°C | Throttling: None - None - None - None - None - None - None - None
1288 (1416170 Gflops/s) - 1284 (1411772 Gflops/s) - 1279 (1406275 Gflops/s) - 1290 (1418369 Gflops/s) - 1287 (1415071 Gflops/s) - 1275 (1401877 Gflops/s) - 1267 (1393081 Gflops/s) - 1269 (1395280 Gflops/s) | Temperatures: 61°C - 62°C - 72°C - 70°C - 64°C - 61°C - 71°C - 75°C | Throttling: None - None - None - None - None - None - None - None
1287 (1415071 Gflops/s) - 1284 (1411772 Gflops/s) - 1277 (1404076 Gflops/s) - 1290 (1418369 Gflops/s) - 1286 (1413971 Gflops/s) - 1275 (1401877 Gflops/s) - 1269 (1395280 Gflops/s) - 1271 (1397479 Gflops/s) | Temperatures: 61°C - 62°C - 73°C - 70°C - 64°C - 61°C - 71°C - 75°C | Throttling: None - None - None - None - None - None - None - None
1291 (1419469 Gflops/s) - 1290 (1418369 Gflops/s) - 1281 (1408474 Gflops/s) - 1294 (1422768 Gflops/s) - 1292 (1420569 Gflops/s) - 1279 (1406275 Gflops/s) - 1275 (1401877 Gflops/s) - 1274 (1400777 Gflops/s) | Temperatures: 60°C - 62°C - 73°C - 70°C - 64°C - 61°C - 71°C - 75°C | Throttling: None - None - None - None - None - None - None - None
1288 (1416170 Gflops/s) - 1285 (1412872 Gflops/s) - 1278 (1405175 Gflops/s) - 1291 (1419469 Gflops/s) - 1286 (1413971 Gflops/s) - 1276 (1402976 Gflops/s) - 1268 (1394180 Gflops/s) - 1270 (1396379 Gflops/s) | Temperatures: 61°C - 62°C - 73°C - 70°C - 64°C - 61°C - 71°C - 75°C | Throttling: None - None - None - None - None - None - None - None
1289 (1417270 Gflops/s) - 1286 (1413971 Gflops/s) - 1277 (1404076 Gflops/s) - 1291 (1419469 Gflops/s) - 1287 (1415071 Gflops/s) - 1277 (1404076 Gflops/s) - 1268 (1394180 Gflops/s) - 1270 (1396379 Gflops/s) | Temperatures: 61°C - 62°C - 73°C - 70°C - 64°C - 61°C - 71°C - 75°C | Throttling: None - None - None - None - None - None - None - None
1290 (1418369 Gflops/s) - 1286 (1413971 Gflops/s) - 1280 (1407374 Gflops/s) - 1291 (1419469 Gflops/s) - 1288 (1416170 Gflops/s) - 1277 (1404076 Gflops/s) - 1271 (1397479 Gflops/s) - 1271 (1397479 Gflops/s) | Temperatures: 60°C - 62°C - 73°C - 70°C - 65°C - 61°C - 71°C - 75°C | Throttling: None - None - None - None - None - None - None - None
1289 (1417270 Gflops/s) - 1286 (1413971 Gflops/s) - 1281 (1408474 Gflops/s) - 1293 (1421668 Gflops/s) - 1289 (1417270 Gflops/s) - 1276 (1402976 Gflops/s) - 1268 (1394180 Gflops/s) - 1272 (1398578 Gflops/s) | Temperatures: 61°C - 62°C - 73°C - 70°C - 64°C - 61°C - 71°C - 75°C | Throttling: None - None - None - None - None - None - None - None
1291 (1419469 Gflops/s) - 1286 (1413971 Gflops/s) - 1279 (1406275 Gflops/s) - 1291 (1419469 Gflops/s) - 1289 (1417270 Gflops/s) - 1277 (1404076 Gflops/s) - 1268 (1394180 Gflops/s) - 1271 (1397479 Gflops/s) | Temperatures: 61°C - 62°C - 73°C - 70°C - 65°C - 61°C - 71°C - 75°C | Throttling: None - None - None - None - None - None - None - None
1288 (1416170 Gflops/s) - 1284 (1411772 Gflops/s) - 1278 (1405175 Gflops/s) - 1290 (1418369 Gflops/s) - 1288 (1416170 Gflops/s) - 1275 (1401877 Gflops/s) - 1267 (1393081 Gflops/s) - 1268 (1394180 Gflops/s) | Temperatures: 61°C - 62°C - 73°C - 70°C - 64°C - 61°C - 71°C - 75°C | Throttling: None - None - None - None - None - None - None - None
1289 (1417270 Gflops/s) - 1286 (1413971 Gflops/s) - 1278 (1405175 Gflops/s) - 1291 (1419469 Gflops/s) - 1287 (1415071 Gflops/s) - 1276 (1402976 Gflops/s) - 1268 (1394180 Gflops/s) - 1270 (1396379 Gflops/s) | Temperatures: 61°C - 62°C - 73°C - 70°C - 65°C - 61°C - 71°C - 75°C | Throttling: None - None - None - None - None - None - None - None
1292 (1420569 Gflops/s) - 1287 (1415071 Gflops/s) - 1281 (1408474 Gflops/s) - 1294 (1422768 Gflops/s) - 1290 (1418369 Gflops/s) - 1278 (1405175 Gflops/s) - 1271 (1397479 Gflops/s) - 1273 (1399678 Gflops/s) | Temperatures: 61°C - 62°C - 73°C - 70°C - 64°C - 61°C - 71°C - 75°C | Throttling: None - None - None - None - None - None - None - None
1289 (1417270 Gflops/s) - 1285 (1412872 Gflops/s) - 1276 (1402976 Gflops/s) - 1290 (1418369 Gflops/s) - 1287 (1415071 Gflops/s) - 1275 (1401877 Gflops/s) - 1267 (1393081 Gflops/s) - 1269 (1395280 Gflops/s) | Temperatures: 61°C - 62°C - 73°C - 70°C - 64°C - 61°C - 71°C - 75°C | Throttling: None - None - None - None - None - None - None - None
1289 (1417270 Gflops/s) - 1285 (1412872 Gflops/s) - 1278 (1405175 Gflops/s) - 1291 (1419469 Gflops/s) - 1287 (1415071 Gflops/s) - 1276 (1402976 Gflops/s) - 1267 (1393081 Gflops/s) - 1269 (1395280 Gflops/s) | Temperatures: 61°C - 62°C - 73°C - 70°C - 65°C - 61°C - 71°C - 75°C | Throttling: None - None - None - None - None - None - None - None
1292 (1420569 Gflops/s) - 1288 (1416170 Gflops/s) - 1280 (1407374 Gflops/s) - 1293 (1421668 Gflops/s) - 1290 (1418369 Gflops/s) - 1279 (1406275 Gflops/s) - 1269 (1395280 Gflops/s) - 1272 (1398578 Gflops/s) | Temperatures: 61°C - 62°C - 73°C - 70°C - 65°C - 61°C - 71°C - 75°C | Throttling: None - None - None - None - None - None - None - None
1287 (1415071 Gflops/s) - 1283 (1410673 Gflops/s) - 1277 (1404076 Gflops/s) - 1291 (1419469 Gflops/s) - 1287 (1415071 Gflops/s) - 1275 (1401877 Gflops/s) - 1265 (1390882 Gflops/s) - 1268 (1394180 Gflops/s) | Temperatures: 61°C - 62°C - 73°C - 70°C - 65°C - 61°C - 71°C - 75°C | Throttling: None - None - None - None - None - None - None - None
1290 (1418369 Gflops/s) - 1286 (1413971 Gflops/s) - 1280 (1407374 Gflops/s) - 1292 (1420569 Gflops/s) - 1288 (1416170 Gflops/s) - 1278 (1405175 Gflops/s) - 1267 (1393081 Gflops/s) - 1272 (1398578 Gflops/s) | Temperatures: 61°C - 62°C - 73°C - 70°C - 65°C - 61°C - 71°C - 75°C | Throttling: None - None - None - None - None - None - None - None
1288 (1416170 Gflops/s) - 1284 (1411772 Gflops/s) - 1276 (1402976 Gflops/s) - 1290 (1418369 Gflops/s) - 1287 (1415071 Gflops/s) - 1276 (1402976 Gflops/s) - 1265 (1390882 Gflops/s) - 1269 (1395280 Gflops/s) | Temperatures: 61°C - 62°C - 73°C - 70°C - 65°C - 61°C - 71°C - 75°C | Throttling: None - None - None - None - None - None - None - None
1290 (1418369 Gflops/s) - 1286 (1413971 Gflops/s) - 1279 (1406275 Gflops/s) - 1291 (1419469 Gflops/s) - 1288 (1416170 Gflops/s) - 1278 (1405175 Gflops/s) - 1269 (1395280 Gflops/s) - 1270 (1396379 Gflops/s) | Temperatures: 61°C - 62°C - 73°C - 70°C - 65°C - 61°C - 71°C - 75°C | Throttling: None - None - None - None - None - None - None - None
1291 (1419469 Gflops/s) - 1288 (1416170 Gflops/s) - 1280 (1407374 Gflops/s) - 1293 (1421668 Gflops/s) - 1289 (1417270 Gflops/s) - 1279 (1406275 Gflops/s) - 1271 (1397479 Gflops/s) - 1272 (1398578 Gflops/s) | Temperatures: 61°C - 62°C - 73°C - 70°C - 65°C - 61°C - 71°C - 75°C | Throttling: None - None - None - None - None - None - None - None
1288 (1416170 Gflops/s) - 1285 (1412872 Gflops/s) - 1276 (1402976 Gflops/s) - 1290 (1418369 Gflops/s) - 1287 (1415071 Gflops/s) - 1276 (1402976 Gflops/s) - 1266 (1391981 Gflops/s) - 1269 (1395280 Gflops/s) | Temperatures: 61°C - 62°C - 73°C - 70°C - 65°C - 61°C - 71°C - 75°C | Throttling: None - None - None - None - None - None - None - None
1290 (1418369 Gflops/s) - 1285 (1412872 Gflops/s) - 1278 (1405175 Gflops/s) - 1291 (1419469 Gflops/s) - 1289 (1417270 Gflops/s) - 1276 (1402976 Gflops/s) - 1270 (1396379 Gflops/s) - 1270 (1396379 Gflops/s) | Temperatures: 61°C - 62°C - 73°C - 70°C - 65°C - 61°C - 71°C - 75°C | Throttling: None - None - None - None - None - None - None - None
1290 (1418369 Gflops/s) - 1286 (1413971 Gflops/s) - 1278 (1405175 Gflops/s) - 1292 (1420569 Gflops/s) - 1289 (1417270 Gflops/s) - 1278 (1405175 Gflops/s) - 1268 (1394180 Gflops/s) - 1269 (1395280 Gflops/s) | Temperatures: 61°C - 62°C - 73°C - 70°C - 65°C - 61°C - 71°C - 75°C | Throttling: None - None - None - None - None - None - None - None
1289 (1417270 Gflops/s) - 1285 (1412872 Gflops/s) - 1277 (1404076 Gflops/s) - 1290 (1418369 Gflops/s) - 1286 (1413971 Gflops/s) - 1278 (1405175 Gflops/s) - 1268 (1394180 Gflops/s) - 1270 (1396379 Gflops/s) | Temperatures: 61°C - 62°C - 73°C - 70°C - 65°C - 61°C - 71°C - 75°C | Throttling: None - None - None - None - None - None - None - None
1299 (1428265 Gflops/s) - 1297 (1426066 Gflops/s) - 1289 (1417270 Gflops/s) - 1302 (1431564 Gflops/s) - 1299 (1428265 Gflops/s) - 1288 (1416170 Gflops/s) - 1277 (1404076 Gflops/s) - 1281 (1408474 Gflops/s) | Temperatures: 60°C - 62°C - 73°C - 70°C - 64°C - 61°C - 71°C - 75°C | Throttling: None - None - None - None - None - None - None - None
1280 (1407374 Gflops/s) - 1276 (1402976 Gflops/s) - 1267 (1393081 Gflops/s) - 1281 (1408474 Gflops/s) - 1278 (1405175 Gflops/s) - 1268 (1394180 Gflops/s) - 1257 (1382086 Gflops/s) - 1260 (1385384 Gflops/s) | Temperatures: 60°C - 62°C - 73°C - 70°C - 64°C - 61°C - 71°C - 75°C | Throttling: None - None - None - None - None - None - None - None
1289 (1417270 Gflops/s) - 1285 (1412872 Gflops/s) - 1278 (1405175 Gflops/s) - 1291 (1419469 Gflops/s) - 1287 (1415071 Gflops/s) - 1277 (1404076 Gflops/s) - 1267 (1393081 Gflops/s) - 1270 (1396379 Gflops/s) | Temperatures: 60°C - 62°C - 73°C - 70°C - 65°C - 61°C - 71°C - 75°C | Throttling: None - None - None - None - None - None - None - None
1291 (1419469 Gflops/s) - 1288 (1416170 Gflops/s) - 1281 (1408474 Gflops/s) - 1292 (1420569 Gflops/s) - 1291 (1419469 Gflops/s) - 1280 (1407374 Gflops/s) - 1269 (1395280 Gflops/s) - 1271 (1397479 Gflops/s) | Temperatures: 60°C - 62°C - 73°C - 70°C - 64°C - 61°C - 71°C - 75°C | Throttling: None - None - None - None - None - None - None - None
1288 (1416170 Gflops/s) - 1286 (1413971 Gflops/s) - 1278 (1405175 Gflops/s) - 1291 (1419469 Gflops/s) - 1288 (1416170 Gflops/s) - 1276 (1402976 Gflops/s) - 1266 (1391981 Gflops/s) - 1269 (1395280 Gflops/s) | Temperatures: 60°C - 62°C - 73°C - 70°C - 64°C - 61°C - 71°C - 75°C | Throttling: None - None - None - None - None - None - None - None
1290 (1418369 Gflops/s) - 1286 (1413971 Gflops/s) - 1278 (1405175 Gflops/s) - 1291 (1419469 Gflops/s) - 1287 (1415071 Gflops/s) - 1277 (1404076 Gflops/s) - 1266 (1391981 Gflops/s) - 1271 (1397479 Gflops/s) | Temperatures: 60°C - 62°C - 72°C - 70°C - 64°C - 61°C - 70°C - 75°C | Throttling: None - None - None - None - None - None - None - None
1289 (1417270 Gflops/s) - 1287 (1415071 Gflops/s) - 1279 (1406275 Gflops/s) - 1291 (1419469 Gflops/s) - 1287 (1415071 Gflops/s) - 1277 (1404076 Gflops/s) - 1269 (1395280 Gflops/s) - 1270 (1396379 Gflops/s) | Temperatures: 60°C - 62°C - 72°C - 70°C - 64°C - 61°C - 71°C - 75°C | Throttling: None - None - None - None - None - None - None - None
1290 (1418369 Gflops/s) - 1287 (1415071 Gflops/s) - 1280 (1407374 Gflops/s) - 1292 (1420569 Gflops/s) - 1288 (1416170 Gflops/s) - 1278 (1405175 Gflops/s) - 1268 (1394180 Gflops/s) - 1271 (1397479 Gflops/s) | Temperatures: 60°C - 62°C - 72°C - 70°C - 64°C - 61°C - 70°C - 75°C | Throttling: None - None - None - None - None - None - None - None
1293 (1421668 Gflops/s) - 1290 (1418369 Gflops/s) - 1282 (1409573 Gflops/s) - 1295 (1423867 Gflops/s) - 1291 (1419469 Gflops/s) - 1281 (1408474 Gflops/s) - 1272 (1398578 Gflops/s) - 1275 (1401877 Gflops/s) | Temperatures: 60°C - 62°C - 72°C - 70°C - 64°C - 61°C - 70°C - 75°C | Throttling: None - None - None - None - None - None - None - None
1288 (1416170 Gflops/s) - 1285 (1412872 Gflops/s) - 1277 (1404076 Gflops/s) - 1290 (1418369 Gflops/s) - 1287 (1415071 Gflops/s) - 1276 (1402976 Gflops/s) - 1266 (1391981 Gflops/s) - 1268 (1394180 Gflops/s) | Temperatures: 60°C - 62°C - 72°C - 70°C - 64°C - 61°C - 70°C - 75°C | Throttling: None - None - None - None - None - None - None - None
1288 (1416170 Gflops/s) - 1284 (1411772 Gflops/s) - 1277 (1404076 Gflops/s) - 1290 (1418369 Gflops/s) - 1288 (1416170 Gflops/s) - 1276 (1402976 Gflops/s) - 1269 (1395280 Gflops/s) - 1271 (1397479 Gflops/s) | Temperatures: 60°C - 62°C - 72°C - 70°C - 64°C - 61°C - 70°C - 75°C | Throttling: None - None - None - None - None - None - None - None
1291 (1419469 Gflops/s) - 1288 (1416170 Gflops/s) - 1280 (1407374 Gflops/s) - 1292 (1420569 Gflops/s) - 1288 (1416170 Gflops/s) - 1278 (1405175 Gflops/s) - 1270 (1396379 Gflops/s) - 1271 (1397479 Gflops/s) | Temperatures: 60°C - 62°C - 72°C - 70°C - 64°C - 61°C - 70°C - 75°C | Throttling: None - None - None - None - None - None - None - None
1289 (1417270 Gflops/s) - 1285 (1412872 Gflops/s) - 1279 (1406275 Gflops/s) - 1293 (1421668 Gflops/s) - 1289 (1417270 Gflops/s) - 1277 (1404076 Gflops/s) - 1269 (1395280 Gflops/s) - 1271 (1397479 Gflops/s) | Temperatures: 60°C - 62°C - 72°C - 70°C - 64°C - 61°C - 70°C - 75°C | Throttling: None - None - None - None - None - None - None - None
1290 (1418369 Gflops/s) - 1288 (1416170 Gflops/s) - 1279 (1406275 Gflops/s) - 1292 (1420569 Gflops/s) - 1291 (1419469 Gflops/s) - 1278 (1405175 Gflops/s) - 1271 (1397479 Gflops/s) - 1271 (1397479 Gflops/s) | Temperatures: 60°C - 62°C - 72°C - 70°C - 64°C - 61°C - 70°C - 75°C | Throttling: None - None - None - None - None - None - None - None
1290 (1418369 Gflops/s) - 1286 (1413971 Gflops/s) - 1280 (1407374 Gflops/s) - 1291 (1419469 Gflops/s) - 1288 (1416170 Gflops/s) - 1278 (1405175 Gflops/s) - 1270 (1396379 Gflops/s) - 1270 (1396379 Gflops/s) | Temperatures: 60°C - 62°C - 72°C - 70°C - 64°C - 61°C - 70°C - 75°C | Throttling: None - None - None - None - None - None - None - None
1288 (1416170 Gflops/s) - 1285 (1412872 Gflops/s) - 1277 (1404076 Gflops/s) - 1291 (1419469 Gflops/s) - 1287 (1415071 Gflops/s) - 1276 (1402976 Gflops/s) - 1269 (1395280 Gflops/s) - 1271 (1397479 Gflops/s) | Temperatures: 60°C - 62°C - 72°C - 70°C - 64°C - 61°C - 70°C - 75°C | Throttling: None - None - None - None - None - None - None - None
1294 (1422768 Gflops/s) - 1291 (1419469 Gflops/s) - 1283 (1410673 Gflops/s) - 1296 (1424967 Gflops/s) - 1292 (1420569 Gflops/s) - 1282 (1409573 Gflops/s) - 1273 (1399678 Gflops/s) - 1275 (1401877 Gflops/s) | Temperatures: 60°C - 62°C - 72°C - 70°C - 64°C - 60°C - 70°C - 74°C | Throttling: None - None - None - None - None - None - None - None
1287 (1415071 Gflops/s) - 1284 (1411772 Gflops/s) - 1278 (1405175 Gflops/s) - 1290 (1418369 Gflops/s) - 1288 (1416170 Gflops/s) - 1275 (1401877 Gflops/s) - 1268 (1394180 Gflops/s) - 1269 (1395280 Gflops/s) | Temperatures: 60°C - 62°C - 72°C - 70°C - 64°C - 60°C - 70°C - 74°C | Throttling: None - None - None - None - None - None - None - None
1289 (1417270 Gflops/s) - 1287 (1415071 Gflops/s) - 1278 (1405175 Gflops/s) - 1291 (1419469 Gflops/s) - 1288 (1416170 Gflops/s) - 1277 (1404076 Gflops/s) - 1271 (1397479 Gflops/s) - 1271 (1397479 Gflops/s) | Temperatures: 60°C - 62°C - 72°C - 70°C - 64°C - 61°C - 70°C - 74°C | Throttling: None - None - None - None - None - None - None - None
1292 (1420569 Gflops/s) - 1289 (1417270 Gflops/s) - 1283 (1410673 Gflops/s) - 1294 (1422768 Gflops/s) - 1291 (1419469 Gflops/s) - 1281 (1408474 Gflops/s) - 1273 (1399678 Gflops/s) - 1274 (1400777 Gflops/s) | Temperatures: 60°C - 62°C - 72°C - 69°C - 64°C - 61°C - 70°C - 74°C | Throttling: None - None - None - None - None - None - None - None
1288 (1416170 Gflops/s) - 1284 (1411772 Gflops/s) - 1278 (1405175 Gflops/s) - 1292 (1420569 Gflops/s) - 1288 (1416170 Gflops/s) - 1277 (1404076 Gflops/s) - 1268 (1394180 Gflops/s) - 1270 (1396379 Gflops/s) | Temperatures: 60°C - 62°C - 72°C - 69°C - 64°C - 60°C - 70°C - 74°C | Throttling: None - None - None - None - None - None - None - None
1288 (1416170 Gflops/s) - 1285 (1412872 Gflops/s) - 1279 (1406275 Gflops/s) - 1290 (1418369 Gflops/s) - 1287 (1415071 Gflops/s) - 1275 (1401877 Gflops/s) - 1269 (1395280 Gflops/s) - 1271 (1397479 Gflops/s) | Temperatures: 60°C - 62°C - 72°C - 69°C - 64°C - 60°C - 70°C - 74°C | Throttling: None - None - None - None - None - None - None - None
1290 (1418369 Gflops/s) - 1286 (1413971 Gflops/s) - 1281 (1408474 Gflops/s) - 1294 (1422768 Gflops/s) - 1290 (1418369 Gflops/s) - 1279 (1406275 Gflops/s) - 1271 (1397479 Gflops/s) - 1272 (1398578 Gflops/s) | Temperatures: 60°C - 62°C - 72°C - 69°C - 64°C - 61°C - 70°C - 74°C | Throttling: None - None - None - None - None - None - None - None
1291 (1419469 Gflops/s) - 1288 (1416170 Gflops/s) - 1281 (1408474 Gflops/s) - 1293 (1421668 Gflops/s) - 1289 (1417270 Gflops/s) - 1280 (1407374 Gflops/s) - 1271 (1397479 Gflops/s) - 1273 (1399678 Gflops/s) | Temperatures: 60°C - 62°C - 72°C - 69°C - 64°C - 60°C - 70°C - 74°C | Throttling: None - None - None - None - None - None - None - None
1290 (1418369 Gflops/s) - 1286 (1413971 Gflops/s) - 1281 (1408474 Gflops/s) - 1292 (1420569 Gflops/s) - 1288 (1416170 Gflops/s) - 1279 (1406275 Gflops/s) - 1271 (1397479 Gflops/s) - 1273 (1399678 Gflops/s) | Temperatures: 60°C - 62°C - 72°C - 69°C - 64°C - 60°C - 70°C - 74°C | Throttling: None - None - None - None - None - None - None - None
1288 (1416170 Gflops/s) - 1285 (1412872 Gflops/s) - 1278 (1405175 Gflops/s) - 1290 (1418369 Gflops/s) - 1286 (1413971 Gflops/s) - 1276 (1402976 Gflops/s) - 1269 (1395280 Gflops/s) - 1269 (1395280 Gflops/s) | Temperatures: 60°C - 62°C - 72°C - 69°C - 64°C - 60°C - 70°C - 74°C | Throttling: None - None - None - None - None - None - None - None
1290 (1418369 Gflops/s) - 1286 (1413971 Gflops/s) - 1279 (1406275 Gflops/s) - 1292 (1420569 Gflops/s) - 1288 (1416170 Gflops/s) - 1279 (1406275 Gflops/s) - 1272 (1398578 Gflops/s) - 1272 (1398578 Gflops/s) | Temperatures: 60°C - 62°C - 72°C - 69°C - 64°C - 60°C - 70°C - 74°C | Throttling: None - None - None - None - None - None - None - None
1293 (1421668 Gflops/s) - 1289 (1417270 Gflops/s) - 1282 (1409573 Gflops/s) - 1294 (1422768 Gflops/s) - 1289 (1417270 Gflops/s) - 1280 (1407374 Gflops/s) - 1273 (1399678 Gflops/s) - 1274 (1400777 Gflops/s) | Temperatures: 60°C - 62°C - 72°C - 69°C - 64°C - 60°C - 70°C - 74°C | Throttling: None - None - None - None - None - None - None - None
1289 (1417270 Gflops/s) - 1286 (1413971 Gflops/s) - 1279 (1406275 Gflops/s) - 1291 (1419469 Gflops/s) - 1288 (1416170 Gflops/s) - 1277 (1404076 Gflops/s) - 1270 (1396379 Gflops/s) - 1270 (1396379 Gflops/s) | Temperatures: 60°C - 62°C - 72°C - 69°C - 64°C - 60°C - 70°C - 74°C | Throttling: None - None - None - None - None - None - None - None
1289 (1417270 Gflops/s) - 1286 (1413971 Gflops/s) - 1280 (1407374 Gflops/s) - 1291 (1419469 Gflops/s) - 1287 (1415071 Gflops/s) - 1277 (1404076 Gflops/s) - 1270 (1396379 Gflops/s) - 1271 (1397479 Gflops/s) | Temperatures: 60°C - 62°C - 72°C - 69°C - 64°C - 60°C - 70°C - 74°C | Throttling: None - None - None - None - None - None - None - None
1289 (1417270 Gflops/s) - 1287 (1415071 Gflops/s) - 1280 (1407374 Gflops/s) - 1291 (1419469 Gflops/s) - 1288 (1416170 Gflops/s) - 1277 (1404076 Gflops/s) - 1270 (1396379 Gflops/s) - 1271 (1397479 Gflops/s) | Temperatures: 60°C - 62°C - 72°C - 69°C - 64°C - 60°C - 70°C - 74°C | Throttling: None - None - None - None - None - None - None - None
1291 (1419469 Gflops/s) - 1287 (1415071 Gflops/s) - 1281 (1408474 Gflops/s) - 1294 (1422768 Gflops/s) - 1289 (1417270 Gflops/s) - 1281 (1408474 Gflops/s) - 1273 (1399678 Gflops/s) - 1274 (1400777 Gflops/s) | Temperatures: 60°C - 62°C - 72°C - 69°C - 64°C - 60°C - 70°C - 74°C | Throttling: None - None - None - None - None - None - None - None
1290 (1418369 Gflops/s) - 1287 (1415071 Gflops/s) - 1280 (1407374 Gflops/s) - 1292 (1420569 Gflops/s) - 1289 (1417270 Gflops/s) - 1278 (1405175 Gflops/s) - 1271 (1397479 Gflops/s) - 1271 (1397479 Gflops/s) | Temperatures: 60°C - 62°C - 72°C - 69°C - 64°C - 60°C - 70°C - 74°C | Throttling: None - None - None - None - None - None - None - None
1289 (1417270 Gflops/s) - 1286 (1413971 Gflops/s) - 1280 (1407374 Gflops/s) - 1292 (1420569 Gflops/s) - 1291 (1419469 Gflops/s) - 1279 (1406275 Gflops/s) - 1270 (1396379 Gflops/s) - 1272 (1398578 Gflops/s) | Temperatures: 60°C - 62°C - 72°C - 69°C - 64°C - 60°C - 70°C - 74°C | Throttling: None - None - None - None - None - None - None - None
1289 (1417270 Gflops/s) - 1286 (1413971 Gflops/s) - 1281 (1408474 Gflops/s) - 1291 (1419469 Gflops/s) - 1287 (1415071 Gflops/s) - 1278 (1405175 Gflops/s) - 1271 (1397479 Gflops/s) - 1272 (1398578 Gflops/s) | Temperatures: 60°C - 62°C - 72°C - 69°C - 64°C - 61°C - 70°C - 74°C | Throttling: None - None - None - None - None - None - None - None
1291 (1419469 Gflops/s) - 1288 (1416170 Gflops/s) - 1281 (1408474 Gflops/s) - 1293 (1421668 Gflops/s) - 1291 (1419469 Gflops/s) - 1279 (1406275 Gflops/s) - 1272 (1398578 Gflops/s) - 1273 (1399678 Gflops/s) | Temperatures: 60°C - 62°C - 72°C - 69°C - 64°C - 60°C - 70°C - 74°C | Throttling: None - None - None - None - None - None - None - None
1290 (1418369 Gflops/s) - 1286 (1413971 Gflops/s) - 1280 (1407374 Gflops/s) - 1292 (1420569 Gflops/s) - 1288 (1416170 Gflops/s) - 1279 (1406275 Gflops/s) - 1272 (1398578 Gflops/s) - 1271 (1397479 Gflops/s) | Temperatures: 60°C - 62°C - 72°C - 69°C - 64°C - 60°C - 70°C - 74°C | Throttling: None - None - None - None - None - None - None - None
1288 (1416170 Gflops/s) - 1286 (1413971 Gflops/s) - 1279 (1406275 Gflops/s) - 1291 (1419469 Gflops/s) - 1289 (1417270 Gflops/s) - 1277 (1404076 Gflops/s) - 1271 (1397479 Gflops/s) - 1271 (1397479 Gflops/s) | Temperatures: 60°C - 62°C - 72°C - 69°C - 64°C - 60°C - 70°C - 74°C | Throttling: None - None - None - None - None - None - None - None
1291 (1419469 Gflops/s) - 1288 (1416170 Gflops/s) - 1282 (1409573 Gflops/s) - 1294 (1422768 Gflops/s) - 1289 (1417270 Gflops/s) - 1279 (1406275 Gflops/s) - 1272 (1398578 Gflops/s) - 1272 (1398578 Gflops/s) | Temperatures: 60°C - 62°C - 72°C - 69°C - 64°C - 60°C - 70°C - 74°C | Throttling: None - None - None - None - None - None - None - None
1289 (1417270 Gflops/s) - 1284 (1411772 Gflops/s) - 1280 (1407374 Gflops/s) - 1291 (1419469 Gflops/s) - 1289 (1417270 Gflops/s) - 1276 (1402976 Gflops/s) - 1269 (1395280 Gflops/s) - 1271 (1397479 Gflops/s) | Temperatures: 60°C - 62°C - 72°C - 69°C - 64°C - 60°C - 70°C - 74°C | Throttling: None - None - None - None - None - None - None - None
1293 (1421668 Gflops/s) - 1291 (1419469 Gflops/s) - 1285 (1412872 Gflops/s) - 1296 (1424967 Gflops/s) - 1293 (1421668 Gflops/s) - 1283 (1410673 Gflops/s) - 1276 (1402976 Gflops/s) - 1276 (1402976 Gflops/s) | Temperatures: 60°C - 62°C - 72°C - 69°C - 64°C - 60°C - 70°C - 74°C | Throttling: None - None - None - None - None - None - None - None
1287 (1415071 Gflops/s) - 1283 (1410673 Gflops/s) - 1277 (1404076 Gflops/s) - 1289 (1417270 Gflops/s) - 1285 (1412872 Gflops/s) - 1274 (1400777 Gflops/s) - 1269 (1395280 Gflops/s) - 1268 (1394180 Gflops/s) | Temperatures: 60°C - 62°C - 72°C - 69°C - 64°C - 60°C - 70°C - 74°C | Throttling: None - None - None - None - None - None - None - None
1289 (1417270 Gflops/s) - 1285 (1412872 Gflops/s) - 1281 (1408474 Gflops/s) - 1292 (1420569 Gflops/s) - 1288 (1416170 Gflops/s) - 1278 (1405175 Gflops/s) - 1274 (1400777 Gflops/s) - 1273 (1399678 Gflops/s) | Temperatures: 60°C - 62°C - 72°C - 69°C - 64°C - 60°C - 70°C - 74°C | Throttling: None - None - None - None - None - None - None - None
1290 (1418369 Gflops/s) - 1285 (1412872 Gflops/s) - 1281 (1408474 Gflops/s) - 1292 (1420569 Gflops/s) - 1289 (1417270 Gflops/s) - 1279 (1406275 Gflops/s) - 1270 (1396379 Gflops/s) - 1272 (1398578 Gflops/s) | Temperatures: 60°C - 62°C - 72°C - 69°C - 64°C - 60°C - 70°C - 74°C | Throttling: None - None - None - None - None - None - None - None
1290 (1418369 Gflops/s) - 1288 (1416170 Gflops/s) - 1282 (1409573 Gflops/s) - 1292 (1420569 Gflops/s) - 1290 (1418369 Gflops/s) - 1278 (1405175 Gflops/s) - 1272 (1398578 Gflops/s) - 1274 (1400777 Gflops/s) | Temperatures: 60°C - 62°C - 72°C - 69°C - 64°C - 60°C - 70°C - 74°C | Throttling: None - None - None - None - None - None - None - None
1289 (1417270 Gflops/s) - 1286 (1413971 Gflops/s) - 1279 (1406275 Gflops/s) - 1291 (1419469 Gflops/s) - 1288 (1416170 Gflops/s) - 1277 (1404076 Gflops/s) - 1271 (1397479 Gflops/s) - 1271 (1397479 Gflops/s) | Temperatures: 60°C - 62°C - 72°C - 69°C - 64°C - 60°C - 70°C - 74°C | Throttling: None - None - None - None - None - None - None - None
1291 (1419469 Gflops/s) - 1287 (1415071 Gflops/s) - 1281 (1408474 Gflops/s) - 1293 (1421668 Gflops/s) - 1289 (1417270 Gflops/s) - 1280 (1407374 Gflops/s) - 1272 (1398578 Gflops/s) - 1273 (1399678 Gflops/s) | Temperatures: 60°C - 62°C - 72°C - 69°C - 64°C - 60°C - 70°C - 74°C | Throttling: None - None - None - None - None - None - None - None
1288 (1416170 Gflops/s) - 1284 (1411772 Gflops/s) - 1279 (1406275 Gflops/s) - 1291 (1419469 Gflops/s) - 1288 (1416170 Gflops/s) - 1277 (1404076 Gflops/s) - 1270 (1396379 Gflops/s) - 1272 (1398578 Gflops/s) | Temperatures: 60°C - 62°C - 72°C - 69°C - 64°C - 60°C - 70°C - 74°C | Throttling: None - None - None - None - None - None - None - None
1293 (1421668 Gflops/s) - 1288 (1416170 Gflops/s) - 1283 (1410673 Gflops/s) - 1295 (1423867 Gflops/s) - 1291 (1419469 Gflops/s) - 1281 (1408474 Gflops/s) - 1273 (1399678 Gflops/s) - 1275 (1401877 Gflops/s) | Temperatures: 60°C - 62°C - 72°C - 69°C - 64°C - 60°C - 70°C - 74°C | Throttling: None - None - None - None - None - None - None - None
1288 (1416170 Gflops/s) - 1285 (1412872 Gflops/s) - 1278 (1405175 Gflops/s) - 1291 (1419469 Gflops/s) - 1288 (1416170 Gflops/s) - 1277 (1404076 Gflops/s) - 1270 (1396379 Gflops/s) - 1271 (1397479 Gflops/s) | Temperatures: 60°C - 62°C - 72°C - 69°C - 64°C - 60°C - 70°C - 74°C | Throttling: None - None - None - None - None - None - None - None
1288 (1416170 Gflops/s) - 1284 (1411772 Gflops/s) - 1280 (1407374 Gflops/s) - 1291 (1419469 Gflops/s) - 1287 (1415071 Gflops/s) - 1277 (1404076 Gflops/s) - 1271 (1397479 Gflops/s) - 1271 (1397479 Gflops/s) | Temperatures: 60°C - 62°C - 72°C - 69°C - 64°C - 60°C - 70°C - 74°C | Throttling: None - None - None - None - None - None - None - None
1293 (1421668 Gflops/s) - 1290 (1418369 Gflops/s) - 1283 (1410673 Gflops/s) - 1294 (1422768 Gflops/s) - 1291 (1419469 Gflops/s) - 1281 (1408474 Gflops/s) - 1274 (1400777 Gflops/s) - 1274 (1400777 Gflops/s) | Temperatures: 60°C - 62°C - 72°C - 69°C - 64°C - 60°C - 70°C - 74°C | Throttling: None - None - None - None - None - None - None - None
1288 (1416170 Gflops/s) - 1284 (1411772 Gflops/s) - 1281 (1408474 Gflops/s) - 1291 (1419469 Gflops/s) - 1289 (1417270 Gflops/s) - 1278 (1405175 Gflops/s) - 1269 (1395280 Gflops/s) - 1271 (1397479 Gflops/s) | Temperatures: 60°C - 62°C - 72°C - 69°C - 64°C - 60°C - 70°C - 74°C | Throttling: None - None - None - None - None - None - None - None
1289 (1417270 Gflops/s) - 1284 (1411772 Gflops/s) - 1279 (1406275 Gflops/s) - 1292 (1420569 Gflops/s) - 1288 (1416170 Gflops/s) - 1277 (1404076 Gflops/s) - 1272 (1398578 Gflops/s) - 1272 (1398578 Gflops/s) | Temperatures: 60°C - 62°C - 72°C - 69°C - 64°C - 60°C - 70°C - 74°C | Throttling: None - None - None - None - None - None - None - None
1292 (1420569 Gflops/s) - 1288 (1416170 Gflops/s) - 1282 (1409573 Gflops/s) - 1293 (1421668 Gflops/s) - 1290 (1418369 Gflops/s) - 1280 (1407374 Gflops/s) - 1271 (1397479 Gflops/s) - 1273 (1399678 Gflops/s) | Temperatures: 60°C - 62°C - 72°C - 69°C - 64°C - 60°C - 70°C - 74°C | Throttling: None - None - None - None - None - None - None - None
1289 (1417270 Gflops/s) - 1286 (1413971 Gflops/s) - 1280 (1407374 Gflops/s) - 1292 (1420569 Gflops/s) - 1287 (1415071 Gflops/s) - 1278 (1405175 Gflops/s) - 1272 (1398578 Gflops/s) - 1272 (1398578 Gflops/s) | Temperatures: 60°C - 62°C - 72°C - 69°C - 64°C - 60°C - 70°C - 74°C | Throttling: None - None - None - None - None - None - None - None
1289 (1417270 Gflops/s) - 1286 (1413971 Gflops/s) - 1279 (1406275 Gflops/s) - 1291 (1419469 Gflops/s) - 1290 (1418369 Gflops/s) - 1278 (1405175 Gflops/s) - 1269 (1395280 Gflops/s) - 1272 (1398578 Gflops/s) | Temperatures: 60°C - 62°C - 72°C - 69°C - 64°C - 60°C - 70°C - 74°C | Throttling: None - None - None - None - None - None - None - None
1292 (1420569 Gflops/s) - 1288 (1416170 Gflops/s) - 1282 (1409573 Gflops/s) - 1294 (1422768 Gflops/s) - 1292 (1420569 Gflops/s) - 1280 (1407374 Gflops/s) - 1274 (1400777 Gflops/s) - 1273 (1399678 Gflops/s) | Temperatures: 60°C - 62°C - 72°C - 69°C - 64°C - 60°C - 70°C - 74°C | Throttling: None - None - None - None - None - None - None - None
1288 (1416170 Gflops/s) - 1284 (1411772 Gflops/s) - 1279 (1406275 Gflops/s) - 1290 (1418369 Gflops/s) - 1285 (1412872 Gflops/s) - 1276 (1402976 Gflops/s) - 1269 (1395280 Gflops/s) - 1272 (1398578 Gflops/s) | Temperatures: 60°C - 62°C - 72°C - 69°C - 64°C - 60°C - 70°C - 74°C | Throttling: None - None - None - None - None - None - None - None
1291 (1419469 Gflops/s) - 1288 (1416170 Gflops/s) - 1283 (1410673 Gflops/s) - 1293 (1421668 Gflops/s) - 1290 (1418369 Gflops/s) - 1280 (1407374 Gflops/s) - 1274 (1400777 Gflops/s) - 1274 (1400777 Gflops/s) | Temperatures: 60°C - 62°C - 72°C - 69°C - 64°C - 60°C - 70°C - 74°C | Throttling: None - None - None - None - None - None - None - None
1289 (1417270 Gflops/s) - 1286 (1413971 Gflops/s) - 1279 (1406275 Gflops/s) - 1292 (1420569 Gflops/s) - 1288 (1416170 Gflops/s) - 1279 (1406275 Gflops/s) - 1273 (1399678 Gflops/s) - 1272 (1398578 Gflops/s) | Temperatures: 60°C - 62°C - 72°C - 69°C - 64°C - 60°C - 70°C - 74°C | Throttling: None - None - None - None - None - None - None - None
1289 (1417270 Gflops/s) - 1285 (1412872 Gflops/s) - 1281 (1408474 Gflops/s) - 1291 (1419469 Gflops/s) - 1286 (1413971 Gflops/s) - 1277 (1404076 Gflops/s) - 1270 (1396379 Gflops/s) - 1271 (1397479 Gflops/s) | Temperatures: 60°C - 62°C - 72°C - 69°C - 64°C - 60°C - 70°C - 74°C | Throttling: None - None - None - None - None - None - None - None
1292 (1420569 Gflops/s) - 1288 (1416170 Gflops/s) - 1282 (1409573 Gflops/s) - 1294 (1422768 Gflops/s) - 1291 (1419469 Gflops/s) - 1280 (1407374 Gflops/s) - 1275 (1401877 Gflops/s) - 1274 (1400777 Gflops/s) | Temperatures: 60°C - 62°C - 72°C - 69°C - 64°C - 60°C - 70°C - 74°C | Throttling: None - None - None - None - None - None - None - None
1288 (1416170 Gflops/s) - 1285 (1412872 Gflops/s) - 1279 (1406275 Gflops/s) - 1290 (1418369 Gflops/s) - 1288 (1416170 Gflops/s) - 1278 (1405175 Gflops/s) - 1270 (1396379 Gflops/s) - 1271 (1397479 Gflops/s) | Temperatures: 60°C - 62°C - 72°C - 69°C - 64°C - 60°C - 70°C - 74°C | Throttling: None - None - None - None - None - None - None - None
1293 (1421668 Gflops/s) - 1288 (1416170 Gflops/s) - 1283 (1410673 Gflops/s) - 1295 (1423867 Gflops/s) - 1292 (1420569 Gflops/s) - 1282 (1409573 Gflops/s) - 1276 (1402976 Gflops/s) - 1275 (1401877 Gflops/s) | Temperatures: 60°C - 62°C - 72°C - 69°C - 64°C - 60°C - 70°C - 74°C | Throttling: None - None - None - None - None - None - None - None
1287 (1415071 Gflops/s) - 1284 (1411772 Gflops/s) - 1278 (1405175 Gflops/s) - 1290 (1418369 Gflops/s) - 1287 (1415071 Gflops/s) - 1276 (1402976 Gflops/s) - 1269 (1395280 Gflops/s) - 1272 (1398578 Gflops/s) | Temperatures: 60°C - 62°C - 72°C - 69°C - 64°C - 60°C - 70°C - 74°C | Throttling: None - None - None - None - None - None - None - None
1290 (1418369 Gflops/s) - 1285 (1412872 Gflops/s) - 1279 (1406275 Gflops/s) - 1292 (1420569 Gflops/s) - 1287 (1415071 Gflops/s) - 1277 (1404076 Gflops/s) - 1272 (1398578 Gflops/s) - 1271 (1397479 Gflops/s) | Temperatures: 60°C - 62°C - 72°C - 69°C - 64°C - 60°C - 70°C - 74°C | Throttling: None - None - None - None - None - None - None - None
1292 (1420569 Gflops/s) - 1288 (1416170 Gflops/s) - 1284 (1411772 Gflops/s) - 1294 (1422768 Gflops/s) - 1291 (1419469 Gflops/s) - 1282 (1409573 Gflops/s) - 1274 (1400777 Gflops/s) - 1274 (1400777 Gflops/s) | Temperatures: 60°C - 62°C - 72°C - 69°C - 64°C - 60°C - 70°C - 74°C | Throttling: None - None - None - None - None - None - None - None
1288 (1416170 Gflops/s) - 1284 (1411772 Gflops/s) - 1278 (1405175 Gflops/s) - 1290 (1418369 Gflops/s) - 1287 (1415071 Gflops/s) - 1277 (1404076 Gflops/s) - 1271 (1397479 Gflops/s) - 1271 (1397479 Gflops/s) | Temperatures: 60°C - 62°C - 72°C - 69°C - 64°C - 60°C - 70°C - 74°C | Throttling: None - None - None - None - None - None - None - None
1288 (1416170 Gflops/s) - 1285 (1412872 Gflops/s) - 1278 (1405175 Gflops/s) - 1291 (1419469 Gflops/s) - 1288 (1416170 Gflops/s) - 1276 (1402976 Gflops/s) - 1271 (1397479 Gflops/s) - 1271 (1397479 Gflops/s) | Temperatures: 60°C - 62°C - 72°C - 69°C - 64°C - 60°C - 70°C - 74°C | Throttling: None - None - None - None - None - None - None - None
1290 (1418369 Gflops/s) - 1288 (1416170 Gflops/s) - 1282 (1409573 Gflops/s) - 1293 (1421668 Gflops/s) - 1289 (1417270 Gflops/s) - 1279 (1406275 Gflops/s) - 1274 (1400777 Gflops/s) - 1272 (1398578 Gflops/s) | Temperatures: 60°C - 62°C - 72°C - 69°C - 64°C - 60°C - 70°C - 74°C | Throttling: None - None - None - None - None - None - None - None
1290 (1418369 Gflops/s) - 1286 (1413971 Gflops/s) - 1280 (1407374 Gflops/s) - 1293 (1421668 Gflops/s) - 1288 (1416170 Gflops/s) - 1279 (1406275 Gflops/s) - 1271 (1397479 Gflops/s) - 1272 (1398578 Gflops/s) | Temperatures: 60°C - 62°C - 72°C - 69°C - 64°C - 60°C - 70°C - 74°C | Throttling: None - None - None - None - None - None - None - None
1300 (1429365 Gflops/s) - 1297 (1426066 Gflops/s) - 1290 (1418369 Gflops/s) - 1302 (1431564 Gflops/s) - 1299 (1428265 Gflops/s) - 1288 (1416170 Gflops/s) - 1283 (1410673 Gflops/s) - 1282 (1409573 Gflops/s) | Temperatures: 60°C - 62°C - 72°C - 69°C - 64°C - 60°C - 70°C - 74°C | Throttling: None - None - None - None - None - None - None - None
1280 (1407374 Gflops/s) - 1277 (1404076 Gflops/s) - 1272 (1398578 Gflops/s) - 1283 (1410673 Gflops/s) - 1278 (1405175 Gflops/s) - 1269 (1395280 Gflops/s) - 1261 (1386484 Gflops/s) - 1263 (1388683 Gflops/s) | Temperatures: 60°C - 62°C - 72°C - 69°C - 64°C - 60°C - 70°C - 74°C | Throttling: None - None - None - None - None - None - None - None
1288 (1416170 Gflops/s) - 1284 (1411772 Gflops/s) - 1280 (1407374 Gflops/s) - 1291 (1419469 Gflops/s) - 1287 (1415071 Gflops/s) - 1276 (1402976 Gflops/s) - 1269 (1395280 Gflops/s) - 1270 (1396379 Gflops/s) | Temperatures: 60°C - 62°C - 72°C - 69°C - 64°C - 60°C - 70°C - 74°C | Throttling: None - None - None - None - None - None - None - None
1293 (1421668 Gflops/s) - 1289 (1417270 Gflops/s) - 1284 (1411772 Gflops/s) - 1295 (1423867 Gflops/s) - 1293 (1421668 Gflops/s) - 1281 (1408474 Gflops/s) - 1274 (1400777 Gflops/s) - 1274 (1400777 Gflops/s) | Temperatures: 60°C - 62°C - 72°C - 69°C - 64°C - 60°C - 70°C - 74°C | Throttling: None - None - None - None - None - None - None - None
1287 (1415071 Gflops/s) - 1284 (1411772 Gflops/s) - 1278 (1405175 Gflops/s) - 1290 (1418369 Gflops/s) - 1288 (1416170 Gflops/s) - 1276 (1402976 Gflops/s) - 1271 (1397479 Gflops/s) - 1271 (1397479 Gflops/s) | Temperatures: 60°C - 62°C - 72°C - 69°C - 64°C - 60°C - 70°C - 74°C | Throttling: None - None - None - None - None - None - None - None
1289 (1417270 Gflops/s) - 1284 (1411772 Gflops/s) - 1280 (1407374 Gflops/s) - 1291 (1419469 Gflops/s) - 1286 (1413971 Gflops/s) - 1277 (1404076 Gflops/s) - 1271 (1397479 Gflops/s) - 1272 (1398578 Gflops/s) | Temperatures: 60°C - 62°C - 72°C - 69°C - 64°C - 60°C - 70°C - 74°C | Throttling: None - None - None - None - None - None - None - None
1292 (1420569 Gflops/s) - 1290 (1418369 Gflops/s) - 1282 (1409573 Gflops/s) - 1295 (1423867 Gflops/s) - 1292 (1420569 Gflops/s) - 1281 (1408474 Gflops/s) - 1275 (1401877 Gflops/s) - 1274 (1400777 Gflops/s) | Temperatures: 60°C - 62°C - 72°C - 69°C - 64°C - 60°C - 70°C - 74°C | Throttling: None - None - None - None - None - None - None - None
1289 (1417270 Gflops/s) - 1284 (1411772 Gflops/s) - 1279 (1406275 Gflops/s) - 1291 (1419469 Gflops/s) - 1289 (1417270 Gflops/s) - 1277 (1404076 Gflops/s) - 1271 (1397479 Gflops/s) - 1271 (1397479 Gflops/s) | Temperatures: 60°C - 62°C - 72°C - 69°C - 64°C - 60°C - 70°C - 74°C | Throttling: None - None - None - None - None - None - None - None
1298 (1427166 Gflops/s) - 1295 (1423867 Gflops/s) - 1289 (1417270 Gflops/s) - 1301 (1430464 Gflops/s) - 1298 (1427166 Gflops/s) - 1287 (1415071 Gflops/s) - 1282 (1409573 Gflops/s) - 1281 (1408474 Gflops/s) | Temperatures: 60°C - 62°C - 72°C - 69°C - 64°C - 60°C - 70°C - 74°C | Throttling: None - None - None - None - None - None - None - None
1281 (1408474 Gflops/s) - 1276 (1402976 Gflops/s) - 1271 (1397479 Gflops/s) - 1283 (1410673 Gflops/s) - 1278 (1405175 Gflops/s) - 1270 (1396379 Gflops/s) - 1263 (1388683 Gflops/s) - 1263 (1388683 Gflops/s) | Temperatures: 60°C - 62°C - 72°C - 69°C - 64°C - 60°C - 70°C - 74°C | Throttling: None - None - None - None - None - None - None - None
1289 (1417270 Gflops/s) - 1284 (1411772 Gflops/s) - 1279 (1406275 Gflops/s) - 1291 (1419469 Gflops/s) - 1286 (1413971 Gflops/s) - 1276 (1402976 Gflops/s) - 1271 (1397479 Gflops/s) - 1271 (1397479 Gflops/s) | Temperatures: 60°C - 62°C - 72°C - 69°C - 64°C - 60°C - 70°C - 74°C | Throttling: None - None - None - None - None - None - None - None
1292 (1420569 Gflops/s) - 1288 (1416170 Gflops/s) - 1284 (1411772 Gflops/s) - 1294 (1422768 Gflops/s) - 1291 (1419469 Gflops/s) - 1282 (1409573 Gflops/s) - 1274 (1400777 Gflops/s) - 1275 (1401877 Gflops/s) | Temperatures: 60°C - 62°C - 72°C - 69°C - 64°C - 61°C - 70°C - 74°C | Throttling: None - None - None - None - None - None - None - None
1288 (1416170 Gflops/s) - 1283 (1410673 Gflops/s) - 1278 (1405175 Gflops/s) - 1291 (1419469 Gflops/s) - 1287 (1415071 Gflops/s) - 1278 (1405175 Gflops/s) - 1271 (1397479 Gflops/s) - 1271 (1397479 Gflops/s) | Temperatures: 60°C - 62°C - 72°C - 69°C - 64°C - 60°C - 70°C - 74°C | Throttling: None - None - None - None - None - None - None - None
1288 (1416170 Gflops/s) - 1284 (1411772 Gflops/s) - 1280 (1407374 Gflops/s) - 1290 (1418369 Gflops/s) - 1287 (1415071 Gflops/s) - 1275 (1401877 Gflops/s) - 1271 (1397479 Gflops/s) - 1269 (1395280 Gflops/s) | Temperatures: 60°C - 62°C - 72°C - 69°C - 64°C - 60°C - 70°C - 74°C | Throttling: None - None - None - None - None - None - None - None
1293 (1421668 Gflops/s) - 1288 (1416170 Gflops/s) - 1282 (1409573 Gflops/s) - 1295 (1423867 Gflops/s) - 1292 (1420569 Gflops/s) - 1280 (1407374 Gflops/s) - 1275 (1401877 Gflops/s) - 1275 (1401877 Gflops/s) | Temperatures: 60°C - 62°C - 72°C - 69°C - 64°C - 60°C - 70°C - 74°C | Throttling: None - None - None - None - None - None - None - None
1288 (1416170 Gflops/s) - 1284 (1411772 Gflops/s) - 1279 (1406275 Gflops/s) - 1291 (1419469 Gflops/s) - 1286 (1413971 Gflops/s) - 1276 (1402976 Gflops/s) - 1271 (1397479 Gflops/s) - 1271 (1397479 Gflops/s) | Temperatures: 60°C - 62°C - 72°C - 69°C - 64°C - 60°C - 70°C - 74°C | Throttling: None - None - None - None - None - None - None - None
1299 (1428265 Gflops/s) - 1295 (1423867 Gflops/s) - 1289 (1417270 Gflops/s) - 1301 (1430464 Gflops/s) - 1296 (1424967 Gflops/s) - 1287 (1415071 Gflops/s) - 1281 (1408474 Gflops/s) - 1282 (1409573 Gflops/s) | Temperatures: 60°C - 62°C - 72°C - 69°C - 64°C - 60°C - 70°C - 74°C | Throttling: None - None - None - None - None - None - None - None
1282 (1409573 Gflops/s) - 1279 (1406275 Gflops/s) - 1273 (1399678 Gflops/s) - 1284 (1411772 Gflops/s) - 1280 (1407374 Gflops/s) - 1270 (1396379 Gflops/s) - 1265 (1390882 Gflops/s) - 1265 (1390882 Gflops/s) | Temperatures: 60°C - 62°C - 72°C - 69°C - 64°C - 61°C - 70°C - 74°C | Throttling: None - None - None - None - None - None - None - None
1287 (1415071 Gflops/s) - 1284 (1411772 Gflops/s) - 1277 (1404076 Gflops/s) - 1290 (1418369 Gflops/s) - 1285 (1412872 Gflops/s) - 1275 (1401877 Gflops/s) - 1269 (1395280 Gflops/s) - 1270 (1396379 Gflops/s) | Temperatures: 60°C - 62°C - 72°C - 69°C - 64°C - 61°C - 70°C - 74°C | Throttling: None - None - None - None - None - None - None - None
1292 (1420569 Gflops/s) - 1286 (1413971 Gflops/s) - 1283 (1410673 Gflops/s) - 1295 (1423867 Gflops/s) - 1290 (1418369 Gflops/s) - 1281 (1408474 Gflops/s) - 1274 (1400777 Gflops/s) - 1274 (1400777 Gflops/s) | Temperatures: 60°C - 62°C - 72°C - 69°C - 64°C - 61°C - 70°C - 74°C | Throttling: None - None - None - None - None - None - None - None
1289 (1417270 Gflops/s) - 1285 (1412872 Gflops/s) - 1280 (1407374 Gflops/s) - 1290 (1418369 Gflops/s) - 1288 (1416170 Gflops/s) - 1277 (1404076 Gflops/s) - 1271 (1397479 Gflops/s) - 1270 (1396379 Gflops/s) | Temperatures: 60°C - 62°C - 72°C - 69°C - 64°C - 60°C - 70°C - 74°C | Throttling: None - None - None - None - None - None - None - None
1289 (1417270 Gflops/s) - 1285 (1412872 Gflops/s) - 1279 (1406275 Gflops/s) - 1291 (1419469 Gflops/s) - 1286 (1413971 Gflops/s) - 1278 (1405175 Gflops/s) - 1270 (1396379 Gflops/s) - 1271 (1397479 Gflops/s) | Temperatures: 60°C - 62°C - 72°C - 69°C - 64°C - 60°C - 70°C - 74°C | Throttling: None - None - None - None - None - None - None - None
1292 (1420569 Gflops/s) - 1289 (1417270 Gflops/s) - 1284 (1411772 Gflops/s) - 1295 (1423867 Gflops/s) - 1293 (1421668 Gflops/s) - 1281 (1408474 Gflops/s) - 1273 (1399678 Gflops/s) - 1274 (1400777 Gflops/s) | Temperatures: 60°C - 62°C - 72°C - 69°C - 64°C - 61°C - 70°C - 74°C | Throttling: None - None - None - None - None - None - None - None
1289 (1417270 Gflops/s) - 1285 (1412872 Gflops/s) - 1279 (1406275 Gflops/s) - 1290 (1418369 Gflops/s) - 1286 (1413971 Gflops/s) - 1277 (1404076 Gflops/s) - 1270 (1396379 Gflops/s) - 1270 (1396379 Gflops/s) | Temperatures: 60°C - 62°C - 72°C - 69°C - 64°C - 60°C - 70°C - 74°C | Throttling: None - None - None - None - None - None - None - None
1299 (1428265 Gflops/s) - 1296 (1424967 Gflops/s) - 1289 (1417270 Gflops/s) - 1302 (1431564 Gflops/s) - 1298 (1427166 Gflops/s) - 1287 (1415071 Gflops/s) - 1282 (1409573 Gflops/s) - 1282 (1409573 Gflops/s) | Temperatures: 60°C - 62°C - 72°C - 69°C - 64°C - 60°C - 70°C - 74°C | Throttling: None - None - None - None - None - None - None - None
1280 (1407374 Gflops/s) - 1277 (1404076 Gflops/s) - 1271 (1397479 Gflops/s) - 1283 (1410673 Gflops/s) - 1280 (1407374 Gflops/s) - 1269 (1395280 Gflops/s) - 1263 (1388683 Gflops/s) - 1264 (1389782 Gflops/s) | Temperatures: 60°C - 62°C - 72°C - 69°C - 64°C - 60°C - 70°C - 74°C | Throttling: None - None - None - None - None - None - None - None
1289 (1417270 Gflops/s) - 1286 (1413971 Gflops/s) - 1280 (1407374 Gflops/s) - 1292 (1420569 Gflops/s) - 1288 (1416170 Gflops/s) - 1278 (1405175 Gflops/s) - 1271 (1397479 Gflops/s) - 1271 (1397479 Gflops/s) | Temperatures: 60°C - 62°C - 72°C - 69°C - 64°C - 60°C - 70°C - 74°C | Throttling: None - None - None - None - None - None - None - None
1291 (1419469 Gflops/s) - 1288 (1416170 Gflops/s) - 1281 (1408474 Gflops/s) - 1293 (1421668 Gflops/s) - 1290 (1418369 Gflops/s) - 1279 (1406275 Gflops/s) - 1272 (1398578 Gflops/s) - 1274 (1400777 Gflops/s) | Temperatures: 60°C - 62°C - 72°C - 69°C - 64°C - 61°C - 70°C - 74°C | Throttling: None - None - None - None - None - None - None - None
1290 (1418369 Gflops/s) - 1285 (1412872 Gflops/s) - 1281 (1408474 Gflops/s) - 1293 (1421668 Gflops/s) - 1289 (1417270 Gflops/s) - 1278 (1405175 Gflops/s) - 1272 (1398578 Gflops/s) - 1271 (1397479 Gflops/s) | Temperatures: 60°C - 62°C - 72°C - 69°C - 64°C - 60°C - 70°C - 74°C | Throttling: None - None - None - None - None - None - None - None
1288 (1416170 Gflops/s) - 1285 (1412872 Gflops/s) - 1280 (1407374 Gflops/s) - 1290 (1418369 Gflops/s) - 1287 (1415071 Gflops/s) - 1276 (1402976 Gflops/s) - 1271 (1397479 Gflops/s) - 1271 (1397479 Gflops/s) | Temperatures: 60°C - 62°C - 72°C - 69°C - 65°C - 60°C - 70°C - 74°C | Throttling: None - None - None - None - None - None - None - None
1292 (1420569 Gflops/s) - 1289 (1417270 Gflops/s) - 1282 (1409573 Gflops/s) - 1294 (1422768 Gflops/s) - 1289 (1417270 Gflops/s) - 1280 (1407374 Gflops/s) - 1273 (1399678 Gflops/s) - 1275 (1401877 Gflops/s) | Temperatures: 60°C - 62°C - 72°C - 69°C - 65°C - 61°C - 70°C - 74°C | Throttling: None - None - None - None - None - None - None - None
1289 (1417270 Gflops/s) - 1285 (1412872 Gflops/s) - 1280 (1407374 Gflops/s) - 1292 (1420569 Gflops/s) - 1288 (1416170 Gflops/s) - 1278 (1405175 Gflops/s) - 1270 (1396379 Gflops/s) - 1271 (1397479 Gflops/s) | Temperatures: 60°C - 62°C - 72°C - 69°C - 64°C - 61°C - 70°C - 74°C | Throttling: None - None - None - None - None - None - None - None
1289 (1417270 Gflops/s) - 1285 (1412872 Gflops/s) - 1279 (1406275 Gflops/s) - 1291 (1419469 Gflops/s) - 1287 (1415071 Gflops/s) - 1275 (1401877 Gflops/s) - 1271 (1397479 Gflops/s) - 1270 (1396379 Gflops/s) | Temperatures: 60°C - 62°C - 72°C - 69°C - 64°C - 60°C - 70°C - 74°C | Throttling: None - None - None - None - None - None - None - None
1290 (1418369 Gflops/s) - 1286 (1413971 Gflops/s) - 1280 (1407374 Gflops/s) - 1293 (1421668 Gflops/s) - 1289 (1417270 Gflops/s) - 1280 (1407374 Gflops/s) - 1273 (1399678 Gflops/s) - 1273 (1399678 Gflops/s) | Temperatures: 60°C - 62°C - 72°C - 69°C - 64°C - 61°C - 70°C - 74°C | Throttling: None - None - None - None - None - None - None - None
1289 (1417270 Gflops/s) - 1285 (1412872 Gflops/s) - 1280 (1407374 Gflops/s) - 1291 (1419469 Gflops/s) - 1287 (1415071 Gflops/s) - 1276 (1402976 Gflops/s) - 1270 (1396379 Gflops/s) - 1270 (1396379 Gflops/s) | Temperatures: 60°C - 62°C - 72°C - 69°C - 65°C - 61°C - 70°C - 74°C | Throttling: None - None - None - None - None - None - None - None
1291 (1419469 Gflops/s) - 1290 (1418369 Gflops/s) - 1283 (1410673 Gflops/s) - 1294 (1422768 Gflops/s) - 1290 (1418369 Gflops/s) - 1281 (1408474 Gflops/s) - 1273 (1399678 Gflops/s) - 1275 (1401877 Gflops/s) | Temperatures: 60°C - 62°C - 72°C - 69°C - 65°C - 61°C - 70°C - 74°C | Throttling: None - None - None - None - None - None - None - None
1288 (1416170 Gflops/s) - 1283 (1410673 Gflops/s) - 1277 (1404076 Gflops/s) - 1291 (1419469 Gflops/s) - 1285 (1412872 Gflops/s) - 1276 (1402976 Gflops/s) - 1270 (1396379 Gflops/s) - 1268 (1394180 Gflops/s) | Temperatures: 60°C - 62°C - 72°C - 69°C - 64°C - 61°C - 70°C - 74°C | Throttling: None - None - None - None - None - None - None - None
1289 (1417270 Gflops/s) - 1287 (1415071 Gflops/s) - 1280 (1407374 Gflops/s) - 1291 (1419469 Gflops/s) - 1288 (1416170 Gflops/s) - 1277 (1404076 Gflops/s) - 1271 (1397479 Gflops/s) - 1270 (1396379 Gflops/s) | Temperatures: 60°C - 62°C - 72°C - 69°C - 64°C - 61°C - 70°C - 74°C | Throttling: None - None - None - None - None - None - None - None
1292 (1420569 Gflops/s) - 1289 (1417270 Gflops/s) - 1283 (1410673 Gflops/s) - 1294 (1422768 Gflops/s) - 1289 (1417270 Gflops/s) - 1279 (1406275 Gflops/s) - 1273 (1399678 Gflops/s) - 1273 (1399678 Gflops/s) | Temperatures: 60°C - 62°C - 72°C - 69°C - 64°C - 61°C - 70°C - 74°C | Throttling: None - None - None - None - None - None - None - None
1289 (1417270 Gflops/s) - 1285 (1412872 Gflops/s) - 1280 (1407374 Gflops/s) - 1291 (1419469 Gflops/s) - 1288 (1416170 Gflops/s) - 1277 (1404076 Gflops/s) - 1271 (1397479 Gflops/s) - 1271 (1397479 Gflops/s) | Temperatures: 60°C - 62°C - 72°C - 69°C - 64°C - 60°C - 70°C - 74°C | Throttling: None - None - None - None - None - None - None - None
1293 (1421668 Gflops/s) - 1289 (1417270 Gflops/s) - 1284 (1411772 Gflops/s) - 1296 (1424967 Gflops/s) - 1291 (1419469 Gflops/s) - 1281 (1408474 Gflops/s) - 1276 (1402976 Gflops/s) - 1274 (1400777 Gflops/s) | Temperatures: 60°C - 62°C - 72°C - 69°C - 64°C - 61°C - 70°C - 74°C | Throttling: None - None - None - None - None - None - None - None
1286 (1413971 Gflops/s) - 1283 (1410673 Gflops/s) - 1276 (1402976 Gflops/s) - 1288 (1416170 Gflops/s) - 1285 (1412872 Gflops/s) - 1274 (1400777 Gflops/s) - 1268 (1394180 Gflops/s) - 1269 (1395280 Gflops/s) | Temperatures: 60°C - 62°C - 72°C - 69°C - 65°C - 61°C - 70°C - 74°C | Throttling: None - None - None - None - None - None - None - None
1289 (1417270 Gflops/s) - 1286 (1413971 Gflops/s) - 1280 (1407374 Gflops/s) - 1292 (1420569 Gflops/s) - 1288 (1416170 Gflops/s) - 1278 (1405175 Gflops/s) - 1272 (1398578 Gflops/s) - 1271 (1397479 Gflops/s) | Temperatures: 60°C - 62°C - 72°C - 69°C - 65°C - 61°C - 70°C - 74°C | Throttling: None - None - None - None - None - None - None - None
1291 (1419469 Gflops/s) - 1286 (1413971 Gflops/s) - 1282 (1409573 Gflops/s) - 1292 (1420569 Gflops/s) - 1288 (1416170 Gflops/s) - 1277 (1404076 Gflops/s) - 1272 (1398578 Gflops/s) - 1273 (1399678 Gflops/s) | Temperatures: 60°C - 62°C - 72°C - 69°C - 64°C - 61°C - 70°C - 74°C | Throttling: None - None - None - None - None - None - None - None
1290 (1418369 Gflops/s) - 1286 (1413971 Gflops/s) - 1280 (1407374 Gflops/s) - 1292 (1420569 Gflops/s) - 1289 (1417270 Gflops/s) - 1277 (1404076 Gflops/s) - 1273 (1399678 Gflops/s) - 1272 (1398578 Gflops/s) | Temperatures: 60°C - 62°C - 72°C - 69°C - 64°C - 61°C - 70°C - 74°C | Throttling: None - None - None - None - None - None - None - None
1289 (1417270 Gflops/s) - 1284 (1411772 Gflops/s) - 1280 (1407374 Gflops/s) - 1290 (1418369 Gflops/s) - 1285 (1412872 Gflops/s) - 1276 (1402976 Gflops/s) - 1269 (1395280 Gflops/s) - 1270 (1396379 Gflops/s) | Temperatures: 60°C - 62°C - 72°C - 69°C - 64°C - 61°C - 70°C - 74°C | Throttling: None - None - None - None - None - None - None - None
1288 (1416170 Gflops/s) - 1285 (1412872 Gflops/s) - 1280 (1407374 Gflops/s) - 1292 (1420569 Gflops/s) - 1287 (1415071 Gflops/s) - 1277 (1404076 Gflops/s) - 1271 (1397479 Gflops/s) - 1272 (1398578 Gflops/s) | Temperatures: 60°C - 62°C - 72°C - 69°C - 64°C - 61°C - 70°C - 74°C | Throttling: None - None - None - None - None - None - None - None
1291 (1419469 Gflops/s) - 1287 (1415071 Gflops/s) - 1281 (1408474 Gflops/s) - 1292 (1420569 Gflops/s) - 1288 (1416170 Gflops/s) - 1278 (1405175 Gflops/s) - 1272 (1398578 Gflops/s) - 1272 (1398578 Gflops/s) | Temperatures: 60°C - 62°C - 72°C - 69°C - 64°C - 61°C - 70°C - 74°C | Throttling: None - None - None - None - None - None - None - None
1291 (1419469 Gflops/s) - 1288 (1416170 Gflops/s) - 1282 (1409573 Gflops/s) - 1294 (1422768 Gflops/s) - 1289 (1417270 Gflops/s) - 1279 (1406275 Gflops/s) - 1273 (1399678 Gflops/s) - 1274 (1400777 Gflops/s) | Temperatures: 60°C - 62°C - 72°C - 69°C - 65°C - 61°C - 70°C - 74°C | Throttling: None - None - None - None - None - None - None - None
1290 (1418369 Gflops/s) - 1286 (1413971 Gflops/s) - 1280 (1407374 Gflops/s) - 1291 (1419469 Gflops/s) - 1287 (1415071 Gflops/s) - 1277 (1404076 Gflops/s) - 1271 (1397479 Gflops/s) - 1271 (1397479 Gflops/s) | Temperatures: 60°C - 62°C - 72°C - 69°C - 64°C - 61°C - 70°C - 74°C | Throttling: None - None - None - None - None - None - None - None
1288 (1416170 Gflops/s) - 1285 (1412872 Gflops/s) - 1278 (1405175 Gflops/s) - 1291 (1419469 Gflops/s) - 1289 (1417270 Gflops/s) - 1276 (1402976 Gflops/s) - 1267 (1393081 Gflops/s) - 1271 (1397479 Gflops/s) | Temperatures: 60°C - 62°C - 72°C - 69°C - 65°C - 61°C - 70°C - 74°C | Throttling: None - None - None - None - None - None - None - None
1291 (1419469 Gflops/s) - 1288 (1416170 Gflops/s) - 1281 (1408474 Gflops/s) - 1293 (1421668 Gflops/s) - 1290 (1418369 Gflops/s) - 1278 (1405175 Gflops/s) - 1272 (1398578 Gflops/s) - 1272 (1398578 Gflops/s) | Temperatures: 60°C - 62°C - 72°C - 69°C - 65°C - 61°C - 70°C - 74°C | Throttling: None - None - None - None - None - None - None - None
1288 (1416170 Gflops/s) - 1283 (1410673 Gflops/s) - 1279 (1406275 Gflops/s) - 1292 (1420569 Gflops/s) - 1287 (1415071 Gflops/s) - 1276 (1402976 Gflops/s) - 1271 (1397479 Gflops/s) - 1271 (1397479 Gflops/s) | Temperatures: 60°C - 62°C - 72°C - 69°C - 65°C - 61°C - 70°C - 74°C | Throttling: None - None - None - None - None - None - None - None
1290 (1418369 Gflops/s) - 1284 (1411772 Gflops/s) - 1280 (1407374 Gflops/s) - 1291 (1419469 Gflops/s) - 1287 (1415071 Gflops/s) - 1277 (1404076 Gflops/s) - 1269 (1395280 Gflops/s) - 1271 (1397479 Gflops/s) | Temperatures: 60°C - 62°C - 72°C - 69°C - 65°C - 61°C - 70°C - 74°C | Throttling: None - None - None - None - None - None - None - None
1290 (1418369 Gflops/s) - 1288 (1416170 Gflops/s) - 1282 (1409573 Gflops/s) - 1294 (1422768 Gflops/s) - 1290 (1418369 Gflops/s) - 1279 (1406275 Gflops/s) - 1273 (1399678 Gflops/s) - 1272 (1398578 Gflops/s) | Temperatures: 60°C - 62°C - 72°C - 69°C - 65°C - 61°C - 70°C - 74°C | Throttling: None - None - None - None - None - None - None - None
1289 (1417270 Gflops/s) - 1284 (1411772 Gflops/s) - 1279 (1406275 Gflops/s) - 1291 (1419469 Gflops/s) - 1286 (1413971 Gflops/s) - 1278 (1405175 Gflops/s) - 1272 (1398578 Gflops/s) - 1272 (1398578 Gflops/s) | Temperatures: 60°C - 62°C - 72°C - 69°C - 65°C - 61°C - 70°C - 74°C | Throttling: None - None - None - None - None - None - None - None
1289 (1417270 Gflops/s) - 1284 (1411772 Gflops/s) - 1279 (1406275 Gflops/s) - 1292 (1420569 Gflops/s) - 1287 (1415071 Gflops/s) - 1278 (1405175 Gflops/s) - 1271 (1397479 Gflops/s) - 1270 (1396379 Gflops/s) | Temperatures: 60°C - 62°C - 72°C - 69°C - 65°C - 61°C - 70°C - 74°C | Throttling: None - None - None - None - None - None - None - None
1291 (1419469 Gflops/s) - 1287 (1415071 Gflops/s) - 1281 (1408474 Gflops/s) - 1292 (1420569 Gflops/s) - 1291 (1419469 Gflops/s) - 1277 (1404076 Gflops/s) - 1272 (1398578 Gflops/s) - 1273 (1399678 Gflops/s) | Temperatures: 60°C - 62°C - 72°C - 69°C - 65°C - 61°C - 70°C - 75°C | Throttling: None - None - None - None - None - None - None - None
1289 (1417270 Gflops/s) - 1284 (1411772 Gflops/s) - 1278 (1405175 Gflops/s) - 1292 (1420569 Gflops/s) - 1286 (1413971 Gflops/s) - 1278 (1405175 Gflops/s) - 1270 (1396379 Gflops/s) - 1271 (1397479 Gflops/s) | Temperatures: 60°C - 62°C - 72°C - 69°C - 65°C - 61°C - 70°C - 74°C | Throttling: None - None - None - None - None - None - None - None
1289 (1417270 Gflops/s) - 1286 (1413971 Gflops/s) - 1280 (1407374 Gflops/s) - 1292 (1420569 Gflops/s) - 1287 (1415071 Gflops/s) - 1278 (1405175 Gflops/s) - 1271 (1397479 Gflops/s) - 1272 (1398578 Gflops/s) | Temperatures: 60°C - 62°C - 72°C - 69°C - 65°C - 61°C - 70°C - 75°C | Throttling: None - None - None - None - None - None - None - None
1291 (1419469 Gflops/s) - 1287 (1415071 Gflops/s) - 1282 (1409573 Gflops/s) - 1292 (1420569 Gflops/s) - 1289 (1417270 Gflops/s) - 1279 (1406275 Gflops/s) - 1272 (1398578 Gflops/s) - 1271 (1397479 Gflops/s) | Temperatures: 60°C - 62°C - 72°C - 69°C - 65°C - 61°C - 70°C - 75°C | Throttling: None - None - None - None - None - None - None - None
1289 (1417270 Gflops/s) - 1284 (1411772 Gflops/s) - 1278 (1405175 Gflops/s) - 1290 (1418369 Gflops/s) - 1286 (1413971 Gflops/s) - 1275 (1401877 Gflops/s) - 1268 (1394180 Gflops/s) - 1271 (1397479 Gflops/s) | Temperatures: 60°C - 62°C - 72°C - 69°C - 65°C - 61°C - 70°C - 74°C | Throttling: None - None - None - None - None - None - None - None
1291 (1419469 Gflops/s) - 1287 (1415071 Gflops/s) - 1282 (1409573 Gflops/s) - 1293 (1421668 Gflops/s) - 1288 (1416170 Gflops/s) - 1280 (1407374 Gflops/s) - 1272 (1398578 Gflops/s) - 1272 (1398578 Gflops/s) | Temperatures: 60°C - 62°C - 72°C - 69°C - 65°C - 61°C - 70°C - 75°C | Throttling: None - None - None - None - None - None - None - None
1333 (1465648 Gflops/s) - 1328 (1460151 Gflops/s) - 1322 (1453554 Gflops/s) - 1336 (1468947 Gflops/s) - 1331 (1463449 Gflops/s) - 1320 (1451355 Gflops/s) - 1316 (1446957 Gflops/s) - 1314 (1444758 Gflops/s) | Temperatures: 60°C - 62°C - 72°C - 69°C - 65°C - 61°C - 70°C - 75°C | Throttling: None - None - None - None - None - None - None - None
1405 (1544813 Gflops/s) - 1401 (1540415 Gflops/s) - 1393 (1531619 Gflops/s) - 1407 (1547012 Gflops/s) - 1403 (1542614 Gflops/s) - 1391 (1529420 Gflops/s) - 1386 (1523923 Gflops/s) - 1385 (1522823 Gflops/s) | Temperatures: 60°C - 62°C - 72°C - 69°C - 65°C - 61°C - 70°C - 74°C | Throttling: None - None - None - None - None - None - None - None
1406 (1545913 Gflops/s) - 1402 (1541515 Gflops/s) - 1395 (1533818 Gflops/s) - 1408 (1548112 Gflops/s) - 1402 (1541515 Gflops/s) - 1392 (1530520 Gflops/s) - 1386 (1523923 Gflops/s) - 1386 (1523923 Gflops/s) | Temperatures: 60°C - 62°C - 72°C - 69°C - 65°C - 61°C - 70°C - 75°C | Throttling: None - None - None - None - None - None - None - None
1405 (1544813 Gflops/s) - 1401 (1540415 Gflops/s) - 1396 (1534918 Gflops/s) - 1408 (1548112 Gflops/s) - 1403 (1542614 Gflops/s) - 1392 (1530520 Gflops/s) - 1387 (1525022 Gflops/s) - 1384 (1521724 Gflops/s) | Temperatures: 60°C - 62°C - 72°C - 69°C - 65°C - 61°C - 70°C - 74°C | Throttling: None - None - None - None - None - None - None - None
1406 (1545913 Gflops/s) - 1402 (1541515 Gflops/s) - 1395 (1533818 Gflops/s) - 1409 (1549211 Gflops/s) - 1403 (1542614 Gflops/s) - 1391 (1529420 Gflops/s) - 1387 (1525022 Gflops/s) - 1386 (1523923 Gflops/s) | Temperatures: 60°C - 62°C - 72°C - 69°C - 65°C - 61°C - 70°C - 75°C | Throttling: None - None - None - None - None - None - None - None
1406 (1545913 Gflops/s) - 1401 (1540415 Gflops/s) - 1395 (1533818 Gflops/s) - 1408 (1548112 Gflops/s) - 1404 (1543714 Gflops/s) - 1392 (1530520 Gflops/s) - 1385 (1522823 Gflops/s) - 1386 (1523923 Gflops/s) | Temperatures: 60°C - 62°C - 72°C - 69°C - 65°C - 61°C - 70°C - 75°C | Throttling: None - None - None - None - None - None - None - None
1405 (1544813 Gflops/s) - 1400 (1539316 Gflops/s) - 1395 (1533818 Gflops/s) - 1407 (1547012 Gflops/s) - 1404 (1543714 Gflops/s) - 1394 (1532719 Gflops/s) - 1386 (1523923 Gflops/s) - 1386 (1523923 Gflops/s) | Temperatures: 60°C - 62°C - 72°C - 69°C - 65°C - 61°C - 70°C - 75°C | Throttling: None - None - None - None - None - None - None - None
1406 (1545913 Gflops/s) - 1402 (1541515 Gflops/s) - 1395 (1533818 Gflops/s) - 1406 (1545913 Gflops/s) - 1402 (1541515 Gflops/s) - 1392 (1530520 Gflops/s) - 1386 (1523923 Gflops/s) - 1385 (1522823 Gflops/s) | Temperatures: 60°C - 62°C - 72°C - 69°C - 65°C - 61°C - 70°C - 75°C | Throttling: None - None - None - None - None - None - None - None
1406 (1545913 Gflops/s) - 1400 (1539316 Gflops/s) - 1395 (1533818 Gflops/s) - 1408 (1548112 Gflops/s) - 1404 (1543714 Gflops/s) - 1393 (1531619 Gflops/s) - 1385 (1522823 Gflops/s) - 1385 (1522823 Gflops/s) | Temperatures: 60°C - 62°C - 72°C - 69°C - 65°C - 61°C - 70°C - 75°C | Throttling: None - None - None - None - None - None - None - None
1404 (1543714 Gflops/s) - 1401 (1540415 Gflops/s) - 1394 (1532719 Gflops/s) - 1408 (1548112 Gflops/s) - 1403 (1542614 Gflops/s) - 1392 (1530520 Gflops/s) - 1386 (1523923 Gflops/s) - 1386 (1523923 Gflops/s) | Temperatures: 60°C - 62°C - 72°C - 69°C - 65°C - 61°C - 70°C - 75°C | Throttling: None - None - None - None - None - None - None - None
1406 (1545913 Gflops/s) - 1401 (1540415 Gflops/s) - 1394 (1532719 Gflops/s) - 1408 (1548112 Gflops/s) - 1402 (1541515 Gflops/s) - 1393 (1531619 Gflops/s) - 1386 (1523923 Gflops/s) - 1387 (1525022 Gflops/s) | Temperatures: 60°C - 62°C - 72°C - 69°C - 65°C - 61°C - 70°C - 74°C | Throttling: None - None - None - None - None - None - None - None
1405 (1544813 Gflops/s) - 1401 (1540415 Gflops/s) - 1395 (1533818 Gflops/s) - 1408 (1548112 Gflops/s) - 1403 (1542614 Gflops/s) - 1392 (1530520 Gflops/s) - 1385 (1522823 Gflops/s) - 1384 (1521724 Gflops/s) | Temperatures: 60°C - 62°C - 72°C - 69°C - 65°C - 61°C - 70°C - 75°C | Throttling: None - None - None - None - None - None - None - None
1405 (1544813 Gflops/s) - 1401 (1540415 Gflops/s) - 1394 (1532719 Gflops/s) - 1407 (1547012 Gflops/s) - 1405 (1544813 Gflops/s) - 1392 (1530520 Gflops/s) - 1386 (1523923 Gflops/s) - 1387 (1525022 Gflops/s) | Temperatures: 60°C - 62°C - 72°C - 69°C - 65°C - 61°C - 70°C - 75°C | Throttling: None - None - None - None - None - None - None - None
1406 (1545913 Gflops/s) - 1401 (1540415 Gflops/s) - 1395 (1533818 Gflops/s) - 1407 (1547012 Gflops/s) - 1404 (1543714 Gflops/s) - 1392 (1530520 Gflops/s) - 1384 (1521724 Gflops/s) - 1385 (1522823 Gflops/s) | Temperatures: 60°C - 62°C - 72°C - 69°C - 65°C - 61°C - 70°C - 75°C | Throttling: None - None - None - None - None - None - None - None
1406 (1545913 Gflops/s) - 1401 (1540415 Gflops/s) - 1393 (1531619 Gflops/s) - 1406 (1545913 Gflops/s) - 1404 (1543714 Gflops/s) - 1391 (1529420 Gflops/s) - 1386 (1523923 Gflops/s) - 1386 (1523923 Gflops/s) | Temperatures: 60°C - 62°C - 72°C - 69°C - 65°C - 61°C - 70°C - 75°C | Throttling: None - None - None - None - None - None - None - None
1406 (1545913 Gflops/s) - 1401 (1540415 Gflops/s) - 1394 (1532719 Gflops/s) - 1408 (1548112 Gflops/s) - 1402 (1541515 Gflops/s) - 1393 (1531619 Gflops/s) - 1386 (1523923 Gflops/s) - 1385 (1522823 Gflops/s) | Temperatures: 60°C - 62°C - 72°C - 69°C - 65°C - 61°C - 70°C - 75°C | Throttling: None - None - None - None - None - None - None - None
1405 (1544813 Gflops/s) - 1401 (1540415 Gflops/s) - 1395 (1533818 Gflops/s) - 1407 (1547012 Gflops/s) - 1403 (1542614 Gflops/s) - 1391 (1529420 Gflops/s) - 1385 (1522823 Gflops/s) - 1386 (1523923 Gflops/s) | Temperatures: 60°C - 62°C - 72°C - 69°C - 65°C - 61°C - 70°C - 75°C | Throttling: None - None - None - None - None - None - None - None
1405 (1544813 Gflops/s) - 1401 (1540415 Gflops/s) - 1394 (1532719 Gflops/s) - 1407 (1547012 Gflops/s) - 1403 (1542614 Gflops/s) - 1391 (1529420 Gflops/s) - 1385 (1522823 Gflops/s) - 1386 (1523923 Gflops/s) | Temperatures: 60°C - 62°C - 72°C - 69°C - 65°C - 61°C - 70°C - 75°C | Throttling: None - None - None - None - None - None - None - None
1406 (1545913 Gflops/s) - 1402 (1541515 Gflops/s) - 1394 (1532719 Gflops/s) - 1407 (1547012 Gflops/s) - 1403 (1542614 Gflops/s) - 1391 (1529420 Gflops/s) - 1385 (1522823 Gflops/s) - 1385 (1522823 Gflops/s) | Temperatures: 60°C - 62°C - 72°C - 69°C - 65°C - 61°C - 70°C - 75°C | Throttling: None - None - None - None - None - None - None - None
1405 (1544813 Gflops/s) - 1400 (1539316 Gflops/s) - 1395 (1533818 Gflops/s) - 1407 (1547012 Gflops/s) - 1404 (1543714 Gflops/s) - 1392 (1530520 Gflops/s) - 1383 (1520624 Gflops/s) - 1385 (1522823 Gflops/s) | Temperatures: 60°C - 62°C - 72°C - 69°C - 65°C - 61°C - 70°C - 75°C | Throttling: None - None - None - None - None - None - None - None
1406 (1545913 Gflops/s) - 1402 (1541515 Gflops/s) - 1395 (1533818 Gflops/s) - 1408 (1548112 Gflops/s) - 1404 (1543714 Gflops/s) - 1394 (1532719 Gflops/s) - 1388 (1526122 Gflops/s) - 1387 (1525022 Gflops/s) | Temperatures: 60°C - 62°C - 72°C - 69°C - 65°C - 61°C - 70°C - 75°C | Throttling: None - None - None - None - None - None - None - None
1405 (1544813 Gflops/s) - 1400 (1539316 Gflops/s) - 1392 (1530520 Gflops/s) - 1406 (1545913 Gflops/s) - 1404 (1543714 Gflops/s) - 1392 (1530520 Gflops/s) - 1385 (1522823 Gflops/s) - 1384 (1521724 Gflops/s) | Temperatures: 60°C - 62°C - 72°C - 69°C - 65°C - 61°C - 70°C - 75°C | Throttling: None - None - None - None - None - None - None - None
1406 (1545913 Gflops/s) - 1402 (1541515 Gflops/s) - 1396 (1534918 Gflops/s) - 1407 (1547012 Gflops/s) - 1404 (1543714 Gflops/s) - 1394 (1532719 Gflops/s) - 1388 (1526122 Gflops/s) - 1386 (1523923 Gflops/s) | Temperatures: 60°C - 62°C - 72°C - 69°C - 65°C - 61°C - 70°C - 75°C | Throttling: None - None - None - None - None - None - None - None
1405 (1544813 Gflops/s) - 1402 (1541515 Gflops/s) - 1395 (1533818 Gflops/s) - 1407 (1547012 Gflops/s) - 1404 (1543714 Gflops/s) - 1393 (1531619 Gflops/s) - 1385 (1522823 Gflops/s) - 1386 (1523923 Gflops/s) | Temperatures: 60°C - 62°C - 72°C - 69°C - 65°C - 61°C - 70°C - 75°C | Throttling: None - None - None - None - None - None - None - None
1406 (1545913 Gflops/s) - 1401 (1540415 Gflops/s) - 1394 (1532719 Gflops/s) - 1407 (1547012 Gflops/s) - 1403 (1542614 Gflops/s) - 1391 (1529420 Gflops/s) - 1386 (1523923 Gflops/s) - 1386 (1523923 Gflops/s) | Temperatures: 60°C - 62°C - 72°C - 69°C - 65°C - 61°C - 70°C - 75°C | Throttling: None - None - None - None - None - None - None - None
1405 (1544813 Gflops/s) - 1402 (1541515 Gflops/s) - 1395 (1533818 Gflops/s) - 1408 (1548112 Gflops/s) - 1404 (1543714 Gflops/s) - 1392 (1530520 Gflops/s) - 1386 (1523923 Gflops/s) - 1385 (1522823 Gflops/s) | Temperatures: 60°C - 62°C - 72°C - 69°C - 65°C - 61°C - 70°C - 75°C | Throttling: None - None - None - None - None - None - None - None
1405 (1544813 Gflops/s) - 1400 (1539316 Gflops/s) - 1395 (1533818 Gflops/s) - 1407 (1547012 Gflops/s) - 1402 (1541515 Gflops/s) - 1392 (1530520 Gflops/s) - 1385 (1522823 Gflops/s) - 1385 (1522823 Gflops/s) | Temperatures: 60°C - 62°C - 72°C - 69°C - 65°C - 61°C - 70°C - 75°C | Throttling: None - None - None - None - None - None - None - None
1406 (1545913 Gflops/s) - 1401 (1540415 Gflops/s) - 1394 (1532719 Gflops/s) - 1409 (1549211 Gflops/s) - 1404 (1543714 Gflops/s) - 1394 (1532719 Gflops/s) - 1387 (1525022 Gflops/s) - 1385 (1522823 Gflops/s) | Temperatures: 60°C - 62°C - 72°C - 69°C - 65°C - 61°C - 70°C - 75°C | Throttling: None - None - None - None - None - None - None - None
1405 (1544813 Gflops/s) - 1402 (1541515 Gflops/s) - 1395 (1533818 Gflops/s) - 1408 (1548112 Gflops/s) - 1403 (1542614 Gflops/s) - 1391 (1529420 Gflops/s) - 1388 (1526122 Gflops/s) - 1385 (1522823 Gflops/s) | Temperatures: 60°C - 62°C - 72°C - 69°C - 65°C - 61°C - 70°C - 75°C | Throttling: None - None - None - None - None - None - None - None
1406 (1545913 Gflops/s) - 1401 (1540415 Gflops/s) - 1393 (1531619 Gflops/s) - 1408 (1548112 Gflops/s) - 1403 (1542614 Gflops/s) - 1391 (1529420 Gflops/s) - 1384 (1521724 Gflops/s) - 1386 (1523923 Gflops/s) | Temperatures: 60°C - 62°C - 72°C - 69°C - 65°C - 61°C - 70°C - 75°C | Throttling: None - None - None - None - None - None - None - None
1404 (1543714 Gflops/s) - 1399 (1538216 Gflops/s) - 1394 (1532719 Gflops/s) - 1406 (1545913 Gflops/s) - 1402 (1541515 Gflops/s) - 1392 (1530520 Gflops/s) - 1383 (1520624 Gflops/s) - 1384 (1521724 Gflops/s) | Temperatures: 60°C - 62°C - 72°C - 69°C - 65°C - 61°C - 70°C - 75°C | Throttling: None - None - None - None - None - None - None - None
1406 (1545913 Gflops/s) - 1401 (1540415 Gflops/s) - 1395 (1533818 Gflops/s) - 1408 (1548112 Gflops/s) - 1403 (1542614 Gflops/s) - 1392 (1530520 Gflops/s) - 1385 (1522823 Gflops/s) - 1385 (1522823 Gflops/s) | Temperatures: 60°C - 62°C - 72°C - 69°C - 65°C - 61°C - 70°C - 75°C | Throttling: None - None - None - None - None - None - None - None
1405 (1544813 Gflops/s) - 1400 (1539316 Gflops/s) - 1396 (1534918 Gflops/s) - 1408 (1548112 Gflops/s) - 1403 (1542614 Gflops/s) - 1392 (1530520 Gflops/s) - 1386 (1523923 Gflops/s) - 1385 (1522823 Gflops/s) | Temperatures: 60°C - 62°C - 72°C - 69°C - 65°C - 61°C - 70°C - 75°C | Throttling: None - None - None - None - None - None - None - None
1406 (1545913 Gflops/s) - 1401 (1540415 Gflops/s) - 1394 (1532719 Gflops/s) - 1409 (1549211 Gflops/s) - 1403 (1542614 Gflops/s) - 1391 (1529420 Gflops/s) - 1386 (1523923 Gflops/s) - 1385 (1522823 Gflops/s) | Temperatures: 60°C - 62°C - 72°C - 69°C - 65°C - 61°C - 70°C - 75°C | Throttling: None - None - None - None - None - None - None - None
1406 (1545913 Gflops/s) - 1400 (1539316 Gflops/s) - 1395 (1533818 Gflops/s) - 1408 (1548112 Gflops/s) - 1403 (1542614 Gflops/s) - 1393 (1531619 Gflops/s) - 1384 (1521724 Gflops/s) - 1386 (1523923 Gflops/s) | Temperatures: 60°C - 62°C - 72°C - 69°C - 65°C - 61°C - 70°C - 75°C | Throttling: None - None - None - None - None - None - None - None
1406 (1545913 Gflops/s) - 1401 (1540415 Gflops/s) - 1395 (1533818 Gflops/s) - 1408 (1548112 Gflops/s) - 1405 (1544813 Gflops/s) - 1391 (1529420 Gflops/s) - 1384 (1521724 Gflops/s) - 1385 (1522823 Gflops/s) | Temperatures: 60°C - 62°C - 72°C - 69°C - 65°C - 61°C - 70°C - 75°C | Throttling: None - None - None - None - None - None - None - None
1404 (1543714 Gflops/s) - 1399 (1538216 Gflops/s) - 1393 (1531619 Gflops/s) - 1407 (1547012 Gflops/s) - 1402 (1541515 Gflops/s) - 1391 (1529420 Gflops/s) - 1385 (1522823 Gflops/s) - 1385 (1522823 Gflops/s) | Temperatures: 60°C - 62°C - 72°C - 69°C - 65°C - 61°C - 70°C - 75°C | Throttling: None - None - None - None - None - None - None - None
1406 (1545913 Gflops/s) - 1400 (1539316 Gflops/s) - 1394 (1532719 Gflops/s) - 1408 (1548112 Gflops/s) - 1405 (1544813 Gflops/s) - 1392 (1530520 Gflops/s) - 1382 (1519525 Gflops/s) - 1386 (1523923 Gflops/s) | Temperatures: 60°C - 62°C - 72°C - 69°C - 65°C - 61°C - 70°C - 75°C | Throttling: None - None - None - None - None - None - None - None
1406 (1545913 Gflops/s) - 1400 (1539316 Gflops/s) - 1395 (1533818 Gflops/s) - 1409 (1549211 Gflops/s) - 1404 (1543714 Gflops/s) - 1392 (1530520 Gflops/s) - 1384 (1521724 Gflops/s) - 1385 (1522823 Gflops/s) | Temperatures: 60°C - 62°C - 72°C - 69°C - 65°C - 61°C - 70°C - 75°C | Throttling: None - None - None - None - None - None - None - None
1406 (1545913 Gflops/s) - 1400 (1539316 Gflops/s) - 1395 (1533818 Gflops/s) - 1408 (1548112 Gflops/s) - 1403 (1542614 Gflops/s) - 1392 (1530520 Gflops/s) - 1386 (1523923 Gflops/s) - 1386 (1523923 Gflops/s) | Temperatures: 60°C - 62°C - 72°C - 69°C - 65°C - 61°C - 70°C - 75°C | Throttling: None - None - None - None - None - None - None - None
1405 (1544813 Gflops/s) - 1400 (1539316 Gflops/s) - 1395 (1533818 Gflops/s) - 1408 (1548112 Gflops/s) - 1403 (1542614 Gflops/s) - 1393 (1531619 Gflops/s) - 1384 (1521724 Gflops/s) - 1384 (1521724 Gflops/s) | Temperatures: 60°C - 62°C - 72°C - 69°C - 65°C - 61°C - 70°C - 75°C | Throttling: None - None - None - None - None - None - None - None
1406 (1545913 Gflops/s) - 1401 (1540415 Gflops/s) - 1395 (1533818 Gflops/s) - 1408 (1548112 Gflops/s) - 1405 (1544813 Gflops/s) - 1393 (1531619 Gflops/s) - 1387 (1525022 Gflops/s) - 1384 (1521724 Gflops/s) | Temperatures: 60°C - 62°C - 72°C - 69°C - 65°C - 61°C - 70°C - 75°C | Throttling: None - None - None - None - None - None - None - None
1404 (1543714 Gflops/s) - 1399 (1538216 Gflops/s) - 1393 (1531619 Gflops/s) - 1407 (1547012 Gflops/s) - 1403 (1542614 Gflops/s) - 1392 (1530520 Gflops/s) - 1382 (1519525 Gflops/s) - 1383 (1520624 Gflops/s) | Temperatures: 60°C - 62°C - 72°C - 69°C - 65°C - 61°C - 70°C - 75°C | Throttling: None - None - None - None - None - None - None - None
1406 (1545913 Gflops/s) - 1401 (1540415 Gflops/s) - 1394 (1532719 Gflops/s) - 1408 (1548112 Gflops/s) - 1403 (1542614 Gflops/s) - 1392 (1530520 Gflops/s) - 1385 (1522823 Gflops/s) - 1386 (1523923 Gflops/s) | Temperatures: 60°C - 62°C - 72°C - 69°C - 65°C - 61°C - 70°C - 75°C | Throttling: None - None - None - None - None - None - None - None
1405 (1544813 Gflops/s) - 1401 (1540415 Gflops/s) - 1395 (1533818 Gflops/s) - 1408 (1548112 Gflops/s) - 1406 (1545913 Gflops/s) - 1393 (1531619 Gflops/s) - 1385 (1522823 Gflops/s) - 1385 (1522823 Gflops/s) | Temperatures: 60°C - 62°C - 72°C - 69°C - 65°C - 61°C - 70°C - 75°C | Throttling: None - None - None - None - None - None - None - None
1406 (1545913 Gflops/s) - 1400 (1539316 Gflops/s) - 1395 (1533818 Gflops/s) - 1408 (1548112 Gflops/s) - 1403 (1542614 Gflops/s) - 1393 (1531619 Gflops/s) - 1386 (1523923 Gflops/s) - 1385 (1522823 Gflops/s) | Temperatures: 60°C - 62°C - 72°C - 69°C - 65°C - 61°C - 70°C - 75°C | Throttling: None - None - None - None - None - None - None - None
1405 (1544813 Gflops/s) - 1400 (1539316 Gflops/s) - 1395 (1533818 Gflops/s) - 1408 (1548112 Gflops/s) - 1405 (1544813 Gflops/s) - 1392 (1530520 Gflops/s) - 1384 (1521724 Gflops/s) - 1385 (1522823 Gflops/s) | Temperatures: 60°C - 62°C - 72°C - 69°C - 65°C - 61°C - 70°C - 75°C | Throttling: None - None - None - None - None - None - None - None
1405 (1544813 Gflops/s) - 1401 (1540415 Gflops/s) - 1395 (1533818 Gflops/s) - 1408 (1548112 Gflops/s) - 1403 (1542614 Gflops/s) - 1393 (1531619 Gflops/s) - 1386 (1523923 Gflops/s) - 1385 (1522823 Gflops/s) | Temperatures: 60°C - 62°C - 72°C - 69°C - 65°C - 61°C - 70°C - 75°C | Throttling: None - None - None - None - None - None - None - None
1405 (1544813 Gflops/s) - 1400 (1539316 Gflops/s) - 1392 (1530520 Gflops/s) - 1407 (1547012 Gflops/s) - 1401 (1540415 Gflops/s) - 1392 (1530520 Gflops/s) - 1383 (1520624 Gflops/s) - 1384 (1521724 Gflops/s) | Temperatures: 60°C - 62°C - 72°C - 69°C - 65°C - 61°C - 70°C - 75°C | Throttling: None - None - None - None - None - None - None - None
1405 (1544813 Gflops/s) - 1400 (1539316 Gflops/s) - 1395 (1533818 Gflops/s) - 1407 (1547012 Gflops/s) - 1404 (1543714 Gflops/s) - 1393 (1531619 Gflops/s) - 1386 (1523923 Gflops/s) - 1386 (1523923 Gflops/s) | Temperatures: 60°C - 62°C - 72°C - 69°C - 65°C - 61°C - 70°C - 75°C | Throttling: None - None - None - None - None - None - None - None
1406 (1545913 Gflops/s) - 1400 (1539316 Gflops/s) - 1395 (1533818 Gflops/s) - 1408 (1548112 Gflops/s) - 1403 (1542614 Gflops/s) - 1393 (1531619 Gflops/s) - 1385 (1522823 Gflops/s) - 1384 (1521724 Gflops/s) | Temperatures: 60°C - 62°C - 72°C - 69°C - 65°C - 61°C - 70°C - 75°C | Throttling: None - None - None - None - None - None - None - None
1406 (1545913 Gflops/s) - 1401 (1540415 Gflops/s) - 1395 (1533818 Gflops/s) - 1407 (1547012 Gflops/s) - 1404 (1543714 Gflops/s) - 1393 (1531619 Gflops/s) - 1385 (1522823 Gflops/s) - 1384 (1521724 Gflops/s) | Temperatures: 60°C - 62°C - 72°C - 69°C - 65°C - 61°C - 70°C - 75°C | Throttling: None - None - None - None - None - None - None - None
1406 (1545913 Gflops/s) - 1401 (1540415 Gflops/s) - 1394 (1532719 Gflops/s) - 1408 (1548112 Gflops/s) - 1403 (1542614 Gflops/s) - 1392 (1530520 Gflops/s) - 1385 (1522823 Gflops/s) - 1385 (1522823 Gflops/s) | Temperatures: 60°C - 62°C - 72°C - 69°C - 65°C - 61°C - 70°C - 75°C | Throttling: None - None - None - None - None - None - None - None
1405 (1544813 Gflops/s) - 1399 (1538216 Gflops/s) - 1393 (1531619 Gflops/s) - 1408 (1548112 Gflops/s) - 1402 (1541515 Gflops/s) - 1391 (1529420 Gflops/s) - 1383 (1520624 Gflops/s) - 1382 (1519525 Gflops/s) | Temperatures: 60°C - 62°C - 72°C - 69°C - 65°C - 61°C - 70°C - 75°C | Throttling: None - None - None - None - None - None - None - None
1407 (1547012 Gflops/s) - 1400 (1539316 Gflops/s) - 1394 (1532719 Gflops/s) - 1408 (1548112 Gflops/s) - 1404 (1543714 Gflops/s) - 1392 (1530520 Gflops/s) - 1384 (1521724 Gflops/s) - 1385 (1522823 Gflops/s) | Temperatures: 60°C - 62°C - 72°C - 69°C - 65°C - 61°C - 70°C - 75°C | Throttling: None - None - None - None - None - None - None - None
1405 (1544813 Gflops/s) - 1402 (1541515 Gflops/s) - 1394 (1532719 Gflops/s) - 1408 (1548112 Gflops/s) - 1403 (1542614 Gflops/s) - 1391 (1529420 Gflops/s) - 1387 (1525022 Gflops/s) - 1385 (1522823 Gflops/s) | Temperatures: 60°C - 62°C - 72°C - 69°C - 65°C - 61°C - 70°C - 75°C | Throttling: None - None - None - None - None - None - None - None
1407 (1547012 Gflops/s) - 1401 (1540415 Gflops/s) - 1393 (1531619 Gflops/s) - 1408 (1548112 Gflops/s) - 1404 (1543714 Gflops/s) - 1394 (1532719 Gflops/s) - 1387 (1525022 Gflops/s) - 1385 (1522823 Gflops/s) | Temperatures: 60°C - 62°C - 72°C - 69°C - 65°C - 61°C - 70°C - 75°C | Throttling: None - None - None - None - None - None - None - None
1406 (1545913 Gflops/s) - 1402 (1541515 Gflops/s) - 1393 (1531619 Gflops/s) - 1408 (1548112 Gflops/s) - 1403 (1542614 Gflops/s) - 1392 (1530520 Gflops/s) - 1384 (1521724 Gflops/s) - 1385 (1522823 Gflops/s) | Temperatures: 60°C - 62°C - 72°C - 69°C - 65°C - 61°C - 70°C - 75°C | Throttling: None - None - None - None - None - None - None - None
1403 (1542614 Gflops/s) - 1399 (1538216 Gflops/s) - 1393 (1531619 Gflops/s) - 1407 (1547012 Gflops/s) - 1411 (1551410 Gflops/s) - 1392 (1530520 Gflops/s) - 1385 (1522823 Gflops/s) - 1384 (1521724 Gflops/s) | Temperatures: 60°C - 62°C - 72°C - 69°C - 65°C - 61°C - 70°C - 75°C | Throttling: None - None - None - None - None - None - None - None
1407 (1547012 Gflops/s) - 1401 (1540415 Gflops/s) - 1393 (1531619 Gflops/s) - 1407 (1547012 Gflops/s) - 1412 (1552510 Gflops/s) - 1392 (1530520 Gflops/s) - 1385 (1522823 Gflops/s) - 1385 (1522823 Gflops/s) | Temperatures: 60°C - 62°C - 72°C - 69°C - 65°C - 61°C - 70°C - 75°C | Throttling: None - None - None - None - None - None - None - None
1405 (1544813 Gflops/s) - 1401 (1540415 Gflops/s) - 1394 (1532719 Gflops/s) - 1409 (1549211 Gflops/s) - 1412 (1552510 Gflops/s) - 1392 (1530520 Gflops/s) - 1385 (1522823 Gflops/s) - 1386 (1523923 Gflops/s) | Temperatures: 60°C - 62°C - 72°C - 69°C - 65°C - 61°C - 70°C - 75°C | Throttling: None - None - None - None - None - None - None - None
1407 (1547012 Gflops/s) - 1401 (1540415 Gflops/s) - 1393 (1531619 Gflops/s) - 1408 (1548112 Gflops/s) - 1411 (1551410 Gflops/s) - 1391 (1529420 Gflops/s) - 1385 (1522823 Gflops/s) - 1385 (1522823 Gflops/s) | Temperatures: 60°C - 62°C - 72°C - 69°C - 65°C - 61°C - 70°C - 75°C | Throttling: None - None - None - None - None - None - None - None
1405 (1544813 Gflops/s) - 1401 (1540415 Gflops/s) - 1394 (1532719 Gflops/s) - 1408 (1548112 Gflops/s) - 1415 (1555808 Gflops/s) - 1393 (1531619 Gflops/s) - 1384 (1521724 Gflops/s) - 1384 (1521724 Gflops/s) | Temperatures: 60°C - 62°C - 72°C - 69°C - 65°C - 61°C - 70°C - 75°C | Throttling: None - None - None - None - None - None - None - None
1405 (1544813 Gflops/s) - 1400 (1539316 Gflops/s) - 1394 (1532719 Gflops/s) - 1407 (1547012 Gflops/s) - 1412 (1552510 Gflops/s) - 1391 (1529420 Gflops/s) - 1384 (1521724 Gflops/s) - 1383 (1520624 Gflops/s) | Temperatures: 60°C - 62°C - 72°C - 69°C - 65°C - 61°C - 70°C - 75°C | Throttling: None - None - None - None - None - None - None - None
1417 (1558007 Gflops/s) - 1413 (1553609 Gflops/s) - 1404 (1543714 Gflops/s) - 1420 (1561306 Gflops/s) - 1423 (1564605 Gflops/s) - 1403 (1542614 Gflops/s) - 1395 (1533818 Gflops/s) - 1395 (1533818 Gflops/s) | Temperatures: 60°C - 62°C - 72°C - 69°C - 65°C - 61°C - 70°C - 75°C | Throttling: None - None - None - None - None - None - None - None
1458 (1603087 Gflops/s) - 1453 (1597590 Gflops/s) - 1445 (1588794 Gflops/s) - 1461 (1606386 Gflops/s) - 1466 (1611884 Gflops/s) - 1443 (1586595 Gflops/s) - 1435 (1577799 Gflops/s) - 1436 (1578898 Gflops/s) | Temperatures: 60°C - 62°C - 72°C - 69°C - 65°C - 61°C - 70°C - 75°C | Throttling: None - None - None - None - None - None - None - None
GPU #0: 1445107 Gflops/s (min: 1332608.09, max: 1603087.95, dev: 1445107.27)
         Temperature: 59.84°C (min: 55.00, max: 61.00)
         Throttling HW: false, Thermal SW: false, Thermal HW: false
GPU #1: 1441073 Gflops/s (min: 1331508.58, max: 1597590.40, dev: 1441073.23)
         Temperature: 61.72°C (min: 57.00, max: 62.00)
         Throttling HW: false, Thermal SW: false, Thermal HW: false
GPU #2: 1434656 Gflops/s (min: 1321612.98, max: 1588794.30, dev: 1434656.28)
         Temperature: 71.67°C (min: 66.00, max: 73.00)
         Throttling HW: false, Thermal SW: false, Thermal HW: false
GPU #3: 1447625 Gflops/s (min: 1331508.58, max: 1606386.49, dev: 1447625.26)
         Temperature: 68.82°C (min: 63.00, max: 70.00)
         Throttling HW: false, Thermal SW: false, Thermal HW: false
GPU #4: 1444800 Gflops/s (min: 1340304.67, max: 1611884.05, dev: 1444799.56)
         Temperature: 64.06°C (min: 59.00, max: 65.00)
         Throttling HW: false, Thermal SW: false, Thermal HW: false
GPU #5: 1431969 Gflops/s (min: 1322712.49, max: 1586595.28, dev: 1431969.42)
         Temperature: 60.41°C (min: 56.00, max: 61.00)
         Throttling HW: false, Thermal SW: false, Thermal HW: false
GPU #6: 1424918 Gflops/s (min: 1312816.88, max: 1577799.19, dev: 1424918.29)
         Temperature: 69.75°C (min: 64.00, max: 71.00)
         Throttling HW: false, Thermal SW: false, Thermal HW: false
GPU #7: 1425616 Gflops/s (min: 1321612.98, max: 1578898.70, dev: 1425616.27)
         Temperature: 73.98°C (min: 68.00, max: 75.00)
         Throttling HW: false, Thermal SW: false, Thermal HW: false
All GPUs seem healthy
Freeing GPUs...
======== Run with fp8  ==========
Detected GPU #0: "NVIDIA B200" (3293048f-de58-fc98-60dd-fa6388c43f33)
Detected GPU #1: "NVIDIA B200" (670867ac-9202-7617-a349-39e7b97fd77e)
Detected GPU #2: "NVIDIA B200" (89c28d40-fcfe-c9bf-40de-d1a13cd2b472)
Detected GPU #3: "NVIDIA B200" (a78e7cc0-7dee-23db-be8f-4f3f01bac272)
Detected GPU #4: "NVIDIA B200" (1aeb6e59-23e0-7e95-d08d-48e28e25a04c)
Detected GPU #5: "NVIDIA B200" (2f6f80a6-26fd-ec2c-96a1-99f814bcb491)
Detected GPU #6: "NVIDIA B200" (4f3eee2e-7015-e219-988d-419d345c414a)
Detected GPU #7: "NVIDIA B200" (f4a59ed2-a6bc-7307-2960-deb0f84ee2b2)
Using precision(s):   FP8
Creating random matrices
Matrices created
GPU #0: Using 163805 MB
GPU #1: Using 163805 MB
GPU #2: Using 163805 MB
GPU #3: Using 163805 MB
GPU #4: Using 163805 MB
GPU #5: Using 163805 MB
GPU #6: Using 163805 MB
GPU #7: Using 163805 MB
3157 (3471158 Gflops/s) - 2355 (2589349 Gflops/s) - 2236 (2458507 Gflops/s) - 1834 (2016504 Gflops/s) - 1780 (1957130 Gflops/s) - 1810 (1990116 Gflops/s) - 1913 (2103365 Gflops/s) - 1718 (1888960 Gflops/s) | Temperatures: 52°C - 54°C - 63°C - 59°C - 55°C - 51°C - 61°C - 65°C | Throttling: None - None - None - None - None - None - None - None
4050 (4453022 Gflops/s) - 4068 (4472813 Gflops/s) - 4008 (4406842 Gflops/s) - 4046 (4448624 Gflops/s) - 4051 (4454121 Gflops/s) - 3997 (4394747 Gflops/s) - 4015 (4414539 Gflops/s) - 4005 (4403544 Gflops/s) | Temperatures: 54°C - 56°C - 65°C - 62°C - 59°C - 54°C - 63°C - 68°C | Throttling: None - None - None - None - None - None - None - None
4044 (4446425 Gflops/s) - 4057 (4460718 Gflops/s) - 3998 (4395847 Gflops/s) - 4035 (4436529 Gflops/s) - 4039 (4440927 Gflops/s) - 3996 (4393648 Gflops/s) - 4012 (4411240 Gflops/s) - 3994 (4391449 Gflops/s) | Temperatures: 55°C - 57°C - 66°C - 63°C - 60°C - 55°C - 64°C - 69°C | Throttling: None - None - None - None - None - None - None - None
4040 (4442026 Gflops/s) - 4054 (4457420 Gflops/s) - 3986 (4382653 Gflops/s) - 4032 (4433230 Gflops/s) - 4035 (4436529 Gflops/s) - 4018 (4417837 Gflops/s) - 4005 (4403544 Gflops/s) - 3996 (4393648 Gflops/s) | Temperatures: 55°C - 58°C - 67°C - 64°C - 60°C - 56°C - 65°C - 69°C | Throttling: None - None - None - None - None - None - None - None
4042 (4444225 Gflops/s) - 4055 (4458519 Gflops/s) - 3987 (4383752 Gflops/s) - 4035 (4436529 Gflops/s) - 4037 (4438728 Gflops/s) - 4009 (4407942 Gflops/s) - 4006 (4404643 Gflops/s) - 3991 (4388150 Gflops/s) | Temperatures: 56°C - 58°C - 67°C - 64°C - 60°C - 56°C - 65°C - 69°C | Throttling: None - None - None - None - None - None - None - None
4040 (4442026 Gflops/s) - 4050 (4453022 Gflops/s) - 3980 (4376056 Gflops/s) - 4031 (4432131 Gflops/s) - 4028 (4428832 Gflops/s) - 3989 (4385951 Gflops/s) - 4002 (4400245 Gflops/s) - 3988 (4384852 Gflops/s) | Temperatures: 56°C - 58°C - 67°C - 64°C - 61°C - 57°C - 65°C - 70°C | Throttling: None - None - None - None - None - None - None - None
4042 (4444225 Gflops/s) - 4053 (4456320 Gflops/s) - 3985 (4381553 Gflops/s) - 4033 (4434330 Gflops/s) - 4024 (4424434 Gflops/s) - 3970 (4365061 Gflops/s) - 4005 (4403544 Gflops/s) - 3989 (4385951 Gflops/s) | Temperatures: 57°C - 59°C - 67°C - 65°C - 61°C - 57°C - 65°C - 70°C | Throttling: None - None - None - None - None - None - None - None
4037 (4438728 Gflops/s) - 4053 (4456320 Gflops/s) - 3979 (4374956 Gflops/s) - 4032 (4433230 Gflops/s) - 4032 (4433230 Gflops/s) - 3990 (4387051 Gflops/s) - 4002 (4400245 Gflops/s) - 3986 (4382653 Gflops/s) | Temperatures: 57°C - 59°C - 68°C - 65°C - 61°C - 57°C - 66°C - 70°C | Throttling: None - None - None - None - None - None - None - None
4031 (4432131 Gflops/s) - 4049 (4451922 Gflops/s) - 3979 (4374956 Gflops/s) - 4019 (4418937 Gflops/s) - 4017 (4416738 Gflops/s) - 3945 (4337573 Gflops/s) - 3998 (4395847 Gflops/s) - 3980 (4376056 Gflops/s) | Temperatures: 57°C - 59°C - 68°C - 65°C - 62°C - 58°C - 66°C - 70°C | Throttling: None - None - None - None - None - None - None - None
4034 (4435429 Gflops/s) - 4053 (4456320 Gflops/s) - 3981 (4377155 Gflops/s) - 4025 (4425534 Gflops/s) - 4022 (4422235 Gflops/s) - 3988 (4384852 Gflops/s) - 4000 (4398046 Gflops/s) - 3979 (4374956 Gflops/s) | Temperatures: 57°C - 59°C - 68°C - 65°C - 62°C - 58°C - 66°C - 71°C | Throttling: None - None - None - None - None - None - None - None
4032 (4433230 Gflops/s) - 4051 (4454121 Gflops/s) - 3978 (4373857 Gflops/s) - 4024 (4424434 Gflops/s) - 4020 (4420036 Gflops/s) - 4006 (4404643 Gflops/s) - 4000 (4398046 Gflops/s) - 3980 (4376056 Gflops/s) | Temperatures: 58°C - 60°C - 68°C - 65°C - 62°C - 58°C - 66°C - 71°C | Throttling: None - None - None - None - None - None - None - None
4028 (4428832 Gflops/s) - 4048 (4450823 Gflops/s) - 3975 (4370558 Gflops/s) - 4021 (4421136 Gflops/s) - 4016 (4415638 Gflops/s) - 3981 (4377155 Gflops/s) - 3995 (4392548 Gflops/s) - 3975 (4370558 Gflops/s) | Temperatures: 58°C - 60°C - 68°C - 66°C - 62°C - 58°C - 66°C - 71°C | Throttling: None - None - None - None - None - None - None - None
4032 (4433230 Gflops/s) - 4050 (4453022 Gflops/s) - 3976 (4371658 Gflops/s) - 4025 (4425534 Gflops/s) - 4014 (4413439 Gflops/s) - 3999 (4396946 Gflops/s) - 3999 (4396946 Gflops/s) - 3974 (4369459 Gflops/s) | Temperatures: 58°C - 60°C - 69°C - 66°C - 62°C - 59°C - 67°C - 71°C | Throttling: None - None - None - None - None - None - None - None
4029 (4429932 Gflops/s) - 4052 (4455221 Gflops/s) - 3980 (4376056 Gflops/s) - 4025 (4425534 Gflops/s) - 4003 (4401345 Gflops/s) - 3970 (4365061 Gflops/s) - 3999 (4396946 Gflops/s) - 3973 (4368359 Gflops/s) | Temperatures: 58°C - 60°C - 69°C - 66°C - 62°C - 59°C - 67°C - 71°C | Throttling: None - None - None - None - None - None - None - None
4022 (4422235 Gflops/s) - 4048 (4450823 Gflops/s) - 3976 (4371658 Gflops/s) - 4021 (4421136 Gflops/s) - 3999 (4396946 Gflops/s) - 3968 (4362862 Gflops/s) - 3995 (4392548 Gflops/s) - 3970 (4365061 Gflops/s) | Temperatures: 58°C - 60°C - 69°C - 66°C - 63°C - 59°C - 67°C - 72°C | Throttling: None - None - None - None - None - None - None - None
4027 (4427733 Gflops/s) - 4052 (4455221 Gflops/s) - 3974 (4369459 Gflops/s) - 4024 (4424434 Gflops/s) - 4012 (4411240 Gflops/s) - 3948 (4340871 Gflops/s) - 4000 (4398046 Gflops/s) - 3971 (4366160 Gflops/s) | Temperatures: 58°C - 61°C - 69°C - 66°C - 63°C - 59°C - 67°C - 72°C | Throttling: None - None - None - None - None - None - None - None
4023 (4423335 Gflops/s) - 4048 (4450823 Gflops/s) - 3969 (4363961 Gflops/s) - 4021 (4421136 Gflops/s) - 3996 (4393648 Gflops/s) - 3980 (4376056 Gflops/s) - 3994 (4391449 Gflops/s) - 3965 (4359563 Gflops/s) | Temperatures: 59°C - 61°C - 69°C - 66°C - 63°C - 59°C - 67°C - 72°C | Throttling: None - None - None - None - None - None - None - None
4023 (4423335 Gflops/s) - 4050 (4453022 Gflops/s) - 3974 (4369459 Gflops/s) - 4025 (4425534 Gflops/s) - 4001 (4399146 Gflops/s) - 3936 (4327677 Gflops/s) - 3999 (4396946 Gflops/s) - 3967 (4361762 Gflops/s) | Temperatures: 59°C - 61°C - 69°C - 67°C - 63°C - 59°C - 68°C - 72°C | Throttling: None - None - None - None - None - None - None - None
4025 (4425534 Gflops/s) - 4049 (4451922 Gflops/s) - 3974 (4369459 Gflops/s) - 4024 (4424434 Gflops/s) - 3996 (4393648 Gflops/s) - 3944 (4336473 Gflops/s) - 3998 (4395847 Gflops/s) - 3968 (4362862 Gflops/s) | Temperatures: 59°C - 61°C - 70°C - 67°C - 63°C - 59°C - 68°C - 72°C | Throttling: None - None - None - None - None - None - None - None
4017 (4416738 Gflops/s) - 4047 (4449723 Gflops/s) - 3968 (4362862 Gflops/s) - 4022 (4422235 Gflops/s) - 3995 (4392548 Gflops/s) - 3965 (4359563 Gflops/s) - 3993 (4390349 Gflops/s) - 3962 (4356265 Gflops/s) | Temperatures: 59°C - 61°C - 70°C - 67°C - 63°C - 59°C - 68°C - 72°C | Throttling: None - None - None - None - None - None - None - None
4019 (4418937 Gflops/s) - 4047 (4449723 Gflops/s) - 3968 (4362862 Gflops/s) - 4024 (4424434 Gflops/s) - 3996 (4393648 Gflops/s) - 3960 (4354066 Gflops/s) - 3995 (4392548 Gflops/s) - 3967 (4361762 Gflops/s) | Temperatures: 59°C - 61°C - 70°C - 67°C - 63°C - 60°C - 68°C - 73°C | Throttling: None - None - None - None - None - None - None - None
4016 (4415638 Gflops/s) - 4046 (4448624 Gflops/s) - 3967 (4361762 Gflops/s) - 4021 (4421136 Gflops/s) - 3999 (4396946 Gflops/s) - 3945 (4337573 Gflops/s) - 3992 (4389250 Gflops/s) - 3965 (4359563 Gflops/s) | Temperatures: 59°C - 61°C - 70°C - 67°C - 64°C - 60°C - 68°C - 73°C | Throttling: None - None - None - None - None - None - None - None
4016 (4415638 Gflops/s) - 4045 (4447524 Gflops/s) - 3970 (4365061 Gflops/s) - 4024 (4424434 Gflops/s) - 3997 (4394747 Gflops/s) - 3949 (4341971 Gflops/s) - 3993 (4390349 Gflops/s) - 3966 (4360663 Gflops/s) | Temperatures: 59°C - 61°C - 70°C - 67°C - 64°C - 60°C - 68°C - 73°C | Throttling: None - None - None - None - None - None - None - None
4019 (4418937 Gflops/s) - 4045 (4447524 Gflops/s) - 3964 (4358464 Gflops/s) - 4024 (4424434 Gflops/s) - 3997 (4394747 Gflops/s) - 3931 (4322180 Gflops/s) - 3991 (4388150 Gflops/s) - 3964 (4358464 Gflops/s) | Temperatures: 59°C - 61°C - 70°C - 68°C - 64°C - 60°C - 68°C - 73°C | Throttling: None - None - None - None - None - None - None - None
4013 (4412340 Gflops/s) - 4038 (4439827 Gflops/s) - 3961 (4355165 Gflops/s) - 4020 (4420036 Gflops/s) - 3997 (4394747 Gflops/s) - 3947 (4339772 Gflops/s) - 3988 (4384852 Gflops/s) - 3961 (4355165 Gflops/s) | Temperatures: 59°C - 61°C - 70°C - 68°C - 64°C - 60°C - 69°C - 73°C | Throttling: None - None - None - None - None - None - None - None
4015 (4414539 Gflops/s) - 4043 (4445325 Gflops/s) - 3962 (4356265 Gflops/s) - 4024 (4424434 Gflops/s) - 3994 (4391449 Gflops/s) - 3930 (4321080 Gflops/s) - 3990 (4387051 Gflops/s) - 3962 (4356265 Gflops/s) | Temperatures: 59°C - 62°C - 71°C - 68°C - 64°C - 60°C - 69°C - 73°C | Throttling: None - None - None - None - None - None - None - None
4015 (4414539 Gflops/s) - 4044 (4446425 Gflops/s) - 3963 (4357364 Gflops/s) - 4023 (4423335 Gflops/s) - 3992 (4389250 Gflops/s) - 3935 (4326578 Gflops/s) - 3990 (4387051 Gflops/s) - 3961 (4355165 Gflops/s) | Temperatures: 59°C - 62°C - 71°C - 68°C - 64°C - 60°C - 69°C - 73°C | Throttling: None - None - None - None - None - None - None - None
4012 (4411240 Gflops/s) - 4036 (4437628 Gflops/s) - 3958 (4351867 Gflops/s) - 4021 (4421136 Gflops/s) - 3986 (4382653 Gflops/s) - 3934 (4325478 Gflops/s) - 3987 (4383752 Gflops/s) - 3959 (4352966 Gflops/s) | Temperatures: 60°C - 62°C - 71°C - 68°C - 64°C - 60°C - 69°C - 73°C | Throttling: None - None - None - None - None - None - None - None
4014 (4413439 Gflops/s) - 4044 (4446425 Gflops/s) - 3963 (4357364 Gflops/s) - 4024 (4424434 Gflops/s) - 3992 (4389250 Gflops/s) - 3931 (4322180 Gflops/s) - 3989 (4385951 Gflops/s) - 3961 (4355165 Gflops/s) | Temperatures: 60°C - 62°C - 71°C - 68°C - 64°C - 60°C - 69°C - 73°C | Throttling: None - None - None - None - None - None - None - None
4014 (4413439 Gflops/s) - 4041 (4443126 Gflops/s) - 3959 (4352966 Gflops/s) - 4023 (4423335 Gflops/s) - 3995 (4392548 Gflops/s) - 3957 (4350767 Gflops/s) - 3990 (4387051 Gflops/s) - 3958 (4351867 Gflops/s) | Temperatures: 60°C - 62°C - 71°C - 68°C - 64°C - 60°C - 69°C - 74°C | Throttling: None - None - None - None - None - None - None - None
4007 (4405743 Gflops/s) - 4037 (4438728 Gflops/s) - 3957 (4350767 Gflops/s) - 4019 (4418937 Gflops/s) - 3986 (4382653 Gflops/s) - 3939 (4330976 Gflops/s) - 3985 (4381553 Gflops/s) - 3952 (4345269 Gflops/s) | Temperatures: 60°C - 62°C - 71°C - 68°C - 64°C - 60°C - 69°C - 74°C | Throttling: None - None - None - None - None - None - None - None
4009 (4407942 Gflops/s) - 4041 (4443126 Gflops/s) - 3960 (4354066 Gflops/s) - 4021 (4421136 Gflops/s) - 3994 (4391449 Gflops/s) - 3964 (4358464 Gflops/s) - 3986 (4382653 Gflops/s) - 3955 (4348568 Gflops/s) | Temperatures: 60°C - 62°C - 71°C - 68°C - 64°C - 60°C - 69°C - 74°C | Throttling: None - None - None - None - None - None - None - None
4012 (4411240 Gflops/s) - 4041 (4443126 Gflops/s) - 3960 (4354066 Gflops/s) - 4025 (4425534 Gflops/s) - 3991 (4388150 Gflops/s) - 3956 (4349667 Gflops/s) - 3987 (4383752 Gflops/s) - 3957 (4350767 Gflops/s) | Temperatures: 60°C - 62°C - 71°C - 69°C - 64°C - 60°C - 69°C - 74°C | Throttling: None - None - None - None - None - None - None - None
4007 (4405743 Gflops/s) - 4037 (4438728 Gflops/s) - 3957 (4350767 Gflops/s) - 4013 (4412340 Gflops/s) - 3982 (4378255 Gflops/s) - 3927 (4317782 Gflops/s) - 3983 (4379354 Gflops/s) - 3952 (4345269 Gflops/s) | Temperatures: 60°C - 62°C - 71°C - 69°C - 64°C - 60°C - 69°C - 74°C | Throttling: None - None - None - None - None - None - None - None
4013 (4412340 Gflops/s) - 4041 (4443126 Gflops/s) - 3958 (4351867 Gflops/s) - 4024 (4424434 Gflops/s) - 3996 (4393648 Gflops/s) - 3939 (4330976 Gflops/s) - 3987 (4383752 Gflops/s) - 3954 (4347468 Gflops/s) | Temperatures: 60°C - 62°C - 71°C - 69°C - 64°C - 60°C - 69°C - 74°C | Throttling: None - None - None - None - None - None - None - None
4006 (4404643 Gflops/s) - 4036 (4437628 Gflops/s) - 3956 (4349667 Gflops/s) - 4015 (4414539 Gflops/s) - 3988 (4384852 Gflops/s) - 3931 (4322180 Gflops/s) - 3985 (4381553 Gflops/s) - 3946 (4338672 Gflops/s) | Temperatures: 60°C - 62°C - 71°C - 69°C - 65°C - 61°C - 70°C - 74°C | Throttling: None - None - None - None - None - None - None - None
4007 (4405743 Gflops/s) - 4040 (4442026 Gflops/s) - 3971 (4366160 Gflops/s) - 4020 (4420036 Gflops/s) - 3997 (4394747 Gflops/s) - 3941 (4333175 Gflops/s) - 3986 (4382653 Gflops/s) - 3952 (4345269 Gflops/s) | Temperatures: 60°C - 62°C - 71°C - 69°C - 65°C - 60°C - 70°C - 74°C | Throttling: None - None - None - None - None - None - None - None
4007 (4405743 Gflops/s) - 4039 (4440927 Gflops/s) - 3975 (4370558 Gflops/s) - 4016 (4415638 Gflops/s) - 3984 (4380454 Gflops/s) - 3932 (4323279 Gflops/s) - 3984 (4380454 Gflops/s) - 3951 (4344170 Gflops/s) | Temperatures: 60°C - 62°C - 72°C - 69°C - 65°C - 60°C - 70°C - 74°C | Throttling: None - None - None - None - None - None - None - None
4005 (4403544 Gflops/s) - 4036 (4437628 Gflops/s) - 3972 (4367260 Gflops/s) - 4009 (4407942 Gflops/s) - 3989 (4385951 Gflops/s) - 3940 (4332075 Gflops/s) - 3982 (4378255 Gflops/s) - 3946 (4338672 Gflops/s) | Temperatures: 60°C - 62°C - 72°C - 69°C - 65°C - 61°C - 70°C - 74°C | Throttling: None - None - None - None - None - None - None - None
4006 (4404643 Gflops/s) - 4036 (4437628 Gflops/s) - 3974 (4369459 Gflops/s) - 4020 (4420036 Gflops/s) - 3984 (4380454 Gflops/s) - 3921 (4311185 Gflops/s) - 3984 (4380454 Gflops/s) - 3949 (4341971 Gflops/s) | Temperatures: 60°C - 62°C - 72°C - 69°C - 65°C - 61°C - 70°C - 74°C | Throttling: None - None - None - None - None - None - None - None
3999 (4396946 Gflops/s) - 4037 (4438728 Gflops/s) - 3968 (4362862 Gflops/s) - 4014 (4413439 Gflops/s) - 3981 (4377155 Gflops/s) - 3951 (4344170 Gflops/s) - 3978 (4373857 Gflops/s) - 3944 (4336473 Gflops/s) | Temperatures: 60°C - 62°C - 72°C - 69°C - 65°C - 61°C - 70°C - 74°C | Throttling: None - None - None - None - None - None - None - None
4009 (4407942 Gflops/s) - 4039 (4440927 Gflops/s) - 3972 (4367260 Gflops/s) - 4019 (4418937 Gflops/s) - 3985 (4381553 Gflops/s) - 3924 (4314483 Gflops/s) - 3983 (4379354 Gflops/s) - 3950 (4343070 Gflops/s) | Temperatures: 60°C - 62°C - 72°C - 69°C - 65°C - 61°C - 70°C - 75°C | Throttling: None - None - None - None - None - None - None - None
4008 (4406842 Gflops/s) - 4038 (4439827 Gflops/s) - 3972 (4367260 Gflops/s) - 4020 (4420036 Gflops/s) - 3985 (4381553 Gflops/s) - 3936 (4327677 Gflops/s) - 3983 (4379354 Gflops/s) - 3950 (4343070 Gflops/s) | Temperatures: 60°C - 62°C - 72°C - 69°C - 65°C - 61°C - 70°C - 75°C | Throttling: None - None - None - None - None - None - None - None
4003 (4401345 Gflops/s) - 4034 (4435429 Gflops/s) - 3967 (4361762 Gflops/s) - 4014 (4413439 Gflops/s) - 3980 (4376056 Gflops/s) - 3933 (4324379 Gflops/s) - 3978 (4373857 Gflops/s) - 3944 (4336473 Gflops/s) | Temperatures: 60°C - 62°C - 72°C - 69°C - 65°C - 61°C - 70°C - 75°C | Throttling: None - None - None - None - None - None - None - None
4006 (4404643 Gflops/s) - 4038 (4439827 Gflops/s) - 3970 (4365061 Gflops/s) - 4017 (4416738 Gflops/s) - 3992 (4389250 Gflops/s) - 3945 (4337573 Gflops/s) - 3981 (4377155 Gflops/s) - 3949 (4341971 Gflops/s) | Temperatures: 60°C - 62°C - 72°C - 69°C - 65°C - 61°C - 70°C - 75°C | Throttling: None - None - None - None - None - None - None - None
3953 (4346369 Gflops/s) - 3983 (4379354 Gflops/s) - 3914 (4303488 Gflops/s) - 3952 (4345269 Gflops/s) - 3930 (4321080 Gflops/s) - 3875 (4260607 Gflops/s) - 3925 (4315583 Gflops/s) - 3894 (4281498 Gflops/s) | Temperatures: 60°C - 62°C - 72°C - 69°C - 65°C - 61°C - 70°C - 75°C | Throttling: None - None - None - None - None - None - None - None
3659 (4023113 Gflops/s) - 3686 (4052799 Gflops/s) - 3624 (3984630 Gflops/s) - 3670 (4035207 Gflops/s) - 3639 (4001122 Gflops/s) - 3601 (3959341 Gflops/s) - 3636 (3997824 Gflops/s) - 3606 (3964838 Gflops/s) | Temperatures: 60°C - 62°C - 72°C - 70°C - 65°C - 61°C - 70°C - 75°C | Throttling: None - None - None - None - None - None - None - None
3672 (4037406 Gflops/s) - 3700 (4068193 Gflops/s) - 3639 (4001122 Gflops/s) - 3672 (4037406 Gflops/s) - 3651 (4014316 Gflops/s) - 3615 (3974734 Gflops/s) - 3647 (4009918 Gflops/s) - 3618 (3978033 Gflops/s) | Temperatures: 60°C - 63°C - 72°C - 70°C - 65°C - 61°C - 70°C - 75°C | Throttling: None - None - None - None - None - None - None - None
3669 (4034108 Gflops/s) - 3697 (4064894 Gflops/s) - 3637 (3998923 Gflops/s) - 3682 (4048401 Gflops/s) - 3652 (4015416 Gflops/s) - 3586 (3942848 Gflops/s) - 3646 (4008819 Gflops/s) - 3618 (3978033 Gflops/s) | Temperatures: 60°C - 63°C - 72°C - 70°C - 65°C - 61°C - 70°C - 75°C | Throttling: None - None - None - None - None - None - None - None
3671 (4036307 Gflops/s) - 3696 (4063794 Gflops/s) - 3636 (3997824 Gflops/s) - 3680 (4046202 Gflops/s) - 3647 (4009918 Gflops/s) - 3604 (3962639 Gflops/s) - 3644 (4006620 Gflops/s) - 3617 (3976933 Gflops/s) | Temperatures: 60°C - 62°C - 72°C - 70°C - 65°C - 61°C - 70°C - 75°C | Throttling: None - None - None - None - None - None - None - None
3667 (4031909 Gflops/s) - 3700 (4068193 Gflops/s) - 3635 (3996724 Gflops/s) - 3658 (4022013 Gflops/s) - 3651 (4014316 Gflops/s) - 3598 (3956042 Gflops/s) - 3645 (4007719 Gflops/s) - 3618 (3978033 Gflops/s) | Temperatures: 60°C - 63°C - 72°C - 70°C - 65°C - 61°C - 70°C - 75°C | Throttling: None - None - None - None - None - None - None - None
3670 (4035207 Gflops/s) - 3697 (4064894 Gflops/s) - 3635 (3996724 Gflops/s) - 3673 (4038506 Gflops/s) - 3651 (4014316 Gflops/s) - 3604 (3962639 Gflops/s) - 3644 (4006620 Gflops/s) - 3617 (3976933 Gflops/s) | Temperatures: 60°C - 63°C - 72°C - 70°C - 65°C - 61°C - 70°C - 75°C | Throttling: None - None - None - None - None - None - None - None
3669 (4034108 Gflops/s) - 3693 (4060496 Gflops/s) - 3634 (3995625 Gflops/s) - 3675 (4040705 Gflops/s) - 3650 (4013217 Gflops/s) - 3604 (3962639 Gflops/s) - 3645 (4007719 Gflops/s) - 3618 (3978033 Gflops/s) | Temperatures: 60°C - 62°C - 73°C - 70°C - 65°C - 61°C - 71°C - 75°C | Throttling: None - None - None - None - None - None - None - None
3668 (4033008 Gflops/s) - 3699 (4067093 Gflops/s) - 3633 (3994525 Gflops/s) - 3666 (4030809 Gflops/s) - 3651 (4014316 Gflops/s) - 3587 (3943948 Gflops/s) - 3646 (4008819 Gflops/s) - 3618 (3978033 Gflops/s) | Temperatures: 60°C - 63°C - 72°C - 70°C - 65°C - 61°C - 71°C - 75°C | Throttling: None - None - None - None - None - None - None - None
3671 (4036307 Gflops/s) - 3701 (4069292 Gflops/s) - 3630 (3991227 Gflops/s) - 3680 (4046202 Gflops/s) - 3650 (4013217 Gflops/s) - 3600 (3958241 Gflops/s) - 3644 (4006620 Gflops/s) - 3618 (3978033 Gflops/s) | Temperatures: 60°C - 63°C - 72°C - 70°C - 65°C - 61°C - 71°C - 75°C | Throttling: None - None - None - None - None - None - None - None
3670 (4035207 Gflops/s) - 3698 (4065993 Gflops/s) - 3633 (3994525 Gflops/s) - 3669 (4034108 Gflops/s) - 3656 (4019814 Gflops/s) - 3605 (3963739 Gflops/s) - 3645 (4007719 Gflops/s) - 3618 (3978033 Gflops/s) | Temperatures: 60°C - 63°C - 72°C - 70°C - 65°C - 61°C - 71°C - 75°C | Throttling: None - None - None - None - None - None - None - None
3670 (4035207 Gflops/s) - 3699 (4067093 Gflops/s) - 3632 (3993426 Gflops/s) - 3679 (4045103 Gflops/s) - 3651 (4014316 Gflops/s) - 3603 (3961540 Gflops/s) - 3643 (4005520 Gflops/s) - 3617 (3976933 Gflops/s) | Temperatures: 60°C - 63°C - 72°C - 70°C - 65°C - 61°C - 70°C - 75°C | Throttling: None - None - None - None - None - None - None - None
3670 (4035207 Gflops/s) - 3697 (4064894 Gflops/s) - 3631 (3992326 Gflops/s) - 3666 (4030809 Gflops/s) - 3650 (4013217 Gflops/s) - 3598 (3956042 Gflops/s) - 3643 (4005520 Gflops/s) - 3617 (3976933 Gflops/s) | Temperatures: 60°C - 62°C - 72°C - 70°C - 65°C - 61°C - 70°C - 75°C | Throttling: None - None - None - None - None - None - None - None
3672 (4037406 Gflops/s) - 3700 (4068193 Gflops/s) - 3636 (3997824 Gflops/s) - 3664 (4028610 Gflops/s) - 3659 (4023113 Gflops/s) - 3591 (3948346 Gflops/s) - 3647 (4009918 Gflops/s) - 3622 (3982431 Gflops/s) | Temperatures: 60°C - 62°C - 72°C - 70°C - 65°C - 61°C - 70°C - 75°C | Throttling: None - None - None - None - None - None - None - None
3669 (4034108 Gflops/s) - 3699 (4067093 Gflops/s) - 3630 (3991227 Gflops/s) - 3680 (4046202 Gflops/s) - 3657 (4020914 Gflops/s) - 3599 (3957142 Gflops/s) - 3643 (4005520 Gflops/s) - 3618 (3978033 Gflops/s) | Temperatures: 60°C - 62°C - 72°C - 70°C - 65°C - 61°C - 70°C - 75°C | Throttling: None - None - None - None - None - None - None - None
3672 (4037406 Gflops/s) - 3698 (4065993 Gflops/s) - 3629 (3990127 Gflops/s) - 3679 (4045103 Gflops/s) - 3652 (4015416 Gflops/s) - 3597 (3954943 Gflops/s) - 3644 (4006620 Gflops/s) - 3617 (3976933 Gflops/s) | Temperatures: 60°C - 62°C - 72°C - 70°C - 65°C - 61°C - 70°C - 75°C | Throttling: None - None - None - None - None - None - None - None
3670 (4035207 Gflops/s) - 3698 (4065993 Gflops/s) - 3633 (3994525 Gflops/s) - 3680 (4046202 Gflops/s) - 3650 (4013217 Gflops/s) - 3601 (3959341 Gflops/s) - 3645 (4007719 Gflops/s) - 3618 (3978033 Gflops/s) | Temperatures: 60°C - 62°C - 72°C - 70°C - 65°C - 61°C - 70°C - 75°C | Throttling: None - None - None - None - None - None - None - None
3670 (4035207 Gflops/s) - 3699 (4067093 Gflops/s) - 3632 (3993426 Gflops/s) - 3680 (4046202 Gflops/s) - 3655 (4018714 Gflops/s) - 3596 (3953843 Gflops/s) - 3646 (4008819 Gflops/s) - 3618 (3978033 Gflops/s) | Temperatures: 60°C - 62°C - 72°C - 70°C - 65°C - 61°C - 70°C - 75°C | Throttling: None - None - None - None - None - None - None - None
3670 (4035207 Gflops/s) - 3697 (4064894 Gflops/s) - 3635 (3996724 Gflops/s) - 3674 (4039605 Gflops/s) - 3651 (4014316 Gflops/s) - 3599 (3957142 Gflops/s) - 3645 (4007719 Gflops/s) - 3617 (3976933 Gflops/s) | Temperatures: 60°C - 62°C - 72°C - 69°C - 65°C - 60°C - 70°C - 75°C | Throttling: None - None - None - None - None - None - None - None
3670 (4035207 Gflops/s) - 3699 (4067093 Gflops/s) - 3628 (3989028 Gflops/s) - 3672 (4037406 Gflops/s) - 3651 (4014316 Gflops/s) - 3604 (3962639 Gflops/s) - 3645 (4007719 Gflops/s) - 3618 (3978033 Gflops/s) | Temperatures: 60°C - 62°C - 72°C - 70°C - 65°C - 61°C - 70°C - 75°C | Throttling: None - None - None - None - None - None - None - None
3676 (4041804 Gflops/s) - 3705 (4073690 Gflops/s) - 3641 (4003321 Gflops/s) - 3684 (4050600 Gflops/s) - 3655 (4018714 Gflops/s) - 3613 (3972535 Gflops/s) - 3650 (4013217 Gflops/s) - 3621 (3981331 Gflops/s) | Temperatures: 60°C - 62°C - 72°C - 70°C - 65°C - 61°C - 70°C - 75°C | Throttling: None - None - None - None - None - None - None - None
3672 (4037406 Gflops/s) - 3700 (4068193 Gflops/s) - 3640 (4002222 Gflops/s) - 3669 (4034108 Gflops/s) - 3651 (4014316 Gflops/s) - 3619 (3979132 Gflops/s) - 3646 (4008819 Gflops/s) - 3618 (3978033 Gflops/s) | Temperatures: 60°C - 62°C - 72°C - 69°C - 65°C - 61°C - 70°C - 75°C | Throttling: None - None - None - None - None - None - None - None
3670 (4035207 Gflops/s) - 3702 (4070392 Gflops/s) - 3639 (4001122 Gflops/s) - 3681 (4047302 Gflops/s) - 3653 (4016515 Gflops/s) - 3613 (3972535 Gflops/s) - 3646 (4008819 Gflops/s) - 3618 (3978033 Gflops/s) | Temperatures: 60°C - 62°C - 72°C - 69°C - 65°C - 61°C - 70°C - 75°C | Throttling: None - None - None - None - None - None - None - None
3671 (4036307 Gflops/s) - 3699 (4067093 Gflops/s) - 3637 (3998923 Gflops/s) - 3674 (4039605 Gflops/s) - 3652 (4015416 Gflops/s) - 3592 (3949445 Gflops/s) - 3646 (4008819 Gflops/s) - 3618 (3978033 Gflops/s) | Temperatures: 60°C - 62°C - 72°C - 69°C - 65°C - 60°C - 70°C - 75°C | Throttling: None - None - None - None - None - None - None - None
3673 (4038506 Gflops/s) - 3702 (4070392 Gflops/s) - 3636 (3997824 Gflops/s) - 3681 (4047302 Gflops/s) - 3652 (4015416 Gflops/s) - 3602 (3960440 Gflops/s) - 3646 (4008819 Gflops/s) - 3618 (3978033 Gflops/s) | Temperatures: 60°C - 62°C - 72°C - 69°C - 65°C - 60°C - 70°C - 75°C | Throttling: None - None - None - None - None - None - None - None
3672 (4037406 Gflops/s) - 3702 (4070392 Gflops/s) - 3638 (4000023 Gflops/s) - 3681 (4047302 Gflops/s) - 3649 (4012117 Gflops/s) - 3607 (3965938 Gflops/s) - 3647 (4009918 Gflops/s) - 3618 (3978033 Gflops/s) | Temperatures: 60°C - 62°C - 72°C - 69°C - 65°C - 60°C - 70°C - 75°C | Throttling: None - None - None - None - None - None - None - None
3672 (4037406 Gflops/s) - 3701 (4069292 Gflops/s) - 3636 (3997824 Gflops/s) - 3681 (4047302 Gflops/s) - 3659 (4023113 Gflops/s) - 3605 (3963739 Gflops/s) - 3648 (4011018 Gflops/s) - 3618 (3978033 Gflops/s) | Temperatures: 60°C - 62°C - 72°C - 69°C - 65°C - 60°C - 70°C - 75°C | Throttling: None - None - None - None - None - None - None - None
3670 (4035207 Gflops/s) - 3694 (4061595 Gflops/s) - 3636 (3997824 Gflops/s) - 3681 (4047302 Gflops/s) - 3653 (4016515 Gflops/s) - 3607 (3965938 Gflops/s) - 3645 (4007719 Gflops/s) - 3617 (3976933 Gflops/s) | Temperatures: 60°C - 62°C - 72°C - 69°C - 65°C - 60°C - 70°C - 75°C | Throttling: None - None - None - None - None - None - None - None
3672 (4037406 Gflops/s) - 3699 (4067093 Gflops/s) - 3636 (3997824 Gflops/s) - 3673 (4038506 Gflops/s) - 3653 (4016515 Gflops/s) - 3605 (3963739 Gflops/s) - 3647 (4009918 Gflops/s) - 3618 (3978033 Gflops/s) | Temperatures: 60°C - 62°C - 72°C - 69°C - 65°C - 60°C - 70°C - 75°C | Throttling: None - None - None - None - None - None - None - None
3671 (4036307 Gflops/s) - 3701 (4069292 Gflops/s) - 3640 (4002222 Gflops/s) - 3668 (4033008 Gflops/s) - 3650 (4013217 Gflops/s) - 3597 (3954943 Gflops/s) - 3646 (4008819 Gflops/s) - 3618 (3978033 Gflops/s) | Temperatures: 60°C - 62°C - 72°C - 69°C - 65°C - 60°C - 70°C - 75°C | Throttling: None - None - None - None - None - None - None - None
3673 (4038506 Gflops/s) - 3699 (4067093 Gflops/s) - 3637 (3998923 Gflops/s) - 3676 (4041804 Gflops/s) - 3651 (4014316 Gflops/s) - 3608 (3967037 Gflops/s) - 3646 (4008819 Gflops/s) - 3618 (3978033 Gflops/s) | Temperatures: 60°C - 62°C - 72°C - 69°C - 65°C - 60°C - 70°C - 75°C | Throttling: None - None - None - None - None - None - None - None
3674 (4039605 Gflops/s) - 3702 (4070392 Gflops/s) - 3637 (3998923 Gflops/s) - 3676 (4041804 Gflops/s) - 3651 (4014316 Gflops/s) - 3593 (3950545 Gflops/s) - 3647 (4009918 Gflops/s) - 3618 (3978033 Gflops/s) | Temperatures: 60°C - 62°C - 72°C - 69°C - 65°C - 60°C - 70°C - 75°C | Throttling: None - None - None - None - None - None - None - None
3676 (4041804 Gflops/s) - 3704 (4072591 Gflops/s) - 3639 (4001122 Gflops/s) - 3683 (4049501 Gflops/s) - 3654 (4017615 Gflops/s) - 3592 (3949445 Gflops/s) - 3651 (4014316 Gflops/s) - 3621 (3981331 Gflops/s) | Temperatures: 60°C - 62°C - 72°C - 69°C - 65°C - 60°C - 70°C - 75°C | Throttling: None - None - None - None - None - None - None - None
3675 (4040705 Gflops/s) - 3701 (4069292 Gflops/s) - 3640 (4002222 Gflops/s) - 3672 (4037406 Gflops/s) - 3652 (4015416 Gflops/s) - 3606 (3964838 Gflops/s) - 3648 (4011018 Gflops/s) - 3618 (3978033 Gflops/s) | Temperatures: 60°C - 62°C - 72°C - 69°C - 65°C - 60°C - 70°C - 75°C | Throttling: None - None - None - None - None - None - None - None
3671 (4036307 Gflops/s) - 3698 (4065993 Gflops/s) - 3636 (3997824 Gflops/s) - 3678 (4044003 Gflops/s) - 3649 (4012117 Gflops/s) - 3604 (3962639 Gflops/s) - 3645 (4007719 Gflops/s) - 3617 (3976933 Gflops/s) | Temperatures: 60°C - 62°C - 72°C - 69°C - 65°C - 60°C - 70°C - 75°C | Throttling: None - None - None - None - None - None - None - None
3674 (4039605 Gflops/s) - 3701 (4069292 Gflops/s) - 3640 (4002222 Gflops/s) - 3672 (4037406 Gflops/s) - 3650 (4013217 Gflops/s) - 3587 (3943948 Gflops/s) - 3647 (4009918 Gflops/s) - 3617 (3976933 Gflops/s) | Temperatures: 60°C - 62°C - 72°C - 69°C - 65°C - 60°C - 70°C - 75°C | Throttling: None - None - None - None - None - None - None - None
3673 (4038506 Gflops/s) - 3701 (4069292 Gflops/s) - 3639 (4001122 Gflops/s) - 3680 (4046202 Gflops/s) - 3651 (4014316 Gflops/s) - 3596 (3953843 Gflops/s) - 3645 (4007719 Gflops/s) - 3618 (3978033 Gflops/s) | Temperatures: 60°C - 62°C - 72°C - 69°C - 65°C - 60°C - 70°C - 75°C | Throttling: None - None - None - None - None - None - None - None
3673 (4038506 Gflops/s) - 3704 (4072591 Gflops/s) - 3637 (3998923 Gflops/s) - 3676 (4041804 Gflops/s) - 3652 (4015416 Gflops/s) - 3609 (3968137 Gflops/s) - 3649 (4012117 Gflops/s) - 3618 (3978033 Gflops/s) | Temperatures: 60°C - 62°C - 72°C - 69°C - 65°C - 60°C - 70°C - 75°C | Throttling: None - None - None - None - None - None - None - None
3674 (4039605 Gflops/s) - 3699 (4067093 Gflops/s) - 3640 (4002222 Gflops/s) - 3680 (4046202 Gflops/s) - 3649 (4012117 Gflops/s) - 3611 (3970336 Gflops/s) - 3649 (4012117 Gflops/s) - 3618 (3978033 Gflops/s) | Temperatures: 60°C - 62°C - 72°C - 69°C - 65°C - 60°C - 70°C - 75°C | Throttling: None - None - None - None - None - None - None - None
3672 (4037406 Gflops/s) - 3699 (4067093 Gflops/s) - 3636 (3997824 Gflops/s) - 3682 (4048401 Gflops/s) - 3650 (4013217 Gflops/s) - 3608 (3967037 Gflops/s) - 3648 (4011018 Gflops/s) - 3618 (3978033 Gflops/s) | Temperatures: 60°C - 62°C - 72°C - 69°C - 65°C - 60°C - 70°C - 75°C | Throttling: None - None - None - None - None - None - None - None
3672 (4037406 Gflops/s) - 3702 (4070392 Gflops/s) - 3636 (3997824 Gflops/s) - 3674 (4039605 Gflops/s) - 3651 (4014316 Gflops/s) - 3611 (3970336 Gflops/s) - 3647 (4009918 Gflops/s) - 3617 (3976933 Gflops/s) | Temperatures: 60°C - 62°C - 72°C - 69°C - 65°C - 60°C - 70°C - 75°C | Throttling: None - None - None - None - None - None - None - None
3671 (4036307 Gflops/s) - 3702 (4070392 Gflops/s) - 3640 (4002222 Gflops/s) - 3678 (4044003 Gflops/s) - 3650 (4013217 Gflops/s) - 3613 (3972535 Gflops/s) - 3647 (4009918 Gflops/s) - 3618 (3978033 Gflops/s) | Temperatures: 60°C - 62°C - 72°C - 69°C - 65°C - 60°C - 70°C - 75°C | Throttling: None - None - None - None - None - None - None - None
3676 (4041804 Gflops/s) - 3705 (4073690 Gflops/s) - 3644 (4006620 Gflops/s) - 3670 (4035207 Gflops/s) - 3654 (4017615 Gflops/s) - 3605 (3963739 Gflops/s) - 3650 (4013217 Gflops/s) - 3621 (3981331 Gflops/s) | Temperatures: 60°C - 62°C - 72°C - 69°C - 65°C - 60°C - 70°C - 75°C | Throttling: None - None - None - None - None - None - None - None
3672 (4037406 Gflops/s) - 3701 (4069292 Gflops/s) - 3637 (3998923 Gflops/s) - 3682 (4048401 Gflops/s) - 3652 (4015416 Gflops/s) - 3597 (3954943 Gflops/s) - 3648 (4011018 Gflops/s) - 3618 (3978033 Gflops/s) | Temperatures: 60°C - 62°C - 72°C - 69°C - 65°C - 60°C - 70°C - 75°C | Throttling: None - None - None - None - None - None - None - None
3673 (4038506 Gflops/s) - 3704 (4072591 Gflops/s) - 3637 (3998923 Gflops/s) - 3663 (4027511 Gflops/s) - 3652 (4015416 Gflops/s) - 3596 (3953843 Gflops/s) - 3648 (4011018 Gflops/s) - 3618 (3978033 Gflops/s) | Temperatures: 60°C - 62°C - 72°C - 69°C - 65°C - 60°C - 70°C - 75°C | Throttling: None - None - None - None - None - None - None - None
3670 (4035207 Gflops/s) - 3698 (4065993 Gflops/s) - 3639 (4001122 Gflops/s) - 3676 (4041804 Gflops/s) - 3652 (4015416 Gflops/s) - 3599 (3957142 Gflops/s) - 3648 (4011018 Gflops/s) - 3618 (3978033 Gflops/s) | Temperatures: 60°C - 62°C - 72°C - 69°C - 65°C - 60°C - 70°C - 75°C | Throttling: None - None - None - None - None - None - None - None
3672 (4037406 Gflops/s) - 3703 (4071491 Gflops/s) - 3639 (4001122 Gflops/s) - 3681 (4047302 Gflops/s) - 3651 (4014316 Gflops/s) - 3605 (3963739 Gflops/s) - 3646 (4008819 Gflops/s) - 3617 (3976933 Gflops/s) | Temperatures: 60°C - 62°C - 72°C - 69°C - 65°C - 60°C - 70°C - 75°C | Throttling: None - None - None - None - None - None - None - None
3675 (4040705 Gflops/s) - 3701 (4069292 Gflops/s) - 3639 (4001122 Gflops/s) - 3681 (4047302 Gflops/s) - 3651 (4014316 Gflops/s) - 3623 (3983530 Gflops/s) - 3647 (4009918 Gflops/s) - 3618 (3978033 Gflops/s) | Temperatures: 60°C - 62°C - 72°C - 69°C - 65°C - 61°C - 70°C - 75°C | Throttling: None - None - None - None - None - None - None - None
3670 (4035207 Gflops/s) - 3701 (4069292 Gflops/s) - 3639 (4001122 Gflops/s) - 3680 (4046202 Gflops/s) - 3654 (4017615 Gflops/s) - 3596 (3953843 Gflops/s) - 3649 (4012117 Gflops/s) - 3618 (3978033 Gflops/s) | Temperatures: 60°C - 62°C - 72°C - 69°C - 65°C - 60°C - 70°C - 75°C | Throttling: None - None - None - None - None - None - None - None
3674 (4039605 Gflops/s) - 3701 (4069292 Gflops/s) - 3636 (3997824 Gflops/s) - 3676 (4041804 Gflops/s) - 3650 (4013217 Gflops/s) - 3605 (3963739 Gflops/s) - 3649 (4012117 Gflops/s) - 3618 (3978033 Gflops/s) | Temperatures: 60°C - 62°C - 72°C - 69°C - 65°C - 60°C - 70°C - 75°C | Throttling: None - None - None - None - None - None - None - None
3674 (4039605 Gflops/s) - 3700 (4068193 Gflops/s) - 3638 (4000023 Gflops/s) - 3678 (4044003 Gflops/s) - 3653 (4016515 Gflops/s) - 3612 (3971435 Gflops/s) - 3648 (4011018 Gflops/s) - 3618 (3978033 Gflops/s) | Temperatures: 60°C - 62°C - 72°C - 69°C - 65°C - 60°C - 70°C - 75°C | Throttling: None - None - None - None - None - None - None - None
3671 (4036307 Gflops/s) - 3700 (4068193 Gflops/s) - 3639 (4001122 Gflops/s) - 3676 (4041804 Gflops/s) - 3654 (4017615 Gflops/s) - 3594 (3951644 Gflops/s) - 3646 (4008819 Gflops/s) - 3618 (3978033 Gflops/s) | Temperatures: 60°C - 62°C - 72°C - 69°C - 65°C - 60°C - 70°C - 75°C | Throttling: None - None - None - None - None - None - None - None
3673 (4038506 Gflops/s) - 3701 (4069292 Gflops/s) - 3639 (4001122 Gflops/s) - 3672 (4037406 Gflops/s) - 3648 (4011018 Gflops/s) - 3599 (3957142 Gflops/s) - 3650 (4013217 Gflops/s) - 3618 (3978033 Gflops/s) | Temperatures: 60°C - 62°C - 72°C - 69°C - 65°C - 60°C - 70°C - 75°C | Throttling: None - None - None - None - None - None - None - None
3672 (4037406 Gflops/s) - 3703 (4071491 Gflops/s) - 3636 (3997824 Gflops/s) - 3674 (4039605 Gflops/s) - 3650 (4013217 Gflops/s) - 3600 (3958241 Gflops/s) - 3647 (4009918 Gflops/s) - 3617 (3976933 Gflops/s) | Temperatures: 60°C - 62°C - 72°C - 69°C - 65°C - 60°C - 70°C - 75°C | Throttling: None - None - None - None - None - None - None - None
3677 (4042904 Gflops/s) - 3704 (4072591 Gflops/s) - 3640 (4002222 Gflops/s) - 3678 (4044003 Gflops/s) - 3656 (4019814 Gflops/s) - 3606 (3964838 Gflops/s) - 3653 (4016515 Gflops/s) - 3622 (3982431 Gflops/s) | Temperatures: 60°C - 62°C - 72°C - 69°C - 65°C - 60°C - 70°C - 75°C | Throttling: None - None - None - None - None - None - None - None
3669 (4034108 Gflops/s) - 3701 (4069292 Gflops/s) - 3642 (4004421 Gflops/s) - 3680 (4046202 Gflops/s) - 3651 (4014316 Gflops/s) - 3613 (3972535 Gflops/s) - 3649 (4012117 Gflops/s) - 3617 (3976933 Gflops/s) | Temperatures: 60°C - 62°C - 72°C - 69°C - 65°C - 61°C - 70°C - 75°C | Throttling: None - None - None - None - None - None - None - None
3673 (4038506 Gflops/s) - 3702 (4070392 Gflops/s) - 3640 (4002222 Gflops/s) - 3673 (4038506 Gflops/s) - 3654 (4017615 Gflops/s) - 3601 (3959341 Gflops/s) - 3647 (4009918 Gflops/s) - 3619 (3979132 Gflops/s) | Temperatures: 60°C - 62°C - 72°C - 69°C - 65°C - 60°C - 70°C - 75°C | Throttling: None - None - None - None - None - None - None - None
3671 (4036307 Gflops/s) - 3701 (4069292 Gflops/s) - 3640 (4002222 Gflops/s) - 3660 (4024212 Gflops/s) - 3652 (4015416 Gflops/s) - 3624 (3984630 Gflops/s) - 3648 (4011018 Gflops/s) - 3617 (3976933 Gflops/s) | Temperatures: 60°C - 62°C - 72°C - 69°C - 65°C - 61°C - 70°C - 75°C | Throttling: None - None - None - None - None - None - None - None
3671 (4036307 Gflops/s) - 3701 (4069292 Gflops/s) - 3636 (3997824 Gflops/s) - 3678 (4044003 Gflops/s) - 3651 (4014316 Gflops/s) - 3620 (3980232 Gflops/s) - 3649 (4012117 Gflops/s) - 3618 (3978033 Gflops/s) | Temperatures: 60°C - 62°C - 72°C - 69°C - 65°C - 61°C - 70°C - 75°C | Throttling: None - None - None - None - None - None - None - None
3676 (4041804 Gflops/s) - 3700 (4068193 Gflops/s) - 3640 (4002222 Gflops/s) - 3680 (4046202 Gflops/s) - 3651 (4014316 Gflops/s) - 3601 (3959341 Gflops/s) - 3648 (4011018 Gflops/s) - 3618 (3978033 Gflops/s) | Temperatures: 60°C - 62°C - 72°C - 69°C - 65°C - 61°C - 70°C - 75°C | Throttling: None - None - None - None - None - None - None - None
3671 (4036307 Gflops/s) - 3702 (4070392 Gflops/s) - 3638 (4000023 Gflops/s) - 3679 (4045103 Gflops/s) - 3650 (4013217 Gflops/s) - 3602 (3960440 Gflops/s) - 3647 (4009918 Gflops/s) - 3618 (3978033 Gflops/s) | Temperatures: 60°C - 62°C - 72°C - 69°C - 65°C - 61°C - 70°C - 75°C | Throttling: None - None - None - None - None - None - None - None
3672 (4037406 Gflops/s) - 3702 (4070392 Gflops/s) - 3639 (4001122 Gflops/s) - 3678 (4044003 Gflops/s) - 3652 (4015416 Gflops/s) - 3617 (3976933 Gflops/s) - 3648 (4011018 Gflops/s) - 3618 (3978033 Gflops/s) | Temperatures: 60°C - 62°C - 72°C - 69°C - 65°C - 61°C - 70°C - 75°C | Throttling: None - None - None - None - None - None - None - None
3672 (4037406 Gflops/s) - 3699 (4067093 Gflops/s) - 3638 (4000023 Gflops/s) - 3678 (4044003 Gflops/s) - 3648 (4011018 Gflops/s) - 3608 (3967037 Gflops/s) - 3647 (4009918 Gflops/s) - 3617 (3976933 Gflops/s) | Temperatures: 60°C - 62°C - 72°C - 69°C - 65°C - 61°C - 70°C - 75°C | Throttling: None - None - None - None - None - None - None - None
3672 (4037406 Gflops/s) - 3701 (4069292 Gflops/s) - 3638 (4000023 Gflops/s) - 3674 (4039605 Gflops/s) - 3652 (4015416 Gflops/s) - 3620 (3980232 Gflops/s) - 3646 (4008819 Gflops/s) - 3617 (3976933 Gflops/s) | Temperatures: 60°C - 62°C - 72°C - 69°C - 65°C - 61°C - 70°C - 75°C | Throttling: None - None - None - None - None - None - None - None
3679 (4045103 Gflops/s) - 3704 (4072591 Gflops/s) - 3643 (4005520 Gflops/s) - 3681 (4047302 Gflops/s) - 3655 (4018714 Gflops/s) - 3599 (3957142 Gflops/s) - 3651 (4014316 Gflops/s) - 3621 (3981331 Gflops/s) | Temperatures: 60°C - 62°C - 72°C - 69°C - 65°C - 61°C - 70°C - 75°C | Throttling: None - None - None - None - None - None - None - None
3671 (4036307 Gflops/s) - 3703 (4071491 Gflops/s) - 3638 (4000023 Gflops/s) - 3678 (4044003 Gflops/s) - 3644 (4006620 Gflops/s) - 3613 (3972535 Gflops/s) - 3647 (4009918 Gflops/s) - 3617 (3976933 Gflops/s) | Temperatures: 60°C - 62°C - 72°C - 69°C - 65°C - 61°C - 70°C - 75°C | Throttling: None - None - None - None - None - None - None - None
3673 (4038506 Gflops/s) - 3701 (4069292 Gflops/s) - 3640 (4002222 Gflops/s) - 3681 (4047302 Gflops/s) - 3650 (4013217 Gflops/s) - 3601 (3959341 Gflops/s) - 3648 (4011018 Gflops/s) - 3618 (3978033 Gflops/s) | Temperatures: 60°C - 62°C - 72°C - 69°C - 65°C - 60°C - 70°C - 75°C | Throttling: None - None - None - None - None - None - None - None
3671 (4036307 Gflops/s) - 3699 (4067093 Gflops/s) - 3640 (4002222 Gflops/s) - 3679 (4045103 Gflops/s) - 3650 (4013217 Gflops/s) - 3612 (3971435 Gflops/s) - 3647 (4009918 Gflops/s) - 3618 (3978033 Gflops/s) | Temperatures: 60°C - 62°C - 72°C - 69°C - 65°C - 60°C - 70°C - 75°C | Throttling: None - None - None - None - None - None - None - None
3673 (4038506 Gflops/s) - 3701 (4069292 Gflops/s) - 3637 (3998923 Gflops/s) - 3679 (4045103 Gflops/s) - 3656 (4019814 Gflops/s) - 3606 (3964838 Gflops/s) - 3647 (4009918 Gflops/s) - 3617 (3976933 Gflops/s) | Temperatures: 60°C - 62°C - 72°C - 69°C - 65°C - 61°C - 70°C - 75°C | Throttling: None - None - None - None - None - None - None - None
3673 (4038506 Gflops/s) - 3705 (4073690 Gflops/s) - 3642 (4004421 Gflops/s) - 3686 (4052799 Gflops/s) - 3655 (4018714 Gflops/s) - 3608 (3967037 Gflops/s) - 3652 (4015416 Gflops/s) - 3622 (3982431 Gflops/s) | Temperatures: 60°C - 62°C - 72°C - 69°C - 65°C - 60°C - 70°C - 75°C | Throttling: None - None - None - None - None - None - None - None
3672 (4037406 Gflops/s) - 3703 (4071491 Gflops/s) - 3637 (3998923 Gflops/s) - 3676 (4041804 Gflops/s) - 3651 (4014316 Gflops/s) - 3608 (3967037 Gflops/s) - 3649 (4012117 Gflops/s) - 3617 (3976933 Gflops/s) | Temperatures: 60°C - 62°C - 72°C - 69°C - 65°C - 60°C - 70°C - 75°C | Throttling: None - None - None - None - None - None - None - None
3673 (4038506 Gflops/s) - 3699 (4067093 Gflops/s) - 3639 (4001122 Gflops/s) - 3674 (4039605 Gflops/s) - 3648 (4011018 Gflops/s) - 3606 (3964838 Gflops/s) - 3646 (4008819 Gflops/s) - 3617 (3976933 Gflops/s) | Temperatures: 60°C - 62°C - 72°C - 69°C - 65°C - 61°C - 70°C - 75°C | Throttling: None - None - None - None - None - None - None - None
3673 (4038506 Gflops/s) - 3700 (4068193 Gflops/s) - 3642 (4004421 Gflops/s) - 3683 (4049501 Gflops/s) - 3650 (4013217 Gflops/s) - 3598 (3956042 Gflops/s) - 3649 (4012117 Gflops/s) - 3618 (3978033 Gflops/s) | Temperatures: 60°C - 62°C - 72°C - 69°C - 65°C - 60°C - 70°C - 75°C | Throttling: None - None - None - None - None - None - None - None
3673 (4038506 Gflops/s) - 3698 (4065993 Gflops/s) - 3636 (3997824 Gflops/s) - 3681 (4047302 Gflops/s) - 3651 (4014316 Gflops/s) - 3603 (3961540 Gflops/s) - 3647 (4009918 Gflops/s) - 3617 (3976933 Gflops/s) | Temperatures: 60°C - 62°C - 72°C - 69°C - 65°C - 60°C - 70°C - 75°C | Throttling: None - None - None - None - None - None - None - None
3673 (4038506 Gflops/s) - 3702 (4070392 Gflops/s) - 3638 (4000023 Gflops/s) - 3678 (4044003 Gflops/s) - 3656 (4019814 Gflops/s) - 3602 (3960440 Gflops/s) - 3649 (4012117 Gflops/s) - 3619 (3979132 Gflops/s) | Temperatures: 60°C - 62°C - 72°C - 69°C - 65°C - 61°C - 70°C - 75°C | Throttling: None - None - None - None - None - None - None - None
3673 (4038506 Gflops/s) - 3701 (4069292 Gflops/s) - 3638 (4000023 Gflops/s) - 3682 (4048401 Gflops/s) - 3651 (4014316 Gflops/s) - 3595 (3952744 Gflops/s) - 3648 (4011018 Gflops/s) - 3617 (3976933 Gflops/s) | Temperatures: 60°C - 62°C - 72°C - 69°C - 65°C - 61°C - 70°C - 75°C | Throttling: None - None - None - None - None - None - None - None
3673 (4038506 Gflops/s) - 3700 (4068193 Gflops/s) - 3641 (4003321 Gflops/s) - 3679 (4045103 Gflops/s) - 3649 (4012117 Gflops/s) - 3604 (3962639 Gflops/s) - 3648 (4011018 Gflops/s) - 3619 (3979132 Gflops/s) | Temperatures: 60°C - 62°C - 72°C - 69°C - 65°C - 61°C - 70°C - 75°C | Throttling: None - None - None - None - None - None - None - None
3673 (4038506 Gflops/s) - 3698 (4065993 Gflops/s) - 3644 (4006620 Gflops/s) - 3682 (4048401 Gflops/s) - 3647 (4009918 Gflops/s) - 3617 (3976933 Gflops/s) - 3650 (4013217 Gflops/s) - 3618 (3978033 Gflops/s) | Temperatures: 60°C - 62°C - 72°C - 69°C - 65°C - 60°C - 70°C - 75°C | Throttling: None - None - None - None - None - None - None - None
3673 (4038506 Gflops/s) - 3702 (4070392 Gflops/s) - 3639 (4001122 Gflops/s) - 3677 (4042904 Gflops/s) - 3652 (4015416 Gflops/s) - 3622 (3982431 Gflops/s) - 3649 (4012117 Gflops/s) - 3618 (3978033 Gflops/s) | Temperatures: 60°C - 62°C - 72°C - 69°C - 65°C - 60°C - 70°C - 75°C | Throttling: None - None - None - None - None - None - None - None
3669 (4034108 Gflops/s) - 3698 (4065993 Gflops/s) - 3637 (3998923 Gflops/s) - 3678 (4044003 Gflops/s) - 3649 (4012117 Gflops/s) - 3613 (3972535 Gflops/s) - 3648 (4011018 Gflops/s) - 3617 (3976933 Gflops/s) | Temperatures: 60°C - 62°C - 72°C - 69°C - 65°C - 60°C - 70°C - 75°C | Throttling: None - None - None - None - None - None - None - None
3677 (4042904 Gflops/s) - 3704 (4072591 Gflops/s) - 3643 (4005520 Gflops/s) - 3680 (4046202 Gflops/s) - 3658 (4022013 Gflops/s) - 3599 (3957142 Gflops/s) - 3650 (4013217 Gflops/s) - 3621 (3981331 Gflops/s) | Temperatures: 60°C - 62°C - 72°C - 69°C - 65°C - 60°C - 70°C - 75°C | Throttling: None - None - None - None - None - None - None - None
3672 (4037406 Gflops/s) - 3701 (4069292 Gflops/s) - 3641 (4003321 Gflops/s) - 3681 (4047302 Gflops/s) - 3649 (4012117 Gflops/s) - 3618 (3978033 Gflops/s) - 3647 (4009918 Gflops/s) - 3618 (3978033 Gflops/s) | Temperatures: 60°C - 62°C - 72°C - 69°C - 65°C - 61°C - 70°C - 75°C | Throttling: None - None - None - None - None - None - None - None
3672 (4037406 Gflops/s) - 3699 (4067093 Gflops/s) - 3640 (4002222 Gflops/s) - 3677 (4042904 Gflops/s) - 3650 (4013217 Gflops/s) - 3597 (3954943 Gflops/s) - 3649 (4012117 Gflops/s) - 3618 (3978033 Gflops/s) | Temperatures: 60°C - 62°C - 72°C - 69°C - 65°C - 60°C - 70°C - 75°C | Throttling: None - None - None - None - None - None - None - None
3672 (4037406 Gflops/s) - 3699 (4067093 Gflops/s) - 3638 (4000023 Gflops/s) - 3672 (4037406 Gflops/s) - 3651 (4014316 Gflops/s) - 3600 (3958241 Gflops/s) - 3647 (4009918 Gflops/s) - 3618 (3978033 Gflops/s) | Temperatures: 60°C - 62°C - 72°C - 69°C - 65°C - 61°C - 70°C - 75°C | Throttling: None - None - None - None - None - None - None - None
3673 (4038506 Gflops/s) - 3702 (4070392 Gflops/s) - 3637 (3998923 Gflops/s) - 3681 (4047302 Gflops/s) - 3653 (4016515 Gflops/s) - 3603 (3961540 Gflops/s) - 3648 (4011018 Gflops/s) - 3617 (3976933 Gflops/s) | Temperatures: 60°C - 62°C - 72°C - 69°C - 65°C - 61°C - 70°C - 75°C | Throttling: None - None - None - None - None - None - None - None
3671 (4036307 Gflops/s) - 3700 (4068193 Gflops/s) - 3640 (4002222 Gflops/s) - 3684 (4050600 Gflops/s) - 3655 (4018714 Gflops/s) - 3604 (3962639 Gflops/s) - 3648 (4011018 Gflops/s) - 3618 (3978033 Gflops/s) | Temperatures: 60°C - 62°C - 72°C - 69°C - 65°C - 60°C - 70°C - 75°C | Throttling: None - None - None - None - None - None - None - None
3672 (4037406 Gflops/s) - 3700 (4068193 Gflops/s) - 3638 (4000023 Gflops/s) - 3681 (4047302 Gflops/s) - 3650 (4013217 Gflops/s) - 3602 (3960440 Gflops/s) - 3646 (4008819 Gflops/s) - 3617 (3976933 Gflops/s) | Temperatures: 60°C - 62°C - 72°C - 69°C - 65°C - 61°C - 70°C - 75°C | Throttling: None - None - None - None - None - None - None - None
3671 (4036307 Gflops/s) - 3698 (4065993 Gflops/s) - 3637 (3998923 Gflops/s) - 3672 (4037406 Gflops/s) - 3651 (4014316 Gflops/s) - 3606 (3964838 Gflops/s) - 3647 (4009918 Gflops/s) - 3618 (3978033 Gflops/s) | Temperatures: 60°C - 62°C - 72°C - 69°C - 65°C - 60°C - 70°C - 75°C | Throttling: None - None - None - None - None - None - None - None
3675 (4040705 Gflops/s) - 3702 (4070392 Gflops/s) - 3640 (4002222 Gflops/s) - 3686 (4052799 Gflops/s) - 3661 (4025312 Gflops/s) - 3603 (3961540 Gflops/s) - 3651 (4014316 Gflops/s) - 3621 (3981331 Gflops/s) | Temperatures: 60°C - 62°C - 72°C - 69°C - 65°C - 61°C - 70°C - 75°C | Throttling: None - None - None - None - None - None - None - None
3673 (4038506 Gflops/s) - 3699 (4067093 Gflops/s) - 3635 (3996724 Gflops/s) - 3678 (4044003 Gflops/s) - 3650 (4013217 Gflops/s) - 3609 (3968137 Gflops/s) - 3647 (4009918 Gflops/s) - 3618 (3978033 Gflops/s) | Temperatures: 60°C - 62°C - 72°C - 69°C - 65°C - 60°C - 70°C - 75°C | Throttling: None - None - None - None - None - None - None - None
3670 (4035207 Gflops/s) - 3703 (4071491 Gflops/s) - 3640 (4002222 Gflops/s) - 3668 (4033008 Gflops/s) - 3650 (4013217 Gflops/s) - 3609 (3968137 Gflops/s) - 3649 (4012117 Gflops/s) - 3618 (3978033 Gflops/s) | Temperatures: 60°C - 62°C - 72°C - 69°C - 65°C - 61°C - 70°C - 75°C | Throttling: None - None - None - None - None - None - None - None
3674 (4039605 Gflops/s) - 3702 (4070392 Gflops/s) - 3635 (3996724 Gflops/s) - 3673 (4038506 Gflops/s) - 3654 (4017615 Gflops/s) - 3625 (3985729 Gflops/s) - 3647 (4009918 Gflops/s) - 3617 (3976933 Gflops/s) | Temperatures: 60°C - 62°C - 72°C - 69°C - 65°C - 61°C - 70°C - 75°C | Throttling: None - None - None - None - None - None - None - None
3674 (4039605 Gflops/s) - 3702 (4070392 Gflops/s) - 3638 (4000023 Gflops/s) - 3680 (4046202 Gflops/s) - 3650 (4013217 Gflops/s) - 3595 (3952744 Gflops/s) - 3647 (4009918 Gflops/s) - 3618 (3978033 Gflops/s) | Temperatures: 60°C - 62°C - 72°C - 69°C - 65°C - 61°C - 70°C - 75°C | Throttling: None - None - None - None - None - None - None - None
3674 (4039605 Gflops/s) - 3698 (4065993 Gflops/s) - 3638 (4000023 Gflops/s) - 3670 (4035207 Gflops/s) - 3651 (4014316 Gflops/s) - 3607 (3965938 Gflops/s) - 3648 (4011018 Gflops/s) - 3618 (3978033 Gflops/s) | Temperatures: 60°C - 62°C - 72°C - 69°C - 65°C - 60°C - 70°C - 75°C | Throttling: None - None - None - None - None - None - None - None
3675 (4040705 Gflops/s) - 3702 (4070392 Gflops/s) - 3640 (4002222 Gflops/s) - 3675 (4040705 Gflops/s) - 3652 (4015416 Gflops/s) - 3629 (3990127 Gflops/s) - 3648 (4011018 Gflops/s) - 3618 (3978033 Gflops/s) | Temperatures: 60°C - 62°C - 72°C - 69°C - 65°C - 61°C - 70°C - 75°C | Throttling: None - None - None - None - None - None - None - None
3672 (4037406 Gflops/s) - 3703 (4071491 Gflops/s) - 3637 (3998923 Gflops/s) - 3682 (4048401 Gflops/s) - 3649 (4012117 Gflops/s) - 3601 (3959341 Gflops/s) - 3649 (4012117 Gflops/s) - 3618 (3978033 Gflops/s) | Temperatures: 60°C - 62°C - 72°C - 69°C - 65°C - 61°C - 70°C - 75°C | Throttling: None - None - None - None - None - None - None - None
3672 (4037406 Gflops/s) - 3696 (4063794 Gflops/s) - 3642 (4004421 Gflops/s) - 3680 (4046202 Gflops/s) - 3651 (4014316 Gflops/s) - 3618 (3978033 Gflops/s) - 3648 (4011018 Gflops/s) - 3618 (3978033 Gflops/s) | Temperatures: 60°C - 62°C - 72°C - 69°C - 65°C - 60°C - 70°C - 75°C | Throttling: None - None - None - None - None - None - None - None
3673 (4038506 Gflops/s) - 3699 (4067093 Gflops/s) - 3641 (4003321 Gflops/s) - 3683 (4049501 Gflops/s) - 3649 (4012117 Gflops/s) - 3608 (3967037 Gflops/s) - 3648 (4011018 Gflops/s) - 3618 (3978033 Gflops/s) | Temperatures: 60°C - 62°C - 72°C - 69°C - 65°C - 60°C - 70°C - 75°C | Throttling: None - None - None - None - None - None - None - None
3676 (4041804 Gflops/s) - 3702 (4070392 Gflops/s) - 3638 (4000023 Gflops/s) - 3676 (4041804 Gflops/s) - 3656 (4019814 Gflops/s) - 3608 (3967037 Gflops/s) - 3652 (4015416 Gflops/s) - 3621 (3981331 Gflops/s) | Temperatures: 60°C - 62°C - 72°C - 69°C - 65°C - 60°C - 70°C - 75°C | Throttling: None - None - None - None - None - None - None - None
3670 (4035207 Gflops/s) - 3701 (4069292 Gflops/s) - 3641 (4003321 Gflops/s) - 3680 (4046202 Gflops/s) - 3652 (4015416 Gflops/s) - 3606 (3964838 Gflops/s) - 3646 (4008819 Gflops/s) - 3618 (3978033 Gflops/s) | Temperatures: 60°C - 62°C - 72°C - 69°C - 65°C - 61°C - 70°C - 75°C | Throttling: None - None - None - None - None - None - None - None
3674 (4039605 Gflops/s) - 3700 (4068193 Gflops/s) - 3642 (4004421 Gflops/s) - 3677 (4042904 Gflops/s) - 3653 (4016515 Gflops/s) - 3598 (3956042 Gflops/s) - 3647 (4009918 Gflops/s) - 3617 (3976933 Gflops/s) | Temperatures: 60°C - 62°C - 72°C - 69°C - 65°C - 60°C - 70°C - 75°C | Throttling: None - None - None - None - None - None - None - None
3673 (4038506 Gflops/s) - 3697 (4064894 Gflops/s) - 3642 (4004421 Gflops/s) - 3682 (4048401 Gflops/s) - 3654 (4017615 Gflops/s) - 3613 (3972535 Gflops/s) - 3647 (4009918 Gflops/s) - 3618 (3978033 Gflops/s) | Temperatures: 60°C - 62°C - 72°C - 69°C - 65°C - 60°C - 70°C - 75°C | Throttling: None - None - None - None - None - None - None - None
3673 (4038506 Gflops/s) - 3699 (4067093 Gflops/s) - 3639 (4001122 Gflops/s) - 3671 (4036307 Gflops/s) - 3659 (4023113 Gflops/s) - 3600 (3958241 Gflops/s) - 3647 (4009918 Gflops/s) - 3618 (3978033 Gflops/s) | Temperatures: 60°C - 62°C - 72°C - 69°C - 65°C - 60°C - 70°C - 75°C | Throttling: None - None - None - None - None - None - None - None
3672 (4037406 Gflops/s) - 3702 (4070392 Gflops/s) - 3639 (4001122 Gflops/s) - 3678 (4044003 Gflops/s) - 3649 (4012117 Gflops/s) - 3617 (3976933 Gflops/s) - 3648 (4011018 Gflops/s) - 3617 (3976933 Gflops/s) | Temperatures: 60°C - 62°C - 72°C - 69°C - 65°C - 61°C - 70°C - 75°C | Throttling: None - None - None - None - None - None - None - None
3675 (4040705 Gflops/s) - 3700 (4068193 Gflops/s) - 3639 (4001122 Gflops/s) - 3677 (4042904 Gflops/s) - 3653 (4016515 Gflops/s) - 3589 (3946147 Gflops/s) - 3647 (4009918 Gflops/s) - 3618 (3978033 Gflops/s) | Temperatures: 60°C - 62°C - 72°C - 69°C - 65°C - 60°C - 70°C - 75°C | Throttling: None - None - None - None - None - None - None - None
3672 (4037406 Gflops/s) - 3700 (4068193 Gflops/s) - 3638 (4000023 Gflops/s) - 3683 (4049501 Gflops/s) - 3651 (4014316 Gflops/s) - 3633 (3994525 Gflops/s) - 3648 (4011018 Gflops/s) - 3617 (3976933 Gflops/s) | Temperatures: 60°C - 62°C - 72°C - 69°C - 65°C - 60°C - 70°C - 75°C | Throttling: None - None - None - None - None - None - None - None
3674 (4039605 Gflops/s) - 3699 (4067093 Gflops/s) - 3637 (3998923 Gflops/s) - 3678 (4044003 Gflops/s) - 3651 (4014316 Gflops/s) - 3610 (3969236 Gflops/s) - 3647 (4009918 Gflops/s) - 3618 (3978033 Gflops/s) | Temperatures: 60°C - 62°C - 72°C - 69°C - 65°C - 60°C - 70°C - 75°C | Throttling: None - None - None - None - None - None - None - None
3671 (4036307 Gflops/s) - 3701 (4069292 Gflops/s) - 3638 (4000023 Gflops/s) - 3682 (4048401 Gflops/s) - 3649 (4012117 Gflops/s) - 3608 (3967037 Gflops/s) - 3649 (4012117 Gflops/s) - 3618 (3978033 Gflops/s) | Temperatures: 60°C - 62°C - 72°C - 69°C - 65°C - 60°C - 70°C - 75°C | Throttling: None - None - None - None - None - None - None - None
3677 (4042904 Gflops/s) - 3704 (4072591 Gflops/s) - 3644 (4006620 Gflops/s) - 3685 (4051700 Gflops/s) - 3653 (4016515 Gflops/s) - 3590 (3947246 Gflops/s) - 3650 (4013217 Gflops/s) - 3621 (3981331 Gflops/s) | Temperatures: 60°C - 62°C - 72°C - 69°C - 65°C - 60°C - 70°C - 75°C | Throttling: None - None - None - None - None - None - None - None
3673 (4038506 Gflops/s) - 3700 (4068193 Gflops/s) - 3641 (4003321 Gflops/s) - 3682 (4048401 Gflops/s) - 3655 (4018714 Gflops/s) - 3625 (3985729 Gflops/s) - 3647 (4009918 Gflops/s) - 3618 (3978033 Gflops/s) | Temperatures: 60°C - 62°C - 72°C - 69°C - 65°C - 60°C - 70°C - 75°C | Throttling: None - None - None - None - None - None - None - None
3671 (4036307 Gflops/s) - 3700 (4068193 Gflops/s) - 3636 (3997824 Gflops/s) - 3681 (4047302 Gflops/s) - 3650 (4013217 Gflops/s) - 3628 (3989028 Gflops/s) - 3647 (4009918 Gflops/s) - 3617 (3976933 Gflops/s) | Temperatures: 60°C - 62°C - 72°C - 69°C - 65°C - 60°C - 70°C - 75°C | Throttling: None - None - None - None - None - None - None - None
3674 (4039605 Gflops/s) - 3699 (4067093 Gflops/s) - 3638 (4000023 Gflops/s) - 3677 (4042904 Gflops/s) - 3651 (4014316 Gflops/s) - 3609 (3968137 Gflops/s) - 3647 (4009918 Gflops/s) - 3617 (3976933 Gflops/s) | Temperatures: 60°C - 62°C - 72°C - 69°C - 65°C - 60°C - 70°C - 75°C | Throttling: None - None - None - None - None - None - None - None
3670 (4035207 Gflops/s) - 3701 (4069292 Gflops/s) - 3639 (4001122 Gflops/s) - 3678 (4044003 Gflops/s) - 3651 (4014316 Gflops/s) - 3606 (3964838 Gflops/s) - 3649 (4012117 Gflops/s) - 3619 (3979132 Gflops/s) | Temperatures: 60°C - 62°C - 72°C - 69°C - 65°C - 60°C - 70°C - 75°C | Throttling: None - None - None - None - None - None - None - None
3674 (4039605 Gflops/s) - 3701 (4069292 Gflops/s) - 3634 (3995625 Gflops/s) - 3679 (4045103 Gflops/s) - 3650 (4013217 Gflops/s) - 3596 (3953843 Gflops/s) - 3648 (4011018 Gflops/s) - 3617 (3976933 Gflops/s) | Temperatures: 60°C - 62°C - 72°C - 69°C - 65°C - 60°C - 70°C - 75°C | Throttling: None - None - None - None - None - None - None - None
3673 (4038506 Gflops/s) - 3698 (4065993 Gflops/s) - 3639 (4001122 Gflops/s) - 3672 (4037406 Gflops/s) - 3650 (4013217 Gflops/s) - 3604 (3962639 Gflops/s) - 3648 (4011018 Gflops/s) - 3618 (3978033 Gflops/s) | Temperatures: 60°C - 62°C - 72°C - 69°C - 65°C - 60°C - 70°C - 75°C | Throttling: None - None - None - None - None - None - None - None
3673 (4038506 Gflops/s) - 3702 (4070392 Gflops/s) - 3640 (4002222 Gflops/s) - 3682 (4048401 Gflops/s) - 3650 (4013217 Gflops/s) - 3598 (3956042 Gflops/s) - 3647 (4009918 Gflops/s) - 3617 (3976933 Gflops/s) | Temperatures: 60°C - 62°C - 72°C - 69°C - 65°C - 60°C - 70°C - 75°C | Throttling: None - None - None - None - None - None - None - None
3676 (4041804 Gflops/s) - 3702 (4070392 Gflops/s) - 3640 (4002222 Gflops/s) - 3682 (4048401 Gflops/s) - 3654 (4017615 Gflops/s) - 3605 (3963739 Gflops/s) - 3652 (4015416 Gflops/s) - 3622 (3982431 Gflops/s) | Temperatures: 60°C - 62°C - 72°C - 69°C - 65°C - 61°C - 70°C - 75°C | Throttling: None - None - None - None - None - None - None - None
3673 (4038506 Gflops/s) - 3702 (4070392 Gflops/s) - 3636 (3997824 Gflops/s) - 3681 (4047302 Gflops/s) - 3651 (4014316 Gflops/s) - 3600 (3958241 Gflops/s) - 3649 (4012117 Gflops/s) - 3618 (3978033 Gflops/s) | Temperatures: 60°C - 62°C - 72°C - 69°C - 65°C - 60°C - 70°C - 75°C | Throttling: None - None - None - None - None - None - None - None
3673 (4038506 Gflops/s) - 3695 (4062695 Gflops/s) - 3641 (4003321 Gflops/s) - 3681 (4047302 Gflops/s) - 3655 (4018714 Gflops/s) - 3614 (3973635 Gflops/s) - 3647 (4009918 Gflops/s) - 3618 (3978033 Gflops/s) | Temperatures: 60°C - 62°C - 72°C - 69°C - 65°C - 61°C - 70°C - 75°C | Throttling: None - None - None - None - None - None - None - None
3673 (4038506 Gflops/s) - 3700 (4068193 Gflops/s) - 3637 (3998923 Gflops/s) - 3675 (4040705 Gflops/s) - 3653 (4016515 Gflops/s) - 3607 (3965938 Gflops/s) - 3648 (4011018 Gflops/s) - 3618 (3978033 Gflops/s) | Temperatures: 60°C - 62°C - 72°C - 69°C - 65°C - 60°C - 70°C - 75°C | Throttling: None - None - None - None - None - None - None - None
3673 (4038506 Gflops/s) - 3694 (4061595 Gflops/s) - 3640 (4002222 Gflops/s) - 3675 (4040705 Gflops/s) - 3649 (4012117 Gflops/s) - 3611 (3970336 Gflops/s) - 3646 (4008819 Gflops/s) - 3618 (3978033 Gflops/s) | Temperatures: 60°C - 62°C - 72°C - 69°C - 65°C - 60°C - 70°C - 75°C | Throttling: None - None - None - None - None - None - None - None
3675 (4040705 Gflops/s) - 3700 (4068193 Gflops/s) - 3637 (3998923 Gflops/s) - 3672 (4037406 Gflops/s) - 3651 (4014316 Gflops/s) - 3609 (3968137 Gflops/s) - 3648 (4011018 Gflops/s) - 3618 (3978033 Gflops/s) | Temperatures: 60°C - 62°C - 72°C - 69°C - 65°C - 60°C - 70°C - 75°C | Throttling: None - None - None - None - None - None - None - None
3674 (4039605 Gflops/s) - 3698 (4065993 Gflops/s) - 3638 (4000023 Gflops/s) - 3681 (4047302 Gflops/s) - 3650 (4013217 Gflops/s) - 3598 (3956042 Gflops/s) - 3647 (4009918 Gflops/s) - 3617 (3976933 Gflops/s) | Temperatures: 60°C - 62°C - 72°C - 69°C - 65°C - 60°C - 70°C - 75°C | Throttling: None - None - None - None - None - None - None - None
3673 (4038506 Gflops/s) - 3702 (4070392 Gflops/s) - 3640 (4002222 Gflops/s) - 3683 (4049501 Gflops/s) - 3651 (4014316 Gflops/s) - 3602 (3960440 Gflops/s) - 3647 (4009918 Gflops/s) - 3618 (3978033 Gflops/s) | Temperatures: 60°C - 62°C - 72°C - 69°C - 65°C - 61°C - 70°C - 75°C | Throttling: None - None - None - None - None - None - None - None
3674 (4039605 Gflops/s) - 3698 (4065993 Gflops/s) - 3636 (3997824 Gflops/s) - 3680 (4046202 Gflops/s) - 3652 (4015416 Gflops/s) - 3610 (3969236 Gflops/s) - 3648 (4011018 Gflops/s) - 3618 (3978033 Gflops/s) | Temperatures: 60°C - 62°C - 72°C - 69°C - 65°C - 61°C - 70°C - 75°C | Throttling: None - None - None - None - None - None - None - None
3671 (4036307 Gflops/s) - 3698 (4065993 Gflops/s) - 3637 (3998923 Gflops/s) - 3681 (4047302 Gflops/s) - 3654 (4017615 Gflops/s) - 3601 (3959341 Gflops/s) - 3648 (4011018 Gflops/s) - 3617 (3976933 Gflops/s) | Temperatures: 60°C - 62°C - 72°C - 69°C - 65°C - 60°C - 70°C - 75°C | Throttling: None - None - None - None - None - None - None - None
3675 (4040705 Gflops/s) - 3698 (4065993 Gflops/s) - 3640 (4002222 Gflops/s) - 3680 (4046202 Gflops/s) - 3648 (4011018 Gflops/s) - 3619 (3979132 Gflops/s) - 3649 (4012117 Gflops/s) - 3618 (3978033 Gflops/s) | Temperatures: 60°C - 62°C - 72°C - 69°C - 65°C - 61°C - 70°C - 75°C | Throttling: None - None - None - None - None - None - None - None
3676 (4041804 Gflops/s) - 3701 (4069292 Gflops/s) - 3639 (4001122 Gflops/s) - 3681 (4047302 Gflops/s) - 3653 (4016515 Gflops/s) - 3615 (3974734 Gflops/s) - 3650 (4013217 Gflops/s) - 3622 (3982431 Gflops/s) | Temperatures: 60°C - 62°C - 72°C - 69°C - 65°C - 61°C - 70°C - 75°C | Throttling: None - None - None - None - None - None - None - None
3673 (4038506 Gflops/s) - 3702 (4070392 Gflops/s) - 3637 (3998923 Gflops/s) - 3676 (4041804 Gflops/s) - 3653 (4016515 Gflops/s) - 3605 (3963739 Gflops/s) - 3648 (4011018 Gflops/s) - 3618 (3978033 Gflops/s) | Temperatures: 60°C - 62°C - 72°C - 69°C - 65°C - 60°C - 70°C - 75°C | Throttling: None - None - None - None - None - None - None - None
3672 (4037406 Gflops/s) - 3697 (4064894 Gflops/s) - 3635 (3996724 Gflops/s) - 3677 (4042904 Gflops/s) - 3650 (4013217 Gflops/s) - 3600 (3958241 Gflops/s) - 3649 (4012117 Gflops/s) - 3617 (3976933 Gflops/s) | Temperatures: 60°C - 62°C - 72°C - 69°C - 65°C - 60°C - 70°C - 75°C | Throttling: None - None - None - None - None - None - None - None
3672 (4037406 Gflops/s) - 3699 (4067093 Gflops/s) - 3636 (3997824 Gflops/s) - 3679 (4045103 Gflops/s) - 3647 (4009918 Gflops/s) - 3619 (3979132 Gflops/s) - 3646 (4008819 Gflops/s) - 3617 (3976933 Gflops/s) | Temperatures: 60°C - 62°C - 72°C - 69°C - 65°C - 61°C - 70°C - 75°C | Throttling: None - None - None - None - None - None - None - None
3670 (4035207 Gflops/s) - 3700 (4068193 Gflops/s) - 3638 (4000023 Gflops/s) - 3682 (4048401 Gflops/s) - 3651 (4014316 Gflops/s) - 3590 (3947246 Gflops/s) - 3650 (4013217 Gflops/s) - 3619 (3979132 Gflops/s) | Temperatures: 60°C - 62°C - 72°C - 69°C - 65°C - 60°C - 70°C - 75°C | Throttling: None - None - None - None - None - None - None - None
3672 (4037406 Gflops/s) - 3698 (4065993 Gflops/s) - 3636 (3997824 Gflops/s) - 3673 (4038506 Gflops/s) - 3650 (4013217 Gflops/s) - 3612 (3971435 Gflops/s) - 3645 (4007719 Gflops/s) - 3617 (3976933 Gflops/s) | Temperatures: 60°C - 62°C - 72°C - 69°C - 65°C - 60°C - 70°C - 75°C | Throttling: None - None - None - None - None - None - None - None
3672 (4037406 Gflops/s) - 3701 (4069292 Gflops/s) - 3635 (3996724 Gflops/s) - 3665 (4029710 Gflops/s) - 3652 (4015416 Gflops/s) - 3603 (3961540 Gflops/s) - 3650 (4013217 Gflops/s) - 3618 (3978033 Gflops/s) | Temperatures: 60°C - 62°C - 72°C - 69°C - 65°C - 60°C - 70°C - 75°C | Throttling: None - None - None - None - None - None - None - None
3671 (4036307 Gflops/s) - 3702 (4070392 Gflops/s) - 3637 (3998923 Gflops/s) - 3675 (4040705 Gflops/s) - 3650 (4013217 Gflops/s) - 3604 (3962639 Gflops/s) - 3647 (4009918 Gflops/s) - 3618 (3978033 Gflops/s) | Temperatures: 60°C - 62°C - 72°C - 69°C - 65°C - 60°C - 70°C - 75°C | Throttling: None - None - None - None - None - None - None - None
3668 (4033008 Gflops/s) - 3698 (4065993 Gflops/s) - 3639 (4001122 Gflops/s) - 3659 (4023113 Gflops/s) - 3652 (4015416 Gflops/s) - 3615 (3974734 Gflops/s) - 3645 (4007719 Gflops/s) - 3618 (3978033 Gflops/s) | Temperatures: 60°C - 62°C - 72°C - 69°C - 65°C - 61°C - 70°C - 75°C | Throttling: None - None - None - None - None - None - None - None
3674 (4039605 Gflops/s) - 3702 (4070392 Gflops/s) - 3638 (4000023 Gflops/s) - 3684 (4050600 Gflops/s) - 3654 (4017615 Gflops/s) - 3602 (3960440 Gflops/s) - 3650 (4013217 Gflops/s) - 3621 (3981331 Gflops/s) | Temperatures: 60°C - 62°C - 72°C - 69°C - 65°C - 60°C - 70°C - 75°C | Throttling: None - None - None - None - None - None - None - None
3671 (4036307 Gflops/s) - 3699 (4067093 Gflops/s) - 3635 (3996724 Gflops/s) - 3673 (4038506 Gflops/s) - 3650 (4013217 Gflops/s) - 3610 (3969236 Gflops/s) - 3647 (4009918 Gflops/s) - 3618 (3978033 Gflops/s) | Temperatures: 60°C - 62°C - 72°C - 69°C - 65°C - 61°C - 70°C - 75°C | Throttling: None - None - None - None - None - None - None - None
3672 (4037406 Gflops/s) - 3701 (4069292 Gflops/s) - 3637 (3998923 Gflops/s) - 3674 (4039605 Gflops/s) - 3655 (4018714 Gflops/s) - 3614 (3973635 Gflops/s) - 3647 (4009918 Gflops/s) - 3618 (3978033 Gflops/s) | Temperatures: 60°C - 62°C - 72°C - 69°C - 65°C - 61°C - 70°C - 75°C | Throttling: None - None - None - None - None - None - None - None
3672 (4037406 Gflops/s) - 3698 (4065993 Gflops/s) - 3638 (4000023 Gflops/s) - 3680 (4046202 Gflops/s) - 3653 (4016515 Gflops/s) - 3612 (3971435 Gflops/s) - 3648 (4011018 Gflops/s) - 3618 (3978033 Gflops/s) | Temperatures: 60°C - 62°C - 72°C - 69°C - 65°C - 61°C - 70°C - 75°C | Throttling: None - None - None - None - None - None - None - None
3672 (4037406 Gflops/s) - 3698 (4065993 Gflops/s) - 3641 (4003321 Gflops/s) - 3679 (4045103 Gflops/s) - 3648 (4011018 Gflops/s) - 3600 (3958241 Gflops/s) - 3649 (4012117 Gflops/s) - 3618 (3978033 Gflops/s) | Temperatures: 60°C - 62°C - 72°C - 69°C - 65°C - 60°C - 70°C - 75°C | Throttling: None - None - None - None - None - None - None - None
3672 (4037406 Gflops/s) - 3699 (4067093 Gflops/s) - 3634 (3995625 Gflops/s) - 3673 (4038506 Gflops/s) - 3652 (4015416 Gflops/s) - 3611 (3970336 Gflops/s) - 3646 (4008819 Gflops/s) - 3617 (3976933 Gflops/s) | Temperatures: 60°C - 62°C - 72°C - 69°C - 65°C - 60°C - 70°C - 75°C | Throttling: None - None - None - None - None - None - None - None
3673 (4038506 Gflops/s) - 3702 (4070392 Gflops/s) - 3635 (3996724 Gflops/s) - 3673 (4038506 Gflops/s) - 3649 (4012117 Gflops/s) - 3606 (3964838 Gflops/s) - 3648 (4011018 Gflops/s) - 3618 (3978033 Gflops/s) | Temperatures: 60°C - 62°C - 72°C - 69°C - 65°C - 60°C - 70°C - 75°C | Throttling: None - None - None - None - None - None - None - None
3673 (4038506 Gflops/s) - 3698 (4065993 Gflops/s) - 3637 (3998923 Gflops/s) - 3678 (4044003 Gflops/s) - 3648 (4011018 Gflops/s) - 3614 (3973635 Gflops/s) - 3648 (4011018 Gflops/s) - 3617 (3976933 Gflops/s) | Temperatures: 60°C - 62°C - 72°C - 69°C - 65°C - 61°C - 70°C - 75°C | Throttling: None - None - None - None - None - None - None - None
3670 (4035207 Gflops/s) - 3698 (4065993 Gflops/s) - 3637 (3998923 Gflops/s) - 3670 (4035207 Gflops/s) - 3652 (4015416 Gflops/s) - 3619 (3979132 Gflops/s) - 3648 (4011018 Gflops/s) - 3619 (3979132 Gflops/s) | Temperatures: 60°C - 62°C - 72°C - 69°C - 65°C - 61°C - 70°C - 75°C | Throttling: None - None - None - None - None - None - None - None
3673 (4038506 Gflops/s) - 3698 (4065993 Gflops/s) - 3636 (3997824 Gflops/s) - 3675 (4040705 Gflops/s) - 3648 (4011018 Gflops/s) - 3597 (3954943 Gflops/s) - 3647 (4009918 Gflops/s) - 3617 (3976933 Gflops/s) | Temperatures: 60°C - 62°C - 72°C - 69°C - 65°C - 61°C - 70°C - 75°C | Throttling: None - None - None - None - None - None - None - None
3678 (4044003 Gflops/s) - 3704 (4072591 Gflops/s) - 3637 (3998923 Gflops/s) - 3672 (4037406 Gflops/s) - 3649 (4012117 Gflops/s) - 3594 (3951644 Gflops/s) - 3652 (4015416 Gflops/s) - 3622 (3982431 Gflops/s) | Temperatures: 60°C - 62°C - 72°C - 69°C - 65°C - 60°C - 70°C - 75°C | Throttling: None - None - None - None - None - None - None - None
3672 (4037406 Gflops/s) - 3698 (4065993 Gflops/s) - 3635 (3996724 Gflops/s) - 3676 (4041804 Gflops/s) - 3651 (4014316 Gflops/s) - 3613 (3972535 Gflops/s) - 3647 (4009918 Gflops/s) - 3618 (3978033 Gflops/s) | Temperatures: 60°C - 62°C - 72°C - 69°C - 65°C - 60°C - 70°C - 75°C | Throttling: None - None - None - None - None - None - None - None
3673 (4038506 Gflops/s) - 3700 (4068193 Gflops/s) - 3637 (3998923 Gflops/s) - 3680 (4046202 Gflops/s) - 3649 (4012117 Gflops/s) - 3633 (3994525 Gflops/s) - 3648 (4011018 Gflops/s) - 3618 (3978033 Gflops/s) | Temperatures: 60°C - 62°C - 72°C - 69°C - 65°C - 61°C - 70°C - 75°C | Throttling: None - None - None - None - None - None - None - None
3670 (4035207 Gflops/s) - 3698 (4065993 Gflops/s) - 3635 (3996724 Gflops/s) - 3668 (4033008 Gflops/s) - 3651 (4014316 Gflops/s) - 3617 (3976933 Gflops/s) - 3647 (4009918 Gflops/s) - 3618 (3978033 Gflops/s) | Temperatures: 60°C - 62°C - 72°C - 69°C - 65°C - 61°C - 70°C - 75°C | Throttling: None - None - None - None - None - None - None - None
3669 (4034108 Gflops/s) - 3699 (4067093 Gflops/s) - 3636 (3997824 Gflops/s) - 3673 (4038506 Gflops/s) - 3649 (4012117 Gflops/s) - 3599 (3957142 Gflops/s) - 3649 (4012117 Gflops/s) - 3617 (3976933 Gflops/s) | Temperatures: 60°C - 62°C - 72°C - 69°C - 65°C - 60°C - 70°C - 75°C | Throttling: None - None - None - None - None - None - None - None
3673 (4038506 Gflops/s) - 3698 (4065993 Gflops/s) - 3635 (3996724 Gflops/s) - 3679 (4045103 Gflops/s) - 3656 (4019814 Gflops/s) - 3602 (3960440 Gflops/s) - 3647 (4009918 Gflops/s) - 3618 (3978033 Gflops/s) | Temperatures: 60°C - 62°C - 72°C - 69°C - 65°C - 61°C - 70°C - 75°C | Throttling: None - None - None - None - None - None - None - None
3672 (4037406 Gflops/s) - 3698 (4065993 Gflops/s) - 3638 (4000023 Gflops/s) - 3682 (4048401 Gflops/s) - 3649 (4012117 Gflops/s) - 3617 (3976933 Gflops/s) - 3648 (4011018 Gflops/s) - 3617 (3976933 Gflops/s) | Temperatures: 60°C - 62°C - 72°C - 69°C - 65°C - 60°C - 70°C - 75°C | Throttling: None - None - None - None - None - None - None - None
3673 (4038506 Gflops/s) - 3699 (4067093 Gflops/s) - 3637 (3998923 Gflops/s) - 3655 (4018714 Gflops/s) - 3647 (4009918 Gflops/s) - 3605 (3963739 Gflops/s) - 3645 (4007719 Gflops/s) - 3618 (3978033 Gflops/s) | Temperatures: 60°C - 62°C - 72°C - 69°C - 65°C - 61°C - 70°C - 75°C | Throttling: None - None - None - None - None - None - None - None
3670 (4035207 Gflops/s) - 3698 (4065993 Gflops/s) - 3635 (3996724 Gflops/s) - 3681 (4047302 Gflops/s) - 3650 (4013217 Gflops/s) - 3604 (3962639 Gflops/s) - 3646 (4008819 Gflops/s) - 3617 (3976933 Gflops/s) | Temperatures: 60°C - 62°C - 72°C - 69°C - 65°C - 60°C - 70°C - 75°C | Throttling: None - None - None - None - None - None - None - None
3677 (4042904 Gflops/s) - 3700 (4068193 Gflops/s) - 3641 (4003321 Gflops/s) - 3677 (4042904 Gflops/s) - 3653 (4016515 Gflops/s) - 3605 (3963739 Gflops/s) - 3649 (4012117 Gflops/s) - 3622 (3982431 Gflops/s) | Temperatures: 60°C - 62°C - 72°C - 69°C - 65°C - 60°C - 70°C - 75°C | Throttling: None - None - None - None - None - None - None - None
3672 (4037406 Gflops/s) - 3697 (4064894 Gflops/s) - 3636 (3997824 Gflops/s) - 3677 (4042904 Gflops/s) - 3648 (4011018 Gflops/s) - 3605 (3963739 Gflops/s) - 3649 (4012117 Gflops/s) - 3618 (3978033 Gflops/s) | Temperatures: 60°C - 62°C - 72°C - 69°C - 65°C - 60°C - 70°C - 75°C | Throttling: None - None - None - None - None - None - None - None
3673 (4038506 Gflops/s) - 3700 (4068193 Gflops/s) - 3640 (4002222 Gflops/s) - 3678 (4044003 Gflops/s) - 3651 (4014316 Gflops/s) - 3600 (3958241 Gflops/s) - 3648 (4011018 Gflops/s) - 3618 (3978033 Gflops/s) | Temperatures: 60°C - 62°C - 72°C - 69°C - 65°C - 60°C - 70°C - 75°C | Throttling: None - None - None - None - None - None - None - None
3674 (4039605 Gflops/s) - 3699 (4067093 Gflops/s) - 3637 (3998923 Gflops/s) - 3669 (4034108 Gflops/s) - 3648 (4011018 Gflops/s) - 3614 (3973635 Gflops/s) - 3648 (4011018 Gflops/s) - 3618 (3978033 Gflops/s) | Temperatures: 60°C - 62°C - 72°C - 69°C - 65°C - 60°C - 70°C - 75°C | Throttling: None - None - None - None - None - None - None - None
3673 (4038506 Gflops/s) - 3699 (4067093 Gflops/s) - 3636 (3997824 Gflops/s) - 3678 (4044003 Gflops/s) - 3649 (4012117 Gflops/s) - 3613 (3972535 Gflops/s) - 3648 (4011018 Gflops/s) - 3618 (3978033 Gflops/s) | Temperatures: 60°C - 62°C - 72°C - 69°C - 65°C - 60°C - 70°C - 75°C | Throttling: None - None - None - None - None - None - None - None
3671 (4036307 Gflops/s) - 3698 (4065993 Gflops/s) - 3638 (4000023 Gflops/s) - 3678 (4044003 Gflops/s) - 3650 (4013217 Gflops/s) - 3613 (3972535 Gflops/s) - 3647 (4009918 Gflops/s) - 3617 (3976933 Gflops/s) | Temperatures: 60°C - 62°C - 72°C - 69°C - 65°C - 61°C - 70°C - 75°C | Throttling: None - None - None - None - None - None - None - None
3672 (4037406 Gflops/s) - 3701 (4069292 Gflops/s) - 3636 (3997824 Gflops/s) - 3681 (4047302 Gflops/s) - 3648 (4011018 Gflops/s) - 3596 (3953843 Gflops/s) - 3648 (4011018 Gflops/s) - 3618 (3978033 Gflops/s) | Temperatures: 60°C - 62°C - 72°C - 69°C - 65°C - 60°C - 70°C - 75°C | Throttling: None - None - None - None - None - None - None - None
3673 (4038506 Gflops/s) - 3699 (4067093 Gflops/s) - 3637 (3998923 Gflops/s) - 3671 (4036307 Gflops/s) - 3655 (4018714 Gflops/s) - 3607 (3965938 Gflops/s) - 3647 (4009918 Gflops/s) - 3618 (3978033 Gflops/s) | Temperatures: 60°C - 62°C - 72°C - 69°C - 65°C - 61°C - 70°C - 75°C | Throttling: None - None - None - None - None - None - None - None
3673 (4038506 Gflops/s) - 3701 (4069292 Gflops/s) - 3638 (4000023 Gflops/s) - 3676 (4041804 Gflops/s) - 3650 (4013217 Gflops/s) - 3607 (3965938 Gflops/s) - 3646 (4008819 Gflops/s) - 3618 (3978033 Gflops/s) | Temperatures: 60°C - 62°C - 72°C - 69°C - 65°C - 61°C - 70°C - 75°C | Throttling: None - None - None - None - None - None - None - None
3672 (4037406 Gflops/s) - 3697 (4064894 Gflops/s) - 3635 (3996724 Gflops/s) - 3683 (4049501 Gflops/s) - 3649 (4012117 Gflops/s) - 3608 (3967037 Gflops/s) - 3647 (4009918 Gflops/s) - 3618 (3978033 Gflops/s) | Temperatures: 60°C - 62°C - 72°C - 69°C - 65°C - 60°C - 70°C - 75°C | Throttling: None - None - None - None - None - None - None - None
3672 (4037406 Gflops/s) - 3697 (4064894 Gflops/s) - 3640 (4002222 Gflops/s) - 3667 (4031909 Gflops/s) - 3647 (4009918 Gflops/s) - 3592 (3949445 Gflops/s) - 3647 (4009918 Gflops/s) - 3617 (3976933 Gflops/s) | Temperatures: 60°C - 62°C - 72°C - 69°C - 65°C - 60°C - 70°C - 75°C | Throttling: None - None - None - None - None - None - None - None
3671 (4036307 Gflops/s) - 3699 (4067093 Gflops/s) - 3636 (3997824 Gflops/s) - 3680 (4046202 Gflops/s) - 3652 (4015416 Gflops/s) - 3591 (3948346 Gflops/s) - 3648 (4011018 Gflops/s) - 3619 (3979132 Gflops/s) | Temperatures: 60°C - 62°C - 72°C - 69°C - 65°C - 60°C - 70°C - 75°C | Throttling: None - None - None - None - None - None - None - None
3675 (4040705 Gflops/s) - 3701 (4069292 Gflops/s) - 3639 (4001122 Gflops/s) - 3678 (4044003 Gflops/s) - 3659 (4023113 Gflops/s) - 3605 (3963739 Gflops/s) - 3650 (4013217 Gflops/s) - 3621 (3981331 Gflops/s) | Temperatures: 60°C - 62°C - 72°C - 69°C - 65°C - 60°C - 70°C - 75°C | Throttling: None - None - None - None - None - None - None - None
3672 (4037406 Gflops/s) - 3695 (4062695 Gflops/s) - 3636 (3997824 Gflops/s) - 3681 (4047302 Gflops/s) - 3655 (4018714 Gflops/s) - 3608 (3967037 Gflops/s) - 3648 (4011018 Gflops/s) - 3617 (3976933 Gflops/s) | Temperatures: 60°C - 62°C - 72°C - 69°C - 65°C - 61°C - 70°C - 75°C | Throttling: None - None - None - None - None - None - None - None
3673 (4038506 Gflops/s) - 3699 (4067093 Gflops/s) - 3638 (4000023 Gflops/s) - 3677 (4042904 Gflops/s) - 3649 (4012117 Gflops/s) - 3605 (3963739 Gflops/s) - 3646 (4008819 Gflops/s) - 3618 (3978033 Gflops/s) | Temperatures: 60°C - 62°C - 72°C - 69°C - 65°C - 60°C - 70°C - 75°C | Throttling: None - None - None - None - None - None - None - None
3672 (4037406 Gflops/s) - 3697 (4064894 Gflops/s) - 3638 (4000023 Gflops/s) - 3680 (4046202 Gflops/s) - 3654 (4017615 Gflops/s) - 3605 (3963739 Gflops/s) - 3648 (4011018 Gflops/s) - 3618 (3978033 Gflops/s) | Temperatures: 60°C - 62°C - 72°C - 69°C - 65°C - 61°C - 70°C - 75°C | Throttling: None - None - None - None - None - None - None - None
3673 (4038506 Gflops/s) - 3699 (4067093 Gflops/s) - 3635 (3996724 Gflops/s) - 3671 (4036307 Gflops/s) - 3649 (4012117 Gflops/s) - 3628 (3989028 Gflops/s) - 3645 (4007719 Gflops/s) - 3618 (3978033 Gflops/s) | Temperatures: 60°C - 62°C - 72°C - 69°C - 65°C - 61°C - 70°C - 75°C | Throttling: None - None - None - None - None - None - None - None
3671 (4036307 Gflops/s) - 3698 (4065993 Gflops/s) - 3635 (3996724 Gflops/s) - 3681 (4047302 Gflops/s) - 3651 (4014316 Gflops/s) - 3591 (3948346 Gflops/s) - 3647 (4009918 Gflops/s) - 3618 (3978033 Gflops/s) | Temperatures: 60°C - 62°C - 72°C - 69°C - 65°C - 61°C - 70°C - 75°C | Throttling: None - None - None - None - None - None - None - None
3669 (4034108 Gflops/s) - 3696 (4063794 Gflops/s) - 3636 (3997824 Gflops/s) - 3673 (4038506 Gflops/s) - 3649 (4012117 Gflops/s) - 3618 (3978033 Gflops/s) - 3647 (4009918 Gflops/s) - 3617 (3976933 Gflops/s) | Temperatures: 60°C - 62°C - 72°C - 69°C - 65°C - 61°C - 70°C - 75°C | Throttling: None - None - None - None - None - None - None - None
3671 (4036307 Gflops/s) - 3700 (4068193 Gflops/s) - 3634 (3995625 Gflops/s) - 3673 (4038506 Gflops/s) - 3651 (4014316 Gflops/s) - 3599 (3957142 Gflops/s) - 3648 (4011018 Gflops/s) - 3618 (3978033 Gflops/s) | Temperatures: 60°C - 62°C - 72°C - 69°C - 65°C - 60°C - 70°C - 75°C | Throttling: None - None - None - None - None - None - None - None
3672 (4037406 Gflops/s) - 3698 (4065993 Gflops/s) - 3639 (4001122 Gflops/s) - 3683 (4049501 Gflops/s) - 3650 (4013217 Gflops/s) - 3601 (3959341 Gflops/s) - 3648 (4011018 Gflops/s) - 3618 (3978033 Gflops/s) | Temperatures: 60°C - 62°C - 72°C - 69°C - 65°C - 60°C - 70°C - 75°C | Throttling: None - None - None - None - None - None - None - None
3671 (4036307 Gflops/s) - 3697 (4064894 Gflops/s) - 3637 (3998923 Gflops/s) - 3680 (4046202 Gflops/s) - 3648 (4011018 Gflops/s) - 3603 (3961540 Gflops/s) - 3647 (4009918 Gflops/s) - 3618 (3978033 Gflops/s) | Temperatures: 60°C - 62°C - 72°C - 69°C - 65°C - 61°C - 70°C - 75°C | Throttling: None - None - None - None - None - None - None - None
3675 (4040705 Gflops/s) - 3704 (4072591 Gflops/s) - 3641 (4003321 Gflops/s) - 3680 (4046202 Gflops/s) - 3650 (4013217 Gflops/s) - 3615 (3974734 Gflops/s) - 3648 (4011018 Gflops/s) - 3620 (3980232 Gflops/s) | Temperatures: 60°C - 62°C - 72°C - 69°C - 65°C - 61°C - 70°C - 75°C | Throttling: None - None - None - None - None - None - None - None
3671 (4036307 Gflops/s) - 3698 (4065993 Gflops/s) - 3640 (4002222 Gflops/s) - 3674 (4039605 Gflops/s) - 3647 (4009918 Gflops/s) - 3611 (3970336 Gflops/s) - 3644 (4006620 Gflops/s) - 3618 (3978033 Gflops/s) | Temperatures: 60°C - 62°C - 72°C - 69°C - 65°C - 60°C - 70°C - 75°C | Throttling: None - None - None - None - None - None - None - None
3673 (4038506 Gflops/s) - 3698 (4065993 Gflops/s) - 3636 (3997824 Gflops/s) - 3679 (4045103 Gflops/s) - 3651 (4014316 Gflops/s) - 3598 (3956042 Gflops/s) - 3644 (4006620 Gflops/s) - 3618 (3978033 Gflops/s) | Temperatures: 60°C - 62°C - 72°C - 69°C - 65°C - 61°C - 70°C - 75°C | Throttling: None - None - None - None - None - None - None - None
3671 (4036307 Gflops/s) - 3700 (4068193 Gflops/s) - 3637 (3998923 Gflops/s) - 3679 (4045103 Gflops/s) - 3647 (4009918 Gflops/s) - 3593 (3950545 Gflops/s) - 3647 (4009918 Gflops/s) - 3617 (3976933 Gflops/s) | Temperatures: 60°C - 62°C - 72°C - 69°C - 65°C - 60°C - 70°C - 75°C | Throttling: None - None - None - None - None - None - None - None
3672 (4037406 Gflops/s) - 3697 (4064894 Gflops/s) - 3638 (4000023 Gflops/s) - 3676 (4041804 Gflops/s) - 3651 (4014316 Gflops/s) - 3605 (3963739 Gflops/s) - 3646 (4008819 Gflops/s) - 3618 (3978033 Gflops/s) | Temperatures: 60°C - 62°C - 72°C - 69°C - 65°C - 60°C - 70°C - 75°C | Throttling: None - None - None - None - None - None - None - None
3673 (4038506 Gflops/s) - 3699 (4067093 Gflops/s) - 3639 (4001122 Gflops/s) - 3672 (4037406 Gflops/s) - 3656 (4019814 Gflops/s) - 3607 (3965938 Gflops/s) - 3648 (4011018 Gflops/s) - 3618 (3978033 Gflops/s) | Temperatures: 60°C - 62°C - 72°C - 69°C - 65°C - 61°C - 70°C - 75°C | Throttling: None - None - None - None - None - None - None - None
3672 (4037406 Gflops/s) - 3696 (4063794 Gflops/s) - 3637 (3998923 Gflops/s) - 3681 (4047302 Gflops/s) - 3647 (4009918 Gflops/s) - 3603 (3961540 Gflops/s) - 3648 (4011018 Gflops/s) - 3618 (3978033 Gflops/s) | Temperatures: 60°C - 62°C - 72°C - 69°C - 65°C - 61°C - 70°C - 75°C | Throttling: None - None - None - None - None - None - None - None
3674 (4039605 Gflops/s) - 3702 (4070392 Gflops/s) - 3638 (4000023 Gflops/s) - 3677 (4042904 Gflops/s) - 3653 (4016515 Gflops/s) - 3616 (3975834 Gflops/s) - 3649 (4012117 Gflops/s) - 3619 (3979132 Gflops/s) | Temperatures: 60°C - 62°C - 72°C - 69°C - 65°C - 61°C - 70°C - 75°C | Throttling: None - None - None - None - None - None - None - None
3671 (4036307 Gflops/s) - 3700 (4068193 Gflops/s) - 3640 (4002222 Gflops/s) - 3680 (4046202 Gflops/s) - 3648 (4011018 Gflops/s) - 3586 (3942848 Gflops/s) - 3647 (4009918 Gflops/s) - 3617 (3976933 Gflops/s) | Temperatures: 60°C - 62°C - 72°C - 69°C - 65°C - 60°C - 70°C - 75°C | Throttling: None - None - None - None - None - None - None - None
3671 (4036307 Gflops/s) - 3700 (4068193 Gflops/s) - 3635 (3996724 Gflops/s) - 3683 (4049501 Gflops/s) - 3646 (4008819 Gflops/s) - 3621 (3981331 Gflops/s) - 3647 (4009918 Gflops/s) - 3618 (3978033 Gflops/s) | Temperatures: 60°C - 62°C - 72°C - 69°C - 65°C - 61°C - 70°C - 75°C | Throttling: None - None - None - None - None - None - None - None
3672 (4037406 Gflops/s) - 3697 (4064894 Gflops/s) - 3640 (4002222 Gflops/s) - 3676 (4041804 Gflops/s) - 3654 (4017615 Gflops/s) - 3610 (3969236 Gflops/s) - 3647 (4009918 Gflops/s) - 3617 (3976933 Gflops/s) | Temperatures: 60°C - 62°C - 72°C - 69°C - 65°C - 61°C - 70°C - 75°C | Throttling: None - None - None - None - None - None - None - None
3677 (4042904 Gflops/s) - 3702 (4070392 Gflops/s) - 3640 (4002222 Gflops/s) - 3687 (4053899 Gflops/s) - 3653 (4016515 Gflops/s) - 3591 (3948346 Gflops/s) - 3648 (4011018 Gflops/s) - 3621 (3981331 Gflops/s) | Temperatures: 60°C - 62°C - 72°C - 69°C - 65°C - 61°C - 70°C - 75°C | Throttling: None - None - None - None - None - None - None - None
3670 (4035207 Gflops/s) - 3699 (4067093 Gflops/s) - 3637 (3998923 Gflops/s) - 3670 (4035207 Gflops/s) - 3646 (4008819 Gflops/s) - 3609 (3968137 Gflops/s) - 3649 (4012117 Gflops/s) - 3618 (3978033 Gflops/s) | Temperatures: 60°C - 62°C - 72°C - 69°C - 65°C - 61°C - 70°C - 75°C | Throttling: None - None - None - None - None - None - None - None
3670 (4035207 Gflops/s) - 3698 (4065993 Gflops/s) - 3634 (3995625 Gflops/s) - 3672 (4037406 Gflops/s) - 3647 (4009918 Gflops/s) - 3597 (3954943 Gflops/s) - 3647 (4009918 Gflops/s) - 3617 (3976933 Gflops/s) | Temperatures: 60°C - 62°C - 72°C - 69°C - 65°C - 60°C - 70°C - 75°C | Throttling: None - None - None - None - None - None - None - None
3672 (4037406 Gflops/s) - 3695 (4062695 Gflops/s) - 3635 (3996724 Gflops/s) - 3679 (4045103 Gflops/s) - 3649 (4012117 Gflops/s) - 3606 (3964838 Gflops/s) - 3647 (4009918 Gflops/s) - 3618 (3978033 Gflops/s) | Temperatures: 60°C - 62°C - 72°C - 69°C - 65°C - 61°C - 70°C - 75°C | Throttling: None - None - None - None - None - None - None - None
3672 (4037406 Gflops/s) - 3697 (4064894 Gflops/s) - 3637 (3998923 Gflops/s) - 3680 (4046202 Gflops/s) - 3648 (4011018 Gflops/s) - 3612 (3971435 Gflops/s) - 3648 (4011018 Gflops/s) - 3618 (3978033 Gflops/s) | Temperatures: 60°C - 62°C - 72°C - 69°C - 65°C - 61°C - 70°C - 75°C | Throttling: None - None - None - None - None - None - None - None
3673 (4038506 Gflops/s) - 3702 (4070392 Gflops/s) - 3638 (4000023 Gflops/s) - 3670 (4035207 Gflops/s) - 3654 (4017615 Gflops/s) - 3592 (3949445 Gflops/s) - 3647 (4009918 Gflops/s) - 3618 (3978033 Gflops/s) | Temperatures: 60°C - 62°C - 72°C - 69°C - 65°C - 61°C - 70°C - 75°C | Throttling: None - None - None - None - None - None - None - None
3674 (4039605 Gflops/s) - 3698 (4065993 Gflops/s) - 3638 (4000023 Gflops/s) - 3678 (4044003 Gflops/s) - 3654 (4017615 Gflops/s) - 3595 (3952744 Gflops/s) - 3648 (4011018 Gflops/s) - 3618 (3978033 Gflops/s) | Temperatures: 60°C - 62°C - 72°C - 69°C - 65°C - 61°C - 70°C - 75°C | Throttling: None - None - None - None - None - None - None - None
3671 (4036307 Gflops/s) - 3698 (4065993 Gflops/s) - 3635 (3996724 Gflops/s) - 3683 (4049501 Gflops/s) - 3649 (4012117 Gflops/s) - 3602 (3960440 Gflops/s) - 3646 (4008819 Gflops/s) - 3618 (3978033 Gflops/s) | Temperatures: 60°C - 62°C - 72°C - 69°C - 65°C - 61°C - 70°C - 75°C | Throttling: None - None - None - None - None - None - None - None
3672 (4037406 Gflops/s) - 3696 (4063794 Gflops/s) - 3638 (4000023 Gflops/s) - 3675 (4040705 Gflops/s) - 3646 (4008819 Gflops/s) - 3590 (3947246 Gflops/s) - 3647 (4009918 Gflops/s) - 3618 (3978033 Gflops/s) | Temperatures: 60°C - 62°C - 72°C - 69°C - 65°C - 61°C - 70°C - 75°C | Throttling: None - None - None - None - None - None - None - None
3672 (4037406 Gflops/s) - 3695 (4062695 Gflops/s) - 3634 (3995625 Gflops/s) - 3671 (4036307 Gflops/s) - 3649 (4012117 Gflops/s) - 3604 (3962639 Gflops/s) - 3646 (4008819 Gflops/s) - 3617 (3976933 Gflops/s) | Temperatures: 60°C - 62°C - 72°C - 69°C - 65°C - 61°C - 70°C - 75°C | Throttling: None - None - None - None - None - None - None - None
3677 (4042904 Gflops/s) - 3703 (4071491 Gflops/s) - 3641 (4003321 Gflops/s) - 3675 (4040705 Gflops/s) - 3651 (4014316 Gflops/s) - 3608 (3967037 Gflops/s) - 3651 (4014316 Gflops/s) - 3622 (3982431 Gflops/s) | Temperatures: 60°C - 62°C - 72°C - 69°C - 65°C - 61°C - 70°C - 75°C | Throttling: None - None - None - None - None - None - None - None
3667 (4031909 Gflops/s) - 3698 (4065993 Gflops/s) - 3637 (3998923 Gflops/s) - 3678 (4044003 Gflops/s) - 3649 (4012117 Gflops/s) - 3602 (3960440 Gflops/s) - 3648 (4011018 Gflops/s) - 3618 (3978033 Gflops/s) | Temperatures: 60°C - 62°C - 72°C - 69°C - 65°C - 61°C - 70°C - 75°C | Throttling: None - None - None - None - None - None - None - None
3674 (4039605 Gflops/s) - 3699 (4067093 Gflops/s) - 3636 (3997824 Gflops/s) - 3682 (4048401 Gflops/s) - 3648 (4011018 Gflops/s) - 3609 (3968137 Gflops/s) - 3647 (4009918 Gflops/s) - 3618 (3978033 Gflops/s) | Temperatures: 60°C - 62°C - 72°C - 69°C - 65°C - 61°C - 70°C - 75°C | Throttling: None - None - None - None - None - None - None - None
3672 (4037406 Gflops/s) - 3698 (4065993 Gflops/s) - 3636 (3997824 Gflops/s) - 3680 (4046202 Gflops/s) - 3653 (4016515 Gflops/s) - 3591 (3948346 Gflops/s) - 3647 (4009918 Gflops/s) - 3617 (3976933 Gflops/s) | Temperatures: 60°C - 62°C - 72°C - 69°C - 65°C - 61°C - 70°C - 75°C | Throttling: None - None - None - None - None - None - None - None
3674 (4039605 Gflops/s) - 3703 (4071491 Gflops/s) - 3638 (4000023 Gflops/s) - 3676 (4041804 Gflops/s) - 3652 (4015416 Gflops/s) - 3601 (3959341 Gflops/s) - 3649 (4012117 Gflops/s) - 3618 (3978033 Gflops/s) | Temperatures: 60°C - 62°C - 72°C - 69°C - 65°C - 61°C - 70°C - 75°C | Throttling: None - None - None - None - None - None - None - None
3671 (4036307 Gflops/s) - 3696 (4063794 Gflops/s) - 3635 (3996724 Gflops/s) - 3681 (4047302 Gflops/s) - 3650 (4013217 Gflops/s) - 3610 (3969236 Gflops/s) - 3647 (4009918 Gflops/s) - 3617 (3976933 Gflops/s) | Temperatures: 60°C - 62°C - 72°C - 69°C - 65°C - 61°C - 70°C - 75°C | Throttling: None - None - None - None - None - None - None - None
3673 (4038506 Gflops/s) - 3696 (4063794 Gflops/s) - 3637 (3998923 Gflops/s) - 3672 (4037406 Gflops/s) - 3648 (4011018 Gflops/s) - 3617 (3976933 Gflops/s) - 3646 (4008819 Gflops/s) - 3618 (3978033 Gflops/s) | Temperatures: 60°C - 62°C - 72°C - 69°C - 65°C - 61°C - 70°C - 75°C | Throttling: None - None - None - None - None - None - None - None
3671 (4036307 Gflops/s) - 3698 (4065993 Gflops/s) - 3636 (3997824 Gflops/s) - 3662 (4026411 Gflops/s) - 3649 (4012117 Gflops/s) - 3611 (3970336 Gflops/s) - 3648 (4011018 Gflops/s) - 3618 (3978033 Gflops/s) | Temperatures: 60°C - 62°C - 72°C - 69°C - 65°C - 61°C - 70°C - 75°C | Throttling: None - None - None - None - None - None - None - None
3672 (4037406 Gflops/s) - 3696 (4063794 Gflops/s) - 3637 (3998923 Gflops/s) - 3679 (4045103 Gflops/s) - 3658 (4022013 Gflops/s) - 3603 (3961540 Gflops/s) - 3647 (4009918 Gflops/s) - 3618 (3978033 Gflops/s) | Temperatures: 60°C - 62°C - 72°C - 69°C - 65°C - 61°C - 70°C - 75°C | Throttling: None - None - None - None - None - None - None - None
3672 (4037406 Gflops/s) - 3701 (4069292 Gflops/s) - 3637 (3998923 Gflops/s) - 3676 (4041804 Gflops/s) - 3646 (4008819 Gflops/s) - 3607 (3965938 Gflops/s) - 3649 (4012117 Gflops/s) - 3619 (3979132 Gflops/s) | Temperatures: 60°C - 62°C - 72°C - 69°C - 65°C - 61°C - 70°C - 75°C | Throttling: None - None - None - None - None - None - None - None
3670 (4035207 Gflops/s) - 3698 (4065993 Gflops/s) - 3636 (3997824 Gflops/s) - 3681 (4047302 Gflops/s) - 3648 (4011018 Gflops/s) - 3607 (3965938 Gflops/s) - 3646 (4008819 Gflops/s) - 3618 (3978033 Gflops/s) | Temperatures: 60°C - 62°C - 72°C - 69°C - 65°C - 61°C - 70°C - 75°C | Throttling: None - None - None - None - None - None - None - None
3668 (4033008 Gflops/s) - 3697 (4064894 Gflops/s) - 3636 (3997824 Gflops/s) - 3676 (4041804 Gflops/s) - 3649 (4012117 Gflops/s) - 3604 (3962639 Gflops/s) - 3648 (4011018 Gflops/s) - 3617 (3976933 Gflops/s) | Temperatures: 60°C - 62°C - 72°C - 69°C - 65°C - 61°C - 70°C - 75°C | Throttling: None - None - None - None - None - None - None - None
3673 (4038506 Gflops/s) - 3698 (4065993 Gflops/s) - 3636 (3997824 Gflops/s) - 3681 (4047302 Gflops/s) - 3651 (4014316 Gflops/s) - 3597 (3954943 Gflops/s) - 3646 (4008819 Gflops/s) - 3618 (3978033 Gflops/s) | Temperatures: 60°C - 62°C - 72°C - 69°C - 65°C - 61°C - 70°C - 75°C | Throttling: None - None - None - None - None - None - None - None
3676 (4041804 Gflops/s) - 3702 (4070392 Gflops/s) - 3639 (4001122 Gflops/s) - 3672 (4037406 Gflops/s) - 3657 (4020914 Gflops/s) - 3604 (3962639 Gflops/s) - 3651 (4014316 Gflops/s) - 3621 (3981331 Gflops/s) | Temperatures: 60°C - 62°C - 72°C - 69°C - 65°C - 61°C - 70°C - 75°C | Throttling: None - None - None - None - None - None - None - None
3671 (4036307 Gflops/s) - 3698 (4065993 Gflops/s) - 3636 (3997824 Gflops/s) - 3679 (4045103 Gflops/s) - 3646 (4008819 Gflops/s) - 3599 (3957142 Gflops/s) - 3647 (4009918 Gflops/s) - 3617 (3976933 Gflops/s) | Temperatures: 60°C - 62°C - 72°C - 69°C - 65°C - 61°C - 70°C - 75°C | Throttling: None - None - None - None - None - None - None - None
3673 (4038506 Gflops/s) - 3698 (4065993 Gflops/s) - 3637 (3998923 Gflops/s) - 3667 (4031909 Gflops/s) - 3651 (4014316 Gflops/s) - 3600 (3958241 Gflops/s) - 3647 (4009918 Gflops/s) - 3619 (3979132 Gflops/s) | Temperatures: 60°C - 62°C - 72°C - 69°C - 65°C - 61°C - 70°C - 75°C | Throttling: None - None - None - None - None - None - None - None
3670 (4035207 Gflops/s) - 3698 (4065993 Gflops/s) - 3636 (3997824 Gflops/s) - 3670 (4035207 Gflops/s) - 3650 (4013217 Gflops/s) - 3603 (3961540 Gflops/s) - 3646 (4008819 Gflops/s) - 3617 (3976933 Gflops/s) | Temperatures: 60°C - 62°C - 72°C - 69°C - 65°C - 61°C - 70°C - 75°C | Throttling: None - None - None - None - None - None - None - None
3673 (4038506 Gflops/s) - 3698 (4065993 Gflops/s) - 3637 (3998923 Gflops/s) - 3670 (4035207 Gflops/s) - 3650 (4013217 Gflops/s) - 3591 (3948346 Gflops/s) - 3647 (4009918 Gflops/s) - 3618 (3978033 Gflops/s) | Temperatures: 60°C - 62°C - 72°C - 69°C - 65°C - 61°C - 70°C - 75°C | Throttling: None - None - None - None - None - None - None - None
3671 (4036307 Gflops/s) - 3698 (4065993 Gflops/s) - 3639 (4001122 Gflops/s) - 3677 (4042904 Gflops/s) - 3644 (4006620 Gflops/s) - 3606 (3964838 Gflops/s) - 3647 (4009918 Gflops/s) - 3618 (3978033 Gflops/s) | Temperatures: 60°C - 62°C - 72°C - 69°C - 65°C - 61°C - 70°C - 75°C | Throttling: None - None - None - None - None - None - None - None
3674 (4039605 Gflops/s) - 3698 (4065993 Gflops/s) - 3638 (4000023 Gflops/s) - 3678 (4044003 Gflops/s) - 3648 (4011018 Gflops/s) - 3588 (3945047 Gflops/s) - 3648 (4011018 Gflops/s) - 3618 (3978033 Gflops/s) | Temperatures: 60°C - 62°C - 72°C - 69°C - 65°C - 61°C - 70°C - 75°C | Throttling: None - None - None - None - None - None - None - None
3672 (4037406 Gflops/s) - 3698 (4065993 Gflops/s) - 3636 (3997824 Gflops/s) - 3670 (4035207 Gflops/s) - 3649 (4012117 Gflops/s) - 3600 (3958241 Gflops/s) - 3647 (4009918 Gflops/s) - 3618 (3978033 Gflops/s) | Temperatures: 60°C - 62°C - 72°C - 69°C - 65°C - 61°C - 70°C - 75°C | Throttling: None - None - None - None - None - None - None - None
3673 (4038506 Gflops/s) - 3696 (4063794 Gflops/s) - 3636 (3997824 Gflops/s) - 3673 (4038506 Gflops/s) - 3648 (4011018 Gflops/s) - 3610 (3969236 Gflops/s) - 3646 (4008819 Gflops/s) - 3617 (3976933 Gflops/s) | Temperatures: 60°C - 62°C - 72°C - 69°C - 65°C - 61°C - 70°C - 75°C | Throttling: None - None - None - None - None - None - None - None
3671 (4036307 Gflops/s) - 3697 (4064894 Gflops/s) - 3638 (4000023 Gflops/s) - 3682 (4048401 Gflops/s) - 3650 (4013217 Gflops/s) - 3596 (3953843 Gflops/s) - 3646 (4008819 Gflops/s) - 3618 (3978033 Gflops/s) | Temperatures: 60°C - 62°C - 72°C - 69°C - 65°C - 61°C - 70°C - 75°C | Throttling: None - None - None - None - None - None - None - None
3676 (4041804 Gflops/s) - 3702 (4070392 Gflops/s) - 3641 (4003321 Gflops/s) - 3668 (4033008 Gflops/s) - 3653 (4016515 Gflops/s) - 3612 (3971435 Gflops/s) - 3650 (4013217 Gflops/s) - 3621 (3981331 Gflops/s) | Temperatures: 60°C - 62°C - 72°C - 69°C - 65°C - 61°C - 70°C - 75°C | Throttling: None - None - None - None - None - None - None - None
3673 (4038506 Gflops/s) - 3699 (4067093 Gflops/s) - 3633 (3994525 Gflops/s) - 3672 (4037406 Gflops/s) - 3651 (4014316 Gflops/s) - 3603 (3961540 Gflops/s) - 3648 (4011018 Gflops/s) - 3618 (3978033 Gflops/s) | Temperatures: 60°C - 62°C - 72°C - 69°C - 65°C - 61°C - 70°C - 75°C | Throttling: None - None - None - None - None - None - None - None
3671 (4036307 Gflops/s) - 3699 (4067093 Gflops/s) - 3635 (3996724 Gflops/s) - 3669 (4034108 Gflops/s) - 3648 (4011018 Gflops/s) - 3587 (3943948 Gflops/s) - 3646 (4008819 Gflops/s) - 3618 (3978033 Gflops/s) | Temperatures: 60°C - 62°C - 72°C - 69°C - 65°C - 61°C - 70°C - 75°C | Throttling: None - None - None - None - None - None - None - None
3673 (4038506 Gflops/s) - 3699 (4067093 Gflops/s) - 3635 (3996724 Gflops/s) - 3681 (4047302 Gflops/s) - 3653 (4016515 Gflops/s) - 3602 (3960440 Gflops/s) - 3648 (4011018 Gflops/s) - 3618 (3978033 Gflops/s) | Temperatures: 60°C - 62°C - 72°C - 69°C - 65°C - 61°C - 70°C - 75°C | Throttling: None - None - None - None - None - None - None - None
3668 (4033008 Gflops/s) - 3695 (4062695 Gflops/s) - 3635 (3996724 Gflops/s) - 3673 (4038506 Gflops/s) - 3648 (4011018 Gflops/s) - 3614 (3973635 Gflops/s) - 3647 (4009918 Gflops/s) - 3618 (3978033 Gflops/s) | Temperatures: 60°C - 62°C - 72°C - 69°C - 65°C - 61°C - 70°C - 75°C | Throttling: None - None - None - None - None - None - None - None
3671 (4036307 Gflops/s) - 3695 (4062695 Gflops/s) - 3638 (4000023 Gflops/s) - 3680 (4046202 Gflops/s) - 3646 (4008819 Gflops/s) - 3612 (3971435 Gflops/s) - 3646 (4008819 Gflops/s) - 3617 (3976933 Gflops/s) | Temperatures: 60°C - 62°C - 72°C - 69°C - 65°C - 61°C - 70°C - 75°C | Throttling: None - None - None - None - None - None - None - None
3675 (4040705 Gflops/s) - 3699 (4067093 Gflops/s) - 3635 (3996724 Gflops/s) - 3668 (4033008 Gflops/s) - 3649 (4012117 Gflops/s) - 3594 (3951644 Gflops/s) - 3648 (4011018 Gflops/s) - 3617 (3976933 Gflops/s) | Temperatures: 60°C - 62°C - 72°C - 69°C - 65°C - 61°C - 70°C - 75°C | Throttling: None - None - None - None - None - None - None - None
3673 (4038506 Gflops/s) - 3697 (4064894 Gflops/s) - 3635 (3996724 Gflops/s) - 3675 (4040705 Gflops/s) - 3648 (4011018 Gflops/s) - 3598 (3956042 Gflops/s) - 3648 (4011018 Gflops/s) - 3618 (3978033 Gflops/s) | Temperatures: 60°C - 62°C - 72°C - 69°C - 65°C - 61°C - 70°C - 75°C | Throttling: None - None - None - None - None - None - None - None
3673 (4038506 Gflops/s) - 3698 (4065993 Gflops/s) - 3639 (4001122 Gflops/s) - 3666 (4030809 Gflops/s) - 3647 (4009918 Gflops/s) - 3602 (3960440 Gflops/s) - 3645 (4007719 Gflops/s) - 3618 (3978033 Gflops/s) | Temperatures: 60°C - 62°C - 72°C - 69°C - 65°C - 61°C - 70°C - 75°C | Throttling: None - None - None - None - None - None - None - None
3671 (4036307 Gflops/s) - 3695 (4062695 Gflops/s) - 3634 (3995625 Gflops/s) - 3677 (4042904 Gflops/s) - 3651 (4014316 Gflops/s) - 3611 (3970336 Gflops/s) - 3647 (4009918 Gflops/s) - 3618 (3978033 Gflops/s) | Temperatures: 60°C - 62°C - 72°C - 69°C - 65°C - 61°C - 70°C - 75°C | Throttling: None - None - None - None - None - None - None - None
3676 (4041804 Gflops/s) - 3700 (4068193 Gflops/s) - 3636 (3997824 Gflops/s) - 3678 (4044003 Gflops/s) - 3652 (4015416 Gflops/s) - 3636 (3997824 Gflops/s) - 3650 (4013217 Gflops/s) - 3621 (3981331 Gflops/s) | Temperatures: 60°C - 62°C - 72°C - 69°C - 65°C - 61°C - 70°C - 75°C | Throttling: None - None - None - None - None - None - None - None
3672 (4037406 Gflops/s) - 3700 (4068193 Gflops/s) - 3637 (3998923 Gflops/s) - 3668 (4033008 Gflops/s) - 3651 (4014316 Gflops/s) - 3597 (3954943 Gflops/s) - 3647 (4009918 Gflops/s) - 3617 (3976933 Gflops/s) | Temperatures: 60°C - 62°C - 72°C - 69°C - 65°C - 61°C - 70°C - 75°C | Throttling: None - None - None - None - None - None - None - None
3672 (4037406 Gflops/s) - 3697 (4064894 Gflops/s) - 3637 (3998923 Gflops/s) - 3681 (4047302 Gflops/s) - 3650 (4013217 Gflops/s) - 3607 (3965938 Gflops/s) - 3648 (4011018 Gflops/s) - 3619 (3979132 Gflops/s) | Temperatures: 60°C - 62°C - 72°C - 69°C - 65°C - 61°C - 70°C - 75°C | Throttling: None - None - None - None - None - None - None - None
3671 (4036307 Gflops/s) - 3695 (4062695 Gflops/s) - 3633 (3994525 Gflops/s) - 3678 (4044003 Gflops/s) - 3649 (4012117 Gflops/s) - 3607 (3965938 Gflops/s) - 3647 (4009918 Gflops/s) - 3617 (3976933 Gflops/s) | Temperatures: 60°C - 62°C - 72°C - 69°C - 65°C - 61°C - 70°C - 75°C | Throttling: None - None - None - None - None - None - None - None
3672 (4037406 Gflops/s) - 3701 (4069292 Gflops/s) - 3639 (4001122 Gflops/s) - 3674 (4039605 Gflops/s) - 3648 (4011018 Gflops/s) - 3621 (3981331 Gflops/s) - 3647 (4009918 Gflops/s) - 3618 (3978033 Gflops/s) | Temperatures: 60°C - 62°C - 72°C - 69°C - 65°C - 61°C - 70°C - 75°C | Throttling: None - None - None - None - None - None - None - None
3672 (4037406 Gflops/s) - 3699 (4067093 Gflops/s) - 3635 (3996724 Gflops/s) - 3680 (4046202 Gflops/s) - 3650 (4013217 Gflops/s) - 3595 (3952744 Gflops/s) - 3647 (4009918 Gflops/s) - 3618 (3978033 Gflops/s) | Temperatures: 60°C - 62°C - 72°C - 69°C - 65°C - 61°C - 70°C - 75°C | Throttling: None - None - None - None - None - None - None - None
3669 (4034108 Gflops/s) - 3699 (4067093 Gflops/s) - 3635 (3996724 Gflops/s) - 3679 (4045103 Gflops/s) - 3650 (4013217 Gflops/s) - 3605 (3963739 Gflops/s) - 3647 (4009918 Gflops/s) - 3617 (3976933 Gflops/s) | Temperatures: 60°C - 62°C - 72°C - 69°C - 65°C - 61°C - 70°C - 75°C | Throttling: None - None - None - None - None - None - None - None
3668 (4033008 Gflops/s) - 3696 (4063794 Gflops/s) - 3633 (3994525 Gflops/s) - 3664 (4028610 Gflops/s) - 3646 (4008819 Gflops/s) - 3598 (3956042 Gflops/s) - 3646 (4008819 Gflops/s) - 3617 (3976933 Gflops/s) | Temperatures: 60°C - 62°C - 72°C - 69°C - 65°C - 61°C - 70°C - 75°C | Throttling: None - None - None - None - None - None - None - None
3674 (4039605 Gflops/s) - 3701 (4069292 Gflops/s) - 3636 (3997824 Gflops/s) - 3680 (4046202 Gflops/s) - 3652 (4015416 Gflops/s) - 3611 (3970336 Gflops/s) - 3647 (4009918 Gflops/s) - 3619 (3979132 Gflops/s) | Temperatures: 60°C - 62°C - 72°C - 69°C - 65°C - 61°C - 70°C - 75°C | Throttling: None - None - None - None - None - None - None - None
3672 (4037406 Gflops/s) - 3697 (4064894 Gflops/s) - 3637 (3998923 Gflops/s) - 3680 (4046202 Gflops/s) - 3649 (4012117 Gflops/s) - 3606 (3964838 Gflops/s) - 3645 (4007719 Gflops/s) - 3618 (3978033 Gflops/s) | Temperatures: 60°C - 62°C - 72°C - 69°C - 65°C - 61°C - 70°C - 75°C | Throttling: None - None - None - None - None - None - None - None
3671 (4036307 Gflops/s) - 3695 (4062695 Gflops/s) - 3637 (3998923 Gflops/s) - 3670 (4035207 Gflops/s) - 3648 (4011018 Gflops/s) - 3607 (3965938 Gflops/s) - 3647 (4009918 Gflops/s) - 3617 (3976933 Gflops/s) | Temperatures: 60°C - 62°C - 72°C - 69°C - 65°C - 61°C - 70°C - 75°C | Throttling: None - None - None - None - None - None - None - None
3675 (4040705 Gflops/s) - 3701 (4069292 Gflops/s) - 3637 (3998923 Gflops/s) - 3682 (4048401 Gflops/s) - 3650 (4013217 Gflops/s) - 3601 (3959341 Gflops/s) - 3647 (4009918 Gflops/s) - 3619 (3979132 Gflops/s) | Temperatures: 60°C - 62°C - 72°C - 69°C - 65°C - 61°C - 70°C - 75°C | Throttling: None - None - None - None - None - None - None - None
3671 (4036307 Gflops/s) - 3696 (4063794 Gflops/s) - 3633 (3994525 Gflops/s) - 3667 (4031909 Gflops/s) - 3650 (4013217 Gflops/s) - 3612 (3971435 Gflops/s) - 3646 (4008819 Gflops/s) - 3617 (3976933 Gflops/s) | Temperatures: 60°C - 62°C - 72°C - 69°C - 65°C - 61°C - 70°C - 75°C | Throttling: None - None - None - None - None - None - None - None
3675 (4040705 Gflops/s) - 3700 (4068193 Gflops/s) - 3635 (3996724 Gflops/s) - 3671 (4036307 Gflops/s) - 3652 (4015416 Gflops/s) - 3610 (3969236 Gflops/s) - 3649 (4012117 Gflops/s) - 3621 (3981331 Gflops/s) | Temperatures: 60°C - 62°C - 72°C - 69°C - 65°C - 61°C - 70°C - 75°C | Throttling: None - None - None - None - None - None - None - None
3674 (4039605 Gflops/s) - 3698 (4065993 Gflops/s) - 3636 (3997824 Gflops/s) - 3683 (4049501 Gflops/s) - 3651 (4014316 Gflops/s) - 3594 (3951644 Gflops/s) - 3646 (4008819 Gflops/s) - 3618 (3978033 Gflops/s) | Temperatures: 60°C - 62°C - 72°C - 69°C - 65°C - 61°C - 70°C - 75°C | Throttling: None - None - None - None - None - None - None - None
3673 (4038506 Gflops/s) - 3697 (4064894 Gflops/s) - 3633 (3994525 Gflops/s) - 3679 (4045103 Gflops/s) - 3646 (4008819 Gflops/s) - 3612 (3971435 Gflops/s) - 3647 (4009918 Gflops/s) - 3617 (3976933 Gflops/s) | Temperatures: 60°C - 62°C - 72°C - 69°C - 65°C - 61°C - 70°C - 75°C | Throttling: None - None - None - None - None - None - None - None
3671 (4036307 Gflops/s) - 3700 (4068193 Gflops/s) - 3636 (3997824 Gflops/s) - 3679 (4045103 Gflops/s) - 3650 (4013217 Gflops/s) - 3596 (3953843 Gflops/s) - 3646 (4008819 Gflops/s) - 3618 (3978033 Gflops/s) | Temperatures: 60°C - 62°C - 72°C - 69°C - 65°C - 61°C - 70°C - 75°C | Throttling: None - None - None - None - None - None - None - None
3671 (4036307 Gflops/s) - 3695 (4062695 Gflops/s) - 3635 (3996724 Gflops/s) - 3672 (4037406 Gflops/s) - 3649 (4012117 Gflops/s) - 3601 (3959341 Gflops/s) - 3644 (4006620 Gflops/s) - 3617 (3976933 Gflops/s) | Temperatures: 60°C - 62°C - 72°C - 69°C - 65°C - 61°C - 70°C - 75°C | Throttling: None - None - None - None - None - None - None - None
3671 (4036307 Gflops/s) - 3698 (4065993 Gflops/s) - 3637 (3998923 Gflops/s) - 3678 (4044003 Gflops/s) - 3645 (4007719 Gflops/s) - 3611 (3970336 Gflops/s) - 3649 (4012117 Gflops/s) - 3618 (3978033 Gflops/s) | Temperatures: 60°C - 62°C - 72°C - 69°C - 65°C - 61°C - 70°C - 75°C | Throttling: None - None - None - None - None - None - None - None
3672 (4037406 Gflops/s) - 3699 (4067093 Gflops/s) - 3636 (3997824 Gflops/s) - 3682 (4048401 Gflops/s) - 3648 (4011018 Gflops/s) - 3624 (3984630 Gflops/s) - 3646 (4008819 Gflops/s) - 3619 (3979132 Gflops/s) | Temperatures: 60°C - 62°C - 72°C - 69°C - 65°C - 61°C - 70°C - 75°C | Throttling: None - None - None - None - None - None - None - None
3672 (4037406 Gflops/s) - 3698 (4065993 Gflops/s) - 3634 (3995625 Gflops/s) - 3679 (4045103 Gflops/s) - 3649 (4012117 Gflops/s) - 3611 (3970336 Gflops/s) - 3647 (4009918 Gflops/s) - 3618 (3978033 Gflops/s) | Temperatures: 60°C - 62°C - 72°C - 69°C - 65°C - 61°C - 70°C - 75°C | Throttling: None - None - None - None - None - None - None - None
2713 (2982975 Gflops/s) - 1957 (2151744 Gflops/s) - 3088 (3395291 Gflops/s) - 2826 (3107219 Gflops/s) - 2614 (2874123 Gflops/s) - 1988 (2185829 Gflops/s) - 2499 (2747679 Gflops/s) - 2328 (2559663 Gflops/s) | Temperatures: 54°C - 52°C - 72°C - 69°C - 65°C - 53°C - 66°C - 68°C | Throttling: None - None - None - None - None - None - None - None
GPU #0: 4086967 Gflops/s (min: 2982975.05, max: 4444226.00, dev: 4086967.28)
         Temperature: 59.85°C (min: 54.00, max: 60.00)
         Throttling HW: false, Thermal SW: false, Thermal HW: false
GPU #1: 4113720 Gflops/s (min: 2151744.26, max: 4456320.63, dev: 4113719.56)
         Temperature: 61.87°C (min: 52.00, max: 63.00)
         Throttling HW: false, Thermal SW: false, Thermal HW: false
GPU #2: 4048034 Gflops/s (min: 3395291.91, max: 4381553.84, dev: 4048034.06)
         Temperature: 71.75°C (min: 67.00, max: 73.00)
         Throttling HW: false, Thermal SW: false, Thermal HW: false
GPU #3: 4092037 Gflops/s (min: 3107219.86, max: 4434330.39, dev: 4092037.04)
         Temperature: 68.85°C (min: 64.00, max: 70.00)
         Throttling HW: false, Thermal SW: false, Thermal HW: false
GPU #4: 4063435 Gflops/s (min: 2874123.40, max: 4433230.88, dev: 4063434.73)
         Temperature: 64.80°C (min: 61.00, max: 65.00)
         Throttling HW: false, Thermal SW: false, Thermal HW: false
GPU #5: 4011142 Gflops/s (min: 2185829.12, max: 4404643.58, dev: 4011142.25)
         Temperature: 60.42°C (min: 53.00, max: 61.00)
         Throttling HW: false, Thermal SW: false, Thermal HW: false
GPU #6: 4058609 Gflops/s (min: 2747679.56, max: 4403544.07, dev: 4058608.88)
         Temperature: 69.76°C (min: 65.00, max: 71.00)
         Throttling HW: false, Thermal SW: false, Thermal HW: false
GPU #7: 4025991 Gflops/s (min: 2559663.07, max: 4385951.88, dev: 4025991.29)
         Temperature: 74.68°C (min: 68.00, max: 75.00)
         Throttling HW: false, Thermal SW: false, Thermal HW: false
All GPUs seem healthy
Freeing GPUs...
