Node = node5602-c1
GPU 0: NVIDIA B200 (UUID: GPU-2001b4c7-6ede-61bc-e0ee-85d30e2b3fe5)
GPU 1: NVIDIA B200 (UUID: GPU-30f903f5-6400-1ae2-5f21-3b706533965f)
GPU 2: NVIDIA B200 (UUID: GPU-25572273-5805-7d3a-0856-6932bada1b06)
GPU 3: NVIDIA B200 (UUID: GPU-a993c75f-93cf-6e24-dcf8-0f2339d76b44)
GPU 4: NVIDIA B200 (UUID: GPU-15018363-e848-d334-a166-b26471144c05)
GPU 5: NVIDIA B200 (UUID: GPU-ab59aea1-aed2-0851-0237-98e3c1b10421)
GPU 6: NVIDIA B200 (UUID: GPU-b8be6706-c1ee-fb0b-769b-a8f8b6a9c137)
GPU 7: NVIDIA B200 (UUID: GPU-07276c36-5e59-b4b1-1a79-d2a44c42bfc5)
======== Run with fp32 ==========
Detected GPU #0: "NVIDIA B200" (2001b4c7-6ede-61bc-e0ee-85d30e2b3fe5)
Detected GPU #1: "NVIDIA B200" (30f903f5-6400-1ae2-5f21-3b706533965f)
Detected GPU #2: "NVIDIA B200" (25572273-5805-7d3a-0856-6932bada1b06)
Detected GPU #3: "NVIDIA B200" (a993c75f-93cf-6e24-dcf8-0f2339d76b44)
Detected GPU #4: "NVIDIA B200" (15018363-e848-d334-a166-b26471144c05)
Detected GPU #5: "NVIDIA B200" (ab59aea1-aed2-0851-0237-98e3c1b10421)
Detected GPU #6: "NVIDIA B200" (b8be6706-c1ee-fb0b-769b-a8f8b6a9c137)
Detected GPU #7: "NVIDIA B200" (07276c36-5e59-b4b1-1a79-d2a44c42bfc5)
Using precision(s): FP32  
Creating random matrices
Matrices created
GPU #0: Using 163805 MB
GPU #1: Using 163805 MB
GPU #2: Using 163805 MB
GPU #3: Using 163805 MB
GPU #4: Using 163805 MB
GPU #5: Using 163805 MB
GPU #6: Using 163805 MB
GPU #7: Using 163805 MB
906 (996157 Gflops/s) - 907 (997257 Gflops/s) - 903 (992858 Gflops/s) - 906 (996157 Gflops/s) - 897 (986261 Gflops/s) - 802 (881808 Gflops/s) - 762 (837827 Gflops/s) - 0 (0 Gflops/s) | Temperatures: 43°C - 45°C - 50°C - 49°C - 47°C - 44°C - 47°C - 49°C | Throttling: None - None - None - None - None - None - None - None
711 (781752 Gflops/s) - 712 (782852 Gflops/s) - 689 (757563 Gflops/s) - 704 (774056 Gflops/s) - 702 (771857 Gflops/s) - 701 (770757 Gflops/s) - 705 (775155 Gflops/s) - 1451 (1595391 Gflops/s) | Temperatures: 49°C - 49°C - 54°C - 53°C - 51°C - 49°C - 53°C - 55°C | Throttling: None - None - None - None - None - None - None - None
711 (781752 Gflops/s) - 710 (780653 Gflops/s) - 694 (763061 Gflops/s) - 703 (772956 Gflops/s) - 700 (769658 Gflops/s) - 700 (769658 Gflops/s) - 703 (772956 Gflops/s) - 702 (771857 Gflops/s) | Temperatures: 50°C - 51°C - 55°C - 54°C - 53°C - 50°C - 55°C - 56°C | Throttling: None - None - None - None - None - None - None - None
720 (791648 Gflops/s) - 719 (790548 Gflops/s) - 681 (748767 Gflops/s) - 704 (774056 Gflops/s) - 699 (768558 Gflops/s) - 699 (768558 Gflops/s) - 701 (770757 Gflops/s) - 702 (771857 Gflops/s) | Temperatures: 51°C - 51°C - 56°C - 55°C - 53°C - 51°C - 55°C - 57°C | Throttling: None - None - None - None - None - None - None - None
697 (766359 Gflops/s) - 699 (768558 Gflops/s) - 689 (757563 Gflops/s) - 703 (772956 Gflops/s) - 700 (769658 Gflops/s) - 697 (766359 Gflops/s) - 704 (774056 Gflops/s) - 701 (770757 Gflops/s) | Temperatures: 52°C - 52°C - 56°C - 56°C - 54°C - 52°C - 56°C - 58°C | Throttling: None - None - None - None - None - None - None - None
708 (778454 Gflops/s) - 708 (778454 Gflops/s) - 688 (756463 Gflops/s) - 705 (775155 Gflops/s) - 701 (770757 Gflops/s) - 698 (767459 Gflops/s) - 705 (775155 Gflops/s) - 701 (770757 Gflops/s) | Temperatures: 52°C - 53°C - 57°C - 56°C - 54°C - 52°C - 57°C - 58°C | Throttling: None - None - None - None - None - None - None - None
707 (777354 Gflops/s) - 707 (777354 Gflops/s) - 688 (756463 Gflops/s) - 704 (774056 Gflops/s) - 702 (771857 Gflops/s) - 698 (767459 Gflops/s) - 703 (772956 Gflops/s) - 701 (770757 Gflops/s) | Temperatures: 52°C - 53°C - 57°C - 57°C - 55°C - 53°C - 57°C - 59°C | Throttling: None - None - None - None - None - None - None - None
708 (778454 Gflops/s) - 707 (777354 Gflops/s) - 688 (756463 Gflops/s) - 705 (775155 Gflops/s) - 700 (769658 Gflops/s) - 697 (766359 Gflops/s) - 703 (772956 Gflops/s) - 700 (769658 Gflops/s) | Temperatures: 53°C - 54°C - 58°C - 57°C - 55°C - 53°C - 57°C - 59°C | Throttling: None - None - None - None - None - None - None - None
707 (777354 Gflops/s) - 706 (776255 Gflops/s) - 688 (756463 Gflops/s) - 704 (774056 Gflops/s) - 701 (770757 Gflops/s) - 695 (764160 Gflops/s) - 704 (774056 Gflops/s) - 700 (769658 Gflops/s) | Temperatures: 53°C - 54°C - 58°C - 58°C - 56°C - 54°C - 58°C - 60°C | Throttling: None - None - None - None - None - None - None - None
706 (776255 Gflops/s) - 706 (776255 Gflops/s) - 687 (755364 Gflops/s) - 703 (772956 Gflops/s) - 702 (771857 Gflops/s) - 699 (768558 Gflops/s) - 703 (772956 Gflops/s) - 699 (768558 Gflops/s) | Temperatures: 54°C - 54°C - 59°C - 58°C - 56°C - 54°C - 58°C - 60°C | Throttling: None - None - None - None - None - None - None - None
705 (775155 Gflops/s) - 704 (774056 Gflops/s) - 686 (754264 Gflops/s) - 702 (771857 Gflops/s) - 700 (769658 Gflops/s) - 698 (767459 Gflops/s) - 701 (770757 Gflops/s) - 698 (767459 Gflops/s) | Temperatures: 54°C - 55°C - 59°C - 58°C - 57°C - 54°C - 59°C - 61°C | Throttling: None - None - None - None - None - None - None - None
705 (775155 Gflops/s) - 704 (774056 Gflops/s) - 686 (754264 Gflops/s) - 704 (774056 Gflops/s) - 702 (771857 Gflops/s) - 699 (768558 Gflops/s) - 702 (771857 Gflops/s) - 698 (767459 Gflops/s) | Temperatures: 54°C - 55°C - 59°C - 59°C - 57°C - 55°C - 59°C - 61°C | Throttling: None - None - None - None - None - None - None - None
704 (774056 Gflops/s) - 705 (775155 Gflops/s) - 686 (754264 Gflops/s) - 702 (771857 Gflops/s) - 701 (770757 Gflops/s) - 698 (767459 Gflops/s) - 701 (770757 Gflops/s) - 697 (766359 Gflops/s) | Temperatures: 55°C - 55°C - 60°C - 59°C - 57°C - 55°C - 60°C - 62°C | Throttling: None - None - None - None - None - None - None - None
705 (775155 Gflops/s) - 709 (779553 Gflops/s) - 684 (752065 Gflops/s) - 701 (770757 Gflops/s) - 700 (769658 Gflops/s) - 699 (768558 Gflops/s) - 709 (779553 Gflops/s) - 697 (766359 Gflops/s) | Temperatures: 55°C - 56°C - 60°C - 60°C - 58°C - 55°C - 60°C - 62°C | Throttling: None - None - None - None - None - None - None - None
704 (774056 Gflops/s) - 708 (778454 Gflops/s) - 685 (753165 Gflops/s) - 702 (771857 Gflops/s) - 700 (769658 Gflops/s) - 698 (767459 Gflops/s) - 690 (758663 Gflops/s) - 697 (766359 Gflops/s) | Temperatures: 55°C - 56°C - 60°C - 60°C - 58°C - 56°C - 60°C - 62°C | Throttling: None - None - None - None - None - None - None - None
708 (778454 Gflops/s) - 708 (778454 Gflops/s) - 684 (752065 Gflops/s) - 701 (770757 Gflops/s) - 700 (769658 Gflops/s) - 699 (768558 Gflops/s) - 700 (769658 Gflops/s) - 696 (765260 Gflops/s) | Temperatures: 56°C - 56°C - 61°C - 60°C - 58°C - 56°C - 61°C - 63°C | Throttling: None - None - None - None - None - None - None - None
708 (778454 Gflops/s) - 708 (778454 Gflops/s) - 684 (752065 Gflops/s) - 699 (768558 Gflops/s) - 700 (769658 Gflops/s) - 698 (767459 Gflops/s) - 699 (768558 Gflops/s) - 696 (765260 Gflops/s) | Temperatures: 56°C - 57°C - 61°C - 61°C - 58°C - 56°C - 61°C - 63°C | Throttling: None - None - None - None - None - None - None - None
708 (778454 Gflops/s) - 708 (778454 Gflops/s) - 683 (750966 Gflops/s) - 700 (769658 Gflops/s) - 699 (768558 Gflops/s) - 699 (768558 Gflops/s) - 699 (768558 Gflops/s) - 696 (765260 Gflops/s) | Temperatures: 56°C - 57°C - 62°C - 61°C - 59°C - 57°C - 62°C - 64°C | Throttling: None - None - None - None - None - None - None - None
707 (777354 Gflops/s) - 708 (778454 Gflops/s) - 682 (749866 Gflops/s) - 699 (768558 Gflops/s) - 699 (768558 Gflops/s) - 698 (767459 Gflops/s) - 697 (766359 Gflops/s) - 695 (764160 Gflops/s) | Temperatures: 56°C - 57°C - 62°C - 61°C - 59°C - 57°C - 62°C - 64°C | Throttling: None - None - None - None - None - None - None - None
708 (778454 Gflops/s) - 708 (778454 Gflops/s) - 683 (750966 Gflops/s) - 699 (768558 Gflops/s) - 698 (767459 Gflops/s) - 698 (767459 Gflops/s) - 698 (767459 Gflops/s) - 695 (764160 Gflops/s) | Temperatures: 56°C - 57°C - 62°C - 62°C - 59°C - 57°C - 62°C - 64°C | Throttling: None - None - None - None - None - None - None - None
708 (778454 Gflops/s) - 707 (777354 Gflops/s) - 682 (749866 Gflops/s) - 697 (766359 Gflops/s) - 698 (767459 Gflops/s) - 697 (766359 Gflops/s) - 697 (766359 Gflops/s) - 696 (765260 Gflops/s) | Temperatures: 57°C - 57°C - 63°C - 62°C - 59°C - 57°C - 63°C - 64°C | Throttling: None - None - None - None - None - None - None - None
707 (777354 Gflops/s) - 708 (778454 Gflops/s) - 682 (749866 Gflops/s) - 699 (768558 Gflops/s) - 698 (767459 Gflops/s) - 698 (767459 Gflops/s) - 697 (766359 Gflops/s) - 694 (763061 Gflops/s) | Temperatures: 57°C - 58°C - 63°C - 62°C - 59°C - 57°C - 63°C - 65°C | Throttling: None - None - None - None - None - None - None - None
708 (778454 Gflops/s) - 707 (777354 Gflops/s) - 682 (749866 Gflops/s) - 697 (766359 Gflops/s) - 698 (767459 Gflops/s) - 698 (767459 Gflops/s) - 696 (765260 Gflops/s) - 695 (764160 Gflops/s) | Temperatures: 57°C - 58°C - 63°C - 63°C - 60°C - 58°C - 63°C - 65°C | Throttling: None - None - None - None - None - None - None - None
707 (777354 Gflops/s) - 707 (777354 Gflops/s) - 681 (748767 Gflops/s) - 698 (767459 Gflops/s) - 698 (767459 Gflops/s) - 690 (758663 Gflops/s) - 696 (765260 Gflops/s) - 697 (766359 Gflops/s) | Temperatures: 57°C - 58°C - 63°C - 63°C - 60°C - 58°C - 63°C - 65°C | Throttling: None - None - None - None - None - None - None - None
707 (777354 Gflops/s) - 708 (778454 Gflops/s) - 680 (747667 Gflops/s) - 698 (767459 Gflops/s) - 698 (767459 Gflops/s) - 698 (767459 Gflops/s) - 697 (766359 Gflops/s) - 696 (765260 Gflops/s) | Temperatures: 57°C - 58°C - 64°C - 63°C - 60°C - 58°C - 64°C - 65°C | Throttling: None - None - None - None - None - None - None - None
707 (777354 Gflops/s) - 706 (776255 Gflops/s) - 680 (747667 Gflops/s) - 697 (766359 Gflops/s) - 697 (766359 Gflops/s) - 698 (767459 Gflops/s) - 695 (764160 Gflops/s) - 696 (765260 Gflops/s) | Temperatures: 58°C - 58°C - 64°C - 64°C - 60°C - 58°C - 64°C - 66°C | Throttling: None - None - None - None - None - None - None - None
705 (775155 Gflops/s) - 707 (777354 Gflops/s) - 679 (746568 Gflops/s) - 696 (765260 Gflops/s) - 697 (766359 Gflops/s) - 697 (766359 Gflops/s) - 695 (764160 Gflops/s) - 695 (764160 Gflops/s) | Temperatures: 58°C - 58°C - 64°C - 64°C - 60°C - 58°C - 64°C - 66°C | Throttling: None - None - None - None - None - None - None - None
706 (776255 Gflops/s) - 707 (777354 Gflops/s) - 678 (745468 Gflops/s) - 696 (765260 Gflops/s) - 696 (765260 Gflops/s) - 697 (766359 Gflops/s) - 694 (763061 Gflops/s) - 695 (764160 Gflops/s) | Temperatures: 58°C - 59°C - 64°C - 64°C - 60°C - 58°C - 65°C - 66°C | Throttling: None - None - None - None - None - None - None - None
705 (775155 Gflops/s) - 707 (777354 Gflops/s) - 679 (746568 Gflops/s) - 694 (763061 Gflops/s) - 697 (766359 Gflops/s) - 697 (766359 Gflops/s) - 695 (764160 Gflops/s) - 695 (764160 Gflops/s) | Temperatures: 58°C - 59°C - 65°C - 64°C - 61°C - 59°C - 65°C - 67°C | Throttling: None - None - None - None - None - None - None - None
705 (775155 Gflops/s) - 706 (776255 Gflops/s) - 677 (744369 Gflops/s) - 693 (761961 Gflops/s) - 697 (766359 Gflops/s) - 698 (767459 Gflops/s) - 694 (763061 Gflops/s) - 695 (764160 Gflops/s) | Temperatures: 58°C - 59°C - 65°C - 64°C - 61°C - 59°C - 65°C - 67°C | Throttling: None - None - None - None - None - None - None - None
705 (775155 Gflops/s) - 706 (776255 Gflops/s) - 680 (747667 Gflops/s) - 694 (763061 Gflops/s) - 696 (765260 Gflops/s) - 696 (765260 Gflops/s) - 694 (763061 Gflops/s) - 694 (763061 Gflops/s) | Temperatures: 58°C - 59°C - 65°C - 65°C - 61°C - 59°C - 65°C - 67°C | Throttling: None - None - None - None - None - None - None - None
704 (774056 Gflops/s) - 706 (776255 Gflops/s) - 680 (747667 Gflops/s) - 694 (763061 Gflops/s) - 696 (765260 Gflops/s) - 696 (765260 Gflops/s) - 694 (763061 Gflops/s) - 695 (764160 Gflops/s) | Temperatures: 58°C - 59°C - 65°C - 65°C - 61°C - 59°C - 66°C - 67°C | Throttling: None - None - None - None - None - None - None - None
704 (774056 Gflops/s) - 706 (776255 Gflops/s) - 679 (746568 Gflops/s) - 693 (761961 Gflops/s) - 696 (765260 Gflops/s) - 697 (766359 Gflops/s) - 694 (763061 Gflops/s) - 693 (761961 Gflops/s) | Temperatures: 59°C - 59°C - 66°C - 65°C - 61°C - 59°C - 66°C - 68°C | Throttling: None - None - None - None - None - None - None - None
705 (775155 Gflops/s) - 705 (775155 Gflops/s) - 679 (746568 Gflops/s) - 694 (763061 Gflops/s) - 695 (764160 Gflops/s) - 696 (765260 Gflops/s) - 693 (761961 Gflops/s) - 694 (763061 Gflops/s) | Temperatures: 59°C - 59°C - 66°C - 65°C - 61°C - 59°C - 66°C - 68°C | Throttling: None - None - None - None - None - None - None - None
704 (774056 Gflops/s) - 706 (776255 Gflops/s) - 680 (747667 Gflops/s) - 693 (761961 Gflops/s) - 695 (764160 Gflops/s) - 697 (766359 Gflops/s) - 693 (761961 Gflops/s) - 694 (763061 Gflops/s) | Temperatures: 59°C - 60°C - 66°C - 66°C - 61°C - 59°C - 66°C - 68°C | Throttling: None - None - None - None - None - None - None - None
703 (772956 Gflops/s) - 706 (776255 Gflops/s) - 677 (744369 Gflops/s) - 694 (763061 Gflops/s) - 695 (764160 Gflops/s) - 696 (765260 Gflops/s) - 693 (761961 Gflops/s) - 700 (769658 Gflops/s) | Temperatures: 59°C - 60°C - 66°C - 66°C - 62°C - 59°C - 66°C - 68°C | Throttling: None - None - None - None - None - None - None - None
703 (772956 Gflops/s) - 705 (775155 Gflops/s) - 679 (746568 Gflops/s) - 696 (765260 Gflops/s) - 694 (763061 Gflops/s) - 697 (766359 Gflops/s) - 702 (771857 Gflops/s) - 686 (754264 Gflops/s) | Temperatures: 59°C - 60°C - 66°C - 66°C - 62°C - 59°C - 67°C - 68°C | Throttling: None - None - None - None - None - None - None - None
704 (774056 Gflops/s) - 706 (776255 Gflops/s) - 677 (744369 Gflops/s) - 697 (766359 Gflops/s) - 695 (764160 Gflops/s) - 695 (764160 Gflops/s) - 684 (752065 Gflops/s) - 692 (760862 Gflops/s) | Temperatures: 59°C - 60°C - 66°C - 66°C - 62°C - 60°C - 67°C - 69°C | Throttling: None - None - None - None - None - None - None - None
704 (774056 Gflops/s) - 705 (775155 Gflops/s) - 678 (745468 Gflops/s) - 696 (765260 Gflops/s) - 694 (763061 Gflops/s) - 697 (766359 Gflops/s) - 692 (760862 Gflops/s) - 693 (761961 Gflops/s) | Temperatures: 59°C - 60°C - 67°C - 67°C - 62°C - 60°C - 67°C - 69°C | Throttling: None - None - None - None - None - None - None - None
702 (771857 Gflops/s) - 704 (774056 Gflops/s) - 678 (745468 Gflops/s) - 693 (761961 Gflops/s) - 693 (761961 Gflops/s) - 695 (764160 Gflops/s) - 690 (758663 Gflops/s) - 691 (759762 Gflops/s) | Temperatures: 59°C - 60°C - 67°C - 67°C - 62°C - 60°C - 67°C - 69°C | Throttling: None - None - None - None - None - None - None - None
703 (772956 Gflops/s) - 705 (775155 Gflops/s) - 677 (744369 Gflops/s) - 697 (766359 Gflops/s) - 694 (763061 Gflops/s) - 696 (765260 Gflops/s) - 692 (760862 Gflops/s) - 692 (760862 Gflops/s) | Temperatures: 59°C - 60°C - 67°C - 67°C - 62°C - 60°C - 67°C - 69°C | Throttling: None - None - None - None - None - None - None - None
703 (772956 Gflops/s) - 704 (774056 Gflops/s) - 678 (745468 Gflops/s) - 696 (765260 Gflops/s) - 693 (761961 Gflops/s) - 696 (765260 Gflops/s) - 692 (760862 Gflops/s) - 692 (760862 Gflops/s) | Temperatures: 59°C - 60°C - 67°C - 67°C - 62°C - 60°C - 68°C - 69°C | Throttling: None - None - None - None - None - None - None - None
695 (764160 Gflops/s) - 698 (767459 Gflops/s) - 670 (736672 Gflops/s) - 687 (755364 Gflops/s) - 686 (754264 Gflops/s) - 688 (756463 Gflops/s) - 683 (750966 Gflops/s) - 684 (752065 Gflops/s) | Temperatures: 59°C - 60°C - 67°C - 67°C - 62°C - 60°C - 68°C - 70°C | Throttling: None - None - None - None - None - None - None - None
658 (723478 Gflops/s) - 660 (725677 Gflops/s) - 635 (698189 Gflops/s) - 651 (715782 Gflops/s) - 651 (715782 Gflops/s) - 653 (717981 Gflops/s) - 648 (712483 Gflops/s) - 648 (712483 Gflops/s) | Temperatures: 59°C - 60°C - 68°C - 67°C - 62°C - 60°C - 68°C - 70°C | Throttling: None - None - None - None - None - None - None - None
675 (742170 Gflops/s) - 677 (744369 Gflops/s) - 652 (716881 Gflops/s) - 668 (734473 Gflops/s) - 666 (732274 Gflops/s) - 669 (735573 Gflops/s) - 665 (731175 Gflops/s) - 664 (730075 Gflops/s) | Temperatures: 60°C - 60°C - 68°C - 68°C - 62°C - 60°C - 68°C - 70°C | Throttling: None - None - None - None - None - None - None - None
643 (706985 Gflops/s) - 645 (709184 Gflops/s) - 621 (682796 Gflops/s) - 636 (699289 Gflops/s) - 635 (698189 Gflops/s) - 638 (701488 Gflops/s) - 632 (694891 Gflops/s) - 633 (695990 Gflops/s) | Temperatures: 60°C - 60°C - 68°C - 68°C - 62°C - 60°C - 68°C - 70°C | Throttling: None - None - None - None - None - None - None - None
663 (728976 Gflops/s) - 665 (731175 Gflops/s) - 640 (703687 Gflops/s) - 656 (721279 Gflops/s) - 654 (719080 Gflops/s) - 657 (722379 Gflops/s) - 652 (716881 Gflops/s) - 653 (717981 Gflops/s) | Temperatures: 59°C - 60°C - 68°C - 68°C - 63°C - 60°C - 68°C - 70°C | Throttling: None - None - None - None - None - None - None - None
674 (741070 Gflops/s) - 678 (745468 Gflops/s) - 650 (714682 Gflops/s) - 678 (745468 Gflops/s) - 667 (733374 Gflops/s) - 670 (736672 Gflops/s) - 664 (730075 Gflops/s) - 665 (731175 Gflops/s) | Temperatures: 60°C - 61°C - 68°C - 68°C - 63°C - 60°C - 69°C - 70°C | Throttling: None - None - None - None - None - None - None - None
637 (700388 Gflops/s) - 639 (702587 Gflops/s) - 614 (675100 Gflops/s) - 618 (679498 Gflops/s) - 629 (691592 Gflops/s) - 631 (693791 Gflops/s) - 626 (688294 Gflops/s) - 626 (688294 Gflops/s) | Temperatures: 60°C - 61°C - 68°C - 68°C - 62°C - 61°C - 69°C - 71°C | Throttling: None - None - None - None - None - None - None - None
660 (725677 Gflops/s) - 665 (731175 Gflops/s) - 638 (701488 Gflops/s) - 654 (719080 Gflops/s) - 654 (719080 Gflops/s) - 657 (722379 Gflops/s) - 650 (714682 Gflops/s) - 652 (716881 Gflops/s) | Temperatures: 60°C - 61°C - 69°C - 68°C - 62°C - 61°C - 69°C - 71°C | Throttling: None - None - None - None - None - None - None - None
681 (748767 Gflops/s) - 684 (752065 Gflops/s) - 657 (722379 Gflops/s) - 671 (737772 Gflops/s) - 671 (737772 Gflops/s) - 676 (743269 Gflops/s) - 670 (736672 Gflops/s) - 670 (736672 Gflops/s) | Temperatures: 60°C - 61°C - 69°C - 69°C - 63°C - 61°C - 69°C - 71°C | Throttling: None - None - None - None - None - None - None - None
631 (693791 Gflops/s) - 633 (695990 Gflops/s) - 608 (668503 Gflops/s) - 623 (684995 Gflops/s) - 623 (684995 Gflops/s) - 625 (687194 Gflops/s) - 620 (681697 Gflops/s) - 627 (689393 Gflops/s) | Temperatures: 60°C - 61°C - 69°C - 69°C - 63°C - 61°C - 69°C - 71°C | Throttling: None - None - None - None - None - None - None - None
673 (739971 Gflops/s) - 676 (743269 Gflops/s) - 649 (713583 Gflops/s) - 666 (732274 Gflops/s) - 666 (732274 Gflops/s) - 668 (734473 Gflops/s) - 663 (728976 Gflops/s) - 657 (722379 Gflops/s) | Temperatures: 60°C - 61°C - 69°C - 69°C - 63°C - 61°C - 69°C - 71°C | Throttling: None - None - None - None - None - None - None - None
642 (705886 Gflops/s) - 646 (710284 Gflops/s) - 619 (680597 Gflops/s) - 635 (698189 Gflops/s) - 633 (695990 Gflops/s) - 637 (700388 Gflops/s) - 631 (693791 Gflops/s) - 632 (694891 Gflops/s) | Temperatures: 60°C - 61°C - 69°C - 69°C - 63°C - 61°C - 69°C - 71°C | Throttling: None - None - None - None - None - None - None - None
662 (727876 Gflops/s) - 665 (731175 Gflops/s) - 637 (700388 Gflops/s) - 654 (719080 Gflops/s) - 653 (717981 Gflops/s) - 656 (721279 Gflops/s) - 651 (715782 Gflops/s) - 651 (715782 Gflops/s) | Temperatures: 60°C - 61°C - 69°C - 69°C - 63°C - 61°C - 70°C - 71°C | Throttling: None - None - None - None - None - None - None - None
675 (742170 Gflops/s) - 677 (744369 Gflops/s) - 650 (714682 Gflops/s) - 666 (732274 Gflops/s) - 665 (731175 Gflops/s) - 670 (736672 Gflops/s) - 663 (728976 Gflops/s) - 664 (730075 Gflops/s) | Temperatures: 60°C - 61°C - 69°C - 69°C - 63°C - 61°C - 70°C - 72°C | Throttling: None - None - None - None - None - None - None - None
636 (699289 Gflops/s) - 639 (702587 Gflops/s) - 612 (672901 Gflops/s) - 627 (689393 Gflops/s) - 627 (689393 Gflops/s) - 630 (692692 Gflops/s) - 625 (687194 Gflops/s) - 625 (687194 Gflops/s) | Temperatures: 60°C - 61°C - 69°C - 69°C - 63°C - 61°C - 70°C - 72°C | Throttling: None - None - None - None - None - None - None - None
657 (722379 Gflops/s) - 660 (725677 Gflops/s) - 633 (695990 Gflops/s) - 649 (713583 Gflops/s) - 649 (713583 Gflops/s) - 652 (716881 Gflops/s) - 646 (710284 Gflops/s) - 646 (710284 Gflops/s) | Temperatures: 60°C - 61°C - 70°C - 69°C - 63°C - 61°C - 70°C - 72°C | Throttling: None - None - None - None - None - None - None - None
684 (752065 Gflops/s) - 687 (755364 Gflops/s) - 659 (724578 Gflops/s) - 675 (742170 Gflops/s) - 676 (743269 Gflops/s) - 679 (746568 Gflops/s) - 673 (739971 Gflops/s) - 674 (741070 Gflops/s) | Temperatures: 60°C - 61°C - 70°C - 69°C - 63°C - 61°C - 70°C - 72°C | Throttling: None - None - None - None - None - None - None - None
691 (759762 Gflops/s) - 694 (763061 Gflops/s) - 666 (732274 Gflops/s) - 680 (747667 Gflops/s) - 681 (748767 Gflops/s) - 686 (754264 Gflops/s) - 679 (746568 Gflops/s) - 679 (746568 Gflops/s) | Temperatures: 60°C - 61°C - 70°C - 69°C - 63°C - 61°C - 70°C - 72°C | Throttling: None - None - None - None - None - None - None - None
701 (770757 Gflops/s) - 704 (774056 Gflops/s) - 675 (742170 Gflops/s) - 685 (753165 Gflops/s) - 691 (759762 Gflops/s) - 694 (763061 Gflops/s) - 688 (756463 Gflops/s) - 690 (758663 Gflops/s) | Temperatures: 60°C - 61°C - 70°C - 70°C - 63°C - 61°C - 70°C - 72°C | Throttling: None - None - None - None - None - None - None - None
700 (769658 Gflops/s) - 704 (774056 Gflops/s) - 674 (741070 Gflops/s) - 695 (764160 Gflops/s) - 692 (760862 Gflops/s) - 696 (765260 Gflops/s) - 689 (757563 Gflops/s) - 689 (757563 Gflops/s) | Temperatures: 60°C - 61°C - 70°C - 70°C - 63°C - 61°C - 70°C - 72°C | Throttling: None - None - None - None - None - None - None - None
700 (769658 Gflops/s) - 704 (774056 Gflops/s) - 674 (741070 Gflops/s) - 708 (778454 Gflops/s) - 692 (760862 Gflops/s) - 695 (764160 Gflops/s) - 688 (756463 Gflops/s) - 688 (756463 Gflops/s) | Temperatures: 60°C - 61°C - 70°C - 70°C - 63°C - 61°C - 70°C - 72°C | Throttling: None - None - None - None - None - None - None - None
701 (770757 Gflops/s) - 704 (774056 Gflops/s) - 674 (741070 Gflops/s) - 677 (744369 Gflops/s) - 692 (760862 Gflops/s) - 695 (764160 Gflops/s) - 689 (757563 Gflops/s) - 688 (756463 Gflops/s) | Temperatures: 60°C - 61°C - 70°C - 70°C - 63°C - 61°C - 71°C - 72°C | Throttling: None - None - None - None - None - None - None - None
700 (769658 Gflops/s) - 703 (772956 Gflops/s) - 675 (742170 Gflops/s) - 692 (760862 Gflops/s) - 692 (760862 Gflops/s) - 695 (764160 Gflops/s) - 688 (756463 Gflops/s) - 688 (756463 Gflops/s) | Temperatures: 61°C - 61°C - 70°C - 70°C - 63°C - 61°C - 71°C - 73°C | Throttling: None - None - None - None - None - None - None - None
700 (769658 Gflops/s) - 704 (774056 Gflops/s) - 673 (739971 Gflops/s) - 691 (759762 Gflops/s) - 692 (760862 Gflops/s) - 695 (764160 Gflops/s) - 687 (755364 Gflops/s) - 689 (757563 Gflops/s) | Temperatures: 60°C - 61°C - 70°C - 70°C - 63°C - 61°C - 71°C - 73°C | Throttling: None - None - None - None - None - None - None - None
701 (770757 Gflops/s) - 703 (772956 Gflops/s) - 675 (742170 Gflops/s) - 692 (760862 Gflops/s) - 691 (759762 Gflops/s) - 695 (764160 Gflops/s) - 688 (756463 Gflops/s) - 688 (756463 Gflops/s) | Temperatures: 61°C - 61°C - 70°C - 70°C - 63°C - 61°C - 71°C - 73°C | Throttling: None - None - None - None - None - None - None - None
700 (769658 Gflops/s) - 704 (774056 Gflops/s) - 673 (739971 Gflops/s) - 691 (759762 Gflops/s) - 691 (759762 Gflops/s) - 695 (764160 Gflops/s) - 688 (756463 Gflops/s) - 688 (756463 Gflops/s) | Temperatures: 61°C - 61°C - 71°C - 70°C - 63°C - 61°C - 71°C - 73°C | Throttling: None - None - None - None - None - None - None - None
699 (768558 Gflops/s) - 704 (774056 Gflops/s) - 674 (741070 Gflops/s) - 692 (760862 Gflops/s) - 692 (760862 Gflops/s) - 695 (764160 Gflops/s) - 687 (755364 Gflops/s) - 694 (763061 Gflops/s) | Temperatures: 61°C - 61°C - 71°C - 71°C - 63°C - 61°C - 71°C - 73°C | Throttling: None - None - None - None - None - None - None - None
701 (770757 Gflops/s) - 703 (772956 Gflops/s) - 673 (739971 Gflops/s) - 691 (759762 Gflops/s) - 692 (760862 Gflops/s) - 695 (764160 Gflops/s) - 687 (755364 Gflops/s) - 682 (749866 Gflops/s) | Temperatures: 60°C - 61°C - 71°C - 71°C - 63°C - 61°C - 71°C - 73°C | Throttling: None - None - None - None - None - None - None - None
699 (768558 Gflops/s) - 703 (772956 Gflops/s) - 673 (739971 Gflops/s) - 690 (758663 Gflops/s) - 692 (760862 Gflops/s) - 694 (763061 Gflops/s) - 687 (755364 Gflops/s) - 687 (755364 Gflops/s) | Temperatures: 60°C - 61°C - 71°C - 71°C - 63°C - 61°C - 71°C - 73°C | Throttling: None - None - None - None - None - None - None - None
700 (769658 Gflops/s) - 704 (774056 Gflops/s) - 673 (739971 Gflops/s) - 692 (760862 Gflops/s) - 691 (759762 Gflops/s) - 695 (764160 Gflops/s) - 688 (756463 Gflops/s) - 688 (756463 Gflops/s) | Temperatures: 61°C - 61°C - 71°C - 71°C - 63°C - 61°C - 71°C - 73°C | Throttling: None - None - None - None - None - None - None - None
700 (769658 Gflops/s) - 703 (772956 Gflops/s) - 673 (739971 Gflops/s) - 691 (759762 Gflops/s) - 693 (761961 Gflops/s) - 695 (764160 Gflops/s) - 687 (755364 Gflops/s) - 688 (756463 Gflops/s) | Temperatures: 61°C - 61°C - 71°C - 71°C - 64°C - 61°C - 71°C - 73°C | Throttling: None - None - None - None - None - None - None - None
701 (770757 Gflops/s) - 704 (774056 Gflops/s) - 673 (739971 Gflops/s) - 690 (758663 Gflops/s) - 689 (757563 Gflops/s) - 695 (764160 Gflops/s) - 687 (755364 Gflops/s) - 687 (755364 Gflops/s) | Temperatures: 61°C - 61°C - 71°C - 71°C - 63°C - 61°C - 71°C - 73°C | Throttling: None - None - None - None - None - None - None - None
700 (769658 Gflops/s) - 704 (774056 Gflops/s) - 672 (738871 Gflops/s) - 691 (759762 Gflops/s) - 691 (759762 Gflops/s) - 695 (764160 Gflops/s) - 687 (755364 Gflops/s) - 688 (756463 Gflops/s) | Temperatures: 61°C - 61°C - 71°C - 71°C - 63°C - 61°C - 72°C - 73°C | Throttling: None - None - None - None - None - None - None - None
699 (768558 Gflops/s) - 703 (772956 Gflops/s) - 673 (739971 Gflops/s) - 691 (759762 Gflops/s) - 691 (759762 Gflops/s) - 695 (764160 Gflops/s) - 685 (753165 Gflops/s) - 687 (755364 Gflops/s) | Temperatures: 61°C - 61°C - 71°C - 71°C - 63°C - 61°C - 71°C - 73°C | Throttling: None - None - None - None - None - None - None - None
700 (769658 Gflops/s) - 703 (772956 Gflops/s) - 673 (739971 Gflops/s) - 691 (759762 Gflops/s) - 691 (759762 Gflops/s) - 695 (764160 Gflops/s) - 687 (755364 Gflops/s) - 687 (755364 Gflops/s) | Temperatures: 60°C - 61°C - 71°C - 71°C - 63°C - 61°C - 72°C - 73°C | Throttling: None - None - None - None - None - None - None - None
700 (769658 Gflops/s) - 704 (774056 Gflops/s) - 672 (738871 Gflops/s) - 690 (758663 Gflops/s) - 691 (759762 Gflops/s) - 694 (763061 Gflops/s) - 687 (755364 Gflops/s) - 688 (756463 Gflops/s) | Temperatures: 60°C - 61°C - 71°C - 71°C - 63°C - 61°C - 71°C - 73°C | Throttling: None - None - None - None - None - None - None - None
700 (769658 Gflops/s) - 703 (772956 Gflops/s) - 672 (738871 Gflops/s) - 690 (758663 Gflops/s) - 692 (760862 Gflops/s) - 695 (764160 Gflops/s) - 687 (755364 Gflops/s) - 687 (755364 Gflops/s) | Temperatures: 60°C - 61°C - 71°C - 71°C - 63°C - 61°C - 72°C - 73°C | Throttling: None - None - None - None - None - None - None - None
700 (769658 Gflops/s) - 704 (774056 Gflops/s) - 673 (739971 Gflops/s) - 690 (758663 Gflops/s) - 691 (759762 Gflops/s) - 695 (764160 Gflops/s) - 704 (774056 Gflops/s) - 687 (755364 Gflops/s) | Temperatures: 60°C - 61°C - 71°C - 71°C - 63°C - 61°C - 72°C - 73°C | Throttling: None - None - None - None - None - None - None - None
700 (769658 Gflops/s) - 704 (774056 Gflops/s) - 672 (738871 Gflops/s) - 690 (758663 Gflops/s) - 692 (760862 Gflops/s) - 695 (764160 Gflops/s) - 670 (736672 Gflops/s) - 687 (755364 Gflops/s) | Temperatures: 60°C - 61°C - 71°C - 71°C - 63°C - 61°C - 71°C - 73°C | Throttling: None - None - None - None - None - None - None - None
701 (770757 Gflops/s) - 703 (772956 Gflops/s) - 673 (739971 Gflops/s) - 690 (758663 Gflops/s) - 691 (759762 Gflops/s) - 695 (764160 Gflops/s) - 687 (755364 Gflops/s) - 688 (756463 Gflops/s) | Temperatures: 60°C - 61°C - 71°C - 71°C - 63°C - 61°C - 71°C - 73°C | Throttling: None - None - None - None - None - None - None - None
700 (769658 Gflops/s) - 704 (774056 Gflops/s) - 672 (738871 Gflops/s) - 690 (758663 Gflops/s) - 691 (759762 Gflops/s) - 695 (764160 Gflops/s) - 686 (754264 Gflops/s) - 687 (755364 Gflops/s) | Temperatures: 60°C - 61°C - 71°C - 71°C - 63°C - 61°C - 71°C - 73°C | Throttling: None - None - None - None - None - None - None - None
701 (770757 Gflops/s) - 704 (774056 Gflops/s) - 672 (738871 Gflops/s) - 691 (759762 Gflops/s) - 691 (759762 Gflops/s) - 695 (764160 Gflops/s) - 686 (754264 Gflops/s) - 688 (756463 Gflops/s) | Temperatures: 60°C - 61°C - 71°C - 71°C - 63°C - 61°C - 71°C - 73°C | Throttling: None - None - None - None - None - None - None - None
700 (769658 Gflops/s) - 704 (774056 Gflops/s) - 672 (738871 Gflops/s) - 690 (758663 Gflops/s) - 691 (759762 Gflops/s) - 695 (764160 Gflops/s) - 687 (755364 Gflops/s) - 688 (756463 Gflops/s) | Temperatures: 60°C - 61°C - 71°C - 71°C - 63°C - 61°C - 71°C - 73°C | Throttling: None - None - None - None - None - None - None - None
701 (770757 Gflops/s) - 704 (774056 Gflops/s) - 673 (739971 Gflops/s) - 690 (758663 Gflops/s) - 691 (759762 Gflops/s) - 695 (764160 Gflops/s) - 687 (755364 Gflops/s) - 687 (755364 Gflops/s) | Temperatures: 60°C - 61°C - 71°C - 71°C - 63°C - 61°C - 71°C - 73°C | Throttling: None - None - None - None - None - None - None - None
700 (769658 Gflops/s) - 704 (774056 Gflops/s) - 673 (739971 Gflops/s) - 690 (758663 Gflops/s) - 691 (759762 Gflops/s) - 695 (764160 Gflops/s) - 686 (754264 Gflops/s) - 687 (755364 Gflops/s) | Temperatures: 60°C - 61°C - 71°C - 71°C - 63°C - 61°C - 71°C - 73°C | Throttling: None - None - None - None - None - None - None - None
700 (769658 Gflops/s) - 703 (772956 Gflops/s) - 672 (738871 Gflops/s) - 690 (758663 Gflops/s) - 691 (759762 Gflops/s) - 694 (763061 Gflops/s) - 686 (754264 Gflops/s) - 687 (755364 Gflops/s) | Temperatures: 60°C - 61°C - 71°C - 71°C - 63°C - 61°C - 71°C - 73°C | Throttling: None - None - None - None - None - None - None - None
700 (769658 Gflops/s) - 705 (775155 Gflops/s) - 673 (739971 Gflops/s) - 691 (759762 Gflops/s) - 692 (760862 Gflops/s) - 696 (765260 Gflops/s) - 688 (756463 Gflops/s) - 688 (756463 Gflops/s) | Temperatures: 60°C - 61°C - 71°C - 71°C - 63°C - 61°C - 71°C - 73°C | Throttling: None - None - None - None - None - None - None - None
700 (769658 Gflops/s) - 703 (772956 Gflops/s) - 672 (738871 Gflops/s) - 690 (758663 Gflops/s) - 690 (758663 Gflops/s) - 695 (764160 Gflops/s) - 695 (764160 Gflops/s) - 686 (754264 Gflops/s) | Temperatures: 60°C - 61°C - 71°C - 71°C - 63°C - 61°C - 71°C - 73°C | Throttling: None - None - None - None - None - None - None - None
701 (770757 Gflops/s) - 703 (772956 Gflops/s) - 673 (739971 Gflops/s) - 690 (758663 Gflops/s) - 691 (759762 Gflops/s) - 694 (763061 Gflops/s) - 677 (744369 Gflops/s) - 687 (755364 Gflops/s) | Temperatures: 60°C - 61°C - 71°C - 71°C - 63°C - 61°C - 71°C - 73°C | Throttling: None - None - None - None - None - None - None - None
700 (769658 Gflops/s) - 704 (774056 Gflops/s) - 672 (738871 Gflops/s) - 690 (758663 Gflops/s) - 692 (760862 Gflops/s) - 695 (764160 Gflops/s) - 686 (754264 Gflops/s) - 687 (755364 Gflops/s) | Temperatures: 60°C - 61°C - 71°C - 71°C - 63°C - 60°C - 71°C - 73°C | Throttling: None - None - None - None - None - None - None - None
682 (749866 Gflops/s) - 684 (752065 Gflops/s) - 654 (719080 Gflops/s) - 672 (738871 Gflops/s) - 672 (738871 Gflops/s) - 676 (743269 Gflops/s) - 668 (734473 Gflops/s) - 668 (734473 Gflops/s) | Temperatures: 60°C - 61°C - 71°C - 71°C - 63°C - 61°C - 71°C - 73°C | Throttling: None - None - None - None - None - None - None - None
663 (728976 Gflops/s) - 665 (731175 Gflops/s) - 635 (698189 Gflops/s) - 652 (716881 Gflops/s) - 654 (719080 Gflops/s) - 657 (722379 Gflops/s) - 649 (713583 Gflops/s) - 649 (713583 Gflops/s) | Temperatures: 60°C - 61°C - 71°C - 71°C - 63°C - 61°C - 71°C - 73°C | Throttling: None - None - None - None - None - None - None - None
661 (726777 Gflops/s) - 664 (730075 Gflops/s) - 636 (699289 Gflops/s) - 652 (716881 Gflops/s) - 653 (717981 Gflops/s) - 656 (721279 Gflops/s) - 648 (712483 Gflops/s) - 650 (714682 Gflops/s) | Temperatures: 60°C - 61°C - 71°C - 71°C - 63°C - 60°C - 71°C - 73°C | Throttling: None - None - None - None - None - None - None - None
678 (745468 Gflops/s) - 682 (749866 Gflops/s) - 651 (715782 Gflops/s) - 668 (734473 Gflops/s) - 670 (736672 Gflops/s) - 673 (739971 Gflops/s) - 665 (731175 Gflops/s) - 666 (732274 Gflops/s) | Temperatures: 60°C - 61°C - 71°C - 71°C - 63°C - 60°C - 71°C - 73°C | Throttling: None - None - None - None - None - None - None - None
644 (708085 Gflops/s) - 648 (712483 Gflops/s) - 618 (679498 Gflops/s) - 635 (698189 Gflops/s) - 635 (698189 Gflops/s) - 640 (703687 Gflops/s) - 631 (693791 Gflops/s) - 632 (694891 Gflops/s) | Temperatures: 60°C - 61°C - 71°C - 71°C - 63°C - 60°C - 71°C - 73°C | Throttling: None - None - None - None - None - None - None - None
662 (727876 Gflops/s) - 665 (731175 Gflops/s) - 636 (699289 Gflops/s) - 652 (716881 Gflops/s) - 655 (720180 Gflops/s) - 657 (722379 Gflops/s) - 649 (713583 Gflops/s) - 650 (714682 Gflops/s) | Temperatures: 60°C - 61°C - 71°C - 71°C - 63°C - 61°C - 71°C - 73°C | Throttling: None - None - None - None - None - None - None - None
673 (739971 Gflops/s) - 677 (744369 Gflops/s) - 648 (712483 Gflops/s) - 665 (731175 Gflops/s) - 665 (731175 Gflops/s) - 668 (734473 Gflops/s) - 659 (724578 Gflops/s) - 661 (726777 Gflops/s) | Temperatures: 60°C - 61°C - 71°C - 71°C - 63°C - 60°C - 71°C - 73°C | Throttling: None - None - None - None - None - None - None - None
648 (712483 Gflops/s) - 652 (716881 Gflops/s) - 622 (683896 Gflops/s) - 638 (701488 Gflops/s) - 640 (703687 Gflops/s) - 643 (706985 Gflops/s) - 634 (697090 Gflops/s) - 636 (699289 Gflops/s) | Temperatures: 60°C - 61°C - 71°C - 71°C - 63°C - 60°C - 71°C - 73°C | Throttling: None - None - None - None - None - None - None - None
673 (739971 Gflops/s) - 677 (744369 Gflops/s) - 647 (711384 Gflops/s) - 664 (730075 Gflops/s) - 676 (743269 Gflops/s) - 669 (735573 Gflops/s) - 659 (724578 Gflops/s) - 661 (726777 Gflops/s) | Temperatures: 60°C - 61°C - 71°C - 71°C - 63°C - 61°C - 71°C - 73°C | Throttling: None - None - None - None - None - None - None - None
651 (715782 Gflops/s) - 654 (719080 Gflops/s) - 625 (687194 Gflops/s) - 642 (705886 Gflops/s) - 631 (693791 Gflops/s) - 646 (710284 Gflops/s) - 637 (700388 Gflops/s) - 639 (702587 Gflops/s) | Temperatures: 60°C - 61°C - 71°C - 71°C - 63°C - 61°C - 71°C - 73°C | Throttling: None - None - None - None - None - None - None - None
660 (725677 Gflops/s) - 664 (730075 Gflops/s) - 635 (698189 Gflops/s) - 651 (715782 Gflops/s) - 652 (716881 Gflops/s) - 656 (721279 Gflops/s) - 646 (710284 Gflops/s) - 648 (712483 Gflops/s) | Temperatures: 60°C - 61°C - 71°C - 71°C - 63°C - 61°C - 71°C - 73°C | Throttling: None - None - None - None - None - None - None - None
679 (746568 Gflops/s) - 681 (748767 Gflops/s) - 651 (715782 Gflops/s) - 668 (734473 Gflops/s) - 670 (736672 Gflops/s) - 673 (739971 Gflops/s) - 665 (731175 Gflops/s) - 665 (731175 Gflops/s) | Temperatures: 60°C - 61°C - 71°C - 71°C - 63°C - 61°C - 71°C - 73°C | Throttling: None - None - None - None - None - None - None - None
645 (709184 Gflops/s) - 648 (712483 Gflops/s) - 619 (680597 Gflops/s) - 636 (699289 Gflops/s) - 636 (699289 Gflops/s) - 640 (703687 Gflops/s) - 632 (694891 Gflops/s) - 632 (694891 Gflops/s) | Temperatures: 60°C - 61°C - 71°C - 71°C - 63°C - 60°C - 71°C - 73°C | Throttling: None - None - None - None - None - None - None - None
662 (727876 Gflops/s) - 664 (730075 Gflops/s) - 635 (698189 Gflops/s) - 652 (716881 Gflops/s) - 653 (717981 Gflops/s) - 657 (722379 Gflops/s) - 648 (712483 Gflops/s) - 650 (714682 Gflops/s) | Temperatures: 60°C - 61°C - 71°C - 71°C - 63°C - 61°C - 71°C - 73°C | Throttling: None - None - None - None - None - None - None - None
670 (736672 Gflops/s) - 671 (737772 Gflops/s) - 642 (705886 Gflops/s) - 659 (724578 Gflops/s) - 660 (725677 Gflops/s) - 663 (728976 Gflops/s) - 655 (720180 Gflops/s) - 655 (720180 Gflops/s) | Temperatures: 60°C - 61°C - 71°C - 71°C - 63°C - 60°C - 71°C - 73°C | Throttling: None - None - None - None - None - None - None - None
651 (715782 Gflops/s) - 656 (721279 Gflops/s) - 626 (688294 Gflops/s) - 660 (725677 Gflops/s) - 644 (708085 Gflops/s) - 647 (711384 Gflops/s) - 639 (702587 Gflops/s) - 641 (704786 Gflops/s) | Temperatures: 60°C - 61°C - 71°C - 71°C - 63°C - 60°C - 71°C - 73°C | Throttling: None - None - None - None - None - None - None - None
673 (739971 Gflops/s) - 677 (744369 Gflops/s) - 646 (710284 Gflops/s) - 646 (710284 Gflops/s) - 665 (731175 Gflops/s) - 684 (752065 Gflops/s) - 659 (724578 Gflops/s) - 660 (725677 Gflops/s) | Temperatures: 60°C - 61°C - 71°C - 71°C - 63°C - 61°C - 71°C - 73°C | Throttling: None - None - None - None - None - None - None - None
647 (711384 Gflops/s) - 649 (713583 Gflops/s) - 621 (682796 Gflops/s) - 637 (700388 Gflops/s) - 639 (702587 Gflops/s) - 626 (688294 Gflops/s) - 634 (697090 Gflops/s) - 634 (697090 Gflops/s) | Temperatures: 60°C - 61°C - 71°C - 71°C - 63°C - 60°C - 71°C - 73°C | Throttling: None - None - None - None - None - None - None - None
660 (725677 Gflops/s) - 664 (730075 Gflops/s) - 633 (695990 Gflops/s) - 651 (715782 Gflops/s) - 651 (715782 Gflops/s) - 655 (720180 Gflops/s) - 647 (711384 Gflops/s) - 647 (711384 Gflops/s) | Temperatures: 60°C - 61°C - 71°C - 71°C - 63°C - 60°C - 71°C - 73°C | Throttling: None - None - None - None - None - None - None - None
671 (737772 Gflops/s) - 674 (741070 Gflops/s) - 645 (709184 Gflops/s) - 662 (727876 Gflops/s) - 663 (728976 Gflops/s) - 666 (732274 Gflops/s) - 658 (723478 Gflops/s) - 660 (725677 Gflops/s) | Temperatures: 60°C - 61°C - 71°C - 71°C - 63°C - 60°C - 71°C - 73°C | Throttling: None - None - None - None - None - None - None - None
647 (711384 Gflops/s) - 650 (714682 Gflops/s) - 621 (682796 Gflops/s) - 637 (700388 Gflops/s) - 639 (702587 Gflops/s) - 642 (705886 Gflops/s) - 633 (695990 Gflops/s) - 634 (697090 Gflops/s) | Temperatures: 60°C - 61°C - 71°C - 71°C - 63°C - 60°C - 71°C - 73°C | Throttling: None - None - None - None - None - None - None - None
662 (727876 Gflops/s) - 666 (732274 Gflops/s) - 636 (699289 Gflops/s) - 653 (717981 Gflops/s) - 653 (717981 Gflops/s) - 657 (722379 Gflops/s) - 648 (712483 Gflops/s) - 650 (714682 Gflops/s) | Temperatures: 60°C - 61°C - 71°C - 71°C - 63°C - 60°C - 71°C - 73°C | Throttling: None - None - None - None - None - None - None - None
660 (725677 Gflops/s) - 662 (727876 Gflops/s) - 632 (694891 Gflops/s) - 649 (713583 Gflops/s) - 651 (715782 Gflops/s) - 654 (719080 Gflops/s) - 645 (709184 Gflops/s) - 646 (710284 Gflops/s) | Temperatures: 60°C - 61°C - 71°C - 71°C - 63°C - 60°C - 71°C - 73°C | Throttling: None - None - None - None - None - None - None - None
658 (723478 Gflops/s) - 661 (726777 Gflops/s) - 632 (694891 Gflops/s) - 649 (713583 Gflops/s) - 649 (713583 Gflops/s) - 653 (717981 Gflops/s) - 643 (706985 Gflops/s) - 646 (710284 Gflops/s) | Temperatures: 60°C - 61°C - 71°C - 71°C - 63°C - 60°C - 71°C - 73°C | Throttling: None - None - None - None - None - None - None - None
674 (741070 Gflops/s) - 676 (743269 Gflops/s) - 646 (710284 Gflops/s) - 664 (730075 Gflops/s) - 665 (731175 Gflops/s) - 668 (734473 Gflops/s) - 659 (724578 Gflops/s) - 661 (726777 Gflops/s) | Temperatures: 60°C - 61°C - 71°C - 71°C - 63°C - 60°C - 71°C - 73°C | Throttling: None - None - None - None - None - None - None - None
647 (711384 Gflops/s) - 650 (714682 Gflops/s) - 620 (681697 Gflops/s) - 637 (700388 Gflops/s) - 638 (701488 Gflops/s) - 642 (705886 Gflops/s) - 632 (694891 Gflops/s) - 634 (697090 Gflops/s) | Temperatures: 60°C - 61°C - 71°C - 71°C - 63°C - 60°C - 71°C - 73°C | Throttling: None - None - None - None - None - None - None - None
660 (725677 Gflops/s) - 662 (727876 Gflops/s) - 634 (697090 Gflops/s) - 650 (714682 Gflops/s) - 651 (715782 Gflops/s) - 654 (719080 Gflops/s) - 645 (709184 Gflops/s) - 648 (712483 Gflops/s) | Temperatures: 60°C - 61°C - 71°C - 71°C - 63°C - 60°C - 71°C - 73°C | Throttling: None - None - None - None - None - None - None - None
678 (745468 Gflops/s) - 682 (749866 Gflops/s) - 651 (715782 Gflops/s) - 669 (735573 Gflops/s) - 670 (736672 Gflops/s) - 674 (741070 Gflops/s) - 662 (727876 Gflops/s) - 665 (731175 Gflops/s) | Temperatures: 60°C - 61°C - 71°C - 71°C - 63°C - 60°C - 71°C - 73°C | Throttling: None - None - None - None - None - None - None - None
641 (704786 Gflops/s) - 643 (706985 Gflops/s) - 614 (675100 Gflops/s) - 630 (692692 Gflops/s) - 633 (695990 Gflops/s) - 635 (698189 Gflops/s) - 625 (687194 Gflops/s) - 629 (691592 Gflops/s) | Temperatures: 59°C - 61°C - 71°C - 71°C - 63°C - 60°C - 71°C - 73°C | Throttling: None - None - None - None - None - None - None - None
661 (726777 Gflops/s) - 664 (730075 Gflops/s) - 634 (697090 Gflops/s) - 652 (716881 Gflops/s) - 652 (716881 Gflops/s) - 657 (722379 Gflops/s) - 641 (704786 Gflops/s) - 648 (712483 Gflops/s) | Temperatures: 60°C - 61°C - 71°C - 71°C - 63°C - 60°C - 71°C - 73°C | Throttling: None - None - None - None - None - None - None - None
683 (750966 Gflops/s) - 687 (755364 Gflops/s) - 656 (721279 Gflops/s) - 673 (739971 Gflops/s) - 674 (741070 Gflops/s) - 677 (744369 Gflops/s) - 661 (726777 Gflops/s) - 670 (736672 Gflops/s) | Temperatures: 60°C - 61°C - 71°C - 71°C - 63°C - 60°C - 71°C - 73°C | Throttling: None - None - None - None - None - None - None - None
656 (721279 Gflops/s) - 659 (724578 Gflops/s) - 630 (692692 Gflops/s) - 646 (710284 Gflops/s) - 647 (711384 Gflops/s) - 651 (715782 Gflops/s) - 635 (698189 Gflops/s) - 644 (708085 Gflops/s) | Temperatures: 60°C - 61°C - 71°C - 71°C - 63°C - 60°C - 71°C - 73°C | Throttling: None - None - None - None - None - None - None - None
710 (780653 Gflops/s) - 713 (783951 Gflops/s) - 681 (748767 Gflops/s) - 700 (769658 Gflops/s) - 701 (770757 Gflops/s) - 705 (775155 Gflops/s) - 685 (753165 Gflops/s) - 696 (765260 Gflops/s) | Temperatures: 60°C - 61°C - 71°C - 71°C - 63°C - 60°C - 71°C - 73°C | Throttling: None - None - None - None - None - None - None - None
712 (782852 Gflops/s) - 714 (785051 Gflops/s) - 683 (750966 Gflops/s) - 700 (769658 Gflops/s) - 701 (770757 Gflops/s) - 706 (776255 Gflops/s) - 689 (757563 Gflops/s) - 697 (766359 Gflops/s) | Temperatures: 60°C - 61°C - 71°C - 71°C - 63°C - 60°C - 71°C - 73°C | Throttling: None - None - None - None - None - None - None - None
710 (780653 Gflops/s) - 714 (785051 Gflops/s) - 682 (749866 Gflops/s) - 700 (769658 Gflops/s) - 702 (771857 Gflops/s) - 706 (776255 Gflops/s) - 688 (756463 Gflops/s) - 698 (767459 Gflops/s) | Temperatures: 60°C - 61°C - 71°C - 71°C - 63°C - 60°C - 71°C - 73°C | Throttling: None - None - None - None - None - None - None - None
709 (779553 Gflops/s) - 714 (785051 Gflops/s) - 682 (749866 Gflops/s) - 700 (769658 Gflops/s) - 701 (770757 Gflops/s) - 705 (775155 Gflops/s) - 687 (755364 Gflops/s) - 697 (766359 Gflops/s) | Temperatures: 59°C - 61°C - 71°C - 71°C - 63°C - 60°C - 71°C - 73°C | Throttling: None - None - None - None - None - None - None - None
712 (782852 Gflops/s) - 714 (785051 Gflops/s) - 682 (749866 Gflops/s) - 700 (769658 Gflops/s) - 702 (771857 Gflops/s) - 705 (775155 Gflops/s) - 692 (760862 Gflops/s) - 697 (766359 Gflops/s) | Temperatures: 60°C - 61°C - 71°C - 71°C - 63°C - 60°C - 71°C - 73°C | Throttling: None - None - None - None - None - None - None - None
711 (781752 Gflops/s) - 714 (785051 Gflops/s) - 682 (749866 Gflops/s) - 700 (769658 Gflops/s) - 703 (772956 Gflops/s) - 705 (775155 Gflops/s) - 686 (754264 Gflops/s) - 697 (766359 Gflops/s) | Temperatures: 60°C - 61°C - 71°C - 71°C - 63°C - 60°C - 71°C - 73°C | Throttling: None - None - None - None - None - None - None - None
710 (780653 Gflops/s) - 727 (799344 Gflops/s) - 682 (749866 Gflops/s) - 700 (769658 Gflops/s) - 702 (771857 Gflops/s) - 704 (774056 Gflops/s) - 695 (764160 Gflops/s) - 697 (766359 Gflops/s) | Temperatures: 59°C - 61°C - 71°C - 71°C - 63°C - 60°C - 71°C - 73°C | Throttling: None - None - None - None - None - None - None - None
710 (780653 Gflops/s) - 701 (770757 Gflops/s) - 681 (748767 Gflops/s) - 700 (769658 Gflops/s) - 701 (770757 Gflops/s) - 706 (776255 Gflops/s) - 699 (768558 Gflops/s) - 697 (766359 Gflops/s) | Temperatures: 60°C - 61°C - 71°C - 71°C - 62°C - 60°C - 71°C - 73°C | Throttling: None - None - None - None - None - None - None - None
711 (781752 Gflops/s) - 713 (783951 Gflops/s) - 682 (749866 Gflops/s) - 701 (770757 Gflops/s) - 702 (771857 Gflops/s) - 705 (775155 Gflops/s) - 699 (768558 Gflops/s) - 698 (767459 Gflops/s) | Temperatures: 59°C - 61°C - 71°C - 71°C - 63°C - 60°C - 71°C - 73°C | Throttling: None - None - None - None - None - None - None - None
710 (780653 Gflops/s) - 714 (785051 Gflops/s) - 682 (749866 Gflops/s) - 699 (768558 Gflops/s) - 701 (770757 Gflops/s) - 705 (775155 Gflops/s) - 697 (766359 Gflops/s) - 697 (766359 Gflops/s) | Temperatures: 60°C - 61°C - 71°C - 71°C - 63°C - 60°C - 71°C - 73°C | Throttling: None - None - None - None - None - None - None - None
712 (782852 Gflops/s) - 714 (785051 Gflops/s) - 682 (749866 Gflops/s) - 701 (770757 Gflops/s) - 702 (771857 Gflops/s) - 706 (776255 Gflops/s) - 698 (767459 Gflops/s) - 697 (766359 Gflops/s) | Temperatures: 60°C - 61°C - 71°C - 71°C - 62°C - 60°C - 71°C - 73°C | Throttling: None - None - None - None - None - None - None - None
709 (779553 Gflops/s) - 713 (783951 Gflops/s) - 681 (748767 Gflops/s) - 699 (768558 Gflops/s) - 701 (770757 Gflops/s) - 719 (790548 Gflops/s) - 696 (765260 Gflops/s) - 708 (778454 Gflops/s) | Temperatures: 59°C - 61°C - 71°C - 71°C - 62°C - 60°C - 71°C - 73°C | Throttling: None - None - None - None - None - None - None - None
711 (781752 Gflops/s) - 715 (786150 Gflops/s) - 682 (749866 Gflops/s) - 700 (769658 Gflops/s) - 702 (771857 Gflops/s) - 691 (759762 Gflops/s) - 698 (767459 Gflops/s) - 686 (754264 Gflops/s) | Temperatures: 60°C - 61°C - 71°C - 71°C - 63°C - 60°C - 71°C - 73°C | Throttling: None - None - None - None - None - None - None - None
711 (781752 Gflops/s) - 714 (785051 Gflops/s) - 682 (749866 Gflops/s) - 701 (770757 Gflops/s) - 702 (771857 Gflops/s) - 705 (775155 Gflops/s) - 697 (766359 Gflops/s) - 697 (766359 Gflops/s) | Temperatures: 59°C - 61°C - 71°C - 71°C - 62°C - 60°C - 71°C - 73°C | Throttling: None - None - None - None - None - None - None - None
710 (780653 Gflops/s) - 714 (785051 Gflops/s) - 682 (749866 Gflops/s) - 700 (769658 Gflops/s) - 701 (770757 Gflops/s) - 705 (775155 Gflops/s) - 697 (766359 Gflops/s) - 696 (765260 Gflops/s) | Temperatures: 60°C - 61°C - 71°C - 71°C - 62°C - 60°C - 71°C - 73°C | Throttling: None - None - None - None - None - None - None - None
710 (780653 Gflops/s) - 713 (783951 Gflops/s) - 681 (748767 Gflops/s) - 700 (769658 Gflops/s) - 702 (771857 Gflops/s) - 705 (775155 Gflops/s) - 697 (766359 Gflops/s) - 697 (766359 Gflops/s) | Temperatures: 60°C - 61°C - 71°C - 71°C - 63°C - 60°C - 71°C - 73°C | Throttling: None - None - None - None - None - None - None - None
711 (781752 Gflops/s) - 714 (785051 Gflops/s) - 682 (749866 Gflops/s) - 700 (769658 Gflops/s) - 701 (770757 Gflops/s) - 705 (775155 Gflops/s) - 697 (766359 Gflops/s) - 697 (766359 Gflops/s) | Temperatures: 59°C - 61°C - 71°C - 71°C - 62°C - 60°C - 71°C - 73°C | Throttling: None - None - None - None - None - None - None - None
711 (781752 Gflops/s) - 714 (785051 Gflops/s) - 682 (749866 Gflops/s) - 700 (769658 Gflops/s) - 702 (771857 Gflops/s) - 706 (776255 Gflops/s) - 697 (766359 Gflops/s) - 697 (766359 Gflops/s) | Temperatures: 59°C - 61°C - 71°C - 71°C - 62°C - 60°C - 71°C - 73°C | Throttling: None - None - None - None - None - None - None - None
710 (780653 Gflops/s) - 713 (783951 Gflops/s) - 681 (748767 Gflops/s) - 700 (769658 Gflops/s) - 701 (770757 Gflops/s) - 704 (774056 Gflops/s) - 697 (766359 Gflops/s) - 697 (766359 Gflops/s) | Temperatures: 59°C - 61°C - 71°C - 71°C - 62°C - 60°C - 71°C - 73°C | Throttling: None - None - None - None - None - None - None - None
710 (780653 Gflops/s) - 714 (785051 Gflops/s) - 682 (749866 Gflops/s) - 700 (769658 Gflops/s) - 703 (772956 Gflops/s) - 706 (776255 Gflops/s) - 697 (766359 Gflops/s) - 697 (766359 Gflops/s) | Temperatures: 59°C - 61°C - 71°C - 70°C - 62°C - 60°C - 71°C - 73°C | Throttling: None - None - None - None - None - None - None - None
712 (782852 Gflops/s) - 713 (783951 Gflops/s) - 681 (748767 Gflops/s) - 700 (769658 Gflops/s) - 701 (770757 Gflops/s) - 705 (775155 Gflops/s) - 698 (767459 Gflops/s) - 697 (766359 Gflops/s) | Temperatures: 60°C - 61°C - 71°C - 71°C - 62°C - 60°C - 71°C - 73°C | Throttling: None - None - None - None - None - None - None - None
710 (780653 Gflops/s) - 714 (785051 Gflops/s) - 682 (749866 Gflops/s) - 699 (768558 Gflops/s) - 702 (771857 Gflops/s) - 705 (775155 Gflops/s) - 696 (765260 Gflops/s) - 697 (766359 Gflops/s) | Temperatures: 60°C - 61°C - 71°C - 71°C - 62°C - 60°C - 71°C - 73°C | Throttling: None - None - None - None - None - None - None - None
712 (782852 Gflops/s) - 715 (786150 Gflops/s) - 682 (749866 Gflops/s) - 700 (769658 Gflops/s) - 702 (771857 Gflops/s) - 705 (775155 Gflops/s) - 696 (765260 Gflops/s) - 696 (765260 Gflops/s) | Temperatures: 60°C - 61°C - 71°C - 71°C - 62°C - 60°C - 71°C - 73°C | Throttling: None - None - None - None - None - None - None - None
711 (781752 Gflops/s) - 714 (785051 Gflops/s) - 682 (749866 Gflops/s) - 700 (769658 Gflops/s) - 702 (771857 Gflops/s) - 705 (775155 Gflops/s) - 697 (766359 Gflops/s) - 698 (767459 Gflops/s) | Temperatures: 60°C - 61°C - 71°C - 71°C - 63°C - 60°C - 71°C - 73°C | Throttling: None - None - None - None - None - None - None - None
710 (780653 Gflops/s) - 713 (783951 Gflops/s) - 682 (749866 Gflops/s) - 700 (769658 Gflops/s) - 702 (771857 Gflops/s) - 706 (776255 Gflops/s) - 697 (766359 Gflops/s) - 697 (766359 Gflops/s) | Temperatures: 59°C - 61°C - 71°C - 71°C - 62°C - 60°C - 71°C - 73°C | Throttling: None - None - None - None - None - None - None - None
711 (781752 Gflops/s) - 714 (785051 Gflops/s) - 682 (749866 Gflops/s) - 700 (769658 Gflops/s) - 702 (771857 Gflops/s) - 704 (774056 Gflops/s) - 696 (765260 Gflops/s) - 697 (766359 Gflops/s) | Temperatures: 60°C - 61°C - 71°C - 70°C - 62°C - 60°C - 71°C - 73°C | Throttling: None - None - None - None - None - None - None - None
712 (782852 Gflops/s) - 714 (785051 Gflops/s) - 682 (749866 Gflops/s) - 700 (769658 Gflops/s) - 702 (771857 Gflops/s) - 705 (775155 Gflops/s) - 698 (767459 Gflops/s) - 696 (765260 Gflops/s) | Temperatures: 60°C - 61°C - 71°C - 71°C - 62°C - 60°C - 71°C - 73°C | Throttling: None - None - None - None - None - None - None - None
711 (781752 Gflops/s) - 714 (785051 Gflops/s) - 681 (748767 Gflops/s) - 699 (768558 Gflops/s) - 701 (770757 Gflops/s) - 705 (775155 Gflops/s) - 696 (765260 Gflops/s) - 697 (766359 Gflops/s) | Temperatures: 60°C - 61°C - 71°C - 71°C - 62°C - 60°C - 71°C - 73°C | Throttling: None - None - None - None - None - None - None - None
710 (780653 Gflops/s) - 714 (785051 Gflops/s) - 683 (750966 Gflops/s) - 700 (769658 Gflops/s) - 702 (771857 Gflops/s) - 706 (776255 Gflops/s) - 698 (767459 Gflops/s) - 698 (767459 Gflops/s) | Temperatures: 60°C - 61°C - 71°C - 71°C - 62°C - 60°C - 71°C - 73°C | Throttling: None - None - None - None - None - None - None - None
711 (781752 Gflops/s) - 713 (783951 Gflops/s) - 681 (748767 Gflops/s) - 700 (769658 Gflops/s) - 701 (770757 Gflops/s) - 705 (775155 Gflops/s) - 696 (765260 Gflops/s) - 696 (765260 Gflops/s) | Temperatures: 59°C - 60°C - 71°C - 71°C - 62°C - 60°C - 71°C - 73°C | Throttling: None - None - None - None - None - None - None - None
712 (782852 Gflops/s) - 715 (786150 Gflops/s) - 683 (750966 Gflops/s) - 701 (770757 Gflops/s) - 702 (771857 Gflops/s) - 706 (776255 Gflops/s) - 698 (767459 Gflops/s) - 698 (767459 Gflops/s) | Temperatures: 59°C - 61°C - 71°C - 71°C - 62°C - 60°C - 71°C - 73°C | Throttling: None - None - None - None - None - None - None - None
710 (780653 Gflops/s) - 713 (783951 Gflops/s) - 682 (749866 Gflops/s) - 700 (769658 Gflops/s) - 701 (770757 Gflops/s) - 704 (774056 Gflops/s) - 696 (765260 Gflops/s) - 696 (765260 Gflops/s) | Temperatures: 60°C - 61°C - 71°C - 70°C - 62°C - 60°C - 71°C - 73°C | Throttling: None - None - None - None - None - None - None - None
711 (781752 Gflops/s) - 714 (785051 Gflops/s) - 682 (749866 Gflops/s) - 700 (769658 Gflops/s) - 702 (771857 Gflops/s) - 706 (776255 Gflops/s) - 697 (766359 Gflops/s) - 697 (766359 Gflops/s) | Temperatures: 60°C - 61°C - 71°C - 71°C - 62°C - 60°C - 71°C - 73°C | Throttling: None - None - None - None - None - None - None - None
710 (780653 Gflops/s) - 714 (785051 Gflops/s) - 682 (749866 Gflops/s) - 700 (769658 Gflops/s) - 701 (770757 Gflops/s) - 705 (775155 Gflops/s) - 699 (768558 Gflops/s) - 697 (766359 Gflops/s) | Temperatures: 60°C - 61°C - 71°C - 70°C - 62°C - 60°C - 71°C - 73°C | Throttling: None - None - None - None - None - None - None - None
711 (781752 Gflops/s) - 714 (785051 Gflops/s) - 682 (749866 Gflops/s) - 701 (770757 Gflops/s) - 702 (771857 Gflops/s) - 706 (776255 Gflops/s) - 693 (761961 Gflops/s) - 697 (766359 Gflops/s) | Temperatures: 60°C - 61°C - 71°C - 71°C - 62°C - 60°C - 71°C - 73°C | Throttling: None - None - None - None - None - None - None - None
711 (781752 Gflops/s) - 714 (785051 Gflops/s) - 682 (749866 Gflops/s) - 700 (769658 Gflops/s) - 702 (771857 Gflops/s) - 705 (775155 Gflops/s) - 696 (765260 Gflops/s) - 697 (766359 Gflops/s) | Temperatures: 59°C - 61°C - 71°C - 70°C - 62°C - 60°C - 71°C - 73°C | Throttling: None - None - None - None - None - None - None - None
710 (780653 Gflops/s) - 713 (783951 Gflops/s) - 682 (749866 Gflops/s) - 699 (768558 Gflops/s) - 702 (771857 Gflops/s) - 704 (774056 Gflops/s) - 696 (765260 Gflops/s) - 696 (765260 Gflops/s) | Temperatures: 60°C - 61°C - 71°C - 71°C - 62°C - 60°C - 71°C - 73°C | Throttling: None - None - None - None - None - None - None - None
707 (777354 Gflops/s) - 712 (782852 Gflops/s) - 679 (746568 Gflops/s) - 698 (767459 Gflops/s) - 700 (769658 Gflops/s) - 703 (772956 Gflops/s) - 694 (763061 Gflops/s) - 695 (764160 Gflops/s) | Temperatures: 60°C - 61°C - 71°C - 71°C - 62°C - 60°C - 71°C - 73°C | Throttling: None - None - None - None - None - None - None - None
700 (769658 Gflops/s) - 703 (772956 Gflops/s) - 672 (738871 Gflops/s) - 690 (758663 Gflops/s) - 690 (758663 Gflops/s) - 695 (764160 Gflops/s) - 686 (754264 Gflops/s) - 687 (755364 Gflops/s) | Temperatures: 60°C - 61°C - 71°C - 71°C - 62°C - 60°C - 71°C - 73°C | Throttling: None - None - None - None - None - None - None - None
701 (770757 Gflops/s) - 704 (774056 Gflops/s) - 671 (737772 Gflops/s) - 690 (758663 Gflops/s) - 692 (760862 Gflops/s) - 694 (763061 Gflops/s) - 687 (755364 Gflops/s) - 686 (754264 Gflops/s) | Temperatures: 60°C - 61°C - 71°C - 71°C - 62°C - 60°C - 71°C - 73°C | Throttling: None - None - None - None - None - None - None - None
699 (768558 Gflops/s) - 703 (772956 Gflops/s) - 672 (738871 Gflops/s) - 690 (758663 Gflops/s) - 691 (759762 Gflops/s) - 695 (764160 Gflops/s) - 687 (755364 Gflops/s) - 686 (754264 Gflops/s) | Temperatures: 59°C - 60°C - 71°C - 71°C - 62°C - 60°C - 71°C - 73°C | Throttling: None - None - None - None - None - None - None - None
700 (769658 Gflops/s) - 703 (772956 Gflops/s) - 671 (737772 Gflops/s) - 690 (758663 Gflops/s) - 691 (759762 Gflops/s) - 695 (764160 Gflops/s) - 687 (755364 Gflops/s) - 687 (755364 Gflops/s) | Temperatures: 60°C - 61°C - 71°C - 71°C - 62°C - 60°C - 71°C - 73°C | Throttling: None - None - None - None - None - None - None - None
700 (769658 Gflops/s) - 703 (772956 Gflops/s) - 672 (738871 Gflops/s) - 690 (758663 Gflops/s) - 692 (760862 Gflops/s) - 694 (763061 Gflops/s) - 686 (754264 Gflops/s) - 686 (754264 Gflops/s) | Temperatures: 60°C - 61°C - 71°C - 71°C - 62°C - 60°C - 71°C - 73°C | Throttling: None - None - None - None - None - None - None - None
709 (779553 Gflops/s) - 703 (772956 Gflops/s) - 671 (737772 Gflops/s) - 695 (764160 Gflops/s) - 691 (759762 Gflops/s) - 695 (764160 Gflops/s) - 687 (755364 Gflops/s) - 686 (754264 Gflops/s) | Temperatures: 59°C - 60°C - 71°C - 71°C - 62°C - 60°C - 71°C - 73°C | Throttling: None - None - None - None - None - None - None - None
691 (759762 Gflops/s) - 704 (774056 Gflops/s) - 672 (738871 Gflops/s) - 685 (753165 Gflops/s) - 691 (759762 Gflops/s) - 695 (764160 Gflops/s) - 686 (754264 Gflops/s) - 688 (756463 Gflops/s) | Temperatures: 59°C - 61°C - 71°C - 71°C - 62°C - 60°C - 71°C - 73°C | Throttling: None - None - None - None - None - None - None - None
700 (769658 Gflops/s) - 703 (772956 Gflops/s) - 672 (738871 Gflops/s) - 689 (757563 Gflops/s) - 692 (760862 Gflops/s) - 695 (764160 Gflops/s) - 686 (754264 Gflops/s) - 686 (754264 Gflops/s) | Temperatures: 60°C - 61°C - 71°C - 70°C - 62°C - 60°C - 71°C - 73°C | Throttling: None - None - None - None - None - None - None - None
701 (770757 Gflops/s) - 703 (772956 Gflops/s) - 672 (738871 Gflops/s) - 690 (758663 Gflops/s) - 691 (759762 Gflops/s) - 695 (764160 Gflops/s) - 687 (755364 Gflops/s) - 687 (755364 Gflops/s) | Temperatures: 60°C - 61°C - 71°C - 71°C - 62°C - 60°C - 71°C - 73°C | Throttling: None - None - None - None - None - None - None - None
695 (764160 Gflops/s) - 698 (767459 Gflops/s) - 667 (733374 Gflops/s) - 685 (753165 Gflops/s) - 686 (754264 Gflops/s) - 689 (757563 Gflops/s) - 682 (749866 Gflops/s) - 682 (749866 Gflops/s) | Temperatures: 60°C - 61°C - 71°C - 71°C - 62°C - 60°C - 71°C - 73°C | Throttling: None - None - None - None - None - None - None - None
666 (732274 Gflops/s) - 670 (736672 Gflops/s) - 640 (703687 Gflops/s) - 657 (722379 Gflops/s) - 658 (723478 Gflops/s) - 662 (727876 Gflops/s) - 654 (719080 Gflops/s) - 654 (719080 Gflops/s) | Temperatures: 59°C - 60°C - 71°C - 71°C - 62°C - 60°C - 71°C - 73°C | Throttling: None - None - None - None - None - None - None - None
623 (684995 Gflops/s) - 626 (688294 Gflops/s) - 597 (656408 Gflops/s) - 613 (674000 Gflops/s) - 616 (677299 Gflops/s) - 617 (678398 Gflops/s) - 610 (670702 Gflops/s) - 611 (671801 Gflops/s) | Temperatures: 59°C - 60°C - 71°C - 71°C - 62°C - 60°C - 71°C - 73°C | Throttling: None - None - None - None - None - None - None - None
661 (726777 Gflops/s) - 663 (728976 Gflops/s) - 634 (697090 Gflops/s) - 652 (716881 Gflops/s) - 652 (716881 Gflops/s) - 656 (721279 Gflops/s) - 647 (711384 Gflops/s) - 647 (711384 Gflops/s) | Temperatures: 60°C - 61°C - 71°C - 71°C - 62°C - 60°C - 71°C - 73°C | Throttling: None - None - None - None - None - None - None - None
652 (716881 Gflops/s) - 655 (720180 Gflops/s) - 626 (688294 Gflops/s) - 642 (705886 Gflops/s) - 645 (709184 Gflops/s) - 647 (711384 Gflops/s) - 641 (704786 Gflops/s) - 640 (703687 Gflops/s) | Temperatures: 59°C - 61°C - 71°C - 71°C - 62°C - 60°C - 71°C - 73°C | Throttling: None - None - None - None - None - None - None - None
622 (683896 Gflops/s) - 625 (687194 Gflops/s) - 596 (655308 Gflops/s) - 612 (672901 Gflops/s) - 614 (675100 Gflops/s) - 618 (679498 Gflops/s) - 609 (669602 Gflops/s) - 610 (670702 Gflops/s) | Temperatures: 59°C - 61°C - 71°C - 70°C - 62°C - 60°C - 71°C - 73°C | Throttling: None - None - None - None - None - None - None - None
657 (722379 Gflops/s) - 660 (725677 Gflops/s) - 631 (693791 Gflops/s) - 648 (712483 Gflops/s) - 650 (714682 Gflops/s) - 652 (716881 Gflops/s) - 644 (708085 Gflops/s) - 644 (708085 Gflops/s) | Temperatures: 59°C - 60°C - 71°C - 70°C - 62°C - 60°C - 71°C - 73°C | Throttling: None - None - None - None - None - None - None - None
651 (715782 Gflops/s) - 655 (720180 Gflops/s) - 626 (688294 Gflops/s) - 642 (705886 Gflops/s) - 645 (709184 Gflops/s) - 647 (711384 Gflops/s) - 639 (702587 Gflops/s) - 639 (702587 Gflops/s) | Temperatures: 60°C - 61°C - 71°C - 71°C - 62°C - 60°C - 71°C - 73°C | Throttling: None - None - None - None - None - None - None - None
636 (699289 Gflops/s) - 640 (703687 Gflops/s) - 610 (670702 Gflops/s) - 627 (689393 Gflops/s) - 628 (690493 Gflops/s) - 631 (693791 Gflops/s) - 624 (686095 Gflops/s) - 625 (687194 Gflops/s) | Temperatures: 60°C - 61°C - 71°C - 71°C - 62°C - 60°C - 71°C - 73°C | Throttling: None - None - None - None - None - None - None - None
650 (714682 Gflops/s) - 652 (716881 Gflops/s) - 623 (684995 Gflops/s) - 639 (702587 Gflops/s) - 641 (704786 Gflops/s) - 644 (708085 Gflops/s) - 636 (699289 Gflops/s) - 637 (700388 Gflops/s) | Temperatures: 60°C - 61°C - 71°C - 70°C - 62°C - 60°C - 71°C - 73°C | Throttling: None - None - None - None - None - None - None - None
631 (693791 Gflops/s) - 635 (698189 Gflops/s) - 606 (666304 Gflops/s) - 622 (683896 Gflops/s) - 624 (686095 Gflops/s) - 627 (689393 Gflops/s) - 620 (681697 Gflops/s) - 619 (680597 Gflops/s) | Temperatures: 59°C - 61°C - 71°C - 71°C - 62°C - 60°C - 71°C - 73°C | Throttling: None - None - None - None - None - None - None - None
670 (736672 Gflops/s) - 664 (730075 Gflops/s) - 634 (697090 Gflops/s) - 651 (715782 Gflops/s) - 652 (716881 Gflops/s) - 656 (721279 Gflops/s) - 647 (711384 Gflops/s) - 648 (712483 Gflops/s) | Temperatures: 60°C - 61°C - 71°C - 71°C - 62°C - 60°C - 71°C - 73°C | Throttling: None - None - None - None - None - None - None - None
643 (706985 Gflops/s) - 655 (720180 Gflops/s) - 625 (687194 Gflops/s) - 642 (705886 Gflops/s) - 644 (708085 Gflops/s) - 647 (711384 Gflops/s) - 640 (703687 Gflops/s) - 640 (703687 Gflops/s) | Temperatures: 60°C - 61°C - 71°C - 71°C - 62°C - 60°C - 71°C - 73°C | Throttling: None - None - None - None - None - None - None - None
622 (683896 Gflops/s) - 625 (687194 Gflops/s) - 597 (656408 Gflops/s) - 614 (675100 Gflops/s) - 615 (676199 Gflops/s) - 618 (679498 Gflops/s) - 610 (670702 Gflops/s) - 611 (671801 Gflops/s) | Temperatures: 59°C - 61°C - 71°C - 71°C - 62°C - 60°C - 71°C - 73°C | Throttling: None - None - None - None - None - None - None - None
657 (722379 Gflops/s) - 659 (724578 Gflops/s) - 629 (691592 Gflops/s) - 646 (710284 Gflops/s) - 647 (711384 Gflops/s) - 652 (716881 Gflops/s) - 644 (708085 Gflops/s) - 644 (708085 Gflops/s) | Temperatures: 59°C - 60°C - 71°C - 71°C - 62°C - 60°C - 71°C - 73°C | Throttling: None - None - None - None - None - None - None - None
652 (716881 Gflops/s) - 655 (720180 Gflops/s) - 626 (688294 Gflops/s) - 643 (706985 Gflops/s) - 645 (709184 Gflops/s) - 647 (711384 Gflops/s) - 639 (702587 Gflops/s) - 639 (702587 Gflops/s) | Temperatures: 59°C - 60°C - 71°C - 70°C - 62°C - 60°C - 71°C - 73°C | Throttling: None - None - None - None - None - None - None - None
638 (701488 Gflops/s) - 640 (703687 Gflops/s) - 611 (671801 Gflops/s) - 627 (689393 Gflops/s) - 629 (691592 Gflops/s) - 632 (694891 Gflops/s) - 624 (686095 Gflops/s) - 625 (687194 Gflops/s) | Temperatures: 60°C - 61°C - 71°C - 70°C - 62°C - 60°C - 71°C - 73°C | Throttling: None - None - None - None - None - None - None - None
673 (739971 Gflops/s) - 678 (745468 Gflops/s) - 647 (711384 Gflops/s) - 665 (731175 Gflops/s) - 676 (743269 Gflops/s) - 669 (735573 Gflops/s) - 661 (726777 Gflops/s) - 662 (727876 Gflops/s) | Temperatures: 60°C - 61°C - 71°C - 71°C - 62°C - 60°C - 71°C - 73°C | Throttling: None - None - None - None - None - None - None - None
700 (769658 Gflops/s) - 704 (774056 Gflops/s) - 671 (737772 Gflops/s) - 690 (758663 Gflops/s) - 682 (749866 Gflops/s) - 695 (764160 Gflops/s) - 687 (755364 Gflops/s) - 687 (755364 Gflops/s) | Temperatures: 59°C - 60°C - 71°C - 71°C - 62°C - 60°C - 71°C - 73°C | Throttling: None - None - None - None - None - None - None - None
701 (770757 Gflops/s) - 704 (774056 Gflops/s) - 672 (738871 Gflops/s) - 690 (758663 Gflops/s) - 691 (759762 Gflops/s) - 696 (765260 Gflops/s) - 687 (755364 Gflops/s) - 687 (755364 Gflops/s) | Temperatures: 60°C - 61°C - 71°C - 71°C - 62°C - 60°C - 71°C - 73°C | Throttling: None - None - None - None - None - None - None - None
700 (769658 Gflops/s) - 703 (772956 Gflops/s) - 672 (738871 Gflops/s) - 689 (757563 Gflops/s) - 691 (759762 Gflops/s) - 694 (763061 Gflops/s) - 685 (753165 Gflops/s) - 687 (755364 Gflops/s) | Temperatures: 59°C - 61°C - 71°C - 71°C - 62°C - 60°C - 71°C - 73°C | Throttling: None - None - None - None - None - None - None - None
700 (769658 Gflops/s) - 704 (774056 Gflops/s) - 673 (739971 Gflops/s) - 690 (758663 Gflops/s) - 691 (759762 Gflops/s) - 695 (764160 Gflops/s) - 687 (755364 Gflops/s) - 686 (754264 Gflops/s) | Temperatures: 59°C - 61°C - 71°C - 71°C - 62°C - 60°C - 71°C - 73°C | Throttling: None - None - None - None - None - None - None - None
700 (769658 Gflops/s) - 703 (772956 Gflops/s) - 672 (738871 Gflops/s) - 690 (758663 Gflops/s) - 692 (760862 Gflops/s) - 695 (764160 Gflops/s) - 686 (754264 Gflops/s) - 688 (756463 Gflops/s) | Temperatures: 59°C - 60°C - 71°C - 71°C - 62°C - 60°C - 71°C - 73°C | Throttling: None - None - None - None - None - None - None - None
701 (770757 Gflops/s) - 702 (771857 Gflops/s) - 672 (738871 Gflops/s) - 690 (758663 Gflops/s) - 692 (760862 Gflops/s) - 696 (765260 Gflops/s) - 687 (755364 Gflops/s) - 687 (755364 Gflops/s) | Temperatures: 60°C - 60°C - 71°C - 71°C - 62°C - 60°C - 71°C - 73°C | Throttling: None - None - None - None - None - None - None - None
701 (770757 Gflops/s) - 704 (774056 Gflops/s) - 672 (738871 Gflops/s) - 690 (758663 Gflops/s) - 692 (760862 Gflops/s) - 695 (764160 Gflops/s) - 686 (754264 Gflops/s) - 687 (755364 Gflops/s) | Temperatures: 60°C - 60°C - 71°C - 71°C - 62°C - 60°C - 71°C - 73°C | Throttling: None - None - None - None - None - None - None - None
701 (770757 Gflops/s) - 704 (774056 Gflops/s) - 672 (738871 Gflops/s) - 690 (758663 Gflops/s) - 692 (760862 Gflops/s) - 695 (764160 Gflops/s) - 687 (755364 Gflops/s) - 687 (755364 Gflops/s) | Temperatures: 59°C - 61°C - 71°C - 71°C - 62°C - 60°C - 71°C - 73°C | Throttling: None - None - None - None - None - None - None - None
668 (734473 Gflops/s) - 671 (737772 Gflops/s) - 641 (704786 Gflops/s) - 658 (723478 Gflops/s) - 660 (725677 Gflops/s) - 663 (728976 Gflops/s) - 654 (719080 Gflops/s) - 655 (720180 Gflops/s) | Temperatures: 59°C - 60°C - 71°C - 71°C - 62°C - 60°C - 71°C - 73°C | Throttling: None - None - None - None - None - None - None - None
663 (728976 Gflops/s) - 665 (731175 Gflops/s) - 635 (698189 Gflops/s) - 652 (716881 Gflops/s) - 653 (717981 Gflops/s) - 657 (722379 Gflops/s) - 649 (713583 Gflops/s) - 650 (714682 Gflops/s) | Temperatures: 60°C - 60°C - 71°C - 71°C - 62°C - 60°C - 71°C - 73°C | Throttling: None - None - None - None - None - None - None - None
677 (744369 Gflops/s) - 681 (748767 Gflops/s) - 651 (715782 Gflops/s) - 667 (733374 Gflops/s) - 669 (735573 Gflops/s) - 672 (738871 Gflops/s) - 664 (730075 Gflops/s) - 664 (730075 Gflops/s) | Temperatures: 59°C - 61°C - 71°C - 71°C - 62°C - 60°C - 71°C - 73°C | Throttling: None - None - None - None - None - None - None - None
646 (710284 Gflops/s) - 648 (712483 Gflops/s) - 619 (680597 Gflops/s) - 636 (699289 Gflops/s) - 638 (701488 Gflops/s) - 641 (704786 Gflops/s) - 633 (695990 Gflops/s) - 634 (697090 Gflops/s) | Temperatures: 59°C - 60°C - 71°C - 71°C - 62°C - 60°C - 71°C - 73°C | Throttling: None - None - None - None - None - None - None - None
660 (725677 Gflops/s) - 664 (730075 Gflops/s) - 635 (698189 Gflops/s) - 650 (714682 Gflops/s) - 653 (717981 Gflops/s) - 656 (721279 Gflops/s) - 647 (711384 Gflops/s) - 648 (712483 Gflops/s) | Temperatures: 60°C - 60°C - 71°C - 70°C - 62°C - 60°C - 71°C - 73°C | Throttling: None - None - None - None - None - None - None - None
684 (752065 Gflops/s) - 687 (755364 Gflops/s) - 656 (721279 Gflops/s) - 674 (741070 Gflops/s) - 675 (742170 Gflops/s) - 689 (757563 Gflops/s) - 670 (736672 Gflops/s) - 671 (737772 Gflops/s) | Temperatures: 60°C - 61°C - 71°C - 71°C - 62°C - 60°C - 71°C - 73°C | Throttling: None - None - None - None - None - None - None - None
639 (702587 Gflops/s) - 641 (704786 Gflops/s) - 612 (672901 Gflops/s) - 629 (691592 Gflops/s) - 630 (692692 Gflops/s) - 623 (684995 Gflops/s) - 642 (705886 Gflops/s) - 625 (687194 Gflops/s) | Temperatures: 60°C - 61°C - 71°C - 71°C - 62°C - 60°C - 71°C - 73°C | Throttling: None - None - None - None - None - None - None - None
662 (727876 Gflops/s) - 664 (730075 Gflops/s) - 635 (698189 Gflops/s) - 652 (716881 Gflops/s) - 654 (719080 Gflops/s) - 658 (723478 Gflops/s) - 632 (694891 Gflops/s) - 651 (715782 Gflops/s) | Temperatures: 59°C - 60°C - 71°C - 71°C - 62°C - 60°C - 71°C - 73°C | Throttling: None - None - None - None - None - None - None - None
662 (727876 Gflops/s) - 670 (736672 Gflops/s) - 635 (698189 Gflops/s) - 651 (715782 Gflops/s) - 653 (717981 Gflops/s) - 657 (722379 Gflops/s) - 649 (713583 Gflops/s) - 650 (714682 Gflops/s) | Temperatures: 60°C - 60°C - 71°C - 71°C - 62°C - 60°C - 71°C - 73°C | Throttling: None - None - None - None - None - None - None - None
661 (726777 Gflops/s) - 660 (725677 Gflops/s) - 635 (698189 Gflops/s) - 651 (715782 Gflops/s) - 654 (719080 Gflops/s) - 656 (721279 Gflops/s) - 649 (713583 Gflops/s) - 648 (712483 Gflops/s) | Temperatures: 59°C - 60°C - 71°C - 71°C - 62°C - 60°C - 71°C - 73°C | Throttling: None - None - None - None - None - None - None - None
679 (746568 Gflops/s) - 681 (748767 Gflops/s) - 651 (715782 Gflops/s) - 668 (734473 Gflops/s) - 669 (735573 Gflops/s) - 674 (741070 Gflops/s) - 665 (731175 Gflops/s) - 667 (733374 Gflops/s) | Temperatures: 60°C - 61°C - 71°C - 70°C - 62°C - 60°C - 71°C - 73°C | Throttling: None - None - None - None - None - None - None - None
644 (708085 Gflops/s) - 647 (711384 Gflops/s) - 618 (679498 Gflops/s) - 634 (697090 Gflops/s) - 636 (699289 Gflops/s) - 639 (702587 Gflops/s) - 631 (693791 Gflops/s) - 632 (694891 Gflops/s) | Temperatures: 59°C - 61°C - 71°C - 71°C - 62°C - 60°C - 71°C - 73°C | Throttling: None - None - None - None - None - None - None - None
661 (726777 Gflops/s) - 664 (730075 Gflops/s) - 636 (699289 Gflops/s) - 652 (716881 Gflops/s) - 653 (717981 Gflops/s) - 665 (731175 Gflops/s) - 649 (713583 Gflops/s) - 649 (713583 Gflops/s) | Temperatures: 59°C - 60°C - 71°C - 71°C - 62°C - 60°C - 71°C - 73°C | Throttling: None - None - None - None - None - None - None - None
683 (750966 Gflops/s) - 688 (756463 Gflops/s) - 656 (721279 Gflops/s) - 673 (739971 Gflops/s) - 677 (744369 Gflops/s) - 670 (736672 Gflops/s) - 670 (736672 Gflops/s) - 671 (737772 Gflops/s) | Temperatures: 59°C - 60°C - 71°C - 71°C - 62°C - 60°C - 71°C - 73°C | Throttling: None - None - None - None - None - None - None - None
639 (702587 Gflops/s) - 642 (705886 Gflops/s) - 613 (674000 Gflops/s) - 629 (691592 Gflops/s) - 630 (692692 Gflops/s) - 634 (697090 Gflops/s) - 626 (688294 Gflops/s) - 626 (688294 Gflops/s) | Temperatures: 59°C - 60°C - 71°C - 71°C - 62°C - 60°C - 71°C - 73°C | Throttling: None - None - None - None - None - None - None - None
674 (741070 Gflops/s) - 677 (744369 Gflops/s) - 646 (710284 Gflops/s) - 663 (728976 Gflops/s) - 675 (742170 Gflops/s) - 669 (735573 Gflops/s) - 659 (724578 Gflops/s) - 662 (727876 Gflops/s) | Temperatures: 59°C - 60°C - 71°C - 71°C - 62°C - 60°C - 71°C - 73°C | Throttling: None - None - None - None - None - None - None - None
648 (712483 Gflops/s) - 652 (716881 Gflops/s) - 623 (684995 Gflops/s) - 640 (703687 Gflops/s) - 632 (694891 Gflops/s) - 644 (708085 Gflops/s) - 637 (700388 Gflops/s) - 637 (700388 Gflops/s) | Temperatures: 59°C - 60°C - 71°C - 70°C - 62°C - 60°C - 71°C - 73°C | Throttling: None - None - None - None - None - None - None - None
663 (728976 Gflops/s) - 665 (731175 Gflops/s) - 636 (699289 Gflops/s) - 652 (716881 Gflops/s) - 654 (719080 Gflops/s) - 657 (722379 Gflops/s) - 648 (712483 Gflops/s) - 649 (713583 Gflops/s) | Temperatures: 59°C - 60°C - 71°C - 70°C - 62°C - 60°C - 71°C - 73°C | Throttling: None - None - None - None - None - None - None - None
678 (745468 Gflops/s) - 681 (748767 Gflops/s) - 651 (715782 Gflops/s) - 668 (734473 Gflops/s) - 670 (736672 Gflops/s) - 673 (739971 Gflops/s) - 664 (730075 Gflops/s) - 666 (732274 Gflops/s) | Temperatures: 59°C - 60°C - 71°C - 71°C - 62°C - 60°C - 71°C - 73°C | Throttling: None - None - None - None - None - None - None - None
646 (710284 Gflops/s) - 649 (713583 Gflops/s) - 618 (679498 Gflops/s) - 634 (697090 Gflops/s) - 637 (700388 Gflops/s) - 640 (703687 Gflops/s) - 632 (694891 Gflops/s) - 632 (694891 Gflops/s) | Temperatures: 60°C - 60°C - 71°C - 71°C - 62°C - 60°C - 71°C - 73°C | Throttling: None - None - None - None - None - None - None - None
662 (727876 Gflops/s) - 664 (730075 Gflops/s) - 635 (698189 Gflops/s) - 652 (716881 Gflops/s) - 653 (717981 Gflops/s) - 656 (721279 Gflops/s) - 649 (713583 Gflops/s) - 650 (714682 Gflops/s) | Temperatures: 59°C - 60°C - 71°C - 71°C - 62°C - 60°C - 71°C - 73°C | Throttling: None - None - None - None - None - None - None - None
684 (752065 Gflops/s) - 688 (756463 Gflops/s) - 656 (721279 Gflops/s) - 674 (741070 Gflops/s) - 675 (742170 Gflops/s) - 679 (746568 Gflops/s) - 670 (736672 Gflops/s) - 671 (737772 Gflops/s) | Temperatures: 59°C - 60°C - 71°C - 71°C - 62°C - 60°C - 71°C - 73°C | Throttling: None - None - None - None - None - None - None - None
638 (701488 Gflops/s) - 642 (705886 Gflops/s) - 612 (672901 Gflops/s) - 629 (691592 Gflops/s) - 631 (693791 Gflops/s) - 634 (697090 Gflops/s) - 625 (687194 Gflops/s) - 626 (688294 Gflops/s) | Temperatures: 59°C - 60°C - 71°C - 71°C - 62°C - 60°C - 71°C - 73°C | Throttling: None - None - None - None - None - None - None - None
675 (742170 Gflops/s) - 676 (743269 Gflops/s) - 646 (710284 Gflops/s) - 662 (727876 Gflops/s) - 664 (730075 Gflops/s) - 668 (734473 Gflops/s) - 659 (724578 Gflops/s) - 660 (725677 Gflops/s) | Temperatures: 59°C - 60°C - 71°C - 71°C - 62°C - 60°C - 71°C - 73°C | Throttling: None - None - None - None - None - None - None - None
650 (714682 Gflops/s) - 653 (717981 Gflops/s) - 624 (686095 Gflops/s) - 641 (704786 Gflops/s) - 642 (705886 Gflops/s) - 646 (710284 Gflops/s) - 637 (700388 Gflops/s) - 638 (701488 Gflops/s) | Temperatures: 60°C - 60°C - 71°C - 71°C - 62°C - 60°C - 71°C - 73°C | Throttling: None - None - None - None - None - None - None - None
663 (728976 Gflops/s) - 665 (731175 Gflops/s) - 635 (698189 Gflops/s) - 652 (716881 Gflops/s) - 655 (720180 Gflops/s) - 657 (722379 Gflops/s) - 648 (712483 Gflops/s) - 650 (714682 Gflops/s) | Temperatures: 59°C - 60°C - 71°C - 71°C - 62°C - 60°C - 71°C - 73°C | Throttling: None - None - None - None - None - None - None - None
678 (745468 Gflops/s) - 680 (747667 Gflops/s) - 650 (714682 Gflops/s) - 668 (734473 Gflops/s) - 668 (734473 Gflops/s) - 673 (739971 Gflops/s) - 664 (730075 Gflops/s) - 665 (731175 Gflops/s) | Temperatures: 59°C - 60°C - 71°C - 71°C - 62°C - 60°C - 71°C - 73°C | Throttling: None - None - None - None - None - None - None - None
644 (708085 Gflops/s) - 647 (711384 Gflops/s) - 619 (680597 Gflops/s) - 635 (698189 Gflops/s) - 636 (699289 Gflops/s) - 639 (702587 Gflops/s) - 630 (692692 Gflops/s) - 632 (694891 Gflops/s) | Temperatures: 59°C - 60°C - 71°C - 71°C - 62°C - 60°C - 71°C - 73°C | Throttling: None - None - None - None - None - None - None - None
661 (726777 Gflops/s) - 665 (731175 Gflops/s) - 633 (695990 Gflops/s) - 652 (716881 Gflops/s) - 653 (717981 Gflops/s) - 657 (722379 Gflops/s) - 648 (712483 Gflops/s) - 649 (713583 Gflops/s) | Temperatures: 59°C - 60°C - 71°C - 71°C - 62°C - 60°C - 71°C - 73°C | Throttling: None - None - None - None - None - None - None - None
685 (753165 Gflops/s) - 688 (756463 Gflops/s) - 656 (721279 Gflops/s) - 673 (739971 Gflops/s) - 675 (742170 Gflops/s) - 679 (746568 Gflops/s) - 670 (736672 Gflops/s) - 671 (737772 Gflops/s) | Temperatures: 60°C - 60°C - 71°C - 71°C - 62°C - 60°C - 71°C - 73°C | Throttling: None - None - None - None - None - None - None - None
638 (701488 Gflops/s) - 641 (704786 Gflops/s) - 613 (674000 Gflops/s) - 629 (691592 Gflops/s) - 631 (693791 Gflops/s) - 634 (697090 Gflops/s) - 625 (687194 Gflops/s) - 626 (688294 Gflops/s) | Temperatures: 59°C - 60°C - 71°C - 70°C - 62°C - 60°C - 71°C - 73°C | Throttling: None - None - None - None - None - None - None - None
674 (741070 Gflops/s) - 677 (744369 Gflops/s) - 646 (710284 Gflops/s) - 664 (730075 Gflops/s) - 666 (732274 Gflops/s) - 668 (734473 Gflops/s) - 660 (725677 Gflops/s) - 661 (726777 Gflops/s) | Temperatures: 60°C - 61°C - 71°C - 71°C - 62°C - 60°C - 71°C - 73°C | Throttling: None - None - None - None - None - None - None - None
650 (714682 Gflops/s) - 653 (717981 Gflops/s) - 624 (686095 Gflops/s) - 641 (704786 Gflops/s) - 642 (705886 Gflops/s) - 646 (710284 Gflops/s) - 637 (700388 Gflops/s) - 638 (701488 Gflops/s) | Temperatures: 59°C - 60°C - 71°C - 71°C - 62°C - 60°C - 71°C - 73°C | Throttling: None - None - None - None - None - None - None - None
676 (743269 Gflops/s) - 664 (730075 Gflops/s) - 638 (701488 Gflops/s) - 651 (715782 Gflops/s) - 654 (719080 Gflops/s) - 657 (722379 Gflops/s) - 648 (712483 Gflops/s) - 648 (712483 Gflops/s) | Temperatures: 59°C - 60°C - 71°C - 71°C - 62°C - 60°C - 71°C - 73°C | Throttling: None - None - None - None - None - None - None - None
664 (730075 Gflops/s) - 682 (749866 Gflops/s) - 646 (710284 Gflops/s) - 668 (734473 Gflops/s) - 670 (736672 Gflops/s) - 672 (738871 Gflops/s) - 663 (728976 Gflops/s) - 678 (745468 Gflops/s) | Temperatures: 59°C - 60°C - 71°C - 71°C - 62°C - 60°C - 71°C - 73°C | Throttling: None - None - None - None - None - None - None - None
646 (710284 Gflops/s) - 647 (711384 Gflops/s) - 619 (680597 Gflops/s) - 635 (698189 Gflops/s) - 637 (700388 Gflops/s) - 640 (703687 Gflops/s) - 632 (694891 Gflops/s) - 621 (682796 Gflops/s) | Temperatures: 60°C - 60°C - 71°C - 71°C - 62°C - 60°C - 71°C - 73°C | Throttling: None - None - None - None - None - None - None - None
660 (725677 Gflops/s) - 664 (730075 Gflops/s) - 634 (697090 Gflops/s) - 651 (715782 Gflops/s) - 653 (717981 Gflops/s) - 656 (721279 Gflops/s) - 649 (713583 Gflops/s) - 648 (712483 Gflops/s) | Temperatures: 59°C - 61°C - 71°C - 71°C - 62°C - 60°C - 71°C - 73°C | Throttling: None - None - None - None - None - None - None - None
685 (753165 Gflops/s) - 688 (756463 Gflops/s) - 657 (722379 Gflops/s) - 674 (741070 Gflops/s) - 676 (743269 Gflops/s) - 680 (747667 Gflops/s) - 671 (737772 Gflops/s) - 672 (738871 Gflops/s) | Temperatures: 59°C - 61°C - 71°C - 71°C - 62°C - 60°C - 71°C - 73°C | Throttling: None - None - None - None - None - None - None - None
638 (701488 Gflops/s) - 641 (704786 Gflops/s) - 612 (672901 Gflops/s) - 630 (692692 Gflops/s) - 632 (694891 Gflops/s) - 634 (697090 Gflops/s) - 626 (688294 Gflops/s) - 627 (689393 Gflops/s) | Temperatures: 59°C - 60°C - 71°C - 71°C - 62°C - 60°C - 71°C - 73°C | Throttling: None - None - None - None - None - None - None - None
673 (739971 Gflops/s) - 676 (743269 Gflops/s) - 646 (710284 Gflops/s) - 663 (728976 Gflops/s) - 664 (730075 Gflops/s) - 668 (734473 Gflops/s) - 659 (724578 Gflops/s) - 660 (725677 Gflops/s) | Temperatures: 59°C - 60°C - 71°C - 71°C - 62°C - 60°C - 71°C - 73°C | Throttling: None - None - None - None - None - None - None - None
650 (714682 Gflops/s) - 652 (716881 Gflops/s) - 623 (684995 Gflops/s) - 640 (703687 Gflops/s) - 642 (705886 Gflops/s) - 645 (709184 Gflops/s) - 637 (700388 Gflops/s) - 638 (701488 Gflops/s) | Temperatures: 59°C - 61°C - 71°C - 71°C - 62°C - 60°C - 71°C - 73°C | Throttling: None - None - None - None - None - None - None - None
661 (726777 Gflops/s) - 664 (730075 Gflops/s) - 634 (697090 Gflops/s) - 655 (720180 Gflops/s) - 654 (719080 Gflops/s) - 657 (722379 Gflops/s) - 648 (712483 Gflops/s) - 648 (712483 Gflops/s) | Temperatures: 59°C - 60°C - 71°C - 71°C - 62°C - 60°C - 71°C - 73°C | Throttling: None - None - None - None - None - None - None - None
677 (744369 Gflops/s) - 680 (747667 Gflops/s) - 650 (714682 Gflops/s) - 662 (727876 Gflops/s) - 669 (735573 Gflops/s) - 672 (738871 Gflops/s) - 663 (728976 Gflops/s) - 665 (731175 Gflops/s) | Temperatures: 60°C - 60°C - 71°C - 71°C - 62°C - 60°C - 71°C - 73°C | Throttling: None - None - None - None - None - None - None - None
643 (706985 Gflops/s) - 645 (709184 Gflops/s) - 615 (676199 Gflops/s) - 633 (695990 Gflops/s) - 634 (697090 Gflops/s) - 637 (700388 Gflops/s) - 629 (691592 Gflops/s) - 630 (692692 Gflops/s) | Temperatures: 60°C - 60°C - 71°C - 71°C - 62°C - 60°C - 71°C - 73°C | Throttling: None - None - None - None - None - None - None - None
662 (727876 Gflops/s) - 664 (730075 Gflops/s) - 634 (697090 Gflops/s) - 651 (715782 Gflops/s) - 653 (717981 Gflops/s) - 657 (722379 Gflops/s) - 648 (712483 Gflops/s) - 649 (713583 Gflops/s) | Temperatures: 60°C - 61°C - 71°C - 71°C - 62°C - 60°C - 71°C - 73°C | Throttling: None - None - None - None - None - None - None - None
678 (745468 Gflops/s) - 680 (747667 Gflops/s) - 650 (714682 Gflops/s) - 667 (733374 Gflops/s) - 669 (735573 Gflops/s) - 672 (738871 Gflops/s) - 664 (730075 Gflops/s) - 665 (731175 Gflops/s) | Temperatures: 59°C - 60°C - 71°C - 71°C - 62°C - 60°C - 71°C - 73°C | Throttling: None - None - None - None - None - None - None - None
643 (706985 Gflops/s) - 646 (710284 Gflops/s) - 617 (678398 Gflops/s) - 633 (695990 Gflops/s) - 635 (698189 Gflops/s) - 638 (701488 Gflops/s) - 638 (701488 Gflops/s) - 630 (692692 Gflops/s) | Temperatures: 60°C - 61°C - 71°C - 71°C - 62°C - 60°C - 71°C - 73°C | Throttling: None - None - None - None - None - None - None - None
675 (742170 Gflops/s) - 677 (744369 Gflops/s) - 646 (710284 Gflops/s) - 663 (728976 Gflops/s) - 666 (732274 Gflops/s) - 669 (735573 Gflops/s) - 652 (716881 Gflops/s) - 662 (727876 Gflops/s) | Temperatures: 59°C - 61°C - 71°C - 71°C - 62°C - 60°C - 71°C - 73°C | Throttling: None - None - None - None - None - None - None - None
651 (715782 Gflops/s) - 651 (715782 Gflops/s) - 622 (683896 Gflops/s) - 639 (702587 Gflops/s) - 640 (703687 Gflops/s) - 645 (709184 Gflops/s) - 636 (699289 Gflops/s) - 636 (699289 Gflops/s) | Temperatures: 59°C - 61°C - 71°C - 71°C - 62°C - 60°C - 71°C - 73°C | Throttling: None - None - None - None - None - None - None - None
657 (722379 Gflops/s) - 664 (730075 Gflops/s) - 634 (697090 Gflops/s) - 650 (714682 Gflops/s) - 652 (716881 Gflops/s) - 655 (720180 Gflops/s) - 647 (711384 Gflops/s) - 647 (711384 Gflops/s) | Temperatures: 59°C - 61°C - 71°C - 71°C - 62°C - 60°C - 71°C - 73°C | Throttling: None - None - None - None - None - None - None - None
677 (744369 Gflops/s) - 679 (746568 Gflops/s) - 649 (713583 Gflops/s) - 667 (733374 Gflops/s) - 676 (743269 Gflops/s) - 672 (738871 Gflops/s) - 664 (730075 Gflops/s) - 665 (731175 Gflops/s) | Temperatures: 60°C - 60°C - 71°C - 71°C - 62°C - 60°C - 71°C - 73°C | Throttling: None - None - None - None - None - None - None - None
643 (706985 Gflops/s) - 646 (710284 Gflops/s) - 616 (677299 Gflops/s) - 633 (695990 Gflops/s) - 627 (689393 Gflops/s) - 638 (701488 Gflops/s) - 629 (691592 Gflops/s) - 630 (692692 Gflops/s) | Temperatures: 59°C - 61°C - 71°C - 71°C - 62°C - 60°C - 71°C - 73°C | Throttling: None - None - None - None - None - None - None - None
660 (725677 Gflops/s) - 663 (728976 Gflops/s) - 633 (695990 Gflops/s) - 650 (714682 Gflops/s) - 652 (716881 Gflops/s) - 655 (720180 Gflops/s) - 647 (711384 Gflops/s) - 647 (711384 Gflops/s) | Temperatures: 59°C - 61°C - 71°C - 71°C - 62°C - 60°C - 71°C - 73°C | Throttling: None - None - None - None - None - None - None - None
661 (726777 Gflops/s) - 663 (728976 Gflops/s) - 634 (697090 Gflops/s) - 650 (714682 Gflops/s) - 653 (717981 Gflops/s) - 655 (720180 Gflops/s) - 647 (711384 Gflops/s) - 647 (711384 Gflops/s) | Temperatures: 60°C - 61°C - 71°C - 71°C - 62°C - 60°C - 71°C - 73°C | Throttling: None - None - None - None - None - None - None - None
661 (726777 Gflops/s) - 664 (730075 Gflops/s) - 633 (695990 Gflops/s) - 651 (715782 Gflops/s) - 653 (717981 Gflops/s) - 657 (722379 Gflops/s) - 648 (712483 Gflops/s) - 649 (713583 Gflops/s) | Temperatures: 60°C - 60°C - 71°C - 71°C - 62°C - 60°C - 71°C - 73°C | Throttling: None - None - None - None - None - None - None - None
692 (760862 Gflops/s) - 697 (766359 Gflops/s) - 664 (730075 Gflops/s) - 695 (764160 Gflops/s) - 683 (750966 Gflops/s) - 687 (755364 Gflops/s) - 678 (745468 Gflops/s) - 678 (745468 Gflops/s) | Temperatures: 59°C - 60°C - 71°C - 71°C - 62°C - 60°C - 71°C - 73°C | Throttling: None - None - None - None - None - None - None - None
717 (788349 Gflops/s) - 719 (790548 Gflops/s) - 688 (756463 Gflops/s) - 692 (760862 Gflops/s) - 707 (777354 Gflops/s) - 715 (786150 Gflops/s) - 702 (771857 Gflops/s) - 703 (772956 Gflops/s) | Temperatures: 59°C - 60°C - 71°C - 71°C - 62°C - 60°C - 71°C - 73°C | Throttling: None - None - None - None - None - None - None - None
728 (800444 Gflops/s) - 720 (791648 Gflops/s) - 687 (755364 Gflops/s) - 707 (777354 Gflops/s) - 709 (779553 Gflops/s) - 708 (778454 Gflops/s) - 703 (772956 Gflops/s) - 702 (771857 Gflops/s) | Temperatures: 60°C - 60°C - 71°C - 71°C - 62°C - 60°C - 71°C - 73°C | Throttling: None - None - None - None - None - None - None - None
706 (776255 Gflops/s) - 720 (791648 Gflops/s) - 688 (756463 Gflops/s) - 705 (775155 Gflops/s) - 708 (778454 Gflops/s) - 711 (781752 Gflops/s) - 702 (771857 Gflops/s) - 704 (774056 Gflops/s) | Temperatures: 60°C - 60°C - 71°C - 71°C - 62°C - 60°C - 71°C - 73°C | Throttling: None - None - None - None - None - None - None - None
715 (786150 Gflops/s) - 720 (791648 Gflops/s) - 687 (755364 Gflops/s) - 706 (776255 Gflops/s) - 707 (777354 Gflops/s) - 711 (781752 Gflops/s) - 702 (771857 Gflops/s) - 702 (771857 Gflops/s) | Temperatures: 59°C - 60°C - 71°C - 71°C - 62°C - 60°C - 71°C - 73°C | Throttling: None - None - None - None - None - None - None - None
717 (788349 Gflops/s) - 720 (791648 Gflops/s) - 687 (755364 Gflops/s) - 706 (776255 Gflops/s) - 708 (778454 Gflops/s) - 712 (782852 Gflops/s) - 702 (771857 Gflops/s) - 703 (772956 Gflops/s) | Temperatures: 60°C - 61°C - 71°C - 71°C - 62°C - 60°C - 71°C - 73°C | Throttling: None - None - None - None - None - None - None - None
717 (788349 Gflops/s) - 720 (791648 Gflops/s) - 688 (756463 Gflops/s) - 706 (776255 Gflops/s) - 709 (779553 Gflops/s) - 712 (782852 Gflops/s) - 702 (771857 Gflops/s) - 703 (772956 Gflops/s) | Temperatures: 60°C - 61°C - 71°C - 71°C - 62°C - 60°C - 71°C - 73°C | Throttling: None - None - None - None - None - None - None - None
717 (788349 Gflops/s) - 720 (791648 Gflops/s) - 687 (755364 Gflops/s) - 706 (776255 Gflops/s) - 707 (777354 Gflops/s) - 711 (781752 Gflops/s) - 703 (772956 Gflops/s) - 704 (774056 Gflops/s) | Temperatures: 60°C - 61°C - 71°C - 71°C - 62°C - 60°C - 71°C - 73°C | Throttling: None - None - None - None - None - None - None - None
716 (787250 Gflops/s) - 719 (790548 Gflops/s) - 687 (755364 Gflops/s) - 706 (776255 Gflops/s) - 708 (778454 Gflops/s) - 711 (781752 Gflops/s) - 701 (770757 Gflops/s) - 702 (771857 Gflops/s) | Temperatures: 59°C - 61°C - 71°C - 71°C - 62°C - 60°C - 71°C - 73°C | Throttling: None - None - None - None - None - None - None - None
718 (789449 Gflops/s) - 721 (792747 Gflops/s) - 688 (756463 Gflops/s) - 706 (776255 Gflops/s) - 707 (777354 Gflops/s) - 712 (782852 Gflops/s) - 702 (771857 Gflops/s) - 703 (772956 Gflops/s) | Temperatures: 59°C - 61°C - 71°C - 71°C - 62°C - 60°C - 71°C - 73°C | Throttling: None - None - None - None - None - None - None - None
717 (788349 Gflops/s) - 720 (791648 Gflops/s) - 687 (755364 Gflops/s) - 706 (776255 Gflops/s) - 709 (779553 Gflops/s) - 711 (781752 Gflops/s) - 703 (772956 Gflops/s) - 703 (772956 Gflops/s) | Temperatures: 59°C - 61°C - 71°C - 71°C - 62°C - 60°C - 71°C - 73°C | Throttling: None - None - None - None - None - None - None - None
717 (788349 Gflops/s) - 720 (791648 Gflops/s) - 687 (755364 Gflops/s) - 705 (775155 Gflops/s) - 708 (778454 Gflops/s) - 711 (781752 Gflops/s) - 702 (771857 Gflops/s) - 703 (772956 Gflops/s) | Temperatures: 60°C - 61°C - 71°C - 71°C - 62°C - 60°C - 71°C - 73°C | Throttling: None - None - None - None - None - None - None - None
717 (788349 Gflops/s) - 721 (792747 Gflops/s) - 687 (755364 Gflops/s) - 706 (776255 Gflops/s) - 709 (779553 Gflops/s) - 711 (781752 Gflops/s) - 702 (771857 Gflops/s) - 703 (772956 Gflops/s) | Temperatures: 60°C - 61°C - 71°C - 71°C - 62°C - 60°C - 71°C - 73°C | Throttling: None - None - None - None - None - None - None - None
716 (787250 Gflops/s) - 720 (791648 Gflops/s) - 688 (756463 Gflops/s) - 706 (776255 Gflops/s) - 708 (778454 Gflops/s) - 712 (782852 Gflops/s) - 702 (771857 Gflops/s) - 702 (771857 Gflops/s) | Temperatures: 60°C - 61°C - 71°C - 71°C - 62°C - 60°C - 71°C - 73°C | Throttling: None - None - None - None - None - None - None - None
717 (788349 Gflops/s) - 719 (790548 Gflops/s) - 687 (755364 Gflops/s) - 706 (776255 Gflops/s) - 708 (778454 Gflops/s) - 711 (781752 Gflops/s) - 703 (772956 Gflops/s) - 703 (772956 Gflops/s) | Temperatures: 59°C - 61°C - 71°C - 71°C - 62°C - 60°C - 71°C - 73°C | Throttling: None - None - None - None - None - None - None - None
717 (788349 Gflops/s) - 720 (791648 Gflops/s) - 688 (756463 Gflops/s) - 705 (775155 Gflops/s) - 709 (779553 Gflops/s) - 711 (781752 Gflops/s) - 702 (771857 Gflops/s) - 703 (772956 Gflops/s) | Temperatures: 60°C - 61°C - 71°C - 71°C - 62°C - 60°C - 71°C - 73°C | Throttling: None - None - None - None - None - None - None - None
716 (787250 Gflops/s) - 720 (791648 Gflops/s) - 687 (755364 Gflops/s) - 707 (777354 Gflops/s) - 708 (778454 Gflops/s) - 713 (783951 Gflops/s) - 702 (771857 Gflops/s) - 703 (772956 Gflops/s) | Temperatures: 59°C - 61°C - 71°C - 71°C - 62°C - 60°C - 71°C - 73°C | Throttling: None - None - None - None - None - None - None - None
718 (789449 Gflops/s) - 719 (790548 Gflops/s) - 687 (755364 Gflops/s) - 705 (775155 Gflops/s) - 708 (778454 Gflops/s) - 710 (780653 Gflops/s) - 702 (771857 Gflops/s) - 703 (772956 Gflops/s) | Temperatures: 60°C - 60°C - 71°C - 71°C - 62°C - 60°C - 71°C - 73°C | Throttling: None - None - None - None - None - None - None - None
717 (788349 Gflops/s) - 720 (791648 Gflops/s) - 687 (755364 Gflops/s) - 706 (776255 Gflops/s) - 707 (777354 Gflops/s) - 712 (782852 Gflops/s) - 702 (771857 Gflops/s) - 702 (771857 Gflops/s) | Temperatures: 60°C - 61°C - 71°C - 71°C - 62°C - 60°C - 71°C - 73°C | Throttling: None - None - None - None - None - None - None - None
729 (801543 Gflops/s) - 720 (791648 Gflops/s) - 688 (756463 Gflops/s) - 705 (775155 Gflops/s) - 708 (778454 Gflops/s) - 711 (781752 Gflops/s) - 703 (772956 Gflops/s) - 703 (772956 Gflops/s) | Temperatures: 59°C - 60°C - 71°C - 71°C - 62°C - 60°C - 71°C - 73°C | Throttling: None - None - None - None - None - None - None - None
703 (772956 Gflops/s) - 720 (791648 Gflops/s) - 687 (755364 Gflops/s) - 706 (776255 Gflops/s) - 708 (778454 Gflops/s) - 711 (781752 Gflops/s) - 702 (771857 Gflops/s) - 703 (772956 Gflops/s) | Temperatures: 59°C - 61°C - 71°C - 71°C - 62°C - 60°C - 71°C - 73°C | Throttling: None - None - None - None - None - None - None - None
716 (787250 Gflops/s) - 720 (791648 Gflops/s) - 687 (755364 Gflops/s) - 706 (776255 Gflops/s) - 708 (778454 Gflops/s) - 712 (782852 Gflops/s) - 701 (770757 Gflops/s) - 702 (771857 Gflops/s) | Temperatures: 59°C - 61°C - 71°C - 71°C - 62°C - 60°C - 71°C - 73°C | Throttling: None - None - None - None - None - None - None - None
717 (788349 Gflops/s) - 720 (791648 Gflops/s) - 688 (756463 Gflops/s) - 706 (776255 Gflops/s) - 708 (778454 Gflops/s) - 711 (781752 Gflops/s) - 702 (771857 Gflops/s) - 703 (772956 Gflops/s) | Temperatures: 59°C - 60°C - 71°C - 71°C - 62°C - 60°C - 71°C - 73°C | Throttling: None - None - None - None - None - None - None - None
717 (788349 Gflops/s) - 720 (791648 Gflops/s) - 687 (755364 Gflops/s) - 706 (776255 Gflops/s) - 709 (779553 Gflops/s) - 712 (782852 Gflops/s) - 703 (772956 Gflops/s) - 703 (772956 Gflops/s) | Temperatures: 59°C - 61°C - 71°C - 71°C - 62°C - 60°C - 71°C - 73°C | Throttling: None - None - None - None - None - None - None - None
717 (788349 Gflops/s) - 719 (790548 Gflops/s) - 703 (772956 Gflops/s) - 704 (774056 Gflops/s) - 707 (777354 Gflops/s) - 711 (781752 Gflops/s) - 701 (770757 Gflops/s) - 702 (771857 Gflops/s) | Temperatures: 60°C - 61°C - 71°C - 71°C - 62°C - 60°C - 71°C - 73°C | Throttling: None - None - None - None - None - None - None - None
717 (788349 Gflops/s) - 719 (790548 Gflops/s) - 671 (737772 Gflops/s) - 706 (776255 Gflops/s) - 707 (777354 Gflops/s) - 711 (781752 Gflops/s) - 702 (771857 Gflops/s) - 703 (772956 Gflops/s) | Temperatures: 60°C - 60°C - 71°C - 71°C - 62°C - 60°C - 71°C - 73°C | Throttling: None - None - None - None - None - None - None - None
717 (788349 Gflops/s) - 721 (792747 Gflops/s) - 688 (756463 Gflops/s) - 707 (777354 Gflops/s) - 709 (779553 Gflops/s) - 712 (782852 Gflops/s) - 702 (771857 Gflops/s) - 703 (772956 Gflops/s) | Temperatures: 59°C - 61°C - 71°C - 71°C - 62°C - 60°C - 71°C - 73°C | Throttling: None - None - None - None - None - None - None - None
717 (788349 Gflops/s) - 719 (790548 Gflops/s) - 687 (755364 Gflops/s) - 712 (782852 Gflops/s) - 707 (777354 Gflops/s) - 711 (781752 Gflops/s) - 701 (770757 Gflops/s) - 702 (771857 Gflops/s) | Temperatures: 60°C - 61°C - 71°C - 71°C - 62°C - 60°C - 71°C - 73°C | Throttling: None - None - None - None - None - None - None - None
717 (788349 Gflops/s) - 719 (790548 Gflops/s) - 687 (755364 Gflops/s) - 698 (767459 Gflops/s) - 708 (778454 Gflops/s) - 711 (781752 Gflops/s) - 702 (771857 Gflops/s) - 703 (772956 Gflops/s) | Temperatures: 60°C - 60°C - 71°C - 71°C - 62°C - 60°C - 71°C - 73°C | Throttling: None - None - None - None - None - None - None - None
717 (788349 Gflops/s) - 720 (791648 Gflops/s) - 687 (755364 Gflops/s) - 706 (776255 Gflops/s) - 708 (778454 Gflops/s) - 712 (782852 Gflops/s) - 702 (771857 Gflops/s) - 703 (772956 Gflops/s) | Temperatures: 59°C - 61°C - 71°C - 71°C - 62°C - 60°C - 71°C - 73°C | Throttling: None - None - None - None - None - None - None - None
717 (788349 Gflops/s) - 720 (791648 Gflops/s) - 688 (756463 Gflops/s) - 705 (775155 Gflops/s) - 708 (778454 Gflops/s) - 711 (781752 Gflops/s) - 702 (771857 Gflops/s) - 703 (772956 Gflops/s) | Temperatures: 59°C - 61°C - 71°C - 71°C - 62°C - 60°C - 71°C - 73°C | Throttling: None - None - None - None - None - None - None - None
715 (786150 Gflops/s) - 720 (791648 Gflops/s) - 687 (755364 Gflops/s) - 706 (776255 Gflops/s) - 708 (778454 Gflops/s) - 711 (781752 Gflops/s) - 702 (771857 Gflops/s) - 703 (772956 Gflops/s) | Temperatures: 59°C - 61°C - 71°C - 71°C - 62°C - 60°C - 71°C - 73°C | Throttling: None - None - None - None - None - None - None - None
717 (788349 Gflops/s) - 720 (791648 Gflops/s) - 687 (755364 Gflops/s) - 706 (776255 Gflops/s) - 707 (777354 Gflops/s) - 712 (782852 Gflops/s) - 702 (771857 Gflops/s) - 703 (772956 Gflops/s) | Temperatures: 60°C - 61°C - 71°C - 71°C - 62°C - 60°C - 71°C - 73°C | Throttling: None - None - None - None - None - None - None - None
716 (787250 Gflops/s) - 719 (790548 Gflops/s) - 687 (755364 Gflops/s) - 705 (775155 Gflops/s) - 708 (778454 Gflops/s) - 710 (780653 Gflops/s) - 702 (771857 Gflops/s) - 702 (771857 Gflops/s) | Temperatures: 60°C - 61°C - 71°C - 71°C - 62°C - 60°C - 71°C - 73°C | Throttling: None - None - None - None - None - None - None - None
716 (787250 Gflops/s) - 720 (791648 Gflops/s) - 689 (757563 Gflops/s) - 706 (776255 Gflops/s) - 709 (779553 Gflops/s) - 712 (782852 Gflops/s) - 702 (771857 Gflops/s) - 703 (772956 Gflops/s) | Temperatures: 59°C - 61°C - 71°C - 71°C - 62°C - 60°C - 71°C - 73°C | Throttling: None - None - None - None - None - None - None - None
717 (788349 Gflops/s) - 719 (790548 Gflops/s) - 685 (753165 Gflops/s) - 705 (775155 Gflops/s) - 707 (777354 Gflops/s) - 711 (781752 Gflops/s) - 701 (770757 Gflops/s) - 703 (772956 Gflops/s) | Temperatures: 59°C - 61°C - 71°C - 71°C - 62°C - 60°C - 71°C - 73°C | Throttling: None - None - None - None - None - None - None - None
717 (788349 Gflops/s) - 720 (791648 Gflops/s) - 687 (755364 Gflops/s) - 706 (776255 Gflops/s) - 708 (778454 Gflops/s) - 711 (781752 Gflops/s) - 702 (771857 Gflops/s) - 704 (774056 Gflops/s) | Temperatures: 60°C - 61°C - 71°C - 71°C - 62°C - 60°C - 71°C - 73°C | Throttling: None - None - None - None - None - None - None - None
716 (787250 Gflops/s) - 720 (791648 Gflops/s) - 688 (756463 Gflops/s) - 706 (776255 Gflops/s) - 707 (777354 Gflops/s) - 712 (782852 Gflops/s) - 702 (771857 Gflops/s) - 708 (778454 Gflops/s) | Temperatures: 60°C - 61°C - 71°C - 71°C - 62°C - 60°C - 71°C - 73°C | Throttling: None - None - None - None - None - None - None - None
717 (788349 Gflops/s) - 720 (791648 Gflops/s) - 687 (755364 Gflops/s) - 705 (775155 Gflops/s) - 708 (778454 Gflops/s) - 711 (781752 Gflops/s) - 702 (771857 Gflops/s) - 697 (766359 Gflops/s) | Temperatures: 59°C - 61°C - 71°C - 71°C - 62°C - 60°C - 71°C - 73°C | Throttling: None - None - None - None - None - None - None - None
710 (780653 Gflops/s) - 712 (782852 Gflops/s) - 680 (747667 Gflops/s) - 699 (768558 Gflops/s) - 700 (769658 Gflops/s) - 705 (775155 Gflops/s) - 695 (764160 Gflops/s) - 696 (765260 Gflops/s) | Temperatures: 60°C - 61°C - 71°C - 71°C - 62°C - 60°C - 71°C - 73°C | Throttling: None - None - None - None - None - None - None - None
700 (769658 Gflops/s) - 704 (774056 Gflops/s) - 672 (738871 Gflops/s) - 691 (759762 Gflops/s) - 691 (759762 Gflops/s) - 695 (764160 Gflops/s) - 685 (753165 Gflops/s) - 686 (754264 Gflops/s) | Temperatures: 59°C - 61°C - 71°C - 71°C - 62°C - 60°C - 71°C - 73°C | Throttling: None - None - None - None - None - None - None - None
699 (768558 Gflops/s) - 703 (772956 Gflops/s) - 671 (737772 Gflops/s) - 689 (757563 Gflops/s) - 692 (760862 Gflops/s) - 694 (763061 Gflops/s) - 687 (755364 Gflops/s) - 687 (755364 Gflops/s) | Temperatures: 59°C - 61°C - 71°C - 71°C - 62°C - 60°C - 71°C - 73°C | Throttling: None - None - None - None - None - None - None - None
700 (769658 Gflops/s) - 703 (772956 Gflops/s) - 671 (737772 Gflops/s) - 690 (758663 Gflops/s) - 692 (760862 Gflops/s) - 695 (764160 Gflops/s) - 685 (753165 Gflops/s) - 686 (754264 Gflops/s) | Temperatures: 60°C - 61°C - 71°C - 71°C - 62°C - 60°C - 71°C - 73°C | Throttling: None - None - None - None - None - None - None - None
699 (768558 Gflops/s) - 703 (772956 Gflops/s) - 671 (737772 Gflops/s) - 689 (757563 Gflops/s) - 691 (759762 Gflops/s) - 695 (764160 Gflops/s) - 686 (754264 Gflops/s) - 687 (755364 Gflops/s) | Temperatures: 60°C - 61°C - 71°C - 71°C - 62°C - 60°C - 71°C - 73°C | Throttling: None - None - None - None - None - None - None - None
701 (770757 Gflops/s) - 704 (774056 Gflops/s) - 672 (738871 Gflops/s) - 690 (758663 Gflops/s) - 691 (759762 Gflops/s) - 695 (764160 Gflops/s) - 686 (754264 Gflops/s) - 686 (754264 Gflops/s) | Temperatures: 60°C - 61°C - 71°C - 71°C - 62°C - 60°C - 71°C - 73°C | Throttling: None - None - None - None - None - None - None - None
699 (768558 Gflops/s) - 704 (774056 Gflops/s) - 671 (737772 Gflops/s) - 689 (757563 Gflops/s) - 691 (759762 Gflops/s) - 695 (764160 Gflops/s) - 689 (757563 Gflops/s) - 686 (754264 Gflops/s) | Temperatures: 59°C - 61°C - 71°C - 71°C - 62°C - 60°C - 71°C - 73°C | Throttling: None - None - None - None - None - None - None - None
555 (610228 Gflops/s) - 366 (402421 Gflops/s) - 277 (304564 Gflops/s) - 237 (260584 Gflops/s) - 546 (600333 Gflops/s) - 438 (481586 Gflops/s) - 124 (136339 Gflops/s) - 584 (642114 Gflops/s) | Temperatures: 60°C - 61°C - 71°C - 71°C - 62°C - 60°C - 71°C - 73°C | Throttling: None - None - None - None - None - None - None - None
GPU #0: 755469 Gflops/s (min: 610228.95, max: 801543.98, dev: 755469.20)
         Temperature: 59.30°C (min: 52.00, max: 61.00)
         Throttling HW: false, Thermal SW: false, Thermal HW: false
GPU #1: 757844 Gflops/s (min: 402421.26, max: 799344.95, dev: 757844.00)
         Temperature: 60.34°C (min: 53.00, max: 61.00)
         Throttling HW: false, Thermal SW: false, Thermal HW: false
GPU #2: 724832 Gflops/s (min: 304564.72, max: 772956.67, dev: 724832.47)
         Temperature: 69.82°C (min: 57.00, max: 71.00)
         Throttling HW: false, Thermal SW: false, Thermal HW: false
GPU #3: 743651 Gflops/s (min: 260584.26, max: 782852.28, dev: 743651.32)
         Temperature: 69.69°C (min: 56.00, max: 71.00)
         Throttling HW: false, Thermal SW: false, Thermal HW: false
GPU #4: 746116 Gflops/s (min: 600333.35, max: 779553.74, dev: 746115.88)
         Temperature: 61.97°C (min: 54.00, max: 64.00)
         Throttling HW: false, Thermal SW: false, Thermal HW: false
GPU #5: 748868 Gflops/s (min: 481586.09, max: 790548.86, dev: 748868.39)
         Temperature: 59.83°C (min: 52.00, max: 61.00)
         Throttling HW: false, Thermal SW: false, Thermal HW: false
GPU #6: 739429 Gflops/s (min: 136339.44, max: 779553.74, dev: 739429.05)
         Temperature: 69.87°C (min: 57.00, max: 72.00)
         Throttling HW: false, Thermal SW: false, Thermal HW: false
GPU #7: 741882 Gflops/s (min: 642114.79, max: 778454.23, dev: 741882.38)
         Temperature: 71.83°C (min: 58.00, max: 73.00)
         Throttling HW: false, Thermal SW: false, Thermal HW: false
All GPUs seem healthy
Freeing GPUs...
======== Run with bf16 ==========
Detected GPU #0: "NVIDIA B200" (2001b4c7-6ede-61bc-e0ee-85d30e2b3fe5)
Detected GPU #1: "NVIDIA B200" (30f903f5-6400-1ae2-5f21-3b706533965f)
Detected GPU #2: "NVIDIA B200" (25572273-5805-7d3a-0856-6932bada1b06)
Detected GPU #3: "NVIDIA B200" (a993c75f-93cf-6e24-dcf8-0f2339d76b44)
Detected GPU #4: "NVIDIA B200" (15018363-e848-d334-a166-b26471144c05)
Detected GPU #5: "NVIDIA B200" (ab59aea1-aed2-0851-0237-98e3c1b10421)
Detected GPU #6: "NVIDIA B200" (b8be6706-c1ee-fb0b-769b-a8f8b6a9c137)
Detected GPU #7: "NVIDIA B200" (07276c36-5e59-b4b1-1a79-d2a44c42bfc5)
Using precision(s):  BF16 
Creating random matrices
Matrices created
GPU #0: Using 163805 MB
GPU #1: Using 163805 MB
GPU #2: Using 163805 MB
GPU #3: Using 163805 MB
GPU #4: Using 163805 MB
GPU #5: Using 163805 MB
GPU #6: Using 163805 MB
GPU #7: Using 163805 MB
1267 (1393081 Gflops/s) - 1076 (1183074 Gflops/s) - 1044 (1147890 Gflops/s) - 797 (876310 Gflops/s) - 1058 (1163283 Gflops/s) - 1093 (1201766 Gflops/s) - 0 (0 Gflops/s) - 0 (0 Gflops/s) | Temperatures: 46°C - 46°C - 48°C - 56°C - 48°C - 47°C - 47°C - 49°C | Throttling: None - None - None - None - None - None - None - None
1374 (1510728 Gflops/s) - 1389 (1527221 Gflops/s) - 1339 (1472246 Gflops/s) - 1616 (1776810 Gflops/s) - 1369 (1505231 Gflops/s) - 1365 (1500833 Gflops/s) - 2297 (2525578 Gflops/s) - 2173 (2389238 Gflops/s) | Temperatures: 51°C - 52°C - 61°C - 61°C - 53°C - 51°C - 61°C - 62°C | Throttling: None - None - None - None - None - None - None - None
1365 (1500833 Gflops/s) - 1376 (1512927 Gflops/s) - 1316 (1446957 Gflops/s) - 1360 (1495335 Gflops/s) - 1363 (1498634 Gflops/s) - 1347 (1481042 Gflops/s) - 1357 (1492037 Gflops/s) - 1356 (1490937 Gflops/s) | Temperatures: 53°C - 53°C - 62°C - 62°C - 55°C - 53°C - 62°C - 64°C | Throttling: None - None - None - None - None - None - None - None
1367 (1503032 Gflops/s) - 1381 (1518425 Gflops/s) - 1318 (1449156 Gflops/s) - 1357 (1492037 Gflops/s) - 1359 (1494236 Gflops/s) - 1353 (1487639 Gflops/s) - 1355 (1489838 Gflops/s) - 1354 (1488738 Gflops/s) | Temperatures: 53°C - 54°C - 62°C - 62°C - 55°C - 53°C - 63°C - 64°C | Throttling: None - None - None - None - None - None - None - None
1365 (1500833 Gflops/s) - 1378 (1515127 Gflops/s) - 1317 (1448056 Gflops/s) - 1357 (1492037 Gflops/s) - 1351 (1485440 Gflops/s) - 1360 (1495335 Gflops/s) - 1355 (1489838 Gflops/s) - 1353 (1487639 Gflops/s) | Temperatures: 54°C - 55°C - 63°C - 63°C - 56°C - 54°C - 63°C - 65°C | Throttling: None - None - None - None - None - None - None - None
1366 (1501932 Gflops/s) - 1382 (1519525 Gflops/s) - 1316 (1446957 Gflops/s) - 1353 (1487639 Gflops/s) - 1348 (1482141 Gflops/s) - 1357 (1492037 Gflops/s) - 1354 (1488738 Gflops/s) - 1345 (1478843 Gflops/s) | Temperatures: 54°C - 55°C - 63°C - 63°C - 56°C - 55°C - 63°C - 65°C | Throttling: None - None - None - None - None - None - None - None
1365 (1500833 Gflops/s) - 1382 (1519525 Gflops/s) - 1316 (1446957 Gflops/s) - 1354 (1488738 Gflops/s) - 1348 (1482141 Gflops/s) - 1357 (1492037 Gflops/s) - 1353 (1487639 Gflops/s) - 1352 (1486539 Gflops/s) | Temperatures: 55°C - 55°C - 64°C - 63°C - 57°C - 55°C - 64°C - 65°C | Throttling: None - None - None - None - None - None - None - None
1370 (1506330 Gflops/s) - 1379 (1516226 Gflops/s) - 1316 (1446957 Gflops/s) - 1355 (1489838 Gflops/s) - 1352 (1486539 Gflops/s) - 1348 (1482141 Gflops/s) - 1355 (1489838 Gflops/s) - 1356 (1490937 Gflops/s) | Temperatures: 55°C - 56°C - 64°C - 64°C - 57°C - 55°C - 64°C - 66°C | Throttling: None - None - None - None - None - None - None - None
1374 (1510728 Gflops/s) - 1376 (1512927 Gflops/s) - 1313 (1443658 Gflops/s) - 1354 (1488738 Gflops/s) - 1353 (1487639 Gflops/s) - 1347 (1481042 Gflops/s) - 1352 (1486539 Gflops/s) - 1357 (1492037 Gflops/s) | Temperatures: 55°C - 56°C - 64°C - 64°C - 57°C - 55°C - 64°C - 66°C | Throttling: None - None - None - None - None - None - None - None
1370 (1506330 Gflops/s) - 1374 (1510728 Gflops/s) - 1314 (1444758 Gflops/s) - 1354 (1488738 Gflops/s) - 1353 (1487639 Gflops/s) - 1345 (1478843 Gflops/s) - 1355 (1489838 Gflops/s) - 1355 (1489838 Gflops/s) | Temperatures: 56°C - 56°C - 64°C - 64°C - 58°C - 56°C - 65°C - 66°C | Throttling: None - None - None - None - None - None - None - None
1373 (1509629 Gflops/s) - 1374 (1510728 Gflops/s) - 1319 (1450255 Gflops/s) - 1353 (1487639 Gflops/s) - 1354 (1488738 Gflops/s) - 1342 (1475544 Gflops/s) - 1353 (1487639 Gflops/s) - 1352 (1486539 Gflops/s) | Temperatures: 56°C - 57°C - 65°C - 64°C - 58°C - 56°C - 65°C - 67°C | Throttling: None - None - None - None - None - None - None - None
1370 (1506330 Gflops/s) - 1374 (1510728 Gflops/s) - 1327 (1459051 Gflops/s) - 1354 (1488738 Gflops/s) - 1351 (1485440 Gflops/s) - 1343 (1476644 Gflops/s) - 1353 (1487639 Gflops/s) - 1356 (1490937 Gflops/s) | Temperatures: 56°C - 57°C - 65°C - 65°C - 58°C - 56°C - 65°C - 67°C | Throttling: None - None - None - None - None - None - None - None
1374 (1510728 Gflops/s) - 1374 (1510728 Gflops/s) - 1329 (1461250 Gflops/s) - 1352 (1486539 Gflops/s) - 1351 (1485440 Gflops/s) - 1342 (1475544 Gflops/s) - 1352 (1486539 Gflops/s) - 1356 (1490937 Gflops/s) | Temperatures: 56°C - 57°C - 65°C - 65°C - 58°C - 56°C - 65°C - 67°C | Throttling: None - None - None - None - None - None - None - None
1369 (1505231 Gflops/s) - 1372 (1508529 Gflops/s) - 1327 (1459051 Gflops/s) - 1349 (1483241 Gflops/s) - 1350 (1484340 Gflops/s) - 1343 (1476644 Gflops/s) - 1351 (1485440 Gflops/s) - 1355 (1489838 Gflops/s) | Temperatures: 56°C - 57°C - 66°C - 65°C - 58°C - 57°C - 66°C - 67°C | Throttling: None - None - None - None - None - None - None - None
1370 (1506330 Gflops/s) - 1372 (1508529 Gflops/s) - 1325 (1456852 Gflops/s) - 1342 (1475544 Gflops/s) - 1351 (1485440 Gflops/s) - 1342 (1475544 Gflops/s) - 1352 (1486539 Gflops/s) - 1355 (1489838 Gflops/s) | Temperatures: 57°C - 57°C - 66°C - 65°C - 59°C - 57°C - 66°C - 68°C | Throttling: None - None - None - None - None - None - None - None
1372 (1508529 Gflops/s) - 1373 (1509629 Gflops/s) - 1326 (1457952 Gflops/s) - 1359 (1494236 Gflops/s) - 1352 (1486539 Gflops/s) - 1344 (1477743 Gflops/s) - 1355 (1489838 Gflops/s) - 1356 (1490937 Gflops/s) | Temperatures: 57°C - 58°C - 66°C - 66°C - 59°C - 57°C - 66°C - 68°C | Throttling: None - None - None - None - None - None - None - None
1370 (1506330 Gflops/s) - 1371 (1507430 Gflops/s) - 1323 (1454653 Gflops/s) - 1358 (1493136 Gflops/s) - 1348 (1482141 Gflops/s) - 1341 (1474445 Gflops/s) - 1353 (1487639 Gflops/s) - 1350 (1484340 Gflops/s) | Temperatures: 57°C - 58°C - 66°C - 66°C - 59°C - 57°C - 66°C - 68°C | Throttling: None - None - None - None - None - None - None - None
1369 (1505231 Gflops/s) - 1373 (1509629 Gflops/s) - 1325 (1456852 Gflops/s) - 1358 (1493136 Gflops/s) - 1349 (1483241 Gflops/s) - 1343 (1476644 Gflops/s) - 1354 (1488738 Gflops/s) - 1353 (1487639 Gflops/s) | Temperatures: 57°C - 58°C - 66°C - 66°C - 60°C - 57°C - 67°C - 68°C | Throttling: None - None - None - None - None - None - None - None
1370 (1506330 Gflops/s) - 1374 (1510728 Gflops/s) - 1323 (1454653 Gflops/s) - 1361 (1496435 Gflops/s) - 1349 (1483241 Gflops/s) - 1343 (1476644 Gflops/s) - 1355 (1489838 Gflops/s) - 1351 (1485440 Gflops/s) | Temperatures: 57°C - 58°C - 67°C - 66°C - 60°C - 58°C - 67°C - 68°C | Throttling: None - None - None - None - None - None - None - None
1368 (1504131 Gflops/s) - 1373 (1509629 Gflops/s) - 1321 (1452454 Gflops/s) - 1357 (1492037 Gflops/s) - 1349 (1483241 Gflops/s) - 1343 (1476644 Gflops/s) - 1354 (1488738 Gflops/s) - 1349 (1483241 Gflops/s) | Temperatures: 58°C - 58°C - 67°C - 67°C - 60°C - 58°C - 67°C - 69°C | Throttling: None - None - None - None - None - None - None - None
1368 (1504131 Gflops/s) - 1372 (1508529 Gflops/s) - 1322 (1453554 Gflops/s) - 1358 (1493136 Gflops/s) - 1347 (1481042 Gflops/s) - 1343 (1476644 Gflops/s) - 1355 (1489838 Gflops/s) - 1351 (1485440 Gflops/s) | Temperatures: 58°C - 59°C - 67°C - 67°C - 60°C - 58°C - 67°C - 69°C | Throttling: None - None - None - None - None - None - None - None
1368 (1504131 Gflops/s) - 1373 (1509629 Gflops/s) - 1321 (1452454 Gflops/s) - 1356 (1490937 Gflops/s) - 1347 (1481042 Gflops/s) - 1342 (1475544 Gflops/s) - 1354 (1488738 Gflops/s) - 1349 (1483241 Gflops/s) | Temperatures: 58°C - 59°C - 67°C - 67°C - 60°C - 58°C - 67°C - 69°C | Throttling: None - None - None - None - None - None - None - None
1368 (1504131 Gflops/s) - 1370 (1506330 Gflops/s) - 1321 (1452454 Gflops/s) - 1357 (1492037 Gflops/s) - 1346 (1479942 Gflops/s) - 1343 (1476644 Gflops/s) - 1355 (1489838 Gflops/s) - 1349 (1483241 Gflops/s) | Temperatures: 58°C - 59°C - 67°C - 67°C - 60°C - 58°C - 68°C - 69°C | Throttling: None - None - None - None - None - None - None - None
1367 (1503032 Gflops/s) - 1372 (1508529 Gflops/s) - 1322 (1453554 Gflops/s) - 1354 (1488738 Gflops/s) - 1345 (1478843 Gflops/s) - 1343 (1476644 Gflops/s) - 1354 (1488738 Gflops/s) - 1347 (1481042 Gflops/s) | Temperatures: 58°C - 59°C - 67°C - 67°C - 60°C - 58°C - 68°C - 69°C | Throttling: None - None - None - None - None - None - None - None
1369 (1505231 Gflops/s) - 1371 (1507430 Gflops/s) - 1320 (1451355 Gflops/s) - 1356 (1490937 Gflops/s) - 1347 (1481042 Gflops/s) - 1342 (1475544 Gflops/s) - 1355 (1489838 Gflops/s) - 1348 (1482141 Gflops/s) | Temperatures: 58°C - 59°C - 68°C - 68°C - 60°C - 58°C - 68°C - 70°C | Throttling: None - None - None - None - None - None - None - None
1368 (1504131 Gflops/s) - 1370 (1506330 Gflops/s) - 1324 (1455753 Gflops/s) - 1355 (1489838 Gflops/s) - 1347 (1481042 Gflops/s) - 1343 (1476644 Gflops/s) - 1353 (1487639 Gflops/s) - 1348 (1482141 Gflops/s) | Temperatures: 58°C - 59°C - 68°C - 68°C - 61°C - 59°C - 68°C - 70°C | Throttling: None - None - None - None - None - None - None - None
1367 (1503032 Gflops/s) - 1372 (1508529 Gflops/s) - 1318 (1449156 Gflops/s) - 1355 (1489838 Gflops/s) - 1347 (1481042 Gflops/s) - 1344 (1477743 Gflops/s) - 1354 (1488738 Gflops/s) - 1348 (1482141 Gflops/s) | Temperatures: 58°C - 59°C - 68°C - 68°C - 61°C - 59°C - 68°C - 70°C | Throttling: None - None - None - None - None - None - None - None
1366 (1501932 Gflops/s) - 1370 (1506330 Gflops/s) - 1321 (1452454 Gflops/s) - 1353 (1487639 Gflops/s) - 1349 (1483241 Gflops/s) - 1342 (1475544 Gflops/s) - 1354 (1488738 Gflops/s) - 1346 (1479942 Gflops/s) | Temperatures: 59°C - 59°C - 68°C - 68°C - 61°C - 59°C - 68°C - 70°C | Throttling: None - None - None - None - None - None - None - None
1366 (1501932 Gflops/s) - 1371 (1507430 Gflops/s) - 1320 (1451355 Gflops/s) - 1354 (1488738 Gflops/s) - 1349 (1483241 Gflops/s) - 1343 (1476644 Gflops/s) - 1355 (1489838 Gflops/s) - 1346 (1479942 Gflops/s) | Temperatures: 59°C - 60°C - 68°C - 68°C - 61°C - 59°C - 69°C - 70°C | Throttling: None - None - None - None - None - None - None - None
1367 (1503032 Gflops/s) - 1370 (1506330 Gflops/s) - 1319 (1450255 Gflops/s) - 1354 (1488738 Gflops/s) - 1346 (1479942 Gflops/s) - 1343 (1476644 Gflops/s) - 1354 (1488738 Gflops/s) - 1344 (1477743 Gflops/s) | Temperatures: 59°C - 59°C - 69°C - 68°C - 61°C - 59°C - 69°C - 70°C | Throttling: None - None - None - None - None - None - None - None
1365 (1500833 Gflops/s) - 1370 (1506330 Gflops/s) - 1315 (1445857 Gflops/s) - 1355 (1489838 Gflops/s) - 1347 (1481042 Gflops/s) - 1343 (1476644 Gflops/s) - 1354 (1488738 Gflops/s) - 1345 (1478843 Gflops/s) | Temperatures: 59°C - 60°C - 68°C - 69°C - 61°C - 59°C - 69°C - 71°C | Throttling: None - None - None - None - None - None - None - None
1366 (1501932 Gflops/s) - 1369 (1505231 Gflops/s) - 1318 (1449156 Gflops/s) - 1354 (1488738 Gflops/s) - 1344 (1477743 Gflops/s) - 1342 (1475544 Gflops/s) - 1353 (1487639 Gflops/s) - 1346 (1479942 Gflops/s) | Temperatures: 59°C - 60°C - 69°C - 69°C - 61°C - 59°C - 69°C - 71°C | Throttling: None - None - None - None - None - None - None - None
1366 (1501932 Gflops/s) - 1369 (1505231 Gflops/s) - 1317 (1448056 Gflops/s) - 1355 (1489838 Gflops/s) - 1346 (1479942 Gflops/s) - 1343 (1476644 Gflops/s) - 1352 (1486539 Gflops/s) - 1342 (1475544 Gflops/s) | Temperatures: 59°C - 60°C - 69°C - 69°C - 61°C - 59°C - 69°C - 71°C | Throttling: None - None - None - None - None - None - None - None
1364 (1499733 Gflops/s) - 1367 (1503032 Gflops/s) - 1316 (1446957 Gflops/s) - 1353 (1487639 Gflops/s) - 1345 (1478843 Gflops/s) - 1342 (1475544 Gflops/s) - 1353 (1487639 Gflops/s) - 1341 (1474445 Gflops/s) | Temperatures: 59°C - 60°C - 69°C - 69°C - 62°C - 59°C - 69°C - 71°C | Throttling: None - None - None - None - None - None - None - None
1365 (1500833 Gflops/s) - 1370 (1506330 Gflops/s) - 1315 (1445857 Gflops/s) - 1353 (1487639 Gflops/s) - 1346 (1479942 Gflops/s) - 1342 (1475544 Gflops/s) - 1354 (1488738 Gflops/s) - 1343 (1476644 Gflops/s) | Temperatures: 59°C - 60°C - 69°C - 69°C - 61°C - 59°C - 70°C - 71°C | Throttling: None - None - None - None - None - None - None - None
1340 (1473345 Gflops/s) - 1345 (1478843 Gflops/s) - 1296 (1424967 Gflops/s) - 1331 (1463449 Gflops/s) - 1323 (1454653 Gflops/s) - 1320 (1451355 Gflops/s) - 1328 (1460151 Gflops/s) - 1319 (1450255 Gflops/s) | Temperatures: 59°C - 60°C - 69°C - 69°C - 62°C - 59°C - 70°C - 71°C | Throttling: None - None - None - None - None - None - None - None
1289 (1417270 Gflops/s) - 1295 (1423867 Gflops/s) - 1242 (1365593 Gflops/s) - 1280 (1407374 Gflops/s) - 1271 (1397479 Gflops/s) - 1268 (1394180 Gflops/s) - 1279 (1406275 Gflops/s) - 1269 (1395280 Gflops/s) | Temperatures: 59°C - 60°C - 69°C - 69°C - 62°C - 59°C - 70°C - 71°C | Throttling: None - None - None - None - None - None - None - None
1278 (1405175 Gflops/s) - 1282 (1409573 Gflops/s) - 1232 (1354598 Gflops/s) - 1268 (1394180 Gflops/s) - 1259 (1384285 Gflops/s) - 1256 (1380986 Gflops/s) - 1268 (1394180 Gflops/s) - 1255 (1379887 Gflops/s) | Temperatures: 59°C - 60°C - 70°C - 70°C - 62°C - 60°C - 70°C - 71°C | Throttling: None - None - None - None - None - None - None - None
1282 (1409573 Gflops/s) - 1286 (1413971 Gflops/s) - 1237 (1360095 Gflops/s) - 1273 (1399678 Gflops/s) - 1264 (1389782 Gflops/s) - 1261 (1386484 Gflops/s) - 1271 (1397479 Gflops/s) - 1260 (1385384 Gflops/s) | Temperatures: 59°C - 60°C - 70°C - 70°C - 62°C - 60°C - 70°C - 71°C | Throttling: None - None - None - None - None - None - None - None
1298 (1427166 Gflops/s) - 1303 (1432663 Gflops/s) - 1252 (1376588 Gflops/s) - 1290 (1418369 Gflops/s) - 1281 (1408474 Gflops/s) - 1277 (1404076 Gflops/s) - 1286 (1413971 Gflops/s) - 1277 (1404076 Gflops/s) | Temperatures: 59°C - 60°C - 70°C - 70°C - 62°C - 60°C - 70°C - 72°C | Throttling: None - None - None - None - None - None - None - None
1267 (1393081 Gflops/s) - 1272 (1398578 Gflops/s) - 1224 (1345802 Gflops/s) - 1258 (1383185 Gflops/s) - 1252 (1376588 Gflops/s) - 1246 (1369991 Gflops/s) - 1254 (1378787 Gflops/s) - 1247 (1371090 Gflops/s) | Temperatures: 60°C - 60°C - 70°C - 70°C - 62°C - 60°C - 70°C - 72°C | Throttling: None - None - None - None - None - None - None - None
1280 (1407374 Gflops/s) - 1284 (1411772 Gflops/s) - 1233 (1355697 Gflops/s) - 1272 (1398578 Gflops/s) - 1263 (1388683 Gflops/s) - 1260 (1385384 Gflops/s) - 1269 (1395280 Gflops/s) - 1260 (1385384 Gflops/s) | Temperatures: 60°C - 61°C - 70°C - 70°C - 62°C - 60°C - 70°C - 72°C | Throttling: None - None - None - None - None - None - None - None
1284 (1411772 Gflops/s) - 1289 (1417270 Gflops/s) - 1235 (1357896 Gflops/s) - 1275 (1401877 Gflops/s) - 1269 (1395280 Gflops/s) - 1264 (1389782 Gflops/s) - 1274 (1400777 Gflops/s) - 1264 (1389782 Gflops/s) | Temperatures: 60°C - 61°C - 70°C - 70°C - 62°C - 60°C - 71°C - 72°C | Throttling: None - None - None - None - None - None - None - None
1280 (1407374 Gflops/s) - 1285 (1412872 Gflops/s) - 1233 (1355697 Gflops/s) - 1273 (1399678 Gflops/s) - 1264 (1389782 Gflops/s) - 1260 (1385384 Gflops/s) - 1268 (1394180 Gflops/s) - 1259 (1384285 Gflops/s) | Temperatures: 60°C - 61°C - 70°C - 70°C - 62°C - 60°C - 71°C - 72°C | Throttling: None - None - None - None - None - None - None - None
1286 (1413971 Gflops/s) - 1292 (1420569 Gflops/s) - 1240 (1363394 Gflops/s) - 1279 (1406275 Gflops/s) - 1271 (1397479 Gflops/s) - 1267 (1393081 Gflops/s) - 1274 (1400777 Gflops/s) - 1266 (1391981 Gflops/s) | Temperatures: 60°C - 61°C - 70°C - 70°C - 62°C - 60°C - 71°C - 72°C | Throttling: None - None - None - None - None - None - None - None
1278 (1405175 Gflops/s) - 1282 (1409573 Gflops/s) - 1234 (1356797 Gflops/s) - 1269 (1395280 Gflops/s) - 1259 (1384285 Gflops/s) - 1258 (1383185 Gflops/s) - 1265 (1390882 Gflops/s) - 1256 (1380986 Gflops/s) | Temperatures: 60°C - 61°C - 71°C - 70°C - 62°C - 60°C - 71°C - 72°C | Throttling: None - None - None - None - None - None - None - None
1279 (1406275 Gflops/s) - 1285 (1412872 Gflops/s) - 1233 (1355697 Gflops/s) - 1271 (1397479 Gflops/s) - 1263 (1388683 Gflops/s) - 1259 (1384285 Gflops/s) - 1267 (1393081 Gflops/s) - 1258 (1383185 Gflops/s) | Temperatures: 60°C - 61°C - 70°C - 71°C - 62°C - 60°C - 71°C - 72°C | Throttling: None - None - None - None - None - None - None - None
1298 (1427166 Gflops/s) - 1302 (1431564 Gflops/s) - 1248 (1372190 Gflops/s) - 1290 (1418369 Gflops/s) - 1278 (1405175 Gflops/s) - 1277 (1404076 Gflops/s) - 1283 (1410673 Gflops/s) - 1276 (1402976 Gflops/s) | Temperatures: 60°C - 61°C - 71°C - 71°C - 62°C - 60°C - 71°C - 72°C | Throttling: None - None - None - None - None - None - None - None
1266 (1391981 Gflops/s) - 1271 (1397479 Gflops/s) - 1220 (1341404 Gflops/s) - 1259 (1384285 Gflops/s) - 1250 (1374389 Gflops/s) - 1246 (1369991 Gflops/s) - 1250 (1374389 Gflops/s) - 1246 (1369991 Gflops/s) | Temperatures: 60°C - 61°C - 71°C - 71°C - 62°C - 60°C - 71°C - 72°C | Throttling: None - None - None - None - None - None - None - None
1278 (1405175 Gflops/s) - 1285 (1412872 Gflops/s) - 1226 (1348001 Gflops/s) - 1272 (1398578 Gflops/s) - 1262 (1387583 Gflops/s) - 1258 (1383185 Gflops/s) - 1248 (1372190 Gflops/s) - 1258 (1383185 Gflops/s) | Temperatures: 60°C - 61°C - 71°C - 71°C - 62°C - 60°C - 71°C - 73°C | Throttling: None - None - None - None - None - None - None - None
1285 (1412872 Gflops/s) - 1289 (1417270 Gflops/s) - 1235 (1357896 Gflops/s) - 1277 (1404076 Gflops/s) - 1269 (1395280 Gflops/s) - 1267 (1393081 Gflops/s) - 1266 (1391981 Gflops/s) - 1264 (1389782 Gflops/s) | Temperatures: 60°C - 61°C - 71°C - 71°C - 62°C - 60°C - 71°C - 73°C | Throttling: None - None - None - None - None - None - None - None
1366 (1501932 Gflops/s) - 1374 (1510728 Gflops/s) - 1315 (1445857 Gflops/s) - 1359 (1494236 Gflops/s) - 1349 (1483241 Gflops/s) - 1345 (1478843 Gflops/s) - 1360 (1495335 Gflops/s) - 1346 (1479942 Gflops/s) | Temperatures: 60°C - 61°C - 71°C - 71°C - 63°C - 60°C - 71°C - 73°C | Throttling: None - None - None - None - None - None - None - None
1368 (1504131 Gflops/s) - 1375 (1511828 Gflops/s) - 1319 (1450255 Gflops/s) - 1361 (1496435 Gflops/s) - 1352 (1486539 Gflops/s) - 1345 (1478843 Gflops/s) - 1357 (1492037 Gflops/s) - 1346 (1479942 Gflops/s) | Temperatures: 60°C - 61°C - 71°C - 71°C - 63°C - 60°C - 71°C - 73°C | Throttling: None - None - None - None - None - None - None - None
1367 (1503032 Gflops/s) - 1373 (1509629 Gflops/s) - 1312 (1442559 Gflops/s) - 1358 (1493136 Gflops/s) - 1349 (1483241 Gflops/s) - 1345 (1478843 Gflops/s) - 1357 (1492037 Gflops/s) - 1345 (1478843 Gflops/s) | Temperatures: 60°C - 61°C - 71°C - 71°C - 62°C - 60°C - 72°C - 73°C | Throttling: None - None - None - None - None - None - None - None
1367 (1503032 Gflops/s) - 1372 (1508529 Gflops/s) - 1313 (1443658 Gflops/s) - 1358 (1493136 Gflops/s) - 1349 (1483241 Gflops/s) - 1345 (1478843 Gflops/s) - 1355 (1489838 Gflops/s) - 1345 (1478843 Gflops/s) | Temperatures: 60°C - 61°C - 71°C - 71°C - 62°C - 60°C - 72°C - 73°C | Throttling: None - None - None - None - None - None - None - None
1367 (1503032 Gflops/s) - 1374 (1510728 Gflops/s) - 1312 (1442559 Gflops/s) - 1359 (1494236 Gflops/s) - 1348 (1482141 Gflops/s) - 1344 (1477743 Gflops/s) - 1354 (1488738 Gflops/s) - 1345 (1478843 Gflops/s) | Temperatures: 60°C - 61°C - 71°C - 71°C - 63°C - 60°C - 72°C - 73°C | Throttling: None - None - None - None - None - None - None - None
1367 (1503032 Gflops/s) - 1372 (1508529 Gflops/s) - 1312 (1442559 Gflops/s) - 1357 (1492037 Gflops/s) - 1349 (1483241 Gflops/s) - 1345 (1478843 Gflops/s) - 1354 (1488738 Gflops/s) - 1346 (1479942 Gflops/s) | Temperatures: 60°C - 61°C - 71°C - 71°C - 63°C - 60°C - 72°C - 73°C | Throttling: None - None - None - None - None - None - None - None
1367 (1503032 Gflops/s) - 1372 (1508529 Gflops/s) - 1318 (1449156 Gflops/s) - 1358 (1493136 Gflops/s) - 1349 (1483241 Gflops/s) - 1344 (1477743 Gflops/s) - 1354 (1488738 Gflops/s) - 1345 (1478843 Gflops/s) | Temperatures: 60°C - 61°C - 71°C - 72°C - 63°C - 60°C - 72°C - 73°C | Throttling: None - None - None - None - None - None - None - None
1367 (1503032 Gflops/s) - 1373 (1509629 Gflops/s) - 1316 (1446957 Gflops/s) - 1357 (1492037 Gflops/s) - 1347 (1481042 Gflops/s) - 1344 (1477743 Gflops/s) - 1354 (1488738 Gflops/s) - 1346 (1479942 Gflops/s) | Temperatures: 60°C - 61°C - 72°C - 71°C - 63°C - 60°C - 72°C - 73°C | Throttling: None - None - None - None - None - None - None - None
1366 (1501932 Gflops/s) - 1373 (1509629 Gflops/s) - 1312 (1442559 Gflops/s) - 1357 (1492037 Gflops/s) - 1349 (1483241 Gflops/s) - 1346 (1479942 Gflops/s) - 1353 (1487639 Gflops/s) - 1345 (1478843 Gflops/s) | Temperatures: 60°C - 61°C - 71°C - 71°C - 63°C - 60°C - 72°C - 73°C | Throttling: None - None - None - None - None - None - None - None
1367 (1503032 Gflops/s) - 1373 (1509629 Gflops/s) - 1312 (1442559 Gflops/s) - 1358 (1493136 Gflops/s) - 1348 (1482141 Gflops/s) - 1345 (1478843 Gflops/s) - 1352 (1486539 Gflops/s) - 1344 (1477743 Gflops/s) | Temperatures: 60°C - 61°C - 71°C - 71°C - 63°C - 60°C - 72°C - 73°C | Throttling: None - None - None - None - None - None - None - None
1367 (1503032 Gflops/s) - 1373 (1509629 Gflops/s) - 1312 (1442559 Gflops/s) - 1359 (1494236 Gflops/s) - 1348 (1482141 Gflops/s) - 1345 (1478843 Gflops/s) - 1353 (1487639 Gflops/s) - 1345 (1478843 Gflops/s) | Temperatures: 60°C - 61°C - 71°C - 72°C - 63°C - 60°C - 72°C - 73°C | Throttling: None - None - None - None - None - None - None - None
1367 (1503032 Gflops/s) - 1372 (1508529 Gflops/s) - 1312 (1442559 Gflops/s) - 1357 (1492037 Gflops/s) - 1347 (1481042 Gflops/s) - 1345 (1478843 Gflops/s) - 1352 (1486539 Gflops/s) - 1344 (1477743 Gflops/s) | Temperatures: 60°C - 61°C - 71°C - 71°C - 63°C - 60°C - 72°C - 73°C | Throttling: None - None - None - None - None - None - None - None
1368 (1504131 Gflops/s) - 1374 (1510728 Gflops/s) - 1313 (1443658 Gflops/s) - 1359 (1494236 Gflops/s) - 1349 (1483241 Gflops/s) - 1347 (1481042 Gflops/s) - 1353 (1487639 Gflops/s) - 1346 (1479942 Gflops/s) | Temperatures: 60°C - 61°C - 71°C - 71°C - 63°C - 60°C - 72°C - 73°C | Throttling: None - None - None - None - None - None - None - None
1368 (1504131 Gflops/s) - 1372 (1508529 Gflops/s) - 1318 (1449156 Gflops/s) - 1358 (1493136 Gflops/s) - 1352 (1486539 Gflops/s) - 1345 (1478843 Gflops/s) - 1352 (1486539 Gflops/s) - 1345 (1478843 Gflops/s) | Temperatures: 60°C - 61°C - 71°C - 71°C - 63°C - 60°C - 72°C - 73°C | Throttling: None - None - None - None - None - None - None - None
1366 (1501932 Gflops/s) - 1372 (1508529 Gflops/s) - 1312 (1442559 Gflops/s) - 1359 (1494236 Gflops/s) - 1348 (1482141 Gflops/s) - 1343 (1476644 Gflops/s) - 1353 (1487639 Gflops/s) - 1344 (1477743 Gflops/s) | Temperatures: 60°C - 61°C - 71°C - 72°C - 63°C - 60°C - 72°C - 73°C | Throttling: None - None - None - None - None - None - None - None
1367 (1503032 Gflops/s) - 1373 (1509629 Gflops/s) - 1315 (1445857 Gflops/s) - 1359 (1494236 Gflops/s) - 1348 (1482141 Gflops/s) - 1345 (1478843 Gflops/s) - 1352 (1486539 Gflops/s) - 1345 (1478843 Gflops/s) | Temperatures: 60°C - 61°C - 71°C - 71°C - 63°C - 60°C - 72°C - 73°C | Throttling: None - None - None - None - None - None - None - None
1366 (1501932 Gflops/s) - 1372 (1508529 Gflops/s) - 1311 (1441459 Gflops/s) - 1357 (1492037 Gflops/s) - 1350 (1484340 Gflops/s) - 1344 (1477743 Gflops/s) - 1352 (1486539 Gflops/s) - 1345 (1478843 Gflops/s) | Temperatures: 60°C - 61°C - 71°C - 71°C - 63°C - 60°C - 72°C - 73°C | Throttling: None - None - None - None - None - None - None - None
1367 (1503032 Gflops/s) - 1371 (1507430 Gflops/s) - 1316 (1446957 Gflops/s) - 1358 (1493136 Gflops/s) - 1347 (1481042 Gflops/s) - 1344 (1477743 Gflops/s) - 1352 (1486539 Gflops/s) - 1344 (1477743 Gflops/s) | Temperatures: 60°C - 61°C - 71°C - 72°C - 62°C - 60°C - 72°C - 73°C | Throttling: None - None - None - None - None - None - None - None
1366 (1501932 Gflops/s) - 1373 (1509629 Gflops/s) - 1313 (1443658 Gflops/s) - 1359 (1494236 Gflops/s) - 1348 (1482141 Gflops/s) - 1345 (1478843 Gflops/s) - 1353 (1487639 Gflops/s) - 1345 (1478843 Gflops/s) | Temperatures: 60°C - 61°C - 71°C - 71°C - 63°C - 60°C - 72°C - 73°C | Throttling: None - None - None - None - None - None - None - None
1367 (1503032 Gflops/s) - 1372 (1508529 Gflops/s) - 1314 (1444758 Gflops/s) - 1359 (1494236 Gflops/s) - 1348 (1482141 Gflops/s) - 1345 (1478843 Gflops/s) - 1352 (1486539 Gflops/s) - 1344 (1477743 Gflops/s) | Temperatures: 60°C - 61°C - 71°C - 71°C - 63°C - 60°C - 72°C - 73°C | Throttling: None - None - None - None - None - None - None - None
1368 (1504131 Gflops/s) - 1372 (1508529 Gflops/s) - 1314 (1444758 Gflops/s) - 1358 (1493136 Gflops/s) - 1348 (1482141 Gflops/s) - 1345 (1478843 Gflops/s) - 1352 (1486539 Gflops/s) - 1345 (1478843 Gflops/s) | Temperatures: 60°C - 61°C - 71°C - 71°C - 63°C - 60°C - 72°C - 73°C | Throttling: None - None - None - None - None - None - None - None
1366 (1501932 Gflops/s) - 1372 (1508529 Gflops/s) - 1317 (1448056 Gflops/s) - 1359 (1494236 Gflops/s) - 1348 (1482141 Gflops/s) - 1345 (1478843 Gflops/s) - 1352 (1486539 Gflops/s) - 1345 (1478843 Gflops/s) | Temperatures: 60°C - 61°C - 71°C - 71°C - 63°C - 60°C - 72°C - 73°C | Throttling: None - None - None - None - None - None - None - None
1367 (1503032 Gflops/s) - 1372 (1508529 Gflops/s) - 1313 (1443658 Gflops/s) - 1358 (1493136 Gflops/s) - 1348 (1482141 Gflops/s) - 1344 (1477743 Gflops/s) - 1352 (1486539 Gflops/s) - 1344 (1477743 Gflops/s) | Temperatures: 60°C - 61°C - 71°C - 71°C - 63°C - 60°C - 72°C - 73°C | Throttling: None - None - None - None - None - None - None - None
1366 (1501932 Gflops/s) - 1373 (1509629 Gflops/s) - 1316 (1446957 Gflops/s) - 1358 (1493136 Gflops/s) - 1348 (1482141 Gflops/s) - 1344 (1477743 Gflops/s) - 1353 (1487639 Gflops/s) - 1345 (1478843 Gflops/s) | Temperatures: 60°C - 61°C - 71°C - 71°C - 63°C - 60°C - 72°C - 73°C | Throttling: None - None - None - None - None - None - None - None
1367 (1503032 Gflops/s) - 1372 (1508529 Gflops/s) - 1313 (1443658 Gflops/s) - 1358 (1493136 Gflops/s) - 1348 (1482141 Gflops/s) - 1344 (1477743 Gflops/s) - 1351 (1485440 Gflops/s) - 1345 (1478843 Gflops/s) | Temperatures: 60°C - 61°C - 71°C - 71°C - 63°C - 60°C - 72°C - 73°C | Throttling: None - None - None - None - None - None - None - None
1368 (1504131 Gflops/s) - 1373 (1509629 Gflops/s) - 1315 (1445857 Gflops/s) - 1360 (1495335 Gflops/s) - 1349 (1483241 Gflops/s) - 1346 (1479942 Gflops/s) - 1354 (1488738 Gflops/s) - 1345 (1478843 Gflops/s) | Temperatures: 60°C - 61°C - 71°C - 71°C - 63°C - 60°C - 72°C - 73°C | Throttling: None - None - None - None - None - None - None - None
1368 (1504131 Gflops/s) - 1372 (1508529 Gflops/s) - 1314 (1444758 Gflops/s) - 1360 (1495335 Gflops/s) - 1348 (1482141 Gflops/s) - 1345 (1478843 Gflops/s) - 1352 (1486539 Gflops/s) - 1345 (1478843 Gflops/s) | Temperatures: 60°C - 61°C - 71°C - 71°C - 63°C - 60°C - 72°C - 73°C | Throttling: None - None - None - None - None - None - None - None
1366 (1501932 Gflops/s) - 1371 (1507430 Gflops/s) - 1313 (1443658 Gflops/s) - 1359 (1494236 Gflops/s) - 1349 (1483241 Gflops/s) - 1343 (1476644 Gflops/s) - 1352 (1486539 Gflops/s) - 1344 (1477743 Gflops/s) | Temperatures: 60°C - 61°C - 71°C - 71°C - 63°C - 60°C - 72°C - 73°C | Throttling: None - None - None - None - None - None - None - None
1366 (1501932 Gflops/s) - 1374 (1510728 Gflops/s) - 1316 (1446957 Gflops/s) - 1359 (1494236 Gflops/s) - 1348 (1482141 Gflops/s) - 1343 (1476644 Gflops/s) - 1353 (1487639 Gflops/s) - 1345 (1478843 Gflops/s) | Temperatures: 60°C - 61°C - 71°C - 71°C - 63°C - 60°C - 72°C - 73°C | Throttling: None - None - None - None - None - None - None - None
1367 (1503032 Gflops/s) - 1372 (1508529 Gflops/s) - 1317 (1448056 Gflops/s) - 1358 (1493136 Gflops/s) - 1348 (1482141 Gflops/s) - 1344 (1477743 Gflops/s) - 1351 (1485440 Gflops/s) - 1344 (1477743 Gflops/s) | Temperatures: 60°C - 61°C - 71°C - 71°C - 63°C - 60°C - 72°C - 73°C | Throttling: None - None - None - None - None - None - None - None
1366 (1501932 Gflops/s) - 1373 (1509629 Gflops/s) - 1312 (1442559 Gflops/s) - 1360 (1495335 Gflops/s) - 1347 (1481042 Gflops/s) - 1343 (1476644 Gflops/s) - 1353 (1487639 Gflops/s) - 1345 (1478843 Gflops/s) | Temperatures: 60°C - 61°C - 71°C - 71°C - 63°C - 60°C - 72°C - 73°C | Throttling: None - None - None - None - None - None - None - None
1366 (1501932 Gflops/s) - 1372 (1508529 Gflops/s) - 1316 (1446957 Gflops/s) - 1358 (1493136 Gflops/s) - 1348 (1482141 Gflops/s) - 1345 (1478843 Gflops/s) - 1353 (1487639 Gflops/s) - 1345 (1478843 Gflops/s) | Temperatures: 60°C - 61°C - 71°C - 71°C - 63°C - 60°C - 72°C - 73°C | Throttling: None - None - None - None - None - None - None - None
1366 (1501932 Gflops/s) - 1372 (1508529 Gflops/s) - 1314 (1444758 Gflops/s) - 1359 (1494236 Gflops/s) - 1348 (1482141 Gflops/s) - 1345 (1478843 Gflops/s) - 1352 (1486539 Gflops/s) - 1344 (1477743 Gflops/s) | Temperatures: 60°C - 61°C - 71°C - 71°C - 63°C - 60°C - 72°C - 73°C | Throttling: None - None - None - None - None - None - None - None
1367 (1503032 Gflops/s) - 1373 (1509629 Gflops/s) - 1315 (1445857 Gflops/s) - 1359 (1494236 Gflops/s) - 1348 (1482141 Gflops/s) - 1344 (1477743 Gflops/s) - 1348 (1482141 Gflops/s) - 1345 (1478843 Gflops/s) | Temperatures: 60°C - 61°C - 71°C - 71°C - 63°C - 60°C - 72°C - 73°C | Throttling: None - None - None - None - None - None - None - None
1367 (1503032 Gflops/s) - 1372 (1508529 Gflops/s) - 1315 (1445857 Gflops/s) - 1359 (1494236 Gflops/s) - 1349 (1483241 Gflops/s) - 1344 (1477743 Gflops/s) - 1353 (1487639 Gflops/s) - 1344 (1477743 Gflops/s) | Temperatures: 60°C - 61°C - 71°C - 71°C - 63°C - 60°C - 72°C - 73°C | Throttling: None - None - None - None - None - None - None - None
1368 (1504131 Gflops/s) - 1373 (1509629 Gflops/s) - 1316 (1446957 Gflops/s) - 1360 (1495335 Gflops/s) - 1350 (1484340 Gflops/s) - 1345 (1478843 Gflops/s) - 1353 (1487639 Gflops/s) - 1346 (1479942 Gflops/s) | Temperatures: 60°C - 61°C - 71°C - 71°C - 63°C - 60°C - 72°C - 73°C | Throttling: None - None - None - None - None - None - None - None
1366 (1501932 Gflops/s) - 1372 (1508529 Gflops/s) - 1316 (1446957 Gflops/s) - 1358 (1493136 Gflops/s) - 1348 (1482141 Gflops/s) - 1345 (1478843 Gflops/s) - 1352 (1486539 Gflops/s) - 1345 (1478843 Gflops/s) | Temperatures: 60°C - 61°C - 71°C - 71°C - 63°C - 60°C - 72°C - 73°C | Throttling: None - None - None - None - None - None - None - None
1366 (1501932 Gflops/s) - 1372 (1508529 Gflops/s) - 1315 (1445857 Gflops/s) - 1358 (1493136 Gflops/s) - 1349 (1483241 Gflops/s) - 1343 (1476644 Gflops/s) - 1353 (1487639 Gflops/s) - 1344 (1477743 Gflops/s) | Temperatures: 60°C - 61°C - 71°C - 71°C - 63°C - 60°C - 72°C - 73°C | Throttling: None - None - None - None - None - None - None - None
1367 (1503032 Gflops/s) - 1372 (1508529 Gflops/s) - 1315 (1445857 Gflops/s) - 1360 (1495335 Gflops/s) - 1348 (1482141 Gflops/s) - 1345 (1478843 Gflops/s) - 1352 (1486539 Gflops/s) - 1345 (1478843 Gflops/s) | Temperatures: 60°C - 61°C - 71°C - 71°C - 63°C - 60°C - 72°C - 73°C | Throttling: None - None - None - None - None - None - None - None
1366 (1501932 Gflops/s) - 1372 (1508529 Gflops/s) - 1314 (1444758 Gflops/s) - 1358 (1493136 Gflops/s) - 1349 (1483241 Gflops/s) - 1345 (1478843 Gflops/s) - 1353 (1487639 Gflops/s) - 1345 (1478843 Gflops/s) | Temperatures: 60°C - 61°C - 71°C - 71°C - 63°C - 60°C - 72°C - 73°C | Throttling: None - None - None - None - None - None - None - None
1367 (1503032 Gflops/s) - 1372 (1508529 Gflops/s) - 1315 (1445857 Gflops/s) - 1359 (1494236 Gflops/s) - 1348 (1482141 Gflops/s) - 1344 (1477743 Gflops/s) - 1353 (1487639 Gflops/s) - 1344 (1477743 Gflops/s) | Temperatures: 60°C - 61°C - 71°C - 71°C - 63°C - 60°C - 72°C - 73°C | Throttling: None - None - None - None - None - None - None - None
1366 (1501932 Gflops/s) - 1372 (1508529 Gflops/s) - 1316 (1446957 Gflops/s) - 1359 (1494236 Gflops/s) - 1350 (1484340 Gflops/s) - 1344 (1477743 Gflops/s) - 1353 (1487639 Gflops/s) - 1345 (1478843 Gflops/s) | Temperatures: 60°C - 61°C - 71°C - 71°C - 63°C - 60°C - 72°C - 73°C | Throttling: None - None - None - None - None - None - None - None
1367 (1503032 Gflops/s) - 1373 (1509629 Gflops/s) - 1313 (1443658 Gflops/s) - 1357 (1492037 Gflops/s) - 1348 (1482141 Gflops/s) - 1344 (1477743 Gflops/s) - 1353 (1487639 Gflops/s) - 1344 (1477743 Gflops/s) | Temperatures: 60°C - 61°C - 71°C - 71°C - 63°C - 60°C - 72°C - 73°C | Throttling: None - None - None - None - None - None - None - None
1366 (1501932 Gflops/s) - 1372 (1508529 Gflops/s) - 1317 (1448056 Gflops/s) - 1359 (1494236 Gflops/s) - 1349 (1483241 Gflops/s) - 1343 (1476644 Gflops/s) - 1352 (1486539 Gflops/s) - 1345 (1478843 Gflops/s) | Temperatures: 60°C - 61°C - 71°C - 71°C - 63°C - 60°C - 72°C - 73°C | Throttling: None - None - None - None - None - None - None - None
1367 (1503032 Gflops/s) - 1372 (1508529 Gflops/s) - 1313 (1443658 Gflops/s) - 1358 (1493136 Gflops/s) - 1349 (1483241 Gflops/s) - 1343 (1476644 Gflops/s) - 1352 (1486539 Gflops/s) - 1344 (1477743 Gflops/s) | Temperatures: 60°C - 61°C - 71°C - 71°C - 63°C - 60°C - 72°C - 73°C | Throttling: None - None - None - None - None - None - None - None
1366 (1501932 Gflops/s) - 1372 (1508529 Gflops/s) - 1312 (1442559 Gflops/s) - 1359 (1494236 Gflops/s) - 1348 (1482141 Gflops/s) - 1342 (1475544 Gflops/s) - 1352 (1486539 Gflops/s) - 1345 (1478843 Gflops/s) | Temperatures: 60°C - 61°C - 71°C - 71°C - 63°C - 60°C - 72°C - 73°C | Throttling: None - None - None - None - None - None - None - None
1370 (1506330 Gflops/s) - 1374 (1510728 Gflops/s) - 1315 (1445857 Gflops/s) - 1360 (1495335 Gflops/s) - 1352 (1486539 Gflops/s) - 1346 (1479942 Gflops/s) - 1353 (1487639 Gflops/s) - 1346 (1479942 Gflops/s) | Temperatures: 60°C - 61°C - 71°C - 71°C - 63°C - 60°C - 72°C - 73°C | Throttling: None - None - None - None - None - None - None - None
1367 (1503032 Gflops/s) - 1373 (1509629 Gflops/s) - 1315 (1445857 Gflops/s) - 1359 (1494236 Gflops/s) - 1350 (1484340 Gflops/s) - 1344 (1477743 Gflops/s) - 1353 (1487639 Gflops/s) - 1344 (1477743 Gflops/s) | Temperatures: 60°C - 61°C - 71°C - 71°C - 63°C - 60°C - 72°C - 73°C | Throttling: None - None - None - None - None - None - None - None
1367 (1503032 Gflops/s) - 1372 (1508529 Gflops/s) - 1313 (1443658 Gflops/s) - 1358 (1493136 Gflops/s) - 1348 (1482141 Gflops/s) - 1344 (1477743 Gflops/s) - 1353 (1487639 Gflops/s) - 1345 (1478843 Gflops/s) | Temperatures: 60°C - 61°C - 71°C - 71°C - 63°C - 60°C - 72°C - 73°C | Throttling: None - None - None - None - None - None - None - None
1290 (1418369 Gflops/s) - 1294 (1422768 Gflops/s) - 1240 (1363394 Gflops/s) - 1281 (1408474 Gflops/s) - 1272 (1398578 Gflops/s) - 1269 (1395280 Gflops/s) - 1277 (1404076 Gflops/s) - 1269 (1395280 Gflops/s) | Temperatures: 60°C - 61°C - 71°C - 71°C - 63°C - 60°C - 72°C - 73°C | Throttling: None - None - None - None - None - None - None - None
1269 (1395280 Gflops/s) - 1276 (1402976 Gflops/s) - 1222 (1343603 Gflops/s) - 1262 (1387583 Gflops/s) - 1253 (1377688 Gflops/s) - 1248 (1372190 Gflops/s) - 1257 (1382086 Gflops/s) - 1249 (1373290 Gflops/s) | Temperatures: 60°C - 61°C - 71°C - 71°C - 63°C - 60°C - 72°C - 73°C | Throttling: None - None - None - None - None - None - None - None
1274 (1400777 Gflops/s) - 1278 (1405175 Gflops/s) - 1225 (1346901 Gflops/s) - 1266 (1391981 Gflops/s) - 1255 (1379887 Gflops/s) - 1253 (1377688 Gflops/s) - 1260 (1385384 Gflops/s) - 1253 (1377688 Gflops/s) | Temperatures: 60°C - 61°C - 71°C - 71°C - 63°C - 60°C - 72°C - 73°C | Throttling: None - None - None - None - None - None - None - None
1292 (1420569 Gflops/s) - 1299 (1428265 Gflops/s) - 1244 (1367792 Gflops/s) - 1285 (1412872 Gflops/s) - 1276 (1402976 Gflops/s) - 1271 (1397479 Gflops/s) - 1280 (1407374 Gflops/s) - 1271 (1397479 Gflops/s) | Temperatures: 60°C - 61°C - 71°C - 71°C - 63°C - 60°C - 72°C - 73°C | Throttling: None - None - None - None - None - None - None - None
1259 (1384285 Gflops/s) - 1264 (1389782 Gflops/s) - 1215 (1335906 Gflops/s) - 1252 (1376588 Gflops/s) - 1241 (1364493 Gflops/s) - 1238 (1361195 Gflops/s) - 1245 (1368891 Gflops/s) - 1239 (1362294 Gflops/s) | Temperatures: 60°C - 61°C - 71°C - 71°C - 63°C - 60°C - 72°C - 73°C | Throttling: None - None - None - None - None - None - None - None
1274 (1400777 Gflops/s) - 1279 (1406275 Gflops/s) - 1227 (1349100 Gflops/s) - 1266 (1391981 Gflops/s) - 1257 (1382086 Gflops/s) - 1253 (1377688 Gflops/s) - 1261 (1386484 Gflops/s) - 1253 (1377688 Gflops/s) | Temperatures: 60°C - 61°C - 71°C - 71°C - 63°C - 60°C - 72°C - 73°C | Throttling: None - None - None - None - None - None - None - None
1278 (1405175 Gflops/s) - 1283 (1410673 Gflops/s) - 1228 (1350200 Gflops/s) - 1271 (1397479 Gflops/s) - 1261 (1386484 Gflops/s) - 1257 (1382086 Gflops/s) - 1265 (1390882 Gflops/s) - 1257 (1382086 Gflops/s) | Temperatures: 60°C - 61°C - 71°C - 71°C - 63°C - 60°C - 72°C - 73°C | Throttling: None - None - None - None - None - None - None - None
1273 (1399678 Gflops/s) - 1279 (1406275 Gflops/s) - 1221 (1342503 Gflops/s) - 1265 (1390882 Gflops/s) - 1258 (1383185 Gflops/s) - 1253 (1377688 Gflops/s) - 1260 (1385384 Gflops/s) - 1253 (1377688 Gflops/s) | Temperatures: 60°C - 61°C - 71°C - 71°C - 63°C - 60°C - 72°C - 73°C | Throttling: None - None - None - None - None - None - None - None
1283 (1410673 Gflops/s) - 1287 (1415071 Gflops/s) - 1229 (1351299 Gflops/s) - 1272 (1398578 Gflops/s) - 1265 (1390882 Gflops/s) - 1261 (1386484 Gflops/s) - 1270 (1396379 Gflops/s) - 1262 (1387583 Gflops/s) | Temperatures: 60°C - 61°C - 71°C - 71°C - 63°C - 60°C - 72°C - 73°C | Throttling: None - None - None - None - None - None - None - None
1269 (1395280 Gflops/s) - 1275 (1401877 Gflops/s) - 1217 (1338105 Gflops/s) - 1262 (1387583 Gflops/s) - 1253 (1377688 Gflops/s) - 1250 (1374389 Gflops/s) - 1255 (1379887 Gflops/s) - 1248 (1372190 Gflops/s) | Temperatures: 60°C - 61°C - 71°C - 71°C - 63°C - 60°C - 72°C - 73°C | Throttling: None - None - None - None - None - None - None - None
1273 (1399678 Gflops/s) - 1278 (1405175 Gflops/s) - 1220 (1341404 Gflops/s) - 1265 (1390882 Gflops/s) - 1255 (1379887 Gflops/s) - 1253 (1377688 Gflops/s) - 1260 (1385384 Gflops/s) - 1253 (1377688 Gflops/s) | Temperatures: 60°C - 61°C - 71°C - 71°C - 63°C - 60°C - 72°C - 73°C | Throttling: None - None - None - None - None - None - None - None
1293 (1421668 Gflops/s) - 1299 (1428265 Gflops/s) - 1246 (1369991 Gflops/s) - 1287 (1415071 Gflops/s) - 1277 (1404076 Gflops/s) - 1275 (1401877 Gflops/s) - 1280 (1407374 Gflops/s) - 1273 (1399678 Gflops/s) | Temperatures: 60°C - 61°C - 71°C - 71°C - 63°C - 60°C - 72°C - 73°C | Throttling: None - None - None - None - None - None - None - None
1259 (1384285 Gflops/s) - 1264 (1389782 Gflops/s) - 1209 (1329309 Gflops/s) - 1251 (1375489 Gflops/s) - 1242 (1365593 Gflops/s) - 1238 (1361195 Gflops/s) - 1245 (1368891 Gflops/s) - 1238 (1361195 Gflops/s) | Temperatures: 60°C - 61°C - 71°C - 71°C - 63°C - 60°C - 72°C - 73°C | Throttling: None - None - None - None - None - None - None - None
1274 (1400777 Gflops/s) - 1280 (1407374 Gflops/s) - 1225 (1346901 Gflops/s) - 1265 (1390882 Gflops/s) - 1257 (1382086 Gflops/s) - 1254 (1378787 Gflops/s) - 1260 (1385384 Gflops/s) - 1254 (1378787 Gflops/s) | Temperatures: 60°C - 61°C - 71°C - 71°C - 63°C - 60°C - 72°C - 73°C | Throttling: None - None - None - None - None - None - None - None
1277 (1404076 Gflops/s) - 1282 (1409573 Gflops/s) - 1225 (1346901 Gflops/s) - 1268 (1394180 Gflops/s) - 1262 (1387583 Gflops/s) - 1257 (1382086 Gflops/s) - 1264 (1389782 Gflops/s) - 1256 (1380986 Gflops/s) | Temperatures: 60°C - 61°C - 71°C - 71°C - 63°C - 60°C - 72°C - 73°C | Throttling: None - None - None - None - None - None - None - None
1290 (1418369 Gflops/s) - 1295 (1423867 Gflops/s) - 1240 (1363394 Gflops/s) - 1282 (1409573 Gflops/s) - 1272 (1398578 Gflops/s) - 1268 (1394180 Gflops/s) - 1276 (1402976 Gflops/s) - 1269 (1395280 Gflops/s) | Temperatures: 60°C - 61°C - 71°C - 71°C - 63°C - 60°C - 72°C - 73°C | Throttling: None - None - None - None - None - None - None - None
1376 (1512927 Gflops/s) - 1382 (1519525 Gflops/s) - 1322 (1453554 Gflops/s) - 1367 (1503032 Gflops/s) - 1358 (1493136 Gflops/s) - 1354 (1488738 Gflops/s) - 1362 (1497534 Gflops/s) - 1354 (1488738 Gflops/s) | Temperatures: 60°C - 61°C - 71°C - 71°C - 63°C - 60°C - 72°C - 73°C | Throttling: None - None - None - None - None - None - None - None
1378 (1515127 Gflops/s) - 1384 (1521724 Gflops/s) - 1324 (1455753 Gflops/s) - 1370 (1506330 Gflops/s) - 1359 (1494236 Gflops/s) - 1355 (1489838 Gflops/s) - 1362 (1497534 Gflops/s) - 1357 (1492037 Gflops/s) | Temperatures: 60°C - 61°C - 71°C - 71°C - 63°C - 60°C - 72°C - 73°C | Throttling: None - None - None - None - None - None - None - None
1377 (1514027 Gflops/s) - 1383 (1520624 Gflops/s) - 1320 (1451355 Gflops/s) - 1367 (1503032 Gflops/s) - 1357 (1492037 Gflops/s) - 1353 (1487639 Gflops/s) - 1362 (1497534 Gflops/s) - 1354 (1488738 Gflops/s) | Temperatures: 60°C - 61°C - 71°C - 71°C - 63°C - 60°C - 72°C - 73°C | Throttling: None - None - None - None - None - None - None - None
1378 (1515127 Gflops/s) - 1382 (1519525 Gflops/s) - 1325 (1456852 Gflops/s) - 1368 (1504131 Gflops/s) - 1361 (1496435 Gflops/s) - 1355 (1489838 Gflops/s) - 1362 (1497534 Gflops/s) - 1355 (1489838 Gflops/s) | Temperatures: 60°C - 61°C - 71°C - 71°C - 63°C - 60°C - 72°C - 73°C | Throttling: None - None - None - None - None - None - None - None
1378 (1515127 Gflops/s) - 1383 (1520624 Gflops/s) - 1324 (1455753 Gflops/s) - 1368 (1504131 Gflops/s) - 1358 (1493136 Gflops/s) - 1355 (1489838 Gflops/s) - 1365 (1500833 Gflops/s) - 1355 (1489838 Gflops/s) | Temperatures: 60°C - 61°C - 71°C - 71°C - 63°C - 60°C - 72°C - 73°C | Throttling: None - None - None - None - None - None - None - None
1376 (1512927 Gflops/s) - 1383 (1520624 Gflops/s) - 1325 (1456852 Gflops/s) - 1367 (1503032 Gflops/s) - 1359 (1494236 Gflops/s) - 1354 (1488738 Gflops/s) - 1363 (1498634 Gflops/s) - 1355 (1489838 Gflops/s) | Temperatures: 60°C - 61°C - 71°C - 71°C - 63°C - 60°C - 72°C - 73°C | Throttling: None - None - None - None - None - None - None - None
1378 (1515127 Gflops/s) - 1383 (1520624 Gflops/s) - 1324 (1455753 Gflops/s) - 1370 (1506330 Gflops/s) - 1358 (1493136 Gflops/s) - 1354 (1488738 Gflops/s) - 1362 (1497534 Gflops/s) - 1355 (1489838 Gflops/s) | Temperatures: 60°C - 61°C - 71°C - 71°C - 63°C - 60°C - 72°C - 73°C | Throttling: None - None - None - None - None - None - None - None
1378 (1515127 Gflops/s) - 1383 (1520624 Gflops/s) - 1326 (1457952 Gflops/s) - 1369 (1505231 Gflops/s) - 1360 (1495335 Gflops/s) - 1355 (1489838 Gflops/s) - 1364 (1499733 Gflops/s) - 1356 (1490937 Gflops/s) | Temperatures: 60°C - 61°C - 71°C - 72°C - 63°C - 60°C - 72°C - 73°C | Throttling: None - None - None - None - None - None - None - None
1377 (1514027 Gflops/s) - 1383 (1520624 Gflops/s) - 1323 (1454653 Gflops/s) - 1368 (1504131 Gflops/s) - 1359 (1494236 Gflops/s) - 1354 (1488738 Gflops/s) - 1362 (1497534 Gflops/s) - 1354 (1488738 Gflops/s) | Temperatures: 60°C - 61°C - 71°C - 72°C - 63°C - 60°C - 72°C - 73°C | Throttling: None - None - None - None - None - None - None - None
1376 (1512927 Gflops/s) - 1382 (1519525 Gflops/s) - 1326 (1457952 Gflops/s) - 1367 (1503032 Gflops/s) - 1358 (1493136 Gflops/s) - 1355 (1489838 Gflops/s) - 1363 (1498634 Gflops/s) - 1354 (1488738 Gflops/s) | Temperatures: 60°C - 61°C - 71°C - 71°C - 63°C - 60°C - 72°C - 73°C | Throttling: None - None - None - None - None - None - None - None
1378 (1515127 Gflops/s) - 1383 (1520624 Gflops/s) - 1321 (1452454 Gflops/s) - 1369 (1505231 Gflops/s) - 1359 (1494236 Gflops/s) - 1355 (1489838 Gflops/s) - 1364 (1499733 Gflops/s) - 1356 (1490937 Gflops/s) | Temperatures: 60°C - 61°C - 71°C - 71°C - 63°C - 60°C - 72°C - 73°C | Throttling: None - None - None - None - None - None - None - None
1377 (1514027 Gflops/s) - 1382 (1519525 Gflops/s) - 1324 (1455753 Gflops/s) - 1366 (1501932 Gflops/s) - 1359 (1494236 Gflops/s) - 1353 (1487639 Gflops/s) - 1362 (1497534 Gflops/s) - 1354 (1488738 Gflops/s) | Temperatures: 60°C - 61°C - 71°C - 71°C - 63°C - 60°C - 72°C - 73°C | Throttling: None - None - None - None - None - None - None - None
1378 (1515127 Gflops/s) - 1384 (1521724 Gflops/s) - 1322 (1453554 Gflops/s) - 1368 (1504131 Gflops/s) - 1360 (1495335 Gflops/s) - 1356 (1490937 Gflops/s) - 1364 (1499733 Gflops/s) - 1356 (1490937 Gflops/s) | Temperatures: 60°C - 61°C - 71°C - 71°C - 63°C - 60°C - 72°C - 73°C | Throttling: None - None - None - None - None - None - None - None
1376 (1512927 Gflops/s) - 1383 (1520624 Gflops/s) - 1319 (1450255 Gflops/s) - 1366 (1501932 Gflops/s) - 1358 (1493136 Gflops/s) - 1354 (1488738 Gflops/s) - 1361 (1496435 Gflops/s) - 1355 (1489838 Gflops/s) | Temperatures: 60°C - 61°C - 71°C - 71°C - 63°C - 60°C - 72°C - 73°C | Throttling: None - None - None - None - None - None - None - None
1377 (1514027 Gflops/s) - 1382 (1519525 Gflops/s) - 1323 (1454653 Gflops/s) - 1367 (1503032 Gflops/s) - 1361 (1496435 Gflops/s) - 1353 (1487639 Gflops/s) - 1361 (1496435 Gflops/s) - 1355 (1489838 Gflops/s) | Temperatures: 60°C - 61°C - 71°C - 71°C - 63°C - 60°C - 72°C - 73°C | Throttling: None - None - None - None - None - None - None - None
1378 (1515127 Gflops/s) - 1383 (1520624 Gflops/s) - 1325 (1456852 Gflops/s) - 1368 (1504131 Gflops/s) - 1358 (1493136 Gflops/s) - 1354 (1488738 Gflops/s) - 1364 (1499733 Gflops/s) - 1356 (1490937 Gflops/s) | Temperatures: 60°C - 61°C - 71°C - 71°C - 63°C - 60°C - 72°C - 73°C | Throttling: None - None - None - None - None - None - None - None
1376 (1512927 Gflops/s) - 1381 (1518425 Gflops/s) - 1323 (1454653 Gflops/s) - 1368 (1504131 Gflops/s) - 1358 (1493136 Gflops/s) - 1353 (1487639 Gflops/s) - 1362 (1497534 Gflops/s) - 1354 (1488738 Gflops/s) | Temperatures: 60°C - 61°C - 71°C - 71°C - 63°C - 60°C - 72°C - 73°C | Throttling: None - None - None - None - None - None - None - None
1378 (1515127 Gflops/s) - 1384 (1521724 Gflops/s) - 1323 (1454653 Gflops/s) - 1366 (1501932 Gflops/s) - 1360 (1495335 Gflops/s) - 1355 (1489838 Gflops/s) - 1363 (1498634 Gflops/s) - 1355 (1489838 Gflops/s) | Temperatures: 60°C - 61°C - 71°C - 71°C - 63°C - 60°C - 72°C - 73°C | Throttling: None - None - None - None - None - None - None - None
1376 (1512927 Gflops/s) - 1383 (1520624 Gflops/s) - 1325 (1456852 Gflops/s) - 1368 (1504131 Gflops/s) - 1357 (1492037 Gflops/s) - 1353 (1487639 Gflops/s) - 1362 (1497534 Gflops/s) - 1355 (1489838 Gflops/s) | Temperatures: 60°C - 61°C - 71°C - 71°C - 63°C - 60°C - 72°C - 74°C | Throttling: None - None - None - None - None - None - None - None
1377 (1514027 Gflops/s) - 1383 (1520624 Gflops/s) - 1324 (1455753 Gflops/s) - 1368 (1504131 Gflops/s) - 1360 (1495335 Gflops/s) - 1356 (1490937 Gflops/s) - 1363 (1498634 Gflops/s) - 1355 (1489838 Gflops/s) | Temperatures: 60°C - 61°C - 71°C - 71°C - 63°C - 60°C - 72°C - 73°C | Throttling: None - None - None - None - None - None - None - None
1377 (1514027 Gflops/s) - 1382 (1519525 Gflops/s) - 1324 (1455753 Gflops/s) - 1367 (1503032 Gflops/s) - 1357 (1492037 Gflops/s) - 1354 (1488738 Gflops/s) - 1362 (1497534 Gflops/s) - 1355 (1489838 Gflops/s) | Temperatures: 60°C - 61°C - 71°C - 71°C - 63°C - 60°C - 72°C - 73°C | Throttling: None - None - None - None - None - None - None - None
1377 (1514027 Gflops/s) - 1384 (1521724 Gflops/s) - 1324 (1455753 Gflops/s) - 1367 (1503032 Gflops/s) - 1359 (1494236 Gflops/s) - 1355 (1489838 Gflops/s) - 1364 (1499733 Gflops/s) - 1356 (1490937 Gflops/s) | Temperatures: 60°C - 61°C - 71°C - 72°C - 63°C - 60°C - 72°C - 74°C | Throttling: None - None - None - None - None - None - None - None
1377 (1514027 Gflops/s) - 1382 (1519525 Gflops/s) - 1324 (1455753 Gflops/s) - 1369 (1505231 Gflops/s) - 1359 (1494236 Gflops/s) - 1356 (1490937 Gflops/s) - 1363 (1498634 Gflops/s) - 1355 (1489838 Gflops/s) | Temperatures: 60°C - 61°C - 71°C - 71°C - 63°C - 60°C - 72°C - 73°C | Throttling: None - None - None - None - None - None - None - None
1377 (1514027 Gflops/s) - 1382 (1519525 Gflops/s) - 1320 (1451355 Gflops/s) - 1367 (1503032 Gflops/s) - 1358 (1493136 Gflops/s) - 1354 (1488738 Gflops/s) - 1363 (1498634 Gflops/s) - 1354 (1488738 Gflops/s) | Temperatures: 60°C - 61°C - 71°C - 72°C - 63°C - 60°C - 72°C - 73°C | Throttling: None - None - None - None - None - None - None - None
1378 (1515127 Gflops/s) - 1384 (1521724 Gflops/s) - 1324 (1455753 Gflops/s) - 1370 (1506330 Gflops/s) - 1359 (1494236 Gflops/s) - 1354 (1488738 Gflops/s) - 1364 (1499733 Gflops/s) - 1355 (1489838 Gflops/s) | Temperatures: 60°C - 61°C - 71°C - 71°C - 63°C - 60°C - 72°C - 73°C | Throttling: None - None - None - None - None - None - None - None
1376 (1512927 Gflops/s) - 1382 (1519525 Gflops/s) - 1324 (1455753 Gflops/s) - 1367 (1503032 Gflops/s) - 1359 (1494236 Gflops/s) - 1354 (1488738 Gflops/s) - 1363 (1498634 Gflops/s) - 1355 (1489838 Gflops/s) | Temperatures: 60°C - 61°C - 71°C - 71°C - 63°C - 60°C - 72°C - 74°C | Throttling: None - None - None - None - None - None - None - None
1378 (1515127 Gflops/s) - 1384 (1521724 Gflops/s) - 1325 (1456852 Gflops/s) - 1370 (1506330 Gflops/s) - 1359 (1494236 Gflops/s) - 1354 (1488738 Gflops/s) - 1364 (1499733 Gflops/s) - 1356 (1490937 Gflops/s) | Temperatures: 60°C - 61°C - 71°C - 71°C - 63°C - 60°C - 72°C - 73°C | Throttling: None - None - None - None - None - None - None - None
1376 (1512927 Gflops/s) - 1381 (1518425 Gflops/s) - 1322 (1453554 Gflops/s) - 1368 (1504131 Gflops/s) - 1358 (1493136 Gflops/s) - 1355 (1489838 Gflops/s) - 1362 (1497534 Gflops/s) - 1354 (1488738 Gflops/s) | Temperatures: 60°C - 61°C - 71°C - 71°C - 63°C - 60°C - 72°C - 73°C | Throttling: None - None - None - None - None - None - None - None
1379 (1516226 Gflops/s) - 1383 (1520624 Gflops/s) - 1322 (1453554 Gflops/s) - 1369 (1505231 Gflops/s) - 1360 (1495335 Gflops/s) - 1356 (1490937 Gflops/s) - 1364 (1499733 Gflops/s) - 1356 (1490937 Gflops/s) | Temperatures: 60°C - 61°C - 71°C - 71°C - 63°C - 60°C - 72°C - 73°C | Throttling: None - None - None - None - None - None - None - None
1376 (1512927 Gflops/s) - 1382 (1519525 Gflops/s) - 1324 (1455753 Gflops/s) - 1367 (1503032 Gflops/s) - 1359 (1494236 Gflops/s) - 1354 (1488738 Gflops/s) - 1362 (1497534 Gflops/s) - 1354 (1488738 Gflops/s) | Temperatures: 60°C - 61°C - 71°C - 71°C - 63°C - 60°C - 72°C - 73°C | Throttling: None - None - None - None - None - None - None - None
1377 (1514027 Gflops/s) - 1382 (1519525 Gflops/s) - 1321 (1452454 Gflops/s) - 1368 (1504131 Gflops/s) - 1359 (1494236 Gflops/s) - 1355 (1489838 Gflops/s) - 1362 (1497534 Gflops/s) - 1355 (1489838 Gflops/s) | Temperatures: 60°C - 61°C - 71°C - 71°C - 63°C - 60°C - 72°C - 73°C | Throttling: None - None - None - None - None - None - None - None
1378 (1515127 Gflops/s) - 1384 (1521724 Gflops/s) - 1326 (1457952 Gflops/s) - 1368 (1504131 Gflops/s) - 1360 (1495335 Gflops/s) - 1357 (1492037 Gflops/s) - 1364 (1499733 Gflops/s) - 1356 (1490937 Gflops/s) | Temperatures: 60°C - 61°C - 71°C - 72°C - 63°C - 60°C - 72°C - 73°C | Throttling: None - None - None - None - None - None - None - None
1376 (1512927 Gflops/s) - 1382 (1519525 Gflops/s) - 1324 (1455753 Gflops/s) - 1368 (1504131 Gflops/s) - 1357 (1492037 Gflops/s) - 1354 (1488738 Gflops/s) - 1362 (1497534 Gflops/s) - 1354 (1488738 Gflops/s) | Temperatures: 60°C - 61°C - 71°C - 71°C - 63°C - 60°C - 72°C - 73°C | Throttling: None - None - None - None - None - None - None - None
1378 (1515127 Gflops/s) - 1383 (1520624 Gflops/s) - 1323 (1454653 Gflops/s) - 1367 (1503032 Gflops/s) - 1360 (1495335 Gflops/s) - 1354 (1488738 Gflops/s) - 1363 (1498634 Gflops/s) - 1356 (1490937 Gflops/s) | Temperatures: 60°C - 61°C - 71°C - 71°C - 63°C - 60°C - 72°C - 73°C | Throttling: None - None - None - None - None - None - None - None
1376 (1512927 Gflops/s) - 1381 (1518425 Gflops/s) - 1324 (1455753 Gflops/s) - 1366 (1501932 Gflops/s) - 1359 (1494236 Gflops/s) - 1354 (1488738 Gflops/s) - 1363 (1498634 Gflops/s) - 1354 (1488738 Gflops/s) | Temperatures: 60°C - 61°C - 72°C - 71°C - 63°C - 60°C - 72°C - 73°C | Throttling: None - None - None - None - None - None - None - None
1376 (1512927 Gflops/s) - 1382 (1519525 Gflops/s) - 1323 (1454653 Gflops/s) - 1366 (1501932 Gflops/s) - 1357 (1492037 Gflops/s) - 1355 (1489838 Gflops/s) - 1361 (1496435 Gflops/s) - 1355 (1489838 Gflops/s) | Temperatures: 60°C - 61°C - 71°C - 72°C - 63°C - 60°C - 72°C - 73°C | Throttling: None - None - None - None - None - None - None - None
1378 (1515127 Gflops/s) - 1383 (1520624 Gflops/s) - 1326 (1457952 Gflops/s) - 1368 (1504131 Gflops/s) - 1360 (1495335 Gflops/s) - 1356 (1490937 Gflops/s) - 1363 (1498634 Gflops/s) - 1356 (1490937 Gflops/s) | Temperatures: 60°C - 61°C - 71°C - 72°C - 63°C - 60°C - 72°C - 73°C | Throttling: None - None - None - None - None - None - None - None
1377 (1514027 Gflops/s) - 1382 (1519525 Gflops/s) - 1325 (1456852 Gflops/s) - 1366 (1501932 Gflops/s) - 1358 (1493136 Gflops/s) - 1353 (1487639 Gflops/s) - 1361 (1496435 Gflops/s) - 1354 (1488738 Gflops/s) | Temperatures: 60°C - 61°C - 71°C - 71°C - 63°C - 60°C - 72°C - 73°C | Throttling: None - None - None - None - None - None - None - None
1377 (1514027 Gflops/s) - 1383 (1520624 Gflops/s) - 1327 (1459051 Gflops/s) - 1368 (1504131 Gflops/s) - 1359 (1494236 Gflops/s) - 1354 (1488738 Gflops/s) - 1361 (1496435 Gflops/s) - 1355 (1489838 Gflops/s) | Temperatures: 60°C - 61°C - 72°C - 71°C - 63°C - 60°C - 72°C - 73°C | Throttling: None - None - None - None - None - None - None - None
1377 (1514027 Gflops/s) - 1384 (1521724 Gflops/s) - 1326 (1457952 Gflops/s) - 1368 (1504131 Gflops/s) - 1358 (1493136 Gflops/s) - 1355 (1489838 Gflops/s) - 1363 (1498634 Gflops/s) - 1356 (1490937 Gflops/s) | Temperatures: 60°C - 61°C - 71°C - 71°C - 63°C - 60°C - 72°C - 73°C | Throttling: None - None - None - None - None - None - None - None
1377 (1514027 Gflops/s) - 1382 (1519525 Gflops/s) - 1327 (1459051 Gflops/s) - 1368 (1504131 Gflops/s) - 1359 (1494236 Gflops/s) - 1355 (1489838 Gflops/s) - 1363 (1498634 Gflops/s) - 1355 (1489838 Gflops/s) | Temperatures: 60°C - 61°C - 71°C - 71°C - 63°C - 60°C - 72°C - 73°C | Throttling: None - None - None - None - None - None - None - None
1377 (1514027 Gflops/s) - 1382 (1519525 Gflops/s) - 1326 (1457952 Gflops/s) - 1369 (1505231 Gflops/s) - 1358 (1493136 Gflops/s) - 1354 (1488738 Gflops/s) - 1360 (1495335 Gflops/s) - 1354 (1488738 Gflops/s) | Temperatures: 60°C - 61°C - 71°C - 72°C - 63°C - 60°C - 72°C - 73°C | Throttling: None - None - None - None - None - None - None - None
1377 (1514027 Gflops/s) - 1384 (1521724 Gflops/s) - 1326 (1457952 Gflops/s) - 1369 (1505231 Gflops/s) - 1362 (1497534 Gflops/s) - 1356 (1490937 Gflops/s) - 1364 (1499733 Gflops/s) - 1356 (1490937 Gflops/s) | Temperatures: 60°C - 61°C - 71°C - 72°C - 63°C - 60°C - 72°C - 73°C | Throttling: None - None - None - None - None - None - None - None
1377 (1514027 Gflops/s) - 1381 (1518425 Gflops/s) - 1326 (1457952 Gflops/s) - 1367 (1503032 Gflops/s) - 1357 (1492037 Gflops/s) - 1353 (1487639 Gflops/s) - 1361 (1496435 Gflops/s) - 1354 (1488738 Gflops/s) | Temperatures: 60°C - 61°C - 71°C - 72°C - 63°C - 60°C - 72°C - 73°C | Throttling: None - None - None - None - None - None - None - None
1378 (1515127 Gflops/s) - 1384 (1521724 Gflops/s) - 1331 (1463449 Gflops/s) - 1368 (1504131 Gflops/s) - 1360 (1495335 Gflops/s) - 1356 (1490937 Gflops/s) - 1363 (1498634 Gflops/s) - 1356 (1490937 Gflops/s) | Temperatures: 60°C - 61°C - 72°C - 71°C - 63°C - 60°C - 72°C - 74°C | Throttling: None - None - None - None - None - None - None - None
1349 (1483241 Gflops/s) - 1354 (1488738 Gflops/s) - 1299 (1428265 Gflops/s) - 1339 (1472246 Gflops/s) - 1331 (1463449 Gflops/s) - 1328 (1460151 Gflops/s) - 1335 (1467848 Gflops/s) - 1327 (1459051 Gflops/s) | Temperatures: 60°C - 61°C - 71°C - 71°C - 63°C - 60°C - 72°C - 73°C | Throttling: None - None - None - None - None - None - None - None
1284 (1411772 Gflops/s) - 1290 (1418369 Gflops/s) - 1236 (1358996 Gflops/s) - 1276 (1402976 Gflops/s) - 1267 (1393081 Gflops/s) - 1264 (1389782 Gflops/s) - 1269 (1395280 Gflops/s) - 1264 (1389782 Gflops/s) | Temperatures: 60°C - 61°C - 71°C - 72°C - 63°C - 60°C - 72°C - 73°C | Throttling: None - None - None - None - None - None - None - None
1280 (1407374 Gflops/s) - 1284 (1411772 Gflops/s) - 1233 (1355697 Gflops/s) - 1270 (1396379 Gflops/s) - 1262 (1387583 Gflops/s) - 1258 (1383185 Gflops/s) - 1265 (1390882 Gflops/s) - 1258 (1383185 Gflops/s) | Temperatures: 60°C - 61°C - 71°C - 71°C - 63°C - 60°C - 72°C - 73°C | Throttling: None - None - None - None - None - None - None - None
1284 (1411772 Gflops/s) - 1291 (1419469 Gflops/s) - 1240 (1363394 Gflops/s) - 1277 (1404076 Gflops/s) - 1269 (1395280 Gflops/s) - 1264 (1389782 Gflops/s) - 1272 (1398578 Gflops/s) - 1265 (1390882 Gflops/s) | Temperatures: 60°C - 61°C - 72°C - 72°C - 63°C - 60°C - 72°C - 74°C | Throttling: None - None - None - None - None - None - None - None
1277 (1404076 Gflops/s) - 1280 (1407374 Gflops/s) - 1230 (1352399 Gflops/s) - 1267 (1393081 Gflops/s) - 1258 (1383185 Gflops/s) - 1256 (1380986 Gflops/s) - 1262 (1387583 Gflops/s) - 1255 (1379887 Gflops/s) | Temperatures: 60°C - 61°C - 71°C - 72°C - 63°C - 60°C - 72°C - 74°C | Throttling: None - None - None - None - None - None - None - None
1278 (1405175 Gflops/s) - 1283 (1410673 Gflops/s) - 1230 (1352399 Gflops/s) - 1269 (1395280 Gflops/s) - 1262 (1387583 Gflops/s) - 1257 (1382086 Gflops/s) - 1264 (1389782 Gflops/s) - 1258 (1383185 Gflops/s) | Temperatures: 60°C - 61°C - 71°C - 71°C - 63°C - 60°C - 72°C - 74°C | Throttling: None - None - None - None - None - None - None - None
1296 (1424967 Gflops/s) - 1301 (1430464 Gflops/s) - 1248 (1372190 Gflops/s) - 1288 (1416170 Gflops/s) - 1278 (1405175 Gflops/s) - 1274 (1400777 Gflops/s) - 1282 (1409573 Gflops/s) - 1275 (1401877 Gflops/s) | Temperatures: 60°C - 61°C - 71°C - 72°C - 63°C - 60°C - 72°C - 74°C | Throttling: None - None - None - None - None - None - None - None
1264 (1389782 Gflops/s) - 1270 (1396379 Gflops/s) - 1220 (1341404 Gflops/s) - 1255 (1379887 Gflops/s) - 1246 (1369991 Gflops/s) - 1245 (1368891 Gflops/s) - 1251 (1375489 Gflops/s) - 1244 (1367792 Gflops/s) | Temperatures: 60°C - 61°C - 71°C - 72°C - 63°C - 60°C - 72°C - 73°C | Throttling: None - None - None - None - None - None - None - None
1280 (1407374 Gflops/s) - 1283 (1410673 Gflops/s) - 1231 (1353498 Gflops/s) - 1270 (1396379 Gflops/s) - 1260 (1385384 Gflops/s) - 1257 (1382086 Gflops/s) - 1265 (1390882 Gflops/s) - 1258 (1383185 Gflops/s) | Temperatures: 60°C - 61°C - 71°C - 72°C - 63°C - 60°C - 72°C - 73°C | Throttling: None - None - None - None - None - None - None - None
1283 (1410673 Gflops/s) - 1288 (1416170 Gflops/s) - 1234 (1356797 Gflops/s) - 1273 (1399678 Gflops/s) - 1266 (1391981 Gflops/s) - 1261 (1386484 Gflops/s) - 1268 (1394180 Gflops/s) - 1261 (1386484 Gflops/s) | Temperatures: 60°C - 61°C - 71°C - 71°C - 63°C - 60°C - 72°C - 74°C | Throttling: None - None - None - None - None - None - None - None
1279 (1406275 Gflops/s) - 1285 (1412872 Gflops/s) - 1230 (1352399 Gflops/s) - 1272 (1398578 Gflops/s) - 1261 (1386484 Gflops/s) - 1257 (1382086 Gflops/s) - 1266 (1391981 Gflops/s) - 1259 (1384285 Gflops/s) | Temperatures: 60°C - 61°C - 71°C - 72°C - 63°C - 60°C - 72°C - 74°C | Throttling: None - None - None - None - None - None - None - None
1284 (1411772 Gflops/s) - 1289 (1417270 Gflops/s) - 1238 (1361195 Gflops/s) - 1275 (1401877 Gflops/s) - 1267 (1393081 Gflops/s) - 1263 (1388683 Gflops/s) - 1270 (1396379 Gflops/s) - 1264 (1389782 Gflops/s) | Temperatures: 60°C - 61°C - 72°C - 72°C - 63°C - 60°C - 72°C - 73°C | Throttling: None - None - None - None - None - None - None - None
1276 (1402976 Gflops/s) - 1281 (1408474 Gflops/s) - 1229 (1351299 Gflops/s) - 1266 (1391981 Gflops/s) - 1258 (1383185 Gflops/s) - 1256 (1380986 Gflops/s) - 1263 (1388683 Gflops/s) - 1255 (1379887 Gflops/s) | Temperatures: 60°C - 61°C - 71°C - 71°C - 63°C - 60°C - 72°C - 74°C | Throttling: None - None - None - None - None - None - None - None
1278 (1405175 Gflops/s) - 1284 (1411772 Gflops/s) - 1231 (1353498 Gflops/s) - 1269 (1395280 Gflops/s) - 1262 (1387583 Gflops/s) - 1259 (1384285 Gflops/s) - 1264 (1389782 Gflops/s) - 1258 (1383185 Gflops/s) | Temperatures: 60°C - 61°C - 71°C - 72°C - 63°C - 60°C - 72°C - 74°C | Throttling: None - None - None - None - None - None - None - None
1297 (1426066 Gflops/s) - 1301 (1430464 Gflops/s) - 1250 (1374389 Gflops/s) - 1287 (1415071 Gflops/s) - 1279 (1406275 Gflops/s) - 1274 (1400777 Gflops/s) - 1283 (1410673 Gflops/s) - 1275 (1401877 Gflops/s) | Temperatures: 60°C - 61°C - 72°C - 72°C - 63°C - 60°C - 72°C - 73°C | Throttling: None - None - None - None - None - None - None - None
1264 (1389782 Gflops/s) - 1269 (1395280 Gflops/s) - 1221 (1342503 Gflops/s) - 1256 (1380986 Gflops/s) - 1246 (1369991 Gflops/s) - 1245 (1368891 Gflops/s) - 1250 (1374389 Gflops/s) - 1245 (1368891 Gflops/s) | Temperatures: 60°C - 61°C - 72°C - 72°C - 63°C - 60°C - 72°C - 73°C | Throttling: None - None - None - None - None - None - None - None
1279 (1406275 Gflops/s) - 1284 (1411772 Gflops/s) - 1232 (1354598 Gflops/s) - 1271 (1397479 Gflops/s) - 1262 (1387583 Gflops/s) - 1258 (1383185 Gflops/s) - 1266 (1391981 Gflops/s) - 1258 (1383185 Gflops/s) | Temperatures: 60°C - 61°C - 71°C - 72°C - 63°C - 60°C - 72°C - 74°C | Throttling: None - None - None - None - None - None - None - None
1282 (1409573 Gflops/s) - 1287 (1415071 Gflops/s) - 1237 (1360095 Gflops/s) - 1274 (1400777 Gflops/s) - 1265 (1390882 Gflops/s) - 1261 (1386484 Gflops/s) - 1269 (1395280 Gflops/s) - 1262 (1387583 Gflops/s) | Temperatures: 60°C - 61°C - 71°C - 72°C - 63°C - 60°C - 72°C - 73°C | Throttling: None - None - None - None - None - None - None - None
1279 (1406275 Gflops/s) - 1285 (1412872 Gflops/s) - 1232 (1354598 Gflops/s) - 1270 (1396379 Gflops/s) - 1263 (1388683 Gflops/s) - 1258 (1383185 Gflops/s) - 1267 (1393081 Gflops/s) - 1258 (1383185 Gflops/s) | Temperatures: 60°C - 61°C - 71°C - 72°C - 63°C - 60°C - 72°C - 73°C | Throttling: None - None - None - None - None - None - None - None
1355 (1489838 Gflops/s) - 1359 (1494236 Gflops/s) - 1305 (1434862 Gflops/s) - 1344 (1477743 Gflops/s) - 1335 (1467848 Gflops/s) - 1333 (1465648 Gflops/s) - 1340 (1473345 Gflops/s) - 1333 (1465648 Gflops/s) | Temperatures: 60°C - 61°C - 72°C - 72°C - 63°C - 60°C - 72°C - 73°C | Throttling: None - None - None - None - None - None - None - None
1358 (1493136 Gflops/s) - 1364 (1499733 Gflops/s) - 1308 (1438161 Gflops/s) - 1351 (1485440 Gflops/s) - 1342 (1475544 Gflops/s) - 1336 (1468947 Gflops/s) - 1345 (1478843 Gflops/s) - 1337 (1470047 Gflops/s) | Temperatures: 60°C - 61°C - 71°C - 72°C - 63°C - 60°C - 72°C - 73°C | Throttling: None - None - None - None - None - None - None - None
1359 (1494236 Gflops/s) - 1364 (1499733 Gflops/s) - 1309 (1439260 Gflops/s) - 1349 (1483241 Gflops/s) - 1339 (1472246 Gflops/s) - 1335 (1467848 Gflops/s) - 1345 (1478843 Gflops/s) - 1336 (1468947 Gflops/s) | Temperatures: 60°C - 61°C - 72°C - 71°C - 63°C - 60°C - 72°C - 73°C | Throttling: None - None - None - None - None - None - None - None
1359 (1494236 Gflops/s) - 1365 (1500833 Gflops/s) - 1308 (1438161 Gflops/s) - 1349 (1483241 Gflops/s) - 1341 (1474445 Gflops/s) - 1337 (1470047 Gflops/s) - 1344 (1477743 Gflops/s) - 1338 (1471146 Gflops/s) | Temperatures: 60°C - 61°C - 72°C - 72°C - 63°C - 60°C - 72°C - 73°C | Throttling: None - None - None - None - None - None - None - None
1357 (1492037 Gflops/s) - 1363 (1498634 Gflops/s) - 1310 (1440360 Gflops/s) - 1349 (1483241 Gflops/s) - 1340 (1473345 Gflops/s) - 1335 (1467848 Gflops/s) - 1344 (1477743 Gflops/s) - 1335 (1467848 Gflops/s) | Temperatures: 60°C - 61°C - 71°C - 72°C - 63°C - 60°C - 72°C - 73°C | Throttling: None - None - None - None - None - None - None - None
1359 (1494236 Gflops/s) - 1365 (1500833 Gflops/s) - 1308 (1438161 Gflops/s) - 1350 (1484340 Gflops/s) - 1341 (1474445 Gflops/s) - 1337 (1470047 Gflops/s) - 1345 (1478843 Gflops/s) - 1337 (1470047 Gflops/s) | Temperatures: 60°C - 61°C - 72°C - 72°C - 63°C - 60°C - 72°C - 73°C | Throttling: None - None - None - None - None - None - None - None
1359 (1494236 Gflops/s) - 1364 (1499733 Gflops/s) - 1312 (1442559 Gflops/s) - 1350 (1484340 Gflops/s) - 1341 (1474445 Gflops/s) - 1336 (1468947 Gflops/s) - 1345 (1478843 Gflops/s) - 1338 (1471146 Gflops/s) | Temperatures: 60°C - 61°C - 71°C - 72°C - 63°C - 60°C - 72°C - 73°C | Throttling: None - None - None - None - None - None - None - None
1358 (1493136 Gflops/s) - 1365 (1500833 Gflops/s) - 1310 (1440360 Gflops/s) - 1350 (1484340 Gflops/s) - 1341 (1474445 Gflops/s) - 1338 (1471146 Gflops/s) - 1345 (1478843 Gflops/s) - 1337 (1470047 Gflops/s) | Temperatures: 60°C - 61°C - 72°C - 72°C - 63°C - 60°C - 72°C - 73°C | Throttling: None - None - None - None - None - None - None - None
1358 (1493136 Gflops/s) - 1364 (1499733 Gflops/s) - 1311 (1441459 Gflops/s) - 1350 (1484340 Gflops/s) - 1341 (1474445 Gflops/s) - 1336 (1468947 Gflops/s) - 1345 (1478843 Gflops/s) - 1337 (1470047 Gflops/s) | Temperatures: 60°C - 61°C - 72°C - 72°C - 63°C - 60°C - 72°C - 73°C | Throttling: None - None - None - None - None - None - None - None
1359 (1494236 Gflops/s) - 1364 (1499733 Gflops/s) - 1309 (1439260 Gflops/s) - 1350 (1484340 Gflops/s) - 1342 (1475544 Gflops/s) - 1336 (1468947 Gflops/s) - 1345 (1478843 Gflops/s) - 1337 (1470047 Gflops/s) | Temperatures: 60°C - 61°C - 72°C - 72°C - 63°C - 60°C - 72°C - 74°C | Throttling: None - None - None - None - None - None - None - None
1360 (1495335 Gflops/s) - 1365 (1500833 Gflops/s) - 1309 (1439260 Gflops/s) - 1350 (1484340 Gflops/s) - 1340 (1473345 Gflops/s) - 1335 (1467848 Gflops/s) - 1345 (1478843 Gflops/s) - 1337 (1470047 Gflops/s) | Temperatures: 60°C - 61°C - 72°C - 72°C - 63°C - 60°C - 72°C - 73°C | Throttling: None - None - None - None - None - None - None - None
1359 (1494236 Gflops/s) - 1364 (1499733 Gflops/s) - 1311 (1441459 Gflops/s) - 1351 (1485440 Gflops/s) - 1342 (1475544 Gflops/s) - 1338 (1471146 Gflops/s) - 1344 (1477743 Gflops/s) - 1337 (1470047 Gflops/s) | Temperatures: 60°C - 61°C - 71°C - 72°C - 63°C - 60°C - 72°C - 74°C | Throttling: None - None - None - None - None - None - None - None
1357 (1492037 Gflops/s) - 1363 (1498634 Gflops/s) - 1307 (1437061 Gflops/s) - 1348 (1482141 Gflops/s) - 1340 (1473345 Gflops/s) - 1334 (1466748 Gflops/s) - 1343 (1476644 Gflops/s) - 1336 (1468947 Gflops/s) | Temperatures: 60°C - 61°C - 72°C - 72°C - 63°C - 60°C - 72°C - 74°C | Throttling: None - None - None - None - None - None - None - None
1358 (1493136 Gflops/s) - 1364 (1499733 Gflops/s) - 1308 (1438161 Gflops/s) - 1348 (1482141 Gflops/s) - 1341 (1474445 Gflops/s) - 1336 (1468947 Gflops/s) - 1344 (1477743 Gflops/s) - 1337 (1470047 Gflops/s) | Temperatures: 60°C - 61°C - 71°C - 72°C - 63°C - 60°C - 72°C - 74°C | Throttling: None - None - None - None - None - None - None - None
1359 (1494236 Gflops/s) - 1364 (1499733 Gflops/s) - 1309 (1439260 Gflops/s) - 1351 (1485440 Gflops/s) - 1342 (1475544 Gflops/s) - 1335 (1467848 Gflops/s) - 1346 (1479942 Gflops/s) - 1337 (1470047 Gflops/s) | Temperatures: 60°C - 61°C - 72°C - 72°C - 63°C - 60°C - 72°C - 74°C | Throttling: None - None - None - None - None - None - None - None
1359 (1494236 Gflops/s) - 1365 (1500833 Gflops/s) - 1310 (1440360 Gflops/s) - 1349 (1483241 Gflops/s) - 1342 (1475544 Gflops/s) - 1337 (1470047 Gflops/s) - 1345 (1478843 Gflops/s) - 1337 (1470047 Gflops/s) | Temperatures: 60°C - 61°C - 72°C - 72°C - 63°C - 60°C - 72°C - 74°C | Throttling: None - None - None - None - None - None - None - None
1359 (1494236 Gflops/s) - 1365 (1500833 Gflops/s) - 1309 (1439260 Gflops/s) - 1350 (1484340 Gflops/s) - 1341 (1474445 Gflops/s) - 1335 (1467848 Gflops/s) - 1345 (1478843 Gflops/s) - 1337 (1470047 Gflops/s) | Temperatures: 60°C - 61°C - 71°C - 72°C - 63°C - 60°C - 72°C - 74°C | Throttling: None - None - None - None - None - None - None - None
1359 (1494236 Gflops/s) - 1364 (1499733 Gflops/s) - 1309 (1439260 Gflops/s) - 1351 (1485440 Gflops/s) - 1339 (1472246 Gflops/s) - 1337 (1470047 Gflops/s) - 1345 (1478843 Gflops/s) - 1337 (1470047 Gflops/s) | Temperatures: 60°C - 61°C - 72°C - 72°C - 63°C - 60°C - 72°C - 74°C | Throttling: None - None - None - None - None - None - None - None
1358 (1493136 Gflops/s) - 1364 (1499733 Gflops/s) - 1310 (1440360 Gflops/s) - 1349 (1483241 Gflops/s) - 1339 (1472246 Gflops/s) - 1335 (1467848 Gflops/s) - 1344 (1477743 Gflops/s) - 1337 (1470047 Gflops/s) | Temperatures: 60°C - 61°C - 72°C - 72°C - 63°C - 60°C - 72°C - 74°C | Throttling: None - None - None - None - None - None - None - None
1359 (1494236 Gflops/s) - 1364 (1499733 Gflops/s) - 1307 (1437061 Gflops/s) - 1349 (1483241 Gflops/s) - 1341 (1474445 Gflops/s) - 1338 (1471146 Gflops/s) - 1345 (1478843 Gflops/s) - 1337 (1470047 Gflops/s) | Temperatures: 60°C - 61°C - 71°C - 72°C - 63°C - 60°C - 72°C - 74°C | Throttling: None - None - None - None - None - None - None - None
1359 (1494236 Gflops/s) - 1364 (1499733 Gflops/s) - 1310 (1440360 Gflops/s) - 1349 (1483241 Gflops/s) - 1341 (1474445 Gflops/s) - 1336 (1468947 Gflops/s) - 1345 (1478843 Gflops/s) - 1337 (1470047 Gflops/s) | Temperatures: 60°C - 61°C - 72°C - 72°C - 63°C - 60°C - 72°C - 73°C | Throttling: None - None - None - None - None - None - None - None
1359 (1494236 Gflops/s) - 1364 (1499733 Gflops/s) - 1309 (1439260 Gflops/s) - 1348 (1482141 Gflops/s) - 1339 (1472246 Gflops/s) - 1336 (1468947 Gflops/s) - 1345 (1478843 Gflops/s) - 1338 (1471146 Gflops/s) | Temperatures: 60°C - 61°C - 72°C - 72°C - 63°C - 60°C - 72°C - 74°C | Throttling: None - None - None - None - None - None - None - None
1358 (1493136 Gflops/s) - 1363 (1498634 Gflops/s) - 1309 (1439260 Gflops/s) - 1348 (1482141 Gflops/s) - 1339 (1472246 Gflops/s) - 1334 (1466748 Gflops/s) - 1343 (1476644 Gflops/s) - 1335 (1467848 Gflops/s) | Temperatures: 60°C - 61°C - 71°C - 72°C - 63°C - 60°C - 72°C - 73°C | Throttling: None - None - None - None - None - None - None - None
1359 (1494236 Gflops/s) - 1364 (1499733 Gflops/s) - 1310 (1440360 Gflops/s) - 1350 (1484340 Gflops/s) - 1342 (1475544 Gflops/s) - 1336 (1468947 Gflops/s) - 1345 (1478843 Gflops/s) - 1338 (1471146 Gflops/s) | Temperatures: 60°C - 61°C - 72°C - 72°C - 63°C - 60°C - 72°C - 73°C | Throttling: None - None - None - None - None - None - None - None
1359 (1494236 Gflops/s) - 1366 (1501932 Gflops/s) - 1310 (1440360 Gflops/s) - 1351 (1485440 Gflops/s) - 1339 (1472246 Gflops/s) - 1335 (1467848 Gflops/s) - 1344 (1477743 Gflops/s) - 1336 (1468947 Gflops/s) | Temperatures: 60°C - 61°C - 71°C - 72°C - 63°C - 60°C - 72°C - 74°C | Throttling: None - None - None - None - None - None - None - None
1359 (1494236 Gflops/s) - 1364 (1499733 Gflops/s) - 1308 (1438161 Gflops/s) - 1349 (1483241 Gflops/s) - 1340 (1473345 Gflops/s) - 1336 (1468947 Gflops/s) - 1344 (1477743 Gflops/s) - 1338 (1471146 Gflops/s) | Temperatures: 60°C - 61°C - 71°C - 72°C - 63°C - 60°C - 72°C - 74°C | Throttling: None - None - None - None - None - None - None - None
1359 (1494236 Gflops/s) - 1365 (1500833 Gflops/s) - 1310 (1440360 Gflops/s) - 1349 (1483241 Gflops/s) - 1341 (1474445 Gflops/s) - 1335 (1467848 Gflops/s) - 1345 (1478843 Gflops/s) - 1337 (1470047 Gflops/s) | Temperatures: 60°C - 61°C - 72°C - 72°C - 63°C - 60°C - 72°C - 74°C | Throttling: None - None - None - None - None - None - None - None
1358 (1493136 Gflops/s) - 1364 (1499733 Gflops/s) - 1308 (1438161 Gflops/s) - 1348 (1482141 Gflops/s) - 1339 (1472246 Gflops/s) - 1338 (1471146 Gflops/s) - 1344 (1477743 Gflops/s) - 1337 (1470047 Gflops/s) | Temperatures: 60°C - 61°C - 71°C - 72°C - 63°C - 60°C - 72°C - 74°C | Throttling: None - None - None - None - None - None - None - None
1359 (1494236 Gflops/s) - 1363 (1498634 Gflops/s) - 1310 (1440360 Gflops/s) - 1350 (1484340 Gflops/s) - 1344 (1477743 Gflops/s) - 1336 (1468947 Gflops/s) - 1345 (1478843 Gflops/s) - 1337 (1470047 Gflops/s) | Temperatures: 60°C - 61°C - 72°C - 72°C - 63°C - 60°C - 72°C - 74°C | Throttling: None - None - None - None - None - None - None - None
1359 (1494236 Gflops/s) - 1365 (1500833 Gflops/s) - 1308 (1438161 Gflops/s) - 1349 (1483241 Gflops/s) - 1342 (1475544 Gflops/s) - 1337 (1470047 Gflops/s) - 1345 (1478843 Gflops/s) - 1337 (1470047 Gflops/s) | Temperatures: 60°C - 61°C - 72°C - 72°C - 63°C - 60°C - 72°C - 73°C | Throttling: None - None - None - None - None - None - None - None
1360 (1495335 Gflops/s) - 1364 (1499733 Gflops/s) - 1311 (1441459 Gflops/s) - 1348 (1482141 Gflops/s) - 1341 (1474445 Gflops/s) - 1336 (1468947 Gflops/s) - 1345 (1478843 Gflops/s) - 1337 (1470047 Gflops/s) | Temperatures: 60°C - 61°C - 72°C - 72°C - 63°C - 60°C - 72°C - 74°C | Throttling: None - None - None - None - None - None - None - None
1358 (1493136 Gflops/s) - 1363 (1498634 Gflops/s) - 1307 (1437061 Gflops/s) - 1347 (1481042 Gflops/s) - 1341 (1474445 Gflops/s) - 1335 (1467848 Gflops/s) - 1343 (1476644 Gflops/s) - 1336 (1468947 Gflops/s) | Temperatures: 60°C - 61°C - 72°C - 72°C - 63°C - 60°C - 72°C - 73°C | Throttling: None - None - None - None - None - None - None - None
1359 (1494236 Gflops/s) - 1364 (1499733 Gflops/s) - 1308 (1438161 Gflops/s) - 1350 (1484340 Gflops/s) - 1341 (1474445 Gflops/s) - 1336 (1468947 Gflops/s) - 1345 (1478843 Gflops/s) - 1337 (1470047 Gflops/s) | Temperatures: 60°C - 61°C - 72°C - 72°C - 63°C - 60°C - 72°C - 74°C | Throttling: None - None - None - None - None - None - None - None
1359 (1494236 Gflops/s) - 1364 (1499733 Gflops/s) - 1309 (1439260 Gflops/s) - 1349 (1483241 Gflops/s) - 1339 (1472246 Gflops/s) - 1338 (1471146 Gflops/s) - 1345 (1478843 Gflops/s) - 1337 (1470047 Gflops/s) | Temperatures: 60°C - 61°C - 72°C - 72°C - 63°C - 60°C - 72°C - 74°C | Throttling: None - None - None - None - None - None - None - None
1358 (1493136 Gflops/s) - 1364 (1499733 Gflops/s) - 1309 (1439260 Gflops/s) - 1348 (1482141 Gflops/s) - 1340 (1473345 Gflops/s) - 1335 (1467848 Gflops/s) - 1344 (1477743 Gflops/s) - 1337 (1470047 Gflops/s) | Temperatures: 60°C - 61°C - 72°C - 72°C - 63°C - 60°C - 72°C - 73°C | Throttling: None - None - None - None - None - None - None - None
1359 (1494236 Gflops/s) - 1364 (1499733 Gflops/s) - 1309 (1439260 Gflops/s) - 1349 (1483241 Gflops/s) - 1343 (1476644 Gflops/s) - 1337 (1470047 Gflops/s) - 1345 (1478843 Gflops/s) - 1337 (1470047 Gflops/s) | Temperatures: 60°C - 61°C - 72°C - 72°C - 63°C - 60°C - 72°C - 73°C | Throttling: None - None - None - None - None - None - None - None
1358 (1493136 Gflops/s) - 1365 (1500833 Gflops/s) - 1309 (1439260 Gflops/s) - 1350 (1484340 Gflops/s) - 1341 (1474445 Gflops/s) - 1335 (1467848 Gflops/s) - 1344 (1477743 Gflops/s) - 1337 (1470047 Gflops/s) | Temperatures: 60°C - 61°C - 71°C - 72°C - 63°C - 60°C - 72°C - 73°C | Throttling: None - None - None - None - None - None - None - None
1359 (1494236 Gflops/s) - 1363 (1498634 Gflops/s) - 1309 (1439260 Gflops/s) - 1348 (1482141 Gflops/s) - 1339 (1472246 Gflops/s) - 1336 (1468947 Gflops/s) - 1345 (1478843 Gflops/s) - 1337 (1470047 Gflops/s) | Temperatures: 60°C - 61°C - 71°C - 72°C - 63°C - 60°C - 72°C - 74°C | Throttling: None - None - None - None - None - None - None - None
1359 (1494236 Gflops/s) - 1366 (1501932 Gflops/s) - 1310 (1440360 Gflops/s) - 1349 (1483241 Gflops/s) - 1340 (1473345 Gflops/s) - 1337 (1470047 Gflops/s) - 1345 (1478843 Gflops/s) - 1337 (1470047 Gflops/s) | Temperatures: 60°C - 61°C - 71°C - 72°C - 63°C - 60°C - 72°C - 73°C | Throttling: None - None - None - None - None - None - None - None
1359 (1494236 Gflops/s) - 1364 (1499733 Gflops/s) - 1311 (1441459 Gflops/s) - 1350 (1484340 Gflops/s) - 1341 (1474445 Gflops/s) - 1335 (1467848 Gflops/s) - 1344 (1477743 Gflops/s) - 1337 (1470047 Gflops/s) | Temperatures: 60°C - 61°C - 72°C - 72°C - 63°C - 60°C - 72°C - 73°C | Throttling: None - None - None - None - None - None - None - None
1358 (1493136 Gflops/s) - 1364 (1499733 Gflops/s) - 1309 (1439260 Gflops/s) - 1349 (1483241 Gflops/s) - 1341 (1474445 Gflops/s) - 1336 (1468947 Gflops/s) - 1345 (1478843 Gflops/s) - 1337 (1470047 Gflops/s) | Temperatures: 60°C - 61°C - 72°C - 72°C - 63°C - 60°C - 72°C - 74°C | Throttling: None - None - None - None - None - None - None - None
1357 (1492037 Gflops/s) - 1363 (1498634 Gflops/s) - 1308 (1438161 Gflops/s) - 1347 (1481042 Gflops/s) - 1338 (1471146 Gflops/s) - 1335 (1467848 Gflops/s) - 1344 (1477743 Gflops/s) - 1336 (1468947 Gflops/s) | Temperatures: 60°C - 61°C - 71°C - 72°C - 63°C - 60°C - 72°C - 74°C | Throttling: None - None - None - None - None - None - None - None
1360 (1495335 Gflops/s) - 1366 (1501932 Gflops/s) - 1308 (1438161 Gflops/s) - 1352 (1486539 Gflops/s) - 1341 (1474445 Gflops/s) - 1337 (1470047 Gflops/s) - 1344 (1477743 Gflops/s) - 1338 (1471146 Gflops/s) | Temperatures: 60°C - 61°C - 72°C - 72°C - 63°C - 60°C - 72°C - 74°C | Throttling: None - None - None - None - None - None - None - None
1359 (1494236 Gflops/s) - 1364 (1499733 Gflops/s) - 1306 (1435962 Gflops/s) - 1349 (1483241 Gflops/s) - 1340 (1473345 Gflops/s) - 1337 (1470047 Gflops/s) - 1345 (1478843 Gflops/s) - 1337 (1470047 Gflops/s) | Temperatures: 60°C - 61°C - 72°C - 72°C - 63°C - 60°C - 72°C - 74°C | Throttling: None - None - None - None - None - None - None - None
1357 (1492037 Gflops/s) - 1364 (1499733 Gflops/s) - 1308 (1438161 Gflops/s) - 1348 (1482141 Gflops/s) - 1339 (1472246 Gflops/s) - 1334 (1466748 Gflops/s) - 1342 (1475544 Gflops/s) - 1336 (1468947 Gflops/s) | Temperatures: 60°C - 61°C - 72°C - 72°C - 63°C - 60°C - 72°C - 73°C | Throttling: None - None - None - None - None - None - None - None
1358 (1493136 Gflops/s) - 1365 (1500833 Gflops/s) - 1308 (1438161 Gflops/s) - 1348 (1482141 Gflops/s) - 1342 (1475544 Gflops/s) - 1336 (1468947 Gflops/s) - 1345 (1478843 Gflops/s) - 1337 (1470047 Gflops/s) | Temperatures: 60°C - 61°C - 71°C - 72°C - 63°C - 60°C - 72°C - 73°C | Throttling: None - None - None - None - None - None - None - None
1359 (1494236 Gflops/s) - 1365 (1500833 Gflops/s) - 1309 (1439260 Gflops/s) - 1349 (1483241 Gflops/s) - 1341 (1474445 Gflops/s) - 1336 (1468947 Gflops/s) - 1345 (1478843 Gflops/s) - 1338 (1471146 Gflops/s) | Temperatures: 60°C - 61°C - 72°C - 72°C - 63°C - 60°C - 72°C - 74°C | Throttling: None - None - None - None - None - None - None - None
1359 (1494236 Gflops/s) - 1365 (1500833 Gflops/s) - 1309 (1439260 Gflops/s) - 1350 (1484340 Gflops/s) - 1341 (1474445 Gflops/s) - 1337 (1470047 Gflops/s) - 1345 (1478843 Gflops/s) - 1336 (1468947 Gflops/s) | Temperatures: 60°C - 61°C - 72°C - 72°C - 63°C - 60°C - 72°C - 74°C | Throttling: None - None - None - None - None - None - None - None
1359 (1494236 Gflops/s) - 1364 (1499733 Gflops/s) - 1309 (1439260 Gflops/s) - 1350 (1484340 Gflops/s) - 1341 (1474445 Gflops/s) - 1336 (1468947 Gflops/s) - 1343 (1476644 Gflops/s) - 1337 (1470047 Gflops/s) | Temperatures: 60°C - 61°C - 72°C - 72°C - 63°C - 60°C - 72°C - 74°C | Throttling: None - None - None - None - None - None - None - None
1352 (1486539 Gflops/s) - 1358 (1493136 Gflops/s) - 1302 (1431564 Gflops/s) - 1341 (1474445 Gflops/s) - 1335 (1467848 Gflops/s) - 1330 (1462350 Gflops/s) - 1338 (1471146 Gflops/s) - 1330 (1462350 Gflops/s) | Temperatures: 60°C - 61°C - 72°C - 72°C - 63°C - 60°C - 72°C - 74°C | Throttling: None - None - None - None - None - None - None - None
1271 (1397479 Gflops/s) - 1277 (1404076 Gflops/s) - 1225 (1346901 Gflops/s) - 1263 (1388683 Gflops/s) - 1256 (1380986 Gflops/s) - 1251 (1375489 Gflops/s) - 1258 (1383185 Gflops/s) - 1252 (1376588 Gflops/s) | Temperatures: 60°C - 61°C - 72°C - 72°C - 63°C - 60°C - 72°C - 74°C | Throttling: None - None - None - None - None - None - None - None
1291 (1419469 Gflops/s) - 1295 (1423867 Gflops/s) - 1245 (1368891 Gflops/s) - 1280 (1407374 Gflops/s) - 1273 (1399678 Gflops/s) - 1268 (1394180 Gflops/s) - 1278 (1405175 Gflops/s) - 1270 (1396379 Gflops/s) | Temperatures: 60°C - 61°C - 71°C - 71°C - 63°C - 60°C - 72°C - 73°C | Throttling: None - None - None - None - None - None - None - None
1257 (1382086 Gflops/s) - 1263 (1388683 Gflops/s) - 1213 (1333707 Gflops/s) - 1248 (1372190 Gflops/s) - 1240 (1363394 Gflops/s) - 1237 (1360095 Gflops/s) - 1243 (1366692 Gflops/s) - 1237 (1360095 Gflops/s) | Temperatures: 60°C - 61°C - 72°C - 72°C - 63°C - 60°C - 72°C - 73°C | Throttling: None - None - None - None - None - None - None - None
1274 (1400777 Gflops/s) - 1279 (1406275 Gflops/s) - 1225 (1346901 Gflops/s) - 1264 (1389782 Gflops/s) - 1257 (1382086 Gflops/s) - 1252 (1376588 Gflops/s) - 1261 (1386484 Gflops/s) - 1253 (1377688 Gflops/s) | Temperatures: 60°C - 61°C - 72°C - 72°C - 63°C - 60°C - 72°C - 74°C | Throttling: None - None - None - None - None - None - None - None
1276 (1402976 Gflops/s) - 1283 (1410673 Gflops/s) - 1230 (1352399 Gflops/s) - 1266 (1391981 Gflops/s) - 1260 (1385384 Gflops/s) - 1256 (1380986 Gflops/s) - 1262 (1387583 Gflops/s) - 1256 (1380986 Gflops/s) | Temperatures: 60°C - 61°C - 72°C - 72°C - 63°C - 60°C - 72°C - 74°C | Throttling: None - None - None - None - None - None - None - None
1272 (1398578 Gflops/s) - 1277 (1404076 Gflops/s) - 1226 (1348001 Gflops/s) - 1263 (1388683 Gflops/s) - 1256 (1380986 Gflops/s) - 1250 (1374389 Gflops/s) - 1259 (1384285 Gflops/s) - 1252 (1376588 Gflops/s) | Temperatures: 60°C - 61°C - 72°C - 72°C - 63°C - 60°C - 72°C - 74°C | Throttling: None - None - None - None - None - None - None - None
1280 (1407374 Gflops/s) - 1285 (1412872 Gflops/s) - 1233 (1355697 Gflops/s) - 1270 (1396379 Gflops/s) - 1263 (1388683 Gflops/s) - 1259 (1384285 Gflops/s) - 1266 (1391981 Gflops/s) - 1259 (1384285 Gflops/s) | Temperatures: 60°C - 61°C - 72°C - 72°C - 63°C - 60°C - 72°C - 74°C | Throttling: None - None - None - None - None - None - None - None
1268 (1394180 Gflops/s) - 1274 (1400777 Gflops/s) - 1220 (1341404 Gflops/s) - 1259 (1384285 Gflops/s) - 1250 (1374389 Gflops/s) - 1246 (1369991 Gflops/s) - 1253 (1377688 Gflops/s) - 1248 (1372190 Gflops/s) | Temperatures: 60°C - 61°C - 72°C - 72°C - 63°C - 60°C - 72°C - 73°C | Throttling: None - None - None - None - None - None - None - None
1273 (1399678 Gflops/s) - 1278 (1405175 Gflops/s) - 1225 (1346901 Gflops/s) - 1265 (1390882 Gflops/s) - 1258 (1383185 Gflops/s) - 1253 (1377688 Gflops/s) - 1260 (1385384 Gflops/s) - 1253 (1377688 Gflops/s) | Temperatures: 60°C - 61°C - 72°C - 72°C - 63°C - 60°C - 72°C - 74°C | Throttling: None - None - None - None - None - None - None - None
1291 (1419469 Gflops/s) - 1297 (1426066 Gflops/s) - 1247 (1371090 Gflops/s) - 1281 (1408474 Gflops/s) - 1274 (1400777 Gflops/s) - 1269 (1395280 Gflops/s) - 1278 (1405175 Gflops/s) - 1271 (1397479 Gflops/s) | Temperatures: 60°C - 61°C - 72°C - 72°C - 63°C - 60°C - 72°C - 74°C | Throttling: None - None - None - None - None - None - None - None
1257 (1382086 Gflops/s) - 1262 (1387583 Gflops/s) - 1212 (1332608 Gflops/s) - 1249 (1373290 Gflops/s) - 1240 (1363394 Gflops/s) - 1236 (1358996 Gflops/s) - 1245 (1368891 Gflops/s) - 1237 (1360095 Gflops/s) | Temperatures: 60°C - 61°C - 72°C - 72°C - 63°C - 60°C - 72°C - 74°C | Throttling: None - None - None - None - None - None - None - None
1274 (1400777 Gflops/s) - 1277 (1404076 Gflops/s) - 1226 (1348001 Gflops/s) - 1264 (1389782 Gflops/s) - 1254 (1378787 Gflops/s) - 1252 (1376588 Gflops/s) - 1258 (1383185 Gflops/s) - 1252 (1376588 Gflops/s) | Temperatures: 60°C - 61°C - 72°C - 72°C - 63°C - 60°C - 72°C - 74°C | Throttling: None - None - None - None - None - None - None - None
1276 (1402976 Gflops/s) - 1282 (1409573 Gflops/s) - 1230 (1352399 Gflops/s) - 1267 (1393081 Gflops/s) - 1259 (1384285 Gflops/s) - 1255 (1379887 Gflops/s) - 1263 (1388683 Gflops/s) - 1255 (1379887 Gflops/s) | Temperatures: 60°C - 61°C - 72°C - 72°C - 63°C - 60°C - 72°C - 74°C | Throttling: None - None - None - None - None - None - None - None
1272 (1398578 Gflops/s) - 1277 (1404076 Gflops/s) - 1226 (1348001 Gflops/s) - 1265 (1390882 Gflops/s) - 1254 (1378787 Gflops/s) - 1252 (1376588 Gflops/s) - 1259 (1384285 Gflops/s) - 1252 (1376588 Gflops/s) | Temperatures: 60°C - 61°C - 72°C - 72°C - 63°C - 60°C - 72°C - 74°C | Throttling: None - None - None - None - None - None - None - None
1326 (1457952 Gflops/s) - 1330 (1462350 Gflops/s) - 1275 (1401877 Gflops/s) - 1315 (1445857 Gflops/s) - 1309 (1439260 Gflops/s) - 1305 (1434862 Gflops/s) - 1311 (1441459 Gflops/s) - 1304 (1433763 Gflops/s) | Temperatures: 60°C - 61°C - 72°C - 72°C - 63°C - 60°C - 72°C - 73°C | Throttling: None - None - None - None - None - None - None - None
1359 (1494236 Gflops/s) - 1365 (1500833 Gflops/s) - 1308 (1438161 Gflops/s) - 1348 (1482141 Gflops/s) - 1341 (1474445 Gflops/s) - 1336 (1468947 Gflops/s) - 1345 (1478843 Gflops/s) - 1338 (1471146 Gflops/s) | Temperatures: 60°C - 61°C - 72°C - 72°C - 63°C - 60°C - 72°C - 73°C | Throttling: None - None - None - None - None - None - None - None
1358 (1493136 Gflops/s) - 1364 (1499733 Gflops/s) - 1307 (1437061 Gflops/s) - 1349 (1483241 Gflops/s) - 1341 (1474445 Gflops/s) - 1337 (1470047 Gflops/s) - 1344 (1477743 Gflops/s) - 1336 (1468947 Gflops/s) | Temperatures: 60°C - 61°C - 72°C - 72°C - 63°C - 60°C - 72°C - 73°C | Throttling: None - None - None - None - None - None - None - None
1358 (1493136 Gflops/s) - 1364 (1499733 Gflops/s) - 1309 (1439260 Gflops/s) - 1348 (1482141 Gflops/s) - 1340 (1473345 Gflops/s) - 1336 (1468947 Gflops/s) - 1345 (1478843 Gflops/s) - 1337 (1470047 Gflops/s) | Temperatures: 60°C - 61°C - 72°C - 71°C - 63°C - 60°C - 72°C - 74°C | Throttling: None - None - None - None - None - None - None - None
1359 (1494236 Gflops/s) - 1364 (1499733 Gflops/s) - 1308 (1438161 Gflops/s) - 1349 (1483241 Gflops/s) - 1342 (1475544 Gflops/s) - 1336 (1468947 Gflops/s) - 1345 (1478843 Gflops/s) - 1337 (1470047 Gflops/s) | Temperatures: 60°C - 61°C - 72°C - 72°C - 63°C - 60°C - 72°C - 73°C | Throttling: None - None - None - None - None - None - None - None
1359 (1494236 Gflops/s) - 1364 (1499733 Gflops/s) - 1310 (1440360 Gflops/s) - 1349 (1483241 Gflops/s) - 1340 (1473345 Gflops/s) - 1337 (1470047 Gflops/s) - 1344 (1477743 Gflops/s) - 1336 (1468947 Gflops/s) | Temperatures: 60°C - 61°C - 72°C - 72°C - 63°C - 60°C - 72°C - 74°C | Throttling: None - None - None - None - None - None - None - None
1358 (1493136 Gflops/s) - 1362 (1497534 Gflops/s) - 1308 (1438161 Gflops/s) - 1349 (1483241 Gflops/s) - 1338 (1471146 Gflops/s) - 1335 (1467848 Gflops/s) - 1344 (1477743 Gflops/s) - 1336 (1468947 Gflops/s) | Temperatures: 60°C - 61°C - 72°C - 72°C - 63°C - 60°C - 72°C - 73°C | Throttling: None - None - None - None - None - None - None - None
1358 (1493136 Gflops/s) - 1364 (1499733 Gflops/s) - 1308 (1438161 Gflops/s) - 1348 (1482141 Gflops/s) - 1341 (1474445 Gflops/s) - 1336 (1468947 Gflops/s) - 1344 (1477743 Gflops/s) - 1337 (1470047 Gflops/s) | Temperatures: 60°C - 61°C - 72°C - 72°C - 63°C - 60°C - 72°C - 74°C | Throttling: None - None - None - None - None - None - None - None
1360 (1495335 Gflops/s) - 1364 (1499733 Gflops/s) - 1309 (1439260 Gflops/s) - 1349 (1483241 Gflops/s) - 1342 (1475544 Gflops/s) - 1337 (1470047 Gflops/s) - 1345 (1478843 Gflops/s) - 1336 (1468947 Gflops/s) | Temperatures: 60°C - 61°C - 72°C - 72°C - 63°C - 60°C - 72°C - 73°C | Throttling: None - None - None - None - None - None - None - None
1358 (1493136 Gflops/s) - 1365 (1500833 Gflops/s) - 1309 (1439260 Gflops/s) - 1349 (1483241 Gflops/s) - 1342 (1475544 Gflops/s) - 1337 (1470047 Gflops/s) - 1344 (1477743 Gflops/s) - 1337 (1470047 Gflops/s) | Temperatures: 60°C - 61°C - 72°C - 72°C - 63°C - 60°C - 72°C - 73°C | Throttling: None - None - None - None - None - None - None - None
1358 (1493136 Gflops/s) - 1364 (1499733 Gflops/s) - 1306 (1435962 Gflops/s) - 1350 (1484340 Gflops/s) - 1340 (1473345 Gflops/s) - 1335 (1467848 Gflops/s) - 1343 (1476644 Gflops/s) - 1336 (1468947 Gflops/s) | Temperatures: 60°C - 61°C - 72°C - 72°C - 63°C - 60°C - 72°C - 73°C | Throttling: None - None - None - None - None - None - None - None
1360 (1495335 Gflops/s) - 1364 (1499733 Gflops/s) - 1311 (1441459 Gflops/s) - 1348 (1482141 Gflops/s) - 1341 (1474445 Gflops/s) - 1338 (1471146 Gflops/s) - 1344 (1477743 Gflops/s) - 1337 (1470047 Gflops/s) | Temperatures: 60°C - 61°C - 72°C - 72°C - 63°C - 60°C - 72°C - 74°C | Throttling: None - None - None - None - None - None - None - None
1359 (1494236 Gflops/s) - 1365 (1500833 Gflops/s) - 1310 (1440360 Gflops/s) - 1350 (1484340 Gflops/s) - 1340 (1473345 Gflops/s) - 1337 (1470047 Gflops/s) - 1344 (1477743 Gflops/s) - 1337 (1470047 Gflops/s) | Temperatures: 60°C - 61°C - 72°C - 72°C - 63°C - 60°C - 72°C - 73°C | Throttling: None - None - None - None - None - None - None - None
1358 (1493136 Gflops/s) - 1364 (1499733 Gflops/s) - 1310 (1440360 Gflops/s) - 1350 (1484340 Gflops/s) - 1342 (1475544 Gflops/s) - 1335 (1467848 Gflops/s) - 1344 (1477743 Gflops/s) - 1337 (1470047 Gflops/s) | Temperatures: 60°C - 61°C - 72°C - 72°C - 63°C - 60°C - 72°C - 73°C | Throttling: None - None - None - None - None - None - None - None
1358 (1493136 Gflops/s) - 1364 (1499733 Gflops/s) - 1310 (1440360 Gflops/s) - 1350 (1484340 Gflops/s) - 1339 (1472246 Gflops/s) - 1336 (1468947 Gflops/s) - 1345 (1478843 Gflops/s) - 1337 (1470047 Gflops/s) | Temperatures: 60°C - 61°C - 72°C - 72°C - 62°C - 60°C - 72°C - 74°C | Throttling: None - None - None - None - None - None - None - None
1358 (1493136 Gflops/s) - 1362 (1497534 Gflops/s) - 1308 (1438161 Gflops/s) - 1346 (1479942 Gflops/s) - 1340 (1473345 Gflops/s) - 1335 (1467848 Gflops/s) - 1342 (1475544 Gflops/s) - 1335 (1467848 Gflops/s) | Temperatures: 60°C - 61°C - 72°C - 72°C - 63°C - 60°C - 72°C - 73°C | Throttling: None - None - None - None - None - None - None - None
1358 (1493136 Gflops/s) - 1365 (1500833 Gflops/s) - 1306 (1435962 Gflops/s) - 1348 (1482141 Gflops/s) - 1341 (1474445 Gflops/s) - 1337 (1470047 Gflops/s) - 1345 (1478843 Gflops/s) - 1337 (1470047 Gflops/s) | Temperatures: 60°C - 61°C - 72°C - 72°C - 63°C - 60°C - 72°C - 73°C | Throttling: None - None - None - None - None - None - None - None
1358 (1493136 Gflops/s) - 1364 (1499733 Gflops/s) - 1308 (1438161 Gflops/s) - 1349 (1483241 Gflops/s) - 1340 (1473345 Gflops/s) - 1336 (1468947 Gflops/s) - 1343 (1476644 Gflops/s) - 1336 (1468947 Gflops/s) | Temperatures: 60°C - 61°C - 72°C - 72°C - 63°C - 60°C - 72°C - 74°C | Throttling: None - None - None - None - None - None - None - None
1358 (1493136 Gflops/s) - 1363 (1498634 Gflops/s) - 1306 (1435962 Gflops/s) - 1348 (1482141 Gflops/s) - 1339 (1472246 Gflops/s) - 1335 (1467848 Gflops/s) - 1344 (1477743 Gflops/s) - 1337 (1470047 Gflops/s) | Temperatures: 60°C - 61°C - 72°C - 72°C - 63°C - 60°C - 72°C - 74°C | Throttling: None - None - None - None - None - None - None - None
1359 (1494236 Gflops/s) - 1365 (1500833 Gflops/s) - 1309 (1439260 Gflops/s) - 1348 (1482141 Gflops/s) - 1341 (1474445 Gflops/s) - 1335 (1467848 Gflops/s) - 1345 (1478843 Gflops/s) - 1337 (1470047 Gflops/s) | Temperatures: 60°C - 61°C - 72°C - 72°C - 63°C - 60°C - 72°C - 73°C | Throttling: None - None - None - None - None - None - None - None
1358 (1493136 Gflops/s) - 1363 (1498634 Gflops/s) - 1308 (1438161 Gflops/s) - 1348 (1482141 Gflops/s) - 1339 (1472246 Gflops/s) - 1337 (1470047 Gflops/s) - 1345 (1478843 Gflops/s) - 1337 (1470047 Gflops/s) | Temperatures: 60°C - 61°C - 72°C - 72°C - 63°C - 60°C - 72°C - 74°C | Throttling: None - None - None - None - None - None - None - None
1359 (1494236 Gflops/s) - 1364 (1499733 Gflops/s) - 1308 (1438161 Gflops/s) - 1350 (1484340 Gflops/s) - 1340 (1473345 Gflops/s) - 1335 (1467848 Gflops/s) - 1345 (1478843 Gflops/s) - 1337 (1470047 Gflops/s) | Temperatures: 60°C - 61°C - 72°C - 72°C - 63°C - 60°C - 72°C - 73°C | Throttling: None - None - None - None - None - None - None - None
1358 (1493136 Gflops/s) - 1365 (1500833 Gflops/s) - 1308 (1438161 Gflops/s) - 1348 (1482141 Gflops/s) - 1340 (1473345 Gflops/s) - 1338 (1471146 Gflops/s) - 1344 (1477743 Gflops/s) - 1336 (1468947 Gflops/s) | Temperatures: 60°C - 61°C - 72°C - 72°C - 62°C - 60°C - 72°C - 74°C | Throttling: None - None - None - None - None - None - None - None
1358 (1493136 Gflops/s) - 1364 (1499733 Gflops/s) - 1308 (1438161 Gflops/s) - 1348 (1482141 Gflops/s) - 1340 (1473345 Gflops/s) - 1336 (1468947 Gflops/s) - 1344 (1477743 Gflops/s) - 1336 (1468947 Gflops/s) | Temperatures: 60°C - 61°C - 72°C - 72°C - 63°C - 60°C - 72°C - 74°C | Throttling: None - None - None - None - None - None - None - None
1359 (1494236 Gflops/s) - 1363 (1498634 Gflops/s) - 1311 (1441459 Gflops/s) - 1349 (1483241 Gflops/s) - 1339 (1472246 Gflops/s) - 1336 (1468947 Gflops/s) - 1344 (1477743 Gflops/s) - 1338 (1471146 Gflops/s) | Temperatures: 60°C - 61°C - 72°C - 72°C - 63°C - 60°C - 72°C - 73°C | Throttling: None - None - None - None - None - None - None - None
1357 (1492037 Gflops/s) - 1364 (1499733 Gflops/s) - 1307 (1437061 Gflops/s) - 1347 (1481042 Gflops/s) - 1339 (1472246 Gflops/s) - 1335 (1467848 Gflops/s) - 1345 (1478843 Gflops/s) - 1336 (1468947 Gflops/s) | Temperatures: 60°C - 61°C - 72°C - 72°C - 62°C - 60°C - 72°C - 74°C | Throttling: None - None - None - None - None - None - None - None
1359 (1494236 Gflops/s) - 1364 (1499733 Gflops/s) - 1308 (1438161 Gflops/s) - 1349 (1483241 Gflops/s) - 1340 (1473345 Gflops/s) - 1337 (1470047 Gflops/s) - 1344 (1477743 Gflops/s) - 1337 (1470047 Gflops/s) | Temperatures: 60°C - 61°C - 72°C - 72°C - 63°C - 60°C - 72°C - 74°C | Throttling: None - None - None - None - None - None - None - None
1358 (1493136 Gflops/s) - 1364 (1499733 Gflops/s) - 1310 (1440360 Gflops/s) - 1349 (1483241 Gflops/s) - 1339 (1472246 Gflops/s) - 1336 (1468947 Gflops/s) - 1344 (1477743 Gflops/s) - 1336 (1468947 Gflops/s) | Temperatures: 60°C - 61°C - 72°C - 72°C - 63°C - 60°C - 72°C - 74°C | Throttling: None - None - None - None - None - None - None - None
1358 (1493136 Gflops/s) - 1365 (1500833 Gflops/s) - 1308 (1438161 Gflops/s) - 1348 (1482141 Gflops/s) - 1340 (1473345 Gflops/s) - 1336 (1468947 Gflops/s) - 1345 (1478843 Gflops/s) - 1337 (1470047 Gflops/s) | Temperatures: 60°C - 61°C - 72°C - 72°C - 62°C - 60°C - 72°C - 74°C | Throttling: None - None - None - None - None - None - None - None
1358 (1493136 Gflops/s) - 1364 (1499733 Gflops/s) - 1305 (1434862 Gflops/s) - 1348 (1482141 Gflops/s) - 1339 (1472246 Gflops/s) - 1334 (1466748 Gflops/s) - 1343 (1476644 Gflops/s) - 1336 (1468947 Gflops/s) | Temperatures: 60°C - 61°C - 72°C - 72°C - 63°C - 60°C - 72°C - 73°C | Throttling: None - None - None - None - None - None - None - None
1358 (1493136 Gflops/s) - 1364 (1499733 Gflops/s) - 1307 (1437061 Gflops/s) - 1350 (1484340 Gflops/s) - 1341 (1474445 Gflops/s) - 1336 (1468947 Gflops/s) - 1344 (1477743 Gflops/s) - 1336 (1468947 Gflops/s) | Temperatures: 60°C - 61°C - 72°C - 72°C - 63°C - 60°C - 72°C - 73°C | Throttling: None - None - None - None - None - None - None - None
1359 (1494236 Gflops/s) - 1364 (1499733 Gflops/s) - 1309 (1439260 Gflops/s) - 1349 (1483241 Gflops/s) - 1342 (1475544 Gflops/s) - 1336 (1468947 Gflops/s) - 1344 (1477743 Gflops/s) - 1337 (1470047 Gflops/s) | Temperatures: 60°C - 61°C - 72°C - 72°C - 63°C - 60°C - 72°C - 74°C | Throttling: None - None - None - None - None - None - None - None
1358 (1493136 Gflops/s) - 1364 (1499733 Gflops/s) - 1308 (1438161 Gflops/s) - 1348 (1482141 Gflops/s) - 1340 (1473345 Gflops/s) - 1337 (1470047 Gflops/s) - 1345 (1478843 Gflops/s) - 1337 (1470047 Gflops/s) | Temperatures: 60°C - 61°C - 72°C - 72°C - 63°C - 60°C - 72°C - 74°C | Throttling: None - None - None - None - None - None - None - None
1359 (1494236 Gflops/s) - 1364 (1499733 Gflops/s) - 1309 (1439260 Gflops/s) - 1349 (1483241 Gflops/s) - 1342 (1475544 Gflops/s) - 1336 (1468947 Gflops/s) - 1344 (1477743 Gflops/s) - 1337 (1470047 Gflops/s) | Temperatures: 60°C - 61°C - 72°C - 72°C - 63°C - 60°C - 72°C - 73°C | Throttling: None - None - None - None - None - None - None - None
1357 (1492037 Gflops/s) - 1364 (1499733 Gflops/s) - 1306 (1435962 Gflops/s) - 1349 (1483241 Gflops/s) - 1340 (1473345 Gflops/s) - 1336 (1468947 Gflops/s) - 1343 (1476644 Gflops/s) - 1336 (1468947 Gflops/s) | Temperatures: 60°C - 61°C - 72°C - 72°C - 63°C - 60°C - 72°C - 74°C | Throttling: None - None - None - None - None - None - None - None
1359 (1494236 Gflops/s) - 1364 (1499733 Gflops/s) - 1308 (1438161 Gflops/s) - 1349 (1483241 Gflops/s) - 1340 (1473345 Gflops/s) - 1335 (1467848 Gflops/s) - 1344 (1477743 Gflops/s) - 1337 (1470047 Gflops/s) | Temperatures: 60°C - 61°C - 71°C - 72°C - 63°C - 60°C - 72°C - 73°C | Throttling: None - None - None - None - None - None - None - None
1359 (1494236 Gflops/s) - 1364 (1499733 Gflops/s) - 1309 (1439260 Gflops/s) - 1348 (1482141 Gflops/s) - 1339 (1472246 Gflops/s) - 1337 (1470047 Gflops/s) - 1344 (1477743 Gflops/s) - 1337 (1470047 Gflops/s) | Temperatures: 60°C - 61°C - 72°C - 72°C - 63°C - 60°C - 72°C - 74°C | Throttling: None - None - None - None - None - None - None - None
1358 (1493136 Gflops/s) - 1365 (1500833 Gflops/s) - 1311 (1441459 Gflops/s) - 1349 (1483241 Gflops/s) - 1340 (1473345 Gflops/s) - 1335 (1467848 Gflops/s) - 1344 (1477743 Gflops/s) - 1336 (1468947 Gflops/s) | Temperatures: 60°C - 61°C - 72°C - 72°C - 63°C - 60°C - 72°C - 74°C | Throttling: None - None - None - None - None - None - None - None
1358 (1493136 Gflops/s) - 1364 (1499733 Gflops/s) - 1307 (1437061 Gflops/s) - 1349 (1483241 Gflops/s) - 1340 (1473345 Gflops/s) - 1336 (1468947 Gflops/s) - 1343 (1476644 Gflops/s) - 1337 (1470047 Gflops/s) | Temperatures: 60°C - 61°C - 72°C - 72°C - 63°C - 60°C - 72°C - 74°C | Throttling: None - None - None - None - None - None - None - None
1358 (1493136 Gflops/s) - 1363 (1498634 Gflops/s) - 1308 (1438161 Gflops/s) - 1348 (1482141 Gflops/s) - 1338 (1471146 Gflops/s) - 1334 (1466748 Gflops/s) - 1343 (1476644 Gflops/s) - 1335 (1467848 Gflops/s) | Temperatures: 60°C - 61°C - 72°C - 72°C - 63°C - 60°C - 72°C - 74°C | Throttling: None - None - None - None - None - None - None - None
1359 (1494236 Gflops/s) - 1364 (1499733 Gflops/s) - 1311 (1441459 Gflops/s) - 1348 (1482141 Gflops/s) - 1342 (1475544 Gflops/s) - 1335 (1467848 Gflops/s) - 1345 (1478843 Gflops/s) - 1337 (1470047 Gflops/s) | Temperatures: 60°C - 61°C - 72°C - 72°C - 63°C - 60°C - 72°C - 74°C | Throttling: None - None - None - None - None - None - None - None
1358 (1493136 Gflops/s) - 1364 (1499733 Gflops/s) - 1309 (1439260 Gflops/s) - 1349 (1483241 Gflops/s) - 1340 (1473345 Gflops/s) - 1336 (1468947 Gflops/s) - 1344 (1477743 Gflops/s) - 1337 (1470047 Gflops/s) | Temperatures: 60°C - 61°C - 72°C - 72°C - 63°C - 60°C - 72°C - 74°C | Throttling: None - None - None - None - None - None - None - None
1357 (1492037 Gflops/s) - 1364 (1499733 Gflops/s) - 1309 (1439260 Gflops/s) - 1348 (1482141 Gflops/s) - 1340 (1473345 Gflops/s) - 1337 (1470047 Gflops/s) - 1344 (1477743 Gflops/s) - 1336 (1468947 Gflops/s) | Temperatures: 60°C - 61°C - 72°C - 72°C - 63°C - 60°C - 72°C - 74°C | Throttling: None - None - None - None - None - None - None - None
1358 (1493136 Gflops/s) - 1363 (1498634 Gflops/s) - 1309 (1439260 Gflops/s) - 1348 (1482141 Gflops/s) - 1341 (1474445 Gflops/s) - 1335 (1467848 Gflops/s) - 1344 (1477743 Gflops/s) - 1337 (1470047 Gflops/s) | Temperatures: 60°C - 61°C - 72°C - 72°C - 63°C - 60°C - 72°C - 74°C | Throttling: None - None - None - None - None - None - None - None
1359 (1494236 Gflops/s) - 1364 (1499733 Gflops/s) - 1308 (1438161 Gflops/s) - 1349 (1483241 Gflops/s) - 1340 (1473345 Gflops/s) - 1335 (1467848 Gflops/s) - 1344 (1477743 Gflops/s) - 1337 (1470047 Gflops/s) | Temperatures: 60°C - 61°C - 72°C - 72°C - 63°C - 60°C - 72°C - 74°C | Throttling: None - None - None - None - None - None - None - None
1358 (1493136 Gflops/s) - 1363 (1498634 Gflops/s) - 1310 (1440360 Gflops/s) - 1350 (1484340 Gflops/s) - 1339 (1472246 Gflops/s) - 1335 (1467848 Gflops/s) - 1343 (1476644 Gflops/s) - 1337 (1470047 Gflops/s) | Temperatures: 60°C - 61°C - 72°C - 72°C - 63°C - 60°C - 72°C - 74°C | Throttling: None - None - None - None - None - None - None - None
1359 (1494236 Gflops/s) - 1366 (1501932 Gflops/s) - 1307 (1437061 Gflops/s) - 1350 (1484340 Gflops/s) - 1339 (1472246 Gflops/s) - 1336 (1468947 Gflops/s) - 1343 (1476644 Gflops/s) - 1336 (1468947 Gflops/s) | Temperatures: 60°C - 61°C - 72°C - 72°C - 63°C - 60°C - 72°C - 74°C | Throttling: None - None - None - None - None - None - None - None
1359 (1494236 Gflops/s) - 1364 (1499733 Gflops/s) - 1309 (1439260 Gflops/s) - 1349 (1483241 Gflops/s) - 1339 (1472246 Gflops/s) - 1335 (1467848 Gflops/s) - 1344 (1477743 Gflops/s) - 1338 (1471146 Gflops/s) | Temperatures: 60°C - 61°C - 72°C - 72°C - 63°C - 60°C - 72°C - 74°C | Throttling: None - None - None - None - None - None - None - None
1359 (1494236 Gflops/s) - 1366 (1501932 Gflops/s) - 1306 (1435962 Gflops/s) - 1349 (1483241 Gflops/s) - 1339 (1472246 Gflops/s) - 1337 (1470047 Gflops/s) - 1343 (1476644 Gflops/s) - 1336 (1468947 Gflops/s) | Temperatures: 60°C - 61°C - 71°C - 72°C - 63°C - 60°C - 72°C - 73°C | Throttling: None - None - None - None - None - None - None - None
1297 (1426066 Gflops/s) - 1302 (1431564 Gflops/s) - 1249 (1373290 Gflops/s) - 1286 (1413971 Gflops/s) - 1277 (1404076 Gflops/s) - 1273 (1399678 Gflops/s) - 1283 (1410673 Gflops/s) - 1275 (1401877 Gflops/s) | Temperatures: 60°C - 61°C - 72°C - 72°C - 63°C - 60°C - 72°C - 74°C | Throttling: None - None - None - None - None - None - None - None
1279 (1406275 Gflops/s) - 1284 (1411772 Gflops/s) - 1231 (1353498 Gflops/s) - 1269 (1395280 Gflops/s) - 1262 (1387583 Gflops/s) - 1259 (1384285 Gflops/s) - 1264 (1389782 Gflops/s) - 1259 (1384285 Gflops/s) | Temperatures: 60°C - 61°C - 71°C - 72°C - 63°C - 60°C - 72°C - 74°C | Throttling: None - None - None - None - None - None - None - None
1295 (1423867 Gflops/s) - 1301 (1430464 Gflops/s) - 1249 (1373290 Gflops/s) - 1287 (1415071 Gflops/s) - 1278 (1405175 Gflops/s) - 1274 (1400777 Gflops/s) - 1283 (1410673 Gflops/s) - 1275 (1401877 Gflops/s) | Temperatures: 60°C - 61°C - 72°C - 72°C - 63°C - 60°C - 72°C - 74°C | Throttling: None - None - None - None - None - None - None - None
1265 (1390882 Gflops/s) - 1269 (1395280 Gflops/s) - 1220 (1341404 Gflops/s) - 1257 (1382086 Gflops/s) - 1248 (1372190 Gflops/s) - 1243 (1366692 Gflops/s) - 1251 (1375489 Gflops/s) - 1245 (1368891 Gflops/s) | Temperatures: 60°C - 61°C - 72°C - 72°C - 63°C - 60°C - 72°C - 74°C | Throttling: None - None - None - None - None - None - None - None
1278 (1405175 Gflops/s) - 1284 (1411772 Gflops/s) - 1126 (1238050 Gflops/s) - 1270 (1396379 Gflops/s) - 1262 (1387583 Gflops/s) - 1257 (1382086 Gflops/s) - 1265 (1390882 Gflops/s) - 1257 (1382086 Gflops/s) | Temperatures: 60°C - 61°C - 72°C - 72°C - 63°C - 60°C - 72°C - 74°C | Throttling: None - None - None - None - None - None - None - None
GPU #0: 1478821 Gflops/s (min: 1382086.12, max: 1516226.53, dev: 1478820.62)
         Temperature: 59.71°C (min: 54.00, max: 60.00)
         Throttling HW: false, Thermal SW: false, Thermal HW: false
GPU #1: 1484720 Gflops/s (min: 1387583.67, max: 1521724.09, dev: 1484719.71)
         Temperature: 60.69°C (min: 55.00, max: 61.00)
         Throttling HW: false, Thermal SW: false, Thermal HW: false
GPU #2: 1423436 Gflops/s (min: 1238050.09, max: 1463449.98, dev: 1423436.01)
         Temperature: 70.87°C (min: 63.00, max: 72.00)
         Throttling HW: false, Thermal SW: false, Thermal HW: false
GPU #3: 1468358 Gflops/s (min: 1372190.51, max: 1506330.93, dev: 1468358.38)
         Temperature: 70.98°C (min: 63.00, max: 72.00)
         Throttling HW: false, Thermal SW: false, Thermal HW: false
GPU #4: 1458928 Gflops/s (min: 1363394.42, max: 1497534.84, dev: 1458928.09)
         Temperature: 62.56°C (min: 56.00, max: 63.00)
         Throttling HW: false, Thermal SW: false, Thermal HW: false
GPU #5: 1454324 Gflops/s (min: 1358996.37, max: 1492037.28, dev: 1454323.65)
         Temperature: 59.74°C (min: 55.00, max: 60.00)
         Throttling HW: false, Thermal SW: false, Thermal HW: false
GPU #6: 1463307 Gflops/s (min: 1366692.95, max: 1500833.37, dev: 1463307.38)
         Temperature: 71.39°C (min: 63.00, max: 72.00)
         Throttling HW: false, Thermal SW: false, Thermal HW: false
GPU #7: 1455442 Gflops/s (min: 1360095.88, max: 1492037.28, dev: 1455441.93)
         Temperature: 72.77°C (min: 65.00, max: 74.00)
         Throttling HW: false, Thermal SW: false, Thermal HW: false
All GPUs seem healthy
Freeing GPUs...
======== Run with fp8  ==========
Detected GPU #0: "NVIDIA B200" (2001b4c7-6ede-61bc-e0ee-85d30e2b3fe5)
Detected GPU #1: "NVIDIA B200" (30f903f5-6400-1ae2-5f21-3b706533965f)
Detected GPU #2: "NVIDIA B200" (25572273-5805-7d3a-0856-6932bada1b06)
Detected GPU #3: "NVIDIA B200" (a993c75f-93cf-6e24-dcf8-0f2339d76b44)
Detected GPU #4: "NVIDIA B200" (15018363-e848-d334-a166-b26471144c05)
Detected GPU #5: "NVIDIA B200" (ab59aea1-aed2-0851-0237-98e3c1b10421)
Detected GPU #6: "NVIDIA B200" (b8be6706-c1ee-fb0b-769b-a8f8b6a9c137)
Detected GPU #7: "NVIDIA B200" (07276c36-5e59-b4b1-1a79-d2a44c42bfc5)
Using precision(s):   FP8
Creating random matrices
Matrices created
GPU #0: Using 163805 MB
GPU #1: Using 163805 MB
GPU #2: Using 163805 MB
GPU #3: Using 163805 MB
GPU #4: Using 163805 MB
GPU #5: Using 163805 MB
GPU #6: Using 163805 MB
GPU #7: Using 163805 MB
1423 (1564605 Gflops/s) - 0 (0 Gflops/s) - 708 (778454 Gflops/s) - 867 (953276 Gflops/s) - 569 (625622 Gflops/s) - 0 (0 Gflops/s) - 0 (0 Gflops/s) - 539 (592636 Gflops/s) | Temperatures: 49°C - 40°C - 56°C - 60°C - 42°C - 40°C - 56°C - 57°C | Throttling: None - None - None - None - None - None - None - None
3760 (4134163 Gflops/s) - 3964 (4358464 Gflops/s) - 3675 (4040705 Gflops/s) - 3702 (4070392 Gflops/s) - 3758 (4131964 Gflops/s) - 3635 (3996724 Gflops/s) - 4179 (4594859 Gflops/s) - 3724 (4094581 Gflops/s) | Temperatures: 53°C - 53°C - 64°C - 64°C - 56°C - 53°C - 64°C - 66°C | Throttling: None - None - None - None - None - None - None - None
3756 (4129765 Gflops/s) - 3755 (4128666 Gflops/s) - 3656 (4019814 Gflops/s) - 3670 (4035207 Gflops/s) - 3752 (4125367 Gflops/s) - 3743 (4115472 Gflops/s) - 3632 (3993426 Gflops/s) - 3691 (4058297 Gflops/s) | Temperatures: 54°C - 55°C - 65°C - 65°C - 57°C - 54°C - 65°C - 67°C | Throttling: None - None - None - None - None - None - None - None
3755 (4128666 Gflops/s) - 3755 (4128666 Gflops/s) - 3651 (4014316 Gflops/s) - 3673 (4038506 Gflops/s) - 3749 (4122069 Gflops/s) - 3743 (4115472 Gflops/s) - 3624 (3984630 Gflops/s) - 3692 (4059396 Gflops/s) | Temperatures: 55°C - 55°C - 66°C - 66°C - 57°C - 55°C - 66°C - 68°C | Throttling: None - None - None - None - None - None - None - None
3756 (4129765 Gflops/s) - 3755 (4128666 Gflops/s) - 3645 (4007719 Gflops/s) - 3670 (4035207 Gflops/s) - 3749 (4122069 Gflops/s) - 3735 (4106675 Gflops/s) - 3620 (3980232 Gflops/s) - 3668 (4033008 Gflops/s) | Temperatures: 55°C - 56°C - 66°C - 66°C - 58°C - 55°C - 66°C - 68°C | Throttling: None - None - None - None - None - None - None - None
3756 (4129765 Gflops/s) - 3756 (4129765 Gflops/s) - 3642 (4004421 Gflops/s) - 3662 (4026411 Gflops/s) - 3748 (4120969 Gflops/s) - 3738 (4109974 Gflops/s) - 3621 (3981331 Gflops/s) - 3668 (4033008 Gflops/s) | Temperatures: 56°C - 56°C - 66°C - 66°C - 58°C - 56°C - 67°C - 68°C | Throttling: None - None - None - None - None - None - None - None
3755 (4128666 Gflops/s) - 3754 (4127566 Gflops/s) - 3638 (4000023 Gflops/s) - 3667 (4031909 Gflops/s) - 3746 (4118770 Gflops/s) - 3720 (4090183 Gflops/s) - 3617 (3976933 Gflops/s) - 3666 (4030809 Gflops/s) | Temperatures: 56°C - 57°C - 66°C - 67°C - 58°C - 56°C - 67°C - 68°C | Throttling: None - None - None - None - None - None - None - None
3755 (4128666 Gflops/s) - 3755 (4128666 Gflops/s) - 3636 (3997824 Gflops/s) - 3655 (4018714 Gflops/s) - 3745 (4117671 Gflops/s) - 3726 (4096780 Gflops/s) - 3619 (3979132 Gflops/s) - 3680 (4046202 Gflops/s) | Temperatures: 56°C - 57°C - 67°C - 67°C - 59°C - 56°C - 67°C - 69°C | Throttling: None - None - None - None - None - None - None - None
3756 (4129765 Gflops/s) - 3755 (4128666 Gflops/s) - 3634 (3995625 Gflops/s) - 3669 (4034108 Gflops/s) - 3744 (4116571 Gflops/s) - 3723 (4093481 Gflops/s) - 3620 (3980232 Gflops/s) - 3660 (4024212 Gflops/s) | Temperatures: 56°C - 57°C - 67°C - 67°C - 59°C - 57°C - 67°C - 69°C | Throttling: None - None - None - None - None - None - None - None
3755 (4128666 Gflops/s) - 3755 (4128666 Gflops/s) - 3631 (3992326 Gflops/s) - 3668 (4033008 Gflops/s) - 3741 (4113272 Gflops/s) - 3734 (4105576 Gflops/s) - 3612 (3971435 Gflops/s) - 3663 (4027511 Gflops/s) | Temperatures: 57°C - 57°C - 67°C - 67°C - 59°C - 57°C - 67°C - 69°C | Throttling: None - None - None - None - None - None - None - None
3754 (4127566 Gflops/s) - 3754 (4127566 Gflops/s) - 3633 (3994525 Gflops/s) - 3657 (4020914 Gflops/s) - 3741 (4113272 Gflops/s) - 3731 (4102277 Gflops/s) - 3617 (3976933 Gflops/s) - 3661 (4025312 Gflops/s) | Temperatures: 57°C - 58°C - 67°C - 67°C - 59°C - 57°C - 68°C - 69°C | Throttling: None - None - None - None - None - None - None - None
3754 (4127566 Gflops/s) - 3755 (4128666 Gflops/s) - 3629 (3990127 Gflops/s) - 3669 (4034108 Gflops/s) - 3740 (4112173 Gflops/s) - 3727 (4097879 Gflops/s) - 3612 (3971435 Gflops/s) - 3657 (4020914 Gflops/s) | Temperatures: 57°C - 58°C - 67°C - 68°C - 60°C - 57°C - 68°C - 69°C | Throttling: None - None - None - None - None - None - None - None
3753 (4126467 Gflops/s) - 3755 (4128666 Gflops/s) - 3630 (3991227 Gflops/s) - 3641 (4003321 Gflops/s) - 3740 (4112173 Gflops/s) - 3728 (4098979 Gflops/s) - 3609 (3968137 Gflops/s) - 3665 (4029710 Gflops/s) | Temperatures: 57°C - 58°C - 68°C - 68°C - 60°C - 57°C - 68°C - 69°C | Throttling: None - None - None - None - None - None - None - None
3751 (4124268 Gflops/s) - 3754 (4127566 Gflops/s) - 3625 (3985729 Gflops/s) - 3636 (3997824 Gflops/s) - 3739 (4111073 Gflops/s) - 3718 (4087984 Gflops/s) - 3600 (3958241 Gflops/s) - 3672 (4037406 Gflops/s) | Temperatures: 57°C - 58°C - 68°C - 68°C - 60°C - 58°C - 68°C - 70°C | Throttling: None - None - None - None - None - None - None - None
3755 (4128666 Gflops/s) - 3757 (4130865 Gflops/s) - 3630 (3991227 Gflops/s) - 3638 (4000023 Gflops/s) - 3742 (4114372 Gflops/s) - 3735 (4106675 Gflops/s) - 3611 (3970336 Gflops/s) - 3670 (4035207 Gflops/s) | Temperatures: 58°C - 58°C - 68°C - 68°C - 60°C - 58°C - 68°C - 70°C | Throttling: None - None - None - None - None - None - None - None
3750 (4123168 Gflops/s) - 3755 (4128666 Gflops/s) - 3623 (3983530 Gflops/s) - 3634 (3995625 Gflops/s) - 3735 (4106675 Gflops/s) - 3732 (4103377 Gflops/s) - 3604 (3962639 Gflops/s) - 3663 (4027511 Gflops/s) | Temperatures: 58°C - 59°C - 68°C - 68°C - 60°C - 58°C - 68°C - 70°C | Throttling: None - None - None - None - None - None - None - None
3752 (4125367 Gflops/s) - 3753 (4126467 Gflops/s) - 3622 (3982431 Gflops/s) - 3629 (3990127 Gflops/s) - 3735 (4106675 Gflops/s) - 3728 (4098979 Gflops/s) - 3603 (3961540 Gflops/s) - 3673 (4038506 Gflops/s) | Temperatures: 58°C - 59°C - 68°C - 68°C - 60°C - 58°C - 69°C - 70°C | Throttling: None - None - None - None - None - None - None - None
3751 (4124268 Gflops/s) - 3754 (4127566 Gflops/s) - 3622 (3982431 Gflops/s) - 3629 (3990127 Gflops/s) - 3736 (4107775 Gflops/s) - 3727 (4097879 Gflops/s) - 3601 (3959341 Gflops/s) - 3675 (4040705 Gflops/s) | Temperatures: 58°C - 59°C - 68°C - 68°C - 60°C - 58°C - 69°C - 70°C | Throttling: None - None - None - None - None - None - None - None
3749 (4122069 Gflops/s) - 3753 (4126467 Gflops/s) - 3621 (3981331 Gflops/s) - 3661 (4025312 Gflops/s) - 3733 (4104476 Gflops/s) - 3730 (4101178 Gflops/s) - 3601 (3959341 Gflops/s) - 3665 (4029710 Gflops/s) | Temperatures: 58°C - 59°C - 69°C - 69°C - 61°C - 58°C - 69°C - 70°C | Throttling: None - None - None - None - None - None - None - None
3749 (4122069 Gflops/s) - 3754 (4127566 Gflops/s) - 3620 (3980232 Gflops/s) - 3669 (4034108 Gflops/s) - 3735 (4106675 Gflops/s) - 3721 (4091282 Gflops/s) - 3602 (3960440 Gflops/s) - 3664 (4028610 Gflops/s) | Temperatures: 58°C - 59°C - 69°C - 69°C - 61°C - 58°C - 69°C - 70°C | Throttling: None - None - None - None - None - None - None - None
3753 (4126467 Gflops/s) - 3757 (4130865 Gflops/s) - 3621 (3981331 Gflops/s) - 3671 (4036307 Gflops/s) - 3736 (4107775 Gflops/s) - 3729 (4100078 Gflops/s) - 3601 (3959341 Gflops/s) - 3666 (4030809 Gflops/s) | Temperatures: 58°C - 59°C - 69°C - 69°C - 61°C - 59°C - 69°C - 71°C | Throttling: None - None - None - None - None - None - None - None
3785 (4161651 Gflops/s) - 3789 (4166049 Gflops/s) - 3651 (4014316 Gflops/s) - 3703 (4071491 Gflops/s) - 3768 (4142959 Gflops/s) - 3762 (4136362 Gflops/s) - 3632 (3993426 Gflops/s) - 3698 (4065993 Gflops/s) | Temperatures: 58°C - 59°C - 69°C - 69°C - 61°C - 59°C - 69°C - 71°C | Throttling: None - None - None - None - None - None - None - None
3782 (4158352 Gflops/s) - 3787 (4163850 Gflops/s) - 3646 (4008819 Gflops/s) - 3696 (4063794 Gflops/s) - 3763 (4137462 Gflops/s) - 3753 (4126467 Gflops/s) - 3629 (3990127 Gflops/s) - 3702 (4070392 Gflops/s) | Temperatures: 59°C - 59°C - 69°C - 69°C - 61°C - 59°C - 69°C - 71°C | Throttling: None - None - None - None - None - None - None - None
3783 (4159452 Gflops/s) - 3786 (4162751 Gflops/s) - 3646 (4008819 Gflops/s) - 3697 (4064894 Gflops/s) - 3766 (4140760 Gflops/s) - 3757 (4130865 Gflops/s) - 3639 (4001122 Gflops/s) - 3682 (4048401 Gflops/s) | Temperatures: 59°C - 59°C - 69°C - 69°C - 61°C - 59°C - 70°C - 71°C | Throttling: None - None - None - None - None - None - None - None
3781 (4157253 Gflops/s) - 3785 (4161651 Gflops/s) - 3647 (4009918 Gflops/s) - 3691 (4058297 Gflops/s) - 3761 (4135263 Gflops/s) - 3751 (4124268 Gflops/s) - 3636 (3997824 Gflops/s) - 3677 (4042904 Gflops/s) | Temperatures: 59°C - 60°C - 69°C - 70°C - 61°C - 59°C - 70°C - 71°C | Throttling: None - None - None - None - None - None - None - None
3785 (4161651 Gflops/s) - 3790 (4167149 Gflops/s) - 3648 (4011018 Gflops/s) - 3700 (4068193 Gflops/s) - 3768 (4142959 Gflops/s) - 3766 (4140760 Gflops/s) - 3640 (4002222 Gflops/s) - 3687 (4053899 Gflops/s) | Temperatures: 59°C - 60°C - 69°C - 70°C - 61°C - 59°C - 70°C - 71°C | Throttling: None - None - None - None - None - None - None - None
3781 (4157253 Gflops/s) - 3781 (4157253 Gflops/s) - 3644 (4006620 Gflops/s) - 3697 (4064894 Gflops/s) - 3760 (4134163 Gflops/s) - 3756 (4129765 Gflops/s) - 3632 (3993426 Gflops/s) - 3678 (4044003 Gflops/s) | Temperatures: 59°C - 60°C - 70°C - 70°C - 61°C - 59°C - 70°C - 71°C | Throttling: None - None - None - None - None - None - None - None
3781 (4157253 Gflops/s) - 3784 (4160551 Gflops/s) - 3643 (4005520 Gflops/s) - 3682 (4048401 Gflops/s) - 3763 (4137462 Gflops/s) - 3756 (4129765 Gflops/s) - 3626 (3986829 Gflops/s) - 3705 (4073690 Gflops/s) | Temperatures: 59°C - 60°C - 70°C - 70°C - 62°C - 59°C - 70°C - 72°C | Throttling: None - None - None - None - None - None - None - None
3781 (4157253 Gflops/s) - 3784 (4160551 Gflops/s) - 3644 (4006620 Gflops/s) - 3679 (4045103 Gflops/s) - 3763 (4137462 Gflops/s) - 3762 (4136362 Gflops/s) - 3624 (3984630 Gflops/s) - 3678 (4044003 Gflops/s) | Temperatures: 59°C - 60°C - 70°C - 70°C - 62°C - 59°C - 70°C - 72°C | Throttling: None - None - None - None - None - None - None - None
3783 (4159452 Gflops/s) - 3783 (4159452 Gflops/s) - 3647 (4009918 Gflops/s) - 3686 (4052799 Gflops/s) - 3763 (4137462 Gflops/s) - 3761 (4135263 Gflops/s) - 3599 (3957142 Gflops/s) - 3677 (4042904 Gflops/s) | Temperatures: 59°C - 60°C - 70°C - 70°C - 62°C - 60°C - 70°C - 72°C | Throttling: None - None - None - None - None - None - None - None
3765 (4139661 Gflops/s) - 3780 (4156153 Gflops/s) - 3643 (4005520 Gflops/s) - 3678 (4044003 Gflops/s) - 3761 (4135263 Gflops/s) - 3759 (4133064 Gflops/s) - 3659 (4023113 Gflops/s) - 3673 (4038506 Gflops/s) | Temperatures: 59°C - 60°C - 70°C - 70°C - 62°C - 60°C - 70°C - 72°C | Throttling: None - None - None - None - None - None - None - None
3781 (4157253 Gflops/s) - 3778 (4153954 Gflops/s) - 3643 (4005520 Gflops/s) - 3679 (4045103 Gflops/s) - 3761 (4135263 Gflops/s) - 3754 (4127566 Gflops/s) - 3655 (4018714 Gflops/s) - 3680 (4046202 Gflops/s) | Temperatures: 59°C - 60°C - 70°C - 70°C - 62°C - 60°C - 71°C - 72°C | Throttling: None - None - None - None - None - None - None - None
3783 (4159452 Gflops/s) - 3779 (4155054 Gflops/s) - 3647 (4009918 Gflops/s) - 3675 (4040705 Gflops/s) - 3765 (4139661 Gflops/s) - 3757 (4130865 Gflops/s) - 3662 (4026411 Gflops/s) - 3675 (4040705 Gflops/s) | Temperatures: 59°C - 60°C - 70°C - 70°C - 62°C - 60°C - 71°C - 72°C | Throttling: None - None - None - None - None - None - None - None
3763 (4137462 Gflops/s) - 3779 (4155054 Gflops/s) - 3642 (4004421 Gflops/s) - 3676 (4041804 Gflops/s) - 3757 (4130865 Gflops/s) - 3762 (4136362 Gflops/s) - 3667 (4031909 Gflops/s) - 3670 (4035207 Gflops/s) | Temperatures: 59°C - 60°C - 70°C - 70°C - 62°C - 60°C - 71°C - 72°C | Throttling: None - None - None - None - None - None - None - None
3778 (4153954 Gflops/s) - 3781 (4157253 Gflops/s) - 3642 (4004421 Gflops/s) - 3674 (4039605 Gflops/s) - 3757 (4130865 Gflops/s) - 3759 (4133064 Gflops/s) - 3662 (4026411 Gflops/s) - 3670 (4035207 Gflops/s) | Temperatures: 60°C - 60°C - 71°C - 71°C - 62°C - 60°C - 71°C - 72°C | Throttling: None - None - None - None - None - None - None - None
3784 (4160551 Gflops/s) - 3776 (4151755 Gflops/s) - 3647 (4009918 Gflops/s) - 3666 (4030809 Gflops/s) - 3763 (4137462 Gflops/s) - 3764 (4138561 Gflops/s) - 3665 (4029710 Gflops/s) - 3673 (4038506 Gflops/s) | Temperatures: 60°C - 60°C - 71°C - 71°C - 62°C - 60°C - 71°C - 72°C | Throttling: None - None - None - None - None - None - None - None
3760 (4134163 Gflops/s) - 3774 (4149556 Gflops/s) - 3640 (4002222 Gflops/s) - 3668 (4033008 Gflops/s) - 3758 (4131964 Gflops/s) - 3756 (4129765 Gflops/s) - 3658 (4022013 Gflops/s) - 3668 (4033008 Gflops/s) | Temperatures: 59°C - 60°C - 71°C - 71°C - 62°C - 60°C - 71°C - 72°C | Throttling: None - None - None - None - None - None - None - None
3780 (4156153 Gflops/s) - 3777 (4152855 Gflops/s) - 3641 (4003321 Gflops/s) - 3663 (4027511 Gflops/s) - 3753 (4126467 Gflops/s) - 3753 (4126467 Gflops/s) - 3655 (4018714 Gflops/s) - 3669 (4034108 Gflops/s) | Temperatures: 60°C - 61°C - 71°C - 71°C - 62°C - 60°C - 71°C - 72°C | Throttling: None - None - None - None - None - None - None - None
3774 (4149556 Gflops/s) - 3781 (4157253 Gflops/s) - 3644 (4006620 Gflops/s) - 3666 (4030809 Gflops/s) - 3761 (4135263 Gflops/s) - 3764 (4138561 Gflops/s) - 3665 (4029710 Gflops/s) - 3678 (4044003 Gflops/s) | Temperatures: 60°C - 61°C - 71°C - 71°C - 62°C - 60°C - 71°C - 73°C | Throttling: None - None - None - None - None - None - None - None
3780 (4156153 Gflops/s) - 3775 (4150656 Gflops/s) - 3641 (4003321 Gflops/s) - 3662 (4026411 Gflops/s) - 3755 (4128666 Gflops/s) - 3758 (4131964 Gflops/s) - 3659 (4023113 Gflops/s) - 3668 (4033008 Gflops/s) | Temperatures: 60°C - 61°C - 71°C - 71°C - 62°C - 60°C - 71°C - 73°C | Throttling: None - None - None - None - None - None - None - None
3779 (4155054 Gflops/s) - 3770 (4145158 Gflops/s) - 3641 (4003321 Gflops/s) - 3657 (4020914 Gflops/s) - 3753 (4126467 Gflops/s) - 3759 (4133064 Gflops/s) - 3643 (4005520 Gflops/s) - 3688 (4054998 Gflops/s) | Temperatures: 60°C - 61°C - 71°C - 71°C - 62°C - 60°C - 71°C - 73°C | Throttling: None - None - None - None - None - None - None - None
3764 (4138561 Gflops/s) - 3773 (4148457 Gflops/s) - 3639 (4001122 Gflops/s) - 3661 (4025312 Gflops/s) - 3756 (4129765 Gflops/s) - 3751 (4124268 Gflops/s) - 3635 (3996724 Gflops/s) - 3667 (4031909 Gflops/s) | Temperatures: 60°C - 61°C - 71°C - 71°C - 62°C - 60°C - 71°C - 73°C | Throttling: None - None - None - None - None - None - None - None
3782 (4158352 Gflops/s) - 3779 (4155054 Gflops/s) - 3642 (4004421 Gflops/s) - 3661 (4025312 Gflops/s) - 3753 (4126467 Gflops/s) - 3755 (4128666 Gflops/s) - 3632 (3993426 Gflops/s) - 3671 (4036307 Gflops/s) | Temperatures: 60°C - 61°C - 71°C - 71°C - 62°C - 60°C - 71°C - 73°C | Throttling: None - None - None - None - None - None - None - None
3779 (4155054 Gflops/s) - 3772 (4147357 Gflops/s) - 3637 (3998923 Gflops/s) - 3658 (4022013 Gflops/s) - 3755 (4128666 Gflops/s) - 3758 (4131964 Gflops/s) - 3638 (4000023 Gflops/s) - 3670 (4035207 Gflops/s) | Temperatures: 60°C - 61°C - 71°C - 71°C - 62°C - 60°C - 72°C - 73°C | Throttling: None - None - None - None - None - None - None - None
3635 (3996724 Gflops/s) - 3629 (3990127 Gflops/s) - 3498 (3846091 Gflops/s) - 3517 (3866982 Gflops/s) - 3605 (3963739 Gflops/s) - 3599 (3957142 Gflops/s) - 3498 (3846091 Gflops/s) - 3524 (3874678 Gflops/s) | Temperatures: 60°C - 61°C - 71°C - 71°C - 62°C - 60°C - 72°C - 73°C | Throttling: None - None - None - None - None - None - None - None
3524 (3874678 Gflops/s) - 3538 (3890072 Gflops/s) - 3418 (3758130 Gflops/s) - 3437 (3779021 Gflops/s) - 3526 (3876877 Gflops/s) - 3521 (3871380 Gflops/s) - 3421 (3761429 Gflops/s) - 3456 (3799912 Gflops/s) | Temperatures: 60°C - 61°C - 71°C - 71°C - 63°C - 60°C - 72°C - 73°C | Throttling: None - None - None - None - None - None - None - None
3541 (3893370 Gflops/s) - 3535 (3886773 Gflops/s) - 3409 (3748235 Gflops/s) - 3429 (3770225 Gflops/s) - 3519 (3869181 Gflops/s) - 3513 (3862584 Gflops/s) - 3407 (3746036 Gflops/s) - 3436 (3777921 Gflops/s) | Temperatures: 60°C - 61°C - 71°C - 72°C - 63°C - 60°C - 72°C - 73°C | Throttling: None - None - None - None - None - None - None - None
3584 (3940649 Gflops/s) - 3579 (3935152 Gflops/s) - 3454 (3797713 Gflops/s) - 3468 (3813106 Gflops/s) - 3562 (3916460 Gflops/s) - 3573 (3928555 Gflops/s) - 3451 (3794414 Gflops/s) - 3480 (3826300 Gflops/s) | Temperatures: 60°C - 61°C - 72°C - 71°C - 62°C - 60°C - 72°C - 73°C | Throttling: None - None - None - None - None - None - None - None
3467 (3812006 Gflops/s) - 3497 (3844992 Gflops/s) - 3377 (3713050 Gflops/s) - 3395 (3732841 Gflops/s) - 3486 (3832897 Gflops/s) - 3488 (3835096 Gflops/s) - 3373 (3708652 Gflops/s) - 3405 (3743837 Gflops/s) | Temperatures: 60°C - 61°C - 72°C - 72°C - 63°C - 60°C - 72°C - 73°C | Throttling: None - None - None - None - None - None - None - None
3525 (3875778 Gflops/s) - 3532 (3883475 Gflops/s) - 3405 (3743837 Gflops/s) - 3420 (3760329 Gflops/s) - 3511 (3860385 Gflops/s) - 3514 (3863683 Gflops/s) - 3401 (3739439 Gflops/s) - 3454 (3797713 Gflops/s) | Temperatures: 60°C - 61°C - 72°C - 72°C - 63°C - 60°C - 72°C - 73°C | Throttling: None - None - None - None - None - None - None - None
3592 (3949445 Gflops/s) - 3604 (3962639 Gflops/s) - 3477 (3823001 Gflops/s) - 3494 (3841693 Gflops/s) - 3588 (3945047 Gflops/s) - 3581 (3937351 Gflops/s) - 3471 (3816404 Gflops/s) - 3506 (3854887 Gflops/s) | Temperatures: 60°C - 61°C - 72°C - 72°C - 63°C - 60°C - 72°C - 73°C | Throttling: None - None - None - None - None - None - None - None
3482 (3828499 Gflops/s) - 3471 (3816404 Gflops/s) - 3349 (3682264 Gflops/s) - 3366 (3700956 Gflops/s) - 3456 (3799912 Gflops/s) - 3461 (3805409 Gflops/s) - 3340 (3672368 Gflops/s) - 3381 (3717448 Gflops/s) | Temperatures: 60°C - 61°C - 72°C - 72°C - 63°C - 60°C - 72°C - 73°C | Throttling: None - None - None - None - None - None - None - None
3558 (3912062 Gflops/s) - 3552 (3905465 Gflops/s) - 3422 (3762528 Gflops/s) - 3436 (3777921 Gflops/s) - 3530 (3881276 Gflops/s) - 3527 (3877977 Gflops/s) - 3416 (3755931 Gflops/s) - 3458 (3802111 Gflops/s) | Temperatures: 60°C - 61°C - 72°C - 72°C - 63°C - 60°C - 72°C - 74°C | Throttling: None - None - None - None - None - None - None - None
3537 (3888972 Gflops/s) - 3534 (3885674 Gflops/s) - 3405 (3743837 Gflops/s) - 3422 (3762528 Gflops/s) - 3515 (3864783 Gflops/s) - 3509 (3858186 Gflops/s) - 3399 (3737240 Gflops/s) - 3429 (3770225 Gflops/s) | Temperatures: 60°C - 61°C - 72°C - 72°C - 63°C - 60°C - 72°C - 73°C | Throttling: None - None - None - None - None - None - None - None
3511 (3860385 Gflops/s) - 3537 (3888972 Gflops/s) - 3408 (3747135 Gflops/s) - 3425 (3765827 Gflops/s) - 3514 (3863683 Gflops/s) - 3519 (3869181 Gflops/s) - 3400 (3738339 Gflops/s) - 3448 (3791116 Gflops/s) | Temperatures: 60°C - 61°C - 72°C - 72°C - 62°C - 60°C - 72°C - 73°C | Throttling: None - None - None - None - None - None - None - None
3552 (3905465 Gflops/s) - 3582 (3938450 Gflops/s) - 3452 (3795514 Gflops/s) - 3471 (3816404 Gflops/s) - 3561 (3915360 Gflops/s) - 3559 (3913161 Gflops/s) - 3448 (3791116 Gflops/s) - 3481 (3827399 Gflops/s) | Temperatures: 60°C - 61°C - 72°C - 72°C - 62°C - 60°C - 72°C - 73°C | Throttling: None - None - None - None - None - None - None - None
3505 (3853788 Gflops/s) - 3498 (3846091 Gflops/s) - 3374 (3709752 Gflops/s) - 3389 (3726244 Gflops/s) - 3479 (3825200 Gflops/s) - 3479 (3825200 Gflops/s) - 3374 (3709752 Gflops/s) - 3404 (3742737 Gflops/s) | Temperatures: 60°C - 61°C - 72°C - 72°C - 62°C - 60°C - 72°C - 73°C | Throttling: None - None - None - None - None - None - None - None
3555 (3908763 Gflops/s) - 3581 (3937351 Gflops/s) - 3448 (3791116 Gflops/s) - 3467 (3812006 Gflops/s) - 3562 (3916460 Gflops/s) - 3555 (3908763 Gflops/s) - 3439 (3781220 Gflops/s) - 3474 (3819703 Gflops/s) | Temperatures: 60°C - 61°C - 72°C - 72°C - 63°C - 60°C - 72°C - 73°C | Throttling: None - None - None - None - None - None - None - None
3752 (4125367 Gflops/s) - 3772 (4147357 Gflops/s) - 3634 (3995625 Gflops/s) - 3655 (4018714 Gflops/s) - 3751 (4124268 Gflops/s) - 3748 (4120969 Gflops/s) - 3633 (3994525 Gflops/s) - 3664 (4028610 Gflops/s) | Temperatures: 60°C - 61°C - 72°C - 71°C - 62°C - 60°C - 72°C - 73°C | Throttling: None - None - None - None - None - None - None - None
3773 (4148457 Gflops/s) - 3777 (4152855 Gflops/s) - 3639 (4001122 Gflops/s) - 3661 (4025312 Gflops/s) - 3755 (4128666 Gflops/s) - 3754 (4127566 Gflops/s) - 3629 (3990127 Gflops/s) - 3670 (4035207 Gflops/s) | Temperatures: 60°C - 61°C - 72°C - 71°C - 62°C - 60°C - 72°C - 73°C | Throttling: None - None - None - None - None - None - None - None
3765 (4139661 Gflops/s) - 3768 (4142959 Gflops/s) - 3635 (3996724 Gflops/s) - 3657 (4020914 Gflops/s) - 3752 (4125367 Gflops/s) - 3758 (4131964 Gflops/s) - 3641 (4003321 Gflops/s) - 3666 (4030809 Gflops/s) | Temperatures: 60°C - 61°C - 71°C - 71°C - 62°C - 60°C - 72°C - 73°C | Throttling: None - None - None - None - None - None - None - None
3761 (4135263 Gflops/s) - 3776 (4151755 Gflops/s) - 3634 (3995625 Gflops/s) - 3655 (4018714 Gflops/s) - 3753 (4126467 Gflops/s) - 3745 (4117671 Gflops/s) - 3630 (3991227 Gflops/s) - 3666 (4030809 Gflops/s) | Temperatures: 60°C - 61°C - 71°C - 71°C - 62°C - 60°C - 72°C - 73°C | Throttling: None - None - None - None - None - None - None - None
3781 (4157253 Gflops/s) - 3771 (4146258 Gflops/s) - 3639 (4001122 Gflops/s) - 3658 (4022013 Gflops/s) - 3762 (4136362 Gflops/s) - 3752 (4125367 Gflops/s) - 3633 (3994525 Gflops/s) - 3673 (4038506 Gflops/s) | Temperatures: 60°C - 61°C - 71°C - 71°C - 62°C - 60°C - 72°C - 73°C | Throttling: None - None - None - None - None - None - None - None
3745 (4117671 Gflops/s) - 3775 (4150656 Gflops/s) - 3637 (3998923 Gflops/s) - 3659 (4023113 Gflops/s) - 3754 (4127566 Gflops/s) - 3757 (4130865 Gflops/s) - 3631 (3992326 Gflops/s) - 3665 (4029710 Gflops/s) | Temperatures: 59°C - 61°C - 71°C - 71°C - 62°C - 60°C - 72°C - 73°C | Throttling: None - None - None - None - None - None - None - None
3772 (4147357 Gflops/s) - 3777 (4152855 Gflops/s) - 3635 (3996724 Gflops/s) - 3658 (4022013 Gflops/s) - 3754 (4127566 Gflops/s) - 3758 (4131964 Gflops/s) - 3630 (3991227 Gflops/s) - 3669 (4034108 Gflops/s) | Temperatures: 60°C - 61°C - 71°C - 71°C - 62°C - 60°C - 72°C - 73°C | Throttling: None - None - None - None - None - None - None - None
3773 (4148457 Gflops/s) - 3772 (4147357 Gflops/s) - 3635 (3996724 Gflops/s) - 3652 (4015416 Gflops/s) - 3751 (4124268 Gflops/s) - 3753 (4126467 Gflops/s) - 3630 (3991227 Gflops/s) - 3674 (4039605 Gflops/s) | Temperatures: 60°C - 61°C - 71°C - 71°C - 62°C - 60°C - 72°C - 73°C | Throttling: None - None - None - None - None - None - None - None
3779 (4155054 Gflops/s) - 3778 (4153954 Gflops/s) - 3638 (4000023 Gflops/s) - 3662 (4026411 Gflops/s) - 3754 (4127566 Gflops/s) - 3760 (4134163 Gflops/s) - 3636 (3997824 Gflops/s) - 3678 (4044003 Gflops/s) | Temperatures: 60°C - 61°C - 71°C - 71°C - 62°C - 60°C - 72°C - 73°C | Throttling: None - None - None - None - None - None - None - None
3730 (4101178 Gflops/s) - 3774 (4149556 Gflops/s) - 3638 (4000023 Gflops/s) - 3656 (4019814 Gflops/s) - 3751 (4124268 Gflops/s) - 3762 (4136362 Gflops/s) - 3635 (3996724 Gflops/s) - 3677 (4042904 Gflops/s) | Temperatures: 59°C - 61°C - 71°C - 71°C - 62°C - 60°C - 72°C - 73°C | Throttling: None - None - None - None - None - None - None - None
3774 (4149556 Gflops/s) - 3770 (4145158 Gflops/s) - 3637 (3998923 Gflops/s) - 3655 (4018714 Gflops/s) - 3749 (4122069 Gflops/s) - 3742 (4114372 Gflops/s) - 3631 (3992326 Gflops/s) - 3675 (4040705 Gflops/s) | Temperatures: 60°C - 61°C - 71°C - 71°C - 62°C - 60°C - 72°C - 73°C | Throttling: None - None - None - None - None - None - None - None
3767 (4141860 Gflops/s) - 3779 (4155054 Gflops/s) - 3640 (4002222 Gflops/s) - 3661 (4025312 Gflops/s) - 3761 (4135263 Gflops/s) - 3759 (4133064 Gflops/s) - 3636 (3997824 Gflops/s) - 3674 (4039605 Gflops/s) | Temperatures: 59°C - 61°C - 71°C - 71°C - 62°C - 60°C - 72°C - 73°C | Throttling: None - None - None - None - None - None - None - None
3763 (4137462 Gflops/s) - 3772 (4147357 Gflops/s) - 3634 (3995625 Gflops/s) - 3656 (4019814 Gflops/s) - 3753 (4126467 Gflops/s) - 3747 (4119870 Gflops/s) - 3636 (3997824 Gflops/s) - 3666 (4030809 Gflops/s) | Temperatures: 60°C - 61°C - 71°C - 71°C - 62°C - 60°C - 72°C - 73°C | Throttling: None - None - None - None - None - None - None - None
3777 (4152855 Gflops/s) - 3773 (4148457 Gflops/s) - 3638 (4000023 Gflops/s) - 3661 (4025312 Gflops/s) - 3754 (4127566 Gflops/s) - 3756 (4129765 Gflops/s) - 3635 (3996724 Gflops/s) - 3663 (4027511 Gflops/s) | Temperatures: 60°C - 61°C - 71°C - 71°C - 62°C - 60°C - 72°C - 73°C | Throttling: None - None - None - None - None - None - None - None
3729 (4100078 Gflops/s) - 3767 (4141860 Gflops/s) - 3636 (3997824 Gflops/s) - 3653 (4016515 Gflops/s) - 3749 (4122069 Gflops/s) - 3752 (4125367 Gflops/s) - 3630 (3991227 Gflops/s) - 3669 (4034108 Gflops/s) | Temperatures: 59°C - 60°C - 71°C - 71°C - 62°C - 60°C - 72°C - 73°C | Throttling: None - None - None - None - None - None - None - None
3766 (4140760 Gflops/s) - 3779 (4155054 Gflops/s) - 3639 (4001122 Gflops/s) - 3660 (4024212 Gflops/s) - 3756 (4129765 Gflops/s) - 3761 (4135263 Gflops/s) - 3635 (3996724 Gflops/s) - 3668 (4033008 Gflops/s) | Temperatures: 60°C - 61°C - 71°C - 71°C - 62°C - 60°C - 72°C - 73°C | Throttling: None - None - None - None - None - None - None - None
3771 (4146258 Gflops/s) - 3773 (4148457 Gflops/s) - 3636 (3997824 Gflops/s) - 3656 (4019814 Gflops/s) - 3755 (4128666 Gflops/s) - 3750 (4123168 Gflops/s) - 3630 (3991227 Gflops/s) - 3670 (4035207 Gflops/s) | Temperatures: 60°C - 61°C - 71°C - 71°C - 62°C - 60°C - 72°C - 73°C | Throttling: None - None - None - None - None - None - None - None
3762 (4136362 Gflops/s) - 3771 (4146258 Gflops/s) - 3636 (3997824 Gflops/s) - 3656 (4019814 Gflops/s) - 3756 (4129765 Gflops/s) - 3757 (4130865 Gflops/s) - 3636 (3997824 Gflops/s) - 3667 (4031909 Gflops/s) | Temperatures: 60°C - 61°C - 71°C - 71°C - 62°C - 60°C - 72°C - 73°C | Throttling: None - None - None - None - None - None - None - None
3780 (4156153 Gflops/s) - 3769 (4144059 Gflops/s) - 3636 (3997824 Gflops/s) - 3661 (4025312 Gflops/s) - 3751 (4124268 Gflops/s) - 3762 (4136362 Gflops/s) - 3632 (3993426 Gflops/s) - 3664 (4028610 Gflops/s) | Temperatures: 60°C - 61°C - 71°C - 71°C - 62°C - 60°C - 72°C - 73°C | Throttling: None - None - None - None - None - None - None - None
3772 (4147357 Gflops/s) - 3780 (4156153 Gflops/s) - 3641 (4003321 Gflops/s) - 3662 (4026411 Gflops/s) - 3759 (4133064 Gflops/s) - 3759 (4133064 Gflops/s) - 3634 (3995625 Gflops/s) - 3671 (4036307 Gflops/s) | Temperatures: 59°C - 61°C - 71°C - 71°C - 62°C - 60°C - 72°C - 73°C | Throttling: None - None - None - None - None - None - None - None
3765 (4139661 Gflops/s) - 3767 (4141860 Gflops/s) - 3635 (3996724 Gflops/s) - 3661 (4025312 Gflops/s) - 3751 (4124268 Gflops/s) - 3758 (4131964 Gflops/s) - 3631 (3992326 Gflops/s) - 3674 (4039605 Gflops/s) | Temperatures: 60°C - 60°C - 71°C - 71°C - 62°C - 60°C - 72°C - 73°C | Throttling: None - None - None - None - None - None - None - None
3755 (4128666 Gflops/s) - 3772 (4147357 Gflops/s) - 3637 (3998923 Gflops/s) - 3660 (4024212 Gflops/s) - 3752 (4125367 Gflops/s) - 3760 (4134163 Gflops/s) - 3635 (3996724 Gflops/s) - 3666 (4030809 Gflops/s) | Temperatures: 59°C - 60°C - 71°C - 71°C - 62°C - 60°C - 72°C - 73°C | Throttling: None - None - None - None - None - None - None - None
3767 (4141860 Gflops/s) - 3779 (4155054 Gflops/s) - 3638 (4000023 Gflops/s) - 3658 (4022013 Gflops/s) - 3758 (4131964 Gflops/s) - 3751 (4124268 Gflops/s) - 3632 (3993426 Gflops/s) - 3678 (4044003 Gflops/s) | Temperatures: 60°C - 61°C - 71°C - 71°C - 62°C - 60°C - 72°C - 73°C | Throttling: None - None - None - None - None - None - None - None
3778 (4153954 Gflops/s) - 3768 (4142959 Gflops/s) - 3635 (3996724 Gflops/s) - 3657 (4020914 Gflops/s) - 3756 (4129765 Gflops/s) - 3757 (4130865 Gflops/s) - 3633 (3994525 Gflops/s) - 3672 (4037406 Gflops/s) | Temperatures: 60°C - 60°C - 71°C - 71°C - 62°C - 60°C - 72°C - 73°C | Throttling: None - None - None - None - None - None - None - None
3779 (4155054 Gflops/s) - 3771 (4146258 Gflops/s) - 3636 (3997824 Gflops/s) - 3660 (4024212 Gflops/s) - 3755 (4128666 Gflops/s) - 3755 (4128666 Gflops/s) - 3632 (3993426 Gflops/s) - 3677 (4042904 Gflops/s) | Temperatures: 60°C - 60°C - 71°C - 71°C - 62°C - 60°C - 72°C - 73°C | Throttling: None - None - None - None - None - None - None - None
3782 (4158352 Gflops/s) - 3777 (4152855 Gflops/s) - 3640 (4002222 Gflops/s) - 3663 (4027511 Gflops/s) - 3758 (4131964 Gflops/s) - 3764 (4138561 Gflops/s) - 3636 (3997824 Gflops/s) - 3671 (4036307 Gflops/s) | Temperatures: 60°C - 61°C - 71°C - 71°C - 62°C - 60°C - 72°C - 73°C | Throttling: None - None - None - None - None - None - None - None
3779 (4155054 Gflops/s) - 3772 (4147357 Gflops/s) - 3636 (3997824 Gflops/s) - 3658 (4022013 Gflops/s) - 3756 (4129765 Gflops/s) - 3762 (4136362 Gflops/s) - 3633 (3994525 Gflops/s) - 3669 (4034108 Gflops/s) | Temperatures: 60°C - 61°C - 71°C - 71°C - 62°C - 60°C - 72°C - 73°C | Throttling: None - None - None - None - None - None - None - None
3780 (4156153 Gflops/s) - 3774 (4149556 Gflops/s) - 3637 (3998923 Gflops/s) - 3658 (4022013 Gflops/s) - 3753 (4126467 Gflops/s) - 3746 (4118770 Gflops/s) - 3635 (3996724 Gflops/s) - 3662 (4026411 Gflops/s) | Temperatures: 60°C - 60°C - 71°C - 71°C - 62°C - 60°C - 72°C - 73°C | Throttling: None - None - None - None - None - None - None - None
3783 (4159452 Gflops/s) - 3778 (4153954 Gflops/s) - 3639 (4001122 Gflops/s) - 3660 (4024212 Gflops/s) - 3757 (4130865 Gflops/s) - 3755 (4128666 Gflops/s) - 3637 (3998923 Gflops/s) - 3668 (4033008 Gflops/s) | Temperatures: 60°C - 60°C - 71°C - 71°C - 62°C - 60°C - 72°C - 73°C | Throttling: None - None - None - None - None - None - None - None
3756 (4129765 Gflops/s) - 3774 (4149556 Gflops/s) - 3636 (3997824 Gflops/s) - 3660 (4024212 Gflops/s) - 3756 (4129765 Gflops/s) - 3759 (4133064 Gflops/s) - 3633 (3994525 Gflops/s) - 3665 (4029710 Gflops/s) | Temperatures: 60°C - 60°C - 71°C - 71°C - 62°C - 60°C - 71°C - 73°C | Throttling: None - None - None - None - None - None - None - None
3780 (4156153 Gflops/s) - 3771 (4146258 Gflops/s) - 3635 (3996724 Gflops/s) - 3660 (4024212 Gflops/s) - 3750 (4123168 Gflops/s) - 3747 (4119870 Gflops/s) - 3630 (3991227 Gflops/s) - 3687 (4053899 Gflops/s) | Temperatures: 60°C - 60°C - 71°C - 71°C - 62°C - 60°C - 72°C - 73°C | Throttling: None - None - None - None - None - None - None - None
3765 (4139661 Gflops/s) - 3777 (4152855 Gflops/s) - 3637 (3998923 Gflops/s) - 3655 (4018714 Gflops/s) - 3756 (4129765 Gflops/s) - 3751 (4124268 Gflops/s) - 3637 (3998923 Gflops/s) - 3667 (4031909 Gflops/s) | Temperatures: 59°C - 61°C - 71°C - 71°C - 62°C - 60°C - 72°C - 73°C | Throttling: None - None - None - None - None - None - None - None
3780 (4156153 Gflops/s) - 3772 (4147357 Gflops/s) - 3641 (4003321 Gflops/s) - 3660 (4024212 Gflops/s) - 3754 (4127566 Gflops/s) - 3762 (4136362 Gflops/s) - 3641 (4003321 Gflops/s) - 3674 (4039605 Gflops/s) | Temperatures: 60°C - 60°C - 71°C - 71°C - 62°C - 60°C - 72°C - 73°C | Throttling: None - None - None - None - None - None - None - None
3780 (4156153 Gflops/s) - 3774 (4149556 Gflops/s) - 3637 (3998923 Gflops/s) - 3658 (4022013 Gflops/s) - 3749 (4122069 Gflops/s) - 3746 (4118770 Gflops/s) - 3632 (3993426 Gflops/s) - 3663 (4027511 Gflops/s) | Temperatures: 60°C - 60°C - 71°C - 71°C - 62°C - 60°C - 72°C - 73°C | Throttling: None - None - None - None - None - None - None - None
3778 (4153954 Gflops/s) - 3777 (4152855 Gflops/s) - 3637 (3998923 Gflops/s) - 3657 (4020914 Gflops/s) - 3753 (4126467 Gflops/s) - 3754 (4127566 Gflops/s) - 3636 (3997824 Gflops/s) - 3671 (4036307 Gflops/s) | Temperatures: 59°C - 60°C - 71°C - 71°C - 62°C - 60°C - 72°C - 73°C | Throttling: None - None - None - None - None - None - None - None
3761 (4135263 Gflops/s) - 3771 (4146258 Gflops/s) - 3636 (3997824 Gflops/s) - 3660 (4024212 Gflops/s) - 3755 (4128666 Gflops/s) - 3755 (4128666 Gflops/s) - 3642 (4004421 Gflops/s) - 3666 (4030809 Gflops/s) | Temperatures: 59°C - 60°C - 71°C - 71°C - 62°C - 60°C - 72°C - 73°C | Throttling: None - None - None - None - None - None - None - None
3783 (4159452 Gflops/s) - 3782 (4158352 Gflops/s) - 3639 (4001122 Gflops/s) - 3664 (4028610 Gflops/s) - 3755 (4128666 Gflops/s) - 3760 (4134163 Gflops/s) - 3637 (3998923 Gflops/s) - 3670 (4035207 Gflops/s) | Temperatures: 60°C - 60°C - 71°C - 71°C - 62°C - 60°C - 71°C - 73°C | Throttling: None - None - None - None - None - None - None - None
3742 (4114372 Gflops/s) - 3776 (4151755 Gflops/s) - 3636 (3997824 Gflops/s) - 3661 (4025312 Gflops/s) - 3754 (4127566 Gflops/s) - 3760 (4134163 Gflops/s) - 3645 (4007719 Gflops/s) - 3665 (4029710 Gflops/s) | Temperatures: 59°C - 60°C - 71°C - 71°C - 62°C - 60°C - 71°C - 73°C | Throttling: None - None - None - None - None - None - None - None
3780 (4156153 Gflops/s) - 3774 (4149556 Gflops/s) - 3637 (3998923 Gflops/s) - 3661 (4025312 Gflops/s) - 3749 (4122069 Gflops/s) - 3756 (4129765 Gflops/s) - 3632 (3993426 Gflops/s) - 3667 (4031909 Gflops/s) | Temperatures: 60°C - 60°C - 71°C - 71°C - 62°C - 60°C - 71°C - 73°C | Throttling: None - None - None - None - None - None - None - None
3783 (4159452 Gflops/s) - 3775 (4150656 Gflops/s) - 3641 (4003321 Gflops/s) - 3663 (4027511 Gflops/s) - 3758 (4131964 Gflops/s) - 3740 (4112173 Gflops/s) - 3635 (3996724 Gflops/s) - 3673 (4038506 Gflops/s) | Temperatures: 60°C - 60°C - 71°C - 71°C - 62°C - 60°C - 72°C - 73°C | Throttling: None - None - None - None - None - None - None - None
3743 (4115472 Gflops/s) - 3777 (4152855 Gflops/s) - 3636 (3997824 Gflops/s) - 3661 (4025312 Gflops/s) - 3751 (4124268 Gflops/s) - 3760 (4134163 Gflops/s) - 3637 (3998923 Gflops/s) - 3669 (4034108 Gflops/s) | Temperatures: 59°C - 60°C - 71°C - 71°C - 62°C - 60°C - 72°C - 73°C | Throttling: None - None - None - None - None - None - None - None
3731 (4102277 Gflops/s) - 3772 (4147357 Gflops/s) - 3636 (3997824 Gflops/s) - 3660 (4024212 Gflops/s) - 3753 (4126467 Gflops/s) - 3754 (4127566 Gflops/s) - 3634 (3995625 Gflops/s) - 3664 (4028610 Gflops/s) | Temperatures: 59°C - 60°C - 71°C - 71°C - 62°C - 60°C - 71°C - 73°C | Throttling: None - None - None - None - None - None - None - None
3734 (4105576 Gflops/s) - 3777 (4152855 Gflops/s) - 3641 (4003321 Gflops/s) - 3663 (4027511 Gflops/s) - 3756 (4129765 Gflops/s) - 3750 (4123168 Gflops/s) - 3640 (4002222 Gflops/s) - 3668 (4033008 Gflops/s) | Temperatures: 59°C - 60°C - 71°C - 71°C - 62°C - 60°C - 72°C - 73°C | Throttling: None - None - None - None - None - None - None - None
3742 (4114372 Gflops/s) - 3771 (4146258 Gflops/s) - 3637 (3998923 Gflops/s) - 3659 (4023113 Gflops/s) - 3754 (4127566 Gflops/s) - 3756 (4129765 Gflops/s) - 3638 (4000023 Gflops/s) - 3672 (4037406 Gflops/s) | Temperatures: 59°C - 60°C - 71°C - 71°C - 62°C - 60°C - 72°C - 73°C | Throttling: None - None - None - None - None - None - None - None
3777 (4152855 Gflops/s) - 3776 (4151755 Gflops/s) - 3637 (3998923 Gflops/s) - 3659 (4023113 Gflops/s) - 3753 (4126467 Gflops/s) - 3752 (4125367 Gflops/s) - 3636 (3997824 Gflops/s) - 3677 (4042904 Gflops/s) | Temperatures: 60°C - 60°C - 71°C - 71°C - 62°C - 60°C - 72°C - 73°C | Throttling: None - None - None - None - None - None - None - None
3747 (4119870 Gflops/s) - 3779 (4155054 Gflops/s) - 3638 (4000023 Gflops/s) - 3658 (4022013 Gflops/s) - 3756 (4129765 Gflops/s) - 3759 (4133064 Gflops/s) - 3634 (3995625 Gflops/s) - 3663 (4027511 Gflops/s) | Temperatures: 59°C - 61°C - 71°C - 71°C - 62°C - 60°C - 71°C - 73°C | Throttling: None - None - None - None - None - None - None - None
3771 (4146258 Gflops/s) - 3776 (4151755 Gflops/s) - 3641 (4003321 Gflops/s) - 3662 (4026411 Gflops/s) - 3757 (4130865 Gflops/s) - 3758 (4131964 Gflops/s) - 3634 (3995625 Gflops/s) - 3668 (4033008 Gflops/s) | Temperatures: 59°C - 60°C - 71°C - 71°C - 62°C - 60°C - 71°C - 73°C | Throttling: None - None - None - None - None - None - None - None
3781 (4157253 Gflops/s) - 3773 (4148457 Gflops/s) - 3637 (3998923 Gflops/s) - 3661 (4025312 Gflops/s) - 3753 (4126467 Gflops/s) - 3759 (4133064 Gflops/s) - 3632 (3993426 Gflops/s) - 3681 (4047302 Gflops/s) | Temperatures: 60°C - 61°C - 71°C - 71°C - 62°C - 60°C - 71°C - 73°C | Throttling: None - None - None - None - None - None - None - None
3778 (4153954 Gflops/s) - 3769 (4144059 Gflops/s) - 3638 (4000023 Gflops/s) - 3657 (4020914 Gflops/s) - 3752 (4125367 Gflops/s) - 3760 (4134163 Gflops/s) - 3633 (3994525 Gflops/s) - 3671 (4036307 Gflops/s) | Temperatures: 60°C - 60°C - 71°C - 71°C - 62°C - 60°C - 71°C - 73°C | Throttling: None - None - None - None - None - None - None - None
3779 (4155054 Gflops/s) - 3773 (4148457 Gflops/s) - 3637 (3998923 Gflops/s) - 3660 (4024212 Gflops/s) - 3753 (4126467 Gflops/s) - 3756 (4129765 Gflops/s) - 3633 (3994525 Gflops/s) - 3669 (4034108 Gflops/s) | Temperatures: 59°C - 60°C - 71°C - 71°C - 62°C - 60°C - 71°C - 73°C | Throttling: None - None - None - None - None - None - None - None
3783 (4159452 Gflops/s) - 3774 (4149556 Gflops/s) - 3640 (4002222 Gflops/s) - 3666 (4030809 Gflops/s) - 3756 (4129765 Gflops/s) - 3759 (4133064 Gflops/s) - 3640 (4002222 Gflops/s) - 3674 (4039605 Gflops/s) | Temperatures: 60°C - 60°C - 71°C - 71°C - 62°C - 60°C - 71°C - 73°C | Throttling: None - None - None - None - None - None - None - None
3678 (4044003 Gflops/s) - 3677 (4042904 Gflops/s) - 3540 (3892271 Gflops/s) - 3564 (3918659 Gflops/s) - 3651 (4014316 Gflops/s) - 3657 (4020914 Gflops/s) - 3534 (3885674 Gflops/s) - 3568 (3923057 Gflops/s) | Temperatures: 59°C - 60°C - 71°C - 71°C - 62°C - 60°C - 71°C - 73°C | Throttling: None - None - None - None - None - None - None - None
3554 (3907664 Gflops/s) - 3549 (3902166 Gflops/s) - 3420 (3760329 Gflops/s) - 3444 (3786718 Gflops/s) - 3530 (3881276 Gflops/s) - 3528 (3879077 Gflops/s) - 3420 (3760329 Gflops/s) - 3450 (3793315 Gflops/s) | Temperatures: 60°C - 60°C - 71°C - 71°C - 62°C - 60°C - 71°C - 73°C | Throttling: None - None - None - None - None - None - None - None
3572 (3927455 Gflops/s) - 3589 (3946147 Gflops/s) - 3458 (3802111 Gflops/s) - 3483 (3829598 Gflops/s) - 3570 (3925256 Gflops/s) - 3565 (3919758 Gflops/s) - 3455 (3798812 Gflops/s) - 3484 (3830698 Gflops/s) | Temperatures: 59°C - 60°C - 71°C - 71°C - 62°C - 60°C - 71°C - 73°C | Throttling: None - None - None - None - None - None - None - None
3510 (3859285 Gflops/s) - 3516 (3865882 Gflops/s) - 3389 (3726244 Gflops/s) - 3413 (3752633 Gflops/s) - 3496 (3843892 Gflops/s) - 3501 (3849390 Gflops/s) - 3385 (3721846 Gflops/s) - 3414 (3753732 Gflops/s) | Temperatures: 60°C - 60°C - 71°C - 71°C - 62°C - 60°C - 71°C - 73°C | Throttling: None - None - None - None - None - None - None - None
3550 (3903266 Gflops/s) - 3547 (3899967 Gflops/s) - 3418 (3758130 Gflops/s) - 3438 (3780120 Gflops/s) - 3530 (3881276 Gflops/s) - 3525 (3875778 Gflops/s) - 3411 (3750434 Gflops/s) - 3442 (3784519 Gflops/s) | Temperatures: 59°C - 61°C - 71°C - 71°C - 62°C - 60°C - 71°C - 73°C | Throttling: None - None - None - None - None - None - None - None
3626 (3986829 Gflops/s) - 3613 (3972535 Gflops/s) - 3490 (3837295 Gflops/s) - 3509 (3858186 Gflops/s) - 3603 (3961540 Gflops/s) - 3597 (3954943 Gflops/s) - 3490 (3837295 Gflops/s) - 3519 (3869181 Gflops/s) | Temperatures: 60°C - 60°C - 71°C - 71°C - 62°C - 60°C - 71°C - 73°C | Throttling: None - None - None - None - None - None - None - None
3489 (3836196 Gflops/s) - 3487 (3833997 Gflops/s) - 3358 (3692160 Gflops/s) - 3378 (3714150 Gflops/s) - 3469 (3814205 Gflops/s) - 3472 (3817504 Gflops/s) - 3352 (3685562 Gflops/s) - 3384 (3720747 Gflops/s) | Temperatures: 60°C - 61°C - 71°C - 71°C - 62°C - 60°C - 71°C - 73°C | Throttling: None - None - None - None - None - None - None - None
3541 (3893370 Gflops/s) - 3555 (3908763 Gflops/s) - 3429 (3770225 Gflops/s) - 3446 (3788917 Gflops/s) - 3539 (3891171 Gflops/s) - 3542 (3894470 Gflops/s) - 3425 (3765827 Gflops/s) - 3468 (3813106 Gflops/s) | Temperatures: 59°C - 60°C - 71°C - 71°C - 62°C - 60°C - 71°C - 73°C | Throttling: None - None - None - None - None - None - None - None
3526 (3876877 Gflops/s) - 3550 (3903266 Gflops/s) - 3421 (3761429 Gflops/s) - 3447 (3790016 Gflops/s) - 3529 (3880176 Gflops/s) - 3529 (3880176 Gflops/s) - 3421 (3761429 Gflops/s) - 3450 (3793315 Gflops/s) | Temperatures: 59°C - 61°C - 71°C - 71°C - 62°C - 60°C - 71°C - 73°C | Throttling: None - None - None - None - None - None - None - None
3545 (3897768 Gflops/s) - 3540 (3892271 Gflops/s) - 3418 (3758130 Gflops/s) - 3437 (3779021 Gflops/s) - 3530 (3881276 Gflops/s) - 3530 (3881276 Gflops/s) - 3413 (3752633 Gflops/s) - 3447 (3790016 Gflops/s) | Temperatures: 59°C - 60°C - 71°C - 71°C - 62°C - 60°C - 71°C - 73°C | Throttling: None - None - None - None - None - None - None - None
3590 (3947246 Gflops/s) - 3594 (3951644 Gflops/s) - 3463 (3807608 Gflops/s) - 3486 (3832897 Gflops/s) - 3577 (3932953 Gflops/s) - 3576 (3931853 Gflops/s) - 3463 (3807608 Gflops/s) - 3493 (3840594 Gflops/s) | Temperatures: 59°C - 60°C - 71°C - 71°C - 62°C - 60°C - 71°C - 73°C | Throttling: None - None - None - None - None - None - None - None
3492 (3839494 Gflops/s) - 3510 (3859285 Gflops/s) - 3386 (3722946 Gflops/s) - 3401 (3739439 Gflops/s) - 3498 (3846091 Gflops/s) - 3481 (3827399 Gflops/s) - 3387 (3724045 Gflops/s) - 3419 (3759230 Gflops/s) | Temperatures: 59°C - 60°C - 71°C - 71°C - 62°C - 60°C - 71°C - 73°C | Throttling: None - None - None - None - None - None - None - None
3547 (3899967 Gflops/s) - 3553 (3906564 Gflops/s) - 3421 (3761429 Gflops/s) - 3441 (3783419 Gflops/s) - 3533 (3884574 Gflops/s) - 3537 (3888972 Gflops/s) - 3418 (3758130 Gflops/s) - 3452 (3795514 Gflops/s) | Temperatures: 59°C - 60°C - 71°C - 71°C - 62°C - 60°C - 71°C - 73°C | Throttling: None - None - None - None - None - None - None - None
3757 (4130865 Gflops/s) - 3760 (4134163 Gflops/s) - 3625 (3985729 Gflops/s) - 3647 (4009918 Gflops/s) - 3741 (4113272 Gflops/s) - 3741 (4113272 Gflops/s) - 3620 (3980232 Gflops/s) - 3649 (4012117 Gflops/s) | Temperatures: 59°C - 61°C - 71°C - 71°C - 62°C - 60°C - 71°C - 73°C | Throttling: None - None - None - None - None - None - None - None
3773 (4148457 Gflops/s) - 3779 (4155054 Gflops/s) - 3636 (3997824 Gflops/s) - 3661 (4025312 Gflops/s) - 3751 (4124268 Gflops/s) - 3751 (4124268 Gflops/s) - 3639 (4001122 Gflops/s) - 3676 (4041804 Gflops/s) | Temperatures: 59°C - 61°C - 71°C - 71°C - 62°C - 60°C - 71°C - 73°C | Throttling: None - None - None - None - None - None - None - None
3772 (4147357 Gflops/s) - 3776 (4151755 Gflops/s) - 3636 (3997824 Gflops/s) - 3664 (4028610 Gflops/s) - 3758 (4131964 Gflops/s) - 3753 (4126467 Gflops/s) - 3633 (3994525 Gflops/s) - 3668 (4033008 Gflops/s) | Temperatures: 59°C - 61°C - 71°C - 71°C - 62°C - 60°C - 71°C - 73°C | Throttling: None - None - None - None - None - None - None - None
3774 (4149556 Gflops/s) - 3775 (4150656 Gflops/s) - 3640 (4002222 Gflops/s) - 3668 (4033008 Gflops/s) - 3755 (4128666 Gflops/s) - 3749 (4122069 Gflops/s) - 3640 (4002222 Gflops/s) - 3677 (4042904 Gflops/s) | Temperatures: 59°C - 60°C - 71°C - 71°C - 62°C - 60°C - 71°C - 73°C | Throttling: None - None - None - None - None - None - None - None
3746 (4118770 Gflops/s) - 3775 (4150656 Gflops/s) - 3637 (3998923 Gflops/s) - 3657 (4020914 Gflops/s) - 3751 (4124268 Gflops/s) - 3755 (4128666 Gflops/s) - 3633 (3994525 Gflops/s) - 3667 (4031909 Gflops/s) | Temperatures: 59°C - 61°C - 71°C - 71°C - 62°C - 60°C - 71°C - 73°C | Throttling: None - None - None - None - None - None - None - None
3763 (4137462 Gflops/s) - 3773 (4148457 Gflops/s) - 3636 (3997824 Gflops/s) - 3664 (4028610 Gflops/s) - 3754 (4127566 Gflops/s) - 3751 (4124268 Gflops/s) - 3635 (3996724 Gflops/s) - 3669 (4034108 Gflops/s) | Temperatures: 60°C - 60°C - 71°C - 71°C - 62°C - 60°C - 71°C - 73°C | Throttling: None - None - None - None - None - None - None - None
3779 (4155054 Gflops/s) - 3776 (4151755 Gflops/s) - 3637 (3998923 Gflops/s) - 3657 (4020914 Gflops/s) - 3752 (4125367 Gflops/s) - 3756 (4129765 Gflops/s) - 3637 (3998923 Gflops/s) - 3669 (4034108 Gflops/s) | Temperatures: 60°C - 60°C - 71°C - 71°C - 62°C - 60°C - 71°C - 73°C | Throttling: None - None - None - None - None - None - None - None
3761 (4135263 Gflops/s) - 3778 (4153954 Gflops/s) - 3639 (4001122 Gflops/s) - 3667 (4031909 Gflops/s) - 3757 (4130865 Gflops/s) - 3757 (4130865 Gflops/s) - 3643 (4005520 Gflops/s) - 3665 (4029710 Gflops/s) | Temperatures: 59°C - 60°C - 71°C - 71°C - 62°C - 60°C - 71°C - 73°C | Throttling: None - None - None - None - None - None - None - None
3771 (4146258 Gflops/s) - 3782 (4158352 Gflops/s) - 3636 (3997824 Gflops/s) - 3660 (4024212 Gflops/s) - 3750 (4123168 Gflops/s) - 3759 (4133064 Gflops/s) - 3632 (3993426 Gflops/s) - 3668 (4033008 Gflops/s) | Temperatures: 59°C - 61°C - 71°C - 71°C - 62°C - 60°C - 71°C - 73°C | Throttling: None - None - None - None - None - None - None - None
3750 (4123168 Gflops/s) - 3778 (4153954 Gflops/s) - 3638 (4000023 Gflops/s) - 3661 (4025312 Gflops/s) - 3755 (4128666 Gflops/s) - 3754 (4127566 Gflops/s) - 3636 (3997824 Gflops/s) - 3669 (4034108 Gflops/s) | Temperatures: 59°C - 60°C - 71°C - 71°C - 62°C - 60°C - 71°C - 73°C | Throttling: None - None - None - None - None - None - None - None
3733 (4104476 Gflops/s) - 3778 (4153954 Gflops/s) - 3639 (4001122 Gflops/s) - 3664 (4028610 Gflops/s) - 3759 (4133064 Gflops/s) - 3748 (4120969 Gflops/s) - 3640 (4002222 Gflops/s) - 3668 (4033008 Gflops/s) | Temperatures: 59°C - 60°C - 71°C - 71°C - 62°C - 60°C - 71°C - 73°C | Throttling: None - None - None - None - None - None - None - None
3752 (4125367 Gflops/s) - 3771 (4146258 Gflops/s) - 3637 (3998923 Gflops/s) - 3660 (4024212 Gflops/s) - 3750 (4123168 Gflops/s) - 3748 (4120969 Gflops/s) - 3641 (4003321 Gflops/s) - 3661 (4025312 Gflops/s) | Temperatures: 59°C - 60°C - 71°C - 71°C - 62°C - 60°C - 71°C - 73°C | Throttling: None - None - None - None - None - None - None - None
3751 (4124268 Gflops/s) - 3777 (4152855 Gflops/s) - 3635 (3996724 Gflops/s) - 3658 (4022013 Gflops/s) - 3756 (4129765 Gflops/s) - 3748 (4120969 Gflops/s) - 3635 (3996724 Gflops/s) - 3665 (4029710 Gflops/s) | Temperatures: 59°C - 60°C - 71°C - 71°C - 62°C - 60°C - 71°C - 73°C | Throttling: None - None - None - None - None - None - None - None
3745 (4117671 Gflops/s) - 3775 (4150656 Gflops/s) - 3637 (3998923 Gflops/s) - 3662 (4026411 Gflops/s) - 3759 (4133064 Gflops/s) - 3758 (4131964 Gflops/s) - 3636 (3997824 Gflops/s) - 3664 (4028610 Gflops/s) | Temperatures: 59°C - 61°C - 71°C - 71°C - 62°C - 60°C - 71°C - 73°C | Throttling: None - None - None - None - None - None - None - None
3780 (4156153 Gflops/s) - 3773 (4148457 Gflops/s) - 3637 (3998923 Gflops/s) - 3660 (4024212 Gflops/s) - 3754 (4127566 Gflops/s) - 3745 (4117671 Gflops/s) - 3633 (3994525 Gflops/s) - 3665 (4029710 Gflops/s) | Temperatures: 60°C - 60°C - 71°C - 71°C - 62°C - 60°C - 71°C - 73°C | Throttling: None - None - None - None - None - None - None - None
3763 (4137462 Gflops/s) - 3780 (4156153 Gflops/s) - 3640 (4002222 Gflops/s) - 3659 (4023113 Gflops/s) - 3755 (4128666 Gflops/s) - 3759 (4133064 Gflops/s) - 3641 (4003321 Gflops/s) - 3669 (4034108 Gflops/s) | Temperatures: 59°C - 61°C - 71°C - 71°C - 62°C - 60°C - 71°C - 73°C | Throttling: None - None - None - None - None - None - None - None
3727 (4097879 Gflops/s) - 3769 (4144059 Gflops/s) - 3637 (3998923 Gflops/s) - 3662 (4026411 Gflops/s) - 3753 (4126467 Gflops/s) - 3755 (4128666 Gflops/s) - 3638 (4000023 Gflops/s) - 3666 (4030809 Gflops/s) | Temperatures: 59°C - 60°C - 71°C - 71°C - 62°C - 60°C - 71°C - 73°C | Throttling: None - None - None - None - None - None - None - None
3730 (4101178 Gflops/s) - 3782 (4158352 Gflops/s) - 3636 (3997824 Gflops/s) - 3661 (4025312 Gflops/s) - 3750 (4123168 Gflops/s) - 3755 (4128666 Gflops/s) - 3633 (3994525 Gflops/s) - 3662 (4026411 Gflops/s) | Temperatures: 59°C - 61°C - 71°C - 71°C - 62°C - 60°C - 71°C - 73°C | Throttling: None - None - None - None - None - None - None - None
3762 (4136362 Gflops/s) - 3779 (4155054 Gflops/s) - 3641 (4003321 Gflops/s) - 3658 (4022013 Gflops/s) - 3757 (4130865 Gflops/s) - 3763 (4137462 Gflops/s) - 3638 (4000023 Gflops/s) - 3673 (4038506 Gflops/s) | Temperatures: 59°C - 60°C - 71°C - 71°C - 62°C - 60°C - 71°C - 73°C | Throttling: None - None - None - None - None - None - None - None
3758 (4131964 Gflops/s) - 3771 (4146258 Gflops/s) - 3637 (3998923 Gflops/s) - 3661 (4025312 Gflops/s) - 3752 (4125367 Gflops/s) - 3756 (4129765 Gflops/s) - 3636 (3997824 Gflops/s) - 3662 (4026411 Gflops/s) | Temperatures: 59°C - 60°C - 71°C - 71°C - 62°C - 60°C - 71°C - 73°C | Throttling: None - None - None - None - None - None - None - None
3728 (4098979 Gflops/s) - 3781 (4157253 Gflops/s) - 3636 (3997824 Gflops/s) - 3660 (4024212 Gflops/s) - 3755 (4128666 Gflops/s) - 3750 (4123168 Gflops/s) - 3639 (4001122 Gflops/s) - 3673 (4038506 Gflops/s) | Temperatures: 59°C - 61°C - 71°C - 71°C - 62°C - 60°C - 71°C - 73°C | Throttling: None - None - None - None - None - None - None - None
3758 (4131964 Gflops/s) - 3777 (4152855 Gflops/s) - 3638 (4000023 Gflops/s) - 3657 (4020914 Gflops/s) - 3756 (4129765 Gflops/s) - 3759 (4133064 Gflops/s) - 3634 (3995625 Gflops/s) - 3665 (4029710 Gflops/s) | Temperatures: 59°C - 60°C - 71°C - 71°C - 62°C - 60°C - 71°C - 73°C | Throttling: None - None - None - None - None - None - None - None
3784 (4160551 Gflops/s) - 3773 (4148457 Gflops/s) - 3640 (4002222 Gflops/s) - 3666 (4030809 Gflops/s) - 3758 (4131964 Gflops/s) - 3759 (4133064 Gflops/s) - 3635 (3996724 Gflops/s) - 3674 (4039605 Gflops/s) | Temperatures: 59°C - 60°C - 71°C - 71°C - 62°C - 60°C - 71°C - 73°C | Throttling: None - None - None - None - None - None - None - None
3778 (4153954 Gflops/s) - 3776 (4151755 Gflops/s) - 3636 (3997824 Gflops/s) - 3658 (4022013 Gflops/s) - 3753 (4126467 Gflops/s) - 3758 (4131964 Gflops/s) - 3643 (4005520 Gflops/s) - 3667 (4031909 Gflops/s) | Temperatures: 60°C - 61°C - 71°C - 71°C - 62°C - 60°C - 71°C - 73°C | Throttling: None - None - None - None - None - None - None - None
3761 (4135263 Gflops/s) - 3776 (4151755 Gflops/s) - 3636 (3997824 Gflops/s) - 3658 (4022013 Gflops/s) - 3753 (4126467 Gflops/s) - 3761 (4135263 Gflops/s) - 3642 (4004421 Gflops/s) - 3661 (4025312 Gflops/s) | Temperatures: 59°C - 60°C - 71°C - 71°C - 62°C - 60°C - 71°C - 73°C | Throttling: None - None - None - None - None - None - None - None
3734 (4105576 Gflops/s) - 3779 (4155054 Gflops/s) - 3640 (4002222 Gflops/s) - 3664 (4028610 Gflops/s) - 3756 (4129765 Gflops/s) - 3762 (4136362 Gflops/s) - 3638 (4000023 Gflops/s) - 3669 (4034108 Gflops/s) | Temperatures: 59°C - 60°C - 71°C - 71°C - 62°C - 60°C - 71°C - 73°C | Throttling: None - None - None - None - None - None - None - None
3750 (4123168 Gflops/s) - 3779 (4155054 Gflops/s) - 3637 (3998923 Gflops/s) - 3659 (4023113 Gflops/s) - 3756 (4129765 Gflops/s) - 3754 (4127566 Gflops/s) - 3632 (3993426 Gflops/s) - 3670 (4035207 Gflops/s) | Temperatures: 59°C - 60°C - 71°C - 71°C - 62°C - 60°C - 71°C - 73°C | Throttling: None - None - None - None - None - None - None - None
3779 (4155054 Gflops/s) - 3773 (4148457 Gflops/s) - 3637 (3998923 Gflops/s) - 3657 (4020914 Gflops/s) - 3746 (4118770 Gflops/s) - 3745 (4117671 Gflops/s) - 3639 (4001122 Gflops/s) - 3668 (4033008 Gflops/s) | Temperatures: 60°C - 60°C - 71°C - 71°C - 62°C - 60°C - 71°C - 73°C | Throttling: None - None - None - None - None - None - None - None
3782 (4158352 Gflops/s) - 3778 (4153954 Gflops/s) - 3640 (4002222 Gflops/s) - 3659 (4023113 Gflops/s) - 3756 (4129765 Gflops/s) - 3754 (4127566 Gflops/s) - 3642 (4004421 Gflops/s) - 3668 (4033008 Gflops/s) | Temperatures: 59°C - 60°C - 71°C - 71°C - 62°C - 60°C - 71°C - 73°C | Throttling: None - None - None - None - None - None - None - None
3779 (4155054 Gflops/s) - 3777 (4152855 Gflops/s) - 3639 (4001122 Gflops/s) - 3661 (4025312 Gflops/s) - 3753 (4126467 Gflops/s) - 3761 (4135263 Gflops/s) - 3633 (3994525 Gflops/s) - 3666 (4030809 Gflops/s) | Temperatures: 60°C - 61°C - 71°C - 71°C - 62°C - 60°C - 71°C - 73°C | Throttling: None - None - None - None - None - None - None - None
3770 (4145158 Gflops/s) - 3777 (4152855 Gflops/s) - 3635 (3996724 Gflops/s) - 3661 (4025312 Gflops/s) - 3754 (4127566 Gflops/s) - 3750 (4123168 Gflops/s) - 3630 (3991227 Gflops/s) - 3666 (4030809 Gflops/s) | Temperatures: 59°C - 60°C - 71°C - 71°C - 62°C - 60°C - 71°C - 73°C | Throttling: None - None - None - None - None - None - None - None
3758 (4131964 Gflops/s) - 3778 (4153954 Gflops/s) - 3641 (4003321 Gflops/s) - 3665 (4029710 Gflops/s) - 3759 (4133064 Gflops/s) - 3753 (4126467 Gflops/s) - 3635 (3996724 Gflops/s) - 3668 (4033008 Gflops/s) | Temperatures: 59°C - 60°C - 71°C - 71°C - 62°C - 60°C - 71°C - 73°C | Throttling: None - None - None - None - None - None - None - None
3772 (4147357 Gflops/s) - 3766 (4140760 Gflops/s) - 3637 (3998923 Gflops/s) - 3659 (4023113 Gflops/s) - 3755 (4128666 Gflops/s) - 3752 (4125367 Gflops/s) - 3640 (4002222 Gflops/s) - 3667 (4031909 Gflops/s) | Temperatures: 60°C - 60°C - 71°C - 71°C - 62°C - 60°C - 71°C - 73°C | Throttling: None - None - None - None - None - None - None - None
3730 (4101178 Gflops/s) - 3773 (4148457 Gflops/s) - 3637 (3998923 Gflops/s) - 3659 (4023113 Gflops/s) - 3748 (4120969 Gflops/s) - 3754 (4127566 Gflops/s) - 3634 (3995625 Gflops/s) - 3669 (4034108 Gflops/s) | Temperatures: 59°C - 61°C - 71°C - 71°C - 62°C - 60°C - 71°C - 73°C | Throttling: None - None - None - None - None - None - None - None
3732 (4103377 Gflops/s) - 3774 (4149556 Gflops/s) - 3640 (4002222 Gflops/s) - 3664 (4028610 Gflops/s) - 3755 (4128666 Gflops/s) - 3750 (4123168 Gflops/s) - 3635 (3996724 Gflops/s) - 3671 (4036307 Gflops/s) | Temperatures: 59°C - 60°C - 71°C - 71°C - 62°C - 60°C - 71°C - 73°C | Throttling: None - None - None - None - None - None - None - None
3750 (4123168 Gflops/s) - 3779 (4155054 Gflops/s) - 3637 (3998923 Gflops/s) - 3663 (4027511 Gflops/s) - 3757 (4130865 Gflops/s) - 3759 (4133064 Gflops/s) - 3632 (3993426 Gflops/s) - 3666 (4030809 Gflops/s) | Temperatures: 59°C - 61°C - 71°C - 71°C - 62°C - 60°C - 71°C - 73°C | Throttling: None - None - None - None - None - None - None - None
3779 (4155054 Gflops/s) - 3772 (4147357 Gflops/s) - 3636 (3997824 Gflops/s) - 3659 (4023113 Gflops/s) - 3755 (4128666 Gflops/s) - 3750 (4123168 Gflops/s) - 3638 (4000023 Gflops/s) - 3669 (4034108 Gflops/s) | Temperatures: 59°C - 60°C - 71°C - 71°C - 62°C - 60°C - 71°C - 73°C | Throttling: None - None - None - None - None - None - None - None
3765 (4139661 Gflops/s) - 3779 (4155054 Gflops/s) - 3638 (4000023 Gflops/s) - 3657 (4020914 Gflops/s) - 3751 (4124268 Gflops/s) - 3743 (4115472 Gflops/s) - 3635 (3996724 Gflops/s) - 3666 (4030809 Gflops/s) | Temperatures: 59°C - 61°C - 71°C - 71°C - 62°C - 60°C - 71°C - 73°C | Throttling: None - None - None - None - None - None - None - None
3761 (4135263 Gflops/s) - 3777 (4152855 Gflops/s) - 3640 (4002222 Gflops/s) - 3657 (4020914 Gflops/s) - 3758 (4131964 Gflops/s) - 3757 (4130865 Gflops/s) - 3649 (4012117 Gflops/s) - 3669 (4034108 Gflops/s) | Temperatures: 59°C - 60°C - 71°C - 71°C - 62°C - 60°C - 71°C - 73°C | Throttling: None - None - None - None - None - None - None - None
3780 (4156153 Gflops/s) - 3769 (4144059 Gflops/s) - 3637 (3998923 Gflops/s) - 3658 (4022013 Gflops/s) - 3752 (4125367 Gflops/s) - 3761 (4135263 Gflops/s) - 3635 (3996724 Gflops/s) - 3670 (4035207 Gflops/s) | Temperatures: 60°C - 60°C - 71°C - 71°C - 62°C - 60°C - 71°C - 73°C | Throttling: None - None - None - None - None - None - None - None
3727 (4097879 Gflops/s) - 3769 (4144059 Gflops/s) - 3637 (3998923 Gflops/s) - 3658 (4022013 Gflops/s) - 3754 (4127566 Gflops/s) - 3753 (4126467 Gflops/s) - 3636 (3997824 Gflops/s) - 3676 (4041804 Gflops/s) | Temperatures: 59°C - 60°C - 71°C - 71°C - 62°C - 60°C - 71°C - 73°C | Throttling: None - None - None - None - None - None - None - None
3767 (4141860 Gflops/s) - 3778 (4153954 Gflops/s) - 3640 (4002222 Gflops/s) - 3666 (4030809 Gflops/s) - 3758 (4131964 Gflops/s) - 3746 (4118770 Gflops/s) - 3639 (4001122 Gflops/s) - 3673 (4038506 Gflops/s) | Temperatures: 60°C - 60°C - 71°C - 71°C - 62°C - 60°C - 71°C - 73°C | Throttling: None - None - None - None - None - None - None - None
3779 (4155054 Gflops/s) - 3772 (4147357 Gflops/s) - 3637 (3998923 Gflops/s) - 3659 (4023113 Gflops/s) - 3754 (4127566 Gflops/s) - 3754 (4127566 Gflops/s) - 3634 (3995625 Gflops/s) - 3665 (4029710 Gflops/s) | Temperatures: 59°C - 60°C - 71°C - 71°C - 62°C - 60°C - 71°C - 73°C | Throttling: None - None - None - None - None - None - None - None
3778 (4153954 Gflops/s) - 3773 (4148457 Gflops/s) - 3638 (4000023 Gflops/s) - 3654 (4017615 Gflops/s) - 3750 (4123168 Gflops/s) - 3749 (4122069 Gflops/s) - 3632 (3993426 Gflops/s) - 3676 (4041804 Gflops/s) | Temperatures: 60°C - 60°C - 71°C - 71°C - 62°C - 60°C - 71°C - 73°C | Throttling: None - None - None - None - None - None - None - None
3782 (4158352 Gflops/s) - 3771 (4146258 Gflops/s) - 3640 (4002222 Gflops/s) - 3661 (4025312 Gflops/s) - 3756 (4129765 Gflops/s) - 3763 (4137462 Gflops/s) - 3637 (3998923 Gflops/s) - 3669 (4034108 Gflops/s) | Temperatures: 60°C - 60°C - 71°C - 71°C - 62°C - 60°C - 71°C - 73°C | Throttling: None - None - None - None - None - None - None - None
3743 (4115472 Gflops/s) - 3775 (4150656 Gflops/s) - 3637 (3998923 Gflops/s) - 3663 (4027511 Gflops/s) - 3755 (4128666 Gflops/s) - 3753 (4126467 Gflops/s) - 3640 (4002222 Gflops/s) - 3669 (4034108 Gflops/s) | Temperatures: 59°C - 60°C - 71°C - 71°C - 62°C - 60°C - 71°C - 73°C | Throttling: None - None - None - None - None - None - None - None
3778 (4153954 Gflops/s) - 3779 (4155054 Gflops/s) - 3637 (3998923 Gflops/s) - 3661 (4025312 Gflops/s) - 3754 (4127566 Gflops/s) - 3752 (4125367 Gflops/s) - 3633 (3994525 Gflops/s) - 3668 (4033008 Gflops/s) | Temperatures: 60°C - 60°C - 71°C - 71°C - 62°C - 60°C - 71°C - 73°C | Throttling: None - None - None - None - None - None - None - None
3780 (4156153 Gflops/s) - 3775 (4150656 Gflops/s) - 3637 (3998923 Gflops/s) - 3663 (4027511 Gflops/s) - 3755 (4128666 Gflops/s) - 3747 (4119870 Gflops/s) - 3636 (3997824 Gflops/s) - 3665 (4029710 Gflops/s) | Temperatures: 59°C - 61°C - 71°C - 71°C - 62°C - 60°C - 71°C - 73°C | Throttling: None - None - None - None - None - None - None - None
3738 (4109974 Gflops/s) - 3771 (4146258 Gflops/s) - 3640 (4002222 Gflops/s) - 3663 (4027511 Gflops/s) - 3760 (4134163 Gflops/s) - 3757 (4130865 Gflops/s) - 3638 (4000023 Gflops/s) - 3674 (4039605 Gflops/s) | Temperatures: 59°C - 60°C - 71°C - 71°C - 62°C - 60°C - 71°C - 73°C | Throttling: None - None - None - None - None - None - None - None
3769 (4144059 Gflops/s) - 3769 (4144059 Gflops/s) - 3638 (4000023 Gflops/s) - 3660 (4024212 Gflops/s) - 3756 (4129765 Gflops/s) - 3752 (4125367 Gflops/s) - 3634 (3995625 Gflops/s) - 3678 (4044003 Gflops/s) | Temperatures: 59°C - 60°C - 71°C - 71°C - 62°C - 60°C - 71°C - 73°C | Throttling: None - None - None - None - None - None - None - None
3762 (4136362 Gflops/s) - 3775 (4150656 Gflops/s) - 3639 (4001122 Gflops/s) - 3664 (4028610 Gflops/s) - 3752 (4125367 Gflops/s) - 3752 (4125367 Gflops/s) - 3637 (3998923 Gflops/s) - 3668 (4033008 Gflops/s) | Temperatures: 59°C - 60°C - 71°C - 71°C - 62°C - 60°C - 71°C - 73°C | Throttling: None - None - None - None - None - None - None - None
3614 (3973635 Gflops/s) - 3620 (3980232 Gflops/s) - 3485 (3831798 Gflops/s) - 3508 (3857086 Gflops/s) - 3596 (3953843 Gflops/s) - 3603 (3961540 Gflops/s) - 3480 (3826300 Gflops/s) - 3511 (3860385 Gflops/s) | Temperatures: 60°C - 61°C - 71°C - 71°C - 62°C - 60°C - 71°C - 73°C | Throttling: None - None - None - None - None - None - None - None
3382 (3718548 Gflops/s) - 3393 (3730642 Gflops/s) - 3271 (3596502 Gflops/s) - 3293 (3620691 Gflops/s) - 3374 (3709752 Gflops/s) - 3373 (3708652 Gflops/s) - 3265 (3589905 Gflops/s) - 3306 (3634985 Gflops/s) | Temperatures: 59°C - 60°C - 71°C - 71°C - 62°C - 60°C - 71°C - 73°C | Throttling: None - None - None - None - None - None - None - None
3315 (3644881 Gflops/s) - 3352 (3685562 Gflops/s) - 3231 (3552522 Gflops/s) - 3250 (3573412 Gflops/s) - 3333 (3664672 Gflops/s) - 3338 (3670169 Gflops/s) - 3231 (3552522 Gflops/s) - 3264 (3588805 Gflops/s) | Temperatures: 59°C - 60°C - 71°C - 71°C - 62°C - 60°C - 71°C - 73°C | Throttling: None - None - None - None - None - None - None - None
3375 (3710851 Gflops/s) - 3375 (3710851 Gflops/s) - 3256 (3580009 Gflops/s) - 3277 (3603099 Gflops/s) - 3359 (3693259 Gflops/s) - 3364 (3698757 Gflops/s) - 3256 (3580009 Gflops/s) - 3285 (3611895 Gflops/s) | Temperatures: 60°C - 60°C - 71°C - 71°C - 62°C - 60°C - 71°C - 73°C | Throttling: None - None - None - None - None - None - None - None
3416 (3755931 Gflops/s) - 3426 (3766926 Gflops/s) - 3298 (3626189 Gflops/s) - 3320 (3650378 Gflops/s) - 3403 (3741638 Gflops/s) - 3409 (3748235 Gflops/s) - 3298 (3626189 Gflops/s) - 3327 (3658075 Gflops/s) | Temperatures: 59°C - 61°C - 71°C - 71°C - 62°C - 60°C - 71°C - 73°C | Throttling: None - None - None - None - None - None - None - None
3420 (3760329 Gflops/s) - 3458 (3802111 Gflops/s) - 3332 (3663572 Gflops/s) - 3352 (3685562 Gflops/s) - 3436 (3777921 Gflops/s) - 3427 (3768026 Gflops/s) - 3329 (3660274 Gflops/s) - 3355 (3688861 Gflops/s) | Temperatures: 59°C - 61°C - 71°C - 71°C - 62°C - 60°C - 71°C - 73°C | Throttling: None - None - None - None - None - None - None - None
3250 (3573412 Gflops/s) - 3242 (3564616 Gflops/s) - 3128 (3439272 Gflops/s) - 3148 (3461262 Gflops/s) - 3225 (3545924 Gflops/s) - 3232 (3553621 Gflops/s) - 3124 (3434874 Gflops/s) - 3155 (3468959 Gflops/s) | Temperatures: 60°C - 60°C - 71°C - 71°C - 62°C - 60°C - 71°C - 73°C | Throttling: None - None - None - None - None - None - None - None
3456 (3799912 Gflops/s) - 3452 (3795514 Gflops/s) - 3327 (3658075 Gflops/s) - 3346 (3678965 Gflops/s) - 3435 (3776822 Gflops/s) - 3435 (3776822 Gflops/s) - 3324 (3654776 Gflops/s) - 3361 (3695458 Gflops/s) | Temperatures: 59°C - 60°C - 71°C - 71°C - 62°C - 60°C - 71°C - 73°C | Throttling: None - None - None - None - None - None - None - None
3309 (3638283 Gflops/s) - 3301 (3629487 Gflops/s) - 3186 (3503044 Gflops/s) - 3205 (3523934 Gflops/s) - 3286 (3612995 Gflops/s) - 3289 (3616293 Gflops/s) - 3187 (3504143 Gflops/s) - 3213 (3532730 Gflops/s) | Temperatures: 60°C - 61°C - 71°C - 71°C - 62°C - 60°C - 71°C - 73°C | Throttling: None - None - None - None - None - None - None - None
3398 (3736140 Gflops/s) - 3395 (3732841 Gflops/s) - 3269 (3594303 Gflops/s) - 3293 (3620691 Gflops/s) - 3369 (3704254 Gflops/s) - 3368 (3703155 Gflops/s) - 3269 (3594303 Gflops/s) - 3295 (3622890 Gflops/s) | Temperatures: 59°C - 60°C - 71°C - 71°C - 62°C - 60°C - 72°C - 73°C | Throttling: None - None - None - None - None - None - None - None
3447 (3790016 Gflops/s) - 3471 (3816404 Gflops/s) - 3347 (3680065 Gflops/s) - 3371 (3706453 Gflops/s) - 3451 (3794414 Gflops/s) - 3450 (3793315 Gflops/s) - 3343 (3675667 Gflops/s) - 3370 (3705354 Gflops/s) | Temperatures: 59°C - 60°C - 71°C - 71°C - 62°C - 60°C - 71°C - 73°C | Throttling: None - None - None - None - None - None - None - None
3236 (3558019 Gflops/s) - 3258 (3582208 Gflops/s) - 3142 (3454665 Gflops/s) - 3161 (3475556 Gflops/s) - 3243 (3565716 Gflops/s) - 3238 (3560218 Gflops/s) - 3141 (3453566 Gflops/s) - 3164 (3478854 Gflops/s) | Temperatures: 59°C - 60°C - 71°C - 71°C - 62°C - 60°C - 71°C - 73°C | Throttling: None - None - None - None - None - None - None - None
3418 (3758130 Gflops/s) - 3426 (3766926 Gflops/s) - 3297 (3625089 Gflops/s) - 3316 (3645980 Gflops/s) - 3400 (3738339 Gflops/s) - 3403 (3741638 Gflops/s) - 3294 (3621791 Gflops/s) - 3323 (3653677 Gflops/s) | Temperatures: 60°C - 61°C - 71°C - 71°C - 62°C - 60°C - 71°C - 73°C | Throttling: None - None - None - None - None - None - None - None
3543 (3895569 Gflops/s) - 3572 (3927455 Gflops/s) - 3444 (3786718 Gflops/s) - 3465 (3809807 Gflops/s) - 3553 (3906564 Gflops/s) - 3559 (3913161 Gflops/s) - 3445 (3787817 Gflops/s) - 3472 (3817504 Gflops/s) | Temperatures: 59°C - 61°C - 71°C - 71°C - 62°C - 60°C - 71°C - 73°C | Throttling: None - None - None - None - None - None - None - None
3724 (4094581 Gflops/s) - 3770 (4145158 Gflops/s) - 3633 (3994525 Gflops/s) - 3661 (4025312 Gflops/s) - 3746 (4118770 Gflops/s) - 3739 (4111073 Gflops/s) - 3630 (3991227 Gflops/s) - 3660 (4024212 Gflops/s) | Temperatures: 59°C - 61°C - 71°C - 71°C - 62°C - 60°C - 72°C - 73°C | Throttling: None - None - None - None - None - None - None - None
3726 (4096780 Gflops/s) - 3770 (4145158 Gflops/s) - 3633 (3994525 Gflops/s) - 3653 (4016515 Gflops/s) - 3748 (4120969 Gflops/s) - 3753 (4126467 Gflops/s) - 3633 (3994525 Gflops/s) - 3663 (4027511 Gflops/s) | Temperatures: 59°C - 60°C - 71°C - 71°C - 62°C - 60°C - 72°C - 73°C | Throttling: None - None - None - None - None - None - None - None
3728 (4098979 Gflops/s) - 3769 (4144059 Gflops/s) - 3636 (3997824 Gflops/s) - 3661 (4025312 Gflops/s) - 3750 (4123168 Gflops/s) - 3754 (4127566 Gflops/s) - 3630 (3991227 Gflops/s) - 3665 (4029710 Gflops/s) | Temperatures: 59°C - 60°C - 71°C - 71°C - 62°C - 60°C - 71°C - 73°C | Throttling: None - None - None - None - None - None - None - None
3759 (4133064 Gflops/s) - 3769 (4144059 Gflops/s) - 3631 (3992326 Gflops/s) - 3655 (4018714 Gflops/s) - 3748 (4120969 Gflops/s) - 3757 (4130865 Gflops/s) - 3632 (3993426 Gflops/s) - 3664 (4028610 Gflops/s) | Temperatures: 59°C - 60°C - 71°C - 71°C - 62°C - 60°C - 72°C - 73°C | Throttling: None - None - None - None - None - None - None - None
3726 (4096780 Gflops/s) - 3771 (4146258 Gflops/s) - 3633 (3994525 Gflops/s) - 3657 (4020914 Gflops/s) - 3750 (4123168 Gflops/s) - 3753 (4126467 Gflops/s) - 3631 (3992326 Gflops/s) - 3669 (4034108 Gflops/s) | Temperatures: 59°C - 61°C - 71°C - 71°C - 62°C - 60°C - 72°C - 73°C | Throttling: None - None - None - None - None - None - None - None
3757 (4130865 Gflops/s) - 3762 (4136362 Gflops/s) - 3632 (3993426 Gflops/s) - 3654 (4017615 Gflops/s) - 3747 (4119870 Gflops/s) - 3745 (4117671 Gflops/s) - 3636 (3997824 Gflops/s) - 3662 (4026411 Gflops/s) | Temperatures: 59°C - 60°C - 71°C - 71°C - 62°C - 60°C - 72°C - 73°C | Throttling: None - None - None - None - None - None - None - None
3778 (4153954 Gflops/s) - 3775 (4150656 Gflops/s) - 3636 (3997824 Gflops/s) - 3662 (4026411 Gflops/s) - 3748 (4120969 Gflops/s) - 3746 (4118770 Gflops/s) - 3631 (3992326 Gflops/s) - 3670 (4035207 Gflops/s) | Temperatures: 59°C - 61°C - 71°C - 71°C - 62°C - 60°C - 71°C - 73°C | Throttling: None - None - None - None - None - None - None - None
3774 (4149556 Gflops/s) - 3773 (4148457 Gflops/s) - 3633 (3994525 Gflops/s) - 3652 (4015416 Gflops/s) - 3745 (4117671 Gflops/s) - 3740 (4112173 Gflops/s) - 3637 (3998923 Gflops/s) - 3661 (4025312 Gflops/s) | Temperatures: 60°C - 61°C - 71°C - 71°C - 62°C - 60°C - 72°C - 73°C | Throttling: None - None - None - None - None - None - None - None
3753 (4126467 Gflops/s) - 3771 (4146258 Gflops/s) - 3632 (3993426 Gflops/s) - 3657 (4020914 Gflops/s) - 3745 (4117671 Gflops/s) - 3748 (4120969 Gflops/s) - 3631 (3992326 Gflops/s) - 3664 (4028610 Gflops/s) | Temperatures: 59°C - 60°C - 71°C - 71°C - 62°C - 60°C - 72°C - 73°C | Throttling: None - None - None - None - None - None - None - None
3724 (4094581 Gflops/s) - 3771 (4146258 Gflops/s) - 3632 (3993426 Gflops/s) - 3655 (4018714 Gflops/s) - 3747 (4119870 Gflops/s) - 3750 (4123168 Gflops/s) - 3626 (3986829 Gflops/s) - 3659 (4023113 Gflops/s) | Temperatures: 59°C - 61°C - 71°C - 71°C - 62°C - 60°C - 71°C - 73°C | Throttling: None - None - None - None - None - None - None - None
3772 (4147357 Gflops/s) - 3774 (4149556 Gflops/s) - 3635 (3996724 Gflops/s) - 3666 (4030809 Gflops/s) - 3753 (4126467 Gflops/s) - 3758 (4131964 Gflops/s) - 3630 (3991227 Gflops/s) - 3680 (4046202 Gflops/s) | Temperatures: 60°C - 60°C - 71°C - 71°C - 62°C - 60°C - 72°C - 73°C | Throttling: None - None - None - None - None - None - None - None
3775 (4150656 Gflops/s) - 3768 (4142959 Gflops/s) - 3633 (3994525 Gflops/s) - 3652 (4015416 Gflops/s) - 3751 (4124268 Gflops/s) - 3748 (4120969 Gflops/s) - 3630 (3991227 Gflops/s) - 3666 (4030809 Gflops/s) | Temperatures: 59°C - 60°C - 71°C - 71°C - 62°C - 60°C - 72°C - 73°C | Throttling: None - None - None - None - None - None - None - None
3776 (4151755 Gflops/s) - 3772 (4147357 Gflops/s) - 3633 (3994525 Gflops/s) - 3655 (4018714 Gflops/s) - 3748 (4120969 Gflops/s) - 3752 (4125367 Gflops/s) - 3629 (3990127 Gflops/s) - 3673 (4038506 Gflops/s) | Temperatures: 60°C - 61°C - 71°C - 71°C - 62°C - 60°C - 71°C - 73°C | Throttling: None - None - None - None - None - None - None - None
3745 (4117671 Gflops/s) - 3769 (4144059 Gflops/s) - 3632 (3993426 Gflops/s) - 3658 (4022013 Gflops/s) - 3748 (4120969 Gflops/s) - 3751 (4124268 Gflops/s) - 3627 (3987928 Gflops/s) - 3663 (4027511 Gflops/s) | Temperatures: 59°C - 60°C - 71°C - 71°C - 62°C - 60°C - 71°C - 73°C | Throttling: None - None - None - None - None - None - None - None
3777 (4152855 Gflops/s) - 3777 (4152855 Gflops/s) - 3634 (3995625 Gflops/s) - 3663 (4027511 Gflops/s) - 3748 (4120969 Gflops/s) - 3745 (4117671 Gflops/s) - 3635 (3996724 Gflops/s) - 3667 (4031909 Gflops/s) | Temperatures: 60°C - 61°C - 71°C - 71°C - 62°C - 60°C - 71°C - 73°C | Throttling: None - None - None - None - None - None - None - None
3607 (3965938 Gflops/s) - 3624 (3984630 Gflops/s) - 3488 (3835096 Gflops/s) - 3511 (3860385 Gflops/s) - 3603 (3961540 Gflops/s) - 3606 (3964838 Gflops/s) - 3485 (3831798 Gflops/s) - 3514 (3863683 Gflops/s) | Temperatures: 59°C - 61°C - 71°C - 71°C - 62°C - 60°C - 71°C - 73°C | Throttling: None - None - None - None - None - None - None - None
3479 (3825200 Gflops/s) - 3489 (3836196 Gflops/s) - 3366 (3700956 Gflops/s) - 3381 (3717448 Gflops/s) - 3471 (3816404 Gflops/s) - 3480 (3826300 Gflops/s) - 3361 (3695458 Gflops/s) - 3395 (3732841 Gflops/s) | Temperatures: 59°C - 60°C - 71°C - 71°C - 62°C - 60°C - 71°C - 73°C | Throttling: None - None - None - None - None - None - None - None
3514 (3863683 Gflops/s) - 3562 (3916460 Gflops/s) - 3427 (3768026 Gflops/s) - 3448 (3791116 Gflops/s) - 3538 (3890072 Gflops/s) - 3534 (3885674 Gflops/s) - 3430 (3771324 Gflops/s) - 3453 (3796613 Gflops/s) | Temperatures: 59°C - 60°C - 71°C - 71°C - 62°C - 60°C - 71°C - 73°C | Throttling: None - None - None - None - None - None - None - None
3537 (3888972 Gflops/s) - 3551 (3904365 Gflops/s) - 3422 (3762528 Gflops/s) - 3445 (3787817 Gflops/s) - 3528 (3879077 Gflops/s) - 3530 (3881276 Gflops/s) - 3421 (3761429 Gflops/s) - 3448 (3791116 Gflops/s) | Temperatures: 59°C - 60°C - 71°C - 71°C - 62°C - 60°C - 71°C - 73°C | Throttling: None - None - None - None - None - None - None - None
3530 (3881276 Gflops/s) - 3548 (3901067 Gflops/s) - 3420 (3760329 Gflops/s) - 3444 (3786718 Gflops/s) - 3531 (3882375 Gflops/s) - 3527 (3877977 Gflops/s) - 3420 (3760329 Gflops/s) - 3446 (3788917 Gflops/s) | Temperatures: 59°C - 61°C - 71°C - 71°C - 62°C - 60°C - 72°C - 73°C | Throttling: None - None - None - None - None - None - None - None
3571 (3926356 Gflops/s) - 3590 (3947246 Gflops/s) - 3459 (3803210 Gflops/s) - 3481 (3827399 Gflops/s) - 3570 (3925256 Gflops/s) - 3570 (3925256 Gflops/s) - 3452 (3795514 Gflops/s) - 3489 (3836196 Gflops/s) | Temperatures: 59°C - 61°C - 71°C - 71°C - 62°C - 60°C - 71°C - 73°C | Throttling: None - None - None - None - None - None - None - None
3521 (3871380 Gflops/s) - 3516 (3865882 Gflops/s) - 3389 (3726244 Gflops/s) - 3414 (3753732 Gflops/s) - 3497 (3844992 Gflops/s) - 3494 (3841693 Gflops/s) - 3390 (3727344 Gflops/s) - 3417 (3757031 Gflops/s) | Temperatures: 60°C - 60°C - 71°C - 71°C - 62°C - 60°C - 72°C - 73°C | Throttling: None - None - None - None - None - None - None - None
3554 (3907664 Gflops/s) - 3553 (3906564 Gflops/s) - 3420 (3760329 Gflops/s) - 3443 (3785618 Gflops/s) - 3533 (3884574 Gflops/s) - 3527 (3877977 Gflops/s) - 3420 (3760329 Gflops/s) - 3450 (3793315 Gflops/s) | Temperatures: 59°C - 61°C - 71°C - 71°C - 62°C - 60°C - 71°C - 73°C | Throttling: None - None - None - None - None - None - None - None
3585 (3941749 Gflops/s) - 3616 (3975834 Gflops/s) - 3486 (3832897 Gflops/s) - 3508 (3857086 Gflops/s) - 3596 (3953843 Gflops/s) - 3596 (3953843 Gflops/s) - 3483 (3829598 Gflops/s) - 3516 (3865882 Gflops/s) | Temperatures: 59°C - 61°C - 71°C - 71°C - 62°C - 60°C - 72°C - 73°C | Throttling: None - None - None - None - None - None - None - None
3474 (3819703 Gflops/s) - 3493 (3840594 Gflops/s) - 3367 (3702055 Gflops/s) - 3386 (3722946 Gflops/s) - 3471 (3816404 Gflops/s) - 3478 (3824101 Gflops/s) - 3362 (3696558 Gflops/s) - 3396 (3733941 Gflops/s) | Temperatures: 59°C - 60°C - 71°C - 71°C - 62°C - 60°C - 72°C - 73°C | Throttling: None - None - None - None - None - None - None - None
3557 (3910962 Gflops/s) - 3549 (3902166 Gflops/s) - 3421 (3761429 Gflops/s) - 3442 (3784519 Gflops/s) - 3532 (3883475 Gflops/s) - 3528 (3879077 Gflops/s) - 3412 (3751533 Gflops/s) - 3464 (3808708 Gflops/s) | Temperatures: 60°C - 60°C - 71°C - 71°C - 62°C - 60°C - 71°C - 73°C | Throttling: None - None - None - None - None - None - None - None
3528 (3879077 Gflops/s) - 3555 (3908763 Gflops/s) - 3428 (3769125 Gflops/s) - 3446 (3788917 Gflops/s) - 3535 (3886773 Gflops/s) - 3541 (3893370 Gflops/s) - 3439 (3781220 Gflops/s) - 3476 (3821902 Gflops/s) | Temperatures: 59°C - 60°C - 71°C - 71°C - 62°C - 60°C - 72°C - 73°C | Throttling: None - None - None - None - None - None - None - None
3554 (3907664 Gflops/s) - 3549 (3902166 Gflops/s) - 3420 (3760329 Gflops/s) - 3436 (3777921 Gflops/s) - 3530 (3881276 Gflops/s) - 3530 (3881276 Gflops/s) - 3417 (3757031 Gflops/s) - 3447 (3790016 Gflops/s) | Temperatures: 60°C - 60°C - 71°C - 71°C - 62°C - 60°C - 71°C - 73°C | Throttling: None - None - None - None - None - None - None - None
3594 (3951644 Gflops/s) - 3588 (3945047 Gflops/s) - 3458 (3802111 Gflops/s) - 3483 (3829598 Gflops/s) - 3567 (3921957 Gflops/s) - 3564 (3918659 Gflops/s) - 3460 (3804310 Gflops/s) - 3488 (3835096 Gflops/s) | Temperatures: 59°C - 60°C - 71°C - 71°C - 62°C - 60°C - 72°C - 73°C | Throttling: None - None - None - None - None - None - None - None
3477 (3823001 Gflops/s) - 3520 (3870280 Gflops/s) - 3392 (3729543 Gflops/s) - 3414 (3753732 Gflops/s) - 3500 (3848290 Gflops/s) - 3492 (3839494 Gflops/s) - 3387 (3724045 Gflops/s) - 3426 (3766926 Gflops/s) | Temperatures: 59°C - 60°C - 71°C - 71°C - 62°C - 60°C - 72°C - 73°C | Throttling: None - None - None - None - None - None - None - None
3531 (3882375 Gflops/s) - 3550 (3903266 Gflops/s) - 3418 (3758130 Gflops/s) - 3440 (3782319 Gflops/s) - 3527 (3877977 Gflops/s) - 3527 (3877977 Gflops/s) - 3416 (3755931 Gflops/s) - 3446 (3788917 Gflops/s) | Temperatures: 59°C - 60°C - 71°C - 71°C - 62°C - 60°C - 72°C - 73°C | Throttling: None - None - None - None - None - None - None - None
3596 (3953843 Gflops/s) - 3621 (3981331 Gflops/s) - 3485 (3831798 Gflops/s) - 3507 (3855987 Gflops/s) - 3593 (3950545 Gflops/s) - 3605 (3963739 Gflops/s) - 3480 (3826300 Gflops/s) - 3515 (3864783 Gflops/s) | Temperatures: 59°C - 60°C - 71°C - 71°C - 62°C - 60°C - 71°C - 73°C | Throttling: None - None - None - None - None - None - None - None
3498 (3846091 Gflops/s) - 3494 (3841693 Gflops/s) - 3366 (3700956 Gflops/s) - 3386 (3722946 Gflops/s) - 3474 (3819703 Gflops/s) - 3470 (3815305 Gflops/s) - 3364 (3698757 Gflops/s) - 3402 (3740538 Gflops/s) | Temperatures: 60°C - 60°C - 71°C - 71°C - 62°C - 60°C - 72°C - 73°C | Throttling: None - None - None - None - None - None - None - None
3552 (3905465 Gflops/s) - 3552 (3905465 Gflops/s) - 3422 (3762528 Gflops/s) - 3442 (3784519 Gflops/s) - 3531 (3882375 Gflops/s) - 3525 (3875778 Gflops/s) - 3416 (3755931 Gflops/s) - 3444 (3786718 Gflops/s) | Temperatures: 59°C - 60°C - 71°C - 71°C - 62°C - 60°C - 71°C - 73°C | Throttling: None - None - None - None - None - None - None - None
3523 (3873579 Gflops/s) - 3556 (3909863 Gflops/s) - 3427 (3768026 Gflops/s) - 3449 (3792215 Gflops/s) - 3531 (3882375 Gflops/s) - 3539 (3891171 Gflops/s) - 3424 (3764727 Gflops/s) - 3453 (3796613 Gflops/s) | Temperatures: 59°C - 60°C - 71°C - 71°C - 62°C - 60°C - 71°C - 73°C | Throttling: None - None - None - None - None - None - None - None
3547 (3899967 Gflops/s) - 3549 (3902166 Gflops/s) - 3421 (3761429 Gflops/s) - 3441 (3783419 Gflops/s) - 3529 (3880176 Gflops/s) - 3530 (3881276 Gflops/s) - 3425 (3765827 Gflops/s) - 3451 (3794414 Gflops/s) | Temperatures: 59°C - 60°C - 71°C - 71°C - 62°C - 60°C - 72°C - 73°C | Throttling: None - None - None - None - None - None - None - None
3564 (3918659 Gflops/s) - 3589 (3946147 Gflops/s) - 3460 (3804310 Gflops/s) - 3480 (3826300 Gflops/s) - 3570 (3925256 Gflops/s) - 3568 (3923057 Gflops/s) - 3456 (3799912 Gflops/s) - 3494 (3841693 Gflops/s) | Temperatures: 59°C - 60°C - 71°C - 71°C - 62°C - 60°C - 71°C - 73°C | Throttling: None - None - None - None - None - None - None - None
3522 (3872479 Gflops/s) - 3519 (3869181 Gflops/s) - 3390 (3727344 Gflops/s) - 3410 (3749334 Gflops/s) - 3493 (3840594 Gflops/s) - 3495 (3842793 Gflops/s) - 3387 (3724045 Gflops/s) - 3421 (3761429 Gflops/s) | Temperatures: 59°C - 60°C - 71°C - 71°C - 62°C - 60°C - 71°C - 73°C | Throttling: None - None - None - None - None - None - None - None
3529 (3880176 Gflops/s) - 3556 (3909863 Gflops/s) - 3422 (3762528 Gflops/s) - 3443 (3785618 Gflops/s) - 3526 (3876877 Gflops/s) - 3530 (3881276 Gflops/s) - 3416 (3755931 Gflops/s) - 3449 (3792215 Gflops/s) | Temperatures: 59°C - 60°C - 71°C - 71°C - 62°C - 60°C - 72°C - 73°C | Throttling: None - None - None - None - None - None - None - None
3595 (3952744 Gflops/s) - 3621 (3981331 Gflops/s) - 3486 (3832897 Gflops/s) - 3508 (3857086 Gflops/s) - 3597 (3954943 Gflops/s) - 3595 (3952744 Gflops/s) - 3480 (3826300 Gflops/s) - 3514 (3863683 Gflops/s) | Temperatures: 59°C - 60°C - 71°C - 71°C - 62°C - 60°C - 71°C - 73°C | Throttling: None - None - None - None - None - None - None - None
3466 (3810907 Gflops/s) - 3485 (3831798 Gflops/s) - 3362 (3696558 Gflops/s) - 3387 (3724045 Gflops/s) - 3472 (3817504 Gflops/s) - 3469 (3814205 Gflops/s) - 3358 (3692160 Gflops/s) - 3386 (3722946 Gflops/s) | Temperatures: 59°C - 60°C - 71°C - 71°C - 62°C - 60°C - 71°C - 73°C | Throttling: None - None - None - None - None - None - None - None
3527 (3877977 Gflops/s) - 3561 (3915360 Gflops/s) - 3430 (3771324 Gflops/s) - 3457 (3801011 Gflops/s) - 3539 (3891171 Gflops/s) - 3542 (3894470 Gflops/s) - 3431 (3772424 Gflops/s) - 3463 (3807608 Gflops/s) | Temperatures: 59°C - 60°C - 71°C - 71°C - 62°C - 60°C - 72°C - 73°C | Throttling: None - None - None - None - None - None - None - None
3550 (3903266 Gflops/s) - 3553 (3906564 Gflops/s) - 3423 (3763628 Gflops/s) - 3442 (3784519 Gflops/s) - 3529 (3880176 Gflops/s) - 3535 (3886773 Gflops/s) - 3422 (3762528 Gflops/s) - 3451 (3794414 Gflops/s) | Temperatures: 59°C - 61°C - 71°C - 71°C - 62°C - 60°C - 72°C - 73°C | Throttling: None - None - None - None - None - None - None - None
3552 (3905465 Gflops/s) - 3548 (3901067 Gflops/s) - 3419 (3759230 Gflops/s) - 3437 (3779021 Gflops/s) - 3528 (3879077 Gflops/s) - 3526 (3876877 Gflops/s) - 3413 (3752633 Gflops/s) - 3450 (3793315 Gflops/s) | Temperatures: 60°C - 60°C - 71°C - 71°C - 62°C - 60°C - 72°C - 73°C | Throttling: None - None - None - None - None - None - None - None
3598 (3956042 Gflops/s) - 3598 (3956042 Gflops/s) - 3463 (3807608 Gflops/s) - 3482 (3828499 Gflops/s) - 3575 (3930754 Gflops/s) - 3570 (3925256 Gflops/s) - 3465 (3809807 Gflops/s) - 3493 (3840594 Gflops/s) | Temperatures: 60°C - 60°C - 71°C - 71°C - 62°C - 60°C - 72°C - 73°C | Throttling: None - None - None - None - None - None - None - None
3521 (3871380 Gflops/s) - 3522 (3872479 Gflops/s) - 3389 (3726244 Gflops/s) - 3409 (3748235 Gflops/s) - 3498 (3846091 Gflops/s) - 3501 (3849390 Gflops/s) - 3388 (3725145 Gflops/s) - 3424 (3764727 Gflops/s) | Temperatures: 59°C - 60°C - 71°C - 71°C - 62°C - 60°C - 71°C - 73°C | Throttling: None - None - None - None - None - None - None - None
3556 (3909863 Gflops/s) - 3555 (3908763 Gflops/s) - 3423 (3763628 Gflops/s) - 3443 (3785618 Gflops/s) - 3530 (3881276 Gflops/s) - 3527 (3877977 Gflops/s) - 3424 (3764727 Gflops/s) - 3454 (3797713 Gflops/s) | Temperatures: 60°C - 61°C - 71°C - 71°C - 62°C - 60°C - 71°C - 73°C | Throttling: None - None - None - None - None - None - None - None
3622 (3982431 Gflops/s) - 3619 (3979132 Gflops/s) - 3484 (3830698 Gflops/s) - 3506 (3854887 Gflops/s) - 3594 (3951644 Gflops/s) - 3591 (3948346 Gflops/s) - 3486 (3832897 Gflops/s) - 3515 (3864783 Gflops/s) | Temperatures: 59°C - 61°C - 71°C - 71°C - 62°C - 60°C - 71°C - 73°C | Throttling: None - None - None - None - None - None - None - None
3484 (3830698 Gflops/s) - 3493 (3840594 Gflops/s) - 3364 (3698757 Gflops/s) - 3387 (3724045 Gflops/s) - 3468 (3813106 Gflops/s) - 3463 (3807608 Gflops/s) - 3360 (3694359 Gflops/s) - 3387 (3724045 Gflops/s) | Temperatures: 59°C - 61°C - 71°C - 71°C - 62°C - 60°C - 71°C - 73°C | Throttling: None - None - None - None - None - None - None - None
3566 (3920858 Gflops/s) - 3564 (3918659 Gflops/s) - 3431 (3772424 Gflops/s) - 3450 (3793315 Gflops/s) - 3540 (3892271 Gflops/s) - 3528 (3879077 Gflops/s) - 3427 (3768026 Gflops/s) - 3459 (3803210 Gflops/s) | Temperatures: 60°C - 60°C - 71°C - 71°C - 62°C - 60°C - 71°C - 73°C | Throttling: None - None - None - None - None - None - None - None
3554 (3907664 Gflops/s) - 3543 (3895569 Gflops/s) - 3422 (3762528 Gflops/s) - 3444 (3786718 Gflops/s) - 3524 (3874678 Gflops/s) - 3532 (3883475 Gflops/s) - 3419 (3759230 Gflops/s) - 3446 (3788917 Gflops/s) | Temperatures: 60°C - 60°C - 71°C - 71°C - 62°C - 60°C - 72°C - 73°C | Throttling: None - None - None - None - None - None - None - None
3538 (3890072 Gflops/s) - 3543 (3895569 Gflops/s) - 3414 (3753732 Gflops/s) - 3431 (3772424 Gflops/s) - 3524 (3874678 Gflops/s) - 3520 (3870280 Gflops/s) - 3416 (3755931 Gflops/s) - 3441 (3783419 Gflops/s) | Temperatures: 59°C - 60°C - 71°C - 71°C - 62°C - 60°C - 72°C - 73°C | Throttling: None - None - None - None - None - None - None - None
3545 (3897768 Gflops/s) - 3591 (3948346 Gflops/s) - 3457 (3801011 Gflops/s) - 3475 (3820802 Gflops/s) - 3565 (3919758 Gflops/s) - 3563 (3917559 Gflops/s) - 3455 (3798812 Gflops/s) - 3482 (3828499 Gflops/s) | Temperatures: 59°C - 61°C - 71°C - 71°C - 62°C - 60°C - 71°C - 73°C | Throttling: None - None - None - None - None - None - None - None
3497 (3844992 Gflops/s) - 3510 (3859285 Gflops/s) - 3385 (3721846 Gflops/s) - 3407 (3746036 Gflops/s) - 3492 (3839494 Gflops/s) - 3489 (3836196 Gflops/s) - 3380 (3716349 Gflops/s) - 3416 (3755931 Gflops/s) | Temperatures: 59°C - 60°C - 71°C - 71°C - 62°C - 60°C - 71°C - 73°C | Throttling: None - None - None - None - None - None - None - None
3548 (3901067 Gflops/s) - 3540 (3892271 Gflops/s) - 3413 (3752633 Gflops/s) - 3439 (3781220 Gflops/s) - 3519 (3869181 Gflops/s) - 3527 (3877977 Gflops/s) - 3410 (3749334 Gflops/s) - 3440 (3782319 Gflops/s) | Temperatures: 60°C - 60°C - 71°C - 71°C - 62°C - 60°C - 71°C - 73°C | Throttling: None - None - None - None - None - None - None - None
3595 (3952744 Gflops/s) - 3613 (3972535 Gflops/s) - 3481 (3827399 Gflops/s) - 3503 (3851589 Gflops/s) - 3591 (3948346 Gflops/s) - 3595 (3952744 Gflops/s) - 3476 (3821902 Gflops/s) - 3510 (3859285 Gflops/s) | Temperatures: 59°C - 60°C - 71°C - 71°C - 62°C - 60°C - 71°C - 73°C | Throttling: None - None - None - None - None - None - None - None
3441 (3783419 Gflops/s) - 3482 (3828499 Gflops/s) - 3355 (3688861 Gflops/s) - 3381 (3717448 Gflops/s) - 3464 (3808708 Gflops/s) - 3462 (3806509 Gflops/s) - 3354 (3687761 Gflops/s) - 3385 (3721846 Gflops/s) | Temperatures: 59°C - 60°C - 71°C - 71°C - 62°C - 60°C - 71°C - 73°C | Throttling: None - None - None - None - None - None - None - None
3527 (3877977 Gflops/s) - 3556 (3909863 Gflops/s) - 3429 (3770225 Gflops/s) - 3444 (3786718 Gflops/s) - 3534 (3885674 Gflops/s) - 3542 (3894470 Gflops/s) - 3422 (3762528 Gflops/s) - 3456 (3799912 Gflops/s) | Temperatures: 59°C - 60°C - 71°C - 71°C - 62°C - 60°C - 71°C - 73°C | Throttling: None - None - None - None - None - None - None - None
3547 (3899967 Gflops/s) - 3537 (3888972 Gflops/s) - 3413 (3752633 Gflops/s) - 3435 (3776822 Gflops/s) - 3527 (3877977 Gflops/s) - 3529 (3880176 Gflops/s) - 3412 (3751533 Gflops/s) - 3443 (3785618 Gflops/s) | Temperatures: 60°C - 60°C - 71°C - 71°C - 62°C - 60°C - 71°C - 73°C | Throttling: None - None - None - None - None - None - None - None
3524 (3874678 Gflops/s) - 3544 (3896669 Gflops/s) - 3414 (3753732 Gflops/s) - 3436 (3777921 Gflops/s) - 3520 (3870280 Gflops/s) - 3519 (3869181 Gflops/s) - 3420 (3760329 Gflops/s) - 3440 (3782319 Gflops/s) | Temperatures: 59°C - 60°C - 71°C - 71°C - 62°C - 60°C - 72°C - 73°C | Throttling: None - None - None - None - None - None - None - None
3592 (3949445 Gflops/s) - 3578 (3934052 Gflops/s) - 3456 (3799912 Gflops/s) - 3479 (3825200 Gflops/s) - 3567 (3921957 Gflops/s) - 3575 (3930754 Gflops/s) - 3458 (3802111 Gflops/s) - 3483 (3829598 Gflops/s) | Temperatures: 60°C - 60°C - 71°C - 71°C - 62°C - 60°C - 71°C - 73°C | Throttling: None - None - None - None - None - None - None - None
3514 (3863683 Gflops/s) - 3505 (3853788 Gflops/s) - 3382 (3718548 Gflops/s) - 3401 (3739439 Gflops/s) - 3492 (3839494 Gflops/s) - 3492 (3839494 Gflops/s) - 3391 (3728443 Gflops/s) - 3406 (3744936 Gflops/s) | Temperatures: 60°C - 60°C - 71°C - 71°C - 62°C - 60°C - 72°C - 73°C | Throttling: None - None - None - None - None - None - None - None
3546 (3898868 Gflops/s) - 3537 (3888972 Gflops/s) - 3412 (3751533 Gflops/s) - 3432 (3773523 Gflops/s) - 3525 (3875778 Gflops/s) - 3524 (3874678 Gflops/s) - 3411 (3750434 Gflops/s) - 3445 (3787817 Gflops/s) | Temperatures: 60°C - 60°C - 71°C - 71°C - 62°C - 60°C - 71°C - 73°C | Throttling: None - None - None - None - None - None - None - None
3639 (4001122 Gflops/s) - 3687 (4053899 Gflops/s) - 3550 (3903266 Gflops/s) - 3571 (3926356 Gflops/s) - 3662 (4026411 Gflops/s) - 3662 (4026411 Gflops/s) - 3543 (3895569 Gflops/s) - 3573 (3928555 Gflops/s) | Temperatures: 59°C - 61°C - 71°C - 71°C - 62°C - 60°C - 71°C - 73°C | Throttling: None - None - None - None - None - None - None - None
4127 (4537684 Gflops/s) - 4117 (4526689 Gflops/s) - 3970 (4365061 Gflops/s) - 3997 (4394747 Gflops/s) - 4097 (4504699 Gflops/s) - 4097 (4504699 Gflops/s) - 3967 (4361762 Gflops/s) - 4009 (4407942 Gflops/s) | Temperatures: 60°C - 61°C - 71°C - 71°C - 62°C - 60°C - 71°C - 73°C | Throttling: None - None - None - None - None - None - None - None
4124 (4534385 Gflops/s) - 4116 (4525589 Gflops/s) - 3970 (4365061 Gflops/s) - 3996 (4393648 Gflops/s) - 4096 (4503599 Gflops/s) - 4106 (4514594 Gflops/s) - 3970 (4365061 Gflops/s) - 4008 (4406842 Gflops/s) | Temperatures: 60°C - 61°C - 71°C - 71°C - 62°C - 60°C - 71°C - 73°C | Throttling: None - None - None - None - None - None - None - None
4121 (4531087 Gflops/s) - 4119 (4528888 Gflops/s) - 3968 (4362862 Gflops/s) - 3995 (4392548 Gflops/s) - 4093 (4500301 Gflops/s) - 4091 (4498102 Gflops/s) - 3968 (4362862 Gflops/s) - 4001 (4399146 Gflops/s) | Temperatures: 59°C - 61°C - 71°C - 71°C - 62°C - 60°C - 71°C - 73°C | Throttling: None - None - None - None - None - None - None - None
4105 (4513495 Gflops/s) - 4119 (4528888 Gflops/s) - 3968 (4362862 Gflops/s) - 3994 (4391449 Gflops/s) - 4096 (4503599 Gflops/s) - 4093 (4500301 Gflops/s) - 3965 (4359563 Gflops/s) - 4002 (4400245 Gflops/s) | Temperatures: 60°C - 60°C - 71°C - 71°C - 62°C - 60°C - 71°C - 73°C | Throttling: None - None - None - None - None - None - None - None
4116 (4525589 Gflops/s) - 4117 (4526689 Gflops/s) - 3969 (4363961 Gflops/s) - 3997 (4394747 Gflops/s) - 4089 (4495903 Gflops/s) - 4095 (4502500 Gflops/s) - 3971 (4366160 Gflops/s) - 4000 (4398046 Gflops/s) | Temperatures: 59°C - 61°C - 71°C - 71°C - 62°C - 60°C - 71°C - 73°C | Throttling: None - None - None - None - None - None - None - None
4094 (4501400 Gflops/s) - 4111 (4520092 Gflops/s) - 3969 (4363961 Gflops/s) - 4001 (4399146 Gflops/s) - 4096 (4503599 Gflops/s) - 4089 (4495903 Gflops/s) - 3969 (4363961 Gflops/s) - 4003 (4401345 Gflops/s) | Temperatures: 59°C - 60°C - 71°C - 71°C - 62°C - 60°C - 72°C - 73°C | Throttling: None - None - None - None - None - None - None - None
4107 (4515694 Gflops/s) - 4115 (4524490 Gflops/s) - 3967 (4361762 Gflops/s) - 3995 (4392548 Gflops/s) - 4090 (4497002 Gflops/s) - 4099 (4506898 Gflops/s) - 3965 (4359563 Gflops/s) - 4000 (4398046 Gflops/s) | Temperatures: 59°C - 60°C - 71°C - 71°C - 62°C - 60°C - 71°C - 73°C | Throttling: None - None - None - None - None - None - None - None
4123 (4533286 Gflops/s) - 4115 (4524490 Gflops/s) - 3969 (4363961 Gflops/s) - 3993 (4390349 Gflops/s) - 4094 (4501400 Gflops/s) - 4103 (4511296 Gflops/s) - 3970 (4365061 Gflops/s) - 3997 (4394747 Gflops/s) | Temperatures: 60°C - 60°C - 71°C - 71°C - 62°C - 60°C - 71°C - 73°C | Throttling: None - None - None - None - None - None - None - None
4088 (4494803 Gflops/s) - 4117 (4526689 Gflops/s) - 3966 (4360663 Gflops/s) - 3992 (4389250 Gflops/s) - 4092 (4499201 Gflops/s) - 4097 (4504699 Gflops/s) - 3965 (4359563 Gflops/s) - 3999 (4396946 Gflops/s) | Temperatures: 59°C - 61°C - 71°C - 71°C - 62°C - 60°C - 71°C - 73°C | Throttling: None - None - None - None - None - None - None - None
4069 (4473912 Gflops/s) - 4119 (4528888 Gflops/s) - 3968 (4362862 Gflops/s) - 3997 (4394747 Gflops/s) - 4094 (4501400 Gflops/s) - 4095 (4502500 Gflops/s) - 3966 (4360663 Gflops/s) - 4010 (4409041 Gflops/s) | Temperatures: 59°C - 61°C - 71°C - 71°C - 62°C - 60°C - 72°C - 73°C | Throttling: None - None - None - None - None - None - None - None
4078 (4483808 Gflops/s) - 4114 (4523390 Gflops/s) - 3968 (4362862 Gflops/s) - 3993 (4390349 Gflops/s) - 4095 (4502500 Gflops/s) - 4092 (4499201 Gflops/s) - 3964 (4358464 Gflops/s) - 4004 (4402444 Gflops/s) | Temperatures: 59°C - 60°C - 71°C - 71°C - 62°C - 60°C - 71°C - 73°C | Throttling: None - None - None - None - None - None - None - None
4105 (4513495 Gflops/s) - 4120 (4529987 Gflops/s) - 3968 (4362862 Gflops/s) - 3996 (4393648 Gflops/s) - 4096 (4503599 Gflops/s) - 4097 (4504699 Gflops/s) - 3965 (4359563 Gflops/s) - 4000 (4398046 Gflops/s) | Temperatures: 60°C - 60°C - 71°C - 71°C - 62°C - 60°C - 72°C - 73°C | Throttling: None - None - None - None - None - None - None - None
4124 (4534385 Gflops/s) - 4115 (4524490 Gflops/s) - 3971 (4366160 Gflops/s) - 3997 (4394747 Gflops/s) - 4093 (4500301 Gflops/s) - 4094 (4501400 Gflops/s) - 3967 (4361762 Gflops/s) - 4002 (4400245 Gflops/s) | Temperatures: 60°C - 60°C - 71°C - 71°C - 62°C - 60°C - 71°C - 73°C | Throttling: None - None - None - None - None - None - None - None
4109 (4517893 Gflops/s) - 4120 (4529987 Gflops/s) - 3969 (4363961 Gflops/s) - 3994 (4391449 Gflops/s) - 4091 (4498102 Gflops/s) - 4094 (4501400 Gflops/s) - 3967 (4361762 Gflops/s) - 4010 (4409041 Gflops/s) | Temperatures: 60°C - 61°C - 71°C - 71°C - 62°C - 60°C - 71°C - 73°C | Throttling: None - None - None - None - None - None - None - None
4125 (4535485 Gflops/s) - 4120 (4529987 Gflops/s) - 3969 (4363961 Gflops/s) - 3997 (4394747 Gflops/s) - 4096 (4503599 Gflops/s) - 4103 (4511296 Gflops/s) - 3963 (4357364 Gflops/s) - 4004 (4402444 Gflops/s) | Temperatures: 60°C - 60°C - 71°C - 71°C - 62°C - 60°C - 72°C - 73°C | Throttling: None - None - None - None - None - None - None - None
4114 (4523390 Gflops/s) - 4113 (4522291 Gflops/s) - 3968 (4362862 Gflops/s) - 3996 (4393648 Gflops/s) - 4101 (4509097 Gflops/s) - 4093 (4500301 Gflops/s) - 3965 (4359563 Gflops/s) - 4009 (4407942 Gflops/s) | Temperatures: 59°C - 60°C - 71°C - 71°C - 62°C - 60°C - 71°C - 73°C | Throttling: None - None - None - None - None - None - None - None
3905 (4293592 Gflops/s) - 3915 (4304588 Gflops/s) - 3775 (4150656 Gflops/s) - 3798 (4175945 Gflops/s) - 3897 (4284796 Gflops/s) - 3894 (4281498 Gflops/s) - 3775 (4150656 Gflops/s) - 3809 (4188039 Gflops/s) | Temperatures: 59°C - 60°C - 71°C - 71°C - 62°C - 60°C - 72°C - 73°C | Throttling: None - None - None - None - None - None - None - None
3746 (4118770 Gflops/s) - 3774 (4149556 Gflops/s) - 3636 (3997824 Gflops/s) - 3661 (4025312 Gflops/s) - 3756 (4129765 Gflops/s) - 3741 (4113272 Gflops/s) - 3633 (3994525 Gflops/s) - 3662 (4026411 Gflops/s) | Temperatures: 60°C - 60°C - 71°C - 71°C - 62°C - 60°C - 72°C - 73°C | Throttling: None - None - None - None - None - None - None - None
3775 (4150656 Gflops/s) - 3780 (4156153 Gflops/s) - 3640 (4002222 Gflops/s) - 3664 (4028610 Gflops/s) - 3757 (4130865 Gflops/s) - 3763 (4137462 Gflops/s) - 3636 (3997824 Gflops/s) - 3668 (4033008 Gflops/s) | Temperatures: 59°C - 61°C - 71°C - 71°C - 62°C - 60°C - 71°C - 73°C | Throttling: None - None - None - None - None - None - None - None
3778 (4153954 Gflops/s) - 3773 (4148457 Gflops/s) - 3637 (3998923 Gflops/s) - 3657 (4020914 Gflops/s) - 3748 (4120969 Gflops/s) - 3749 (4122069 Gflops/s) - 3633 (3994525 Gflops/s) - 3667 (4031909 Gflops/s) | Temperatures: 60°C - 60°C - 71°C - 71°C - 62°C - 60°C - 72°C - 73°C | Throttling: None - None - None - None - None - None - None - None
3760 (4134163 Gflops/s) - 3774 (4149556 Gflops/s) - 3637 (3998923 Gflops/s) - 3659 (4023113 Gflops/s) - 3756 (4129765 Gflops/s) - 3755 (4128666 Gflops/s) - 3634 (3995625 Gflops/s) - 3661 (4025312 Gflops/s) | Temperatures: 59°C - 61°C - 71°C - 71°C - 62°C - 60°C - 72°C - 73°C | Throttling: None - None - None - None - None - None - None - None
3783 (4159452 Gflops/s) - 3773 (4148457 Gflops/s) - 3640 (4002222 Gflops/s) - 3658 (4022013 Gflops/s) - 3757 (4130865 Gflops/s) - 3748 (4120969 Gflops/s) - 3639 (4001122 Gflops/s) - 3671 (4036307 Gflops/s) | Temperatures: 60°C - 60°C - 71°C - 71°C - 62°C - 60°C - 72°C - 73°C | Throttling: None - None - None - None - None - None - None - None
3752 (4125367 Gflops/s) - 3768 (4142959 Gflops/s) - 3636 (3997824 Gflops/s) - 3655 (4018714 Gflops/s) - 3750 (4123168 Gflops/s) - 3761 (4135263 Gflops/s) - 3635 (3996724 Gflops/s) - 3663 (4027511 Gflops/s) | Temperatures: 59°C - 60°C - 71°C - 71°C - 62°C - 60°C - 72°C - 73°C | Throttling: None - None - None - None - None - None - None - None
3759 (4133064 Gflops/s) - 3767 (4141860 Gflops/s) - 3637 (3998923 Gflops/s) - 3657 (4020914 Gflops/s) - 3755 (4128666 Gflops/s) - 3754 (4127566 Gflops/s) - 3633 (3994525 Gflops/s) - 3665 (4029710 Gflops/s) | Temperatures: 59°C - 60°C - 71°C - 71°C - 62°C - 60°C - 71°C - 73°C | Throttling: None - None - None - None - None - None - None - None
3773 (4148457 Gflops/s) - 3771 (4146258 Gflops/s) - 3641 (4003321 Gflops/s) - 3664 (4028610 Gflops/s) - 3754 (4127566 Gflops/s) - 3763 (4137462 Gflops/s) - 3633 (3994525 Gflops/s) - 3672 (4037406 Gflops/s) | Temperatures: 60°C - 60°C - 71°C - 71°C - 62°C - 60°C - 71°C - 73°C | Throttling: None - None - None - None - None - None - None - None
3777 (4152855 Gflops/s) - 3767 (4141860 Gflops/s) - 3635 (3996724 Gflops/s) - 3659 (4023113 Gflops/s) - 3753 (4126467 Gflops/s) - 3747 (4119870 Gflops/s) - 3632 (3993426 Gflops/s) - 3666 (4030809 Gflops/s) | Temperatures: 60°C - 60°C - 71°C - 71°C - 62°C - 60°C - 71°C - 73°C | Throttling: None - None - None - None - None - None - None - None
3757 (4130865 Gflops/s) - 3766 (4140760 Gflops/s) - 3636 (3997824 Gflops/s) - 3659 (4023113 Gflops/s) - 3749 (4122069 Gflops/s) - 3751 (4124268 Gflops/s) - 3636 (3997824 Gflops/s) - 3662 (4026411 Gflops/s) | Temperatures: 60°C - 60°C - 71°C - 71°C - 62°C - 60°C - 72°C - 73°C | Throttling: None - None - None - None - None - None - None - None
3783 (4159452 Gflops/s) - 3777 (4152855 Gflops/s) - 3640 (4002222 Gflops/s) - 3662 (4026411 Gflops/s) - 3755 (4128666 Gflops/s) - 3763 (4137462 Gflops/s) - 3639 (4001122 Gflops/s) - 3667 (4031909 Gflops/s) | Temperatures: 60°C - 60°C - 71°C - 71°C - 62°C - 60°C - 71°C - 73°C | Throttling: None - None - None - None - None - None - None - None
3764 (4138561 Gflops/s) - 3772 (4147357 Gflops/s) - 3636 (3997824 Gflops/s) - 3656 (4019814 Gflops/s) - 3751 (4124268 Gflops/s) - 3759 (4133064 Gflops/s) - 3633 (3994525 Gflops/s) - 3668 (4033008 Gflops/s) | Temperatures: 59°C - 60°C - 71°C - 71°C - 62°C - 60°C - 72°C - 73°C | Throttling: None - None - None - None - None - None - None - None
3778 (4153954 Gflops/s) - 3771 (4146258 Gflops/s) - 3635 (3996724 Gflops/s) - 3658 (4022013 Gflops/s) - 3752 (4125367 Gflops/s) - 3749 (4122069 Gflops/s) - 3632 (3993426 Gflops/s) - 3674 (4039605 Gflops/s) | Temperatures: 60°C - 60°C - 71°C - 71°C - 62°C - 60°C - 72°C - 73°C | Throttling: None - None - None - None - None - None - None - None
3782 (4158352 Gflops/s) - 3779 (4155054 Gflops/s) - 3638 (4000023 Gflops/s) - 3666 (4030809 Gflops/s) - 3756 (4129765 Gflops/s) - 3760 (4134163 Gflops/s) - 3637 (3998923 Gflops/s) - 3674 (4039605 Gflops/s) | Temperatures: 59°C - 60°C - 71°C - 71°C - 62°C - 60°C - 72°C - 73°C | Throttling: None - None - None - None - None - None - None - None
3735 (4106675 Gflops/s) - 3776 (4151755 Gflops/s) - 3636 (3997824 Gflops/s) - 3659 (4023113 Gflops/s) - 3754 (4127566 Gflops/s) - 3750 (4123168 Gflops/s) - 3634 (3995625 Gflops/s) - 3672 (4037406 Gflops/s) | Temperatures: 59°C - 60°C - 71°C - 71°C - 62°C - 60°C - 72°C - 73°C | Throttling: None - None - None - None - None - None - None - None
3760 (4134163 Gflops/s) - 3775 (4150656 Gflops/s) - 3636 (3997824 Gflops/s) - 3661 (4025312 Gflops/s) - 3747 (4119870 Gflops/s) - 3751 (4124268 Gflops/s) - 3634 (3995625 Gflops/s) - 3667 (4031909 Gflops/s) | Temperatures: 60°C - 60°C - 71°C - 71°C - 62°C - 60°C - 71°C - 73°C | Throttling: None - None - None - None - None - None - None - None
3747 (4119870 Gflops/s) - 3779 (4155054 Gflops/s) - 3638 (4000023 Gflops/s) - 3656 (4019814 Gflops/s) - 3756 (4129765 Gflops/s) - 3759 (4133064 Gflops/s) - 3632 (3993426 Gflops/s) - 3665 (4029710 Gflops/s) | Temperatures: 59°C - 60°C - 71°C - 71°C - 62°C - 60°C - 72°C - 73°C | Throttling: None - None - None - None - None - None - None - None
3753 (4126467 Gflops/s) - 3776 (4151755 Gflops/s) - 3639 (4001122 Gflops/s) - 3665 (4029710 Gflops/s) - 3753 (4126467 Gflops/s) - 3745 (4117671 Gflops/s) - 3634 (3995625 Gflops/s) - 3674 (4039605 Gflops/s) | Temperatures: 59°C - 60°C - 71°C - 71°C - 62°C - 60°C - 72°C - 73°C | Throttling: None - None - None - None - None - None - None - None
3779 (4155054 Gflops/s) - 3769 (4144059 Gflops/s) - 3636 (3997824 Gflops/s) - 3663 (4027511 Gflops/s) - 3752 (4125367 Gflops/s) - 3746 (4118770 Gflops/s) - 3635 (3996724 Gflops/s) - 3675 (4040705 Gflops/s) | Temperatures: 60°C - 60°C - 71°C - 71°C - 62°C - 60°C - 72°C - 73°C | Throttling: None - None - None - None - None - None - None - None
3770 (4145158 Gflops/s) - 3776 (4151755 Gflops/s) - 3637 (3998923 Gflops/s) - 3657 (4020914 Gflops/s) - 3758 (4131964 Gflops/s) - 3753 (4126467 Gflops/s) - 3636 (3997824 Gflops/s) - 3668 (4033008 Gflops/s) | Temperatures: 59°C - 60°C - 71°C - 71°C - 62°C - 60°C - 72°C - 73°C | Throttling: None - None - None - None - None - None - None - None
3732 (4103377 Gflops/s) - 3773 (4148457 Gflops/s) - 3641 (4003321 Gflops/s) - 3660 (4024212 Gflops/s) - 3759 (4133064 Gflops/s) - 3756 (4129765 Gflops/s) - 3639 (4001122 Gflops/s) - 3674 (4039605 Gflops/s) | Temperatures: 59°C - 60°C - 71°C - 71°C - 63°C - 60°C - 72°C - 73°C | Throttling: None - None - None - None - None - None - None - None
3730 (4101178 Gflops/s) - 3777 (4152855 Gflops/s) - 3636 (3997824 Gflops/s) - 3663 (4027511 Gflops/s) - 3753 (4126467 Gflops/s) - 3763 (4137462 Gflops/s) - 3633 (3994525 Gflops/s) - 3668 (4033008 Gflops/s) | Temperatures: 59°C - 60°C - 71°C - 71°C - 62°C - 60°C - 72°C - 73°C | Throttling: None - None - None - None - None - None - None - None
3771 (4146258 Gflops/s) - 3771 (4146258 Gflops/s) - 3636 (3997824 Gflops/s) - 3661 (4025312 Gflops/s) - 3747 (4119870 Gflops/s) - 3747 (4119870 Gflops/s) - 3634 (3995625 Gflops/s) - 3665 (4029710 Gflops/s) | Temperatures: 59°C - 60°C - 71°C - 71°C - 62°C - 60°C - 72°C - 73°C | Throttling: None - None - None - None - None - None - None - None
3733 (4104476 Gflops/s) - 3778 (4153954 Gflops/s) - 3640 (4002222 Gflops/s) - 3665 (4029710 Gflops/s) - 3753 (4126467 Gflops/s) - 3761 (4135263 Gflops/s) - 3638 (4000023 Gflops/s) - 3675 (4040705 Gflops/s) | Temperatures: 59°C - 60°C - 71°C - 71°C - 62°C - 60°C - 72°C - 73°C | Throttling: None - None - None - None - None - None - None - None
3745 (4117671 Gflops/s) - 3774 (4149556 Gflops/s) - 3637 (3998923 Gflops/s) - 3658 (4022013 Gflops/s) - 3750 (4123168 Gflops/s) - 3752 (4125367 Gflops/s) - 3635 (3996724 Gflops/s) - 3671 (4036307 Gflops/s) | Temperatures: 59°C - 60°C - 71°C - 71°C - 62°C - 60°C - 72°C - 73°C | Throttling: None - None - None - None - None - None - None - None
3727 (4097879 Gflops/s) - 3774 (4149556 Gflops/s) - 3634 (3995625 Gflops/s) - 3664 (4028610 Gflops/s) - 3753 (4126467 Gflops/s) - 3745 (4117671 Gflops/s) - 3630 (3991227 Gflops/s) - 3670 (4035207 Gflops/s) | Temperatures: 59°C - 60°C - 71°C - 71°C - 62°C - 60°C - 72°C - 73°C | Throttling: None - None - None - None - None - None - None - None
3776 (4151755 Gflops/s) - 3772 (4147357 Gflops/s) - 3640 (4002222 Gflops/s) - 3668 (4033008 Gflops/s) - 3757 (4130865 Gflops/s) - 3754 (4127566 Gflops/s) - 3637 (3998923 Gflops/s) - 3669 (4034108 Gflops/s) | Temperatures: 60°C - 61°C - 71°C - 71°C - 62°C - 60°C - 72°C - 73°C | Throttling: None - None - None - None - None - None - None - None
3749 (4122069 Gflops/s) - 3771 (4146258 Gflops/s) - 3636 (3997824 Gflops/s) - 3660 (4024212 Gflops/s) - 3751 (4124268 Gflops/s) - 3758 (4131964 Gflops/s) - 3634 (3995625 Gflops/s) - 3677 (4042904 Gflops/s) | Temperatures: 59°C - 60°C - 71°C - 71°C - 62°C - 60°C - 72°C - 73°C | Throttling: None - None - None - None - None - None - None - None
3766 (4140760 Gflops/s) - 3775 (4150656 Gflops/s) - 3638 (4000023 Gflops/s) - 3657 (4020914 Gflops/s) - 3752 (4125367 Gflops/s) - 3760 (4134163 Gflops/s) - 3633 (3994525 Gflops/s) - 3666 (4030809 Gflops/s) | Temperatures: 59°C - 61°C - 71°C - 71°C - 62°C - 60°C - 72°C - 73°C | Throttling: None - None - None - None - None - None - None - None
2842 (3124812 Gflops/s) - 2447 (2690504 Gflops/s) - 3203 (3521735 Gflops/s) - 2558 (2812550 Gflops/s) - 2850 (3133608 Gflops/s) - 2439 (2681708 Gflops/s) - 3056 (3360107 Gflops/s) - 2888 (3175389 Gflops/s) | Temperatures: 53°C - 52°C - 71°C - 64°C - 62°C - 51°C - 72°C - 67°C | Throttling: None - None - None - None - None - None - None - None
GPU #0: 4073826 Gflops/s (min: 3124812.05, max: 4537684.49, dev: 4073825.67)
         Temperature: 59.27°C (min: 53.00, max: 60.00)
         Throttling HW: false, Thermal SW: false, Thermal HW: false
GPU #1: 4083200 Gflops/s (min: 2690504.95, max: 4529987.91, dev: 4083199.67)
         Temperature: 60.19°C (min: 52.00, max: 61.00)
         Throttling HW: false, Thermal SW: false, Thermal HW: false
GPU #2: 3939040 Gflops/s (min: 3439272.37, max: 4366160.67, dev: 3939039.81)
         Temperature: 70.80°C (min: 66.00, max: 72.00)
         Throttling HW: false, Thermal SW: false, Thermal HW: false
GPU #3: 3962073 Gflops/s (min: 2812550.74, max: 4399146.02, dev: 3962073.26)
         Temperature: 70.78°C (min: 64.00, max: 72.00)
         Throttling HW: false, Thermal SW: false, Thermal HW: false
GPU #4: 4062725 Gflops/s (min: 3133608.14, max: 4509097.19, dev: 4062725.49)
         Temperature: 61.89°C (min: 58.00, max: 63.00)
         Throttling HW: false, Thermal SW: false, Thermal HW: false
GPU #5: 4060639 Gflops/s (min: 2681708.86, max: 4514594.74, dev: 4060639.04)
         Temperature: 59.80°C (min: 51.00, max: 60.00)
         Throttling HW: false, Thermal SW: false, Thermal HW: false
GPU #6: 3935298 Gflops/s (min: 3360107.53, max: 4366160.67, dev: 3935298.47)
         Temperature: 71.18°C (min: 67.00, max: 72.00)
         Throttling HW: false, Thermal SW: false, Thermal HW: false
GPU #7: 3972663 Gflops/s (min: 3175389.58, max: 4409041.63, dev: 3972663.10)
         Temperature: 72.71°C (min: 67.00, max: 74.00)
         Throttling HW: false, Thermal SW: false, Thermal HW: false
All GPUs seem healthy
Freeing GPUs...
