Node = node5501
GPU 0: NVIDIA B200 (UUID: GPU-95d3cf9d-249a-e24f-0e05-547d3acc3a0c)
GPU 1: NVIDIA B200 (UUID: GPU-958a9124-43fb-702d-122a-f59fd3837000)
GPU 2: NVIDIA B200 (UUID: GPU-41f97fa2-c33f-d272-a3b7-1e1e2a513053)
GPU 3: NVIDIA B200 (UUID: GPU-470ba4ed-5784-de4f-c67c-8e3f7d2f3bd5)
GPU 4: NVIDIA B200 (UUID: GPU-e7c9aeb4-cb76-b389-9534-5a052b72a557)
GPU 5: NVIDIA B200 (UUID: GPU-1dffed33-e193-3fd2-f427-16ca7b79f2cd)
GPU 6: NVIDIA B200 (UUID: GPU-dacdec70-622b-5b39-3021-8f46b6323605)
GPU 7: NVIDIA B200 (UUID: GPU-da19d1ea-2f06-3661-6750-4a69f769fa6b)
======== Run with fp32 ==========
Detected GPU #0: "NVIDIA B200" (95d3cf9d-249a-e24f-0e05-547d3acc3a0c)
Detected GPU #1: "NVIDIA B200" (958a9124-43fb-702d-122a-f59fd3837000)
Detected GPU #2: "NVIDIA B200" (41f97fa2-c33f-d272-a3b7-1e1e2a513053)
Detected GPU #3: "NVIDIA B200" (470ba4ed-5784-de4f-c67c-8e3f7d2f3bd5)
Detected GPU #4: "NVIDIA B200" (e7c9aeb4-cb76-b389-9534-5a052b72a557)
Detected GPU #5: "NVIDIA B200" (1dffed33-e193-3fd2-f427-16ca7b79f2cd)
Detected GPU #6: "NVIDIA B200" (dacdec70-622b-5b39-3021-8f46b6323605)
Detected GPU #7: "NVIDIA B200" (da19d1ea-2f06-3661-6750-4a69f769fa6b)
Using precision(s): FP32  
Creating random matrices
Matrices created
GPU #0: Using 163805 MB
GPU #1: Using 163805 MB
GPU #2: Using 163805 MB
GPU #3: Using 163805 MB
GPU #4: Using 163805 MB
GPU #5: Using 163805 MB
GPU #6: Using 163805 MB
GPU #7: Using 163805 MB
1359 (1494236 Gflops/s) - 1346 (1479942 Gflops/s) - 1349 (1483241 Gflops/s) - 1360 (1495335 Gflops/s) - 1339 (1472246 Gflops/s) - 1351 (1485440 Gflops/s) - 1362 (1497534 Gflops/s) - 1350 (1484340 Gflops/s) | Temperatures: 47°C - 49°C - 54°C - 52°C - 50°C - 48°C - 53°C - 56°C | Throttling: None - None - None - None - None - None - None - None
698 (767459 Gflops/s) - 685 (753165 Gflops/s) - 689 (757563 Gflops/s) - 697 (766359 Gflops/s) - 672 (738871 Gflops/s) - 690 (758663 Gflops/s) - 701 (770757 Gflops/s) - 687 (755364 Gflops/s) | Temperatures: 49°C - 51°C - 56°C - 52°C - 52°C - 49°C - 55°C - 57°C | Throttling: None - None - None - None - None - None - None - None
697 (766359 Gflops/s) - 684 (752065 Gflops/s) - 691 (759762 Gflops/s) - 696 (765260 Gflops/s) - 673 (739971 Gflops/s) - 690 (758663 Gflops/s) - 701 (770757 Gflops/s) - 689 (757563 Gflops/s) | Temperatures: 50°C - 51°C - 57°C - 53°C - 53°C - 50°C - 55°C - 58°C | Throttling: None - None - None - None - None - None - None - None
697 (766359 Gflops/s) - 684 (752065 Gflops/s) - 691 (759762 Gflops/s) - 696 (765260 Gflops/s) - 673 (739971 Gflops/s) - 688 (756463 Gflops/s) - 702 (771857 Gflops/s) - 687 (755364 Gflops/s) | Temperatures: 51°C - 52°C - 57°C - 53°C - 53°C - 51°C - 56°C - 59°C | Throttling: None - None - None - None - None - None - None - None
696 (765260 Gflops/s) - 683 (750966 Gflops/s) - 691 (759762 Gflops/s) - 694 (763061 Gflops/s) - 674 (741070 Gflops/s) - 689 (757563 Gflops/s) - 703 (772956 Gflops/s) - 688 (756463 Gflops/s) | Temperatures: 51°C - 53°C - 58°C - 54°C - 54°C - 51°C - 57°C - 59°C | Throttling: None - None - None - None - None - None - None - None
697 (766359 Gflops/s) - 682 (749866 Gflops/s) - 690 (758663 Gflops/s) - 695 (764160 Gflops/s) - 675 (742170 Gflops/s) - 690 (758663 Gflops/s) - 702 (771857 Gflops/s) - 687 (755364 Gflops/s) | Temperatures: 52°C - 53°C - 58°C - 54°C - 55°C - 52°C - 57°C - 60°C | Throttling: None - None - None - None - None - None - None - None
696 (765260 Gflops/s) - 683 (750966 Gflops/s) - 691 (759762 Gflops/s) - 694 (763061 Gflops/s) - 678 (745468 Gflops/s) - 689 (757563 Gflops/s) - 701 (770757 Gflops/s) - 686 (754264 Gflops/s) | Temperatures: 52°C - 54°C - 59°C - 55°C - 55°C - 53°C - 58°C - 60°C | Throttling: None - None - None - None - None - None - None - None
696 (765260 Gflops/s) - 683 (750966 Gflops/s) - 691 (759762 Gflops/s) - 697 (766359 Gflops/s) - 677 (744369 Gflops/s) - 688 (756463 Gflops/s) - 701 (770757 Gflops/s) - 685 (753165 Gflops/s) | Temperatures: 53°C - 54°C - 59°C - 55°C - 55°C - 53°C - 58°C - 61°C | Throttling: None - None - None - None - None - None - None - None
695 (764160 Gflops/s) - 685 (753165 Gflops/s) - 690 (758663 Gflops/s) - 697 (766359 Gflops/s) - 678 (745468 Gflops/s) - 688 (756463 Gflops/s) - 700 (769658 Gflops/s) - 699 (768558 Gflops/s) | Temperatures: 53°C - 55°C - 60°C - 56°C - 56°C - 54°C - 59°C - 61°C | Throttling: None - None - None - None - None - None - None - None
695 (764160 Gflops/s) - 686 (754264 Gflops/s) - 690 (758663 Gflops/s) - 699 (768558 Gflops/s) - 676 (743269 Gflops/s) - 687 (755364 Gflops/s) - 700 (769658 Gflops/s) - 673 (739971 Gflops/s) | Temperatures: 53°C - 55°C - 60°C - 56°C - 56°C - 54°C - 59°C - 62°C | Throttling: None - None - None - None - None - None - None - None
695 (764160 Gflops/s) - 686 (754264 Gflops/s) - 689 (757563 Gflops/s) - 697 (766359 Gflops/s) - 677 (744369 Gflops/s) - 687 (755364 Gflops/s) - 709 (779553 Gflops/s) - 686 (754264 Gflops/s) | Temperatures: 54°C - 55°C - 61°C - 57°C - 57°C - 54°C - 60°C - 62°C | Throttling: None - None - None - None - None - None - None - None
695 (764160 Gflops/s) - 685 (753165 Gflops/s) - 689 (757563 Gflops/s) - 697 (766359 Gflops/s) - 676 (743269 Gflops/s) - 688 (756463 Gflops/s) - 687 (755364 Gflops/s) - 684 (752065 Gflops/s) | Temperatures: 54°C - 56°C - 61°C - 57°C - 57°C - 55°C - 60°C - 63°C | Throttling: None - None - None - None - None - None - None - None
694 (763061 Gflops/s) - 686 (754264 Gflops/s) - 690 (758663 Gflops/s) - 697 (766359 Gflops/s) - 676 (743269 Gflops/s) - 690 (758663 Gflops/s) - 698 (767459 Gflops/s) - 684 (752065 Gflops/s) | Temperatures: 54°C - 56°C - 62°C - 57°C - 57°C - 55°C - 60°C - 63°C | Throttling: None - None - None - None - None - None - None - None
692 (760862 Gflops/s) - 686 (754264 Gflops/s) - 689 (757563 Gflops/s) - 695 (764160 Gflops/s) - 676 (743269 Gflops/s) - 689 (757563 Gflops/s) - 698 (767459 Gflops/s) - 683 (750966 Gflops/s) | Temperatures: 55°C - 56°C - 62°C - 58°C - 58°C - 55°C - 61°C - 64°C | Throttling: None - None - None - None - None - None - None - None
692 (760862 Gflops/s) - 685 (753165 Gflops/s) - 688 (756463 Gflops/s) - 695 (764160 Gflops/s) - 675 (742170 Gflops/s) - 688 (756463 Gflops/s) - 697 (766359 Gflops/s) - 682 (749866 Gflops/s) | Temperatures: 55°C - 57°C - 62°C - 58°C - 58°C - 56°C - 61°C - 64°C | Throttling: None - None - None - None - None - None - None - None
692 (760862 Gflops/s) - 686 (754264 Gflops/s) - 688 (756463 Gflops/s) - 696 (765260 Gflops/s) - 677 (744369 Gflops/s) - 689 (757563 Gflops/s) - 695 (764160 Gflops/s) - 684 (752065 Gflops/s) | Temperatures: 55°C - 57°C - 63°C - 58°C - 58°C - 56°C - 62°C - 64°C | Throttling: None - None - None - None - None - None - None - None
693 (761961 Gflops/s) - 686 (754264 Gflops/s) - 686 (754264 Gflops/s) - 694 (763061 Gflops/s) - 677 (744369 Gflops/s) - 688 (756463 Gflops/s) - 695 (764160 Gflops/s) - 682 (749866 Gflops/s) | Temperatures: 56°C - 57°C - 63°C - 59°C - 58°C - 56°C - 62°C - 65°C | Throttling: None - None - None - None - None - None - None - None
692 (760862 Gflops/s) - 686 (754264 Gflops/s) - 686 (754264 Gflops/s) - 694 (763061 Gflops/s) - 676 (743269 Gflops/s) - 689 (757563 Gflops/s) - 695 (764160 Gflops/s) - 682 (749866 Gflops/s) | Temperatures: 56°C - 57°C - 63°C - 59°C - 59°C - 56°C - 62°C - 65°C | Throttling: None - None - None - None - None - None - None - None
696 (765260 Gflops/s) - 686 (754264 Gflops/s) - 687 (755364 Gflops/s) - 695 (764160 Gflops/s) - 676 (743269 Gflops/s) - 687 (755364 Gflops/s) - 694 (763061 Gflops/s) - 682 (749866 Gflops/s) | Temperatures: 56°C - 58°C - 64°C - 60°C - 59°C - 57°C - 63°C - 65°C | Throttling: None - None - None - None - None - None - None - None
697 (766359 Gflops/s) - 686 (754264 Gflops/s) - 685 (753165 Gflops/s) - 694 (763061 Gflops/s) - 675 (742170 Gflops/s) - 687 (755364 Gflops/s) - 694 (763061 Gflops/s) - 680 (747667 Gflops/s) | Temperatures: 56°C - 58°C - 64°C - 60°C - 59°C - 57°C - 63°C - 66°C | Throttling: None - None - None - None - None - None - None - None
696 (765260 Gflops/s) - 686 (754264 Gflops/s) - 685 (753165 Gflops/s) - 694 (763061 Gflops/s) - 676 (743269 Gflops/s) - 688 (756463 Gflops/s) - 694 (763061 Gflops/s) - 681 (748767 Gflops/s) | Temperatures: 57°C - 58°C - 65°C - 60°C - 60°C - 57°C - 63°C - 66°C | Throttling: None - None - None - None - None - None - None - None
697 (766359 Gflops/s) - 685 (753165 Gflops/s) - 685 (753165 Gflops/s) - 693 (761961 Gflops/s) - 675 (742170 Gflops/s) - 688 (756463 Gflops/s) - 692 (760862 Gflops/s) - 684 (752065 Gflops/s) | Temperatures: 57°C - 58°C - 65°C - 61°C - 60°C - 57°C - 64°C - 66°C | Throttling: None - None - None - None - None - None - None - None
697 (766359 Gflops/s) - 685 (753165 Gflops/s) - 684 (752065 Gflops/s) - 693 (761961 Gflops/s) - 675 (742170 Gflops/s) - 688 (756463 Gflops/s) - 692 (760862 Gflops/s) - 682 (749866 Gflops/s) | Temperatures: 57°C - 59°C - 65°C - 61°C - 60°C - 58°C - 64°C - 67°C | Throttling: None - None - None - None - None - None - None - None
695 (764160 Gflops/s) - 685 (753165 Gflops/s) - 683 (750966 Gflops/s) - 693 (761961 Gflops/s) - 675 (742170 Gflops/s) - 687 (755364 Gflops/s) - 692 (760862 Gflops/s) - 683 (750966 Gflops/s) | Temperatures: 57°C - 59°C - 66°C - 61°C - 60°C - 58°C - 64°C - 67°C | Throttling: None - None - None - None - None - None - None - None
697 (766359 Gflops/s) - 685 (753165 Gflops/s) - 684 (752065 Gflops/s) - 694 (763061 Gflops/s) - 674 (741070 Gflops/s) - 687 (755364 Gflops/s) - 693 (761961 Gflops/s) - 681 (748767 Gflops/s) | Temperatures: 58°C - 59°C - 66°C - 62°C - 60°C - 58°C - 65°C - 67°C | Throttling: None - None - None - None - None - None - None - None
695 (764160 Gflops/s) - 685 (753165 Gflops/s) - 684 (752065 Gflops/s) - 692 (760862 Gflops/s) - 675 (742170 Gflops/s) - 686 (754264 Gflops/s) - 692 (760862 Gflops/s) - 681 (748767 Gflops/s) | Temperatures: 58°C - 59°C - 66°C - 62°C - 61°C - 58°C - 65°C - 67°C | Throttling: None - None - None - None - None - None - None - None
694 (763061 Gflops/s) - 684 (752065 Gflops/s) - 684 (752065 Gflops/s) - 692 (760862 Gflops/s) - 673 (739971 Gflops/s) - 686 (754264 Gflops/s) - 691 (759762 Gflops/s) - 681 (748767 Gflops/s) | Temperatures: 58°C - 59°C - 66°C - 62°C - 61°C - 58°C - 65°C - 68°C | Throttling: None - None - None - None - None - None - None - None
695 (764160 Gflops/s) - 684 (752065 Gflops/s) - 683 (750966 Gflops/s) - 692 (760862 Gflops/s) - 675 (742170 Gflops/s) - 688 (756463 Gflops/s) - 691 (759762 Gflops/s) - 680 (747667 Gflops/s) | Temperatures: 58°C - 60°C - 66°C - 62°C - 61°C - 59°C - 65°C - 68°C | Throttling: None - None - None - None - None - None - None - None
695 (764160 Gflops/s) - 684 (752065 Gflops/s) - 683 (750966 Gflops/s) - 691 (759762 Gflops/s) - 674 (741070 Gflops/s) - 686 (754264 Gflops/s) - 690 (758663 Gflops/s) - 680 (747667 Gflops/s) | Temperatures: 58°C - 60°C - 67°C - 63°C - 61°C - 59°C - 66°C - 68°C | Throttling: None - None - None - None - None - None - None - None
693 (761961 Gflops/s) - 683 (750966 Gflops/s) - 682 (749866 Gflops/s) - 691 (759762 Gflops/s) - 672 (738871 Gflops/s) - 685 (753165 Gflops/s) - 689 (757563 Gflops/s) - 680 (747667 Gflops/s) | Temperatures: 58°C - 60°C - 67°C - 63°C - 61°C - 59°C - 66°C - 69°C | Throttling: None - None - None - None - None - None - None - None
694 (763061 Gflops/s) - 683 (750966 Gflops/s) - 682 (749866 Gflops/s) - 690 (758663 Gflops/s) - 674 (741070 Gflops/s) - 685 (753165 Gflops/s) - 693 (761961 Gflops/s) - 680 (747667 Gflops/s) | Temperatures: 58°C - 60°C - 67°C - 63°C - 61°C - 59°C - 66°C - 69°C | Throttling: None - None - None - None - None - None - None - None
694 (763061 Gflops/s) - 683 (750966 Gflops/s) - 682 (749866 Gflops/s) - 691 (759762 Gflops/s) - 673 (739971 Gflops/s) - 687 (755364 Gflops/s) - 694 (763061 Gflops/s) - 679 (746568 Gflops/s) | Temperatures: 59°C - 60°C - 68°C - 64°C - 62°C - 59°C - 67°C - 69°C | Throttling: None - None - None - None - None - None - None - None
693 (761961 Gflops/s) - 682 (749866 Gflops/s) - 680 (747667 Gflops/s) - 690 (758663 Gflops/s) - 671 (737772 Gflops/s) - 684 (752065 Gflops/s) - 692 (760862 Gflops/s) - 679 (746568 Gflops/s) | Temperatures: 59°C - 60°C - 68°C - 64°C - 62°C - 59°C - 67°C - 69°C | Throttling: None - None - None - None - None - None - None - None
694 (763061 Gflops/s) - 684 (752065 Gflops/s) - 682 (749866 Gflops/s) - 693 (761961 Gflops/s) - 684 (752065 Gflops/s) - 685 (753165 Gflops/s) - 692 (760862 Gflops/s) - 678 (745468 Gflops/s) | Temperatures: 59°C - 60°C - 68°C - 64°C - 62°C - 59°C - 67°C - 70°C | Throttling: None - None - None - None - None - None - None - None
694 (763061 Gflops/s) - 683 (750966 Gflops/s) - 680 (747667 Gflops/s) - 693 (761961 Gflops/s) - 660 (725677 Gflops/s) - 685 (753165 Gflops/s) - 693 (761961 Gflops/s) - 678 (745468 Gflops/s) | Temperatures: 59°C - 61°C - 68°C - 64°C - 62°C - 60°C - 67°C - 70°C | Throttling: None - None - None - None - None - None - None - None
693 (761961 Gflops/s) - 682 (749866 Gflops/s) - 680 (747667 Gflops/s) - 692 (760862 Gflops/s) - 673 (739971 Gflops/s) - 685 (753165 Gflops/s) - 691 (759762 Gflops/s) - 679 (746568 Gflops/s) | Temperatures: 59°C - 61°C - 69°C - 65°C - 62°C - 60°C - 68°C - 70°C | Throttling: None - None - None - None - None - None - None - None
693 (761961 Gflops/s) - 681 (748767 Gflops/s) - 678 (745468 Gflops/s) - 691 (759762 Gflops/s) - 671 (737772 Gflops/s) - 684 (752065 Gflops/s) - 691 (759762 Gflops/s) - 677 (744369 Gflops/s) | Temperatures: 59°C - 61°C - 69°C - 65°C - 62°C - 60°C - 68°C - 70°C | Throttling: None - None - None - None - None - None - None - None
693 (761961 Gflops/s) - 687 (755364 Gflops/s) - 679 (746568 Gflops/s) - 692 (760862 Gflops/s) - 672 (738871 Gflops/s) - 684 (752065 Gflops/s) - 691 (759762 Gflops/s) - 676 (743269 Gflops/s) | Temperatures: 60°C - 61°C - 69°C - 65°C - 62°C - 60°C - 68°C - 70°C | Throttling: None - None - None - None - None - None - None - None
693 (761961 Gflops/s) - 677 (744369 Gflops/s) - 680 (747667 Gflops/s) - 691 (759762 Gflops/s) - 672 (738871 Gflops/s) - 684 (752065 Gflops/s) - 691 (759762 Gflops/s) - 677 (744369 Gflops/s) | Temperatures: 60°C - 61°C - 69°C - 65°C - 63°C - 60°C - 68°C - 71°C | Throttling: None - None - None - None - None - None - None - None
693 (761961 Gflops/s) - 681 (748767 Gflops/s) - 678 (745468 Gflops/s) - 691 (759762 Gflops/s) - 672 (738871 Gflops/s) - 683 (750966 Gflops/s) - 689 (757563 Gflops/s) - 675 (742170 Gflops/s) | Temperatures: 60°C - 61°C - 70°C - 65°C - 63°C - 60°C - 69°C - 71°C | Throttling: None - None - None - None - None - None - None - None
693 (761961 Gflops/s) - 682 (749866 Gflops/s) - 678 (745468 Gflops/s) - 693 (761961 Gflops/s) - 672 (738871 Gflops/s) - 684 (752065 Gflops/s) - 690 (758663 Gflops/s) - 676 (743269 Gflops/s) | Temperatures: 60°C - 61°C - 70°C - 66°C - 63°C - 60°C - 69°C - 71°C | Throttling: None - None - None - None - None - None - None - None
693 (761961 Gflops/s) - 681 (748767 Gflops/s) - 677 (744369 Gflops/s) - 692 (760862 Gflops/s) - 672 (738871 Gflops/s) - 683 (750966 Gflops/s) - 689 (757563 Gflops/s) - 676 (743269 Gflops/s) | Temperatures: 60°C - 61°C - 70°C - 66°C - 63°C - 60°C - 69°C - 71°C | Throttling: None - None - None - None - None - None - None - None
694 (763061 Gflops/s) - 682 (749866 Gflops/s) - 678 (745468 Gflops/s) - 693 (761961 Gflops/s) - 671 (737772 Gflops/s) - 684 (752065 Gflops/s) - 690 (758663 Gflops/s) - 675 (742170 Gflops/s) | Temperatures: 60°C - 62°C - 70°C - 66°C - 63°C - 60°C - 69°C - 72°C | Throttling: None - None - None - None - None - None - None - None
692 (760862 Gflops/s) - 680 (747667 Gflops/s) - 677 (744369 Gflops/s) - 691 (759762 Gflops/s) - 670 (736672 Gflops/s) - 682 (749866 Gflops/s) - 687 (755364 Gflops/s) - 674 (741070 Gflops/s) | Temperatures: 60°C - 62°C - 71°C - 66°C - 63°C - 60°C - 70°C - 72°C | Throttling: None - None - None - None - None - None - None - None
694 (763061 Gflops/s) - 682 (749866 Gflops/s) - 677 (744369 Gflops/s) - 691 (759762 Gflops/s) - 671 (737772 Gflops/s) - 684 (752065 Gflops/s) - 690 (758663 Gflops/s) - 674 (741070 Gflops/s) | Temperatures: 60°C - 62°C - 70°C - 66°C - 63°C - 61°C - 70°C - 72°C | Throttling: None - None - None - None - None - None - None - None
693 (761961 Gflops/s) - 682 (749866 Gflops/s) - 677 (744369 Gflops/s) - 691 (759762 Gflops/s) - 671 (737772 Gflops/s) - 682 (749866 Gflops/s) - 688 (756463 Gflops/s) - 678 (745468 Gflops/s) | Temperatures: 60°C - 62°C - 71°C - 67°C - 63°C - 61°C - 70°C - 72°C | Throttling: None - None - None - None - None - None - None - None
693 (761961 Gflops/s) - 681 (748767 Gflops/s) - 676 (743269 Gflops/s) - 691 (759762 Gflops/s) - 671 (737772 Gflops/s) - 683 (750966 Gflops/s) - 688 (756463 Gflops/s) - 669 (735573 Gflops/s) | Temperatures: 60°C - 62°C - 71°C - 67°C - 63°C - 61°C - 70°C - 72°C | Throttling: None - None - None - None - None - None - None - None
693 (761961 Gflops/s) - 680 (747667 Gflops/s) - 676 (743269 Gflops/s) - 690 (758663 Gflops/s) - 670 (736672 Gflops/s) - 682 (749866 Gflops/s) - 688 (756463 Gflops/s) - 672 (738871 Gflops/s) | Temperatures: 60°C - 62°C - 71°C - 67°C - 63°C - 60°C - 70°C - 72°C | Throttling: None - None - None - None - None - None - None - None
693 (761961 Gflops/s) - 681 (748767 Gflops/s) - 678 (745468 Gflops/s) - 691 (759762 Gflops/s) - 671 (737772 Gflops/s) - 682 (749866 Gflops/s) - 688 (756463 Gflops/s) - 672 (738871 Gflops/s) | Temperatures: 60°C - 62°C - 71°C - 67°C - 63°C - 61°C - 70°C - 72°C | Throttling: None - None - None - None - None - None - None - None
693 (761961 Gflops/s) - 680 (747667 Gflops/s) - 676 (743269 Gflops/s) - 689 (757563 Gflops/s) - 670 (736672 Gflops/s) - 683 (750966 Gflops/s) - 687 (755364 Gflops/s) - 673 (739971 Gflops/s) | Temperatures: 60°C - 62°C - 71°C - 67°C - 63°C - 61°C - 70°C - 72°C | Throttling: None - None - None - None - None - None - None - None
692 (760862 Gflops/s) - 681 (748767 Gflops/s) - 677 (744369 Gflops/s) - 689 (757563 Gflops/s) - 670 (736672 Gflops/s) - 683 (750966 Gflops/s) - 686 (754264 Gflops/s) - 671 (737772 Gflops/s) | Temperatures: 60°C - 62°C - 71°C - 67°C - 63°C - 61°C - 70°C - 73°C | Throttling: None - None - None - None - None - None - None - None
693 (761961 Gflops/s) - 680 (747667 Gflops/s) - 675 (742170 Gflops/s) - 689 (757563 Gflops/s) - 671 (737772 Gflops/s) - 682 (749866 Gflops/s) - 687 (755364 Gflops/s) - 672 (738871 Gflops/s) | Temperatures: 60°C - 62°C - 71°C - 67°C - 63°C - 61°C - 70°C - 73°C | Throttling: None - None - None - None - None - None - None - None
694 (763061 Gflops/s) - 679 (746568 Gflops/s) - 677 (744369 Gflops/s) - 689 (757563 Gflops/s) - 670 (736672 Gflops/s) - 682 (749866 Gflops/s) - 687 (755364 Gflops/s) - 672 (738871 Gflops/s) | Temperatures: 60°C - 62°C - 71°C - 67°C - 63°C - 61°C - 71°C - 73°C | Throttling: None - None - None - None - None - None - None - None
693 (761961 Gflops/s) - 680 (747667 Gflops/s) - 676 (743269 Gflops/s) - 703 (772956 Gflops/s) - 670 (736672 Gflops/s) - 683 (750966 Gflops/s) - 687 (755364 Gflops/s) - 671 (737772 Gflops/s) | Temperatures: 60°C - 62°C - 72°C - 67°C - 63°C - 61°C - 71°C - 73°C | Throttling: None - None - None - None - None - None - None - None
707 (777354 Gflops/s) - 680 (747667 Gflops/s) - 676 (743269 Gflops/s) - 676 (743269 Gflops/s) - 670 (736672 Gflops/s) - 683 (750966 Gflops/s) - 686 (754264 Gflops/s) - 670 (736672 Gflops/s) | Temperatures: 60°C - 62°C - 72°C - 67°C - 63°C - 61°C - 71°C - 73°C | Throttling: None - None - None - None - None - None - None - None
678 (745468 Gflops/s) - 680 (747667 Gflops/s) - 675 (742170 Gflops/s) - 688 (756463 Gflops/s) - 669 (735573 Gflops/s) - 682 (749866 Gflops/s) - 686 (754264 Gflops/s) - 669 (735573 Gflops/s) | Temperatures: 60°C - 62°C - 72°C - 68°C - 63°C - 61°C - 71°C - 73°C | Throttling: None - None - None - None - None - None - None - None
693 (761961 Gflops/s) - 680 (747667 Gflops/s) - 676 (743269 Gflops/s) - 688 (756463 Gflops/s) - 670 (736672 Gflops/s) - 683 (750966 Gflops/s) - 687 (755364 Gflops/s) - 671 (737772 Gflops/s) | Temperatures: 60°C - 62°C - 72°C - 68°C - 63°C - 61°C - 71°C - 73°C | Throttling: None - None - None - None - None - None - None - None
693 (761961 Gflops/s) - 681 (748767 Gflops/s) - 675 (742170 Gflops/s) - 688 (756463 Gflops/s) - 670 (736672 Gflops/s) - 683 (750966 Gflops/s) - 686 (754264 Gflops/s) - 670 (736672 Gflops/s) | Temperatures: 60°C - 62°C - 72°C - 68°C - 63°C - 61°C - 71°C - 73°C | Throttling: None - None - None - None - None - None - None - None
692 (760862 Gflops/s) - 679 (746568 Gflops/s) - 675 (742170 Gflops/s) - 688 (756463 Gflops/s) - 675 (742170 Gflops/s) - 682 (749866 Gflops/s) - 686 (754264 Gflops/s) - 670 (736672 Gflops/s) | Temperatures: 60°C - 62°C - 72°C - 68°C - 63°C - 61°C - 71°C - 73°C | Throttling: None - None - None - None - None - None - None - None
693 (761961 Gflops/s) - 680 (747667 Gflops/s) - 676 (743269 Gflops/s) - 688 (756463 Gflops/s) - 664 (730075 Gflops/s) - 683 (750966 Gflops/s) - 687 (755364 Gflops/s) - 670 (736672 Gflops/s) | Temperatures: 60°C - 62°C - 72°C - 68°C - 63°C - 61°C - 71°C - 73°C | Throttling: None - None - None - None - None - None - None - None
693 (761961 Gflops/s) - 681 (748767 Gflops/s) - 676 (743269 Gflops/s) - 687 (755364 Gflops/s) - 670 (736672 Gflops/s) - 682 (749866 Gflops/s) - 686 (754264 Gflops/s) - 669 (735573 Gflops/s) | Temperatures: 60°C - 62°C - 72°C - 68°C - 63°C - 61°C - 71°C - 73°C | Throttling: None - None - None - None - None - None - None - None
693 (761961 Gflops/s) - 680 (747667 Gflops/s) - 675 (742170 Gflops/s) - 688 (756463 Gflops/s) - 670 (736672 Gflops/s) - 683 (750966 Gflops/s) - 686 (754264 Gflops/s) - 669 (735573 Gflops/s) | Temperatures: 60°C - 62°C - 72°C - 68°C - 63°C - 61°C - 71°C - 73°C | Throttling: None - None - None - None - None - None - None - None
692 (760862 Gflops/s) - 679 (746568 Gflops/s) - 675 (742170 Gflops/s) - 687 (755364 Gflops/s) - 669 (735573 Gflops/s) - 682 (749866 Gflops/s) - 686 (754264 Gflops/s) - 668 (734473 Gflops/s) | Temperatures: 60°C - 62°C - 72°C - 68°C - 63°C - 61°C - 71°C - 73°C | Throttling: None - None - None - None - None - None - None - None
693 (761961 Gflops/s) - 680 (747667 Gflops/s) - 674 (741070 Gflops/s) - 688 (756463 Gflops/s) - 670 (736672 Gflops/s) - 683 (750966 Gflops/s) - 686 (754264 Gflops/s) - 669 (735573 Gflops/s) | Temperatures: 60°C - 62°C - 72°C - 68°C - 63°C - 60°C - 71°C - 73°C | Throttling: None - None - None - None - None - None - None - None
693 (761961 Gflops/s) - 681 (748767 Gflops/s) - 676 (743269 Gflops/s) - 687 (755364 Gflops/s) - 670 (736672 Gflops/s) - 682 (749866 Gflops/s) - 686 (754264 Gflops/s) - 670 (736672 Gflops/s) | Temperatures: 60°C - 62°C - 72°C - 68°C - 63°C - 60°C - 71°C - 73°C | Throttling: None - None - None - None - None - None - None - None
707 (777354 Gflops/s) - 681 (748767 Gflops/s) - 675 (742170 Gflops/s) - 687 (755364 Gflops/s) - 671 (737772 Gflops/s) - 683 (750966 Gflops/s) - 686 (754264 Gflops/s) - 669 (735573 Gflops/s) | Temperatures: 60°C - 62°C - 72°C - 68°C - 63°C - 60°C - 71°C - 73°C | Throttling: None - None - None - None - None - None - None - None
679 (746568 Gflops/s) - 679 (746568 Gflops/s) - 675 (742170 Gflops/s) - 687 (755364 Gflops/s) - 671 (737772 Gflops/s) - 682 (749866 Gflops/s) - 685 (753165 Gflops/s) - 668 (734473 Gflops/s) | Temperatures: 60°C - 61°C - 72°C - 68°C - 63°C - 60°C - 71°C - 73°C | Throttling: None - None - None - None - None - None - None - None
693 (761961 Gflops/s) - 680 (747667 Gflops/s) - 675 (742170 Gflops/s) - 688 (756463 Gflops/s) - 670 (736672 Gflops/s) - 683 (750966 Gflops/s) - 686 (754264 Gflops/s) - 669 (735573 Gflops/s) | Temperatures: 60°C - 62°C - 72°C - 68°C - 63°C - 60°C - 71°C - 73°C | Throttling: None - None - None - None - None - None - None - None
692 (760862 Gflops/s) - 681 (748767 Gflops/s) - 676 (743269 Gflops/s) - 687 (755364 Gflops/s) - 671 (737772 Gflops/s) - 683 (750966 Gflops/s) - 686 (754264 Gflops/s) - 669 (735573 Gflops/s) | Temperatures: 60°C - 61°C - 72°C - 68°C - 63°C - 60°C - 71°C - 73°C | Throttling: None - None - None - None - None - None - None - None
693 (761961 Gflops/s) - 680 (747667 Gflops/s) - 675 (742170 Gflops/s) - 686 (754264 Gflops/s) - 670 (736672 Gflops/s) - 682 (749866 Gflops/s) - 685 (753165 Gflops/s) - 669 (735573 Gflops/s) | Temperatures: 60°C - 61°C - 72°C - 68°C - 63°C - 60°C - 71°C - 73°C | Throttling: None - None - None - None - None - None - None - None
693 (761961 Gflops/s) - 680 (747667 Gflops/s) - 674 (741070 Gflops/s) - 687 (755364 Gflops/s) - 670 (736672 Gflops/s) - 683 (750966 Gflops/s) - 687 (755364 Gflops/s) - 683 (750966 Gflops/s) | Temperatures: 60°C - 61°C - 72°C - 68°C - 63°C - 60°C - 71°C - 73°C | Throttling: None - None - None - None - None - None - None - None
694 (763061 Gflops/s) - 681 (748767 Gflops/s) - 676 (743269 Gflops/s) - 687 (755364 Gflops/s) - 671 (737772 Gflops/s) - 683 (750966 Gflops/s) - 686 (754264 Gflops/s) - 656 (721279 Gflops/s) | Temperatures: 60°C - 61°C - 72°C - 68°C - 63°C - 60°C - 71°C - 73°C | Throttling: None - None - None - None - None - None - None - None
693 (761961 Gflops/s) - 681 (748767 Gflops/s) - 674 (741070 Gflops/s) - 687 (755364 Gflops/s) - 671 (737772 Gflops/s) - 683 (750966 Gflops/s) - 686 (754264 Gflops/s) - 668 (734473 Gflops/s) | Temperatures: 60°C - 61°C - 72°C - 68°C - 63°C - 60°C - 71°C - 73°C | Throttling: None - None - None - None - None - None - None - None
692 (760862 Gflops/s) - 680 (747667 Gflops/s) - 675 (742170 Gflops/s) - 687 (755364 Gflops/s) - 670 (736672 Gflops/s) - 682 (749866 Gflops/s) - 685 (753165 Gflops/s) - 669 (735573 Gflops/s) | Temperatures: 60°C - 61°C - 72°C - 68°C - 63°C - 60°C - 71°C - 73°C | Throttling: None - None - None - None - None - None - None - None
693 (761961 Gflops/s) - 681 (748767 Gflops/s) - 675 (742170 Gflops/s) - 687 (755364 Gflops/s) - 672 (738871 Gflops/s) - 683 (750966 Gflops/s) - 686 (754264 Gflops/s) - 668 (734473 Gflops/s) | Temperatures: 60°C - 61°C - 72°C - 68°C - 63°C - 60°C - 71°C - 73°C | Throttling: None - None - None - None - None - None - None - None
693 (761961 Gflops/s) - 681 (748767 Gflops/s) - 675 (742170 Gflops/s) - 687 (755364 Gflops/s) - 671 (737772 Gflops/s) - 684 (752065 Gflops/s) - 686 (754264 Gflops/s) - 669 (735573 Gflops/s) | Temperatures: 60°C - 61°C - 72°C - 68°C - 63°C - 60°C - 71°C - 73°C | Throttling: None - None - None - None - None - None - None - None
705 (775155 Gflops/s) - 680 (747667 Gflops/s) - 674 (741070 Gflops/s) - 686 (754264 Gflops/s) - 671 (737772 Gflops/s) - 683 (750966 Gflops/s) - 685 (753165 Gflops/s) - 668 (734473 Gflops/s) | Temperatures: 60°C - 61°C - 72°C - 68°C - 63°C - 60°C - 71°C - 73°C | Throttling: None - None - None - None - None - None - None - None
680 (747667 Gflops/s) - 681 (748767 Gflops/s) - 675 (742170 Gflops/s) - 688 (756463 Gflops/s) - 671 (737772 Gflops/s) - 694 (763061 Gflops/s) - 686 (754264 Gflops/s) - 669 (735573 Gflops/s) | Temperatures: 60°C - 61°C - 72°C - 68°C - 63°C - 60°C - 71°C - 73°C | Throttling: None - None - None - None - None - None - None - None
693 (761961 Gflops/s) - 680 (747667 Gflops/s) - 676 (743269 Gflops/s) - 687 (755364 Gflops/s) - 672 (738871 Gflops/s) - 672 (738871 Gflops/s) - 685 (753165 Gflops/s) - 670 (736672 Gflops/s) | Temperatures: 60°C - 61°C - 72°C - 68°C - 63°C - 60°C - 71°C - 73°C | Throttling: None - None - None - None - None - None - None - None
693 (761961 Gflops/s) - 681 (748767 Gflops/s) - 674 (741070 Gflops/s) - 687 (755364 Gflops/s) - 671 (737772 Gflops/s) - 683 (750966 Gflops/s) - 686 (754264 Gflops/s) - 669 (735573 Gflops/s) | Temperatures: 60°C - 61°C - 72°C - 68°C - 63°C - 60°C - 71°C - 73°C | Throttling: None - None - None - None - None - None - None - None
693 (761961 Gflops/s) - 680 (747667 Gflops/s) - 675 (742170 Gflops/s) - 686 (754264 Gflops/s) - 671 (737772 Gflops/s) - 683 (750966 Gflops/s) - 685 (753165 Gflops/s) - 668 (734473 Gflops/s) | Temperatures: 60°C - 61°C - 72°C - 68°C - 63°C - 60°C - 71°C - 73°C | Throttling: None - None - None - None - None - None - None - None
693 (761961 Gflops/s) - 681 (748767 Gflops/s) - 675 (742170 Gflops/s) - 687 (755364 Gflops/s) - 672 (738871 Gflops/s) - 683 (750966 Gflops/s) - 686 (754264 Gflops/s) - 668 (734473 Gflops/s) | Temperatures: 60°C - 61°C - 72°C - 68°C - 63°C - 60°C - 71°C - 73°C | Throttling: None - None - None - None - None - None - None - None
693 (761961 Gflops/s) - 681 (748767 Gflops/s) - 675 (742170 Gflops/s) - 688 (756463 Gflops/s) - 671 (737772 Gflops/s) - 683 (750966 Gflops/s) - 685 (753165 Gflops/s) - 669 (735573 Gflops/s) | Temperatures: 60°C - 61°C - 72°C - 68°C - 63°C - 60°C - 71°C - 73°C | Throttling: None - None - None - None - None - None - None - None
692 (760862 Gflops/s) - 680 (747667 Gflops/s) - 674 (741070 Gflops/s) - 686 (754264 Gflops/s) - 674 (741070 Gflops/s) - 682 (749866 Gflops/s) - 685 (753165 Gflops/s) - 668 (734473 Gflops/s) | Temperatures: 60°C - 61°C - 72°C - 68°C - 63°C - 60°C - 71°C - 73°C | Throttling: None - None - None - None - None - None - None - None
694 (763061 Gflops/s) - 680 (747667 Gflops/s) - 675 (742170 Gflops/s) - 687 (755364 Gflops/s) - 668 (734473 Gflops/s) - 683 (750966 Gflops/s) - 686 (754264 Gflops/s) - 669 (735573 Gflops/s) | Temperatures: 60°C - 61°C - 72°C - 68°C - 63°C - 60°C - 71°C - 73°C | Throttling: None - None - None - None - None - None - None - None
692 (760862 Gflops/s) - 681 (748767 Gflops/s) - 675 (742170 Gflops/s) - 687 (755364 Gflops/s) - 671 (737772 Gflops/s) - 682 (749866 Gflops/s) - 687 (755364 Gflops/s) - 668 (734473 Gflops/s) | Temperatures: 60°C - 61°C - 72°C - 68°C - 63°C - 60°C - 71°C - 73°C | Throttling: None - None - None - None - None - None - None - None
694 (763061 Gflops/s) - 682 (749866 Gflops/s) - 675 (742170 Gflops/s) - 687 (755364 Gflops/s) - 671 (737772 Gflops/s) - 683 (750966 Gflops/s) - 685 (753165 Gflops/s) - 669 (735573 Gflops/s) | Temperatures: 60°C - 61°C - 72°C - 68°C - 63°C - 60°C - 71°C - 73°C | Throttling: None - None - None - None - None - None - None - None
703 (772956 Gflops/s) - 680 (747667 Gflops/s) - 675 (742170 Gflops/s) - 686 (754264 Gflops/s) - 670 (736672 Gflops/s) - 682 (749866 Gflops/s) - 685 (753165 Gflops/s) - 668 (734473 Gflops/s) | Temperatures: 60°C - 61°C - 72°C - 68°C - 63°C - 60°C - 71°C - 73°C | Throttling: None - None - None - None - None - None - None - None
682 (749866 Gflops/s) - 681 (748767 Gflops/s) - 674 (741070 Gflops/s) - 687 (755364 Gflops/s) - 671 (737772 Gflops/s) - 684 (752065 Gflops/s) - 686 (754264 Gflops/s) - 668 (734473 Gflops/s) | Temperatures: 60°C - 61°C - 72°C - 68°C - 63°C - 60°C - 71°C - 73°C | Throttling: None - None - None - None - None - None - None - None
693 (761961 Gflops/s) - 681 (748767 Gflops/s) - 674 (741070 Gflops/s) - 687 (755364 Gflops/s) - 672 (738871 Gflops/s) - 682 (749866 Gflops/s) - 685 (753165 Gflops/s) - 669 (735573 Gflops/s) | Temperatures: 60°C - 61°C - 72°C - 68°C - 63°C - 60°C - 71°C - 73°C | Throttling: None - None - None - None - None - None - None - None
693 (761961 Gflops/s) - 681 (748767 Gflops/s) - 675 (742170 Gflops/s) - 687 (755364 Gflops/s) - 671 (737772 Gflops/s) - 683 (750966 Gflops/s) - 686 (754264 Gflops/s) - 668 (734473 Gflops/s) | Temperatures: 60°C - 61°C - 72°C - 68°C - 63°C - 60°C - 71°C - 73°C | Throttling: None - None - None - None - None - None - None - None
692 (760862 Gflops/s) - 680 (747667 Gflops/s) - 674 (741070 Gflops/s) - 687 (755364 Gflops/s) - 670 (736672 Gflops/s) - 682 (749866 Gflops/s) - 685 (753165 Gflops/s) - 668 (734473 Gflops/s) | Temperatures: 60°C - 61°C - 72°C - 68°C - 62°C - 60°C - 71°C - 73°C | Throttling: None - None - None - None - None - None - None - None
693 (761961 Gflops/s) - 681 (748767 Gflops/s) - 676 (743269 Gflops/s) - 686 (754264 Gflops/s) - 671 (737772 Gflops/s) - 683 (750966 Gflops/s) - 685 (753165 Gflops/s) - 669 (735573 Gflops/s) | Temperatures: 60°C - 61°C - 72°C - 68°C - 63°C - 60°C - 71°C - 73°C | Throttling: None - None - None - None - None - None - None - None
693 (761961 Gflops/s) - 681 (748767 Gflops/s) - 675 (742170 Gflops/s) - 687 (755364 Gflops/s) - 671 (737772 Gflops/s) - 684 (752065 Gflops/s) - 687 (755364 Gflops/s) - 668 (734473 Gflops/s) | Temperatures: 60°C - 61°C - 72°C - 68°C - 63°C - 60°C - 71°C - 73°C | Throttling: None - None - None - None - None - None - None - None
693 (761961 Gflops/s) - 680 (747667 Gflops/s) - 675 (742170 Gflops/s) - 687 (755364 Gflops/s) - 671 (737772 Gflops/s) - 682 (749866 Gflops/s) - 685 (753165 Gflops/s) - 669 (735573 Gflops/s) | Temperatures: 60°C - 61°C - 72°C - 68°C - 63°C - 60°C - 71°C - 73°C | Throttling: None - None - None - None - None - None - None - None
693 (761961 Gflops/s) - 681 (748767 Gflops/s) - 674 (741070 Gflops/s) - 687 (755364 Gflops/s) - 670 (736672 Gflops/s) - 682 (749866 Gflops/s) - 684 (752065 Gflops/s) - 668 (734473 Gflops/s) | Temperatures: 60°C - 61°C - 72°C - 68°C - 63°C - 60°C - 71°C - 73°C | Throttling: None - None - None - None - None - None - None - None
693 (761961 Gflops/s) - 681 (748767 Gflops/s) - 674 (741070 Gflops/s) - 686 (754264 Gflops/s) - 671 (737772 Gflops/s) - 683 (750966 Gflops/s) - 686 (754264 Gflops/s) - 669 (735573 Gflops/s) | Temperatures: 60°C - 61°C - 72°C - 68°C - 62°C - 60°C - 71°C - 73°C | Throttling: None - None - None - None - None - None - None - None
693 (761961 Gflops/s) - 680 (747667 Gflops/s) - 674 (741070 Gflops/s) - 687 (755364 Gflops/s) - 671 (737772 Gflops/s) - 683 (750966 Gflops/s) - 685 (753165 Gflops/s) - 668 (734473 Gflops/s) | Temperatures: 60°C - 61°C - 72°C - 68°C - 63°C - 60°C - 71°C - 73°C | Throttling: None - None - None - None - None - None - None - None
702 (771857 Gflops/s) - 680 (747667 Gflops/s) - 674 (741070 Gflops/s) - 687 (755364 Gflops/s) - 670 (736672 Gflops/s) - 682 (749866 Gflops/s) - 685 (753165 Gflops/s) - 668 (734473 Gflops/s) | Temperatures: 60°C - 61°C - 72°C - 68°C - 63°C - 60°C - 71°C - 73°C | Throttling: None - None - None - None - None - None - None - None
683 (750966 Gflops/s) - 681 (748767 Gflops/s) - 676 (743269 Gflops/s) - 687 (755364 Gflops/s) - 671 (737772 Gflops/s) - 683 (750966 Gflops/s) - 685 (753165 Gflops/s) - 669 (735573 Gflops/s) | Temperatures: 60°C - 61°C - 72°C - 68°C - 63°C - 60°C - 71°C - 73°C | Throttling: None - None - None - None - None - None - None - None
692 (760862 Gflops/s) - 681 (748767 Gflops/s) - 674 (741070 Gflops/s) - 687 (755364 Gflops/s) - 671 (737772 Gflops/s) - 683 (750966 Gflops/s) - 686 (754264 Gflops/s) - 668 (734473 Gflops/s) | Temperatures: 60°C - 61°C - 72°C - 68°C - 63°C - 60°C - 71°C - 73°C | Throttling: None - None - None - None - None - None - None - None
694 (763061 Gflops/s) - 680 (747667 Gflops/s) - 675 (742170 Gflops/s) - 688 (756463 Gflops/s) - 671 (737772 Gflops/s) - 683 (750966 Gflops/s) - 685 (753165 Gflops/s) - 669 (735573 Gflops/s) | Temperatures: 60°C - 61°C - 72°C - 68°C - 62°C - 60°C - 71°C - 73°C | Throttling: None - None - None - None - None - None - None - None
692 (760862 Gflops/s) - 680 (747667 Gflops/s) - 674 (741070 Gflops/s) - 686 (754264 Gflops/s) - 670 (736672 Gflops/s) - 683 (750966 Gflops/s) - 685 (753165 Gflops/s) - 668 (734473 Gflops/s) | Temperatures: 59°C - 61°C - 72°C - 68°C - 63°C - 60°C - 71°C - 73°C | Throttling: None - None - None - None - None - None - None - None
693 (761961 Gflops/s) - 680 (747667 Gflops/s) - 675 (742170 Gflops/s) - 687 (755364 Gflops/s) - 672 (738871 Gflops/s) - 682 (749866 Gflops/s) - 692 (760862 Gflops/s) - 668 (734473 Gflops/s) | Temperatures: 60°C - 61°C - 72°C - 68°C - 63°C - 60°C - 71°C - 73°C | Throttling: None - None - None - None - None - None - None - None
694 (763061 Gflops/s) - 681 (748767 Gflops/s) - 673 (739971 Gflops/s) - 688 (756463 Gflops/s) - 670 (736672 Gflops/s) - 683 (750966 Gflops/s) - 679 (746568 Gflops/s) - 669 (735573 Gflops/s) | Temperatures: 59°C - 61°C - 72°C - 68°C - 62°C - 60°C - 71°C - 73°C | Throttling: None - None - None - None - None - None - None - None
693 (761961 Gflops/s) - 681 (748767 Gflops/s) - 675 (742170 Gflops/s) - 687 (755364 Gflops/s) - 671 (737772 Gflops/s) - 683 (750966 Gflops/s) - 685 (753165 Gflops/s) - 668 (734473 Gflops/s) | Temperatures: 60°C - 61°C - 72°C - 68°C - 63°C - 60°C - 71°C - 73°C | Throttling: None - None - None - None - None - None - None - None
692 (760862 Gflops/s) - 680 (747667 Gflops/s) - 674 (741070 Gflops/s) - 686 (754264 Gflops/s) - 671 (737772 Gflops/s) - 682 (749866 Gflops/s) - 685 (753165 Gflops/s) - 668 (734473 Gflops/s) | Temperatures: 60°C - 61°C - 72°C - 68°C - 63°C - 60°C - 71°C - 73°C | Throttling: None - None - None - None - None - None - None - None
694 (763061 Gflops/s) - 680 (747667 Gflops/s) - 675 (742170 Gflops/s) - 687 (755364 Gflops/s) - 672 (738871 Gflops/s) - 683 (750966 Gflops/s) - 686 (754264 Gflops/s) - 669 (735573 Gflops/s) | Temperatures: 60°C - 61°C - 72°C - 68°C - 63°C - 60°C - 71°C - 73°C | Throttling: None - None - None - None - None - None - None - None
693 (761961 Gflops/s) - 681 (748767 Gflops/s) - 681 (748767 Gflops/s) - 687 (755364 Gflops/s) - 670 (736672 Gflops/s) - 682 (749866 Gflops/s) - 685 (753165 Gflops/s) - 668 (734473 Gflops/s) | Temperatures: 60°C - 61°C - 72°C - 68°C - 62°C - 60°C - 71°C - 73°C | Throttling: None - None - None - None - None - None - None - None
700 (769658 Gflops/s) - 681 (748767 Gflops/s) - 668 (734473 Gflops/s) - 687 (755364 Gflops/s) - 672 (738871 Gflops/s) - 682 (749866 Gflops/s) - 685 (753165 Gflops/s) - 669 (735573 Gflops/s) | Temperatures: 60°C - 61°C - 72°C - 68°C - 62°C - 60°C - 71°C - 73°C | Throttling: None - None - None - None - None - None - None - None
686 (754264 Gflops/s) - 679 (746568 Gflops/s) - 674 (741070 Gflops/s) - 687 (755364 Gflops/s) - 671 (737772 Gflops/s) - 682 (749866 Gflops/s) - 685 (753165 Gflops/s) - 668 (734473 Gflops/s) | Temperatures: 60°C - 61°C - 72°C - 68°C - 62°C - 60°C - 71°C - 73°C | Throttling: None - None - None - None - None - None - None - None
693 (761961 Gflops/s) - 681 (748767 Gflops/s) - 674 (741070 Gflops/s) - 687 (755364 Gflops/s) - 671 (737772 Gflops/s) - 683 (750966 Gflops/s) - 685 (753165 Gflops/s) - 668 (734473 Gflops/s) | Temperatures: 60°C - 61°C - 72°C - 68°C - 62°C - 60°C - 71°C - 73°C | Throttling: None - None - None - None - None - None - None - None
693 (761961 Gflops/s) - 680 (747667 Gflops/s) - 675 (742170 Gflops/s) - 687 (755364 Gflops/s) - 670 (736672 Gflops/s) - 683 (750966 Gflops/s) - 686 (754264 Gflops/s) - 669 (735573 Gflops/s) | Temperatures: 60°C - 61°C - 72°C - 68°C - 62°C - 60°C - 71°C - 73°C | Throttling: None - None - None - None - None - None - None - None
693 (761961 Gflops/s) - 680 (747667 Gflops/s) - 674 (741070 Gflops/s) - 687 (755364 Gflops/s) - 671 (737772 Gflops/s) - 682 (749866 Gflops/s) - 697 (766359 Gflops/s) - 669 (735573 Gflops/s) | Temperatures: 60°C - 61°C - 72°C - 68°C - 62°C - 60°C - 71°C - 73°C | Throttling: None - None - None - None - None - None - None - None
693 (761961 Gflops/s) - 680 (747667 Gflops/s) - 674 (741070 Gflops/s) - 698 (767459 Gflops/s) - 671 (737772 Gflops/s) - 683 (750966 Gflops/s) - 672 (738871 Gflops/s) - 667 (733374 Gflops/s) | Temperatures: 60°C - 61°C - 72°C - 68°C - 62°C - 60°C - 71°C - 73°C | Throttling: None - None - None - None - None - None - None - None
693 (761961 Gflops/s) - 680 (747667 Gflops/s) - 674 (741070 Gflops/s) - 676 (743269 Gflops/s) - 671 (737772 Gflops/s) - 683 (750966 Gflops/s) - 685 (753165 Gflops/s) - 669 (735573 Gflops/s) | Temperatures: 60°C - 61°C - 72°C - 68°C - 63°C - 60°C - 71°C - 73°C | Throttling: None - None - None - None - None - None - None - None
693 (761961 Gflops/s) - 681 (748767 Gflops/s) - 675 (742170 Gflops/s) - 687 (755364 Gflops/s) - 671 (737772 Gflops/s) - 682 (749866 Gflops/s) - 686 (754264 Gflops/s) - 669 (735573 Gflops/s) | Temperatures: 60°C - 61°C - 72°C - 68°C - 63°C - 60°C - 71°C - 73°C | Throttling: None - None - None - None - None - None - None - None
692 (760862 Gflops/s) - 680 (747667 Gflops/s) - 674 (741070 Gflops/s) - 688 (756463 Gflops/s) - 672 (738871 Gflops/s) - 682 (749866 Gflops/s) - 685 (753165 Gflops/s) - 668 (734473 Gflops/s) | Temperatures: 60°C - 61°C - 72°C - 68°C - 62°C - 60°C - 71°C - 73°C | Throttling: None - None - None - None - None - None - None - None
692 (760862 Gflops/s) - 680 (747667 Gflops/s) - 674 (741070 Gflops/s) - 687 (755364 Gflops/s) - 671 (737772 Gflops/s) - 683 (750966 Gflops/s) - 685 (753165 Gflops/s) - 668 (734473 Gflops/s) | Temperatures: 60°C - 61°C - 72°C - 68°C - 63°C - 60°C - 71°C - 73°C | Throttling: None - None - None - None - None - None - None - None
693 (761961 Gflops/s) - 680 (747667 Gflops/s) - 675 (742170 Gflops/s) - 687 (755364 Gflops/s) - 671 (737772 Gflops/s) - 682 (749866 Gflops/s) - 685 (753165 Gflops/s) - 669 (735573 Gflops/s) | Temperatures: 60°C - 61°C - 72°C - 68°C - 62°C - 60°C - 71°C - 73°C | Throttling: None - None - None - None - None - None - None - None
699 (768558 Gflops/s) - 681 (748767 Gflops/s) - 675 (742170 Gflops/s) - 688 (756463 Gflops/s) - 671 (737772 Gflops/s) - 683 (750966 Gflops/s) - 685 (753165 Gflops/s) - 668 (734473 Gflops/s) | Temperatures: 60°C - 61°C - 72°C - 68°C - 62°C - 60°C - 71°C - 73°C | Throttling: None - None - None - None - None - None - None - None
685 (753165 Gflops/s) - 679 (746568 Gflops/s) - 673 (739971 Gflops/s) - 686 (754264 Gflops/s) - 670 (736672 Gflops/s) - 682 (749866 Gflops/s) - 685 (753165 Gflops/s) - 668 (734473 Gflops/s) | Temperatures: 60°C - 61°C - 72°C - 68°C - 62°C - 60°C - 71°C - 73°C | Throttling: None - None - None - None - None - None - None - None
694 (763061 Gflops/s) - 680 (747667 Gflops/s) - 675 (742170 Gflops/s) - 687 (755364 Gflops/s) - 671 (737772 Gflops/s) - 683 (750966 Gflops/s) - 685 (753165 Gflops/s) - 669 (735573 Gflops/s) | Temperatures: 60°C - 61°C - 72°C - 68°C - 62°C - 60°C - 71°C - 73°C | Throttling: None - None - None - None - None - None - None - None
692 (760862 Gflops/s) - 681 (748767 Gflops/s) - 675 (742170 Gflops/s) - 688 (756463 Gflops/s) - 671 (737772 Gflops/s) - 682 (749866 Gflops/s) - 686 (754264 Gflops/s) - 668 (734473 Gflops/s) | Temperatures: 60°C - 61°C - 72°C - 68°C - 63°C - 60°C - 71°C - 73°C | Throttling: None - None - None - None - None - None - None - None
693 (761961 Gflops/s) - 680 (747667 Gflops/s) - 674 (741070 Gflops/s) - 687 (755364 Gflops/s) - 671 (737772 Gflops/s) - 683 (750966 Gflops/s) - 685 (753165 Gflops/s) - 669 (735573 Gflops/s) | Temperatures: 60°C - 61°C - 72°C - 68°C - 63°C - 60°C - 71°C - 73°C | Throttling: None - None - None - None - None - None - None - None
692 (760862 Gflops/s) - 679 (746568 Gflops/s) - 674 (741070 Gflops/s) - 687 (755364 Gflops/s) - 671 (737772 Gflops/s) - 693 (761961 Gflops/s) - 684 (752065 Gflops/s) - 668 (734473 Gflops/s) | Temperatures: 60°C - 61°C - 72°C - 68°C - 63°C - 60°C - 71°C - 73°C | Throttling: None - None - None - None - None - None - None - None
692 (760862 Gflops/s) - 681 (748767 Gflops/s) - 674 (741070 Gflops/s) - 687 (755364 Gflops/s) - 671 (737772 Gflops/s) - 671 (737772 Gflops/s) - 686 (754264 Gflops/s) - 669 (735573 Gflops/s) | Temperatures: 60°C - 61°C - 72°C - 68°C - 63°C - 60°C - 71°C - 73°C | Throttling: None - None - None - None - None - None - None - None
693 (761961 Gflops/s) - 679 (746568 Gflops/s) - 675 (742170 Gflops/s) - 688 (756463 Gflops/s) - 671 (737772 Gflops/s) - 682 (749866 Gflops/s) - 685 (753165 Gflops/s) - 679 (746568 Gflops/s) | Temperatures: 60°C - 61°C - 72°C - 68°C - 62°C - 60°C - 71°C - 73°C | Throttling: None - None - None - None - None - None - None - None
693 (761961 Gflops/s) - 680 (747667 Gflops/s) - 675 (742170 Gflops/s) - 687 (755364 Gflops/s) - 671 (737772 Gflops/s) - 683 (750966 Gflops/s) - 685 (753165 Gflops/s) - 658 (723478 Gflops/s) | Temperatures: 60°C - 61°C - 72°C - 68°C - 62°C - 60°C - 71°C - 73°C | Throttling: None - None - None - None - None - None - None - None
691 (759762 Gflops/s) - 680 (747667 Gflops/s) - 674 (741070 Gflops/s) - 686 (754264 Gflops/s) - 671 (737772 Gflops/s) - 682 (749866 Gflops/s) - 685 (753165 Gflops/s) - 668 (734473 Gflops/s) | Temperatures: 60°C - 61°C - 72°C - 68°C - 63°C - 60°C - 71°C - 73°C | Throttling: None - None - None - None - None - None - None - None
693 (761961 Gflops/s) - 680 (747667 Gflops/s) - 675 (742170 Gflops/s) - 688 (756463 Gflops/s) - 671 (737772 Gflops/s) - 683 (750966 Gflops/s) - 685 (753165 Gflops/s) - 669 (735573 Gflops/s) | Temperatures: 60°C - 61°C - 72°C - 68°C - 63°C - 60°C - 71°C - 73°C | Throttling: None - None - None - None - None - None - None - None
702 (771857 Gflops/s) - 680 (747667 Gflops/s) - 674 (741070 Gflops/s) - 687 (755364 Gflops/s) - 671 (737772 Gflops/s) - 682 (749866 Gflops/s) - 685 (753165 Gflops/s) - 668 (734473 Gflops/s) | Temperatures: 60°C - 61°C - 72°C - 68°C - 63°C - 60°C - 71°C - 73°C | Throttling: None - None - None - None - None - None - None - None
684 (752065 Gflops/s) - 679 (746568 Gflops/s) - 674 (741070 Gflops/s) - 686 (754264 Gflops/s) - 671 (737772 Gflops/s) - 682 (749866 Gflops/s) - 684 (752065 Gflops/s) - 668 (734473 Gflops/s) | Temperatures: 60°C - 61°C - 72°C - 68°C - 63°C - 60°C - 71°C - 73°C | Throttling: None - None - None - None - None - None - None - None
693 (761961 Gflops/s) - 681 (748767 Gflops/s) - 675 (742170 Gflops/s) - 688 (756463 Gflops/s) - 670 (736672 Gflops/s) - 683 (750966 Gflops/s) - 685 (753165 Gflops/s) - 669 (735573 Gflops/s) | Temperatures: 60°C - 61°C - 72°C - 68°C - 63°C - 60°C - 71°C - 73°C | Throttling: None - None - None - None - None - None - None - None
693 (761961 Gflops/s) - 679 (746568 Gflops/s) - 674 (741070 Gflops/s) - 687 (755364 Gflops/s) - 671 (737772 Gflops/s) - 682 (749866 Gflops/s) - 686 (754264 Gflops/s) - 669 (735573 Gflops/s) | Temperatures: 60°C - 61°C - 72°C - 68°C - 63°C - 60°C - 71°C - 73°C | Throttling: None - None - None - None - None - None - None - None
693 (761961 Gflops/s) - 681 (748767 Gflops/s) - 675 (742170 Gflops/s) - 687 (755364 Gflops/s) - 671 (737772 Gflops/s) - 682 (749866 Gflops/s) - 684 (752065 Gflops/s) - 668 (734473 Gflops/s) | Temperatures: 60°C - 61°C - 72°C - 68°C - 62°C - 60°C - 71°C - 73°C | Throttling: None - None - None - None - None - None - None - None
693 (761961 Gflops/s) - 680 (747667 Gflops/s) - 673 (739971 Gflops/s) - 687 (755364 Gflops/s) - 671 (737772 Gflops/s) - 683 (750966 Gflops/s) - 685 (753165 Gflops/s) - 668 (734473 Gflops/s) | Temperatures: 60°C - 61°C - 72°C - 68°C - 63°C - 60°C - 71°C - 74°C | Throttling: None - None - None - None - None - None - None - None
693 (761961 Gflops/s) - 681 (748767 Gflops/s) - 674 (741070 Gflops/s) - 687 (755364 Gflops/s) - 671 (737772 Gflops/s) - 682 (749866 Gflops/s) - 685 (753165 Gflops/s) - 669 (735573 Gflops/s) | Temperatures: 60°C - 61°C - 72°C - 68°C - 63°C - 60°C - 71°C - 73°C | Throttling: None - None - None - None - None - None - None - None
693 (761961 Gflops/s) - 680 (747667 Gflops/s) - 675 (742170 Gflops/s) - 687 (755364 Gflops/s) - 671 (737772 Gflops/s) - 683 (750966 Gflops/s) - 685 (753165 Gflops/s) - 668 (734473 Gflops/s) | Temperatures: 60°C - 61°C - 72°C - 68°C - 63°C - 60°C - 71°C - 73°C | Throttling: None - None - None - None - None - None - None - None
693 (761961 Gflops/s) - 681 (748767 Gflops/s) - 674 (741070 Gflops/s) - 687 (755364 Gflops/s) - 670 (736672 Gflops/s) - 682 (749866 Gflops/s) - 685 (753165 Gflops/s) - 669 (735573 Gflops/s) | Temperatures: 60°C - 61°C - 72°C - 68°C - 63°C - 60°C - 71°C - 74°C | Throttling: None - None - None - None - None - None - None - None
693 (761961 Gflops/s) - 680 (747667 Gflops/s) - 674 (741070 Gflops/s) - 687 (755364 Gflops/s) - 671 (737772 Gflops/s) - 682 (749866 Gflops/s) - 684 (752065 Gflops/s) - 668 (734473 Gflops/s) | Temperatures: 60°C - 61°C - 72°C - 68°C - 63°C - 60°C - 71°C - 74°C | Throttling: None - None - None - None - None - None - None - None
693 (761961 Gflops/s) - 679 (746568 Gflops/s) - 674 (741070 Gflops/s) - 688 (756463 Gflops/s) - 671 (737772 Gflops/s) - 682 (749866 Gflops/s) - 685 (753165 Gflops/s) - 669 (735573 Gflops/s) | Temperatures: 60°C - 61°C - 72°C - 68°C - 62°C - 60°C - 71°C - 74°C | Throttling: None - None - None - None - None - None - None - None
699 (768558 Gflops/s) - 681 (748767 Gflops/s) - 674 (741070 Gflops/s) - 687 (755364 Gflops/s) - 670 (736672 Gflops/s) - 683 (750966 Gflops/s) - 685 (753165 Gflops/s) - 668 (734473 Gflops/s) | Temperatures: 60°C - 61°C - 72°C - 68°C - 63°C - 60°C - 71°C - 74°C | Throttling: None - None - None - None - None - None - None - None
687 (755364 Gflops/s) - 680 (747667 Gflops/s) - 674 (741070 Gflops/s) - 687 (755364 Gflops/s) - 672 (738871 Gflops/s) - 683 (750966 Gflops/s) - 685 (753165 Gflops/s) - 669 (735573 Gflops/s) | Temperatures: 60°C - 61°C - 72°C - 68°C - 63°C - 60°C - 71°C - 74°C | Throttling: None - None - None - None - None - None - None - None
692 (760862 Gflops/s) - 680 (747667 Gflops/s) - 674 (741070 Gflops/s) - 687 (755364 Gflops/s) - 669 (735573 Gflops/s) - 682 (749866 Gflops/s) - 684 (752065 Gflops/s) - 668 (734473 Gflops/s) | Temperatures: 60°C - 61°C - 72°C - 68°C - 63°C - 60°C - 71°C - 74°C | Throttling: None - None - None - None - None - None - None - None
693 (761961 Gflops/s) - 681 (748767 Gflops/s) - 674 (741070 Gflops/s) - 687 (755364 Gflops/s) - 672 (738871 Gflops/s) - 682 (749866 Gflops/s) - 685 (753165 Gflops/s) - 669 (735573 Gflops/s) | Temperatures: 60°C - 61°C - 72°C - 68°C - 63°C - 60°C - 71°C - 74°C | Throttling: None - None - None - None - None - None - None - None
694 (763061 Gflops/s) - 681 (748767 Gflops/s) - 675 (742170 Gflops/s) - 687 (755364 Gflops/s) - 670 (736672 Gflops/s) - 682 (749866 Gflops/s) - 685 (753165 Gflops/s) - 668 (734473 Gflops/s) | Temperatures: 60°C - 61°C - 72°C - 68°C - 63°C - 60°C - 71°C - 74°C | Throttling: None - None - None - None - None - None - None - None
693 (761961 Gflops/s) - 680 (747667 Gflops/s) - 674 (741070 Gflops/s) - 687 (755364 Gflops/s) - 671 (737772 Gflops/s) - 683 (750966 Gflops/s) - 684 (752065 Gflops/s) - 669 (735573 Gflops/s) | Temperatures: 60°C - 61°C - 72°C - 68°C - 63°C - 60°C - 71°C - 74°C | Throttling: None - None - None - None - None - None - None - None
691 (759762 Gflops/s) - 679 (746568 Gflops/s) - 674 (741070 Gflops/s) - 686 (754264 Gflops/s) - 671 (737772 Gflops/s) - 682 (749866 Gflops/s) - 684 (752065 Gflops/s) - 668 (734473 Gflops/s) | Temperatures: 60°C - 61°C - 72°C - 68°C - 63°C - 60°C - 71°C - 74°C | Throttling: None - None - None - None - None - None - None - None
693 (761961 Gflops/s) - 681 (748767 Gflops/s) - 675 (742170 Gflops/s) - 688 (756463 Gflops/s) - 671 (737772 Gflops/s) - 683 (750966 Gflops/s) - 686 (754264 Gflops/s) - 668 (734473 Gflops/s) | Temperatures: 60°C - 61°C - 72°C - 68°C - 63°C - 60°C - 71°C - 74°C | Throttling: None - None - None - None - None - None - None - None
692 (760862 Gflops/s) - 680 (747667 Gflops/s) - 675 (742170 Gflops/s) - 687 (755364 Gflops/s) - 683 (750966 Gflops/s) - 682 (749866 Gflops/s) - 685 (753165 Gflops/s) - 669 (735573 Gflops/s) | Temperatures: 60°C - 61°C - 72°C - 68°C - 63°C - 60°C - 71°C - 74°C | Throttling: None - None - None - None - None - None - None - None
693 (761961 Gflops/s) - 680 (747667 Gflops/s) - 673 (739971 Gflops/s) - 687 (755364 Gflops/s) - 659 (724578 Gflops/s) - 683 (750966 Gflops/s) - 684 (752065 Gflops/s) - 668 (734473 Gflops/s) | Temperatures: 60°C - 61°C - 72°C - 68°C - 62°C - 60°C - 71°C - 74°C | Throttling: None - None - None - None - None - None - None - None
691 (759762 Gflops/s) - 680 (747667 Gflops/s) - 674 (741070 Gflops/s) - 686 (754264 Gflops/s) - 670 (736672 Gflops/s) - 681 (748767 Gflops/s) - 684 (752065 Gflops/s) - 668 (734473 Gflops/s) | Temperatures: 60°C - 61°C - 72°C - 68°C - 62°C - 60°C - 71°C - 74°C | Throttling: None - None - None - None - None - None - None - None
701 (770757 Gflops/s) - 680 (747667 Gflops/s) - 674 (741070 Gflops/s) - 687 (755364 Gflops/s) - 671 (737772 Gflops/s) - 683 (750966 Gflops/s) - 685 (753165 Gflops/s) - 669 (735573 Gflops/s) | Temperatures: 60°C - 61°C - 72°C - 68°C - 63°C - 60°C - 71°C - 74°C | Throttling: None - None - None - None - None - None - None - None
685 (753165 Gflops/s) - 680 (747667 Gflops/s) - 673 (739971 Gflops/s) - 688 (756463 Gflops/s) - 671 (737772 Gflops/s) - 683 (750966 Gflops/s) - 685 (753165 Gflops/s) - 669 (735573 Gflops/s) | Temperatures: 60°C - 61°C - 72°C - 68°C - 63°C - 60°C - 71°C - 74°C | Throttling: None - None - None - None - None - None - None - None
693 (761961 Gflops/s) - 680 (747667 Gflops/s) - 674 (741070 Gflops/s) - 687 (755364 Gflops/s) - 671 (737772 Gflops/s) - 682 (749866 Gflops/s) - 685 (753165 Gflops/s) - 668 (734473 Gflops/s) | Temperatures: 60°C - 61°C - 72°C - 68°C - 62°C - 60°C - 71°C - 74°C | Throttling: None - None - None - None - None - None - None - None
693 (761961 Gflops/s) - 680 (747667 Gflops/s) - 674 (741070 Gflops/s) - 686 (754264 Gflops/s) - 670 (736672 Gflops/s) - 682 (749866 Gflops/s) - 683 (750966 Gflops/s) - 668 (734473 Gflops/s) | Temperatures: 60°C - 61°C - 72°C - 68°C - 62°C - 60°C - 71°C - 74°C | Throttling: None - None - None - None - None - None - None - None
693 (761961 Gflops/s) - 681 (748767 Gflops/s) - 674 (741070 Gflops/s) - 687 (755364 Gflops/s) - 671 (737772 Gflops/s) - 682 (749866 Gflops/s) - 685 (753165 Gflops/s) - 669 (735573 Gflops/s) | Temperatures: 60°C - 61°C - 72°C - 68°C - 62°C - 60°C - 71°C - 74°C | Throttling: None - None - None - None - None - None - None - None
693 (761961 Gflops/s) - 680 (747667 Gflops/s) - 674 (741070 Gflops/s) - 687 (755364 Gflops/s) - 671 (737772 Gflops/s) - 682 (749866 Gflops/s) - 685 (753165 Gflops/s) - 668 (734473 Gflops/s) | Temperatures: 60°C - 61°C - 72°C - 68°C - 63°C - 60°C - 71°C - 74°C | Throttling: None - None - None - None - None - None - None - None
692 (760862 Gflops/s) - 681 (748767 Gflops/s) - 674 (741070 Gflops/s) - 687 (755364 Gflops/s) - 671 (737772 Gflops/s) - 682 (749866 Gflops/s) - 684 (752065 Gflops/s) - 669 (735573 Gflops/s) | Temperatures: 60°C - 61°C - 72°C - 68°C - 62°C - 60°C - 71°C - 74°C | Throttling: None - None - None - None - None - None - None - None
693 (761961 Gflops/s) - 681 (748767 Gflops/s) - 674 (741070 Gflops/s) - 687 (755364 Gflops/s) - 671 (737772 Gflops/s) - 682 (749866 Gflops/s) - 684 (752065 Gflops/s) - 668 (734473 Gflops/s) | Temperatures: 60°C - 61°C - 72°C - 68°C - 63°C - 60°C - 71°C - 74°C | Throttling: None - None - None - None - None - None - None - None
693 (761961 Gflops/s) - 680 (747667 Gflops/s) - 674 (741070 Gflops/s) - 687 (755364 Gflops/s) - 671 (737772 Gflops/s) - 682 (749866 Gflops/s) - 685 (753165 Gflops/s) - 668 (734473 Gflops/s) | Temperatures: 60°C - 61°C - 72°C - 68°C - 62°C - 60°C - 71°C - 74°C | Throttling: None - None - None - None - None - None - None - None
693 (761961 Gflops/s) - 680 (747667 Gflops/s) - 674 (741070 Gflops/s) - 687 (755364 Gflops/s) - 671 (737772 Gflops/s) - 683 (750966 Gflops/s) - 685 (753165 Gflops/s) - 669 (735573 Gflops/s) | Temperatures: 60°C - 61°C - 72°C - 68°C - 63°C - 60°C - 71°C - 74°C | Throttling: None - None - None - None - None - None - None - None
692 (760862 Gflops/s) - 681 (748767 Gflops/s) - 674 (741070 Gflops/s) - 687 (755364 Gflops/s) - 671 (737772 Gflops/s) - 682 (749866 Gflops/s) - 685 (753165 Gflops/s) - 669 (735573 Gflops/s) | Temperatures: 60°C - 61°C - 72°C - 68°C - 62°C - 60°C - 71°C - 74°C | Throttling: None - None - None - None - None - None - None - None
700 (769658 Gflops/s) - 679 (746568 Gflops/s) - 673 (739971 Gflops/s) - 687 (755364 Gflops/s) - 671 (737772 Gflops/s) - 681 (748767 Gflops/s) - 685 (753165 Gflops/s) - 668 (734473 Gflops/s) | Temperatures: 60°C - 61°C - 72°C - 68°C - 63°C - 60°C - 71°C - 74°C | Throttling: None - None - None - None - None - None - None - None
684 (752065 Gflops/s) - 681 (748767 Gflops/s) - 675 (742170 Gflops/s) - 687 (755364 Gflops/s) - 671 (737772 Gflops/s) - 683 (750966 Gflops/s) - 684 (752065 Gflops/s) - 668 (734473 Gflops/s) | Temperatures: 60°C - 61°C - 72°C - 68°C - 62°C - 60°C - 71°C - 74°C | Throttling: None - None - None - None - None - None - None - None
694 (763061 Gflops/s) - 680 (747667 Gflops/s) - 674 (741070 Gflops/s) - 687 (755364 Gflops/s) - 671 (737772 Gflops/s) - 682 (749866 Gflops/s) - 685 (753165 Gflops/s) - 669 (735573 Gflops/s) | Temperatures: 60°C - 61°C - 72°C - 68°C - 62°C - 60°C - 71°C - 74°C | Throttling: None - None - None - None - None - None - None - None
693 (761961 Gflops/s) - 681 (748767 Gflops/s) - 674 (741070 Gflops/s) - 687 (755364 Gflops/s) - 671 (737772 Gflops/s) - 682 (749866 Gflops/s) - 685 (753165 Gflops/s) - 668 (734473 Gflops/s) | Temperatures: 60°C - 61°C - 72°C - 68°C - 62°C - 60°C - 71°C - 74°C | Throttling: None - None - None - None - None - None - None - None
693 (761961 Gflops/s) - 680 (747667 Gflops/s) - 674 (741070 Gflops/s) - 687 (755364 Gflops/s) - 672 (738871 Gflops/s) - 682 (749866 Gflops/s) - 685 (753165 Gflops/s) - 669 (735573 Gflops/s) | Temperatures: 60°C - 61°C - 72°C - 68°C - 62°C - 60°C - 71°C - 74°C | Throttling: None - None - None - None - None - None - None - None
691 (759762 Gflops/s) - 680 (747667 Gflops/s) - 673 (739971 Gflops/s) - 686 (754264 Gflops/s) - 670 (736672 Gflops/s) - 682 (749866 Gflops/s) - 684 (752065 Gflops/s) - 668 (734473 Gflops/s) | Temperatures: 60°C - 61°C - 72°C - 68°C - 63°C - 60°C - 71°C - 74°C | Throttling: None - None - None - None - None - None - None - None
692 (760862 Gflops/s) - 680 (747667 Gflops/s) - 674 (741070 Gflops/s) - 688 (756463 Gflops/s) - 671 (737772 Gflops/s) - 683 (750966 Gflops/s) - 685 (753165 Gflops/s) - 668 (734473 Gflops/s) | Temperatures: 60°C - 61°C - 72°C - 68°C - 62°C - 60°C - 71°C - 74°C | Throttling: None - None - None - None - None - None - None - None
692 (760862 Gflops/s) - 681 (748767 Gflops/s) - 673 (739971 Gflops/s) - 687 (755364 Gflops/s) - 671 (737772 Gflops/s) - 682 (749866 Gflops/s) - 684 (752065 Gflops/s) - 669 (735573 Gflops/s) | Temperatures: 60°C - 61°C - 72°C - 68°C - 62°C - 60°C - 71°C - 74°C | Throttling: None - None - None - None - None - None - None - None
693 (761961 Gflops/s) - 681 (748767 Gflops/s) - 674 (741070 Gflops/s) - 687 (755364 Gflops/s) - 671 (737772 Gflops/s) - 683 (750966 Gflops/s) - 685 (753165 Gflops/s) - 668 (734473 Gflops/s) | Temperatures: 60°C - 61°C - 72°C - 68°C - 62°C - 60°C - 71°C - 74°C | Throttling: None - None - None - None - None - None - None - None
693 (761961 Gflops/s) - 679 (746568 Gflops/s) - 673 (739971 Gflops/s) - 687 (755364 Gflops/s) - 670 (736672 Gflops/s) - 682 (749866 Gflops/s) - 684 (752065 Gflops/s) - 668 (734473 Gflops/s) | Temperatures: 60°C - 61°C - 72°C - 68°C - 62°C - 60°C - 71°C - 74°C | Throttling: None - None - None - None - None - None - None - None
692 (760862 Gflops/s) - 680 (747667 Gflops/s) - 674 (741070 Gflops/s) - 687 (755364 Gflops/s) - 671 (737772 Gflops/s) - 682 (749866 Gflops/s) - 685 (753165 Gflops/s) - 669 (735573 Gflops/s) | Temperatures: 60°C - 61°C - 72°C - 68°C - 62°C - 60°C - 71°C - 74°C | Throttling: None - None - None - None - None - None - None - None
703 (772956 Gflops/s) - 680 (747667 Gflops/s) - 674 (741070 Gflops/s) - 698 (767459 Gflops/s) - 675 (742170 Gflops/s) - 683 (750966 Gflops/s) - 684 (752065 Gflops/s) - 668 (734473 Gflops/s) | Temperatures: 60°C - 61°C - 72°C - 68°C - 63°C - 60°C - 71°C - 74°C | Throttling: None - None - None - None - None - None - None - None
682 (749866 Gflops/s) - 680 (747667 Gflops/s) - 674 (741070 Gflops/s) - 676 (743269 Gflops/s) - 667 (733374 Gflops/s) - 682 (749866 Gflops/s) - 685 (753165 Gflops/s) - 669 (735573 Gflops/s) | Temperatures: 60°C - 61°C - 72°C - 68°C - 63°C - 60°C - 71°C - 74°C | Throttling: None - None - None - None - None - None - None - None
693 (761961 Gflops/s) - 684 (752065 Gflops/s) - 674 (741070 Gflops/s) - 687 (755364 Gflops/s) - 670 (736672 Gflops/s) - 682 (749866 Gflops/s) - 684 (752065 Gflops/s) - 668 (734473 Gflops/s) | Temperatures: 60°C - 61°C - 72°C - 68°C - 62°C - 60°C - 71°C - 74°C | Throttling: None - None - None - None - None - None - None - None
692 (760862 Gflops/s) - 676 (743269 Gflops/s) - 673 (739971 Gflops/s) - 686 (754264 Gflops/s) - 670 (736672 Gflops/s) - 682 (749866 Gflops/s) - 684 (752065 Gflops/s) - 668 (734473 Gflops/s) | Temperatures: 60°C - 61°C - 72°C - 68°C - 62°C - 60°C - 71°C - 74°C | Throttling: None - None - None - None - None - None - None - None
693 (761961 Gflops/s) - 680 (747667 Gflops/s) - 674 (741070 Gflops/s) - 687 (755364 Gflops/s) - 671 (737772 Gflops/s) - 683 (750966 Gflops/s) - 685 (753165 Gflops/s) - 669 (735573 Gflops/s) | Temperatures: 60°C - 61°C - 72°C - 68°C - 62°C - 60°C - 71°C - 74°C | Throttling: None - None - None - None - None - None - None - None
692 (760862 Gflops/s) - 681 (748767 Gflops/s) - 673 (739971 Gflops/s) - 687 (755364 Gflops/s) - 671 (737772 Gflops/s) - 682 (749866 Gflops/s) - 685 (753165 Gflops/s) - 668 (734473 Gflops/s) | Temperatures: 60°C - 61°C - 72°C - 68°C - 62°C - 60°C - 71°C - 74°C | Throttling: None - None - None - None - None - None - None - None
692 (760862 Gflops/s) - 680 (747667 Gflops/s) - 674 (741070 Gflops/s) - 687 (755364 Gflops/s) - 671 (737772 Gflops/s) - 682 (749866 Gflops/s) - 685 (753165 Gflops/s) - 669 (735573 Gflops/s) | Temperatures: 60°C - 61°C - 72°C - 68°C - 63°C - 60°C - 71°C - 74°C | Throttling: None - None - None - None - None - None - None - None
692 (760862 Gflops/s) - 680 (747667 Gflops/s) - 673 (739971 Gflops/s) - 686 (754264 Gflops/s) - 670 (736672 Gflops/s) - 682 (749866 Gflops/s) - 692 (760862 Gflops/s) - 668 (734473 Gflops/s) | Temperatures: 60°C - 61°C - 72°C - 68°C - 62°C - 60°C - 71°C - 74°C | Throttling: None - None - None - None - None - None - None - None
692 (760862 Gflops/s) - 681 (748767 Gflops/s) - 674 (741070 Gflops/s) - 688 (756463 Gflops/s) - 671 (737772 Gflops/s) - 683 (750966 Gflops/s) - 676 (743269 Gflops/s) - 668 (734473 Gflops/s) | Temperatures: 60°C - 61°C - 72°C - 68°C - 62°C - 60°C - 71°C - 74°C | Throttling: None - None - None - None - None - None - None - None
692 (760862 Gflops/s) - 680 (747667 Gflops/s) - 673 (739971 Gflops/s) - 687 (755364 Gflops/s) - 671 (737772 Gflops/s) - 682 (749866 Gflops/s) - 685 (753165 Gflops/s) - 679 (746568 Gflops/s) | Temperatures: 60°C - 61°C - 72°C - 68°C - 63°C - 60°C - 71°C - 74°C | Throttling: None - None - None - None - None - None - None - None
693 (761961 Gflops/s) - 681 (748767 Gflops/s) - 675 (742170 Gflops/s) - 687 (755364 Gflops/s) - 671 (737772 Gflops/s) - 683 (750966 Gflops/s) - 685 (753165 Gflops/s) - 658 (723478 Gflops/s) | Temperatures: 60°C - 61°C - 72°C - 68°C - 63°C - 60°C - 71°C - 74°C | Throttling: None - None - None - None - None - None - None - None
707 (777354 Gflops/s) - 679 (746568 Gflops/s) - 681 (748767 Gflops/s) - 687 (755364 Gflops/s) - 670 (736672 Gflops/s) - 682 (749866 Gflops/s) - 684 (752065 Gflops/s) - 668 (734473 Gflops/s) | Temperatures: 60°C - 61°C - 72°C - 68°C - 62°C - 60°C - 71°C - 74°C | Throttling: None - None - None - None - None - None - None - None
678 (745468 Gflops/s) - 681 (748767 Gflops/s) - 666 (732274 Gflops/s) - 686 (754264 Gflops/s) - 671 (737772 Gflops/s) - 683 (750966 Gflops/s) - 684 (752065 Gflops/s) - 669 (735573 Gflops/s) | Temperatures: 60°C - 61°C - 72°C - 68°C - 63°C - 60°C - 71°C - 74°C | Throttling: None - None - None - None - None - None - None - None
693 (761961 Gflops/s) - 680 (747667 Gflops/s) - 674 (741070 Gflops/s) - 688 (756463 Gflops/s) - 671 (737772 Gflops/s) - 682 (749866 Gflops/s) - 685 (753165 Gflops/s) - 668 (734473 Gflops/s) | Temperatures: 60°C - 61°C - 72°C - 68°C - 63°C - 60°C - 71°C - 74°C | Throttling: None - None - None - None - None - None - None - None
693 (761961 Gflops/s) - 681 (748767 Gflops/s) - 674 (741070 Gflops/s) - 687 (755364 Gflops/s) - 671 (737772 Gflops/s) - 683 (750966 Gflops/s) - 685 (753165 Gflops/s) - 669 (735573 Gflops/s) | Temperatures: 60°C - 61°C - 72°C - 68°C - 63°C - 60°C - 71°C - 74°C | Throttling: None - None - None - None - None - None - None - None
692 (760862 Gflops/s) - 680 (747667 Gflops/s) - 672 (738871 Gflops/s) - 686 (754264 Gflops/s) - 669 (735573 Gflops/s) - 682 (749866 Gflops/s) - 684 (752065 Gflops/s) - 667 (733374 Gflops/s) | Temperatures: 60°C - 61°C - 72°C - 68°C - 63°C - 60°C - 71°C - 74°C | Throttling: None - None - None - None - None - None - None - None
693 (761961 Gflops/s) - 680 (747667 Gflops/s) - 675 (742170 Gflops/s) - 687 (755364 Gflops/s) - 671 (737772 Gflops/s) - 683 (750966 Gflops/s) - 685 (753165 Gflops/s) - 669 (735573 Gflops/s) | Temperatures: 60°C - 61°C - 72°C - 68°C - 63°C - 60°C - 71°C - 74°C | Throttling: None - None - None - None - None - None - None - None
693 (761961 Gflops/s) - 681 (748767 Gflops/s) - 674 (741070 Gflops/s) - 687 (755364 Gflops/s) - 671 (737772 Gflops/s) - 698 (767459 Gflops/s) - 685 (753165 Gflops/s) - 668 (734473 Gflops/s) | Temperatures: 60°C - 61°C - 72°C - 68°C - 63°C - 60°C - 71°C - 74°C | Throttling: None - None - None - None - None - None - None - None
693 (761961 Gflops/s) - 680 (747667 Gflops/s) - 674 (741070 Gflops/s) - 687 (755364 Gflops/s) - 671 (737772 Gflops/s) - 667 (733374 Gflops/s) - 684 (752065 Gflops/s) - 669 (735573 Gflops/s) | Temperatures: 60°C - 61°C - 72°C - 68°C - 63°C - 60°C - 71°C - 74°C | Throttling: None - None - None - None - None - None - None - None
692 (760862 Gflops/s) - 680 (747667 Gflops/s) - 674 (741070 Gflops/s) - 687 (755364 Gflops/s) - 670 (736672 Gflops/s) - 682 (749866 Gflops/s) - 685 (753165 Gflops/s) - 668 (734473 Gflops/s) | Temperatures: 60°C - 61°C - 72°C - 68°C - 63°C - 60°C - 71°C - 74°C | Throttling: None - None - None - None - None - None - None - None
692 (760862 Gflops/s) - 680 (747667 Gflops/s) - 674 (741070 Gflops/s) - 687 (755364 Gflops/s) - 670 (736672 Gflops/s) - 681 (748767 Gflops/s) - 684 (752065 Gflops/s) - 668 (734473 Gflops/s) | Temperatures: 60°C - 61°C - 72°C - 68°C - 63°C - 60°C - 71°C - 74°C | Throttling: None - None - None - None - None - None - None - None
693 (761961 Gflops/s) - 680 (747667 Gflops/s) - 674 (741070 Gflops/s) - 687 (755364 Gflops/s) - 670 (736672 Gflops/s) - 683 (750966 Gflops/s) - 684 (752065 Gflops/s) - 669 (735573 Gflops/s) | Temperatures: 60°C - 61°C - 72°C - 68°C - 62°C - 60°C - 71°C - 74°C | Throttling: None - None - None - None - None - None - None - None
708 (778454 Gflops/s) - 680 (747667 Gflops/s) - 673 (739971 Gflops/s) - 687 (755364 Gflops/s) - 670 (736672 Gflops/s) - 682 (749866 Gflops/s) - 684 (752065 Gflops/s) - 668 (734473 Gflops/s) | Temperatures: 60°C - 61°C - 72°C - 68°C - 62°C - 60°C - 71°C - 74°C | Throttling: None - None - None - None - None - None - None - None
678 (745468 Gflops/s) - 680 (747667 Gflops/s) - 674 (741070 Gflops/s) - 687 (755364 Gflops/s) - 671 (737772 Gflops/s) - 683 (750966 Gflops/s) - 685 (753165 Gflops/s) - 669 (735573 Gflops/s) | Temperatures: 60°C - 61°C - 72°C - 68°C - 63°C - 60°C - 71°C - 74°C | Throttling: None - None - None - None - None - None - None - None
692 (760862 Gflops/s) - 680 (747667 Gflops/s) - 674 (741070 Gflops/s) - 687 (755364 Gflops/s) - 670 (736672 Gflops/s) - 682 (749866 Gflops/s) - 684 (752065 Gflops/s) - 668 (734473 Gflops/s) | Temperatures: 60°C - 61°C - 72°C - 68°C - 63°C - 60°C - 71°C - 74°C | Throttling: None - None - None - None - None - None - None - None
693 (761961 Gflops/s) - 680 (747667 Gflops/s) - 674 (741070 Gflops/s) - 687 (755364 Gflops/s) - 675 (742170 Gflops/s) - 682 (749866 Gflops/s) - 684 (752065 Gflops/s) - 669 (735573 Gflops/s) | Temperatures: 60°C - 61°C - 72°C - 68°C - 62°C - 60°C - 71°C - 74°C | Throttling: None - None - None - None - None - None - None - None
692 (760862 Gflops/s) - 680 (747667 Gflops/s) - 675 (742170 Gflops/s) - 687 (755364 Gflops/s) - 666 (732274 Gflops/s) - 682 (749866 Gflops/s) - 685 (753165 Gflops/s) - 668 (734473 Gflops/s) | Temperatures: 60°C - 61°C - 72°C - 68°C - 62°C - 60°C - 71°C - 74°C | Throttling: None - None - None - None - None - None - None - None
691 (759762 Gflops/s) - 680 (747667 Gflops/s) - 673 (739971 Gflops/s) - 687 (755364 Gflops/s) - 670 (736672 Gflops/s) - 682 (749866 Gflops/s) - 684 (752065 Gflops/s) - 668 (734473 Gflops/s) | Temperatures: 60°C - 61°C - 72°C - 68°C - 63°C - 60°C - 71°C - 74°C | Throttling: None - None - None - None - None - None - None - None
693 (761961 Gflops/s) - 680 (747667 Gflops/s) - 675 (742170 Gflops/s) - 687 (755364 Gflops/s) - 670 (736672 Gflops/s) - 682 (749866 Gflops/s) - 684 (752065 Gflops/s) - 668 (734473 Gflops/s) | Temperatures: 60°C - 61°C - 72°C - 68°C - 63°C - 60°C - 71°C - 74°C | Throttling: None - None - None - None - None - None - None - None
692 (760862 Gflops/s) - 681 (748767 Gflops/s) - 673 (739971 Gflops/s) - 687 (755364 Gflops/s) - 672 (738871 Gflops/s) - 682 (749866 Gflops/s) - 685 (753165 Gflops/s) - 669 (735573 Gflops/s) | Temperatures: 60°C - 61°C - 72°C - 68°C - 63°C - 60°C - 71°C - 74°C | Throttling: None - None - None - None - None - None - None - None
692 (760862 Gflops/s) - 688 (756463 Gflops/s) - 673 (739971 Gflops/s) - 686 (754264 Gflops/s) - 669 (735573 Gflops/s) - 682 (749866 Gflops/s) - 684 (752065 Gflops/s) - 668 (734473 Gflops/s) | Temperatures: 60°C - 61°C - 72°C - 68°C - 63°C - 60°C - 71°C - 74°C | Throttling: None - None - None - None - None - None - None - None
693 (761961 Gflops/s) - 671 (737772 Gflops/s) - 675 (742170 Gflops/s) - 687 (755364 Gflops/s) - 671 (737772 Gflops/s) - 681 (748767 Gflops/s) - 684 (752065 Gflops/s) - 668 (734473 Gflops/s) | Temperatures: 60°C - 61°C - 72°C - 68°C - 63°C - 60°C - 71°C - 74°C | Throttling: None - None - None - None - None - None - None - None
693 (761961 Gflops/s) - 680 (747667 Gflops/s) - 673 (739971 Gflops/s) - 687 (755364 Gflops/s) - 671 (737772 Gflops/s) - 683 (750966 Gflops/s) - 685 (753165 Gflops/s) - 669 (735573 Gflops/s) | Temperatures: 60°C - 61°C - 72°C - 68°C - 63°C - 60°C - 71°C - 74°C | Throttling: None - None - None - None - None - None - None - None
692 (760862 Gflops/s) - 681 (748767 Gflops/s) - 674 (741070 Gflops/s) - 686 (754264 Gflops/s) - 671 (737772 Gflops/s) - 683 (750966 Gflops/s) - 684 (752065 Gflops/s) - 668 (734473 Gflops/s) | Temperatures: 60°C - 61°C - 72°C - 68°C - 63°C - 60°C - 71°C - 74°C | Throttling: None - None - None - None - None - None - None - None
692 (760862 Gflops/s) - 679 (746568 Gflops/s) - 673 (739971 Gflops/s) - 687 (755364 Gflops/s) - 670 (736672 Gflops/s) - 681 (748767 Gflops/s) - 684 (752065 Gflops/s) - 668 (734473 Gflops/s) | Temperatures: 60°C - 61°C - 72°C - 68°C - 63°C - 60°C - 71°C - 74°C | Throttling: None - None - None - None - None - None - None - None
692 (760862 Gflops/s) - 680 (747667 Gflops/s) - 674 (741070 Gflops/s) - 687 (755364 Gflops/s) - 671 (737772 Gflops/s) - 682 (749866 Gflops/s) - 684 (752065 Gflops/s) - 668 (734473 Gflops/s) | Temperatures: 60°C - 61°C - 72°C - 68°C - 63°C - 60°C - 71°C - 74°C | Throttling: None - None - None - None - None - None - None - None
692 (760862 Gflops/s) - 680 (747667 Gflops/s) - 674 (741070 Gflops/s) - 687 (755364 Gflops/s) - 672 (738871 Gflops/s) - 692 (760862 Gflops/s) - 685 (753165 Gflops/s) - 669 (735573 Gflops/s) | Temperatures: 60°C - 61°C - 72°C - 68°C - 62°C - 60°C - 71°C - 74°C | Throttling: None - None - None - None - None - None - None - None
692 (760862 Gflops/s) - 679 (746568 Gflops/s) - 688 (756463 Gflops/s) - 686 (754264 Gflops/s) - 670 (736672 Gflops/s) - 671 (737772 Gflops/s) - 683 (750966 Gflops/s) - 668 (734473 Gflops/s) | Temperatures: 60°C - 61°C - 72°C - 68°C - 62°C - 60°C - 71°C - 74°C | Throttling: None - None - None - None - None - None - None - None
692 (760862 Gflops/s) - 680 (747667 Gflops/s) - 659 (724578 Gflops/s) - 687 (755364 Gflops/s) - 671 (737772 Gflops/s) - 683 (750966 Gflops/s) - 685 (753165 Gflops/s) - 668 (734473 Gflops/s) | Temperatures: 60°C - 61°C - 72°C - 68°C - 63°C - 60°C - 71°C - 74°C | Throttling: None - None - None - None - None - None - None - None
693 (761961 Gflops/s) - 680 (747667 Gflops/s) - 674 (741070 Gflops/s) - 687 (755364 Gflops/s) - 671 (737772 Gflops/s) - 682 (749866 Gflops/s) - 684 (752065 Gflops/s) - 669 (735573 Gflops/s) | Temperatures: 60°C - 61°C - 72°C - 68°C - 63°C - 60°C - 72°C - 74°C | Throttling: None - None - None - None - None - None - None - None
693 (761961 Gflops/s) - 680 (747667 Gflops/s) - 675 (742170 Gflops/s) - 687 (755364 Gflops/s) - 671 (737772 Gflops/s) - 683 (750966 Gflops/s) - 684 (752065 Gflops/s) - 668 (734473 Gflops/s) | Temperatures: 60°C - 61°C - 72°C - 68°C - 62°C - 60°C - 71°C - 74°C | Throttling: None - None - None - None - None - None - None - None
692 (760862 Gflops/s) - 680 (747667 Gflops/s) - 673 (739971 Gflops/s) - 686 (754264 Gflops/s) - 670 (736672 Gflops/s) - 681 (748767 Gflops/s) - 684 (752065 Gflops/s) - 668 (734473 Gflops/s) | Temperatures: 60°C - 61°C - 72°C - 68°C - 62°C - 60°C - 71°C - 74°C | Throttling: None - None - None - None - None - None - None - None
694 (763061 Gflops/s) - 680 (747667 Gflops/s) - 675 (742170 Gflops/s) - 687 (755364 Gflops/s) - 671 (737772 Gflops/s) - 682 (749866 Gflops/s) - 685 (753165 Gflops/s) - 669 (735573 Gflops/s) | Temperatures: 60°C - 61°C - 72°C - 68°C - 63°C - 60°C - 71°C - 74°C | Throttling: None - None - None - None - None - None - None - None
693 (761961 Gflops/s) - 681 (748767 Gflops/s) - 673 (739971 Gflops/s) - 687 (755364 Gflops/s) - 671 (737772 Gflops/s) - 683 (750966 Gflops/s) - 684 (752065 Gflops/s) - 668 (734473 Gflops/s) | Temperatures: 60°C - 61°C - 72°C - 68°C - 63°C - 60°C - 71°C - 74°C | Throttling: None - None - None - None - None - None - None - None
692 (760862 Gflops/s) - 679 (746568 Gflops/s) - 674 (741070 Gflops/s) - 687 (755364 Gflops/s) - 671 (737772 Gflops/s) - 682 (749866 Gflops/s) - 684 (752065 Gflops/s) - 669 (735573 Gflops/s) | Temperatures: 60°C - 61°C - 72°C - 68°C - 63°C - 60°C - 71°C - 74°C | Throttling: None - None - None - None - None - None - None - None
693 (761961 Gflops/s) - 679 (746568 Gflops/s) - 674 (741070 Gflops/s) - 686 (754264 Gflops/s) - 670 (736672 Gflops/s) - 682 (749866 Gflops/s) - 684 (752065 Gflops/s) - 667 (733374 Gflops/s) | Temperatures: 60°C - 61°C - 72°C - 68°C - 62°C - 60°C - 71°C - 74°C | Throttling: None - None - None - None - None - None - None - None
693 (761961 Gflops/s) - 680 (747667 Gflops/s) - 674 (741070 Gflops/s) - 688 (756463 Gflops/s) - 671 (737772 Gflops/s) - 683 (750966 Gflops/s) - 684 (752065 Gflops/s) - 669 (735573 Gflops/s) | Temperatures: 60°C - 61°C - 72°C - 68°C - 63°C - 60°C - 71°C - 74°C | Throttling: None - None - None - None - None - None - None - None
693 (761961 Gflops/s) - 680 (747667 Gflops/s) - 675 (742170 Gflops/s) - 687 (755364 Gflops/s) - 671 (737772 Gflops/s) - 682 (749866 Gflops/s) - 684 (752065 Gflops/s) - 668 (734473 Gflops/s) | Temperatures: 60°C - 61°C - 72°C - 68°C - 63°C - 60°C - 72°C - 74°C | Throttling: None - None - None - None - None - None - None - None
692 (760862 Gflops/s) - 678 (745468 Gflops/s) - 673 (739971 Gflops/s) - 686 (754264 Gflops/s) - 671 (737772 Gflops/s) - 682 (749866 Gflops/s) - 684 (752065 Gflops/s) - 668 (734473 Gflops/s) | Temperatures: 60°C - 61°C - 72°C - 68°C - 63°C - 60°C - 72°C - 74°C | Throttling: None - None - None - None - None - None - None - None
692 (760862 Gflops/s) - 680 (747667 Gflops/s) - 674 (741070 Gflops/s) - 687 (755364 Gflops/s) - 670 (736672 Gflops/s) - 682 (749866 Gflops/s) - 684 (752065 Gflops/s) - 669 (735573 Gflops/s) | Temperatures: 60°C - 61°C - 72°C - 68°C - 62°C - 60°C - 71°C - 74°C | Throttling: None - None - None - None - None - None - None - None
692 (760862 Gflops/s) - 680 (747667 Gflops/s) - 673 (739971 Gflops/s) - 687 (755364 Gflops/s) - 672 (738871 Gflops/s) - 682 (749866 Gflops/s) - 685 (753165 Gflops/s) - 668 (734473 Gflops/s) | Temperatures: 60°C - 61°C - 72°C - 68°C - 63°C - 60°C - 72°C - 74°C | Throttling: None - None - None - None - None - None - None - None
692 (760862 Gflops/s) - 679 (746568 Gflops/s) - 673 (739971 Gflops/s) - 687 (755364 Gflops/s) - 670 (736672 Gflops/s) - 681 (748767 Gflops/s) - 683 (750966 Gflops/s) - 668 (734473 Gflops/s) | Temperatures: 60°C - 61°C - 72°C - 68°C - 62°C - 60°C - 71°C - 74°C | Throttling: None - None - None - None - None - None - None - None
691 (759762 Gflops/s) - 680 (747667 Gflops/s) - 673 (739971 Gflops/s) - 687 (755364 Gflops/s) - 671 (737772 Gflops/s) - 683 (750966 Gflops/s) - 684 (752065 Gflops/s) - 669 (735573 Gflops/s) | Temperatures: 60°C - 61°C - 72°C - 68°C - 62°C - 60°C - 71°C - 74°C | Throttling: None - None - None - None - None - None - None - None
693 (761961 Gflops/s) - 680 (747667 Gflops/s) - 674 (741070 Gflops/s) - 687 (755364 Gflops/s) - 670 (736672 Gflops/s) - 682 (749866 Gflops/s) - 685 (753165 Gflops/s) - 668 (734473 Gflops/s) | Temperatures: 60°C - 61°C - 72°C - 68°C - 62°C - 60°C - 71°C - 74°C | Throttling: None - None - None - None - None - None - None - None
692 (760862 Gflops/s) - 679 (746568 Gflops/s) - 674 (741070 Gflops/s) - 687 (755364 Gflops/s) - 671 (737772 Gflops/s) - 683 (750966 Gflops/s) - 684 (752065 Gflops/s) - 669 (735573 Gflops/s) | Temperatures: 60°C - 61°C - 72°C - 68°C - 63°C - 60°C - 72°C - 74°C | Throttling: None - None - None - None - None - None - None - None
693 (761961 Gflops/s) - 680 (747667 Gflops/s) - 673 (739971 Gflops/s) - 686 (754264 Gflops/s) - 670 (736672 Gflops/s) - 685 (753165 Gflops/s) - 683 (750966 Gflops/s) - 667 (733374 Gflops/s) | Temperatures: 60°C - 61°C - 72°C - 68°C - 62°C - 60°C - 72°C - 74°C | Throttling: None - None - None - None - None - None - None - None
692 (760862 Gflops/s) - 680 (747667 Gflops/s) - 673 (739971 Gflops/s) - 687 (755364 Gflops/s) - 671 (737772 Gflops/s) - 680 (747667 Gflops/s) - 691 (759762 Gflops/s) - 669 (735573 Gflops/s) | Temperatures: 60°C - 61°C - 72°C - 68°C - 63°C - 60°C - 72°C - 74°C | Throttling: None - None - None - None - None - None - None - None
693 (761961 Gflops/s) - 679 (746568 Gflops/s) - 674 (741070 Gflops/s) - 687 (755364 Gflops/s) - 671 (737772 Gflops/s) - 681 (748767 Gflops/s) - 678 (745468 Gflops/s) - 668 (734473 Gflops/s) | Temperatures: 60°C - 61°C - 72°C - 68°C - 62°C - 60°C - 72°C - 74°C | Throttling: None - None - None - None - None - None - None - None
692 (760862 Gflops/s) - 680 (747667 Gflops/s) - 673 (739971 Gflops/s) - 687 (755364 Gflops/s) - 671 (737772 Gflops/s) - 683 (750966 Gflops/s) - 685 (753165 Gflops/s) - 669 (735573 Gflops/s) | Temperatures: 60°C - 61°C - 72°C - 68°C - 63°C - 60°C - 72°C - 74°C | Throttling: None - None - None - None - None - None - None - None
692 (760862 Gflops/s) - 680 (747667 Gflops/s) - 673 (739971 Gflops/s) - 687 (755364 Gflops/s) - 670 (736672 Gflops/s) - 681 (748767 Gflops/s) - 683 (750966 Gflops/s) - 668 (734473 Gflops/s) | Temperatures: 60°C - 61°C - 72°C - 68°C - 63°C - 60°C - 72°C - 74°C | Throttling: None - None - None - None - None - None - None - None
692 (760862 Gflops/s) - 680 (747667 Gflops/s) - 673 (739971 Gflops/s) - 687 (755364 Gflops/s) - 671 (737772 Gflops/s) - 682 (749866 Gflops/s) - 684 (752065 Gflops/s) - 668 (734473 Gflops/s) | Temperatures: 60°C - 61°C - 72°C - 68°C - 62°C - 60°C - 71°C - 74°C | Throttling: None - None - None - None - None - None - None - None
692 (760862 Gflops/s) - 680 (747667 Gflops/s) - 673 (739971 Gflops/s) - 687 (755364 Gflops/s) - 670 (736672 Gflops/s) - 683 (750966 Gflops/s) - 684 (752065 Gflops/s) - 668 (734473 Gflops/s) | Temperatures: 60°C - 61°C - 72°C - 68°C - 63°C - 60°C - 72°C - 74°C | Throttling: None - None - None - None - None - None - None - None
693 (761961 Gflops/s) - 680 (747667 Gflops/s) - 674 (741070 Gflops/s) - 687 (755364 Gflops/s) - 671 (737772 Gflops/s) - 682 (749866 Gflops/s) - 685 (753165 Gflops/s) - 669 (735573 Gflops/s) | Temperatures: 60°C - 61°C - 72°C - 68°C - 62°C - 60°C - 72°C - 74°C | Throttling: None - None - None - None - None - None - None - None
691 (759762 Gflops/s) - 679 (746568 Gflops/s) - 673 (739971 Gflops/s) - 687 (755364 Gflops/s) - 669 (735573 Gflops/s) - 681 (748767 Gflops/s) - 683 (750966 Gflops/s) - 668 (734473 Gflops/s) | Temperatures: 60°C - 61°C - 72°C - 68°C - 62°C - 60°C - 71°C - 74°C | Throttling: None - None - None - None - None - None - None - None
692 (760862 Gflops/s) - 680 (747667 Gflops/s) - 674 (741070 Gflops/s) - 687 (755364 Gflops/s) - 671 (737772 Gflops/s) - 682 (749866 Gflops/s) - 684 (752065 Gflops/s) - 668 (734473 Gflops/s) | Temperatures: 60°C - 61°C - 72°C - 68°C - 62°C - 60°C - 71°C - 74°C | Throttling: None - None - None - None - None - None - None - None
693 (761961 Gflops/s) - 679 (746568 Gflops/s) - 673 (739971 Gflops/s) - 687 (755364 Gflops/s) - 670 (736672 Gflops/s) - 682 (749866 Gflops/s) - 685 (753165 Gflops/s) - 669 (735573 Gflops/s) | Temperatures: 60°C - 61°C - 72°C - 68°C - 63°C - 60°C - 72°C - 74°C | Throttling: None - None - None - None - None - None - None - None
694 (763061 Gflops/s) - 681 (748767 Gflops/s) - 675 (742170 Gflops/s) - 687 (755364 Gflops/s) - 671 (737772 Gflops/s) - 682 (749866 Gflops/s) - 684 (752065 Gflops/s) - 684 (752065 Gflops/s) | Temperatures: 60°C - 61°C - 72°C - 68°C - 62°C - 60°C - 71°C - 74°C | Throttling: None - None - None - None - None - None - None - None
691 (759762 Gflops/s) - 683 (750966 Gflops/s) - 673 (739971 Gflops/s) - 686 (754264 Gflops/s) - 670 (736672 Gflops/s) - 682 (749866 Gflops/s) - 684 (752065 Gflops/s) - 652 (716881 Gflops/s) | Temperatures: 60°C - 61°C - 72°C - 68°C - 62°C - 60°C - 72°C - 74°C | Throttling: None - None - None - None - None - None - None - None
692 (760862 Gflops/s) - 677 (744369 Gflops/s) - 674 (741070 Gflops/s) - 687 (755364 Gflops/s) - 671 (737772 Gflops/s) - 682 (749866 Gflops/s) - 684 (752065 Gflops/s) - 668 (734473 Gflops/s) | Temperatures: 60°C - 61°C - 72°C - 68°C - 62°C - 60°C - 72°C - 74°C | Throttling: None - None - None - None - None - None - None - None
692 (760862 Gflops/s) - 680 (747667 Gflops/s) - 673 (739971 Gflops/s) - 687 (755364 Gflops/s) - 670 (736672 Gflops/s) - 683 (750966 Gflops/s) - 684 (752065 Gflops/s) - 669 (735573 Gflops/s) | Temperatures: 60°C - 61°C - 72°C - 68°C - 62°C - 60°C - 72°C - 74°C | Throttling: None - None - None - None - None - None - None - None
692 (760862 Gflops/s) - 680 (747667 Gflops/s) - 672 (738871 Gflops/s) - 687 (755364 Gflops/s) - 670 (736672 Gflops/s) - 681 (748767 Gflops/s) - 684 (752065 Gflops/s) - 668 (734473 Gflops/s) | Temperatures: 60°C - 61°C - 72°C - 68°C - 63°C - 60°C - 71°C - 74°C | Throttling: None - None - None - None - None - None - None - None
692 (760862 Gflops/s) - 680 (747667 Gflops/s) - 674 (741070 Gflops/s) - 698 (767459 Gflops/s) - 671 (737772 Gflops/s) - 682 (749866 Gflops/s) - 684 (752065 Gflops/s) - 668 (734473 Gflops/s) | Temperatures: 60°C - 61°C - 72°C - 68°C - 63°C - 60°C - 72°C - 74°C | Throttling: None - None - None - None - None - None - None - None
692 (760862 Gflops/s) - 680 (747667 Gflops/s) - 674 (741070 Gflops/s) - 676 (743269 Gflops/s) - 670 (736672 Gflops/s) - 682 (749866 Gflops/s) - 684 (752065 Gflops/s) - 669 (735573 Gflops/s) | Temperatures: 60°C - 61°C - 72°C - 68°C - 63°C - 60°C - 72°C - 74°C | Throttling: None - None - None - None - None - None - None - None
693 (761961 Gflops/s) - 680 (747667 Gflops/s) - 672 (738871 Gflops/s) - 687 (755364 Gflops/s) - 671 (737772 Gflops/s) - 682 (749866 Gflops/s) - 685 (753165 Gflops/s) - 668 (734473 Gflops/s) | Temperatures: 60°C - 61°C - 72°C - 68°C - 62°C - 60°C - 72°C - 74°C | Throttling: None - None - None - None - None - None - None - None
693 (761961 Gflops/s) - 680 (747667 Gflops/s) - 675 (742170 Gflops/s) - 686 (754264 Gflops/s) - 670 (736672 Gflops/s) - 682 (749866 Gflops/s) - 684 (752065 Gflops/s) - 672 (738871 Gflops/s) | Temperatures: 60°C - 61°C - 72°C - 68°C - 63°C - 60°C - 72°C - 74°C | Throttling: None - None - None - None - None - None - None - None
691 (759762 Gflops/s) - 680 (747667 Gflops/s) - 672 (738871 Gflops/s) - 687 (755364 Gflops/s) - 673 (739971 Gflops/s) - 682 (749866 Gflops/s) - 683 (750966 Gflops/s) - 664 (730075 Gflops/s) | Temperatures: 60°C - 61°C - 72°C - 68°C - 62°C - 60°C - 72°C - 74°C | Throttling: None - None - None - None - None - None - None - None
693 (761961 Gflops/s) - 681 (748767 Gflops/s) - 674 (741070 Gflops/s) - 687 (755364 Gflops/s) - 667 (733374 Gflops/s) - 683 (750966 Gflops/s) - 684 (752065 Gflops/s) - 668 (734473 Gflops/s) | Temperatures: 60°C - 61°C - 72°C - 68°C - 62°C - 60°C - 72°C - 74°C | Throttling: None - None - None - None - None - None - None - None
692 (760862 Gflops/s) - 680 (747667 Gflops/s) - 674 (741070 Gflops/s) - 687 (755364 Gflops/s) - 672 (738871 Gflops/s) - 682 (749866 Gflops/s) - 684 (752065 Gflops/s) - 669 (735573 Gflops/s) | Temperatures: 60°C - 61°C - 72°C - 68°C - 63°C - 60°C - 71°C - 74°C | Throttling: None - None - None - None - None - None - None - None
692 (760862 Gflops/s) - 681 (748767 Gflops/s) - 673 (739971 Gflops/s) - 687 (755364 Gflops/s) - 670 (736672 Gflops/s) - 682 (749866 Gflops/s) - 684 (752065 Gflops/s) - 668 (734473 Gflops/s) | Temperatures: 60°C - 61°C - 72°C - 68°C - 62°C - 60°C - 72°C - 74°C | Throttling: None - None - None - None - None - None - None - None
692 (760862 Gflops/s) - 679 (746568 Gflops/s) - 673 (739971 Gflops/s) - 686 (754264 Gflops/s) - 671 (737772 Gflops/s) - 682 (749866 Gflops/s) - 684 (752065 Gflops/s) - 668 (734473 Gflops/s) | Temperatures: 60°C - 61°C - 72°C - 68°C - 63°C - 60°C - 72°C - 74°C | Throttling: None - None - None - None - None - None - None - None
693 (761961 Gflops/s) - 681 (748767 Gflops/s) - 682 (749866 Gflops/s) - 688 (756463 Gflops/s) - 670 (736672 Gflops/s) - 682 (749866 Gflops/s) - 684 (752065 Gflops/s) - 668 (734473 Gflops/s) | Temperatures: 60°C - 61°C - 72°C - 68°C - 62°C - 60°C - 72°C - 74°C | Throttling: None - None - None - None - None - None - None - None
693 (761961 Gflops/s) - 680 (747667 Gflops/s) - 666 (732274 Gflops/s) - 687 (755364 Gflops/s) - 671 (737772 Gflops/s) - 682 (749866 Gflops/s) - 684 (752065 Gflops/s) - 669 (735573 Gflops/s) | Temperatures: 60°C - 61°C - 72°C - 68°C - 63°C - 60°C - 72°C - 74°C | Throttling: None - None - None - None - None - None - None - None
692 (760862 Gflops/s) - 679 (746568 Gflops/s) - 673 (739971 Gflops/s) - 686 (754264 Gflops/s) - 670 (736672 Gflops/s) - 682 (749866 Gflops/s) - 684 (752065 Gflops/s) - 668 (734473 Gflops/s) | Temperatures: 60°C - 61°C - 72°C - 68°C - 63°C - 60°C - 72°C - 74°C | Throttling: None - None - None - None - None - None - None - None
693 (761961 Gflops/s) - 680 (747667 Gflops/s) - 674 (741070 Gflops/s) - 687 (755364 Gflops/s) - 670 (736672 Gflops/s) - 682 (749866 Gflops/s) - 684 (752065 Gflops/s) - 668 (734473 Gflops/s) | Temperatures: 60°C - 61°C - 72°C - 68°C - 63°C - 60°C - 71°C - 74°C | Throttling: None - None - None - None - None - None - None - None
692 (760862 Gflops/s) - 681 (748767 Gflops/s) - 673 (739971 Gflops/s) - 687 (755364 Gflops/s) - 671 (737772 Gflops/s) - 682 (749866 Gflops/s) - 684 (752065 Gflops/s) - 668 (734473 Gflops/s) | Temperatures: 60°C - 61°C - 72°C - 68°C - 63°C - 60°C - 72°C - 74°C | Throttling: None - None - None - None - None - None - None - None
692 (760862 Gflops/s) - 679 (746568 Gflops/s) - 673 (739971 Gflops/s) - 686 (754264 Gflops/s) - 670 (736672 Gflops/s) - 682 (749866 Gflops/s) - 684 (752065 Gflops/s) - 668 (734473 Gflops/s) | Temperatures: 60°C - 61°C - 72°C - 68°C - 62°C - 60°C - 72°C - 74°C | Throttling: None - None - None - None - None - None - None - None
693 (761961 Gflops/s) - 681 (748767 Gflops/s) - 674 (741070 Gflops/s) - 686 (754264 Gflops/s) - 670 (736672 Gflops/s) - 682 (749866 Gflops/s) - 683 (750966 Gflops/s) - 668 (734473 Gflops/s) | Temperatures: 60°C - 61°C - 72°C - 68°C - 63°C - 60°C - 72°C - 74°C | Throttling: None - None - None - None - None - None - None - None
693 (761961 Gflops/s) - 680 (747667 Gflops/s) - 674 (741070 Gflops/s) - 687 (755364 Gflops/s) - 670 (736672 Gflops/s) - 683 (750966 Gflops/s) - 685 (753165 Gflops/s) - 669 (735573 Gflops/s) | Temperatures: 60°C - 61°C - 72°C - 68°C - 63°C - 60°C - 72°C - 74°C | Throttling: None - None - None - None - None - None - None - None
692 (760862 Gflops/s) - 680 (747667 Gflops/s) - 673 (739971 Gflops/s) - 687 (755364 Gflops/s) - 671 (737772 Gflops/s) - 682 (749866 Gflops/s) - 684 (752065 Gflops/s) - 668 (734473 Gflops/s) | Temperatures: 60°C - 61°C - 72°C - 68°C - 63°C - 60°C - 72°C - 74°C | Throttling: None - None - None - None - None - None - None - None
691 (759762 Gflops/s) - 680 (747667 Gflops/s) - 673 (739971 Gflops/s) - 686 (754264 Gflops/s) - 670 (736672 Gflops/s) - 682 (749866 Gflops/s) - 683 (750966 Gflops/s) - 668 (734473 Gflops/s) | Temperatures: 60°C - 61°C - 72°C - 68°C - 62°C - 60°C - 72°C - 74°C | Throttling: None - None - None - None - None - None - None - None
692 (760862 Gflops/s) - 680 (747667 Gflops/s) - 673 (739971 Gflops/s) - 687 (755364 Gflops/s) - 671 (737772 Gflops/s) - 683 (750966 Gflops/s) - 684 (752065 Gflops/s) - 669 (735573 Gflops/s) | Temperatures: 60°C - 61°C - 72°C - 68°C - 62°C - 60°C - 72°C - 74°C | Throttling: None - None - None - None - None - None - None - None
693 (761961 Gflops/s) - 681 (748767 Gflops/s) - 674 (741070 Gflops/s) - 687 (755364 Gflops/s) - 671 (737772 Gflops/s) - 682 (749866 Gflops/s) - 684 (752065 Gflops/s) - 668 (734473 Gflops/s) | Temperatures: 60°C - 61°C - 72°C - 68°C - 63°C - 60°C - 72°C - 74°C | Throttling: None - None - None - None - None - None - None - None
693 (761961 Gflops/s) - 680 (747667 Gflops/s) - 674 (741070 Gflops/s) - 687 (755364 Gflops/s) - 670 (736672 Gflops/s) - 683 (750966 Gflops/s) - 684 (752065 Gflops/s) - 669 (735573 Gflops/s) | Temperatures: 60°C - 61°C - 72°C - 68°C - 63°C - 60°C - 72°C - 74°C | Throttling: None - None - None - None - None - None - None - None
692 (760862 Gflops/s) - 680 (747667 Gflops/s) - 672 (738871 Gflops/s) - 686 (754264 Gflops/s) - 670 (736672 Gflops/s) - 681 (748767 Gflops/s) - 684 (752065 Gflops/s) - 667 (733374 Gflops/s) | Temperatures: 60°C - 61°C - 72°C - 68°C - 63°C - 60°C - 72°C - 74°C | Throttling: None - None - None - None - None - None - None - None
691 (759762 Gflops/s) - 680 (747667 Gflops/s) - 674 (741070 Gflops/s) - 687 (755364 Gflops/s) - 670 (736672 Gflops/s) - 682 (749866 Gflops/s) - 683 (750966 Gflops/s) - 669 (735573 Gflops/s) | Temperatures: 60°C - 61°C - 72°C - 68°C - 63°C - 60°C - 72°C - 74°C | Throttling: None - None - None - None - None - None - None - None
693 (761961 Gflops/s) - 690 (758663 Gflops/s) - 673 (739971 Gflops/s) - 687 (755364 Gflops/s) - 671 (737772 Gflops/s) - 683 (750966 Gflops/s) - 685 (753165 Gflops/s) - 668 (734473 Gflops/s) | Temperatures: 60°C - 61°C - 72°C - 68°C - 63°C - 60°C - 72°C - 74°C | Throttling: None - None - None - None - None - None - None - None
692 (760862 Gflops/s) - 670 (736672 Gflops/s) - 674 (741070 Gflops/s) - 686 (754264 Gflops/s) - 670 (736672 Gflops/s) - 682 (749866 Gflops/s) - 683 (750966 Gflops/s) - 669 (735573 Gflops/s) | Temperatures: 60°C - 61°C - 72°C - 68°C - 63°C - 60°C - 72°C - 74°C | Throttling: None - None - None - None - None - None - None - None
691 (759762 Gflops/s) - 679 (746568 Gflops/s) - 673 (739971 Gflops/s) - 687 (755364 Gflops/s) - 670 (736672 Gflops/s) - 682 (749866 Gflops/s) - 683 (750966 Gflops/s) - 668 (734473 Gflops/s) | Temperatures: 60°C - 61°C - 72°C - 68°C - 62°C - 60°C - 72°C - 74°C | Throttling: None - None - None - None - None - None - None - None
693 (761961 Gflops/s) - 680 (747667 Gflops/s) - 673 (739971 Gflops/s) - 686 (754264 Gflops/s) - 671 (737772 Gflops/s) - 682 (749866 Gflops/s) - 685 (753165 Gflops/s) - 668 (734473 Gflops/s) | Temperatures: 60°C - 61°C - 72°C - 68°C - 63°C - 60°C - 72°C - 74°C | Throttling: None - None - None - None - None - None - None - None
692 (760862 Gflops/s) - 681 (748767 Gflops/s) - 674 (741070 Gflops/s) - 687 (755364 Gflops/s) - 670 (736672 Gflops/s) - 682 (749866 Gflops/s) - 683 (750966 Gflops/s) - 668 (734473 Gflops/s) | Temperatures: 60°C - 61°C - 72°C - 68°C - 63°C - 60°C - 72°C - 74°C | Throttling: None - None - None - None - None - None - None - None
693 (761961 Gflops/s) - 681 (748767 Gflops/s) - 674 (741070 Gflops/s) - 687 (755364 Gflops/s) - 677 (744369 Gflops/s) - 683 (750966 Gflops/s) - 684 (752065 Gflops/s) - 669 (735573 Gflops/s) | Temperatures: 60°C - 61°C - 72°C - 68°C - 63°C - 60°C - 72°C - 74°C | Throttling: None - None - None - None - None - None - None - None
692 (760862 Gflops/s) - 679 (746568 Gflops/s) - 672 (738871 Gflops/s) - 687 (755364 Gflops/s) - 664 (730075 Gflops/s) - 681 (748767 Gflops/s) - 684 (752065 Gflops/s) - 668 (734473 Gflops/s) | Temperatures: 60°C - 61°C - 72°C - 68°C - 63°C - 60°C - 72°C - 74°C | Throttling: None - None - None - None - None - None - None - None
693 (761961 Gflops/s) - 681 (748767 Gflops/s) - 673 (739971 Gflops/s) - 687 (755364 Gflops/s) - 671 (737772 Gflops/s) - 683 (750966 Gflops/s) - 683 (750966 Gflops/s) - 668 (734473 Gflops/s) | Temperatures: 60°C - 61°C - 72°C - 68°C - 63°C - 60°C - 72°C - 74°C | Throttling: None - None - None - None - None - None - None - None
693 (761961 Gflops/s) - 680 (747667 Gflops/s) - 674 (741070 Gflops/s) - 687 (755364 Gflops/s) - 671 (737772 Gflops/s) - 683 (750966 Gflops/s) - 684 (752065 Gflops/s) - 669 (735573 Gflops/s) | Temperatures: 60°C - 61°C - 72°C - 68°C - 63°C - 60°C - 72°C - 74°C | Throttling: None - None - None - None - None - None - None - None
691 (759762 Gflops/s) - 679 (746568 Gflops/s) - 672 (738871 Gflops/s) - 686 (754264 Gflops/s) - 670 (736672 Gflops/s) - 681 (748767 Gflops/s) - 683 (750966 Gflops/s) - 668 (734473 Gflops/s) | Temperatures: 60°C - 61°C - 72°C - 68°C - 63°C - 60°C - 72°C - 74°C | Throttling: None - None - None - None - None - None - None - None
692 (760862 Gflops/s) - 680 (747667 Gflops/s) - 674 (741070 Gflops/s) - 687 (755364 Gflops/s) - 671 (737772 Gflops/s) - 683 (750966 Gflops/s) - 684 (752065 Gflops/s) - 668 (734473 Gflops/s) | Temperatures: 60°C - 61°C - 72°C - 68°C - 62°C - 60°C - 72°C - 74°C | Throttling: None - None - None - None - None - None - None - None
693 (761961 Gflops/s) - 681 (748767 Gflops/s) - 674 (741070 Gflops/s) - 686 (754264 Gflops/s) - 671 (737772 Gflops/s) - 682 (749866 Gflops/s) - 684 (752065 Gflops/s) - 669 (735573 Gflops/s) | Temperatures: 60°C - 61°C - 72°C - 68°C - 62°C - 60°C - 72°C - 74°C | Throttling: None - None - None - None - None - None - None - None
692 (760862 Gflops/s) - 679 (746568 Gflops/s) - 673 (739971 Gflops/s) - 687 (755364 Gflops/s) - 670 (736672 Gflops/s) - 682 (749866 Gflops/s) - 683 (750966 Gflops/s) - 667 (733374 Gflops/s) | Temperatures: 60°C - 61°C - 72°C - 68°C - 63°C - 60°C - 72°C - 74°C | Throttling: None - None - None - None - None - None - None - None
692 (760862 Gflops/s) - 681 (748767 Gflops/s) - 675 (742170 Gflops/s) - 686 (754264 Gflops/s) - 671 (737772 Gflops/s) - 683 (750966 Gflops/s) - 685 (753165 Gflops/s) - 669 (735573 Gflops/s) | Temperatures: 60°C - 61°C - 72°C - 68°C - 62°C - 60°C - 72°C - 74°C | Throttling: None - None - None - None - None - None - None - None
692 (760862 Gflops/s) - 680 (747667 Gflops/s) - 672 (738871 Gflops/s) - 687 (755364 Gflops/s) - 671 (737772 Gflops/s) - 682 (749866 Gflops/s) - 684 (752065 Gflops/s) - 668 (734473 Gflops/s) | Temperatures: 60°C - 61°C - 72°C - 68°C - 62°C - 60°C - 72°C - 74°C | Throttling: None - None - None - None - None - None - None - None
692 (760862 Gflops/s) - 680 (747667 Gflops/s) - 673 (739971 Gflops/s) - 687 (755364 Gflops/s) - 671 (737772 Gflops/s) - 683 (750966 Gflops/s) - 684 (752065 Gflops/s) - 668 (734473 Gflops/s) | Temperatures: 60°C - 61°C - 72°C - 68°C - 63°C - 60°C - 72°C - 74°C | Throttling: None - None - None - None - None - None - None - None
691 (759762 Gflops/s) - 680 (747667 Gflops/s) - 673 (739971 Gflops/s) - 686 (754264 Gflops/s) - 670 (736672 Gflops/s) - 682 (749866 Gflops/s) - 683 (750966 Gflops/s) - 668 (734473 Gflops/s) | Temperatures: 60°C - 61°C - 72°C - 68°C - 63°C - 60°C - 72°C - 74°C | Throttling: None - None - None - None - None - None - None - None
692 (760862 Gflops/s) - 680 (747667 Gflops/s) - 673 (739971 Gflops/s) - 687 (755364 Gflops/s) - 670 (736672 Gflops/s) - 682 (749866 Gflops/s) - 684 (752065 Gflops/s) - 669 (735573 Gflops/s) | Temperatures: 60°C - 61°C - 72°C - 68°C - 63°C - 60°C - 72°C - 74°C | Throttling: None - None - None - None - None - None - None - None
693 (761961 Gflops/s) - 681 (748767 Gflops/s) - 674 (741070 Gflops/s) - 687 (755364 Gflops/s) - 671 (737772 Gflops/s) - 682 (749866 Gflops/s) - 684 (752065 Gflops/s) - 668 (734473 Gflops/s) | Temperatures: 60°C - 61°C - 72°C - 68°C - 63°C - 60°C - 72°C - 74°C | Throttling: None - None - None - None - None - None - None - None
692 (760862 Gflops/s) - 680 (747667 Gflops/s) - 674 (741070 Gflops/s) - 687 (755364 Gflops/s) - 671 (737772 Gflops/s) - 683 (750966 Gflops/s) - 685 (753165 Gflops/s) - 669 (735573 Gflops/s) | Temperatures: 60°C - 61°C - 72°C - 68°C - 63°C - 60°C - 72°C - 74°C | Throttling: None - None - None - None - None - None - None - None
692 (760862 Gflops/s) - 679 (746568 Gflops/s) - 672 (738871 Gflops/s) - 686 (754264 Gflops/s) - 670 (736672 Gflops/s) - 682 (749866 Gflops/s) - 683 (750966 Gflops/s) - 667 (733374 Gflops/s) | Temperatures: 60°C - 61°C - 72°C - 68°C - 63°C - 60°C - 72°C - 74°C | Throttling: None - None - None - None - None - None - None - None
692 (760862 Gflops/s) - 681 (748767 Gflops/s) - 673 (739971 Gflops/s) - 687 (755364 Gflops/s) - 672 (738871 Gflops/s) - 682 (749866 Gflops/s) - 684 (752065 Gflops/s) - 669 (735573 Gflops/s) | Temperatures: 60°C - 61°C - 72°C - 68°C - 63°C - 60°C - 72°C - 74°C | Throttling: None - None - None - None - None - None - None - None
693 (761961 Gflops/s) - 679 (746568 Gflops/s) - 675 (742170 Gflops/s) - 687 (755364 Gflops/s) - 670 (736672 Gflops/s) - 682 (749866 Gflops/s) - 684 (752065 Gflops/s) - 668 (734473 Gflops/s) | Temperatures: 60°C - 61°C - 72°C - 68°C - 62°C - 60°C - 72°C - 74°C | Throttling: None - None - None - None - None - None - None - None
693 (761961 Gflops/s) - 681 (748767 Gflops/s) - 673 (739971 Gflops/s) - 688 (756463 Gflops/s) - 671 (737772 Gflops/s) - 683 (750966 Gflops/s) - 684 (752065 Gflops/s) - 669 (735573 Gflops/s) | Temperatures: 60°C - 61°C - 72°C - 69°C - 63°C - 60°C - 72°C - 74°C | Throttling: None - None - None - None - None - None - None - None
692 (760862 Gflops/s) - 679 (746568 Gflops/s) - 672 (738871 Gflops/s) - 686 (754264 Gflops/s) - 670 (736672 Gflops/s) - 681 (748767 Gflops/s) - 683 (750966 Gflops/s) - 668 (734473 Gflops/s) | Temperatures: 60°C - 61°C - 72°C - 68°C - 63°C - 60°C - 72°C - 74°C | Throttling: None - None - None - None - None - None - None - None
691 (759762 Gflops/s) - 680 (747667 Gflops/s) - 667 (733374 Gflops/s) - 687 (755364 Gflops/s) - 671 (737772 Gflops/s) - 683 (750966 Gflops/s) - 684 (752065 Gflops/s) - 668 (734473 Gflops/s) | Temperatures: 60°C - 61°C - 72°C - 69°C - 63°C - 60°C - 72°C - 74°C | Throttling: None - None - None - None - None - None - None - None
GPU #0: 761739 Gflops/s (min: 745468.88, max: 778454.23, dev: 761738.63)
         Temperature: 59.59°C (min: 52.00, max: 60.00)
         Throttling HW: false, Thermal SW: false, Thermal HW: false
GPU #1: 748405 Gflops/s (min: 736672.79, max: 758663.02, dev: 748404.69)
         Temperature: 60.74°C (min: 53.00, max: 62.00)
         Throttling HW: false, Thermal SW: false, Thermal HW: false
GPU #2: 742620 Gflops/s (min: 724578.16, max: 759762.53, dev: 742619.98)
         Temperature: 71.07°C (min: 58.00, max: 72.00)
         Throttling HW: false, Thermal SW: false, Thermal HW: false
GPU #3: 756373 Gflops/s (min: 743269.86, max: 772956.67, dev: 756373.32)
         Temperature: 67.04°C (min: 54.00, max: 69.00)
         Throttling HW: false, Thermal SW: false, Thermal HW: false
GPU #4: 737935 Gflops/s (min: 724578.16, max: 752065.95, dev: 737934.77)
         Temperature: 62.30°C (min: 55.00, max: 63.00)
         Throttling HW: false, Thermal SW: false, Thermal HW: false
GPU #5: 750861 Gflops/s (min: 733374.26, max: 767459.12, dev: 750860.65)
         Temperature: 59.72°C (min: 52.00, max: 61.00)
         Throttling HW: false, Thermal SW: false, Thermal HW: false
GPU #6: 754223 Gflops/s (min: 738871.81, max: 779553.74, dev: 754223.41)
         Temperature: 70.28°C (min: 57.00, max: 72.00)
         Throttling HW: false, Thermal SW: false, Thermal HW: false
GPU #7: 736926 Gflops/s (min: 716881.58, max: 768558.63, dev: 736925.94)
         Temperature: 72.68°C (min: 60.00, max: 74.00)
         Throttling HW: false, Thermal SW: false, Thermal HW: false
All GPUs seem healthy
Freeing GPUs...
======== Run with bf16 ==========
Detected GPU #0: "NVIDIA B200" (95d3cf9d-249a-e24f-0e05-547d3acc3a0c)
Detected GPU #1: "NVIDIA B200" (958a9124-43fb-702d-122a-f59fd3837000)
Detected GPU #2: "NVIDIA B200" (41f97fa2-c33f-d272-a3b7-1e1e2a513053)
Detected GPU #3: "NVIDIA B200" (470ba4ed-5784-de4f-c67c-8e3f7d2f3bd5)
Detected GPU #4: "NVIDIA B200" (e7c9aeb4-cb76-b389-9534-5a052b72a557)
Detected GPU #5: "NVIDIA B200" (1dffed33-e193-3fd2-f427-16ca7b79f2cd)
Detected GPU #6: "NVIDIA B200" (dacdec70-622b-5b39-3021-8f46b6323605)
Detected GPU #7: "NVIDIA B200" (da19d1ea-2f06-3661-6750-4a69f769fa6b)
Using precision(s):  BF16 
Creating random matrices
Matrices created
GPU #0: Using 163805 MB
GPU #1: Using 163805 MB
GPU #2: Using 163805 MB
GPU #3: Using 163805 MB
GPU #4: Using 163805 MB
GPU #5: Using 163805 MB
GPU #6: Using 163805 MB
GPU #7: Using 163805 MB
1796 (1974722 Gflops/s) - 1779 (1956031 Gflops/s) - 1787 (1964827 Gflops/s) - 1794 (1972523 Gflops/s) - 1767 (1942837 Gflops/s) - 1789 (1967026 Gflops/s) - 1799 (1978021 Gflops/s) - 1784 (1961528 Gflops/s) | Temperatures: 48°C - 50°C - 59°C - 57°C - 52°C - 50°C - 58°C - 61°C | Throttling: None - None - None - None - None - None - None - None
1356 (1490937 Gflops/s) - 1325 (1456852 Gflops/s) - 1333 (1465648 Gflops/s) - 1351 (1485440 Gflops/s) - 1309 (1439260 Gflops/s) - 1333 (1465648 Gflops/s) - 1356 (1490937 Gflops/s) - 1325 (1456852 Gflops/s) | Temperatures: 51°C - 52°C - 61°C - 58°C - 54°C - 51°C - 60°C - 63°C | Throttling: None - None - None - None - None - None - None - None
1355 (1489838 Gflops/s) - 1326 (1457952 Gflops/s) - 1329 (1461250 Gflops/s) - 1348 (1482141 Gflops/s) - 1317 (1448056 Gflops/s) - 1331 (1463449 Gflops/s) - 1356 (1490937 Gflops/s) - 1323 (1454653 Gflops/s) | Temperatures: 52°C - 54°C - 62°C - 58°C - 55°C - 52°C - 61°C - 64°C | Throttling: None - None - None - None - None - None - None - None
1353 (1487639 Gflops/s) - 1331 (1463449 Gflops/s) - 1330 (1462350 Gflops/s) - 1349 (1483241 Gflops/s) - 1315 (1445857 Gflops/s) - 1332 (1464549 Gflops/s) - 1355 (1489838 Gflops/s) - 1323 (1454653 Gflops/s) | Temperatures: 53°C - 54°C - 63°C - 59°C - 56°C - 53°C - 62°C - 64°C | Throttling: None - None - None - None - None - None - None - None
1353 (1487639 Gflops/s) - 1333 (1465648 Gflops/s) - 1329 (1461250 Gflops/s) - 1347 (1481042 Gflops/s) - 1313 (1443658 Gflops/s) - 1330 (1462350 Gflops/s) - 1354 (1488738 Gflops/s) - 1323 (1454653 Gflops/s) | Temperatures: 53°C - 55°C - 63°C - 59°C - 56°C - 54°C - 62°C - 65°C | Throttling: None - None - None - None - None - None - None - None
1350 (1484340 Gflops/s) - 1328 (1460151 Gflops/s) - 1327 (1459051 Gflops/s) - 1347 (1481042 Gflops/s) - 1310 (1440360 Gflops/s) - 1332 (1464549 Gflops/s) - 1349 (1483241 Gflops/s) - 1320 (1451355 Gflops/s) | Temperatures: 54°C - 55°C - 64°C - 60°C - 56°C - 54°C - 63°C - 65°C | Throttling: None - None - None - None - None - None - None - None
1349 (1483241 Gflops/s) - 1331 (1463449 Gflops/s) - 1333 (1465648 Gflops/s) - 1346 (1479942 Gflops/s) - 1312 (1442559 Gflops/s) - 1334 (1466748 Gflops/s) - 1348 (1482141 Gflops/s) - 1322 (1453554 Gflops/s) | Temperatures: 54°C - 56°C - 64°C - 60°C - 57°C - 54°C - 63°C - 66°C | Throttling: None - None - None - None - None - None - None - None
1347 (1481042 Gflops/s) - 1329 (1461250 Gflops/s) - 1333 (1465648 Gflops/s) - 1349 (1483241 Gflops/s) - 1308 (1438161 Gflops/s) - 1341 (1474445 Gflops/s) - 1349 (1483241 Gflops/s) - 1320 (1451355 Gflops/s) | Temperatures: 54°C - 56°C - 65°C - 61°C - 57°C - 55°C - 64°C - 66°C | Throttling: None - None - None - None - None - None - None - None
1342 (1475544 Gflops/s) - 1327 (1459051 Gflops/s) - 1332 (1464549 Gflops/s) - 1346 (1479942 Gflops/s) - 1307 (1437061 Gflops/s) - 1339 (1472246 Gflops/s) - 1352 (1486539 Gflops/s) - 1322 (1453554 Gflops/s) | Temperatures: 55°C - 57°C - 65°C - 61°C - 58°C - 55°C - 64°C - 66°C | Throttling: None - None - None - None - None - None - None - None
1345 (1478843 Gflops/s) - 1328 (1460151 Gflops/s) - 1334 (1466748 Gflops/s) - 1348 (1482141 Gflops/s) - 1308 (1438161 Gflops/s) - 1340 (1473345 Gflops/s) - 1354 (1488738 Gflops/s) - 1324 (1455753 Gflops/s) | Temperatures: 55°C - 57°C - 65°C - 61°C - 58°C - 55°C - 64°C - 67°C | Throttling: None - None - None - None - None - None - None - None
1350 (1484340 Gflops/s) - 1329 (1461250 Gflops/s) - 1334 (1466748 Gflops/s) - 1345 (1478843 Gflops/s) - 1309 (1439260 Gflops/s) - 1338 (1471146 Gflops/s) - 1354 (1488738 Gflops/s) - 1324 (1455753 Gflops/s) | Temperatures: 56°C - 57°C - 66°C - 62°C - 58°C - 56°C - 65°C - 67°C | Throttling: None - None - None - None - None - None - None - None
1355 (1489838 Gflops/s) - 1330 (1462350 Gflops/s) - 1330 (1462350 Gflops/s) - 1344 (1477743 Gflops/s) - 1307 (1437061 Gflops/s) - 1335 (1467848 Gflops/s) - 1352 (1486539 Gflops/s) - 1323 (1454653 Gflops/s) | Temperatures: 56°C - 58°C - 66°C - 62°C - 59°C - 56°C - 65°C - 68°C | Throttling: None - None - None - None - None - None - None - None
1355 (1489838 Gflops/s) - 1333 (1465648 Gflops/s) - 1332 (1464549 Gflops/s) - 1345 (1478843 Gflops/s) - 1307 (1437061 Gflops/s) - 1335 (1467848 Gflops/s) - 1353 (1487639 Gflops/s) - 1325 (1456852 Gflops/s) | Temperatures: 56°C - 58°C - 66°C - 62°C - 59°C - 56°C - 65°C - 68°C | Throttling: None - None - None - None - None - None - None - None
1355 (1489838 Gflops/s) - 1331 (1463449 Gflops/s) - 1331 (1463449 Gflops/s) - 1340 (1473345 Gflops/s) - 1308 (1438161 Gflops/s) - 1335 (1467848 Gflops/s) - 1352 (1486539 Gflops/s) - 1324 (1455753 Gflops/s) | Temperatures: 57°C - 58°C - 67°C - 63°C - 59°C - 57°C - 66°C - 68°C | Throttling: None - None - None - None - None - None - None - None
1352 (1486539 Gflops/s) - 1331 (1463449 Gflops/s) - 1329 (1461250 Gflops/s) - 1343 (1476644 Gflops/s) - 1305 (1434862 Gflops/s) - 1332 (1464549 Gflops/s) - 1352 (1486539 Gflops/s) - 1323 (1454653 Gflops/s) | Temperatures: 57°C - 58°C - 67°C - 63°C - 60°C - 57°C - 66°C - 69°C | Throttling: None - None - None - None - None - None - None - None
1354 (1488738 Gflops/s) - 1330 (1462350 Gflops/s) - 1332 (1464549 Gflops/s) - 1344 (1477743 Gflops/s) - 1306 (1435962 Gflops/s) - 1334 (1466748 Gflops/s) - 1353 (1487639 Gflops/s) - 1324 (1455753 Gflops/s) | Temperatures: 57°C - 59°C - 67°C - 63°C - 60°C - 57°C - 66°C - 69°C | Throttling: None - None - None - None - None - None - None - None
1356 (1490937 Gflops/s) - 1331 (1463449 Gflops/s) - 1327 (1459051 Gflops/s) - 1342 (1475544 Gflops/s) - 1307 (1437061 Gflops/s) - 1332 (1464549 Gflops/s) - 1352 (1486539 Gflops/s) - 1324 (1455753 Gflops/s) | Temperatures: 57°C - 59°C - 68°C - 64°C - 60°C - 58°C - 67°C - 69°C | Throttling: None - None - None - None - None - None - None - None
1352 (1486539 Gflops/s) - 1330 (1462350 Gflops/s) - 1329 (1461250 Gflops/s) - 1341 (1474445 Gflops/s) - 1304 (1433763 Gflops/s) - 1333 (1465648 Gflops/s) - 1353 (1487639 Gflops/s) - 1323 (1454653 Gflops/s) | Temperatures: 58°C - 59°C - 68°C - 64°C - 60°C - 58°C - 67°C - 69°C | Throttling: None - None - None - None - None - None - None - None
1350 (1484340 Gflops/s) - 1328 (1460151 Gflops/s) - 1327 (1459051 Gflops/s) - 1342 (1475544 Gflops/s) - 1306 (1435962 Gflops/s) - 1334 (1466748 Gflops/s) - 1349 (1483241 Gflops/s) - 1324 (1455753 Gflops/s) | Temperatures: 58°C - 59°C - 68°C - 64°C - 61°C - 58°C - 67°C - 70°C | Throttling: None - None - None - None - None - None - None - None
1352 (1486539 Gflops/s) - 1328 (1460151 Gflops/s) - 1327 (1459051 Gflops/s) - 1344 (1477743 Gflops/s) - 1305 (1434862 Gflops/s) - 1333 (1465648 Gflops/s) - 1349 (1483241 Gflops/s) - 1324 (1455753 Gflops/s) | Temperatures: 58°C - 60°C - 68°C - 64°C - 61°C - 58°C - 67°C - 70°C | Throttling: None - None - None - None - None - None - None - None
1350 (1484340 Gflops/s) - 1327 (1459051 Gflops/s) - 1325 (1456852 Gflops/s) - 1347 (1481042 Gflops/s) - 1305 (1434862 Gflops/s) - 1332 (1464549 Gflops/s) - 1348 (1482141 Gflops/s) - 1323 (1454653 Gflops/s) | Temperatures: 58°C - 60°C - 69°C - 65°C - 61°C - 59°C - 68°C - 70°C | Throttling: None - None - None - None - None - None - None - None
1350 (1484340 Gflops/s) - 1328 (1460151 Gflops/s) - 1326 (1457952 Gflops/s) - 1348 (1482141 Gflops/s) - 1300 (1429365 Gflops/s) - 1334 (1466748 Gflops/s) - 1348 (1482141 Gflops/s) - 1323 (1454653 Gflops/s) | Temperatures: 59°C - 60°C - 69°C - 65°C - 61°C - 59°C - 68°C - 71°C | Throttling: None - None - None - None - None - None - None - None
1348 (1482141 Gflops/s) - 1326 (1457952 Gflops/s) - 1326 (1457952 Gflops/s) - 1346 (1479942 Gflops/s) - 1300 (1429365 Gflops/s) - 1333 (1465648 Gflops/s) - 1346 (1479942 Gflops/s) - 1322 (1453554 Gflops/s) | Temperatures: 59°C - 60°C - 69°C - 65°C - 61°C - 59°C - 68°C - 71°C | Throttling: None - None - None - None - None - None - None - None
1350 (1484340 Gflops/s) - 1327 (1459051 Gflops/s) - 1326 (1457952 Gflops/s) - 1346 (1479942 Gflops/s) - 1304 (1433763 Gflops/s) - 1335 (1467848 Gflops/s) - 1345 (1478843 Gflops/s) - 1323 (1454653 Gflops/s) | Temperatures: 59°C - 60°C - 70°C - 65°C - 62°C - 59°C - 69°C - 71°C | Throttling: None - None - None - None - None - None - None - None
1348 (1482141 Gflops/s) - 1326 (1457952 Gflops/s) - 1324 (1455753 Gflops/s) - 1345 (1478843 Gflops/s) - 1300 (1429365 Gflops/s) - 1329 (1461250 Gflops/s) - 1345 (1478843 Gflops/s) - 1321 (1452454 Gflops/s) | Temperatures: 59°C - 60°C - 70°C - 66°C - 62°C - 59°C - 69°C - 71°C | Throttling: None - None - None - None - None - None - None - None
1348 (1482141 Gflops/s) - 1325 (1456852 Gflops/s) - 1326 (1457952 Gflops/s) - 1346 (1479942 Gflops/s) - 1301 (1430464 Gflops/s) - 1333 (1465648 Gflops/s) - 1345 (1478843 Gflops/s) - 1322 (1453554 Gflops/s) | Temperatures: 59°C - 61°C - 70°C - 66°C - 62°C - 60°C - 69°C - 72°C | Throttling: None - None - None - None - None - None - None - None
1346 (1479942 Gflops/s) - 1325 (1456852 Gflops/s) - 1324 (1455753 Gflops/s) - 1345 (1478843 Gflops/s) - 1300 (1429365 Gflops/s) - 1333 (1465648 Gflops/s) - 1345 (1478843 Gflops/s) - 1323 (1454653 Gflops/s) | Temperatures: 59°C - 61°C - 70°C - 66°C - 62°C - 60°C - 69°C - 72°C | Throttling: None - None - None - None - None - None - None - None
1347 (1481042 Gflops/s) - 1324 (1455753 Gflops/s) - 1324 (1455753 Gflops/s) - 1344 (1477743 Gflops/s) - 1300 (1429365 Gflops/s) - 1330 (1462350 Gflops/s) - 1345 (1478843 Gflops/s) - 1321 (1452454 Gflops/s) | Temperatures: 60°C - 61°C - 70°C - 66°C - 62°C - 60°C - 70°C - 72°C | Throttling: None - None - None - None - None - None - None - None
1348 (1482141 Gflops/s) - 1326 (1457952 Gflops/s) - 1324 (1455753 Gflops/s) - 1344 (1477743 Gflops/s) - 1303 (1432663 Gflops/s) - 1330 (1462350 Gflops/s) - 1345 (1478843 Gflops/s) - 1321 (1452454 Gflops/s) | Temperatures: 60°C - 61°C - 71°C - 66°C - 62°C - 60°C - 70°C - 72°C | Throttling: None - None - None - None - None - None - None - None
1348 (1482141 Gflops/s) - 1324 (1455753 Gflops/s) - 1324 (1455753 Gflops/s) - 1344 (1477743 Gflops/s) - 1301 (1430464 Gflops/s) - 1331 (1463449 Gflops/s) - 1345 (1478843 Gflops/s) - 1320 (1451355 Gflops/s) | Temperatures: 60°C - 61°C - 71°C - 67°C - 62°C - 60°C - 70°C - 72°C | Throttling: None - None - None - None - None - None - None - None
1348 (1482141 Gflops/s) - 1323 (1454653 Gflops/s) - 1323 (1454653 Gflops/s) - 1342 (1475544 Gflops/s) - 1301 (1430464 Gflops/s) - 1329 (1461250 Gflops/s) - 1344 (1477743 Gflops/s) - 1320 (1451355 Gflops/s) | Temperatures: 60°C - 61°C - 71°C - 67°C - 62°C - 60°C - 70°C - 72°C | Throttling: None - None - None - None - None - None - None - None
1347 (1481042 Gflops/s) - 1325 (1456852 Gflops/s) - 1322 (1453554 Gflops/s) - 1341 (1474445 Gflops/s) - 1299 (1428265 Gflops/s) - 1330 (1462350 Gflops/s) - 1345 (1478843 Gflops/s) - 1320 (1451355 Gflops/s) | Temperatures: 60°C - 61°C - 71°C - 67°C - 62°C - 60°C - 70°C - 73°C | Throttling: None - None - None - None - None - None - None - None
1346 (1479942 Gflops/s) - 1323 (1454653 Gflops/s) - 1323 (1454653 Gflops/s) - 1341 (1474445 Gflops/s) - 1300 (1429365 Gflops/s) - 1329 (1461250 Gflops/s) - 1345 (1478843 Gflops/s) - 1321 (1452454 Gflops/s) | Temperatures: 60°C - 61°C - 71°C - 67°C - 62°C - 60°C - 70°C - 73°C | Throttling: None - None - None - None - None - None - None - None
1345 (1478843 Gflops/s) - 1323 (1454653 Gflops/s) - 1323 (1454653 Gflops/s) - 1342 (1475544 Gflops/s) - 1305 (1434862 Gflops/s) - 1329 (1461250 Gflops/s) - 1344 (1477743 Gflops/s) - 1320 (1451355 Gflops/s) | Temperatures: 60°C - 61°C - 71°C - 67°C - 62°C - 60°C - 70°C - 73°C | Throttling: None - None - None - None - None - None - None - None
1345 (1478843 Gflops/s) - 1324 (1455753 Gflops/s) - 1323 (1454653 Gflops/s) - 1340 (1473345 Gflops/s) - 1296 (1424967 Gflops/s) - 1330 (1462350 Gflops/s) - 1344 (1477743 Gflops/s) - 1320 (1451355 Gflops/s) | Temperatures: 60°C - 61°C - 71°C - 67°C - 62°C - 61°C - 71°C - 73°C | Throttling: None - None - None - None - None - None - None - None
1346 (1479942 Gflops/s) - 1324 (1455753 Gflops/s) - 1323 (1454653 Gflops/s) - 1338 (1471146 Gflops/s) - 1299 (1428265 Gflops/s) - 1328 (1460151 Gflops/s) - 1344 (1477743 Gflops/s) - 1320 (1451355 Gflops/s) | Temperatures: 60°C - 62°C - 71°C - 67°C - 63°C - 60°C - 71°C - 73°C | Throttling: None - None - None - None - None - None - None - None
1347 (1481042 Gflops/s) - 1323 (1454653 Gflops/s) - 1322 (1453554 Gflops/s) - 1341 (1474445 Gflops/s) - 1299 (1428265 Gflops/s) - 1326 (1457952 Gflops/s) - 1344 (1477743 Gflops/s) - 1319 (1450255 Gflops/s) | Temperatures: 60°C - 62°C - 72°C - 68°C - 63°C - 60°C - 71°C - 73°C | Throttling: None - None - None - None - None - None - None - None
1346 (1479942 Gflops/s) - 1326 (1457952 Gflops/s) - 1321 (1452454 Gflops/s) - 1340 (1473345 Gflops/s) - 1301 (1430464 Gflops/s) - 1329 (1461250 Gflops/s) - 1343 (1476644 Gflops/s) - 1319 (1450255 Gflops/s) | Temperatures: 60°C - 62°C - 72°C - 68°C - 63°C - 60°C - 71°C - 73°C | Throttling: None - None - None - None - None - None - None - None
1343 (1476644 Gflops/s) - 1324 (1455753 Gflops/s) - 1321 (1452454 Gflops/s) - 1338 (1471146 Gflops/s) - 1297 (1426066 Gflops/s) - 1329 (1461250 Gflops/s) - 1343 (1476644 Gflops/s) - 1317 (1448056 Gflops/s) | Temperatures: 60°C - 62°C - 72°C - 68°C - 63°C - 60°C - 71°C - 73°C | Throttling: None - None - None - None - None - None - None - None
1345 (1478843 Gflops/s) - 1323 (1454653 Gflops/s) - 1321 (1452454 Gflops/s) - 1338 (1471146 Gflops/s) - 1298 (1427166 Gflops/s) - 1325 (1456852 Gflops/s) - 1343 (1476644 Gflops/s) - 1316 (1446957 Gflops/s) | Temperatures: 60°C - 62°C - 72°C - 68°C - 63°C - 60°C - 71°C - 74°C | Throttling: None - None - None - None - None - None - None - None
1344 (1477743 Gflops/s) - 1322 (1453554 Gflops/s) - 1320 (1451355 Gflops/s) - 1339 (1472246 Gflops/s) - 1299 (1428265 Gflops/s) - 1328 (1460151 Gflops/s) - 1342 (1475544 Gflops/s) - 1317 (1448056 Gflops/s) | Temperatures: 60°C - 62°C - 72°C - 68°C - 63°C - 60°C - 71°C - 74°C | Throttling: None - None - None - None - None - None - None - None
1345 (1478843 Gflops/s) - 1322 (1453554 Gflops/s) - 1321 (1452454 Gflops/s) - 1338 (1471146 Gflops/s) - 1299 (1428265 Gflops/s) - 1327 (1459051 Gflops/s) - 1342 (1475544 Gflops/s) - 1318 (1449156 Gflops/s) | Temperatures: 60°C - 62°C - 72°C - 68°C - 63°C - 61°C - 71°C - 74°C | Throttling: None - None - None - None - None - None - None - None
1345 (1478843 Gflops/s) - 1321 (1452454 Gflops/s) - 1321 (1452454 Gflops/s) - 1338 (1471146 Gflops/s) - 1296 (1424967 Gflops/s) - 1328 (1460151 Gflops/s) - 1341 (1474445 Gflops/s) - 1316 (1446957 Gflops/s) | Temperatures: 60°C - 62°C - 72°C - 68°C - 63°C - 60°C - 71°C - 74°C | Throttling: None - None - None - None - None - None - None - None
1344 (1477743 Gflops/s) - 1323 (1454653 Gflops/s) - 1320 (1451355 Gflops/s) - 1338 (1471146 Gflops/s) - 1300 (1429365 Gflops/s) - 1326 (1457952 Gflops/s) - 1341 (1474445 Gflops/s) - 1317 (1448056 Gflops/s) | Temperatures: 60°C - 62°C - 72°C - 68°C - 63°C - 61°C - 72°C - 74°C | Throttling: None - None - None - None - None - None - None - None
1345 (1478843 Gflops/s) - 1322 (1453554 Gflops/s) - 1320 (1451355 Gflops/s) - 1338 (1471146 Gflops/s) - 1299 (1428265 Gflops/s) - 1328 (1460151 Gflops/s) - 1342 (1475544 Gflops/s) - 1316 (1446957 Gflops/s) | Temperatures: 60°C - 62°C - 72°C - 68°C - 63°C - 60°C - 72°C - 74°C | Throttling: None - None - None - None - None - None - None - None
1345 (1478843 Gflops/s) - 1324 (1455753 Gflops/s) - 1320 (1451355 Gflops/s) - 1338 (1471146 Gflops/s) - 1297 (1426066 Gflops/s) - 1328 (1460151 Gflops/s) - 1340 (1473345 Gflops/s) - 1317 (1448056 Gflops/s) | Temperatures: 60°C - 62°C - 72°C - 68°C - 63°C - 60°C - 72°C - 74°C | Throttling: None - None - None - None - None - None - None - None
1344 (1477743 Gflops/s) - 1322 (1453554 Gflops/s) - 1320 (1451355 Gflops/s) - 1338 (1471146 Gflops/s) - 1299 (1428265 Gflops/s) - 1327 (1459051 Gflops/s) - 1341 (1474445 Gflops/s) - 1314 (1444758 Gflops/s) | Temperatures: 60°C - 62°C - 72°C - 68°C - 63°C - 60°C - 71°C - 74°C | Throttling: None - None - None - None - None - None - None - None
1346 (1479942 Gflops/s) - 1322 (1453554 Gflops/s) - 1321 (1452454 Gflops/s) - 1339 (1472246 Gflops/s) - 1297 (1426066 Gflops/s) - 1329 (1461250 Gflops/s) - 1341 (1474445 Gflops/s) - 1314 (1444758 Gflops/s) | Temperatures: 60°C - 62°C - 72°C - 68°C - 63°C - 61°C - 72°C - 74°C | Throttling: None - None - None - None - None - None - None - None
1347 (1481042 Gflops/s) - 1322 (1453554 Gflops/s) - 1319 (1450255 Gflops/s) - 1337 (1470047 Gflops/s) - 1298 (1427166 Gflops/s) - 1328 (1460151 Gflops/s) - 1339 (1472246 Gflops/s) - 1316 (1446957 Gflops/s) | Temperatures: 60°C - 62°C - 72°C - 68°C - 63°C - 60°C - 72°C - 74°C | Throttling: None - None - None - None - None - None - None - None
1345 (1478843 Gflops/s) - 1324 (1455753 Gflops/s) - 1319 (1450255 Gflops/s) - 1338 (1471146 Gflops/s) - 1302 (1431564 Gflops/s) - 1326 (1457952 Gflops/s) - 1340 (1473345 Gflops/s) - 1315 (1445857 Gflops/s) | Temperatures: 60°C - 62°C - 72°C - 68°C - 63°C - 60°C - 72°C - 74°C | Throttling: None - None - None - None - None - None - None - None
1345 (1478843 Gflops/s) - 1324 (1455753 Gflops/s) - 1322 (1453554 Gflops/s) - 1339 (1472246 Gflops/s) - 1300 (1429365 Gflops/s) - 1326 (1457952 Gflops/s) - 1340 (1473345 Gflops/s) - 1316 (1446957 Gflops/s) | Temperatures: 60°C - 62°C - 72°C - 68°C - 63°C - 60°C - 72°C - 74°C | Throttling: None - None - None - None - None - None - None - None
1344 (1477743 Gflops/s) - 1324 (1455753 Gflops/s) - 1319 (1450255 Gflops/s) - 1338 (1471146 Gflops/s) - 1297 (1426066 Gflops/s) - 1329 (1461250 Gflops/s) - 1340 (1473345 Gflops/s) - 1316 (1446957 Gflops/s) | Temperatures: 60°C - 62°C - 72°C - 68°C - 63°C - 60°C - 71°C - 74°C | Throttling: None - None - None - None - None - None - None - None
1343 (1476644 Gflops/s) - 1324 (1455753 Gflops/s) - 1320 (1451355 Gflops/s) - 1338 (1471146 Gflops/s) - 1298 (1427166 Gflops/s) - 1327 (1459051 Gflops/s) - 1340 (1473345 Gflops/s) - 1315 (1445857 Gflops/s) | Temperatures: 60°C - 62°C - 72°C - 68°C - 63°C - 60°C - 72°C - 74°C | Throttling: None - None - None - None - None - None - None - None
1345 (1478843 Gflops/s) - 1323 (1454653 Gflops/s) - 1319 (1450255 Gflops/s) - 1337 (1470047 Gflops/s) - 1298 (1427166 Gflops/s) - 1326 (1457952 Gflops/s) - 1341 (1474445 Gflops/s) - 1315 (1445857 Gflops/s) | Temperatures: 60°C - 62°C - 72°C - 68°C - 63°C - 60°C - 72°C - 74°C | Throttling: None - None - None - None - None - None - None - None
1344 (1477743 Gflops/s) - 1324 (1455753 Gflops/s) - 1319 (1450255 Gflops/s) - 1338 (1471146 Gflops/s) - 1299 (1428265 Gflops/s) - 1328 (1460151 Gflops/s) - 1339 (1472246 Gflops/s) - 1315 (1445857 Gflops/s) | Temperatures: 60°C - 62°C - 72°C - 68°C - 63°C - 60°C - 72°C - 74°C | Throttling: None - None - None - None - None - None - None - None
1345 (1478843 Gflops/s) - 1324 (1455753 Gflops/s) - 1319 (1450255 Gflops/s) - 1338 (1471146 Gflops/s) - 1302 (1431564 Gflops/s) - 1328 (1460151 Gflops/s) - 1340 (1473345 Gflops/s) - 1317 (1448056 Gflops/s) | Temperatures: 60°C - 62°C - 72°C - 68°C - 63°C - 60°C - 71°C - 74°C | Throttling: None - None - None - None - None - None - None - None
1343 (1476644 Gflops/s) - 1324 (1455753 Gflops/s) - 1319 (1450255 Gflops/s) - 1338 (1471146 Gflops/s) - 1298 (1427166 Gflops/s) - 1327 (1459051 Gflops/s) - 1341 (1474445 Gflops/s) - 1320 (1451355 Gflops/s) | Temperatures: 60°C - 62°C - 72°C - 68°C - 63°C - 60°C - 72°C - 74°C | Throttling: None - None - None - None - None - None - None - None
1344 (1477743 Gflops/s) - 1322 (1453554 Gflops/s) - 1320 (1451355 Gflops/s) - 1338 (1471146 Gflops/s) - 1301 (1430464 Gflops/s) - 1328 (1460151 Gflops/s) - 1340 (1473345 Gflops/s) - 1319 (1450255 Gflops/s) | Temperatures: 60°C - 62°C - 72°C - 68°C - 63°C - 60°C - 72°C - 74°C | Throttling: None - None - None - None - None - None - None - None
1345 (1478843 Gflops/s) - 1323 (1454653 Gflops/s) - 1319 (1450255 Gflops/s) - 1338 (1471146 Gflops/s) - 1298 (1427166 Gflops/s) - 1329 (1461250 Gflops/s) - 1340 (1473345 Gflops/s) - 1320 (1451355 Gflops/s) | Temperatures: 60°C - 62°C - 72°C - 68°C - 63°C - 60°C - 72°C - 74°C | Throttling: None - None - None - None - None - None - None - None
1346 (1479942 Gflops/s) - 1324 (1455753 Gflops/s) - 1319 (1450255 Gflops/s) - 1338 (1471146 Gflops/s) - 1301 (1430464 Gflops/s) - 1324 (1455753 Gflops/s) - 1340 (1473345 Gflops/s) - 1318 (1449156 Gflops/s) | Temperatures: 60°C - 62°C - 73°C - 68°C - 63°C - 60°C - 72°C - 74°C | Throttling: None - None - None - None - None - None - None - None
1342 (1475544 Gflops/s) - 1323 (1454653 Gflops/s) - 1320 (1451355 Gflops/s) - 1338 (1471146 Gflops/s) - 1296 (1424967 Gflops/s) - 1327 (1459051 Gflops/s) - 1340 (1473345 Gflops/s) - 1319 (1450255 Gflops/s) | Temperatures: 60°C - 62°C - 73°C - 68°C - 63°C - 60°C - 72°C - 74°C | Throttling: None - None - None - None - None - None - None - None
1344 (1477743 Gflops/s) - 1323 (1454653 Gflops/s) - 1320 (1451355 Gflops/s) - 1338 (1471146 Gflops/s) - 1297 (1426066 Gflops/s) - 1329 (1461250 Gflops/s) - 1339 (1472246 Gflops/s) - 1319 (1450255 Gflops/s) | Temperatures: 60°C - 62°C - 72°C - 68°C - 63°C - 60°C - 72°C - 74°C | Throttling: None - None - None - None - None - None - None - None
1345 (1478843 Gflops/s) - 1323 (1454653 Gflops/s) - 1319 (1450255 Gflops/s) - 1338 (1471146 Gflops/s) - 1300 (1429365 Gflops/s) - 1329 (1461250 Gflops/s) - 1340 (1473345 Gflops/s) - 1320 (1451355 Gflops/s) | Temperatures: 60°C - 62°C - 72°C - 68°C - 63°C - 60°C - 72°C - 74°C | Throttling: None - None - None - None - None - None - None - None
1344 (1477743 Gflops/s) - 1324 (1455753 Gflops/s) - 1320 (1451355 Gflops/s) - 1338 (1471146 Gflops/s) - 1297 (1426066 Gflops/s) - 1330 (1462350 Gflops/s) - 1340 (1473345 Gflops/s) - 1319 (1450255 Gflops/s) | Temperatures: 60°C - 62°C - 72°C - 68°C - 63°C - 60°C - 72°C - 74°C | Throttling: None - None - None - None - None - None - None - None
1344 (1477743 Gflops/s) - 1325 (1456852 Gflops/s) - 1319 (1450255 Gflops/s) - 1337 (1470047 Gflops/s) - 1300 (1429365 Gflops/s) - 1327 (1459051 Gflops/s) - 1340 (1473345 Gflops/s) - 1319 (1450255 Gflops/s) | Temperatures: 60°C - 62°C - 73°C - 68°C - 63°C - 60°C - 72°C - 74°C | Throttling: None - None - None - None - None - None - None - None
1343 (1476644 Gflops/s) - 1323 (1454653 Gflops/s) - 1319 (1450255 Gflops/s) - 1338 (1471146 Gflops/s) - 1297 (1426066 Gflops/s) - 1326 (1457952 Gflops/s) - 1340 (1473345 Gflops/s) - 1318 (1449156 Gflops/s) | Temperatures: 60°C - 61°C - 72°C - 68°C - 63°C - 60°C - 72°C - 74°C | Throttling: None - None - None - None - None - None - None - None
1345 (1478843 Gflops/s) - 1323 (1454653 Gflops/s) - 1320 (1451355 Gflops/s) - 1338 (1471146 Gflops/s) - 1297 (1426066 Gflops/s) - 1328 (1460151 Gflops/s) - 1340 (1473345 Gflops/s) - 1319 (1450255 Gflops/s) | Temperatures: 60°C - 62°C - 72°C - 68°C - 63°C - 60°C - 72°C - 74°C | Throttling: None - None - None - None - None - None - None - None
1345 (1478843 Gflops/s) - 1324 (1455753 Gflops/s) - 1320 (1451355 Gflops/s) - 1338 (1471146 Gflops/s) - 1299 (1428265 Gflops/s) - 1325 (1456852 Gflops/s) - 1340 (1473345 Gflops/s) - 1318 (1449156 Gflops/s) | Temperatures: 60°C - 62°C - 72°C - 68°C - 63°C - 60°C - 72°C - 74°C | Throttling: None - None - None - None - None - None - None - None
1347 (1481042 Gflops/s) - 1324 (1455753 Gflops/s) - 1319 (1450255 Gflops/s) - 1338 (1471146 Gflops/s) - 1299 (1428265 Gflops/s) - 1328 (1460151 Gflops/s) - 1342 (1475544 Gflops/s) - 1319 (1450255 Gflops/s) | Temperatures: 60°C - 62°C - 72°C - 68°C - 63°C - 60°C - 72°C - 74°C | Throttling: None - None - None - None - None - None - None - None
1344 (1477743 Gflops/s) - 1324 (1455753 Gflops/s) - 1320 (1451355 Gflops/s) - 1338 (1471146 Gflops/s) - 1303 (1432663 Gflops/s) - 1328 (1460151 Gflops/s) - 1339 (1472246 Gflops/s) - 1319 (1450255 Gflops/s) | Temperatures: 60°C - 62°C - 72°C - 68°C - 63°C - 60°C - 72°C - 74°C | Throttling: None - None - None - None - None - None - None - None
1343 (1476644 Gflops/s) - 1323 (1454653 Gflops/s) - 1320 (1451355 Gflops/s) - 1338 (1471146 Gflops/s) - 1297 (1426066 Gflops/s) - 1327 (1459051 Gflops/s) - 1340 (1473345 Gflops/s) - 1319 (1450255 Gflops/s) | Temperatures: 60°C - 62°C - 72°C - 68°C - 63°C - 60°C - 72°C - 74°C | Throttling: None - None - None - None - None - None - None - None
1346 (1479942 Gflops/s) - 1324 (1455753 Gflops/s) - 1318 (1449156 Gflops/s) - 1338 (1471146 Gflops/s) - 1297 (1426066 Gflops/s) - 1326 (1457952 Gflops/s) - 1340 (1473345 Gflops/s) - 1318 (1449156 Gflops/s) | Temperatures: 60°C - 61°C - 72°C - 68°C - 63°C - 60°C - 72°C - 74°C | Throttling: None - None - None - None - None - None - None - None
1344 (1477743 Gflops/s) - 1324 (1455753 Gflops/s) - 1319 (1450255 Gflops/s) - 1337 (1470047 Gflops/s) - 1299 (1428265 Gflops/s) - 1327 (1459051 Gflops/s) - 1341 (1474445 Gflops/s) - 1320 (1451355 Gflops/s) | Temperatures: 60°C - 62°C - 72°C - 68°C - 63°C - 60°C - 72°C - 74°C | Throttling: None - None - None - None - None - None - None - None
1344 (1477743 Gflops/s) - 1324 (1455753 Gflops/s) - 1319 (1450255 Gflops/s) - 1338 (1471146 Gflops/s) - 1295 (1423867 Gflops/s) - 1329 (1461250 Gflops/s) - 1340 (1473345 Gflops/s) - 1317 (1448056 Gflops/s) | Temperatures: 60°C - 61°C - 72°C - 69°C - 63°C - 60°C - 72°C - 74°C | Throttling: None - None - None - None - None - None - None - None
1344 (1477743 Gflops/s) - 1321 (1452454 Gflops/s) - 1320 (1451355 Gflops/s) - 1336 (1468947 Gflops/s) - 1298 (1427166 Gflops/s) - 1326 (1457952 Gflops/s) - 1339 (1472246 Gflops/s) - 1320 (1451355 Gflops/s) | Temperatures: 60°C - 61°C - 73°C - 68°C - 63°C - 60°C - 72°C - 74°C | Throttling: None - None - None - None - None - None - None - None
1344 (1477743 Gflops/s) - 1325 (1456852 Gflops/s) - 1320 (1451355 Gflops/s) - 1338 (1471146 Gflops/s) - 1296 (1424967 Gflops/s) - 1327 (1459051 Gflops/s) - 1340 (1473345 Gflops/s) - 1318 (1449156 Gflops/s) | Temperatures: 60°C - 62°C - 73°C - 69°C - 63°C - 60°C - 72°C - 74°C | Throttling: None - None - None - None - None - None - None - None
1344 (1477743 Gflops/s) - 1324 (1455753 Gflops/s) - 1319 (1450255 Gflops/s) - 1338 (1471146 Gflops/s) - 1299 (1428265 Gflops/s) - 1329 (1461250 Gflops/s) - 1341 (1474445 Gflops/s) - 1320 (1451355 Gflops/s) | Temperatures: 60°C - 62°C - 72°C - 68°C - 63°C - 60°C - 72°C - 74°C | Throttling: None - None - None - None - None - None - None - None
1345 (1478843 Gflops/s) - 1323 (1454653 Gflops/s) - 1319 (1450255 Gflops/s) - 1337 (1470047 Gflops/s) - 1301 (1430464 Gflops/s) - 1327 (1459051 Gflops/s) - 1340 (1473345 Gflops/s) - 1318 (1449156 Gflops/s) | Temperatures: 60°C - 61°C - 73°C - 68°C - 63°C - 60°C - 72°C - 74°C | Throttling: None - None - None - None - None - None - None - None
1344 (1477743 Gflops/s) - 1324 (1455753 Gflops/s) - 1321 (1452454 Gflops/s) - 1338 (1471146 Gflops/s) - 1298 (1427166 Gflops/s) - 1327 (1459051 Gflops/s) - 1340 (1473345 Gflops/s) - 1321 (1452454 Gflops/s) | Temperatures: 60°C - 61°C - 73°C - 68°C - 63°C - 60°C - 72°C - 74°C | Throttling: None - None - None - None - None - None - None - None
1345 (1478843 Gflops/s) - 1321 (1452454 Gflops/s) - 1317 (1448056 Gflops/s) - 1337 (1470047 Gflops/s) - 1297 (1426066 Gflops/s) - 1325 (1456852 Gflops/s) - 1340 (1473345 Gflops/s) - 1318 (1449156 Gflops/s) | Temperatures: 60°C - 62°C - 73°C - 69°C - 63°C - 60°C - 72°C - 74°C | Throttling: None - None - None - None - None - None - None - None
1345 (1478843 Gflops/s) - 1324 (1455753 Gflops/s) - 1319 (1450255 Gflops/s) - 1338 (1471146 Gflops/s) - 1295 (1423867 Gflops/s) - 1329 (1461250 Gflops/s) - 1340 (1473345 Gflops/s) - 1318 (1449156 Gflops/s) | Temperatures: 60°C - 61°C - 73°C - 69°C - 63°C - 60°C - 72°C - 74°C | Throttling: None - None - None - None - None - None - None - None
1344 (1477743 Gflops/s) - 1323 (1454653 Gflops/s) - 1319 (1450255 Gflops/s) - 1338 (1471146 Gflops/s) - 1300 (1429365 Gflops/s) - 1327 (1459051 Gflops/s) - 1341 (1474445 Gflops/s) - 1318 (1449156 Gflops/s) | Temperatures: 60°C - 61°C - 73°C - 69°C - 63°C - 60°C - 72°C - 74°C | Throttling: None - None - None - None - None - None - None - None
1344 (1477743 Gflops/s) - 1324 (1455753 Gflops/s) - 1319 (1450255 Gflops/s) - 1338 (1471146 Gflops/s) - 1302 (1431564 Gflops/s) - 1329 (1461250 Gflops/s) - 1340 (1473345 Gflops/s) - 1319 (1450255 Gflops/s) | Temperatures: 60°C - 62°C - 73°C - 69°C - 63°C - 60°C - 72°C - 74°C | Throttling: None - None - None - None - None - None - None - None
1344 (1477743 Gflops/s) - 1323 (1454653 Gflops/s) - 1319 (1450255 Gflops/s) - 1337 (1470047 Gflops/s) - 1300 (1429365 Gflops/s) - 1328 (1460151 Gflops/s) - 1340 (1473345 Gflops/s) - 1318 (1449156 Gflops/s) | Temperatures: 60°C - 62°C - 73°C - 69°C - 63°C - 60°C - 72°C - 74°C | Throttling: None - None - None - None - None - None - None - None
1344 (1477743 Gflops/s) - 1324 (1455753 Gflops/s) - 1319 (1450255 Gflops/s) - 1337 (1470047 Gflops/s) - 1296 (1424967 Gflops/s) - 1326 (1457952 Gflops/s) - 1340 (1473345 Gflops/s) - 1319 (1450255 Gflops/s) | Temperatures: 60°C - 62°C - 73°C - 69°C - 63°C - 60°C - 72°C - 74°C | Throttling: None - None - None - None - None - None - None - None
1343 (1476644 Gflops/s) - 1323 (1454653 Gflops/s) - 1319 (1450255 Gflops/s) - 1338 (1471146 Gflops/s) - 1299 (1428265 Gflops/s) - 1328 (1460151 Gflops/s) - 1340 (1473345 Gflops/s) - 1319 (1450255 Gflops/s) | Temperatures: 60°C - 61°C - 73°C - 69°C - 63°C - 60°C - 72°C - 74°C | Throttling: None - None - None - None - None - None - None - None
1344 (1477743 Gflops/s) - 1324 (1455753 Gflops/s) - 1319 (1450255 Gflops/s) - 1338 (1471146 Gflops/s) - 1299 (1428265 Gflops/s) - 1328 (1460151 Gflops/s) - 1341 (1474445 Gflops/s) - 1319 (1450255 Gflops/s) | Temperatures: 60°C - 62°C - 73°C - 68°C - 63°C - 60°C - 72°C - 74°C | Throttling: None - None - None - None - None - None - None - None
1344 (1477743 Gflops/s) - 1323 (1454653 Gflops/s) - 1318 (1449156 Gflops/s) - 1338 (1471146 Gflops/s) - 1300 (1429365 Gflops/s) - 1328 (1460151 Gflops/s) - 1340 (1473345 Gflops/s) - 1318 (1449156 Gflops/s) | Temperatures: 60°C - 61°C - 73°C - 69°C - 63°C - 60°C - 72°C - 74°C | Throttling: None - None - None - None - None - None - None - None
1343 (1476644 Gflops/s) - 1323 (1454653 Gflops/s) - 1319 (1450255 Gflops/s) - 1338 (1471146 Gflops/s) - 1298 (1427166 Gflops/s) - 1327 (1459051 Gflops/s) - 1340 (1473345 Gflops/s) - 1317 (1448056 Gflops/s) | Temperatures: 60°C - 62°C - 73°C - 68°C - 63°C - 60°C - 72°C - 74°C | Throttling: None - None - None - None - None - None - None - None
1345 (1478843 Gflops/s) - 1324 (1455753 Gflops/s) - 1318 (1449156 Gflops/s) - 1338 (1471146 Gflops/s) - 1301 (1430464 Gflops/s) - 1327 (1459051 Gflops/s) - 1339 (1472246 Gflops/s) - 1318 (1449156 Gflops/s) | Temperatures: 60°C - 62°C - 73°C - 69°C - 63°C - 60°C - 72°C - 74°C | Throttling: None - None - None - None - None - None - None - None
1345 (1478843 Gflops/s) - 1323 (1454653 Gflops/s) - 1318 (1449156 Gflops/s) - 1338 (1471146 Gflops/s) - 1299 (1428265 Gflops/s) - 1328 (1460151 Gflops/s) - 1340 (1473345 Gflops/s) - 1319 (1450255 Gflops/s) | Temperatures: 60°C - 62°C - 73°C - 69°C - 63°C - 60°C - 72°C - 74°C | Throttling: None - None - None - None - None - None - None - None
1344 (1477743 Gflops/s) - 1323 (1454653 Gflops/s) - 1319 (1450255 Gflops/s) - 1338 (1471146 Gflops/s) - 1299 (1428265 Gflops/s) - 1329 (1461250 Gflops/s) - 1340 (1473345 Gflops/s) - 1318 (1449156 Gflops/s) | Temperatures: 60°C - 62°C - 73°C - 69°C - 63°C - 60°C - 72°C - 74°C | Throttling: None - None - None - None - None - None - None - None
1345 (1478843 Gflops/s) - 1325 (1456852 Gflops/s) - 1319 (1450255 Gflops/s) - 1337 (1470047 Gflops/s) - 1297 (1426066 Gflops/s) - 1326 (1457952 Gflops/s) - 1340 (1473345 Gflops/s) - 1317 (1448056 Gflops/s) | Temperatures: 60°C - 62°C - 73°C - 69°C - 63°C - 60°C - 72°C - 74°C | Throttling: None - None - None - None - None - None - None - None
1345 (1478843 Gflops/s) - 1324 (1455753 Gflops/s) - 1319 (1450255 Gflops/s) - 1337 (1470047 Gflops/s) - 1301 (1430464 Gflops/s) - 1327 (1459051 Gflops/s) - 1340 (1473345 Gflops/s) - 1317 (1448056 Gflops/s) | Temperatures: 60°C - 62°C - 73°C - 69°C - 63°C - 60°C - 72°C - 74°C | Throttling: None - None - None - None - None - None - None - None
1345 (1478843 Gflops/s) - 1323 (1454653 Gflops/s) - 1319 (1450255 Gflops/s) - 1338 (1471146 Gflops/s) - 1297 (1426066 Gflops/s) - 1328 (1460151 Gflops/s) - 1340 (1473345 Gflops/s) - 1319 (1450255 Gflops/s) | Temperatures: 60°C - 62°C - 73°C - 69°C - 63°C - 60°C - 72°C - 74°C | Throttling: None - None - None - None - None - None - None - None
1343 (1476644 Gflops/s) - 1324 (1455753 Gflops/s) - 1317 (1448056 Gflops/s) - 1337 (1470047 Gflops/s) - 1298 (1427166 Gflops/s) - 1330 (1462350 Gflops/s) - 1340 (1473345 Gflops/s) - 1318 (1449156 Gflops/s) | Temperatures: 60°C - 62°C - 73°C - 69°C - 63°C - 60°C - 72°C - 74°C | Throttling: None - None - None - None - None - None - None - None
1344 (1477743 Gflops/s) - 1323 (1454653 Gflops/s) - 1318 (1449156 Gflops/s) - 1337 (1470047 Gflops/s) - 1298 (1427166 Gflops/s) - 1327 (1459051 Gflops/s) - 1340 (1473345 Gflops/s) - 1318 (1449156 Gflops/s) | Temperatures: 60°C - 62°C - 73°C - 68°C - 63°C - 60°C - 72°C - 74°C | Throttling: None - None - None - None - None - None - None - None
1344 (1477743 Gflops/s) - 1323 (1454653 Gflops/s) - 1318 (1449156 Gflops/s) - 1337 (1470047 Gflops/s) - 1299 (1428265 Gflops/s) - 1328 (1460151 Gflops/s) - 1341 (1474445 Gflops/s) - 1318 (1449156 Gflops/s) | Temperatures: 60°C - 61°C - 73°C - 69°C - 63°C - 60°C - 72°C - 74°C | Throttling: None - None - None - None - None - None - None - None
1345 (1478843 Gflops/s) - 1324 (1455753 Gflops/s) - 1319 (1450255 Gflops/s) - 1337 (1470047 Gflops/s) - 1298 (1427166 Gflops/s) - 1327 (1459051 Gflops/s) - 1340 (1473345 Gflops/s) - 1319 (1450255 Gflops/s) | Temperatures: 60°C - 62°C - 73°C - 69°C - 63°C - 60°C - 72°C - 74°C | Throttling: None - None - None - None - None - None - None - None
1346 (1479942 Gflops/s) - 1324 (1455753 Gflops/s) - 1319 (1450255 Gflops/s) - 1339 (1472246 Gflops/s) - 1297 (1426066 Gflops/s) - 1331 (1463449 Gflops/s) - 1340 (1473345 Gflops/s) - 1317 (1448056 Gflops/s) | Temperatures: 60°C - 62°C - 73°C - 69°C - 63°C - 60°C - 72°C - 74°C | Throttling: None - None - None - None - None - None - None - None
1344 (1477743 Gflops/s) - 1323 (1454653 Gflops/s) - 1318 (1449156 Gflops/s) - 1336 (1468947 Gflops/s) - 1297 (1426066 Gflops/s) - 1326 (1457952 Gflops/s) - 1339 (1472246 Gflops/s) - 1318 (1449156 Gflops/s) | Temperatures: 60°C - 61°C - 73°C - 69°C - 63°C - 60°C - 72°C - 74°C | Throttling: None - None - None - None - None - None - None - None
1343 (1476644 Gflops/s) - 1323 (1454653 Gflops/s) - 1320 (1451355 Gflops/s) - 1338 (1471146 Gflops/s) - 1298 (1427166 Gflops/s) - 1327 (1459051 Gflops/s) - 1341 (1474445 Gflops/s) - 1317 (1448056 Gflops/s) | Temperatures: 60°C - 62°C - 73°C - 69°C - 63°C - 60°C - 72°C - 74°C | Throttling: None - None - None - None - None - None - None - None
1345 (1478843 Gflops/s) - 1325 (1456852 Gflops/s) - 1318 (1449156 Gflops/s) - 1339 (1472246 Gflops/s) - 1299 (1428265 Gflops/s) - 1329 (1461250 Gflops/s) - 1341 (1474445 Gflops/s) - 1319 (1450255 Gflops/s) | Temperatures: 60°C - 62°C - 73°C - 69°C - 63°C - 60°C - 72°C - 74°C | Throttling: None - None - None - None - None - None - None - None
1345 (1478843 Gflops/s) - 1323 (1454653 Gflops/s) - 1317 (1448056 Gflops/s) - 1337 (1470047 Gflops/s) - 1298 (1427166 Gflops/s) - 1327 (1459051 Gflops/s) - 1339 (1472246 Gflops/s) - 1318 (1449156 Gflops/s) | Temperatures: 60°C - 61°C - 73°C - 69°C - 63°C - 60°C - 72°C - 74°C | Throttling: None - None - None - None - None - None - None - None
1344 (1477743 Gflops/s) - 1324 (1455753 Gflops/s) - 1319 (1450255 Gflops/s) - 1337 (1470047 Gflops/s) - 1300 (1429365 Gflops/s) - 1328 (1460151 Gflops/s) - 1341 (1474445 Gflops/s) - 1318 (1449156 Gflops/s) | Temperatures: 60°C - 62°C - 73°C - 69°C - 63°C - 60°C - 72°C - 74°C | Throttling: None - None - None - None - None - None - None - None
1344 (1477743 Gflops/s) - 1324 (1455753 Gflops/s) - 1319 (1450255 Gflops/s) - 1339 (1472246 Gflops/s) - 1298 (1427166 Gflops/s) - 1327 (1459051 Gflops/s) - 1341 (1474445 Gflops/s) - 1319 (1450255 Gflops/s) | Temperatures: 60°C - 61°C - 73°C - 69°C - 63°C - 60°C - 72°C - 74°C | Throttling: None - None - None - None - None - None - None - None
1343 (1476644 Gflops/s) - 1322 (1453554 Gflops/s) - 1318 (1449156 Gflops/s) - 1336 (1468947 Gflops/s) - 1296 (1424967 Gflops/s) - 1326 (1457952 Gflops/s) - 1340 (1473345 Gflops/s) - 1317 (1448056 Gflops/s) | Temperatures: 60°C - 61°C - 73°C - 69°C - 63°C - 60°C - 72°C - 74°C | Throttling: None - None - None - None - None - None - None - None
1345 (1478843 Gflops/s) - 1324 (1455753 Gflops/s) - 1319 (1450255 Gflops/s) - 1338 (1471146 Gflops/s) - 1296 (1424967 Gflops/s) - 1329 (1461250 Gflops/s) - 1340 (1473345 Gflops/s) - 1318 (1449156 Gflops/s) | Temperatures: 60°C - 62°C - 73°C - 69°C - 63°C - 60°C - 72°C - 74°C | Throttling: None - None - None - None - None - None - None - None
1343 (1476644 Gflops/s) - 1323 (1454653 Gflops/s) - 1318 (1449156 Gflops/s) - 1337 (1470047 Gflops/s) - 1297 (1426066 Gflops/s) - 1329 (1461250 Gflops/s) - 1339 (1472246 Gflops/s) - 1317 (1448056 Gflops/s) | Temperatures: 60°C - 62°C - 73°C - 69°C - 63°C - 60°C - 72°C - 74°C | Throttling: None - None - None - None - None - None - None - None
1343 (1476644 Gflops/s) - 1324 (1455753 Gflops/s) - 1318 (1449156 Gflops/s) - 1336 (1468947 Gflops/s) - 1299 (1428265 Gflops/s) - 1324 (1455753 Gflops/s) - 1340 (1473345 Gflops/s) - 1317 (1448056 Gflops/s) | Temperatures: 60°C - 62°C - 73°C - 69°C - 63°C - 60°C - 72°C - 74°C | Throttling: None - None - None - None - None - None - None - None
1345 (1478843 Gflops/s) - 1323 (1454653 Gflops/s) - 1320 (1451355 Gflops/s) - 1338 (1471146 Gflops/s) - 1297 (1426066 Gflops/s) - 1327 (1459051 Gflops/s) - 1341 (1474445 Gflops/s) - 1319 (1450255 Gflops/s) | Temperatures: 60°C - 62°C - 73°C - 69°C - 63°C - 60°C - 72°C - 74°C | Throttling: None - None - None - None - None - None - None - None
1344 (1477743 Gflops/s) - 1323 (1454653 Gflops/s) - 1318 (1449156 Gflops/s) - 1337 (1470047 Gflops/s) - 1298 (1427166 Gflops/s) - 1326 (1457952 Gflops/s) - 1340 (1473345 Gflops/s) - 1319 (1450255 Gflops/s) | Temperatures: 60°C - 61°C - 73°C - 69°C - 63°C - 60°C - 72°C - 74°C | Throttling: None - None - None - None - None - None - None - None
1343 (1476644 Gflops/s) - 1322 (1453554 Gflops/s) - 1318 (1449156 Gflops/s) - 1337 (1470047 Gflops/s) - 1297 (1426066 Gflops/s) - 1327 (1459051 Gflops/s) - 1339 (1472246 Gflops/s) - 1318 (1449156 Gflops/s) | Temperatures: 60°C - 62°C - 73°C - 69°C - 63°C - 60°C - 72°C - 74°C | Throttling: None - None - None - None - None - None - None - None
1344 (1477743 Gflops/s) - 1325 (1456852 Gflops/s) - 1319 (1450255 Gflops/s) - 1338 (1471146 Gflops/s) - 1299 (1428265 Gflops/s) - 1330 (1462350 Gflops/s) - 1340 (1473345 Gflops/s) - 1318 (1449156 Gflops/s) | Temperatures: 60°C - 62°C - 73°C - 69°C - 63°C - 60°C - 72°C - 74°C | Throttling: None - None - None - None - None - None - None - None
1344 (1477743 Gflops/s) - 1322 (1453554 Gflops/s) - 1318 (1449156 Gflops/s) - 1337 (1470047 Gflops/s) - 1299 (1428265 Gflops/s) - 1326 (1457952 Gflops/s) - 1339 (1472246 Gflops/s) - 1317 (1448056 Gflops/s) | Temperatures: 60°C - 62°C - 73°C - 69°C - 63°C - 60°C - 72°C - 74°C | Throttling: None - None - None - None - None - None - None - None
1344 (1477743 Gflops/s) - 1324 (1455753 Gflops/s) - 1318 (1449156 Gflops/s) - 1339 (1472246 Gflops/s) - 1294 (1422768 Gflops/s) - 1327 (1459051 Gflops/s) - 1340 (1473345 Gflops/s) - 1318 (1449156 Gflops/s) | Temperatures: 60°C - 62°C - 73°C - 69°C - 63°C - 60°C - 72°C - 74°C | Throttling: None - None - None - None - None - None - None - None
1344 (1477743 Gflops/s) - 1324 (1455753 Gflops/s) - 1320 (1451355 Gflops/s) - 1338 (1471146 Gflops/s) - 1299 (1428265 Gflops/s) - 1329 (1461250 Gflops/s) - 1341 (1474445 Gflops/s) - 1318 (1449156 Gflops/s) | Temperatures: 60°C - 62°C - 73°C - 69°C - 63°C - 60°C - 72°C - 74°C | Throttling: None - None - None - None - None - None - None - None
1344 (1477743 Gflops/s) - 1323 (1454653 Gflops/s) - 1319 (1450255 Gflops/s) - 1338 (1471146 Gflops/s) - 1297 (1426066 Gflops/s) - 1327 (1459051 Gflops/s) - 1340 (1473345 Gflops/s) - 1318 (1449156 Gflops/s) | Temperatures: 60°C - 62°C - 73°C - 69°C - 63°C - 60°C - 72°C - 74°C | Throttling: None - None - None - None - None - None - None - None
1343 (1476644 Gflops/s) - 1323 (1454653 Gflops/s) - 1317 (1448056 Gflops/s) - 1338 (1471146 Gflops/s) - 1296 (1424967 Gflops/s) - 1325 (1456852 Gflops/s) - 1340 (1473345 Gflops/s) - 1318 (1449156 Gflops/s) | Temperatures: 60°C - 62°C - 73°C - 69°C - 63°C - 60°C - 72°C - 74°C | Throttling: None - None - None - None - None - None - None - None
1345 (1478843 Gflops/s) - 1324 (1455753 Gflops/s) - 1320 (1451355 Gflops/s) - 1338 (1471146 Gflops/s) - 1298 (1427166 Gflops/s) - 1330 (1462350 Gflops/s) - 1341 (1474445 Gflops/s) - 1319 (1450255 Gflops/s) | Temperatures: 60°C - 62°C - 73°C - 69°C - 63°C - 60°C - 72°C - 74°C | Throttling: None - None - None - None - None - None - None - None
1344 (1477743 Gflops/s) - 1324 (1455753 Gflops/s) - 1317 (1448056 Gflops/s) - 1338 (1471146 Gflops/s) - 1297 (1426066 Gflops/s) - 1328 (1460151 Gflops/s) - 1339 (1472246 Gflops/s) - 1317 (1448056 Gflops/s) | Temperatures: 60°C - 62°C - 73°C - 69°C - 63°C - 60°C - 72°C - 74°C | Throttling: None - None - None - None - None - None - None - None
1343 (1476644 Gflops/s) - 1324 (1455753 Gflops/s) - 1318 (1449156 Gflops/s) - 1337 (1470047 Gflops/s) - 1299 (1428265 Gflops/s) - 1328 (1460151 Gflops/s) - 1340 (1473345 Gflops/s) - 1318 (1449156 Gflops/s) | Temperatures: 60°C - 62°C - 73°C - 69°C - 63°C - 60°C - 72°C - 74°C | Throttling: None - None - None - None - None - None - None - None
1344 (1477743 Gflops/s) - 1325 (1456852 Gflops/s) - 1319 (1450255 Gflops/s) - 1338 (1471146 Gflops/s) - 1299 (1428265 Gflops/s) - 1328 (1460151 Gflops/s) - 1340 (1473345 Gflops/s) - 1318 (1449156 Gflops/s) | Temperatures: 60°C - 62°C - 73°C - 69°C - 63°C - 60°C - 72°C - 74°C | Throttling: None - None - None - None - None - None - None - None
1346 (1479942 Gflops/s) - 1324 (1455753 Gflops/s) - 1319 (1450255 Gflops/s) - 1339 (1472246 Gflops/s) - 1299 (1428265 Gflops/s) - 1327 (1459051 Gflops/s) - 1340 (1473345 Gflops/s) - 1318 (1449156 Gflops/s) | Temperatures: 60°C - 62°C - 73°C - 69°C - 63°C - 60°C - 72°C - 74°C | Throttling: None - None - None - None - None - None - None - None
1344 (1477743 Gflops/s) - 1322 (1453554 Gflops/s) - 1319 (1450255 Gflops/s) - 1335 (1467848 Gflops/s) - 1298 (1427166 Gflops/s) - 1327 (1459051 Gflops/s) - 1340 (1473345 Gflops/s) - 1317 (1448056 Gflops/s) | Temperatures: 60°C - 61°C - 73°C - 69°C - 63°C - 60°C - 72°C - 74°C | Throttling: None - None - None - None - None - None - None - None
1343 (1476644 Gflops/s) - 1324 (1455753 Gflops/s) - 1318 (1449156 Gflops/s) - 1338 (1471146 Gflops/s) - 1299 (1428265 Gflops/s) - 1329 (1461250 Gflops/s) - 1340 (1473345 Gflops/s) - 1317 (1448056 Gflops/s) | Temperatures: 60°C - 62°C - 73°C - 69°C - 63°C - 60°C - 72°C - 74°C | Throttling: None - None - None - None - None - None - None - None
1344 (1477743 Gflops/s) - 1323 (1454653 Gflops/s) - 1319 (1450255 Gflops/s) - 1337 (1470047 Gflops/s) - 1300 (1429365 Gflops/s) - 1327 (1459051 Gflops/s) - 1340 (1473345 Gflops/s) - 1317 (1448056 Gflops/s) | Temperatures: 60°C - 62°C - 73°C - 69°C - 63°C - 60°C - 72°C - 74°C | Throttling: None - None - None - None - None - None - None - None
1344 (1477743 Gflops/s) - 1322 (1453554 Gflops/s) - 1318 (1449156 Gflops/s) - 1338 (1471146 Gflops/s) - 1299 (1428265 Gflops/s) - 1327 (1459051 Gflops/s) - 1341 (1474445 Gflops/s) - 1317 (1448056 Gflops/s) | Temperatures: 60°C - 62°C - 73°C - 69°C - 63°C - 60°C - 72°C - 74°C | Throttling: None - None - None - None - None - None - None - None
1342 (1475544 Gflops/s) - 1323 (1454653 Gflops/s) - 1318 (1449156 Gflops/s) - 1338 (1471146 Gflops/s) - 1297 (1426066 Gflops/s) - 1327 (1459051 Gflops/s) - 1340 (1473345 Gflops/s) - 1317 (1448056 Gflops/s) | Temperatures: 60°C - 62°C - 73°C - 69°C - 63°C - 60°C - 72°C - 74°C | Throttling: None - None - None - None - None - None - None - None
1343 (1476644 Gflops/s) - 1325 (1456852 Gflops/s) - 1319 (1450255 Gflops/s) - 1338 (1471146 Gflops/s) - 1298 (1427166 Gflops/s) - 1326 (1457952 Gflops/s) - 1340 (1473345 Gflops/s) - 1318 (1449156 Gflops/s) | Temperatures: 60°C - 62°C - 73°C - 69°C - 63°C - 60°C - 72°C - 74°C | Throttling: None - None - None - None - None - None - None - None
1345 (1478843 Gflops/s) - 1323 (1454653 Gflops/s) - 1318 (1449156 Gflops/s) - 1338 (1471146 Gflops/s) - 1297 (1426066 Gflops/s) - 1329 (1461250 Gflops/s) - 1340 (1473345 Gflops/s) - 1319 (1450255 Gflops/s) | Temperatures: 60°C - 62°C - 73°C - 69°C - 63°C - 60°C - 72°C - 74°C | Throttling: None - None - None - None - None - None - None - None
1343 (1476644 Gflops/s) - 1324 (1455753 Gflops/s) - 1318 (1449156 Gflops/s) - 1338 (1471146 Gflops/s) - 1297 (1426066 Gflops/s) - 1328 (1460151 Gflops/s) - 1340 (1473345 Gflops/s) - 1317 (1448056 Gflops/s) | Temperatures: 60°C - 62°C - 73°C - 69°C - 63°C - 60°C - 72°C - 74°C | Throttling: None - None - None - None - None - None - None - None
1343 (1476644 Gflops/s) - 1322 (1453554 Gflops/s) - 1318 (1449156 Gflops/s) - 1337 (1470047 Gflops/s) - 1298 (1427166 Gflops/s) - 1326 (1457952 Gflops/s) - 1340 (1473345 Gflops/s) - 1317 (1448056 Gflops/s) | Temperatures: 60°C - 62°C - 73°C - 69°C - 63°C - 60°C - 72°C - 74°C | Throttling: None - None - None - None - None - None - None - None
1343 (1476644 Gflops/s) - 1323 (1454653 Gflops/s) - 1318 (1449156 Gflops/s) - 1337 (1470047 Gflops/s) - 1298 (1427166 Gflops/s) - 1326 (1457952 Gflops/s) - 1339 (1472246 Gflops/s) - 1318 (1449156 Gflops/s) | Temperatures: 60°C - 62°C - 73°C - 69°C - 63°C - 60°C - 72°C - 74°C | Throttling: None - None - None - None - None - None - None - None
1343 (1476644 Gflops/s) - 1323 (1454653 Gflops/s) - 1319 (1450255 Gflops/s) - 1338 (1471146 Gflops/s) - 1296 (1424967 Gflops/s) - 1331 (1463449 Gflops/s) - 1341 (1474445 Gflops/s) - 1318 (1449156 Gflops/s) | Temperatures: 60°C - 62°C - 73°C - 69°C - 63°C - 60°C - 72°C - 74°C | Throttling: None - None - None - None - None - None - None - None
1344 (1477743 Gflops/s) - 1324 (1455753 Gflops/s) - 1318 (1449156 Gflops/s) - 1336 (1468947 Gflops/s) - 1298 (1427166 Gflops/s) - 1328 (1460151 Gflops/s) - 1340 (1473345 Gflops/s) - 1318 (1449156 Gflops/s) | Temperatures: 60°C - 62°C - 73°C - 69°C - 63°C - 60°C - 72°C - 74°C | Throttling: None - None - None - None - None - None - None - None
1343 (1476644 Gflops/s) - 1324 (1455753 Gflops/s) - 1318 (1449156 Gflops/s) - 1339 (1472246 Gflops/s) - 1298 (1427166 Gflops/s) - 1327 (1459051 Gflops/s) - 1340 (1473345 Gflops/s) - 1318 (1449156 Gflops/s) | Temperatures: 60°C - 62°C - 73°C - 69°C - 63°C - 60°C - 72°C - 74°C | Throttling: None - None - None - None - None - None - None - None
1345 (1478843 Gflops/s) - 1323 (1454653 Gflops/s) - 1319 (1450255 Gflops/s) - 1337 (1470047 Gflops/s) - 1299 (1428265 Gflops/s) - 1327 (1459051 Gflops/s) - 1340 (1473345 Gflops/s) - 1319 (1450255 Gflops/s) | Temperatures: 60°C - 62°C - 73°C - 69°C - 63°C - 61°C - 72°C - 74°C | Throttling: None - None - None - None - None - None - None - None
1342 (1475544 Gflops/s) - 1325 (1456852 Gflops/s) - 1317 (1448056 Gflops/s) - 1338 (1471146 Gflops/s) - 1298 (1427166 Gflops/s) - 1328 (1460151 Gflops/s) - 1340 (1473345 Gflops/s) - 1317 (1448056 Gflops/s) | Temperatures: 60°C - 62°C - 73°C - 69°C - 63°C - 60°C - 72°C - 74°C | Throttling: None - None - None - None - None - None - None - None
1344 (1477743 Gflops/s) - 1323 (1454653 Gflops/s) - 1317 (1448056 Gflops/s) - 1337 (1470047 Gflops/s) - 1298 (1427166 Gflops/s) - 1327 (1459051 Gflops/s) - 1340 (1473345 Gflops/s) - 1318 (1449156 Gflops/s) | Temperatures: 60°C - 62°C - 73°C - 69°C - 63°C - 61°C - 72°C - 75°C | Throttling: None - None - None - None - None - None - None - None
1342 (1475544 Gflops/s) - 1323 (1454653 Gflops/s) - 1318 (1449156 Gflops/s) - 1338 (1471146 Gflops/s) - 1298 (1427166 Gflops/s) - 1327 (1459051 Gflops/s) - 1339 (1472246 Gflops/s) - 1317 (1448056 Gflops/s) | Temperatures: 60°C - 62°C - 73°C - 69°C - 63°C - 60°C - 72°C - 75°C | Throttling: None - None - None - None - None - None - None - None
1345 (1478843 Gflops/s) - 1324 (1455753 Gflops/s) - 1317 (1448056 Gflops/s) - 1338 (1471146 Gflops/s) - 1298 (1427166 Gflops/s) - 1330 (1462350 Gflops/s) - 1340 (1473345 Gflops/s) - 1318 (1449156 Gflops/s) | Temperatures: 60°C - 62°C - 73°C - 69°C - 63°C - 60°C - 72°C - 74°C | Throttling: None - None - None - None - None - None - None - None
1343 (1476644 Gflops/s) - 1323 (1454653 Gflops/s) - 1319 (1450255 Gflops/s) - 1337 (1470047 Gflops/s) - 1300 (1429365 Gflops/s) - 1327 (1459051 Gflops/s) - 1340 (1473345 Gflops/s) - 1317 (1448056 Gflops/s) | Temperatures: 60°C - 62°C - 73°C - 69°C - 63°C - 60°C - 72°C - 74°C | Throttling: None - None - None - None - None - None - None - None
1342 (1475544 Gflops/s) - 1323 (1454653 Gflops/s) - 1318 (1449156 Gflops/s) - 1337 (1470047 Gflops/s) - 1297 (1426066 Gflops/s) - 1329 (1461250 Gflops/s) - 1341 (1474445 Gflops/s) - 1318 (1449156 Gflops/s) | Temperatures: 60°C - 62°C - 73°C - 69°C - 63°C - 60°C - 72°C - 74°C | Throttling: None - None - None - None - None - None - None - None
1344 (1477743 Gflops/s) - 1325 (1456852 Gflops/s) - 1319 (1450255 Gflops/s) - 1338 (1471146 Gflops/s) - 1299 (1428265 Gflops/s) - 1327 (1459051 Gflops/s) - 1340 (1473345 Gflops/s) - 1317 (1448056 Gflops/s) | Temperatures: 60°C - 62°C - 73°C - 69°C - 63°C - 60°C - 72°C - 75°C | Throttling: None - None - None - None - None - None - None - None
1343 (1476644 Gflops/s) - 1324 (1455753 Gflops/s) - 1318 (1449156 Gflops/s) - 1338 (1471146 Gflops/s) - 1298 (1427166 Gflops/s) - 1327 (1459051 Gflops/s) - 1339 (1472246 Gflops/s) - 1317 (1448056 Gflops/s) | Temperatures: 60°C - 62°C - 73°C - 69°C - 63°C - 60°C - 72°C - 74°C | Throttling: None - None - None - None - None - None - None - None
1343 (1476644 Gflops/s) - 1322 (1453554 Gflops/s) - 1316 (1446957 Gflops/s) - 1338 (1471146 Gflops/s) - 1299 (1428265 Gflops/s) - 1326 (1457952 Gflops/s) - 1340 (1473345 Gflops/s) - 1318 (1449156 Gflops/s) | Temperatures: 60°C - 62°C - 73°C - 69°C - 63°C - 61°C - 72°C - 74°C | Throttling: None - None - None - None - None - None - None - None
1343 (1476644 Gflops/s) - 1324 (1455753 Gflops/s) - 1317 (1448056 Gflops/s) - 1336 (1468947 Gflops/s) - 1299 (1428265 Gflops/s) - 1328 (1460151 Gflops/s) - 1339 (1472246 Gflops/s) - 1318 (1449156 Gflops/s) | Temperatures: 60°C - 62°C - 73°C - 69°C - 63°C - 61°C - 72°C - 74°C | Throttling: None - None - None - None - None - None - None - None
1343 (1476644 Gflops/s) - 1325 (1456852 Gflops/s) - 1317 (1448056 Gflops/s) - 1338 (1471146 Gflops/s) - 1298 (1427166 Gflops/s) - 1325 (1456852 Gflops/s) - 1340 (1473345 Gflops/s) - 1317 (1448056 Gflops/s) | Temperatures: 60°C - 62°C - 73°C - 69°C - 63°C - 60°C - 72°C - 75°C | Throttling: None - None - None - None - None - None - None - None
1343 (1476644 Gflops/s) - 1323 (1454653 Gflops/s) - 1317 (1448056 Gflops/s) - 1338 (1471146 Gflops/s) - 1296 (1424967 Gflops/s) - 1327 (1459051 Gflops/s) - 1340 (1473345 Gflops/s) - 1318 (1449156 Gflops/s) | Temperatures: 60°C - 62°C - 73°C - 69°C - 63°C - 60°C - 72°C - 75°C | Throttling: None - None - None - None - None - None - None - None
1343 (1476644 Gflops/s) - 1322 (1453554 Gflops/s) - 1317 (1448056 Gflops/s) - 1337 (1470047 Gflops/s) - 1296 (1424967 Gflops/s) - 1326 (1457952 Gflops/s) - 1341 (1474445 Gflops/s) - 1318 (1449156 Gflops/s) | Temperatures: 60°C - 62°C - 73°C - 69°C - 63°C - 60°C - 72°C - 74°C | Throttling: None - None - None - None - None - None - None - None
1343 (1476644 Gflops/s) - 1325 (1456852 Gflops/s) - 1318 (1449156 Gflops/s) - 1338 (1471146 Gflops/s) - 1298 (1427166 Gflops/s) - 1324 (1455753 Gflops/s) - 1339 (1472246 Gflops/s) - 1319 (1450255 Gflops/s) | Temperatures: 60°C - 62°C - 73°C - 69°C - 63°C - 60°C - 72°C - 75°C | Throttling: None - None - None - None - None - None - None - None
1342 (1475544 Gflops/s) - 1323 (1454653 Gflops/s) - 1317 (1448056 Gflops/s) - 1338 (1471146 Gflops/s) - 1299 (1428265 Gflops/s) - 1328 (1460151 Gflops/s) - 1340 (1473345 Gflops/s) - 1318 (1449156 Gflops/s) | Temperatures: 60°C - 62°C - 73°C - 69°C - 63°C - 60°C - 72°C - 75°C | Throttling: None - None - None - None - None - None - None - None
1345 (1478843 Gflops/s) - 1322 (1453554 Gflops/s) - 1317 (1448056 Gflops/s) - 1337 (1470047 Gflops/s) - 1299 (1428265 Gflops/s) - 1326 (1457952 Gflops/s) - 1340 (1473345 Gflops/s) - 1317 (1448056 Gflops/s) | Temperatures: 60°C - 62°C - 73°C - 69°C - 63°C - 60°C - 72°C - 75°C | Throttling: None - None - None - None - None - None - None - None
1342 (1475544 Gflops/s) - 1323 (1454653 Gflops/s) - 1317 (1448056 Gflops/s) - 1337 (1470047 Gflops/s) - 1296 (1424967 Gflops/s) - 1327 (1459051 Gflops/s) - 1340 (1473345 Gflops/s) - 1318 (1449156 Gflops/s) | Temperatures: 60°C - 62°C - 73°C - 69°C - 63°C - 60°C - 72°C - 74°C | Throttling: None - None - None - None - None - None - None - None
1346 (1479942 Gflops/s) - 1325 (1456852 Gflops/s) - 1317 (1448056 Gflops/s) - 1337 (1470047 Gflops/s) - 1298 (1427166 Gflops/s) - 1327 (1459051 Gflops/s) - 1340 (1473345 Gflops/s) - 1317 (1448056 Gflops/s) | Temperatures: 60°C - 62°C - 73°C - 69°C - 63°C - 60°C - 72°C - 75°C | Throttling: None - None - None - None - None - None - None - None
1344 (1477743 Gflops/s) - 1323 (1454653 Gflops/s) - 1316 (1446957 Gflops/s) - 1338 (1471146 Gflops/s) - 1301 (1430464 Gflops/s) - 1328 (1460151 Gflops/s) - 1341 (1474445 Gflops/s) - 1317 (1448056 Gflops/s) | Temperatures: 60°C - 62°C - 73°C - 69°C - 63°C - 60°C - 72°C - 74°C | Throttling: None - None - None - None - None - None - None - None
1343 (1476644 Gflops/s) - 1323 (1454653 Gflops/s) - 1318 (1449156 Gflops/s) - 1338 (1471146 Gflops/s) - 1299 (1428265 Gflops/s) - 1326 (1457952 Gflops/s) - 1340 (1473345 Gflops/s) - 1318 (1449156 Gflops/s) | Temperatures: 60°C - 62°C - 73°C - 69°C - 63°C - 60°C - 72°C - 74°C | Throttling: None - None - None - None - None - None - None - None
1344 (1477743 Gflops/s) - 1324 (1455753 Gflops/s) - 1317 (1448056 Gflops/s) - 1338 (1471146 Gflops/s) - 1298 (1427166 Gflops/s) - 1325 (1456852 Gflops/s) - 1341 (1474445 Gflops/s) - 1317 (1448056 Gflops/s) | Temperatures: 60°C - 62°C - 73°C - 69°C - 63°C - 60°C - 72°C - 74°C | Throttling: None - None - None - None - None - None - None - None
1343 (1476644 Gflops/s) - 1323 (1454653 Gflops/s) - 1317 (1448056 Gflops/s) - 1338 (1471146 Gflops/s) - 1296 (1424967 Gflops/s) - 1327 (1459051 Gflops/s) - 1340 (1473345 Gflops/s) - 1317 (1448056 Gflops/s) | Temperatures: 60°C - 62°C - 73°C - 69°C - 63°C - 60°C - 72°C - 74°C | Throttling: None - None - None - None - None - None - None - None
1344 (1477743 Gflops/s) - 1325 (1456852 Gflops/s) - 1317 (1448056 Gflops/s) - 1337 (1470047 Gflops/s) - 1299 (1428265 Gflops/s) - 1326 (1457952 Gflops/s) - 1340 (1473345 Gflops/s) - 1318 (1449156 Gflops/s) | Temperatures: 60°C - 62°C - 73°C - 69°C - 63°C - 60°C - 72°C - 75°C | Throttling: None - None - None - None - None - None - None - None
1345 (1478843 Gflops/s) - 1323 (1454653 Gflops/s) - 1317 (1448056 Gflops/s) - 1338 (1471146 Gflops/s) - 1298 (1427166 Gflops/s) - 1327 (1459051 Gflops/s) - 1339 (1472246 Gflops/s) - 1316 (1446957 Gflops/s) | Temperatures: 60°C - 62°C - 73°C - 69°C - 63°C - 60°C - 72°C - 75°C | Throttling: None - None - None - None - None - None - None - None
1343 (1476644 Gflops/s) - 1322 (1453554 Gflops/s) - 1316 (1446957 Gflops/s) - 1336 (1468947 Gflops/s) - 1298 (1427166 Gflops/s) - 1326 (1457952 Gflops/s) - 1339 (1472246 Gflops/s) - 1317 (1448056 Gflops/s) | Temperatures: 60°C - 62°C - 73°C - 69°C - 63°C - 60°C - 72°C - 75°C | Throttling: None - None - None - None - None - None - None - None
1344 (1477743 Gflops/s) - 1323 (1454653 Gflops/s) - 1317 (1448056 Gflops/s) - 1338 (1471146 Gflops/s) - 1298 (1427166 Gflops/s) - 1328 (1460151 Gflops/s) - 1340 (1473345 Gflops/s) - 1319 (1450255 Gflops/s) | Temperatures: 60°C - 62°C - 73°C - 69°C - 63°C - 60°C - 72°C - 75°C | Throttling: None - None - None - None - None - None - None - None
1346 (1479942 Gflops/s) - 1324 (1455753 Gflops/s) - 1315 (1445857 Gflops/s) - 1337 (1470047 Gflops/s) - 1297 (1426066 Gflops/s) - 1327 (1459051 Gflops/s) - 1341 (1474445 Gflops/s) - 1318 (1449156 Gflops/s) | Temperatures: 60°C - 62°C - 73°C - 69°C - 63°C - 60°C - 72°C - 75°C | Throttling: None - None - None - None - None - None - None - None
1343 (1476644 Gflops/s) - 1324 (1455753 Gflops/s) - 1317 (1448056 Gflops/s) - 1338 (1471146 Gflops/s) - 1299 (1428265 Gflops/s) - 1325 (1456852 Gflops/s) - 1340 (1473345 Gflops/s) - 1316 (1446957 Gflops/s) | Temperatures: 60°C - 62°C - 73°C - 69°C - 63°C - 60°C - 72°C - 75°C | Throttling: None - None - None - None - None - None - None - None
1343 (1476644 Gflops/s) - 1322 (1453554 Gflops/s) - 1318 (1449156 Gflops/s) - 1337 (1470047 Gflops/s) - 1298 (1427166 Gflops/s) - 1327 (1459051 Gflops/s) - 1340 (1473345 Gflops/s) - 1317 (1448056 Gflops/s) | Temperatures: 60°C - 62°C - 73°C - 69°C - 63°C - 60°C - 72°C - 74°C | Throttling: None - None - None - None - None - None - None - None
1345 (1478843 Gflops/s) - 1321 (1452454 Gflops/s) - 1318 (1449156 Gflops/s) - 1336 (1468947 Gflops/s) - 1299 (1428265 Gflops/s) - 1326 (1457952 Gflops/s) - 1340 (1473345 Gflops/s) - 1317 (1448056 Gflops/s) | Temperatures: 60°C - 62°C - 73°C - 69°C - 63°C - 61°C - 72°C - 75°C | Throttling: None - None - None - None - None - None - None - None
1344 (1477743 Gflops/s) - 1325 (1456852 Gflops/s) - 1318 (1449156 Gflops/s) - 1338 (1471146 Gflops/s) - 1299 (1428265 Gflops/s) - 1329 (1461250 Gflops/s) - 1340 (1473345 Gflops/s) - 1317 (1448056 Gflops/s) | Temperatures: 60°C - 62°C - 73°C - 69°C - 63°C - 60°C - 72°C - 74°C | Throttling: None - None - None - None - None - None - None - None
1342 (1475544 Gflops/s) - 1323 (1454653 Gflops/s) - 1318 (1449156 Gflops/s) - 1338 (1471146 Gflops/s) - 1296 (1424967 Gflops/s) - 1325 (1456852 Gflops/s) - 1340 (1473345 Gflops/s) - 1317 (1448056 Gflops/s) | Temperatures: 60°C - 62°C - 73°C - 69°C - 63°C - 60°C - 72°C - 75°C | Throttling: None - None - None - None - None - None - None - None
1344 (1477743 Gflops/s) - 1323 (1454653 Gflops/s) - 1317 (1448056 Gflops/s) - 1337 (1470047 Gflops/s) - 1299 (1428265 Gflops/s) - 1326 (1457952 Gflops/s) - 1339 (1472246 Gflops/s) - 1316 (1446957 Gflops/s) | Temperatures: 60°C - 62°C - 73°C - 69°C - 63°C - 60°C - 72°C - 75°C | Throttling: None - None - None - None - None - None - None - None
1344 (1477743 Gflops/s) - 1323 (1454653 Gflops/s) - 1319 (1450255 Gflops/s) - 1338 (1471146 Gflops/s) - 1298 (1427166 Gflops/s) - 1326 (1457952 Gflops/s) - 1341 (1474445 Gflops/s) - 1317 (1448056 Gflops/s) | Temperatures: 60°C - 62°C - 73°C - 69°C - 63°C - 60°C - 72°C - 75°C | Throttling: None - None - None - None - None - None - None - None
1343 (1476644 Gflops/s) - 1322 (1453554 Gflops/s) - 1316 (1446957 Gflops/s) - 1338 (1471146 Gflops/s) - 1298 (1427166 Gflops/s) - 1328 (1460151 Gflops/s) - 1339 (1472246 Gflops/s) - 1316 (1446957 Gflops/s) | Temperatures: 60°C - 62°C - 73°C - 69°C - 63°C - 60°C - 72°C - 75°C | Throttling: None - None - None - None - None - None - None - None
1343 (1476644 Gflops/s) - 1323 (1454653 Gflops/s) - 1317 (1448056 Gflops/s) - 1338 (1471146 Gflops/s) - 1296 (1424967 Gflops/s) - 1327 (1459051 Gflops/s) - 1340 (1473345 Gflops/s) - 1318 (1449156 Gflops/s) | Temperatures: 60°C - 62°C - 73°C - 69°C - 63°C - 60°C - 72°C - 75°C | Throttling: None - None - None - None - None - None - None - None
1344 (1477743 Gflops/s) - 1322 (1453554 Gflops/s) - 1317 (1448056 Gflops/s) - 1337 (1470047 Gflops/s) - 1297 (1426066 Gflops/s) - 1328 (1460151 Gflops/s) - 1340 (1473345 Gflops/s) - 1317 (1448056 Gflops/s) | Temperatures: 60°C - 62°C - 73°C - 69°C - 63°C - 60°C - 72°C - 75°C | Throttling: None - None - None - None - None - None - None - None
1344 (1477743 Gflops/s) - 1323 (1454653 Gflops/s) - 1318 (1449156 Gflops/s) - 1338 (1471146 Gflops/s) - 1300 (1429365 Gflops/s) - 1327 (1459051 Gflops/s) - 1339 (1472246 Gflops/s) - 1318 (1449156 Gflops/s) | Temperatures: 60°C - 62°C - 73°C - 69°C - 63°C - 60°C - 72°C - 75°C | Throttling: None - None - None - None - None - None - None - None
1343 (1476644 Gflops/s) - 1323 (1454653 Gflops/s) - 1318 (1449156 Gflops/s) - 1337 (1470047 Gflops/s) - 1298 (1427166 Gflops/s) - 1327 (1459051 Gflops/s) - 1340 (1473345 Gflops/s) - 1316 (1446957 Gflops/s) | Temperatures: 60°C - 62°C - 73°C - 69°C - 63°C - 60°C - 72°C - 75°C | Throttling: None - None - None - None - None - None - None - None
1343 (1476644 Gflops/s) - 1325 (1456852 Gflops/s) - 1317 (1448056 Gflops/s) - 1338 (1471146 Gflops/s) - 1296 (1424967 Gflops/s) - 1327 (1459051 Gflops/s) - 1340 (1473345 Gflops/s) - 1317 (1448056 Gflops/s) | Temperatures: 60°C - 62°C - 73°C - 69°C - 63°C - 60°C - 72°C - 75°C | Throttling: None - None - None - None - None - None - None - None
1343 (1476644 Gflops/s) - 1323 (1454653 Gflops/s) - 1316 (1446957 Gflops/s) - 1338 (1471146 Gflops/s) - 1296 (1424967 Gflops/s) - 1327 (1459051 Gflops/s) - 1339 (1472246 Gflops/s) - 1318 (1449156 Gflops/s) | Temperatures: 60°C - 62°C - 73°C - 69°C - 63°C - 61°C - 72°C - 75°C | Throttling: None - None - None - None - None - None - None - None
1342 (1475544 Gflops/s) - 1323 (1454653 Gflops/s) - 1317 (1448056 Gflops/s) - 1336 (1468947 Gflops/s) - 1299 (1428265 Gflops/s) - 1326 (1457952 Gflops/s) - 1340 (1473345 Gflops/s) - 1317 (1448056 Gflops/s) | Temperatures: 60°C - 62°C - 73°C - 69°C - 63°C - 60°C - 72°C - 75°C | Throttling: None - None - None - None - None - None - None - None
1344 (1477743 Gflops/s) - 1323 (1454653 Gflops/s) - 1318 (1449156 Gflops/s) - 1338 (1471146 Gflops/s) - 1297 (1426066 Gflops/s) - 1326 (1457952 Gflops/s) - 1340 (1473345 Gflops/s) - 1317 (1448056 Gflops/s) | Temperatures: 60°C - 62°C - 73°C - 69°C - 63°C - 60°C - 72°C - 75°C | Throttling: None - None - None - None - None - None - None - None
1343 (1476644 Gflops/s) - 1324 (1455753 Gflops/s) - 1317 (1448056 Gflops/s) - 1338 (1471146 Gflops/s) - 1299 (1428265 Gflops/s) - 1327 (1459051 Gflops/s) - 1340 (1473345 Gflops/s) - 1316 (1446957 Gflops/s) | Temperatures: 60°C - 62°C - 73°C - 69°C - 63°C - 60°C - 72°C - 75°C | Throttling: None - None - None - None - None - None - None - None
1343 (1476644 Gflops/s) - 1324 (1455753 Gflops/s) - 1318 (1449156 Gflops/s) - 1338 (1471146 Gflops/s) - 1299 (1428265 Gflops/s) - 1327 (1459051 Gflops/s) - 1340 (1473345 Gflops/s) - 1317 (1448056 Gflops/s) | Temperatures: 60°C - 62°C - 73°C - 69°C - 63°C - 60°C - 72°C - 75°C | Throttling: None - None - None - None - None - None - None - None
1343 (1476644 Gflops/s) - 1322 (1453554 Gflops/s) - 1317 (1448056 Gflops/s) - 1337 (1470047 Gflops/s) - 1296 (1424967 Gflops/s) - 1328 (1460151 Gflops/s) - 1340 (1473345 Gflops/s) - 1318 (1449156 Gflops/s) | Temperatures: 60°C - 62°C - 73°C - 69°C - 63°C - 60°C - 72°C - 75°C | Throttling: None - None - None - None - None - None - None - None
1343 (1476644 Gflops/s) - 1324 (1455753 Gflops/s) - 1315 (1445857 Gflops/s) - 1337 (1470047 Gflops/s) - 1296 (1424967 Gflops/s) - 1328 (1460151 Gflops/s) - 1339 (1472246 Gflops/s) - 1317 (1448056 Gflops/s) | Temperatures: 60°C - 62°C - 73°C - 69°C - 63°C - 60°C - 72°C - 75°C | Throttling: None - None - None - None - None - None - None - None
1343 (1476644 Gflops/s) - 1323 (1454653 Gflops/s) - 1317 (1448056 Gflops/s) - 1336 (1468947 Gflops/s) - 1298 (1427166 Gflops/s) - 1328 (1460151 Gflops/s) - 1340 (1473345 Gflops/s) - 1317 (1448056 Gflops/s) | Temperatures: 60°C - 62°C - 73°C - 69°C - 63°C - 60°C - 72°C - 75°C | Throttling: None - None - None - None - None - None - None - None
1343 (1476644 Gflops/s) - 1323 (1454653 Gflops/s) - 1316 (1446957 Gflops/s) - 1338 (1471146 Gflops/s) - 1294 (1422768 Gflops/s) - 1325 (1456852 Gflops/s) - 1339 (1472246 Gflops/s) - 1317 (1448056 Gflops/s) | Temperatures: 60°C - 62°C - 73°C - 69°C - 63°C - 60°C - 72°C - 75°C | Throttling: None - None - None - None - None - None - None - None
1344 (1477743 Gflops/s) - 1324 (1455753 Gflops/s) - 1317 (1448056 Gflops/s) - 1337 (1470047 Gflops/s) - 1295 (1423867 Gflops/s) - 1325 (1456852 Gflops/s) - 1340 (1473345 Gflops/s) - 1316 (1446957 Gflops/s) | Temperatures: 60°C - 62°C - 73°C - 69°C - 63°C - 60°C - 72°C - 75°C | Throttling: None - None - None - None - None - None - None - None
1343 (1476644 Gflops/s) - 1323 (1454653 Gflops/s) - 1318 (1449156 Gflops/s) - 1339 (1472246 Gflops/s) - 1296 (1424967 Gflops/s) - 1327 (1459051 Gflops/s) - 1340 (1473345 Gflops/s) - 1318 (1449156 Gflops/s) | Temperatures: 60°C - 62°C - 73°C - 69°C - 63°C - 60°C - 72°C - 75°C | Throttling: None - None - None - None - None - None - None - None
1343 (1476644 Gflops/s) - 1324 (1455753 Gflops/s) - 1318 (1449156 Gflops/s) - 1337 (1470047 Gflops/s) - 1296 (1424967 Gflops/s) - 1325 (1456852 Gflops/s) - 1339 (1472246 Gflops/s) - 1316 (1446957 Gflops/s) | Temperatures: 60°C - 62°C - 73°C - 69°C - 63°C - 60°C - 72°C - 75°C | Throttling: None - None - None - None - None - None - None - None
1343 (1476644 Gflops/s) - 1323 (1454653 Gflops/s) - 1316 (1446957 Gflops/s) - 1335 (1467848 Gflops/s) - 1297 (1426066 Gflops/s) - 1329 (1461250 Gflops/s) - 1340 (1473345 Gflops/s) - 1316 (1446957 Gflops/s) | Temperatures: 60°C - 62°C - 73°C - 69°C - 63°C - 60°C - 72°C - 75°C | Throttling: None - None - None - None - None - None - None - None
1343 (1476644 Gflops/s) - 1324 (1455753 Gflops/s) - 1318 (1449156 Gflops/s) - 1338 (1471146 Gflops/s) - 1300 (1429365 Gflops/s) - 1326 (1457952 Gflops/s) - 1339 (1472246 Gflops/s) - 1318 (1449156 Gflops/s) | Temperatures: 60°C - 62°C - 73°C - 69°C - 63°C - 60°C - 72°C - 75°C | Throttling: None - None - None - None - None - None - None - None
1343 (1476644 Gflops/s) - 1323 (1454653 Gflops/s) - 1318 (1449156 Gflops/s) - 1338 (1471146 Gflops/s) - 1298 (1427166 Gflops/s) - 1326 (1457952 Gflops/s) - 1340 (1473345 Gflops/s) - 1317 (1448056 Gflops/s) | Temperatures: 60°C - 62°C - 73°C - 69°C - 63°C - 61°C - 72°C - 75°C | Throttling: None - None - None - None - None - None - None - None
1345 (1478843 Gflops/s) - 1324 (1455753 Gflops/s) - 1318 (1449156 Gflops/s) - 1337 (1470047 Gflops/s) - 1297 (1426066 Gflops/s) - 1328 (1460151 Gflops/s) - 1339 (1472246 Gflops/s) - 1317 (1448056 Gflops/s) | Temperatures: 60°C - 62°C - 73°C - 69°C - 63°C - 60°C - 72°C - 75°C | Throttling: None - None - None - None - None - None - None - None
1343 (1476644 Gflops/s) - 1323 (1454653 Gflops/s) - 1317 (1448056 Gflops/s) - 1338 (1471146 Gflops/s) - 1298 (1427166 Gflops/s) - 1327 (1459051 Gflops/s) - 1340 (1473345 Gflops/s) - 1317 (1448056 Gflops/s) | Temperatures: 60°C - 62°C - 73°C - 69°C - 63°C - 60°C - 72°C - 75°C | Throttling: None - None - None - None - None - None - None - None
1344 (1477743 Gflops/s) - 1324 (1455753 Gflops/s) - 1317 (1448056 Gflops/s) - 1338 (1471146 Gflops/s) - 1300 (1429365 Gflops/s) - 1324 (1455753 Gflops/s) - 1339 (1472246 Gflops/s) - 1316 (1446957 Gflops/s) | Temperatures: 60°C - 62°C - 73°C - 69°C - 63°C - 60°C - 72°C - 75°C | Throttling: None - None - None - None - None - None - None - None
1342 (1475544 Gflops/s) - 1325 (1456852 Gflops/s) - 1317 (1448056 Gflops/s) - 1338 (1471146 Gflops/s) - 1297 (1426066 Gflops/s) - 1326 (1457952 Gflops/s) - 1340 (1473345 Gflops/s) - 1318 (1449156 Gflops/s) | Temperatures: 60°C - 62°C - 73°C - 69°C - 63°C - 60°C - 72°C - 75°C | Throttling: None - None - None - None - None - None - None - None
1343 (1476644 Gflops/s) - 1324 (1455753 Gflops/s) - 1317 (1448056 Gflops/s) - 1337 (1470047 Gflops/s) - 1300 (1429365 Gflops/s) - 1328 (1460151 Gflops/s) - 1340 (1473345 Gflops/s) - 1316 (1446957 Gflops/s) | Temperatures: 60°C - 62°C - 73°C - 69°C - 63°C - 60°C - 72°C - 75°C | Throttling: None - None - None - None - None - None - None - None
1343 (1476644 Gflops/s) - 1322 (1453554 Gflops/s) - 1316 (1446957 Gflops/s) - 1338 (1471146 Gflops/s) - 1298 (1427166 Gflops/s) - 1326 (1457952 Gflops/s) - 1340 (1473345 Gflops/s) - 1317 (1448056 Gflops/s) | Temperatures: 60°C - 62°C - 73°C - 69°C - 63°C - 60°C - 72°C - 75°C | Throttling: None - None - None - None - None - None - None - None
1343 (1476644 Gflops/s) - 1323 (1454653 Gflops/s) - 1317 (1448056 Gflops/s) - 1336 (1468947 Gflops/s) - 1296 (1424967 Gflops/s) - 1327 (1459051 Gflops/s) - 1339 (1472246 Gflops/s) - 1317 (1448056 Gflops/s) | Temperatures: 60°C - 62°C - 73°C - 69°C - 63°C - 60°C - 72°C - 75°C | Throttling: None - None - None - None - None - None - None - None
1343 (1476644 Gflops/s) - 1323 (1454653 Gflops/s) - 1319 (1450255 Gflops/s) - 1337 (1470047 Gflops/s) - 1297 (1426066 Gflops/s) - 1327 (1459051 Gflops/s) - 1340 (1473345 Gflops/s) - 1317 (1448056 Gflops/s) | Temperatures: 60°C - 62°C - 73°C - 69°C - 63°C - 60°C - 72°C - 75°C | Throttling: None - None - None - None - None - None - None - None
1344 (1477743 Gflops/s) - 1323 (1454653 Gflops/s) - 1316 (1446957 Gflops/s) - 1338 (1471146 Gflops/s) - 1297 (1426066 Gflops/s) - 1325 (1456852 Gflops/s) - 1340 (1473345 Gflops/s) - 1316 (1446957 Gflops/s) | Temperatures: 60°C - 62°C - 73°C - 69°C - 63°C - 61°C - 72°C - 75°C | Throttling: None - None - None - None - None - None - None - None
1343 (1476644 Gflops/s) - 1323 (1454653 Gflops/s) - 1315 (1445857 Gflops/s) - 1338 (1471146 Gflops/s) - 1296 (1424967 Gflops/s) - 1324 (1455753 Gflops/s) - 1340 (1473345 Gflops/s) - 1317 (1448056 Gflops/s) | Temperatures: 60°C - 62°C - 73°C - 69°C - 63°C - 60°C - 72°C - 75°C | Throttling: None - None - None - None - None - None - None - None
1344 (1477743 Gflops/s) - 1325 (1456852 Gflops/s) - 1317 (1448056 Gflops/s) - 1337 (1470047 Gflops/s) - 1297 (1426066 Gflops/s) - 1327 (1459051 Gflops/s) - 1340 (1473345 Gflops/s) - 1317 (1448056 Gflops/s) | Temperatures: 60°C - 62°C - 73°C - 69°C - 63°C - 61°C - 72°C - 75°C | Throttling: None - None - None - None - None - None - None - None
1342 (1475544 Gflops/s) - 1325 (1456852 Gflops/s) - 1316 (1446957 Gflops/s) - 1337 (1470047 Gflops/s) - 1298 (1427166 Gflops/s) - 1329 (1461250 Gflops/s) - 1339 (1472246 Gflops/s) - 1315 (1445857 Gflops/s) | Temperatures: 60°C - 62°C - 73°C - 69°C - 63°C - 60°C - 72°C - 75°C | Throttling: None - None - None - None - None - None - None - None
1345 (1478843 Gflops/s) - 1323 (1454653 Gflops/s) - 1318 (1449156 Gflops/s) - 1338 (1471146 Gflops/s) - 1298 (1427166 Gflops/s) - 1328 (1460151 Gflops/s) - 1340 (1473345 Gflops/s) - 1318 (1449156 Gflops/s) | Temperatures: 60°C - 62°C - 73°C - 69°C - 63°C - 60°C - 72°C - 75°C | Throttling: None - None - None - None - None - None - None - None
1343 (1476644 Gflops/s) - 1324 (1455753 Gflops/s) - 1317 (1448056 Gflops/s) - 1338 (1471146 Gflops/s) - 1300 (1429365 Gflops/s) - 1325 (1456852 Gflops/s) - 1341 (1474445 Gflops/s) - 1316 (1446957 Gflops/s) | Temperatures: 60°C - 62°C - 73°C - 69°C - 63°C - 60°C - 72°C - 75°C | Throttling: None - None - None - None - None - None - None - None
1345 (1478843 Gflops/s) - 1323 (1454653 Gflops/s) - 1317 (1448056 Gflops/s) - 1337 (1470047 Gflops/s) - 1300 (1429365 Gflops/s) - 1327 (1459051 Gflops/s) - 1339 (1472246 Gflops/s) - 1317 (1448056 Gflops/s) | Temperatures: 60°C - 62°C - 73°C - 69°C - 63°C - 60°C - 72°C - 74°C | Throttling: None - None - None - None - None - None - None - None
1344 (1477743 Gflops/s) - 1325 (1456852 Gflops/s) - 1315 (1445857 Gflops/s) - 1337 (1470047 Gflops/s) - 1296 (1424967 Gflops/s) - 1325 (1456852 Gflops/s) - 1340 (1473345 Gflops/s) - 1317 (1448056 Gflops/s) | Temperatures: 60°C - 62°C - 73°C - 69°C - 63°C - 60°C - 72°C - 75°C | Throttling: None - None - None - None - None - None - None - None
1344 (1477743 Gflops/s) - 1324 (1455753 Gflops/s) - 1319 (1450255 Gflops/s) - 1338 (1471146 Gflops/s) - 1297 (1426066 Gflops/s) - 1328 (1460151 Gflops/s) - 1340 (1473345 Gflops/s) - 1317 (1448056 Gflops/s) | Temperatures: 60°C - 62°C - 73°C - 69°C - 63°C - 60°C - 72°C - 75°C | Throttling: None - None - None - None - None - None - None - None
1343 (1476644 Gflops/s) - 1323 (1454653 Gflops/s) - 1316 (1446957 Gflops/s) - 1335 (1467848 Gflops/s) - 1296 (1424967 Gflops/s) - 1324 (1455753 Gflops/s) - 1339 (1472246 Gflops/s) - 1315 (1445857 Gflops/s) | Temperatures: 60°C - 62°C - 73°C - 69°C - 63°C - 60°C - 72°C - 75°C | Throttling: None - None - None - None - None - None - None - None
1344 (1477743 Gflops/s) - 1324 (1455753 Gflops/s) - 1318 (1449156 Gflops/s) - 1339 (1472246 Gflops/s) - 1296 (1424967 Gflops/s) - 1328 (1460151 Gflops/s) - 1341 (1474445 Gflops/s) - 1318 (1449156 Gflops/s) | Temperatures: 60°C - 62°C - 73°C - 69°C - 63°C - 60°C - 72°C - 75°C | Throttling: None - None - None - None - None - None - None - None
1343 (1476644 Gflops/s) - 1323 (1454653 Gflops/s) - 1317 (1448056 Gflops/s) - 1337 (1470047 Gflops/s) - 1299 (1428265 Gflops/s) - 1327 (1459051 Gflops/s) - 1339 (1472246 Gflops/s) - 1316 (1446957 Gflops/s) | Temperatures: 60°C - 62°C - 73°C - 69°C - 63°C - 60°C - 72°C - 75°C | Throttling: None - None - None - None - None - None - None - None
1343 (1476644 Gflops/s) - 1325 (1456852 Gflops/s) - 1317 (1448056 Gflops/s) - 1337 (1470047 Gflops/s) - 1299 (1428265 Gflops/s) - 1329 (1461250 Gflops/s) - 1341 (1474445 Gflops/s) - 1318 (1449156 Gflops/s) | Temperatures: 60°C - 62°C - 73°C - 69°C - 63°C - 60°C - 72°C - 75°C | Throttling: None - None - None - None - None - None - None - None
1345 (1478843 Gflops/s) - 1324 (1455753 Gflops/s) - 1317 (1448056 Gflops/s) - 1337 (1470047 Gflops/s) - 1298 (1427166 Gflops/s) - 1326 (1457952 Gflops/s) - 1340 (1473345 Gflops/s) - 1317 (1448056 Gflops/s) | Temperatures: 60°C - 62°C - 73°C - 69°C - 63°C - 60°C - 72°C - 75°C | Throttling: None - None - None - None - None - None - None - None
1343 (1476644 Gflops/s) - 1322 (1453554 Gflops/s) - 1315 (1445857 Gflops/s) - 1337 (1470047 Gflops/s) - 1299 (1428265 Gflops/s) - 1324 (1455753 Gflops/s) - 1339 (1472246 Gflops/s) - 1316 (1446957 Gflops/s) | Temperatures: 60°C - 62°C - 73°C - 69°C - 63°C - 60°C - 72°C - 75°C | Throttling: None - None - None - None - None - None - None - None
1344 (1477743 Gflops/s) - 1323 (1454653 Gflops/s) - 1317 (1448056 Gflops/s) - 1339 (1472246 Gflops/s) - 1299 (1428265 Gflops/s) - 1327 (1459051 Gflops/s) - 1341 (1474445 Gflops/s) - 1317 (1448056 Gflops/s) | Temperatures: 60°C - 62°C - 73°C - 69°C - 63°C - 60°C - 72°C - 75°C | Throttling: None - None - None - None - None - None - None - None
1344 (1477743 Gflops/s) - 1324 (1455753 Gflops/s) - 1318 (1449156 Gflops/s) - 1337 (1470047 Gflops/s) - 1297 (1426066 Gflops/s) - 1328 (1460151 Gflops/s) - 1341 (1474445 Gflops/s) - 1317 (1448056 Gflops/s) | Temperatures: 60°C - 62°C - 73°C - 69°C - 63°C - 60°C - 72°C - 75°C | Throttling: None - None - None - None - None - None - None - None
1342 (1475544 Gflops/s) - 1323 (1454653 Gflops/s) - 1316 (1446957 Gflops/s) - 1337 (1470047 Gflops/s) - 1297 (1426066 Gflops/s) - 1327 (1459051 Gflops/s) - 1339 (1472246 Gflops/s) - 1317 (1448056 Gflops/s) | Temperatures: 60°C - 62°C - 73°C - 69°C - 63°C - 60°C - 72°C - 75°C | Throttling: None - None - None - None - None - None - None - None
1343 (1476644 Gflops/s) - 1325 (1456852 Gflops/s) - 1317 (1448056 Gflops/s) - 1338 (1471146 Gflops/s) - 1296 (1424967 Gflops/s) - 1327 (1459051 Gflops/s) - 1339 (1472246 Gflops/s) - 1317 (1448056 Gflops/s) | Temperatures: 60°C - 62°C - 73°C - 69°C - 63°C - 60°C - 72°C - 75°C | Throttling: None - None - None - None - None - None - None - None
1344 (1477743 Gflops/s) - 1324 (1455753 Gflops/s) - 1318 (1449156 Gflops/s) - 1338 (1471146 Gflops/s) - 1297 (1426066 Gflops/s) - 1328 (1460151 Gflops/s) - 1340 (1473345 Gflops/s) - 1315 (1445857 Gflops/s) | Temperatures: 60°C - 62°C - 73°C - 69°C - 63°C - 60°C - 72°C - 75°C | Throttling: None - None - None - None - None - None - None - None
1343 (1476644 Gflops/s) - 1322 (1453554 Gflops/s) - 1316 (1446957 Gflops/s) - 1337 (1470047 Gflops/s) - 1294 (1422768 Gflops/s) - 1325 (1456852 Gflops/s) - 1339 (1472246 Gflops/s) - 1317 (1448056 Gflops/s) | Temperatures: 60°C - 62°C - 73°C - 69°C - 63°C - 60°C - 72°C - 75°C | Throttling: None - None - None - None - None - None - None - None
1342 (1475544 Gflops/s) - 1324 (1455753 Gflops/s) - 1316 (1446957 Gflops/s) - 1335 (1467848 Gflops/s) - 1298 (1427166 Gflops/s) - 1326 (1457952 Gflops/s) - 1339 (1472246 Gflops/s) - 1317 (1448056 Gflops/s) | Temperatures: 60°C - 62°C - 73°C - 69°C - 63°C - 60°C - 72°C - 75°C | Throttling: None - None - None - None - None - None - None - None
1344 (1477743 Gflops/s) - 1323 (1454653 Gflops/s) - 1317 (1448056 Gflops/s) - 1338 (1471146 Gflops/s) - 1297 (1426066 Gflops/s) - 1327 (1459051 Gflops/s) - 1340 (1473345 Gflops/s) - 1316 (1446957 Gflops/s) | Temperatures: 60°C - 62°C - 73°C - 69°C - 63°C - 60°C - 72°C - 75°C | Throttling: None - None - None - None - None - None - None - None
1344 (1477743 Gflops/s) - 1322 (1453554 Gflops/s) - 1316 (1446957 Gflops/s) - 1337 (1470047 Gflops/s) - 1297 (1426066 Gflops/s) - 1329 (1461250 Gflops/s) - 1341 (1474445 Gflops/s) - 1317 (1448056 Gflops/s) | Temperatures: 60°C - 62°C - 73°C - 69°C - 63°C - 60°C - 72°C - 75°C | Throttling: None - None - None - None - None - None - None - None
1342 (1475544 Gflops/s) - 1323 (1454653 Gflops/s) - 1314 (1444758 Gflops/s) - 1337 (1470047 Gflops/s) - 1296 (1424967 Gflops/s) - 1327 (1459051 Gflops/s) - 1339 (1472246 Gflops/s) - 1315 (1445857 Gflops/s) | Temperatures: 60°C - 62°C - 73°C - 69°C - 63°C - 60°C - 72°C - 75°C | Throttling: None - None - None - None - None - None - None - None
1343 (1476644 Gflops/s) - 1324 (1455753 Gflops/s) - 1317 (1448056 Gflops/s) - 1339 (1472246 Gflops/s) - 1297 (1426066 Gflops/s) - 1327 (1459051 Gflops/s) - 1340 (1473345 Gflops/s) - 1318 (1449156 Gflops/s) | Temperatures: 60°C - 62°C - 73°C - 69°C - 63°C - 60°C - 72°C - 75°C | Throttling: None - None - None - None - None - None - None - None
1344 (1477743 Gflops/s) - 1324 (1455753 Gflops/s) - 1317 (1448056 Gflops/s) - 1337 (1470047 Gflops/s) - 1298 (1427166 Gflops/s) - 1327 (1459051 Gflops/s) - 1340 (1473345 Gflops/s) - 1318 (1449156 Gflops/s) | Temperatures: 60°C - 62°C - 73°C - 69°C - 63°C - 60°C - 72°C - 75°C | Throttling: None - None - None - None - None - None - None - None
1342 (1475544 Gflops/s) - 1322 (1453554 Gflops/s) - 1315 (1445857 Gflops/s) - 1335 (1467848 Gflops/s) - 1296 (1424967 Gflops/s) - 1325 (1456852 Gflops/s) - 1339 (1472246 Gflops/s) - 1316 (1446957 Gflops/s) | Temperatures: 60°C - 62°C - 73°C - 69°C - 63°C - 60°C - 72°C - 75°C | Throttling: None - None - None - None - None - None - None - None
1343 (1476644 Gflops/s) - 1322 (1453554 Gflops/s) - 1319 (1450255 Gflops/s) - 1336 (1468947 Gflops/s) - 1296 (1424967 Gflops/s) - 1328 (1460151 Gflops/s) - 1340 (1473345 Gflops/s) - 1317 (1448056 Gflops/s) | Temperatures: 60°C - 62°C - 73°C - 69°C - 63°C - 61°C - 72°C - 75°C | Throttling: None - None - None - None - None - None - None - None
1345 (1478843 Gflops/s) - 1322 (1453554 Gflops/s) - 1317 (1448056 Gflops/s) - 1339 (1472246 Gflops/s) - 1298 (1427166 Gflops/s) - 1326 (1457952 Gflops/s) - 1341 (1474445 Gflops/s) - 1317 (1448056 Gflops/s) | Temperatures: 60°C - 62°C - 73°C - 69°C - 63°C - 60°C - 72°C - 75°C | Throttling: None - None - None - None - None - None - None - None
1343 (1476644 Gflops/s) - 1323 (1454653 Gflops/s) - 1316 (1446957 Gflops/s) - 1337 (1470047 Gflops/s) - 1298 (1427166 Gflops/s) - 1325 (1456852 Gflops/s) - 1339 (1472246 Gflops/s) - 1316 (1446957 Gflops/s) | Temperatures: 60°C - 62°C - 73°C - 69°C - 63°C - 61°C - 72°C - 75°C | Throttling: None - None - None - None - None - None - None - None
1343 (1476644 Gflops/s) - 1324 (1455753 Gflops/s) - 1317 (1448056 Gflops/s) - 1338 (1471146 Gflops/s) - 1298 (1427166 Gflops/s) - 1328 (1460151 Gflops/s) - 1340 (1473345 Gflops/s) - 1316 (1446957 Gflops/s) | Temperatures: 60°C - 62°C - 73°C - 69°C - 63°C - 61°C - 72°C - 75°C | Throttling: None - None - None - None - None - None - None - None
1343 (1476644 Gflops/s) - 1324 (1455753 Gflops/s) - 1318 (1449156 Gflops/s) - 1336 (1468947 Gflops/s) - 1297 (1426066 Gflops/s) - 1326 (1457952 Gflops/s) - 1340 (1473345 Gflops/s) - 1316 (1446957 Gflops/s) | Temperatures: 60°C - 62°C - 73°C - 69°C - 63°C - 60°C - 72°C - 75°C | Throttling: None - None - None - None - None - None - None - None
1343 (1476644 Gflops/s) - 1322 (1453554 Gflops/s) - 1316 (1446957 Gflops/s) - 1338 (1471146 Gflops/s) - 1296 (1424967 Gflops/s) - 1331 (1463449 Gflops/s) - 1339 (1472246 Gflops/s) - 1315 (1445857 Gflops/s) | Temperatures: 60°C - 62°C - 73°C - 69°C - 63°C - 60°C - 72°C - 75°C | Throttling: None - None - None - None - None - None - None - None
1344 (1477743 Gflops/s) - 1323 (1454653 Gflops/s) - 1316 (1446957 Gflops/s) - 1338 (1471146 Gflops/s) - 1298 (1427166 Gflops/s) - 1328 (1460151 Gflops/s) - 1340 (1473345 Gflops/s) - 1316 (1446957 Gflops/s) | Temperatures: 60°C - 62°C - 73°C - 69°C - 63°C - 60°C - 72°C - 75°C | Throttling: None - None - None - None - None - None - None - None
1345 (1478843 Gflops/s) - 1324 (1455753 Gflops/s) - 1317 (1448056 Gflops/s) - 1337 (1470047 Gflops/s) - 1298 (1427166 Gflops/s) - 1326 (1457952 Gflops/s) - 1340 (1473345 Gflops/s) - 1315 (1445857 Gflops/s) | Temperatures: 60°C - 62°C - 73°C - 69°C - 63°C - 60°C - 72°C - 75°C | Throttling: None - None - None - None - None - None - None - None
1343 (1476644 Gflops/s) - 1323 (1454653 Gflops/s) - 1317 (1448056 Gflops/s) - 1337 (1470047 Gflops/s) - 1299 (1428265 Gflops/s) - 1327 (1459051 Gflops/s) - 1341 (1474445 Gflops/s) - 1317 (1448056 Gflops/s) | Temperatures: 60°C - 62°C - 73°C - 69°C - 63°C - 60°C - 72°C - 75°C | Throttling: None - None - None - None - None - None - None - None
1342 (1475544 Gflops/s) - 1322 (1453554 Gflops/s) - 1316 (1446957 Gflops/s) - 1334 (1466748 Gflops/s) - 1295 (1423867 Gflops/s) - 1326 (1457952 Gflops/s) - 1339 (1472246 Gflops/s) - 1315 (1445857 Gflops/s) | Temperatures: 60°C - 62°C - 73°C - 69°C - 63°C - 60°C - 72°C - 75°C | Throttling: None - None - None - None - None - None - None - None
1344 (1477743 Gflops/s) - 1326 (1457952 Gflops/s) - 1318 (1449156 Gflops/s) - 1338 (1471146 Gflops/s) - 1297 (1426066 Gflops/s) - 1326 (1457952 Gflops/s) - 1341 (1474445 Gflops/s) - 1318 (1449156 Gflops/s) | Temperatures: 60°C - 62°C - 73°C - 69°C - 63°C - 60°C - 72°C - 75°C | Throttling: None - None - None - None - None - None - None - None
1342 (1475544 Gflops/s) - 1323 (1454653 Gflops/s) - 1316 (1446957 Gflops/s) - 1337 (1470047 Gflops/s) - 1295 (1423867 Gflops/s) - 1327 (1459051 Gflops/s) - 1340 (1473345 Gflops/s) - 1316 (1446957 Gflops/s) | Temperatures: 60°C - 62°C - 73°C - 69°C - 63°C - 60°C - 72°C - 75°C | Throttling: None - None - None - None - None - None - None - None
1344 (1477743 Gflops/s) - 1324 (1455753 Gflops/s) - 1317 (1448056 Gflops/s) - 1338 (1471146 Gflops/s) - 1297 (1426066 Gflops/s) - 1329 (1461250 Gflops/s) - 1339 (1472246 Gflops/s) - 1316 (1446957 Gflops/s) | Temperatures: 60°C - 62°C - 73°C - 69°C - 63°C - 60°C - 72°C - 75°C | Throttling: None - None - None - None - None - None - None - None
1342 (1475544 Gflops/s) - 1322 (1453554 Gflops/s) - 1316 (1446957 Gflops/s) - 1335 (1467848 Gflops/s) - 1300 (1429365 Gflops/s) - 1324 (1455753 Gflops/s) - 1339 (1472246 Gflops/s) - 1315 (1445857 Gflops/s) | Temperatures: 60°C - 62°C - 73°C - 69°C - 63°C - 60°C - 72°C - 75°C | Throttling: None - None - None - None - None - None - None - None
1344 (1477743 Gflops/s) - 1325 (1456852 Gflops/s) - 1318 (1449156 Gflops/s) - 1336 (1468947 Gflops/s) - 1300 (1429365 Gflops/s) - 1327 (1459051 Gflops/s) - 1341 (1474445 Gflops/s) - 1318 (1449156 Gflops/s) | Temperatures: 60°C - 62°C - 73°C - 69°C - 63°C - 60°C - 72°C - 75°C | Throttling: None - None - None - None - None - None - None - None
1342 (1475544 Gflops/s) - 1321 (1452454 Gflops/s) - 1314 (1444758 Gflops/s) - 1336 (1468947 Gflops/s) - 1296 (1424967 Gflops/s) - 1325 (1456852 Gflops/s) - 1340 (1473345 Gflops/s) - 1315 (1445857 Gflops/s) | Temperatures: 60°C - 62°C - 73°C - 69°C - 63°C - 60°C - 72°C - 75°C | Throttling: None - None - None - None - None - None - None - None
1344 (1477743 Gflops/s) - 1325 (1456852 Gflops/s) - 1318 (1449156 Gflops/s) - 1337 (1470047 Gflops/s) - 1298 (1427166 Gflops/s) - 1326 (1457952 Gflops/s) - 1340 (1473345 Gflops/s) - 1316 (1446957 Gflops/s) | Temperatures: 60°C - 62°C - 73°C - 69°C - 63°C - 60°C - 72°C - 75°C | Throttling: None - None - None - None - None - None - None - None
1343 (1476644 Gflops/s) - 1325 (1456852 Gflops/s) - 1316 (1446957 Gflops/s) - 1338 (1471146 Gflops/s) - 1298 (1427166 Gflops/s) - 1326 (1457952 Gflops/s) - 1340 (1473345 Gflops/s) - 1317 (1448056 Gflops/s) | Temperatures: 60°C - 62°C - 73°C - 69°C - 63°C - 60°C - 72°C - 75°C | Throttling: None - None - None - None - None - None - None - None
1343 (1476644 Gflops/s) - 1324 (1455753 Gflops/s) - 1318 (1449156 Gflops/s) - 1338 (1471146 Gflops/s) - 1300 (1429365 Gflops/s) - 1329 (1461250 Gflops/s) - 1340 (1473345 Gflops/s) - 1316 (1446957 Gflops/s) | Temperatures: 60°C - 62°C - 73°C - 69°C - 63°C - 60°C - 72°C - 74°C | Throttling: None - None - None - None - None - None - None - None
1342 (1475544 Gflops/s) - 1322 (1453554 Gflops/s) - 1314 (1444758 Gflops/s) - 1336 (1468947 Gflops/s) - 1293 (1421668 Gflops/s) - 1326 (1457952 Gflops/s) - 1339 (1472246 Gflops/s) - 1316 (1446957 Gflops/s) | Temperatures: 60°C - 62°C - 73°C - 69°C - 63°C - 60°C - 72°C - 75°C | Throttling: None - None - None - None - None - None - None - None
1343 (1476644 Gflops/s) - 1323 (1454653 Gflops/s) - 1315 (1445857 Gflops/s) - 1337 (1470047 Gflops/s) - 1300 (1429365 Gflops/s) - 1328 (1460151 Gflops/s) - 1341 (1474445 Gflops/s) - 1316 (1446957 Gflops/s) | Temperatures: 60°C - 62°C - 73°C - 69°C - 63°C - 60°C - 72°C - 75°C | Throttling: None - None - None - None - None - None - None - None
1344 (1477743 Gflops/s) - 1325 (1456852 Gflops/s) - 1317 (1448056 Gflops/s) - 1338 (1471146 Gflops/s) - 1297 (1426066 Gflops/s) - 1326 (1457952 Gflops/s) - 1340 (1473345 Gflops/s) - 1318 (1449156 Gflops/s) | Temperatures: 60°C - 62°C - 73°C - 69°C - 63°C - 60°C - 72°C - 75°C | Throttling: None - None - None - None - None - None - None - None
1342 (1475544 Gflops/s) - 1323 (1454653 Gflops/s) - 1316 (1446957 Gflops/s) - 1337 (1470047 Gflops/s) - 1297 (1426066 Gflops/s) - 1327 (1459051 Gflops/s) - 1339 (1472246 Gflops/s) - 1314 (1444758 Gflops/s) | Temperatures: 60°C - 62°C - 73°C - 69°C - 63°C - 60°C - 72°C - 75°C | Throttling: None - None - None - None - None - None - None - None
1343 (1476644 Gflops/s) - 1323 (1454653 Gflops/s) - 1317 (1448056 Gflops/s) - 1339 (1472246 Gflops/s) - 1299 (1428265 Gflops/s) - 1326 (1457952 Gflops/s) - 1340 (1473345 Gflops/s) - 1318 (1449156 Gflops/s) | Temperatures: 60°C - 62°C - 73°C - 69°C - 63°C - 60°C - 72°C - 75°C | Throttling: None - None - None - None - None - None - None - None
1343 (1476644 Gflops/s) - 1324 (1455753 Gflops/s) - 1318 (1449156 Gflops/s) - 1338 (1471146 Gflops/s) - 1298 (1427166 Gflops/s) - 1328 (1460151 Gflops/s) - 1341 (1474445 Gflops/s) - 1318 (1449156 Gflops/s) | Temperatures: 60°C - 62°C - 73°C - 69°C - 63°C - 61°C - 72°C - 75°C | Throttling: None - None - None - None - None - None - None - None
1343 (1476644 Gflops/s) - 1322 (1453554 Gflops/s) - 1317 (1448056 Gflops/s) - 1337 (1470047 Gflops/s) - 1293 (1421668 Gflops/s) - 1325 (1456852 Gflops/s) - 1339 (1472246 Gflops/s) - 1315 (1445857 Gflops/s) | Temperatures: 60°C - 62°C - 73°C - 69°C - 63°C - 60°C - 72°C - 75°C | Throttling: None - None - None - None - None - None - None - None
1343 (1476644 Gflops/s) - 1325 (1456852 Gflops/s) - 1317 (1448056 Gflops/s) - 1338 (1471146 Gflops/s) - 1298 (1427166 Gflops/s) - 1325 (1456852 Gflops/s) - 1340 (1473345 Gflops/s) - 1316 (1446957 Gflops/s) | Temperatures: 60°C - 62°C - 73°C - 69°C - 63°C - 60°C - 72°C - 75°C | Throttling: None - None - None - None - None - None - None - None
1342 (1475544 Gflops/s) - 1323 (1454653 Gflops/s) - 1317 (1448056 Gflops/s) - 1337 (1470047 Gflops/s) - 1294 (1422768 Gflops/s) - 1325 (1456852 Gflops/s) - 1339 (1472246 Gflops/s) - 1316 (1446957 Gflops/s) | Temperatures: 60°C - 62°C - 73°C - 69°C - 63°C - 60°C - 72°C - 75°C | Throttling: None - None - None - None - None - None - None - None
1345 (1478843 Gflops/s) - 1322 (1453554 Gflops/s) - 1316 (1446957 Gflops/s) - 1336 (1468947 Gflops/s) - 1298 (1427166 Gflops/s) - 1326 (1457952 Gflops/s) - 1340 (1473345 Gflops/s) - 1317 (1448056 Gflops/s) | Temperatures: 60°C - 62°C - 73°C - 69°C - 63°C - 60°C - 72°C - 75°C | Throttling: None - None - None - None - None - None - None - None
1344 (1477743 Gflops/s) - 1325 (1456852 Gflops/s) - 1318 (1449156 Gflops/s) - 1339 (1472246 Gflops/s) - 1298 (1427166 Gflops/s) - 1327 (1459051 Gflops/s) - 1340 (1473345 Gflops/s) - 1318 (1449156 Gflops/s) | Temperatures: 60°C - 62°C - 73°C - 69°C - 63°C - 60°C - 72°C - 75°C | Throttling: None - None - None - None - None - None - None - None
1343 (1476644 Gflops/s) - 1322 (1453554 Gflops/s) - 1315 (1445857 Gflops/s) - 1337 (1470047 Gflops/s) - 1299 (1428265 Gflops/s) - 1323 (1454653 Gflops/s) - 1339 (1472246 Gflops/s) - 1315 (1445857 Gflops/s) | Temperatures: 60°C - 62°C - 73°C - 69°C - 63°C - 60°C - 72°C - 75°C | Throttling: None - None - None - None - None - None - None - None
1343 (1476644 Gflops/s) - 1324 (1455753 Gflops/s) - 1314 (1444758 Gflops/s) - 1339 (1472246 Gflops/s) - 1296 (1424967 Gflops/s) - 1325 (1456852 Gflops/s) - 1340 (1473345 Gflops/s) - 1317 (1448056 Gflops/s) | Temperatures: 60°C - 62°C - 73°C - 69°C - 63°C - 60°C - 72°C - 75°C | Throttling: None - None - None - None - None - None - None - None
1344 (1477743 Gflops/s) - 1323 (1454653 Gflops/s) - 1317 (1448056 Gflops/s) - 1337 (1470047 Gflops/s) - 1295 (1423867 Gflops/s) - 1327 (1459051 Gflops/s) - 1340 (1473345 Gflops/s) - 1317 (1448056 Gflops/s) | Temperatures: 60°C - 62°C - 73°C - 69°C - 63°C - 61°C - 72°C - 75°C | Throttling: None - None - None - None - None - None - None - None
1342 (1475544 Gflops/s) - 1323 (1454653 Gflops/s) - 1316 (1446957 Gflops/s) - 1337 (1470047 Gflops/s) - 1298 (1427166 Gflops/s) - 1324 (1455753 Gflops/s) - 1340 (1473345 Gflops/s) - 1315 (1445857 Gflops/s) | Temperatures: 60°C - 62°C - 73°C - 69°C - 63°C - 60°C - 72°C - 75°C | Throttling: None - None - None - None - None - None - None - None
1343 (1476644 Gflops/s) - 1323 (1454653 Gflops/s) - 1317 (1448056 Gflops/s) - 1338 (1471146 Gflops/s) - 1300 (1429365 Gflops/s) - 1325 (1456852 Gflops/s) - 1340 (1473345 Gflops/s) - 1318 (1449156 Gflops/s) | Temperatures: 60°C - 62°C - 73°C - 69°C - 63°C - 60°C - 72°C - 75°C | Throttling: None - None - None - None - None - None - None - None
1343 (1476644 Gflops/s) - 1323 (1454653 Gflops/s) - 1316 (1446957 Gflops/s) - 1338 (1471146 Gflops/s) - 1296 (1424967 Gflops/s) - 1327 (1459051 Gflops/s) - 1340 (1473345 Gflops/s) - 1318 (1449156 Gflops/s) | Temperatures: 60°C - 62°C - 73°C - 69°C - 63°C - 60°C - 72°C - 75°C | Throttling: None - None - None - None - None - None - None - None
1344 (1477743 Gflops/s) - 1323 (1454653 Gflops/s) - 1317 (1448056 Gflops/s) - 1339 (1472246 Gflops/s) - 1297 (1426066 Gflops/s) - 1325 (1456852 Gflops/s) - 1340 (1473345 Gflops/s) - 1317 (1448056 Gflops/s) | Temperatures: 60°C - 62°C - 73°C - 69°C - 63°C - 61°C - 72°C - 75°C | Throttling: None - None - None - None - None - None - None - None
1343 (1476644 Gflops/s) - 1323 (1454653 Gflops/s) - 1316 (1446957 Gflops/s) - 1337 (1470047 Gflops/s) - 1299 (1428265 Gflops/s) - 1323 (1454653 Gflops/s) - 1339 (1472246 Gflops/s) - 1316 (1446957 Gflops/s) | Temperatures: 60°C - 62°C - 73°C - 69°C - 63°C - 60°C - 72°C - 75°C | Throttling: None - None - None - None - None - None - None - None
1343 (1476644 Gflops/s) - 1322 (1453554 Gflops/s) - 1316 (1446957 Gflops/s) - 1338 (1471146 Gflops/s) - 1299 (1428265 Gflops/s) - 1326 (1457952 Gflops/s) - 1340 (1473345 Gflops/s) - 1318 (1449156 Gflops/s) | Temperatures: 60°C - 62°C - 73°C - 69°C - 63°C - 60°C - 72°C - 75°C | Throttling: None - None - None - None - None - None - None - None
1343 (1476644 Gflops/s) - 1323 (1454653 Gflops/s) - 1316 (1446957 Gflops/s) - 1337 (1470047 Gflops/s) - 1298 (1427166 Gflops/s) - 1325 (1456852 Gflops/s) - 1339 (1472246 Gflops/s) - 1315 (1445857 Gflops/s) | Temperatures: 60°C - 62°C - 73°C - 69°C - 63°C - 60°C - 72°C - 75°C | Throttling: None - None - None - None - None - None - None - None
1343 (1476644 Gflops/s) - 1324 (1455753 Gflops/s) - 1316 (1446957 Gflops/s) - 1338 (1471146 Gflops/s) - 1300 (1429365 Gflops/s) - 1328 (1460151 Gflops/s) - 1339 (1472246 Gflops/s) - 1317 (1448056 Gflops/s) | Temperatures: 60°C - 62°C - 73°C - 69°C - 63°C - 60°C - 72°C - 75°C | Throttling: None - None - None - None - None - None - None - None
1344 (1477743 Gflops/s) - 1323 (1454653 Gflops/s) - 1316 (1446957 Gflops/s) - 1339 (1472246 Gflops/s) - 1298 (1427166 Gflops/s) - 1327 (1459051 Gflops/s) - 1340 (1473345 Gflops/s) - 1317 (1448056 Gflops/s) | Temperatures: 60°C - 62°C - 73°C - 69°C - 63°C - 60°C - 72°C - 75°C | Throttling: None - None - None - None - None - None - None - None
1343 (1476644 Gflops/s) - 1324 (1455753 Gflops/s) - 1317 (1448056 Gflops/s) - 1338 (1471146 Gflops/s) - 1300 (1429365 Gflops/s) - 1328 (1460151 Gflops/s) - 1340 (1473345 Gflops/s) - 1318 (1449156 Gflops/s) | Temperatures: 60°C - 62°C - 73°C - 69°C - 63°C - 60°C - 72°C - 75°C | Throttling: None - None - None - None - None - None - None - None
1343 (1476644 Gflops/s) - 1323 (1454653 Gflops/s) - 1316 (1446957 Gflops/s) - 1336 (1468947 Gflops/s) - 1297 (1426066 Gflops/s) - 1323 (1454653 Gflops/s) - 1340 (1473345 Gflops/s) - 1316 (1446957 Gflops/s) | Temperatures: 60°C - 62°C - 73°C - 69°C - 63°C - 61°C - 72°C - 75°C | Throttling: None - None - None - None - None - None - None - None
1343 (1476644 Gflops/s) - 1322 (1453554 Gflops/s) - 1318 (1449156 Gflops/s) - 1337 (1470047 Gflops/s) - 1299 (1428265 Gflops/s) - 1329 (1461250 Gflops/s) - 1340 (1473345 Gflops/s) - 1316 (1446957 Gflops/s) | Temperatures: 60°C - 62°C - 73°C - 69°C - 63°C - 60°C - 72°C - 75°C | Throttling: None - None - None - None - None - None - None - None
1345 (1478843 Gflops/s) - 1325 (1456852 Gflops/s) - 1317 (1448056 Gflops/s) - 1338 (1471146 Gflops/s) - 1296 (1424967 Gflops/s) - 1326 (1457952 Gflops/s) - 1340 (1473345 Gflops/s) - 1317 (1448056 Gflops/s) | Temperatures: 60°C - 62°C - 73°C - 69°C - 63°C - 60°C - 72°C - 75°C | Throttling: None - None - None - None - None - None - None - None
1342 (1475544 Gflops/s) - 1322 (1453554 Gflops/s) - 1317 (1448056 Gflops/s) - 1336 (1468947 Gflops/s) - 1298 (1427166 Gflops/s) - 1326 (1457952 Gflops/s) - 1339 (1472246 Gflops/s) - 1316 (1446957 Gflops/s) | Temperatures: 60°C - 62°C - 73°C - 69°C - 63°C - 60°C - 72°C - 75°C | Throttling: None - None - None - None - None - None - None - None
1343 (1476644 Gflops/s) - 1323 (1454653 Gflops/s) - 1317 (1448056 Gflops/s) - 1336 (1468947 Gflops/s) - 1298 (1427166 Gflops/s) - 1327 (1459051 Gflops/s) - 1340 (1473345 Gflops/s) - 1317 (1448056 Gflops/s) | Temperatures: 60°C - 62°C - 73°C - 69°C - 63°C - 60°C - 72°C - 75°C | Throttling: None - None - None - None - None - None - None - None
1344 (1477743 Gflops/s) - 1325 (1456852 Gflops/s) - 1317 (1448056 Gflops/s) - 1338 (1471146 Gflops/s) - 1300 (1429365 Gflops/s) - 1327 (1459051 Gflops/s) - 1340 (1473345 Gflops/s) - 1316 (1446957 Gflops/s) | Temperatures: 60°C - 62°C - 73°C - 69°C - 63°C - 60°C - 72°C - 75°C | Throttling: None - None - None - None - None - None - None - None
1341 (1474445 Gflops/s) - 1323 (1454653 Gflops/s) - 1313 (1443658 Gflops/s) - 1335 (1467848 Gflops/s) - 1296 (1424967 Gflops/s) - 1325 (1456852 Gflops/s) - 1339 (1472246 Gflops/s) - 1315 (1445857 Gflops/s) | Temperatures: 60°C - 62°C - 73°C - 69°C - 63°C - 60°C - 72°C - 75°C | Throttling: None - None - None - None - None - None - None - None
1344 (1477743 Gflops/s) - 1325 (1456852 Gflops/s) - 1318 (1449156 Gflops/s) - 1339 (1472246 Gflops/s) - 1298 (1427166 Gflops/s) - 1324 (1455753 Gflops/s) - 1340 (1473345 Gflops/s) - 1318 (1449156 Gflops/s) | Temperatures: 60°C - 62°C - 73°C - 69°C - 63°C - 60°C - 72°C - 75°C | Throttling: None - None - None - None - None - None - None - None
1343 (1476644 Gflops/s) - 1324 (1455753 Gflops/s) - 1318 (1449156 Gflops/s) - 1337 (1470047 Gflops/s) - 1299 (1428265 Gflops/s) - 1326 (1457952 Gflops/s) - 1339 (1472246 Gflops/s) - 1317 (1448056 Gflops/s) | Temperatures: 60°C - 62°C - 73°C - 69°C - 63°C - 60°C - 72°C - 75°C | Throttling: None - None - None - None - None - None - None - None
1342 (1475544 Gflops/s) - 1323 (1454653 Gflops/s) - 1315 (1445857 Gflops/s) - 1336 (1468947 Gflops/s) - 1297 (1426066 Gflops/s) - 1324 (1455753 Gflops/s) - 1340 (1473345 Gflops/s) - 1315 (1445857 Gflops/s) | Temperatures: 60°C - 62°C - 73°C - 69°C - 63°C - 60°C - 72°C - 75°C | Throttling: None - None - None - None - None - None - None - None
1345 (1478843 Gflops/s) - 1324 (1455753 Gflops/s) - 1319 (1450255 Gflops/s) - 1338 (1471146 Gflops/s) - 1297 (1426066 Gflops/s) - 1325 (1456852 Gflops/s) - 1340 (1473345 Gflops/s) - 1318 (1449156 Gflops/s) | Temperatures: 60°C - 62°C - 73°C - 69°C - 63°C - 60°C - 72°C - 75°C | Throttling: None - None - None - None - None - None - None - None
1342 (1475544 Gflops/s) - 1324 (1455753 Gflops/s) - 1316 (1446957 Gflops/s) - 1338 (1471146 Gflops/s) - 1297 (1426066 Gflops/s) - 1328 (1460151 Gflops/s) - 1340 (1473345 Gflops/s) - 1317 (1448056 Gflops/s) | Temperatures: 60°C - 62°C - 73°C - 69°C - 63°C - 60°C - 72°C - 75°C | Throttling: None - None - None - None - None - None - None - None
1344 (1477743 Gflops/s) - 1323 (1454653 Gflops/s) - 1317 (1448056 Gflops/s) - 1337 (1470047 Gflops/s) - 1298 (1427166 Gflops/s) - 1330 (1462350 Gflops/s) - 1340 (1473345 Gflops/s) - 1318 (1449156 Gflops/s) | Temperatures: 60°C - 62°C - 73°C - 69°C - 63°C - 60°C - 72°C - 75°C | Throttling: None - None - None - None - None - None - None - None
1342 (1475544 Gflops/s) - 1323 (1454653 Gflops/s) - 1316 (1446957 Gflops/s) - 1337 (1470047 Gflops/s) - 1295 (1423867 Gflops/s) - 1324 (1455753 Gflops/s) - 1339 (1472246 Gflops/s) - 1314 (1444758 Gflops/s) | Temperatures: 60°C - 62°C - 73°C - 69°C - 63°C - 60°C - 72°C - 75°C | Throttling: None - None - None - None - None - None - None - None
1344 (1477743 Gflops/s) - 1324 (1455753 Gflops/s) - 1318 (1449156 Gflops/s) - 1338 (1471146 Gflops/s) - 1300 (1429365 Gflops/s) - 1328 (1460151 Gflops/s) - 1341 (1474445 Gflops/s) - 1317 (1448056 Gflops/s) | Temperatures: 60°C - 62°C - 73°C - 69°C - 63°C - 60°C - 72°C - 75°C | Throttling: None - None - None - None - None - None - None - None
1343 (1476644 Gflops/s) - 1325 (1456852 Gflops/s) - 1316 (1446957 Gflops/s) - 1338 (1471146 Gflops/s) - 1297 (1426066 Gflops/s) - 1326 (1457952 Gflops/s) - 1339 (1472246 Gflops/s) - 1317 (1448056 Gflops/s) | Temperatures: 60°C - 62°C - 73°C - 69°C - 63°C - 60°C - 72°C - 75°C | Throttling: None - None - None - None - None - None - None - None
1343 (1476644 Gflops/s) - 1323 (1454653 Gflops/s) - 1315 (1445857 Gflops/s) - 1335 (1467848 Gflops/s) - 1297 (1426066 Gflops/s) - 1325 (1456852 Gflops/s) - 1339 (1472246 Gflops/s) - 1315 (1445857 Gflops/s) | Temperatures: 60°C - 62°C - 73°C - 69°C - 63°C - 60°C - 72°C - 75°C | Throttling: None - None - None - None - None - None - None - None
1345 (1478843 Gflops/s) - 1324 (1455753 Gflops/s) - 1314 (1444758 Gflops/s) - 1339 (1472246 Gflops/s) - 1299 (1428265 Gflops/s) - 1329 (1461250 Gflops/s) - 1340 (1473345 Gflops/s) - 1317 (1448056 Gflops/s) | Temperatures: 60°C - 62°C - 73°C - 69°C - 63°C - 60°C - 72°C - 75°C | Throttling: None - None - None - None - None - None - None - None
1343 (1476644 Gflops/s) - 1324 (1455753 Gflops/s) - 1317 (1448056 Gflops/s) - 1338 (1471146 Gflops/s) - 1298 (1427166 Gflops/s) - 1326 (1457952 Gflops/s) - 1340 (1473345 Gflops/s) - 1316 (1446957 Gflops/s) | Temperatures: 60°C - 62°C - 73°C - 69°C - 63°C - 60°C - 72°C - 75°C | Throttling: None - None - None - None - None - None - None - None
1342 (1475544 Gflops/s) - 1322 (1453554 Gflops/s) - 1316 (1446957 Gflops/s) - 1336 (1468947 Gflops/s) - 1295 (1423867 Gflops/s) - 1326 (1457952 Gflops/s) - 1339 (1472246 Gflops/s) - 1316 (1446957 Gflops/s) | Temperatures: 60°C - 62°C - 73°C - 69°C - 63°C - 60°C - 72°C - 75°C | Throttling: None - None - None - None - None - None - None - None
1343 (1476644 Gflops/s) - 1322 (1453554 Gflops/s) - 1317 (1448056 Gflops/s) - 1338 (1471146 Gflops/s) - 1297 (1426066 Gflops/s) - 1327 (1459051 Gflops/s) - 1339 (1472246 Gflops/s) - 1318 (1449156 Gflops/s) | Temperatures: 60°C - 62°C - 73°C - 69°C - 63°C - 61°C - 72°C - 75°C | Throttling: None - None - None - None - None - None - None - None
1345 (1478843 Gflops/s) - 1322 (1453554 Gflops/s) - 1318 (1449156 Gflops/s) - 1338 (1471146 Gflops/s) - 1301 (1430464 Gflops/s) - 1324 (1455753 Gflops/s) - 1341 (1474445 Gflops/s) - 1318 (1449156 Gflops/s) | Temperatures: 60°C - 62°C - 73°C - 69°C - 63°C - 60°C - 72°C - 75°C | Throttling: None - None - None - None - None - None - None - None
1341 (1474445 Gflops/s) - 1323 (1454653 Gflops/s) - 1315 (1445857 Gflops/s) - 1335 (1467848 Gflops/s) - 1296 (1424967 Gflops/s) - 1328 (1460151 Gflops/s) - 1338 (1471146 Gflops/s) - 1317 (1448056 Gflops/s) | Temperatures: 60°C - 62°C - 73°C - 69°C - 63°C - 60°C - 72°C - 75°C | Throttling: None - None - None - None - None - None - None - None
1344 (1477743 Gflops/s) - 1046 (1150089 Gflops/s) - 1228 (1350200 Gflops/s) - 600 (659706 Gflops/s) - 783 (860917 Gflops/s) - 1208 (1328210 Gflops/s) - 1076 (1183074 Gflops/s) - 1317 (1448056 Gflops/s) | Temperatures: 60°C - 62°C - 73°C - 69°C - 63°C - 60°C - 72°C - 75°C | Throttling: None - None - None - None - None - None - None - None
GPU #0: 1478016 Gflops/s (min: 1474445.09, max: 1490937.77, dev: 1478015.67)
         Temperature: 59.77°C (min: 54.00, max: 60.00)
         Throttling HW: false, Thermal SW: false, Thermal HW: false
GPU #1: 1454473 Gflops/s (min: 1150089.16, max: 1465649.00, dev: 1454472.52)
         Temperature: 61.65°C (min: 55.00, max: 62.00)
         Throttling HW: false, Thermal SW: false, Thermal HW: false
GPU #2: 1449595 Gflops/s (min: 1350200.28, max: 1466748.51, dev: 1449594.62)
         Temperature: 72.38°C (min: 64.00, max: 73.00)
         Throttling HW: false, Thermal SW: false, Thermal HW: false
GPU #3: 1468589 Gflops/s (min: 659706.98, max: 1483241.19, dev: 1468588.59)
         Temperature: 68.35°C (min: 60.00, max: 69.00)
         Throttling HW: false, Thermal SW: false, Thermal HW: false
GPU #4: 1425798 Gflops/s (min: 860917.60, max: 1442559.26, dev: 1425798.32)
         Temperature: 62.73°C (min: 56.00, max: 63.00)
         Throttling HW: false, Thermal SW: false, Thermal HW: false
GPU #5: 1459218 Gflops/s (min: 1328210.05, max: 1474445.09, dev: 1459218.18)
         Temperature: 59.86°C (min: 54.00, max: 61.00)
         Throttling HW: false, Thermal SW: false, Thermal HW: false
GPU #6: 1473296 Gflops/s (min: 1183074.51, max: 1488738.74, dev: 1473296.46)
         Temperature: 71.48°C (min: 63.00, max: 72.00)
         Throttling HW: false, Thermal SW: false, Thermal HW: false
GPU #7: 1448869 Gflops/s (min: 1444758.28, max: 1456852.91, dev: 1448869.17)
         Temperature: 74.04°C (min: 65.00, max: 75.00)
         Throttling HW: false, Thermal SW: false, Thermal HW: false
All GPUs seem healthy
Freeing GPUs...
======== Run with fp8  ==========
Detected GPU #0: "NVIDIA B200" (95d3cf9d-249a-e24f-0e05-547d3acc3a0c)
Detected GPU #1: "NVIDIA B200" (958a9124-43fb-702d-122a-f59fd3837000)
Detected GPU #2: "NVIDIA B200" (41f97fa2-c33f-d272-a3b7-1e1e2a513053)
Detected GPU #3: "NVIDIA B200" (470ba4ed-5784-de4f-c67c-8e3f7d2f3bd5)
Detected GPU #4: "NVIDIA B200" (e7c9aeb4-cb76-b389-9534-5a052b72a557)
Detected GPU #5: "NVIDIA B200" (1dffed33-e193-3fd2-f427-16ca7b79f2cd)
Detected GPU #6: "NVIDIA B200" (dacdec70-622b-5b39-3021-8f46b6323605)
Detected GPU #7: "NVIDIA B200" (da19d1ea-2f06-3661-6750-4a69f769fa6b)
Using precision(s):   FP8
Creating random matrices
Matrices created
GPU #0: Using 163805 MB
GPU #1: Using 163805 MB
GPU #2: Using 163805 MB
GPU #3: Using 163805 MB
GPU #4: Using 163805 MB
GPU #5: Using 163805 MB
GPU #6: Using 163805 MB
GPU #7: Using 163805 MB
3646 (4008819 Gflops/s) - 3631 (3992326 Gflops/s) - 3629 (3990127 Gflops/s) - 3630 (3991227 Gflops/s) - 3621 (3981331 Gflops/s) - 3648 (4011018 Gflops/s) - 3622 (3982431 Gflops/s) - 3602 (3960440 Gflops/s) | Temperatures: 52°C - 54°C - 65°C - 62°C - 55°C - 52°C - 63°C - 66°C | Throttling: None - None - None - None - None - None - None - None
3721 (4091282 Gflops/s) - 3693 (4060496 Gflops/s) - 3670 (4035207 Gflops/s) - 3693 (4060496 Gflops/s) - 3648 (4011018 Gflops/s) - 3711 (4080287 Gflops/s) - 3644 (4006620 Gflops/s) - 3647 (4009918 Gflops/s) | Temperatures: 54°C - 55°C - 66°C - 62°C - 56°C - 54°C - 65°C - 67°C | Throttling: None - None - None - None - None - None - None - None
3725 (4095680 Gflops/s) - 3689 (4056098 Gflops/s) - 3666 (4030809 Gflops/s) - 3700 (4068193 Gflops/s) - 3650 (4013217 Gflops/s) - 3707 (4075889 Gflops/s) - 3637 (3998923 Gflops/s) - 3643 (4005520 Gflops/s) | Temperatures: 54°C - 56°C - 66°C - 63°C - 57°C - 54°C - 66°C - 68°C | Throttling: None - None - None - None - None - None - None - None
3726 (4096780 Gflops/s) - 3686 (4052799 Gflops/s) - 3664 (4028610 Gflops/s) - 3702 (4070392 Gflops/s) - 3647 (4009918 Gflops/s) - 3701 (4069292 Gflops/s) - 3633 (3994525 Gflops/s) - 3644 (4006620 Gflops/s) | Temperatures: 55°C - 56°C - 67°C - 63°C - 57°C - 55°C - 66°C - 68°C | Throttling: None - None - None - None - None - None - None - None
3725 (4095680 Gflops/s) - 3684 (4050600 Gflops/s) - 3661 (4025312 Gflops/s) - 3702 (4070392 Gflops/s) - 3641 (4003321 Gflops/s) - 3701 (4069292 Gflops/s) - 3631 (3992326 Gflops/s) - 3645 (4007719 Gflops/s) | Temperatures: 55°C - 57°C - 67°C - 63°C - 58°C - 55°C - 66°C - 69°C | Throttling: None - None - None - None - None - None - None - None
3712 (4081387 Gflops/s) - 3689 (4056098 Gflops/s) - 3662 (4026411 Gflops/s) - 3697 (4064894 Gflops/s) - 3636 (3997824 Gflops/s) - 3689 (4056098 Gflops/s) - 3627 (3987928 Gflops/s) - 3636 (3997824 Gflops/s) | Temperatures: 56°C - 57°C - 68°C - 63°C - 58°C - 55°C - 66°C - 69°C | Throttling: None - None - None - None - None - None - None - None
3722 (4092382 Gflops/s) - 3682 (4048401 Gflops/s) - 3660 (4024212 Gflops/s) - 3697 (4064894 Gflops/s) - 3642 (4004421 Gflops/s) - 3696 (4063794 Gflops/s) - 3639 (4001122 Gflops/s) - 3646 (4008819 Gflops/s) | Temperatures: 56°C - 57°C - 68°C - 64°C - 58°C - 56°C - 67°C - 69°C | Throttling: None - None - None - None - None - None - None - None
3711 (4080287 Gflops/s) - 3681 (4047302 Gflops/s) - 3653 (4016515 Gflops/s) - 3689 (4056098 Gflops/s) - 3633 (3994525 Gflops/s) - 3689 (4056098 Gflops/s) - 3633 (3994525 Gflops/s) - 3636 (3997824 Gflops/s) | Temperatures: 56°C - 58°C - 68°C - 64°C - 59°C - 56°C - 67°C - 69°C | Throttling: None - None - None - None - None - None - None - None
3709 (4078088 Gflops/s) - 3681 (4047302 Gflops/s) - 3656 (4019814 Gflops/s) - 3698 (4065993 Gflops/s) - 3637 (3998923 Gflops/s) - 3693 (4060496 Gflops/s) - 3634 (3995625 Gflops/s) - 3621 (3981331 Gflops/s) | Temperatures: 56°C - 58°C - 68°C - 64°C - 59°C - 56°C - 67°C - 70°C | Throttling: None - None - None - None - None - None - None - None
3700 (4068193 Gflops/s) - 3674 (4039605 Gflops/s) - 3656 (4019814 Gflops/s) - 3696 (4063794 Gflops/s) - 3637 (3998923 Gflops/s) - 3692 (4059396 Gflops/s) - 3639 (4001122 Gflops/s) - 3621 (3981331 Gflops/s) | Temperatures: 57°C - 58°C - 68°C - 64°C - 59°C - 57°C - 68°C - 70°C | Throttling: None - None - None - None - None - None - None - None
3706 (4074790 Gflops/s) - 3682 (4048401 Gflops/s) - 3654 (4017615 Gflops/s) - 3694 (4061595 Gflops/s) - 3632 (3993426 Gflops/s) - 3687 (4053899 Gflops/s) - 3624 (3984630 Gflops/s) - 3621 (3981331 Gflops/s) | Temperatures: 57°C - 59°C - 69°C - 64°C - 59°C - 57°C - 68°C - 70°C | Throttling: None - None - None - None - None - None - None - None
3701 (4069292 Gflops/s) - 3661 (4025312 Gflops/s) - 3651 (4014316 Gflops/s) - 3686 (4052799 Gflops/s) - 3629 (3990127 Gflops/s) - 3692 (4059396 Gflops/s) - 3632 (3993426 Gflops/s) - 3623 (3983530 Gflops/s) | Temperatures: 57°C - 59°C - 69°C - 65°C - 60°C - 57°C - 68°C - 70°C | Throttling: None - None - None - None - None - None - None - None
3712 (4081387 Gflops/s) - 3675 (4040705 Gflops/s) - 3651 (4014316 Gflops/s) - 3688 (4054998 Gflops/s) - 3636 (3997824 Gflops/s) - 3685 (4051700 Gflops/s) - 3627 (3987928 Gflops/s) - 3621 (3981331 Gflops/s) | Temperatures: 57°C - 59°C - 69°C - 65°C - 60°C - 58°C - 68°C - 70°C | Throttling: None - None - None - None - None - None - None - None
3713 (4082486 Gflops/s) - 3673 (4038506 Gflops/s) - 3652 (4015416 Gflops/s) - 3691 (4058297 Gflops/s) - 3634 (3995625 Gflops/s) - 3691 (4058297 Gflops/s) - 3639 (4001122 Gflops/s) - 3623 (3983530 Gflops/s) | Temperatures: 58°C - 59°C - 69°C - 65°C - 60°C - 58°C - 69°C - 71°C | Throttling: None - None - None - None - None - None - None - None
3699 (4067093 Gflops/s) - 3675 (4040705 Gflops/s) - 3650 (4013217 Gflops/s) - 3688 (4054998 Gflops/s) - 3630 (3991227 Gflops/s) - 3684 (4050600 Gflops/s) - 3626 (3986829 Gflops/s) - 3618 (3978033 Gflops/s) | Temperatures: 58°C - 59°C - 69°C - 65°C - 60°C - 58°C - 69°C - 71°C | Throttling: None - None - None - None - None - None - None - None
3703 (4071491 Gflops/s) - 3678 (4044003 Gflops/s) - 3651 (4014316 Gflops/s) - 3690 (4057197 Gflops/s) - 3629 (3990127 Gflops/s) - 3683 (4049501 Gflops/s) - 3620 (3980232 Gflops/s) - 3621 (3981331 Gflops/s) | Temperatures: 58°C - 60°C - 70°C - 66°C - 60°C - 58°C - 69°C - 71°C | Throttling: None - None - None - None - None - None - None - None
3708 (4076989 Gflops/s) - 3670 (4035207 Gflops/s) - 3651 (4014316 Gflops/s) - 3680 (4046202 Gflops/s) - 3629 (3990127 Gflops/s) - 3684 (4050600 Gflops/s) - 3621 (3981331 Gflops/s) - 3622 (3982431 Gflops/s) | Temperatures: 58°C - 60°C - 70°C - 66°C - 61°C - 58°C - 69°C - 71°C | Throttling: None - None - None - None - None - None - None - None
3703 (4071491 Gflops/s) - 3676 (4041804 Gflops/s) - 3651 (4014316 Gflops/s) - 3683 (4049501 Gflops/s) - 3629 (3990127 Gflops/s) - 3687 (4053899 Gflops/s) - 3614 (3973635 Gflops/s) - 3621 (3981331 Gflops/s) | Temperatures: 58°C - 60°C - 70°C - 66°C - 61°C - 58°C - 69°C - 71°C | Throttling: None - None - None - None - None - None - None - None
3704 (4072591 Gflops/s) - 3669 (4034108 Gflops/s) - 3649 (4012117 Gflops/s) - 3686 (4052799 Gflops/s) - 3633 (3994525 Gflops/s) - 3690 (4057197 Gflops/s) - 3622 (3982431 Gflops/s) - 3622 (3982431 Gflops/s) | Temperatures: 58°C - 60°C - 70°C - 66°C - 61°C - 59°C - 70°C - 71°C | Throttling: None - None - None - None - None - None - None - None
3700 (4068193 Gflops/s) - 3671 (4036307 Gflops/s) - 3646 (4008819 Gflops/s) - 3670 (4035207 Gflops/s) - 3627 (3987928 Gflops/s) - 3684 (4050600 Gflops/s) - 3607 (3965938 Gflops/s) - 3618 (3978033 Gflops/s) | Temperatures: 58°C - 60°C - 70°C - 66°C - 61°C - 58°C - 69°C - 72°C | Throttling: None - None - None - None - None - None - None - None
3702 (4070392 Gflops/s) - 3674 (4039605 Gflops/s) - 3649 (4012117 Gflops/s) - 3673 (4038506 Gflops/s) - 3631 (3992326 Gflops/s) - 3688 (4054998 Gflops/s) - 3627 (3987928 Gflops/s) - 3620 (3980232 Gflops/s) | Temperatures: 58°C - 60°C - 70°C - 66°C - 61°C - 59°C - 70°C - 72°C | Throttling: None - None - None - None - None - None - None - None
3701 (4069292 Gflops/s) - 3670 (4035207 Gflops/s) - 3643 (4005520 Gflops/s) - 3674 (4039605 Gflops/s) - 3628 (3989028 Gflops/s) - 3686 (4052799 Gflops/s) - 3619 (3979132 Gflops/s) - 3613 (3972535 Gflops/s) | Temperatures: 59°C - 60°C - 70°C - 66°C - 61°C - 59°C - 70°C - 72°C | Throttling: None - None - None - None - None - None - None - None
3702 (4070392 Gflops/s) - 3672 (4037406 Gflops/s) - 3645 (4007719 Gflops/s) - 3668 (4033008 Gflops/s) - 3629 (3990127 Gflops/s) - 3691 (4058297 Gflops/s) - 3602 (3960440 Gflops/s) - 3621 (3981331 Gflops/s) | Temperatures: 59°C - 60°C - 71°C - 67°C - 61°C - 59°C - 70°C - 72°C | Throttling: None - None - None - None - None - None - None - None
3704 (4072591 Gflops/s) - 3659 (4023113 Gflops/s) - 3645 (4007719 Gflops/s) - 3682 (4048401 Gflops/s) - 3630 (3991227 Gflops/s) - 3688 (4054998 Gflops/s) - 3609 (3968137 Gflops/s) - 3622 (3982431 Gflops/s) | Temperatures: 59°C - 60°C - 71°C - 67°C - 61°C - 59°C - 70°C - 72°C | Throttling: None - None - None - None - None - None - None - None
3703 (4071491 Gflops/s) - 3670 (4035207 Gflops/s) - 3646 (4008819 Gflops/s) - 3666 (4030809 Gflops/s) - 3630 (3991227 Gflops/s) - 3680 (4046202 Gflops/s) - 3617 (3976933 Gflops/s) - 3622 (3982431 Gflops/s) | Temperatures: 59°C - 60°C - 71°C - 67°C - 62°C - 59°C - 70°C - 72°C | Throttling: None - None - None - None - None - None - None - None
3698 (4065993 Gflops/s) - 3665 (4029710 Gflops/s) - 3642 (4004421 Gflops/s) - 3662 (4026411 Gflops/s) - 3625 (3985729 Gflops/s) - 3683 (4049501 Gflops/s) - 3605 (3963739 Gflops/s) - 3617 (3976933 Gflops/s) | Temperatures: 59°C - 61°C - 71°C - 67°C - 62°C - 59°C - 70°C - 72°C | Throttling: None - None - None - None - None - None - None - None
3701 (4069292 Gflops/s) - 3671 (4036307 Gflops/s) - 3646 (4008819 Gflops/s) - 3667 (4031909 Gflops/s) - 3634 (3995625 Gflops/s) - 3690 (4057197 Gflops/s) - 3606 (3964838 Gflops/s) - 3620 (3980232 Gflops/s) | Temperatures: 59°C - 61°C - 71°C - 67°C - 62°C - 59°C - 71°C - 73°C | Throttling: None - None - None - None - None - None - None - None
3707 (4075889 Gflops/s) - 3661 (4025312 Gflops/s) - 3645 (4007719 Gflops/s) - 3669 (4034108 Gflops/s) - 3629 (3990127 Gflops/s) - 3695 (4062695 Gflops/s) - 3604 (3962639 Gflops/s) - 3621 (3981331 Gflops/s) | Temperatures: 59°C - 61°C - 71°C - 67°C - 62°C - 59°C - 71°C - 73°C | Throttling: None - None - None - None - None - None - None - None
3699 (4067093 Gflops/s) - 3660 (4024212 Gflops/s) - 3637 (3998923 Gflops/s) - 3661 (4025312 Gflops/s) - 3627 (3987928 Gflops/s) - 3686 (4052799 Gflops/s) - 3615 (3974734 Gflops/s) - 3617 (3976933 Gflops/s) | Temperatures: 59°C - 61°C - 71°C - 67°C - 62°C - 60°C - 71°C - 73°C | Throttling: None - None - None - None - None - None - None - None
3702 (4070392 Gflops/s) - 3681 (4047302 Gflops/s) - 3642 (4004421 Gflops/s) - 3665 (4029710 Gflops/s) - 3630 (3991227 Gflops/s) - 3691 (4058297 Gflops/s) - 3620 (3980232 Gflops/s) - 3622 (3982431 Gflops/s) | Temperatures: 59°C - 61°C - 71°C - 67°C - 62°C - 60°C - 71°C - 73°C | Throttling: None - None - None - None - None - None - None - None
3701 (4069292 Gflops/s) - 3670 (4035207 Gflops/s) - 3643 (4005520 Gflops/s) - 3664 (4028610 Gflops/s) - 3629 (3990127 Gflops/s) - 3677 (4042904 Gflops/s) - 3610 (3969236 Gflops/s) - 3616 (3975834 Gflops/s) | Temperatures: 60°C - 61°C - 72°C - 67°C - 62°C - 60°C - 71°C - 73°C | Throttling: None - None - None - None - None - None - None - None
3696 (4063794 Gflops/s) - 3667 (4031909 Gflops/s) - 3635 (3996724 Gflops/s) - 3659 (4023113 Gflops/s) - 3626 (3986829 Gflops/s) - 3686 (4052799 Gflops/s) - 3595 (3952744 Gflops/s) - 3614 (3973635 Gflops/s) | Temperatures: 60°C - 61°C - 72°C - 68°C - 62°C - 60°C - 71°C - 73°C | Throttling: None - None - None - None - None - None - None - None
3701 (4069292 Gflops/s) - 3668 (4033008 Gflops/s) - 3639 (4001122 Gflops/s) - 3661 (4025312 Gflops/s) - 3628 (3989028 Gflops/s) - 3691 (4058297 Gflops/s) - 3591 (3948346 Gflops/s) - 3618 (3978033 Gflops/s) | Temperatures: 60°C - 61°C - 72°C - 68°C - 62°C - 60°C - 71°C - 73°C | Throttling: None - None - None - None - None - None - None - None
3702 (4070392 Gflops/s) - 3667 (4031909 Gflops/s) - 3637 (3998923 Gflops/s) - 3666 (4030809 Gflops/s) - 3631 (3992326 Gflops/s) - 3683 (4049501 Gflops/s) - 3599 (3957142 Gflops/s) - 3614 (3973635 Gflops/s) | Temperatures: 60°C - 61°C - 72°C - 68°C - 62°C - 60°C - 71°C - 73°C | Throttling: None - None - None - None - None - None - None - None
3703 (4071491 Gflops/s) - 3659 (4023113 Gflops/s) - 3638 (4000023 Gflops/s) - 3671 (4036307 Gflops/s) - 3628 (3989028 Gflops/s) - 3687 (4053899 Gflops/s) - 3579 (3935152 Gflops/s) - 3617 (3976933 Gflops/s) | Temperatures: 60°C - 61°C - 72°C - 68°C - 62°C - 60°C - 71°C - 74°C | Throttling: None - None - None - None - None - None - None - None
3693 (4060496 Gflops/s) - 3667 (4031909 Gflops/s) - 3632 (3993426 Gflops/s) - 3656 (4019814 Gflops/s) - 3625 (3985729 Gflops/s) - 3679 (4045103 Gflops/s) - 3586 (3942848 Gflops/s) - 3607 (3965938 Gflops/s) | Temperatures: 60°C - 61°C - 72°C - 68°C - 62°C - 60°C - 71°C - 74°C | Throttling: None - None - None - None - None - None - None - None
3703 (4071491 Gflops/s) - 3668 (4033008 Gflops/s) - 3639 (4001122 Gflops/s) - 3661 (4025312 Gflops/s) - 3629 (3990127 Gflops/s) - 3685 (4051700 Gflops/s) - 3609 (3968137 Gflops/s) - 3614 (3973635 Gflops/s) | Temperatures: 60°C - 61°C - 72°C - 68°C - 62°C - 60°C - 72°C - 74°C | Throttling: None - None - None - None - None - None - None - None
3699 (4067093 Gflops/s) - 3666 (4030809 Gflops/s) - 3635 (3996724 Gflops/s) - 3663 (4027511 Gflops/s) - 3629 (3990127 Gflops/s) - 3680 (4046202 Gflops/s) - 3581 (3937351 Gflops/s) - 3618 (3978033 Gflops/s) | Temperatures: 60°C - 61°C - 72°C - 68°C - 62°C - 60°C - 71°C - 74°C | Throttling: None - None - None - None - None - None - None - None
3698 (4065993 Gflops/s) - 3665 (4029710 Gflops/s) - 3637 (3998923 Gflops/s) - 3661 (4025312 Gflops/s) - 3629 (3990127 Gflops/s) - 3681 (4047302 Gflops/s) - 3584 (3940649 Gflops/s) - 3614 (3973635 Gflops/s) | Temperatures: 60°C - 61°C - 72°C - 68°C - 62°C - 60°C - 71°C - 74°C | Throttling: None - None - None - None - None - None - None - None
3701 (4069292 Gflops/s) - 3664 (4028610 Gflops/s) - 3639 (4001122 Gflops/s) - 3667 (4031909 Gflops/s) - 3630 (3991227 Gflops/s) - 3694 (4061595 Gflops/s) - 3591 (3948346 Gflops/s) - 3619 (3979132 Gflops/s) | Temperatures: 60°C - 61°C - 72°C - 68°C - 62°C - 60°C - 71°C - 74°C | Throttling: None - None - None - None - None - None - None - None
3697 (4064894 Gflops/s) - 3666 (4030809 Gflops/s) - 3633 (3994525 Gflops/s) - 3656 (4019814 Gflops/s) - 3626 (3986829 Gflops/s) - 3689 (4056098 Gflops/s) - 3583 (3939550 Gflops/s) - 3610 (3969236 Gflops/s) | Temperatures: 60°C - 61°C - 72°C - 68°C - 62°C - 60°C - 71°C - 74°C | Throttling: None - None - None - None - None - None - None - None
3698 (4065993 Gflops/s) - 3665 (4029710 Gflops/s) - 3634 (3995625 Gflops/s) - 3662 (4026411 Gflops/s) - 3629 (3990127 Gflops/s) - 3686 (4052799 Gflops/s) - 3585 (3941749 Gflops/s) - 3614 (3973635 Gflops/s) | Temperatures: 60°C - 61°C - 72°C - 68°C - 62°C - 60°C - 71°C - 74°C | Throttling: None - None - None - None - None - None - None - None
3702 (4070392 Gflops/s) - 3664 (4028610 Gflops/s) - 3635 (3996724 Gflops/s) - 3663 (4027511 Gflops/s) - 3629 (3990127 Gflops/s) - 3687 (4053899 Gflops/s) - 3606 (3964838 Gflops/s) - 3614 (3973635 Gflops/s) | Temperatures: 60°C - 61°C - 72°C - 68°C - 62°C - 60°C - 72°C - 74°C | Throttling: None - None - None - None - None - None - None - None
3697 (4064894 Gflops/s) - 3665 (4029710 Gflops/s) - 3631 (3992326 Gflops/s) - 3656 (4019814 Gflops/s) - 3626 (3986829 Gflops/s) - 3680 (4046202 Gflops/s) - 3575 (3930754 Gflops/s) - 3611 (3970336 Gflops/s) | Temperatures: 60°C - 61°C - 72°C - 68°C - 62°C - 60°C - 71°C - 74°C | Throttling: None - None - None - None - None - None - None - None
3700 (4068193 Gflops/s) - 3670 (4035207 Gflops/s) - 3636 (3997824 Gflops/s) - 3661 (4025312 Gflops/s) - 3629 (3990127 Gflops/s) - 3686 (4052799 Gflops/s) - 3595 (3952744 Gflops/s) - 3614 (3973635 Gflops/s) | Temperatures: 60°C - 61°C - 72°C - 68°C - 62°C - 60°C - 71°C - 74°C | Throttling: None - None - None - None - None - None - None - None
3697 (4064894 Gflops/s) - 3669 (4034108 Gflops/s) - 3635 (3996724 Gflops/s) - 3665 (4029710 Gflops/s) - 3631 (3992326 Gflops/s) - 3685 (4051700 Gflops/s) - 3604 (3962639 Gflops/s) - 3617 (3976933 Gflops/s) | Temperatures: 60°C - 61°C - 72°C - 68°C - 62°C - 60°C - 71°C - 74°C | Throttling: None - None - None - None - None - None - None - None
3700 (4068193 Gflops/s) - 3656 (4019814 Gflops/s) - 3630 (3991227 Gflops/s) - 3658 (4022013 Gflops/s) - 3626 (3986829 Gflops/s) - 3679 (4045103 Gflops/s) - 3600 (3958241 Gflops/s) - 3611 (3970336 Gflops/s) | Temperatures: 60°C - 61°C - 72°C - 68°C - 62°C - 60°C - 72°C - 74°C | Throttling: None - None - None - None - None - None - None - None
3698 (4065993 Gflops/s) - 3668 (4033008 Gflops/s) - 3636 (3997824 Gflops/s) - 3660 (4024212 Gflops/s) - 3630 (3991227 Gflops/s) - 3689 (4056098 Gflops/s) - 3592 (3949445 Gflops/s) - 3618 (3978033 Gflops/s) | Temperatures: 60°C - 61°C - 72°C - 68°C - 62°C - 60°C - 71°C - 74°C | Throttling: None - None - None - None - None - None - None - None
3700 (4068193 Gflops/s) - 3661 (4025312 Gflops/s) - 3636 (3997824 Gflops/s) - 3660 (4024212 Gflops/s) - 3629 (3990127 Gflops/s) - 3684 (4050600 Gflops/s) - 3595 (3952744 Gflops/s) - 3619 (3979132 Gflops/s) | Temperatures: 60°C - 61°C - 72°C - 68°C - 62°C - 60°C - 71°C - 74°C | Throttling: None - None - None - None - None - None - None - None
3700 (4068193 Gflops/s) - 3659 (4023113 Gflops/s) - 3634 (3995625 Gflops/s) - 3664 (4028610 Gflops/s) - 3626 (3986829 Gflops/s) - 3681 (4047302 Gflops/s) - 3595 (3952744 Gflops/s) - 3615 (3974734 Gflops/s) | Temperatures: 60°C - 61°C - 72°C - 68°C - 62°C - 60°C - 72°C - 74°C | Throttling: None - None - None - None - None - None - None - None
3698 (4065993 Gflops/s) - 3656 (4019814 Gflops/s) - 3632 (3993426 Gflops/s) - 3658 (4022013 Gflops/s) - 3626 (3986829 Gflops/s) - 3679 (4045103 Gflops/s) - 3577 (3932953 Gflops/s) - 3610 (3969236 Gflops/s) | Temperatures: 60°C - 61°C - 72°C - 68°C - 62°C - 60°C - 71°C - 74°C | Throttling: None - None - None - None - None - None - None - None
3695 (4062695 Gflops/s) - 3667 (4031909 Gflops/s) - 3634 (3995625 Gflops/s) - 3660 (4024212 Gflops/s) - 3629 (3990127 Gflops/s) - 3685 (4051700 Gflops/s) - 3578 (3934052 Gflops/s) - 3617 (3976933 Gflops/s) | Temperatures: 60°C - 61°C - 72°C - 68°C - 62°C - 60°C - 71°C - 74°C | Throttling: None - None - None - None - None - None - None - None
3701 (4069292 Gflops/s) - 3670 (4035207 Gflops/s) - 3636 (3997824 Gflops/s) - 3662 (4026411 Gflops/s) - 3630 (3991227 Gflops/s) - 3685 (4051700 Gflops/s) - 3590 (3947246 Gflops/s) - 3616 (3975834 Gflops/s) | Temperatures: 60°C - 61°C - 72°C - 68°C - 62°C - 60°C - 71°C - 74°C | Throttling: None - None - None - None - None - None - None - None
3703 (4071491 Gflops/s) - 3658 (4022013 Gflops/s) - 3632 (3993426 Gflops/s) - 3658 (4022013 Gflops/s) - 3624 (3984630 Gflops/s) - 3685 (4051700 Gflops/s) - 3593 (3950545 Gflops/s) - 3612 (3971435 Gflops/s) | Temperatures: 60°C - 61°C - 72°C - 68°C - 62°C - 60°C - 71°C - 74°C | Throttling: None - None - None - None - None - None - None - None
3696 (4063794 Gflops/s) - 3660 (4024212 Gflops/s) - 3632 (3993426 Gflops/s) - 3662 (4026411 Gflops/s) - 3629 (3990127 Gflops/s) - 3685 (4051700 Gflops/s) - 3589 (3946147 Gflops/s) - 3614 (3973635 Gflops/s) | Temperatures: 59°C - 61°C - 72°C - 68°C - 62°C - 60°C - 71°C - 74°C | Throttling: None - None - None - None - None - None - None - None
3699 (4067093 Gflops/s) - 3665 (4029710 Gflops/s) - 3632 (3993426 Gflops/s) - 3663 (4027511 Gflops/s) - 3629 (3990127 Gflops/s) - 3690 (4057197 Gflops/s) - 3596 (3953843 Gflops/s) - 3612 (3971435 Gflops/s) | Temperatures: 60°C - 61°C - 72°C - 68°C - 62°C - 60°C - 72°C - 74°C | Throttling: None - None - None - None - None - None - None - None
3701 (4069292 Gflops/s) - 3658 (4022013 Gflops/s) - 3631 (3992326 Gflops/s) - 3655 (4018714 Gflops/s) - 3624 (3984630 Gflops/s) - 3680 (4046202 Gflops/s) - 3581 (3937351 Gflops/s) - 3609 (3968137 Gflops/s) | Temperatures: 60°C - 61°C - 72°C - 68°C - 63°C - 60°C - 72°C - 74°C | Throttling: None - None - None - None - None - None - None - None
3705 (4073690 Gflops/s) - 3665 (4029710 Gflops/s) - 3633 (3994525 Gflops/s) - 3663 (4027511 Gflops/s) - 3628 (3989028 Gflops/s) - 3681 (4047302 Gflops/s) - 3594 (3951644 Gflops/s) - 3617 (3976933 Gflops/s) | Temperatures: 60°C - 61°C - 72°C - 68°C - 62°C - 60°C - 72°C - 74°C | Throttling: None - None - None - None - None - None - None - None
3702 (4070392 Gflops/s) - 3663 (4027511 Gflops/s) - 3635 (3996724 Gflops/s) - 3662 (4026411 Gflops/s) - 3629 (3990127 Gflops/s) - 3677 (4042904 Gflops/s) - 3588 (3945047 Gflops/s) - 3611 (3970336 Gflops/s) | Temperatures: 60°C - 61°C - 72°C - 68°C - 62°C - 60°C - 71°C - 74°C | Throttling: None - None - None - None - None - None - None - None
3701 (4069292 Gflops/s) - 3662 (4026411 Gflops/s) - 3630 (3991227 Gflops/s) - 3657 (4020914 Gflops/s) - 3625 (3985729 Gflops/s) - 3684 (4050600 Gflops/s) - 3584 (3940649 Gflops/s) - 3608 (3967037 Gflops/s) | Temperatures: 60°C - 61°C - 72°C - 68°C - 62°C - 60°C - 71°C - 74°C | Throttling: None - None - None - None - None - None - None - None
3703 (4071491 Gflops/s) - 3664 (4028610 Gflops/s) - 3635 (3996724 Gflops/s) - 3660 (4024212 Gflops/s) - 3629 (3990127 Gflops/s) - 3693 (4060496 Gflops/s) - 3592 (3949445 Gflops/s) - 3612 (3971435 Gflops/s) | Temperatures: 60°C - 61°C - 72°C - 68°C - 62°C - 60°C - 72°C - 74°C | Throttling: None - None - None - None - None - None - None - None
3696 (4063794 Gflops/s) - 3670 (4035207 Gflops/s) - 3634 (3995625 Gflops/s) - 3657 (4020914 Gflops/s) - 3631 (3992326 Gflops/s) - 3693 (4060496 Gflops/s) - 3581 (3937351 Gflops/s) - 3611 (3970336 Gflops/s) | Temperatures: 60°C - 61°C - 72°C - 68°C - 62°C - 60°C - 72°C - 74°C | Throttling: None - None - None - None - None - None - None - None
3701 (4069292 Gflops/s) - 3671 (4036307 Gflops/s) - 3635 (3996724 Gflops/s) - 3662 (4026411 Gflops/s) - 3628 (3989028 Gflops/s) - 3683 (4049501 Gflops/s) - 3579 (3935152 Gflops/s) - 3609 (3968137 Gflops/s) | Temperatures: 60°C - 61°C - 72°C - 68°C - 62°C - 60°C - 71°C - 74°C | Throttling: None - None - None - None - None - None - None - None
3702 (4070392 Gflops/s) - 3658 (4022013 Gflops/s) - 3631 (3992326 Gflops/s) - 3660 (4024212 Gflops/s) - 3626 (3986829 Gflops/s) - 3684 (4050600 Gflops/s) - 3586 (3942848 Gflops/s) - 3611 (3970336 Gflops/s) | Temperatures: 60°C - 61°C - 72°C - 68°C - 62°C - 60°C - 72°C - 74°C | Throttling: None - None - None - None - None - None - None - None
3700 (4068193 Gflops/s) - 3660 (4024212 Gflops/s) - 3636 (3997824 Gflops/s) - 3661 (4025312 Gflops/s) - 3631 (3992326 Gflops/s) - 3689 (4056098 Gflops/s) - 3587 (3943948 Gflops/s) - 3615 (3974734 Gflops/s) | Temperatures: 60°C - 61°C - 72°C - 68°C - 62°C - 60°C - 71°C - 74°C | Throttling: None - None - None - None - None - None - None - None
3700 (4068193 Gflops/s) - 3665 (4029710 Gflops/s) - 3635 (3996724 Gflops/s) - 3660 (4024212 Gflops/s) - 3631 (3992326 Gflops/s) - 3680 (4046202 Gflops/s) - 3596 (3953843 Gflops/s) - 3615 (3974734 Gflops/s) | Temperatures: 60°C - 61°C - 72°C - 68°C - 62°C - 60°C - 72°C - 74°C | Throttling: None - None - None - None - None - None - None - None
3704 (4072591 Gflops/s) - 3662 (4026411 Gflops/s) - 3636 (3997824 Gflops/s) - 3664 (4028610 Gflops/s) - 3630 (3991227 Gflops/s) - 3696 (4063794 Gflops/s) - 3583 (3939550 Gflops/s) - 3614 (3973635 Gflops/s) | Temperatures: 60°C - 61°C - 72°C - 68°C - 62°C - 60°C - 71°C - 74°C | Throttling: None - None - None - None - None - None - None - None
3699 (4067093 Gflops/s) - 3655 (4018714 Gflops/s) - 3628 (3989028 Gflops/s) - 3657 (4020914 Gflops/s) - 3625 (3985729 Gflops/s) - 3684 (4050600 Gflops/s) - 3587 (3943948 Gflops/s) - 3611 (3970336 Gflops/s) | Temperatures: 60°C - 61°C - 72°C - 68°C - 62°C - 60°C - 72°C - 74°C | Throttling: None - None - None - None - None - None - None - None
3699 (4067093 Gflops/s) - 3665 (4029710 Gflops/s) - 3634 (3995625 Gflops/s) - 3661 (4025312 Gflops/s) - 3629 (3990127 Gflops/s) - 3687 (4053899 Gflops/s) - 3584 (3940649 Gflops/s) - 3618 (3978033 Gflops/s) | Temperatures: 60°C - 61°C - 72°C - 68°C - 62°C - 60°C - 71°C - 74°C | Throttling: None - None - None - None - None - None - None - None
3696 (4063794 Gflops/s) - 3662 (4026411 Gflops/s) - 3629 (3990127 Gflops/s) - 3655 (4018714 Gflops/s) - 3624 (3984630 Gflops/s) - 3681 (4047302 Gflops/s) - 3584 (3940649 Gflops/s) - 3609 (3968137 Gflops/s) | Temperatures: 60°C - 61°C - 72°C - 68°C - 62°C - 60°C - 72°C - 74°C | Throttling: None - None - None - None - None - None - None - None
3705 (4073690 Gflops/s) - 3667 (4031909 Gflops/s) - 3634 (3995625 Gflops/s) - 3663 (4027511 Gflops/s) - 3628 (3989028 Gflops/s) - 3686 (4052799 Gflops/s) - 3591 (3948346 Gflops/s) - 3615 (3974734 Gflops/s) | Temperatures: 60°C - 61°C - 72°C - 68°C - 62°C - 60°C - 71°C - 74°C | Throttling: None - None - None - None - None - None - None - None
3698 (4065993 Gflops/s) - 3665 (4029710 Gflops/s) - 3633 (3994525 Gflops/s) - 3659 (4023113 Gflops/s) - 3629 (3990127 Gflops/s) - 3684 (4050600 Gflops/s) - 3591 (3948346 Gflops/s) - 3612 (3971435 Gflops/s) | Temperatures: 59°C - 61°C - 72°C - 68°C - 62°C - 60°C - 72°C - 74°C | Throttling: None - None - None - None - None - None - None - None
3702 (4070392 Gflops/s) - 3665 (4029710 Gflops/s) - 3632 (3993426 Gflops/s) - 3663 (4027511 Gflops/s) - 3629 (3990127 Gflops/s) - 3684 (4050600 Gflops/s) - 3589 (3946147 Gflops/s) - 3612 (3971435 Gflops/s) | Temperatures: 60°C - 61°C - 72°C - 68°C - 62°C - 60°C - 72°C - 74°C | Throttling: None - None - None - None - None - None - None - None
3693 (4060496 Gflops/s) - 3665 (4029710 Gflops/s) - 3630 (3991227 Gflops/s) - 3657 (4020914 Gflops/s) - 3624 (3984630 Gflops/s) - 3685 (4051700 Gflops/s) - 3574 (3929654 Gflops/s) - 3606 (3964838 Gflops/s) | Temperatures: 60°C - 61°C - 72°C - 68°C - 63°C - 60°C - 71°C - 74°C | Throttling: None - None - None - None - None - None - None - None
3697 (4064894 Gflops/s) - 3676 (4041804 Gflops/s) - 3633 (3994525 Gflops/s) - 3661 (4025312 Gflops/s) - 3628 (3989028 Gflops/s) - 3683 (4049501 Gflops/s) - 3581 (3937351 Gflops/s) - 3612 (3971435 Gflops/s) | Temperatures: 60°C - 61°C - 72°C - 68°C - 62°C - 60°C - 71°C - 74°C | Throttling: None - None - None - None - None - None - None - None
3700 (4068193 Gflops/s) - 3669 (4034108 Gflops/s) - 3634 (3995625 Gflops/s) - 3659 (4023113 Gflops/s) - 3630 (3991227 Gflops/s) - 3690 (4057197 Gflops/s) - 3590 (3947246 Gflops/s) - 3614 (3973635 Gflops/s) | Temperatures: 60°C - 61°C - 72°C - 68°C - 62°C - 60°C - 72°C - 74°C | Throttling: None - None - None - None - None - None - None - None
3694 (4061595 Gflops/s) - 3657 (4020914 Gflops/s) - 3633 (3994525 Gflops/s) - 3660 (4024212 Gflops/s) - 3629 (3990127 Gflops/s) - 3677 (4042904 Gflops/s) - 3596 (3953843 Gflops/s) - 3612 (3971435 Gflops/s) | Temperatures: 60°C - 61°C - 72°C - 68°C - 62°C - 60°C - 72°C - 74°C | Throttling: None - None - None - None - None - None - None - None
3699 (4067093 Gflops/s) - 3657 (4020914 Gflops/s) - 3630 (3991227 Gflops/s) - 3660 (4024212 Gflops/s) - 3624 (3984630 Gflops/s) - 3684 (4050600 Gflops/s) - 3579 (3935152 Gflops/s) - 3605 (3963739 Gflops/s) | Temperatures: 60°C - 61°C - 72°C - 68°C - 62°C - 60°C - 72°C - 74°C | Throttling: None - None - None - None - None - None - None - None
3703 (4071491 Gflops/s) - 3659 (4023113 Gflops/s) - 3633 (3994525 Gflops/s) - 3661 (4025312 Gflops/s) - 3628 (3989028 Gflops/s) - 3680 (4046202 Gflops/s) - 3586 (3942848 Gflops/s) - 3613 (3972535 Gflops/s) | Temperatures: 60°C - 61°C - 72°C - 68°C - 62°C - 60°C - 72°C - 74°C | Throttling: None - None - None - None - None - None - None - None
3707 (4075889 Gflops/s) - 3673 (4038506 Gflops/s) - 3636 (3997824 Gflops/s) - 3662 (4026411 Gflops/s) - 3629 (3990127 Gflops/s) - 3683 (4049501 Gflops/s) - 3583 (3939550 Gflops/s) - 3615 (3974734 Gflops/s) | Temperatures: 60°C - 61°C - 72°C - 68°C - 62°C - 60°C - 72°C - 74°C | Throttling: None - None - None - None - None - None - None - None
3704 (4072591 Gflops/s) - 3665 (4029710 Gflops/s) - 3633 (3994525 Gflops/s) - 3661 (4025312 Gflops/s) - 3629 (3990127 Gflops/s) - 3687 (4053899 Gflops/s) - 3583 (3939550 Gflops/s) - 3618 (3978033 Gflops/s) | Temperatures: 60°C - 61°C - 72°C - 68°C - 62°C - 60°C - 72°C - 74°C | Throttling: None - None - None - None - None - None - None - None
3704 (4072591 Gflops/s) - 3666 (4030809 Gflops/s) - 3633 (3994525 Gflops/s) - 3660 (4024212 Gflops/s) - 3628 (3989028 Gflops/s) - 3686 (4052799 Gflops/s) - 3593 (3950545 Gflops/s) - 3611 (3970336 Gflops/s) | Temperatures: 60°C - 61°C - 72°C - 68°C - 62°C - 60°C - 72°C - 74°C | Throttling: None - None - None - None - None - None - None - None
3706 (4074790 Gflops/s) - 3662 (4026411 Gflops/s) - 3631 (3992326 Gflops/s) - 3656 (4019814 Gflops/s) - 3625 (3985729 Gflops/s) - 3682 (4048401 Gflops/s) - 3594 (3951644 Gflops/s) - 3606 (3964838 Gflops/s) | Temperatures: 60°C - 61°C - 72°C - 68°C - 62°C - 60°C - 72°C - 74°C | Throttling: None - None - None - None - None - None - None - None
3694 (4061595 Gflops/s) - 3663 (4027511 Gflops/s) - 3630 (3991227 Gflops/s) - 3657 (4020914 Gflops/s) - 3627 (3987928 Gflops/s) - 3679 (4045103 Gflops/s) - 3577 (3932953 Gflops/s) - 3613 (3972535 Gflops/s) | Temperatures: 60°C - 61°C - 72°C - 68°C - 63°C - 60°C - 71°C - 74°C | Throttling: None - None - None - None - None - None - None - None
3703 (4071491 Gflops/s) - 3671 (4036307 Gflops/s) - 3634 (3995625 Gflops/s) - 3660 (4024212 Gflops/s) - 3628 (3989028 Gflops/s) - 3692 (4059396 Gflops/s) - 3580 (3936251 Gflops/s) - 3612 (3971435 Gflops/s) | Temperatures: 60°C - 61°C - 72°C - 68°C - 63°C - 60°C - 72°C - 74°C | Throttling: None - None - None - None - None - None - None - None
3705 (4073690 Gflops/s) - 3663 (4027511 Gflops/s) - 3633 (3994525 Gflops/s) - 3660 (4024212 Gflops/s) - 3629 (3990127 Gflops/s) - 3686 (4052799 Gflops/s) - 3589 (3946147 Gflops/s) - 3611 (3970336 Gflops/s) | Temperatures: 60°C - 61°C - 72°C - 68°C - 62°C - 60°C - 72°C - 74°C | Throttling: None - None - None - None - None - None - None - None
3703 (4071491 Gflops/s) - 3660 (4024212 Gflops/s) - 3633 (3994525 Gflops/s) - 3662 (4026411 Gflops/s) - 3631 (3992326 Gflops/s) - 3686 (4052799 Gflops/s) - 3582 (3938450 Gflops/s) - 3611 (3970336 Gflops/s) | Temperatures: 60°C - 61°C - 72°C - 68°C - 63°C - 60°C - 72°C - 74°C | Throttling: None - None - None - None - None - None - None - None
3699 (4067093 Gflops/s) - 3662 (4026411 Gflops/s) - 3632 (3993426 Gflops/s) - 3661 (4025312 Gflops/s) - 3628 (3989028 Gflops/s) - 3682 (4048401 Gflops/s) - 3583 (3939550 Gflops/s) - 3617 (3976933 Gflops/s) | Temperatures: 60°C - 61°C - 72°C - 68°C - 63°C - 60°C - 72°C - 74°C | Throttling: None - None - None - None - None - None - None - None
3695 (4062695 Gflops/s) - 3665 (4029710 Gflops/s) - 3633 (3994525 Gflops/s) - 3658 (4022013 Gflops/s) - 3627 (3987928 Gflops/s) - 3685 (4051700 Gflops/s) - 3584 (3940649 Gflops/s) - 3608 (3967037 Gflops/s) | Temperatures: 60°C - 61°C - 72°C - 68°C - 62°C - 60°C - 72°C - 74°C | Throttling: None - None - None - None - None - None - None - None
3697 (4064894 Gflops/s) - 3664 (4028610 Gflops/s) - 3633 (3994525 Gflops/s) - 3659 (4023113 Gflops/s) - 3629 (3990127 Gflops/s) - 3687 (4053899 Gflops/s) - 3587 (3943948 Gflops/s) - 3616 (3975834 Gflops/s) | Temperatures: 60°C - 61°C - 72°C - 68°C - 63°C - 60°C - 72°C - 74°C | Throttling: None - None - None - None - None - None - None - None
3697 (4064894 Gflops/s) - 3666 (4030809 Gflops/s) - 3632 (3993426 Gflops/s) - 3661 (4025312 Gflops/s) - 3629 (3990127 Gflops/s) - 3682 (4048401 Gflops/s) - 3578 (3934052 Gflops/s) - 3613 (3972535 Gflops/s) | Temperatures: 60°C - 61°C - 72°C - 68°C - 63°C - 60°C - 72°C - 74°C | Throttling: None - None - None - None - None - None - None - None
3700 (4068193 Gflops/s) - 3660 (4024212 Gflops/s) - 3632 (3993426 Gflops/s) - 3658 (4022013 Gflops/s) - 3625 (3985729 Gflops/s) - 3689 (4056098 Gflops/s) - 3584 (3940649 Gflops/s) - 3608 (3967037 Gflops/s) | Temperatures: 60°C - 61°C - 72°C - 68°C - 63°C - 60°C - 72°C - 74°C | Throttling: None - None - None - None - None - None - None - None
3701 (4069292 Gflops/s) - 3663 (4027511 Gflops/s) - 3634 (3995625 Gflops/s) - 3661 (4025312 Gflops/s) - 3629 (3990127 Gflops/s) - 3682 (4048401 Gflops/s) - 3587 (3943948 Gflops/s) - 3614 (3973635 Gflops/s) | Temperatures: 60°C - 61°C - 72°C - 68°C - 63°C - 60°C - 72°C - 74°C | Throttling: None - None - None - None - None - None - None - None
3705 (4073690 Gflops/s) - 3658 (4022013 Gflops/s) - 3633 (3994525 Gflops/s) - 3661 (4025312 Gflops/s) - 3629 (3990127 Gflops/s) - 3681 (4047302 Gflops/s) - 3587 (3943948 Gflops/s) - 3615 (3974734 Gflops/s) | Temperatures: 60°C - 61°C - 72°C - 68°C - 63°C - 60°C - 72°C - 74°C | Throttling: None - None - None - None - None - None - None - None
3693 (4060496 Gflops/s) - 3657 (4020914 Gflops/s) - 3629 (3990127 Gflops/s) - 3657 (4020914 Gflops/s) - 3624 (3984630 Gflops/s) - 3681 (4047302 Gflops/s) - 3585 (3941749 Gflops/s) - 3607 (3965938 Gflops/s) | Temperatures: 60°C - 61°C - 72°C - 68°C - 63°C - 60°C - 72°C - 74°C | Throttling: None - None - None - None - None - None - None - None
3701 (4069292 Gflops/s) - 3662 (4026411 Gflops/s) - 3635 (3996724 Gflops/s) - 3659 (4023113 Gflops/s) - 3628 (3989028 Gflops/s) - 3684 (4050600 Gflops/s) - 3586 (3942848 Gflops/s) - 3613 (3972535 Gflops/s) | Temperatures: 60°C - 61°C - 72°C - 68°C - 63°C - 60°C - 72°C - 74°C | Throttling: None - None - None - None - None - None - None - None
3702 (4070392 Gflops/s) - 3662 (4026411 Gflops/s) - 3633 (3994525 Gflops/s) - 3660 (4024212 Gflops/s) - 3631 (3992326 Gflops/s) - 3689 (4056098 Gflops/s) - 3584 (3940649 Gflops/s) - 3610 (3969236 Gflops/s) | Temperatures: 60°C - 61°C - 72°C - 68°C - 63°C - 60°C - 72°C - 74°C | Throttling: None - None - None - None - None - None - None - None
3696 (4063794 Gflops/s) - 3659 (4023113 Gflops/s) - 3632 (3993426 Gflops/s) - 3659 (4023113 Gflops/s) - 3628 (3989028 Gflops/s) - 3688 (4054998 Gflops/s) - 3577 (3932953 Gflops/s) - 3610 (3969236 Gflops/s) | Temperatures: 60°C - 61°C - 72°C - 68°C - 63°C - 60°C - 72°C - 74°C | Throttling: None - None - None - None - None - None - None - None
3704 (4072591 Gflops/s) - 3665 (4029710 Gflops/s) - 3632 (3993426 Gflops/s) - 3657 (4020914 Gflops/s) - 3630 (3991227 Gflops/s) - 3685 (4051700 Gflops/s) - 3579 (3935152 Gflops/s) - 3613 (3972535 Gflops/s) | Temperatures: 60°C - 61°C - 72°C - 68°C - 63°C - 60°C - 72°C - 74°C | Throttling: None - None - None - None - None - None - None - None
3697 (4064894 Gflops/s) - 3660 (4024212 Gflops/s) - 3629 (3990127 Gflops/s) - 3659 (4023113 Gflops/s) - 3625 (3985729 Gflops/s) - 3690 (4057197 Gflops/s) - 3576 (3931853 Gflops/s) - 3609 (3968137 Gflops/s) | Temperatures: 60°C - 61°C - 72°C - 68°C - 63°C - 60°C - 72°C - 74°C | Throttling: None - None - None - None - None - None - None - None
3695 (4062695 Gflops/s) - 3660 (4024212 Gflops/s) - 3633 (3994525 Gflops/s) - 3661 (4025312 Gflops/s) - 3629 (3990127 Gflops/s) - 3686 (4052799 Gflops/s) - 3583 (3939550 Gflops/s) - 3615 (3974734 Gflops/s) | Temperatures: 60°C - 61°C - 72°C - 68°C - 63°C - 60°C - 72°C - 74°C | Throttling: None - None - None - None - None - None - None - None
3698 (4065993 Gflops/s) - 3660 (4024212 Gflops/s) - 3633 (3994525 Gflops/s) - 3662 (4026411 Gflops/s) - 3630 (3991227 Gflops/s) - 3690 (4057197 Gflops/s) - 3590 (3947246 Gflops/s) - 3614 (3973635 Gflops/s) | Temperatures: 60°C - 61°C - 72°C - 68°C - 63°C - 60°C - 72°C - 74°C | Throttling: None - None - None - None - None - None - None - None
3694 (4061595 Gflops/s) - 3660 (4024212 Gflops/s) - 3629 (3990127 Gflops/s) - 3655 (4018714 Gflops/s) - 3626 (3986829 Gflops/s) - 3676 (4041804 Gflops/s) - 3581 (3937351 Gflops/s) - 3605 (3963739 Gflops/s) | Temperatures: 60°C - 61°C - 72°C - 68°C - 63°C - 60°C - 72°C - 74°C | Throttling: None - None - None - None - None - None - None - None
3700 (4068193 Gflops/s) - 3667 (4031909 Gflops/s) - 3635 (3996724 Gflops/s) - 3661 (4025312 Gflops/s) - 3630 (3991227 Gflops/s) - 3688 (4054998 Gflops/s) - 3578 (3934052 Gflops/s) - 3613 (3972535 Gflops/s) | Temperatures: 60°C - 61°C - 72°C - 68°C - 63°C - 60°C - 72°C - 74°C | Throttling: None - None - None - None - None - None - None - None
3702 (4070392 Gflops/s) - 3673 (4038506 Gflops/s) - 3634 (3995625 Gflops/s) - 3661 (4025312 Gflops/s) - 3629 (3990127 Gflops/s) - 3685 (4051700 Gflops/s) - 3586 (3942848 Gflops/s) - 3617 (3976933 Gflops/s) | Temperatures: 60°C - 61°C - 72°C - 68°C - 63°C - 60°C - 72°C - 74°C | Throttling: None - None - None - None - None - None - None - None
3701 (4069292 Gflops/s) - 3659 (4023113 Gflops/s) - 3632 (3993426 Gflops/s) - 3661 (4025312 Gflops/s) - 3628 (3989028 Gflops/s) - 3686 (4052799 Gflops/s) - 3582 (3938450 Gflops/s) - 3609 (3968137 Gflops/s) | Temperatures: 60°C - 61°C - 72°C - 68°C - 62°C - 60°C - 72°C - 74°C | Throttling: None - None - None - None - None - None - None - None
3696 (4063794 Gflops/s) - 3666 (4030809 Gflops/s) - 3631 (3992326 Gflops/s) - 3656 (4019814 Gflops/s) - 3626 (3986829 Gflops/s) - 3689 (4056098 Gflops/s) - 3579 (3935152 Gflops/s) - 3605 (3963739 Gflops/s) | Temperatures: 60°C - 61°C - 72°C - 68°C - 63°C - 60°C - 72°C - 74°C | Throttling: None - None - None - None - None - None - None - None
3698 (4065993 Gflops/s) - 3664 (4028610 Gflops/s) - 3632 (3993426 Gflops/s) - 3662 (4026411 Gflops/s) - 3628 (3989028 Gflops/s) - 3687 (4053899 Gflops/s) - 3578 (3934052 Gflops/s) - 3612 (3971435 Gflops/s) | Temperatures: 60°C - 61°C - 72°C - 68°C - 63°C - 60°C - 72°C - 74°C | Throttling: None - None - None - None - None - None - None - None
3702 (4070392 Gflops/s) - 3682 (4048401 Gflops/s) - 3633 (3994525 Gflops/s) - 3658 (4022013 Gflops/s) - 3632 (3993426 Gflops/s) - 3681 (4047302 Gflops/s) - 3584 (3940649 Gflops/s) - 3615 (3974734 Gflops/s) | Temperatures: 60°C - 61°C - 72°C - 68°C - 62°C - 60°C - 72°C - 74°C | Throttling: None - None - None - None - None - None - None - None
3705 (4073690 Gflops/s) - 3654 (4017615 Gflops/s) - 3635 (3996724 Gflops/s) - 3662 (4026411 Gflops/s) - 3629 (3990127 Gflops/s) - 3680 (4046202 Gflops/s) - 3582 (3938450 Gflops/s) - 3608 (3967037 Gflops/s) | Temperatures: 60°C - 61°C - 72°C - 68°C - 63°C - 60°C - 71°C - 74°C | Throttling: None - None - None - None - None - None - None - None
3700 (4068193 Gflops/s) - 3660 (4024212 Gflops/s) - 3636 (3997824 Gflops/s) - 3659 (4023113 Gflops/s) - 3629 (3990127 Gflops/s) - 3686 (4052799 Gflops/s) - 3583 (3939550 Gflops/s) - 3611 (3970336 Gflops/s) | Temperatures: 60°C - 61°C - 73°C - 68°C - 63°C - 60°C - 72°C - 74°C | Throttling: None - None - None - None - None - None - None - None
3697 (4064894 Gflops/s) - 3659 (4023113 Gflops/s) - 3629 (3990127 Gflops/s) - 3654 (4017615 Gflops/s) - 3624 (3984630 Gflops/s) - 3684 (4050600 Gflops/s) - 3574 (3929654 Gflops/s) - 3602 (3960440 Gflops/s) | Temperatures: 60°C - 61°C - 72°C - 68°C - 63°C - 60°C - 72°C - 74°C | Throttling: None - None - None - None - None - None - None - None
3701 (4069292 Gflops/s) - 3662 (4026411 Gflops/s) - 3633 (3994525 Gflops/s) - 3660 (4024212 Gflops/s) - 3631 (3992326 Gflops/s) - 3684 (4050600 Gflops/s) - 3580 (3936251 Gflops/s) - 3614 (3973635 Gflops/s) | Temperatures: 60°C - 61°C - 72°C - 68°C - 63°C - 60°C - 72°C - 74°C | Throttling: None - None - None - None - None - None - None - None
3705 (4073690 Gflops/s) - 3664 (4028610 Gflops/s) - 3635 (3996724 Gflops/s) - 3659 (4023113 Gflops/s) - 3629 (3990127 Gflops/s) - 3684 (4050600 Gflops/s) - 3584 (3940649 Gflops/s) - 3612 (3971435 Gflops/s) | Temperatures: 60°C - 61°C - 72°C - 68°C - 63°C - 60°C - 72°C - 74°C | Throttling: None - None - None - None - None - None - None - None
3698 (4065993 Gflops/s) - 3654 (4017615 Gflops/s) - 3630 (3991227 Gflops/s) - 3656 (4019814 Gflops/s) - 3627 (3987928 Gflops/s) - 3682 (4048401 Gflops/s) - 3573 (3928555 Gflops/s) - 3611 (3970336 Gflops/s) | Temperatures: 60°C - 61°C - 72°C - 68°C - 63°C - 60°C - 72°C - 74°C | Throttling: None - None - None - None - None - None - None - None
3701 (4069292 Gflops/s) - 3664 (4028610 Gflops/s) - 3634 (3995625 Gflops/s) - 3659 (4023113 Gflops/s) - 3629 (3990127 Gflops/s) - 3684 (4050600 Gflops/s) - 3577 (3932953 Gflops/s) - 3613 (3972535 Gflops/s) | Temperatures: 60°C - 61°C - 72°C - 68°C - 63°C - 60°C - 72°C - 74°C | Throttling: None - None - None - None - None - None - None - None
3697 (4064894 Gflops/s) - 3674 (4039605 Gflops/s) - 3633 (3994525 Gflops/s) - 3661 (4025312 Gflops/s) - 3629 (3990127 Gflops/s) - 3691 (4058297 Gflops/s) - 3581 (3937351 Gflops/s) - 3609 (3968137 Gflops/s) | Temperatures: 60°C - 61°C - 72°C - 68°C - 63°C - 60°C - 72°C - 74°C | Throttling: None - None - None - None - None - None - None - None
3700 (4068193 Gflops/s) - 3656 (4019814 Gflops/s) - 3634 (3995625 Gflops/s) - 3664 (4028610 Gflops/s) - 3629 (3990127 Gflops/s) - 3687 (4053899 Gflops/s) - 3584 (3940649 Gflops/s) - 3616 (3975834 Gflops/s) | Temperatures: 60°C - 61°C - 72°C - 69°C - 63°C - 60°C - 72°C - 74°C | Throttling: None - None - None - None - None - None - None - None
3698 (4065993 Gflops/s) - 3664 (4028610 Gflops/s) - 3630 (3991227 Gflops/s) - 3660 (4024212 Gflops/s) - 3626 (3986829 Gflops/s) - 3685 (4051700 Gflops/s) - 3578 (3934052 Gflops/s) - 3608 (3967037 Gflops/s) | Temperatures: 60°C - 61°C - 72°C - 68°C - 63°C - 60°C - 72°C - 74°C | Throttling: None - None - None - None - None - None - None - None
3708 (4076989 Gflops/s) - 3677 (4042904 Gflops/s) - 3633 (3994525 Gflops/s) - 3661 (4025312 Gflops/s) - 3628 (3989028 Gflops/s) - 3681 (4047302 Gflops/s) - 3582 (3938450 Gflops/s) - 3615 (3974734 Gflops/s) | Temperatures: 60°C - 61°C - 72°C - 68°C - 63°C - 60°C - 72°C - 74°C | Throttling: None - None - None - None - None - None - None - None
3698 (4065993 Gflops/s) - 3667 (4031909 Gflops/s) - 3633 (3994525 Gflops/s) - 3659 (4023113 Gflops/s) - 3629 (3990127 Gflops/s) - 3690 (4057197 Gflops/s) - 3580 (3936251 Gflops/s) - 3611 (3970336 Gflops/s) | Temperatures: 60°C - 61°C - 72°C - 68°C - 63°C - 60°C - 72°C - 74°C | Throttling: None - None - None - None - None - None - None - None
3702 (4070392 Gflops/s) - 3653 (4016515 Gflops/s) - 3628 (3989028 Gflops/s) - 3656 (4019814 Gflops/s) - 3622 (3982431 Gflops/s) - 3685 (4051700 Gflops/s) - 3578 (3934052 Gflops/s) - 3606 (3964838 Gflops/s) | Temperatures: 60°C - 61°C - 72°C - 68°C - 63°C - 60°C - 72°C - 74°C | Throttling: None - None - None - None - None - None - None - None
3697 (4064894 Gflops/s) - 3669 (4034108 Gflops/s) - 3633 (3994525 Gflops/s) - 3659 (4023113 Gflops/s) - 3631 (3992326 Gflops/s) - 3682 (4048401 Gflops/s) - 3579 (3935152 Gflops/s) - 3615 (3974734 Gflops/s) | Temperatures: 60°C - 61°C - 72°C - 68°C - 63°C - 60°C - 72°C - 74°C | Throttling: None - None - None - None - None - None - None - None
3694 (4061595 Gflops/s) - 3659 (4023113 Gflops/s) - 3633 (3994525 Gflops/s) - 3661 (4025312 Gflops/s) - 3628 (3989028 Gflops/s) - 3678 (4044003 Gflops/s) - 3587 (3943948 Gflops/s) - 3614 (3973635 Gflops/s) | Temperatures: 60°C - 61°C - 72°C - 69°C - 63°C - 60°C - 72°C - 74°C | Throttling: None - None - None - None - None - None - None - None
3704 (4072591 Gflops/s) - 3669 (4034108 Gflops/s) - 3632 (3993426 Gflops/s) - 3661 (4025312 Gflops/s) - 3630 (3991227 Gflops/s) - 3689 (4056098 Gflops/s) - 3579 (3935152 Gflops/s) - 3614 (3973635 Gflops/s) | Temperatures: 60°C - 61°C - 72°C - 68°C - 63°C - 60°C - 72°C - 74°C | Throttling: None - None - None - None - None - None - None - None
3697 (4064894 Gflops/s) - 3664 (4028610 Gflops/s) - 3630 (3991227 Gflops/s) - 3656 (4019814 Gflops/s) - 3627 (3987928 Gflops/s) - 3686 (4052799 Gflops/s) - 3585 (3941749 Gflops/s) - 3606 (3964838 Gflops/s) | Temperatures: 60°C - 61°C - 72°C - 68°C - 63°C - 60°C - 72°C - 74°C | Throttling: None - None - None - None - None - None - None - None
3703 (4071491 Gflops/s) - 3670 (4035207 Gflops/s) - 3634 (3995625 Gflops/s) - 3661 (4025312 Gflops/s) - 3627 (3987928 Gflops/s) - 3691 (4058297 Gflops/s) - 3582 (3938450 Gflops/s) - 3612 (3971435 Gflops/s) | Temperatures: 60°C - 61°C - 73°C - 68°C - 63°C - 60°C - 72°C - 74°C | Throttling: None - None - None - None - None - None - None - None
3688 (4054998 Gflops/s) - 3671 (4036307 Gflops/s) - 3629 (3990127 Gflops/s) - 3657 (4020914 Gflops/s) - 3624 (3984630 Gflops/s) - 3690 (4057197 Gflops/s) - 3582 (3938450 Gflops/s) - 3605 (3963739 Gflops/s) | Temperatures: 60°C - 61°C - 72°C - 68°C - 63°C - 60°C - 72°C - 74°C | Throttling: None - None - None - None - None - None - None - None
3705 (4073690 Gflops/s) - 3660 (4024212 Gflops/s) - 3632 (3993426 Gflops/s) - 3660 (4024212 Gflops/s) - 3628 (3989028 Gflops/s) - 3690 (4057197 Gflops/s) - 3600 (3958241 Gflops/s) - 3611 (3970336 Gflops/s) | Temperatures: 60°C - 61°C - 72°C - 68°C - 63°C - 60°C - 72°C - 74°C | Throttling: None - None - None - None - None - None - None - None
3700 (4068193 Gflops/s) - 3666 (4030809 Gflops/s) - 3633 (3994525 Gflops/s) - 3657 (4020914 Gflops/s) - 3629 (3990127 Gflops/s) - 3688 (4054998 Gflops/s) - 3585 (3941749 Gflops/s) - 3612 (3971435 Gflops/s) | Temperatures: 60°C - 61°C - 72°C - 68°C - 63°C - 60°C - 72°C - 74°C | Throttling: None - None - None - None - None - None - None - None
3694 (4061595 Gflops/s) - 3657 (4020914 Gflops/s) - 3630 (3991227 Gflops/s) - 3657 (4020914 Gflops/s) - 3626 (3986829 Gflops/s) - 3688 (4054998 Gflops/s) - 3589 (3946147 Gflops/s) - 3609 (3968137 Gflops/s) | Temperatures: 60°C - 61°C - 72°C - 68°C - 63°C - 60°C - 72°C - 74°C | Throttling: None - None - None - None - None - None - None - None
3697 (4064894 Gflops/s) - 3657 (4020914 Gflops/s) - 3635 (3996724 Gflops/s) - 3662 (4026411 Gflops/s) - 3628 (3989028 Gflops/s) - 3676 (4041804 Gflops/s) - 3598 (3956042 Gflops/s) - 3612 (3971435 Gflops/s) | Temperatures: 60°C - 61°C - 72°C - 68°C - 63°C - 60°C - 72°C - 74°C | Throttling: None - None - None - None - None - None - None - None
3697 (4064894 Gflops/s) - 3658 (4022013 Gflops/s) - 3629 (3990127 Gflops/s) - 3659 (4023113 Gflops/s) - 3625 (3985729 Gflops/s) - 3681 (4047302 Gflops/s) - 3576 (3931853 Gflops/s) - 3605 (3963739 Gflops/s) | Temperatures: 60°C - 61°C - 72°C - 68°C - 63°C - 60°C - 72°C - 74°C | Throttling: None - None - None - None - None - None - None - None
3701 (4069292 Gflops/s) - 3659 (4023113 Gflops/s) - 3634 (3995625 Gflops/s) - 3663 (4027511 Gflops/s) - 3630 (3991227 Gflops/s) - 3683 (4049501 Gflops/s) - 3582 (3938450 Gflops/s) - 3618 (3978033 Gflops/s) | Temperatures: 60°C - 61°C - 72°C - 68°C - 63°C - 60°C - 72°C - 74°C | Throttling: None - None - None - None - None - None - None - None
3709 (4078088 Gflops/s) - 3663 (4027511 Gflops/s) - 3635 (3996724 Gflops/s) - 3663 (4027511 Gflops/s) - 3630 (3991227 Gflops/s) - 3683 (4049501 Gflops/s) - 3586 (3942848 Gflops/s) - 3611 (3970336 Gflops/s) | Temperatures: 60°C - 61°C - 72°C - 68°C - 63°C - 60°C - 72°C - 74°C | Throttling: None - None - None - None - None - None - None - None
3702 (4070392 Gflops/s) - 3657 (4020914 Gflops/s) - 3629 (3990127 Gflops/s) - 3657 (4020914 Gflops/s) - 3626 (3986829 Gflops/s) - 3685 (4051700 Gflops/s) - 3575 (3930754 Gflops/s) - 3609 (3968137 Gflops/s) | Temperatures: 60°C - 61°C - 72°C - 68°C - 63°C - 60°C - 72°C - 74°C | Throttling: None - None - None - None - None - None - None - None
3702 (4070392 Gflops/s) - 3663 (4027511 Gflops/s) - 3633 (3994525 Gflops/s) - 3659 (4023113 Gflops/s) - 3627 (3987928 Gflops/s) - 3689 (4056098 Gflops/s) - 3579 (3935152 Gflops/s) - 3610 (3969236 Gflops/s) | Temperatures: 60°C - 61°C - 72°C - 68°C - 63°C - 60°C - 72°C - 74°C | Throttling: None - None - None - None - None - None - None - None
3695 (4062695 Gflops/s) - 3661 (4025312 Gflops/s) - 3633 (3994525 Gflops/s) - 3661 (4025312 Gflops/s) - 3628 (3989028 Gflops/s) - 3683 (4049501 Gflops/s) - 3581 (3937351 Gflops/s) - 3611 (3970336 Gflops/s) | Temperatures: 60°C - 61°C - 72°C - 69°C - 63°C - 60°C - 72°C - 74°C | Throttling: None - None - None - None - None - None - None - None
3696 (4063794 Gflops/s) - 3656 (4019814 Gflops/s) - 3629 (3990127 Gflops/s) - 3654 (4017615 Gflops/s) - 3625 (3985729 Gflops/s) - 3686 (4052799 Gflops/s) - 3575 (3930754 Gflops/s) - 3609 (3968137 Gflops/s) | Temperatures: 60°C - 61°C - 72°C - 68°C - 63°C - 60°C - 72°C - 74°C | Throttling: None - None - None - None - None - None - None - None
3699 (4067093 Gflops/s) - 3664 (4028610 Gflops/s) - 3634 (3995625 Gflops/s) - 3661 (4025312 Gflops/s) - 3631 (3992326 Gflops/s) - 3693 (4060496 Gflops/s) - 3581 (3937351 Gflops/s) - 3613 (3972535 Gflops/s) | Temperatures: 60°C - 61°C - 72°C - 68°C - 63°C - 60°C - 72°C - 74°C | Throttling: None - None - None - None - None - None - None - None
3692 (4059396 Gflops/s) - 3655 (4018714 Gflops/s) - 3629 (3990127 Gflops/s) - 3657 (4020914 Gflops/s) - 3624 (3984630 Gflops/s) - 3683 (4049501 Gflops/s) - 3592 (3949445 Gflops/s) - 3609 (3968137 Gflops/s) | Temperatures: 60°C - 61°C - 72°C - 69°C - 63°C - 60°C - 72°C - 74°C | Throttling: None - None - None - None - None - None - None - None
3697 (4064894 Gflops/s) - 3659 (4023113 Gflops/s) - 3634 (3995625 Gflops/s) - 3659 (4023113 Gflops/s) - 3627 (3987928 Gflops/s) - 3677 (4042904 Gflops/s) - 3577 (3932953 Gflops/s) - 3605 (3963739 Gflops/s) | Temperatures: 60°C - 61°C - 72°C - 69°C - 63°C - 60°C - 72°C - 74°C | Throttling: None - None - None - None - None - None - None - None
3699 (4067093 Gflops/s) - 3662 (4026411 Gflops/s) - 3631 (3992326 Gflops/s) - 3659 (4023113 Gflops/s) - 3629 (3990127 Gflops/s) - 3683 (4049501 Gflops/s) - 3592 (3949445 Gflops/s) - 3605 (3963739 Gflops/s) | Temperatures: 60°C - 61°C - 72°C - 68°C - 63°C - 60°C - 72°C - 74°C | Throttling: None - None - None - None - None - None - None - None
3703 (4071491 Gflops/s) - 3656 (4019814 Gflops/s) - 3634 (3995625 Gflops/s) - 3662 (4026411 Gflops/s) - 3628 (3989028 Gflops/s) - 3685 (4051700 Gflops/s) - 3578 (3934052 Gflops/s) - 3611 (3970336 Gflops/s) | Temperatures: 60°C - 61°C - 72°C - 68°C - 63°C - 60°C - 72°C - 74°C | Throttling: None - None - None - None - None - None - None - None
3698 (4065993 Gflops/s) - 3666 (4030809 Gflops/s) - 3634 (3995625 Gflops/s) - 3661 (4025312 Gflops/s) - 3629 (3990127 Gflops/s) - 3675 (4040705 Gflops/s) - 3579 (3935152 Gflops/s) - 3613 (3972535 Gflops/s) | Temperatures: 60°C - 61°C - 72°C - 68°C - 63°C - 60°C - 72°C - 74°C | Throttling: None - None - None - None - None - None - None - None
3697 (4064894 Gflops/s) - 3660 (4024212 Gflops/s) - 3631 (3992326 Gflops/s) - 3652 (4015416 Gflops/s) - 3628 (3989028 Gflops/s) - 3680 (4046202 Gflops/s) - 3581 (3937351 Gflops/s) - 3604 (3962639 Gflops/s) | Temperatures: 60°C - 61°C - 72°C - 68°C - 63°C - 60°C - 72°C - 74°C | Throttling: None - None - None - None - None - None - None - None
3700 (4068193 Gflops/s) - 3665 (4029710 Gflops/s) - 3633 (3994525 Gflops/s) - 3662 (4026411 Gflops/s) - 3629 (3990127 Gflops/s) - 3681 (4047302 Gflops/s) - 3581 (3937351 Gflops/s) - 3610 (3969236 Gflops/s) | Temperatures: 60°C - 61°C - 72°C - 68°C - 63°C - 60°C - 72°C - 74°C | Throttling: None - None - None - None - None - None - None - None
3704 (4072591 Gflops/s) - 3651 (4014316 Gflops/s) - 3632 (3993426 Gflops/s) - 3658 (4022013 Gflops/s) - 3628 (3989028 Gflops/s) - 3675 (4040705 Gflops/s) - 3583 (3939550 Gflops/s) - 3612 (3971435 Gflops/s) | Temperatures: 60°C - 61°C - 72°C - 68°C - 63°C - 60°C - 72°C - 74°C | Throttling: None - None - None - None - None - None - None - None
3701 (4069292 Gflops/s) - 3674 (4039605 Gflops/s) - 3633 (3994525 Gflops/s) - 3661 (4025312 Gflops/s) - 3629 (3990127 Gflops/s) - 3688 (4054998 Gflops/s) - 3580 (3936251 Gflops/s) - 3606 (3964838 Gflops/s) | Temperatures: 60°C - 61°C - 72°C - 68°C - 63°C - 60°C - 72°C - 74°C | Throttling: None - None - None - None - None - None - None - None
3698 (4065993 Gflops/s) - 3672 (4037406 Gflops/s) - 3631 (3992326 Gflops/s) - 3656 (4019814 Gflops/s) - 3625 (3985729 Gflops/s) - 3683 (4049501 Gflops/s) - 3579 (3935152 Gflops/s) - 3609 (3968137 Gflops/s) | Temperatures: 60°C - 61°C - 72°C - 68°C - 63°C - 60°C - 72°C - 74°C | Throttling: None - None - None - None - None - None - None - None
3703 (4071491 Gflops/s) - 3666 (4030809 Gflops/s) - 3634 (3995625 Gflops/s) - 3663 (4027511 Gflops/s) - 3630 (3991227 Gflops/s) - 3690 (4057197 Gflops/s) - 3587 (3943948 Gflops/s) - 3609 (3968137 Gflops/s) | Temperatures: 60°C - 61°C - 72°C - 68°C - 63°C - 60°C - 72°C - 74°C | Throttling: None - None - None - None - None - None - None - None
3695 (4062695 Gflops/s) - 3663 (4027511 Gflops/s) - 3633 (3994525 Gflops/s) - 3658 (4022013 Gflops/s) - 3629 (3990127 Gflops/s) - 3681 (4047302 Gflops/s) - 3580 (3936251 Gflops/s) - 3606 (3964838 Gflops/s) | Temperatures: 60°C - 61°C - 72°C - 69°C - 63°C - 60°C - 72°C - 74°C | Throttling: None - None - None - None - None - None - None - None
3697 (4064894 Gflops/s) - 3666 (4030809 Gflops/s) - 3632 (3993426 Gflops/s) - 3659 (4023113 Gflops/s) - 3629 (3990127 Gflops/s) - 3689 (4056098 Gflops/s) - 3589 (3946147 Gflops/s) - 3611 (3970336 Gflops/s) | Temperatures: 60°C - 61°C - 72°C - 68°C - 63°C - 60°C - 72°C - 74°C | Throttling: None - None - None - None - None - None - None - None
3696 (4063794 Gflops/s) - 3662 (4026411 Gflops/s) - 3628 (3989028 Gflops/s) - 3656 (4019814 Gflops/s) - 3626 (3986829 Gflops/s) - 3681 (4047302 Gflops/s) - 3574 (3929654 Gflops/s) - 3608 (3967037 Gflops/s) | Temperatures: 60°C - 61°C - 72°C - 69°C - 63°C - 60°C - 72°C - 74°C | Throttling: None - None - None - None - None - None - None - None
3707 (4075889 Gflops/s) - 3673 (4038506 Gflops/s) - 3633 (3994525 Gflops/s) - 3663 (4027511 Gflops/s) - 3629 (3990127 Gflops/s) - 3695 (4062695 Gflops/s) - 3588 (3945047 Gflops/s) - 3606 (3964838 Gflops/s) | Temperatures: 60°C - 61°C - 72°C - 69°C - 63°C - 60°C - 72°C - 74°C | Throttling: None - None - None - None - None - None - None - None
3693 (4060496 Gflops/s) - 3666 (4030809 Gflops/s) - 3630 (3991227 Gflops/s) - 3656 (4019814 Gflops/s) - 3626 (3986829 Gflops/s) - 3676 (4041804 Gflops/s) - 3581 (3937351 Gflops/s) - 3609 (3968137 Gflops/s) | Temperatures: 60°C - 61°C - 73°C - 69°C - 63°C - 60°C - 72°C - 74°C | Throttling: None - None - None - None - None - None - None - None
3703 (4071491 Gflops/s) - 3670 (4035207 Gflops/s) - 3633 (3994525 Gflops/s) - 3661 (4025312 Gflops/s) - 3630 (3991227 Gflops/s) - 3692 (4059396 Gflops/s) - 3581 (3937351 Gflops/s) - 3609 (3968137 Gflops/s) | Temperatures: 60°C - 61°C - 73°C - 69°C - 63°C - 60°C - 72°C - 74°C | Throttling: None - None - None - None - None - None - None - None
3702 (4070392 Gflops/s) - 3663 (4027511 Gflops/s) - 3632 (3993426 Gflops/s) - 3660 (4024212 Gflops/s) - 3628 (3989028 Gflops/s) - 3687 (4053899 Gflops/s) - 3582 (3938450 Gflops/s) - 3610 (3969236 Gflops/s) | Temperatures: 60°C - 61°C - 73°C - 69°C - 63°C - 60°C - 72°C - 74°C | Throttling: None - None - None - None - None - None - None - None
3690 (4057197 Gflops/s) - 3667 (4031909 Gflops/s) - 3630 (3991227 Gflops/s) - 3660 (4024212 Gflops/s) - 3628 (3989028 Gflops/s) - 3674 (4039605 Gflops/s) - 3590 (3947246 Gflops/s) - 3613 (3972535 Gflops/s) | Temperatures: 60°C - 61°C - 73°C - 69°C - 63°C - 60°C - 72°C - 74°C | Throttling: None - None - None - None - None - None - None - None
3703 (4071491 Gflops/s) - 3666 (4030809 Gflops/s) - 3632 (3993426 Gflops/s) - 3663 (4027511 Gflops/s) - 3629 (3990127 Gflops/s) - 3687 (4053899 Gflops/s) - 3589 (3946147 Gflops/s) - 3610 (3969236 Gflops/s) | Temperatures: 60°C - 61°C - 73°C - 69°C - 63°C - 60°C - 72°C - 74°C | Throttling: None - None - None - None - None - None - None - None
3694 (4061595 Gflops/s) - 3665 (4029710 Gflops/s) - 3628 (3989028 Gflops/s) - 3656 (4019814 Gflops/s) - 3625 (3985729 Gflops/s) - 3674 (4039605 Gflops/s) - 3580 (3936251 Gflops/s) - 3604 (3962639 Gflops/s) | Temperatures: 60°C - 61°C - 73°C - 69°C - 63°C - 60°C - 72°C - 74°C | Throttling: None - None - None - None - None - None - None - None
3704 (4072591 Gflops/s) - 3660 (4024212 Gflops/s) - 3633 (3994525 Gflops/s) - 3658 (4022013 Gflops/s) - 3628 (3989028 Gflops/s) - 3685 (4051700 Gflops/s) - 3575 (3930754 Gflops/s) - 3611 (3970336 Gflops/s) | Temperatures: 60°C - 61°C - 73°C - 68°C - 63°C - 60°C - 72°C - 74°C | Throttling: None - None - None - None - None - None - None - None
3702 (4070392 Gflops/s) - 3662 (4026411 Gflops/s) - 3633 (3994525 Gflops/s) - 3662 (4026411 Gflops/s) - 3630 (3991227 Gflops/s) - 3682 (4048401 Gflops/s) - 3578 (3934052 Gflops/s) - 3612 (3971435 Gflops/s) | Temperatures: 60°C - 61°C - 73°C - 69°C - 63°C - 60°C - 72°C - 74°C | Throttling: None - None - None - None - None - None - None - None
3695 (4062695 Gflops/s) - 3653 (4016515 Gflops/s) - 3628 (3989028 Gflops/s) - 3656 (4019814 Gflops/s) - 3624 (3984630 Gflops/s) - 3681 (4047302 Gflops/s) - 3578 (3934052 Gflops/s) - 3614 (3973635 Gflops/s) | Temperatures: 60°C - 61°C - 73°C - 69°C - 63°C - 60°C - 72°C - 74°C | Throttling: None - None - None - None - None - None - None - None
3705 (4073690 Gflops/s) - 3665 (4029710 Gflops/s) - 3633 (3994525 Gflops/s) - 3660 (4024212 Gflops/s) - 3630 (3991227 Gflops/s) - 3687 (4053899 Gflops/s) - 3582 (3938450 Gflops/s) - 3609 (3968137 Gflops/s) | Temperatures: 60°C - 61°C - 73°C - 68°C - 63°C - 60°C - 72°C - 74°C | Throttling: None - None - None - None - None - None - None - None
3699 (4067093 Gflops/s) - 3670 (4035207 Gflops/s) - 3634 (3995625 Gflops/s) - 3659 (4023113 Gflops/s) - 3628 (3989028 Gflops/s) - 3690 (4057197 Gflops/s) - 3577 (3932953 Gflops/s) - 3612 (3971435 Gflops/s) | Temperatures: 60°C - 61°C - 73°C - 69°C - 63°C - 60°C - 72°C - 74°C | Throttling: None - None - None - None - None - None - None - None
3698 (4065993 Gflops/s) - 3658 (4022013 Gflops/s) - 3629 (3990127 Gflops/s) - 3656 (4019814 Gflops/s) - 3627 (3987928 Gflops/s) - 3686 (4052799 Gflops/s) - 3573 (3928555 Gflops/s) - 3603 (3961540 Gflops/s) | Temperatures: 60°C - 61°C - 73°C - 69°C - 63°C - 60°C - 72°C - 74°C | Throttling: None - None - None - None - None - None - None - None
3700 (4068193 Gflops/s) - 3663 (4027511 Gflops/s) - 3632 (3993426 Gflops/s) - 3659 (4023113 Gflops/s) - 3630 (3991227 Gflops/s) - 3686 (4052799 Gflops/s) - 3577 (3932953 Gflops/s) - 3608 (3967037 Gflops/s) | Temperatures: 60°C - 61°C - 73°C - 69°C - 63°C - 60°C - 72°C - 74°C | Throttling: None - None - None - None - None - None - None - None
3696 (4063794 Gflops/s) - 3651 (4014316 Gflops/s) - 3629 (3990127 Gflops/s) - 3655 (4018714 Gflops/s) - 3627 (3987928 Gflops/s) - 3677 (4042904 Gflops/s) - 3583 (3939550 Gflops/s) - 3613 (3972535 Gflops/s) | Temperatures: 60°C - 61°C - 73°C - 69°C - 63°C - 60°C - 72°C - 74°C | Throttling: None - None - None - None - None - None - None - None
3702 (4070392 Gflops/s) - 3658 (4022013 Gflops/s) - 3632 (3993426 Gflops/s) - 3660 (4024212 Gflops/s) - 3628 (3989028 Gflops/s) - 3678 (4044003 Gflops/s) - 3577 (3932953 Gflops/s) - 3610 (3969236 Gflops/s) | Temperatures: 60°C - 61°C - 73°C - 69°C - 63°C - 60°C - 72°C - 74°C | Throttling: None - None - None - None - None - None - None - None
3702 (4070392 Gflops/s) - 3663 (4027511 Gflops/s) - 3633 (3994525 Gflops/s) - 3662 (4026411 Gflops/s) - 3629 (3990127 Gflops/s) - 3696 (4063794 Gflops/s) - 3582 (3938450 Gflops/s) - 3608 (3967037 Gflops/s) | Temperatures: 60°C - 61°C - 73°C - 69°C - 63°C - 60°C - 72°C - 74°C | Throttling: None - None - None - None - None - None - None - None
3703 (4071491 Gflops/s) - 3673 (4038506 Gflops/s) - 3632 (3993426 Gflops/s) - 3661 (4025312 Gflops/s) - 3628 (3989028 Gflops/s) - 3685 (4051700 Gflops/s) - 3582 (3938450 Gflops/s) - 3609 (3968137 Gflops/s) | Temperatures: 60°C - 61°C - 73°C - 69°C - 63°C - 60°C - 72°C - 74°C | Throttling: None - None - None - None - None - None - None - None
3694 (4061595 Gflops/s) - 3651 (4014316 Gflops/s) - 3629 (3990127 Gflops/s) - 3655 (4018714 Gflops/s) - 3626 (3986829 Gflops/s) - 3675 (4040705 Gflops/s) - 3576 (3931853 Gflops/s) - 3604 (3962639 Gflops/s) | Temperatures: 60°C - 61°C - 73°C - 69°C - 63°C - 60°C - 72°C - 74°C | Throttling: None - None - None - None - None - None - None - None
3704 (4072591 Gflops/s) - 3664 (4028610 Gflops/s) - 3633 (3994525 Gflops/s) - 3663 (4027511 Gflops/s) - 3631 (3992326 Gflops/s) - 3680 (4046202 Gflops/s) - 3581 (3937351 Gflops/s) - 3614 (3973635 Gflops/s) | Temperatures: 60°C - 61°C - 73°C - 69°C - 63°C - 60°C - 72°C - 74°C | Throttling: None - None - None - None - None - None - None - None
3693 (4060496 Gflops/s) - 3663 (4027511 Gflops/s) - 3634 (3995625 Gflops/s) - 3659 (4023113 Gflops/s) - 3630 (3991227 Gflops/s) - 3683 (4049501 Gflops/s) - 3581 (3937351 Gflops/s) - 3608 (3967037 Gflops/s) | Temperatures: 60°C - 61°C - 73°C - 69°C - 63°C - 60°C - 72°C - 74°C | Throttling: None - None - None - None - None - None - None - None
3696 (4063794 Gflops/s) - 3660 (4024212 Gflops/s) - 3628 (3989028 Gflops/s) - 3656 (4019814 Gflops/s) - 3624 (3984630 Gflops/s) - 3676 (4041804 Gflops/s) - 3578 (3934052 Gflops/s) - 3605 (3963739 Gflops/s) | Temperatures: 60°C - 61°C - 73°C - 69°C - 63°C - 60°C - 72°C - 74°C | Throttling: None - None - None - None - None - None - None - None
3700 (4068193 Gflops/s) - 3655 (4018714 Gflops/s) - 3632 (3993426 Gflops/s) - 3660 (4024212 Gflops/s) - 3627 (3987928 Gflops/s) - 3683 (4049501 Gflops/s) - 3589 (3946147 Gflops/s) - 3611 (3970336 Gflops/s) | Temperatures: 60°C - 61°C - 73°C - 69°C - 62°C - 60°C - 72°C - 74°C | Throttling: None - None - None - None - None - None - None - None
3701 (4069292 Gflops/s) - 3669 (4034108 Gflops/s) - 3632 (3993426 Gflops/s) - 3660 (4024212 Gflops/s) - 3628 (3989028 Gflops/s) - 3693 (4060496 Gflops/s) - 3583 (3939550 Gflops/s) - 3591 (3948346 Gflops/s) | Temperatures: 60°C - 62°C - 73°C - 69°C - 63°C - 60°C - 72°C - 74°C | Throttling: None - None - None - None - None - None - None - None
3701 (4069292 Gflops/s) - 3657 (4020914 Gflops/s) - 3632 (3993426 Gflops/s) - 3658 (4022013 Gflops/s) - 3628 (3989028 Gflops/s) - 3689 (4056098 Gflops/s) - 3574 (3929654 Gflops/s) - 3591 (3948346 Gflops/s) | Temperatures: 60°C - 61°C - 73°C - 69°C - 63°C - 60°C - 72°C - 74°C | Throttling: None - None - None - None - None - None - None - None
3686 (4052799 Gflops/s) - 3658 (4022013 Gflops/s) - 3630 (3991227 Gflops/s) - 3656 (4019814 Gflops/s) - 3626 (3986829 Gflops/s) - 3685 (4051700 Gflops/s) - 3574 (3929654 Gflops/s) - 3589 (3946147 Gflops/s) | Temperatures: 60°C - 61°C - 73°C - 69°C - 63°C - 60°C - 72°C - 74°C | Throttling: None - None - None - None - None - None - None - None
3707 (4075889 Gflops/s) - 3672 (4037406 Gflops/s) - 3633 (3994525 Gflops/s) - 3663 (4027511 Gflops/s) - 3630 (3991227 Gflops/s) - 3693 (4060496 Gflops/s) - 3581 (3937351 Gflops/s) - 3592 (3949445 Gflops/s) | Temperatures: 60°C - 62°C - 73°C - 69°C - 63°C - 60°C - 72°C - 74°C | Throttling: None - None - None - None - None - None - None - None
3704 (4072591 Gflops/s) - 3664 (4028610 Gflops/s) - 3632 (3993426 Gflops/s) - 3659 (4023113 Gflops/s) - 3629 (3990127 Gflops/s) - 3684 (4050600 Gflops/s) - 3583 (3939550 Gflops/s) - 3592 (3949445 Gflops/s) | Temperatures: 60°C - 61°C - 73°C - 69°C - 63°C - 60°C - 72°C - 74°C | Throttling: None - None - None - None - None - None - None - None
3692 (4059396 Gflops/s) - 3660 (4024212 Gflops/s) - 3628 (3989028 Gflops/s) - 3656 (4019814 Gflops/s) - 3624 (3984630 Gflops/s) - 3690 (4057197 Gflops/s) - 3576 (3931853 Gflops/s) - 3586 (3942848 Gflops/s) | Temperatures: 60°C - 61°C - 73°C - 69°C - 63°C - 60°C - 72°C - 74°C | Throttling: None - None - None - None - None - None - None - None
3700 (4068193 Gflops/s) - 3665 (4029710 Gflops/s) - 3632 (3993426 Gflops/s) - 3657 (4020914 Gflops/s) - 3628 (3989028 Gflops/s) - 3686 (4052799 Gflops/s) - 3586 (3942848 Gflops/s) - 3592 (3949445 Gflops/s) | Temperatures: 60°C - 61°C - 73°C - 69°C - 63°C - 60°C - 72°C - 74°C | Throttling: None - None - None - None - None - None - None - None
3698 (4065993 Gflops/s) - 3659 (4023113 Gflops/s) - 3633 (3994525 Gflops/s) - 3661 (4025312 Gflops/s) - 3629 (3990127 Gflops/s) - 3688 (4054998 Gflops/s) - 3585 (3941749 Gflops/s) - 3590 (3947246 Gflops/s) | Temperatures: 60°C - 61°C - 73°C - 69°C - 63°C - 60°C - 72°C - 74°C | Throttling: None - None - None - None - None - None - None - None
3699 (4067093 Gflops/s) - 3662 (4026411 Gflops/s) - 3631 (3992326 Gflops/s) - 3659 (4023113 Gflops/s) - 3628 (3989028 Gflops/s) - 3686 (4052799 Gflops/s) - 3582 (3938450 Gflops/s) - 3592 (3949445 Gflops/s) | Temperatures: 60°C - 61°C - 73°C - 69°C - 63°C - 60°C - 72°C - 74°C | Throttling: None - None - None - None - None - None - None - None
3702 (4070392 Gflops/s) - 3663 (4027511 Gflops/s) - 3633 (3994525 Gflops/s) - 3661 (4025312 Gflops/s) - 3629 (3990127 Gflops/s) - 3688 (4054998 Gflops/s) - 3582 (3938450 Gflops/s) - 3591 (3948346 Gflops/s) | Temperatures: 60°C - 61°C - 73°C - 69°C - 63°C - 60°C - 72°C - 74°C | Throttling: None - None - None - None - None - None - None - None
3699 (4067093 Gflops/s) - 3657 (4020914 Gflops/s) - 3629 (3990127 Gflops/s) - 3653 (4016515 Gflops/s) - 3625 (3985729 Gflops/s) - 3682 (4048401 Gflops/s) - 3575 (3930754 Gflops/s) - 3588 (3945047 Gflops/s) | Temperatures: 60°C - 61°C - 73°C - 69°C - 63°C - 60°C - 72°C - 74°C | Throttling: None - None - None - None - None - None - None - None
3694 (4061595 Gflops/s) - 3667 (4031909 Gflops/s) - 3632 (3993426 Gflops/s) - 3663 (4027511 Gflops/s) - 3629 (3990127 Gflops/s) - 3676 (4041804 Gflops/s) - 3587 (3943948 Gflops/s) - 3591 (3948346 Gflops/s) | Temperatures: 60°C - 61°C - 73°C - 69°C - 63°C - 60°C - 72°C - 74°C | Throttling: None - None - None - None - None - None - None - None
3702 (4070392 Gflops/s) - 3666 (4030809 Gflops/s) - 3631 (3992326 Gflops/s) - 3660 (4024212 Gflops/s) - 3629 (3990127 Gflops/s) - 3691 (4058297 Gflops/s) - 3578 (3934052 Gflops/s) - 3592 (3949445 Gflops/s) | Temperatures: 60°C - 61°C - 73°C - 69°C - 63°C - 60°C - 72°C - 74°C | Throttling: None - None - None - None - None - None - None - None
3706 (4074790 Gflops/s) - 3671 (4036307 Gflops/s) - 3633 (3994525 Gflops/s) - 3658 (4022013 Gflops/s) - 3629 (3990127 Gflops/s) - 3692 (4059396 Gflops/s) - 3591 (3948346 Gflops/s) - 3592 (3949445 Gflops/s) | Temperatures: 60°C - 62°C - 73°C - 69°C - 63°C - 60°C - 72°C - 74°C | Throttling: None - None - None - None - None - None - None - None
3698 (4065993 Gflops/s) - 3661 (4025312 Gflops/s) - 3628 (3989028 Gflops/s) - 3658 (4022013 Gflops/s) - 3626 (3986829 Gflops/s) - 3690 (4057197 Gflops/s) - 3584 (3940649 Gflops/s) - 3589 (3946147 Gflops/s) | Temperatures: 60°C - 61°C - 73°C - 69°C - 63°C - 60°C - 72°C - 74°C | Throttling: None - None - None - None - None - None - None - None
3695 (4062695 Gflops/s) - 3667 (4031909 Gflops/s) - 3632 (3993426 Gflops/s) - 3660 (4024212 Gflops/s) - 3626 (3986829 Gflops/s) - 3687 (4053899 Gflops/s) - 3586 (3942848 Gflops/s) - 3591 (3948346 Gflops/s) | Temperatures: 60°C - 61°C - 73°C - 69°C - 63°C - 60°C - 72°C - 74°C | Throttling: None - None - None - None - None - None - None - None
3700 (4068193 Gflops/s) - 3666 (4030809 Gflops/s) - 3632 (3993426 Gflops/s) - 3657 (4020914 Gflops/s) - 3629 (3990127 Gflops/s) - 3681 (4047302 Gflops/s) - 3575 (3930754 Gflops/s) - 3593 (3950545 Gflops/s) | Temperatures: 60°C - 61°C - 73°C - 69°C - 63°C - 60°C - 72°C - 74°C | Throttling: None - None - None - None - None - None - None - None
3704 (4072591 Gflops/s) - 3660 (4024212 Gflops/s) - 3633 (3994525 Gflops/s) - 3659 (4023113 Gflops/s) - 3628 (3989028 Gflops/s) - 3693 (4060496 Gflops/s) - 3581 (3937351 Gflops/s) - 3593 (3950545 Gflops/s) | Temperatures: 60°C - 61°C - 73°C - 69°C - 63°C - 60°C - 72°C - 74°C | Throttling: None - None - None - None - None - None - None - None
3692 (4059396 Gflops/s) - 3664 (4028610 Gflops/s) - 3628 (3989028 Gflops/s) - 3655 (4018714 Gflops/s) - 3626 (3986829 Gflops/s) - 3690 (4057197 Gflops/s) - 3573 (3928555 Gflops/s) - 3588 (3945047 Gflops/s) | Temperatures: 60°C - 61°C - 73°C - 69°C - 63°C - 60°C - 72°C - 74°C | Throttling: None - None - None - None - None - None - None - None
3692 (4059396 Gflops/s) - 3670 (4035207 Gflops/s) - 3631 (3992326 Gflops/s) - 3660 (4024212 Gflops/s) - 3628 (3989028 Gflops/s) - 3679 (4045103 Gflops/s) - 3581 (3937351 Gflops/s) - 3592 (3949445 Gflops/s) | Temperatures: 60°C - 62°C - 73°C - 69°C - 63°C - 60°C - 72°C - 74°C | Throttling: None - None - None - None - None - None - None - None
3707 (4075889 Gflops/s) - 3664 (4028610 Gflops/s) - 3633 (3994525 Gflops/s) - 3661 (4025312 Gflops/s) - 3630 (3991227 Gflops/s) - 3687 (4053899 Gflops/s) - 3577 (3932953 Gflops/s) - 3594 (3951644 Gflops/s) | Temperatures: 60°C - 61°C - 73°C - 69°C - 63°C - 60°C - 72°C - 74°C | Throttling: None - None - None - None - None - None - None - None
3691 (4058297 Gflops/s) - 3659 (4023113 Gflops/s) - 3628 (3989028 Gflops/s) - 3656 (4019814 Gflops/s) - 3626 (3986829 Gflops/s) - 3679 (4045103 Gflops/s) - 3577 (3932953 Gflops/s) - 3589 (3946147 Gflops/s) | Temperatures: 60°C - 61°C - 73°C - 69°C - 63°C - 60°C - 72°C - 74°C | Throttling: None - None - None - None - None - None - None - None
3696 (4063794 Gflops/s) - 3662 (4026411 Gflops/s) - 3633 (3994525 Gflops/s) - 3657 (4020914 Gflops/s) - 3631 (3992326 Gflops/s) - 3687 (4053899 Gflops/s) - 3578 (3934052 Gflops/s) - 3591 (3948346 Gflops/s) | Temperatures: 60°C - 61°C - 73°C - 69°C - 63°C - 60°C - 72°C - 74°C | Throttling: None - None - None - None - None - None - None - None
3696 (4063794 Gflops/s) - 3667 (4031909 Gflops/s) - 3631 (3992326 Gflops/s) - 3662 (4026411 Gflops/s) - 3628 (3989028 Gflops/s) - 3684 (4050600 Gflops/s) - 3580 (3936251 Gflops/s) - 3593 (3950545 Gflops/s) | Temperatures: 60°C - 62°C - 73°C - 69°C - 63°C - 60°C - 72°C - 74°C | Throttling: None - None - None - None - None - None - None - None
3694 (4061595 Gflops/s) - 3668 (4033008 Gflops/s) - 3633 (3994525 Gflops/s) - 3660 (4024212 Gflops/s) - 3629 (3990127 Gflops/s) - 3679 (4045103 Gflops/s) - 3581 (3937351 Gflops/s) - 3592 (3949445 Gflops/s) | Temperatures: 60°C - 62°C - 73°C - 69°C - 63°C - 60°C - 72°C - 74°C | Throttling: None - None - None - None - None - None - None - None
3700 (4068193 Gflops/s) - 3669 (4034108 Gflops/s) - 3630 (3991227 Gflops/s) - 3656 (4019814 Gflops/s) - 3625 (3985729 Gflops/s) - 3683 (4049501 Gflops/s) - 3573 (3928555 Gflops/s) - 3588 (3945047 Gflops/s) | Temperatures: 60°C - 61°C - 73°C - 69°C - 63°C - 60°C - 72°C - 74°C | Throttling: None - None - None - None - None - None - None - None
3703 (4071491 Gflops/s) - 3662 (4026411 Gflops/s) - 3632 (3993426 Gflops/s) - 3662 (4026411 Gflops/s) - 3631 (3992326 Gflops/s) - 3688 (4054998 Gflops/s) - 3584 (3940649 Gflops/s) - 3594 (3951644 Gflops/s) | Temperatures: 60°C - 61°C - 73°C - 69°C - 63°C - 60°C - 72°C - 74°C | Throttling: None - None - None - None - None - None - None - None
3698 (4065993 Gflops/s) - 3659 (4023113 Gflops/s) - 3632 (3993426 Gflops/s) - 3659 (4023113 Gflops/s) - 3628 (3989028 Gflops/s) - 3687 (4053899 Gflops/s) - 3587 (3943948 Gflops/s) - 3591 (3948346 Gflops/s) | Temperatures: 60°C - 61°C - 73°C - 69°C - 63°C - 60°C - 72°C - 74°C | Throttling: None - None - None - None - None - None - None - None
3692 (4059396 Gflops/s) - 3662 (4026411 Gflops/s) - 3629 (3990127 Gflops/s) - 3660 (4024212 Gflops/s) - 3626 (3986829 Gflops/s) - 3682 (4048401 Gflops/s) - 3572 (3927455 Gflops/s) - 3590 (3947246 Gflops/s) | Temperatures: 60°C - 61°C - 73°C - 69°C - 63°C - 60°C - 72°C - 74°C | Throttling: None - None - None - None - None - None - None - None
3698 (4065993 Gflops/s) - 3658 (4022013 Gflops/s) - 3632 (3993426 Gflops/s) - 3659 (4023113 Gflops/s) - 3628 (3989028 Gflops/s) - 3685 (4051700 Gflops/s) - 3577 (3932953 Gflops/s) - 3592 (3949445 Gflops/s) | Temperatures: 60°C - 61°C - 73°C - 69°C - 63°C - 60°C - 72°C - 74°C | Throttling: None - None - None - None - None - None - None - None
3697 (4064894 Gflops/s) - 3671 (4036307 Gflops/s) - 3633 (3994525 Gflops/s) - 3659 (4023113 Gflops/s) - 3629 (3990127 Gflops/s) - 3684 (4050600 Gflops/s) - 3578 (3934052 Gflops/s) - 3591 (3948346 Gflops/s) | Temperatures: 60°C - 61°C - 73°C - 69°C - 63°C - 60°C - 72°C - 74°C | Throttling: None - None - None - None - None - None - None - None
3695 (4062695 Gflops/s) - 3661 (4025312 Gflops/s) - 3628 (3989028 Gflops/s) - 3656 (4019814 Gflops/s) - 3625 (3985729 Gflops/s) - 3686 (4052799 Gflops/s) - 3578 (3934052 Gflops/s) - 3587 (3943948 Gflops/s) | Temperatures: 60°C - 61°C - 73°C - 69°C - 63°C - 60°C - 72°C - 74°C | Throttling: None - None - None - None - None - None - None - None
3700 (4068193 Gflops/s) - 3658 (4022013 Gflops/s) - 3633 (3994525 Gflops/s) - 3662 (4026411 Gflops/s) - 3630 (3991227 Gflops/s) - 3678 (4044003 Gflops/s) - 3578 (3934052 Gflops/s) - 3593 (3950545 Gflops/s) | Temperatures: 60°C - 61°C - 73°C - 69°C - 63°C - 60°C - 72°C - 74°C | Throttling: None - None - None - None - None - None - None - None
3695 (4062695 Gflops/s) - 3666 (4030809 Gflops/s) - 3635 (3996724 Gflops/s) - 3661 (4025312 Gflops/s) - 3627 (3987928 Gflops/s) - 3685 (4051700 Gflops/s) - 3578 (3934052 Gflops/s) - 3592 (3949445 Gflops/s) | Temperatures: 60°C - 61°C - 73°C - 69°C - 63°C - 60°C - 72°C - 74°C | Throttling: None - None - None - None - None - None - None - None
3691 (4058297 Gflops/s) - 3661 (4025312 Gflops/s) - 3629 (3990127 Gflops/s) - 3653 (4016515 Gflops/s) - 3625 (3985729 Gflops/s) - 3684 (4050600 Gflops/s) - 3583 (3939550 Gflops/s) - 3587 (3943948 Gflops/s) | Temperatures: 60°C - 61°C - 73°C - 69°C - 63°C - 60°C - 72°C - 74°C | Throttling: None - None - None - None - None - None - None - None
3698 (4065993 Gflops/s) - 3666 (4030809 Gflops/s) - 3633 (3994525 Gflops/s) - 3664 (4028610 Gflops/s) - 3629 (3990127 Gflops/s) - 3688 (4054998 Gflops/s) - 3583 (3939550 Gflops/s) - 3592 (3949445 Gflops/s) | Temperatures: 60°C - 61°C - 73°C - 69°C - 63°C - 60°C - 72°C - 74°C | Throttling: None - None - None - None - None - None - None - None
3700 (4068193 Gflops/s) - 3674 (4039605 Gflops/s) - 3632 (3993426 Gflops/s) - 3663 (4027511 Gflops/s) - 3628 (3989028 Gflops/s) - 3683 (4049501 Gflops/s) - 3582 (3938450 Gflops/s) - 3592 (3949445 Gflops/s) | Temperatures: 60°C - 61°C - 73°C - 69°C - 63°C - 60°C - 72°C - 74°C | Throttling: None - None - None - None - None - None - None - None
3701 (4069292 Gflops/s) - 3656 (4019814 Gflops/s) - 3629 (3990127 Gflops/s) - 3654 (4017615 Gflops/s) - 3625 (3985729 Gflops/s) - 3683 (4049501 Gflops/s) - 3575 (3930754 Gflops/s) - 3587 (3943948 Gflops/s) | Temperatures: 60°C - 61°C - 73°C - 69°C - 63°C - 60°C - 72°C - 74°C | Throttling: None - None - None - None - None - None - None - None
3700 (4068193 Gflops/s) - 3667 (4031909 Gflops/s) - 3632 (3993426 Gflops/s) - 3661 (4025312 Gflops/s) - 3630 (3991227 Gflops/s) - 3681 (4047302 Gflops/s) - 3578 (3934052 Gflops/s) - 3593 (3950545 Gflops/s) | Temperatures: 60°C - 62°C - 73°C - 69°C - 63°C - 60°C - 72°C - 74°C | Throttling: None - None - None - None - None - None - None - None
3696 (4063794 Gflops/s) - 3667 (4031909 Gflops/s) - 3632 (3993426 Gflops/s) - 3662 (4026411 Gflops/s) - 3628 (3989028 Gflops/s) - 3684 (4050600 Gflops/s) - 3580 (3936251 Gflops/s) - 3592 (3949445 Gflops/s) | Temperatures: 60°C - 61°C - 73°C - 69°C - 63°C - 60°C - 72°C - 74°C | Throttling: None - None - None - None - None - None - None - None
3703 (4071491 Gflops/s) - 3663 (4027511 Gflops/s) - 3631 (3992326 Gflops/s) - 3659 (4023113 Gflops/s) - 3628 (3989028 Gflops/s) - 3688 (4054998 Gflops/s) - 3579 (3935152 Gflops/s) - 3592 (3949445 Gflops/s) | Temperatures: 60°C - 61°C - 73°C - 69°C - 63°C - 60°C - 72°C - 74°C | Throttling: None - None - None - None - None - None - None - None
3699 (4067093 Gflops/s) - 3663 (4027511 Gflops/s) - 3629 (3990127 Gflops/s) - 3656 (4019814 Gflops/s) - 3627 (3987928 Gflops/s) - 3671 (4036307 Gflops/s) - 3577 (3932953 Gflops/s) - 3588 (3945047 Gflops/s) | Temperatures: 60°C - 61°C - 73°C - 69°C - 63°C - 60°C - 72°C - 74°C | Throttling: None - None - None - None - None - None - None - None
3699 (4067093 Gflops/s) - 3664 (4028610 Gflops/s) - 3634 (3995625 Gflops/s) - 3661 (4025312 Gflops/s) - 3630 (3991227 Gflops/s) - 3690 (4057197 Gflops/s) - 3578 (3934052 Gflops/s) - 3593 (3950545 Gflops/s) | Temperatures: 60°C - 61°C - 73°C - 69°C - 63°C - 60°C - 72°C - 74°C | Throttling: None - None - None - None - None - None - None - None
3698 (4065993 Gflops/s) - 3660 (4024212 Gflops/s) - 3628 (3989028 Gflops/s) - 3655 (4018714 Gflops/s) - 3625 (3985729 Gflops/s) - 3679 (4045103 Gflops/s) - 3574 (3929654 Gflops/s) - 3586 (3942848 Gflops/s) | Temperatures: 60°C - 61°C - 73°C - 69°C - 63°C - 60°C - 72°C - 74°C | Throttling: None - None - None - None - None - None - None - None
3699 (4067093 Gflops/s) - 3661 (4025312 Gflops/s) - 3631 (3992326 Gflops/s) - 3657 (4020914 Gflops/s) - 3628 (3989028 Gflops/s) - 3682 (4048401 Gflops/s) - 3580 (3936251 Gflops/s) - 3590 (3947246 Gflops/s) | Temperatures: 60°C - 61°C - 73°C - 69°C - 63°C - 60°C - 72°C - 74°C | Throttling: None - None - None - None - None - None - None - None
3699 (4067093 Gflops/s) - 3670 (4035207 Gflops/s) - 3633 (3994525 Gflops/s) - 3656 (4019814 Gflops/s) - 3630 (3991227 Gflops/s) - 3689 (4056098 Gflops/s) - 3577 (3932953 Gflops/s) - 3592 (3949445 Gflops/s) | Temperatures: 60°C - 61°C - 73°C - 69°C - 63°C - 60°C - 72°C - 74°C | Throttling: None - None - None - None - None - None - None - None
3696 (4063794 Gflops/s) - 3663 (4027511 Gflops/s) - 3633 (3994525 Gflops/s) - 3660 (4024212 Gflops/s) - 3626 (3986829 Gflops/s) - 3680 (4046202 Gflops/s) - 3585 (3941749 Gflops/s) - 3591 (3948346 Gflops/s) | Temperatures: 60°C - 61°C - 73°C - 69°C - 63°C - 60°C - 72°C - 74°C | Throttling: None - None - None - None - None - None - None - None
3695 (4062695 Gflops/s) - 3657 (4020914 Gflops/s) - 3629 (3990127 Gflops/s) - 3655 (4018714 Gflops/s) - 3625 (3985729 Gflops/s) - 3680 (4046202 Gflops/s) - 3572 (3927455 Gflops/s) - 3588 (3945047 Gflops/s) | Temperatures: 60°C - 62°C - 73°C - 69°C - 63°C - 60°C - 72°C - 74°C | Throttling: None - None - None - None - None - None - None - None
3698 (4065993 Gflops/s) - 3656 (4019814 Gflops/s) - 3632 (3993426 Gflops/s) - 3658 (4022013 Gflops/s) - 3629 (3990127 Gflops/s) - 3685 (4051700 Gflops/s) - 3581 (3937351 Gflops/s) - 3590 (3947246 Gflops/s) | Temperatures: 60°C - 61°C - 73°C - 69°C - 63°C - 60°C - 72°C - 74°C | Throttling: None - None - None - None - None - None - None - None
3700 (4068193 Gflops/s) - 3660 (4024212 Gflops/s) - 3633 (3994525 Gflops/s) - 3659 (4023113 Gflops/s) - 3631 (3992326 Gflops/s) - 3697 (4064894 Gflops/s) - 3578 (3934052 Gflops/s) - 3592 (3949445 Gflops/s) | Temperatures: 60°C - 61°C - 73°C - 69°C - 63°C - 60°C - 72°C - 74°C | Throttling: None - None - None - None - None - None - None - None
3695 (4062695 Gflops/s) - 3663 (4027511 Gflops/s) - 3632 (3993426 Gflops/s) - 3659 (4023113 Gflops/s) - 3630 (3991227 Gflops/s) - 3680 (4046202 Gflops/s) - 3575 (3930754 Gflops/s) - 3590 (3947246 Gflops/s) | Temperatures: 60°C - 61°C - 73°C - 69°C - 63°C - 60°C - 72°C - 74°C | Throttling: None - None - None - None - None - None - None - None
3698 (4065993 Gflops/s) - 3662 (4026411 Gflops/s) - 3628 (3989028 Gflops/s) - 3655 (4018714 Gflops/s) - 3625 (3985729 Gflops/s) - 3682 (4048401 Gflops/s) - 3574 (3929654 Gflops/s) - 3586 (3942848 Gflops/s) | Temperatures: 60°C - 61°C - 73°C - 69°C - 63°C - 60°C - 72°C - 74°C | Throttling: None - None - None - None - None - None - None - None
3699 (4067093 Gflops/s) - 3658 (4022013 Gflops/s) - 3633 (3994525 Gflops/s) - 3658 (4022013 Gflops/s) - 3629 (3990127 Gflops/s) - 3689 (4056098 Gflops/s) - 3577 (3932953 Gflops/s) - 3590 (3947246 Gflops/s) | Temperatures: 60°C - 62°C - 73°C - 69°C - 63°C - 60°C - 72°C - 74°C | Throttling: None - None - None - None - None - None - None - None
3703 (4071491 Gflops/s) - 3674 (4039605 Gflops/s) - 3632 (3993426 Gflops/s) - 3658 (4022013 Gflops/s) - 3629 (3990127 Gflops/s) - 3682 (4048401 Gflops/s) - 3577 (3932953 Gflops/s) - 3591 (3948346 Gflops/s) | Temperatures: 60°C - 61°C - 73°C - 69°C - 63°C - 60°C - 72°C - 74°C | Throttling: None - None - None - None - None - None - None - None
3705 (4073690 Gflops/s) - 3667 (4031909 Gflops/s) - 3633 (3994525 Gflops/s) - 3658 (4022013 Gflops/s) - 3630 (3991227 Gflops/s) - 3684 (4050600 Gflops/s) - 3577 (3932953 Gflops/s) - 3591 (3948346 Gflops/s) | Temperatures: 60°C - 61°C - 73°C - 69°C - 63°C - 60°C - 72°C - 74°C | Throttling: None - None - None - None - None - None - None - None
3695 (4062695 Gflops/s) - 3655 (4018714 Gflops/s) - 3629 (3990127 Gflops/s) - 3656 (4019814 Gflops/s) - 3626 (3986829 Gflops/s) - 3674 (4039605 Gflops/s) - 3577 (3932953 Gflops/s) - 3588 (3945047 Gflops/s) | Temperatures: 60°C - 61°C - 73°C - 69°C - 63°C - 60°C - 72°C - 74°C | Throttling: None - None - None - None - None - None - None - None
3698 (4065993 Gflops/s) - 3664 (4028610 Gflops/s) - 3632 (3993426 Gflops/s) - 3658 (4022013 Gflops/s) - 3627 (3987928 Gflops/s) - 3684 (4050600 Gflops/s) - 3583 (3939550 Gflops/s) - 3590 (3947246 Gflops/s) | Temperatures: 60°C - 61°C - 73°C - 69°C - 63°C - 60°C - 72°C - 74°C | Throttling: None - None - None - None - None - None - None - None
3699 (4067093 Gflops/s) - 3662 (4026411 Gflops/s) - 3632 (3993426 Gflops/s) - 3661 (4025312 Gflops/s) - 3628 (3989028 Gflops/s) - 3680 (4046202 Gflops/s) - 3583 (3939550 Gflops/s) - 3592 (3949445 Gflops/s) | Temperatures: 60°C - 61°C - 73°C - 69°C - 63°C - 60°C - 72°C - 74°C | Throttling: None - None - None - None - None - None - None - None
3695 (4062695 Gflops/s) - 3664 (4028610 Gflops/s) - 3632 (3993426 Gflops/s) - 3660 (4024212 Gflops/s) - 3627 (3987928 Gflops/s) - 3688 (4054998 Gflops/s) - 3581 (3937351 Gflops/s) - 3592 (3949445 Gflops/s) | Temperatures: 60°C - 61°C - 73°C - 69°C - 63°C - 60°C - 72°C - 74°C | Throttling: None - None - None - None - None - None - None - None
3701 (4069292 Gflops/s) - 3656 (4019814 Gflops/s) - 3628 (3989028 Gflops/s) - 3653 (4016515 Gflops/s) - 3626 (3986829 Gflops/s) - 3685 (4051700 Gflops/s) - 3581 (3937351 Gflops/s) - 3587 (3943948 Gflops/s) | Temperatures: 60°C - 61°C - 73°C - 69°C - 63°C - 60°C - 72°C - 74°C | Throttling: None - None - None - None - None - None - None - None
3695 (4062695 Gflops/s) - 3665 (4029710 Gflops/s) - 3631 (3992326 Gflops/s) - 3661 (4025312 Gflops/s) - 3628 (3989028 Gflops/s) - 3692 (4059396 Gflops/s) - 3578 (3934052 Gflops/s) - 3589 (3946147 Gflops/s) | Temperatures: 60°C - 61°C - 73°C - 69°C - 63°C - 60°C - 72°C - 74°C | Throttling: None - None - None - None - None - None - None - None
3697 (4064894 Gflops/s) - 3659 (4023113 Gflops/s) - 3632 (3993426 Gflops/s) - 3658 (4022013 Gflops/s) - 3628 (3989028 Gflops/s) - 3689 (4056098 Gflops/s) - 3576 (3931853 Gflops/s) - 3593 (3950545 Gflops/s) | Temperatures: 60°C - 62°C - 73°C - 69°C - 63°C - 60°C - 72°C - 74°C | Throttling: None - None - None - None - None - None - None - None
3702 (4070392 Gflops/s) - 3665 (4029710 Gflops/s) - 3631 (3992326 Gflops/s) - 3659 (4023113 Gflops/s) - 3628 (3989028 Gflops/s) - 3688 (4054998 Gflops/s) - 3581 (3937351 Gflops/s) - 3591 (3948346 Gflops/s) | Temperatures: 60°C - 61°C - 73°C - 69°C - 63°C - 60°C - 72°C - 74°C | Throttling: None - None - None - None - None - None - None - None
3692 (4059396 Gflops/s) - 3655 (4018714 Gflops/s) - 3628 (3989028 Gflops/s) - 3656 (4019814 Gflops/s) - 3626 (3986829 Gflops/s) - 3675 (4040705 Gflops/s) - 3578 (3934052 Gflops/s) - 3587 (3943948 Gflops/s) | Temperatures: 60°C - 61°C - 73°C - 69°C - 63°C - 60°C - 72°C - 74°C | Throttling: None - None - None - None - None - None - None - None
3703 (4071491 Gflops/s) - 3661 (4025312 Gflops/s) - 3632 (3993426 Gflops/s) - 3662 (4026411 Gflops/s) - 3629 (3990127 Gflops/s) - 3688 (4054998 Gflops/s) - 3585 (3941749 Gflops/s) - 3590 (3947246 Gflops/s) | Temperatures: 60°C - 61°C - 73°C - 69°C - 63°C - 60°C - 72°C - 74°C | Throttling: None - None - None - None - None - None - None - None
3699 (4067093 Gflops/s) - 3668 (4033008 Gflops/s) - 3633 (3994525 Gflops/s) - 3660 (4024212 Gflops/s) - 3631 (3992326 Gflops/s) - 3680 (4046202 Gflops/s) - 3576 (3931853 Gflops/s) - 3592 (3949445 Gflops/s) | Temperatures: 60°C - 61°C - 73°C - 69°C - 63°C - 60°C - 72°C - 74°C | Throttling: None - None - None - None - None - None - None - None
3697 (4064894 Gflops/s) - 3654 (4017615 Gflops/s) - 3629 (3990127 Gflops/s) - 3655 (4018714 Gflops/s) - 3625 (3985729 Gflops/s) - 3680 (4046202 Gflops/s) - 3572 (3927455 Gflops/s) - 3587 (3943948 Gflops/s) | Temperatures: 60°C - 61°C - 73°C - 69°C - 63°C - 60°C - 72°C - 74°C | Throttling: None - None - None - None - None - None - None - None
3706 (4074790 Gflops/s) - 3659 (4023113 Gflops/s) - 3631 (3992326 Gflops/s) - 3659 (4023113 Gflops/s) - 3629 (3990127 Gflops/s) - 3686 (4052799 Gflops/s) - 3586 (3942848 Gflops/s) - 3592 (3949445 Gflops/s) | Temperatures: 60°C - 61°C - 73°C - 69°C - 63°C - 60°C - 72°C - 74°C | Throttling: None - None - None - None - None - None - None - None
3700 (4068193 Gflops/s) - 3669 (4034108 Gflops/s) - 3632 (3993426 Gflops/s) - 3662 (4026411 Gflops/s) - 3628 (3989028 Gflops/s) - 3691 (4058297 Gflops/s) - 3580 (3936251 Gflops/s) - 3590 (3947246 Gflops/s) | Temperatures: 60°C - 62°C - 73°C - 69°C - 63°C - 60°C - 72°C - 74°C | Throttling: None - None - None - None - None - None - None - None
3705 (4073690 Gflops/s) - 3660 (4024212 Gflops/s) - 3631 (3992326 Gflops/s) - 3656 (4019814 Gflops/s) - 3627 (3987928 Gflops/s) - 3694 (4061595 Gflops/s) - 3575 (3930754 Gflops/s) - 3587 (3943948 Gflops/s) | Temperatures: 60°C - 61°C - 73°C - 69°C - 63°C - 60°C - 72°C - 74°C | Throttling: None - None - None - None - None - None - None - None
3696 (4063794 Gflops/s) - 3665 (4029710 Gflops/s) - 3632 (3993426 Gflops/s) - 3661 (4025312 Gflops/s) - 3628 (3989028 Gflops/s) - 3692 (4059396 Gflops/s) - 3578 (3934052 Gflops/s) - 3591 (3948346 Gflops/s) | Temperatures: 60°C - 61°C - 73°C - 69°C - 63°C - 60°C - 72°C - 74°C | Throttling: None - None - None - None - None - None - None - None
3698 (4065993 Gflops/s) - 3658 (4022013 Gflops/s) - 3634 (3995625 Gflops/s) - 3662 (4026411 Gflops/s) - 3632 (3993426 Gflops/s) - 3693 (4060496 Gflops/s) - 3580 (3936251 Gflops/s) - 3592 (3949445 Gflops/s) | Temperatures: 60°C - 61°C - 73°C - 69°C - 63°C - 60°C - 72°C - 74°C | Throttling: None - None - None - None - None - None - None - None
3694 (4061595 Gflops/s) - 3667 (4031909 Gflops/s) - 3629 (3990127 Gflops/s) - 3655 (4018714 Gflops/s) - 3626 (3986829 Gflops/s) - 3682 (4048401 Gflops/s) - 3573 (3928555 Gflops/s) - 3587 (3943948 Gflops/s) | Temperatures: 60°C - 61°C - 73°C - 69°C - 63°C - 60°C - 72°C - 74°C | Throttling: None - None - None - None - None - None - None - None
3703 (4071491 Gflops/s) - 3664 (4028610 Gflops/s) - 3632 (3993426 Gflops/s) - 3662 (4026411 Gflops/s) - 3628 (3989028 Gflops/s) - 3689 (4056098 Gflops/s) - 3580 (3936251 Gflops/s) - 3593 (3950545 Gflops/s) | Temperatures: 60°C - 62°C - 73°C - 69°C - 63°C - 60°C - 72°C - 74°C | Throttling: None - None - None - None - None - None - None - None
3697 (4064894 Gflops/s) - 3655 (4018714 Gflops/s) - 3630 (3991227 Gflops/s) - 3654 (4017615 Gflops/s) - 3625 (3985729 Gflops/s) - 3687 (4053899 Gflops/s) - 3583 (3939550 Gflops/s) - 3589 (3946147 Gflops/s) | Temperatures: 60°C - 61°C - 73°C - 69°C - 63°C - 60°C - 72°C - 74°C | Throttling: None - None - None - None - None - None - None - None
3697 (4064894 Gflops/s) - 3665 (4029710 Gflops/s) - 3633 (3994525 Gflops/s) - 3659 (4023113 Gflops/s) - 3628 (3989028 Gflops/s) - 3684 (4050600 Gflops/s) - 3577 (3932953 Gflops/s) - 3591 (3948346 Gflops/s) | Temperatures: 60°C - 61°C - 73°C - 69°C - 63°C - 60°C - 72°C - 74°C | Throttling: None - None - None - None - None - None - None - None
3695 (4062695 Gflops/s) - 3658 (4022013 Gflops/s) - 3630 (3991227 Gflops/s) - 3660 (4024212 Gflops/s) - 3627 (3987928 Gflops/s) - 3684 (4050600 Gflops/s) - 3574 (3929654 Gflops/s) - 3588 (3945047 Gflops/s) | Temperatures: 60°C - 61°C - 73°C - 69°C - 63°C - 60°C - 72°C - 74°C | Throttling: None - None - None - None - None - None - None - None
3702 (4070392 Gflops/s) - 3658 (4022013 Gflops/s) - 3633 (3994525 Gflops/s) - 3660 (4024212 Gflops/s) - 3628 (3989028 Gflops/s) - 3693 (4060496 Gflops/s) - 3586 (3942848 Gflops/s) - 3590 (3947246 Gflops/s) | Temperatures: 60°C - 61°C - 73°C - 69°C - 63°C - 60°C - 72°C - 74°C | Throttling: None - None - None - None - None - None - None - None
3697 (4064894 Gflops/s) - 3659 (4023113 Gflops/s) - 3633 (3994525 Gflops/s) - 3660 (4024212 Gflops/s) - 3630 (3991227 Gflops/s) - 3685 (4051700 Gflops/s) - 3584 (3940649 Gflops/s) - 3592 (3949445 Gflops/s) | Temperatures: 60°C - 61°C - 73°C - 69°C - 63°C - 60°C - 72°C - 74°C | Throttling: None - None - None - None - None - None - None - None
3694 (4061595 Gflops/s) - 3668 (4033008 Gflops/s) - 3629 (3990127 Gflops/s) - 3655 (4018714 Gflops/s) - 3625 (3985729 Gflops/s) - 3684 (4050600 Gflops/s) - 3572 (3927455 Gflops/s) - 3588 (3945047 Gflops/s) | Temperatures: 60°C - 62°C - 73°C - 69°C - 63°C - 60°C - 72°C - 74°C | Throttling: None - None - None - None - None - None - None - None
3699 (4067093 Gflops/s) - 3667 (4031909 Gflops/s) - 3632 (3993426 Gflops/s) - 3659 (4023113 Gflops/s) - 3628 (3989028 Gflops/s) - 3687 (4053899 Gflops/s) - 3576 (3931853 Gflops/s) - 3591 (3948346 Gflops/s) | Temperatures: 60°C - 61°C - 73°C - 69°C - 63°C - 60°C - 72°C - 74°C | Throttling: None - None - None - None - None - None - None - None
3704 (4072591 Gflops/s) - 3668 (4033008 Gflops/s) - 3630 (3991227 Gflops/s) - 3657 (4020914 Gflops/s) - 3626 (3986829 Gflops/s) - 3684 (4050600 Gflops/s) - 3573 (3928555 Gflops/s) - 3588 (3945047 Gflops/s) | Temperatures: 60°C - 61°C - 73°C - 69°C - 63°C - 60°C - 72°C - 74°C | Throttling: None - None - None - None - None - None - None - None
3702 (4070392 Gflops/s) - 3668 (4033008 Gflops/s) - 3635 (3996724 Gflops/s) - 3663 (4027511 Gflops/s) - 3630 (3991227 Gflops/s) - 3682 (4048401 Gflops/s) - 3580 (3936251 Gflops/s) - 3592 (3949445 Gflops/s) | Temperatures: 60°C - 62°C - 73°C - 69°C - 63°C - 60°C - 72°C - 74°C | Throttling: None - None - None - None - None - None - None - None
3701 (4069292 Gflops/s) - 3665 (4029710 Gflops/s) - 3632 (3993426 Gflops/s) - 3659 (4023113 Gflops/s) - 3627 (3987928 Gflops/s) - 3674 (4039605 Gflops/s) - 3582 (3938450 Gflops/s) - 3590 (3947246 Gflops/s) | Temperatures: 60°C - 62°C - 73°C - 69°C - 63°C - 60°C - 72°C - 74°C | Throttling: None - None - None - None - None - None - None - None
3700 (4068193 Gflops/s) - 3660 (4024212 Gflops/s) - 3630 (3991227 Gflops/s) - 3658 (4022013 Gflops/s) - 3625 (3985729 Gflops/s) - 3694 (4061595 Gflops/s) - 3574 (3929654 Gflops/s) - 3589 (3946147 Gflops/s) | Temperatures: 60°C - 61°C - 73°C - 69°C - 63°C - 60°C - 72°C - 74°C | Throttling: None - None - None - None - None - None - None - None
3692 (4059396 Gflops/s) - 3662 (4026411 Gflops/s) - 3632 (3993426 Gflops/s) - 3658 (4022013 Gflops/s) - 3630 (3991227 Gflops/s) - 3684 (4050600 Gflops/s) - 3581 (3937351 Gflops/s) - 3593 (3950545 Gflops/s) | Temperatures: 60°C - 61°C - 73°C - 69°C - 63°C - 60°C - 72°C - 74°C | Throttling: None - None - None - None - None - None - None - None
3695 (4062695 Gflops/s) - 3660 (4024212 Gflops/s) - 3629 (3990127 Gflops/s) - 3655 (4018714 Gflops/s) - 3623 (3983530 Gflops/s) - 3669 (4034108 Gflops/s) - 3587 (3943948 Gflops/s) - 3588 (3945047 Gflops/s) | Temperatures: 60°C - 61°C - 73°C - 69°C - 63°C - 60°C - 72°C - 74°C | Throttling: None - None - None - None - None - None - None - None
3703 (4071491 Gflops/s) - 3660 (4024212 Gflops/s) - 3634 (3995625 Gflops/s) - 3660 (4024212 Gflops/s) - 3631 (3992326 Gflops/s) - 3689 (4056098 Gflops/s) - 3580 (3936251 Gflops/s) - 3591 (3948346 Gflops/s) | Temperatures: 60°C - 62°C - 73°C - 69°C - 63°C - 60°C - 72°C - 74°C | Throttling: None - None - None - None - None - None - None - None
3700 (4068193 Gflops/s) - 3664 (4028610 Gflops/s) - 3632 (3993426 Gflops/s) - 3660 (4024212 Gflops/s) - 3630 (3991227 Gflops/s) - 3686 (4052799 Gflops/s) - 3589 (3946147 Gflops/s) - 3591 (3948346 Gflops/s) | Temperatures: 60°C - 61°C - 73°C - 69°C - 63°C - 60°C - 72°C - 74°C | Throttling: None - None - None - None - None - None - None - None
3697 (4064894 Gflops/s) - 3663 (4027511 Gflops/s) - 3632 (3993426 Gflops/s) - 3656 (4019814 Gflops/s) - 3629 (3990127 Gflops/s) - 3685 (4051700 Gflops/s) - 3576 (3931853 Gflops/s) - 3592 (3949445 Gflops/s) | Temperatures: 60°C - 61°C - 73°C - 69°C - 63°C - 60°C - 72°C - 74°C | Throttling: None - None - None - None - None - None - None - None
3693 (4060496 Gflops/s) - 3671 (4036307 Gflops/s) - 3628 (3989028 Gflops/s) - 3655 (4018714 Gflops/s) - 3624 (3984630 Gflops/s) - 3686 (4052799 Gflops/s) - 3582 (3938450 Gflops/s) - 3590 (3947246 Gflops/s) | Temperatures: 60°C - 61°C - 73°C - 69°C - 63°C - 60°C - 72°C - 74°C | Throttling: None - None - None - None - None - None - None - None
3701 (4069292 Gflops/s) - 3661 (4025312 Gflops/s) - 3632 (3993426 Gflops/s) - 3659 (4023113 Gflops/s) - 3626 (3986829 Gflops/s) - 3682 (4048401 Gflops/s) - 3575 (3930754 Gflops/s) - 3592 (3949445 Gflops/s) | Temperatures: 60°C - 61°C - 73°C - 69°C - 63°C - 60°C - 72°C - 74°C | Throttling: None - None - None - None - None - None - None - None
3696 (4063794 Gflops/s) - 3668 (4033008 Gflops/s) - 3632 (3993426 Gflops/s) - 3659 (4023113 Gflops/s) - 3629 (3990127 Gflops/s) - 3696 (4063794 Gflops/s) - 3577 (3932953 Gflops/s) - 3593 (3950545 Gflops/s) | Temperatures: 60°C - 61°C - 73°C - 69°C - 63°C - 60°C - 72°C - 74°C | Throttling: None - None - None - None - None - None - None - None
3698 (4065993 Gflops/s) - 3660 (4024212 Gflops/s) - 3628 (3989028 Gflops/s) - 3658 (4022013 Gflops/s) - 3625 (3985729 Gflops/s) - 3673 (4038506 Gflops/s) - 3575 (3930754 Gflops/s) - 3587 (3943948 Gflops/s) | Temperatures: 60°C - 61°C - 73°C - 69°C - 63°C - 60°C - 72°C - 74°C | Throttling: None - None - None - None - None - None - None - None
3697 (4064894 Gflops/s) - 3663 (4027511 Gflops/s) - 3633 (3994525 Gflops/s) - 3662 (4026411 Gflops/s) - 3628 (3989028 Gflops/s) - 3683 (4049501 Gflops/s) - 3578 (3934052 Gflops/s) - 3592 (3949445 Gflops/s) | Temperatures: 60°C - 62°C - 73°C - 69°C - 63°C - 60°C - 72°C - 74°C | Throttling: None - None - None - None - None - None - None - None
3696 (4063794 Gflops/s) - 3665 (4029710 Gflops/s) - 3631 (3992326 Gflops/s) - 3658 (4022013 Gflops/s) - 3629 (3990127 Gflops/s) - 3693 (4060496 Gflops/s) - 3585 (3941749 Gflops/s) - 3592 (3949445 Gflops/s) | Temperatures: 60°C - 62°C - 73°C - 69°C - 63°C - 60°C - 72°C - 74°C | Throttling: None - None - None - None - None - None - None - None
3702 (4070392 Gflops/s) - 3665 (4029710 Gflops/s) - 3632 (3993426 Gflops/s) - 3658 (4022013 Gflops/s) - 3628 (3989028 Gflops/s) - 3686 (4052799 Gflops/s) - 3583 (3939550 Gflops/s) - 3593 (3950545 Gflops/s) | Temperatures: 60°C - 61°C - 73°C - 69°C - 63°C - 60°C - 72°C - 74°C | Throttling: None - None - None - None - None - None - None - None
3703 (4071491 Gflops/s) - 3660 (4024212 Gflops/s) - 3628 (3989028 Gflops/s) - 3656 (4019814 Gflops/s) - 3626 (3986829 Gflops/s) - 3683 (4049501 Gflops/s) - 3574 (3929654 Gflops/s) - 3591 (3948346 Gflops/s) | Temperatures: 60°C - 61°C - 73°C - 69°C - 63°C - 60°C - 72°C - 74°C | Throttling: None - None - None - None - None - None - None - None
3703 (4071491 Gflops/s) - 3653 (4016515 Gflops/s) - 3632 (3993426 Gflops/s) - 3657 (4020914 Gflops/s) - 3630 (3991227 Gflops/s) - 3689 (4056098 Gflops/s) - 3578 (3934052 Gflops/s) - 3590 (3947246 Gflops/s) | Temperatures: 60°C - 61°C - 73°C - 69°C - 63°C - 60°C - 72°C - 74°C | Throttling: None - None - None - None - None - None - None - None
3697 (4064894 Gflops/s) - 3665 (4029710 Gflops/s) - 3632 (3993426 Gflops/s) - 3659 (4023113 Gflops/s) - 3628 (3989028 Gflops/s) - 3684 (4050600 Gflops/s) - 3580 (3936251 Gflops/s) - 3592 (3949445 Gflops/s) | Temperatures: 60°C - 61°C - 73°C - 69°C - 63°C - 60°C - 72°C - 74°C | Throttling: None - None - None - None - None - None - None - None
3695 (4062695 Gflops/s) - 3664 (4028610 Gflops/s) - 3627 (3987928 Gflops/s) - 3655 (4018714 Gflops/s) - 3625 (3985729 Gflops/s) - 3687 (4053899 Gflops/s) - 3576 (3931853 Gflops/s) - 3588 (3945047 Gflops/s) | Temperatures: 60°C - 62°C - 73°C - 69°C - 63°C - 60°C - 72°C - 74°C | Throttling: None - None - None - None - None - None - None - None
3704 (4072591 Gflops/s) - 3661 (4025312 Gflops/s) - 3632 (3993426 Gflops/s) - 3659 (4023113 Gflops/s) - 3631 (3992326 Gflops/s) - 3680 (4046202 Gflops/s) - 3581 (3937351 Gflops/s) - 3591 (3948346 Gflops/s) | Temperatures: 60°C - 62°C - 73°C - 69°C - 63°C - 60°C - 72°C - 74°C | Throttling: None - None - None - None - None - None - None - None
3701 (4069292 Gflops/s) - 3665 (4029710 Gflops/s) - 3631 (3992326 Gflops/s) - 3657 (4020914 Gflops/s) - 3628 (3989028 Gflops/s) - 3686 (4052799 Gflops/s) - 3585 (3941749 Gflops/s) - 3593 (3950545 Gflops/s) | Temperatures: 60°C - 61°C - 73°C - 69°C - 63°C - 60°C - 72°C - 74°C | Throttling: None - None - None - None - None - None - None - None
3697 (4064894 Gflops/s) - 3663 (4027511 Gflops/s) - 3632 (3993426 Gflops/s) - 3657 (4020914 Gflops/s) - 3626 (3986829 Gflops/s) - 3677 (4042904 Gflops/s) - 3578 (3934052 Gflops/s) - 3592 (3949445 Gflops/s) | Temperatures: 60°C - 62°C - 73°C - 69°C - 63°C - 60°C - 72°C - 74°C | Throttling: None - None - None - None - None - None - None - None
3701 (4069292 Gflops/s) - 3657 (4020914 Gflops/s) - 3631 (3992326 Gflops/s) - 3660 (4024212 Gflops/s) - 3627 (3987928 Gflops/s) - 3692 (4059396 Gflops/s) - 3575 (3930754 Gflops/s) - 3591 (3948346 Gflops/s) | Temperatures: 60°C - 61°C - 73°C - 69°C - 63°C - 60°C - 72°C - 74°C | Throttling: None - None - None - None - None - None - None - None
3693 (4060496 Gflops/s) - 3664 (4028610 Gflops/s) - 3630 (3991227 Gflops/s) - 3655 (4018714 Gflops/s) - 3626 (3986829 Gflops/s) - 3681 (4047302 Gflops/s) - 3573 (3928555 Gflops/s) - 3589 (3946147 Gflops/s) | Temperatures: 60°C - 61°C - 73°C - 69°C - 63°C - 60°C - 72°C - 74°C | Throttling: None - None - None - None - None - None - None - None
3703 (4071491 Gflops/s) - 3667 (4031909 Gflops/s) - 3631 (3992326 Gflops/s) - 3661 (4025312 Gflops/s) - 3629 (3990127 Gflops/s) - 3683 (4049501 Gflops/s) - 3577 (3932953 Gflops/s) - 3592 (3949445 Gflops/s) | Temperatures: 60°C - 62°C - 73°C - 69°C - 63°C - 60°C - 72°C - 74°C | Throttling: None - None - None - None - None - None - None - None
3698 (4065993 Gflops/s) - 3663 (4027511 Gflops/s) - 3632 (3993426 Gflops/s) - 3664 (4028610 Gflops/s) - 3630 (3991227 Gflops/s) - 3692 (4059396 Gflops/s) - 3582 (3938450 Gflops/s) - 3593 (3950545 Gflops/s) | Temperatures: 60°C - 61°C - 73°C - 69°C - 63°C - 60°C - 72°C - 74°C | Throttling: None - None - None - None - None - None - None - None
3696 (4063794 Gflops/s) - 3660 (4024212 Gflops/s) - 3628 (3989028 Gflops/s) - 3655 (4018714 Gflops/s) - 3625 (3985729 Gflops/s) - 3680 (4046202 Gflops/s) - 3572 (3927455 Gflops/s) - 3587 (3943948 Gflops/s) | Temperatures: 60°C - 61°C - 73°C - 69°C - 63°C - 60°C - 72°C - 74°C | Throttling: None - None - None - None - None - None - None - None
3697 (4064894 Gflops/s) - 3664 (4028610 Gflops/s) - 3633 (3994525 Gflops/s) - 3660 (4024212 Gflops/s) - 3630 (3991227 Gflops/s) - 3677 (4042904 Gflops/s) - 3580 (3936251 Gflops/s) - 3592 (3949445 Gflops/s) | Temperatures: 60°C - 61°C - 73°C - 69°C - 63°C - 60°C - 72°C - 74°C | Throttling: None - None - None - None - None - None - None - None
3704 (4072591 Gflops/s) - 3666 (4030809 Gflops/s) - 3632 (3993426 Gflops/s) - 3657 (4020914 Gflops/s) - 3629 (3990127 Gflops/s) - 3683 (4049501 Gflops/s) - 3585 (3941749 Gflops/s) - 3591 (3948346 Gflops/s) | Temperatures: 60°C - 61°C - 73°C - 69°C - 63°C - 60°C - 72°C - 74°C | Throttling: None - None - None - None - None - None - None - None
3690 (4057197 Gflops/s) - 3664 (4028610 Gflops/s) - 3628 (3989028 Gflops/s) - 3655 (4018714 Gflops/s) - 3624 (3984630 Gflops/s) - 3677 (4042904 Gflops/s) - 3574 (3929654 Gflops/s) - 3587 (3943948 Gflops/s) | Temperatures: 60°C - 62°C - 73°C - 69°C - 63°C - 60°C - 72°C - 74°C | Throttling: None - None - None - None - None - None - None - None
3692 (4059396 Gflops/s) - 3660 (4024212 Gflops/s) - 3633 (3994525 Gflops/s) - 3663 (4027511 Gflops/s) - 3628 (3989028 Gflops/s) - 3686 (4052799 Gflops/s) - 3575 (3930754 Gflops/s) - 3591 (3948346 Gflops/s) | Temperatures: 60°C - 61°C - 73°C - 69°C - 63°C - 60°C - 72°C - 74°C | Throttling: None - None - None - None - None - None - None - None
3695 (4062695 Gflops/s) - 3660 (4024212 Gflops/s) - 3631 (3992326 Gflops/s) - 3656 (4019814 Gflops/s) - 3627 (3987928 Gflops/s) - 3679 (4045103 Gflops/s) - 3583 (3939550 Gflops/s) - 3593 (3950545 Gflops/s) | Temperatures: 60°C - 61°C - 73°C - 69°C - 63°C - 60°C - 72°C - 74°C | Throttling: None - None - None - None - None - None - None - None
3700 (4068193 Gflops/s) - 3663 (4027511 Gflops/s) - 3632 (3993426 Gflops/s) - 3658 (4022013 Gflops/s) - 3629 (3990127 Gflops/s) - 3681 (4047302 Gflops/s) - 3577 (3932953 Gflops/s) - 3592 (3949445 Gflops/s) | Temperatures: 60°C - 61°C - 73°C - 69°C - 63°C - 60°C - 72°C - 74°C | Throttling: None - None - None - None - None - None - None - None
3698 (4065993 Gflops/s) - 3664 (4028610 Gflops/s) - 3632 (3993426 Gflops/s) - 3661 (4025312 Gflops/s) - 3627 (3987928 Gflops/s) - 3689 (4056098 Gflops/s) - 3580 (3936251 Gflops/s) - 3593 (3950545 Gflops/s) | Temperatures: 60°C - 61°C - 73°C - 69°C - 63°C - 60°C - 72°C - 74°C | Throttling: None - None - None - None - None - None - None - None
3694 (4061595 Gflops/s) - 3660 (4024212 Gflops/s) - 3628 (3989028 Gflops/s) - 3656 (4019814 Gflops/s) - 3627 (3987928 Gflops/s) - 3689 (4056098 Gflops/s) - 3578 (3934052 Gflops/s) - 3586 (3942848 Gflops/s) | Temperatures: 60°C - 62°C - 73°C - 69°C - 63°C - 60°C - 72°C - 74°C | Throttling: None - None - None - None - None - None - None - None
3692 (4059396 Gflops/s) - 3073 (3378799 Gflops/s) - 3631 (3992326 Gflops/s) - 3660 (4024212 Gflops/s) - 3379 (3715249 Gflops/s) - 3315 (3644881 Gflops/s) - 3000 (3298534 Gflops/s) - 3592 (3949445 Gflops/s) | Temperatures: 60°C - 62°C - 73°C - 69°C - 63°C - 60°C - 72°C - 74°C | Throttling: None - None - None - None - None - None - None - None
GPU #0: 4067609 Gflops/s (min: 4052799.86, max: 4092382.28, dev: 4067609.14)
         Temperature: 59.81°C (min: 56.00, max: 60.00)
         Throttling HW: false, Thermal SW: false, Thermal HW: false
GPU #1: 4026332 Gflops/s (min: 3378799.23, max: 4056098.39, dev: 4026331.96)
         Temperature: 60.96°C (min: 57.00, max: 62.00)
         Throttling HW: false, Thermal SW: false, Thermal HW: false
GPU #2: 3995121 Gflops/s (min: 3987928.67, max: 4026411.58, dev: 3995121.00)
         Temperature: 72.29°C (min: 68.00, max: 73.00)
         Throttling HW: false, Thermal SW: false, Thermal HW: false
GPU #3: 4025361 Gflops/s (min: 4015416.46, max: 4065994.00, dev: 4025361.36)
         Temperature: 68.30°C (min: 63.00, max: 69.00)
         Throttling HW: false, Thermal SW: false, Thermal HW: false
GPU #4: 3988266 Gflops/s (min: 3715249.79, max: 4004421.35, dev: 3988266.11)
         Temperature: 62.59°C (min: 58.00, max: 63.00)
         Throttling HW: false, Thermal SW: false, Thermal HW: false
GPU #5: 4050218 Gflops/s (min: 3644881.05, max: 4064894.49, dev: 4050217.90)
         Temperature: 59.83°C (min: 55.00, max: 60.00)
         Throttling HW: false, Thermal SW: false, Thermal HW: false
GPU #6: 3940001 Gflops/s (min: 3298534.88, max: 4001122.81, dev: 3940001.34)
         Temperature: 71.64°C (min: 66.00, max: 72.00)
         Throttling HW: false, Thermal SW: false, Thermal HW: false
GPU #7: 3962454 Gflops/s (min: 3942848.70, max: 4008819.39, dev: 3962454.13)
         Temperature: 73.74°C (min: 69.00, max: 74.00)
         Throttling HW: false, Thermal SW: false, Thermal HW: false
All GPUs seem healthy
Freeing GPUs...
