Node = node5601-c1
GPU 0: NVIDIA B200 (UUID: GPU-c661a9b0-94d4-d6cd-96e0-dcec1b149dbe)
GPU 1: NVIDIA B200 (UUID: GPU-5d018a5d-7b84-e590-62d9-f4068224cb13)
GPU 2: NVIDIA B200 (UUID: GPU-130c5ab5-bd43-8768-3511-23f262557604)
GPU 3: NVIDIA B200 (UUID: GPU-f6cf4300-3eea-153b-022e-1aba06e1ae78)
GPU 4: NVIDIA B200 (UUID: GPU-8dbaf0ea-36cc-7913-bdd9-16b21daa2cd1)
GPU 5: NVIDIA B200 (UUID: GPU-e56b11e6-0bf9-43c7-014b-130eee244e7a)
GPU 6: NVIDIA B200 (UUID: GPU-49efbf3a-3fc3-196f-d54e-b1f14f66532d)
GPU 7: NVIDIA B200 (UUID: GPU-7cb93fd0-6280-8bea-613f-7c0f2ad6126f)
======== Run with fp32 ==========
Detected GPU #0: "NVIDIA B200" (c661a9b0-94d4-d6cd-96e0-dcec1b149dbe)
Detected GPU #1: "NVIDIA B200" (5d018a5d-7b84-e590-62d9-f4068224cb13)
Detected GPU #2: "NVIDIA B200" (130c5ab5-bd43-8768-3511-23f262557604)
Detected GPU #3: "NVIDIA B200" (f6cf4300-3eea-153b-022e-1aba06e1ae78)
Detected GPU #4: "NVIDIA B200" (8dbaf0ea-36cc-7913-bdd9-16b21daa2cd1)
Detected GPU #5: "NVIDIA B200" (e56b11e6-0bf9-43c7-014b-130eee244e7a)
Detected GPU #6: "NVIDIA B200" (49efbf3a-3fc3-196f-d54e-b1f14f66532d)
Detected GPU #7: "NVIDIA B200" (7cb93fd0-6280-8bea-613f-7c0f2ad6126f)
Using precision(s): FP32  
Creating random matrices
Matrices created
GPU #0: Using 163805 MB
GPU #1: Using 163805 MB
GPU #2: Using 163805 MB
GPU #3: Using 163805 MB
GPU #4: Using 163805 MB
GPU #5: Using 163805 MB
GPU #6: Using 163805 MB
GPU #7: Using 163805 MB
916 (1007152 Gflops/s) - 921 (1012650 Gflops/s) - 920 (1011550 Gflops/s) - 800 (879609 Gflops/s) - 805 (885106 Gflops/s) - 773 (849922 Gflops/s) - 782 (859818 Gflops/s) - 767 (843325 Gflops/s) | Temperatures: 44°C - 46°C - 50°C - 47°C - 45°C - 43°C - 47°C - 50°C | Throttling: None - None - None - None - None - None - None - None
681 (748767 Gflops/s) - 697 (766359 Gflops/s) - 699 (768558 Gflops/s) - 699 (768558 Gflops/s) - 696 (765260 Gflops/s) - 698 (767459 Gflops/s) - 696 (765260 Gflops/s) - 693 (761961 Gflops/s) | Temperatures: 48°C - 50°C - 54°C - 53°C - 50°C - 49°C - 53°C - 55°C | Throttling: None - None - None - None - None - None - None - None
689 (757563 Gflops/s) - 696 (765260 Gflops/s) - 698 (767459 Gflops/s) - 693 (761961 Gflops/s) - 689 (757563 Gflops/s) - 689 (757563 Gflops/s) - 687 (755364 Gflops/s) - 689 (757563 Gflops/s) | Temperatures: 49°C - 51°C - 55°C - 54°C - 52°C - 50°C - 54°C - 56°C | Throttling: None - None - None - None - None - None - None - None
669 (735573 Gflops/s) - 694 (763061 Gflops/s) - 699 (768558 Gflops/s) - 694 (763061 Gflops/s) - 690 (758663 Gflops/s) - 689 (757563 Gflops/s) - 688 (756463 Gflops/s) - 687 (755364 Gflops/s) | Temperatures: 50°C - 52°C - 56°C - 55°C - 53°C - 51°C - 55°C - 57°C | Throttling: None - None - None - None - None - None - None - None
677 (744369 Gflops/s) - 694 (763061 Gflops/s) - 698 (767459 Gflops/s) - 694 (763061 Gflops/s) - 688 (756463 Gflops/s) - 687 (755364 Gflops/s) - 686 (754264 Gflops/s) - 687 (755364 Gflops/s) | Temperatures: 51°C - 53°C - 56°C - 55°C - 53°C - 52°C - 55°C - 58°C | Throttling: None - None - None - None - None - None - None - None
679 (746568 Gflops/s) - 693 (761961 Gflops/s) - 699 (768558 Gflops/s) - 695 (764160 Gflops/s) - 688 (756463 Gflops/s) - 688 (756463 Gflops/s) - 688 (756463 Gflops/s) - 687 (755364 Gflops/s) | Temperatures: 51°C - 53°C - 57°C - 56°C - 54°C - 52°C - 56°C - 58°C | Throttling: None - None - None - None - None - None - None - None
678 (745468 Gflops/s) - 694 (763061 Gflops/s) - 697 (766359 Gflops/s) - 696 (765260 Gflops/s) - 688 (756463 Gflops/s) - 688 (756463 Gflops/s) - 687 (755364 Gflops/s) - 687 (755364 Gflops/s) | Temperatures: 52°C - 54°C - 57°C - 56°C - 54°C - 53°C - 57°C - 59°C | Throttling: None - None - None - None - None - None - None - None
677 (744369 Gflops/s) - 693 (761961 Gflops/s) - 697 (766359 Gflops/s) - 695 (764160 Gflops/s) - 689 (757563 Gflops/s) - 688 (756463 Gflops/s) - 686 (754264 Gflops/s) - 686 (754264 Gflops/s) | Temperatures: 52°C - 54°C - 58°C - 57°C - 55°C - 53°C - 57°C - 59°C | Throttling: None - None - None - None - None - None - None - None
677 (744369 Gflops/s) - 693 (761961 Gflops/s) - 695 (764160 Gflops/s) - 694 (763061 Gflops/s) - 689 (757563 Gflops/s) - 687 (755364 Gflops/s) - 685 (753165 Gflops/s) - 685 (753165 Gflops/s) | Temperatures: 53°C - 54°C - 58°C - 58°C - 55°C - 54°C - 57°C - 60°C | Throttling: None - None - None - None - None - None - None - None
679 (746568 Gflops/s) - 692 (760862 Gflops/s) - 696 (765260 Gflops/s) - 694 (763061 Gflops/s) - 691 (759762 Gflops/s) - 688 (756463 Gflops/s) - 686 (754264 Gflops/s) - 684 (752065 Gflops/s) | Temperatures: 53°C - 55°C - 59°C - 58°C - 55°C - 54°C - 58°C - 60°C | Throttling: None - None - None - None - None - None - None - None
678 (745468 Gflops/s) - 690 (758663 Gflops/s) - 694 (763061 Gflops/s) - 693 (761961 Gflops/s) - 690 (758663 Gflops/s) - 687 (755364 Gflops/s) - 684 (752065 Gflops/s) - 685 (753165 Gflops/s) | Temperatures: 53°C - 55°C - 59°C - 59°C - 56°C - 55°C - 58°C - 61°C | Throttling: None - None - None - None - None - None - None - None
682 (749866 Gflops/s) - 692 (760862 Gflops/s) - 694 (763061 Gflops/s) - 691 (759762 Gflops/s) - 690 (758663 Gflops/s) - 688 (756463 Gflops/s) - 684 (752065 Gflops/s) - 684 (752065 Gflops/s) | Temperatures: 54°C - 56°C - 60°C - 59°C - 56°C - 55°C - 59°C - 61°C | Throttling: None - None - None - None - None - None - None - None
676 (743269 Gflops/s) - 693 (761961 Gflops/s) - 693 (761961 Gflops/s) - 706 (776255 Gflops/s) - 689 (757563 Gflops/s) - 689 (757563 Gflops/s) - 683 (750966 Gflops/s) - 683 (750966 Gflops/s) | Temperatures: 54°C - 56°C - 60°C - 59°C - 57°C - 55°C - 59°C - 62°C | Throttling: None - None - None - None - None - None - None - None
681 (748767 Gflops/s) - 696 (765260 Gflops/s) - 693 (761961 Gflops/s) - 677 (744369 Gflops/s) - 691 (759762 Gflops/s) - 689 (757563 Gflops/s) - 683 (750966 Gflops/s) - 684 (752065 Gflops/s) | Temperatures: 54°C - 56°C - 60°C - 60°C - 57°C - 56°C - 60°C - 62°C | Throttling: None - None - None - None - None - None - None - None
677 (744369 Gflops/s) - 695 (764160 Gflops/s) - 696 (765260 Gflops/s) - 689 (757563 Gflops/s) - 690 (758663 Gflops/s) - 688 (756463 Gflops/s) - 684 (752065 Gflops/s) - 683 (750966 Gflops/s) | Temperatures: 55°C - 57°C - 61°C - 60°C - 57°C - 56°C - 60°C - 62°C | Throttling: None - None - None - None - None - None - None - None
680 (747667 Gflops/s) - 695 (764160 Gflops/s) - 688 (756463 Gflops/s) - 691 (759762 Gflops/s) - 690 (758663 Gflops/s) - 689 (757563 Gflops/s) - 684 (752065 Gflops/s) - 683 (750966 Gflops/s) | Temperatures: 55°C - 57°C - 61°C - 61°C - 57°C - 56°C - 60°C - 63°C | Throttling: None - None - None - None - None - None - None - None
679 (746568 Gflops/s) - 694 (763061 Gflops/s) - 689 (757563 Gflops/s) - 688 (756463 Gflops/s) - 689 (757563 Gflops/s) - 688 (756463 Gflops/s) - 683 (750966 Gflops/s) - 683 (750966 Gflops/s) | Temperatures: 55°C - 57°C - 61°C - 61°C - 58°C - 56°C - 61°C - 63°C | Throttling: None - None - None - None - None - None - None - None
677 (744369 Gflops/s) - 694 (763061 Gflops/s) - 690 (758663 Gflops/s) - 689 (757563 Gflops/s) - 690 (758663 Gflops/s) - 688 (756463 Gflops/s) - 684 (752065 Gflops/s) - 682 (749866 Gflops/s) | Temperatures: 55°C - 57°C - 62°C - 61°C - 58°C - 57°C - 61°C - 64°C | Throttling: None - None - None - None - None - None - None - None
680 (747667 Gflops/s) - 694 (763061 Gflops/s) - 689 (757563 Gflops/s) - 689 (757563 Gflops/s) - 689 (757563 Gflops/s) - 688 (756463 Gflops/s) - 684 (752065 Gflops/s) - 682 (749866 Gflops/s) | Temperatures: 56°C - 58°C - 62°C - 62°C - 58°C - 57°C - 62°C - 64°C | Throttling: None - None - None - None - None - None - None - None
680 (747667 Gflops/s) - 695 (764160 Gflops/s) - 689 (757563 Gflops/s) - 688 (756463 Gflops/s) - 689 (757563 Gflops/s) - 688 (756463 Gflops/s) - 683 (750966 Gflops/s) - 682 (749866 Gflops/s) | Temperatures: 56°C - 58°C - 63°C - 62°C - 59°C - 57°C - 62°C - 64°C | Throttling: None - None - None - None - None - None - None - None
679 (746568 Gflops/s) - 693 (761961 Gflops/s) - 688 (756463 Gflops/s) - 686 (754264 Gflops/s) - 687 (755364 Gflops/s) - 687 (755364 Gflops/s) - 683 (750966 Gflops/s) - 695 (764160 Gflops/s) | Temperatures: 56°C - 58°C - 63°C - 62°C - 59°C - 57°C - 62°C - 65°C | Throttling: None - None - None - None - None - None - None - None
679 (746568 Gflops/s) - 693 (761961 Gflops/s) - 687 (755364 Gflops/s) - 686 (754264 Gflops/s) - 688 (756463 Gflops/s) - 696 (765260 Gflops/s) - 684 (752065 Gflops/s) - 671 (737772 Gflops/s) | Temperatures: 57°C - 58°C - 63°C - 63°C - 59°C - 58°C - 63°C - 65°C | Throttling: None - None - None - None - None - None - None - None
681 (748767 Gflops/s) - 694 (763061 Gflops/s) - 687 (755364 Gflops/s) - 687 (755364 Gflops/s) - 687 (755364 Gflops/s) - 679 (746568 Gflops/s) - 683 (750966 Gflops/s) - 684 (752065 Gflops/s) | Temperatures: 57°C - 59°C - 63°C - 63°C - 59°C - 58°C - 63°C - 65°C | Throttling: None - None - None - None - None - None - None - None
678 (745468 Gflops/s) - 693 (761961 Gflops/s) - 687 (755364 Gflops/s) - 686 (754264 Gflops/s) - 686 (754264 Gflops/s) - 687 (755364 Gflops/s) - 683 (750966 Gflops/s) - 683 (750966 Gflops/s) | Temperatures: 57°C - 59°C - 64°C - 63°C - 59°C - 58°C - 63°C - 66°C | Throttling: None - None - None - None - None - None - None - None
679 (746568 Gflops/s) - 693 (761961 Gflops/s) - 689 (757563 Gflops/s) - 687 (755364 Gflops/s) - 687 (755364 Gflops/s) - 687 (755364 Gflops/s) - 682 (749866 Gflops/s) - 683 (750966 Gflops/s) | Temperatures: 57°C - 59°C - 64°C - 64°C - 60°C - 58°C - 64°C - 66°C | Throttling: None - None - None - None - None - None - None - None
680 (747667 Gflops/s) - 692 (760862 Gflops/s) - 689 (757563 Gflops/s) - 686 (754264 Gflops/s) - 686 (754264 Gflops/s) - 687 (755364 Gflops/s) - 682 (749866 Gflops/s) - 683 (750966 Gflops/s) | Temperatures: 57°C - 59°C - 65°C - 64°C - 60°C - 58°C - 64°C - 66°C | Throttling: None - None - None - None - None - None - None - None
680 (747667 Gflops/s) - 693 (761961 Gflops/s) - 689 (757563 Gflops/s) - 685 (753165 Gflops/s) - 686 (754264 Gflops/s) - 687 (755364 Gflops/s) - 682 (749866 Gflops/s) - 683 (750966 Gflops/s) | Temperatures: 58°C - 59°C - 65°C - 64°C - 60°C - 59°C - 64°C - 66°C | Throttling: None - None - None - None - None - None - None - None
679 (746568 Gflops/s) - 692 (760862 Gflops/s) - 687 (755364 Gflops/s) - 684 (752065 Gflops/s) - 684 (752065 Gflops/s) - 686 (754264 Gflops/s) - 683 (750966 Gflops/s) - 681 (748767 Gflops/s) | Temperatures: 58°C - 59°C - 65°C - 64°C - 60°C - 59°C - 64°C - 67°C | Throttling: None - None - None - None - None - None - None - None
680 (747667 Gflops/s) - 692 (760862 Gflops/s) - 688 (756463 Gflops/s) - 685 (753165 Gflops/s) - 685 (753165 Gflops/s) - 687 (755364 Gflops/s) - 683 (750966 Gflops/s) - 683 (750966 Gflops/s) | Temperatures: 58°C - 60°C - 65°C - 65°C - 60°C - 59°C - 65°C - 67°C | Throttling: None - None - None - None - None - None - None - None
679 (746568 Gflops/s) - 691 (759762 Gflops/s) - 688 (756463 Gflops/s) - 686 (754264 Gflops/s) - 686 (754264 Gflops/s) - 687 (755364 Gflops/s) - 684 (752065 Gflops/s) - 681 (748767 Gflops/s) | Temperatures: 58°C - 60°C - 66°C - 65°C - 60°C - 59°C - 65°C - 67°C | Throttling: None - None - None - None - None - None - None - None
680 (747667 Gflops/s) - 692 (760862 Gflops/s) - 688 (756463 Gflops/s) - 685 (753165 Gflops/s) - 685 (753165 Gflops/s) - 687 (755364 Gflops/s) - 700 (769658 Gflops/s) - 682 (749866 Gflops/s) | Temperatures: 58°C - 60°C - 66°C - 65°C - 61°C - 59°C - 65°C - 67°C | Throttling: None - None - None - None - None - None - None - None
678 (745468 Gflops/s) - 690 (758663 Gflops/s) - 688 (756463 Gflops/s) - 685 (753165 Gflops/s) - 683 (750966 Gflops/s) - 685 (753165 Gflops/s) - 666 (732274 Gflops/s) - 680 (747667 Gflops/s) | Temperatures: 58°C - 60°C - 66°C - 66°C - 61°C - 59°C - 66°C - 68°C | Throttling: None - None - None - None - None - None - None - None
679 (746568 Gflops/s) - 691 (759762 Gflops/s) - 688 (756463 Gflops/s) - 684 (752065 Gflops/s) - 685 (753165 Gflops/s) - 687 (755364 Gflops/s) - 682 (749866 Gflops/s) - 681 (748767 Gflops/s) | Temperatures: 58°C - 60°C - 66°C - 66°C - 61°C - 59°C - 66°C - 68°C | Throttling: None - None - None - None - None - None - None - None
679 (746568 Gflops/s) - 691 (759762 Gflops/s) - 687 (755364 Gflops/s) - 685 (753165 Gflops/s) - 684 (752065 Gflops/s) - 686 (754264 Gflops/s) - 680 (747667 Gflops/s) - 681 (748767 Gflops/s) | Temperatures: 59°C - 60°C - 67°C - 66°C - 61°C - 60°C - 66°C - 68°C | Throttling: None - None - None - None - None - None - None - None
679 (746568 Gflops/s) - 690 (758663 Gflops/s) - 688 (756463 Gflops/s) - 684 (752065 Gflops/s) - 684 (752065 Gflops/s) - 686 (754264 Gflops/s) - 676 (743269 Gflops/s) - 681 (748767 Gflops/s) | Temperatures: 59°C - 60°C - 67°C - 66°C - 61°C - 60°C - 66°C - 69°C | Throttling: None - None - None - None - None - None - None - None
678 (745468 Gflops/s) - 689 (757563 Gflops/s) - 686 (754264 Gflops/s) - 684 (752065 Gflops/s) - 682 (749866 Gflops/s) - 685 (753165 Gflops/s) - 675 (742170 Gflops/s) - 681 (748767 Gflops/s) | Temperatures: 59°C - 61°C - 67°C - 66°C - 61°C - 60°C - 66°C - 69°C | Throttling: None - None - None - None - None - None - None - None
678 (745468 Gflops/s) - 689 (757563 Gflops/s) - 688 (756463 Gflops/s) - 684 (752065 Gflops/s) - 682 (749866 Gflops/s) - 686 (754264 Gflops/s) - 676 (743269 Gflops/s) - 681 (748767 Gflops/s) | Temperatures: 59°C - 61°C - 67°C - 67°C - 61°C - 60°C - 67°C - 69°C | Throttling: None - None - None - None - None - None - None - None
679 (746568 Gflops/s) - 689 (757563 Gflops/s) - 687 (755364 Gflops/s) - 684 (752065 Gflops/s) - 684 (752065 Gflops/s) - 686 (754264 Gflops/s) - 675 (742170 Gflops/s) - 680 (747667 Gflops/s) | Temperatures: 59°C - 61°C - 68°C - 67°C - 62°C - 60°C - 67°C - 69°C | Throttling: None - None - None - None - None - None - None - None
678 (745468 Gflops/s) - 688 (756463 Gflops/s) - 686 (754264 Gflops/s) - 683 (750966 Gflops/s) - 683 (750966 Gflops/s) - 685 (753165 Gflops/s) - 676 (743269 Gflops/s) - 680 (747667 Gflops/s) | Temperatures: 59°C - 61°C - 68°C - 67°C - 61°C - 60°C - 67°C - 69°C | Throttling: None - None - None - None - None - None - None - None
677 (744369 Gflops/s) - 689 (757563 Gflops/s) - 688 (756463 Gflops/s) - 683 (750966 Gflops/s) - 682 (749866 Gflops/s) - 686 (754264 Gflops/s) - 690 (758663 Gflops/s) - 695 (764160 Gflops/s) | Temperatures: 59°C - 61°C - 68°C - 67°C - 62°C - 60°C - 67°C - 70°C | Throttling: None - None - None - None - None - None - None - None
679 (746568 Gflops/s) - 690 (758663 Gflops/s) - 686 (754264 Gflops/s) - 683 (750966 Gflops/s) - 683 (750966 Gflops/s) - 686 (754264 Gflops/s) - 659 (724578 Gflops/s) - 663 (728976 Gflops/s) | Temperatures: 59°C - 61°C - 68°C - 68°C - 62°C - 60°C - 68°C - 70°C | Throttling: None - None - None - None - None - None - None - None
677 (744369 Gflops/s) - 688 (756463 Gflops/s) - 686 (754264 Gflops/s) - 682 (749866 Gflops/s) - 683 (750966 Gflops/s) - 685 (753165 Gflops/s) - 674 (741070 Gflops/s) - 680 (747667 Gflops/s) | Temperatures: 60°C - 61°C - 69°C - 68°C - 62°C - 60°C - 68°C - 70°C | Throttling: None - None - None - None - None - None - None - None
677 (744369 Gflops/s) - 689 (757563 Gflops/s) - 686 (754264 Gflops/s) - 699 (768558 Gflops/s) - 682 (749866 Gflops/s) - 685 (753165 Gflops/s) - 674 (741070 Gflops/s) - 677 (744369 Gflops/s) | Temperatures: 60°C - 61°C - 69°C - 68°C - 62°C - 61°C - 68°C - 70°C | Throttling: None - None - None - None - None - None - None - None
678 (745468 Gflops/s) - 689 (757563 Gflops/s) - 685 (753165 Gflops/s) - 665 (731175 Gflops/s) - 682 (749866 Gflops/s) - 685 (753165 Gflops/s) - 674 (741070 Gflops/s) - 678 (745468 Gflops/s) | Temperatures: 60°C - 61°C - 69°C - 68°C - 62°C - 61°C - 68°C - 70°C | Throttling: None - None - None - None - None - None - None - None
677 (744369 Gflops/s) - 688 (756463 Gflops/s) - 687 (755364 Gflops/s) - 681 (748767 Gflops/s) - 682 (749866 Gflops/s) - 686 (754264 Gflops/s) - 673 (739971 Gflops/s) - 678 (745468 Gflops/s) | Temperatures: 60°C - 62°C - 69°C - 69°C - 62°C - 61°C - 68°C - 71°C | Throttling: None - None - None - None - None - None - None - None
678 (745468 Gflops/s) - 689 (757563 Gflops/s) - 686 (754264 Gflops/s) - 682 (749866 Gflops/s) - 682 (749866 Gflops/s) - 685 (753165 Gflops/s) - 672 (738871 Gflops/s) - 678 (745468 Gflops/s) | Temperatures: 60°C - 62°C - 69°C - 69°C - 62°C - 61°C - 68°C - 71°C | Throttling: None - None - None - None - None - None - None - None
677 (744369 Gflops/s) - 704 (774056 Gflops/s) - 685 (753165 Gflops/s) - 681 (748767 Gflops/s) - 681 (748767 Gflops/s) - 685 (753165 Gflops/s) - 672 (738871 Gflops/s) - 677 (744369 Gflops/s) | Temperatures: 60°C - 62°C - 70°C - 69°C - 62°C - 61°C - 69°C - 71°C | Throttling: None - None - None - None - None - None - None - None
677 (744369 Gflops/s) - 672 (738871 Gflops/s) - 685 (753165 Gflops/s) - 681 (748767 Gflops/s) - 681 (748767 Gflops/s) - 684 (752065 Gflops/s) - 672 (738871 Gflops/s) - 677 (744369 Gflops/s) | Temperatures: 60°C - 62°C - 70°C - 69°C - 62°C - 61°C - 69°C - 71°C | Throttling: None - None - None - None - None - None - None - None
677 (744369 Gflops/s) - 688 (756463 Gflops/s) - 685 (753165 Gflops/s) - 680 (747667 Gflops/s) - 682 (749866 Gflops/s) - 685 (753165 Gflops/s) - 673 (739971 Gflops/s) - 688 (756463 Gflops/s) | Temperatures: 60°C - 62°C - 70°C - 69°C - 63°C - 61°C - 69°C - 71°C | Throttling: None - None - None - None - None - None - None - None
678 (745468 Gflops/s) - 688 (756463 Gflops/s) - 683 (750966 Gflops/s) - 682 (749866 Gflops/s) - 681 (748767 Gflops/s) - 686 (754264 Gflops/s) - 672 (738871 Gflops/s) - 665 (731175 Gflops/s) | Temperatures: 60°C - 62°C - 70°C - 69°C - 62°C - 61°C - 69°C - 72°C | Throttling: None - None - None - None - None - None - None - None
676 (743269 Gflops/s) - 687 (755364 Gflops/s) - 685 (753165 Gflops/s) - 680 (747667 Gflops/s) - 681 (748767 Gflops/s) - 684 (752065 Gflops/s) - 671 (737772 Gflops/s) - 676 (743269 Gflops/s) | Temperatures: 60°C - 62°C - 70°C - 70°C - 63°C - 61°C - 69°C - 72°C | Throttling: None - None - None - None - None - None - None - None
677 (744369 Gflops/s) - 687 (755364 Gflops/s) - 684 (752065 Gflops/s) - 680 (747667 Gflops/s) - 681 (748767 Gflops/s) - 692 (760862 Gflops/s) - 671 (737772 Gflops/s) - 676 (743269 Gflops/s) | Temperatures: 60°C - 62°C - 70°C - 70°C - 63°C - 61°C - 70°C - 72°C | Throttling: None - None - None - None - None - None - None - None
676 (743269 Gflops/s) - 688 (756463 Gflops/s) - 683 (750966 Gflops/s) - 680 (747667 Gflops/s) - 681 (748767 Gflops/s) - 678 (745468 Gflops/s) - 672 (738871 Gflops/s) - 676 (743269 Gflops/s) | Temperatures: 60°C - 62°C - 70°C - 70°C - 63°C - 61°C - 70°C - 72°C | Throttling: None - None - None - None - None - None - None - None
676 (743269 Gflops/s) - 686 (754264 Gflops/s) - 684 (752065 Gflops/s) - 680 (747667 Gflops/s) - 681 (748767 Gflops/s) - 684 (752065 Gflops/s) - 670 (736672 Gflops/s) - 675 (742170 Gflops/s) | Temperatures: 60°C - 62°C - 71°C - 70°C - 63°C - 61°C - 70°C - 72°C | Throttling: None - None - None - None - None - None - None - None
677 (744369 Gflops/s) - 686 (754264 Gflops/s) - 684 (752065 Gflops/s) - 680 (747667 Gflops/s) - 680 (747667 Gflops/s) - 685 (753165 Gflops/s) - 672 (738871 Gflops/s) - 676 (743269 Gflops/s) | Temperatures: 60°C - 62°C - 71°C - 70°C - 63°C - 61°C - 70°C - 72°C | Throttling: None - None - None - None - None - None - None - None
677 (744369 Gflops/s) - 688 (756463 Gflops/s) - 684 (752065 Gflops/s) - 681 (748767 Gflops/s) - 681 (748767 Gflops/s) - 684 (752065 Gflops/s) - 671 (737772 Gflops/s) - 676 (743269 Gflops/s) | Temperatures: 60°C - 62°C - 71°C - 70°C - 63°C - 61°C - 70°C - 72°C | Throttling: None - None - None - None - None - None - None - None
676 (743269 Gflops/s) - 688 (756463 Gflops/s) - 684 (752065 Gflops/s) - 679 (746568 Gflops/s) - 681 (748767 Gflops/s) - 685 (753165 Gflops/s) - 688 (756463 Gflops/s) - 675 (742170 Gflops/s) | Temperatures: 60°C - 62°C - 71°C - 70°C - 63°C - 61°C - 70°C - 72°C | Throttling: None - None - None - None - None - None - None - None
676 (743269 Gflops/s) - 687 (755364 Gflops/s) - 682 (749866 Gflops/s) - 679 (746568 Gflops/s) - 680 (747667 Gflops/s) - 684 (752065 Gflops/s) - 654 (719080 Gflops/s) - 675 (742170 Gflops/s) | Temperatures: 60°C - 62°C - 71°C - 70°C - 63°C - 61°C - 70°C - 72°C | Throttling: None - None - None - None - None - None - None - None
676 (743269 Gflops/s) - 686 (754264 Gflops/s) - 684 (752065 Gflops/s) - 681 (748767 Gflops/s) - 680 (747667 Gflops/s) - 685 (753165 Gflops/s) - 672 (738871 Gflops/s) - 675 (742170 Gflops/s) | Temperatures: 60°C - 62°C - 71°C - 70°C - 63°C - 61°C - 70°C - 73°C | Throttling: None - None - None - None - None - None - None - None
677 (744369 Gflops/s) - 687 (755364 Gflops/s) - 683 (750966 Gflops/s) - 679 (746568 Gflops/s) - 681 (748767 Gflops/s) - 685 (753165 Gflops/s) - 671 (737772 Gflops/s) - 676 (743269 Gflops/s) | Temperatures: 60°C - 62°C - 71°C - 70°C - 63°C - 61°C - 70°C - 73°C | Throttling: None - None - None - None - None - None - None - None
676 (743269 Gflops/s) - 687 (755364 Gflops/s) - 684 (752065 Gflops/s) - 679 (746568 Gflops/s) - 680 (747667 Gflops/s) - 684 (752065 Gflops/s) - 671 (737772 Gflops/s) - 675 (742170 Gflops/s) | Temperatures: 60°C - 62°C - 71°C - 70°C - 63°C - 61°C - 70°C - 73°C | Throttling: None - None - None - None - None - None - None - None
677 (744369 Gflops/s) - 688 (756463 Gflops/s) - 683 (750966 Gflops/s) - 680 (747667 Gflops/s) - 680 (747667 Gflops/s) - 685 (753165 Gflops/s) - 671 (737772 Gflops/s) - 675 (742170 Gflops/s) | Temperatures: 60°C - 62°C - 71°C - 71°C - 63°C - 61°C - 70°C - 73°C | Throttling: None - None - None - None - None - None - None - None
676 (743269 Gflops/s) - 686 (754264 Gflops/s) - 683 (750966 Gflops/s) - 679 (746568 Gflops/s) - 681 (748767 Gflops/s) - 685 (753165 Gflops/s) - 672 (738871 Gflops/s) - 675 (742170 Gflops/s) | Temperatures: 60°C - 62°C - 71°C - 71°C - 63°C - 61°C - 70°C - 73°C | Throttling: None - None - None - None - None - None - None - None
677 (744369 Gflops/s) - 688 (756463 Gflops/s) - 683 (750966 Gflops/s) - 680 (747667 Gflops/s) - 681 (748767 Gflops/s) - 684 (752065 Gflops/s) - 671 (737772 Gflops/s) - 675 (742170 Gflops/s) | Temperatures: 60°C - 62°C - 71°C - 71°C - 63°C - 61°C - 71°C - 73°C | Throttling: None - None - None - None - None - None - None - None
677 (744369 Gflops/s) - 688 (756463 Gflops/s) - 683 (750966 Gflops/s) - 678 (745468 Gflops/s) - 681 (748767 Gflops/s) - 685 (753165 Gflops/s) - 672 (738871 Gflops/s) - 675 (742170 Gflops/s) | Temperatures: 60°C - 62°C - 71°C - 71°C - 63°C - 61°C - 71°C - 73°C | Throttling: None - None - None - None - None - None - None - None
676 (743269 Gflops/s) - 687 (755364 Gflops/s) - 683 (750966 Gflops/s) - 679 (746568 Gflops/s) - 681 (748767 Gflops/s) - 685 (753165 Gflops/s) - 671 (737772 Gflops/s) - 675 (742170 Gflops/s) | Temperatures: 60°C - 62°C - 71°C - 71°C - 63°C - 61°C - 71°C - 73°C | Throttling: None - None - None - None - None - None - None - None
677 (744369 Gflops/s) - 686 (754264 Gflops/s) - 683 (750966 Gflops/s) - 678 (745468 Gflops/s) - 680 (747667 Gflops/s) - 684 (752065 Gflops/s) - 671 (737772 Gflops/s) - 674 (741070 Gflops/s) | Temperatures: 60°C - 62°C - 72°C - 71°C - 63°C - 61°C - 71°C - 73°C | Throttling: None - None - None - None - None - None - None - None
676 (743269 Gflops/s) - 688 (756463 Gflops/s) - 683 (750966 Gflops/s) - 679 (746568 Gflops/s) - 680 (747667 Gflops/s) - 685 (753165 Gflops/s) - 671 (737772 Gflops/s) - 674 (741070 Gflops/s) | Temperatures: 60°C - 62°C - 72°C - 71°C - 63°C - 61°C - 71°C - 73°C | Throttling: None - None - None - None - None - None - None - None
677 (744369 Gflops/s) - 687 (755364 Gflops/s) - 683 (750966 Gflops/s) - 679 (746568 Gflops/s) - 680 (747667 Gflops/s) - 685 (753165 Gflops/s) - 672 (738871 Gflops/s) - 675 (742170 Gflops/s) | Temperatures: 60°C - 62°C - 72°C - 71°C - 63°C - 61°C - 71°C - 73°C | Throttling: None - None - None - None - None - None - None - None
676 (743269 Gflops/s) - 688 (756463 Gflops/s) - 683 (750966 Gflops/s) - 679 (746568 Gflops/s) - 680 (747667 Gflops/s) - 684 (752065 Gflops/s) - 671 (737772 Gflops/s) - 674 (741070 Gflops/s) | Temperatures: 60°C - 62°C - 72°C - 71°C - 63°C - 61°C - 71°C - 73°C | Throttling: None - None - None - None - None - None - None - None
676 (743269 Gflops/s) - 685 (753165 Gflops/s) - 682 (749866 Gflops/s) - 677 (744369 Gflops/s) - 680 (747667 Gflops/s) - 684 (752065 Gflops/s) - 671 (737772 Gflops/s) - 674 (741070 Gflops/s) | Temperatures: 60°C - 62°C - 72°C - 71°C - 63°C - 61°C - 71°C - 73°C | Throttling: None - None - None - None - None - None - None - None
677 (744369 Gflops/s) - 687 (755364 Gflops/s) - 683 (750966 Gflops/s) - 679 (746568 Gflops/s) - 680 (747667 Gflops/s) - 685 (753165 Gflops/s) - 672 (738871 Gflops/s) - 675 (742170 Gflops/s) | Temperatures: 60°C - 62°C - 72°C - 71°C - 63°C - 61°C - 71°C - 73°C | Throttling: None - None - None - None - None - None - None - None
676 (743269 Gflops/s) - 686 (754264 Gflops/s) - 682 (749866 Gflops/s) - 678 (745468 Gflops/s) - 681 (748767 Gflops/s) - 685 (753165 Gflops/s) - 671 (737772 Gflops/s) - 673 (739971 Gflops/s) | Temperatures: 60°C - 62°C - 72°C - 71°C - 62°C - 61°C - 71°C - 73°C | Throttling: None - None - None - None - None - None - None - None
677 (744369 Gflops/s) - 687 (755364 Gflops/s) - 683 (750966 Gflops/s) - 679 (746568 Gflops/s) - 680 (747667 Gflops/s) - 684 (752065 Gflops/s) - 672 (738871 Gflops/s) - 675 (742170 Gflops/s) | Temperatures: 60°C - 62°C - 72°C - 71°C - 62°C - 61°C - 71°C - 73°C | Throttling: None - None - None - None - None - None - None - None
676 (743269 Gflops/s) - 686 (754264 Gflops/s) - 698 (767459 Gflops/s) - 677 (744369 Gflops/s) - 681 (748767 Gflops/s) - 684 (752065 Gflops/s) - 670 (736672 Gflops/s) - 673 (739971 Gflops/s) | Temperatures: 60°C - 62°C - 72°C - 71°C - 63°C - 61°C - 71°C - 73°C | Throttling: None - None - None - None - None - None - None - None
676 (743269 Gflops/s) - 688 (756463 Gflops/s) - 665 (731175 Gflops/s) - 679 (746568 Gflops/s) - 680 (747667 Gflops/s) - 685 (753165 Gflops/s) - 672 (738871 Gflops/s) - 674 (741070 Gflops/s) | Temperatures: 60°C - 62°C - 72°C - 71°C - 62°C - 61°C - 71°C - 73°C | Throttling: None - None - None - None - None - None - None - None
677 (744369 Gflops/s) - 688 (756463 Gflops/s) - 683 (750966 Gflops/s) - 679 (746568 Gflops/s) - 681 (748767 Gflops/s) - 685 (753165 Gflops/s) - 671 (737772 Gflops/s) - 675 (742170 Gflops/s) | Temperatures: 60°C - 62°C - 72°C - 71°C - 62°C - 61°C - 71°C - 73°C | Throttling: None - None - None - None - None - None - None - None
676 (743269 Gflops/s) - 687 (755364 Gflops/s) - 682 (749866 Gflops/s) - 679 (746568 Gflops/s) - 681 (748767 Gflops/s) - 685 (753165 Gflops/s) - 672 (738871 Gflops/s) - 675 (742170 Gflops/s) | Temperatures: 60°C - 62°C - 72°C - 71°C - 62°C - 61°C - 71°C - 73°C | Throttling: None - None - None - None - None - None - None - None
677 (744369 Gflops/s) - 686 (754264 Gflops/s) - 682 (749866 Gflops/s) - 678 (745468 Gflops/s) - 680 (747667 Gflops/s) - 684 (752065 Gflops/s) - 671 (737772 Gflops/s) - 673 (739971 Gflops/s) | Temperatures: 60°C - 61°C - 72°C - 71°C - 62°C - 61°C - 71°C - 73°C | Throttling: None - None - None - None - None - None - None - None
677 (744369 Gflops/s) - 688 (756463 Gflops/s) - 682 (749866 Gflops/s) - 678 (745468 Gflops/s) - 680 (747667 Gflops/s) - 685 (753165 Gflops/s) - 671 (737772 Gflops/s) - 675 (742170 Gflops/s) | Temperatures: 60°C - 62°C - 72°C - 71°C - 62°C - 61°C - 71°C - 73°C | Throttling: None - None - None - None - None - None - None - None
676 (743269 Gflops/s) - 686 (754264 Gflops/s) - 682 (749866 Gflops/s) - 679 (746568 Gflops/s) - 681 (748767 Gflops/s) - 685 (753165 Gflops/s) - 671 (737772 Gflops/s) - 674 (741070 Gflops/s) | Temperatures: 59°C - 61°C - 71°C - 71°C - 62°C - 61°C - 71°C - 73°C | Throttling: None - None - None - None - None - None - None - None
677 (744369 Gflops/s) - 686 (754264 Gflops/s) - 682 (749866 Gflops/s) - 678 (745468 Gflops/s) - 680 (747667 Gflops/s) - 684 (752065 Gflops/s) - 671 (737772 Gflops/s) - 674 (741070 Gflops/s) | Temperatures: 60°C - 61°C - 71°C - 71°C - 62°C - 61°C - 71°C - 73°C | Throttling: None - None - None - None - None - None - None - None
677 (744369 Gflops/s) - 686 (754264 Gflops/s) - 683 (750966 Gflops/s) - 679 (746568 Gflops/s) - 681 (748767 Gflops/s) - 685 (753165 Gflops/s) - 672 (738871 Gflops/s) - 675 (742170 Gflops/s) | Temperatures: 60°C - 61°C - 71°C - 71°C - 62°C - 60°C - 71°C - 73°C | Throttling: None - None - None - None - None - None - None - None
677 (744369 Gflops/s) - 687 (755364 Gflops/s) - 682 (749866 Gflops/s) - 678 (745468 Gflops/s) - 681 (748767 Gflops/s) - 685 (753165 Gflops/s) - 671 (737772 Gflops/s) - 689 (757563 Gflops/s) | Temperatures: 60°C - 61°C - 71°C - 71°C - 62°C - 60°C - 71°C - 73°C | Throttling: None - None - None - None - None - None - None - None
677 (744369 Gflops/s) - 687 (755364 Gflops/s) - 682 (749866 Gflops/s) - 679 (746568 Gflops/s) - 681 (748767 Gflops/s) - 684 (752065 Gflops/s) - 671 (737772 Gflops/s) - 659 (724578 Gflops/s) | Temperatures: 60°C - 61°C - 71°C - 71°C - 62°C - 60°C - 71°C - 73°C | Throttling: None - None - None - None - None - None - None - None
677 (744369 Gflops/s) - 688 (756463 Gflops/s) - 683 (750966 Gflops/s) - 678 (745468 Gflops/s) - 680 (747667 Gflops/s) - 684 (752065 Gflops/s) - 671 (737772 Gflops/s) - 674 (741070 Gflops/s) | Temperatures: 59°C - 61°C - 71°C - 71°C - 62°C - 60°C - 71°C - 73°C | Throttling: None - None - None - None - None - None - None - None
678 (745468 Gflops/s) - 687 (755364 Gflops/s) - 683 (750966 Gflops/s) - 679 (746568 Gflops/s) - 681 (748767 Gflops/s) - 685 (753165 Gflops/s) - 672 (738871 Gflops/s) - 674 (741070 Gflops/s) | Temperatures: 59°C - 61°C - 71°C - 70°C - 62°C - 60°C - 70°C - 73°C | Throttling: None - None - None - None - None - None - None - None
676 (743269 Gflops/s) - 686 (754264 Gflops/s) - 682 (749866 Gflops/s) - 678 (745468 Gflops/s) - 681 (748767 Gflops/s) - 685 (753165 Gflops/s) - 671 (737772 Gflops/s) - 674 (741070 Gflops/s) | Temperatures: 59°C - 61°C - 71°C - 71°C - 62°C - 60°C - 70°C - 73°C | Throttling: None - None - None - None - None - None - None - None
677 (744369 Gflops/s) - 686 (754264 Gflops/s) - 682 (749866 Gflops/s) - 690 (758663 Gflops/s) - 680 (747667 Gflops/s) - 685 (753165 Gflops/s) - 671 (737772 Gflops/s) - 674 (741070 Gflops/s) | Temperatures: 59°C - 61°C - 71°C - 71°C - 62°C - 60°C - 70°C - 73°C | Throttling: None - None - None - None - None - None - None - None
677 (744369 Gflops/s) - 688 (756463 Gflops/s) - 682 (749866 Gflops/s) - 667 (733374 Gflops/s) - 681 (748767 Gflops/s) - 684 (752065 Gflops/s) - 671 (737772 Gflops/s) - 674 (741070 Gflops/s) | Temperatures: 59°C - 61°C - 71°C - 70°C - 62°C - 60°C - 70°C - 72°C | Throttling: None - None - None - None - None - None - None - None
678 (745468 Gflops/s) - 688 (756463 Gflops/s) - 683 (750966 Gflops/s) - 679 (746568 Gflops/s) - 681 (748767 Gflops/s) - 685 (753165 Gflops/s) - 672 (738871 Gflops/s) - 674 (741070 Gflops/s) | Temperatures: 59°C - 61°C - 71°C - 70°C - 62°C - 60°C - 70°C - 72°C | Throttling: None - None - None - None - None - None - None - None
677 (744369 Gflops/s) - 688 (756463 Gflops/s) - 683 (750966 Gflops/s) - 678 (745468 Gflops/s) - 682 (749866 Gflops/s) - 685 (753165 Gflops/s) - 671 (737772 Gflops/s) - 675 (742170 Gflops/s) | Temperatures: 59°C - 61°C - 71°C - 70°C - 62°C - 60°C - 70°C - 72°C | Throttling: None - None - None - None - None - None - None - None
677 (744369 Gflops/s) - 686 (754264 Gflops/s) - 682 (749866 Gflops/s) - 678 (745468 Gflops/s) - 681 (748767 Gflops/s) - 684 (752065 Gflops/s) - 671 (737772 Gflops/s) - 673 (739971 Gflops/s) | Temperatures: 59°C - 61°C - 71°C - 70°C - 62°C - 60°C - 70°C - 73°C | Throttling: None - None - None - None - None - None - None - None
678 (745468 Gflops/s) - 688 (756463 Gflops/s) - 689 (757563 Gflops/s) - 679 (746568 Gflops/s) - 680 (747667 Gflops/s) - 685 (753165 Gflops/s) - 671 (737772 Gflops/s) - 674 (741070 Gflops/s) | Temperatures: 59°C - 61°C - 71°C - 70°C - 62°C - 60°C - 70°C - 72°C | Throttling: None - None - None - None - None - None - None - None
678 (745468 Gflops/s) - 688 (756463 Gflops/s) - 677 (744369 Gflops/s) - 679 (746568 Gflops/s) - 682 (749866 Gflops/s) - 685 (753165 Gflops/s) - 672 (738871 Gflops/s) - 676 (743269 Gflops/s) | Temperatures: 59°C - 61°C - 71°C - 70°C - 62°C - 60°C - 70°C - 72°C | Throttling: None - None - None - None - None - None - None - None
678 (745468 Gflops/s) - 687 (755364 Gflops/s) - 683 (750966 Gflops/s) - 679 (746568 Gflops/s) - 681 (748767 Gflops/s) - 685 (753165 Gflops/s) - 671 (737772 Gflops/s) - 674 (741070 Gflops/s) | Temperatures: 59°C - 61°C - 71°C - 70°C - 62°C - 60°C - 70°C - 72°C | Throttling: None - None - None - None - None - None - None - None
678 (745468 Gflops/s) - 687 (755364 Gflops/s) - 682 (749866 Gflops/s) - 678 (745468 Gflops/s) - 681 (748767 Gflops/s) - 685 (753165 Gflops/s) - 671 (737772 Gflops/s) - 674 (741070 Gflops/s) | Temperatures: 59°C - 61°C - 71°C - 70°C - 62°C - 60°C - 70°C - 72°C | Throttling: None - None - None - None - None - None - None - None
677 (744369 Gflops/s) - 688 (756463 Gflops/s) - 683 (750966 Gflops/s) - 679 (746568 Gflops/s) - 681 (748767 Gflops/s) - 685 (753165 Gflops/s) - 671 (737772 Gflops/s) - 675 (742170 Gflops/s) | Temperatures: 59°C - 61°C - 71°C - 70°C - 62°C - 60°C - 70°C - 72°C | Throttling: None - None - None - None - None - None - None - None
678 (745468 Gflops/s) - 687 (755364 Gflops/s) - 683 (750966 Gflops/s) - 678 (745468 Gflops/s) - 681 (748767 Gflops/s) - 685 (753165 Gflops/s) - 689 (757563 Gflops/s) - 674 (741070 Gflops/s) | Temperatures: 59°C - 61°C - 71°C - 70°C - 61°C - 60°C - 70°C - 72°C | Throttling: None - None - None - None - None - None - None - None
676 (743269 Gflops/s) - 689 (757563 Gflops/s) - 683 (750966 Gflops/s) - 679 (746568 Gflops/s) - 682 (749866 Gflops/s) - 685 (753165 Gflops/s) - 654 (719080 Gflops/s) - 675 (742170 Gflops/s) | Temperatures: 59°C - 61°C - 71°C - 70°C - 62°C - 60°C - 70°C - 72°C | Throttling: None - None - None - None - None - None - None - None
678 (745468 Gflops/s) - 688 (756463 Gflops/s) - 682 (749866 Gflops/s) - 679 (746568 Gflops/s) - 680 (747667 Gflops/s) - 685 (753165 Gflops/s) - 672 (738871 Gflops/s) - 674 (741070 Gflops/s) | Temperatures: 59°C - 61°C - 71°C - 70°C - 61°C - 60°C - 70°C - 72°C | Throttling: None - None - None - None - None - None - None - None
678 (745468 Gflops/s) - 686 (754264 Gflops/s) - 682 (749866 Gflops/s) - 678 (745468 Gflops/s) - 681 (748767 Gflops/s) - 684 (752065 Gflops/s) - 670 (736672 Gflops/s) - 675 (742170 Gflops/s) | Temperatures: 59°C - 61°C - 71°C - 70°C - 61°C - 60°C - 70°C - 72°C | Throttling: None - None - None - None - None - None - None - None
677 (744369 Gflops/s) - 687 (755364 Gflops/s) - 683 (750966 Gflops/s) - 679 (746568 Gflops/s) - 681 (748767 Gflops/s) - 686 (754264 Gflops/s) - 672 (738871 Gflops/s) - 674 (741070 Gflops/s) | Temperatures: 59°C - 61°C - 71°C - 70°C - 61°C - 60°C - 70°C - 72°C | Throttling: None - None - None - None - None - None - None - None
677 (744369 Gflops/s) - 688 (756463 Gflops/s) - 682 (749866 Gflops/s) - 679 (746568 Gflops/s) - 681 (748767 Gflops/s) - 685 (753165 Gflops/s) - 671 (737772 Gflops/s) - 675 (742170 Gflops/s) | Temperatures: 59°C - 61°C - 71°C - 70°C - 61°C - 60°C - 70°C - 72°C | Throttling: None - None - None - None - None - None - None - None
678 (745468 Gflops/s) - 687 (755364 Gflops/s) - 684 (752065 Gflops/s) - 679 (746568 Gflops/s) - 681 (748767 Gflops/s) - 685 (753165 Gflops/s) - 672 (738871 Gflops/s) - 675 (742170 Gflops/s) | Temperatures: 59°C - 61°C - 71°C - 70°C - 61°C - 60°C - 70°C - 72°C | Throttling: None - None - None - None - None - None - None - None
677 (744369 Gflops/s) - 687 (755364 Gflops/s) - 682 (749866 Gflops/s) - 678 (745468 Gflops/s) - 681 (748767 Gflops/s) - 684 (752065 Gflops/s) - 670 (736672 Gflops/s) - 673 (739971 Gflops/s) | Temperatures: 59°C - 61°C - 71°C - 70°C - 62°C - 60°C - 70°C - 72°C | Throttling: None - None - None - None - None - None - None - None
677 (744369 Gflops/s) - 687 (755364 Gflops/s) - 683 (750966 Gflops/s) - 679 (746568 Gflops/s) - 681 (748767 Gflops/s) - 686 (754264 Gflops/s) - 672 (738871 Gflops/s) - 675 (742170 Gflops/s) | Temperatures: 59°C - 61°C - 71°C - 70°C - 61°C - 60°C - 70°C - 72°C | Throttling: None - None - None - None - None - None - None - None
678 (745468 Gflops/s) - 698 (767459 Gflops/s) - 682 (749866 Gflops/s) - 679 (746568 Gflops/s) - 689 (757563 Gflops/s) - 684 (752065 Gflops/s) - 671 (737772 Gflops/s) - 675 (742170 Gflops/s) | Temperatures: 59°C - 61°C - 71°C - 70°C - 62°C - 60°C - 70°C - 72°C | Throttling: None - None - None - None - None - None - None - None
677 (744369 Gflops/s) - 677 (744369 Gflops/s) - 683 (750966 Gflops/s) - 679 (746568 Gflops/s) - 673 (739971 Gflops/s) - 685 (753165 Gflops/s) - 671 (737772 Gflops/s) - 674 (741070 Gflops/s) | Temperatures: 59°C - 61°C - 71°C - 70°C - 61°C - 60°C - 70°C - 72°C | Throttling: None - None - None - None - None - None - None - None
678 (745468 Gflops/s) - 689 (757563 Gflops/s) - 683 (750966 Gflops/s) - 678 (745468 Gflops/s) - 681 (748767 Gflops/s) - 685 (753165 Gflops/s) - 672 (738871 Gflops/s) - 683 (750966 Gflops/s) | Temperatures: 59°C - 61°C - 71°C - 70°C - 62°C - 60°C - 70°C - 72°C | Throttling: None - None - None - None - None - None - None - None
677 (744369 Gflops/s) - 687 (755364 Gflops/s) - 681 (748767 Gflops/s) - 679 (746568 Gflops/s) - 682 (749866 Gflops/s) - 684 (752065 Gflops/s) - 670 (736672 Gflops/s) - 665 (731175 Gflops/s) | Temperatures: 59°C - 61°C - 71°C - 70°C - 61°C - 60°C - 70°C - 72°C | Throttling: None - None - None - None - None - None - None - None
677 (744369 Gflops/s) - 688 (756463 Gflops/s) - 684 (752065 Gflops/s) - 679 (746568 Gflops/s) - 682 (749866 Gflops/s) - 686 (754264 Gflops/s) - 672 (738871 Gflops/s) - 675 (742170 Gflops/s) | Temperatures: 59°C - 61°C - 71°C - 70°C - 61°C - 60°C - 70°C - 72°C | Throttling: None - None - None - None - None - None - None - None
678 (745468 Gflops/s) - 687 (755364 Gflops/s) - 682 (749866 Gflops/s) - 679 (746568 Gflops/s) - 681 (748767 Gflops/s) - 685 (753165 Gflops/s) - 671 (737772 Gflops/s) - 675 (742170 Gflops/s) | Temperatures: 59°C - 61°C - 71°C - 70°C - 62°C - 60°C - 70°C - 72°C | Throttling: None - None - None - None - None - None - None - None
677 (744369 Gflops/s) - 688 (756463 Gflops/s) - 683 (750966 Gflops/s) - 678 (745468 Gflops/s) - 681 (748767 Gflops/s) - 685 (753165 Gflops/s) - 672 (738871 Gflops/s) - 674 (741070 Gflops/s) | Temperatures: 59°C - 61°C - 71°C - 70°C - 61°C - 60°C - 70°C - 72°C | Throttling: None - None - None - None - None - None - None - None
677 (744369 Gflops/s) - 688 (756463 Gflops/s) - 683 (750966 Gflops/s) - 679 (746568 Gflops/s) - 681 (748767 Gflops/s) - 685 (753165 Gflops/s) - 671 (737772 Gflops/s) - 675 (742170 Gflops/s) | Temperatures: 59°C - 61°C - 71°C - 70°C - 61°C - 60°C - 70°C - 72°C | Throttling: None - None - None - None - None - None - None - None
677 (744369 Gflops/s) - 687 (755364 Gflops/s) - 682 (749866 Gflops/s) - 678 (745468 Gflops/s) - 681 (748767 Gflops/s) - 685 (753165 Gflops/s) - 670 (736672 Gflops/s) - 673 (739971 Gflops/s) | Temperatures: 59°C - 61°C - 71°C - 70°C - 62°C - 60°C - 70°C - 72°C | Throttling: None - None - None - None - None - None - None - None
678 (745468 Gflops/s) - 688 (756463 Gflops/s) - 682 (749866 Gflops/s) - 680 (747667 Gflops/s) - 681 (748767 Gflops/s) - 685 (753165 Gflops/s) - 672 (738871 Gflops/s) - 675 (742170 Gflops/s) | Temperatures: 59°C - 61°C - 71°C - 70°C - 61°C - 60°C - 70°C - 72°C | Throttling: None - None - None - None - None - None - None - None
678 (745468 Gflops/s) - 688 (756463 Gflops/s) - 682 (749866 Gflops/s) - 679 (746568 Gflops/s) - 682 (749866 Gflops/s) - 685 (753165 Gflops/s) - 671 (737772 Gflops/s) - 675 (742170 Gflops/s) | Temperatures: 59°C - 61°C - 71°C - 70°C - 61°C - 60°C - 70°C - 72°C | Throttling: None - None - None - None - None - None - None - None
678 (745468 Gflops/s) - 687 (755364 Gflops/s) - 683 (750966 Gflops/s) - 679 (746568 Gflops/s) - 681 (748767 Gflops/s) - 685 (753165 Gflops/s) - 671 (737772 Gflops/s) - 675 (742170 Gflops/s) | Temperatures: 59°C - 61°C - 71°C - 70°C - 61°C - 60°C - 70°C - 72°C | Throttling: None - None - None - None - None - None - None - None
676 (743269 Gflops/s) - 688 (756463 Gflops/s) - 682 (749866 Gflops/s) - 678 (745468 Gflops/s) - 681 (748767 Gflops/s) - 684 (752065 Gflops/s) - 671 (737772 Gflops/s) - 674 (741070 Gflops/s) | Temperatures: 59°C - 61°C - 71°C - 70°C - 61°C - 60°C - 70°C - 72°C | Throttling: None - None - None - None - None - None - None - None
677 (744369 Gflops/s) - 688 (756463 Gflops/s) - 683 (750966 Gflops/s) - 679 (746568 Gflops/s) - 681 (748767 Gflops/s) - 689 (757563 Gflops/s) - 671 (737772 Gflops/s) - 675 (742170 Gflops/s) | Temperatures: 59°C - 61°C - 71°C - 70°C - 61°C - 60°C - 70°C - 72°C | Throttling: None - None - None - None - None - None - None - None
678 (745468 Gflops/s) - 688 (756463 Gflops/s) - 683 (750966 Gflops/s) - 679 (746568 Gflops/s) - 682 (749866 Gflops/s) - 681 (748767 Gflops/s) - 672 (738871 Gflops/s) - 674 (741070 Gflops/s) | Temperatures: 59°C - 61°C - 71°C - 70°C - 62°C - 60°C - 70°C - 72°C | Throttling: None - None - None - None - None - None - None - None
677 (744369 Gflops/s) - 688 (756463 Gflops/s) - 683 (750966 Gflops/s) - 679 (746568 Gflops/s) - 682 (749866 Gflops/s) - 685 (753165 Gflops/s) - 671 (737772 Gflops/s) - 674 (741070 Gflops/s) | Temperatures: 59°C - 61°C - 71°C - 70°C - 61°C - 60°C - 70°C - 72°C | Throttling: None - None - None - None - None - None - None - None
678 (745468 Gflops/s) - 687 (755364 Gflops/s) - 683 (750966 Gflops/s) - 678 (745468 Gflops/s) - 682 (749866 Gflops/s) - 685 (753165 Gflops/s) - 672 (738871 Gflops/s) - 675 (742170 Gflops/s) | Temperatures: 59°C - 61°C - 71°C - 70°C - 61°C - 60°C - 70°C - 72°C | Throttling: None - None - None - None - None - None - None - None
677 (744369 Gflops/s) - 687 (755364 Gflops/s) - 683 (750966 Gflops/s) - 679 (746568 Gflops/s) - 681 (748767 Gflops/s) - 685 (753165 Gflops/s) - 670 (736672 Gflops/s) - 675 (742170 Gflops/s) | Temperatures: 59°C - 61°C - 71°C - 70°C - 61°C - 60°C - 70°C - 72°C | Throttling: None - None - None - None - None - None - None - None
678 (745468 Gflops/s) - 687 (755364 Gflops/s) - 682 (749866 Gflops/s) - 679 (746568 Gflops/s) - 681 (748767 Gflops/s) - 685 (753165 Gflops/s) - 671 (737772 Gflops/s) - 674 (741070 Gflops/s) | Temperatures: 59°C - 61°C - 71°C - 70°C - 61°C - 60°C - 70°C - 72°C | Throttling: None - None - None - None - None - None - None - None
677 (744369 Gflops/s) - 688 (756463 Gflops/s) - 683 (750966 Gflops/s) - 679 (746568 Gflops/s) - 698 (767459 Gflops/s) - 685 (753165 Gflops/s) - 672 (738871 Gflops/s) - 675 (742170 Gflops/s) | Temperatures: 59°C - 61°C - 71°C - 70°C - 61°C - 60°C - 70°C - 72°C | Throttling: None - None - None - None - None - None - None - None
677 (744369 Gflops/s) - 686 (754264 Gflops/s) - 682 (749866 Gflops/s) - 678 (745468 Gflops/s) - 665 (731175 Gflops/s) - 684 (752065 Gflops/s) - 670 (736672 Gflops/s) - 674 (741070 Gflops/s) | Temperatures: 59°C - 61°C - 71°C - 70°C - 61°C - 60°C - 70°C - 72°C | Throttling: None - None - None - None - None - None - None - None
677 (744369 Gflops/s) - 688 (756463 Gflops/s) - 683 (750966 Gflops/s) - 679 (746568 Gflops/s) - 681 (748767 Gflops/s) - 685 (753165 Gflops/s) - 672 (738871 Gflops/s) - 675 (742170 Gflops/s) | Temperatures: 59°C - 61°C - 71°C - 70°C - 61°C - 60°C - 70°C - 72°C | Throttling: None - None - None - None - None - None - None - None
678 (745468 Gflops/s) - 688 (756463 Gflops/s) - 683 (750966 Gflops/s) - 679 (746568 Gflops/s) - 682 (749866 Gflops/s) - 685 (753165 Gflops/s) - 671 (737772 Gflops/s) - 675 (742170 Gflops/s) | Temperatures: 59°C - 61°C - 71°C - 70°C - 61°C - 60°C - 70°C - 72°C | Throttling: None - None - None - None - None - None - None - None
677 (744369 Gflops/s) - 687 (755364 Gflops/s) - 683 (750966 Gflops/s) - 679 (746568 Gflops/s) - 681 (748767 Gflops/s) - 698 (767459 Gflops/s) - 671 (737772 Gflops/s) - 674 (741070 Gflops/s) | Temperatures: 59°C - 61°C - 71°C - 70°C - 61°C - 60°C - 70°C - 72°C | Throttling: None - None - None - None - None - None - None - None
677 (744369 Gflops/s) - 688 (756463 Gflops/s) - 683 (750966 Gflops/s) - 678 (745468 Gflops/s) - 681 (748767 Gflops/s) - 671 (737772 Gflops/s) - 671 (737772 Gflops/s) - 675 (742170 Gflops/s) | Temperatures: 59°C - 61°C - 71°C - 70°C - 61°C - 60°C - 70°C - 72°C | Throttling: None - None - None - None - None - None - None - None
677 (744369 Gflops/s) - 688 (756463 Gflops/s) - 683 (750966 Gflops/s) - 679 (746568 Gflops/s) - 681 (748767 Gflops/s) - 685 (753165 Gflops/s) - 671 (737772 Gflops/s) - 674 (741070 Gflops/s) | Temperatures: 59°C - 61°C - 71°C - 70°C - 61°C - 60°C - 70°C - 72°C | Throttling: None - None - None - None - None - None - None - None
677 (744369 Gflops/s) - 687 (755364 Gflops/s) - 683 (750966 Gflops/s) - 679 (746568 Gflops/s) - 682 (749866 Gflops/s) - 685 (753165 Gflops/s) - 671 (737772 Gflops/s) - 674 (741070 Gflops/s) | Temperatures: 59°C - 61°C - 71°C - 70°C - 61°C - 60°C - 70°C - 72°C | Throttling: None - None - None - None - None - None - None - None
677 (744369 Gflops/s) - 688 (756463 Gflops/s) - 683 (750966 Gflops/s) - 678 (745468 Gflops/s) - 681 (748767 Gflops/s) - 685 (753165 Gflops/s) - 672 (738871 Gflops/s) - 675 (742170 Gflops/s) | Temperatures: 59°C - 61°C - 71°C - 70°C - 61°C - 60°C - 70°C - 72°C | Throttling: None - None - None - None - None - None - None - None
678 (745468 Gflops/s) - 687 (755364 Gflops/s) - 683 (750966 Gflops/s) - 679 (746568 Gflops/s) - 681 (748767 Gflops/s) - 684 (752065 Gflops/s) - 670 (736672 Gflops/s) - 674 (741070 Gflops/s) | Temperatures: 59°C - 61°C - 71°C - 70°C - 61°C - 60°C - 70°C - 72°C | Throttling: None - None - None - None - None - None - None - None
677 (744369 Gflops/s) - 687 (755364 Gflops/s) - 683 (750966 Gflops/s) - 678 (745468 Gflops/s) - 681 (748767 Gflops/s) - 685 (753165 Gflops/s) - 672 (738871 Gflops/s) - 674 (741070 Gflops/s) | Temperatures: 59°C - 61°C - 71°C - 70°C - 61°C - 60°C - 70°C - 72°C | Throttling: None - None - None - None - None - None - None - None
678 (745468 Gflops/s) - 689 (757563 Gflops/s) - 683 (750966 Gflops/s) - 679 (746568 Gflops/s) - 682 (749866 Gflops/s) - 684 (752065 Gflops/s) - 671 (737772 Gflops/s) - 675 (742170 Gflops/s) | Temperatures: 59°C - 61°C - 71°C - 70°C - 61°C - 60°C - 70°C - 72°C | Throttling: None - None - None - None - None - None - None - None
679 (746568 Gflops/s) - 686 (754264 Gflops/s) - 682 (749866 Gflops/s) - 679 (746568 Gflops/s) - 681 (748767 Gflops/s) - 685 (753165 Gflops/s) - 671 (737772 Gflops/s) - 675 (742170 Gflops/s) | Temperatures: 59°C - 61°C - 71°C - 70°C - 61°C - 60°C - 70°C - 72°C | Throttling: None - None - None - None - None - None - None - None
676 (743269 Gflops/s) - 687 (755364 Gflops/s) - 683 (750966 Gflops/s) - 678 (745468 Gflops/s) - 681 (748767 Gflops/s) - 684 (752065 Gflops/s) - 671 (737772 Gflops/s) - 673 (739971 Gflops/s) | Temperatures: 59°C - 61°C - 71°C - 70°C - 61°C - 60°C - 70°C - 72°C | Throttling: None - None - None - None - None - None - None - None
677 (744369 Gflops/s) - 688 (756463 Gflops/s) - 683 (750966 Gflops/s) - 679 (746568 Gflops/s) - 682 (749866 Gflops/s) - 685 (753165 Gflops/s) - 671 (737772 Gflops/s) - 675 (742170 Gflops/s) | Temperatures: 59°C - 61°C - 71°C - 70°C - 61°C - 60°C - 70°C - 72°C | Throttling: None - None - None - None - None - None - None - None
678 (745468 Gflops/s) - 688 (756463 Gflops/s) - 685 (753165 Gflops/s) - 679 (746568 Gflops/s) - 681 (748767 Gflops/s) - 684 (752065 Gflops/s) - 672 (738871 Gflops/s) - 673 (739971 Gflops/s) | Temperatures: 59°C - 61°C - 71°C - 70°C - 61°C - 60°C - 70°C - 72°C | Throttling: None - None - None - None - None - None - None - None
676 (743269 Gflops/s) - 687 (755364 Gflops/s) - 680 (747667 Gflops/s) - 678 (745468 Gflops/s) - 681 (748767 Gflops/s) - 685 (753165 Gflops/s) - 671 (737772 Gflops/s) - 673 (739971 Gflops/s) | Temperatures: 59°C - 61°C - 71°C - 70°C - 61°C - 60°C - 70°C - 72°C | Throttling: None - None - None - None - None - None - None - None
678 (745468 Gflops/s) - 688 (756463 Gflops/s) - 682 (749866 Gflops/s) - 679 (746568 Gflops/s) - 682 (749866 Gflops/s) - 685 (753165 Gflops/s) - 671 (737772 Gflops/s) - 675 (742170 Gflops/s) | Temperatures: 59°C - 61°C - 71°C - 70°C - 61°C - 60°C - 70°C - 72°C | Throttling: None - None - None - None - None - None - None - None
676 (743269 Gflops/s) - 688 (756463 Gflops/s) - 684 (752065 Gflops/s) - 679 (746568 Gflops/s) - 681 (748767 Gflops/s) - 685 (753165 Gflops/s) - 671 (737772 Gflops/s) - 673 (739971 Gflops/s) | Temperatures: 59°C - 61°C - 71°C - 70°C - 61°C - 60°C - 70°C - 72°C | Throttling: None - None - None - None - None - None - None - None
678 (745468 Gflops/s) - 689 (757563 Gflops/s) - 683 (750966 Gflops/s) - 678 (745468 Gflops/s) - 681 (748767 Gflops/s) - 685 (753165 Gflops/s) - 672 (738871 Gflops/s) - 675 (742170 Gflops/s) | Temperatures: 59°C - 61°C - 71°C - 70°C - 61°C - 60°C - 70°C - 72°C | Throttling: None - None - None - None - None - None - None - None
677 (744369 Gflops/s) - 687 (755364 Gflops/s) - 682 (749866 Gflops/s) - 679 (746568 Gflops/s) - 681 (748767 Gflops/s) - 684 (752065 Gflops/s) - 670 (736672 Gflops/s) - 674 (741070 Gflops/s) | Temperatures: 59°C - 61°C - 71°C - 70°C - 61°C - 60°C - 70°C - 72°C | Throttling: None - None - None - None - None - None - None - None
677 (744369 Gflops/s) - 688 (756463 Gflops/s) - 683 (750966 Gflops/s) - 679 (746568 Gflops/s) - 682 (749866 Gflops/s) - 685 (753165 Gflops/s) - 672 (738871 Gflops/s) - 674 (741070 Gflops/s) | Temperatures: 59°C - 61°C - 71°C - 70°C - 61°C - 60°C - 70°C - 72°C | Throttling: None - None - None - None - None - None - None - None
677 (744369 Gflops/s) - 700 (769658 Gflops/s) - 683 (750966 Gflops/s) - 679 (746568 Gflops/s) - 681 (748767 Gflops/s) - 685 (753165 Gflops/s) - 671 (737772 Gflops/s) - 675 (742170 Gflops/s) | Temperatures: 59°C - 61°C - 71°C - 70°C - 61°C - 60°C - 70°C - 72°C | Throttling: None - None - None - None - None - None - None - None
677 (744369 Gflops/s) - 675 (742170 Gflops/s) - 683 (750966 Gflops/s) - 679 (746568 Gflops/s) - 681 (748767 Gflops/s) - 685 (753165 Gflops/s) - 671 (737772 Gflops/s) - 674 (741070 Gflops/s) | Temperatures: 59°C - 61°C - 71°C - 70°C - 61°C - 60°C - 70°C - 72°C | Throttling: None - None - None - None - None - None - None - None
677 (744369 Gflops/s) - 688 (756463 Gflops/s) - 683 (750966 Gflops/s) - 679 (746568 Gflops/s) - 681 (748767 Gflops/s) - 684 (752065 Gflops/s) - 672 (738871 Gflops/s) - 675 (742170 Gflops/s) | Temperatures: 59°C - 61°C - 71°C - 70°C - 61°C - 60°C - 70°C - 72°C | Throttling: None - None - None - None - None - None - None - None
677 (744369 Gflops/s) - 687 (755364 Gflops/s) - 682 (749866 Gflops/s) - 678 (745468 Gflops/s) - 681 (748767 Gflops/s) - 685 (753165 Gflops/s) - 670 (736672 Gflops/s) - 673 (739971 Gflops/s) | Temperatures: 59°C - 61°C - 71°C - 70°C - 61°C - 60°C - 70°C - 72°C | Throttling: None - None - None - None - None - None - None - None
677 (744369 Gflops/s) - 687 (755364 Gflops/s) - 683 (750966 Gflops/s) - 687 (755364 Gflops/s) - 682 (749866 Gflops/s) - 684 (752065 Gflops/s) - 672 (738871 Gflops/s) - 675 (742170 Gflops/s) | Temperatures: 59°C - 61°C - 71°C - 70°C - 61°C - 60°C - 70°C - 72°C | Throttling: None - None - None - None - None - None - None - None
677 (744369 Gflops/s) - 688 (756463 Gflops/s) - 683 (750966 Gflops/s) - 670 (736672 Gflops/s) - 682 (749866 Gflops/s) - 685 (753165 Gflops/s) - 671 (737772 Gflops/s) - 675 (742170 Gflops/s) | Temperatures: 59°C - 61°C - 71°C - 70°C - 61°C - 60°C - 70°C - 72°C | Throttling: None - None - None - None - None - None - None - None
677 (744369 Gflops/s) - 688 (756463 Gflops/s) - 684 (752065 Gflops/s) - 678 (745468 Gflops/s) - 682 (749866 Gflops/s) - 685 (753165 Gflops/s) - 671 (737772 Gflops/s) - 674 (741070 Gflops/s) | Temperatures: 59°C - 61°C - 71°C - 70°C - 61°C - 60°C - 70°C - 72°C | Throttling: None - None - None - None - None - None - None - None
677 (744369 Gflops/s) - 688 (756463 Gflops/s) - 683 (750966 Gflops/s) - 679 (746568 Gflops/s) - 681 (748767 Gflops/s) - 685 (753165 Gflops/s) - 672 (738871 Gflops/s) - 675 (742170 Gflops/s) | Temperatures: 59°C - 61°C - 71°C - 70°C - 61°C - 60°C - 70°C - 72°C | Throttling: None - None - None - None - None - None - None - None
677 (744369 Gflops/s) - 686 (754264 Gflops/s) - 682 (749866 Gflops/s) - 678 (745468 Gflops/s) - 681 (748767 Gflops/s) - 684 (752065 Gflops/s) - 670 (736672 Gflops/s) - 674 (741070 Gflops/s) | Temperatures: 59°C - 61°C - 71°C - 70°C - 61°C - 60°C - 70°C - 72°C | Throttling: None - None - None - None - None - None - None - None
678 (745468 Gflops/s) - 688 (756463 Gflops/s) - 683 (750966 Gflops/s) - 679 (746568 Gflops/s) - 681 (748767 Gflops/s) - 685 (753165 Gflops/s) - 672 (738871 Gflops/s) - 674 (741070 Gflops/s) | Temperatures: 59°C - 61°C - 71°C - 70°C - 61°C - 60°C - 70°C - 72°C | Throttling: None - None - None - None - None - None - None - None
677 (744369 Gflops/s) - 688 (756463 Gflops/s) - 683 (750966 Gflops/s) - 679 (746568 Gflops/s) - 682 (749866 Gflops/s) - 685 (753165 Gflops/s) - 671 (737772 Gflops/s) - 674 (741070 Gflops/s) | Temperatures: 59°C - 61°C - 71°C - 70°C - 61°C - 60°C - 70°C - 72°C | Throttling: None - None - None - None - None - None - None - None
678 (745468 Gflops/s) - 687 (755364 Gflops/s) - 683 (750966 Gflops/s) - 678 (745468 Gflops/s) - 682 (749866 Gflops/s) - 685 (753165 Gflops/s) - 671 (737772 Gflops/s) - 674 (741070 Gflops/s) | Temperatures: 59°C - 61°C - 71°C - 70°C - 61°C - 60°C - 70°C - 72°C | Throttling: None - None - None - None - None - None - None - None
678 (745468 Gflops/s) - 688 (756463 Gflops/s) - 684 (752065 Gflops/s) - 679 (746568 Gflops/s) - 681 (748767 Gflops/s) - 685 (753165 Gflops/s) - 672 (738871 Gflops/s) - 675 (742170 Gflops/s) | Temperatures: 59°C - 61°C - 71°C - 70°C - 61°C - 60°C - 70°C - 72°C | Throttling: None - None - None - None - None - None - None - None
676 (743269 Gflops/s) - 687 (755364 Gflops/s) - 682 (749866 Gflops/s) - 678 (745468 Gflops/s) - 680 (747667 Gflops/s) - 684 (752065 Gflops/s) - 670 (736672 Gflops/s) - 674 (741070 Gflops/s) | Temperatures: 59°C - 61°C - 71°C - 70°C - 61°C - 60°C - 70°C - 72°C | Throttling: None - None - None - None - None - None - None - None
678 (745468 Gflops/s) - 687 (755364 Gflops/s) - 683 (750966 Gflops/s) - 678 (745468 Gflops/s) - 681 (748767 Gflops/s) - 685 (753165 Gflops/s) - 672 (738871 Gflops/s) - 675 (742170 Gflops/s) | Temperatures: 59°C - 61°C - 71°C - 70°C - 61°C - 60°C - 70°C - 72°C | Throttling: None - None - None - None - None - None - None - None
678 (745468 Gflops/s) - 688 (756463 Gflops/s) - 683 (750966 Gflops/s) - 679 (746568 Gflops/s) - 681 (748767 Gflops/s) - 685 (753165 Gflops/s) - 671 (737772 Gflops/s) - 674 (741070 Gflops/s) | Temperatures: 59°C - 61°C - 71°C - 70°C - 61°C - 60°C - 70°C - 72°C | Throttling: None - None - None - None - None - None - None - None
677 (744369 Gflops/s) - 688 (756463 Gflops/s) - 683 (750966 Gflops/s) - 679 (746568 Gflops/s) - 681 (748767 Gflops/s) - 685 (753165 Gflops/s) - 672 (738871 Gflops/s) - 675 (742170 Gflops/s) | Temperatures: 59°C - 61°C - 71°C - 70°C - 61°C - 60°C - 70°C - 72°C | Throttling: None - None - None - None - None - None - None - None
677 (744369 Gflops/s) - 687 (755364 Gflops/s) - 682 (749866 Gflops/s) - 679 (746568 Gflops/s) - 681 (748767 Gflops/s) - 684 (752065 Gflops/s) - 676 (743269 Gflops/s) - 673 (739971 Gflops/s) | Temperatures: 59°C - 61°C - 71°C - 70°C - 61°C - 60°C - 70°C - 72°C | Throttling: None - None - None - None - None - None - None - None
678 (745468 Gflops/s) - 688 (756463 Gflops/s) - 683 (750966 Gflops/s) - 678 (745468 Gflops/s) - 681 (748767 Gflops/s) - 685 (753165 Gflops/s) - 666 (732274 Gflops/s) - 676 (743269 Gflops/s) | Temperatures: 59°C - 61°C - 71°C - 70°C - 61°C - 60°C - 70°C - 72°C | Throttling: None - None - None - None - None - None - None - None
677 (744369 Gflops/s) - 686 (754264 Gflops/s) - 683 (750966 Gflops/s) - 678 (745468 Gflops/s) - 682 (749866 Gflops/s) - 685 (753165 Gflops/s) - 671 (737772 Gflops/s) - 674 (741070 Gflops/s) | Temperatures: 59°C - 61°C - 71°C - 70°C - 61°C - 60°C - 70°C - 72°C | Throttling: None - None - None - None - None - None - None - None
678 (745468 Gflops/s) - 687 (755364 Gflops/s) - 683 (750966 Gflops/s) - 679 (746568 Gflops/s) - 682 (749866 Gflops/s) - 685 (753165 Gflops/s) - 671 (737772 Gflops/s) - 675 (742170 Gflops/s) | Temperatures: 59°C - 61°C - 71°C - 70°C - 61°C - 60°C - 70°C - 72°C | Throttling: None - None - None - None - None - None - None - None
677 (744369 Gflops/s) - 687 (755364 Gflops/s) - 683 (750966 Gflops/s) - 679 (746568 Gflops/s) - 681 (748767 Gflops/s) - 684 (752065 Gflops/s) - 671 (737772 Gflops/s) - 674 (741070 Gflops/s) | Temperatures: 59°C - 61°C - 71°C - 70°C - 61°C - 60°C - 70°C - 72°C | Throttling: None - None - None - None - None - None - None - None
677 (744369 Gflops/s) - 687 (755364 Gflops/s) - 694 (763061 Gflops/s) - 679 (746568 Gflops/s) - 681 (748767 Gflops/s) - 685 (753165 Gflops/s) - 671 (737772 Gflops/s) - 674 (741070 Gflops/s) | Temperatures: 59°C - 61°C - 71°C - 70°C - 61°C - 60°C - 70°C - 72°C | Throttling: None - None - None - None - None - None - None - None
677 (744369 Gflops/s) - 688 (756463 Gflops/s) - 672 (738871 Gflops/s) - 679 (746568 Gflops/s) - 681 (748767 Gflops/s) - 685 (753165 Gflops/s) - 672 (738871 Gflops/s) - 675 (742170 Gflops/s) | Temperatures: 59°C - 61°C - 71°C - 70°C - 61°C - 60°C - 70°C - 72°C | Throttling: None - None - None - None - None - None - None - None
678 (745468 Gflops/s) - 687 (755364 Gflops/s) - 683 (750966 Gflops/s) - 678 (745468 Gflops/s) - 682 (749866 Gflops/s) - 685 (753165 Gflops/s) - 671 (737772 Gflops/s) - 674 (741070 Gflops/s) | Temperatures: 59°C - 61°C - 71°C - 70°C - 61°C - 60°C - 70°C - 72°C | Throttling: None - None - None - None - None - None - None - None
677 (744369 Gflops/s) - 687 (755364 Gflops/s) - 682 (749866 Gflops/s) - 678 (745468 Gflops/s) - 681 (748767 Gflops/s) - 684 (752065 Gflops/s) - 671 (737772 Gflops/s) - 675 (742170 Gflops/s) | Temperatures: 59°C - 61°C - 71°C - 70°C - 61°C - 60°C - 70°C - 72°C | Throttling: None - None - None - None - None - None - None - None
677 (744369 Gflops/s) - 687 (755364 Gflops/s) - 683 (750966 Gflops/s) - 679 (746568 Gflops/s) - 682 (749866 Gflops/s) - 686 (754264 Gflops/s) - 671 (737772 Gflops/s) - 674 (741070 Gflops/s) | Temperatures: 59°C - 61°C - 71°C - 70°C - 61°C - 60°C - 70°C - 72°C | Throttling: None - None - None - None - None - None - None - None
678 (745468 Gflops/s) - 687 (755364 Gflops/s) - 682 (749866 Gflops/s) - 679 (746568 Gflops/s) - 682 (749866 Gflops/s) - 684 (752065 Gflops/s) - 671 (737772 Gflops/s) - 675 (742170 Gflops/s) | Temperatures: 59°C - 61°C - 71°C - 70°C - 61°C - 60°C - 70°C - 72°C | Throttling: None - None - None - None - None - None - None - None
677 (744369 Gflops/s) - 688 (756463 Gflops/s) - 683 (750966 Gflops/s) - 678 (745468 Gflops/s) - 681 (748767 Gflops/s) - 685 (753165 Gflops/s) - 671 (737772 Gflops/s) - 674 (741070 Gflops/s) | Temperatures: 59°C - 61°C - 71°C - 70°C - 61°C - 60°C - 70°C - 72°C | Throttling: None - None - None - None - None - None - None - None
677 (744369 Gflops/s) - 687 (755364 Gflops/s) - 683 (750966 Gflops/s) - 679 (746568 Gflops/s) - 681 (748767 Gflops/s) - 684 (752065 Gflops/s) - 671 (737772 Gflops/s) - 675 (742170 Gflops/s) | Temperatures: 59°C - 61°C - 71°C - 70°C - 61°C - 60°C - 70°C - 72°C | Throttling: None - None - None - None - None - None - None - None
677 (744369 Gflops/s) - 688 (756463 Gflops/s) - 683 (750966 Gflops/s) - 679 (746568 Gflops/s) - 682 (749866 Gflops/s) - 685 (753165 Gflops/s) - 672 (738871 Gflops/s) - 675 (742170 Gflops/s) | Temperatures: 59°C - 61°C - 71°C - 70°C - 61°C - 60°C - 70°C - 72°C | Throttling: None - None - None - None - None - None - None - None
678 (745468 Gflops/s) - 688 (756463 Gflops/s) - 682 (749866 Gflops/s) - 679 (746568 Gflops/s) - 681 (748767 Gflops/s) - 685 (753165 Gflops/s) - 671 (737772 Gflops/s) - 674 (741070 Gflops/s) | Temperatures: 59°C - 61°C - 71°C - 70°C - 61°C - 60°C - 70°C - 72°C | Throttling: None - None - None - None - None - None - None - None
677 (744369 Gflops/s) - 688 (756463 Gflops/s) - 683 (750966 Gflops/s) - 678 (745468 Gflops/s) - 682 (749866 Gflops/s) - 685 (753165 Gflops/s) - 671 (737772 Gflops/s) - 674 (741070 Gflops/s) | Temperatures: 59°C - 61°C - 71°C - 70°C - 61°C - 60°C - 70°C - 72°C | Throttling: None - None - None - None - None - None - None - None
677 (744369 Gflops/s) - 687 (755364 Gflops/s) - 683 (750966 Gflops/s) - 678 (745468 Gflops/s) - 680 (747667 Gflops/s) - 684 (752065 Gflops/s) - 671 (737772 Gflops/s) - 674 (741070 Gflops/s) | Temperatures: 59°C - 61°C - 71°C - 70°C - 61°C - 60°C - 70°C - 72°C | Throttling: None - None - None - None - None - None - None - None
678 (745468 Gflops/s) - 687 (755364 Gflops/s) - 683 (750966 Gflops/s) - 679 (746568 Gflops/s) - 681 (748767 Gflops/s) - 685 (753165 Gflops/s) - 671 (737772 Gflops/s) - 674 (741070 Gflops/s) | Temperatures: 59°C - 61°C - 71°C - 70°C - 61°C - 60°C - 70°C - 72°C | Throttling: None - None - None - None - None - None - None - None
676 (743269 Gflops/s) - 688 (756463 Gflops/s) - 682 (749866 Gflops/s) - 678 (745468 Gflops/s) - 682 (749866 Gflops/s) - 685 (753165 Gflops/s) - 672 (738871 Gflops/s) - 674 (741070 Gflops/s) | Temperatures: 59°C - 61°C - 71°C - 70°C - 61°C - 60°C - 70°C - 72°C | Throttling: None - None - None - None - None - None - None - None
677 (744369 Gflops/s) - 686 (754264 Gflops/s) - 682 (749866 Gflops/s) - 678 (745468 Gflops/s) - 680 (747667 Gflops/s) - 684 (752065 Gflops/s) - 671 (737772 Gflops/s) - 674 (741070 Gflops/s) | Temperatures: 59°C - 61°C - 71°C - 70°C - 61°C - 60°C - 70°C - 72°C | Throttling: None - None - None - None - None - None - None - None
677 (744369 Gflops/s) - 688 (756463 Gflops/s) - 682 (749866 Gflops/s) - 679 (746568 Gflops/s) - 682 (749866 Gflops/s) - 685 (753165 Gflops/s) - 671 (737772 Gflops/s) - 674 (741070 Gflops/s) | Temperatures: 59°C - 61°C - 71°C - 70°C - 61°C - 60°C - 70°C - 72°C | Throttling: None - None - None - None - None - None - None - None
678 (745468 Gflops/s) - 688 (756463 Gflops/s) - 683 (750966 Gflops/s) - 679 (746568 Gflops/s) - 682 (749866 Gflops/s) - 685 (753165 Gflops/s) - 671 (737772 Gflops/s) - 675 (742170 Gflops/s) | Temperatures: 59°C - 61°C - 71°C - 70°C - 61°C - 60°C - 70°C - 72°C | Throttling: None - None - None - None - None - None - None - None
677 (744369 Gflops/s) - 688 (756463 Gflops/s) - 682 (749866 Gflops/s) - 678 (745468 Gflops/s) - 680 (747667 Gflops/s) - 685 (753165 Gflops/s) - 672 (738871 Gflops/s) - 674 (741070 Gflops/s) | Temperatures: 59°C - 61°C - 71°C - 70°C - 61°C - 60°C - 70°C - 72°C | Throttling: None - None - None - None - None - None - None - None
676 (743269 Gflops/s) - 686 (754264 Gflops/s) - 682 (749866 Gflops/s) - 678 (745468 Gflops/s) - 681 (748767 Gflops/s) - 684 (752065 Gflops/s) - 670 (736672 Gflops/s) - 674 (741070 Gflops/s) | Temperatures: 59°C - 61°C - 71°C - 70°C - 61°C - 60°C - 70°C - 72°C | Throttling: None - None - None - None - None - None - None - None
677 (744369 Gflops/s) - 688 (756463 Gflops/s) - 683 (750966 Gflops/s) - 679 (746568 Gflops/s) - 681 (748767 Gflops/s) - 686 (754264 Gflops/s) - 672 (738871 Gflops/s) - 674 (741070 Gflops/s) | Temperatures: 59°C - 61°C - 71°C - 70°C - 61°C - 60°C - 70°C - 72°C | Throttling: None - None - None - None - None - None - None - None
678 (745468 Gflops/s) - 688 (756463 Gflops/s) - 682 (749866 Gflops/s) - 678 (745468 Gflops/s) - 681 (748767 Gflops/s) - 684 (752065 Gflops/s) - 671 (737772 Gflops/s) - 674 (741070 Gflops/s) | Temperatures: 59°C - 61°C - 71°C - 70°C - 61°C - 60°C - 70°C - 72°C | Throttling: None - None - None - None - None - None - None - None
677 (744369 Gflops/s) - 687 (755364 Gflops/s) - 683 (750966 Gflops/s) - 679 (746568 Gflops/s) - 682 (749866 Gflops/s) - 685 (753165 Gflops/s) - 672 (738871 Gflops/s) - 675 (742170 Gflops/s) | Temperatures: 59°C - 61°C - 71°C - 70°C - 61°C - 60°C - 70°C - 72°C | Throttling: None - None - None - None - None - None - None - None
678 (745468 Gflops/s) - 689 (757563 Gflops/s) - 682 (749866 Gflops/s) - 679 (746568 Gflops/s) - 691 (759762 Gflops/s) - 685 (753165 Gflops/s) - 671 (737772 Gflops/s) - 675 (742170 Gflops/s) | Temperatures: 59°C - 61°C - 71°C - 70°C - 61°C - 60°C - 70°C - 72°C | Throttling: None - None - None - None - None - None - None - None
676 (743269 Gflops/s) - 687 (755364 Gflops/s) - 683 (750966 Gflops/s) - 678 (745468 Gflops/s) - 672 (738871 Gflops/s) - 684 (752065 Gflops/s) - 671 (737772 Gflops/s) - 673 (739971 Gflops/s) | Temperatures: 59°C - 61°C - 71°C - 70°C - 61°C - 60°C - 70°C - 72°C | Throttling: None - None - None - None - None - None - None - None
677 (744369 Gflops/s) - 688 (756463 Gflops/s) - 682 (749866 Gflops/s) - 678 (745468 Gflops/s) - 681 (748767 Gflops/s) - 685 (753165 Gflops/s) - 671 (737772 Gflops/s) - 674 (741070 Gflops/s) | Temperatures: 59°C - 61°C - 71°C - 70°C - 61°C - 60°C - 70°C - 72°C | Throttling: None - None - None - None - None - None - None - None
678 (745468 Gflops/s) - 687 (755364 Gflops/s) - 683 (750966 Gflops/s) - 679 (746568 Gflops/s) - 681 (748767 Gflops/s) - 684 (752065 Gflops/s) - 672 (738871 Gflops/s) - 675 (742170 Gflops/s) | Temperatures: 59°C - 61°C - 71°C - 70°C - 61°C - 60°C - 70°C - 72°C | Throttling: None - None - None - None - None - None - None - None
676 (743269 Gflops/s) - 687 (755364 Gflops/s) - 681 (748767 Gflops/s) - 677 (744369 Gflops/s) - 680 (747667 Gflops/s) - 685 (753165 Gflops/s) - 670 (736672 Gflops/s) - 688 (756463 Gflops/s) | Temperatures: 59°C - 61°C - 71°C - 70°C - 61°C - 60°C - 70°C - 72°C | Throttling: None - None - None - None - None - None - None - None
678 (745468 Gflops/s) - 687 (755364 Gflops/s) - 683 (750966 Gflops/s) - 679 (746568 Gflops/s) - 682 (749866 Gflops/s) - 685 (753165 Gflops/s) - 672 (738871 Gflops/s) - 660 (725677 Gflops/s) | Temperatures: 59°C - 61°C - 71°C - 70°C - 61°C - 60°C - 70°C - 72°C | Throttling: None - None - None - None - None - None - None - None
678 (745468 Gflops/s) - 688 (756463 Gflops/s) - 682 (749866 Gflops/s) - 678 (745468 Gflops/s) - 681 (748767 Gflops/s) - 684 (752065 Gflops/s) - 671 (737772 Gflops/s) - 674 (741070 Gflops/s) | Temperatures: 59°C - 61°C - 71°C - 70°C - 61°C - 60°C - 70°C - 72°C | Throttling: None - None - None - None - None - None - None - None
677 (744369 Gflops/s) - 693 (761961 Gflops/s) - 683 (750966 Gflops/s) - 679 (746568 Gflops/s) - 682 (749866 Gflops/s) - 697 (766359 Gflops/s) - 671 (737772 Gflops/s) - 674 (741070 Gflops/s) | Temperatures: 59°C - 61°C - 71°C - 70°C - 61°C - 60°C - 70°C - 72°C | Throttling: None - None - None - None - None - None - None - None
677 (744369 Gflops/s) - 681 (748767 Gflops/s) - 682 (749866 Gflops/s) - 678 (745468 Gflops/s) - 682 (749866 Gflops/s) - 673 (739971 Gflops/s) - 671 (737772 Gflops/s) - 673 (739971 Gflops/s) | Temperatures: 59°C - 61°C - 71°C - 70°C - 61°C - 60°C - 70°C - 72°C | Throttling: None - None - None - None - None - None - None - None
677 (744369 Gflops/s) - 688 (756463 Gflops/s) - 683 (750966 Gflops/s) - 679 (746568 Gflops/s) - 682 (749866 Gflops/s) - 684 (752065 Gflops/s) - 671 (737772 Gflops/s) - 675 (742170 Gflops/s) | Temperatures: 59°C - 61°C - 71°C - 70°C - 61°C - 60°C - 70°C - 72°C | Throttling: None - None - None - None - None - None - None - None
678 (745468 Gflops/s) - 687 (755364 Gflops/s) - 683 (750966 Gflops/s) - 678 (745468 Gflops/s) - 681 (748767 Gflops/s) - 685 (753165 Gflops/s) - 672 (738871 Gflops/s) - 674 (741070 Gflops/s) | Temperatures: 59°C - 61°C - 71°C - 70°C - 61°C - 60°C - 70°C - 72°C | Throttling: None - None - None - None - None - None - None - None
677 (744369 Gflops/s) - 687 (755364 Gflops/s) - 682 (749866 Gflops/s) - 679 (746568 Gflops/s) - 681 (748767 Gflops/s) - 685 (753165 Gflops/s) - 671 (737772 Gflops/s) - 675 (742170 Gflops/s) | Temperatures: 59°C - 61°C - 71°C - 70°C - 61°C - 60°C - 70°C - 72°C | Throttling: None - None - None - None - None - None - None - None
676 (743269 Gflops/s) - 687 (755364 Gflops/s) - 682 (749866 Gflops/s) - 678 (745468 Gflops/s) - 681 (748767 Gflops/s) - 684 (752065 Gflops/s) - 671 (737772 Gflops/s) - 674 (741070 Gflops/s) | Temperatures: 59°C - 61°C - 71°C - 70°C - 61°C - 60°C - 70°C - 72°C | Throttling: None - None - None - None - None - None - None - None
677 (744369 Gflops/s) - 687 (755364 Gflops/s) - 683 (750966 Gflops/s) - 679 (746568 Gflops/s) - 682 (749866 Gflops/s) - 685 (753165 Gflops/s) - 671 (737772 Gflops/s) - 674 (741070 Gflops/s) | Temperatures: 59°C - 61°C - 71°C - 70°C - 61°C - 60°C - 70°C - 72°C | Throttling: None - None - None - None - None - None - None - None
677 (744369 Gflops/s) - 688 (756463 Gflops/s) - 682 (749866 Gflops/s) - 678 (745468 Gflops/s) - 681 (748767 Gflops/s) - 685 (753165 Gflops/s) - 671 (737772 Gflops/s) - 675 (742170 Gflops/s) | Temperatures: 59°C - 61°C - 71°C - 70°C - 61°C - 60°C - 70°C - 72°C | Throttling: None - None - None - None - None - None - None - None
677 (744369 Gflops/s) - 686 (754264 Gflops/s) - 683 (750966 Gflops/s) - 679 (746568 Gflops/s) - 682 (749866 Gflops/s) - 685 (753165 Gflops/s) - 681 (748767 Gflops/s) - 674 (741070 Gflops/s) | Temperatures: 59°C - 61°C - 71°C - 70°C - 61°C - 60°C - 70°C - 72°C | Throttling: None - None - None - None - None - None - None - None
676 (743269 Gflops/s) - 686 (754264 Gflops/s) - 682 (749866 Gflops/s) - 678 (745468 Gflops/s) - 680 (747667 Gflops/s) - 684 (752065 Gflops/s) - 661 (726777 Gflops/s) - 673 (739971 Gflops/s) | Temperatures: 59°C - 61°C - 71°C - 70°C - 61°C - 60°C - 70°C - 72°C | Throttling: None - None - None - None - None - None - None - None
678 (745468 Gflops/s) - 688 (756463 Gflops/s) - 683 (750966 Gflops/s) - 678 (745468 Gflops/s) - 682 (749866 Gflops/s) - 684 (752065 Gflops/s) - 672 (738871 Gflops/s) - 675 (742170 Gflops/s) | Temperatures: 59°C - 61°C - 71°C - 70°C - 61°C - 60°C - 70°C - 72°C | Throttling: None - None - None - None - None - None - None - None
677 (744369 Gflops/s) - 688 (756463 Gflops/s) - 683 (750966 Gflops/s) - 679 (746568 Gflops/s) - 680 (747667 Gflops/s) - 685 (753165 Gflops/s) - 671 (737772 Gflops/s) - 675 (742170 Gflops/s) | Temperatures: 59°C - 61°C - 71°C - 70°C - 61°C - 60°C - 70°C - 72°C | Throttling: None - None - None - None - None - None - None - None
677 (744369 Gflops/s) - 688 (756463 Gflops/s) - 683 (750966 Gflops/s) - 679 (746568 Gflops/s) - 682 (749866 Gflops/s) - 684 (752065 Gflops/s) - 672 (738871 Gflops/s) - 674 (741070 Gflops/s) | Temperatures: 59°C - 61°C - 71°C - 70°C - 61°C - 60°C - 70°C - 72°C | Throttling: None - None - None - None - None - None - None - None
676 (743269 Gflops/s) - 687 (755364 Gflops/s) - 683 (750966 Gflops/s) - 678 (745468 Gflops/s) - 681 (748767 Gflops/s) - 685 (753165 Gflops/s) - 670 (736672 Gflops/s) - 674 (741070 Gflops/s) | Temperatures: 59°C - 61°C - 71°C - 70°C - 61°C - 60°C - 70°C - 72°C | Throttling: None - None - None - None - None - None - None - None
678 (745468 Gflops/s) - 688 (756463 Gflops/s) - 682 (749866 Gflops/s) - 678 (745468 Gflops/s) - 681 (748767 Gflops/s) - 684 (752065 Gflops/s) - 672 (738871 Gflops/s) - 674 (741070 Gflops/s) | Temperatures: 59°C - 61°C - 71°C - 70°C - 61°C - 60°C - 70°C - 72°C | Throttling: None - None - None - None - None - None - None - None
676 (743269 Gflops/s) - 688 (756463 Gflops/s) - 683 (750966 Gflops/s) - 679 (746568 Gflops/s) - 681 (748767 Gflops/s) - 685 (753165 Gflops/s) - 671 (737772 Gflops/s) - 675 (742170 Gflops/s) | Temperatures: 59°C - 61°C - 71°C - 70°C - 61°C - 60°C - 70°C - 72°C | Throttling: None - None - None - None - None - None - None - None
678 (745468 Gflops/s) - 689 (757563 Gflops/s) - 682 (749866 Gflops/s) - 678 (745468 Gflops/s) - 682 (749866 Gflops/s) - 685 (753165 Gflops/s) - 671 (737772 Gflops/s) - 674 (741070 Gflops/s) | Temperatures: 59°C - 61°C - 71°C - 70°C - 61°C - 60°C - 70°C - 72°C | Throttling: None - None - None - None - None - None - None - None
676 (743269 Gflops/s) - 687 (755364 Gflops/s) - 683 (750966 Gflops/s) - 678 (745468 Gflops/s) - 680 (747667 Gflops/s) - 684 (752065 Gflops/s) - 671 (737772 Gflops/s) - 674 (741070 Gflops/s) | Temperatures: 59°C - 61°C - 71°C - 70°C - 61°C - 60°C - 70°C - 72°C | Throttling: None - None - None - None - None - None - None - None
678 (745468 Gflops/s) - 688 (756463 Gflops/s) - 683 (750966 Gflops/s) - 679 (746568 Gflops/s) - 681 (748767 Gflops/s) - 685 (753165 Gflops/s) - 672 (738871 Gflops/s) - 674 (741070 Gflops/s) | Temperatures: 59°C - 61°C - 71°C - 70°C - 61°C - 60°C - 70°C - 72°C | Throttling: None - None - None - None - None - None - None - None
677 (744369 Gflops/s) - 689 (757563 Gflops/s) - 697 (766359 Gflops/s) - 679 (746568 Gflops/s) - 682 (749866 Gflops/s) - 684 (752065 Gflops/s) - 671 (737772 Gflops/s) - 674 (741070 Gflops/s) | Temperatures: 59°C - 61°C - 71°C - 70°C - 61°C - 60°C - 70°C - 72°C | Throttling: None - None - None - None - None - None - None - None
677 (744369 Gflops/s) - 688 (756463 Gflops/s) - 668 (734473 Gflops/s) - 678 (745468 Gflops/s) - 681 (748767 Gflops/s) - 685 (753165 Gflops/s) - 671 (737772 Gflops/s) - 675 (742170 Gflops/s) | Temperatures: 59°C - 61°C - 71°C - 70°C - 61°C - 60°C - 70°C - 72°C | Throttling: None - None - None - None - None - None - None - None
676 (743269 Gflops/s) - 687 (755364 Gflops/s) - 682 (749866 Gflops/s) - 678 (745468 Gflops/s) - 681 (748767 Gflops/s) - 684 (752065 Gflops/s) - 671 (737772 Gflops/s) - 673 (739971 Gflops/s) | Temperatures: 59°C - 61°C - 71°C - 70°C - 61°C - 60°C - 70°C - 72°C | Throttling: None - None - None - None - None - None - None - None
678 (745468 Gflops/s) - 689 (757563 Gflops/s) - 683 (750966 Gflops/s) - 679 (746568 Gflops/s) - 681 (748767 Gflops/s) - 685 (753165 Gflops/s) - 671 (737772 Gflops/s) - 675 (742170 Gflops/s) | Temperatures: 59°C - 61°C - 71°C - 70°C - 61°C - 60°C - 70°C - 72°C | Throttling: None - None - None - None - None - None - None - None
677 (744369 Gflops/s) - 686 (754264 Gflops/s) - 682 (749866 Gflops/s) - 678 (745468 Gflops/s) - 681 (748767 Gflops/s) - 685 (753165 Gflops/s) - 671 (737772 Gflops/s) - 685 (753165 Gflops/s) | Temperatures: 59°C - 61°C - 71°C - 70°C - 61°C - 60°C - 70°C - 72°C | Throttling: None - None - None - None - None - None - None - None
676 (743269 Gflops/s) - 688 (756463 Gflops/s) - 682 (749866 Gflops/s) - 678 (745468 Gflops/s) - 682 (749866 Gflops/s) - 685 (753165 Gflops/s) - 672 (738871 Gflops/s) - 664 (730075 Gflops/s) | Temperatures: 59°C - 61°C - 71°C - 70°C - 61°C - 60°C - 70°C - 72°C | Throttling: None - None - None - None - None - None - None - None
678 (745468 Gflops/s) - 687 (755364 Gflops/s) - 683 (750966 Gflops/s) - 679 (746568 Gflops/s) - 681 (748767 Gflops/s) - 684 (752065 Gflops/s) - 671 (737772 Gflops/s) - 674 (741070 Gflops/s) | Temperatures: 59°C - 61°C - 71°C - 70°C - 61°C - 60°C - 70°C - 72°C | Throttling: None - None - None - None - None - None - None - None
677 (744369 Gflops/s) - 688 (756463 Gflops/s) - 682 (749866 Gflops/s) - 687 (755364 Gflops/s) - 680 (747667 Gflops/s) - 685 (753165 Gflops/s) - 671 (737772 Gflops/s) - 674 (741070 Gflops/s) | Temperatures: 59°C - 61°C - 71°C - 70°C - 61°C - 60°C - 70°C - 72°C | Throttling: None - None - None - None - None - None - None - None
676 (743269 Gflops/s) - 688 (756463 Gflops/s) - 682 (749866 Gflops/s) - 669 (735573 Gflops/s) - 683 (750966 Gflops/s) - 684 (752065 Gflops/s) - 671 (737772 Gflops/s) - 675 (742170 Gflops/s) | Temperatures: 59°C - 61°C - 71°C - 70°C - 61°C - 60°C - 70°C - 72°C | Throttling: None - None - None - None - None - None - None - None
678 (745468 Gflops/s) - 687 (755364 Gflops/s) - 683 (750966 Gflops/s) - 679 (746568 Gflops/s) - 681 (748767 Gflops/s) - 685 (753165 Gflops/s) - 672 (738871 Gflops/s) - 674 (741070 Gflops/s) | Temperatures: 59°C - 61°C - 71°C - 70°C - 61°C - 60°C - 70°C - 72°C | Throttling: None - None - None - None - None - None - None - None
676 (743269 Gflops/s) - 688 (756463 Gflops/s) - 682 (749866 Gflops/s) - 678 (745468 Gflops/s) - 679 (746568 Gflops/s) - 684 (752065 Gflops/s) - 670 (736672 Gflops/s) - 674 (741070 Gflops/s) | Temperatures: 59°C - 61°C - 71°C - 70°C - 61°C - 60°C - 70°C - 72°C | Throttling: None - None - None - None - None - None - None - None
677 (744369 Gflops/s) - 688 (756463 Gflops/s) - 683 (750966 Gflops/s) - 678 (745468 Gflops/s) - 682 (749866 Gflops/s) - 685 (753165 Gflops/s) - 672 (738871 Gflops/s) - 674 (741070 Gflops/s) | Temperatures: 59°C - 61°C - 71°C - 70°C - 61°C - 60°C - 70°C - 72°C | Throttling: None - None - None - None - None - None - None - None
677 (744369 Gflops/s) - 688 (756463 Gflops/s) - 683 (750966 Gflops/s) - 679 (746568 Gflops/s) - 681 (748767 Gflops/s) - 684 (752065 Gflops/s) - 671 (737772 Gflops/s) - 674 (741070 Gflops/s) | Temperatures: 59°C - 61°C - 71°C - 70°C - 61°C - 60°C - 70°C - 72°C | Throttling: None - None - None - None - None - None - None - None
677 (744369 Gflops/s) - 687 (755364 Gflops/s) - 683 (750966 Gflops/s) - 678 (745468 Gflops/s) - 682 (749866 Gflops/s) - 685 (753165 Gflops/s) - 672 (738871 Gflops/s) - 674 (741070 Gflops/s) | Temperatures: 59°C - 61°C - 71°C - 70°C - 61°C - 60°C - 70°C - 72°C | Throttling: None - None - None - None - None - None - None - None
676 (743269 Gflops/s) - 687 (755364 Gflops/s) - 682 (749866 Gflops/s) - 678 (745468 Gflops/s) - 680 (747667 Gflops/s) - 684 (752065 Gflops/s) - 670 (736672 Gflops/s) - 674 (741070 Gflops/s) | Temperatures: 59°C - 61°C - 71°C - 70°C - 61°C - 60°C - 70°C - 72°C | Throttling: None - None - None - None - None - None - None - None
678 (745468 Gflops/s) - 688 (756463 Gflops/s) - 682 (749866 Gflops/s) - 679 (746568 Gflops/s) - 682 (749866 Gflops/s) - 685 (753165 Gflops/s) - 672 (738871 Gflops/s) - 675 (742170 Gflops/s) | Temperatures: 59°C - 61°C - 71°C - 70°C - 61°C - 60°C - 70°C - 72°C | Throttling: None - None - None - None - None - None - None - None
676 (743269 Gflops/s) - 688 (756463 Gflops/s) - 682 (749866 Gflops/s) - 678 (745468 Gflops/s) - 681 (748767 Gflops/s) - 685 (753165 Gflops/s) - 671 (737772 Gflops/s) - 674 (741070 Gflops/s) | Temperatures: 59°C - 61°C - 71°C - 70°C - 61°C - 60°C - 70°C - 72°C | Throttling: None - None - None - None - None - None - None - None
678 (745468 Gflops/s) - 687 (755364 Gflops/s) - 682 (749866 Gflops/s) - 678 (745468 Gflops/s) - 683 (750966 Gflops/s) - 684 (752065 Gflops/s) - 672 (738871 Gflops/s) - 675 (742170 Gflops/s) | Temperatures: 59°C - 61°C - 71°C - 70°C - 61°C - 60°C - 70°C - 72°C | Throttling: None - None - None - None - None - None - None - None
679 (746568 Gflops/s) - 687 (755364 Gflops/s) - 682 (749866 Gflops/s) - 678 (745468 Gflops/s) - 681 (748767 Gflops/s) - 684 (752065 Gflops/s) - 670 (736672 Gflops/s) - 674 (741070 Gflops/s) | Temperatures: 59°C - 61°C - 71°C - 70°C - 61°C - 60°C - 70°C - 72°C | Throttling: None - None - None - None - None - None - None - None
674 (741070 Gflops/s) - 688 (756463 Gflops/s) - 686 (754264 Gflops/s) - 678 (745468 Gflops/s) - 681 (748767 Gflops/s) - 685 (753165 Gflops/s) - 672 (738871 Gflops/s) - 674 (741070 Gflops/s) | Temperatures: 59°C - 61°C - 71°C - 70°C - 61°C - 60°C - 70°C - 72°C | Throttling: None - None - None - None - None - None - None - None
677 (744369 Gflops/s) - 688 (756463 Gflops/s) - 679 (746568 Gflops/s) - 679 (746568 Gflops/s) - 680 (747667 Gflops/s) - 685 (753165 Gflops/s) - 671 (737772 Gflops/s) - 675 (742170 Gflops/s) | Temperatures: 59°C - 61°C - 71°C - 70°C - 61°C - 60°C - 70°C - 72°C | Throttling: None - None - None - None - None - None - None - None
678 (745468 Gflops/s) - 687 (755364 Gflops/s) - 682 (749866 Gflops/s) - 678 (745468 Gflops/s) - 682 (749866 Gflops/s) - 685 (753165 Gflops/s) - 671 (737772 Gflops/s) - 674 (741070 Gflops/s) | Temperatures: 59°C - 61°C - 71°C - 70°C - 61°C - 60°C - 70°C - 72°C | Throttling: None - None - None - None - None - None - None - None
677 (744369 Gflops/s) - 698 (767459 Gflops/s) - 682 (749866 Gflops/s) - 677 (744369 Gflops/s) - 680 (747667 Gflops/s) - 684 (752065 Gflops/s) - 671 (737772 Gflops/s) - 674 (741070 Gflops/s) | Temperatures: 59°C - 61°C - 71°C - 70°C - 61°C - 60°C - 70°C - 72°C | Throttling: None - None - None - None - None - None - None - None
677 (744369 Gflops/s) - 676 (743269 Gflops/s) - 682 (749866 Gflops/s) - 678 (745468 Gflops/s) - 681 (748767 Gflops/s) - 685 (753165 Gflops/s) - 671 (737772 Gflops/s) - 674 (741070 Gflops/s) | Temperatures: 59°C - 61°C - 71°C - 70°C - 61°C - 60°C - 70°C - 72°C | Throttling: None - None - None - None - None - None - None - None
676 (743269 Gflops/s) - 687 (755364 Gflops/s) - 683 (750966 Gflops/s) - 679 (746568 Gflops/s) - 682 (749866 Gflops/s) - 685 (753165 Gflops/s) - 672 (738871 Gflops/s) - 674 (741070 Gflops/s) | Temperatures: 59°C - 61°C - 71°C - 70°C - 61°C - 60°C - 70°C - 72°C | Throttling: None - None - None - None - None - None - None - None
677 (744369 Gflops/s) - 688 (756463 Gflops/s) - 682 (749866 Gflops/s) - 678 (745468 Gflops/s) - 681 (748767 Gflops/s) - 685 (753165 Gflops/s) - 671 (737772 Gflops/s) - 675 (742170 Gflops/s) | Temperatures: 59°C - 61°C - 71°C - 70°C - 61°C - 60°C - 70°C - 72°C | Throttling: None - None - None - None - None - None - None - None
677 (744369 Gflops/s) - 687 (755364 Gflops/s) - 683 (750966 Gflops/s) - 679 (746568 Gflops/s) - 681 (748767 Gflops/s) - 684 (752065 Gflops/s) - 671 (737772 Gflops/s) - 675 (742170 Gflops/s) | Temperatures: 59°C - 61°C - 71°C - 70°C - 61°C - 60°C - 70°C - 72°C | Throttling: None - None - None - None - None - None - None - None
683 (750966 Gflops/s) - 688 (756463 Gflops/s) - 682 (749866 Gflops/s) - 677 (744369 Gflops/s) - 681 (748767 Gflops/s) - 684 (752065 Gflops/s) - 671 (737772 Gflops/s) - 673 (739971 Gflops/s) | Temperatures: 59°C - 61°C - 71°C - 70°C - 61°C - 60°C - 70°C - 72°C | Throttling: None - None - None - None - None - None - None - None
671 (737772 Gflops/s) - 686 (754264 Gflops/s) - 682 (749866 Gflops/s) - 679 (746568 Gflops/s) - 681 (748767 Gflops/s) - 685 (753165 Gflops/s) - 671 (737772 Gflops/s) - 674 (741070 Gflops/s) | Temperatures: 59°C - 61°C - 71°C - 70°C - 61°C - 60°C - 70°C - 72°C | Throttling: None - None - None - None - None - None - None - None
676 (743269 Gflops/s) - 688 (756463 Gflops/s) - 683 (750966 Gflops/s) - 678 (745468 Gflops/s) - 681 (748767 Gflops/s) - 685 (753165 Gflops/s) - 672 (738871 Gflops/s) - 674 (741070 Gflops/s) | Temperatures: 59°C - 61°C - 71°C - 70°C - 61°C - 60°C - 70°C - 72°C | Throttling: None - None - None - None - None - None - None - None
676 (743269 Gflops/s) - 688 (756463 Gflops/s) - 682 (749866 Gflops/s) - 677 (744369 Gflops/s) - 681 (748767 Gflops/s) - 684 (752065 Gflops/s) - 670 (736672 Gflops/s) - 681 (748767 Gflops/s) | Temperatures: 59°C - 61°C - 71°C - 70°C - 61°C - 60°C - 70°C - 72°C | Throttling: None - None - None - None - None - None - None - None
677 (744369 Gflops/s) - 687 (755364 Gflops/s) - 682 (749866 Gflops/s) - 678 (745468 Gflops/s) - 681 (748767 Gflops/s) - 685 (753165 Gflops/s) - 685 (753165 Gflops/s) - 667 (733374 Gflops/s) | Temperatures: 59°C - 61°C - 71°C - 70°C - 61°C - 60°C - 70°C - 72°C | Throttling: None - None - None - None - None - None - None - None
676 (743269 Gflops/s) - 688 (756463 Gflops/s) - 683 (750966 Gflops/s) - 678 (745468 Gflops/s) - 681 (748767 Gflops/s) - 685 (753165 Gflops/s) - 658 (723478 Gflops/s) - 674 (741070 Gflops/s) | Temperatures: 59°C - 61°C - 71°C - 70°C - 61°C - 60°C - 70°C - 72°C | Throttling: None - None - None - None - None - None - None - None
677 (744369 Gflops/s) - 688 (756463 Gflops/s) - 682 (749866 Gflops/s) - 678 (745468 Gflops/s) - 682 (749866 Gflops/s) - 685 (753165 Gflops/s) - 671 (737772 Gflops/s) - 674 (741070 Gflops/s) | Temperatures: 59°C - 61°C - 71°C - 70°C - 61°C - 60°C - 70°C - 72°C | Throttling: None - None - None - None - None - None - None - None
677 (744369 Gflops/s) - 688 (756463 Gflops/s) - 683 (750966 Gflops/s) - 679 (746568 Gflops/s) - 682 (749866 Gflops/s) - 684 (752065 Gflops/s) - 672 (738871 Gflops/s) - 675 (742170 Gflops/s) | Temperatures: 59°C - 61°C - 71°C - 70°C - 61°C - 60°C - 70°C - 72°C | Throttling: None - None - None - None - None - None - None - None
675 (742170 Gflops/s) - 685 (753165 Gflops/s) - 682 (749866 Gflops/s) - 678 (745468 Gflops/s) - 681 (748767 Gflops/s) - 684 (752065 Gflops/s) - 671 (737772 Gflops/s) - 673 (739971 Gflops/s) | Temperatures: 59°C - 61°C - 71°C - 70°C - 61°C - 60°C - 70°C - 72°C | Throttling: None - None - None - None - None - None - None - None
691 (759762 Gflops/s) - 688 (756463 Gflops/s) - 683 (750966 Gflops/s) - 678 (745468 Gflops/s) - 681 (748767 Gflops/s) - 685 (753165 Gflops/s) - 671 (737772 Gflops/s) - 675 (742170 Gflops/s) | Temperatures: 59°C - 61°C - 71°C - 70°C - 61°C - 60°C - 70°C - 72°C | Throttling: None - None - None - None - None - None - None - None
664 (730075 Gflops/s) - 686 (754264 Gflops/s) - 683 (750966 Gflops/s) - 679 (746568 Gflops/s) - 681 (748767 Gflops/s) - 685 (753165 Gflops/s) - 671 (737772 Gflops/s) - 674 (741070 Gflops/s) | Temperatures: 59°C - 61°C - 71°C - 70°C - 61°C - 60°C - 70°C - 72°C | Throttling: None - None - None - None - None - None - None - None
677 (744369 Gflops/s) - 688 (756463 Gflops/s) - 683 (750966 Gflops/s) - 678 (745468 Gflops/s) - 681 (748767 Gflops/s) - 684 (752065 Gflops/s) - 672 (738871 Gflops/s) - 675 (742170 Gflops/s) | Temperatures: 59°C - 61°C - 71°C - 70°C - 61°C - 60°C - 70°C - 72°C | Throttling: None - None - None - None - None - None - None - None
677 (744369 Gflops/s) - 688 (756463 Gflops/s) - 683 (750966 Gflops/s) - 677 (744369 Gflops/s) - 681 (748767 Gflops/s) - 684 (752065 Gflops/s) - 670 (736672 Gflops/s) - 673 (739971 Gflops/s) | Temperatures: 59°C - 61°C - 71°C - 70°C - 61°C - 60°C - 70°C - 72°C | Throttling: None - None - None - None - None - None - None - None
677 (744369 Gflops/s) - 688 (756463 Gflops/s) - 683 (750966 Gflops/s) - 679 (746568 Gflops/s) - 690 (758663 Gflops/s) - 692 (760862 Gflops/s) - 672 (738871 Gflops/s) - 674 (741070 Gflops/s) | Temperatures: 59°C - 61°C - 71°C - 70°C - 61°C - 60°C - 70°C - 72°C | Throttling: None - None - None - None - None - None - None - None
677 (744369 Gflops/s) - 687 (755364 Gflops/s) - 683 (750966 Gflops/s) - 678 (745468 Gflops/s) - 672 (738871 Gflops/s) - 678 (745468 Gflops/s) - 671 (737772 Gflops/s) - 674 (741070 Gflops/s) | Temperatures: 59°C - 61°C - 71°C - 70°C - 61°C - 60°C - 70°C - 72°C | Throttling: None - None - None - None - None - None - None - None
676 (743269 Gflops/s) - 687 (755364 Gflops/s) - 683 (750966 Gflops/s) - 679 (746568 Gflops/s) - 682 (749866 Gflops/s) - 685 (753165 Gflops/s) - 671 (737772 Gflops/s) - 675 (742170 Gflops/s) | Temperatures: 59°C - 61°C - 71°C - 70°C - 61°C - 60°C - 70°C - 72°C | Throttling: None - None - None - None - None - None - None - None
677 (744369 Gflops/s) - 687 (755364 Gflops/s) - 682 (749866 Gflops/s) - 677 (744369 Gflops/s) - 681 (748767 Gflops/s) - 684 (752065 Gflops/s) - 671 (737772 Gflops/s) - 673 (739971 Gflops/s) | Temperatures: 59°C - 61°C - 71°C - 70°C - 61°C - 60°C - 70°C - 72°C | Throttling: None - None - None - None - None - None - None - None
677 (744369 Gflops/s) - 689 (757563 Gflops/s) - 681 (748767 Gflops/s) - 679 (746568 Gflops/s) - 681 (748767 Gflops/s) - 684 (752065 Gflops/s) - 672 (738871 Gflops/s) - 675 (742170 Gflops/s) | Temperatures: 59°C - 61°C - 71°C - 70°C - 61°C - 60°C - 70°C - 72°C | Throttling: None - None - None - None - None - None - None - None
694 (763061 Gflops/s) - 686 (754264 Gflops/s) - 682 (749866 Gflops/s) - 678 (745468 Gflops/s) - 681 (748767 Gflops/s) - 685 (753165 Gflops/s) - 671 (737772 Gflops/s) - 674 (741070 Gflops/s) | Temperatures: 59°C - 61°C - 71°C - 70°C - 61°C - 60°C - 70°C - 72°C | Throttling: None - None - None - None - None - None - None - None
661 (726777 Gflops/s) - 689 (757563 Gflops/s) - 683 (750966 Gflops/s) - 678 (745468 Gflops/s) - 682 (749866 Gflops/s) - 685 (753165 Gflops/s) - 671 (737772 Gflops/s) - 673 (739971 Gflops/s) | Temperatures: 59°C - 61°C - 71°C - 70°C - 61°C - 60°C - 70°C - 72°C | Throttling: None - None - None - None - None - None - None - None
676 (743269 Gflops/s) - 685 (753165 Gflops/s) - 682 (749866 Gflops/s) - 678 (745468 Gflops/s) - 681 (748767 Gflops/s) - 684 (752065 Gflops/s) - 671 (737772 Gflops/s) - 674 (741070 Gflops/s) | Temperatures: 59°C - 61°C - 71°C - 70°C - 61°C - 60°C - 70°C - 72°C | Throttling: None - None - None - None - None - None - None - None
676 (743269 Gflops/s) - 688 (756463 Gflops/s) - 682 (749866 Gflops/s) - 678 (745468 Gflops/s) - 681 (748767 Gflops/s) - 684 (752065 Gflops/s) - 671 (737772 Gflops/s) - 674 (741070 Gflops/s) | Temperatures: 59°C - 61°C - 71°C - 70°C - 61°C - 60°C - 70°C - 72°C | Throttling: None - None - None - None - None - None - None - None
677 (744369 Gflops/s) - 686 (754264 Gflops/s) - 682 (749866 Gflops/s) - 679 (746568 Gflops/s) - 682 (749866 Gflops/s) - 685 (753165 Gflops/s) - 672 (738871 Gflops/s) - 674 (741070 Gflops/s) | Temperatures: 59°C - 61°C - 71°C - 70°C - 61°C - 60°C - 70°C - 72°C | Throttling: None - None - None - None - None - None - None - None
677 (744369 Gflops/s) - 687 (755364 Gflops/s) - 682 (749866 Gflops/s) - 678 (745468 Gflops/s) - 681 (748767 Gflops/s) - 685 (753165 Gflops/s) - 671 (737772 Gflops/s) - 674 (741070 Gflops/s) | Temperatures: 59°C - 61°C - 71°C - 70°C - 61°C - 60°C - 70°C - 72°C | Throttling: None - None - None - None - None - None - None - None
677 (744369 Gflops/s) - 687 (755364 Gflops/s) - 682 (749866 Gflops/s) - 678 (745468 Gflops/s) - 681 (748767 Gflops/s) - 683 (750966 Gflops/s) - 671 (737772 Gflops/s) - 674 (741070 Gflops/s) | Temperatures: 59°C - 61°C - 71°C - 70°C - 61°C - 60°C - 70°C - 72°C | Throttling: None - None - None - None - None - None - None - None
677 (744369 Gflops/s) - 688 (756463 Gflops/s) - 682 (749866 Gflops/s) - 679 (746568 Gflops/s) - 681 (748767 Gflops/s) - 685 (753165 Gflops/s) - 671 (737772 Gflops/s) - 673 (739971 Gflops/s) | Temperatures: 59°C - 61°C - 71°C - 70°C - 61°C - 60°C - 70°C - 72°C | Throttling: None - None - None - None - None - None - None - None
677 (744369 Gflops/s) - 687 (755364 Gflops/s) - 682 (749866 Gflops/s) - 677 (744369 Gflops/s) - 681 (748767 Gflops/s) - 685 (753165 Gflops/s) - 671 (737772 Gflops/s) - 675 (742170 Gflops/s) | Temperatures: 59°C - 61°C - 71°C - 70°C - 61°C - 60°C - 70°C - 72°C | Throttling: None - None - None - None - None - None - None - None
677 (744369 Gflops/s) - 687 (755364 Gflops/s) - 683 (750966 Gflops/s) - 679 (746568 Gflops/s) - 681 (748767 Gflops/s) - 685 (753165 Gflops/s) - 672 (738871 Gflops/s) - 673 (739971 Gflops/s) | Temperatures: 59°C - 61°C - 71°C - 70°C - 61°C - 60°C - 70°C - 72°C | Throttling: None - None - None - None - None - None - None - None
676 (743269 Gflops/s) - 687 (755364 Gflops/s) - 682 (749866 Gflops/s) - 677 (744369 Gflops/s) - 681 (748767 Gflops/s) - 684 (752065 Gflops/s) - 670 (736672 Gflops/s) - 674 (741070 Gflops/s) | Temperatures: 59°C - 61°C - 71°C - 70°C - 61°C - 60°C - 70°C - 72°C | Throttling: None - None - None - None - None - None - None - None
676 (743269 Gflops/s) - 687 (755364 Gflops/s) - 683 (750966 Gflops/s) - 679 (746568 Gflops/s) - 681 (748767 Gflops/s) - 684 (752065 Gflops/s) - 672 (738871 Gflops/s) - 683 (750966 Gflops/s) | Temperatures: 59°C - 61°C - 71°C - 70°C - 61°C - 60°C - 70°C - 72°C | Throttling: None - None - None - None - None - None - None - None
678 (745468 Gflops/s) - 687 (755364 Gflops/s) - 682 (749866 Gflops/s) - 678 (745468 Gflops/s) - 681 (748767 Gflops/s) - 685 (753165 Gflops/s) - 671 (737772 Gflops/s) - 666 (732274 Gflops/s) | Temperatures: 59°C - 61°C - 71°C - 70°C - 61°C - 60°C - 70°C - 72°C | Throttling: None - None - None - None - None - None - None - None
678 (745468 Gflops/s) - 687 (755364 Gflops/s) - 683 (750966 Gflops/s) - 678 (745468 Gflops/s) - 681 (748767 Gflops/s) - 685 (753165 Gflops/s) - 671 (737772 Gflops/s) - 673 (739971 Gflops/s) | Temperatures: 59°C - 61°C - 71°C - 70°C - 61°C - 60°C - 70°C - 72°C | Throttling: None - None - None - None - None - None - None - None
676 (743269 Gflops/s) - 686 (754264 Gflops/s) - 681 (748767 Gflops/s) - 678 (745468 Gflops/s) - 681 (748767 Gflops/s) - 684 (752065 Gflops/s) - 671 (737772 Gflops/s) - 674 (741070 Gflops/s) | Temperatures: 59°C - 61°C - 71°C - 70°C - 61°C - 60°C - 70°C - 72°C | Throttling: None - None - None - None - None - None - None - None
677 (744369 Gflops/s) - 688 (756463 Gflops/s) - 683 (750966 Gflops/s) - 678 (745468 Gflops/s) - 681 (748767 Gflops/s) - 684 (752065 Gflops/s) - 671 (737772 Gflops/s) - 673 (739971 Gflops/s) | Temperatures: 59°C - 61°C - 71°C - 70°C - 61°C - 60°C - 70°C - 72°C | Throttling: None - None - None - None - None - None - None - None
678 (745468 Gflops/s) - 688 (756463 Gflops/s) - 683 (750966 Gflops/s) - 679 (746568 Gflops/s) - 681 (748767 Gflops/s) - 685 (753165 Gflops/s) - 672 (738871 Gflops/s) - 675 (742170 Gflops/s) | Temperatures: 59°C - 61°C - 71°C - 70°C - 61°C - 60°C - 70°C - 72°C | Throttling: None - None - None - None - None - None - None - None
677 (744369 Gflops/s) - 688 (756463 Gflops/s) - 683 (750966 Gflops/s) - 678 (745468 Gflops/s) - 681 (748767 Gflops/s) - 685 (753165 Gflops/s) - 671 (737772 Gflops/s) - 674 (741070 Gflops/s) | Temperatures: 59°C - 61°C - 71°C - 70°C - 61°C - 60°C - 70°C - 72°C | Throttling: None - None - None - None - None - None - None - None
676 (743269 Gflops/s) - 687 (755364 Gflops/s) - 682 (749866 Gflops/s) - 679 (746568 Gflops/s) - 681 (748767 Gflops/s) - 685 (753165 Gflops/s) - 671 (737772 Gflops/s) - 675 (742170 Gflops/s) | Temperatures: 59°C - 61°C - 71°C - 70°C - 61°C - 60°C - 70°C - 72°C | Throttling: None - None - None - None - None - None - None - None
677 (744369 Gflops/s) - 687 (755364 Gflops/s) - 682 (749866 Gflops/s) - 677 (744369 Gflops/s) - 681 (748767 Gflops/s) - 684 (752065 Gflops/s) - 671 (737772 Gflops/s) - 673 (739971 Gflops/s) | Temperatures: 59°C - 61°C - 71°C - 70°C - 61°C - 60°C - 70°C - 72°C | Throttling: None - None - None - None - None - None - None - None
677 (744369 Gflops/s) - 687 (755364 Gflops/s) - 683 (750966 Gflops/s) - 679 (746568 Gflops/s) - 681 (748767 Gflops/s) - 685 (753165 Gflops/s) - 671 (737772 Gflops/s) - 675 (742170 Gflops/s) | Temperatures: 59°C - 61°C - 71°C - 70°C - 61°C - 60°C - 70°C - 72°C | Throttling: None - None - None - None - None - None - None - None
677 (744369 Gflops/s) - 687 (755364 Gflops/s) - 682 (749866 Gflops/s) - 678 (745468 Gflops/s) - 681 (748767 Gflops/s) - 684 (752065 Gflops/s) - 672 (738871 Gflops/s) - 674 (741070 Gflops/s) | Temperatures: 59°C - 61°C - 71°C - 70°C - 61°C - 60°C - 70°C - 72°C | Throttling: None - None - None - None - None - None - None - None
678 (745468 Gflops/s) - 688 (756463 Gflops/s) - 697 (766359 Gflops/s) - 679 (746568 Gflops/s) - 682 (749866 Gflops/s) - 685 (753165 Gflops/s) - 671 (737772 Gflops/s) - 674 (741070 Gflops/s) | Temperatures: 59°C - 61°C - 71°C - 70°C - 61°C - 60°C - 70°C - 72°C | Throttling: None - None - None - None - None - None - None - None
676 (743269 Gflops/s) - 687 (755364 Gflops/s) - 666 (732274 Gflops/s) - 677 (744369 Gflops/s) - 681 (748767 Gflops/s) - 684 (752065 Gflops/s) - 671 (737772 Gflops/s) - 675 (742170 Gflops/s) | Temperatures: 59°C - 61°C - 71°C - 70°C - 61°C - 60°C - 70°C - 72°C | Throttling: None - None - None - None - None - None - None - None
677 (744369 Gflops/s) - 687 (755364 Gflops/s) - 683 (750966 Gflops/s) - 679 (746568 Gflops/s) - 681 (748767 Gflops/s) - 685 (753165 Gflops/s) - 671 (737772 Gflops/s) - 674 (741070 Gflops/s) | Temperatures: 59°C - 61°C - 71°C - 70°C - 61°C - 60°C - 70°C - 72°C | Throttling: None - None - None - None - None - None - None - None
676 (743269 Gflops/s) - 688 (756463 Gflops/s) - 682 (749866 Gflops/s) - 678 (745468 Gflops/s) - 681 (748767 Gflops/s) - 684 (752065 Gflops/s) - 672 (738871 Gflops/s) - 674 (741070 Gflops/s) | Temperatures: 59°C - 61°C - 71°C - 70°C - 61°C - 60°C - 70°C - 72°C | Throttling: None - None - None - None - None - None - None - None
677 (744369 Gflops/s) - 687 (755364 Gflops/s) - 682 (749866 Gflops/s) - 678 (745468 Gflops/s) - 681 (748767 Gflops/s) - 685 (753165 Gflops/s) - 671 (737772 Gflops/s) - 674 (741070 Gflops/s) | Temperatures: 59°C - 61°C - 71°C - 70°C - 61°C - 60°C - 70°C - 72°C | Throttling: None - None - None - None - None - None - None - None
676 (743269 Gflops/s) - 687 (755364 Gflops/s) - 682 (749866 Gflops/s) - 678 (745468 Gflops/s) - 680 (747667 Gflops/s) - 683 (750966 Gflops/s) - 671 (737772 Gflops/s) - 673 (739971 Gflops/s) | Temperatures: 59°C - 61°C - 71°C - 70°C - 61°C - 60°C - 70°C - 72°C | Throttling: None - None - None - None - None - None - None - None
678 (745468 Gflops/s) - 700 (769658 Gflops/s) - 682 (749866 Gflops/s) - 678 (745468 Gflops/s) - 681 (748767 Gflops/s) - 685 (753165 Gflops/s) - 688 (756463 Gflops/s) - 674 (741070 Gflops/s) | Temperatures: 59°C - 61°C - 71°C - 70°C - 61°C - 60°C - 70°C - 72°C | Throttling: None - None - None - None - None - None - None - None
677 (744369 Gflops/s) - 677 (744369 Gflops/s) - 683 (750966 Gflops/s) - 678 (745468 Gflops/s) - 681 (748767 Gflops/s) - 684 (752065 Gflops/s) - 654 (719080 Gflops/s) - 674 (741070 Gflops/s) | Temperatures: 59°C - 61°C - 71°C - 70°C - 61°C - 60°C - 70°C - 72°C | Throttling: None - None - None - None - None - None - None - None
677 (744369 Gflops/s) - 688 (756463 Gflops/s) - 682 (749866 Gflops/s) - 678 (745468 Gflops/s) - 682 (749866 Gflops/s) - 685 (753165 Gflops/s) - 672 (738871 Gflops/s) - 675 (742170 Gflops/s) | Temperatures: 59°C - 61°C - 71°C - 70°C - 61°C - 60°C - 70°C - 72°C | Throttling: None - None - None - None - None - None - None - None
677 (744369 Gflops/s) - 687 (755364 Gflops/s) - 681 (748767 Gflops/s) - 678 (745468 Gflops/s) - 679 (746568 Gflops/s) - 684 (752065 Gflops/s) - 670 (736672 Gflops/s) - 674 (741070 Gflops/s) | Temperatures: 59°C - 61°C - 71°C - 70°C - 61°C - 60°C - 70°C - 72°C | Throttling: None - None - None - None - None - None - None - None
676 (743269 Gflops/s) - 687 (755364 Gflops/s) - 683 (750966 Gflops/s) - 678 (745468 Gflops/s) - 682 (749866 Gflops/s) - 685 (753165 Gflops/s) - 672 (738871 Gflops/s) - 675 (742170 Gflops/s) | Temperatures: 59°C - 61°C - 71°C - 70°C - 61°C - 60°C - 70°C - 72°C | Throttling: None - None - None - None - None - None - None - None
677 (744369 Gflops/s) - 687 (755364 Gflops/s) - 682 (749866 Gflops/s) - 678 (745468 Gflops/s) - 681 (748767 Gflops/s) - 685 (753165 Gflops/s) - 671 (737772 Gflops/s) - 674 (741070 Gflops/s) | Temperatures: 59°C - 61°C - 71°C - 70°C - 61°C - 60°C - 70°C - 72°C | Throttling: None - None - None - None - None - None - None - None
678 (745468 Gflops/s) - 688 (756463 Gflops/s) - 682 (749866 Gflops/s) - 679 (746568 Gflops/s) - 681 (748767 Gflops/s) - 684 (752065 Gflops/s) - 671 (737772 Gflops/s) - 674 (741070 Gflops/s) | Temperatures: 59°C - 61°C - 71°C - 70°C - 61°C - 60°C - 70°C - 72°C | Throttling: None - None - None - None - None - None - None - None
498 (547556 Gflops/s) - 469 (515670 Gflops/s) - 473 (520068 Gflops/s) - 459 (504675 Gflops/s) - 503 (553054 Gflops/s) - 242 (266081 Gflops/s) - 671 (737772 Gflops/s) - 505 (555253 Gflops/s) | Temperatures: 59°C - 61°C - 71°C - 70°C - 61°C - 60°C - 70°C - 72°C | Throttling: None - None - None - None - None - None - None - None
GPU #0: 743980 Gflops/s (min: 547556.79, max: 763061.07, dev: 743980.43)
         Temperature: 58.82°C (min: 51.00, max: 60.00)
         Throttling HW: false, Thermal SW: false, Thermal HW: false
GPU #1: 755630 Gflops/s (min: 515670.95, max: 774056.19, dev: 755630.02)
         Temperature: 60.77°C (min: 53.00, max: 62.00)
         Throttling HW: false, Thermal SW: false, Thermal HW: false
GPU #2: 750821 Gflops/s (min: 520069.00, max: 768558.63, dev: 750820.59)
         Temperature: 70.05°C (min: 57.00, max: 72.00)
         Throttling HW: false, Thermal SW: false, Thermal HW: false
GPU #3: 746557 Gflops/s (min: 504675.84, max: 776255.21, dev: 746557.18)
         Temperature: 69.16°C (min: 56.00, max: 71.00)
         Throttling HW: false, Thermal SW: false, Thermal HW: false
GPU #4: 748984 Gflops/s (min: 553054.35, max: 767459.12, dev: 748984.33)
         Temperature: 61.03°C (min: 54.00, max: 63.00)
         Throttling HW: false, Thermal SW: false, Thermal HW: false
GPU #5: 751486 Gflops/s (min: 266081.81, max: 767459.12, dev: 751486.28)
         Temperature: 59.82°C (min: 52.00, max: 61.00)
         Throttling HW: false, Thermal SW: false, Thermal HW: false
GPU #6: 739508 Gflops/s (min: 719080.60, max: 769658.14, dev: 739507.59)
         Temperature: 69.13°C (min: 56.00, max: 71.00)
         Throttling HW: false, Thermal SW: false, Thermal HW: false
GPU #7: 742006 Gflops/s (min: 555253.37, max: 764160.58, dev: 742005.80)
         Temperature: 71.21°C (min: 58.00, max: 73.00)
         Throttling HW: false, Thermal SW: false, Thermal HW: false
All GPUs seem healthy
Freeing GPUs...
======== Run with bf16 ==========
Detected GPU #0: "NVIDIA B200" (c661a9b0-94d4-d6cd-96e0-dcec1b149dbe)
Detected GPU #1: "NVIDIA B200" (5d018a5d-7b84-e590-62d9-f4068224cb13)
Detected GPU #2: "NVIDIA B200" (130c5ab5-bd43-8768-3511-23f262557604)
Detected GPU #3: "NVIDIA B200" (f6cf4300-3eea-153b-022e-1aba06e1ae78)
Detected GPU #4: "NVIDIA B200" (8dbaf0ea-36cc-7913-bdd9-16b21daa2cd1)
Detected GPU #5: "NVIDIA B200" (e56b11e6-0bf9-43c7-014b-130eee244e7a)
Detected GPU #6: "NVIDIA B200" (49efbf3a-3fc3-196f-d54e-b1f14f66532d)
Detected GPU #7: "NVIDIA B200" (7cb93fd0-6280-8bea-613f-7c0f2ad6126f)
Using precision(s):  BF16 
Creating random matrices
Matrices created
GPU #0: Using 163805 MB
GPU #1: Using 163805 MB
GPU #2: Using 163805 MB
GPU #3: Using 163805 MB
GPU #4: Using 163805 MB
GPU #5: Using 163805 MB
GPU #6: Using 163805 MB
GPU #7: Using 163805 MB
1226 (1348001 Gflops/s) - 1231 (1353498 Gflops/s) - 1231 (1353498 Gflops/s) - 1232 (1354598 Gflops/s) - 1231 (1353498 Gflops/s) - 1131 (1243547 Gflops/s) - 1122 (1233652 Gflops/s) - 1064 (1169880 Gflops/s) | Temperatures: 46°C - 48°C - 59°C - 59°C - 51°C - 47°C - 57°C - 59°C | Throttling: None - None - None - None - None - None - None - None
1313 (1443658 Gflops/s) - 1351 (1485440 Gflops/s) - 1348 (1482141 Gflops/s) - 1342 (1475544 Gflops/s) - 1338 (1471146 Gflops/s) - 1340 (1473345 Gflops/s) - 1332 (1464549 Gflops/s) - 1341 (1474445 Gflops/s) | Temperatures: 52°C - 54°C - 63°C - 62°C - 54°C - 52°C - 62°C - 64°C | Throttling: None - None - None - None - None - None - None - None
1310 (1440360 Gflops/s) - 1345 (1478843 Gflops/s) - 1340 (1473345 Gflops/s) - 1334 (1466748 Gflops/s) - 1336 (1468947 Gflops/s) - 1330 (1462350 Gflops/s) - 1323 (1454653 Gflops/s) - 1325 (1456852 Gflops/s) | Temperatures: 53°C - 55°C - 64°C - 63°C - 55°C - 54°C - 63°C - 65°C | Throttling: None - None - None - None - None - None - None - None
1314 (1444758 Gflops/s) - 1347 (1481042 Gflops/s) - 1344 (1477743 Gflops/s) - 1331 (1463449 Gflops/s) - 1334 (1466748 Gflops/s) - 1330 (1462350 Gflops/s) - 1319 (1450255 Gflops/s) - 1322 (1453554 Gflops/s) | Temperatures: 54°C - 56°C - 64°C - 64°C - 56°C - 54°C - 63°C - 65°C | Throttling: None - None - None - None - None - None - None - None
1315 (1445857 Gflops/s) - 1346 (1479942 Gflops/s) - 1344 (1477743 Gflops/s) - 1327 (1459051 Gflops/s) - 1335 (1467848 Gflops/s) - 1336 (1468947 Gflops/s) - 1320 (1451355 Gflops/s) - 1329 (1461250 Gflops/s) | Temperatures: 54°C - 56°C - 65°C - 64°C - 56°C - 55°C - 64°C - 66°C | Throttling: None - None - None - None - None - None - None - None
1315 (1445857 Gflops/s) - 1345 (1478843 Gflops/s) - 1343 (1476644 Gflops/s) - 1333 (1465648 Gflops/s) - 1333 (1465648 Gflops/s) - 1338 (1471146 Gflops/s) - 1321 (1452454 Gflops/s) - 1328 (1460151 Gflops/s) | Temperatures: 55°C - 56°C - 65°C - 64°C - 57°C - 55°C - 64°C - 66°C | Throttling: None - None - None - None - None - None - None - None
1314 (1444758 Gflops/s) - 1343 (1476644 Gflops/s) - 1345 (1478843 Gflops/s) - 1336 (1468947 Gflops/s) - 1332 (1464549 Gflops/s) - 1332 (1464549 Gflops/s) - 1329 (1461250 Gflops/s) - 1325 (1456852 Gflops/s) | Temperatures: 55°C - 57°C - 66°C - 65°C - 57°C - 56°C - 65°C - 67°C | Throttling: None - None - None - None - None - None - None - None
1309 (1439260 Gflops/s) - 1346 (1479942 Gflops/s) - 1342 (1475544 Gflops/s) - 1336 (1468947 Gflops/s) - 1334 (1466748 Gflops/s) - 1334 (1466748 Gflops/s) - 1330 (1462350 Gflops/s) - 1327 (1459051 Gflops/s) | Temperatures: 55°C - 57°C - 66°C - 65°C - 58°C - 56°C - 65°C - 67°C | Throttling: None - None - None - None - None - None - None - None
1313 (1443658 Gflops/s) - 1344 (1477743 Gflops/s) - 1340 (1473345 Gflops/s) - 1335 (1467848 Gflops/s) - 1334 (1466748 Gflops/s) - 1331 (1463449 Gflops/s) - 1326 (1457952 Gflops/s) - 1324 (1455753 Gflops/s) | Temperatures: 56°C - 57°C - 66°C - 65°C - 58°C - 56°C - 65°C - 67°C | Throttling: None - None - None - None - None - None - None - None
1312 (1442559 Gflops/s) - 1343 (1476644 Gflops/s) - 1341 (1474445 Gflops/s) - 1333 (1465648 Gflops/s) - 1332 (1464549 Gflops/s) - 1331 (1463449 Gflops/s) - 1326 (1457952 Gflops/s) - 1323 (1454653 Gflops/s) | Temperatures: 56°C - 58°C - 66°C - 66°C - 58°C - 57°C - 66°C - 67°C | Throttling: None - None - None - None - None - None - None - None
1312 (1442559 Gflops/s) - 1345 (1478843 Gflops/s) - 1341 (1474445 Gflops/s) - 1334 (1466748 Gflops/s) - 1332 (1464549 Gflops/s) - 1334 (1466748 Gflops/s) - 1327 (1459051 Gflops/s) - 1322 (1453554 Gflops/s) | Temperatures: 56°C - 58°C - 67°C - 66°C - 59°C - 57°C - 66°C - 68°C | Throttling: None - None - None - None - None - None - None - None
1311 (1441459 Gflops/s) - 1342 (1475544 Gflops/s) - 1341 (1474445 Gflops/s) - 1339 (1472246 Gflops/s) - 1332 (1464549 Gflops/s) - 1333 (1465648 Gflops/s) - 1325 (1456852 Gflops/s) - 1321 (1452454 Gflops/s) | Temperatures: 56°C - 58°C - 67°C - 66°C - 59°C - 57°C - 66°C - 68°C | Throttling: None - None - None - None - None - None - None - None
1306 (1435962 Gflops/s) - 1341 (1474445 Gflops/s) - 1339 (1472246 Gflops/s) - 1337 (1470047 Gflops/s) - 1330 (1462350 Gflops/s) - 1334 (1466748 Gflops/s) - 1324 (1455753 Gflops/s) - 1321 (1452454 Gflops/s) | Temperatures: 57°C - 59°C - 67°C - 67°C - 59°C - 58°C - 66°C - 68°C | Throttling: None - None - None - None - None - None - None - None
1310 (1440360 Gflops/s) - 1342 (1475544 Gflops/s) - 1340 (1473345 Gflops/s) - 1337 (1470047 Gflops/s) - 1330 (1462350 Gflops/s) - 1331 (1463449 Gflops/s) - 1327 (1459051 Gflops/s) - 1320 (1451355 Gflops/s) | Temperatures: 57°C - 59°C - 68°C - 67°C - 59°C - 58°C - 67°C - 68°C | Throttling: None - None - None - None - None - None - None - None
1308 (1438161 Gflops/s) - 1342 (1475544 Gflops/s) - 1340 (1473345 Gflops/s) - 1337 (1470047 Gflops/s) - 1331 (1463449 Gflops/s) - 1333 (1465648 Gflops/s) - 1326 (1457952 Gflops/s) - 1322 (1453554 Gflops/s) | Temperatures: 57°C - 59°C - 68°C - 67°C - 59°C - 58°C - 67°C - 69°C | Throttling: None - None - None - None - None - None - None - None
1306 (1435962 Gflops/s) - 1338 (1471146 Gflops/s) - 1337 (1470047 Gflops/s) - 1334 (1466748 Gflops/s) - 1328 (1460151 Gflops/s) - 1329 (1461250 Gflops/s) - 1322 (1453554 Gflops/s) - 1319 (1450255 Gflops/s) | Temperatures: 57°C - 59°C - 68°C - 67°C - 60°C - 58°C - 67°C - 69°C | Throttling: None - None - None - None - None - None - None - None
1309 (1439260 Gflops/s) - 1342 (1475544 Gflops/s) - 1339 (1472246 Gflops/s) - 1337 (1470047 Gflops/s) - 1328 (1460151 Gflops/s) - 1331 (1463449 Gflops/s) - 1323 (1454653 Gflops/s) - 1321 (1452454 Gflops/s) | Temperatures: 58°C - 60°C - 68°C - 68°C - 60°C - 59°C - 67°C - 69°C | Throttling: None - None - None - None - None - None - None - None
1314 (1444758 Gflops/s) - 1339 (1472246 Gflops/s) - 1339 (1472246 Gflops/s) - 1335 (1467848 Gflops/s) - 1328 (1460151 Gflops/s) - 1329 (1461250 Gflops/s) - 1322 (1453554 Gflops/s) - 1322 (1453554 Gflops/s) | Temperatures: 58°C - 60°C - 68°C - 68°C - 60°C - 59°C - 68°C - 69°C | Throttling: None - None - None - None - None - None - None - None
1310 (1440360 Gflops/s) - 1338 (1471146 Gflops/s) - 1337 (1470047 Gflops/s) - 1334 (1466748 Gflops/s) - 1326 (1457952 Gflops/s) - 1329 (1461250 Gflops/s) - 1320 (1451355 Gflops/s) - 1317 (1448056 Gflops/s) | Temperatures: 58°C - 60°C - 69°C - 68°C - 60°C - 59°C - 68°C - 70°C | Throttling: None - None - None - None - None - None - None - None
1311 (1441459 Gflops/s) - 1340 (1473345 Gflops/s) - 1337 (1470047 Gflops/s) - 1333 (1465648 Gflops/s) - 1327 (1459051 Gflops/s) - 1329 (1461250 Gflops/s) - 1319 (1450255 Gflops/s) - 1317 (1448056 Gflops/s) | Temperatures: 58°C - 60°C - 69°C - 68°C - 60°C - 59°C - 68°C - 70°C | Throttling: None - None - None - None - None - None - None - None
1309 (1439260 Gflops/s) - 1338 (1471146 Gflops/s) - 1338 (1471146 Gflops/s) - 1333 (1465648 Gflops/s) - 1325 (1456852 Gflops/s) - 1326 (1457952 Gflops/s) - 1320 (1451355 Gflops/s) - 1318 (1449156 Gflops/s) | Temperatures: 58°C - 60°C - 69°C - 69°C - 61°C - 59°C - 68°C - 70°C | Throttling: None - None - None - None - None - None - None - None
1307 (1437061 Gflops/s) - 1337 (1470047 Gflops/s) - 1335 (1467848 Gflops/s) - 1333 (1465648 Gflops/s) - 1324 (1455753 Gflops/s) - 1326 (1457952 Gflops/s) - 1315 (1445857 Gflops/s) - 1316 (1446957 Gflops/s) | Temperatures: 58°C - 60°C - 70°C - 69°C - 61°C - 59°C - 69°C - 70°C | Throttling: None - None - None - None - None - None - None - None
1310 (1440360 Gflops/s) - 1338 (1471146 Gflops/s) - 1336 (1468947 Gflops/s) - 1332 (1464549 Gflops/s) - 1326 (1457952 Gflops/s) - 1327 (1459051 Gflops/s) - 1316 (1446957 Gflops/s) - 1317 (1448056 Gflops/s) | Temperatures: 59°C - 61°C - 70°C - 69°C - 61°C - 60°C - 69°C - 71°C | Throttling: None - None - None - None - None - None - None - None
1309 (1439260 Gflops/s) - 1337 (1470047 Gflops/s) - 1337 (1470047 Gflops/s) - 1332 (1464549 Gflops/s) - 1325 (1456852 Gflops/s) - 1326 (1457952 Gflops/s) - 1316 (1446957 Gflops/s) - 1318 (1449156 Gflops/s) | Temperatures: 59°C - 61°C - 70°C - 69°C - 61°C - 60°C - 69°C - 71°C | Throttling: None - None - None - None - None - None - None - None
1306 (1435962 Gflops/s) - 1336 (1468947 Gflops/s) - 1334 (1466748 Gflops/s) - 1331 (1463449 Gflops/s) - 1322 (1453554 Gflops/s) - 1325 (1456852 Gflops/s) - 1314 (1444758 Gflops/s) - 1315 (1445857 Gflops/s) | Temperatures: 59°C - 61°C - 70°C - 69°C - 61°C - 60°C - 69°C - 71°C | Throttling: None - None - None - None - None - None - None - None
1307 (1437061 Gflops/s) - 1337 (1470047 Gflops/s) - 1336 (1468947 Gflops/s) - 1331 (1463449 Gflops/s) - 1324 (1455753 Gflops/s) - 1322 (1453554 Gflops/s) - 1313 (1443658 Gflops/s) - 1316 (1446957 Gflops/s) | Temperatures: 59°C - 61°C - 70°C - 69°C - 61°C - 60°C - 69°C - 71°C | Throttling: None - None - None - None - None - None - None - None
1306 (1435962 Gflops/s) - 1337 (1470047 Gflops/s) - 1335 (1467848 Gflops/s) - 1330 (1462350 Gflops/s) - 1324 (1455753 Gflops/s) - 1325 (1456852 Gflops/s) - 1315 (1445857 Gflops/s) - 1317 (1448056 Gflops/s) | Temperatures: 59°C - 61°C - 70°C - 70°C - 62°C - 60°C - 70°C - 71°C | Throttling: None - None - None - None - None - None - None - None
1310 (1440360 Gflops/s) - 1335 (1467848 Gflops/s) - 1335 (1467848 Gflops/s) - 1330 (1462350 Gflops/s) - 1323 (1454653 Gflops/s) - 1325 (1456852 Gflops/s) - 1314 (1444758 Gflops/s) - 1314 (1444758 Gflops/s) | Temperatures: 59°C - 61°C - 71°C - 70°C - 61°C - 60°C - 70°C - 72°C | Throttling: None - None - None - None - None - None - None - None
1306 (1435962 Gflops/s) - 1336 (1468947 Gflops/s) - 1334 (1466748 Gflops/s) - 1328 (1460151 Gflops/s) - 1321 (1452454 Gflops/s) - 1320 (1451355 Gflops/s) - 1312 (1442559 Gflops/s) - 1314 (1444758 Gflops/s) | Temperatures: 60°C - 61°C - 71°C - 70°C - 62°C - 60°C - 70°C - 72°C | Throttling: None - None - None - None - None - None - None - None
1309 (1439260 Gflops/s) - 1335 (1467848 Gflops/s) - 1335 (1467848 Gflops/s) - 1329 (1461250 Gflops/s) - 1323 (1454653 Gflops/s) - 1327 (1459051 Gflops/s) - 1314 (1444758 Gflops/s) - 1315 (1445857 Gflops/s) | Temperatures: 60°C - 62°C - 71°C - 70°C - 62°C - 61°C - 70°C - 72°C | Throttling: None - None - None - None - None - None - None - None
1305 (1434862 Gflops/s) - 1335 (1467848 Gflops/s) - 1332 (1464549 Gflops/s) - 1331 (1463449 Gflops/s) - 1322 (1453554 Gflops/s) - 1326 (1457952 Gflops/s) - 1312 (1442559 Gflops/s) - 1316 (1446957 Gflops/s) | Temperatures: 60°C - 62°C - 71°C - 70°C - 62°C - 61°C - 70°C - 72°C | Throttling: None - None - None - None - None - None - None - None
1304 (1433763 Gflops/s) - 1334 (1466748 Gflops/s) - 1332 (1464549 Gflops/s) - 1326 (1457952 Gflops/s) - 1320 (1451355 Gflops/s) - 1322 (1453554 Gflops/s) - 1311 (1441459 Gflops/s) - 1316 (1446957 Gflops/s) | Temperatures: 60°C - 62°C - 71°C - 70°C - 62°C - 61°C - 70°C - 72°C | Throttling: None - None - None - None - None - None - None - None
1304 (1433763 Gflops/s) - 1335 (1467848 Gflops/s) - 1334 (1466748 Gflops/s) - 1328 (1460151 Gflops/s) - 1321 (1452454 Gflops/s) - 1325 (1456852 Gflops/s) - 1312 (1442559 Gflops/s) - 1314 (1444758 Gflops/s) | Temperatures: 60°C - 62°C - 71°C - 71°C - 62°C - 61°C - 71°C - 72°C | Throttling: None - None - None - None - None - None - None - None
1307 (1437061 Gflops/s) - 1335 (1467848 Gflops/s) - 1332 (1464549 Gflops/s) - 1328 (1460151 Gflops/s) - 1321 (1452454 Gflops/s) - 1322 (1453554 Gflops/s) - 1314 (1444758 Gflops/s) - 1315 (1445857 Gflops/s) | Temperatures: 60°C - 62°C - 72°C - 71°C - 62°C - 61°C - 71°C - 72°C | Throttling: None - None - None - None - None - None - None - None
1304 (1433763 Gflops/s) - 1334 (1466748 Gflops/s) - 1332 (1464549 Gflops/s) - 1326 (1457952 Gflops/s) - 1320 (1451355 Gflops/s) - 1321 (1452454 Gflops/s) - 1310 (1440360 Gflops/s) - 1314 (1444758 Gflops/s) | Temperatures: 60°C - 62°C - 72°C - 71°C - 62°C - 61°C - 71°C - 72°C | Throttling: None - None - None - None - None - None - None - None
1306 (1435962 Gflops/s) - 1335 (1467848 Gflops/s) - 1332 (1464549 Gflops/s) - 1327 (1459051 Gflops/s) - 1322 (1453554 Gflops/s) - 1321 (1452454 Gflops/s) - 1311 (1441459 Gflops/s) - 1314 (1444758 Gflops/s) | Temperatures: 60°C - 62°C - 72°C - 71°C - 62°C - 61°C - 71°C - 72°C | Throttling: None - None - None - None - None - None - None - None
1303 (1432663 Gflops/s) - 1335 (1467848 Gflops/s) - 1333 (1465648 Gflops/s) - 1326 (1457952 Gflops/s) - 1324 (1455753 Gflops/s) - 1322 (1453554 Gflops/s) - 1312 (1442559 Gflops/s) - 1315 (1445857 Gflops/s) | Temperatures: 60°C - 62°C - 72°C - 71°C - 62°C - 61°C - 71°C - 73°C | Throttling: None - None - None - None - None - None - None - None
1302 (1431564 Gflops/s) - 1334 (1466748 Gflops/s) - 1331 (1463449 Gflops/s) - 1326 (1457952 Gflops/s) - 1323 (1454653 Gflops/s) - 1322 (1453554 Gflops/s) - 1309 (1439260 Gflops/s) - 1312 (1442559 Gflops/s) | Temperatures: 60°C - 62°C - 72°C - 71°C - 62°C - 61°C - 71°C - 73°C | Throttling: None - None - None - None - None - None - None - None
1308 (1438161 Gflops/s) - 1334 (1466748 Gflops/s) - 1332 (1464549 Gflops/s) - 1325 (1456852 Gflops/s) - 1323 (1454653 Gflops/s) - 1322 (1453554 Gflops/s) - 1309 (1439260 Gflops/s) - 1315 (1445857 Gflops/s) | Temperatures: 60°C - 62°C - 72°C - 71°C - 62°C - 61°C - 71°C - 73°C | Throttling: None - None - None - None - None - None - None - None
1307 (1437061 Gflops/s) - 1335 (1467848 Gflops/s) - 1331 (1463449 Gflops/s) - 1327 (1459051 Gflops/s) - 1324 (1455753 Gflops/s) - 1322 (1453554 Gflops/s) - 1311 (1441459 Gflops/s) - 1315 (1445857 Gflops/s) | Temperatures: 60°C - 62°C - 72°C - 71°C - 62°C - 61°C - 71°C - 73°C | Throttling: None - None - None - None - None - None - None - None
1302 (1431564 Gflops/s) - 1333 (1465648 Gflops/s) - 1331 (1463449 Gflops/s) - 1325 (1456852 Gflops/s) - 1322 (1453554 Gflops/s) - 1319 (1450255 Gflops/s) - 1309 (1439260 Gflops/s) - 1311 (1441459 Gflops/s) | Temperatures: 60°C - 62°C - 72°C - 71°C - 62°C - 61°C - 71°C - 73°C | Throttling: None - None - None - None - None - None - None - None
1305 (1434862 Gflops/s) - 1334 (1466748 Gflops/s) - 1331 (1463449 Gflops/s) - 1325 (1456852 Gflops/s) - 1324 (1455753 Gflops/s) - 1323 (1454653 Gflops/s) - 1310 (1440360 Gflops/s) - 1315 (1445857 Gflops/s) | Temperatures: 60°C - 62°C - 72°C - 71°C - 62°C - 61°C - 71°C - 73°C | Throttling: None - None - None - None - None - None - None - None
1306 (1435962 Gflops/s) - 1334 (1466748 Gflops/s) - 1332 (1464549 Gflops/s) - 1326 (1457952 Gflops/s) - 1321 (1452454 Gflops/s) - 1323 (1454653 Gflops/s) - 1310 (1440360 Gflops/s) - 1312 (1442559 Gflops/s) | Temperatures: 60°C - 62°C - 72°C - 71°C - 62°C - 61°C - 71°C - 73°C | Throttling: None - None - None - None - None - None - None - None
1308 (1438161 Gflops/s) - 1335 (1467848 Gflops/s) - 1331 (1463449 Gflops/s) - 1325 (1456852 Gflops/s) - 1324 (1455753 Gflops/s) - 1321 (1452454 Gflops/s) - 1309 (1439260 Gflops/s) - 1313 (1443658 Gflops/s) | Temperatures: 60°C - 62°C - 72°C - 71°C - 62°C - 61°C - 71°C - 73°C | Throttling: None - None - None - None - None - None - None - None
1305 (1434862 Gflops/s) - 1332 (1464549 Gflops/s) - 1330 (1462350 Gflops/s) - 1324 (1455753 Gflops/s) - 1321 (1452454 Gflops/s) - 1317 (1448056 Gflops/s) - 1308 (1438161 Gflops/s) - 1310 (1440360 Gflops/s) | Temperatures: 60°C - 62°C - 72°C - 71°C - 62°C - 61°C - 71°C - 73°C | Throttling: None - None - None - None - None - None - None - None
1304 (1433763 Gflops/s) - 1333 (1465648 Gflops/s) - 1331 (1463449 Gflops/s) - 1325 (1456852 Gflops/s) - 1323 (1454653 Gflops/s) - 1323 (1454653 Gflops/s) - 1309 (1439260 Gflops/s) - 1312 (1442559 Gflops/s) | Temperatures: 60°C - 62°C - 72°C - 72°C - 62°C - 61°C - 71°C - 73°C | Throttling: None - None - None - None - None - None - None - None
1311 (1441459 Gflops/s) - 1334 (1466748 Gflops/s) - 1331 (1463449 Gflops/s) - 1324 (1455753 Gflops/s) - 1324 (1455753 Gflops/s) - 1323 (1454653 Gflops/s) - 1309 (1439260 Gflops/s) - 1311 (1441459 Gflops/s) | Temperatures: 60°C - 62°C - 72°C - 72°C - 62°C - 61°C - 71°C - 73°C | Throttling: None - None - None - None - None - None - None - None
1303 (1432663 Gflops/s) - 1334 (1466748 Gflops/s) - 1332 (1464549 Gflops/s) - 1325 (1456852 Gflops/s) - 1322 (1453554 Gflops/s) - 1320 (1451355 Gflops/s) - 1310 (1440360 Gflops/s) - 1311 (1441459 Gflops/s) | Temperatures: 60°C - 62°C - 72°C - 72°C - 62°C - 61°C - 72°C - 73°C | Throttling: None - None - None - None - None - None - None - None
1307 (1437061 Gflops/s) - 1333 (1465648 Gflops/s) - 1331 (1463449 Gflops/s) - 1324 (1455753 Gflops/s) - 1322 (1453554 Gflops/s) - 1324 (1455753 Gflops/s) - 1309 (1439260 Gflops/s) - 1311 (1441459 Gflops/s) | Temperatures: 60°C - 62°C - 73°C - 72°C - 62°C - 61°C - 72°C - 73°C | Throttling: None - None - None - None - None - None - None - None
1305 (1434862 Gflops/s) - 1335 (1467848 Gflops/s) - 1331 (1463449 Gflops/s) - 1323 (1454653 Gflops/s) - 1323 (1454653 Gflops/s) - 1321 (1452454 Gflops/s) - 1309 (1439260 Gflops/s) - 1311 (1441459 Gflops/s) | Temperatures: 60°C - 62°C - 73°C - 72°C - 62°C - 61°C - 72°C - 73°C | Throttling: None - None - None - None - None - None - None - None
1308 (1438161 Gflops/s) - 1331 (1463449 Gflops/s) - 1331 (1463449 Gflops/s) - 1323 (1454653 Gflops/s) - 1322 (1453554 Gflops/s) - 1321 (1452454 Gflops/s) - 1309 (1439260 Gflops/s) - 1309 (1439260 Gflops/s) | Temperatures: 60°C - 62°C - 73°C - 72°C - 62°C - 61°C - 72°C - 73°C | Throttling: None - None - None - None - None - None - None - None
1305 (1434862 Gflops/s) - 1334 (1466748 Gflops/s) - 1330 (1462350 Gflops/s) - 1323 (1454653 Gflops/s) - 1323 (1454653 Gflops/s) - 1321 (1452454 Gflops/s) - 1308 (1438161 Gflops/s) - 1310 (1440360 Gflops/s) | Temperatures: 60°C - 62°C - 73°C - 72°C - 62°C - 61°C - 72°C - 73°C | Throttling: None - None - None - None - None - None - None - None
1300 (1429365 Gflops/s) - 1334 (1466748 Gflops/s) - 1331 (1463449 Gflops/s) - 1322 (1453554 Gflops/s) - 1322 (1453554 Gflops/s) - 1321 (1452454 Gflops/s) - 1310 (1440360 Gflops/s) - 1310 (1440360 Gflops/s) | Temperatures: 60°C - 62°C - 73°C - 72°C - 62°C - 61°C - 72°C - 73°C | Throttling: None - None - None - None - None - None - None - None
1306 (1435962 Gflops/s) - 1332 (1464549 Gflops/s) - 1330 (1462350 Gflops/s) - 1322 (1453554 Gflops/s) - 1322 (1453554 Gflops/s) - 1318 (1449156 Gflops/s) - 1308 (1438161 Gflops/s) - 1309 (1439260 Gflops/s) | Temperatures: 60°C - 62°C - 73°C - 72°C - 62°C - 61°C - 72°C - 73°C | Throttling: None - None - None - None - None - None - None - None
1301 (1430464 Gflops/s) - 1334 (1466748 Gflops/s) - 1331 (1463449 Gflops/s) - 1324 (1455753 Gflops/s) - 1322 (1453554 Gflops/s) - 1324 (1455753 Gflops/s) - 1309 (1439260 Gflops/s) - 1310 (1440360 Gflops/s) | Temperatures: 60°C - 62°C - 72°C - 72°C - 62°C - 61°C - 72°C - 73°C | Throttling: None - None - None - None - None - None - None - None
1309 (1439260 Gflops/s) - 1333 (1465648 Gflops/s) - 1330 (1462350 Gflops/s) - 1322 (1453554 Gflops/s) - 1322 (1453554 Gflops/s) - 1323 (1454653 Gflops/s) - 1310 (1440360 Gflops/s) - 1310 (1440360 Gflops/s) | Temperatures: 60°C - 62°C - 72°C - 72°C - 62°C - 61°C - 72°C - 73°C | Throttling: None - None - None - None - None - None - None - None
1301 (1430464 Gflops/s) - 1334 (1466748 Gflops/s) - 1331 (1463449 Gflops/s) - 1323 (1454653 Gflops/s) - 1321 (1452454 Gflops/s) - 1317 (1448056 Gflops/s) - 1308 (1438161 Gflops/s) - 1309 (1439260 Gflops/s) | Temperatures: 60°C - 62°C - 73°C - 72°C - 62°C - 61°C - 72°C - 73°C | Throttling: None - None - None - None - None - None - None - None
1305 (1434862 Gflops/s) - 1334 (1466748 Gflops/s) - 1331 (1463449 Gflops/s) - 1324 (1455753 Gflops/s) - 1323 (1454653 Gflops/s) - 1324 (1455753 Gflops/s) - 1309 (1439260 Gflops/s) - 1310 (1440360 Gflops/s) | Temperatures: 60°C - 62°C - 72°C - 71°C - 62°C - 61°C - 72°C - 73°C | Throttling: None - None - None - None - None - None - None - None
1309 (1439260 Gflops/s) - 1334 (1466748 Gflops/s) - 1331 (1463449 Gflops/s) - 1322 (1453554 Gflops/s) - 1323 (1454653 Gflops/s) - 1319 (1450255 Gflops/s) - 1309 (1439260 Gflops/s) - 1311 (1441459 Gflops/s) | Temperatures: 60°C - 62°C - 72°C - 71°C - 62°C - 61°C - 71°C - 73°C | Throttling: None - None - None - None - None - None - None - None
1305 (1434862 Gflops/s) - 1333 (1465648 Gflops/s) - 1330 (1462350 Gflops/s) - 1324 (1455753 Gflops/s) - 1321 (1452454 Gflops/s) - 1319 (1450255 Gflops/s) - 1308 (1438161 Gflops/s) - 1310 (1440360 Gflops/s) | Temperatures: 60°C - 62°C - 72°C - 71°C - 62°C - 61°C - 71°C - 73°C | Throttling: None - None - None - None - None - None - None - None
1304 (1433763 Gflops/s) - 1335 (1467848 Gflops/s) - 1331 (1463449 Gflops/s) - 1324 (1455753 Gflops/s) - 1322 (1453554 Gflops/s) - 1324 (1455753 Gflops/s) - 1309 (1439260 Gflops/s) - 1311 (1441459 Gflops/s) | Temperatures: 60°C - 62°C - 72°C - 71°C - 62°C - 61°C - 71°C - 73°C | Throttling: None - None - None - None - None - None - None - None
1304 (1433763 Gflops/s) - 1335 (1467848 Gflops/s) - 1331 (1463449 Gflops/s) - 1325 (1456852 Gflops/s) - 1324 (1455753 Gflops/s) - 1322 (1453554 Gflops/s) - 1309 (1439260 Gflops/s) - 1311 (1441459 Gflops/s) | Temperatures: 60°C - 62°C - 72°C - 71°C - 62°C - 61°C - 71°C - 73°C | Throttling: None - None - None - None - None - None - None - None
1307 (1437061 Gflops/s) - 1333 (1465648 Gflops/s) - 1329 (1461250 Gflops/s) - 1323 (1454653 Gflops/s) - 1322 (1453554 Gflops/s) - 1318 (1449156 Gflops/s) - 1308 (1438161 Gflops/s) - 1310 (1440360 Gflops/s) | Temperatures: 59°C - 62°C - 72°C - 71°C - 62°C - 61°C - 71°C - 73°C | Throttling: None - None - None - None - None - None - None - None
1306 (1435962 Gflops/s) - 1334 (1466748 Gflops/s) - 1331 (1463449 Gflops/s) - 1324 (1455753 Gflops/s) - 1324 (1455753 Gflops/s) - 1323 (1454653 Gflops/s) - 1309 (1439260 Gflops/s) - 1311 (1441459 Gflops/s) | Temperatures: 60°C - 62°C - 72°C - 71°C - 62°C - 61°C - 71°C - 73°C | Throttling: None - None - None - None - None - None - None - None
1303 (1432663 Gflops/s) - 1335 (1467848 Gflops/s) - 1333 (1465648 Gflops/s) - 1322 (1453554 Gflops/s) - 1322 (1453554 Gflops/s) - 1323 (1454653 Gflops/s) - 1310 (1440360 Gflops/s) - 1311 (1441459 Gflops/s) | Temperatures: 60°C - 62°C - 72°C - 71°C - 62°C - 61°C - 71°C - 73°C | Throttling: None - None - None - None - None - None - None - None
1306 (1435962 Gflops/s) - 1334 (1466748 Gflops/s) - 1330 (1462350 Gflops/s) - 1323 (1454653 Gflops/s) - 1323 (1454653 Gflops/s) - 1321 (1452454 Gflops/s) - 1308 (1438161 Gflops/s) - 1310 (1440360 Gflops/s) | Temperatures: 60°C - 62°C - 72°C - 71°C - 62°C - 61°C - 71°C - 73°C | Throttling: None - None - None - None - None - None - None - None
1306 (1435962 Gflops/s) - 1334 (1466748 Gflops/s) - 1331 (1463449 Gflops/s) - 1323 (1454653 Gflops/s) - 1324 (1455753 Gflops/s) - 1320 (1451355 Gflops/s) - 1309 (1439260 Gflops/s) - 1311 (1441459 Gflops/s) | Temperatures: 59°C - 62°C - 72°C - 71°C - 62°C - 61°C - 71°C - 73°C | Throttling: None - None - None - None - None - None - None - None
1307 (1437061 Gflops/s) - 1335 (1467848 Gflops/s) - 1332 (1464549 Gflops/s) - 1325 (1456852 Gflops/s) - 1324 (1455753 Gflops/s) - 1322 (1453554 Gflops/s) - 1309 (1439260 Gflops/s) - 1311 (1441459 Gflops/s) | Temperatures: 60°C - 62°C - 72°C - 71°C - 62°C - 60°C - 71°C - 73°C | Throttling: None - None - None - None - None - None - None - None
1312 (1442559 Gflops/s) - 1334 (1466748 Gflops/s) - 1330 (1462350 Gflops/s) - 1325 (1456852 Gflops/s) - 1322 (1453554 Gflops/s) - 1324 (1455753 Gflops/s) - 1310 (1440360 Gflops/s) - 1311 (1441459 Gflops/s) | Temperatures: 60°C - 62°C - 72°C - 71°C - 62°C - 60°C - 71°C - 73°C | Throttling: None - None - None - None - None - None - None - None
1306 (1435962 Gflops/s) - 1334 (1466748 Gflops/s) - 1331 (1463449 Gflops/s) - 1324 (1455753 Gflops/s) - 1322 (1453554 Gflops/s) - 1318 (1449156 Gflops/s) - 1308 (1438161 Gflops/s) - 1310 (1440360 Gflops/s) | Temperatures: 60°C - 62°C - 72°C - 71°C - 62°C - 60°C - 71°C - 73°C | Throttling: None - None - None - None - None - None - None - None
1308 (1438161 Gflops/s) - 1334 (1466748 Gflops/s) - 1331 (1463449 Gflops/s) - 1323 (1454653 Gflops/s) - 1324 (1455753 Gflops/s) - 1323 (1454653 Gflops/s) - 1308 (1438161 Gflops/s) - 1312 (1442559 Gflops/s) | Temperatures: 59°C - 62°C - 72°C - 71°C - 62°C - 60°C - 71°C - 73°C | Throttling: None - None - None - None - None - None - None - None
1307 (1437061 Gflops/s) - 1335 (1467848 Gflops/s) - 1332 (1464549 Gflops/s) - 1325 (1456852 Gflops/s) - 1323 (1454653 Gflops/s) - 1319 (1450255 Gflops/s) - 1310 (1440360 Gflops/s) - 1312 (1442559 Gflops/s) | Temperatures: 60°C - 62°C - 72°C - 71°C - 62°C - 60°C - 71°C - 73°C | Throttling: None - None - None - None - None - None - None - None
1308 (1438161 Gflops/s) - 1333 (1465648 Gflops/s) - 1331 (1463449 Gflops/s) - 1327 (1459051 Gflops/s) - 1322 (1453554 Gflops/s) - 1321 (1452454 Gflops/s) - 1309 (1439260 Gflops/s) - 1312 (1442559 Gflops/s) | Temperatures: 59°C - 62°C - 72°C - 71°C - 62°C - 60°C - 71°C - 73°C | Throttling: None - None - None - None - None - None - None - None
1309 (1439260 Gflops/s) - 1335 (1467848 Gflops/s) - 1333 (1465648 Gflops/s) - 1325 (1456852 Gflops/s) - 1324 (1455753 Gflops/s) - 1319 (1450255 Gflops/s) - 1309 (1439260 Gflops/s) - 1311 (1441459 Gflops/s) | Temperatures: 59°C - 62°C - 72°C - 71°C - 62°C - 60°C - 71°C - 73°C | Throttling: None - None - None - None - None - None - None - None
1305 (1434862 Gflops/s) - 1333 (1465648 Gflops/s) - 1330 (1462350 Gflops/s) - 1323 (1454653 Gflops/s) - 1321 (1452454 Gflops/s) - 1322 (1453554 Gflops/s) - 1308 (1438161 Gflops/s) - 1308 (1438161 Gflops/s) | Temperatures: 59°C - 62°C - 72°C - 71°C - 62°C - 60°C - 71°C - 73°C | Throttling: None - None - None - None - None - None - None - None
1309 (1439260 Gflops/s) - 1334 (1466748 Gflops/s) - 1331 (1463449 Gflops/s) - 1326 (1457952 Gflops/s) - 1324 (1455753 Gflops/s) - 1322 (1453554 Gflops/s) - 1310 (1440360 Gflops/s) - 1312 (1442559 Gflops/s) | Temperatures: 59°C - 62°C - 72°C - 71°C - 62°C - 60°C - 71°C - 73°C | Throttling: None - None - None - None - None - None - None - None
1308 (1438161 Gflops/s) - 1333 (1465648 Gflops/s) - 1332 (1464549 Gflops/s) - 1323 (1454653 Gflops/s) - 1323 (1454653 Gflops/s) - 1319 (1450255 Gflops/s) - 1309 (1439260 Gflops/s) - 1309 (1439260 Gflops/s) | Temperatures: 60°C - 62°C - 72°C - 71°C - 62°C - 60°C - 71°C - 73°C | Throttling: None - None - None - None - None - None - None - None
1304 (1433763 Gflops/s) - 1334 (1466748 Gflops/s) - 1331 (1463449 Gflops/s) - 1324 (1455753 Gflops/s) - 1323 (1454653 Gflops/s) - 1322 (1453554 Gflops/s) - 1308 (1438161 Gflops/s) - 1311 (1441459 Gflops/s) | Temperatures: 59°C - 62°C - 72°C - 71°C - 62°C - 60°C - 71°C - 73°C | Throttling: None - None - None - None - None - None - None - None
1305 (1434862 Gflops/s) - 1335 (1467848 Gflops/s) - 1331 (1463449 Gflops/s) - 1325 (1456852 Gflops/s) - 1324 (1455753 Gflops/s) - 1322 (1453554 Gflops/s) - 1310 (1440360 Gflops/s) - 1312 (1442559 Gflops/s) | Temperatures: 59°C - 62°C - 72°C - 71°C - 62°C - 60°C - 71°C - 73°C | Throttling: None - None - None - None - None - None - None - None
1302 (1431564 Gflops/s) - 1334 (1466748 Gflops/s) - 1331 (1463449 Gflops/s) - 1324 (1455753 Gflops/s) - 1323 (1454653 Gflops/s) - 1321 (1452454 Gflops/s) - 1308 (1438161 Gflops/s) - 1310 (1440360 Gflops/s) | Temperatures: 59°C - 62°C - 72°C - 71°C - 62°C - 60°C - 71°C - 73°C | Throttling: None - None - None - None - None - None - None - None
1313 (1443658 Gflops/s) - 1336 (1468947 Gflops/s) - 1332 (1464549 Gflops/s) - 1325 (1456852 Gflops/s) - 1323 (1454653 Gflops/s) - 1323 (1454653 Gflops/s) - 1309 (1439260 Gflops/s) - 1311 (1441459 Gflops/s) | Temperatures: 59°C - 62°C - 72°C - 71°C - 62°C - 60°C - 71°C - 73°C | Throttling: None - None - None - None - None - None - None - None
1305 (1434862 Gflops/s) - 1335 (1467848 Gflops/s) - 1332 (1464549 Gflops/s) - 1324 (1455753 Gflops/s) - 1323 (1454653 Gflops/s) - 1323 (1454653 Gflops/s) - 1310 (1440360 Gflops/s) - 1313 (1443658 Gflops/s) | Temperatures: 59°C - 62°C - 72°C - 71°C - 62°C - 60°C - 71°C - 73°C | Throttling: None - None - None - None - None - None - None - None
1306 (1435962 Gflops/s) - 1336 (1468947 Gflops/s) - 1332 (1464549 Gflops/s) - 1325 (1456852 Gflops/s) - 1325 (1456852 Gflops/s) - 1322 (1453554 Gflops/s) - 1310 (1440360 Gflops/s) - 1311 (1441459 Gflops/s) | Temperatures: 60°C - 62°C - 72°C - 71°C - 62°C - 60°C - 71°C - 73°C | Throttling: None - None - None - None - None - None - None - None
1306 (1435962 Gflops/s) - 1333 (1465648 Gflops/s) - 1330 (1462350 Gflops/s) - 1324 (1455753 Gflops/s) - 1323 (1454653 Gflops/s) - 1319 (1450255 Gflops/s) - 1308 (1438161 Gflops/s) - 1310 (1440360 Gflops/s) | Temperatures: 59°C - 62°C - 72°C - 71°C - 62°C - 60°C - 71°C - 73°C | Throttling: None - None - None - None - None - None - None - None
1306 (1435962 Gflops/s) - 1336 (1468947 Gflops/s) - 1331 (1463449 Gflops/s) - 1324 (1455753 Gflops/s) - 1324 (1455753 Gflops/s) - 1323 (1454653 Gflops/s) - 1309 (1439260 Gflops/s) - 1314 (1444758 Gflops/s) | Temperatures: 59°C - 62°C - 72°C - 71°C - 62°C - 60°C - 71°C - 73°C | Throttling: None - None - None - None - None - None - None - None
1303 (1432663 Gflops/s) - 1336 (1468947 Gflops/s) - 1331 (1463449 Gflops/s) - 1325 (1456852 Gflops/s) - 1322 (1453554 Gflops/s) - 1321 (1452454 Gflops/s) - 1310 (1440360 Gflops/s) - 1312 (1442559 Gflops/s) | Temperatures: 59°C - 62°C - 72°C - 71°C - 62°C - 60°C - 71°C - 73°C | Throttling: None - None - None - None - None - None - None - None
1302 (1431564 Gflops/s) - 1334 (1466748 Gflops/s) - 1330 (1462350 Gflops/s) - 1324 (1455753 Gflops/s) - 1324 (1455753 Gflops/s) - 1320 (1451355 Gflops/s) - 1308 (1438161 Gflops/s) - 1309 (1439260 Gflops/s) | Temperatures: 59°C - 62°C - 72°C - 71°C - 62°C - 60°C - 71°C - 73°C | Throttling: None - None - None - None - None - None - None - None
1306 (1435962 Gflops/s) - 1336 (1468947 Gflops/s) - 1333 (1465648 Gflops/s) - 1326 (1457952 Gflops/s) - 1324 (1455753 Gflops/s) - 1324 (1455753 Gflops/s) - 1309 (1439260 Gflops/s) - 1312 (1442559 Gflops/s) | Temperatures: 59°C - 62°C - 72°C - 71°C - 62°C - 61°C - 71°C - 73°C | Throttling: None - None - None - None - None - None - None - None
1304 (1433763 Gflops/s) - 1335 (1467848 Gflops/s) - 1331 (1463449 Gflops/s) - 1324 (1455753 Gflops/s) - 1325 (1456852 Gflops/s) - 1323 (1454653 Gflops/s) - 1309 (1439260 Gflops/s) - 1312 (1442559 Gflops/s) | Temperatures: 59°C - 62°C - 72°C - 71°C - 62°C - 60°C - 71°C - 73°C | Throttling: None - None - None - None - None - None - None - None
1308 (1438161 Gflops/s) - 1333 (1465648 Gflops/s) - 1332 (1464549 Gflops/s) - 1324 (1455753 Gflops/s) - 1324 (1455753 Gflops/s) - 1323 (1454653 Gflops/s) - 1310 (1440360 Gflops/s) - 1312 (1442559 Gflops/s) | Temperatures: 59°C - 62°C - 72°C - 71°C - 62°C - 60°C - 71°C - 73°C | Throttling: None - None - None - None - None - None - None - None
1305 (1434862 Gflops/s) - 1334 (1466748 Gflops/s) - 1329 (1461250 Gflops/s) - 1324 (1455753 Gflops/s) - 1323 (1454653 Gflops/s) - 1321 (1452454 Gflops/s) - 1308 (1438161 Gflops/s) - 1311 (1441459 Gflops/s) | Temperatures: 59°C - 62°C - 72°C - 71°C - 62°C - 60°C - 71°C - 73°C | Throttling: None - None - None - None - None - None - None - None
1308 (1438161 Gflops/s) - 1336 (1468947 Gflops/s) - 1333 (1465648 Gflops/s) - 1325 (1456852 Gflops/s) - 1323 (1454653 Gflops/s) - 1319 (1450255 Gflops/s) - 1309 (1439260 Gflops/s) - 1312 (1442559 Gflops/s) | Temperatures: 59°C - 62°C - 72°C - 71°C - 62°C - 60°C - 71°C - 73°C | Throttling: None - None - None - None - None - None - None - None
1303 (1432663 Gflops/s) - 1336 (1468947 Gflops/s) - 1332 (1464549 Gflops/s) - 1324 (1455753 Gflops/s) - 1325 (1456852 Gflops/s) - 1322 (1453554 Gflops/s) - 1309 (1439260 Gflops/s) - 1311 (1441459 Gflops/s) | Temperatures: 59°C - 62°C - 72°C - 71°C - 62°C - 60°C - 71°C - 73°C | Throttling: None - None - None - None - None - None - None - None
1303 (1432663 Gflops/s) - 1333 (1465648 Gflops/s) - 1330 (1462350 Gflops/s) - 1324 (1455753 Gflops/s) - 1323 (1454653 Gflops/s) - 1320 (1451355 Gflops/s) - 1309 (1439260 Gflops/s) - 1311 (1441459 Gflops/s) | Temperatures: 60°C - 62°C - 72°C - 71°C - 62°C - 60°C - 71°C - 73°C | Throttling: None - None - None - None - None - None - None - None
1306 (1435962 Gflops/s) - 1335 (1467848 Gflops/s) - 1332 (1464549 Gflops/s) - 1325 (1456852 Gflops/s) - 1323 (1454653 Gflops/s) - 1323 (1454653 Gflops/s) - 1309 (1439260 Gflops/s) - 1312 (1442559 Gflops/s) | Temperatures: 59°C - 62°C - 72°C - 71°C - 62°C - 60°C - 71°C - 73°C | Throttling: None - None - None - None - None - None - None - None
1308 (1438161 Gflops/s) - 1334 (1466748 Gflops/s) - 1331 (1463449 Gflops/s) - 1324 (1455753 Gflops/s) - 1324 (1455753 Gflops/s) - 1321 (1452454 Gflops/s) - 1309 (1439260 Gflops/s) - 1311 (1441459 Gflops/s) | Temperatures: 59°C - 62°C - 72°C - 71°C - 62°C - 60°C - 71°C - 73°C | Throttling: None - None - None - None - None - None - None - None
1301 (1430464 Gflops/s) - 1334 (1466748 Gflops/s) - 1330 (1462350 Gflops/s) - 1323 (1454653 Gflops/s) - 1322 (1453554 Gflops/s) - 1320 (1451355 Gflops/s) - 1308 (1438161 Gflops/s) - 1311 (1441459 Gflops/s) | Temperatures: 59°C - 62°C - 72°C - 71°C - 62°C - 61°C - 71°C - 73°C | Throttling: None - None - None - None - None - None - None - None
1301 (1430464 Gflops/s) - 1334 (1466748 Gflops/s) - 1332 (1464549 Gflops/s) - 1324 (1455753 Gflops/s) - 1324 (1455753 Gflops/s) - 1325 (1456852 Gflops/s) - 1310 (1440360 Gflops/s) - 1313 (1443658 Gflops/s) | Temperatures: 59°C - 62°C - 72°C - 71°C - 62°C - 61°C - 71°C - 73°C | Throttling: None - None - None - None - None - None - None - None
1302 (1431564 Gflops/s) - 1334 (1466748 Gflops/s) - 1331 (1463449 Gflops/s) - 1324 (1455753 Gflops/s) - 1323 (1454653 Gflops/s) - 1321 (1452454 Gflops/s) - 1309 (1439260 Gflops/s) - 1311 (1441459 Gflops/s) | Temperatures: 59°C - 62°C - 72°C - 71°C - 62°C - 60°C - 71°C - 73°C | Throttling: None - None - None - None - None - None - None - None
1305 (1434862 Gflops/s) - 1335 (1467848 Gflops/s) - 1331 (1463449 Gflops/s) - 1325 (1456852 Gflops/s) - 1324 (1455753 Gflops/s) - 1323 (1454653 Gflops/s) - 1309 (1439260 Gflops/s) - 1313 (1443658 Gflops/s) | Temperatures: 59°C - 62°C - 72°C - 71°C - 62°C - 60°C - 71°C - 73°C | Throttling: None - None - None - None - None - None - None - None
1304 (1433763 Gflops/s) - 1333 (1465648 Gflops/s) - 1332 (1464549 Gflops/s) - 1325 (1456852 Gflops/s) - 1323 (1454653 Gflops/s) - 1321 (1452454 Gflops/s) - 1309 (1439260 Gflops/s) - 1311 (1441459 Gflops/s) | Temperatures: 59°C - 62°C - 72°C - 71°C - 62°C - 60°C - 71°C - 73°C | Throttling: None - None - None - None - None - None - None - None
1307 (1437061 Gflops/s) - 1335 (1467848 Gflops/s) - 1333 (1465648 Gflops/s) - 1326 (1457952 Gflops/s) - 1325 (1456852 Gflops/s) - 1326 (1457952 Gflops/s) - 1309 (1439260 Gflops/s) - 1313 (1443658 Gflops/s) | Temperatures: 59°C - 62°C - 72°C - 71°C - 62°C - 60°C - 71°C - 73°C | Throttling: None - None - None - None - None - None - None - None
1307 (1437061 Gflops/s) - 1333 (1465648 Gflops/s) - 1330 (1462350 Gflops/s) - 1325 (1456852 Gflops/s) - 1323 (1454653 Gflops/s) - 1319 (1450255 Gflops/s) - 1308 (1438161 Gflops/s) - 1311 (1441459 Gflops/s) | Temperatures: 60°C - 62°C - 72°C - 71°C - 62°C - 60°C - 71°C - 73°C | Throttling: None - None - None - None - None - None - None - None
1303 (1432663 Gflops/s) - 1335 (1467848 Gflops/s) - 1332 (1464549 Gflops/s) - 1325 (1456852 Gflops/s) - 1323 (1454653 Gflops/s) - 1323 (1454653 Gflops/s) - 1310 (1440360 Gflops/s) - 1311 (1441459 Gflops/s) | Temperatures: 59°C - 62°C - 72°C - 71°C - 62°C - 61°C - 71°C - 73°C | Throttling: None - None - None - None - None - None - None - None
1306 (1435962 Gflops/s) - 1335 (1467848 Gflops/s) - 1332 (1464549 Gflops/s) - 1326 (1457952 Gflops/s) - 1324 (1455753 Gflops/s) - 1321 (1452454 Gflops/s) - 1310 (1440360 Gflops/s) - 1314 (1444758 Gflops/s) | Temperatures: 59°C - 62°C - 72°C - 71°C - 62°C - 60°C - 71°C - 73°C | Throttling: None - None - None - None - None - None - None - None
1304 (1433763 Gflops/s) - 1334 (1466748 Gflops/s) - 1330 (1462350 Gflops/s) - 1322 (1453554 Gflops/s) - 1323 (1454653 Gflops/s) - 1319 (1450255 Gflops/s) - 1307 (1437061 Gflops/s) - 1311 (1441459 Gflops/s) | Temperatures: 59°C - 62°C - 72°C - 71°C - 62°C - 60°C - 71°C - 73°C | Throttling: None - None - None - None - None - None - None - None
1304 (1433763 Gflops/s) - 1334 (1466748 Gflops/s) - 1331 (1463449 Gflops/s) - 1325 (1456852 Gflops/s) - 1323 (1454653 Gflops/s) - 1321 (1452454 Gflops/s) - 1309 (1439260 Gflops/s) - 1310 (1440360 Gflops/s) | Temperatures: 60°C - 62°C - 72°C - 71°C - 62°C - 61°C - 71°C - 73°C | Throttling: None - None - None - None - None - None - None - None
1306 (1435962 Gflops/s) - 1334 (1466748 Gflops/s) - 1332 (1464549 Gflops/s) - 1324 (1455753 Gflops/s) - 1324 (1455753 Gflops/s) - 1322 (1453554 Gflops/s) - 1310 (1440360 Gflops/s) - 1312 (1442559 Gflops/s) | Temperatures: 60°C - 62°C - 72°C - 71°C - 62°C - 60°C - 71°C - 73°C | Throttling: None - None - None - None - None - None - None - None
1302 (1431564 Gflops/s) - 1336 (1468947 Gflops/s) - 1331 (1463449 Gflops/s) - 1326 (1457952 Gflops/s) - 1323 (1454653 Gflops/s) - 1323 (1454653 Gflops/s) - 1310 (1440360 Gflops/s) - 1311 (1441459 Gflops/s) | Temperatures: 59°C - 62°C - 72°C - 71°C - 62°C - 60°C - 71°C - 73°C | Throttling: None - None - None - None - None - None - None - None
1304 (1433763 Gflops/s) - 1332 (1464549 Gflops/s) - 1331 (1463449 Gflops/s) - 1322 (1453554 Gflops/s) - 1323 (1454653 Gflops/s) - 1319 (1450255 Gflops/s) - 1307 (1437061 Gflops/s) - 1311 (1441459 Gflops/s) | Temperatures: 59°C - 62°C - 72°C - 71°C - 62°C - 60°C - 71°C - 73°C | Throttling: None - None - None - None - None - None - None - None
1304 (1433763 Gflops/s) - 1334 (1466748 Gflops/s) - 1331 (1463449 Gflops/s) - 1325 (1456852 Gflops/s) - 1323 (1454653 Gflops/s) - 1321 (1452454 Gflops/s) - 1309 (1439260 Gflops/s) - 1310 (1440360 Gflops/s) | Temperatures: 59°C - 62°C - 72°C - 71°C - 62°C - 60°C - 71°C - 73°C | Throttling: None - None - None - None - None - None - None - None
1305 (1434862 Gflops/s) - 1335 (1467848 Gflops/s) - 1332 (1464549 Gflops/s) - 1326 (1457952 Gflops/s) - 1326 (1457952 Gflops/s) - 1322 (1453554 Gflops/s) - 1311 (1441459 Gflops/s) - 1312 (1442559 Gflops/s) | Temperatures: 59°C - 62°C - 72°C - 71°C - 62°C - 60°C - 71°C - 73°C | Throttling: None - None - None - None - None - None - None - None
1302 (1431564 Gflops/s) - 1332 (1464549 Gflops/s) - 1331 (1463449 Gflops/s) - 1325 (1456852 Gflops/s) - 1322 (1453554 Gflops/s) - 1320 (1451355 Gflops/s) - 1308 (1438161 Gflops/s) - 1310 (1440360 Gflops/s) | Temperatures: 59°C - 62°C - 72°C - 71°C - 62°C - 60°C - 71°C - 73°C | Throttling: None - None - None - None - None - None - None - None
1307 (1437061 Gflops/s) - 1334 (1466748 Gflops/s) - 1332 (1464549 Gflops/s) - 1324 (1455753 Gflops/s) - 1324 (1455753 Gflops/s) - 1320 (1451355 Gflops/s) - 1309 (1439260 Gflops/s) - 1313 (1443658 Gflops/s) | Temperatures: 59°C - 62°C - 72°C - 71°C - 62°C - 60°C - 71°C - 73°C | Throttling: None - None - None - None - None - None - None - None
1304 (1433763 Gflops/s) - 1333 (1465648 Gflops/s) - 1330 (1462350 Gflops/s) - 1324 (1455753 Gflops/s) - 1323 (1454653 Gflops/s) - 1319 (1450255 Gflops/s) - 1309 (1439260 Gflops/s) - 1310 (1440360 Gflops/s) | Temperatures: 59°C - 62°C - 72°C - 71°C - 62°C - 60°C - 71°C - 73°C | Throttling: None - None - None - None - None - None - None - None
1306 (1435962 Gflops/s) - 1334 (1466748 Gflops/s) - 1332 (1464549 Gflops/s) - 1324 (1455753 Gflops/s) - 1322 (1453554 Gflops/s) - 1321 (1452454 Gflops/s) - 1309 (1439260 Gflops/s) - 1311 (1441459 Gflops/s) | Temperatures: 60°C - 62°C - 72°C - 71°C - 62°C - 60°C - 71°C - 73°C | Throttling: None - None - None - None - None - None - None - None
1303 (1432663 Gflops/s) - 1333 (1465648 Gflops/s) - 1330 (1462350 Gflops/s) - 1324 (1455753 Gflops/s) - 1322 (1453554 Gflops/s) - 1322 (1453554 Gflops/s) - 1309 (1439260 Gflops/s) - 1311 (1441459 Gflops/s) | Temperatures: 59°C - 62°C - 72°C - 71°C - 62°C - 61°C - 71°C - 73°C | Throttling: None - None - None - None - None - None - None - None
1304 (1433763 Gflops/s) - 1333 (1465648 Gflops/s) - 1332 (1464549 Gflops/s) - 1325 (1456852 Gflops/s) - 1323 (1454653 Gflops/s) - 1322 (1453554 Gflops/s) - 1309 (1439260 Gflops/s) - 1311 (1441459 Gflops/s) | Temperatures: 59°C - 62°C - 72°C - 71°C - 62°C - 60°C - 71°C - 73°C | Throttling: None - None - None - None - None - None - None - None
1311 (1441459 Gflops/s) - 1335 (1467848 Gflops/s) - 1332 (1464549 Gflops/s) - 1325 (1456852 Gflops/s) - 1324 (1455753 Gflops/s) - 1321 (1452454 Gflops/s) - 1310 (1440360 Gflops/s) - 1313 (1443658 Gflops/s) | Temperatures: 60°C - 62°C - 72°C - 71°C - 62°C - 60°C - 71°C - 73°C | Throttling: None - None - None - None - None - None - None - None
1304 (1433763 Gflops/s) - 1334 (1466748 Gflops/s) - 1332 (1464549 Gflops/s) - 1325 (1456852 Gflops/s) - 1324 (1455753 Gflops/s) - 1319 (1450255 Gflops/s) - 1310 (1440360 Gflops/s) - 1312 (1442559 Gflops/s) | Temperatures: 60°C - 62°C - 72°C - 71°C - 62°C - 60°C - 71°C - 73°C | Throttling: None - None - None - None - None - None - None - None
1302 (1431564 Gflops/s) - 1332 (1464549 Gflops/s) - 1330 (1462350 Gflops/s) - 1324 (1455753 Gflops/s) - 1323 (1454653 Gflops/s) - 1318 (1449156 Gflops/s) - 1308 (1438161 Gflops/s) - 1311 (1441459 Gflops/s) | Temperatures: 59°C - 62°C - 72°C - 71°C - 62°C - 60°C - 71°C - 73°C | Throttling: None - None - None - None - None - None - None - None
1306 (1435962 Gflops/s) - 1333 (1465648 Gflops/s) - 1331 (1463449 Gflops/s) - 1324 (1455753 Gflops/s) - 1323 (1454653 Gflops/s) - 1321 (1452454 Gflops/s) - 1310 (1440360 Gflops/s) - 1312 (1442559 Gflops/s) | Temperatures: 59°C - 62°C - 72°C - 71°C - 62°C - 60°C - 71°C - 73°C | Throttling: None - None - None - None - None - None - None - None
1306 (1435962 Gflops/s) - 1334 (1466748 Gflops/s) - 1332 (1464549 Gflops/s) - 1325 (1456852 Gflops/s) - 1324 (1455753 Gflops/s) - 1321 (1452454 Gflops/s) - 1309 (1439260 Gflops/s) - 1311 (1441459 Gflops/s) | Temperatures: 60°C - 62°C - 72°C - 71°C - 62°C - 60°C - 71°C - 73°C | Throttling: None - None - None - None - None - None - None - None
1303 (1432663 Gflops/s) - 1334 (1466748 Gflops/s) - 1332 (1464549 Gflops/s) - 1324 (1455753 Gflops/s) - 1323 (1454653 Gflops/s) - 1323 (1454653 Gflops/s) - 1310 (1440360 Gflops/s) - 1314 (1444758 Gflops/s) | Temperatures: 59°C - 62°C - 72°C - 71°C - 62°C - 61°C - 71°C - 73°C | Throttling: None - None - None - None - None - None - None - None
1304 (1433763 Gflops/s) - 1333 (1465648 Gflops/s) - 1331 (1463449 Gflops/s) - 1325 (1456852 Gflops/s) - 1322 (1453554 Gflops/s) - 1321 (1452454 Gflops/s) - 1308 (1438161 Gflops/s) - 1309 (1439260 Gflops/s) | Temperatures: 59°C - 62°C - 72°C - 71°C - 62°C - 60°C - 71°C - 73°C | Throttling: None - None - None - None - None - None - None - None
1307 (1437061 Gflops/s) - 1333 (1465648 Gflops/s) - 1332 (1464549 Gflops/s) - 1325 (1456852 Gflops/s) - 1325 (1456852 Gflops/s) - 1321 (1452454 Gflops/s) - 1309 (1439260 Gflops/s) - 1313 (1443658 Gflops/s) | Temperatures: 59°C - 62°C - 72°C - 71°C - 62°C - 60°C - 71°C - 73°C | Throttling: None - None - None - None - None - None - None - None
1306 (1435962 Gflops/s) - 1335 (1467848 Gflops/s) - 1331 (1463449 Gflops/s) - 1325 (1456852 Gflops/s) - 1323 (1454653 Gflops/s) - 1320 (1451355 Gflops/s) - 1310 (1440360 Gflops/s) - 1312 (1442559 Gflops/s) | Temperatures: 60°C - 62°C - 72°C - 71°C - 62°C - 60°C - 71°C - 73°C | Throttling: None - None - None - None - None - None - None - None
1304 (1433763 Gflops/s) - 1333 (1465648 Gflops/s) - 1330 (1462350 Gflops/s) - 1324 (1455753 Gflops/s) - 1322 (1453554 Gflops/s) - 1320 (1451355 Gflops/s) - 1308 (1438161 Gflops/s) - 1310 (1440360 Gflops/s) | Temperatures: 59°C - 62°C - 72°C - 71°C - 62°C - 60°C - 71°C - 73°C | Throttling: None - None - None - None - None - None - None - None
1305 (1434862 Gflops/s) - 1334 (1466748 Gflops/s) - 1331 (1463449 Gflops/s) - 1324 (1455753 Gflops/s) - 1323 (1454653 Gflops/s) - 1320 (1451355 Gflops/s) - 1309 (1439260 Gflops/s) - 1312 (1442559 Gflops/s) | Temperatures: 59°C - 62°C - 72°C - 71°C - 62°C - 60°C - 71°C - 73°C | Throttling: None - None - None - None - None - None - None - None
1303 (1432663 Gflops/s) - 1334 (1466748 Gflops/s) - 1331 (1463449 Gflops/s) - 1326 (1457952 Gflops/s) - 1324 (1455753 Gflops/s) - 1321 (1452454 Gflops/s) - 1309 (1439260 Gflops/s) - 1312 (1442559 Gflops/s) | Temperatures: 59°C - 62°C - 72°C - 71°C - 62°C - 61°C - 71°C - 73°C | Throttling: None - None - None - None - None - None - None - None
1302 (1431564 Gflops/s) - 1333 (1465648 Gflops/s) - 1333 (1465648 Gflops/s) - 1324 (1455753 Gflops/s) - 1323 (1454653 Gflops/s) - 1320 (1451355 Gflops/s) - 1309 (1439260 Gflops/s) - 1311 (1441459 Gflops/s) | Temperatures: 59°C - 62°C - 72°C - 71°C - 62°C - 60°C - 71°C - 73°C | Throttling: None - None - None - None - None - None - None - None
1307 (1437061 Gflops/s) - 1334 (1466748 Gflops/s) - 1331 (1463449 Gflops/s) - 1325 (1456852 Gflops/s) - 1325 (1456852 Gflops/s) - 1323 (1454653 Gflops/s) - 1310 (1440360 Gflops/s) - 1311 (1441459 Gflops/s) | Temperatures: 59°C - 62°C - 72°C - 71°C - 62°C - 60°C - 71°C - 73°C | Throttling: None - None - None - None - None - None - None - None
1304 (1433763 Gflops/s) - 1333 (1465648 Gflops/s) - 1333 (1465648 Gflops/s) - 1323 (1454653 Gflops/s) - 1323 (1454653 Gflops/s) - 1321 (1452454 Gflops/s) - 1310 (1440360 Gflops/s) - 1312 (1442559 Gflops/s) | Temperatures: 60°C - 62°C - 72°C - 71°C - 62°C - 60°C - 71°C - 73°C | Throttling: None - None - None - None - None - None - None - None
1306 (1435962 Gflops/s) - 1333 (1465648 Gflops/s) - 1329 (1461250 Gflops/s) - 1324 (1455753 Gflops/s) - 1323 (1454653 Gflops/s) - 1320 (1451355 Gflops/s) - 1308 (1438161 Gflops/s) - 1309 (1439260 Gflops/s) | Temperatures: 59°C - 62°C - 72°C - 71°C - 62°C - 60°C - 71°C - 73°C | Throttling: None - None - None - None - None - None - None - None
1305 (1434862 Gflops/s) - 1334 (1466748 Gflops/s) - 1332 (1464549 Gflops/s) - 1324 (1455753 Gflops/s) - 1323 (1454653 Gflops/s) - 1321 (1452454 Gflops/s) - 1309 (1439260 Gflops/s) - 1312 (1442559 Gflops/s) | Temperatures: 60°C - 62°C - 72°C - 71°C - 62°C - 60°C - 71°C - 73°C | Throttling: None - None - None - None - None - None - None - None
1306 (1435962 Gflops/s) - 1334 (1466748 Gflops/s) - 1332 (1464549 Gflops/s) - 1325 (1456852 Gflops/s) - 1324 (1455753 Gflops/s) - 1321 (1452454 Gflops/s) - 1309 (1439260 Gflops/s) - 1312 (1442559 Gflops/s) | Temperatures: 60°C - 62°C - 72°C - 71°C - 62°C - 61°C - 71°C - 73°C | Throttling: None - None - None - None - None - None - None - None
1305 (1434862 Gflops/s) - 1333 (1465648 Gflops/s) - 1332 (1464549 Gflops/s) - 1326 (1457952 Gflops/s) - 1324 (1455753 Gflops/s) - 1320 (1451355 Gflops/s) - 1310 (1440360 Gflops/s) - 1312 (1442559 Gflops/s) | Temperatures: 59°C - 62°C - 72°C - 71°C - 62°C - 60°C - 71°C - 73°C | Throttling: None - None - None - None - None - None - None - None
1303 (1432663 Gflops/s) - 1332 (1464549 Gflops/s) - 1330 (1462350 Gflops/s) - 1322 (1453554 Gflops/s) - 1322 (1453554 Gflops/s) - 1318 (1449156 Gflops/s) - 1308 (1438161 Gflops/s) - 1312 (1442559 Gflops/s) | Temperatures: 60°C - 62°C - 72°C - 71°C - 62°C - 60°C - 71°C - 73°C | Throttling: None - None - None - None - None - None - None - None
1303 (1432663 Gflops/s) - 1334 (1466748 Gflops/s) - 1332 (1464549 Gflops/s) - 1325 (1456852 Gflops/s) - 1323 (1454653 Gflops/s) - 1322 (1453554 Gflops/s) - 1310 (1440360 Gflops/s) - 1311 (1441459 Gflops/s) | Temperatures: 60°C - 62°C - 72°C - 71°C - 62°C - 60°C - 71°C - 73°C | Throttling: None - None - None - None - None - None - None - None
1306 (1435962 Gflops/s) - 1334 (1466748 Gflops/s) - 1332 (1464549 Gflops/s) - 1325 (1456852 Gflops/s) - 1322 (1453554 Gflops/s) - 1320 (1451355 Gflops/s) - 1310 (1440360 Gflops/s) - 1311 (1441459 Gflops/s) | Temperatures: 59°C - 62°C - 72°C - 71°C - 62°C - 60°C - 71°C - 73°C | Throttling: None - None - None - None - None - None - None - None
1305 (1434862 Gflops/s) - 1334 (1466748 Gflops/s) - 1332 (1464549 Gflops/s) - 1325 (1456852 Gflops/s) - 1323 (1454653 Gflops/s) - 1321 (1452454 Gflops/s) - 1309 (1439260 Gflops/s) - 1312 (1442559 Gflops/s) | Temperatures: 59°C - 62°C - 72°C - 71°C - 62°C - 60°C - 71°C - 73°C | Throttling: None - None - None - None - None - None - None - None
1305 (1434862 Gflops/s) - 1333 (1465648 Gflops/s) - 1330 (1462350 Gflops/s) - 1323 (1454653 Gflops/s) - 1322 (1453554 Gflops/s) - 1319 (1450255 Gflops/s) - 1309 (1439260 Gflops/s) - 1312 (1442559 Gflops/s) | Temperatures: 60°C - 62°C - 72°C - 71°C - 62°C - 60°C - 71°C - 73°C | Throttling: None - None - None - None - None - None - None - None
1305 (1434862 Gflops/s) - 1334 (1466748 Gflops/s) - 1332 (1464549 Gflops/s) - 1327 (1459051 Gflops/s) - 1324 (1455753 Gflops/s) - 1323 (1454653 Gflops/s) - 1309 (1439260 Gflops/s) - 1311 (1441459 Gflops/s) | Temperatures: 59°C - 62°C - 72°C - 71°C - 62°C - 60°C - 71°C - 73°C | Throttling: None - None - None - None - None - None - None - None
1303 (1432663 Gflops/s) - 1334 (1466748 Gflops/s) - 1332 (1464549 Gflops/s) - 1323 (1454653 Gflops/s) - 1324 (1455753 Gflops/s) - 1320 (1451355 Gflops/s) - 1310 (1440360 Gflops/s) - 1313 (1443658 Gflops/s) | Temperatures: 60°C - 62°C - 72°C - 71°C - 62°C - 60°C - 71°C - 73°C | Throttling: None - None - None - None - None - None - None - None
1309 (1439260 Gflops/s) - 1333 (1465648 Gflops/s) - 1330 (1462350 Gflops/s) - 1323 (1454653 Gflops/s) - 1322 (1453554 Gflops/s) - 1322 (1453554 Gflops/s) - 1307 (1437061 Gflops/s) - 1310 (1440360 Gflops/s) | Temperatures: 60°C - 62°C - 72°C - 71°C - 62°C - 61°C - 71°C - 73°C | Throttling: None - None - None - None - None - None - None - None
1303 (1432663 Gflops/s) - 1334 (1466748 Gflops/s) - 1332 (1464549 Gflops/s) - 1325 (1456852 Gflops/s) - 1322 (1453554 Gflops/s) - 1319 (1450255 Gflops/s) - 1310 (1440360 Gflops/s) - 1312 (1442559 Gflops/s) | Temperatures: 60°C - 62°C - 72°C - 71°C - 62°C - 60°C - 71°C - 73°C | Throttling: None - None - None - None - None - None - None - None
1307 (1437061 Gflops/s) - 1333 (1465648 Gflops/s) - 1330 (1462350 Gflops/s) - 1323 (1454653 Gflops/s) - 1321 (1452454 Gflops/s) - 1319 (1450255 Gflops/s) - 1309 (1439260 Gflops/s) - 1311 (1441459 Gflops/s) | Temperatures: 60°C - 62°C - 72°C - 71°C - 62°C - 61°C - 71°C - 73°C | Throttling: None - None - None - None - None - None - None - None
1303 (1432663 Gflops/s) - 1335 (1467848 Gflops/s) - 1332 (1464549 Gflops/s) - 1325 (1456852 Gflops/s) - 1323 (1454653 Gflops/s) - 1321 (1452454 Gflops/s) - 1310 (1440360 Gflops/s) - 1313 (1443658 Gflops/s) | Temperatures: 60°C - 62°C - 72°C - 71°C - 62°C - 60°C - 71°C - 73°C | Throttling: None - None - None - None - None - None - None - None
1305 (1434862 Gflops/s) - 1335 (1467848 Gflops/s) - 1332 (1464549 Gflops/s) - 1324 (1455753 Gflops/s) - 1324 (1455753 Gflops/s) - 1323 (1454653 Gflops/s) - 1309 (1439260 Gflops/s) - 1312 (1442559 Gflops/s) | Temperatures: 60°C - 62°C - 72°C - 71°C - 62°C - 60°C - 71°C - 73°C | Throttling: None - None - None - None - None - None - None - None
1307 (1437061 Gflops/s) - 1333 (1465648 Gflops/s) - 1330 (1462350 Gflops/s) - 1324 (1455753 Gflops/s) - 1321 (1452454 Gflops/s) - 1323 (1454653 Gflops/s) - 1309 (1439260 Gflops/s) - 1312 (1442559 Gflops/s) | Temperatures: 60°C - 62°C - 72°C - 71°C - 62°C - 60°C - 71°C - 73°C | Throttling: None - None - None - None - None - None - None - None
1302 (1431564 Gflops/s) - 1335 (1467848 Gflops/s) - 1332 (1464549 Gflops/s) - 1324 (1455753 Gflops/s) - 1321 (1452454 Gflops/s) - 1319 (1450255 Gflops/s) - 1309 (1439260 Gflops/s) - 1312 (1442559 Gflops/s) | Temperatures: 60°C - 62°C - 72°C - 71°C - 62°C - 60°C - 71°C - 73°C | Throttling: None - None - None - None - None - None - None - None
1304 (1433763 Gflops/s) - 1334 (1466748 Gflops/s) - 1332 (1464549 Gflops/s) - 1324 (1455753 Gflops/s) - 1325 (1456852 Gflops/s) - 1323 (1454653 Gflops/s) - 1310 (1440360 Gflops/s) - 1312 (1442559 Gflops/s) | Temperatures: 59°C - 62°C - 72°C - 71°C - 62°C - 61°C - 71°C - 73°C | Throttling: None - None - None - None - None - None - None - None
1303 (1432663 Gflops/s) - 1333 (1465648 Gflops/s) - 1330 (1462350 Gflops/s) - 1322 (1453554 Gflops/s) - 1322 (1453554 Gflops/s) - 1318 (1449156 Gflops/s) - 1308 (1438161 Gflops/s) - 1310 (1440360 Gflops/s) | Temperatures: 59°C - 62°C - 72°C - 71°C - 62°C - 61°C - 71°C - 73°C | Throttling: None - None - None - None - None - None - None - None
1305 (1434862 Gflops/s) - 1334 (1466748 Gflops/s) - 1332 (1464549 Gflops/s) - 1326 (1457952 Gflops/s) - 1323 (1454653 Gflops/s) - 1322 (1453554 Gflops/s) - 1309 (1439260 Gflops/s) - 1312 (1442559 Gflops/s) | Temperatures: 60°C - 62°C - 72°C - 71°C - 62°C - 61°C - 71°C - 73°C | Throttling: None - None - None - None - None - None - None - None
1303 (1432663 Gflops/s) - 1334 (1466748 Gflops/s) - 1332 (1464549 Gflops/s) - 1325 (1456852 Gflops/s) - 1322 (1453554 Gflops/s) - 1320 (1451355 Gflops/s) - 1310 (1440360 Gflops/s) - 1312 (1442559 Gflops/s) | Temperatures: 59°C - 62°C - 72°C - 71°C - 62°C - 60°C - 71°C - 73°C | Throttling: None - None - None - None - None - None - None - None
1304 (1433763 Gflops/s) - 1334 (1466748 Gflops/s) - 1330 (1462350 Gflops/s) - 1323 (1454653 Gflops/s) - 1322 (1453554 Gflops/s) - 1321 (1452454 Gflops/s) - 1309 (1439260 Gflops/s) - 1311 (1441459 Gflops/s) | Temperatures: 60°C - 62°C - 72°C - 71°C - 62°C - 61°C - 71°C - 73°C | Throttling: None - None - None - None - None - None - None - None
1303 (1432663 Gflops/s) - 1334 (1466748 Gflops/s) - 1332 (1464549 Gflops/s) - 1326 (1457952 Gflops/s) - 1325 (1456852 Gflops/s) - 1321 (1452454 Gflops/s) - 1309 (1439260 Gflops/s) - 1312 (1442559 Gflops/s) | Temperatures: 60°C - 62°C - 72°C - 71°C - 62°C - 61°C - 71°C - 73°C | Throttling: None - None - None - None - None - None - None - None
1303 (1432663 Gflops/s) - 1332 (1464549 Gflops/s) - 1330 (1462350 Gflops/s) - 1324 (1455753 Gflops/s) - 1321 (1452454 Gflops/s) - 1321 (1452454 Gflops/s) - 1308 (1438161 Gflops/s) - 1310 (1440360 Gflops/s) | Temperatures: 60°C - 62°C - 72°C - 71°C - 62°C - 61°C - 71°C - 73°C | Throttling: None - None - None - None - None - None - None - None
1307 (1437061 Gflops/s) - 1335 (1467848 Gflops/s) - 1332 (1464549 Gflops/s) - 1325 (1456852 Gflops/s) - 1323 (1454653 Gflops/s) - 1322 (1453554 Gflops/s) - 1310 (1440360 Gflops/s) - 1312 (1442559 Gflops/s) | Temperatures: 60°C - 62°C - 72°C - 71°C - 62°C - 61°C - 71°C - 73°C | Throttling: None - None - None - None - None - None - None - None
1304 (1433763 Gflops/s) - 1335 (1467848 Gflops/s) - 1331 (1463449 Gflops/s) - 1325 (1456852 Gflops/s) - 1323 (1454653 Gflops/s) - 1321 (1452454 Gflops/s) - 1309 (1439260 Gflops/s) - 1310 (1440360 Gflops/s) | Temperatures: 60°C - 62°C - 72°C - 71°C - 62°C - 61°C - 71°C - 73°C | Throttling: None - None - None - None - None - None - None - None
1304 (1433763 Gflops/s) - 1334 (1466748 Gflops/s) - 1332 (1464549 Gflops/s) - 1323 (1454653 Gflops/s) - 1323 (1454653 Gflops/s) - 1320 (1451355 Gflops/s) - 1310 (1440360 Gflops/s) - 1311 (1441459 Gflops/s) | Temperatures: 59°C - 62°C - 72°C - 71°C - 62°C - 61°C - 71°C - 73°C | Throttling: None - None - None - None - None - None - None - None
1307 (1437061 Gflops/s) - 1334 (1466748 Gflops/s) - 1331 (1463449 Gflops/s) - 1325 (1456852 Gflops/s) - 1322 (1453554 Gflops/s) - 1318 (1449156 Gflops/s) - 1308 (1438161 Gflops/s) - 1311 (1441459 Gflops/s) | Temperatures: 60°C - 62°C - 72°C - 71°C - 62°C - 61°C - 71°C - 73°C | Throttling: None - None - None - None - None - None - None - None
1304 (1433763 Gflops/s) - 1334 (1466748 Gflops/s) - 1331 (1463449 Gflops/s) - 1324 (1455753 Gflops/s) - 1323 (1454653 Gflops/s) - 1321 (1452454 Gflops/s) - 1309 (1439260 Gflops/s) - 1314 (1444758 Gflops/s) | Temperatures: 60°C - 62°C - 72°C - 71°C - 62°C - 60°C - 71°C - 73°C | Throttling: None - None - None - None - None - None - None - None
1307 (1437061 Gflops/s) - 1335 (1467848 Gflops/s) - 1332 (1464549 Gflops/s) - 1324 (1455753 Gflops/s) - 1323 (1454653 Gflops/s) - 1320 (1451355 Gflops/s) - 1310 (1440360 Gflops/s) - 1312 (1442559 Gflops/s) | Temperatures: 60°C - 62°C - 72°C - 71°C - 62°C - 61°C - 71°C - 73°C | Throttling: None - None - None - None - None - None - None - None
1311 (1441459 Gflops/s) - 1334 (1466748 Gflops/s) - 1331 (1463449 Gflops/s) - 1326 (1457952 Gflops/s) - 1323 (1454653 Gflops/s) - 1319 (1450255 Gflops/s) - 1309 (1439260 Gflops/s) - 1311 (1441459 Gflops/s) | Temperatures: 60°C - 62°C - 72°C - 71°C - 62°C - 61°C - 71°C - 73°C | Throttling: None - None - None - None - None - None - None - None
1302 (1431564 Gflops/s) - 1333 (1465648 Gflops/s) - 1330 (1462350 Gflops/s) - 1322 (1453554 Gflops/s) - 1321 (1452454 Gflops/s) - 1318 (1449156 Gflops/s) - 1308 (1438161 Gflops/s) - 1312 (1442559 Gflops/s) | Temperatures: 60°C - 62°C - 72°C - 71°C - 62°C - 61°C - 71°C - 73°C | Throttling: None - None - None - None - None - None - None - None
1304 (1433763 Gflops/s) - 1335 (1467848 Gflops/s) - 1331 (1463449 Gflops/s) - 1325 (1456852 Gflops/s) - 1322 (1453554 Gflops/s) - 1322 (1453554 Gflops/s) - 1309 (1439260 Gflops/s) - 1310 (1440360 Gflops/s) | Temperatures: 60°C - 62°C - 72°C - 71°C - 62°C - 61°C - 71°C - 73°C | Throttling: None - None - None - None - None - None - None - None
1302 (1431564 Gflops/s) - 1334 (1466748 Gflops/s) - 1332 (1464549 Gflops/s) - 1322 (1453554 Gflops/s) - 1322 (1453554 Gflops/s) - 1318 (1449156 Gflops/s) - 1310 (1440360 Gflops/s) - 1311 (1441459 Gflops/s) | Temperatures: 60°C - 62°C - 72°C - 71°C - 62°C - 60°C - 71°C - 73°C | Throttling: None - None - None - None - None - None - None - None
1300 (1429365 Gflops/s) - 1333 (1465648 Gflops/s) - 1331 (1463449 Gflops/s) - 1326 (1457952 Gflops/s) - 1324 (1455753 Gflops/s) - 1321 (1452454 Gflops/s) - 1310 (1440360 Gflops/s) - 1311 (1441459 Gflops/s) | Temperatures: 60°C - 62°C - 72°C - 71°C - 62°C - 61°C - 71°C - 73°C | Throttling: None - None - None - None - None - None - None - None
1304 (1433763 Gflops/s) - 1333 (1465648 Gflops/s) - 1330 (1462350 Gflops/s) - 1323 (1454653 Gflops/s) - 1321 (1452454 Gflops/s) - 1321 (1452454 Gflops/s) - 1308 (1438161 Gflops/s) - 1310 (1440360 Gflops/s) | Temperatures: 60°C - 62°C - 72°C - 71°C - 62°C - 61°C - 71°C - 73°C | Throttling: None - None - None - None - None - None - None - None
1303 (1432663 Gflops/s) - 1334 (1466748 Gflops/s) - 1332 (1464549 Gflops/s) - 1323 (1454653 Gflops/s) - 1323 (1454653 Gflops/s) - 1319 (1450255 Gflops/s) - 1309 (1439260 Gflops/s) - 1310 (1440360 Gflops/s) | Temperatures: 60°C - 62°C - 72°C - 71°C - 62°C - 61°C - 71°C - 73°C | Throttling: None - None - None - None - None - None - None - None
1305 (1434862 Gflops/s) - 1335 (1467848 Gflops/s) - 1332 (1464549 Gflops/s) - 1324 (1455753 Gflops/s) - 1323 (1454653 Gflops/s) - 1321 (1452454 Gflops/s) - 1309 (1439260 Gflops/s) - 1312 (1442559 Gflops/s) | Temperatures: 60°C - 62°C - 72°C - 71°C - 62°C - 61°C - 71°C - 73°C | Throttling: None - None - None - None - None - None - None - None
1304 (1433763 Gflops/s) - 1333 (1465648 Gflops/s) - 1330 (1462350 Gflops/s) - 1323 (1454653 Gflops/s) - 1323 (1454653 Gflops/s) - 1321 (1452454 Gflops/s) - 1308 (1438161 Gflops/s) - 1310 (1440360 Gflops/s) | Temperatures: 60°C - 62°C - 72°C - 71°C - 62°C - 61°C - 71°C - 73°C | Throttling: None - None - None - None - None - None - None - None
1305 (1434862 Gflops/s) - 1335 (1467848 Gflops/s) - 1332 (1464549 Gflops/s) - 1324 (1455753 Gflops/s) - 1323 (1454653 Gflops/s) - 1321 (1452454 Gflops/s) - 1309 (1439260 Gflops/s) - 1311 (1441459 Gflops/s) | Temperatures: 60°C - 62°C - 72°C - 71°C - 62°C - 60°C - 71°C - 73°C | Throttling: None - None - None - None - None - None - None - None
1307 (1437061 Gflops/s) - 1334 (1466748 Gflops/s) - 1332 (1464549 Gflops/s) - 1325 (1456852 Gflops/s) - 1323 (1454653 Gflops/s) - 1322 (1453554 Gflops/s) - 1310 (1440360 Gflops/s) - 1312 (1442559 Gflops/s) | Temperatures: 60°C - 62°C - 72°C - 71°C - 62°C - 61°C - 71°C - 73°C | Throttling: None - None - None - None - None - None - None - None
1307 (1437061 Gflops/s) - 1333 (1465648 Gflops/s) - 1331 (1463449 Gflops/s) - 1322 (1453554 Gflops/s) - 1322 (1453554 Gflops/s) - 1318 (1449156 Gflops/s) - 1307 (1437061 Gflops/s) - 1312 (1442559 Gflops/s) | Temperatures: 60°C - 62°C - 72°C - 71°C - 62°C - 60°C - 71°C - 73°C | Throttling: None - None - None - None - None - None - None - None
1306 (1435962 Gflops/s) - 1333 (1465648 Gflops/s) - 1332 (1464549 Gflops/s) - 1323 (1454653 Gflops/s) - 1322 (1453554 Gflops/s) - 1318 (1449156 Gflops/s) - 1310 (1440360 Gflops/s) - 1314 (1444758 Gflops/s) | Temperatures: 60°C - 62°C - 72°C - 71°C - 62°C - 61°C - 71°C - 73°C | Throttling: None - None - None - None - None - None - None - None
1305 (1434862 Gflops/s) - 1335 (1467848 Gflops/s) - 1332 (1464549 Gflops/s) - 1325 (1456852 Gflops/s) - 1324 (1455753 Gflops/s) - 1320 (1451355 Gflops/s) - 1309 (1439260 Gflops/s) - 1311 (1441459 Gflops/s) | Temperatures: 60°C - 62°C - 72°C - 71°C - 62°C - 61°C - 71°C - 73°C | Throttling: None - None - None - None - None - None - None - None
1305 (1434862 Gflops/s) - 1332 (1464549 Gflops/s) - 1331 (1463449 Gflops/s) - 1324 (1455753 Gflops/s) - 1321 (1452454 Gflops/s) - 1318 (1449156 Gflops/s) - 1308 (1438161 Gflops/s) - 1311 (1441459 Gflops/s) | Temperatures: 60°C - 62°C - 72°C - 71°C - 62°C - 61°C - 71°C - 73°C | Throttling: None - None - None - None - None - None - None - None
1303 (1432663 Gflops/s) - 1333 (1465648 Gflops/s) - 1331 (1463449 Gflops/s) - 1324 (1455753 Gflops/s) - 1323 (1454653 Gflops/s) - 1320 (1451355 Gflops/s) - 1309 (1439260 Gflops/s) - 1311 (1441459 Gflops/s) | Temperatures: 60°C - 62°C - 72°C - 71°C - 62°C - 60°C - 71°C - 73°C | Throttling: None - None - None - None - None - None - None - None
1304 (1433763 Gflops/s) - 1334 (1466748 Gflops/s) - 1332 (1464549 Gflops/s) - 1325 (1456852 Gflops/s) - 1322 (1453554 Gflops/s) - 1321 (1452454 Gflops/s) - 1310 (1440360 Gflops/s) - 1311 (1441459 Gflops/s) | Temperatures: 59°C - 62°C - 72°C - 71°C - 62°C - 61°C - 71°C - 73°C | Throttling: None - None - None - None - None - None - None - None
1304 (1433763 Gflops/s) - 1332 (1464549 Gflops/s) - 1330 (1462350 Gflops/s) - 1323 (1454653 Gflops/s) - 1322 (1453554 Gflops/s) - 1318 (1449156 Gflops/s) - 1308 (1438161 Gflops/s) - 1312 (1442559 Gflops/s) | Temperatures: 60°C - 62°C - 72°C - 71°C - 62°C - 61°C - 71°C - 73°C | Throttling: None - None - None - None - None - None - None - None
1310 (1440360 Gflops/s) - 1333 (1465648 Gflops/s) - 1332 (1464549 Gflops/s) - 1325 (1456852 Gflops/s) - 1322 (1453554 Gflops/s) - 1319 (1450255 Gflops/s) - 1309 (1439260 Gflops/s) - 1312 (1442559 Gflops/s) | Temperatures: 60°C - 62°C - 72°C - 71°C - 62°C - 61°C - 71°C - 73°C | Throttling: None - None - None - None - None - None - None - None
1308 (1438161 Gflops/s) - 1334 (1466748 Gflops/s) - 1332 (1464549 Gflops/s) - 1323 (1454653 Gflops/s) - 1325 (1456852 Gflops/s) - 1321 (1452454 Gflops/s) - 1309 (1439260 Gflops/s) - 1312 (1442559 Gflops/s) | Temperatures: 60°C - 62°C - 72°C - 71°C - 62°C - 60°C - 71°C - 73°C | Throttling: None - None - None - None - None - None - None - None
1304 (1433763 Gflops/s) - 1332 (1464549 Gflops/s) - 1330 (1462350 Gflops/s) - 1323 (1454653 Gflops/s) - 1321 (1452454 Gflops/s) - 1321 (1452454 Gflops/s) - 1308 (1438161 Gflops/s) - 1310 (1440360 Gflops/s) | Temperatures: 60°C - 62°C - 72°C - 71°C - 62°C - 61°C - 71°C - 73°C | Throttling: None - None - None - None - None - None - None - None
1304 (1433763 Gflops/s) - 1334 (1466748 Gflops/s) - 1333 (1465648 Gflops/s) - 1324 (1455753 Gflops/s) - 1323 (1454653 Gflops/s) - 1320 (1451355 Gflops/s) - 1309 (1439260 Gflops/s) - 1312 (1442559 Gflops/s) | Temperatures: 59°C - 62°C - 72°C - 71°C - 62°C - 61°C - 71°C - 73°C | Throttling: None - None - None - None - None - None - None - None
1304 (1433763 Gflops/s) - 1334 (1466748 Gflops/s) - 1331 (1463449 Gflops/s) - 1324 (1455753 Gflops/s) - 1322 (1453554 Gflops/s) - 1323 (1454653 Gflops/s) - 1310 (1440360 Gflops/s) - 1311 (1441459 Gflops/s) | Temperatures: 60°C - 62°C - 72°C - 71°C - 62°C - 61°C - 71°C - 73°C | Throttling: None - None - None - None - None - None - None - None
1305 (1434862 Gflops/s) - 1332 (1464549 Gflops/s) - 1330 (1462350 Gflops/s) - 1324 (1455753 Gflops/s) - 1321 (1452454 Gflops/s) - 1318 (1449156 Gflops/s) - 1307 (1437061 Gflops/s) - 1311 (1441459 Gflops/s) | Temperatures: 60°C - 62°C - 72°C - 71°C - 62°C - 61°C - 71°C - 73°C | Throttling: None - None - None - None - None - None - None - None
1305 (1434862 Gflops/s) - 1334 (1466748 Gflops/s) - 1332 (1464549 Gflops/s) - 1325 (1456852 Gflops/s) - 1324 (1455753 Gflops/s) - 1319 (1450255 Gflops/s) - 1309 (1439260 Gflops/s) - 1311 (1441459 Gflops/s) | Temperatures: 60°C - 62°C - 72°C - 71°C - 62°C - 61°C - 71°C - 73°C | Throttling: None - None - None - None - None - None - None - None
1307 (1437061 Gflops/s) - 1333 (1465648 Gflops/s) - 1331 (1463449 Gflops/s) - 1326 (1457952 Gflops/s) - 1323 (1454653 Gflops/s) - 1324 (1455753 Gflops/s) - 1310 (1440360 Gflops/s) - 1312 (1442559 Gflops/s) | Temperatures: 60°C - 62°C - 72°C - 71°C - 62°C - 61°C - 71°C - 73°C | Throttling: None - None - None - None - None - None - None - None
1305 (1434862 Gflops/s) - 1333 (1465648 Gflops/s) - 1331 (1463449 Gflops/s) - 1324 (1455753 Gflops/s) - 1322 (1453554 Gflops/s) - 1317 (1448056 Gflops/s) - 1308 (1438161 Gflops/s) - 1310 (1440360 Gflops/s) | Temperatures: 60°C - 62°C - 72°C - 71°C - 62°C - 60°C - 71°C - 73°C | Throttling: None - None - None - None - None - None - None - None
1304 (1433763 Gflops/s) - 1334 (1466748 Gflops/s) - 1331 (1463449 Gflops/s) - 1324 (1455753 Gflops/s) - 1322 (1453554 Gflops/s) - 1322 (1453554 Gflops/s) - 1309 (1439260 Gflops/s) - 1311 (1441459 Gflops/s) | Temperatures: 60°C - 62°C - 72°C - 71°C - 62°C - 61°C - 71°C - 73°C | Throttling: None - None - None - None - None - None - None - None
1303 (1432663 Gflops/s) - 1333 (1465648 Gflops/s) - 1332 (1464549 Gflops/s) - 1324 (1455753 Gflops/s) - 1321 (1452454 Gflops/s) - 1320 (1451355 Gflops/s) - 1309 (1439260 Gflops/s) - 1311 (1441459 Gflops/s) | Temperatures: 60°C - 62°C - 72°C - 71°C - 62°C - 61°C - 71°C - 73°C | Throttling: None - None - None - None - None - None - None - None
1305 (1434862 Gflops/s) - 1332 (1464549 Gflops/s) - 1330 (1462350 Gflops/s) - 1324 (1455753 Gflops/s) - 1321 (1452454 Gflops/s) - 1320 (1451355 Gflops/s) - 1308 (1438161 Gflops/s) - 1310 (1440360 Gflops/s) | Temperatures: 60°C - 62°C - 72°C - 71°C - 62°C - 61°C - 71°C - 73°C | Throttling: None - None - None - None - None - None - None - None
1304 (1433763 Gflops/s) - 1334 (1466748 Gflops/s) - 1332 (1464549 Gflops/s) - 1324 (1455753 Gflops/s) - 1322 (1453554 Gflops/s) - 1321 (1452454 Gflops/s) - 1310 (1440360 Gflops/s) - 1311 (1441459 Gflops/s) | Temperatures: 60°C - 62°C - 72°C - 71°C - 62°C - 61°C - 71°C - 73°C | Throttling: None - None - None - None - None - None - None - None
1309 (1439260 Gflops/s) - 1333 (1465648 Gflops/s) - 1330 (1462350 Gflops/s) - 1324 (1455753 Gflops/s) - 1321 (1452454 Gflops/s) - 1321 (1452454 Gflops/s) - 1308 (1438161 Gflops/s) - 1311 (1441459 Gflops/s) | Temperatures: 60°C - 62°C - 72°C - 71°C - 62°C - 61°C - 71°C - 73°C | Throttling: None - None - None - None - None - None - None - None
1308 (1438161 Gflops/s) - 1334 (1466748 Gflops/s) - 1331 (1463449 Gflops/s) - 1325 (1456852 Gflops/s) - 1321 (1452454 Gflops/s) - 1318 (1449156 Gflops/s) - 1309 (1439260 Gflops/s) - 1310 (1440360 Gflops/s) | Temperatures: 60°C - 62°C - 72°C - 71°C - 62°C - 61°C - 71°C - 73°C | Throttling: None - None - None - None - None - None - None - None
1303 (1432663 Gflops/s) - 1334 (1466748 Gflops/s) - 1332 (1464549 Gflops/s) - 1325 (1456852 Gflops/s) - 1322 (1453554 Gflops/s) - 1321 (1452454 Gflops/s) - 1309 (1439260 Gflops/s) - 1312 (1442559 Gflops/s) | Temperatures: 60°C - 62°C - 72°C - 71°C - 62°C - 61°C - 71°C - 73°C | Throttling: None - None - None - None - None - None - None - None
1305 (1434862 Gflops/s) - 1332 (1464549 Gflops/s) - 1330 (1462350 Gflops/s) - 1321 (1452454 Gflops/s) - 1321 (1452454 Gflops/s) - 1318 (1449156 Gflops/s) - 1308 (1438161 Gflops/s) - 1311 (1441459 Gflops/s) | Temperatures: 60°C - 62°C - 72°C - 71°C - 62°C - 61°C - 71°C - 73°C | Throttling: None - None - None - None - None - None - None - None
1304 (1433763 Gflops/s) - 1334 (1466748 Gflops/s) - 1332 (1464549 Gflops/s) - 1325 (1456852 Gflops/s) - 1323 (1454653 Gflops/s) - 1319 (1450255 Gflops/s) - 1310 (1440360 Gflops/s) - 1311 (1441459 Gflops/s) | Temperatures: 60°C - 62°C - 72°C - 71°C - 62°C - 61°C - 71°C - 73°C | Throttling: None - None - None - None - None - None - None - None
1305 (1434862 Gflops/s) - 1334 (1466748 Gflops/s) - 1331 (1463449 Gflops/s) - 1326 (1457952 Gflops/s) - 1323 (1454653 Gflops/s) - 1317 (1448056 Gflops/s) - 1309 (1439260 Gflops/s) - 1312 (1442559 Gflops/s) | Temperatures: 60°C - 62°C - 72°C - 71°C - 62°C - 61°C - 71°C - 73°C | Throttling: None - None - None - None - None - None - None - None
1304 (1433763 Gflops/s) - 1332 (1464549 Gflops/s) - 1331 (1463449 Gflops/s) - 1323 (1454653 Gflops/s) - 1320 (1451355 Gflops/s) - 1317 (1448056 Gflops/s) - 1308 (1438161 Gflops/s) - 1309 (1439260 Gflops/s) | Temperatures: 60°C - 62°C - 72°C - 71°C - 62°C - 60°C - 71°C - 73°C | Throttling: None - None - None - None - None - None - None - None
1305 (1434862 Gflops/s) - 1334 (1466748 Gflops/s) - 1331 (1463449 Gflops/s) - 1324 (1455753 Gflops/s) - 1322 (1453554 Gflops/s) - 1321 (1452454 Gflops/s) - 1309 (1439260 Gflops/s) - 1312 (1442559 Gflops/s) | Temperatures: 60°C - 62°C - 72°C - 71°C - 62°C - 61°C - 71°C - 73°C | Throttling: None - None - None - None - None - None - None - None
1303 (1432663 Gflops/s) - 1334 (1466748 Gflops/s) - 1333 (1465648 Gflops/s) - 1324 (1455753 Gflops/s) - 1323 (1454653 Gflops/s) - 1320 (1451355 Gflops/s) - 1309 (1439260 Gflops/s) - 1312 (1442559 Gflops/s) | Temperatures: 60°C - 62°C - 72°C - 71°C - 62°C - 61°C - 71°C - 73°C | Throttling: None - None - None - None - None - None - None - None
1307 (1437061 Gflops/s) - 1332 (1464549 Gflops/s) - 1331 (1463449 Gflops/s) - 1325 (1456852 Gflops/s) - 1320 (1451355 Gflops/s) - 1318 (1449156 Gflops/s) - 1308 (1438161 Gflops/s) - 1308 (1438161 Gflops/s) | Temperatures: 60°C - 62°C - 72°C - 71°C - 62°C - 60°C - 71°C - 73°C | Throttling: None - None - None - None - None - None - None - None
1306 (1435962 Gflops/s) - 1333 (1465648 Gflops/s) - 1332 (1464549 Gflops/s) - 1323 (1454653 Gflops/s) - 1323 (1454653 Gflops/s) - 1321 (1452454 Gflops/s) - 1310 (1440360 Gflops/s) - 1310 (1440360 Gflops/s) | Temperatures: 60°C - 62°C - 72°C - 71°C - 62°C - 61°C - 71°C - 73°C | Throttling: None - None - None - None - None - None - None - None
1304 (1433763 Gflops/s) - 1333 (1465648 Gflops/s) - 1332 (1464549 Gflops/s) - 1325 (1456852 Gflops/s) - 1323 (1454653 Gflops/s) - 1322 (1453554 Gflops/s) - 1309 (1439260 Gflops/s) - 1312 (1442559 Gflops/s) | Temperatures: 60°C - 62°C - 72°C - 71°C - 62°C - 61°C - 71°C - 73°C | Throttling: None - None - None - None - None - None - None - None
1304 (1433763 Gflops/s) - 1332 (1464549 Gflops/s) - 1329 (1461250 Gflops/s) - 1324 (1455753 Gflops/s) - 1321 (1452454 Gflops/s) - 1319 (1450255 Gflops/s) - 1308 (1438161 Gflops/s) - 1308 (1438161 Gflops/s) | Temperatures: 60°C - 62°C - 72°C - 71°C - 62°C - 61°C - 71°C - 73°C | Throttling: None - None - None - None - None - None - None - None
1306 (1435962 Gflops/s) - 1333 (1465648 Gflops/s) - 1331 (1463449 Gflops/s) - 1324 (1455753 Gflops/s) - 1323 (1454653 Gflops/s) - 1321 (1452454 Gflops/s) - 1309 (1439260 Gflops/s) - 1310 (1440360 Gflops/s) | Temperatures: 60°C - 62°C - 72°C - 71°C - 62°C - 61°C - 71°C - 73°C | Throttling: None - None - None - None - None - None - None - None
1302 (1431564 Gflops/s) - 1334 (1466748 Gflops/s) - 1332 (1464549 Gflops/s) - 1325 (1456852 Gflops/s) - 1323 (1454653 Gflops/s) - 1321 (1452454 Gflops/s) - 1309 (1439260 Gflops/s) - 1311 (1441459 Gflops/s) | Temperatures: 59°C - 62°C - 72°C - 71°C - 62°C - 61°C - 71°C - 73°C | Throttling: None - None - None - None - None - None - None - None
1301 (1430464 Gflops/s) - 1332 (1464549 Gflops/s) - 1329 (1461250 Gflops/s) - 1324 (1455753 Gflops/s) - 1321 (1452454 Gflops/s) - 1318 (1449156 Gflops/s) - 1308 (1438161 Gflops/s) - 1310 (1440360 Gflops/s) | Temperatures: 60°C - 62°C - 72°C - 71°C - 62°C - 60°C - 71°C - 73°C | Throttling: None - None - None - None - None - None - None - None
1305 (1434862 Gflops/s) - 1332 (1464549 Gflops/s) - 1331 (1463449 Gflops/s) - 1323 (1454653 Gflops/s) - 1322 (1453554 Gflops/s) - 1318 (1449156 Gflops/s) - 1309 (1439260 Gflops/s) - 1311 (1441459 Gflops/s) | Temperatures: 60°C - 62°C - 72°C - 71°C - 62°C - 60°C - 71°C - 73°C | Throttling: None - None - None - None - None - None - None - None
1308 (1438161 Gflops/s) - 1334 (1466748 Gflops/s) - 1332 (1464549 Gflops/s) - 1325 (1456852 Gflops/s) - 1322 (1453554 Gflops/s) - 1320 (1451355 Gflops/s) - 1309 (1439260 Gflops/s) - 1312 (1442559 Gflops/s) | Temperatures: 60°C - 62°C - 72°C - 71°C - 62°C - 61°C - 71°C - 73°C | Throttling: None - None - None - None - None - None - None - None
1304 (1433763 Gflops/s) - 1331 (1463449 Gflops/s) - 1330 (1462350 Gflops/s) - 1323 (1454653 Gflops/s) - 1322 (1453554 Gflops/s) - 1323 (1454653 Gflops/s) - 1308 (1438161 Gflops/s) - 1310 (1440360 Gflops/s) | Temperatures: 60°C - 62°C - 72°C - 71°C - 62°C - 60°C - 71°C - 73°C | Throttling: None - None - None - None - None - None - None - None
1303 (1432663 Gflops/s) - 1334 (1466748 Gflops/s) - 1332 (1464549 Gflops/s) - 1324 (1455753 Gflops/s) - 1324 (1455753 Gflops/s) - 1321 (1452454 Gflops/s) - 1309 (1439260 Gflops/s) - 1310 (1440360 Gflops/s) | Temperatures: 59°C - 62°C - 72°C - 71°C - 62°C - 61°C - 71°C - 73°C | Throttling: None - None - None - None - None - None - None - None
1302 (1431564 Gflops/s) - 1334 (1466748 Gflops/s) - 1332 (1464549 Gflops/s) - 1325 (1456852 Gflops/s) - 1323 (1454653 Gflops/s) - 1318 (1449156 Gflops/s) - 1309 (1439260 Gflops/s) - 1310 (1440360 Gflops/s) | Temperatures: 59°C - 62°C - 72°C - 71°C - 62°C - 60°C - 71°C - 73°C | Throttling: None - None - None - None - None - None - None - None
1303 (1432663 Gflops/s) - 1331 (1463449 Gflops/s) - 1329 (1461250 Gflops/s) - 1325 (1456852 Gflops/s) - 1321 (1452454 Gflops/s) - 1319 (1450255 Gflops/s) - 1308 (1438161 Gflops/s) - 1309 (1439260 Gflops/s) | Temperatures: 60°C - 62°C - 72°C - 71°C - 62°C - 61°C - 71°C - 73°C | Throttling: None - None - None - None - None - None - None - None
1306 (1435962 Gflops/s) - 1334 (1466748 Gflops/s) - 1331 (1463449 Gflops/s) - 1324 (1455753 Gflops/s) - 1322 (1453554 Gflops/s) - 1319 (1450255 Gflops/s) - 1309 (1439260 Gflops/s) - 1312 (1442559 Gflops/s) | Temperatures: 60°C - 62°C - 72°C - 71°C - 62°C - 61°C - 71°C - 73°C | Throttling: None - None - None - None - None - None - None - None
1309 (1439260 Gflops/s) - 1333 (1465648 Gflops/s) - 1333 (1465648 Gflops/s) - 1324 (1455753 Gflops/s) - 1324 (1455753 Gflops/s) - 1320 (1451355 Gflops/s) - 1310 (1440360 Gflops/s) - 1310 (1440360 Gflops/s) | Temperatures: 60°C - 62°C - 72°C - 71°C - 62°C - 61°C - 71°C - 73°C | Throttling: None - None - None - None - None - None - None - None
1305 (1434862 Gflops/s) - 1333 (1465648 Gflops/s) - 1329 (1461250 Gflops/s) - 1325 (1456852 Gflops/s) - 1322 (1453554 Gflops/s) - 1319 (1450255 Gflops/s) - 1307 (1437061 Gflops/s) - 1310 (1440360 Gflops/s) | Temperatures: 60°C - 62°C - 72°C - 71°C - 62°C - 61°C - 71°C - 73°C | Throttling: None - None - None - None - None - None - None - None
1302 (1431564 Gflops/s) - 1334 (1466748 Gflops/s) - 1331 (1463449 Gflops/s) - 1324 (1455753 Gflops/s) - 1323 (1454653 Gflops/s) - 1319 (1450255 Gflops/s) - 1310 (1440360 Gflops/s) - 1311 (1441459 Gflops/s) | Temperatures: 60°C - 62°C - 72°C - 71°C - 62°C - 61°C - 71°C - 73°C | Throttling: None - None - None - None - None - None - None - None
1307 (1437061 Gflops/s) - 1333 (1465648 Gflops/s) - 1332 (1464549 Gflops/s) - 1324 (1455753 Gflops/s) - 1323 (1454653 Gflops/s) - 1322 (1453554 Gflops/s) - 1309 (1439260 Gflops/s) - 1310 (1440360 Gflops/s) | Temperatures: 60°C - 62°C - 72°C - 71°C - 62°C - 61°C - 71°C - 73°C | Throttling: None - None - None - None - None - None - None - None
1307 (1437061 Gflops/s) - 1333 (1465648 Gflops/s) - 1330 (1462350 Gflops/s) - 1323 (1454653 Gflops/s) - 1321 (1452454 Gflops/s) - 1319 (1450255 Gflops/s) - 1308 (1438161 Gflops/s) - 1309 (1439260 Gflops/s) | Temperatures: 60°C - 62°C - 72°C - 71°C - 62°C - 61°C - 71°C - 73°C | Throttling: None - None - None - None - None - None - None - None
1304 (1433763 Gflops/s) - 1333 (1465648 Gflops/s) - 1331 (1463449 Gflops/s) - 1324 (1455753 Gflops/s) - 1322 (1453554 Gflops/s) - 1321 (1452454 Gflops/s) - 1310 (1440360 Gflops/s) - 1312 (1442559 Gflops/s) | Temperatures: 60°C - 62°C - 72°C - 71°C - 62°C - 60°C - 71°C - 73°C | Throttling: None - None - None - None - None - None - None - None
1308 (1438161 Gflops/s) - 1334 (1466748 Gflops/s) - 1332 (1464549 Gflops/s) - 1324 (1455753 Gflops/s) - 1323 (1454653 Gflops/s) - 1320 (1451355 Gflops/s) - 1310 (1440360 Gflops/s) - 1312 (1442559 Gflops/s) | Temperatures: 60°C - 62°C - 72°C - 71°C - 62°C - 61°C - 71°C - 73°C | Throttling: None - None - None - None - None - None - None - None
1305 (1434862 Gflops/s) - 1333 (1465648 Gflops/s) - 1331 (1463449 Gflops/s) - 1324 (1455753 Gflops/s) - 1321 (1452454 Gflops/s) - 1321 (1452454 Gflops/s) - 1308 (1438161 Gflops/s) - 1309 (1439260 Gflops/s) | Temperatures: 60°C - 62°C - 72°C - 71°C - 62°C - 61°C - 71°C - 73°C | Throttling: None - None - None - None - None - None - None - None
1306 (1435962 Gflops/s) - 1333 (1465648 Gflops/s) - 1331 (1463449 Gflops/s) - 1323 (1454653 Gflops/s) - 1323 (1454653 Gflops/s) - 1322 (1453554 Gflops/s) - 1310 (1440360 Gflops/s) - 1312 (1442559 Gflops/s) | Temperatures: 59°C - 62°C - 72°C - 71°C - 62°C - 60°C - 71°C - 73°C | Throttling: None - None - None - None - None - None - None - None
1306 (1435962 Gflops/s) - 1334 (1466748 Gflops/s) - 1331 (1463449 Gflops/s) - 1324 (1455753 Gflops/s) - 1322 (1453554 Gflops/s) - 1320 (1451355 Gflops/s) - 1309 (1439260 Gflops/s) - 1311 (1441459 Gflops/s) | Temperatures: 60°C - 62°C - 72°C - 71°C - 62°C - 60°C - 71°C - 73°C | Throttling: None - None - None - None - None - None - None - None
1302 (1431564 Gflops/s) - 1333 (1465648 Gflops/s) - 1331 (1463449 Gflops/s) - 1324 (1455753 Gflops/s) - 1321 (1452454 Gflops/s) - 1321 (1452454 Gflops/s) - 1308 (1438161 Gflops/s) - 1311 (1441459 Gflops/s) | Temperatures: 60°C - 62°C - 72°C - 71°C - 62°C - 61°C - 71°C - 73°C | Throttling: None - None - None - None - None - None - None - None
1306 (1435962 Gflops/s) - 1334 (1466748 Gflops/s) - 1332 (1464549 Gflops/s) - 1324 (1455753 Gflops/s) - 1322 (1453554 Gflops/s) - 1320 (1451355 Gflops/s) - 1309 (1439260 Gflops/s) - 1311 (1441459 Gflops/s) | Temperatures: 60°C - 62°C - 72°C - 71°C - 62°C - 61°C - 71°C - 73°C | Throttling: None - None - None - None - None - None - None - None
1305 (1434862 Gflops/s) - 1333 (1465648 Gflops/s) - 1332 (1464549 Gflops/s) - 1324 (1455753 Gflops/s) - 1323 (1454653 Gflops/s) - 1322 (1453554 Gflops/s) - 1310 (1440360 Gflops/s) - 1311 (1441459 Gflops/s) | Temperatures: 60°C - 62°C - 72°C - 71°C - 62°C - 61°C - 71°C - 73°C | Throttling: None - None - None - None - None - None - None - None
1306 (1435962 Gflops/s) - 1333 (1465648 Gflops/s) - 1330 (1462350 Gflops/s) - 1324 (1455753 Gflops/s) - 1320 (1451355 Gflops/s) - 1320 (1451355 Gflops/s) - 1308 (1438161 Gflops/s) - 1311 (1441459 Gflops/s) | Temperatures: 60°C - 62°C - 72°C - 71°C - 62°C - 60°C - 71°C - 73°C | Throttling: None - None - None - None - None - None - None - None
1300 (1429365 Gflops/s) - 1334 (1466748 Gflops/s) - 1330 (1462350 Gflops/s) - 1325 (1456852 Gflops/s) - 1322 (1453554 Gflops/s) - 1322 (1453554 Gflops/s) - 1309 (1439260 Gflops/s) - 1311 (1441459 Gflops/s) | Temperatures: 59°C - 62°C - 72°C - 71°C - 62°C - 61°C - 71°C - 73°C | Throttling: None - None - None - None - None - None - None - None
1303 (1432663 Gflops/s) - 1334 (1466748 Gflops/s) - 1333 (1465648 Gflops/s) - 1324 (1455753 Gflops/s) - 1323 (1454653 Gflops/s) - 1319 (1450255 Gflops/s) - 1310 (1440360 Gflops/s) - 1312 (1442559 Gflops/s) | Temperatures: 60°C - 62°C - 72°C - 71°C - 62°C - 61°C - 71°C - 73°C | Throttling: None - None - None - None - None - None - None - None
1308 (1438161 Gflops/s) - 1333 (1465648 Gflops/s) - 1331 (1463449 Gflops/s) - 1323 (1454653 Gflops/s) - 1322 (1453554 Gflops/s) - 1322 (1453554 Gflops/s) - 1309 (1439260 Gflops/s) - 1312 (1442559 Gflops/s) | Temperatures: 60°C - 62°C - 72°C - 71°C - 62°C - 61°C - 71°C - 73°C | Throttling: None - None - None - None - None - None - None - None
1307 (1437061 Gflops/s) - 1333 (1465648 Gflops/s) - 1330 (1462350 Gflops/s) - 1323 (1454653 Gflops/s) - 1321 (1452454 Gflops/s) - 1320 (1451355 Gflops/s) - 1308 (1438161 Gflops/s) - 1310 (1440360 Gflops/s) | Temperatures: 60°C - 62°C - 72°C - 71°C - 62°C - 60°C - 71°C - 73°C | Throttling: None - None - None - None - None - None - None - None
1304 (1433763 Gflops/s) - 1334 (1466748 Gflops/s) - 1332 (1464549 Gflops/s) - 1325 (1456852 Gflops/s) - 1323 (1454653 Gflops/s) - 1322 (1453554 Gflops/s) - 1309 (1439260 Gflops/s) - 1312 (1442559 Gflops/s) | Temperatures: 59°C - 62°C - 72°C - 71°C - 62°C - 61°C - 71°C - 73°C | Throttling: None - None - None - None - None - None - None - None
1302 (1431564 Gflops/s) - 1335 (1467848 Gflops/s) - 1331 (1463449 Gflops/s) - 1325 (1456852 Gflops/s) - 1323 (1454653 Gflops/s) - 1323 (1454653 Gflops/s) - 1310 (1440360 Gflops/s) - 1312 (1442559 Gflops/s) | Temperatures: 60°C - 62°C - 72°C - 71°C - 62°C - 61°C - 71°C - 73°C | Throttling: None - None - None - None - None - None - None - None
1304 (1433763 Gflops/s) - 1332 (1464549 Gflops/s) - 1329 (1461250 Gflops/s) - 1326 (1457952 Gflops/s) - 1321 (1452454 Gflops/s) - 1321 (1452454 Gflops/s) - 1308 (1438161 Gflops/s) - 1310 (1440360 Gflops/s) | Temperatures: 60°C - 62°C - 72°C - 71°C - 62°C - 60°C - 71°C - 73°C | Throttling: None - None - None - None - None - None - None - None
1304 (1433763 Gflops/s) - 1334 (1466748 Gflops/s) - 1332 (1464549 Gflops/s) - 1325 (1456852 Gflops/s) - 1322 (1453554 Gflops/s) - 1320 (1451355 Gflops/s) - 1309 (1439260 Gflops/s) - 1312 (1442559 Gflops/s) | Temperatures: 60°C - 62°C - 72°C - 71°C - 62°C - 60°C - 71°C - 73°C | Throttling: None - None - None - None - None - None - None - None
1308 (1438161 Gflops/s) - 1333 (1465648 Gflops/s) - 1330 (1462350 Gflops/s) - 1325 (1456852 Gflops/s) - 1323 (1454653 Gflops/s) - 1321 (1452454 Gflops/s) - 1310 (1440360 Gflops/s) - 1312 (1442559 Gflops/s) | Temperatures: 59°C - 62°C - 72°C - 71°C - 62°C - 60°C - 71°C - 73°C | Throttling: None - None - None - None - None - None - None - None
1301 (1430464 Gflops/s) - 1333 (1465648 Gflops/s) - 1331 (1463449 Gflops/s) - 1324 (1455753 Gflops/s) - 1323 (1454653 Gflops/s) - 1320 (1451355 Gflops/s) - 1308 (1438161 Gflops/s) - 1311 (1441459 Gflops/s) | Temperatures: 60°C - 62°C - 72°C - 71°C - 62°C - 61°C - 71°C - 73°C | Throttling: None - None - None - None - None - None - None - None
1308 (1438161 Gflops/s) - 1333 (1465648 Gflops/s) - 1331 (1463449 Gflops/s) - 1324 (1455753 Gflops/s) - 1323 (1454653 Gflops/s) - 1322 (1453554 Gflops/s) - 1309 (1439260 Gflops/s) - 1311 (1441459 Gflops/s) | Temperatures: 60°C - 62°C - 72°C - 71°C - 62°C - 61°C - 71°C - 73°C | Throttling: None - None - None - None - None - None - None - None
1305 (1434862 Gflops/s) - 1334 (1466748 Gflops/s) - 1332 (1464549 Gflops/s) - 1325 (1456852 Gflops/s) - 1323 (1454653 Gflops/s) - 1319 (1450255 Gflops/s) - 1309 (1439260 Gflops/s) - 1312 (1442559 Gflops/s) | Temperatures: 60°C - 62°C - 72°C - 71°C - 62°C - 61°C - 71°C - 73°C | Throttling: None - None - None - None - None - None - None - None
1304 (1433763 Gflops/s) - 1332 (1464549 Gflops/s) - 1330 (1462350 Gflops/s) - 1323 (1454653 Gflops/s) - 1321 (1452454 Gflops/s) - 1319 (1450255 Gflops/s) - 1308 (1438161 Gflops/s) - 1311 (1441459 Gflops/s) | Temperatures: 60°C - 62°C - 72°C - 71°C - 62°C - 60°C - 71°C - 73°C | Throttling: None - None - None - None - None - None - None - None
1304 (1433763 Gflops/s) - 1335 (1467848 Gflops/s) - 1331 (1463449 Gflops/s) - 1326 (1457952 Gflops/s) - 1323 (1454653 Gflops/s) - 1319 (1450255 Gflops/s) - 1309 (1439260 Gflops/s) - 1311 (1441459 Gflops/s) | Temperatures: 60°C - 62°C - 72°C - 71°C - 62°C - 60°C - 71°C - 73°C | Throttling: None - None - None - None - None - None - None - None
1304 (1433763 Gflops/s) - 1333 (1465648 Gflops/s) - 1332 (1464549 Gflops/s) - 1324 (1455753 Gflops/s) - 1323 (1454653 Gflops/s) - 1322 (1453554 Gflops/s) - 1309 (1439260 Gflops/s) - 1312 (1442559 Gflops/s) | Temperatures: 60°C - 62°C - 72°C - 71°C - 62°C - 60°C - 71°C - 73°C | Throttling: None - None - None - None - None - None - None - None
1301 (1430464 Gflops/s) - 1334 (1466748 Gflops/s) - 1330 (1462350 Gflops/s) - 1322 (1453554 Gflops/s) - 1322 (1453554 Gflops/s) - 1320 (1451355 Gflops/s) - 1308 (1438161 Gflops/s) - 1309 (1439260 Gflops/s) | Temperatures: 59°C - 62°C - 72°C - 71°C - 62°C - 61°C - 71°C - 73°C | Throttling: None - None - None - None - None - None - None - None
1306 (1435962 Gflops/s) - 1333 (1465648 Gflops/s) - 1331 (1463449 Gflops/s) - 1324 (1455753 Gflops/s) - 1323 (1454653 Gflops/s) - 1321 (1452454 Gflops/s) - 1309 (1439260 Gflops/s) - 1311 (1441459 Gflops/s) | Temperatures: 60°C - 62°C - 72°C - 71°C - 62°C - 60°C - 71°C - 73°C | Throttling: None - None - None - None - None - None - None - None
1303 (1432663 Gflops/s) - 1334 (1466748 Gflops/s) - 1332 (1464549 Gflops/s) - 1325 (1456852 Gflops/s) - 1323 (1454653 Gflops/s) - 1321 (1452454 Gflops/s) - 1309 (1439260 Gflops/s) - 1312 (1442559 Gflops/s) | Temperatures: 60°C - 62°C - 72°C - 71°C - 62°C - 61°C - 71°C - 73°C | Throttling: None - None - None - None - None - None - None - None
1303 (1432663 Gflops/s) - 1333 (1465648 Gflops/s) - 1330 (1462350 Gflops/s) - 1322 (1453554 Gflops/s) - 1322 (1453554 Gflops/s) - 1320 (1451355 Gflops/s) - 1308 (1438161 Gflops/s) - 1311 (1441459 Gflops/s) | Temperatures: 60°C - 62°C - 72°C - 71°C - 62°C - 61°C - 71°C - 73°C | Throttling: None - None - None - None - None - None - None - None
1304 (1433763 Gflops/s) - 1335 (1467848 Gflops/s) - 1331 (1463449 Gflops/s) - 1325 (1456852 Gflops/s) - 1322 (1453554 Gflops/s) - 1321 (1452454 Gflops/s) - 1309 (1439260 Gflops/s) - 1311 (1441459 Gflops/s) | Temperatures: 60°C - 62°C - 72°C - 71°C - 62°C - 60°C - 71°C - 73°C | Throttling: None - None - None - None - None - None - None - None
1306 (1435962 Gflops/s) - 1334 (1466748 Gflops/s) - 1332 (1464549 Gflops/s) - 1325 (1456852 Gflops/s) - 1324 (1455753 Gflops/s) - 1320 (1451355 Gflops/s) - 1309 (1439260 Gflops/s) - 1312 (1442559 Gflops/s) | Temperatures: 59°C - 62°C - 72°C - 71°C - 62°C - 60°C - 71°C - 73°C | Throttling: None - None - None - None - None - None - None - None
1304 (1433763 Gflops/s) - 1332 (1464549 Gflops/s) - 1330 (1462350 Gflops/s) - 1323 (1454653 Gflops/s) - 1322 (1453554 Gflops/s) - 1321 (1452454 Gflops/s) - 1308 (1438161 Gflops/s) - 1309 (1439260 Gflops/s) | Temperatures: 60°C - 62°C - 72°C - 71°C - 62°C - 60°C - 71°C - 73°C | Throttling: None - None - None - None - None - None - None - None
1304 (1433763 Gflops/s) - 1333 (1465648 Gflops/s) - 1331 (1463449 Gflops/s) - 1324 (1455753 Gflops/s) - 1322 (1453554 Gflops/s) - 1320 (1451355 Gflops/s) - 1309 (1439260 Gflops/s) - 1310 (1440360 Gflops/s) | Temperatures: 60°C - 62°C - 72°C - 71°C - 62°C - 61°C - 71°C - 73°C | Throttling: None - None - None - None - None - None - None - None
1312 (1442559 Gflops/s) - 1334 (1466748 Gflops/s) - 1331 (1463449 Gflops/s) - 1325 (1456852 Gflops/s) - 1322 (1453554 Gflops/s) - 1320 (1451355 Gflops/s) - 1309 (1439260 Gflops/s) - 1312 (1442559 Gflops/s) | Temperatures: 60°C - 62°C - 72°C - 71°C - 62°C - 60°C - 71°C - 73°C | Throttling: None - None - None - None - None - None - None - None
1304 (1433763 Gflops/s) - 1332 (1464549 Gflops/s) - 1330 (1462350 Gflops/s) - 1323 (1454653 Gflops/s) - 1321 (1452454 Gflops/s) - 1320 (1451355 Gflops/s) - 1308 (1438161 Gflops/s) - 1311 (1441459 Gflops/s) | Temperatures: 60°C - 62°C - 72°C - 71°C - 62°C - 61°C - 71°C - 73°C | Throttling: None - None - None - None - None - None - None - None
1302 (1431564 Gflops/s) - 1334 (1466748 Gflops/s) - 1332 (1464549 Gflops/s) - 1325 (1456852 Gflops/s) - 1323 (1454653 Gflops/s) - 1322 (1453554 Gflops/s) - 1309 (1439260 Gflops/s) - 1310 (1440360 Gflops/s) | Temperatures: 60°C - 62°C - 72°C - 71°C - 62°C - 61°C - 71°C - 73°C | Throttling: None - None - None - None - None - None - None - None
1303 (1432663 Gflops/s) - 1332 (1464549 Gflops/s) - 1330 (1462350 Gflops/s) - 1323 (1454653 Gflops/s) - 1321 (1452454 Gflops/s) - 1316 (1446957 Gflops/s) - 1308 (1438161 Gflops/s) - 1310 (1440360 Gflops/s) | Temperatures: 60°C - 62°C - 72°C - 71°C - 62°C - 60°C - 71°C - 73°C | Throttling: None - None - None - None - None - None - None - None
1302 (1431564 Gflops/s) - 1333 (1465648 Gflops/s) - 1331 (1463449 Gflops/s) - 1325 (1456852 Gflops/s) - 1322 (1453554 Gflops/s) - 1321 (1452454 Gflops/s) - 1309 (1439260 Gflops/s) - 1313 (1443658 Gflops/s) | Temperatures: 60°C - 62°C - 72°C - 71°C - 62°C - 61°C - 71°C - 73°C | Throttling: None - None - None - None - None - None - None - None
1307 (1437061 Gflops/s) - 1334 (1466748 Gflops/s) - 1331 (1463449 Gflops/s) - 1325 (1456852 Gflops/s) - 1321 (1452454 Gflops/s) - 1323 (1454653 Gflops/s) - 1310 (1440360 Gflops/s) - 1311 (1441459 Gflops/s) | Temperatures: 60°C - 62°C - 72°C - 71°C - 62°C - 61°C - 71°C - 73°C | Throttling: None - None - None - None - None - None - None - None
1306 (1435962 Gflops/s) - 1334 (1466748 Gflops/s) - 1330 (1462350 Gflops/s) - 1323 (1454653 Gflops/s) - 1321 (1452454 Gflops/s) - 1320 (1451355 Gflops/s) - 1308 (1438161 Gflops/s) - 1309 (1439260 Gflops/s) | Temperatures: 59°C - 62°C - 72°C - 71°C - 62°C - 61°C - 71°C - 73°C | Throttling: None - None - None - None - None - None - None - None
1311 (1441459 Gflops/s) - 1333 (1465648 Gflops/s) - 1332 (1464549 Gflops/s) - 1324 (1455753 Gflops/s) - 1323 (1454653 Gflops/s) - 1320 (1451355 Gflops/s) - 1309 (1439260 Gflops/s) - 1312 (1442559 Gflops/s) | Temperatures: 60°C - 62°C - 72°C - 71°C - 62°C - 61°C - 71°C - 73°C | Throttling: None - None - None - None - None - None - None - None
1306 (1435962 Gflops/s) - 1334 (1466748 Gflops/s) - 1331 (1463449 Gflops/s) - 1325 (1456852 Gflops/s) - 1322 (1453554 Gflops/s) - 1319 (1450255 Gflops/s) - 1309 (1439260 Gflops/s) - 1310 (1440360 Gflops/s) | Temperatures: 60°C - 62°C - 72°C - 71°C - 62°C - 61°C - 71°C - 73°C | Throttling: None - None - None - None - None - None - None - None
1307 (1437061 Gflops/s) - 1332 (1464549 Gflops/s) - 1331 (1463449 Gflops/s) - 1323 (1454653 Gflops/s) - 1322 (1453554 Gflops/s) - 1319 (1450255 Gflops/s) - 1308 (1438161 Gflops/s) - 1310 (1440360 Gflops/s) | Temperatures: 60°C - 62°C - 72°C - 71°C - 62°C - 60°C - 71°C - 73°C | Throttling: None - None - None - None - None - None - None - None
1308 (1438161 Gflops/s) - 1334 (1466748 Gflops/s) - 1331 (1463449 Gflops/s) - 1325 (1456852 Gflops/s) - 1322 (1453554 Gflops/s) - 1324 (1455753 Gflops/s) - 1309 (1439260 Gflops/s) - 1309 (1439260 Gflops/s) | Temperatures: 60°C - 62°C - 72°C - 71°C - 62°C - 61°C - 71°C - 73°C | Throttling: None - None - None - None - None - None - None - None
1306 (1435962 Gflops/s) - 1334 (1466748 Gflops/s) - 1331 (1463449 Gflops/s) - 1325 (1456852 Gflops/s) - 1323 (1454653 Gflops/s) - 1319 (1450255 Gflops/s) - 1309 (1439260 Gflops/s) - 1311 (1441459 Gflops/s) | Temperatures: 59°C - 62°C - 72°C - 71°C - 62°C - 61°C - 71°C - 73°C | Throttling: None - None - None - None - None - None - None - None
1305 (1434862 Gflops/s) - 1332 (1464549 Gflops/s) - 1331 (1463449 Gflops/s) - 1323 (1454653 Gflops/s) - 1322 (1453554 Gflops/s) - 1320 (1451355 Gflops/s) - 1309 (1439260 Gflops/s) - 1309 (1439260 Gflops/s) | Temperatures: 60°C - 62°C - 72°C - 71°C - 62°C - 61°C - 71°C - 73°C | Throttling: None - None - None - None - None - None - None - None
1305 (1434862 Gflops/s) - 1334 (1466748 Gflops/s) - 1331 (1463449 Gflops/s) - 1324 (1455753 Gflops/s) - 1321 (1452454 Gflops/s) - 1324 (1455753 Gflops/s) - 1309 (1439260 Gflops/s) - 1311 (1441459 Gflops/s) | Temperatures: 60°C - 62°C - 72°C - 71°C - 62°C - 61°C - 71°C - 73°C | Throttling: None - None - None - None - None - None - None - None
1304 (1433763 Gflops/s) - 1331 (1463449 Gflops/s) - 1331 (1463449 Gflops/s) - 1324 (1455753 Gflops/s) - 1323 (1454653 Gflops/s) - 1319 (1450255 Gflops/s) - 1308 (1438161 Gflops/s) - 1311 (1441459 Gflops/s) | Temperatures: 60°C - 62°C - 72°C - 71°C - 62°C - 61°C - 71°C - 73°C | Throttling: None - None - None - None - None - None - None - None
1305 (1434862 Gflops/s) - 1333 (1465648 Gflops/s) - 1331 (1463449 Gflops/s) - 1325 (1456852 Gflops/s) - 1322 (1453554 Gflops/s) - 1322 (1453554 Gflops/s) - 1310 (1440360 Gflops/s) - 1311 (1441459 Gflops/s) | Temperatures: 60°C - 62°C - 72°C - 71°C - 62°C - 61°C - 71°C - 73°C | Throttling: None - None - None - None - None - None - None - None
1306 (1435962 Gflops/s) - 1334 (1466748 Gflops/s) - 1332 (1464549 Gflops/s) - 1324 (1455753 Gflops/s) - 1323 (1454653 Gflops/s) - 1318 (1449156 Gflops/s) - 1309 (1439260 Gflops/s) - 1312 (1442559 Gflops/s) | Temperatures: 60°C - 62°C - 72°C - 71°C - 62°C - 61°C - 71°C - 73°C | Throttling: None - None - None - None - None - None - None - None
1301 (1430464 Gflops/s) - 1332 (1464549 Gflops/s) - 1330 (1462350 Gflops/s) - 1322 (1453554 Gflops/s) - 1321 (1452454 Gflops/s) - 1318 (1449156 Gflops/s) - 1308 (1438161 Gflops/s) - 1309 (1439260 Gflops/s) | Temperatures: 60°C - 62°C - 72°C - 71°C - 62°C - 61°C - 71°C - 73°C | Throttling: None - None - None - None - None - None - None - None
1307 (1437061 Gflops/s) - 1334 (1466748 Gflops/s) - 1331 (1463449 Gflops/s) - 1324 (1455753 Gflops/s) - 1322 (1453554 Gflops/s) - 1321 (1452454 Gflops/s) - 1310 (1440360 Gflops/s) - 1311 (1441459 Gflops/s) | Temperatures: 60°C - 62°C - 72°C - 71°C - 62°C - 61°C - 71°C - 73°C | Throttling: None - None - None - None - None - None - None - None
1307 (1437061 Gflops/s) - 1333 (1465648 Gflops/s) - 1331 (1463449 Gflops/s) - 1324 (1455753 Gflops/s) - 1323 (1454653 Gflops/s) - 1322 (1453554 Gflops/s) - 1310 (1440360 Gflops/s) - 1312 (1442559 Gflops/s) | Temperatures: 60°C - 62°C - 72°C - 71°C - 62°C - 61°C - 71°C - 73°C | Throttling: None - None - None - None - None - None - None - None
1303 (1432663 Gflops/s) - 1333 (1465648 Gflops/s) - 1330 (1462350 Gflops/s) - 1323 (1454653 Gflops/s) - 1321 (1452454 Gflops/s) - 1318 (1449156 Gflops/s) - 1308 (1438161 Gflops/s) - 1309 (1439260 Gflops/s) | Temperatures: 60°C - 62°C - 72°C - 71°C - 62°C - 61°C - 71°C - 73°C | Throttling: None - None - None - None - None - None - None - None
1306 (1435962 Gflops/s) - 1333 (1465648 Gflops/s) - 1330 (1462350 Gflops/s) - 1323 (1454653 Gflops/s) - 1321 (1452454 Gflops/s) - 1321 (1452454 Gflops/s) - 1309 (1439260 Gflops/s) - 1311 (1441459 Gflops/s) | Temperatures: 60°C - 62°C - 72°C - 71°C - 62°C - 61°C - 71°C - 73°C | Throttling: None - None - None - None - None - None - None - None
1304 (1433763 Gflops/s) - 1333 (1465648 Gflops/s) - 1332 (1464549 Gflops/s) - 1325 (1456852 Gflops/s) - 1324 (1455753 Gflops/s) - 1324 (1455753 Gflops/s) - 1310 (1440360 Gflops/s) - 1311 (1441459 Gflops/s) | Temperatures: 59°C - 62°C - 72°C - 71°C - 62°C - 61°C - 71°C - 73°C | Throttling: None - None - None - None - None - None - None - None
1301 (1430464 Gflops/s) - 1332 (1464549 Gflops/s) - 1330 (1462350 Gflops/s) - 1324 (1455753 Gflops/s) - 1322 (1453554 Gflops/s) - 1319 (1450255 Gflops/s) - 1308 (1438161 Gflops/s) - 1309 (1439260 Gflops/s) | Temperatures: 60°C - 62°C - 72°C - 71°C - 62°C - 61°C - 71°C - 73°C | Throttling: None - None - None - None - None - None - None - None
1309 (1439260 Gflops/s) - 1334 (1466748 Gflops/s) - 1331 (1463449 Gflops/s) - 1323 (1454653 Gflops/s) - 1323 (1454653 Gflops/s) - 1322 (1453554 Gflops/s) - 1309 (1439260 Gflops/s) - 1310 (1440360 Gflops/s) | Temperatures: 60°C - 62°C - 72°C - 71°C - 62°C - 61°C - 71°C - 73°C | Throttling: None - None - None - None - None - None - None - None
1307 (1437061 Gflops/s) - 1332 (1464549 Gflops/s) - 1331 (1463449 Gflops/s) - 1324 (1455753 Gflops/s) - 1321 (1452454 Gflops/s) - 1320 (1451355 Gflops/s) - 1310 (1440360 Gflops/s) - 1310 (1440360 Gflops/s) | Temperatures: 60°C - 62°C - 72°C - 71°C - 62°C - 61°C - 71°C - 73°C | Throttling: None - None - None - None - None - None - None - None
1304 (1433763 Gflops/s) - 1333 (1465648 Gflops/s) - 1330 (1462350 Gflops/s) - 1323 (1454653 Gflops/s) - 1322 (1453554 Gflops/s) - 1319 (1450255 Gflops/s) - 1307 (1437061 Gflops/s) - 1309 (1439260 Gflops/s) | Temperatures: 60°C - 62°C - 72°C - 71°C - 62°C - 61°C - 71°C - 73°C | Throttling: None - None - None - None - None - None - None - None
1306 (1435962 Gflops/s) - 1333 (1465648 Gflops/s) - 1331 (1463449 Gflops/s) - 1323 (1454653 Gflops/s) - 1323 (1454653 Gflops/s) - 1322 (1453554 Gflops/s) - 1309 (1439260 Gflops/s) - 1310 (1440360 Gflops/s) | Temperatures: 60°C - 62°C - 72°C - 71°C - 62°C - 61°C - 71°C - 73°C | Throttling: None - None - None - None - None - None - None - None
1308 (1438161 Gflops/s) - 1334 (1466748 Gflops/s) - 1331 (1463449 Gflops/s) - 1324 (1455753 Gflops/s) - 1324 (1455753 Gflops/s) - 1319 (1450255 Gflops/s) - 1309 (1439260 Gflops/s) - 1310 (1440360 Gflops/s) | Temperatures: 60°C - 62°C - 72°C - 71°C - 62°C - 61°C - 71°C - 73°C | Throttling: None - None - None - None - None - None - None - None
1306 (1435962 Gflops/s) - 1332 (1464549 Gflops/s) - 1330 (1462350 Gflops/s) - 1323 (1454653 Gflops/s) - 1320 (1451355 Gflops/s) - 1320 (1451355 Gflops/s) - 1308 (1438161 Gflops/s) - 1311 (1441459 Gflops/s) | Temperatures: 60°C - 62°C - 72°C - 71°C - 62°C - 61°C - 71°C - 73°C | Throttling: None - None - None - None - None - None - None - None
1306 (1435962 Gflops/s) - 1334 (1466748 Gflops/s) - 1332 (1464549 Gflops/s) - 1324 (1455753 Gflops/s) - 1324 (1455753 Gflops/s) - 1323 (1454653 Gflops/s) - 1310 (1440360 Gflops/s) - 1311 (1441459 Gflops/s) | Temperatures: 60°C - 62°C - 72°C - 71°C - 62°C - 61°C - 71°C - 73°C | Throttling: None - None - None - None - None - None - None - None
1304 (1433763 Gflops/s) - 1333 (1465648 Gflops/s) - 1330 (1462350 Gflops/s) - 1325 (1456852 Gflops/s) - 1322 (1453554 Gflops/s) - 1320 (1451355 Gflops/s) - 1310 (1440360 Gflops/s) - 1311 (1441459 Gflops/s) | Temperatures: 60°C - 62°C - 72°C - 71°C - 62°C - 61°C - 71°C - 73°C | Throttling: None - None - None - None - None - None - None - None
1304 (1433763 Gflops/s) - 1332 (1464549 Gflops/s) - 1330 (1462350 Gflops/s) - 1323 (1454653 Gflops/s) - 1321 (1452454 Gflops/s) - 1319 (1450255 Gflops/s) - 1308 (1438161 Gflops/s) - 1309 (1439260 Gflops/s) | Temperatures: 60°C - 62°C - 72°C - 71°C - 62°C - 61°C - 71°C - 73°C | Throttling: None - None - None - None - None - None - None - None
1307 (1437061 Gflops/s) - 1333 (1465648 Gflops/s) - 1332 (1464549 Gflops/s) - 1323 (1454653 Gflops/s) - 1324 (1455753 Gflops/s) - 1320 (1451355 Gflops/s) - 1310 (1440360 Gflops/s) - 1308 (1438161 Gflops/s) | Temperatures: 60°C - 62°C - 72°C - 71°C - 62°C - 61°C - 71°C - 73°C | Throttling: None - None - None - None - None - None - None - None
1304 (1433763 Gflops/s) - 1334 (1466748 Gflops/s) - 1331 (1463449 Gflops/s) - 1326 (1457952 Gflops/s) - 1324 (1455753 Gflops/s) - 1320 (1451355 Gflops/s) - 1309 (1439260 Gflops/s) - 1310 (1440360 Gflops/s) | Temperatures: 59°C - 62°C - 72°C - 71°C - 62°C - 61°C - 71°C - 73°C | Throttling: None - None - None - None - None - None - None - None
1304 (1433763 Gflops/s) - 1333 (1465648 Gflops/s) - 1329 (1461250 Gflops/s) - 1323 (1454653 Gflops/s) - 1321 (1452454 Gflops/s) - 1320 (1451355 Gflops/s) - 1308 (1438161 Gflops/s) - 1310 (1440360 Gflops/s) | Temperatures: 60°C - 62°C - 72°C - 71°C - 62°C - 61°C - 71°C - 73°C | Throttling: None - None - None - None - None - None - None - None
1308 (1438161 Gflops/s) - 1332 (1464549 Gflops/s) - 1331 (1463449 Gflops/s) - 1326 (1457952 Gflops/s) - 1321 (1452454 Gflops/s) - 1321 (1452454 Gflops/s) - 1309 (1439260 Gflops/s) - 1309 (1439260 Gflops/s) | Temperatures: 60°C - 62°C - 72°C - 71°C - 62°C - 61°C - 71°C - 73°C | Throttling: None - None - None - None - None - None - None - None
1307 (1437061 Gflops/s) - 1334 (1466748 Gflops/s) - 1332 (1464549 Gflops/s) - 1324 (1455753 Gflops/s) - 1322 (1453554 Gflops/s) - 1321 (1452454 Gflops/s) - 1309 (1439260 Gflops/s) - 1313 (1443658 Gflops/s) | Temperatures: 60°C - 62°C - 72°C - 71°C - 62°C - 61°C - 71°C - 73°C | Throttling: None - None - None - None - None - None - None - None
1298 (1427166 Gflops/s) - 1333 (1465648 Gflops/s) - 1330 (1462350 Gflops/s) - 1323 (1454653 Gflops/s) - 1322 (1453554 Gflops/s) - 1319 (1450255 Gflops/s) - 1308 (1438161 Gflops/s) - 1308 (1438161 Gflops/s) | Temperatures: 59°C - 62°C - 72°C - 71°C - 62°C - 61°C - 71°C - 73°C | Throttling: None - None - None - None - None - None - None - None
1305 (1434862 Gflops/s) - 1332 (1464549 Gflops/s) - 1332 (1464549 Gflops/s) - 1324 (1455753 Gflops/s) - 1323 (1454653 Gflops/s) - 1323 (1454653 Gflops/s) - 1310 (1440360 Gflops/s) - 1311 (1441459 Gflops/s) | Temperatures: 59°C - 62°C - 72°C - 71°C - 62°C - 60°C - 71°C - 73°C | Throttling: None - None - None - None - None - None - None - None
1306 (1435962 Gflops/s) - 1335 (1467848 Gflops/s) - 1332 (1464549 Gflops/s) - 1325 (1456852 Gflops/s) - 1323 (1454653 Gflops/s) - 1319 (1450255 Gflops/s) - 1309 (1439260 Gflops/s) - 1311 (1441459 Gflops/s) | Temperatures: 60°C - 62°C - 72°C - 71°C - 62°C - 60°C - 71°C - 73°C | Throttling: None - None - None - None - None - None - None - None
1302 (1431564 Gflops/s) - 1331 (1463449 Gflops/s) - 1330 (1462350 Gflops/s) - 1323 (1454653 Gflops/s) - 1322 (1453554 Gflops/s) - 1318 (1449156 Gflops/s) - 1308 (1438161 Gflops/s) - 1309 (1439260 Gflops/s) | Temperatures: 60°C - 62°C - 72°C - 71°C - 62°C - 61°C - 71°C - 73°C | Throttling: None - None - None - None - None - None - None - None
1307 (1437061 Gflops/s) - 954 (1048934 Gflops/s) - 1331 (1463449 Gflops/s) - 1113 (1223756 Gflops/s) - 1323 (1454653 Gflops/s) - 999 (1098412 Gflops/s) - 1310 (1440360 Gflops/s) - 1311 (1441459 Gflops/s) | Temperatures: 60°C - 62°C - 72°C - 71°C - 62°C - 61°C - 71°C - 73°C | Throttling: None - None - None - None - None - None - None - None
GPU #0: 1435309 Gflops/s (min: 1427166.09, max: 1445857.79, dev: 1435309.23)
         Temperature: 59.53°C (min: 55.00, max: 60.00)
         Throttling HW: false, Thermal SW: false, Thermal HW: false
GPU #1: 1465491 Gflops/s (min: 1048934.09, max: 1479942.65, dev: 1465491.39)
         Temperature: 61.78°C (min: 56.00, max: 62.00)
         Throttling HW: false, Thermal SW: false, Thermal HW: false
GPU #2: 1464283 Gflops/s (min: 1461250.95, max: 1478843.14, dev: 1464283.05)
         Temperature: 71.71°C (min: 65.00, max: 73.00)
         Throttling HW: false, Thermal SW: false, Thermal HW: false
GPU #3: 1456110 Gflops/s (min: 1223756.44, max: 1472246.07, dev: 1456109.89)
         Temperature: 70.75°C (min: 64.00, max: 72.00)
         Throttling HW: false, Thermal SW: false, Thermal HW: false
GPU #4: 1454676 Gflops/s (min: 1451355.35, max: 1466748.51, dev: 1454676.40)
         Temperature: 61.82°C (min: 57.00, max: 62.00)
         Throttling HW: false, Thermal SW: false, Thermal HW: false
GPU #5: 1451689 Gflops/s (min: 1098412.12, max: 1471146.56, dev: 1451689.33)
         Temperature: 60.42°C (min: 55.00, max: 61.00)
         Throttling HW: false, Thermal SW: false, Thermal HW: false
GPU #6: 1440390 Gflops/s (min: 1437061.70, max: 1462350.46, dev: 1440390.25)
         Temperature: 70.73°C (min: 64.00, max: 72.00)
         Throttling HW: false, Thermal SW: false, Thermal HW: false
GPU #7: 1442402 Gflops/s (min: 1438161.21, max: 1460151.44, dev: 1442401.65)
         Temperature: 72.67°C (min: 66.00, max: 73.00)
         Throttling HW: false, Thermal SW: false, Thermal HW: false
All GPUs seem healthy
Freeing GPUs...
======== Run with fp8  ==========
Detected GPU #0: "NVIDIA B200" (c661a9b0-94d4-d6cd-96e0-dcec1b149dbe)
Detected GPU #1: "NVIDIA B200" (5d018a5d-7b84-e590-62d9-f4068224cb13)
Detected GPU #2: "NVIDIA B200" (130c5ab5-bd43-8768-3511-23f262557604)
Detected GPU #3: "NVIDIA B200" (f6cf4300-3eea-153b-022e-1aba06e1ae78)
Detected GPU #4: "NVIDIA B200" (8dbaf0ea-36cc-7913-bdd9-16b21daa2cd1)
Detected GPU #5: "NVIDIA B200" (e56b11e6-0bf9-43c7-014b-130eee244e7a)
Detected GPU #6: "NVIDIA B200" (49efbf3a-3fc3-196f-d54e-b1f14f66532d)
Detected GPU #7: "NVIDIA B200" (7cb93fd0-6280-8bea-613f-7c0f2ad6126f)
Using precision(s):   FP8
Creating random matrices
Matrices created
GPU #0: Using 163805 MB
GPU #1: Using 163805 MB
GPU #2: Using 163805 MB
GPU #3: Using 163805 MB
GPU #4: Using 163805 MB
GPU #5: Using 163805 MB
GPU #6: Using 163805 MB
GPU #7: Using 163805 MB
677 (744369 Gflops/s) - 0 (0 Gflops/s) - 943 (1036839 Gflops/s) - 780 (857619 Gflops/s) - 0 (0 Gflops/s) - 0 (0 Gflops/s) - 0 (0 Gflops/s) - 0 (0 Gflops/s) | Temperatures: 40°C - 41°C - 58°C - 57°C - 42°C - 46°C - 51°C - 60°C | Throttling: None - None - None - None - None - None - None - None
3709 (4078088 Gflops/s) - 3864 (4248512 Gflops/s) - 3655 (4018714 Gflops/s) - 3702 (4070392 Gflops/s) - 3241 (3563517 Gflops/s) - 4153 (4566271 Gflops/s) - 3586 (3942848 Gflops/s) - 4195 (4612451 Gflops/s) | Temperatures: 53°C - 55°C - 66°C - 65°C - 55°C - 54°C - 64°C - 66°C | Throttling: None - None - None - None - None - None - None - None
3696 (4063794 Gflops/s) - 3725 (4095680 Gflops/s) - 3636 (3997824 Gflops/s) - 3683 (4049501 Gflops/s) - 3709 (4078088 Gflops/s) - 3719 (4089083 Gflops/s) - 3660 (4024212 Gflops/s) - 3657 (4020914 Gflops/s) | Temperatures: 55°C - 56°C - 67°C - 66°C - 57°C - 55°C - 65°C - 67°C | Throttling: None - None - None - None - None - None - None - None
3692 (4059396 Gflops/s) - 3721 (4091282 Gflops/s) - 3632 (3993426 Gflops/s) - 3647 (4009918 Gflops/s) - 3702 (4070392 Gflops/s) - 3717 (4086884 Gflops/s) - 3653 (4016515 Gflops/s) - 3654 (4017615 Gflops/s) | Temperatures: 55°C - 57°C - 67°C - 66°C - 57°C - 56°C - 66°C - 68°C | Throttling: None - None - None - None - None - None - None - None
3689 (4056098 Gflops/s) - 3718 (4087984 Gflops/s) - 3613 (3972535 Gflops/s) - 3641 (4003321 Gflops/s) - 3698 (4065993 Gflops/s) - 3715 (4084685 Gflops/s) - 3649 (4012117 Gflops/s) - 3654 (4017615 Gflops/s) | Temperatures: 56°C - 57°C - 67°C - 66°C - 58°C - 56°C - 66°C - 68°C | Throttling: None - None - None - None - None - None - None - None
3698 (4065993 Gflops/s) - 3723 (4093481 Gflops/s) - 3603 (3961540 Gflops/s) - 3633 (3994525 Gflops/s) - 3695 (4062695 Gflops/s) - 3715 (4084685 Gflops/s) - 3645 (4007719 Gflops/s) - 3657 (4020914 Gflops/s) | Temperatures: 56°C - 58°C - 68°C - 67°C - 58°C - 57°C - 67°C - 69°C | Throttling: None - None - None - None - None - None - None - None
3691 (4058297 Gflops/s) - 3716 (4085785 Gflops/s) - 3603 (3961540 Gflops/s) - 3619 (3979132 Gflops/s) - 3693 (4060496 Gflops/s) - 3709 (4078088 Gflops/s) - 3645 (4007719 Gflops/s) - 3650 (4013217 Gflops/s) | Temperatures: 56°C - 58°C - 68°C - 67°C - 59°C - 57°C - 67°C - 69°C | Throttling: None - None - None - None - None - None - None - None
3692 (4059396 Gflops/s) - 3717 (4086884 Gflops/s) - 3605 (3963739 Gflops/s) - 3621 (3981331 Gflops/s) - 3689 (4056098 Gflops/s) - 3709 (4078088 Gflops/s) - 3642 (4004421 Gflops/s) - 3647 (4009918 Gflops/s) | Temperatures: 57°C - 59°C - 68°C - 67°C - 59°C - 57°C - 67°C - 69°C | Throttling: None - None - None - None - None - None - None - None
3688 (4054998 Gflops/s) - 3715 (4084685 Gflops/s) - 3599 (3957142 Gflops/s) - 3619 (3979132 Gflops/s) - 3690 (4057197 Gflops/s) - 3709 (4078088 Gflops/s) - 3642 (4004421 Gflops/s) - 3645 (4007719 Gflops/s) | Temperatures: 57°C - 59°C - 68°C - 68°C - 59°C - 58°C - 67°C - 69°C | Throttling: None - None - None - None - None - None - None - None
3686 (4052799 Gflops/s) - 3716 (4085785 Gflops/s) - 3597 (3954943 Gflops/s) - 3617 (3976933 Gflops/s) - 3688 (4054998 Gflops/s) - 3706 (4074790 Gflops/s) - 3641 (4003321 Gflops/s) - 3643 (4005520 Gflops/s) | Temperatures: 57°C - 59°C - 69°C - 68°C - 59°C - 58°C - 68°C - 70°C | Throttling: None - None - None - None - None - None - None - None
3687 (4053899 Gflops/s) - 3717 (4086884 Gflops/s) - 3599 (3957142 Gflops/s) - 3614 (3973635 Gflops/s) - 3688 (4054998 Gflops/s) - 3704 (4072591 Gflops/s) - 3641 (4003321 Gflops/s) - 3646 (4008819 Gflops/s) | Temperatures: 58°C - 59°C - 69°C - 68°C - 60°C - 58°C - 68°C - 70°C | Throttling: None - None - None - None - None - None - None - None
3686 (4052799 Gflops/s) - 3713 (4082486 Gflops/s) - 3596 (3953843 Gflops/s) - 3616 (3975834 Gflops/s) - 3687 (4053899 Gflops/s) - 3704 (4072591 Gflops/s) - 3642 (4004421 Gflops/s) - 3642 (4004421 Gflops/s) | Temperatures: 58°C - 60°C - 69°C - 68°C - 60°C - 59°C - 68°C - 70°C | Throttling: None - None - None - None - None - None - None - None
3684 (4050600 Gflops/s) - 3714 (4083586 Gflops/s) - 3603 (3961540 Gflops/s) - 3619 (3979132 Gflops/s) - 3683 (4049501 Gflops/s) - 3698 (4065993 Gflops/s) - 3642 (4004421 Gflops/s) - 3638 (4000023 Gflops/s) | Temperatures: 58°C - 60°C - 70°C - 69°C - 60°C - 59°C - 69°C - 70°C | Throttling: None - None - None - None - None - None - None - None
3684 (4050600 Gflops/s) - 3715 (4084685 Gflops/s) - 3594 (3951644 Gflops/s) - 3615 (3974734 Gflops/s) - 3685 (4051700 Gflops/s) - 3698 (4065993 Gflops/s) - 3641 (4003321 Gflops/s) - 3638 (4000023 Gflops/s) | Temperatures: 58°C - 60°C - 70°C - 69°C - 60°C - 59°C - 69°C - 71°C | Throttling: None - None - None - None - None - None - None - None
3682 (4048401 Gflops/s) - 3716 (4085785 Gflops/s) - 3592 (3949445 Gflops/s) - 3614 (3973635 Gflops/s) - 3683 (4049501 Gflops/s) - 3699 (4067093 Gflops/s) - 3641 (4003321 Gflops/s) - 3632 (3993426 Gflops/s) | Temperatures: 58°C - 60°C - 70°C - 69°C - 60°C - 59°C - 69°C - 71°C | Throttling: None - None - None - None - None - None - None - None
3684 (4050600 Gflops/s) - 3716 (4085785 Gflops/s) - 3591 (3948346 Gflops/s) - 3614 (3973635 Gflops/s) - 3683 (4049501 Gflops/s) - 3699 (4067093 Gflops/s) - 3641 (4003321 Gflops/s) - 3634 (3995625 Gflops/s) | Temperatures: 59°C - 60°C - 70°C - 69°C - 60°C - 59°C - 69°C - 71°C | Throttling: None - None - None - None - None - None - None - None
3678 (4044003 Gflops/s) - 3716 (4085785 Gflops/s) - 3592 (3949445 Gflops/s) - 3611 (3970336 Gflops/s) - 3684 (4050600 Gflops/s) - 3695 (4062695 Gflops/s) - 3642 (4004421 Gflops/s) - 3628 (3989028 Gflops/s) | Temperatures: 59°C - 61°C - 70°C - 70°C - 61°C - 59°C - 69°C - 71°C | Throttling: None - None - None - None - None - None - None - None
3681 (4047302 Gflops/s) - 3712 (4081387 Gflops/s) - 3594 (3951644 Gflops/s) - 3607 (3965938 Gflops/s) - 3681 (4047302 Gflops/s) - 3695 (4062695 Gflops/s) - 3640 (4002222 Gflops/s) - 3632 (3993426 Gflops/s) | Temperatures: 59°C - 61°C - 71°C - 70°C - 61°C - 60°C - 70°C - 71°C | Throttling: None - None - None - None - None - None - None - None
3679 (4045103 Gflops/s) - 3713 (4082486 Gflops/s) - 3589 (3946147 Gflops/s) - 3605 (3963739 Gflops/s) - 3681 (4047302 Gflops/s) - 3696 (4063794 Gflops/s) - 3639 (4001122 Gflops/s) - 3628 (3989028 Gflops/s) | Temperatures: 59°C - 61°C - 71°C - 70°C - 61°C - 60°C - 70°C - 72°C | Throttling: None - None - None - None - None - None - None - None
3683 (4049501 Gflops/s) - 3707 (4075889 Gflops/s) - 3587 (3943948 Gflops/s) - 3602 (3960440 Gflops/s) - 3682 (4048401 Gflops/s) - 3695 (4062695 Gflops/s) - 3640 (4002222 Gflops/s) - 3626 (3986829 Gflops/s) | Temperatures: 59°C - 61°C - 71°C - 70°C - 61°C - 60°C - 70°C - 72°C | Throttling: None - None - None - None - None - None - None - None
3680 (4046202 Gflops/s) - 3705 (4073690 Gflops/s) - 3586 (3942848 Gflops/s) - 3600 (3958241 Gflops/s) - 3681 (4047302 Gflops/s) - 3689 (4056098 Gflops/s) - 3639 (4001122 Gflops/s) - 3627 (3987928 Gflops/s) | Temperatures: 59°C - 61°C - 71°C - 70°C - 61°C - 60°C - 70°C - 72°C | Throttling: None - None - None - None - None - None - None - None
3679 (4045103 Gflops/s) - 3706 (4074790 Gflops/s) - 3589 (3946147 Gflops/s) - 3600 (3958241 Gflops/s) - 3678 (4044003 Gflops/s) - 3695 (4062695 Gflops/s) - 3638 (4000023 Gflops/s) - 3629 (3990127 Gflops/s) | Temperatures: 59°C - 61°C - 71°C - 70°C - 61°C - 60°C - 70°C - 72°C | Throttling: None - None - None - None - None - None - None - None
3680 (4046202 Gflops/s) - 3706 (4074790 Gflops/s) - 3588 (3945047 Gflops/s) - 3602 (3960440 Gflops/s) - 3679 (4045103 Gflops/s) - 3692 (4059396 Gflops/s) - 3635 (3996724 Gflops/s) - 3628 (3989028 Gflops/s) | Temperatures: 59°C - 61°C - 71°C - 70°C - 61°C - 60°C - 70°C - 72°C | Throttling: None - None - None - None - None - None - None - None
3677 (4042904 Gflops/s) - 3704 (4072591 Gflops/s) - 3588 (3945047 Gflops/s) - 3594 (3951644 Gflops/s) - 3682 (4048401 Gflops/s) - 3690 (4057197 Gflops/s) - 3636 (3997824 Gflops/s) - 3628 (3989028 Gflops/s) | Temperatures: 59°C - 61°C - 71°C - 71°C - 61°C - 60°C - 71°C - 72°C | Throttling: None - None - None - None - None - None - None - None
3679 (4045103 Gflops/s) - 3707 (4075889 Gflops/s) - 3590 (3947246 Gflops/s) - 3601 (3959341 Gflops/s) - 3679 (4045103 Gflops/s) - 3692 (4059396 Gflops/s) - 3636 (3997824 Gflops/s) - 3626 (3986829 Gflops/s) | Temperatures: 59°C - 61°C - 71°C - 71°C - 62°C - 60°C - 71°C - 72°C | Throttling: None - None - None - None - None - None - None - None
3678 (4044003 Gflops/s) - 3704 (4072591 Gflops/s) - 3585 (3941749 Gflops/s) - 3593 (3950545 Gflops/s) - 3679 (4045103 Gflops/s) - 3691 (4058297 Gflops/s) - 3625 (3985729 Gflops/s) - 3626 (3986829 Gflops/s) | Temperatures: 60°C - 61°C - 71°C - 71°C - 62°C - 60°C - 71°C - 72°C | Throttling: None - None - None - None - None - None - None - None
3679 (4045103 Gflops/s) - 3707 (4075889 Gflops/s) - 3583 (3939550 Gflops/s) - 3596 (3953843 Gflops/s) - 3679 (4045103 Gflops/s) - 3691 (4058297 Gflops/s) - 3626 (3986829 Gflops/s) - 3623 (3983530 Gflops/s) | Temperatures: 60°C - 61°C - 71°C - 71°C - 62°C - 60°C - 71°C - 72°C | Throttling: None - None - None - None - None - None - None - None
3679 (4045103 Gflops/s) - 3709 (4078088 Gflops/s) - 3586 (3942848 Gflops/s) - 3594 (3951644 Gflops/s) - 3685 (4051700 Gflops/s) - 3693 (4060496 Gflops/s) - 3634 (3995625 Gflops/s) - 3626 (3986829 Gflops/s) | Temperatures: 60°C - 61°C - 72°C - 71°C - 62°C - 60°C - 71°C - 72°C | Throttling: None - None - None - None - None - None - None - None
3677 (4042904 Gflops/s) - 3700 (4068193 Gflops/s) - 3584 (3940649 Gflops/s) - 3591 (3948346 Gflops/s) - 3680 (4046202 Gflops/s) - 3692 (4059396 Gflops/s) - 3624 (3984630 Gflops/s) - 3622 (3982431 Gflops/s) | Temperatures: 60°C - 61°C - 72°C - 71°C - 62°C - 60°C - 71°C - 73°C | Throttling: None - None - None - None - None - None - None - None
3672 (4037406 Gflops/s) - 3699 (4067093 Gflops/s) - 3579 (3935152 Gflops/s) - 3588 (3945047 Gflops/s) - 3676 (4041804 Gflops/s) - 3690 (4057197 Gflops/s) - 3622 (3982431 Gflops/s) - 3621 (3981331 Gflops/s) | Temperatures: 60°C - 61°C - 72°C - 71°C - 62°C - 60°C - 71°C - 73°C | Throttling: None - None - None - None - None - None - None - None
3681 (4047302 Gflops/s) - 3703 (4071491 Gflops/s) - 3586 (3942848 Gflops/s) - 3591 (3948346 Gflops/s) - 3681 (4047302 Gflops/s) - 3694 (4061595 Gflops/s) - 3626 (3986829 Gflops/s) - 3622 (3982431 Gflops/s) | Temperatures: 60°C - 62°C - 72°C - 71°C - 62°C - 61°C - 71°C - 73°C | Throttling: None - None - None - None - None - None - None - None
3677 (4042904 Gflops/s) - 3699 (4067093 Gflops/s) - 3580 (3936251 Gflops/s) - 3591 (3948346 Gflops/s) - 3679 (4045103 Gflops/s) - 3691 (4058297 Gflops/s) - 3626 (3986829 Gflops/s) - 3622 (3982431 Gflops/s) | Temperatures: 60°C - 62°C - 72°C - 71°C - 62°C - 61°C - 71°C - 73°C | Throttling: None - None - None - None - None - None - None - None
3676 (4041804 Gflops/s) - 3701 (4069292 Gflops/s) - 3584 (3940649 Gflops/s) - 3590 (3947246 Gflops/s) - 3676 (4041804 Gflops/s) - 3688 (4054998 Gflops/s) - 3624 (3984630 Gflops/s) - 3621 (3981331 Gflops/s) | Temperatures: 60°C - 62°C - 72°C - 71°C - 62°C - 61°C - 71°C - 73°C | Throttling: None - None - None - None - None - None - None - None
3675 (4040705 Gflops/s) - 3701 (4069292 Gflops/s) - 3578 (3934052 Gflops/s) - 3589 (3946147 Gflops/s) - 3677 (4042904 Gflops/s) - 3688 (4054998 Gflops/s) - 3622 (3982431 Gflops/s) - 3619 (3979132 Gflops/s) | Temperatures: 60°C - 62°C - 72°C - 71°C - 62°C - 61°C - 71°C - 73°C | Throttling: None - None - None - None - None - None - None - None
3677 (4042904 Gflops/s) - 3700 (4068193 Gflops/s) - 3580 (3936251 Gflops/s) - 3586 (3942848 Gflops/s) - 3679 (4045103 Gflops/s) - 3692 (4059396 Gflops/s) - 3622 (3982431 Gflops/s) - 3619 (3979132 Gflops/s) | Temperatures: 60°C - 62°C - 72°C - 71°C - 62°C - 61°C - 71°C - 73°C | Throttling: None - None - None - None - None - None - None - None
3676 (4041804 Gflops/s) - 3699 (4067093 Gflops/s) - 3583 (3939550 Gflops/s) - 3586 (3942848 Gflops/s) - 3679 (4045103 Gflops/s) - 3687 (4053899 Gflops/s) - 3613 (3972535 Gflops/s) - 3616 (3975834 Gflops/s) | Temperatures: 60°C - 62°C - 72°C - 71°C - 62°C - 61°C - 71°C - 73°C | Throttling: None - None - None - None - None - None - None - None
3677 (4042904 Gflops/s) - 3699 (4067093 Gflops/s) - 3582 (3938450 Gflops/s) - 3588 (3945047 Gflops/s) - 3675 (4040705 Gflops/s) - 3688 (4054998 Gflops/s) - 3617 (3976933 Gflops/s) - 3618 (3978033 Gflops/s) | Temperatures: 60°C - 62°C - 72°C - 72°C - 62°C - 61°C - 71°C - 73°C | Throttling: None - None - None - None - None - None - None - None
3677 (4042904 Gflops/s) - 3699 (4067093 Gflops/s) - 3578 (3934052 Gflops/s) - 3587 (3943948 Gflops/s) - 3678 (4044003 Gflops/s) - 3692 (4059396 Gflops/s) - 3615 (3974734 Gflops/s) - 3616 (3975834 Gflops/s) | Temperatures: 60°C - 62°C - 72°C - 72°C - 62°C - 61°C - 71°C - 73°C | Throttling: None - None - None - None - None - None - None - None
3676 (4041804 Gflops/s) - 3698 (4065993 Gflops/s) - 3576 (3931853 Gflops/s) - 3587 (3943948 Gflops/s) - 3677 (4042904 Gflops/s) - 3691 (4058297 Gflops/s) - 3618 (3978033 Gflops/s) - 3616 (3975834 Gflops/s) | Temperatures: 60°C - 62°C - 72°C - 72°C - 62°C - 61°C - 72°C - 73°C | Throttling: None - None - None - None - None - None - None - None
3677 (4042904 Gflops/s) - 3701 (4069292 Gflops/s) - 3580 (3936251 Gflops/s) - 3586 (3942848 Gflops/s) - 3677 (4042904 Gflops/s) - 3689 (4056098 Gflops/s) - 3614 (3973635 Gflops/s) - 3615 (3974734 Gflops/s) | Temperatures: 60°C - 62°C - 72°C - 72°C - 62°C - 61°C - 72°C - 73°C | Throttling: None - None - None - None - None - None - None - None
3674 (4039605 Gflops/s) - 3698 (4065993 Gflops/s) - 3585 (3941749 Gflops/s) - 3587 (3943948 Gflops/s) - 3677 (4042904 Gflops/s) - 3688 (4054998 Gflops/s) - 3613 (3972535 Gflops/s) - 3614 (3973635 Gflops/s) | Temperatures: 60°C - 62°C - 73°C - 72°C - 62°C - 61°C - 72°C - 73°C | Throttling: None - None - None - None - None - None - None - None
3677 (4042904 Gflops/s) - 3698 (4065993 Gflops/s) - 3596 (3953843 Gflops/s) - 3586 (3942848 Gflops/s) - 3680 (4046202 Gflops/s) - 3689 (4056098 Gflops/s) - 3614 (3973635 Gflops/s) - 3614 (3973635 Gflops/s) | Temperatures: 60°C - 62°C - 73°C - 72°C - 62°C - 61°C - 72°C - 73°C | Throttling: None - None - None - None - None - None - None - None
3676 (4041804 Gflops/s) - 3697 (4064894 Gflops/s) - 3580 (3936251 Gflops/s) - 3587 (3943948 Gflops/s) - 3678 (4044003 Gflops/s) - 3690 (4057197 Gflops/s) - 3609 (3968137 Gflops/s) - 3614 (3973635 Gflops/s) | Temperatures: 60°C - 62°C - 72°C - 72°C - 62°C - 61°C - 71°C - 73°C | Throttling: None - None - None - None - None - None - None - None
3677 (4042904 Gflops/s) - 3699 (4067093 Gflops/s) - 3577 (3932953 Gflops/s) - 3586 (3942848 Gflops/s) - 3678 (4044003 Gflops/s) - 3688 (4054998 Gflops/s) - 3612 (3971435 Gflops/s) - 3615 (3974734 Gflops/s) | Temperatures: 60°C - 62°C - 72°C - 72°C - 62°C - 61°C - 71°C - 73°C | Throttling: None - None - None - None - None - None - None - None
3676 (4041804 Gflops/s) - 3700 (4068193 Gflops/s) - 3575 (3930754 Gflops/s) - 3586 (3942848 Gflops/s) - 3677 (4042904 Gflops/s) - 3688 (4054998 Gflops/s) - 3618 (3978033 Gflops/s) - 3615 (3974734 Gflops/s) | Temperatures: 60°C - 62°C - 72°C - 72°C - 62°C - 61°C - 71°C - 73°C | Throttling: None - None - None - None - None - None - None - None
3676 (4041804 Gflops/s) - 3697 (4064894 Gflops/s) - 3593 (3950545 Gflops/s) - 3587 (3943948 Gflops/s) - 3678 (4044003 Gflops/s) - 3690 (4057197 Gflops/s) - 3613 (3972535 Gflops/s) - 3616 (3975834 Gflops/s) | Temperatures: 60°C - 62°C - 72°C - 72°C - 62°C - 61°C - 71°C - 73°C | Throttling: None - None - None - None - None - None - None - None
3674 (4039605 Gflops/s) - 3702 (4070392 Gflops/s) - 3580 (3936251 Gflops/s) - 3588 (3945047 Gflops/s) - 3678 (4044003 Gflops/s) - 3689 (4056098 Gflops/s) - 3614 (3973635 Gflops/s) - 3615 (3974734 Gflops/s) | Temperatures: 60°C - 62°C - 72°C - 71°C - 62°C - 61°C - 71°C - 73°C | Throttling: None - None - None - None - None - None - None - None
3676 (4041804 Gflops/s) - 3698 (4065993 Gflops/s) - 3583 (3939550 Gflops/s) - 3587 (3943948 Gflops/s) - 3678 (4044003 Gflops/s) - 3689 (4056098 Gflops/s) - 3616 (3975834 Gflops/s) - 3615 (3974734 Gflops/s) | Temperatures: 60°C - 61°C - 72°C - 72°C - 62°C - 60°C - 71°C - 73°C | Throttling: None - None - None - None - None - None - None - None
3676 (4041804 Gflops/s) - 3698 (4065993 Gflops/s) - 3577 (3932953 Gflops/s) - 3585 (3941749 Gflops/s) - 3679 (4045103 Gflops/s) - 3688 (4054998 Gflops/s) - 3613 (3972535 Gflops/s) - 3616 (3975834 Gflops/s) | Temperatures: 60°C - 61°C - 72°C - 71°C - 62°C - 60°C - 71°C - 73°C | Throttling: None - None - None - None - None - None - None - None
3676 (4041804 Gflops/s) - 3699 (4067093 Gflops/s) - 3577 (3932953 Gflops/s) - 3588 (3945047 Gflops/s) - 3678 (4044003 Gflops/s) - 3687 (4053899 Gflops/s) - 3617 (3976933 Gflops/s) - 3614 (3973635 Gflops/s) | Temperatures: 60°C - 61°C - 72°C - 71°C - 62°C - 60°C - 71°C - 73°C | Throttling: None - None - None - None - None - None - None - None
3676 (4041804 Gflops/s) - 3700 (4068193 Gflops/s) - 3575 (3930754 Gflops/s) - 3585 (3941749 Gflops/s) - 3677 (4042904 Gflops/s) - 3690 (4057197 Gflops/s) - 3613 (3972535 Gflops/s) - 3615 (3974734 Gflops/s) | Temperatures: 60°C - 61°C - 72°C - 71°C - 62°C - 60°C - 71°C - 73°C | Throttling: None - None - None - None - None - None - None - None
3676 (4041804 Gflops/s) - 3701 (4069292 Gflops/s) - 3577 (3932953 Gflops/s) - 3589 (3946147 Gflops/s) - 3680 (4046202 Gflops/s) - 3692 (4059396 Gflops/s) - 3617 (3976933 Gflops/s) - 3617 (3976933 Gflops/s) | Temperatures: 60°C - 61°C - 72°C - 71°C - 62°C - 60°C - 71°C - 73°C | Throttling: None - None - None - None - None - None - None - None
3675 (4040705 Gflops/s) - 3693 (4060496 Gflops/s) - 3579 (3935152 Gflops/s) - 3586 (3942848 Gflops/s) - 3679 (4045103 Gflops/s) - 3690 (4057197 Gflops/s) - 3615 (3974734 Gflops/s) - 3616 (3975834 Gflops/s) | Temperatures: 60°C - 61°C - 72°C - 71°C - 62°C - 60°C - 71°C - 73°C | Throttling: None - None - None - None - None - None - None - None
3676 (4041804 Gflops/s) - 3701 (4069292 Gflops/s) - 3577 (3932953 Gflops/s) - 3592 (3949445 Gflops/s) - 3676 (4041804 Gflops/s) - 3689 (4056098 Gflops/s) - 3617 (3976933 Gflops/s) - 3615 (3974734 Gflops/s) | Temperatures: 60°C - 61°C - 72°C - 71°C - 62°C - 60°C - 71°C - 73°C | Throttling: None - None - None - None - None - None - None - None
3676 (4041804 Gflops/s) - 3700 (4068193 Gflops/s) - 3580 (3936251 Gflops/s) - 3588 (3945047 Gflops/s) - 3681 (4047302 Gflops/s) - 3688 (4054998 Gflops/s) - 3618 (3978033 Gflops/s) - 3618 (3978033 Gflops/s) | Temperatures: 59°C - 61°C - 72°C - 71°C - 62°C - 60°C - 71°C - 73°C | Throttling: None - None - None - None - None - None - None - None
3678 (4044003 Gflops/s) - 3702 (4070392 Gflops/s) - 3579 (3935152 Gflops/s) - 3587 (3943948 Gflops/s) - 3677 (4042904 Gflops/s) - 3690 (4057197 Gflops/s) - 3616 (3975834 Gflops/s) - 3617 (3976933 Gflops/s) | Temperatures: 60°C - 61°C - 72°C - 71°C - 62°C - 60°C - 71°C - 73°C | Throttling: None - None - None - None - None - None - None - None
3675 (4040705 Gflops/s) - 3699 (4067093 Gflops/s) - 3579 (3935152 Gflops/s) - 3586 (3942848 Gflops/s) - 3679 (4045103 Gflops/s) - 3692 (4059396 Gflops/s) - 3612 (3971435 Gflops/s) - 3618 (3978033 Gflops/s) | Temperatures: 59°C - 61°C - 72°C - 71°C - 62°C - 60°C - 71°C - 73°C | Throttling: None - None - None - None - None - None - None - None
3678 (4044003 Gflops/s) - 3700 (4068193 Gflops/s) - 3580 (3936251 Gflops/s) - 3587 (3943948 Gflops/s) - 3678 (4044003 Gflops/s) - 3690 (4057197 Gflops/s) - 3617 (3976933 Gflops/s) - 3618 (3978033 Gflops/s) | Temperatures: 59°C - 61°C - 72°C - 71°C - 62°C - 60°C - 71°C - 73°C | Throttling: None - None - None - None - None - None - None - None
3679 (4045103 Gflops/s) - 3702 (4070392 Gflops/s) - 3581 (3937351 Gflops/s) - 3587 (3943948 Gflops/s) - 3677 (4042904 Gflops/s) - 3688 (4054998 Gflops/s) - 3621 (3981331 Gflops/s) - 3619 (3979132 Gflops/s) | Temperatures: 59°C - 61°C - 72°C - 71°C - 62°C - 60°C - 71°C - 73°C | Throttling: None - None - None - None - None - None - None - None
3677 (4042904 Gflops/s) - 3701 (4069292 Gflops/s) - 3584 (3940649 Gflops/s) - 3589 (3946147 Gflops/s) - 3680 (4046202 Gflops/s) - 3691 (4058297 Gflops/s) - 3612 (3971435 Gflops/s) - 3616 (3975834 Gflops/s) | Temperatures: 59°C - 61°C - 72°C - 71°C - 62°C - 60°C - 71°C - 73°C | Throttling: None - None - None - None - None - None - None - None
3676 (4041804 Gflops/s) - 3701 (4069292 Gflops/s) - 3579 (3935152 Gflops/s) - 3589 (3946147 Gflops/s) - 3679 (4045103 Gflops/s) - 3688 (4054998 Gflops/s) - 3621 (3981331 Gflops/s) - 3619 (3979132 Gflops/s) | Temperatures: 59°C - 61°C - 72°C - 71°C - 62°C - 60°C - 71°C - 73°C | Throttling: None - None - None - None - None - None - None - None
3677 (4042904 Gflops/s) - 3701 (4069292 Gflops/s) - 3583 (3939550 Gflops/s) - 3587 (3943948 Gflops/s) - 3676 (4041804 Gflops/s) - 3688 (4054998 Gflops/s) - 3614 (3973635 Gflops/s) - 3616 (3975834 Gflops/s) | Temperatures: 59°C - 61°C - 72°C - 71°C - 62°C - 60°C - 71°C - 73°C | Throttling: None - None - None - None - None - None - None - None
3677 (4042904 Gflops/s) - 3700 (4068193 Gflops/s) - 3577 (3932953 Gflops/s) - 3589 (3946147 Gflops/s) - 3677 (4042904 Gflops/s) - 3687 (4053899 Gflops/s) - 3621 (3981331 Gflops/s) - 3621 (3981331 Gflops/s) | Temperatures: 59°C - 61°C - 72°C - 71°C - 62°C - 60°C - 71°C - 73°C | Throttling: None - None - None - None - None - None - None - None
3677 (4042904 Gflops/s) - 3702 (4070392 Gflops/s) - 3580 (3936251 Gflops/s) - 3587 (3943948 Gflops/s) - 3678 (4044003 Gflops/s) - 3690 (4057197 Gflops/s) - 3616 (3975834 Gflops/s) - 3618 (3978033 Gflops/s) | Temperatures: 59°C - 61°C - 72°C - 71°C - 62°C - 60°C - 71°C - 73°C | Throttling: None - None - None - None - None - None - None - None
3680 (4046202 Gflops/s) - 3699 (4067093 Gflops/s) - 3584 (3940649 Gflops/s) - 3590 (3947246 Gflops/s) - 3678 (4044003 Gflops/s) - 3690 (4057197 Gflops/s) - 3617 (3976933 Gflops/s) - 3620 (3980232 Gflops/s) | Temperatures: 59°C - 61°C - 72°C - 71°C - 62°C - 60°C - 71°C - 73°C | Throttling: None - None - None - None - None - None - None - None
3677 (4042904 Gflops/s) - 3699 (4067093 Gflops/s) - 3580 (3936251 Gflops/s) - 3591 (3948346 Gflops/s) - 3677 (4042904 Gflops/s) - 3691 (4058297 Gflops/s) - 3627 (3987928 Gflops/s) - 3616 (3975834 Gflops/s) | Temperatures: 59°C - 61°C - 72°C - 71°C - 62°C - 60°C - 71°C - 73°C | Throttling: None - None - None - None - None - None - None - None
3679 (4045103 Gflops/s) - 3703 (4071491 Gflops/s) - 3581 (3937351 Gflops/s) - 3588 (3945047 Gflops/s) - 3679 (4045103 Gflops/s) - 3690 (4057197 Gflops/s) - 3612 (3971435 Gflops/s) - 3620 (3980232 Gflops/s) | Temperatures: 59°C - 61°C - 72°C - 71°C - 62°C - 60°C - 71°C - 73°C | Throttling: None - None - None - None - None - None - None - None
3679 (4045103 Gflops/s) - 3704 (4072591 Gflops/s) - 3598 (3956042 Gflops/s) - 3588 (3945047 Gflops/s) - 3681 (4047302 Gflops/s) - 3691 (4058297 Gflops/s) - 3619 (3979132 Gflops/s) - 3619 (3979132 Gflops/s) | Temperatures: 59°C - 61°C - 72°C - 71°C - 62°C - 60°C - 71°C - 73°C | Throttling: None - None - None - None - None - None - None - None
3678 (4044003 Gflops/s) - 3704 (4072591 Gflops/s) - 3598 (3956042 Gflops/s) - 3591 (3948346 Gflops/s) - 3678 (4044003 Gflops/s) - 3688 (4054998 Gflops/s) - 3619 (3979132 Gflops/s) - 3618 (3978033 Gflops/s) | Temperatures: 59°C - 61°C - 72°C - 71°C - 62°C - 60°C - 71°C - 73°C | Throttling: None - None - None - None - None - None - None - None
3677 (4042904 Gflops/s) - 3700 (4068193 Gflops/s) - 3584 (3940649 Gflops/s) - 3588 (3945047 Gflops/s) - 3678 (4044003 Gflops/s) - 3695 (4062695 Gflops/s) - 3620 (3980232 Gflops/s) - 3620 (3980232 Gflops/s) | Temperatures: 59°C - 61°C - 72°C - 71°C - 62°C - 60°C - 71°C - 73°C | Throttling: None - None - None - None - None - None - None - None
3678 (4044003 Gflops/s) - 3700 (4068193 Gflops/s) - 3583 (3939550 Gflops/s) - 3589 (3946147 Gflops/s) - 3679 (4045103 Gflops/s) - 3689 (4056098 Gflops/s) - 3622 (3982431 Gflops/s) - 3617 (3976933 Gflops/s) | Temperatures: 59°C - 61°C - 72°C - 71°C - 62°C - 60°C - 71°C - 73°C | Throttling: None - None - None - None - None - None - None - None
3677 (4042904 Gflops/s) - 3703 (4071491 Gflops/s) - 3582 (3938450 Gflops/s) - 3590 (3947246 Gflops/s) - 3677 (4042904 Gflops/s) - 3690 (4057197 Gflops/s) - 3623 (3983530 Gflops/s) - 3619 (3979132 Gflops/s) | Temperatures: 59°C - 61°C - 72°C - 71°C - 62°C - 60°C - 71°C - 73°C | Throttling: None - None - None - None - None - None - None - None
3676 (4041804 Gflops/s) - 3699 (4067093 Gflops/s) - 3583 (3939550 Gflops/s) - 3590 (3947246 Gflops/s) - 3676 (4041804 Gflops/s) - 3690 (4057197 Gflops/s) - 3620 (3980232 Gflops/s) - 3618 (3978033 Gflops/s) | Temperatures: 59°C - 61°C - 72°C - 71°C - 62°C - 60°C - 71°C - 73°C | Throttling: None - None - None - None - None - None - None - None
3677 (4042904 Gflops/s) - 3700 (4068193 Gflops/s) - 3578 (3934052 Gflops/s) - 3589 (3946147 Gflops/s) - 3679 (4045103 Gflops/s) - 3689 (4056098 Gflops/s) - 3622 (3982431 Gflops/s) - 3618 (3978033 Gflops/s) | Temperatures: 59°C - 61°C - 72°C - 71°C - 62°C - 60°C - 71°C - 73°C | Throttling: None - None - None - None - None - None - None - None
3680 (4046202 Gflops/s) - 3704 (4072591 Gflops/s) - 3586 (3942848 Gflops/s) - 3592 (3949445 Gflops/s) - 3686 (4052799 Gflops/s) - 3694 (4061595 Gflops/s) - 3619 (3979132 Gflops/s) - 3622 (3982431 Gflops/s) | Temperatures: 59°C - 61°C - 72°C - 71°C - 62°C - 60°C - 71°C - 73°C | Throttling: None - None - None - None - None - None - None - None
3679 (4045103 Gflops/s) - 3701 (4069292 Gflops/s) - 3578 (3934052 Gflops/s) - 3591 (3948346 Gflops/s) - 3677 (4042904 Gflops/s) - 3690 (4057197 Gflops/s) - 3627 (3987928 Gflops/s) - 3618 (3978033 Gflops/s) | Temperatures: 59°C - 61°C - 71°C - 71°C - 61°C - 60°C - 71°C - 73°C | Throttling: None - None - None - None - None - None - None - None
3679 (4045103 Gflops/s) - 3704 (4072591 Gflops/s) - 3577 (3932953 Gflops/s) - 3590 (3947246 Gflops/s) - 3678 (4044003 Gflops/s) - 3692 (4059396 Gflops/s) - 3622 (3982431 Gflops/s) - 3619 (3979132 Gflops/s) | Temperatures: 59°C - 61°C - 71°C - 71°C - 61°C - 60°C - 71°C - 73°C | Throttling: None - None - None - None - None - None - None - None
3680 (4046202 Gflops/s) - 3702 (4070392 Gflops/s) - 3589 (3946147 Gflops/s) - 3591 (3948346 Gflops/s) - 3677 (4042904 Gflops/s) - 3691 (4058297 Gflops/s) - 3617 (3976933 Gflops/s) - 3620 (3980232 Gflops/s) | Temperatures: 59°C - 61°C - 72°C - 71°C - 61°C - 60°C - 71°C - 73°C | Throttling: None - None - None - None - None - None - None - None
3677 (4042904 Gflops/s) - 3701 (4069292 Gflops/s) - 3582 (3938450 Gflops/s) - 3590 (3947246 Gflops/s) - 3680 (4046202 Gflops/s) - 3689 (4056098 Gflops/s) - 3620 (3980232 Gflops/s) - 3620 (3980232 Gflops/s) | Temperatures: 59°C - 61°C - 72°C - 71°C - 61°C - 60°C - 71°C - 73°C | Throttling: None - None - None - None - None - None - None - None
3679 (4045103 Gflops/s) - 3706 (4074790 Gflops/s) - 3588 (3945047 Gflops/s) - 3590 (3947246 Gflops/s) - 3681 (4047302 Gflops/s) - 3693 (4060496 Gflops/s) - 3620 (3980232 Gflops/s) - 3620 (3980232 Gflops/s) | Temperatures: 59°C - 61°C - 72°C - 71°C - 61°C - 60°C - 71°C - 73°C | Throttling: None - None - None - None - None - None - None - None
3676 (4041804 Gflops/s) - 3702 (4070392 Gflops/s) - 3577 (3932953 Gflops/s) - 3589 (3946147 Gflops/s) - 3677 (4042904 Gflops/s) - 3688 (4054998 Gflops/s) - 3631 (3992326 Gflops/s) - 3619 (3979132 Gflops/s) | Temperatures: 59°C - 61°C - 72°C - 71°C - 61°C - 60°C - 71°C - 73°C | Throttling: None - None - None - None - None - None - None - None
3676 (4041804 Gflops/s) - 3698 (4065993 Gflops/s) - 3580 (3936251 Gflops/s) - 3589 (3946147 Gflops/s) - 3680 (4046202 Gflops/s) - 3690 (4057197 Gflops/s) - 3612 (3971435 Gflops/s) - 3618 (3978033 Gflops/s) | Temperatures: 59°C - 61°C - 71°C - 71°C - 62°C - 60°C - 71°C - 73°C | Throttling: None - None - None - None - None - None - None - None
3676 (4041804 Gflops/s) - 3697 (4064894 Gflops/s) - 3581 (3937351 Gflops/s) - 3589 (3946147 Gflops/s) - 3677 (4042904 Gflops/s) - 3691 (4058297 Gflops/s) - 3621 (3981331 Gflops/s) - 3621 (3981331 Gflops/s) | Temperatures: 59°C - 61°C - 71°C - 71°C - 62°C - 60°C - 71°C - 73°C | Throttling: None - None - None - None - None - None - None - None
3677 (4042904 Gflops/s) - 3701 (4069292 Gflops/s) - 3577 (3932953 Gflops/s) - 3591 (3948346 Gflops/s) - 3680 (4046202 Gflops/s) - 3691 (4058297 Gflops/s) - 3622 (3982431 Gflops/s) - 3621 (3981331 Gflops/s) | Temperatures: 59°C - 61°C - 72°C - 71°C - 62°C - 60°C - 71°C - 73°C | Throttling: None - None - None - None - None - None - None - None
3675 (4040705 Gflops/s) - 3705 (4073690 Gflops/s) - 3582 (3938450 Gflops/s) - 3590 (3947246 Gflops/s) - 3677 (4042904 Gflops/s) - 3692 (4059396 Gflops/s) - 3625 (3985729 Gflops/s) - 3621 (3981331 Gflops/s) | Temperatures: 59°C - 61°C - 72°C - 71°C - 61°C - 60°C - 71°C - 73°C | Throttling: None - None - None - None - None - None - None - None
3678 (4044003 Gflops/s) - 3703 (4071491 Gflops/s) - 3580 (3936251 Gflops/s) - 3591 (3948346 Gflops/s) - 3679 (4045103 Gflops/s) - 3691 (4058297 Gflops/s) - 3627 (3987928 Gflops/s) - 3619 (3979132 Gflops/s) | Temperatures: 59°C - 61°C - 72°C - 71°C - 62°C - 60°C - 71°C - 72°C | Throttling: None - None - None - None - None - None - None - None
3678 (4044003 Gflops/s) - 3699 (4067093 Gflops/s) - 3578 (3934052 Gflops/s) - 3589 (3946147 Gflops/s) - 3677 (4042904 Gflops/s) - 3690 (4057197 Gflops/s) - 3621 (3981331 Gflops/s) - 3621 (3981331 Gflops/s) | Temperatures: 59°C - 61°C - 72°C - 71°C - 61°C - 60°C - 71°C - 73°C | Throttling: None - None - None - None - None - None - None - None
3679 (4045103 Gflops/s) - 3699 (4067093 Gflops/s) - 3583 (3939550 Gflops/s) - 3593 (3950545 Gflops/s) - 3676 (4041804 Gflops/s) - 3691 (4058297 Gflops/s) - 3623 (3983530 Gflops/s) - 3618 (3978033 Gflops/s) | Temperatures: 59°C - 61°C - 71°C - 71°C - 61°C - 60°C - 71°C - 72°C | Throttling: None - None - None - None - None - None - None - None
3677 (4042904 Gflops/s) - 3698 (4065993 Gflops/s) - 3579 (3935152 Gflops/s) - 3588 (3945047 Gflops/s) - 3678 (4044003 Gflops/s) - 3689 (4056098 Gflops/s) - 3622 (3982431 Gflops/s) - 3621 (3981331 Gflops/s) | Temperatures: 59°C - 61°C - 71°C - 71°C - 61°C - 60°C - 71°C - 73°C | Throttling: None - None - None - None - None - None - None - None
3676 (4041804 Gflops/s) - 3701 (4069292 Gflops/s) - 3579 (3935152 Gflops/s) - 3592 (3949445 Gflops/s) - 3679 (4045103 Gflops/s) - 3691 (4058297 Gflops/s) - 3626 (3986829 Gflops/s) - 3621 (3981331 Gflops/s) | Temperatures: 59°C - 61°C - 71°C - 71°C - 61°C - 60°C - 71°C - 72°C | Throttling: None - None - None - None - None - None - None - None
3679 (4045103 Gflops/s) - 3702 (4070392 Gflops/s) - 3583 (3939550 Gflops/s) - 3591 (3948346 Gflops/s) - 3679 (4045103 Gflops/s) - 3690 (4057197 Gflops/s) - 3632 (3993426 Gflops/s) - 3619 (3979132 Gflops/s) | Temperatures: 59°C - 61°C - 71°C - 71°C - 62°C - 60°C - 71°C - 72°C | Throttling: None - None - None - None - None - None - None - None
3681 (4047302 Gflops/s) - 3703 (4071491 Gflops/s) - 3584 (3940649 Gflops/s) - 3593 (3950545 Gflops/s) - 3677 (4042904 Gflops/s) - 3690 (4057197 Gflops/s) - 3623 (3983530 Gflops/s) - 3621 (3981331 Gflops/s) | Temperatures: 59°C - 61°C - 71°C - 71°C - 62°C - 60°C - 71°C - 72°C | Throttling: None - None - None - None - None - None - None - None
3677 (4042904 Gflops/s) - 3703 (4071491 Gflops/s) - 3582 (3938450 Gflops/s) - 3591 (3948346 Gflops/s) - 3676 (4041804 Gflops/s) - 3690 (4057197 Gflops/s) - 3620 (3980232 Gflops/s) - 3620 (3980232 Gflops/s) | Temperatures: 59°C - 61°C - 72°C - 71°C - 61°C - 60°C - 71°C - 72°C | Throttling: None - None - None - None - None - None - None - None
3677 (4042904 Gflops/s) - 3700 (4068193 Gflops/s) - 3582 (3938450 Gflops/s) - 3589 (3946147 Gflops/s) - 3677 (4042904 Gflops/s) - 3689 (4056098 Gflops/s) - 3627 (3987928 Gflops/s) - 3619 (3979132 Gflops/s) | Temperatures: 59°C - 61°C - 71°C - 71°C - 61°C - 60°C - 71°C - 72°C | Throttling: None - None - None - None - None - None - None - None
3680 (4046202 Gflops/s) - 3699 (4067093 Gflops/s) - 3581 (3937351 Gflops/s) - 3593 (3950545 Gflops/s) - 3678 (4044003 Gflops/s) - 3692 (4059396 Gflops/s) - 3622 (3982431 Gflops/s) - 3621 (3981331 Gflops/s) | Temperatures: 59°C - 61°C - 72°C - 71°C - 61°C - 60°C - 71°C - 72°C | Throttling: None - None - None - None - None - None - None - None
3678 (4044003 Gflops/s) - 3702 (4070392 Gflops/s) - 3582 (3938450 Gflops/s) - 3593 (3950545 Gflops/s) - 3679 (4045103 Gflops/s) - 3691 (4058297 Gflops/s) - 3626 (3986829 Gflops/s) - 3620 (3980232 Gflops/s) | Temperatures: 59°C - 61°C - 72°C - 71°C - 62°C - 60°C - 71°C - 73°C | Throttling: None - None - None - None - None - None - None - None
3676 (4041804 Gflops/s) - 3703 (4071491 Gflops/s) - 3584 (3940649 Gflops/s) - 3589 (3946147 Gflops/s) - 3677 (4042904 Gflops/s) - 3689 (4056098 Gflops/s) - 3621 (3981331 Gflops/s) - 3617 (3976933 Gflops/s) | Temperatures: 59°C - 61°C - 72°C - 71°C - 62°C - 60°C - 71°C - 72°C | Throttling: None - None - None - None - None - None - None - None
3681 (4047302 Gflops/s) - 3703 (4071491 Gflops/s) - 3594 (3951644 Gflops/s) - 3601 (3959341 Gflops/s) - 3680 (4046202 Gflops/s) - 3694 (4061595 Gflops/s) - 3628 (3989028 Gflops/s) - 3625 (3985729 Gflops/s) | Temperatures: 59°C - 61°C - 72°C - 71°C - 61°C - 60°C - 71°C - 72°C | Throttling: None - None - None - None - None - None - None - None
3678 (4044003 Gflops/s) - 3699 (4067093 Gflops/s) - 3585 (3941749 Gflops/s) - 3594 (3951644 Gflops/s) - 3679 (4045103 Gflops/s) - 3689 (4056098 Gflops/s) - 3625 (3985729 Gflops/s) - 3621 (3981331 Gflops/s) | Temperatures: 59°C - 61°C - 71°C - 71°C - 61°C - 60°C - 71°C - 72°C | Throttling: None - None - None - None - None - None - None - None
3679 (4045103 Gflops/s) - 3704 (4072591 Gflops/s) - 3588 (3945047 Gflops/s) - 3589 (3946147 Gflops/s) - 3679 (4045103 Gflops/s) - 3692 (4059396 Gflops/s) - 3627 (3987928 Gflops/s) - 3623 (3983530 Gflops/s) | Temperatures: 59°C - 61°C - 71°C - 71°C - 61°C - 60°C - 71°C - 72°C | Throttling: None - None - None - None - None - None - None - None
3678 (4044003 Gflops/s) - 3701 (4069292 Gflops/s) - 3581 (3937351 Gflops/s) - 3594 (3951644 Gflops/s) - 3676 (4041804 Gflops/s) - 3689 (4056098 Gflops/s) - 3624 (3984630 Gflops/s) - 3620 (3980232 Gflops/s) | Temperatures: 59°C - 61°C - 72°C - 71°C - 61°C - 60°C - 71°C - 72°C | Throttling: None - None - None - None - None - None - None - None
3676 (4041804 Gflops/s) - 3701 (4069292 Gflops/s) - 3581 (3937351 Gflops/s) - 3590 (3947246 Gflops/s) - 3679 (4045103 Gflops/s) - 3691 (4058297 Gflops/s) - 3621 (3981331 Gflops/s) - 3621 (3981331 Gflops/s) | Temperatures: 59°C - 61°C - 71°C - 71°C - 61°C - 60°C - 71°C - 72°C | Throttling: None - None - None - None - None - None - None - None
3677 (4042904 Gflops/s) - 3701 (4069292 Gflops/s) - 3584 (3940649 Gflops/s) - 3590 (3947246 Gflops/s) - 3679 (4045103 Gflops/s) - 3690 (4057197 Gflops/s) - 3630 (3991227 Gflops/s) - 3619 (3979132 Gflops/s) | Temperatures: 59°C - 61°C - 71°C - 71°C - 61°C - 60°C - 71°C - 72°C | Throttling: None - None - None - None - None - None - None - None
3680 (4046202 Gflops/s) - 3700 (4068193 Gflops/s) - 3584 (3940649 Gflops/s) - 3591 (3948346 Gflops/s) - 3677 (4042904 Gflops/s) - 3689 (4056098 Gflops/s) - 3624 (3984630 Gflops/s) - 3622 (3982431 Gflops/s) | Temperatures: 59°C - 61°C - 72°C - 71°C - 61°C - 60°C - 71°C - 72°C | Throttling: None - None - None - None - None - None - None - None
3678 (4044003 Gflops/s) - 3699 (4067093 Gflops/s) - 3586 (3942848 Gflops/s) - 3595 (3952744 Gflops/s) - 3679 (4045103 Gflops/s) - 3689 (4056098 Gflops/s) - 3625 (3985729 Gflops/s) - 3621 (3981331 Gflops/s) | Temperatures: 59°C - 61°C - 72°C - 71°C - 62°C - 60°C - 71°C - 72°C | Throttling: None - None - None - None - None - None - None - None
3677 (4042904 Gflops/s) - 3702 (4070392 Gflops/s) - 3583 (3939550 Gflops/s) - 3593 (3950545 Gflops/s) - 3678 (4044003 Gflops/s) - 3690 (4057197 Gflops/s) - 3618 (3978033 Gflops/s) - 3618 (3978033 Gflops/s) | Temperatures: 59°C - 61°C - 71°C - 71°C - 62°C - 60°C - 71°C - 72°C | Throttling: None - None - None - None - None - None - None - None
3678 (4044003 Gflops/s) - 3702 (4070392 Gflops/s) - 3580 (3936251 Gflops/s) - 3591 (3948346 Gflops/s) - 3679 (4045103 Gflops/s) - 3690 (4057197 Gflops/s) - 3628 (3989028 Gflops/s) - 3621 (3981331 Gflops/s) | Temperatures: 59°C - 61°C - 71°C - 71°C - 62°C - 60°C - 71°C - 72°C | Throttling: None - None - None - None - None - None - None - None
3680 (4046202 Gflops/s) - 3703 (4071491 Gflops/s) - 3584 (3940649 Gflops/s) - 3590 (3947246 Gflops/s) - 3679 (4045103 Gflops/s) - 3689 (4056098 Gflops/s) - 3618 (3978033 Gflops/s) - 3623 (3983530 Gflops/s) | Temperatures: 59°C - 61°C - 71°C - 71°C - 61°C - 60°C - 71°C - 72°C | Throttling: None - None - None - None - None - None - None - None
3676 (4041804 Gflops/s) - 3702 (4070392 Gflops/s) - 3583 (3939550 Gflops/s) - 3591 (3948346 Gflops/s) - 3677 (4042904 Gflops/s) - 3690 (4057197 Gflops/s) - 3630 (3991227 Gflops/s) - 3620 (3980232 Gflops/s) | Temperatures: 59°C - 61°C - 71°C - 71°C - 61°C - 60°C - 71°C - 72°C | Throttling: None - None - None - None - None - None - None - None
3679 (4045103 Gflops/s) - 3699 (4067093 Gflops/s) - 3589 (3946147 Gflops/s) - 3591 (3948346 Gflops/s) - 3681 (4047302 Gflops/s) - 3688 (4054998 Gflops/s) - 3629 (3990127 Gflops/s) - 3620 (3980232 Gflops/s) | Temperatures: 59°C - 61°C - 72°C - 71°C - 62°C - 60°C - 71°C - 72°C | Throttling: None - None - None - None - None - None - None - None
3683 (4049501 Gflops/s) - 3704 (4072591 Gflops/s) - 3590 (3947246 Gflops/s) - 3596 (3953843 Gflops/s) - 3682 (4048401 Gflops/s) - 3693 (4060496 Gflops/s) - 3625 (3985729 Gflops/s) - 3625 (3985729 Gflops/s) | Temperatures: 59°C - 61°C - 71°C - 71°C - 62°C - 60°C - 71°C - 72°C | Throttling: None - None - None - None - None - None - None - None
3674 (4039605 Gflops/s) - 3697 (4064894 Gflops/s) - 3576 (3931853 Gflops/s) - 3587 (3943948 Gflops/s) - 3676 (4041804 Gflops/s) - 3685 (4051700 Gflops/s) - 3621 (3981331 Gflops/s) - 3615 (3974734 Gflops/s) | Temperatures: 59°C - 61°C - 71°C - 71°C - 62°C - 60°C - 71°C - 72°C | Throttling: None - None - None - None - None - None - None - None
3682 (4048401 Gflops/s) - 3704 (4072591 Gflops/s) - 3586 (3942848 Gflops/s) - 3597 (3954943 Gflops/s) - 3682 (4048401 Gflops/s) - 3693 (4060496 Gflops/s) - 3627 (3987928 Gflops/s) - 3625 (3985729 Gflops/s) | Temperatures: 59°C - 61°C - 71°C - 71°C - 61°C - 60°C - 71°C - 72°C | Throttling: None - None - None - None - None - None - None - None
3676 (4041804 Gflops/s) - 3706 (4074790 Gflops/s) - 3583 (3939550 Gflops/s) - 3592 (3949445 Gflops/s) - 3680 (4046202 Gflops/s) - 3693 (4060496 Gflops/s) - 3628 (3989028 Gflops/s) - 3620 (3980232 Gflops/s) | Temperatures: 59°C - 61°C - 71°C - 71°C - 62°C - 60°C - 71°C - 72°C | Throttling: None - None - None - None - None - None - None - None
3676 (4041804 Gflops/s) - 3697 (4064894 Gflops/s) - 3578 (3934052 Gflops/s) - 3588 (3945047 Gflops/s) - 3676 (4041804 Gflops/s) - 3688 (4054998 Gflops/s) - 3625 (3985729 Gflops/s) - 3619 (3979132 Gflops/s) | Temperatures: 59°C - 61°C - 71°C - 71°C - 61°C - 60°C - 71°C - 72°C | Throttling: None - None - None - None - None - None - None - None
3680 (4046202 Gflops/s) - 3705 (4073690 Gflops/s) - 3589 (3946147 Gflops/s) - 3595 (3952744 Gflops/s) - 3682 (4048401 Gflops/s) - 3695 (4062695 Gflops/s) - 3629 (3990127 Gflops/s) - 3623 (3983530 Gflops/s) | Temperatures: 59°C - 61°C - 71°C - 71°C - 61°C - 60°C - 71°C - 72°C | Throttling: None - None - None - None - None - None - None - None
3680 (4046202 Gflops/s) - 3703 (4071491 Gflops/s) - 3581 (3937351 Gflops/s) - 3595 (3952744 Gflops/s) - 3676 (4041804 Gflops/s) - 3688 (4054998 Gflops/s) - 3623 (3983530 Gflops/s) - 3624 (3984630 Gflops/s) | Temperatures: 59°C - 61°C - 71°C - 71°C - 62°C - 60°C - 71°C - 72°C | Throttling: None - None - None - None - None - None - None - None
3676 (4041804 Gflops/s) - 3701 (4069292 Gflops/s) - 3584 (3940649 Gflops/s) - 3596 (3953843 Gflops/s) - 3681 (4047302 Gflops/s) - 3690 (4057197 Gflops/s) - 3624 (3984630 Gflops/s) - 3619 (3979132 Gflops/s) | Temperatures: 59°C - 61°C - 71°C - 71°C - 61°C - 60°C - 71°C - 72°C | Throttling: None - None - None - None - None - None - None - None
3677 (4042904 Gflops/s) - 3701 (4069292 Gflops/s) - 3581 (3937351 Gflops/s) - 3590 (3947246 Gflops/s) - 3678 (4044003 Gflops/s) - 3690 (4057197 Gflops/s) - 3629 (3990127 Gflops/s) - 3620 (3980232 Gflops/s) | Temperatures: 59°C - 61°C - 71°C - 71°C - 61°C - 60°C - 71°C - 72°C | Throttling: None - None - None - None - None - None - None - None
3678 (4044003 Gflops/s) - 3701 (4069292 Gflops/s) - 3585 (3941749 Gflops/s) - 3591 (3948346 Gflops/s) - 3679 (4045103 Gflops/s) - 3690 (4057197 Gflops/s) - 3624 (3984630 Gflops/s) - 3621 (3981331 Gflops/s) | Temperatures: 59°C - 61°C - 71°C - 70°C - 61°C - 60°C - 71°C - 72°C | Throttling: None - None - None - None - None - None - None - None
3677 (4042904 Gflops/s) - 3700 (4068193 Gflops/s) - 3584 (3940649 Gflops/s) - 3591 (3948346 Gflops/s) - 3678 (4044003 Gflops/s) - 3693 (4060496 Gflops/s) - 3617 (3976933 Gflops/s) - 3620 (3980232 Gflops/s) | Temperatures: 59°C - 61°C - 71°C - 71°C - 61°C - 60°C - 71°C - 72°C | Throttling: None - None - None - None - None - None - None - None
3679 (4045103 Gflops/s) - 3701 (4069292 Gflops/s) - 3585 (3941749 Gflops/s) - 3593 (3950545 Gflops/s) - 3677 (4042904 Gflops/s) - 3690 (4057197 Gflops/s) - 3633 (3994525 Gflops/s) - 3623 (3983530 Gflops/s) | Temperatures: 59°C - 61°C - 71°C - 71°C - 62°C - 60°C - 71°C - 72°C | Throttling: None - None - None - None - None - None - None - None
3676 (4041804 Gflops/s) - 3697 (4064894 Gflops/s) - 3578 (3934052 Gflops/s) - 3590 (3947246 Gflops/s) - 3676 (4041804 Gflops/s) - 3684 (4050600 Gflops/s) - 3619 (3979132 Gflops/s) - 3620 (3980232 Gflops/s) | Temperatures: 59°C - 61°C - 71°C - 71°C - 62°C - 60°C - 71°C - 72°C | Throttling: None - None - None - None - None - None - None - None
3682 (4048401 Gflops/s) - 3704 (4072591 Gflops/s) - 3587 (3943948 Gflops/s) - 3597 (3954943 Gflops/s) - 3680 (4046202 Gflops/s) - 3694 (4061595 Gflops/s) - 3623 (3983530 Gflops/s) - 3624 (3984630 Gflops/s) | Temperatures: 59°C - 61°C - 71°C - 71°C - 61°C - 60°C - 71°C - 72°C | Throttling: None - None - None - None - None - None - None - None
3678 (4044003 Gflops/s) - 3701 (4069292 Gflops/s) - 3579 (3935152 Gflops/s) - 3593 (3950545 Gflops/s) - 3677 (4042904 Gflops/s) - 3688 (4054998 Gflops/s) - 3623 (3983530 Gflops/s) - 3624 (3984630 Gflops/s) | Temperatures: 59°C - 61°C - 71°C - 71°C - 61°C - 60°C - 70°C - 72°C | Throttling: None - None - None - None - None - None - None - None
3678 (4044003 Gflops/s) - 3704 (4072591 Gflops/s) - 3579 (3935152 Gflops/s) - 3590 (3947246 Gflops/s) - 3680 (4046202 Gflops/s) - 3691 (4058297 Gflops/s) - 3626 (3986829 Gflops/s) - 3621 (3981331 Gflops/s) | Temperatures: 59°C - 61°C - 71°C - 71°C - 62°C - 60°C - 71°C - 72°C | Throttling: None - None - None - None - None - None - None - None
3677 (4042904 Gflops/s) - 3701 (4069292 Gflops/s) - 3585 (3941749 Gflops/s) - 3596 (3953843 Gflops/s) - 3678 (4044003 Gflops/s) - 3690 (4057197 Gflops/s) - 3623 (3983530 Gflops/s) - 3623 (3983530 Gflops/s) | Temperatures: 59°C - 61°C - 71°C - 71°C - 61°C - 60°C - 70°C - 72°C | Throttling: None - None - None - None - None - None - None - None
3678 (4044003 Gflops/s) - 3702 (4070392 Gflops/s) - 3583 (3939550 Gflops/s) - 3594 (3951644 Gflops/s) - 3679 (4045103 Gflops/s) - 3690 (4057197 Gflops/s) - 3624 (3984630 Gflops/s) - 3620 (3980232 Gflops/s) | Temperatures: 59°C - 61°C - 71°C - 71°C - 62°C - 60°C - 71°C - 72°C | Throttling: None - None - None - None - None - None - None - None
3678 (4044003 Gflops/s) - 3699 (4067093 Gflops/s) - 3585 (3941749 Gflops/s) - 3591 (3948346 Gflops/s) - 3677 (4042904 Gflops/s) - 3689 (4056098 Gflops/s) - 3627 (3987928 Gflops/s) - 3621 (3981331 Gflops/s) | Temperatures: 59°C - 61°C - 71°C - 71°C - 61°C - 60°C - 71°C - 72°C | Throttling: None - None - None - None - None - None - None - None
3677 (4042904 Gflops/s) - 3702 (4070392 Gflops/s) - 3586 (3942848 Gflops/s) - 3594 (3951644 Gflops/s) - 3681 (4047302 Gflops/s) - 3693 (4060496 Gflops/s) - 3625 (3985729 Gflops/s) - 3624 (3984630 Gflops/s) | Temperatures: 59°C - 61°C - 71°C - 71°C - 61°C - 60°C - 71°C - 72°C | Throttling: None - None - None - None - None - None - None - None
3679 (4045103 Gflops/s) - 3700 (4068193 Gflops/s) - 3586 (3942848 Gflops/s) - 3593 (3950545 Gflops/s) - 3677 (4042904 Gflops/s) - 3688 (4054998 Gflops/s) - 3621 (3981331 Gflops/s) - 3620 (3980232 Gflops/s) | Temperatures: 59°C - 61°C - 71°C - 71°C - 62°C - 60°C - 71°C - 72°C | Throttling: None - None - None - None - None - None - None - None
3679 (4045103 Gflops/s) - 3701 (4069292 Gflops/s) - 3580 (3936251 Gflops/s) - 3591 (3948346 Gflops/s) - 3678 (4044003 Gflops/s) - 3691 (4058297 Gflops/s) - 3632 (3993426 Gflops/s) - 3622 (3982431 Gflops/s) | Temperatures: 59°C - 61°C - 71°C - 71°C - 61°C - 60°C - 71°C - 72°C | Throttling: None - None - None - None - None - None - None - None
3675 (4040705 Gflops/s) - 3701 (4069292 Gflops/s) - 3580 (3936251 Gflops/s) - 3595 (3952744 Gflops/s) - 3678 (4044003 Gflops/s) - 3693 (4060496 Gflops/s) - 3622 (3982431 Gflops/s) - 3621 (3981331 Gflops/s) | Temperatures: 59°C - 61°C - 71°C - 71°C - 61°C - 60°C - 71°C - 72°C | Throttling: None - None - None - None - None - None - None - None
3678 (4044003 Gflops/s) - 3700 (4068193 Gflops/s) - 3583 (3939550 Gflops/s) - 3594 (3951644 Gflops/s) - 3681 (4047302 Gflops/s) - 3689 (4056098 Gflops/s) - 3626 (3986829 Gflops/s) - 3623 (3983530 Gflops/s) | Temperatures: 59°C - 61°C - 71°C - 71°C - 61°C - 60°C - 71°C - 72°C | Throttling: None - None - None - None - None - None - None - None
3677 (4042904 Gflops/s) - 3703 (4071491 Gflops/s) - 3586 (3942848 Gflops/s) - 3592 (3949445 Gflops/s) - 3678 (4044003 Gflops/s) - 3691 (4058297 Gflops/s) - 3630 (3991227 Gflops/s) - 3622 (3982431 Gflops/s) | Temperatures: 59°C - 61°C - 71°C - 70°C - 61°C - 60°C - 71°C - 72°C | Throttling: None - None - None - None - None - None - None - None
3679 (4045103 Gflops/s) - 3704 (4072591 Gflops/s) - 3581 (3937351 Gflops/s) - 3595 (3952744 Gflops/s) - 3680 (4046202 Gflops/s) - 3691 (4058297 Gflops/s) - 3625 (3985729 Gflops/s) - 3622 (3982431 Gflops/s) | Temperatures: 59°C - 61°C - 71°C - 70°C - 61°C - 60°C - 71°C - 72°C | Throttling: None - None - None - None - None - None - None - None
3678 (4044003 Gflops/s) - 3700 (4068193 Gflops/s) - 3586 (3942848 Gflops/s) - 3593 (3950545 Gflops/s) - 3681 (4047302 Gflops/s) - 3689 (4056098 Gflops/s) - 3628 (3989028 Gflops/s) - 3620 (3980232 Gflops/s) | Temperatures: 59°C - 61°C - 71°C - 71°C - 61°C - 60°C - 71°C - 72°C | Throttling: None - None - None - None - None - None - None - None
3680 (4046202 Gflops/s) - 3702 (4070392 Gflops/s) - 3581 (3937351 Gflops/s) - 3591 (3948346 Gflops/s) - 3677 (4042904 Gflops/s) - 3691 (4058297 Gflops/s) - 3617 (3976933 Gflops/s) - 3620 (3980232 Gflops/s) | Temperatures: 59°C - 61°C - 71°C - 71°C - 61°C - 60°C - 71°C - 72°C | Throttling: None - None - None - None - None - None - None - None
3678 (4044003 Gflops/s) - 3701 (4069292 Gflops/s) - 3580 (3936251 Gflops/s) - 3592 (3949445 Gflops/s) - 3677 (4042904 Gflops/s) - 3690 (4057197 Gflops/s) - 3624 (3984630 Gflops/s) - 3621 (3981331 Gflops/s) | Temperatures: 59°C - 61°C - 71°C - 71°C - 61°C - 60°C - 71°C - 72°C | Throttling: None - None - None - None - None - None - None - None
3677 (4042904 Gflops/s) - 3703 (4071491 Gflops/s) - 3587 (3943948 Gflops/s) - 3592 (3949445 Gflops/s) - 3679 (4045103 Gflops/s) - 3692 (4059396 Gflops/s) - 3624 (3984630 Gflops/s) - 3621 (3981331 Gflops/s) | Temperatures: 59°C - 61°C - 71°C - 71°C - 61°C - 60°C - 71°C - 72°C | Throttling: None - None - None - None - None - None - None - None
3680 (4046202 Gflops/s) - 3699 (4067093 Gflops/s) - 3580 (3936251 Gflops/s) - 3591 (3948346 Gflops/s) - 3678 (4044003 Gflops/s) - 3693 (4060496 Gflops/s) - 3628 (3989028 Gflops/s) - 3622 (3982431 Gflops/s) | Temperatures: 59°C - 61°C - 71°C - 71°C - 61°C - 60°C - 71°C - 72°C | Throttling: None - None - None - None - None - None - None - None
3679 (4045103 Gflops/s) - 3701 (4069292 Gflops/s) - 3581 (3937351 Gflops/s) - 3592 (3949445 Gflops/s) - 3680 (4046202 Gflops/s) - 3689 (4056098 Gflops/s) - 3628 (3989028 Gflops/s) - 3623 (3983530 Gflops/s) | Temperatures: 59°C - 61°C - 71°C - 71°C - 61°C - 60°C - 71°C - 72°C | Throttling: None - None - None - None - None - None - None - None
3678 (4044003 Gflops/s) - 3700 (4068193 Gflops/s) - 3587 (3943948 Gflops/s) - 3599 (3957142 Gflops/s) - 3677 (4042904 Gflops/s) - 3691 (4058297 Gflops/s) - 3620 (3980232 Gflops/s) - 3620 (3980232 Gflops/s) | Temperatures: 59°C - 61°C - 71°C - 71°C - 61°C - 60°C - 71°C - 72°C | Throttling: None - None - None - None - None - None - None - None
3680 (4046202 Gflops/s) - 3705 (4073690 Gflops/s) - 3586 (3942848 Gflops/s) - 3597 (3954943 Gflops/s) - 3680 (4046202 Gflops/s) - 3691 (4058297 Gflops/s) - 3633 (3994525 Gflops/s) - 3626 (3986829 Gflops/s) | Temperatures: 59°C - 61°C - 71°C - 71°C - 61°C - 60°C - 71°C - 72°C | Throttling: None - None - None - None - None - None - None - None
3680 (4046202 Gflops/s) - 3703 (4071491 Gflops/s) - 3580 (3936251 Gflops/s) - 3593 (3950545 Gflops/s) - 3678 (4044003 Gflops/s) - 3688 (4054998 Gflops/s) - 3625 (3985729 Gflops/s) - 3621 (3981331 Gflops/s) | Temperatures: 59°C - 61°C - 71°C - 70°C - 61°C - 60°C - 70°C - 72°C | Throttling: None - None - None - None - None - None - None - None
3675 (4040705 Gflops/s) - 3701 (4069292 Gflops/s) - 3583 (3939550 Gflops/s) - 3592 (3949445 Gflops/s) - 3681 (4047302 Gflops/s) - 3689 (4056098 Gflops/s) - 3627 (3987928 Gflops/s) - 3621 (3981331 Gflops/s) | Temperatures: 59°C - 61°C - 71°C - 71°C - 62°C - 60°C - 71°C - 72°C | Throttling: None - None - None - None - None - None - None - None
3679 (4045103 Gflops/s) - 3705 (4073690 Gflops/s) - 3585 (3941749 Gflops/s) - 3592 (3949445 Gflops/s) - 3678 (4044003 Gflops/s) - 3689 (4056098 Gflops/s) - 3626 (3986829 Gflops/s) - 3622 (3982431 Gflops/s) | Temperatures: 59°C - 61°C - 71°C - 71°C - 61°C - 60°C - 71°C - 72°C | Throttling: None - None - None - None - None - None - None - None
3678 (4044003 Gflops/s) - 3699 (4067093 Gflops/s) - 3586 (3942848 Gflops/s) - 3593 (3950545 Gflops/s) - 3678 (4044003 Gflops/s) - 3691 (4058297 Gflops/s) - 3626 (3986829 Gflops/s) - 3625 (3985729 Gflops/s) | Temperatures: 59°C - 61°C - 71°C - 71°C - 61°C - 60°C - 70°C - 72°C | Throttling: None - None - None - None - None - None - None - None
3678 (4044003 Gflops/s) - 3702 (4070392 Gflops/s) - 3582 (3938450 Gflops/s) - 3590 (3947246 Gflops/s) - 3679 (4045103 Gflops/s) - 3689 (4056098 Gflops/s) - 3634 (3995625 Gflops/s) - 3620 (3980232 Gflops/s) | Temperatures: 59°C - 61°C - 71°C - 71°C - 61°C - 60°C - 71°C - 72°C | Throttling: None - None - None - None - None - None - None - None
3679 (4045103 Gflops/s) - 3703 (4071491 Gflops/s) - 3583 (3939550 Gflops/s) - 3595 (3952744 Gflops/s) - 3677 (4042904 Gflops/s) - 3694 (4061595 Gflops/s) - 3630 (3991227 Gflops/s) - 3621 (3981331 Gflops/s) | Temperatures: 59°C - 61°C - 71°C - 70°C - 62°C - 60°C - 71°C - 72°C | Throttling: None - None - None - None - None - None - None - None
3676 (4041804 Gflops/s) - 3700 (4068193 Gflops/s) - 3580 (3936251 Gflops/s) - 3594 (3951644 Gflops/s) - 3679 (4045103 Gflops/s) - 3691 (4058297 Gflops/s) - 3629 (3990127 Gflops/s) - 3623 (3983530 Gflops/s) | Temperatures: 59°C - 61°C - 71°C - 70°C - 61°C - 60°C - 71°C - 72°C | Throttling: None - None - None - None - None - None - None - None
3680 (4046202 Gflops/s) - 3703 (4071491 Gflops/s) - 3582 (3938450 Gflops/s) - 3591 (3948346 Gflops/s) - 3679 (4045103 Gflops/s) - 3692 (4059396 Gflops/s) - 3630 (3991227 Gflops/s) - 3622 (3982431 Gflops/s) | Temperatures: 59°C - 61°C - 71°C - 70°C - 61°C - 60°C - 71°C - 72°C | Throttling: None - None - None - None - None - None - None - None
3680 (4046202 Gflops/s) - 3700 (4068193 Gflops/s) - 3582 (3938450 Gflops/s) - 3594 (3951644 Gflops/s) - 3676 (4041804 Gflops/s) - 3692 (4059396 Gflops/s) - 3625 (3985729 Gflops/s) - 3623 (3983530 Gflops/s) | Temperatures: 59°C - 61°C - 71°C - 71°C - 61°C - 60°C - 71°C - 72°C | Throttling: None - None - None - None - None - None - None - None
3677 (4042904 Gflops/s) - 3700 (4068193 Gflops/s) - 3587 (3943948 Gflops/s) - 3592 (3949445 Gflops/s) - 3678 (4044003 Gflops/s) - 3691 (4058297 Gflops/s) - 3633 (3994525 Gflops/s) - 3623 (3983530 Gflops/s) | Temperatures: 59°C - 61°C - 71°C - 70°C - 61°C - 60°C - 71°C - 72°C | Throttling: None - None - None - None - None - None - None - None
3678 (4044003 Gflops/s) - 3701 (4069292 Gflops/s) - 3583 (3939550 Gflops/s) - 3593 (3950545 Gflops/s) - 3678 (4044003 Gflops/s) - 3691 (4058297 Gflops/s) - 3623 (3983530 Gflops/s) - 3620 (3980232 Gflops/s) | Temperatures: 59°C - 61°C - 71°C - 71°C - 61°C - 60°C - 71°C - 72°C | Throttling: None - None - None - None - None - None - None - None
3678 (4044003 Gflops/s) - 3703 (4071491 Gflops/s) - 3593 (3950545 Gflops/s) - 3592 (3949445 Gflops/s) - 3678 (4044003 Gflops/s) - 3689 (4056098 Gflops/s) - 3628 (3989028 Gflops/s) - 3624 (3984630 Gflops/s) | Temperatures: 59°C - 61°C - 72°C - 70°C - 61°C - 60°C - 70°C - 72°C | Throttling: None - None - None - None - None - None - None - None
3679 (4045103 Gflops/s) - 3700 (4068193 Gflops/s) - 3584 (3940649 Gflops/s) - 3596 (3953843 Gflops/s) - 3681 (4047302 Gflops/s) - 3692 (4059396 Gflops/s) - 3624 (3984630 Gflops/s) - 3622 (3982431 Gflops/s) | Temperatures: 59°C - 61°C - 71°C - 71°C - 61°C - 60°C - 71°C - 72°C | Throttling: None - None - None - None - None - None - None - None
3679 (4045103 Gflops/s) - 3703 (4071491 Gflops/s) - 3589 (3946147 Gflops/s) - 3595 (3952744 Gflops/s) - 3678 (4044003 Gflops/s) - 3692 (4059396 Gflops/s) - 3631 (3992326 Gflops/s) - 3622 (3982431 Gflops/s) | Temperatures: 59°C - 61°C - 71°C - 71°C - 62°C - 60°C - 71°C - 72°C | Throttling: None - None - None - None - None - None - None - None
3677 (4042904 Gflops/s) - 3702 (4070392 Gflops/s) - 3579 (3935152 Gflops/s) - 3591 (3948346 Gflops/s) - 3679 (4045103 Gflops/s) - 3692 (4059396 Gflops/s) - 3622 (3982431 Gflops/s) - 3623 (3983530 Gflops/s) | Temperatures: 59°C - 61°C - 71°C - 71°C - 61°C - 60°C - 71°C - 72°C | Throttling: None - None - None - None - None - None - None - None
3678 (4044003 Gflops/s) - 3703 (4071491 Gflops/s) - 3586 (3942848 Gflops/s) - 3595 (3952744 Gflops/s) - 3677 (4042904 Gflops/s) - 3690 (4057197 Gflops/s) - 3629 (3990127 Gflops/s) - 3624 (3984630 Gflops/s) | Temperatures: 59°C - 61°C - 71°C - 71°C - 61°C - 60°C - 71°C - 72°C | Throttling: None - None - None - None - None - None - None - None
3677 (4042904 Gflops/s) - 3702 (4070392 Gflops/s) - 3586 (3942848 Gflops/s) - 3590 (3947246 Gflops/s) - 3679 (4045103 Gflops/s) - 3692 (4059396 Gflops/s) - 3621 (3981331 Gflops/s) - 3622 (3982431 Gflops/s) | Temperatures: 59°C - 61°C - 71°C - 70°C - 61°C - 60°C - 70°C - 72°C | Throttling: None - None - None - None - None - None - None - None
3679 (4045103 Gflops/s) - 3703 (4071491 Gflops/s) - 3581 (3937351 Gflops/s) - 3593 (3950545 Gflops/s) - 3676 (4041804 Gflops/s) - 3690 (4057197 Gflops/s) - 3630 (3991227 Gflops/s) - 3622 (3982431 Gflops/s) | Temperatures: 59°C - 61°C - 71°C - 70°C - 61°C - 60°C - 71°C - 72°C | Throttling: None - None - None - None - None - None - None - None
3676 (4041804 Gflops/s) - 3703 (4071491 Gflops/s) - 3577 (3932953 Gflops/s) - 3589 (3946147 Gflops/s) - 3677 (4042904 Gflops/s) - 3688 (4054998 Gflops/s) - 3621 (3981331 Gflops/s) - 3621 (3981331 Gflops/s) | Temperatures: 59°C - 61°C - 71°C - 71°C - 61°C - 60°C - 71°C - 72°C | Throttling: None - None - None - None - None - None - None - None
3679 (4045103 Gflops/s) - 3699 (4067093 Gflops/s) - 3585 (3941749 Gflops/s) - 3595 (3952744 Gflops/s) - 3679 (4045103 Gflops/s) - 3689 (4056098 Gflops/s) - 3619 (3979132 Gflops/s) - 3621 (3981331 Gflops/s) | Temperatures: 59°C - 61°C - 71°C - 71°C - 62°C - 60°C - 71°C - 72°C | Throttling: None - None - None - None - None - None - None - None
3676 (4041804 Gflops/s) - 3701 (4069292 Gflops/s) - 3584 (3940649 Gflops/s) - 3593 (3950545 Gflops/s) - 3680 (4046202 Gflops/s) - 3689 (4056098 Gflops/s) - 3631 (3992326 Gflops/s) - 3622 (3982431 Gflops/s) | Temperatures: 59°C - 61°C - 71°C - 71°C - 62°C - 60°C - 71°C - 72°C | Throttling: None - None - None - None - None - None - None - None
3678 (4044003 Gflops/s) - 3702 (4070392 Gflops/s) - 3583 (3939550 Gflops/s) - 3592 (3949445 Gflops/s) - 3677 (4042904 Gflops/s) - 3690 (4057197 Gflops/s) - 3628 (3989028 Gflops/s) - 3623 (3983530 Gflops/s) | Temperatures: 59°C - 61°C - 71°C - 70°C - 61°C - 60°C - 71°C - 72°C | Throttling: None - None - None - None - None - None - None - None
3676 (4041804 Gflops/s) - 3699 (4067093 Gflops/s) - 3581 (3937351 Gflops/s) - 3593 (3950545 Gflops/s) - 3679 (4045103 Gflops/s) - 3691 (4058297 Gflops/s) - 3623 (3983530 Gflops/s) - 3624 (3984630 Gflops/s) | Temperatures: 59°C - 61°C - 71°C - 71°C - 61°C - 60°C - 71°C - 72°C | Throttling: None - None - None - None - None - None - None - None
3681 (4047302 Gflops/s) - 3701 (4069292 Gflops/s) - 3584 (3940649 Gflops/s) - 3591 (3948346 Gflops/s) - 3679 (4045103 Gflops/s) - 3690 (4057197 Gflops/s) - 3622 (3982431 Gflops/s) - 3621 (3981331 Gflops/s) | Temperatures: 59°C - 61°C - 71°C - 71°C - 62°C - 60°C - 71°C - 72°C | Throttling: None - None - None - None - None - None - None - None
3677 (4042904 Gflops/s) - 3703 (4071491 Gflops/s) - 3582 (3938450 Gflops/s) - 3596 (3953843 Gflops/s) - 3682 (4048401 Gflops/s) - 3689 (4056098 Gflops/s) - 3630 (3991227 Gflops/s) - 3622 (3982431 Gflops/s) | Temperatures: 59°C - 61°C - 71°C - 70°C - 62°C - 60°C - 71°C - 72°C | Throttling: None - None - None - None - None - None - None - None
3678 (4044003 Gflops/s) - 3699 (4067093 Gflops/s) - 3581 (3937351 Gflops/s) - 3593 (3950545 Gflops/s) - 3682 (4048401 Gflops/s) - 3692 (4059396 Gflops/s) - 3622 (3982431 Gflops/s) - 3620 (3980232 Gflops/s) | Temperatures: 59°C - 61°C - 71°C - 71°C - 62°C - 60°C - 71°C - 72°C | Throttling: None - None - None - None - None - None - None - None
3678 (4044003 Gflops/s) - 3702 (4070392 Gflops/s) - 3581 (3937351 Gflops/s) - 3592 (3949445 Gflops/s) - 3679 (4045103 Gflops/s) - 3689 (4056098 Gflops/s) - 3631 (3992326 Gflops/s) - 3622 (3982431 Gflops/s) | Temperatures: 59°C - 61°C - 71°C - 70°C - 62°C - 60°C - 71°C - 72°C | Throttling: None - None - None - None - None - None - None - None
3680 (4046202 Gflops/s) - 3708 (4076989 Gflops/s) - 3586 (3942848 Gflops/s) - 3598 (3956042 Gflops/s) - 3682 (4048401 Gflops/s) - 3693 (4060496 Gflops/s) - 3626 (3986829 Gflops/s) - 3625 (3985729 Gflops/s) | Temperatures: 59°C - 61°C - 71°C - 70°C - 62°C - 60°C - 71°C - 72°C | Throttling: None - None - None - None - None - None - None - None
3680 (4046202 Gflops/s) - 3702 (4070392 Gflops/s) - 3587 (3943948 Gflops/s) - 3591 (3948346 Gflops/s) - 3678 (4044003 Gflops/s) - 3690 (4057197 Gflops/s) - 3622 (3982431 Gflops/s) - 3621 (3981331 Gflops/s) | Temperatures: 59°C - 61°C - 71°C - 70°C - 61°C - 60°C - 70°C - 72°C | Throttling: None - None - None - None - None - None - None - None
3678 (4044003 Gflops/s) - 3702 (4070392 Gflops/s) - 3582 (3938450 Gflops/s) - 3595 (3952744 Gflops/s) - 3678 (4044003 Gflops/s) - 3689 (4056098 Gflops/s) - 3623 (3983530 Gflops/s) - 3623 (3983530 Gflops/s) | Temperatures: 59°C - 61°C - 71°C - 71°C - 62°C - 60°C - 71°C - 72°C | Throttling: None - None - None - None - None - None - None - None
3680 (4046202 Gflops/s) - 3702 (4070392 Gflops/s) - 3582 (3938450 Gflops/s) - 3591 (3948346 Gflops/s) - 3678 (4044003 Gflops/s) - 3689 (4056098 Gflops/s) - 3625 (3985729 Gflops/s) - 3622 (3982431 Gflops/s) | Temperatures: 59°C - 61°C - 71°C - 71°C - 62°C - 60°C - 71°C - 72°C | Throttling: None - None - None - None - None - None - None - None
3678 (4044003 Gflops/s) - 3703 (4071491 Gflops/s) - 3580 (3936251 Gflops/s) - 3595 (3952744 Gflops/s) - 3679 (4045103 Gflops/s) - 3689 (4056098 Gflops/s) - 3629 (3990127 Gflops/s) - 3622 (3982431 Gflops/s) | Temperatures: 59°C - 61°C - 71°C - 71°C - 62°C - 60°C - 71°C - 72°C | Throttling: None - None - None - None - None - None - None - None
3677 (4042904 Gflops/s) - 3700 (4068193 Gflops/s) - 3583 (3939550 Gflops/s) - 3592 (3949445 Gflops/s) - 3676 (4041804 Gflops/s) - 3691 (4058297 Gflops/s) - 3630 (3991227 Gflops/s) - 3620 (3980232 Gflops/s) | Temperatures: 59°C - 61°C - 71°C - 71°C - 61°C - 60°C - 71°C - 72°C | Throttling: None - None - None - None - None - None - None - None
3677 (4042904 Gflops/s) - 3700 (4068193 Gflops/s) - 3582 (3938450 Gflops/s) - 3594 (3951644 Gflops/s) - 3680 (4046202 Gflops/s) - 3689 (4056098 Gflops/s) - 3620 (3980232 Gflops/s) - 3620 (3980232 Gflops/s) | Temperatures: 59°C - 61°C - 71°C - 71°C - 61°C - 60°C - 71°C - 72°C | Throttling: None - None - None - None - None - None - None - None
3678 (4044003 Gflops/s) - 3702 (4070392 Gflops/s) - 3586 (3942848 Gflops/s) - 3592 (3949445 Gflops/s) - 3678 (4044003 Gflops/s) - 3694 (4061595 Gflops/s) - 3631 (3992326 Gflops/s) - 3622 (3982431 Gflops/s) | Temperatures: 59°C - 61°C - 71°C - 70°C - 61°C - 60°C - 71°C - 72°C | Throttling: None - None - None - None - None - None - None - None
3677 (4042904 Gflops/s) - 3703 (4071491 Gflops/s) - 3581 (3937351 Gflops/s) - 3593 (3950545 Gflops/s) - 3679 (4045103 Gflops/s) - 3690 (4057197 Gflops/s) - 3627 (3987928 Gflops/s) - 3622 (3982431 Gflops/s) | Temperatures: 59°C - 61°C - 71°C - 71°C - 62°C - 60°C - 71°C - 72°C | Throttling: None - None - None - None - None - None - None - None
3679 (4045103 Gflops/s) - 3701 (4069292 Gflops/s) - 3583 (3939550 Gflops/s) - 3596 (3953843 Gflops/s) - 3678 (4044003 Gflops/s) - 3691 (4058297 Gflops/s) - 3622 (3982431 Gflops/s) - 3624 (3984630 Gflops/s) | Temperatures: 59°C - 61°C - 71°C - 71°C - 61°C - 60°C - 71°C - 72°C | Throttling: None - None - None - None - None - None - None - None
3679 (4045103 Gflops/s) - 3701 (4069292 Gflops/s) - 3584 (3940649 Gflops/s) - 3596 (3953843 Gflops/s) - 3680 (4046202 Gflops/s) - 3690 (4057197 Gflops/s) - 3625 (3985729 Gflops/s) - 3621 (3981331 Gflops/s) | Temperatures: 59°C - 61°C - 71°C - 71°C - 62°C - 60°C - 71°C - 72°C | Throttling: None - None - None - None - None - None - None - None
3680 (4046202 Gflops/s) - 3700 (4068193 Gflops/s) - 3586 (3942848 Gflops/s) - 3591 (3948346 Gflops/s) - 3680 (4046202 Gflops/s) - 3693 (4060496 Gflops/s) - 3622 (3982431 Gflops/s) - 3622 (3982431 Gflops/s) | Temperatures: 59°C - 61°C - 71°C - 71°C - 62°C - 60°C - 71°C - 72°C | Throttling: None - None - None - None - None - None - None - None
3678 (4044003 Gflops/s) - 3701 (4069292 Gflops/s) - 3582 (3938450 Gflops/s) - 3592 (3949445 Gflops/s) - 3679 (4045103 Gflops/s) - 3688 (4054998 Gflops/s) - 3629 (3990127 Gflops/s) - 3621 (3981331 Gflops/s) | Temperatures: 59°C - 61°C - 71°C - 71°C - 61°C - 60°C - 71°C - 72°C | Throttling: None - None - None - None - None - None - None - None
3678 (4044003 Gflops/s) - 3702 (4070392 Gflops/s) - 3580 (3936251 Gflops/s) - 3590 (3947246 Gflops/s) - 3680 (4046202 Gflops/s) - 3689 (4056098 Gflops/s) - 3622 (3982431 Gflops/s) - 3622 (3982431 Gflops/s) | Temperatures: 59°C - 61°C - 71°C - 70°C - 61°C - 60°C - 71°C - 72°C | Throttling: None - None - None - None - None - None - None - None
3678 (4044003 Gflops/s) - 3701 (4069292 Gflops/s) - 3585 (3941749 Gflops/s) - 3590 (3947246 Gflops/s) - 3681 (4047302 Gflops/s) - 3689 (4056098 Gflops/s) - 3625 (3985729 Gflops/s) - 3621 (3981331 Gflops/s) | Temperatures: 59°C - 61°C - 71°C - 71°C - 62°C - 60°C - 71°C - 72°C | Throttling: None - None - None - None - None - None - None - None
3679 (4045103 Gflops/s) - 3703 (4071491 Gflops/s) - 3582 (3938450 Gflops/s) - 3590 (3947246 Gflops/s) - 3682 (4048401 Gflops/s) - 3693 (4060496 Gflops/s) - 3622 (3982431 Gflops/s) - 3621 (3981331 Gflops/s) | Temperatures: 59°C - 61°C - 71°C - 71°C - 62°C - 60°C - 71°C - 72°C | Throttling: None - None - None - None - None - None - None - None
3678 (4044003 Gflops/s) - 3700 (4068193 Gflops/s) - 3584 (3940649 Gflops/s) - 3598 (3956042 Gflops/s) - 3679 (4045103 Gflops/s) - 3688 (4054998 Gflops/s) - 3623 (3983530 Gflops/s) - 3622 (3982431 Gflops/s) | Temperatures: 59°C - 61°C - 71°C - 71°C - 62°C - 60°C - 71°C - 72°C | Throttling: None - None - None - None - None - None - None - None
3677 (4042904 Gflops/s) - 3702 (4070392 Gflops/s) - 3582 (3938450 Gflops/s) - 3599 (3957142 Gflops/s) - 3678 (4044003 Gflops/s) - 3691 (4058297 Gflops/s) - 3626 (3986829 Gflops/s) - 3620 (3980232 Gflops/s) | Temperatures: 59°C - 61°C - 71°C - 71°C - 61°C - 60°C - 71°C - 72°C | Throttling: None - None - None - None - None - None - None - None
3678 (4044003 Gflops/s) - 3700 (4068193 Gflops/s) - 3584 (3940649 Gflops/s) - 3596 (3953843 Gflops/s) - 3678 (4044003 Gflops/s) - 3690 (4057197 Gflops/s) - 3626 (3986829 Gflops/s) - 3623 (3983530 Gflops/s) | Temperatures: 59°C - 61°C - 71°C - 70°C - 61°C - 60°C - 71°C - 72°C | Throttling: None - None - None - None - None - None - None - None
3679 (4045103 Gflops/s) - 3699 (4067093 Gflops/s) - 3586 (3942848 Gflops/s) - 3591 (3948346 Gflops/s) - 3678 (4044003 Gflops/s) - 3689 (4056098 Gflops/s) - 3621 (3981331 Gflops/s) - 3622 (3982431 Gflops/s) | Temperatures: 59°C - 61°C - 72°C - 70°C - 61°C - 60°C - 70°C - 72°C | Throttling: None - None - None - None - None - None - None - None
3680 (4046202 Gflops/s) - 3700 (4068193 Gflops/s) - 3584 (3940649 Gflops/s) - 3592 (3949445 Gflops/s) - 3681 (4047302 Gflops/s) - 3690 (4057197 Gflops/s) - 3626 (3986829 Gflops/s) - 3623 (3983530 Gflops/s) | Temperatures: 59°C - 61°C - 71°C - 71°C - 62°C - 60°C - 71°C - 72°C | Throttling: None - None - None - None - None - None - None - None
3677 (4042904 Gflops/s) - 3701 (4069292 Gflops/s) - 3584 (3940649 Gflops/s) - 3595 (3952744 Gflops/s) - 3678 (4044003 Gflops/s) - 3691 (4058297 Gflops/s) - 3629 (3990127 Gflops/s) - 3622 (3982431 Gflops/s) | Temperatures: 59°C - 61°C - 71°C - 70°C - 62°C - 60°C - 71°C - 72°C | Throttling: None - None - None - None - None - None - None - None
3681 (4047302 Gflops/s) - 3703 (4071491 Gflops/s) - 3586 (3942848 Gflops/s) - 3593 (3950545 Gflops/s) - 3677 (4042904 Gflops/s) - 3688 (4054998 Gflops/s) - 3619 (3979132 Gflops/s) - 3622 (3982431 Gflops/s) | Temperatures: 59°C - 61°C - 71°C - 71°C - 62°C - 60°C - 71°C - 72°C | Throttling: None - None - None - None - None - None - None - None
3677 (4042904 Gflops/s) - 3705 (4073690 Gflops/s) - 3582 (3938450 Gflops/s) - 3593 (3950545 Gflops/s) - 3680 (4046202 Gflops/s) - 3692 (4059396 Gflops/s) - 3628 (3989028 Gflops/s) - 3623 (3983530 Gflops/s) | Temperatures: 59°C - 61°C - 71°C - 71°C - 62°C - 60°C - 71°C - 72°C | Throttling: None - None - None - None - None - None - None - None
3678 (4044003 Gflops/s) - 3700 (4068193 Gflops/s) - 3580 (3936251 Gflops/s) - 3596 (3953843 Gflops/s) - 3679 (4045103 Gflops/s) - 3692 (4059396 Gflops/s) - 3618 (3978033 Gflops/s) - 3624 (3984630 Gflops/s) | Temperatures: 59°C - 61°C - 71°C - 71°C - 61°C - 60°C - 70°C - 72°C | Throttling: None - None - None - None - None - None - None - None
3679 (4045103 Gflops/s) - 3702 (4070392 Gflops/s) - 3583 (3939550 Gflops/s) - 3592 (3949445 Gflops/s) - 3677 (4042904 Gflops/s) - 3692 (4059396 Gflops/s) - 3626 (3986829 Gflops/s) - 3623 (3983530 Gflops/s) | Temperatures: 59°C - 61°C - 71°C - 71°C - 61°C - 60°C - 71°C - 72°C | Throttling: None - None - None - None - None - None - None - None
3678 (4044003 Gflops/s) - 3701 (4069292 Gflops/s) - 3585 (3941749 Gflops/s) - 3593 (3950545 Gflops/s) - 3680 (4046202 Gflops/s) - 3691 (4058297 Gflops/s) - 3622 (3982431 Gflops/s) - 3622 (3982431 Gflops/s) | Temperatures: 59°C - 61°C - 71°C - 70°C - 62°C - 60°C - 71°C - 72°C | Throttling: None - None - None - None - None - None - None - None
3678 (4044003 Gflops/s) - 3702 (4070392 Gflops/s) - 3583 (3939550 Gflops/s) - 3593 (3950545 Gflops/s) - 3677 (4042904 Gflops/s) - 3691 (4058297 Gflops/s) - 3620 (3980232 Gflops/s) - 3621 (3981331 Gflops/s) | Temperatures: 59°C - 61°C - 71°C - 71°C - 61°C - 60°C - 71°C - 72°C | Throttling: None - None - None - None - None - None - None - None
3679 (4045103 Gflops/s) - 3703 (4071491 Gflops/s) - 3583 (3939550 Gflops/s) - 3591 (3948346 Gflops/s) - 3678 (4044003 Gflops/s) - 3689 (4056098 Gflops/s) - 3625 (3985729 Gflops/s) - 3623 (3983530 Gflops/s) | Temperatures: 59°C - 61°C - 71°C - 71°C - 62°C - 60°C - 71°C - 72°C | Throttling: None - None - None - None - None - None - None - None
3677 (4042904 Gflops/s) - 3702 (4070392 Gflops/s) - 3579 (3935152 Gflops/s) - 3593 (3950545 Gflops/s) - 3681 (4047302 Gflops/s) - 3691 (4058297 Gflops/s) - 3624 (3984630 Gflops/s) - 3624 (3984630 Gflops/s) | Temperatures: 59°C - 61°C - 71°C - 71°C - 61°C - 60°C - 71°C - 72°C | Throttling: None - None - None - None - None - None - None - None
3676 (4041804 Gflops/s) - 3701 (4069292 Gflops/s) - 3583 (3939550 Gflops/s) - 3590 (3947246 Gflops/s) - 3677 (4042904 Gflops/s) - 3689 (4056098 Gflops/s) - 3621 (3981331 Gflops/s) - 3622 (3982431 Gflops/s) | Temperatures: 59°C - 61°C - 71°C - 70°C - 61°C - 60°C - 71°C - 72°C | Throttling: None - None - None - None - None - None - None - None
3677 (4042904 Gflops/s) - 3701 (4069292 Gflops/s) - 3579 (3935152 Gflops/s) - 3592 (3949445 Gflops/s) - 3681 (4047302 Gflops/s) - 3691 (4058297 Gflops/s) - 3623 (3983530 Gflops/s) - 3622 (3982431 Gflops/s) | Temperatures: 59°C - 61°C - 71°C - 70°C - 61°C - 60°C - 71°C - 72°C | Throttling: None - None - None - None - None - None - None - None
3678 (4044003 Gflops/s) - 3702 (4070392 Gflops/s) - 3591 (3948346 Gflops/s) - 3592 (3949445 Gflops/s) - 3682 (4048401 Gflops/s) - 3690 (4057197 Gflops/s) - 3629 (3990127 Gflops/s) - 3623 (3983530 Gflops/s) | Temperatures: 59°C - 61°C - 72°C - 71°C - 62°C - 60°C - 71°C - 72°C | Throttling: None - None - None - None - None - None - None - None
3677 (4042904 Gflops/s) - 3701 (4069292 Gflops/s) - 3588 (3945047 Gflops/s) - 3598 (3956042 Gflops/s) - 3677 (4042904 Gflops/s) - 3693 (4060496 Gflops/s) - 3628 (3989028 Gflops/s) - 3622 (3982431 Gflops/s) | Temperatures: 59°C - 61°C - 71°C - 70°C - 62°C - 60°C - 71°C - 72°C | Throttling: None - None - None - None - None - None - None - None
3678 (4044003 Gflops/s) - 3703 (4071491 Gflops/s) - 3591 (3948346 Gflops/s) - 3593 (3950545 Gflops/s) - 3679 (4045103 Gflops/s) - 3694 (4061595 Gflops/s) - 3632 (3993426 Gflops/s) - 3619 (3979132 Gflops/s) | Temperatures: 59°C - 61°C - 71°C - 71°C - 61°C - 60°C - 71°C - 72°C | Throttling: None - None - None - None - None - None - None - None
3679 (4045103 Gflops/s) - 3704 (4072591 Gflops/s) - 3582 (3938450 Gflops/s) - 3595 (3952744 Gflops/s) - 3679 (4045103 Gflops/s) - 3690 (4057197 Gflops/s) - 3624 (3984630 Gflops/s) - 3622 (3982431 Gflops/s) | Temperatures: 59°C - 61°C - 71°C - 70°C - 61°C - 60°C - 71°C - 72°C | Throttling: None - None - None - None - None - None - None - None
3680 (4046202 Gflops/s) - 3702 (4070392 Gflops/s) - 3583 (3939550 Gflops/s) - 3591 (3948346 Gflops/s) - 3682 (4048401 Gflops/s) - 3692 (4059396 Gflops/s) - 3625 (3985729 Gflops/s) - 3622 (3982431 Gflops/s) | Temperatures: 59°C - 61°C - 71°C - 70°C - 62°C - 60°C - 71°C - 72°C | Throttling: None - None - None - None - None - None - None - None
3677 (4042904 Gflops/s) - 3701 (4069292 Gflops/s) - 3583 (3939550 Gflops/s) - 3598 (3956042 Gflops/s) - 3678 (4044003 Gflops/s) - 3691 (4058297 Gflops/s) - 3624 (3984630 Gflops/s) - 3623 (3983530 Gflops/s) | Temperatures: 59°C - 61°C - 71°C - 71°C - 62°C - 60°C - 70°C - 72°C | Throttling: None - None - None - None - None - None - None - None
3679 (4045103 Gflops/s) - 3702 (4070392 Gflops/s) - 3581 (3937351 Gflops/s) - 3597 (3954943 Gflops/s) - 3678 (4044003 Gflops/s) - 3690 (4057197 Gflops/s) - 3626 (3986829 Gflops/s) - 3622 (3982431 Gflops/s) | Temperatures: 59°C - 61°C - 71°C - 71°C - 62°C - 60°C - 71°C - 72°C | Throttling: None - None - None - None - None - None - None - None
3676 (4041804 Gflops/s) - 3704 (4072591 Gflops/s) - 3584 (3940649 Gflops/s) - 3591 (3948346 Gflops/s) - 3680 (4046202 Gflops/s) - 3689 (4056098 Gflops/s) - 3627 (3987928 Gflops/s) - 3621 (3981331 Gflops/s) | Temperatures: 59°C - 61°C - 71°C - 71°C - 61°C - 60°C - 71°C - 72°C | Throttling: None - None - None - None - None - None - None - None
3679 (4045103 Gflops/s) - 3700 (4068193 Gflops/s) - 3583 (3939550 Gflops/s) - 3592 (3949445 Gflops/s) - 3679 (4045103 Gflops/s) - 3693 (4060496 Gflops/s) - 3629 (3990127 Gflops/s) - 3623 (3983530 Gflops/s) | Temperatures: 59°C - 61°C - 71°C - 71°C - 61°C - 60°C - 71°C - 72°C | Throttling: None - None - None - None - None - None - None - None
3678 (4044003 Gflops/s) - 3701 (4069292 Gflops/s) - 3585 (3941749 Gflops/s) - 3596 (3953843 Gflops/s) - 3680 (4046202 Gflops/s) - 3691 (4058297 Gflops/s) - 3624 (3984630 Gflops/s) - 3622 (3982431 Gflops/s) | Temperatures: 59°C - 61°C - 71°C - 70°C - 61°C - 60°C - 70°C - 72°C | Throttling: None - None - None - None - None - None - None - None
3678 (4044003 Gflops/s) - 3699 (4067093 Gflops/s) - 3586 (3942848 Gflops/s) - 3593 (3950545 Gflops/s) - 3677 (4042904 Gflops/s) - 3688 (4054998 Gflops/s) - 3626 (3986829 Gflops/s) - 3621 (3981331 Gflops/s) | Temperatures: 59°C - 61°C - 71°C - 71°C - 62°C - 60°C - 71°C - 72°C | Throttling: None - None - None - None - None - None - None - None
3678 (4044003 Gflops/s) - 3702 (4070392 Gflops/s) - 3584 (3940649 Gflops/s) - 3591 (3948346 Gflops/s) - 3679 (4045103 Gflops/s) - 3690 (4057197 Gflops/s) - 3624 (3984630 Gflops/s) - 3623 (3983530 Gflops/s) | Temperatures: 59°C - 61°C - 71°C - 71°C - 61°C - 60°C - 71°C - 72°C | Throttling: None - None - None - None - None - None - None - None
3679 (4045103 Gflops/s) - 3702 (4070392 Gflops/s) - 3583 (3939550 Gflops/s) - 3594 (3951644 Gflops/s) - 3678 (4044003 Gflops/s) - 3691 (4058297 Gflops/s) - 3624 (3984630 Gflops/s) - 3621 (3981331 Gflops/s) | Temperatures: 59°C - 61°C - 71°C - 70°C - 61°C - 60°C - 70°C - 72°C | Throttling: None - None - None - None - None - None - None - None
3679 (4045103 Gflops/s) - 3701 (4069292 Gflops/s) - 3585 (3941749 Gflops/s) - 3595 (3952744 Gflops/s) - 3678 (4044003 Gflops/s) - 3689 (4056098 Gflops/s) - 3627 (3987928 Gflops/s) - 3623 (3983530 Gflops/s) | Temperatures: 59°C - 61°C - 71°C - 71°C - 62°C - 60°C - 71°C - 72°C | Throttling: None - None - None - None - None - None - None - None
3675 (4040705 Gflops/s) - 3702 (4070392 Gflops/s) - 3581 (3937351 Gflops/s) - 3595 (3952744 Gflops/s) - 3680 (4046202 Gflops/s) - 3690 (4057197 Gflops/s) - 3629 (3990127 Gflops/s) - 3623 (3983530 Gflops/s) | Temperatures: 59°C - 61°C - 71°C - 70°C - 61°C - 60°C - 71°C - 72°C | Throttling: None - None - None - None - None - None - None - None
3678 (4044003 Gflops/s) - 3701 (4069292 Gflops/s) - 3585 (3941749 Gflops/s) - 3593 (3950545 Gflops/s) - 3676 (4041804 Gflops/s) - 3691 (4058297 Gflops/s) - 3621 (3981331 Gflops/s) - 3621 (3981331 Gflops/s) | Temperatures: 59°C - 61°C - 71°C - 70°C - 61°C - 60°C - 70°C - 72°C | Throttling: None - None - None - None - None - None - None - None
3679 (4045103 Gflops/s) - 3702 (4070392 Gflops/s) - 3583 (3939550 Gflops/s) - 3589 (3946147 Gflops/s) - 3678 (4044003 Gflops/s) - 3689 (4056098 Gflops/s) - 3625 (3985729 Gflops/s) - 3622 (3982431 Gflops/s) | Temperatures: 59°C - 61°C - 71°C - 71°C - 61°C - 60°C - 71°C - 72°C | Throttling: None - None - None - None - None - None - None - None
3678 (4044003 Gflops/s) - 3701 (4069292 Gflops/s) - 3583 (3939550 Gflops/s) - 3593 (3950545 Gflops/s) - 3678 (4044003 Gflops/s) - 3691 (4058297 Gflops/s) - 3629 (3990127 Gflops/s) - 3622 (3982431 Gflops/s) | Temperatures: 59°C - 61°C - 71°C - 71°C - 62°C - 60°C - 71°C - 72°C | Throttling: None - None - None - None - None - None - None - None
3677 (4042904 Gflops/s) - 3699 (4067093 Gflops/s) - 3584 (3940649 Gflops/s) - 3592 (3949445 Gflops/s) - 3679 (4045103 Gflops/s) - 3689 (4056098 Gflops/s) - 3622 (3982431 Gflops/s) - 3623 (3983530 Gflops/s) | Temperatures: 59°C - 61°C - 71°C - 71°C - 62°C - 60°C - 71°C - 72°C | Throttling: None - None - None - None - None - None - None - None
3680 (4046202 Gflops/s) - 3701 (4069292 Gflops/s) - 3589 (3946147 Gflops/s) - 3595 (3952744 Gflops/s) - 3677 (4042904 Gflops/s) - 3690 (4057197 Gflops/s) - 3628 (3989028 Gflops/s) - 3623 (3983530 Gflops/s) | Temperatures: 59°C - 61°C - 71°C - 71°C - 62°C - 60°C - 71°C - 72°C | Throttling: None - None - None - None - None - None - None - None
3677 (4042904 Gflops/s) - 3699 (4067093 Gflops/s) - 3598 (3956042 Gflops/s) - 3593 (3950545 Gflops/s) - 3680 (4046202 Gflops/s) - 3688 (4054998 Gflops/s) - 3625 (3985729 Gflops/s) - 3623 (3983530 Gflops/s) | Temperatures: 59°C - 61°C - 72°C - 71°C - 61°C - 60°C - 71°C - 72°C | Throttling: None - None - None - None - None - None - None - None
3678 (4044003 Gflops/s) - 3703 (4071491 Gflops/s) - 3597 (3954943 Gflops/s) - 3595 (3952744 Gflops/s) - 3679 (4045103 Gflops/s) - 3689 (4056098 Gflops/s) - 3629 (3990127 Gflops/s) - 3622 (3982431 Gflops/s) | Temperatures: 59°C - 61°C - 72°C - 70°C - 61°C - 60°C - 71°C - 72°C | Throttling: None - None - None - None - None - None - None - None
3677 (4042904 Gflops/s) - 3701 (4069292 Gflops/s) - 3598 (3956042 Gflops/s) - 3590 (3947246 Gflops/s) - 3681 (4047302 Gflops/s) - 3692 (4059396 Gflops/s) - 3622 (3982431 Gflops/s) - 3622 (3982431 Gflops/s) | Temperatures: 59°C - 61°C - 72°C - 71°C - 62°C - 60°C - 71°C - 72°C | Throttling: None - None - None - None - None - None - None - None
3679 (4045103 Gflops/s) - 3705 (4073690 Gflops/s) - 3595 (3952744 Gflops/s) - 3591 (3948346 Gflops/s) - 3677 (4042904 Gflops/s) - 3692 (4059396 Gflops/s) - 3623 (3983530 Gflops/s) - 3621 (3981331 Gflops/s) | Temperatures: 59°C - 61°C - 72°C - 71°C - 61°C - 60°C - 70°C - 72°C | Throttling: None - None - None - None - None - None - None - None
3679 (4045103 Gflops/s) - 3700 (4068193 Gflops/s) - 3587 (3943948 Gflops/s) - 3596 (3953843 Gflops/s) - 3679 (4045103 Gflops/s) - 3690 (4057197 Gflops/s) - 3626 (3986829 Gflops/s) - 3622 (3982431 Gflops/s) | Temperatures: 59°C - 61°C - 71°C - 71°C - 62°C - 60°C - 71°C - 72°C | Throttling: None - None - None - None - None - None - None - None
3678 (4044003 Gflops/s) - 3702 (4070392 Gflops/s) - 3579 (3935152 Gflops/s) - 3592 (3949445 Gflops/s) - 3679 (4045103 Gflops/s) - 3687 (4053899 Gflops/s) - 3628 (3989028 Gflops/s) - 3621 (3981331 Gflops/s) | Temperatures: 59°C - 61°C - 71°C - 71°C - 62°C - 60°C - 70°C - 72°C | Throttling: None - None - None - None - None - None - None - None
3677 (4042904 Gflops/s) - 3704 (4072591 Gflops/s) - 3583 (3939550 Gflops/s) - 3591 (3948346 Gflops/s) - 3678 (4044003 Gflops/s) - 3688 (4054998 Gflops/s) - 3634 (3995625 Gflops/s) - 3621 (3981331 Gflops/s) | Temperatures: 59°C - 61°C - 71°C - 71°C - 62°C - 60°C - 71°C - 72°C | Throttling: None - None - None - None - None - None - None - None
3679 (4045103 Gflops/s) - 3702 (4070392 Gflops/s) - 3581 (3937351 Gflops/s) - 3591 (3948346 Gflops/s) - 3679 (4045103 Gflops/s) - 3692 (4059396 Gflops/s) - 3629 (3990127 Gflops/s) - 3624 (3984630 Gflops/s) | Temperatures: 59°C - 61°C - 71°C - 71°C - 62°C - 60°C - 71°C - 72°C | Throttling: None - None - None - None - None - None - None - None
3678 (4044003 Gflops/s) - 3702 (4070392 Gflops/s) - 3588 (3945047 Gflops/s) - 3595 (3952744 Gflops/s) - 3678 (4044003 Gflops/s) - 3691 (4058297 Gflops/s) - 3623 (3983530 Gflops/s) - 3621 (3981331 Gflops/s) | Temperatures: 59°C - 61°C - 71°C - 71°C - 61°C - 60°C - 71°C - 72°C | Throttling: None - None - None - None - None - None - None - None
3678 (4044003 Gflops/s) - 3702 (4070392 Gflops/s) - 3585 (3941749 Gflops/s) - 3592 (3949445 Gflops/s) - 3679 (4045103 Gflops/s) - 3691 (4058297 Gflops/s) - 3618 (3978033 Gflops/s) - 3623 (3983530 Gflops/s) | Temperatures: 59°C - 61°C - 71°C - 71°C - 62°C - 60°C - 70°C - 72°C | Throttling: None - None - None - None - None - None - None - None
3676 (4041804 Gflops/s) - 3702 (4070392 Gflops/s) - 3580 (3936251 Gflops/s) - 3594 (3951644 Gflops/s) - 3678 (4044003 Gflops/s) - 3690 (4057197 Gflops/s) - 3629 (3990127 Gflops/s) - 3624 (3984630 Gflops/s) | Temperatures: 59°C - 61°C - 71°C - 71°C - 61°C - 60°C - 71°C - 72°C | Throttling: None - None - None - None - None - None - None - None
3678 (4044003 Gflops/s) - 3704 (4072591 Gflops/s) - 3576 (3931853 Gflops/s) - 3590 (3947246 Gflops/s) - 3679 (4045103 Gflops/s) - 3689 (4056098 Gflops/s) - 3629 (3990127 Gflops/s) - 3622 (3982431 Gflops/s) | Temperatures: 59°C - 61°C - 71°C - 70°C - 61°C - 60°C - 71°C - 72°C | Throttling: None - None - None - None - None - None - None - None
3678 (4044003 Gflops/s) - 3699 (4067093 Gflops/s) - 3585 (3941749 Gflops/s) - 3591 (3948346 Gflops/s) - 3679 (4045103 Gflops/s) - 3691 (4058297 Gflops/s) - 3629 (3990127 Gflops/s) - 3623 (3983530 Gflops/s) | Temperatures: 59°C - 61°C - 71°C - 71°C - 61°C - 60°C - 71°C - 72°C | Throttling: None - None - None - None - None - None - None - None
3677 (4042904 Gflops/s) - 3699 (4067093 Gflops/s) - 3585 (3941749 Gflops/s) - 3596 (3953843 Gflops/s) - 3681 (4047302 Gflops/s) - 3690 (4057197 Gflops/s) - 3618 (3978033 Gflops/s) - 3623 (3983530 Gflops/s) | Temperatures: 59°C - 61°C - 71°C - 71°C - 61°C - 60°C - 71°C - 72°C | Throttling: None - None - None - None - None - None - None - None
3680 (4046202 Gflops/s) - 3702 (4070392 Gflops/s) - 3581 (3937351 Gflops/s) - 3596 (3953843 Gflops/s) - 3678 (4044003 Gflops/s) - 3691 (4058297 Gflops/s) - 3630 (3991227 Gflops/s) - 3621 (3981331 Gflops/s) | Temperatures: 59°C - 61°C - 71°C - 70°C - 61°C - 60°C - 71°C - 72°C | Throttling: None - None - None - None - None - None - None - None
3680 (4046202 Gflops/s) - 3700 (4068193 Gflops/s) - 3578 (3934052 Gflops/s) - 3593 (3950545 Gflops/s) - 3680 (4046202 Gflops/s) - 3687 (4053899 Gflops/s) - 3629 (3990127 Gflops/s) - 3622 (3982431 Gflops/s) | Temperatures: 59°C - 61°C - 71°C - 71°C - 61°C - 60°C - 71°C - 72°C | Throttling: None - None - None - None - None - None - None - None
3678 (4044003 Gflops/s) - 3698 (4065993 Gflops/s) - 3584 (3940649 Gflops/s) - 3591 (3948346 Gflops/s) - 3679 (4045103 Gflops/s) - 3689 (4056098 Gflops/s) - 3624 (3984630 Gflops/s) - 3623 (3983530 Gflops/s) | Temperatures: 59°C - 61°C - 71°C - 70°C - 61°C - 60°C - 71°C - 72°C | Throttling: None - None - None - None - None - None - None - None
3678 (4044003 Gflops/s) - 3703 (4071491 Gflops/s) - 3581 (3937351 Gflops/s) - 3593 (3950545 Gflops/s) - 3679 (4045103 Gflops/s) - 3690 (4057197 Gflops/s) - 3625 (3985729 Gflops/s) - 3621 (3981331 Gflops/s) | Temperatures: 59°C - 61°C - 71°C - 71°C - 62°C - 60°C - 71°C - 72°C | Throttling: None - None - None - None - None - None - None - None
3678 (4044003 Gflops/s) - 3701 (4069292 Gflops/s) - 3586 (3942848 Gflops/s) - 3590 (3947246 Gflops/s) - 3678 (4044003 Gflops/s) - 3689 (4056098 Gflops/s) - 3627 (3987928 Gflops/s) - 3622 (3982431 Gflops/s) | Temperatures: 59°C - 61°C - 72°C - 70°C - 62°C - 60°C - 71°C - 72°C | Throttling: None - None - None - None - None - None - None - None
3677 (4042904 Gflops/s) - 3699 (4067093 Gflops/s) - 3583 (3939550 Gflops/s) - 3590 (3947246 Gflops/s) - 3677 (4042904 Gflops/s) - 3694 (4061595 Gflops/s) - 3626 (3986829 Gflops/s) - 3622 (3982431 Gflops/s) | Temperatures: 59°C - 61°C - 71°C - 71°C - 62°C - 60°C - 71°C - 72°C | Throttling: None - None - None - None - None - None - None - None
3676 (4041804 Gflops/s) - 3700 (4068193 Gflops/s) - 3583 (3939550 Gflops/s) - 3590 (3947246 Gflops/s) - 3680 (4046202 Gflops/s) - 3691 (4058297 Gflops/s) - 3625 (3985729 Gflops/s) - 3620 (3980232 Gflops/s) | Temperatures: 59°C - 61°C - 71°C - 70°C - 62°C - 60°C - 71°C - 72°C | Throttling: None - None - None - None - None - None - None - None
3679 (4045103 Gflops/s) - 3701 (4069292 Gflops/s) - 3589 (3946147 Gflops/s) - 3595 (3952744 Gflops/s) - 3678 (4044003 Gflops/s) - 3691 (4058297 Gflops/s) - 3624 (3984630 Gflops/s) - 3622 (3982431 Gflops/s) | Temperatures: 59°C - 61°C - 72°C - 71°C - 62°C - 60°C - 71°C - 72°C | Throttling: None - None - None - None - None - None - None - None
3680 (4046202 Gflops/s) - 3703 (4071491 Gflops/s) - 3589 (3946147 Gflops/s) - 3595 (3952744 Gflops/s) - 3678 (4044003 Gflops/s) - 3691 (4058297 Gflops/s) - 3629 (3990127 Gflops/s) - 3622 (3982431 Gflops/s) | Temperatures: 59°C - 61°C - 71°C - 70°C - 61°C - 60°C - 71°C - 72°C | Throttling: None - None - None - None - None - None - None - None
3678 (4044003 Gflops/s) - 3702 (4070392 Gflops/s) - 3583 (3939550 Gflops/s) - 3590 (3947246 Gflops/s) - 3678 (4044003 Gflops/s) - 3693 (4060496 Gflops/s) - 3622 (3982431 Gflops/s) - 3620 (3980232 Gflops/s) | Temperatures: 59°C - 61°C - 71°C - 71°C - 62°C - 60°C - 71°C - 72°C | Throttling: None - None - None - None - None - None - None - None
3679 (4045103 Gflops/s) - 3700 (4068193 Gflops/s) - 3591 (3948346 Gflops/s) - 3592 (3949445 Gflops/s) - 3680 (4046202 Gflops/s) - 3691 (4058297 Gflops/s) - 3628 (3989028 Gflops/s) - 3620 (3980232 Gflops/s) | Temperatures: 59°C - 61°C - 71°C - 71°C - 62°C - 60°C - 71°C - 72°C | Throttling: None - None - None - None - None - None - None - None
3680 (4046202 Gflops/s) - 3700 (4068193 Gflops/s) - 3581 (3937351 Gflops/s) - 3593 (3950545 Gflops/s) - 3678 (4044003 Gflops/s) - 3691 (4058297 Gflops/s) - 3626 (3986829 Gflops/s) - 3623 (3983530 Gflops/s) | Temperatures: 59°C - 61°C - 71°C - 70°C - 61°C - 60°C - 71°C - 72°C | Throttling: None - None - None - None - None - None - None - None
3677 (4042904 Gflops/s) - 3700 (4068193 Gflops/s) - 3579 (3935152 Gflops/s) - 3593 (3950545 Gflops/s) - 3680 (4046202 Gflops/s) - 3690 (4057197 Gflops/s) - 3624 (3984630 Gflops/s) - 3621 (3981331 Gflops/s) | Temperatures: 59°C - 61°C - 71°C - 71°C - 62°C - 60°C - 71°C - 72°C | Throttling: None - None - None - None - None - None - None - None
3678 (4044003 Gflops/s) - 3700 (4068193 Gflops/s) - 3579 (3935152 Gflops/s) - 3596 (3953843 Gflops/s) - 3676 (4041804 Gflops/s) - 3691 (4058297 Gflops/s) - 3626 (3986829 Gflops/s) - 3622 (3982431 Gflops/s) | Temperatures: 59°C - 61°C - 71°C - 71°C - 61°C - 60°C - 71°C - 72°C | Throttling: None - None - None - None - None - None - None - None
3676 (4041804 Gflops/s) - 3702 (4070392 Gflops/s) - 3582 (3938450 Gflops/s) - 3593 (3950545 Gflops/s) - 3681 (4047302 Gflops/s) - 3689 (4056098 Gflops/s) - 3624 (3984630 Gflops/s) - 3619 (3979132 Gflops/s) | Temperatures: 59°C - 61°C - 71°C - 71°C - 62°C - 60°C - 71°C - 72°C | Throttling: None - None - None - None - None - None - None - None
3679 (4045103 Gflops/s) - 3701 (4069292 Gflops/s) - 3586 (3942848 Gflops/s) - 3592 (3949445 Gflops/s) - 3679 (4045103 Gflops/s) - 3691 (4058297 Gflops/s) - 3625 (3985729 Gflops/s) - 3623 (3983530 Gflops/s) | Temperatures: 59°C - 61°C - 71°C - 71°C - 62°C - 60°C - 71°C - 72°C | Throttling: None - None - None - None - None - None - None - None
3677 (4042904 Gflops/s) - 3703 (4071491 Gflops/s) - 3579 (3935152 Gflops/s) - 3596 (3953843 Gflops/s) - 3678 (4044003 Gflops/s) - 3689 (4056098 Gflops/s) - 3630 (3991227 Gflops/s) - 3620 (3980232 Gflops/s) | Temperatures: 59°C - 61°C - 71°C - 71°C - 62°C - 60°C - 71°C - 72°C | Throttling: None - None - None - None - None - None - None - None
3679 (4045103 Gflops/s) - 3700 (4068193 Gflops/s) - 3582 (3938450 Gflops/s) - 3590 (3947246 Gflops/s) - 3680 (4046202 Gflops/s) - 3690 (4057197 Gflops/s) - 3624 (3984630 Gflops/s) - 3623 (3983530 Gflops/s) | Temperatures: 59°C - 61°C - 71°C - 70°C - 62°C - 60°C - 71°C - 72°C | Throttling: None - None - None - None - None - None - None - None
3676 (4041804 Gflops/s) - 3699 (4067093 Gflops/s) - 3584 (3940649 Gflops/s) - 3596 (3953843 Gflops/s) - 3677 (4042904 Gflops/s) - 3693 (4060496 Gflops/s) - 3626 (3986829 Gflops/s) - 3621 (3981331 Gflops/s) | Temperatures: 59°C - 61°C - 71°C - 71°C - 62°C - 60°C - 71°C - 72°C | Throttling: None - None - None - None - None - None - None - None
3677 (4042904 Gflops/s) - 3701 (4069292 Gflops/s) - 3580 (3936251 Gflops/s) - 3593 (3950545 Gflops/s) - 3679 (4045103 Gflops/s) - 3691 (4058297 Gflops/s) - 3622 (3982431 Gflops/s) - 3623 (3983530 Gflops/s) | Temperatures: 59°C - 61°C - 71°C - 71°C - 62°C - 60°C - 71°C - 72°C | Throttling: None - None - None - None - None - None - None - None
3679 (4045103 Gflops/s) - 3702 (4070392 Gflops/s) - 3584 (3940649 Gflops/s) - 3592 (3949445 Gflops/s) - 3679 (4045103 Gflops/s) - 3692 (4059396 Gflops/s) - 3621 (3981331 Gflops/s) - 3621 (3981331 Gflops/s) | Temperatures: 59°C - 61°C - 72°C - 70°C - 61°C - 60°C - 71°C - 72°C | Throttling: None - None - None - None - None - None - None - None
3676 (4041804 Gflops/s) - 3698 (4065993 Gflops/s) - 3581 (3937351 Gflops/s) - 3594 (3951644 Gflops/s) - 3679 (4045103 Gflops/s) - 3690 (4057197 Gflops/s) - 3622 (3982431 Gflops/s) - 3622 (3982431 Gflops/s) | Temperatures: 59°C - 61°C - 71°C - 70°C - 62°C - 60°C - 71°C - 72°C | Throttling: None - None - None - None - None - None - None - None
3676 (4041804 Gflops/s) - 3700 (4068193 Gflops/s) - 3583 (3939550 Gflops/s) - 3596 (3953843 Gflops/s) - 3680 (4046202 Gflops/s) - 3691 (4058297 Gflops/s) - 3628 (3989028 Gflops/s) - 3624 (3984630 Gflops/s) | Temperatures: 59°C - 61°C - 71°C - 71°C - 61°C - 60°C - 71°C - 72°C | Throttling: None - None - None - None - None - None - None - None
3678 (4044003 Gflops/s) - 3700 (4068193 Gflops/s) - 3584 (3940649 Gflops/s) - 3592 (3949445 Gflops/s) - 3678 (4044003 Gflops/s) - 3690 (4057197 Gflops/s) - 3623 (3983530 Gflops/s) - 3621 (3981331 Gflops/s) | Temperatures: 59°C - 61°C - 71°C - 71°C - 62°C - 60°C - 71°C - 72°C | Throttling: None - None - None - None - None - None - None - None
3679 (4045103 Gflops/s) - 3703 (4071491 Gflops/s) - 3582 (3938450 Gflops/s) - 3595 (3952744 Gflops/s) - 3679 (4045103 Gflops/s) - 3690 (4057197 Gflops/s) - 3613 (3972535 Gflops/s) - 3622 (3982431 Gflops/s) | Temperatures: 59°C - 61°C - 71°C - 71°C - 62°C - 60°C - 70°C - 72°C | Throttling: None - None - None - None - None - None - None - None
3679 (4045103 Gflops/s) - 3697 (4064894 Gflops/s) - 3580 (3936251 Gflops/s) - 3598 (3956042 Gflops/s) - 3678 (4044003 Gflops/s) - 3691 (4058297 Gflops/s) - 3622 (3982431 Gflops/s) - 3621 (3981331 Gflops/s) | Temperatures: 59°C - 61°C - 71°C - 71°C - 61°C - 60°C - 70°C - 72°C | Throttling: None - None - None - None - None - None - None - None
3679 (4045103 Gflops/s) - 3703 (4071491 Gflops/s) - 3587 (3943948 Gflops/s) - 3592 (3949445 Gflops/s) - 3680 (4046202 Gflops/s) - 3690 (4057197 Gflops/s) - 3629 (3990127 Gflops/s) - 3620 (3980232 Gflops/s) | Temperatures: 59°C - 61°C - 71°C - 71°C - 61°C - 60°C - 71°C - 72°C | Throttling: None - None - None - None - None - None - None - None
3677 (4042904 Gflops/s) - 3700 (4068193 Gflops/s) - 3578 (3934052 Gflops/s) - 3592 (3949445 Gflops/s) - 3681 (4047302 Gflops/s) - 3689 (4056098 Gflops/s) - 3623 (3983530 Gflops/s) - 3622 (3982431 Gflops/s) | Temperatures: 59°C - 61°C - 71°C - 71°C - 62°C - 60°C - 71°C - 72°C | Throttling: None - None - None - None - None - None - None - None
3678 (4044003 Gflops/s) - 3697 (4064894 Gflops/s) - 3581 (3937351 Gflops/s) - 3590 (3947246 Gflops/s) - 3674 (4039605 Gflops/s) - 3690 (4057197 Gflops/s) - 3622 (3982431 Gflops/s) - 3621 (3981331 Gflops/s) | Temperatures: 59°C - 61°C - 71°C - 71°C - 61°C - 60°C - 71°C - 72°C | Throttling: None - None - None - None - None - None - None - None
3679 (4045103 Gflops/s) - 3700 (4068193 Gflops/s) - 3584 (3940649 Gflops/s) - 3592 (3949445 Gflops/s) - 3680 (4046202 Gflops/s) - 3692 (4059396 Gflops/s) - 3629 (3990127 Gflops/s) - 3622 (3982431 Gflops/s) | Temperatures: 59°C - 61°C - 71°C - 71°C - 61°C - 60°C - 71°C - 72°C | Throttling: None - None - None - None - None - None - None - None
3677 (4042904 Gflops/s) - 3704 (4072591 Gflops/s) - 3581 (3937351 Gflops/s) - 3590 (3947246 Gflops/s) - 3679 (4045103 Gflops/s) - 3691 (4058297 Gflops/s) - 3617 (3976933 Gflops/s) - 3621 (3981331 Gflops/s) | Temperatures: 59°C - 61°C - 71°C - 71°C - 61°C - 60°C - 71°C - 72°C | Throttling: None - None - None - None - None - None - None - None
3677 (4042904 Gflops/s) - 3701 (4069292 Gflops/s) - 3587 (3943948 Gflops/s) - 3595 (3952744 Gflops/s) - 3677 (4042904 Gflops/s) - 3690 (4057197 Gflops/s) - 3625 (3985729 Gflops/s) - 3621 (3981331 Gflops/s) | Temperatures: 59°C - 61°C - 72°C - 71°C - 62°C - 60°C - 70°C - 72°C | Throttling: None - None - None - None - None - None - None - None
3678 (4044003 Gflops/s) - 3699 (4067093 Gflops/s) - 3580 (3936251 Gflops/s) - 3592 (3949445 Gflops/s) - 3677 (4042904 Gflops/s) - 3689 (4056098 Gflops/s) - 3629 (3990127 Gflops/s) - 3620 (3980232 Gflops/s) | Temperatures: 59°C - 61°C - 71°C - 71°C - 61°C - 60°C - 71°C - 72°C | Throttling: None - None - None - None - None - None - None - None
3676 (4041804 Gflops/s) - 3703 (4071491 Gflops/s) - 3584 (3940649 Gflops/s) - 3592 (3949445 Gflops/s) - 3681 (4047302 Gflops/s) - 3689 (4056098 Gflops/s) - 3617 (3976933 Gflops/s) - 3622 (3982431 Gflops/s) | Temperatures: 59°C - 61°C - 71°C - 71°C - 61°C - 60°C - 70°C - 72°C | Throttling: None - None - None - None - None - None - None - None
3679 (4045103 Gflops/s) - 3699 (4067093 Gflops/s) - 3597 (3954943 Gflops/s) - 3592 (3949445 Gflops/s) - 3679 (4045103 Gflops/s) - 3690 (4057197 Gflops/s) - 3631 (3992326 Gflops/s) - 3620 (3980232 Gflops/s) | Temperatures: 59°C - 61°C - 72°C - 71°C - 62°C - 60°C - 71°C - 72°C | Throttling: None - None - None - None - None - None - None - None
3682 (4048401 Gflops/s) - 3705 (4073690 Gflops/s) - 3580 (3936251 Gflops/s) - 3594 (3951644 Gflops/s) - 3682 (4048401 Gflops/s) - 3695 (4062695 Gflops/s) - 3626 (3986829 Gflops/s) - 3626 (3986829 Gflops/s) | Temperatures: 59°C - 61°C - 71°C - 71°C - 61°C - 60°C - 70°C - 72°C | Throttling: None - None - None - None - None - None - None - None
3677 (4042904 Gflops/s) - 3700 (4068193 Gflops/s) - 3582 (3938450 Gflops/s) - 3594 (3951644 Gflops/s) - 3678 (4044003 Gflops/s) - 3689 (4056098 Gflops/s) - 3623 (3983530 Gflops/s) - 3621 (3981331 Gflops/s) | Temperatures: 59°C - 61°C - 71°C - 71°C - 61°C - 60°C - 71°C - 72°C | Throttling: None - None - None - None - None - None - None - None
3677 (4042904 Gflops/s) - 3702 (4070392 Gflops/s) - 3582 (3938450 Gflops/s) - 3592 (3949445 Gflops/s) - 3679 (4045103 Gflops/s) - 3688 (4054998 Gflops/s) - 3629 (3990127 Gflops/s) - 3622 (3982431 Gflops/s) | Temperatures: 59°C - 61°C - 71°C - 71°C - 61°C - 60°C - 71°C - 72°C | Throttling: None - None - None - None - None - None - None - None
3679 (4045103 Gflops/s) - 3701 (4069292 Gflops/s) - 3582 (3938450 Gflops/s) - 3590 (3947246 Gflops/s) - 3681 (4047302 Gflops/s) - 3688 (4054998 Gflops/s) - 3629 (3990127 Gflops/s) - 3625 (3985729 Gflops/s) | Temperatures: 59°C - 61°C - 71°C - 71°C - 62°C - 60°C - 71°C - 72°C | Throttling: None - None - None - None - None - None - None - None
3679 (4045103 Gflops/s) - 3701 (4069292 Gflops/s) - 3585 (3941749 Gflops/s) - 3592 (3949445 Gflops/s) - 3678 (4044003 Gflops/s) - 3691 (4058297 Gflops/s) - 3621 (3981331 Gflops/s) - 3621 (3981331 Gflops/s) | Temperatures: 59°C - 61°C - 71°C - 71°C - 61°C - 60°C - 71°C - 72°C | Throttling: None - None - None - None - None - None - None - None
3679 (4045103 Gflops/s) - 3703 (4071491 Gflops/s) - 3578 (3934052 Gflops/s) - 3593 (3950545 Gflops/s) - 3681 (4047302 Gflops/s) - 3690 (4057197 Gflops/s) - 3627 (3987928 Gflops/s) - 3623 (3983530 Gflops/s) | Temperatures: 59°C - 61°C - 71°C - 71°C - 62°C - 60°C - 71°C - 72°C | Throttling: None - None - None - None - None - None - None - None
3678 (4044003 Gflops/s) - 3704 (4072591 Gflops/s) - 3579 (3935152 Gflops/s) - 3592 (3949445 Gflops/s) - 3677 (4042904 Gflops/s) - 3690 (4057197 Gflops/s) - 3619 (3979132 Gflops/s) - 3623 (3983530 Gflops/s) | Temperatures: 59°C - 61°C - 71°C - 71°C - 61°C - 60°C - 71°C - 72°C | Throttling: None - None - None - None - None - None - None - None
3678 (4044003 Gflops/s) - 3702 (4070392 Gflops/s) - 3583 (3939550 Gflops/s) - 3594 (3951644 Gflops/s) - 3680 (4046202 Gflops/s) - 3690 (4057197 Gflops/s) - 3626 (3986829 Gflops/s) - 3621 (3981331 Gflops/s) | Temperatures: 59°C - 61°C - 71°C - 71°C - 61°C - 60°C - 71°C - 72°C | Throttling: None - None - None - None - None - None - None - None
3677 (4042904 Gflops/s) - 3701 (4069292 Gflops/s) - 3581 (3937351 Gflops/s) - 3590 (3947246 Gflops/s) - 3679 (4045103 Gflops/s) - 3689 (4056098 Gflops/s) - 3624 (3984630 Gflops/s) - 3622 (3982431 Gflops/s) | Temperatures: 59°C - 61°C - 71°C - 71°C - 62°C - 60°C - 71°C - 72°C | Throttling: None - None - None - None - None - None - None - None
3678 (4044003 Gflops/s) - 3699 (4067093 Gflops/s) - 3579 (3935152 Gflops/s) - 3591 (3948346 Gflops/s) - 3678 (4044003 Gflops/s) - 3692 (4059396 Gflops/s) - 3617 (3976933 Gflops/s) - 3625 (3985729 Gflops/s) | Temperatures: 59°C - 61°C - 71°C - 71°C - 61°C - 60°C - 71°C - 72°C | Throttling: None - None - None - None - None - None - None - None
3677 (4042904 Gflops/s) - 3702 (4070392 Gflops/s) - 3580 (3936251 Gflops/s) - 3590 (3947246 Gflops/s) - 3677 (4042904 Gflops/s) - 3689 (4056098 Gflops/s) - 3632 (3993426 Gflops/s) - 3621 (3981331 Gflops/s) | Temperatures: 59°C - 61°C - 71°C - 71°C - 61°C - 60°C - 71°C - 72°C | Throttling: None - None - None - None - None - None - None - None
3679 (4045103 Gflops/s) - 3702 (4070392 Gflops/s) - 3588 (3945047 Gflops/s) - 3593 (3950545 Gflops/s) - 3679 (4045103 Gflops/s) - 3693 (4060496 Gflops/s) - 3623 (3983530 Gflops/s) - 3620 (3980232 Gflops/s) | Temperatures: 59°C - 61°C - 71°C - 71°C - 61°C - 60°C - 71°C - 72°C | Throttling: None - None - None - None - None - None - None - None
3676 (4041804 Gflops/s) - 3702 (4070392 Gflops/s) - 3587 (3943948 Gflops/s) - 3595 (3952744 Gflops/s) - 3681 (4047302 Gflops/s) - 3695 (4062695 Gflops/s) - 3630 (3991227 Gflops/s) - 3622 (3982431 Gflops/s) | Temperatures: 59°C - 61°C - 71°C - 71°C - 61°C - 60°C - 71°C - 72°C | Throttling: None - None - None - None - None - None - None - None
3679 (4045103 Gflops/s) - 3703 (4071491 Gflops/s) - 3581 (3937351 Gflops/s) - 3594 (3951644 Gflops/s) - 3680 (4046202 Gflops/s) - 3692 (4059396 Gflops/s) - 3620 (3980232 Gflops/s) - 3623 (3983530 Gflops/s) | Temperatures: 59°C - 61°C - 71°C - 71°C - 61°C - 60°C - 71°C - 72°C | Throttling: None - None - None - None - None - None - None - None
3676 (4041804 Gflops/s) - 3700 (4068193 Gflops/s) - 3583 (3939550 Gflops/s) - 3594 (3951644 Gflops/s) - 3678 (4044003 Gflops/s) - 3690 (4057197 Gflops/s) - 3627 (3987928 Gflops/s) - 3620 (3980232 Gflops/s) | Temperatures: 59°C - 61°C - 71°C - 71°C - 61°C - 60°C - 71°C - 72°C | Throttling: None - None - None - None - None - None - None - None
3677 (4042904 Gflops/s) - 3703 (4071491 Gflops/s) - 3582 (3938450 Gflops/s) - 3594 (3951644 Gflops/s) - 3677 (4042904 Gflops/s) - 3689 (4056098 Gflops/s) - 3621 (3981331 Gflops/s) - 3622 (3982431 Gflops/s) | Temperatures: 59°C - 61°C - 71°C - 70°C - 61°C - 60°C - 71°C - 72°C | Throttling: None - None - None - None - None - None - None - None
3678 (4044003 Gflops/s) - 3699 (4067093 Gflops/s) - 3586 (3942848 Gflops/s) - 3592 (3949445 Gflops/s) - 3680 (4046202 Gflops/s) - 3691 (4058297 Gflops/s) - 3623 (3983530 Gflops/s) - 3623 (3983530 Gflops/s) | Temperatures: 59°C - 61°C - 71°C - 71°C - 61°C - 60°C - 71°C - 72°C | Throttling: None - None - None - None - None - None - None - None
3680 (4046202 Gflops/s) - 3702 (4070392 Gflops/s) - 3587 (3943948 Gflops/s) - 3590 (3947246 Gflops/s) - 3679 (4045103 Gflops/s) - 3689 (4056098 Gflops/s) - 3628 (3989028 Gflops/s) - 3622 (3982431 Gflops/s) | Temperatures: 59°C - 61°C - 71°C - 71°C - 62°C - 60°C - 71°C - 72°C | Throttling: None - None - None - None - None - None - None - None
3677 (4042904 Gflops/s) - 3703 (4071491 Gflops/s) - 3582 (3938450 Gflops/s) - 3591 (3948346 Gflops/s) - 3678 (4044003 Gflops/s) - 3692 (4059396 Gflops/s) - 3619 (3979132 Gflops/s) - 3622 (3982431 Gflops/s) | Temperatures: 59°C - 61°C - 71°C - 71°C - 61°C - 60°C - 70°C - 72°C | Throttling: None - None - None - None - None - None - None - None
3678 (4044003 Gflops/s) - 3701 (4069292 Gflops/s) - 3585 (3941749 Gflops/s) - 3592 (3949445 Gflops/s) - 3680 (4046202 Gflops/s) - 3691 (4058297 Gflops/s) - 3624 (3984630 Gflops/s) - 3622 (3982431 Gflops/s) | Temperatures: 59°C - 61°C - 71°C - 71°C - 61°C - 60°C - 71°C - 72°C | Throttling: None - None - None - None - None - None - None - None
3678 (4044003 Gflops/s) - 3702 (4070392 Gflops/s) - 3581 (3937351 Gflops/s) - 3598 (3956042 Gflops/s) - 3679 (4045103 Gflops/s) - 3689 (4056098 Gflops/s) - 3633 (3994525 Gflops/s) - 3621 (3981331 Gflops/s) | Temperatures: 59°C - 61°C - 71°C - 71°C - 62°C - 60°C - 71°C - 72°C | Throttling: None - None - None - None - None - None - None - None
3678 (4044003 Gflops/s) - 3704 (4072591 Gflops/s) - 3578 (3934052 Gflops/s) - 3595 (3952744 Gflops/s) - 3681 (4047302 Gflops/s) - 3690 (4057197 Gflops/s) - 3622 (3982431 Gflops/s) - 3624 (3984630 Gflops/s) | Temperatures: 59°C - 61°C - 71°C - 70°C - 61°C - 60°C - 70°C - 72°C | Throttling: None - None - None - None - None - None - None - None
3675 (4040705 Gflops/s) - 3701 (4069292 Gflops/s) - 3576 (3931853 Gflops/s) - 3587 (3943948 Gflops/s) - 3672 (4037406 Gflops/s) - 3685 (4051700 Gflops/s) - 3627 (3987928 Gflops/s) - 3620 (3980232 Gflops/s) | Temperatures: 59°C - 61°C - 71°C - 71°C - 61°C - 60°C - 71°C - 72°C | Throttling: None - None - None - None - None - None - None - None
3676 (4041804 Gflops/s) - 3701 (4069292 Gflops/s) - 3580 (3936251 Gflops/s) - 3595 (3952744 Gflops/s) - 3681 (4047302 Gflops/s) - 3691 (4058297 Gflops/s) - 3622 (3982431 Gflops/s) - 3624 (3984630 Gflops/s) | Temperatures: 59°C - 61°C - 71°C - 71°C - 62°C - 60°C - 71°C - 72°C | Throttling: None - None - None - None - None - None - None - None
3677 (4042904 Gflops/s) - 3704 (4072591 Gflops/s) - 3583 (3939550 Gflops/s) - 3591 (3948346 Gflops/s) - 3678 (4044003 Gflops/s) - 3688 (4054998 Gflops/s) - 3630 (3991227 Gflops/s) - 3623 (3983530 Gflops/s) | Temperatures: 59°C - 61°C - 71°C - 71°C - 61°C - 60°C - 71°C - 72°C | Throttling: None - None - None - None - None - None - None - None
2329 (2560762 Gflops/s) - 2203 (2422224 Gflops/s) - 3061 (3365605 Gflops/s) - 2895 (3183086 Gflops/s) - 3203 (3521735 Gflops/s) - 2618 (2878521 Gflops/s) - 2203 (2422224 Gflops/s) - 2444 (2687206 Gflops/s) | Temperatures: 52°C - 53°C - 71°C - 71°C - 61°C - 56°C - 63°C - 67°C | Throttling: None - None - None - None - None - None - None - None
GPU #0: 4039193 Gflops/s (min: 2560762.58, max: 4065994.00, dev: 4039192.93)
         Temperature: 59.02°C (min: 52.00, max: 60.00)
         Throttling HW: false, Thermal SW: false, Thermal HW: false
GPU #1: 4064786 Gflops/s (min: 2422224.12, max: 4093481.79, dev: 4064785.66)
         Temperature: 60.97°C (min: 53.00, max: 62.00)
         Throttling HW: false, Thermal SW: false, Thermal HW: false
GPU #2: 3938499 Gflops/s (min: 3365605.09, max: 3963739.42, dev: 3938499.43)
         Temperature: 71.19°C (min: 68.00, max: 73.00)
         Throttling HW: false, Thermal SW: false, Thermal HW: false
GPU #3: 3948181 Gflops/s (min: 3183086.16, max: 3994525.74, dev: 3948181.14)
         Temperature: 70.75°C (min: 67.00, max: 72.00)
         Throttling HW: false, Thermal SW: false, Thermal HW: false
GPU #4: 4043370 Gflops/s (min: 3521735.74, max: 4062695.46, dev: 4043369.58)
         Temperature: 61.42°C (min: 58.00, max: 62.00)
         Throttling HW: false, Thermal SW: false, Thermal HW: false
GPU #5: 4054166 Gflops/s (min: 2878521.44, max: 4084685.70, dev: 4054165.81)
         Temperature: 59.97°C (min: 56.00, max: 61.00)
         Throttling HW: false, Thermal SW: false, Thermal HW: false
GPU #6: 3980330 Gflops/s (min: 2422224.12, max: 4007719.88, dev: 3980329.66)
         Temperature: 70.77°C (min: 63.00, max: 72.00)
         Throttling HW: false, Thermal SW: false, Thermal HW: false
GPU #7: 3978033 Gflops/s (min: 2687206.42, max: 4020914.02, dev: 3978033.07)
         Temperature: 72.10°C (min: 67.00, max: 73.00)
         Throttling HW: false, Thermal SW: false, Thermal HW: false
All GPUs seem healthy
Freeing GPUs...
