Node = node5500
GPU 0: NVIDIA B200 (UUID: GPU-0bff2786-b3c0-5096-d079-a1d1a18d9242)
GPU 1: NVIDIA B200 (UUID: GPU-7366e12d-b28d-c661-7298-57fa6d7bdd55)
GPU 2: NVIDIA B200 (UUID: GPU-1d4de0be-e6ca-421b-5b11-c1986b458ec0)
GPU 3: NVIDIA B200 (UUID: GPU-eff39cfc-7f3c-bd63-f37f-55c4f484715e)
GPU 4: NVIDIA B200 (UUID: GPU-238d8576-14ce-448f-fd15-0a86d68e5835)
GPU 5: NVIDIA B200 (UUID: GPU-6e5022e8-1a13-d229-fdf6-96764e256daf)
GPU 6: NVIDIA B200 (UUID: GPU-dafc5719-7d75-f4aa-29b6-8c443fb54ca2)
GPU 7: NVIDIA B200 (UUID: GPU-c69ba1ce-d1a1-5d20-3d5e-9f88b8ddad99)
======== Run with fp32 ==========
Detected GPU #0: "NVIDIA B200" (0bff2786-b3c0-5096-d079-a1d1a18d9242)
Detected GPU #1: "NVIDIA B200" (7366e12d-b28d-c661-7298-57fa6d7bdd55)
Detected GPU #2: "NVIDIA B200" (1d4de0be-e6ca-421b-5b11-c1986b458ec0)
Detected GPU #3: "NVIDIA B200" (eff39cfc-7f3c-bd63-f37f-55c4f484715e)
Detected GPU #4: "NVIDIA B200" (238d8576-14ce-448f-fd15-0a86d68e5835)
Detected GPU #5: "NVIDIA B200" (6e5022e8-1a13-d229-fdf6-96764e256daf)
Detected GPU #6: "NVIDIA B200" (dafc5719-7d75-f4aa-29b6-8c443fb54ca2)
Detected GPU #7: "NVIDIA B200" (c69ba1ce-d1a1-5d20-3d5e-9f88b8ddad99)
Using precision(s): FP32  
Creating random matrices
Matrices created
GPU #0: Using 163805 MB
GPU #1: Using 163805 MB
GPU #2: Using 163805 MB
GPU #3: Using 163805 MB
GPU #4: Using 163805 MB
GPU #5: Using 163805 MB
GPU #6: Using 163805 MB
GPU #7: Using 163805 MB
1030 (1132496 Gflops/s) - 1034 (1136895 Gflops/s) - 1030 (1132496 Gflops/s) - 1031 (1133596 Gflops/s) - 1033 (1135795 Gflops/s) - 1031 (1133596 Gflops/s) - 1031 (1133596 Gflops/s) - 1028 (1130297 Gflops/s) | Temperatures: 44°C - 46°C - 51°C - 49°C - 46°C - 45°C - 49°C - 50°C | Throttling: None - None - None - None - None - None - None - None
712 (782852 Gflops/s) - 726 (798245 Gflops/s) - 716 (787250 Gflops/s) - 715 (786150 Gflops/s) - 724 (796046 Gflops/s) - 716 (787250 Gflops/s) - 720 (791648 Gflops/s) - 715 (786150 Gflops/s) | Temperatures: 48°C - 49°C - 53°C - 52°C - 49°C - 48°C - 52°C - 53°C | Throttling: None - None - None - None - None - None - None - None
716 (787250 Gflops/s) - 729 (801543 Gflops/s) - 716 (787250 Gflops/s) - 717 (788349 Gflops/s) - 726 (798245 Gflops/s) - 721 (792747 Gflops/s) - 720 (791648 Gflops/s) - 716 (787250 Gflops/s) | Temperatures: 49°C - 51°C - 54°C - 53°C - 50°C - 49°C - 53°C - 54°C | Throttling: None - None - None - None - None - None - None - None
715 (786150 Gflops/s) - 725 (797145 Gflops/s) - 716 (787250 Gflops/s) - 716 (787250 Gflops/s) - 726 (798245 Gflops/s) - 719 (790548 Gflops/s) - 720 (791648 Gflops/s) - 718 (789449 Gflops/s) | Temperatures: 50°C - 51°C - 55°C - 54°C - 51°C - 50°C - 54°C - 55°C | Throttling: None - None - None - None - None - None - None - None
715 (786150 Gflops/s) - 725 (797145 Gflops/s) - 716 (787250 Gflops/s) - 715 (786150 Gflops/s) - 724 (796046 Gflops/s) - 717 (788349 Gflops/s) - 720 (791648 Gflops/s) - 720 (791648 Gflops/s) | Temperatures: 50°C - 52°C - 56°C - 54°C - 52°C - 51°C - 55°C - 56°C | Throttling: None - None - None - None - None - None - None - None
714 (785051 Gflops/s) - 724 (796046 Gflops/s) - 719 (790548 Gflops/s) - 713 (783951 Gflops/s) - 724 (796046 Gflops/s) - 718 (789449 Gflops/s) - 723 (794946 Gflops/s) - 720 (791648 Gflops/s) | Temperatures: 51°C - 52°C - 56°C - 55°C - 52°C - 51°C - 55°C - 56°C | Throttling: None - None - None - None - None - None - None - None
689 (757563 Gflops/s) - 698 (767459 Gflops/s) - 694 (763061 Gflops/s) - 689 (757563 Gflops/s) - 698 (767459 Gflops/s) - 690 (758663 Gflops/s) - 700 (769658 Gflops/s) - 695 (764160 Gflops/s) | Temperatures: 51°C - 53°C - 57°C - 55°C - 53°C - 52°C - 56°C - 57°C | Throttling: None - None - None - None - None - None - None - None
671 (737772 Gflops/s) - 681 (748767 Gflops/s) - 676 (743269 Gflops/s) - 674 (741070 Gflops/s) - 681 (748767 Gflops/s) - 672 (738871 Gflops/s) - 671 (737772 Gflops/s) - 677 (744369 Gflops/s) | Temperatures: 52°C - 53°C - 57°C - 56°C - 53°C - 52°C - 56°C - 57°C | Throttling: None - None - None - None - None - None - None - None
654 (719080 Gflops/s) - 662 (727876 Gflops/s) - 659 (724578 Gflops/s) - 655 (720180 Gflops/s) - 662 (727876 Gflops/s) - 651 (715782 Gflops/s) - 659 (724578 Gflops/s) - 660 (725677 Gflops/s) | Temperatures: 52°C - 54°C - 58°C - 56°C - 54°C - 53°C - 57°C - 58°C | Throttling: None - None - None - None - None - None - None - None
661 (726777 Gflops/s) - 671 (737772 Gflops/s) - 666 (732274 Gflops/s) - 663 (728976 Gflops/s) - 669 (735573 Gflops/s) - 660 (725677 Gflops/s) - 666 (732274 Gflops/s) - 667 (733374 Gflops/s) | Temperatures: 53°C - 54°C - 58°C - 57°C - 54°C - 53°C - 57°C - 58°C | Throttling: None - None - None - None - None - None - None - None
662 (727876 Gflops/s) - 672 (738871 Gflops/s) - 666 (732274 Gflops/s) - 664 (730075 Gflops/s) - 672 (738871 Gflops/s) - 661 (726777 Gflops/s) - 667 (733374 Gflops/s) - 667 (733374 Gflops/s) | Temperatures: 53°C - 54°C - 59°C - 57°C - 54°C - 53°C - 58°C - 58°C | Throttling: None - None - None - None - None - None - None - None
663 (728976 Gflops/s) - 672 (738871 Gflops/s) - 666 (732274 Gflops/s) - 664 (730075 Gflops/s) - 670 (736672 Gflops/s) - 660 (725677 Gflops/s) - 666 (732274 Gflops/s) - 666 (732274 Gflops/s) | Temperatures: 53°C - 55°C - 59°C - 58°C - 55°C - 54°C - 58°C - 59°C | Throttling: None - None - None - None - None - None - None - None
662 (727876 Gflops/s) - 673 (739971 Gflops/s) - 666 (732274 Gflops/s) - 663 (728976 Gflops/s) - 670 (736672 Gflops/s) - 661 (726777 Gflops/s) - 667 (733374 Gflops/s) - 668 (734473 Gflops/s) | Temperatures: 54°C - 55°C - 59°C - 58°C - 55°C - 54°C - 58°C - 59°C | Throttling: None - None - None - None - None - None - None - None
661 (726777 Gflops/s) - 672 (738871 Gflops/s) - 664 (730075 Gflops/s) - 662 (727876 Gflops/s) - 669 (735573 Gflops/s) - 658 (723478 Gflops/s) - 665 (731175 Gflops/s) - 663 (728976 Gflops/s) | Temperatures: 54°C - 55°C - 60°C - 58°C - 55°C - 54°C - 59°C - 60°C | Throttling: None - None - None - None - None - None - None - None
660 (725677 Gflops/s) - 673 (739971 Gflops/s) - 664 (730075 Gflops/s) - 662 (727876 Gflops/s) - 668 (734473 Gflops/s) - 660 (725677 Gflops/s) - 673 (739971 Gflops/s) - 665 (731175 Gflops/s) | Temperatures: 54°C - 55°C - 60°C - 59°C - 56°C - 54°C - 59°C - 60°C | Throttling: None - None - None - None - None - None - None - None
669 (735573 Gflops/s) - 693 (761961 Gflops/s) - 674 (741070 Gflops/s) - 671 (737772 Gflops/s) - 678 (745468 Gflops/s) - 674 (741070 Gflops/s) - 663 (728976 Gflops/s) - 674 (741070 Gflops/s) | Temperatures: 54°C - 56°C - 60°C - 59°C - 56°C - 55°C - 59°C - 60°C | Throttling: None - None - None - None - None - None - None - None
649 (713583 Gflops/s) - 651 (715782 Gflops/s) - 653 (717981 Gflops/s) - 654 (719080 Gflops/s) - 657 (722379 Gflops/s) - 656 (721279 Gflops/s) - 655 (720180 Gflops/s) - 654 (719080 Gflops/s) | Temperatures: 54°C - 56°C - 61°C - 60°C - 56°C - 55°C - 59°C - 61°C | Throttling: None - None - None - None - None - None - None - None
655 (720180 Gflops/s) - 672 (738871 Gflops/s) - 663 (728976 Gflops/s) - 661 (726777 Gflops/s) - 672 (738871 Gflops/s) - 663 (728976 Gflops/s) - 662 (727876 Gflops/s) - 663 (728976 Gflops/s) | Temperatures: 55°C - 56°C - 61°C - 60°C - 56°C - 55°C - 60°C - 61°C | Throttling: None - None - None - None - None - None - None - None
655 (720180 Gflops/s) - 672 (738871 Gflops/s) - 663 (728976 Gflops/s) - 661 (726777 Gflops/s) - 674 (741070 Gflops/s) - 665 (731175 Gflops/s) - 663 (728976 Gflops/s) - 662 (727876 Gflops/s) | Temperatures: 55°C - 56°C - 61°C - 60°C - 56°C - 56°C - 61°C - 61°C | Throttling: None - None - None - None - None - None - None - None
662 (727876 Gflops/s) - 672 (738871 Gflops/s) - 662 (727876 Gflops/s) - 662 (727876 Gflops/s) - 674 (741070 Gflops/s) - 664 (730075 Gflops/s) - 663 (728976 Gflops/s) - 663 (728976 Gflops/s) | Temperatures: 55°C - 57°C - 62°C - 60°C - 57°C - 56°C - 61°C - 61°C | Throttling: None - None - None - None - None - None - None - None
664 (730075 Gflops/s) - 675 (742170 Gflops/s) - 665 (731175 Gflops/s) - 664 (730075 Gflops/s) - 678 (745468 Gflops/s) - 667 (733374 Gflops/s) - 665 (731175 Gflops/s) - 665 (731175 Gflops/s) | Temperatures: 55°C - 57°C - 62°C - 61°C - 57°C - 56°C - 61°C - 62°C | Throttling: None - None - None - None - None - None - None - None
657 (722379 Gflops/s) - 669 (735573 Gflops/s) - 658 (723478 Gflops/s) - 664 (730075 Gflops/s) - 669 (735573 Gflops/s) - 661 (726777 Gflops/s) - 658 (723478 Gflops/s) - 657 (722379 Gflops/s) | Temperatures: 56°C - 57°C - 62°C - 61°C - 57°C - 56°C - 61°C - 62°C | Throttling: None - None - None - None - None - None - None - None
660 (725677 Gflops/s) - 671 (737772 Gflops/s) - 660 (725677 Gflops/s) - 652 (716881 Gflops/s) - 673 (739971 Gflops/s) - 666 (732274 Gflops/s) - 660 (725677 Gflops/s) - 661 (726777 Gflops/s) | Temperatures: 56°C - 57°C - 63°C - 61°C - 57°C - 56°C - 62°C - 63°C | Throttling: None - None - None - None - None - None - None - None
668 (734473 Gflops/s) - 680 (747667 Gflops/s) - 669 (735573 Gflops/s) - 669 (735573 Gflops/s) - 682 (749866 Gflops/s) - 676 (743269 Gflops/s) - 669 (735573 Gflops/s) - 669 (735573 Gflops/s) | Temperatures: 56°C - 57°C - 63°C - 62°C - 58°C - 57°C - 62°C - 63°C | Throttling: None - None - None - None - None - None - None - None
650 (714682 Gflops/s) - 661 (726777 Gflops/s) - 650 (714682 Gflops/s) - 650 (714682 Gflops/s) - 664 (730075 Gflops/s) - 656 (721279 Gflops/s) - 651 (715782 Gflops/s) - 650 (714682 Gflops/s) | Temperatures: 56°C - 58°C - 63°C - 62°C - 58°C - 57°C - 62°C - 63°C | Throttling: None - None - None - None - None - None - None - None
660 (725677 Gflops/s) - 670 (736672 Gflops/s) - 660 (725677 Gflops/s) - 659 (724578 Gflops/s) - 672 (738871 Gflops/s) - 666 (732274 Gflops/s) - 658 (723478 Gflops/s) - 659 (724578 Gflops/s) | Temperatures: 56°C - 58°C - 64°C - 62°C - 58°C - 57°C - 63°C - 63°C | Throttling: None - None - None - None - None - None - None - None
658 (723478 Gflops/s) - 671 (737772 Gflops/s) - 659 (724578 Gflops/s) - 659 (724578 Gflops/s) - 673 (739971 Gflops/s) - 666 (732274 Gflops/s) - 661 (726777 Gflops/s) - 660 (725677 Gflops/s) | Temperatures: 56°C - 58°C - 64°C - 62°C - 58°C - 57°C - 63°C - 64°C | Throttling: None - None - None - None - None - None - None - None
660 (725677 Gflops/s) - 670 (736672 Gflops/s) - 660 (725677 Gflops/s) - 660 (725677 Gflops/s) - 672 (738871 Gflops/s) - 666 (732274 Gflops/s) - 659 (724578 Gflops/s) - 659 (724578 Gflops/s) | Temperatures: 56°C - 58°C - 64°C - 63°C - 58°C - 57°C - 63°C - 64°C | Throttling: None - None - None - None - None - None - None - None
661 (726777 Gflops/s) - 673 (739971 Gflops/s) - 664 (730075 Gflops/s) - 662 (727876 Gflops/s) - 676 (743269 Gflops/s) - 668 (734473 Gflops/s) - 662 (727876 Gflops/s) - 662 (727876 Gflops/s) | Temperatures: 57°C - 58°C - 64°C - 63°C - 59°C - 57°C - 63°C - 64°C | Throttling: None - None - None - None - None - None - None - None
656 (721279 Gflops/s) - 667 (733374 Gflops/s) - 656 (721279 Gflops/s) - 655 (720180 Gflops/s) - 668 (734473 Gflops/s) - 665 (731175 Gflops/s) - 657 (722379 Gflops/s) - 671 (737772 Gflops/s) | Temperatures: 57°C - 58°C - 65°C - 63°C - 59°C - 58°C - 63°C - 64°C | Throttling: None - None - None - None - None - None - None - None
658 (723478 Gflops/s) - 668 (734473 Gflops/s) - 659 (724578 Gflops/s) - 658 (723478 Gflops/s) - 672 (738871 Gflops/s) - 662 (727876 Gflops/s) - 655 (720180 Gflops/s) - 641 (704786 Gflops/s) | Temperatures: 57°C - 59°C - 65°C - 63°C - 59°C - 58°C - 64°C - 65°C | Throttling: None - None - None - None - None - None - None - None
667 (733374 Gflops/s) - 679 (746568 Gflops/s) - 669 (735573 Gflops/s) - 666 (732274 Gflops/s) - 681 (748767 Gflops/s) - 674 (741070 Gflops/s) - 667 (733374 Gflops/s) - 670 (736672 Gflops/s) | Temperatures: 57°C - 59°C - 65°C - 64°C - 59°C - 58°C - 64°C - 65°C | Throttling: None - None - None - None - None - None - None - None
649 (713583 Gflops/s) - 659 (724578 Gflops/s) - 650 (714682 Gflops/s) - 649 (713583 Gflops/s) - 662 (727876 Gflops/s) - 655 (720180 Gflops/s) - 651 (715782 Gflops/s) - 654 (719080 Gflops/s) | Temperatures: 57°C - 59°C - 65°C - 64°C - 59°C - 58°C - 64°C - 65°C | Throttling: None - None - None - None - None - None - None - None
657 (722379 Gflops/s) - 669 (735573 Gflops/s) - 658 (723478 Gflops/s) - 655 (720180 Gflops/s) - 669 (735573 Gflops/s) - 664 (730075 Gflops/s) - 660 (725677 Gflops/s) - 662 (727876 Gflops/s) | Temperatures: 57°C - 59°C - 66°C - 64°C - 59°C - 58°C - 65°C - 65°C | Throttling: None - None - None - None - None - None - None - None
656 (721279 Gflops/s) - 670 (736672 Gflops/s) - 659 (724578 Gflops/s) - 657 (722379 Gflops/s) - 672 (738871 Gflops/s) - 664 (730075 Gflops/s) - 660 (725677 Gflops/s) - 661 (726777 Gflops/s) | Temperatures: 57°C - 59°C - 66°C - 65°C - 59°C - 58°C - 65°C - 65°C | Throttling: None - None - None - None - None - None - None - None
657 (722379 Gflops/s) - 669 (735573 Gflops/s) - 659 (724578 Gflops/s) - 657 (722379 Gflops/s) - 670 (736672 Gflops/s) - 665 (731175 Gflops/s) - 661 (726777 Gflops/s) - 662 (727876 Gflops/s) | Temperatures: 57°C - 59°C - 66°C - 65°C - 59°C - 58°C - 65°C - 66°C | Throttling: None - None - None - None - None - None - None - None
660 (725677 Gflops/s) - 672 (738871 Gflops/s) - 662 (727876 Gflops/s) - 660 (725677 Gflops/s) - 674 (741070 Gflops/s) - 667 (733374 Gflops/s) - 664 (730075 Gflops/s) - 665 (731175 Gflops/s) | Temperatures: 58°C - 59°C - 66°C - 65°C - 60°C - 58°C - 65°C - 66°C | Throttling: None - None - None - None - None - None - None - None
653 (717981 Gflops/s) - 666 (732274 Gflops/s) - 655 (720180 Gflops/s) - 653 (717981 Gflops/s) - 668 (734473 Gflops/s) - 661 (726777 Gflops/s) - 656 (721279 Gflops/s) - 657 (722379 Gflops/s) | Temperatures: 58°C - 59°C - 66°C - 65°C - 60°C - 58°C - 65°C - 66°C | Throttling: None - None - None - None - None - None - None - None
656 (721279 Gflops/s) - 668 (734473 Gflops/s) - 658 (723478 Gflops/s) - 659 (724578 Gflops/s) - 670 (736672 Gflops/s) - 664 (730075 Gflops/s) - 660 (725677 Gflops/s) - 661 (726777 Gflops/s) | Temperatures: 58°C - 59°C - 67°C - 65°C - 60°C - 58°C - 66°C - 67°C | Throttling: None - None - None - None - None - None - None - None
665 (731175 Gflops/s) - 677 (744369 Gflops/s) - 666 (732274 Gflops/s) - 666 (732274 Gflops/s) - 679 (746568 Gflops/s) - 672 (738871 Gflops/s) - 669 (735573 Gflops/s) - 669 (735573 Gflops/s) | Temperatures: 58°C - 60°C - 67°C - 65°C - 60°C - 59°C - 66°C - 67°C | Throttling: None - None - None - None - None - None - None - None
647 (711384 Gflops/s) - 660 (725677 Gflops/s) - 649 (713583 Gflops/s) - 651 (715782 Gflops/s) - 660 (725677 Gflops/s) - 654 (719080 Gflops/s) - 653 (717981 Gflops/s) - 653 (717981 Gflops/s) | Temperatures: 58°C - 60°C - 67°C - 66°C - 60°C - 59°C - 66°C - 67°C | Throttling: None - None - None - None - None - None - None - None
655 (720180 Gflops/s) - 668 (734473 Gflops/s) - 657 (722379 Gflops/s) - 658 (723478 Gflops/s) - 669 (735573 Gflops/s) - 662 (727876 Gflops/s) - 660 (725677 Gflops/s) - 659 (724578 Gflops/s) | Temperatures: 58°C - 60°C - 67°C - 66°C - 60°C - 59°C - 66°C - 67°C | Throttling: None - None - None - None - None - None - None - None
656 (721279 Gflops/s) - 668 (734473 Gflops/s) - 658 (723478 Gflops/s) - 659 (724578 Gflops/s) - 671 (737772 Gflops/s) - 663 (728976 Gflops/s) - 662 (727876 Gflops/s) - 660 (725677 Gflops/s) | Temperatures: 58°C - 60°C - 67°C - 66°C - 60°C - 59°C - 66°C - 67°C | Throttling: None - None - None - None - None - None - None - None
656 (721279 Gflops/s) - 669 (735573 Gflops/s) - 657 (722379 Gflops/s) - 664 (730075 Gflops/s) - 670 (736672 Gflops/s) - 663 (728976 Gflops/s) - 661 (726777 Gflops/s) - 659 (724578 Gflops/s) | Temperatures: 58°C - 60°C - 68°C - 66°C - 60°C - 59°C - 66°C - 67°C | Throttling: None - None - None - None - None - None - None - None
657 (722379 Gflops/s) - 668 (734473 Gflops/s) - 656 (721279 Gflops/s) - 653 (717981 Gflops/s) - 670 (736672 Gflops/s) - 663 (728976 Gflops/s) - 667 (733374 Gflops/s) - 673 (739971 Gflops/s) | Temperatures: 58°C - 60°C - 68°C - 66°C - 60°C - 59°C - 67°C - 68°C | Throttling: None - None - None - None - None - None - None - None
658 (723478 Gflops/s) - 670 (736672 Gflops/s) - 658 (723478 Gflops/s) - 658 (723478 Gflops/s) - 670 (736672 Gflops/s) - 662 (727876 Gflops/s) - 654 (719080 Gflops/s) - 646 (710284 Gflops/s) | Temperatures: 58°C - 60°C - 68°C - 66°C - 60°C - 59°C - 67°C - 68°C | Throttling: None - None - None - None - None - None - None - None
655 (720180 Gflops/s) - 668 (734473 Gflops/s) - 656 (721279 Gflops/s) - 659 (724578 Gflops/s) - 667 (733374 Gflops/s) - 662 (727876 Gflops/s) - 661 (726777 Gflops/s) - 658 (723478 Gflops/s) | Temperatures: 58°C - 60°C - 68°C - 67°C - 60°C - 59°C - 67°C - 68°C | Throttling: None - None - None - None - None - None - None - None
666 (732274 Gflops/s) - 677 (744369 Gflops/s) - 665 (731175 Gflops/s) - 668 (734473 Gflops/s) - 678 (745468 Gflops/s) - 670 (736672 Gflops/s) - 669 (735573 Gflops/s) - 670 (736672 Gflops/s) | Temperatures: 59°C - 60°C - 68°C - 67°C - 61°C - 59°C - 67°C - 68°C | Throttling: None - None - None - None - None - None - None - None
646 (710284 Gflops/s) - 659 (724578 Gflops/s) - 646 (710284 Gflops/s) - 649 (713583 Gflops/s) - 660 (725677 Gflops/s) - 652 (716881 Gflops/s) - 652 (716881 Gflops/s) - 649 (713583 Gflops/s) | Temperatures: 59°C - 60°C - 68°C - 67°C - 61°C - 59°C - 67°C - 68°C | Throttling: None - None - None - None - None - None - None - None
655 (720180 Gflops/s) - 668 (734473 Gflops/s) - 655 (720180 Gflops/s) - 658 (723478 Gflops/s) - 668 (734473 Gflops/s) - 662 (727876 Gflops/s) - 659 (724578 Gflops/s) - 659 (724578 Gflops/s) | Temperatures: 59°C - 60°C - 69°C - 67°C - 61°C - 59°C - 67°C - 68°C | Throttling: None - None - None - None - None - None - None - None
656 (721279 Gflops/s) - 668 (734473 Gflops/s) - 655 (720180 Gflops/s) - 657 (722379 Gflops/s) - 669 (735573 Gflops/s) - 660 (725677 Gflops/s) - 661 (726777 Gflops/s) - 659 (724578 Gflops/s) | Temperatures: 59°C - 60°C - 69°C - 68°C - 61°C - 59°C - 68°C - 68°C | Throttling: None - None - None - None - None - None - None - None
662 (727876 Gflops/s) - 676 (743269 Gflops/s) - 663 (728976 Gflops/s) - 665 (731175 Gflops/s) - 676 (743269 Gflops/s) - 669 (735573 Gflops/s) - 667 (733374 Gflops/s) - 666 (732274 Gflops/s) | Temperatures: 59°C - 61°C - 69°C - 68°C - 61°C - 59°C - 68°C - 69°C | Throttling: None - None - None - None - None - None - None - None
711 (781752 Gflops/s) - 724 (796046 Gflops/s) - 710 (780653 Gflops/s) - 712 (782852 Gflops/s) - 725 (797145 Gflops/s) - 718 (789449 Gflops/s) - 714 (785051 Gflops/s) - 727 (799344 Gflops/s) | Temperatures: 59°C - 61°C - 69°C - 68°C - 61°C - 59°C - 68°C - 69°C | Throttling: None - None - None - None - None - None - None - None
709 (779553 Gflops/s) - 725 (797145 Gflops/s) - 710 (780653 Gflops/s) - 712 (782852 Gflops/s) - 724 (796046 Gflops/s) - 717 (788349 Gflops/s) - 714 (785051 Gflops/s) - 701 (770757 Gflops/s) | Temperatures: 59°C - 61°C - 69°C - 68°C - 61°C - 59°C - 68°C - 69°C | Throttling: None - None - None - None - None - None - None - None
710 (780653 Gflops/s) - 724 (796046 Gflops/s) - 710 (780653 Gflops/s) - 711 (781752 Gflops/s) - 724 (796046 Gflops/s) - 717 (788349 Gflops/s) - 713 (783951 Gflops/s) - 714 (785051 Gflops/s) | Temperatures: 59°C - 61°C - 69°C - 68°C - 61°C - 60°C - 68°C - 69°C | Throttling: None - None - None - None - None - None - None - None
709 (779553 Gflops/s) - 725 (797145 Gflops/s) - 710 (780653 Gflops/s) - 712 (782852 Gflops/s) - 725 (797145 Gflops/s) - 717 (788349 Gflops/s) - 714 (785051 Gflops/s) - 714 (785051 Gflops/s) | Temperatures: 59°C - 61°C - 70°C - 68°C - 61°C - 60°C - 68°C - 69°C | Throttling: None - None - None - None - None - None - None - None
711 (781752 Gflops/s) - 724 (796046 Gflops/s) - 710 (780653 Gflops/s) - 711 (781752 Gflops/s) - 725 (797145 Gflops/s) - 716 (787250 Gflops/s) - 714 (785051 Gflops/s) - 713 (783951 Gflops/s) | Temperatures: 59°C - 61°C - 70°C - 68°C - 61°C - 60°C - 69°C - 69°C | Throttling: None - None - None - None - None - None - None - None
710 (780653 Gflops/s) - 724 (796046 Gflops/s) - 710 (780653 Gflops/s) - 711 (781752 Gflops/s) - 723 (794946 Gflops/s) - 716 (787250 Gflops/s) - 712 (782852 Gflops/s) - 713 (783951 Gflops/s) | Temperatures: 59°C - 61°C - 70°C - 68°C - 61°C - 60°C - 69°C - 70°C | Throttling: None - None - None - None - None - None - None - None
710 (780653 Gflops/s) - 725 (797145 Gflops/s) - 710 (780653 Gflops/s) - 712 (782852 Gflops/s) - 726 (798245 Gflops/s) - 716 (787250 Gflops/s) - 713 (783951 Gflops/s) - 714 (785051 Gflops/s) | Temperatures: 59°C - 61°C - 70°C - 69°C - 61°C - 60°C - 69°C - 70°C | Throttling: None - None - None - None - None - None - None - None
673 (739971 Gflops/s) - 687 (755364 Gflops/s) - 674 (741070 Gflops/s) - 675 (742170 Gflops/s) - 686 (754264 Gflops/s) - 679 (746568 Gflops/s) - 677 (744369 Gflops/s) - 677 (744369 Gflops/s) | Temperatures: 59°C - 61°C - 70°C - 69°C - 62°C - 60°C - 69°C - 70°C | Throttling: None - None - None - None - None - None - None - None
663 (728976 Gflops/s) - 676 (743269 Gflops/s) - 663 (728976 Gflops/s) - 663 (728976 Gflops/s) - 677 (744369 Gflops/s) - 669 (735573 Gflops/s) - 666 (732274 Gflops/s) - 666 (732274 Gflops/s) | Temperatures: 59°C - 61°C - 70°C - 69°C - 62°C - 60°C - 69°C - 70°C | Throttling: None - None - None - None - None - None - None - None
662 (727876 Gflops/s) - 677 (744369 Gflops/s) - 663 (728976 Gflops/s) - 664 (730075 Gflops/s) - 680 (747667 Gflops/s) - 669 (735573 Gflops/s) - 666 (732274 Gflops/s) - 666 (732274 Gflops/s) | Temperatures: 59°C - 61°C - 70°C - 69°C - 61°C - 60°C - 69°C - 70°C | Throttling: None - None - None - None - None - None - None - None
661 (726777 Gflops/s) - 676 (743269 Gflops/s) - 662 (727876 Gflops/s) - 663 (728976 Gflops/s) - 672 (738871 Gflops/s) - 668 (734473 Gflops/s) - 665 (731175 Gflops/s) - 665 (731175 Gflops/s) | Temperatures: 59°C - 61°C - 71°C - 69°C - 61°C - 60°C - 69°C - 70°C | Throttling: None - None - None - None - None - None - None - None
662 (727876 Gflops/s) - 675 (742170 Gflops/s) - 662 (727876 Gflops/s) - 663 (728976 Gflops/s) - 674 (741070 Gflops/s) - 668 (734473 Gflops/s) - 665 (731175 Gflops/s) - 677 (744369 Gflops/s) | Temperatures: 59°C - 61°C - 71°C - 69°C - 62°C - 60°C - 70°C - 70°C | Throttling: None - None - None - None - None - None - None - None
662 (727876 Gflops/s) - 677 (744369 Gflops/s) - 662 (727876 Gflops/s) - 664 (730075 Gflops/s) - 676 (743269 Gflops/s) - 668 (734473 Gflops/s) - 666 (732274 Gflops/s) - 653 (717981 Gflops/s) | Temperatures: 59°C - 61°C - 71°C - 69°C - 62°C - 60°C - 70°C - 70°C | Throttling: None - None - None - None - None - None - None - None
661 (726777 Gflops/s) - 675 (742170 Gflops/s) - 663 (728976 Gflops/s) - 664 (730075 Gflops/s) - 676 (743269 Gflops/s) - 669 (735573 Gflops/s) - 665 (731175 Gflops/s) - 665 (731175 Gflops/s) | Temperatures: 60°C - 61°C - 71°C - 69°C - 62°C - 60°C - 70°C - 71°C | Throttling: None - None - None - None - None - None - None - None
662 (727876 Gflops/s) - 676 (743269 Gflops/s) - 662 (727876 Gflops/s) - 663 (728976 Gflops/s) - 675 (742170 Gflops/s) - 667 (733374 Gflops/s) - 663 (728976 Gflops/s) - 664 (730075 Gflops/s) | Temperatures: 60°C - 61°C - 71°C - 70°C - 62°C - 60°C - 70°C - 71°C | Throttling: None - None - None - None - None - None - None - None
663 (728976 Gflops/s) - 677 (744369 Gflops/s) - 663 (728976 Gflops/s) - 663 (728976 Gflops/s) - 676 (743269 Gflops/s) - 670 (736672 Gflops/s) - 666 (732274 Gflops/s) - 665 (731175 Gflops/s) | Temperatures: 60°C - 61°C - 71°C - 70°C - 62°C - 60°C - 70°C - 71°C | Throttling: None - None - None - None - None - None - None - None
661 (726777 Gflops/s) - 675 (742170 Gflops/s) - 661 (726777 Gflops/s) - 661 (726777 Gflops/s) - 675 (742170 Gflops/s) - 667 (733374 Gflops/s) - 664 (730075 Gflops/s) - 664 (730075 Gflops/s) | Temperatures: 60°C - 62°C - 71°C - 70°C - 62°C - 60°C - 70°C - 71°C | Throttling: None - None - None - None - None - None - None - None
662 (727876 Gflops/s) - 675 (742170 Gflops/s) - 662 (727876 Gflops/s) - 663 (728976 Gflops/s) - 675 (742170 Gflops/s) - 668 (734473 Gflops/s) - 664 (730075 Gflops/s) - 665 (731175 Gflops/s) | Temperatures: 60°C - 62°C - 71°C - 70°C - 62°C - 60°C - 70°C - 71°C | Throttling: None - None - None - None - None - None - None - None
662 (727876 Gflops/s) - 676 (743269 Gflops/s) - 663 (728976 Gflops/s) - 663 (728976 Gflops/s) - 675 (742170 Gflops/s) - 669 (735573 Gflops/s) - 664 (730075 Gflops/s) - 664 (730075 Gflops/s) | Temperatures: 60°C - 62°C - 71°C - 70°C - 62°C - 60°C - 70°C - 71°C | Throttling: None - None - None - None - None - None - None - None
660 (725677 Gflops/s) - 674 (741070 Gflops/s) - 659 (724578 Gflops/s) - 659 (724578 Gflops/s) - 672 (738871 Gflops/s) - 666 (732274 Gflops/s) - 662 (727876 Gflops/s) - 661 (726777 Gflops/s) | Temperatures: 60°C - 61°C - 71°C - 70°C - 62°C - 60°C - 70°C - 71°C | Throttling: None - None - None - None - None - None - None - None
660 (725677 Gflops/s) - 673 (739971 Gflops/s) - 660 (725677 Gflops/s) - 660 (725677 Gflops/s) - 673 (739971 Gflops/s) - 665 (731175 Gflops/s) - 663 (728976 Gflops/s) - 663 (728976 Gflops/s) | Temperatures: 60°C - 62°C - 72°C - 70°C - 62°C - 60°C - 70°C - 71°C | Throttling: None - None - None - None - None - None - None - None
659 (724578 Gflops/s) - 673 (739971 Gflops/s) - 659 (724578 Gflops/s) - 658 (723478 Gflops/s) - 671 (737772 Gflops/s) - 665 (731175 Gflops/s) - 661 (726777 Gflops/s) - 660 (725677 Gflops/s) | Temperatures: 60°C - 62°C - 72°C - 70°C - 62°C - 60°C - 71°C - 71°C | Throttling: None - None - None - None - None - None - None - None
658 (723478 Gflops/s) - 672 (738871 Gflops/s) - 658 (723478 Gflops/s) - 658 (723478 Gflops/s) - 671 (737772 Gflops/s) - 664 (730075 Gflops/s) - 660 (725677 Gflops/s) - 662 (727876 Gflops/s) | Temperatures: 60°C - 62°C - 72°C - 70°C - 62°C - 60°C - 71°C - 72°C | Throttling: None - None - None - None - None - None - None - None
660 (725677 Gflops/s) - 674 (741070 Gflops/s) - 660 (725677 Gflops/s) - 658 (723478 Gflops/s) - 674 (741070 Gflops/s) - 666 (732274 Gflops/s) - 662 (727876 Gflops/s) - 662 (727876 Gflops/s) | Temperatures: 60°C - 62°C - 72°C - 70°C - 62°C - 60°C - 71°C - 71°C | Throttling: None - None - None - None - None - None - None - None
659 (724578 Gflops/s) - 672 (738871 Gflops/s) - 658 (723478 Gflops/s) - 657 (722379 Gflops/s) - 673 (739971 Gflops/s) - 663 (728976 Gflops/s) - 660 (725677 Gflops/s) - 660 (725677 Gflops/s) | Temperatures: 60°C - 62°C - 72°C - 70°C - 62°C - 61°C - 71°C - 72°C | Throttling: None - None - None - None - None - None - None - None
659 (724578 Gflops/s) - 673 (739971 Gflops/s) - 674 (741070 Gflops/s) - 658 (723478 Gflops/s) - 673 (739971 Gflops/s) - 665 (731175 Gflops/s) - 661 (726777 Gflops/s) - 662 (727876 Gflops/s) | Temperatures: 60°C - 62°C - 72°C - 71°C - 62°C - 60°C - 71°C - 72°C | Throttling: None - None - None - None - None - None - None - None
658 (723478 Gflops/s) - 678 (745468 Gflops/s) - 643 (706985 Gflops/s) - 657 (722379 Gflops/s) - 671 (737772 Gflops/s) - 664 (730075 Gflops/s) - 661 (726777 Gflops/s) - 660 (725677 Gflops/s) | Temperatures: 60°C - 62°C - 72°C - 71°C - 62°C - 60°C - 71°C - 72°C | Throttling: None - None - None - None - None - None - None - None
659 (724578 Gflops/s) - 666 (732274 Gflops/s) - 658 (723478 Gflops/s) - 657 (722379 Gflops/s) - 672 (738871 Gflops/s) - 664 (730075 Gflops/s) - 660 (725677 Gflops/s) - 661 (726777 Gflops/s) | Temperatures: 60°C - 62°C - 72°C - 71°C - 62°C - 61°C - 71°C - 72°C | Throttling: None - None - None - None - None - None - None - None
659 (724578 Gflops/s) - 673 (739971 Gflops/s) - 657 (722379 Gflops/s) - 657 (722379 Gflops/s) - 671 (737772 Gflops/s) - 670 (736672 Gflops/s) - 660 (725677 Gflops/s) - 661 (726777 Gflops/s) | Temperatures: 60°C - 62°C - 72°C - 71°C - 62°C - 61°C - 71°C - 72°C | Throttling: None - None - None - None - None - None - None - None
659 (724578 Gflops/s) - 673 (739971 Gflops/s) - 658 (723478 Gflops/s) - 658 (723478 Gflops/s) - 671 (737772 Gflops/s) - 659 (724578 Gflops/s) - 660 (725677 Gflops/s) - 661 (726777 Gflops/s) | Temperatures: 60°C - 62°C - 72°C - 71°C - 63°C - 61°C - 71°C - 72°C | Throttling: None - None - None - None - None - None - None - None
660 (725677 Gflops/s) - 672 (738871 Gflops/s) - 658 (723478 Gflops/s) - 656 (721279 Gflops/s) - 670 (736672 Gflops/s) - 665 (731175 Gflops/s) - 661 (726777 Gflops/s) - 659 (724578 Gflops/s) | Temperatures: 60°C - 62°C - 72°C - 71°C - 62°C - 61°C - 71°C - 72°C | Throttling: None - None - None - None - None - None - None - None
659 (724578 Gflops/s) - 673 (739971 Gflops/s) - 658 (723478 Gflops/s) - 657 (722379 Gflops/s) - 672 (738871 Gflops/s) - 665 (731175 Gflops/s) - 661 (726777 Gflops/s) - 662 (727876 Gflops/s) | Temperatures: 60°C - 62°C - 73°C - 71°C - 62°C - 60°C - 71°C - 72°C | Throttling: None - None - None - None - None - None - None - None
659 (724578 Gflops/s) - 671 (737772 Gflops/s) - 657 (722379 Gflops/s) - 665 (731175 Gflops/s) - 671 (737772 Gflops/s) - 663 (728976 Gflops/s) - 659 (724578 Gflops/s) - 658 (723478 Gflops/s) | Temperatures: 60°C - 62°C - 73°C - 71°C - 63°C - 61°C - 71°C - 72°C | Throttling: None - None - None - None - None - None - None - None
659 (724578 Gflops/s) - 672 (738871 Gflops/s) - 658 (723478 Gflops/s) - 648 (712483 Gflops/s) - 671 (737772 Gflops/s) - 665 (731175 Gflops/s) - 661 (726777 Gflops/s) - 659 (724578 Gflops/s) | Temperatures: 60°C - 62°C - 73°C - 71°C - 62°C - 61°C - 71°C - 72°C | Throttling: None - None - None - None - None - None - None - None
658 (723478 Gflops/s) - 672 (738871 Gflops/s) - 657 (722379 Gflops/s) - 656 (721279 Gflops/s) - 671 (737772 Gflops/s) - 664 (730075 Gflops/s) - 674 (741070 Gflops/s) - 659 (724578 Gflops/s) | Temperatures: 60°C - 62°C - 73°C - 71°C - 63°C - 61°C - 71°C - 73°C | Throttling: None - None - None - None - None - None - None - None
659 (724578 Gflops/s) - 673 (739971 Gflops/s) - 658 (723478 Gflops/s) - 657 (722379 Gflops/s) - 671 (737772 Gflops/s) - 666 (732274 Gflops/s) - 644 (708085 Gflops/s) - 660 (725677 Gflops/s) | Temperatures: 60°C - 62°C - 73°C - 71°C - 63°C - 61°C - 72°C - 73°C | Throttling: None - None - None - None - None - None - None - None
659 (724578 Gflops/s) - 672 (738871 Gflops/s) - 657 (722379 Gflops/s) - 656 (721279 Gflops/s) - 670 (736672 Gflops/s) - 665 (731175 Gflops/s) - 660 (725677 Gflops/s) - 659 (724578 Gflops/s) | Temperatures: 60°C - 62°C - 73°C - 71°C - 63°C - 61°C - 72°C - 72°C | Throttling: None - None - None - None - None - None - None - None
659 (724578 Gflops/s) - 672 (738871 Gflops/s) - 657 (722379 Gflops/s) - 656 (721279 Gflops/s) - 671 (737772 Gflops/s) - 663 (728976 Gflops/s) - 659 (724578 Gflops/s) - 660 (725677 Gflops/s) | Temperatures: 60°C - 62°C - 73°C - 71°C - 63°C - 61°C - 72°C - 73°C | Throttling: None - None - None - None - None - None - None - None
658 (723478 Gflops/s) - 671 (737772 Gflops/s) - 657 (722379 Gflops/s) - 656 (721279 Gflops/s) - 669 (735573 Gflops/s) - 663 (728976 Gflops/s) - 659 (724578 Gflops/s) - 659 (724578 Gflops/s) | Temperatures: 60°C - 62°C - 73°C - 72°C - 63°C - 61°C - 72°C - 73°C | Throttling: None - None - None - None - None - None - None - None
660 (725677 Gflops/s) - 673 (739971 Gflops/s) - 657 (722379 Gflops/s) - 656 (721279 Gflops/s) - 671 (737772 Gflops/s) - 665 (731175 Gflops/s) - 659 (724578 Gflops/s) - 659 (724578 Gflops/s) | Temperatures: 60°C - 62°C - 73°C - 72°C - 63°C - 61°C - 72°C - 73°C | Throttling: None - None - None - None - None - None - None - None
658 (723478 Gflops/s) - 671 (737772 Gflops/s) - 656 (721279 Gflops/s) - 656 (721279 Gflops/s) - 670 (736672 Gflops/s) - 663 (728976 Gflops/s) - 659 (724578 Gflops/s) - 659 (724578 Gflops/s) | Temperatures: 60°C - 62°C - 73°C - 72°C - 63°C - 61°C - 72°C - 73°C | Throttling: None - None - None - None - None - None - None - None
660 (725677 Gflops/s) - 673 (739971 Gflops/s) - 659 (724578 Gflops/s) - 657 (722379 Gflops/s) - 671 (737772 Gflops/s) - 665 (731175 Gflops/s) - 660 (725677 Gflops/s) - 659 (724578 Gflops/s) | Temperatures: 60°C - 62°C - 73°C - 72°C - 63°C - 61°C - 72°C - 73°C | Throttling: None - None - None - None - None - None - None - None
658 (723478 Gflops/s) - 671 (737772 Gflops/s) - 656 (721279 Gflops/s) - 655 (720180 Gflops/s) - 670 (736672 Gflops/s) - 664 (730075 Gflops/s) - 659 (724578 Gflops/s) - 658 (723478 Gflops/s) | Temperatures: 60°C - 63°C - 73°C - 72°C - 63°C - 61°C - 72°C - 73°C | Throttling: None - None - None - None - None - None - None - None
664 (730075 Gflops/s) - 682 (749866 Gflops/s) - 661 (726777 Gflops/s) - 660 (725677 Gflops/s) - 690 (758663 Gflops/s) - 669 (735573 Gflops/s) - 663 (728976 Gflops/s) - 663 (728976 Gflops/s) | Temperatures: 60°C - 62°C - 73°C - 72°C - 63°C - 61°C - 72°C - 73°C | Throttling: None - None - None - None - None - None - None - None
654 (719080 Gflops/s) - 663 (728976 Gflops/s) - 652 (716881 Gflops/s) - 652 (716881 Gflops/s) - 652 (716881 Gflops/s) - 660 (725677 Gflops/s) - 655 (720180 Gflops/s) - 654 (719080 Gflops/s) | Temperatures: 60°C - 63°C - 74°C - 72°C - 63°C - 61°C - 72°C - 73°C | Throttling: None - None - None - None - None - None - None - None
659 (724578 Gflops/s) - 670 (736672 Gflops/s) - 655 (720180 Gflops/s) - 655 (720180 Gflops/s) - 670 (736672 Gflops/s) - 664 (730075 Gflops/s) - 659 (724578 Gflops/s) - 658 (723478 Gflops/s) | Temperatures: 60°C - 63°C - 74°C - 72°C - 63°C - 61°C - 72°C - 73°C | Throttling: None - None - None - None - None - None - None - None
661 (726777 Gflops/s) - 672 (738871 Gflops/s) - 656 (721279 Gflops/s) - 656 (721279 Gflops/s) - 671 (737772 Gflops/s) - 664 (730075 Gflops/s) - 659 (724578 Gflops/s) - 658 (723478 Gflops/s) | Temperatures: 60°C - 63°C - 74°C - 72°C - 63°C - 61°C - 72°C - 73°C | Throttling: None - None - None - None - None - None - None - None
657 (722379 Gflops/s) - 672 (738871 Gflops/s) - 656 (721279 Gflops/s) - 655 (720180 Gflops/s) - 670 (736672 Gflops/s) - 664 (730075 Gflops/s) - 658 (723478 Gflops/s) - 658 (723478 Gflops/s) | Temperatures: 60°C - 63°C - 74°C - 72°C - 63°C - 61°C - 72°C - 73°C | Throttling: None - None - None - None - None - None - None - None
659 (724578 Gflops/s) - 672 (738871 Gflops/s) - 656 (721279 Gflops/s) - 656 (721279 Gflops/s) - 670 (736672 Gflops/s) - 665 (731175 Gflops/s) - 659 (724578 Gflops/s) - 658 (723478 Gflops/s) | Temperatures: 60°C - 63°C - 74°C - 72°C - 63°C - 61°C - 72°C - 73°C | Throttling: None - None - None - None - None - None - None - None
659 (724578 Gflops/s) - 671 (737772 Gflops/s) - 657 (722379 Gflops/s) - 656 (721279 Gflops/s) - 671 (737772 Gflops/s) - 666 (732274 Gflops/s) - 660 (725677 Gflops/s) - 658 (723478 Gflops/s) | Temperatures: 60°C - 62°C - 73°C - 72°C - 63°C - 61°C - 72°C - 73°C | Throttling: None - None - None - None - None - None - None - None
659 (724578 Gflops/s) - 670 (736672 Gflops/s) - 655 (720180 Gflops/s) - 655 (720180 Gflops/s) - 670 (736672 Gflops/s) - 664 (730075 Gflops/s) - 658 (723478 Gflops/s) - 658 (723478 Gflops/s) | Temperatures: 60°C - 62°C - 74°C - 72°C - 63°C - 61°C - 72°C - 73°C | Throttling: None - None - None - None - None - None - None - None
663 (728976 Gflops/s) - 677 (744369 Gflops/s) - 661 (726777 Gflops/s) - 659 (724578 Gflops/s) - 675 (742170 Gflops/s) - 669 (735573 Gflops/s) - 663 (728976 Gflops/s) - 663 (728976 Gflops/s) | Temperatures: 60°C - 62°C - 74°C - 72°C - 63°C - 60°C - 72°C - 73°C | Throttling: None - None - None - None - None - None - None - None
655 (720180 Gflops/s) - 668 (734473 Gflops/s) - 652 (716881 Gflops/s) - 652 (716881 Gflops/s) - 667 (733374 Gflops/s) - 661 (726777 Gflops/s) - 655 (720180 Gflops/s) - 654 (719080 Gflops/s) | Temperatures: 60°C - 62°C - 74°C - 72°C - 63°C - 61°C - 72°C - 73°C | Throttling: None - None - None - None - None - None - None - None
658 (723478 Gflops/s) - 671 (737772 Gflops/s) - 656 (721279 Gflops/s) - 654 (719080 Gflops/s) - 669 (735573 Gflops/s) - 665 (731175 Gflops/s) - 658 (723478 Gflops/s) - 657 (722379 Gflops/s) | Temperatures: 60°C - 62°C - 73°C - 72°C - 63°C - 61°C - 72°C - 73°C | Throttling: None - None - None - None - None - None - None - None
659 (724578 Gflops/s) - 671 (737772 Gflops/s) - 672 (738871 Gflops/s) - 654 (719080 Gflops/s) - 671 (737772 Gflops/s) - 665 (731175 Gflops/s) - 658 (723478 Gflops/s) - 658 (723478 Gflops/s) | Temperatures: 60°C - 62°C - 74°C - 72°C - 63°C - 61°C - 72°C - 73°C | Throttling: None - None - None - None - None - None - None - None
659 (724578 Gflops/s) - 672 (738871 Gflops/s) - 640 (703687 Gflops/s) - 657 (722379 Gflops/s) - 671 (737772 Gflops/s) - 666 (732274 Gflops/s) - 660 (725677 Gflops/s) - 659 (724578 Gflops/s) | Temperatures: 60°C - 62°C - 73°C - 72°C - 63°C - 61°C - 72°C - 73°C | Throttling: None - None - None - None - None - None - None - None
659 (724578 Gflops/s) - 671 (737772 Gflops/s) - 655 (720180 Gflops/s) - 654 (719080 Gflops/s) - 669 (735573 Gflops/s) - 664 (730075 Gflops/s) - 658 (723478 Gflops/s) - 656 (721279 Gflops/s) | Temperatures: 60°C - 62°C - 73°C - 72°C - 63°C - 60°C - 72°C - 73°C | Throttling: None - None - None - None - None - None - None - None
660 (725677 Gflops/s) - 673 (739971 Gflops/s) - 657 (722379 Gflops/s) - 657 (722379 Gflops/s) - 671 (737772 Gflops/s) - 666 (732274 Gflops/s) - 659 (724578 Gflops/s) - 659 (724578 Gflops/s) | Temperatures: 60°C - 62°C - 73°C - 72°C - 63°C - 60°C - 72°C - 73°C | Throttling: None - None - None - None - None - None - None - None
659 (724578 Gflops/s) - 672 (738871 Gflops/s) - 656 (721279 Gflops/s) - 655 (720180 Gflops/s) - 670 (736672 Gflops/s) - 665 (731175 Gflops/s) - 660 (725677 Gflops/s) - 658 (723478 Gflops/s) | Temperatures: 60°C - 62°C - 73°C - 72°C - 62°C - 60°C - 72°C - 73°C | Throttling: None - None - None - None - None - None - None - None
663 (728976 Gflops/s) - 676 (743269 Gflops/s) - 661 (726777 Gflops/s) - 659 (724578 Gflops/s) - 676 (743269 Gflops/s) - 669 (735573 Gflops/s) - 663 (728976 Gflops/s) - 663 (728976 Gflops/s) | Temperatures: 60°C - 62°C - 73°C - 72°C - 63°C - 60°C - 72°C - 73°C | Throttling: None - None - None - None - None - None - None - None
654 (719080 Gflops/s) - 667 (733374 Gflops/s) - 652 (716881 Gflops/s) - 651 (715782 Gflops/s) - 666 (732274 Gflops/s) - 660 (725677 Gflops/s) - 654 (719080 Gflops/s) - 653 (717981 Gflops/s) | Temperatures: 60°C - 62°C - 73°C - 72°C - 62°C - 60°C - 72°C - 73°C | Throttling: None - None - None - None - None - None - None - None
659 (724578 Gflops/s) - 672 (738871 Gflops/s) - 655 (720180 Gflops/s) - 655 (720180 Gflops/s) - 670 (736672 Gflops/s) - 665 (731175 Gflops/s) - 659 (724578 Gflops/s) - 658 (723478 Gflops/s) | Temperatures: 60°C - 62°C - 73°C - 72°C - 62°C - 60°C - 72°C - 73°C | Throttling: None - None - None - None - None - None - None - None
658 (723478 Gflops/s) - 671 (737772 Gflops/s) - 656 (721279 Gflops/s) - 655 (720180 Gflops/s) - 670 (736672 Gflops/s) - 665 (731175 Gflops/s) - 658 (723478 Gflops/s) - 657 (722379 Gflops/s) | Temperatures: 60°C - 62°C - 73°C - 72°C - 62°C - 60°C - 72°C - 73°C | Throttling: None - None - None - None - None - None - None - None
660 (725677 Gflops/s) - 672 (738871 Gflops/s) - 657 (722379 Gflops/s) - 656 (721279 Gflops/s) - 673 (739971 Gflops/s) - 665 (731175 Gflops/s) - 659 (724578 Gflops/s) - 659 (724578 Gflops/s) | Temperatures: 60°C - 62°C - 73°C - 72°C - 62°C - 60°C - 72°C - 73°C | Throttling: None - None - None - None - None - None - None - None
699 (768558 Gflops/s) - 713 (783951 Gflops/s) - 696 (765260 Gflops/s) - 695 (764160 Gflops/s) - 711 (781752 Gflops/s) - 706 (776255 Gflops/s) - 699 (768558 Gflops/s) - 699 (768558 Gflops/s) | Temperatures: 60°C - 62°C - 73°C - 72°C - 62°C - 60°C - 72°C - 73°C | Throttling: None - None - None - None - None - None - None - None
739 (812539 Gflops/s) - 753 (827932 Gflops/s) - 736 (809240 Gflops/s) - 735 (808141 Gflops/s) - 752 (826832 Gflops/s) - 746 (820235 Gflops/s) - 739 (812539 Gflops/s) - 737 (810340 Gflops/s) | Temperatures: 60°C - 62°C - 73°C - 72°C - 62°C - 60°C - 72°C - 73°C | Throttling: None - None - None - None - None - None - None - None
739 (812539 Gflops/s) - 753 (827932 Gflops/s) - 736 (809240 Gflops/s) - 736 (809240 Gflops/s) - 751 (825733 Gflops/s) - 747 (821335 Gflops/s) - 739 (812539 Gflops/s) - 739 (812539 Gflops/s) | Temperatures: 60°C - 62°C - 73°C - 72°C - 62°C - 60°C - 72°C - 73°C | Throttling: None - None - None - None - None - None - None - None
739 (812539 Gflops/s) - 753 (827932 Gflops/s) - 737 (810340 Gflops/s) - 734 (807041 Gflops/s) - 752 (826832 Gflops/s) - 745 (819136 Gflops/s) - 739 (812539 Gflops/s) - 737 (810340 Gflops/s) | Temperatures: 60°C - 62°C - 73°C - 72°C - 62°C - 60°C - 72°C - 73°C | Throttling: None - None - None - None - None - None - None - None
739 (812539 Gflops/s) - 754 (829031 Gflops/s) - 736 (809240 Gflops/s) - 736 (809240 Gflops/s) - 753 (827932 Gflops/s) - 747 (821335 Gflops/s) - 740 (813638 Gflops/s) - 738 (811439 Gflops/s) | Temperatures: 60°C - 62°C - 73°C - 72°C - 62°C - 60°C - 72°C - 73°C | Throttling: None - None - None - None - None - None - None - None
739 (812539 Gflops/s) - 753 (827932 Gflops/s) - 736 (809240 Gflops/s) - 734 (807041 Gflops/s) - 752 (826832 Gflops/s) - 745 (819136 Gflops/s) - 739 (812539 Gflops/s) - 739 (812539 Gflops/s) | Temperatures: 60°C - 62°C - 73°C - 72°C - 62°C - 60°C - 72°C - 73°C | Throttling: None - None - None - None - None - None - None - None
739 (812539 Gflops/s) - 753 (827932 Gflops/s) - 736 (809240 Gflops/s) - 735 (808141 Gflops/s) - 752 (826832 Gflops/s) - 747 (821335 Gflops/s) - 738 (811439 Gflops/s) - 738 (811439 Gflops/s) | Temperatures: 60°C - 62°C - 73°C - 72°C - 62°C - 60°C - 72°C - 73°C | Throttling: None - None - None - None - None - None - None - None
740 (813638 Gflops/s) - 752 (826832 Gflops/s) - 735 (808141 Gflops/s) - 735 (808141 Gflops/s) - 752 (826832 Gflops/s) - 746 (820235 Gflops/s) - 739 (812539 Gflops/s) - 737 (810340 Gflops/s) | Temperatures: 60°C - 62°C - 73°C - 71°C - 62°C - 60°C - 72°C - 73°C | Throttling: None - None - None - None - None - None - None - None
739 (812539 Gflops/s) - 753 (827932 Gflops/s) - 736 (809240 Gflops/s) - 735 (808141 Gflops/s) - 754 (829031 Gflops/s) - 747 (821335 Gflops/s) - 739 (812539 Gflops/s) - 738 (811439 Gflops/s) | Temperatures: 60°C - 62°C - 73°C - 72°C - 62°C - 60°C - 72°C - 73°C | Throttling: None - None - None - None - None - None - None - None
739 (812539 Gflops/s) - 754 (829031 Gflops/s) - 736 (809240 Gflops/s) - 734 (807041 Gflops/s) - 752 (826832 Gflops/s) - 746 (820235 Gflops/s) - 739 (812539 Gflops/s) - 738 (811439 Gflops/s) | Temperatures: 60°C - 62°C - 73°C - 71°C - 62°C - 60°C - 72°C - 73°C | Throttling: None - None - None - None - None - None - None - None
739 (812539 Gflops/s) - 754 (829031 Gflops/s) - 736 (809240 Gflops/s) - 735 (808141 Gflops/s) - 752 (826832 Gflops/s) - 747 (821335 Gflops/s) - 739 (812539 Gflops/s) - 738 (811439 Gflops/s) | Temperatures: 60°C - 62°C - 73°C - 71°C - 62°C - 60°C - 72°C - 73°C | Throttling: None - None - None - None - None - None - None - None
739 (812539 Gflops/s) - 752 (826832 Gflops/s) - 736 (809240 Gflops/s) - 735 (808141 Gflops/s) - 752 (826832 Gflops/s) - 746 (820235 Gflops/s) - 739 (812539 Gflops/s) - 738 (811439 Gflops/s) | Temperatures: 60°C - 62°C - 73°C - 71°C - 62°C - 60°C - 72°C - 73°C | Throttling: None - None - None - None - None - None - None - None
739 (812539 Gflops/s) - 753 (827932 Gflops/s) - 735 (808141 Gflops/s) - 734 (807041 Gflops/s) - 752 (826832 Gflops/s) - 747 (821335 Gflops/s) - 739 (812539 Gflops/s) - 737 (810340 Gflops/s) | Temperatures: 60°C - 62°C - 73°C - 71°C - 62°C - 60°C - 72°C - 73°C | Throttling: None - None - None - None - None - None - None - None
740 (813638 Gflops/s) - 754 (829031 Gflops/s) - 736 (809240 Gflops/s) - 736 (809240 Gflops/s) - 752 (826832 Gflops/s) - 745 (819136 Gflops/s) - 739 (812539 Gflops/s) - 739 (812539 Gflops/s) | Temperatures: 60°C - 62°C - 73°C - 71°C - 62°C - 60°C - 72°C - 73°C | Throttling: None - None - None - None - None - None - None - None
739 (812539 Gflops/s) - 754 (829031 Gflops/s) - 735 (808141 Gflops/s) - 735 (808141 Gflops/s) - 752 (826832 Gflops/s) - 746 (820235 Gflops/s) - 740 (813638 Gflops/s) - 737 (810340 Gflops/s) | Temperatures: 60°C - 62°C - 73°C - 71°C - 62°C - 60°C - 72°C - 73°C | Throttling: None - None - None - None - None - None - None - None
738 (811439 Gflops/s) - 753 (827932 Gflops/s) - 735 (808141 Gflops/s) - 734 (807041 Gflops/s) - 752 (826832 Gflops/s) - 745 (819136 Gflops/s) - 739 (812539 Gflops/s) - 738 (811439 Gflops/s) | Temperatures: 60°C - 62°C - 73°C - 71°C - 62°C - 60°C - 72°C - 73°C | Throttling: None - None - None - None - None - None - None - None
739 (812539 Gflops/s) - 752 (826832 Gflops/s) - 736 (809240 Gflops/s) - 735 (808141 Gflops/s) - 753 (827932 Gflops/s) - 746 (820235 Gflops/s) - 738 (811439 Gflops/s) - 738 (811439 Gflops/s) | Temperatures: 60°C - 62°C - 73°C - 71°C - 62°C - 60°C - 72°C - 73°C | Throttling: None - None - None - None - None - None - None - None
739 (812539 Gflops/s) - 755 (830131 Gflops/s) - 737 (810340 Gflops/s) - 735 (808141 Gflops/s) - 752 (826832 Gflops/s) - 747 (821335 Gflops/s) - 740 (813638 Gflops/s) - 738 (811439 Gflops/s) | Temperatures: 60°C - 62°C - 73°C - 71°C - 62°C - 60°C - 72°C - 73°C | Throttling: None - None - None - None - None - None - None - None
738 (811439 Gflops/s) - 752 (826832 Gflops/s) - 735 (808141 Gflops/s) - 732 (804842 Gflops/s) - 752 (826832 Gflops/s) - 747 (821335 Gflops/s) - 739 (812539 Gflops/s) - 737 (810340 Gflops/s) | Temperatures: 60°C - 62°C - 73°C - 71°C - 62°C - 60°C - 72°C - 73°C | Throttling: None - None - None - None - None - None - None - None
711 (781752 Gflops/s) - 725 (797145 Gflops/s) - 707 (777354 Gflops/s) - 706 (776255 Gflops/s) - 724 (796046 Gflops/s) - 717 (788349 Gflops/s) - 710 (780653 Gflops/s) - 708 (778454 Gflops/s) | Temperatures: 60°C - 62°C - 73°C - 71°C - 62°C - 60°C - 72°C - 73°C | Throttling: None - None - None - None - None - None - None - None
661 (726777 Gflops/s) - 673 (739971 Gflops/s) - 657 (722379 Gflops/s) - 658 (723478 Gflops/s) - 671 (737772 Gflops/s) - 668 (734473 Gflops/s) - 661 (726777 Gflops/s) - 660 (725677 Gflops/s) | Temperatures: 60°C - 62°C - 73°C - 71°C - 62°C - 60°C - 72°C - 73°C | Throttling: None - None - None - None - None - None - None - None
660 (725677 Gflops/s) - 673 (739971 Gflops/s) - 658 (723478 Gflops/s) - 656 (721279 Gflops/s) - 681 (748767 Gflops/s) - 667 (733374 Gflops/s) - 661 (726777 Gflops/s) - 659 (724578 Gflops/s) | Temperatures: 60°C - 62°C - 73°C - 71°C - 62°C - 60°C - 72°C - 73°C | Throttling: None - None - None - None - None - None - None - None
660 (725677 Gflops/s) - 674 (741070 Gflops/s) - 657 (722379 Gflops/s) - 657 (722379 Gflops/s) - 664 (730075 Gflops/s) - 666 (732274 Gflops/s) - 660 (725677 Gflops/s) - 660 (725677 Gflops/s) | Temperatures: 60°C - 62°C - 73°C - 71°C - 62°C - 60°C - 72°C - 73°C | Throttling: None - None - None - None - None - None - None - None
660 (725677 Gflops/s) - 673 (739971 Gflops/s) - 657 (722379 Gflops/s) - 657 (722379 Gflops/s) - 672 (738871 Gflops/s) - 666 (732274 Gflops/s) - 661 (726777 Gflops/s) - 660 (725677 Gflops/s) | Temperatures: 60°C - 62°C - 73°C - 71°C - 62°C - 60°C - 72°C - 73°C | Throttling: None - None - None - None - None - None - None - None
660 (725677 Gflops/s) - 674 (741070 Gflops/s) - 657 (722379 Gflops/s) - 657 (722379 Gflops/s) - 672 (738871 Gflops/s) - 666 (732274 Gflops/s) - 661 (726777 Gflops/s) - 660 (725677 Gflops/s) | Temperatures: 60°C - 62°C - 73°C - 71°C - 62°C - 60°C - 72°C - 73°C | Throttling: None - None - None - None - None - None - None - None
661 (726777 Gflops/s) - 674 (741070 Gflops/s) - 659 (724578 Gflops/s) - 657 (722379 Gflops/s) - 673 (739971 Gflops/s) - 667 (733374 Gflops/s) - 660 (725677 Gflops/s) - 660 (725677 Gflops/s) | Temperatures: 60°C - 62°C - 73°C - 71°C - 62°C - 60°C - 72°C - 73°C | Throttling: None - None - None - None - None - None - None - None
660 (725677 Gflops/s) - 673 (739971 Gflops/s) - 664 (730075 Gflops/s) - 657 (722379 Gflops/s) - 671 (737772 Gflops/s) - 667 (733374 Gflops/s) - 661 (726777 Gflops/s) - 658 (723478 Gflops/s) | Temperatures: 60°C - 62°C - 73°C - 71°C - 62°C - 60°C - 72°C - 73°C | Throttling: None - None - None - None - None - None - None - None
663 (728976 Gflops/s) - 678 (745468 Gflops/s) - 653 (717981 Gflops/s) - 660 (725677 Gflops/s) - 676 (743269 Gflops/s) - 670 (736672 Gflops/s) - 663 (728976 Gflops/s) - 664 (730075 Gflops/s) | Temperatures: 60°C - 62°C - 73°C - 71°C - 62°C - 60°C - 72°C - 73°C | Throttling: None - None - None - None - None - None - None - None
658 (723478 Gflops/s) - 670 (736672 Gflops/s) - 655 (720180 Gflops/s) - 654 (719080 Gflops/s) - 669 (735573 Gflops/s) - 664 (730075 Gflops/s) - 658 (723478 Gflops/s) - 656 (721279 Gflops/s) | Temperatures: 60°C - 62°C - 73°C - 71°C - 62°C - 60°C - 72°C - 73°C | Throttling: None - None - None - None - None - None - None - None
660 (725677 Gflops/s) - 674 (741070 Gflops/s) - 657 (722379 Gflops/s) - 655 (720180 Gflops/s) - 672 (738871 Gflops/s) - 666 (732274 Gflops/s) - 660 (725677 Gflops/s) - 660 (725677 Gflops/s) | Temperatures: 60°C - 62°C - 73°C - 71°C - 62°C - 60°C - 72°C - 73°C | Throttling: None - None - None - None - None - None - None - None
660 (725677 Gflops/s) - 674 (741070 Gflops/s) - 657 (722379 Gflops/s) - 657 (722379 Gflops/s) - 672 (738871 Gflops/s) - 667 (733374 Gflops/s) - 660 (725677 Gflops/s) - 659 (724578 Gflops/s) | Temperatures: 60°C - 62°C - 73°C - 71°C - 62°C - 60°C - 72°C - 73°C | Throttling: None - None - None - None - None - None - None - None
688 (756463 Gflops/s) - 702 (771857 Gflops/s) - 684 (752065 Gflops/s) - 684 (752065 Gflops/s) - 699 (768558 Gflops/s) - 695 (764160 Gflops/s) - 687 (755364 Gflops/s) - 686 (754264 Gflops/s) | Temperatures: 60°C - 62°C - 73°C - 71°C - 62°C - 60°C - 72°C - 73°C | Throttling: None - None - None - None - None - None - None - None
704 (774056 Gflops/s) - 718 (789449 Gflops/s) - 702 (771857 Gflops/s) - 701 (770757 Gflops/s) - 717 (788349 Gflops/s) - 711 (781752 Gflops/s) - 704 (774056 Gflops/s) - 704 (774056 Gflops/s) | Temperatures: 60°C - 62°C - 73°C - 71°C - 62°C - 60°C - 72°C - 73°C | Throttling: None - None - None - None - None - None - None - None
704 (774056 Gflops/s) - 718 (789449 Gflops/s) - 701 (770757 Gflops/s) - 700 (769658 Gflops/s) - 717 (788349 Gflops/s) - 710 (780653 Gflops/s) - 704 (774056 Gflops/s) - 703 (772956 Gflops/s) | Temperatures: 60°C - 62°C - 73°C - 71°C - 62°C - 60°C - 72°C - 73°C | Throttling: None - None - None - None - None - None - None - None
704 (774056 Gflops/s) - 717 (788349 Gflops/s) - 701 (770757 Gflops/s) - 706 (776255 Gflops/s) - 717 (788349 Gflops/s) - 712 (782852 Gflops/s) - 705 (775155 Gflops/s) - 703 (772956 Gflops/s) | Temperatures: 60°C - 62°C - 73°C - 71°C - 62°C - 60°C - 72°C - 73°C | Throttling: None - None - None - None - None - None - None - None
704 (774056 Gflops/s) - 718 (789449 Gflops/s) - 700 (769658 Gflops/s) - 695 (764160 Gflops/s) - 716 (787250 Gflops/s) - 711 (781752 Gflops/s) - 704 (774056 Gflops/s) - 703 (772956 Gflops/s) | Temperatures: 60°C - 62°C - 73°C - 71°C - 63°C - 60°C - 72°C - 73°C | Throttling: None - None - None - None - None - None - None - None
705 (775155 Gflops/s) - 718 (789449 Gflops/s) - 701 (770757 Gflops/s) - 700 (769658 Gflops/s) - 717 (788349 Gflops/s) - 711 (781752 Gflops/s) - 704 (774056 Gflops/s) - 703 (772956 Gflops/s) | Temperatures: 60°C - 62°C - 73°C - 71°C - 62°C - 60°C - 72°C - 73°C | Throttling: None - None - None - None - None - None - None - None
716 (787250 Gflops/s) - 718 (789449 Gflops/s) - 701 (770757 Gflops/s) - 700 (769658 Gflops/s) - 716 (787250 Gflops/s) - 712 (782852 Gflops/s) - 704 (774056 Gflops/s) - 704 (774056 Gflops/s) | Temperatures: 60°C - 62°C - 73°C - 71°C - 62°C - 60°C - 72°C - 73°C | Throttling: None - None - None - None - None - None - None - None
692 (760862 Gflops/s) - 717 (788349 Gflops/s) - 700 (769658 Gflops/s) - 701 (770757 Gflops/s) - 716 (787250 Gflops/s) - 711 (781752 Gflops/s) - 704 (774056 Gflops/s) - 703 (772956 Gflops/s) | Temperatures: 60°C - 62°C - 73°C - 71°C - 62°C - 60°C - 72°C - 73°C | Throttling: None - None - None - None - None - None - None - None
703 (772956 Gflops/s) - 718 (789449 Gflops/s) - 700 (769658 Gflops/s) - 699 (768558 Gflops/s) - 716 (787250 Gflops/s) - 710 (780653 Gflops/s) - 704 (774056 Gflops/s) - 703 (772956 Gflops/s) | Temperatures: 60°C - 62°C - 73°C - 71°C - 62°C - 60°C - 72°C - 73°C | Throttling: None - None - None - None - None - None - None - None
704 (774056 Gflops/s) - 719 (790548 Gflops/s) - 701 (770757 Gflops/s) - 701 (770757 Gflops/s) - 716 (787250 Gflops/s) - 710 (780653 Gflops/s) - 704 (774056 Gflops/s) - 703 (772956 Gflops/s) | Temperatures: 60°C - 62°C - 73°C - 71°C - 62°C - 60°C - 72°C - 73°C | Throttling: None - None - None - None - None - None - None - None
705 (775155 Gflops/s) - 717 (788349 Gflops/s) - 700 (769658 Gflops/s) - 700 (769658 Gflops/s) - 717 (788349 Gflops/s) - 710 (780653 Gflops/s) - 705 (775155 Gflops/s) - 703 (772956 Gflops/s) | Temperatures: 60°C - 62°C - 73°C - 71°C - 62°C - 60°C - 72°C - 73°C | Throttling: None - None - None - None - None - None - None - None
705 (775155 Gflops/s) - 719 (790548 Gflops/s) - 701 (770757 Gflops/s) - 700 (769658 Gflops/s) - 716 (787250 Gflops/s) - 711 (781752 Gflops/s) - 704 (774056 Gflops/s) - 703 (772956 Gflops/s) | Temperatures: 60°C - 62°C - 73°C - 71°C - 63°C - 60°C - 72°C - 73°C | Throttling: None - None - None - None - None - None - None - None
704 (774056 Gflops/s) - 718 (789449 Gflops/s) - 701 (770757 Gflops/s) - 701 (770757 Gflops/s) - 716 (787250 Gflops/s) - 711 (781752 Gflops/s) - 704 (774056 Gflops/s) - 703 (772956 Gflops/s) | Temperatures: 60°C - 62°C - 73°C - 71°C - 62°C - 60°C - 72°C - 73°C | Throttling: None - None - None - None - None - None - None - None
704 (774056 Gflops/s) - 717 (788349 Gflops/s) - 701 (770757 Gflops/s) - 700 (769658 Gflops/s) - 717 (788349 Gflops/s) - 711 (781752 Gflops/s) - 704 (774056 Gflops/s) - 703 (772956 Gflops/s) | Temperatures: 60°C - 62°C - 73°C - 71°C - 62°C - 60°C - 72°C - 73°C | Throttling: None - None - None - None - None - None - None - None
704 (774056 Gflops/s) - 718 (789449 Gflops/s) - 700 (769658 Gflops/s) - 700 (769658 Gflops/s) - 717 (788349 Gflops/s) - 710 (780653 Gflops/s) - 703 (772956 Gflops/s) - 702 (771857 Gflops/s) | Temperatures: 60°C - 62°C - 73°C - 71°C - 62°C - 60°C - 72°C - 73°C | Throttling: None - None - None - None - None - None - None - None
704 (774056 Gflops/s) - 716 (787250 Gflops/s) - 701 (770757 Gflops/s) - 700 (769658 Gflops/s) - 716 (787250 Gflops/s) - 710 (780653 Gflops/s) - 704 (774056 Gflops/s) - 704 (774056 Gflops/s) | Temperatures: 60°C - 62°C - 73°C - 71°C - 63°C - 60°C - 72°C - 73°C | Throttling: None - None - None - None - None - None - None - None
704 (774056 Gflops/s) - 718 (789449 Gflops/s) - 701 (770757 Gflops/s) - 701 (770757 Gflops/s) - 717 (788349 Gflops/s) - 711 (781752 Gflops/s) - 704 (774056 Gflops/s) - 702 (771857 Gflops/s) | Temperatures: 60°C - 62°C - 73°C - 71°C - 62°C - 60°C - 72°C - 73°C | Throttling: None - None - None - None - None - None - None - None
705 (775155 Gflops/s) - 718 (789449 Gflops/s) - 701 (770757 Gflops/s) - 701 (770757 Gflops/s) - 716 (787250 Gflops/s) - 712 (782852 Gflops/s) - 704 (774056 Gflops/s) - 704 (774056 Gflops/s) | Temperatures: 60°C - 62°C - 73°C - 71°C - 62°C - 60°C - 72°C - 73°C | Throttling: None - None - None - None - None - None - None - None
703 (772956 Gflops/s) - 718 (789449 Gflops/s) - 700 (769658 Gflops/s) - 699 (768558 Gflops/s) - 717 (788349 Gflops/s) - 710 (780653 Gflops/s) - 703 (772956 Gflops/s) - 702 (771857 Gflops/s) | Temperatures: 60°C - 62°C - 73°C - 71°C - 62°C - 60°C - 72°C - 73°C | Throttling: None - None - None - None - None - None - None - None
707 (777354 Gflops/s) - 718 (789449 Gflops/s) - 701 (770757 Gflops/s) - 700 (769658 Gflops/s) - 716 (787250 Gflops/s) - 710 (780653 Gflops/s) - 704 (774056 Gflops/s) - 703 (772956 Gflops/s) | Temperatures: 60°C - 62°C - 73°C - 71°C - 62°C - 60°C - 72°C - 73°C | Throttling: None - None - None - None - None - None - None - None
702 (771857 Gflops/s) - 717 (788349 Gflops/s) - 701 (770757 Gflops/s) - 701 (770757 Gflops/s) - 716 (787250 Gflops/s) - 712 (782852 Gflops/s) - 705 (775155 Gflops/s) - 703 (772956 Gflops/s) | Temperatures: 59°C - 62°C - 73°C - 71°C - 62°C - 60°C - 72°C - 73°C | Throttling: None - None - None - None - None - None - None - None
704 (774056 Gflops/s) - 718 (789449 Gflops/s) - 701 (770757 Gflops/s) - 700 (769658 Gflops/s) - 716 (787250 Gflops/s) - 711 (781752 Gflops/s) - 704 (774056 Gflops/s) - 704 (774056 Gflops/s) | Temperatures: 60°C - 62°C - 73°C - 71°C - 62°C - 60°C - 72°C - 73°C | Throttling: None - None - None - None - None - None - None - None
704 (774056 Gflops/s) - 718 (789449 Gflops/s) - 701 (770757 Gflops/s) - 699 (768558 Gflops/s) - 717 (788349 Gflops/s) - 710 (780653 Gflops/s) - 704 (774056 Gflops/s) - 703 (772956 Gflops/s) | Temperatures: 60°C - 62°C - 73°C - 71°C - 62°C - 60°C - 72°C - 73°C | Throttling: None - None - None - None - None - None - None - None
704 (774056 Gflops/s) - 716 (787250 Gflops/s) - 700 (769658 Gflops/s) - 701 (770757 Gflops/s) - 716 (787250 Gflops/s) - 711 (781752 Gflops/s) - 704 (774056 Gflops/s) - 702 (771857 Gflops/s) | Temperatures: 60°C - 62°C - 73°C - 71°C - 62°C - 60°C - 72°C - 73°C | Throttling: None - None - None - None - None - None - None - None
704 (774056 Gflops/s) - 717 (788349 Gflops/s) - 701 (770757 Gflops/s) - 700 (769658 Gflops/s) - 716 (787250 Gflops/s) - 711 (781752 Gflops/s) - 704 (774056 Gflops/s) - 703 (772956 Gflops/s) | Temperatures: 60°C - 62°C - 73°C - 71°C - 63°C - 60°C - 72°C - 73°C | Throttling: None - None - None - None - None - None - None - None
705 (775155 Gflops/s) - 717 (788349 Gflops/s) - 701 (770757 Gflops/s) - 699 (768558 Gflops/s) - 716 (787250 Gflops/s) - 712 (782852 Gflops/s) - 705 (775155 Gflops/s) - 703 (772956 Gflops/s) | Temperatures: 60°C - 62°C - 73°C - 71°C - 62°C - 60°C - 72°C - 73°C | Throttling: None - None - None - None - None - None - None - None
703 (772956 Gflops/s) - 718 (789449 Gflops/s) - 700 (769658 Gflops/s) - 699 (768558 Gflops/s) - 716 (787250 Gflops/s) - 710 (780653 Gflops/s) - 703 (772956 Gflops/s) - 702 (771857 Gflops/s) | Temperatures: 60°C - 62°C - 73°C - 71°C - 62°C - 60°C - 72°C - 73°C | Throttling: None - None - None - None - None - None - None - None
704 (774056 Gflops/s) - 718 (789449 Gflops/s) - 700 (769658 Gflops/s) - 699 (768558 Gflops/s) - 715 (786150 Gflops/s) - 712 (782852 Gflops/s) - 704 (774056 Gflops/s) - 703 (772956 Gflops/s) | Temperatures: 60°C - 62°C - 73°C - 71°C - 63°C - 60°C - 72°C - 73°C | Throttling: None - None - None - None - None - None - None - None
704 (774056 Gflops/s) - 717 (788349 Gflops/s) - 701 (770757 Gflops/s) - 700 (769658 Gflops/s) - 716 (787250 Gflops/s) - 710 (780653 Gflops/s) - 704 (774056 Gflops/s) - 703 (772956 Gflops/s) | Temperatures: 60°C - 62°C - 73°C - 71°C - 62°C - 60°C - 72°C - 73°C | Throttling: None - None - None - None - None - None - None - None
705 (775155 Gflops/s) - 718 (789449 Gflops/s) - 700 (769658 Gflops/s) - 700 (769658 Gflops/s) - 716 (787250 Gflops/s) - 711 (781752 Gflops/s) - 704 (774056 Gflops/s) - 704 (774056 Gflops/s) | Temperatures: 60°C - 62°C - 73°C - 71°C - 63°C - 60°C - 72°C - 73°C | Throttling: None - None - None - None - None - None - None - None
704 (774056 Gflops/s) - 718 (789449 Gflops/s) - 701 (770757 Gflops/s) - 700 (769658 Gflops/s) - 716 (787250 Gflops/s) - 711 (781752 Gflops/s) - 705 (775155 Gflops/s) - 702 (771857 Gflops/s) | Temperatures: 60°C - 62°C - 73°C - 71°C - 63°C - 60°C - 72°C - 73°C | Throttling: None - None - None - None - None - None - None - None
704 (774056 Gflops/s) - 718 (789449 Gflops/s) - 700 (769658 Gflops/s) - 699 (768558 Gflops/s) - 727 (799344 Gflops/s) - 711 (781752 Gflops/s) - 704 (774056 Gflops/s) - 703 (772956 Gflops/s) | Temperatures: 60°C - 62°C - 73°C - 71°C - 63°C - 60°C - 72°C - 73°C | Throttling: None - None - None - None - None - None - None - None
704 (774056 Gflops/s) - 717 (788349 Gflops/s) - 700 (769658 Gflops/s) - 700 (769658 Gflops/s) - 705 (775155 Gflops/s) - 712 (782852 Gflops/s) - 704 (774056 Gflops/s) - 703 (772956 Gflops/s) | Temperatures: 60°C - 62°C - 73°C - 71°C - 63°C - 60°C - 72°C - 73°C | Throttling: None - None - None - None - None - None - None - None
703 (772956 Gflops/s) - 717 (788349 Gflops/s) - 700 (769658 Gflops/s) - 699 (768558 Gflops/s) - 715 (786150 Gflops/s) - 710 (780653 Gflops/s) - 703 (772956 Gflops/s) - 703 (772956 Gflops/s) | Temperatures: 60°C - 62°C - 73°C - 71°C - 63°C - 60°C - 72°C - 73°C | Throttling: None - None - None - None - None - None - None - None
705 (775155 Gflops/s) - 718 (789449 Gflops/s) - 701 (770757 Gflops/s) - 701 (770757 Gflops/s) - 716 (787250 Gflops/s) - 711 (781752 Gflops/s) - 704 (774056 Gflops/s) - 703 (772956 Gflops/s) | Temperatures: 60°C - 62°C - 73°C - 71°C - 63°C - 60°C - 72°C - 73°C | Throttling: None - None - None - None - None - None - None - None
704 (774056 Gflops/s) - 717 (788349 Gflops/s) - 700 (769658 Gflops/s) - 699 (768558 Gflops/s) - 716 (787250 Gflops/s) - 711 (781752 Gflops/s) - 704 (774056 Gflops/s) - 703 (772956 Gflops/s) | Temperatures: 60°C - 62°C - 74°C - 71°C - 63°C - 60°C - 72°C - 73°C | Throttling: None - None - None - None - None - None - None - None
704 (774056 Gflops/s) - 718 (789449 Gflops/s) - 701 (770757 Gflops/s) - 700 (769658 Gflops/s) - 715 (786150 Gflops/s) - 711 (781752 Gflops/s) - 704 (774056 Gflops/s) - 702 (771857 Gflops/s) | Temperatures: 60°C - 62°C - 73°C - 71°C - 63°C - 60°C - 72°C - 73°C | Throttling: None - None - None - None - None - None - None - None
704 (774056 Gflops/s) - 717 (788349 Gflops/s) - 700 (769658 Gflops/s) - 699 (768558 Gflops/s) - 717 (788349 Gflops/s) - 711 (781752 Gflops/s) - 714 (785051 Gflops/s) - 703 (772956 Gflops/s) | Temperatures: 60°C - 62°C - 73°C - 71°C - 63°C - 60°C - 72°C - 73°C | Throttling: None - None - None - None - None - None - None - None
704 (774056 Gflops/s) - 718 (789449 Gflops/s) - 700 (769658 Gflops/s) - 700 (769658 Gflops/s) - 715 (786150 Gflops/s) - 711 (781752 Gflops/s) - 693 (761961 Gflops/s) - 703 (772956 Gflops/s) | Temperatures: 60°C - 62°C - 73°C - 71°C - 63°C - 60°C - 72°C - 73°C | Throttling: None - None - None - None - None - None - None - None
704 (774056 Gflops/s) - 718 (789449 Gflops/s) - 701 (770757 Gflops/s) - 700 (769658 Gflops/s) - 716 (787250 Gflops/s) - 711 (781752 Gflops/s) - 704 (774056 Gflops/s) - 702 (771857 Gflops/s) | Temperatures: 60°C - 62°C - 74°C - 71°C - 63°C - 60°C - 72°C - 73°C | Throttling: None - None - None - None - None - None - None - None
705 (775155 Gflops/s) - 718 (789449 Gflops/s) - 700 (769658 Gflops/s) - 715 (786150 Gflops/s) - 715 (786150 Gflops/s) - 711 (781752 Gflops/s) - 705 (775155 Gflops/s) - 702 (771857 Gflops/s) | Temperatures: 60°C - 62°C - 73°C - 71°C - 63°C - 60°C - 72°C - 73°C | Throttling: None - None - None - None - None - None - None - None
704 (774056 Gflops/s) - 718 (789449 Gflops/s) - 700 (769658 Gflops/s) - 684 (752065 Gflops/s) - 716 (787250 Gflops/s) - 710 (780653 Gflops/s) - 704 (774056 Gflops/s) - 703 (772956 Gflops/s) | Temperatures: 60°C - 62°C - 74°C - 71°C - 62°C - 60°C - 72°C - 73°C | Throttling: None - None - None - None - None - None - None - None
703 (772956 Gflops/s) - 717 (788349 Gflops/s) - 700 (769658 Gflops/s) - 700 (769658 Gflops/s) - 716 (787250 Gflops/s) - 710 (780653 Gflops/s) - 702 (771857 Gflops/s) - 702 (771857 Gflops/s) | Temperatures: 60°C - 62°C - 74°C - 71°C - 63°C - 60°C - 72°C - 73°C | Throttling: None - None - None - None - None - None - None - None
705 (775155 Gflops/s) - 718 (789449 Gflops/s) - 701 (770757 Gflops/s) - 699 (768558 Gflops/s) - 715 (786150 Gflops/s) - 711 (781752 Gflops/s) - 705 (775155 Gflops/s) - 703 (772956 Gflops/s) | Temperatures: 60°C - 62°C - 74°C - 71°C - 63°C - 60°C - 72°C - 73°C | Throttling: None - None - None - None - None - None - None - None
704 (774056 Gflops/s) - 718 (789449 Gflops/s) - 700 (769658 Gflops/s) - 700 (769658 Gflops/s) - 716 (787250 Gflops/s) - 711 (781752 Gflops/s) - 704 (774056 Gflops/s) - 703 (772956 Gflops/s) | Temperatures: 60°C - 62°C - 73°C - 71°C - 63°C - 60°C - 72°C - 73°C | Throttling: None - None - None - None - None - None - None - None
704 (774056 Gflops/s) - 717 (788349 Gflops/s) - 700 (769658 Gflops/s) - 700 (769658 Gflops/s) - 716 (787250 Gflops/s) - 711 (781752 Gflops/s) - 704 (774056 Gflops/s) - 702 (771857 Gflops/s) | Temperatures: 60°C - 62°C - 74°C - 71°C - 63°C - 60°C - 72°C - 73°C | Throttling: None - None - None - None - None - None - None - None
705 (775155 Gflops/s) - 718 (789449 Gflops/s) - 701 (770757 Gflops/s) - 699 (768558 Gflops/s) - 715 (786150 Gflops/s) - 711 (781752 Gflops/s) - 704 (774056 Gflops/s) - 703 (772956 Gflops/s) | Temperatures: 60°C - 62°C - 73°C - 71°C - 63°C - 60°C - 72°C - 73°C | Throttling: None - None - None - None - None - None - None - None
704 (774056 Gflops/s) - 717 (788349 Gflops/s) - 700 (769658 Gflops/s) - 700 (769658 Gflops/s) - 716 (787250 Gflops/s) - 711 (781752 Gflops/s) - 704 (774056 Gflops/s) - 702 (771857 Gflops/s) | Temperatures: 60°C - 62°C - 73°C - 71°C - 63°C - 60°C - 72°C - 73°C | Throttling: None - None - None - None - None - None - None - None
704 (774056 Gflops/s) - 717 (788349 Gflops/s) - 700 (769658 Gflops/s) - 700 (769658 Gflops/s) - 717 (788349 Gflops/s) - 711 (781752 Gflops/s) - 704 (774056 Gflops/s) - 711 (781752 Gflops/s) | Temperatures: 60°C - 62°C - 73°C - 71°C - 63°C - 60°C - 72°C - 73°C | Throttling: None - None - None - None - None - None - None - None
704 (774056 Gflops/s) - 717 (788349 Gflops/s) - 700 (769658 Gflops/s) - 699 (768558 Gflops/s) - 715 (786150 Gflops/s) - 710 (780653 Gflops/s) - 704 (774056 Gflops/s) - 693 (761961 Gflops/s) | Temperatures: 60°C - 62°C - 73°C - 71°C - 63°C - 60°C - 72°C - 73°C | Throttling: None - None - None - None - None - None - None - None
703 (772956 Gflops/s) - 717 (788349 Gflops/s) - 700 (769658 Gflops/s) - 699 (768558 Gflops/s) - 714 (785051 Gflops/s) - 710 (780653 Gflops/s) - 707 (777354 Gflops/s) - 702 (771857 Gflops/s) | Temperatures: 60°C - 62°C - 74°C - 71°C - 63°C - 60°C - 72°C - 73°C | Throttling: None - None - None - None - None - None - None - None
704 (774056 Gflops/s) - 717 (788349 Gflops/s) - 700 (769658 Gflops/s) - 700 (769658 Gflops/s) - 716 (787250 Gflops/s) - 711 (781752 Gflops/s) - 700 (769658 Gflops/s) - 702 (771857 Gflops/s) | Temperatures: 60°C - 62°C - 73°C - 71°C - 63°C - 60°C - 72°C - 73°C | Throttling: None - None - None - None - None - None - None - None
704 (774056 Gflops/s) - 718 (789449 Gflops/s) - 700 (769658 Gflops/s) - 702 (771857 Gflops/s) - 716 (787250 Gflops/s) - 710 (780653 Gflops/s) - 704 (774056 Gflops/s) - 704 (774056 Gflops/s) | Temperatures: 60°C - 62°C - 74°C - 72°C - 63°C - 60°C - 72°C - 73°C | Throttling: None - None - None - None - None - None - None - None
665 (731175 Gflops/s) - 677 (744369 Gflops/s) - 661 (726777 Gflops/s) - 659 (724578 Gflops/s) - 676 (743269 Gflops/s) - 672 (738871 Gflops/s) - 664 (730075 Gflops/s) - 663 (728976 Gflops/s) | Temperatures: 60°C - 62°C - 74°C - 71°C - 63°C - 60°C - 72°C - 73°C | Throttling: None - None - None - None - None - None - None - None
651 (715782 Gflops/s) - 663 (728976 Gflops/s) - 648 (712483 Gflops/s) - 646 (710284 Gflops/s) - 662 (727876 Gflops/s) - 657 (722379 Gflops/s) - 651 (715782 Gflops/s) - 649 (713583 Gflops/s) | Temperatures: 60°C - 62°C - 74°C - 71°C - 63°C - 60°C - 72°C - 73°C | Throttling: None - None - None - None - None - None - None - None
628 (690493 Gflops/s) - 640 (703687 Gflops/s) - 624 (686095 Gflops/s) - 624 (686095 Gflops/s) - 638 (701488 Gflops/s) - 633 (695990 Gflops/s) - 628 (690493 Gflops/s) - 627 (689393 Gflops/s) | Temperatures: 60°C - 63°C - 74°C - 71°C - 63°C - 60°C - 72°C - 73°C | Throttling: None - None - None - None - None - None - None - None
640 (703687 Gflops/s) - 653 (717981 Gflops/s) - 637 (700388 Gflops/s) - 637 (700388 Gflops/s) - 651 (715782 Gflops/s) - 648 (712483 Gflops/s) - 640 (703687 Gflops/s) - 638 (701488 Gflops/s) | Temperatures: 60°C - 62°C - 74°C - 72°C - 63°C - 60°C - 72°C - 73°C | Throttling: None - None - None - None - None - None - None - None
656 (721279 Gflops/s) - 669 (735573 Gflops/s) - 653 (717981 Gflops/s) - 652 (716881 Gflops/s) - 668 (734473 Gflops/s) - 662 (727876 Gflops/s) - 656 (721279 Gflops/s) - 655 (720180 Gflops/s) | Temperatures: 60°C - 62°C - 74°C - 72°C - 63°C - 60°C - 72°C - 73°C | Throttling: None - None - None - None - None - None - None - None
623 (684995 Gflops/s) - 634 (697090 Gflops/s) - 619 (680597 Gflops/s) - 618 (679498 Gflops/s) - 632 (694891 Gflops/s) - 628 (690493 Gflops/s) - 622 (683896 Gflops/s) - 621 (682796 Gflops/s) | Temperatures: 60°C - 62°C - 74°C - 72°C - 63°C - 60°C - 72°C - 73°C | Throttling: None - None - None - None - None - None - None - None
640 (703687 Gflops/s) - 652 (716881 Gflops/s) - 636 (699289 Gflops/s) - 637 (700388 Gflops/s) - 651 (715782 Gflops/s) - 647 (711384 Gflops/s) - 639 (702587 Gflops/s) - 639 (702587 Gflops/s) | Temperatures: 60°C - 62°C - 74°C - 72°C - 63°C - 60°C - 72°C - 73°C | Throttling: None - None - None - None - None - None - None - None
662 (727876 Gflops/s) - 674 (741070 Gflops/s) - 657 (722379 Gflops/s) - 657 (722379 Gflops/s) - 673 (739971 Gflops/s) - 668 (734473 Gflops/s) - 661 (726777 Gflops/s) - 660 (725677 Gflops/s) | Temperatures: 60°C - 62°C - 74°C - 72°C - 63°C - 60°C - 72°C - 73°C | Throttling: None - None - None - None - None - None - None - None
617 (678398 Gflops/s) - 628 (690493 Gflops/s) - 613 (674000 Gflops/s) - 613 (674000 Gflops/s) - 627 (689393 Gflops/s) - 623 (684995 Gflops/s) - 617 (678398 Gflops/s) - 615 (676199 Gflops/s) | Temperatures: 60°C - 62°C - 74°C - 72°C - 63°C - 60°C - 72°C - 73°C | Throttling: None - None - None - None - None - None - None - None
651 (715782 Gflops/s) - 664 (730075 Gflops/s) - 648 (712483 Gflops/s) - 648 (712483 Gflops/s) - 663 (728976 Gflops/s) - 657 (722379 Gflops/s) - 651 (715782 Gflops/s) - 649 (713583 Gflops/s) | Temperatures: 60°C - 62°C - 74°C - 72°C - 63°C - 60°C - 72°C - 73°C | Throttling: None - None - None - None - None - None - None - None
628 (690493 Gflops/s) - 639 (702587 Gflops/s) - 624 (686095 Gflops/s) - 624 (686095 Gflops/s) - 638 (701488 Gflops/s) - 633 (695990 Gflops/s) - 627 (689393 Gflops/s) - 626 (688294 Gflops/s) | Temperatures: 60°C - 62°C - 74°C - 71°C - 63°C - 60°C - 72°C - 73°C | Throttling: None - None - None - None - None - None - None - None
641 (704786 Gflops/s) - 652 (716881 Gflops/s) - 637 (700388 Gflops/s) - 636 (699289 Gflops/s) - 663 (728976 Gflops/s) - 647 (711384 Gflops/s) - 640 (703687 Gflops/s) - 640 (703687 Gflops/s) | Temperatures: 60°C - 63°C - 74°C - 72°C - 63°C - 60°C - 72°C - 73°C | Throttling: None - None - None - None - None - None - None - None
656 (721279 Gflops/s) - 668 (734473 Gflops/s) - 653 (717981 Gflops/s) - 652 (716881 Gflops/s) - 655 (720180 Gflops/s) - 663 (728976 Gflops/s) - 656 (721279 Gflops/s) - 655 (720180 Gflops/s) | Temperatures: 60°C - 63°C - 74°C - 72°C - 63°C - 60°C - 72°C - 73°C | Throttling: None - None - None - None - None - None - None - None
623 (684995 Gflops/s) - 635 (698189 Gflops/s) - 619 (680597 Gflops/s) - 620 (681697 Gflops/s) - 634 (697090 Gflops/s) - 629 (691592 Gflops/s) - 623 (684995 Gflops/s) - 622 (683896 Gflops/s) | Temperatures: 60°C - 63°C - 74°C - 72°C - 63°C - 60°C - 72°C - 73°C | Throttling: None - None - None - None - None - None - None - None
640 (703687 Gflops/s) - 651 (715782 Gflops/s) - 637 (700388 Gflops/s) - 636 (699289 Gflops/s) - 650 (714682 Gflops/s) - 645 (709184 Gflops/s) - 639 (702587 Gflops/s) - 638 (701488 Gflops/s) | Temperatures: 60°C - 62°C - 74°C - 72°C - 63°C - 60°C - 72°C - 73°C | Throttling: None - None - None - None - None - None - None - None
675 (742170 Gflops/s) - 674 (741070 Gflops/s) - 658 (723478 Gflops/s) - 656 (721279 Gflops/s) - 672 (738871 Gflops/s) - 668 (734473 Gflops/s) - 661 (726777 Gflops/s) - 659 (724578 Gflops/s) | Temperatures: 60°C - 63°C - 74°C - 72°C - 63°C - 60°C - 72°C - 73°C | Throttling: None - None - None - None - None - None - None - None
605 (665204 Gflops/s) - 628 (690493 Gflops/s) - 614 (675100 Gflops/s) - 614 (675100 Gflops/s) - 628 (690493 Gflops/s) - 623 (684995 Gflops/s) - 617 (678398 Gflops/s) - 616 (677299 Gflops/s) | Temperatures: 60°C - 62°C - 74°C - 72°C - 63°C - 60°C - 72°C - 73°C | Throttling: None - None - None - None - None - None - None - None
651 (715782 Gflops/s) - 664 (730075 Gflops/s) - 647 (711384 Gflops/s) - 647 (711384 Gflops/s) - 663 (728976 Gflops/s) - 657 (722379 Gflops/s) - 658 (723478 Gflops/s) - 649 (713583 Gflops/s) | Temperatures: 60°C - 62°C - 74°C - 72°C - 63°C - 60°C - 72°C - 73°C | Throttling: None - None - None - None - None - None - None - None
628 (690493 Gflops/s) - 639 (702587 Gflops/s) - 624 (686095 Gflops/s) - 623 (684995 Gflops/s) - 638 (701488 Gflops/s) - 633 (695990 Gflops/s) - 620 (681697 Gflops/s) - 626 (688294 Gflops/s) | Temperatures: 60°C - 63°C - 74°C - 72°C - 63°C - 60°C - 72°C - 73°C | Throttling: None - None - None - None - None - None - None - None
641 (704786 Gflops/s) - 653 (717981 Gflops/s) - 637 (700388 Gflops/s) - 637 (700388 Gflops/s) - 651 (715782 Gflops/s) - 646 (710284 Gflops/s) - 640 (703687 Gflops/s) - 638 (701488 Gflops/s) | Temperatures: 60°C - 63°C - 74°C - 72°C - 63°C - 60°C - 72°C - 73°C | Throttling: None - None - None - None - None - None - None - None
656 (721279 Gflops/s) - 668 (734473 Gflops/s) - 652 (716881 Gflops/s) - 652 (716881 Gflops/s) - 666 (732274 Gflops/s) - 664 (730075 Gflops/s) - 655 (720180 Gflops/s) - 654 (719080 Gflops/s) | Temperatures: 60°C - 63°C - 74°C - 72°C - 63°C - 60°C - 72°C - 73°C | Throttling: None - None - None - None - None - None - None - None
629 (691592 Gflops/s) - 636 (699289 Gflops/s) - 620 (681697 Gflops/s) - 619 (680597 Gflops/s) - 634 (697090 Gflops/s) - 628 (690493 Gflops/s) - 622 (683896 Gflops/s) - 623 (684995 Gflops/s) | Temperatures: 60°C - 63°C - 74°C - 71°C - 63°C - 60°C - 72°C - 73°C | Throttling: None - None - None - None - None - None - None - None
635 (698189 Gflops/s) - 652 (716881 Gflops/s) - 636 (699289 Gflops/s) - 637 (700388 Gflops/s) - 651 (715782 Gflops/s) - 646 (710284 Gflops/s) - 640 (703687 Gflops/s) - 638 (701488 Gflops/s) | Temperatures: 60°C - 63°C - 74°C - 72°C - 63°C - 60°C - 72°C - 73°C | Throttling: None - None - None - None - None - None - None - None
661 (726777 Gflops/s) - 674 (741070 Gflops/s) - 658 (723478 Gflops/s) - 657 (722379 Gflops/s) - 672 (738871 Gflops/s) - 668 (734473 Gflops/s) - 660 (725677 Gflops/s) - 660 (725677 Gflops/s) | Temperatures: 60°C - 63°C - 74°C - 72°C - 63°C - 60°C - 72°C - 73°C | Throttling: None - None - None - None - None - None - None - None
618 (679498 Gflops/s) - 629 (691592 Gflops/s) - 614 (675100 Gflops/s) - 614 (675100 Gflops/s) - 628 (690493 Gflops/s) - 623 (684995 Gflops/s) - 617 (678398 Gflops/s) - 615 (676199 Gflops/s) | Temperatures: 60°C - 63°C - 74°C - 72°C - 63°C - 60°C - 72°C - 73°C | Throttling: None - None - None - None - None - None - None - None
651 (715782 Gflops/s) - 663 (728976 Gflops/s) - 647 (711384 Gflops/s) - 647 (711384 Gflops/s) - 662 (727876 Gflops/s) - 657 (722379 Gflops/s) - 650 (714682 Gflops/s) - 649 (713583 Gflops/s) | Temperatures: 60°C - 63°C - 74°C - 72°C - 63°C - 60°C - 72°C - 73°C | Throttling: None - None - None - None - None - None - None - None
627 (689393 Gflops/s) - 639 (702587 Gflops/s) - 624 (686095 Gflops/s) - 624 (686095 Gflops/s) - 638 (701488 Gflops/s) - 633 (695990 Gflops/s) - 627 (689393 Gflops/s) - 627 (689393 Gflops/s) | Temperatures: 60°C - 63°C - 74°C - 72°C - 63°C - 60°C - 72°C - 73°C | Throttling: None - None - None - None - None - None - None - None
641 (704786 Gflops/s) - 653 (717981 Gflops/s) - 636 (699289 Gflops/s) - 636 (699289 Gflops/s) - 651 (715782 Gflops/s) - 646 (710284 Gflops/s) - 639 (702587 Gflops/s) - 638 (701488 Gflops/s) | Temperatures: 60°C - 63°C - 74°C - 72°C - 63°C - 60°C - 72°C - 73°C | Throttling: None - None - None - None - None - None - None - None
657 (722379 Gflops/s) - 669 (735573 Gflops/s) - 652 (716881 Gflops/s) - 652 (716881 Gflops/s) - 667 (733374 Gflops/s) - 663 (728976 Gflops/s) - 657 (722379 Gflops/s) - 655 (720180 Gflops/s) | Temperatures: 60°C - 63°C - 74°C - 72°C - 63°C - 60°C - 72°C - 73°C | Throttling: None - None - None - None - None - None - None - None
623 (684995 Gflops/s) - 634 (697090 Gflops/s) - 619 (680597 Gflops/s) - 619 (680597 Gflops/s) - 634 (697090 Gflops/s) - 628 (690493 Gflops/s) - 622 (683896 Gflops/s) - 622 (683896 Gflops/s) | Temperatures: 60°C - 63°C - 74°C - 72°C - 63°C - 60°C - 72°C - 73°C | Throttling: None - None - None - None - None - None - None - None
640 (703687 Gflops/s) - 652 (716881 Gflops/s) - 637 (700388 Gflops/s) - 636 (699289 Gflops/s) - 650 (714682 Gflops/s) - 646 (710284 Gflops/s) - 640 (703687 Gflops/s) - 638 (701488 Gflops/s) | Temperatures: 60°C - 63°C - 74°C - 72°C - 63°C - 60°C - 72°C - 73°C | Throttling: None - None - None - None - None - None - None - None
656 (721279 Gflops/s) - 669 (735573 Gflops/s) - 652 (716881 Gflops/s) - 651 (715782 Gflops/s) - 668 (734473 Gflops/s) - 663 (728976 Gflops/s) - 656 (721279 Gflops/s) - 655 (720180 Gflops/s) | Temperatures: 60°C - 63°C - 74°C - 72°C - 63°C - 60°C - 72°C - 73°C | Throttling: None - None - None - None - None - None - None - None
630 (692692 Gflops/s) - 642 (705886 Gflops/s) - 626 (688294 Gflops/s) - 626 (688294 Gflops/s) - 640 (703687 Gflops/s) - 635 (698189 Gflops/s) - 629 (691592 Gflops/s) - 629 (691592 Gflops/s) | Temperatures: 60°C - 63°C - 74°C - 72°C - 63°C - 60°C - 72°C - 73°C | Throttling: None - None - None - None - None - None - None - None
661 (726777 Gflops/s) - 674 (741070 Gflops/s) - 657 (722379 Gflops/s) - 658 (723478 Gflops/s) - 672 (738871 Gflops/s) - 667 (733374 Gflops/s) - 661 (726777 Gflops/s) - 660 (725677 Gflops/s) | Temperatures: 60°C - 63°C - 74°C - 72°C - 63°C - 60°C - 72°C - 73°C | Throttling: None - None - None - None - None - None - None - None
662 (727876 Gflops/s) - 673 (739971 Gflops/s) - 658 (723478 Gflops/s) - 657 (722379 Gflops/s) - 672 (738871 Gflops/s) - 668 (734473 Gflops/s) - 661 (726777 Gflops/s) - 659 (724578 Gflops/s) | Temperatures: 60°C - 63°C - 74°C - 72°C - 63°C - 60°C - 72°C - 74°C | Throttling: None - None - None - None - None - None - None - None
662 (727876 Gflops/s) - 675 (742170 Gflops/s) - 658 (723478 Gflops/s) - 658 (723478 Gflops/s) - 673 (739971 Gflops/s) - 668 (734473 Gflops/s) - 662 (727876 Gflops/s) - 660 (725677 Gflops/s) | Temperatures: 60°C - 63°C - 74°C - 72°C - 63°C - 60°C - 72°C - 73°C | Throttling: None - None - None - None - None - None - None - None
661 (726777 Gflops/s) - 674 (741070 Gflops/s) - 657 (722379 Gflops/s) - 656 (721279 Gflops/s) - 671 (737772 Gflops/s) - 667 (733374 Gflops/s) - 660 (725677 Gflops/s) - 659 (724578 Gflops/s) | Temperatures: 60°C - 63°C - 74°C - 72°C - 63°C - 60°C - 72°C - 74°C | Throttling: None - None - None - None - None - None - None - None
662 (727876 Gflops/s) - 675 (742170 Gflops/s) - 658 (723478 Gflops/s) - 657 (722379 Gflops/s) - 674 (741070 Gflops/s) - 668 (734473 Gflops/s) - 662 (727876 Gflops/s) - 661 (726777 Gflops/s) | Temperatures: 60°C - 63°C - 74°C - 72°C - 63°C - 60°C - 72°C - 74°C | Throttling: None - None - None - None - None - None - None - None
661 (726777 Gflops/s) - 674 (741070 Gflops/s) - 657 (722379 Gflops/s) - 657 (722379 Gflops/s) - 672 (738871 Gflops/s) - 667 (733374 Gflops/s) - 661 (726777 Gflops/s) - 658 (723478 Gflops/s) | Temperatures: 60°C - 63°C - 74°C - 72°C - 63°C - 60°C - 72°C - 74°C | Throttling: None - None - None - None - None - None - None - None
661 (726777 Gflops/s) - 673 (739971 Gflops/s) - 657 (722379 Gflops/s) - 657 (722379 Gflops/s) - 671 (737772 Gflops/s) - 667 (733374 Gflops/s) - 660 (725677 Gflops/s) - 659 (724578 Gflops/s) | Temperatures: 60°C - 63°C - 74°C - 72°C - 63°C - 60°C - 72°C - 73°C | Throttling: None - None - None - None - None - None - None - None
662 (727876 Gflops/s) - 675 (742170 Gflops/s) - 658 (723478 Gflops/s) - 658 (723478 Gflops/s) - 673 (739971 Gflops/s) - 669 (735573 Gflops/s) - 661 (726777 Gflops/s) - 660 (725677 Gflops/s) | Temperatures: 60°C - 63°C - 74°C - 72°C - 63°C - 60°C - 72°C - 73°C | Throttling: None - None - None - None - None - None - None - None
662 (727876 Gflops/s) - 672 (738871 Gflops/s) - 657 (722379 Gflops/s) - 656 (721279 Gflops/s) - 672 (738871 Gflops/s) - 667 (733374 Gflops/s) - 660 (725677 Gflops/s) - 659 (724578 Gflops/s) | Temperatures: 60°C - 63°C - 74°C - 72°C - 63°C - 60°C - 72°C - 73°C | Throttling: None - None - None - None - None - None - None - None
662 (727876 Gflops/s) - 675 (742170 Gflops/s) - 657 (722379 Gflops/s) - 658 (723478 Gflops/s) - 672 (738871 Gflops/s) - 668 (734473 Gflops/s) - 661 (726777 Gflops/s) - 660 (725677 Gflops/s) | Temperatures: 60°C - 63°C - 74°C - 72°C - 63°C - 60°C - 72°C - 73°C | Throttling: None - None - None - None - None - None - None - None
661 (726777 Gflops/s) - 674 (741070 Gflops/s) - 657 (722379 Gflops/s) - 657 (722379 Gflops/s) - 672 (738871 Gflops/s) - 667 (733374 Gflops/s) - 661 (726777 Gflops/s) - 659 (724578 Gflops/s) | Temperatures: 60°C - 63°C - 74°C - 72°C - 63°C - 60°C - 72°C - 73°C | Throttling: None - None - None - None - None - None - None - None
662 (727876 Gflops/s) - 675 (742170 Gflops/s) - 658 (723478 Gflops/s) - 657 (722379 Gflops/s) - 673 (739971 Gflops/s) - 667 (733374 Gflops/s) - 661 (726777 Gflops/s) - 660 (725677 Gflops/s) | Temperatures: 60°C - 63°C - 74°C - 72°C - 63°C - 60°C - 72°C - 74°C | Throttling: None - None - None - None - None - None - None - None
661 (726777 Gflops/s) - 675 (742170 Gflops/s) - 657 (722379 Gflops/s) - 658 (723478 Gflops/s) - 672 (738871 Gflops/s) - 668 (734473 Gflops/s) - 661 (726777 Gflops/s) - 659 (724578 Gflops/s) | Temperatures: 60°C - 63°C - 74°C - 72°C - 63°C - 60°C - 72°C - 73°C | Throttling: None - None - None - None - None - None - None - None
703 (772956 Gflops/s) - 716 (787250 Gflops/s) - 698 (767459 Gflops/s) - 697 (766359 Gflops/s) - 713 (783951 Gflops/s) - 708 (778454 Gflops/s) - 701 (770757 Gflops/s) - 700 (769658 Gflops/s) | Temperatures: 60°C - 63°C - 74°C - 72°C - 63°C - 60°C - 72°C - 73°C | Throttling: None - None - None - None - None - None - None - None
704 (774056 Gflops/s) - 718 (789449 Gflops/s) - 701 (770757 Gflops/s) - 700 (769658 Gflops/s) - 716 (787250 Gflops/s) - 711 (781752 Gflops/s) - 704 (774056 Gflops/s) - 701 (770757 Gflops/s) | Temperatures: 60°C - 63°C - 74°C - 72°C - 63°C - 60°C - 72°C - 73°C | Throttling: None - None - None - None - None - None - None - None
705 (775155 Gflops/s) - 717 (788349 Gflops/s) - 700 (769658 Gflops/s) - 700 (769658 Gflops/s) - 716 (787250 Gflops/s) - 710 (780653 Gflops/s) - 704 (774056 Gflops/s) - 702 (771857 Gflops/s) | Temperatures: 60°C - 63°C - 74°C - 72°C - 63°C - 60°C - 72°C - 73°C | Throttling: None - None - None - None - None - None - None - None
705 (775155 Gflops/s) - 718 (789449 Gflops/s) - 700 (769658 Gflops/s) - 700 (769658 Gflops/s) - 716 (787250 Gflops/s) - 711 (781752 Gflops/s) - 703 (772956 Gflops/s) - 703 (772956 Gflops/s) | Temperatures: 60°C - 63°C - 74°C - 72°C - 63°C - 60°C - 72°C - 74°C | Throttling: None - None - None - None - None - None - None - None
704 (774056 Gflops/s) - 718 (789449 Gflops/s) - 701 (770757 Gflops/s) - 699 (768558 Gflops/s) - 716 (787250 Gflops/s) - 711 (781752 Gflops/s) - 705 (775155 Gflops/s) - 703 (772956 Gflops/s) | Temperatures: 60°C - 63°C - 74°C - 72°C - 63°C - 60°C - 72°C - 74°C | Throttling: None - None - None - None - None - None - None - None
705 (775155 Gflops/s) - 718 (789449 Gflops/s) - 700 (769658 Gflops/s) - 700 (769658 Gflops/s) - 716 (787250 Gflops/s) - 712 (782852 Gflops/s) - 704 (774056 Gflops/s) - 702 (771857 Gflops/s) | Temperatures: 60°C - 63°C - 74°C - 72°C - 63°C - 60°C - 72°C - 74°C | Throttling: None - None - None - None - None - None - None - None
709 (779553 Gflops/s) - 717 (788349 Gflops/s) - 700 (769658 Gflops/s) - 700 (769658 Gflops/s) - 717 (788349 Gflops/s) - 710 (780653 Gflops/s) - 704 (774056 Gflops/s) - 702 (771857 Gflops/s) | Temperatures: 60°C - 63°C - 74°C - 72°C - 63°C - 60°C - 72°C - 74°C | Throttling: None - None - None - None - None - None - None - None
699 (768558 Gflops/s) - 718 (789449 Gflops/s) - 700 (769658 Gflops/s) - 699 (768558 Gflops/s) - 715 (786150 Gflops/s) - 711 (781752 Gflops/s) - 703 (772956 Gflops/s) - 703 (772956 Gflops/s) | Temperatures: 60°C - 63°C - 74°C - 72°C - 63°C - 60°C - 72°C - 74°C | Throttling: None - None - None - None - None - None - None - None
705 (775155 Gflops/s) - 717 (788349 Gflops/s) - 701 (770757 Gflops/s) - 699 (768558 Gflops/s) - 716 (787250 Gflops/s) - 711 (781752 Gflops/s) - 704 (774056 Gflops/s) - 701 (770757 Gflops/s) | Temperatures: 60°C - 63°C - 74°C - 72°C - 63°C - 60°C - 72°C - 73°C | Throttling: None - None - None - None - None - None - None - None
705 (775155 Gflops/s) - 716 (787250 Gflops/s) - 700 (769658 Gflops/s) - 700 (769658 Gflops/s) - 716 (787250 Gflops/s) - 711 (781752 Gflops/s) - 704 (774056 Gflops/s) - 703 (772956 Gflops/s) | Temperatures: 60°C - 63°C - 74°C - 72°C - 63°C - 60°C - 72°C - 74°C | Throttling: None - None - None - None - None - None - None - None
704 (774056 Gflops/s) - 718 (789449 Gflops/s) - 701 (770757 Gflops/s) - 699 (768558 Gflops/s) - 717 (788349 Gflops/s) - 712 (782852 Gflops/s) - 706 (776255 Gflops/s) - 703 (772956 Gflops/s) | Temperatures: 60°C - 63°C - 74°C - 72°C - 63°C - 60°C - 72°C - 74°C | Throttling: None - None - None - None - None - None - None - None
705 (775155 Gflops/s) - 717 (788349 Gflops/s) - 700 (769658 Gflops/s) - 700 (769658 Gflops/s) - 716 (787250 Gflops/s) - 709 (779553 Gflops/s) - 702 (771857 Gflops/s) - 702 (771857 Gflops/s) | Temperatures: 60°C - 63°C - 74°C - 72°C - 63°C - 60°C - 72°C - 74°C | Throttling: None - None - None - None - None - None - None - None
704 (774056 Gflops/s) - 718 (789449 Gflops/s) - 700 (769658 Gflops/s) - 700 (769658 Gflops/s) - 716 (787250 Gflops/s) - 711 (781752 Gflops/s) - 703 (772956 Gflops/s) - 702 (771857 Gflops/s) | Temperatures: 60°C - 63°C - 74°C - 72°C - 63°C - 60°C - 72°C - 73°C | Throttling: None - None - None - None - None - None - None - None
705 (775155 Gflops/s) - 718 (789449 Gflops/s) - 700 (769658 Gflops/s) - 700 (769658 Gflops/s) - 716 (787250 Gflops/s) - 712 (782852 Gflops/s) - 705 (775155 Gflops/s) - 703 (772956 Gflops/s) | Temperatures: 60°C - 63°C - 74°C - 72°C - 63°C - 60°C - 72°C - 74°C | Throttling: None - None - None - None - None - None - None - None
704 (774056 Gflops/s) - 717 (788349 Gflops/s) - 699 (768558 Gflops/s) - 699 (768558 Gflops/s) - 715 (786150 Gflops/s) - 710 (780653 Gflops/s) - 703 (772956 Gflops/s) - 701 (770757 Gflops/s) | Temperatures: 60°C - 63°C - 74°C - 72°C - 63°C - 60°C - 72°C - 74°C | Throttling: None - None - None - None - None - None - None - None
704 (774056 Gflops/s) - 718 (789449 Gflops/s) - 701 (770757 Gflops/s) - 699 (768558 Gflops/s) - 716 (787250 Gflops/s) - 711 (781752 Gflops/s) - 704 (774056 Gflops/s) - 702 (771857 Gflops/s) | Temperatures: 60°C - 63°C - 74°C - 72°C - 63°C - 60°C - 72°C - 74°C | Throttling: None - None - None - None - None - None - None - None
705 (775155 Gflops/s) - 716 (787250 Gflops/s) - 699 (768558 Gflops/s) - 700 (769658 Gflops/s) - 717 (788349 Gflops/s) - 710 (780653 Gflops/s) - 705 (775155 Gflops/s) - 702 (771857 Gflops/s) | Temperatures: 60°C - 63°C - 74°C - 72°C - 63°C - 60°C - 72°C - 74°C | Throttling: None - None - None - None - None - None - None - None
705 (775155 Gflops/s) - 718 (789449 Gflops/s) - 701 (770757 Gflops/s) - 700 (769658 Gflops/s) - 716 (787250 Gflops/s) - 711 (781752 Gflops/s) - 703 (772956 Gflops/s) - 702 (771857 Gflops/s) | Temperatures: 60°C - 63°C - 74°C - 72°C - 63°C - 60°C - 72°C - 74°C | Throttling: None - None - None - None - None - None - None - None
704 (774056 Gflops/s) - 717 (788349 Gflops/s) - 702 (771857 Gflops/s) - 700 (769658 Gflops/s) - 716 (787250 Gflops/s) - 710 (780653 Gflops/s) - 704 (774056 Gflops/s) - 702 (771857 Gflops/s) | Temperatures: 60°C - 63°C - 74°C - 72°C - 63°C - 60°C - 72°C - 74°C | Throttling: None - None - None - None - None - None - None - None
695 (764160 Gflops/s) - 692 (760862 Gflops/s) - 676 (743269 Gflops/s) - 673 (739971 Gflops/s) - 690 (758663 Gflops/s) - 685 (753165 Gflops/s) - 679 (746568 Gflops/s) - 681 (748767 Gflops/s) | Temperatures: 60°C - 63°C - 74°C - 72°C - 63°C - 60°C - 72°C - 74°C | Throttling: None - None - None - None - None - None - None - None
634 (697090 Gflops/s) - 661 (726777 Gflops/s) - 647 (711384 Gflops/s) - 645 (709184 Gflops/s) - 660 (725677 Gflops/s) - 655 (720180 Gflops/s) - 649 (713583 Gflops/s) - 641 (704786 Gflops/s) | Temperatures: 60°C - 63°C - 74°C - 72°C - 63°C - 60°C - 72°C - 74°C | Throttling: None - None - None - None - None - None - None - None
652 (716881 Gflops/s) - 664 (730075 Gflops/s) - 658 (723478 Gflops/s) - 647 (711384 Gflops/s) - 662 (727876 Gflops/s) - 657 (722379 Gflops/s) - 663 (728976 Gflops/s) - 650 (714682 Gflops/s) | Temperatures: 60°C - 63°C - 74°C - 72°C - 63°C - 60°C - 72°C - 74°C | Throttling: None - None - None - None - None - None - None - None
657 (722379 Gflops/s) - 669 (735573 Gflops/s) - 644 (708085 Gflops/s) - 652 (716881 Gflops/s) - 668 (734473 Gflops/s) - 664 (730075 Gflops/s) - 645 (709184 Gflops/s) - 655 (720180 Gflops/s) | Temperatures: 60°C - 63°C - 74°C - 72°C - 63°C - 60°C - 72°C - 74°C | Throttling: None - None - None - None - None - None - None - None
645 (709184 Gflops/s) - 657 (722379 Gflops/s) - 641 (704786 Gflops/s) - 640 (703687 Gflops/s) - 655 (720180 Gflops/s) - 651 (715782 Gflops/s) - 644 (708085 Gflops/s) - 642 (705886 Gflops/s) | Temperatures: 60°C - 63°C - 74°C - 72°C - 63°C - 60°C - 72°C - 74°C | Throttling: None - None - None - None - None - None - None - None
651 (715782 Gflops/s) - 663 (728976 Gflops/s) - 648 (712483 Gflops/s) - 647 (711384 Gflops/s) - 661 (726777 Gflops/s) - 657 (722379 Gflops/s) - 651 (715782 Gflops/s) - 649 (713583 Gflops/s) | Temperatures: 60°C - 63°C - 74°C - 72°C - 63°C - 60°C - 72°C - 74°C | Throttling: None - None - None - None - None - None - None - None
663 (728976 Gflops/s) - 675 (742170 Gflops/s) - 659 (724578 Gflops/s) - 658 (723478 Gflops/s) - 673 (739971 Gflops/s) - 669 (735573 Gflops/s) - 662 (727876 Gflops/s) - 660 (725677 Gflops/s) | Temperatures: 60°C - 63°C - 74°C - 72°C - 63°C - 60°C - 72°C - 74°C | Throttling: None - None - None - None - None - None - None - None
639 (702587 Gflops/s) - 651 (715782 Gflops/s) - 635 (698189 Gflops/s) - 635 (698189 Gflops/s) - 650 (714682 Gflops/s) - 644 (708085 Gflops/s) - 639 (702587 Gflops/s) - 637 (700388 Gflops/s) | Temperatures: 60°C - 63°C - 74°C - 72°C - 63°C - 60°C - 72°C - 74°C | Throttling: None - None - None - None - None - None - None - None
650 (714682 Gflops/s) - 662 (727876 Gflops/s) - 648 (712483 Gflops/s) - 645 (709184 Gflops/s) - 661 (726777 Gflops/s) - 656 (721279 Gflops/s) - 649 (713583 Gflops/s) - 648 (712483 Gflops/s) | Temperatures: 60°C - 63°C - 74°C - 72°C - 63°C - 60°C - 72°C - 74°C | Throttling: None - None - None - None - None - None - None - None
651 (715782 Gflops/s) - 662 (727876 Gflops/s) - 647 (711384 Gflops/s) - 646 (710284 Gflops/s) - 661 (726777 Gflops/s) - 656 (721279 Gflops/s) - 650 (714682 Gflops/s) - 647 (711384 Gflops/s) | Temperatures: 60°C - 63°C - 74°C - 72°C - 63°C - 60°C - 72°C - 74°C | Throttling: None - None - None - None - None - None - None - None
651 (715782 Gflops/s) - 664 (730075 Gflops/s) - 648 (712483 Gflops/s) - 646 (710284 Gflops/s) - 661 (726777 Gflops/s) - 657 (722379 Gflops/s) - 652 (716881 Gflops/s) - 650 (714682 Gflops/s) | Temperatures: 60°C - 63°C - 74°C - 72°C - 63°C - 60°C - 72°C - 74°C | Throttling: None - None - None - None - None - None - None - None
653 (717981 Gflops/s) - 665 (731175 Gflops/s) - 649 (713583 Gflops/s) - 648 (712483 Gflops/s) - 663 (728976 Gflops/s) - 658 (723478 Gflops/s) - 652 (716881 Gflops/s) - 650 (714682 Gflops/s) | Temperatures: 60°C - 63°C - 74°C - 72°C - 63°C - 60°C - 72°C - 74°C | Throttling: None - None - None - None - None - None - None - None
649 (713583 Gflops/s) - 661 (726777 Gflops/s) - 645 (709184 Gflops/s) - 645 (709184 Gflops/s) - 660 (725677 Gflops/s) - 655 (720180 Gflops/s) - 649 (713583 Gflops/s) - 648 (712483 Gflops/s) | Temperatures: 60°C - 63°C - 74°C - 72°C - 63°C - 60°C - 72°C - 74°C | Throttling: None - None - None - None - None - None - None - None
651 (715782 Gflops/s) - 663 (728976 Gflops/s) - 648 (712483 Gflops/s) - 646 (710284 Gflops/s) - 661 (726777 Gflops/s) - 657 (722379 Gflops/s) - 651 (715782 Gflops/s) - 649 (713583 Gflops/s) | Temperatures: 60°C - 63°C - 74°C - 72°C - 63°C - 60°C - 72°C - 74°C | Throttling: None - None - None - None - None - None - None - None
662 (727876 Gflops/s) - 676 (743269 Gflops/s) - 658 (723478 Gflops/s) - 664 (730075 Gflops/s) - 673 (739971 Gflops/s) - 668 (734473 Gflops/s) - 661 (726777 Gflops/s) - 660 (725677 Gflops/s) | Temperatures: 60°C - 63°C - 74°C - 72°C - 63°C - 60°C - 72°C - 74°C | Throttling: None - None - None - None - None - None - None - None
639 (702587 Gflops/s) - 650 (714682 Gflops/s) - 635 (698189 Gflops/s) - 627 (689393 Gflops/s) - 649 (713583 Gflops/s) - 650 (714682 Gflops/s) - 638 (701488 Gflops/s) - 637 (700388 Gflops/s) | Temperatures: 60°C - 63°C - 74°C - 72°C - 63°C - 60°C - 72°C - 74°C | Throttling: None - None - None - None - None - None - None - None
652 (716881 Gflops/s) - 665 (731175 Gflops/s) - 649 (713583 Gflops/s) - 648 (712483 Gflops/s) - 663 (728976 Gflops/s) - 651 (715782 Gflops/s) - 652 (716881 Gflops/s) - 650 (714682 Gflops/s) | Temperatures: 60°C - 63°C - 74°C - 72°C - 63°C - 60°C - 72°C - 74°C | Throttling: None - None - None - None - None - None - None - None
650 (714682 Gflops/s) - 662 (727876 Gflops/s) - 646 (710284 Gflops/s) - 644 (708085 Gflops/s) - 659 (724578 Gflops/s) - 655 (720180 Gflops/s) - 648 (712483 Gflops/s) - 646 (710284 Gflops/s) | Temperatures: 60°C - 63°C - 74°C - 72°C - 63°C - 60°C - 72°C - 74°C | Throttling: None - None - None - None - None - None - None - None
651 (715782 Gflops/s) - 664 (730075 Gflops/s) - 648 (712483 Gflops/s) - 647 (711384 Gflops/s) - 661 (726777 Gflops/s) - 657 (722379 Gflops/s) - 651 (715782 Gflops/s) - 650 (714682 Gflops/s) | Temperatures: 60°C - 63°C - 74°C - 72°C - 63°C - 60°C - 72°C - 74°C | Throttling: None - None - None - None - None - None - None - None
651 (715782 Gflops/s) - 662 (727876 Gflops/s) - 646 (710284 Gflops/s) - 645 (709184 Gflops/s) - 662 (727876 Gflops/s) - 657 (722379 Gflops/s) - 650 (714682 Gflops/s) - 648 (712483 Gflops/s) | Temperatures: 60°C - 63°C - 74°C - 72°C - 63°C - 60°C - 72°C - 74°C | Throttling: None - None - None - None - None - None - None - None
651 (715782 Gflops/s) - 664 (730075 Gflops/s) - 648 (712483 Gflops/s) - 647 (711384 Gflops/s) - 661 (726777 Gflops/s) - 657 (722379 Gflops/s) - 651 (715782 Gflops/s) - 648 (712483 Gflops/s) | Temperatures: 60°C - 63°C - 74°C - 72°C - 63°C - 60°C - 72°C - 74°C | Throttling: None - None - None - None - None - None - None - None
651 (715782 Gflops/s) - 663 (728976 Gflops/s) - 647 (711384 Gflops/s) - 646 (710284 Gflops/s) - 662 (727876 Gflops/s) - 657 (722379 Gflops/s) - 651 (715782 Gflops/s) - 649 (713583 Gflops/s) | Temperatures: 60°C - 63°C - 74°C - 72°C - 63°C - 60°C - 72°C - 74°C | Throttling: None - None - None - None - None - None - None - None
662 (727876 Gflops/s) - 675 (742170 Gflops/s) - 665 (731175 Gflops/s) - 657 (722379 Gflops/s) - 673 (739971 Gflops/s) - 668 (734473 Gflops/s) - 661 (726777 Gflops/s) - 660 (725677 Gflops/s) | Temperatures: 60°C - 63°C - 74°C - 72°C - 63°C - 60°C - 72°C - 74°C | Throttling: None - None - None - None - None - None - None - None
640 (703687 Gflops/s) - 652 (716881 Gflops/s) - 630 (692692 Gflops/s) - 636 (699289 Gflops/s) - 650 (714682 Gflops/s) - 646 (710284 Gflops/s) - 639 (702587 Gflops/s) - 638 (701488 Gflops/s) | Temperatures: 60°C - 63°C - 74°C - 72°C - 63°C - 60°C - 72°C - 74°C | Throttling: None - None - None - None - None - None - None - None
652 (716881 Gflops/s) - 664 (730075 Gflops/s) - 647 (711384 Gflops/s) - 646 (710284 Gflops/s) - 662 (727876 Gflops/s) - 657 (722379 Gflops/s) - 651 (715782 Gflops/s) - 648 (712483 Gflops/s) | Temperatures: 60°C - 63°C - 74°C - 72°C - 63°C - 60°C - 72°C - 74°C | Throttling: None - None - None - None - None - None - None - None
649 (713583 Gflops/s) - 661 (726777 Gflops/s) - 646 (710284 Gflops/s) - 644 (708085 Gflops/s) - 660 (725677 Gflops/s) - 655 (720180 Gflops/s) - 648 (712483 Gflops/s) - 646 (710284 Gflops/s) | Temperatures: 60°C - 63°C - 74°C - 72°C - 63°C - 60°C - 72°C - 74°C | Throttling: None - None - None - None - None - None - None - None
652 (716881 Gflops/s) - 663 (728976 Gflops/s) - 648 (712483 Gflops/s) - 647 (711384 Gflops/s) - 661 (726777 Gflops/s) - 657 (722379 Gflops/s) - 650 (714682 Gflops/s) - 649 (713583 Gflops/s) | Temperatures: 60°C - 63°C - 74°C - 72°C - 63°C - 60°C - 72°C - 74°C | Throttling: None - None - None - None - None - None - None - None
650 (714682 Gflops/s) - 664 (730075 Gflops/s) - 647 (711384 Gflops/s) - 648 (712483 Gflops/s) - 661 (726777 Gflops/s) - 657 (722379 Gflops/s) - 650 (714682 Gflops/s) - 648 (712483 Gflops/s) | Temperatures: 60°C - 63°C - 74°C - 72°C - 63°C - 60°C - 72°C - 74°C | Throttling: None - None - None - None - None - None - None - None
652 (716881 Gflops/s) - 664 (730075 Gflops/s) - 647 (711384 Gflops/s) - 645 (709184 Gflops/s) - 662 (727876 Gflops/s) - 657 (722379 Gflops/s) - 651 (715782 Gflops/s) - 649 (713583 Gflops/s) | Temperatures: 60°C - 63°C - 74°C - 72°C - 63°C - 60°C - 72°C - 74°C | Throttling: None - None - None - None - None - None - None - None
651 (715782 Gflops/s) - 662 (727876 Gflops/s) - 648 (712483 Gflops/s) - 646 (710284 Gflops/s) - 661 (726777 Gflops/s) - 656 (721279 Gflops/s) - 650 (714682 Gflops/s) - 648 (712483 Gflops/s) | Temperatures: 60°C - 63°C - 74°C - 72°C - 63°C - 60°C - 72°C - 74°C | Throttling: None - None - None - None - None - None - None - None
662 (727876 Gflops/s) - 674 (741070 Gflops/s) - 658 (723478 Gflops/s) - 657 (722379 Gflops/s) - 673 (739971 Gflops/s) - 668 (734473 Gflops/s) - 662 (727876 Gflops/s) - 659 (724578 Gflops/s) | Temperatures: 60°C - 63°C - 74°C - 72°C - 63°C - 60°C - 72°C - 74°C | Throttling: None - None - None - None - None - None - None - None
538 (591537 Gflops/s) - 575 (632219 Gflops/s) - 537 (590437 Gflops/s) - 75 (82463 Gflops/s) - 242 (266081 Gflops/s) - 646 (710284 Gflops/s) - 329 (361739 Gflops/s) - 602 (661905 Gflops/s) | Temperatures: 60°C - 63°C - 74°C - 72°C - 63°C - 60°C - 72°C - 74°C | Throttling: None - None - None - None - None - None - None - None
GPU #0: 740916 Gflops/s (min: 591537.26, max: 813638.60, dev: 740916.45)
         Temperature: 59.32°C (min: 51.00, max: 60.00)
         Throttling HW: false, Thermal SW: false, Thermal HW: false
GPU #1: 755116 Gflops/s (min: 632219.19, max: 830131.28, dev: 755115.97)
         Temperature: 61.55°C (min: 52.00, max: 63.00)
         Throttling HW: false, Thermal SW: false, Thermal HW: false
GPU #2: 738495 Gflops/s (min: 590437.74, max: 810340.07, dev: 738495.27)
         Temperature: 71.68°C (min: 56.00, max: 74.00)
         Throttling HW: false, Thermal SW: false, Thermal HW: false
GPU #3: 736097 Gflops/s (min: 82463.37, max: 809240.56, dev: 736096.68)
         Temperature: 69.90°C (min: 55.00, max: 72.00)
         Throttling HW: false, Thermal SW: false, Thermal HW: false
GPU #4: 752740 Gflops/s (min: 266081.81, max: 829031.77, dev: 752739.97)
         Temperature: 61.83°C (min: 52.00, max: 63.00)
         Throttling HW: false, Thermal SW: false, Thermal HW: false
GPU #5: 747898 Gflops/s (min: 684995.74, max: 821335.19, dev: 747897.60)
         Temperature: 59.55°C (min: 51.00, max: 61.00)
         Throttling HW: false, Thermal SW: false, Thermal HW: false
GPU #6: 740830 Gflops/s (min: 361739.33, max: 813638.60, dev: 740829.85)
         Temperature: 70.26°C (min: 55.00, max: 72.00)
         Throttling HW: false, Thermal SW: false, Thermal HW: false
GPU #7: 740883 Gflops/s (min: 661906.00, max: 812539.09, dev: 740882.56)
         Temperature: 71.40°C (min: 56.00, max: 74.00)
         Throttling HW: false, Thermal SW: false, Thermal HW: false
All GPUs seem healthy
Freeing GPUs...
======== Run with bf16 ==========
Detected GPU #0: "NVIDIA B200" (0bff2786-b3c0-5096-d079-a1d1a18d9242)
Detected GPU #1: "NVIDIA B200" (7366e12d-b28d-c661-7298-57fa6d7bdd55)
Detected GPU #2: "NVIDIA B200" (1d4de0be-e6ca-421b-5b11-c1986b458ec0)
Detected GPU #3: "NVIDIA B200" (eff39cfc-7f3c-bd63-f37f-55c4f484715e)
Detected GPU #4: "NVIDIA B200" (238d8576-14ce-448f-fd15-0a86d68e5835)
Detected GPU #5: "NVIDIA B200" (6e5022e8-1a13-d229-fdf6-96764e256daf)
Detected GPU #6: "NVIDIA B200" (dafc5719-7d75-f4aa-29b6-8c443fb54ca2)
Detected GPU #7: "NVIDIA B200" (c69ba1ce-d1a1-5d20-3d5e-9f88b8ddad99)
Using precision(s):  BF16 
Creating random matrices
Matrices created
GPU #0: Using 163805 MB
GPU #1: Using 163805 MB
GPU #2: Using 163805 MB
GPU #3: Using 163805 MB
GPU #4: Using 163805 MB
GPU #5: Using 163805 MB
GPU #6: Using 163805 MB
GPU #7: Using 163805 MB
2212 (2432119 Gflops/s) - 2236 (2458507 Gflops/s) - 2220 (2440915 Gflops/s) - 2215 (2435418 Gflops/s) - 2236 (2458507 Gflops/s) - 2221 (2442015 Gflops/s) - 2219 (2439816 Gflops/s) - 2218 (2438716 Gflops/s) | Temperatures: 53°C - 56°C - 67°C - 65°C - 57°C - 54°C - 65°C - 67°C | Throttling: None - None - None - None - None - None - None - None
1369 (1505231 Gflops/s) - 1413 (1553609 Gflops/s) - 1395 (1533818 Gflops/s) - 1378 (1515127 Gflops/s) - 1415 (1555808 Gflops/s) - 1399 (1538216 Gflops/s) - 1398 (1537117 Gflops/s) - 1392 (1530520 Gflops/s) | Temperatures: 55°C - 57°C - 68°C - 66°C - 58°C - 55°C - 66°C - 68°C | Throttling: None - None - None - None - None - None - None - None
1413 (1553609 Gflops/s) - 1415 (1555808 Gflops/s) - 1398 (1537117 Gflops/s) - 1389 (1527221 Gflops/s) - 1415 (1555808 Gflops/s) - 1401 (1540415 Gflops/s) - 1402 (1541515 Gflops/s) - 1394 (1532719 Gflops/s) | Temperatures: 55°C - 58°C - 69°C - 66°C - 58°C - 56°C - 67°C - 68°C | Throttling: None - None - None - None - None - None - None - None
1417 (1558007 Gflops/s) - 1414 (1554709 Gflops/s) - 1392 (1530520 Gflops/s) - 1393 (1531619 Gflops/s) - 1413 (1553609 Gflops/s) - 1403 (1542614 Gflops/s) - 1400 (1539316 Gflops/s) - 1391 (1529420 Gflops/s) | Temperatures: 56°C - 59°C - 70°C - 67°C - 59°C - 56°C - 67°C - 69°C | Throttling: None - None - None - None - None - None - None - None
1416 (1556908 Gflops/s) - 1415 (1555808 Gflops/s) - 1391 (1529420 Gflops/s) - 1390 (1528321 Gflops/s) - 1414 (1554709 Gflops/s) - 1402 (1541515 Gflops/s) - 1399 (1538216 Gflops/s) - 1391 (1529420 Gflops/s) | Temperatures: 56°C - 59°C - 70°C - 67°C - 59°C - 57°C - 67°C - 69°C | Throttling: None - None - None - None - None - None - None - None
1416 (1556908 Gflops/s) - 1409 (1549211 Gflops/s) - 1388 (1526122 Gflops/s) - 1389 (1527221 Gflops/s) - 1412 (1552510 Gflops/s) - 1398 (1537117 Gflops/s) - 1398 (1537117 Gflops/s) - 1390 (1528321 Gflops/s) | Temperatures: 57°C - 59°C - 70°C - 67°C - 60°C - 57°C - 68°C - 69°C | Throttling: None - None - None - None - None - None - None - None
1416 (1556908 Gflops/s) - 1413 (1553609 Gflops/s) - 1389 (1527221 Gflops/s) - 1390 (1528321 Gflops/s) - 1411 (1551410 Gflops/s) - 1401 (1540415 Gflops/s) - 1397 (1536017 Gflops/s) - 1389 (1527221 Gflops/s) | Temperatures: 57°C - 60°C - 70°C - 68°C - 60°C - 57°C - 68°C - 70°C | Throttling: None - None - None - None - None - None - None - None
1416 (1556908 Gflops/s) - 1410 (1550311 Gflops/s) - 1389 (1527221 Gflops/s) - 1388 (1526122 Gflops/s) - 1410 (1550311 Gflops/s) - 1399 (1538216 Gflops/s) - 1396 (1534918 Gflops/s) - 1391 (1529420 Gflops/s) | Temperatures: 57°C - 60°C - 71°C - 68°C - 60°C - 57°C - 68°C - 70°C | Throttling: None - None - None - None - None - None - None - None
1414 (1554709 Gflops/s) - 1411 (1551410 Gflops/s) - 1388 (1526122 Gflops/s) - 1387 (1525022 Gflops/s) - 1412 (1552510 Gflops/s) - 1401 (1540415 Gflops/s) - 1397 (1536017 Gflops/s) - 1387 (1525022 Gflops/s) | Temperatures: 57°C - 60°C - 71°C - 68°C - 61°C - 58°C - 68°C - 70°C | Throttling: None - None - None - None - None - None - None - None
1415 (1555808 Gflops/s) - 1411 (1551410 Gflops/s) - 1386 (1523923 Gflops/s) - 1386 (1523923 Gflops/s) - 1410 (1550311 Gflops/s) - 1400 (1539316 Gflops/s) - 1396 (1534918 Gflops/s) - 1388 (1526122 Gflops/s) | Temperatures: 58°C - 60°C - 71°C - 68°C - 61°C - 58°C - 68°C - 70°C | Throttling: None - None - None - None - None - None - None - None
1416 (1556908 Gflops/s) - 1408 (1548112 Gflops/s) - 1383 (1520624 Gflops/s) - 1383 (1520624 Gflops/s) - 1409 (1549211 Gflops/s) - 1399 (1538216 Gflops/s) - 1393 (1531619 Gflops/s) - 1386 (1523923 Gflops/s) | Temperatures: 58°C - 61°C - 71°C - 69°C - 61°C - 58°C - 69°C - 71°C | Throttling: None - None - None - None - None - None - None - None
1416 (1556908 Gflops/s) - 1410 (1550311 Gflops/s) - 1385 (1522823 Gflops/s) - 1384 (1521724 Gflops/s) - 1409 (1549211 Gflops/s) - 1397 (1536017 Gflops/s) - 1395 (1533818 Gflops/s) - 1386 (1523923 Gflops/s) | Temperatures: 58°C - 61°C - 71°C - 69°C - 61°C - 58°C - 69°C - 71°C | Throttling: None - None - None - None - None - None - None - None
1416 (1556908 Gflops/s) - 1410 (1550311 Gflops/s) - 1387 (1525022 Gflops/s) - 1384 (1521724 Gflops/s) - 1410 (1550311 Gflops/s) - 1400 (1539316 Gflops/s) - 1394 (1532719 Gflops/s) - 1385 (1522823 Gflops/s) | Temperatures: 58°C - 61°C - 71°C - 69°C - 61°C - 59°C - 69°C - 71°C | Throttling: None - None - None - None - None - None - None - None
1414 (1554709 Gflops/s) - 1408 (1548112 Gflops/s) - 1382 (1519525 Gflops/s) - 1383 (1520624 Gflops/s) - 1407 (1547012 Gflops/s) - 1398 (1537117 Gflops/s) - 1391 (1529420 Gflops/s) - 1384 (1521724 Gflops/s) | Temperatures: 58°C - 61°C - 72°C - 69°C - 62°C - 59°C - 69°C - 71°C | Throttling: None - None - None - None - None - None - None - None
1353 (1487639 Gflops/s) - 1346 (1479942 Gflops/s) - 1321 (1452454 Gflops/s) - 1318 (1449156 Gflops/s) - 1347 (1481042 Gflops/s) - 1336 (1468947 Gflops/s) - 1331 (1463449 Gflops/s) - 1322 (1453554 Gflops/s) | Temperatures: 59°C - 62°C - 72°C - 69°C - 62°C - 59°C - 69°C - 71°C | Throttling: None - None - None - None - None - None - None - None
1306 (1435962 Gflops/s) - 1299 (1428265 Gflops/s) - 1276 (1402976 Gflops/s) - 1272 (1398578 Gflops/s) - 1297 (1426066 Gflops/s) - 1289 (1417270 Gflops/s) - 1284 (1411772 Gflops/s) - 1276 (1402976 Gflops/s) | Temperatures: 59°C - 62°C - 72°C - 69°C - 62°C - 59°C - 70°C - 72°C | Throttling: None - None - None - None - None - None - None - None
1303 (1432663 Gflops/s) - 1297 (1426066 Gflops/s) - 1275 (1401877 Gflops/s) - 1270 (1396379 Gflops/s) - 1296 (1424967 Gflops/s) - 1286 (1413971 Gflops/s) - 1281 (1408474 Gflops/s) - 1275 (1401877 Gflops/s) | Temperatures: 59°C - 62°C - 72°C - 69°C - 62°C - 59°C - 70°C - 72°C | Throttling: None - None - None - None - None - None - None - None
1306 (1435962 Gflops/s) - 1299 (1428265 Gflops/s) - 1273 (1399678 Gflops/s) - 1271 (1397479 Gflops/s) - 1298 (1427166 Gflops/s) - 1287 (1415071 Gflops/s) - 1283 (1410673 Gflops/s) - 1272 (1398578 Gflops/s) | Temperatures: 59°C - 62°C - 72°C - 70°C - 62°C - 59°C - 70°C - 72°C | Throttling: None - None - None - None - None - None - None - None
1303 (1432663 Gflops/s) - 1296 (1424967 Gflops/s) - 1270 (1396379 Gflops/s) - 1270 (1396379 Gflops/s) - 1296 (1424967 Gflops/s) - 1285 (1412872 Gflops/s) - 1281 (1408474 Gflops/s) - 1272 (1398578 Gflops/s) | Temperatures: 59°C - 62°C - 72°C - 70°C - 62°C - 59°C - 70°C - 72°C | Throttling: None - None - None - None - None - None - None - None
1302 (1431564 Gflops/s) - 1297 (1426066 Gflops/s) - 1271 (1397479 Gflops/s) - 1266 (1391981 Gflops/s) - 1294 (1422768 Gflops/s) - 1284 (1411772 Gflops/s) - 1279 (1406275 Gflops/s) - 1271 (1397479 Gflops/s) | Temperatures: 59°C - 62°C - 73°C - 70°C - 63°C - 60°C - 70°C - 72°C | Throttling: None - None - None - None - None - None - None - None
1317 (1448056 Gflops/s) - 1308 (1438161 Gflops/s) - 1283 (1410673 Gflops/s) - 1281 (1408474 Gflops/s) - 1308 (1438161 Gflops/s) - 1299 (1428265 Gflops/s) - 1293 (1421668 Gflops/s) - 1285 (1412872 Gflops/s) | Temperatures: 60°C - 62°C - 73°C - 70°C - 63°C - 60°C - 70°C - 72°C | Throttling: None - None - None - None - None - None - None - None
1291 (1419469 Gflops/s) - 1285 (1412872 Gflops/s) - 1259 (1384285 Gflops/s) - 1258 (1383185 Gflops/s) - 1284 (1411772 Gflops/s) - 1273 (1399678 Gflops/s) - 1269 (1395280 Gflops/s) - 1261 (1386484 Gflops/s) | Temperatures: 60°C - 62°C - 73°C - 70°C - 63°C - 60°C - 71°C - 72°C | Throttling: None - None - None - None - None - None - None - None
1304 (1433763 Gflops/s) - 1296 (1424967 Gflops/s) - 1270 (1396379 Gflops/s) - 1268 (1394180 Gflops/s) - 1295 (1423867 Gflops/s) - 1286 (1413971 Gflops/s) - 1280 (1407374 Gflops/s) - 1272 (1398578 Gflops/s) | Temperatures: 60°C - 62°C - 73°C - 70°C - 63°C - 60°C - 71°C - 73°C | Throttling: None - None - None - None - None - None - None - None
1304 (1433763 Gflops/s) - 1298 (1427166 Gflops/s) - 1272 (1398578 Gflops/s) - 1269 (1395280 Gflops/s) - 1296 (1424967 Gflops/s) - 1287 (1415071 Gflops/s) - 1279 (1406275 Gflops/s) - 1274 (1400777 Gflops/s) | Temperatures: 60°C - 63°C - 73°C - 70°C - 63°C - 60°C - 71°C - 73°C | Throttling: None - None - None - None - None - None - None - None
1302 (1431564 Gflops/s) - 1294 (1422768 Gflops/s) - 1268 (1394180 Gflops/s) - 1265 (1390882 Gflops/s) - 1294 (1422768 Gflops/s) - 1283 (1410673 Gflops/s) - 1276 (1402976 Gflops/s) - 1271 (1397479 Gflops/s) | Temperatures: 60°C - 63°C - 73°C - 71°C - 63°C - 60°C - 71°C - 73°C | Throttling: None - None - None - None - None - None - None - None
1306 (1435962 Gflops/s) - 1298 (1427166 Gflops/s) - 1270 (1396379 Gflops/s) - 1269 (1395280 Gflops/s) - 1297 (1426066 Gflops/s) - 1286 (1413971 Gflops/s) - 1280 (1407374 Gflops/s) - 1273 (1399678 Gflops/s) | Temperatures: 60°C - 63°C - 73°C - 71°C - 63°C - 60°C - 71°C - 73°C | Throttling: None - None - None - None - None - None - None - None
1304 (1433763 Gflops/s) - 1297 (1426066 Gflops/s) - 1269 (1395280 Gflops/s) - 1268 (1394180 Gflops/s) - 1294 (1422768 Gflops/s) - 1283 (1410673 Gflops/s) - 1278 (1405175 Gflops/s) - 1271 (1397479 Gflops/s) | Temperatures: 60°C - 63°C - 74°C - 71°C - 63°C - 60°C - 71°C - 73°C | Throttling: None - None - None - None - None - None - None - None
1301 (1430464 Gflops/s) - 1294 (1422768 Gflops/s) - 1268 (1394180 Gflops/s) - 1265 (1390882 Gflops/s) - 1292 (1420569 Gflops/s) - 1281 (1408474 Gflops/s) - 1277 (1404076 Gflops/s) - 1270 (1396379 Gflops/s) | Temperatures: 60°C - 63°C - 74°C - 71°C - 63°C - 60°C - 71°C - 73°C | Throttling: None - None - None - None - None - None - None - None
1316 (1446957 Gflops/s) - 1305 (1434862 Gflops/s) - 1279 (1406275 Gflops/s) - 1280 (1407374 Gflops/s) - 1305 (1434862 Gflops/s) - 1296 (1424967 Gflops/s) - 1288 (1416170 Gflops/s) - 1283 (1410673 Gflops/s) | Temperatures: 60°C - 63°C - 74°C - 71°C - 63°C - 60°C - 71°C - 73°C | Throttling: None - None - None - None - None - None - None - None
1293 (1421668 Gflops/s) - 1285 (1412872 Gflops/s) - 1257 (1382086 Gflops/s) - 1257 (1382086 Gflops/s) - 1283 (1410673 Gflops/s) - 1271 (1397479 Gflops/s) - 1265 (1390882 Gflops/s) - 1260 (1385384 Gflops/s) | Temperatures: 60°C - 63°C - 74°C - 71°C - 63°C - 60°C - 72°C - 73°C | Throttling: None - None - None - None - None - None - None - None
1302 (1431564 Gflops/s) - 1294 (1422768 Gflops/s) - 1268 (1394180 Gflops/s) - 1265 (1390882 Gflops/s) - 1292 (1420569 Gflops/s) - 1283 (1410673 Gflops/s) - 1275 (1401877 Gflops/s) - 1270 (1396379 Gflops/s) | Temperatures: 60°C - 63°C - 74°C - 71°C - 63°C - 61°C - 71°C - 73°C | Throttling: None - None - None - None - None - None - None - None
1307 (1437061 Gflops/s) - 1295 (1423867 Gflops/s) - 1269 (1395280 Gflops/s) - 1269 (1395280 Gflops/s) - 1297 (1426066 Gflops/s) - 1285 (1412872 Gflops/s) - 1277 (1404076 Gflops/s) - 1273 (1399678 Gflops/s) | Temperatures: 60°C - 63°C - 74°C - 71°C - 63°C - 60°C - 72°C - 74°C | Throttling: None - None - None - None - None - None - None - None
1302 (1431564 Gflops/s) - 1294 (1422768 Gflops/s) - 1264 (1389782 Gflops/s) - 1264 (1389782 Gflops/s) - 1292 (1420569 Gflops/s) - 1281 (1408474 Gflops/s) - 1273 (1399678 Gflops/s) - 1269 (1395280 Gflops/s) | Temperatures: 60°C - 63°C - 74°C - 71°C - 63°C - 60°C - 72°C - 74°C | Throttling: None - None - None - None - None - None - None - None
1305 (1434862 Gflops/s) - 1296 (1424967 Gflops/s) - 1266 (1391981 Gflops/s) - 1270 (1396379 Gflops/s) - 1294 (1422768 Gflops/s) - 1286 (1413971 Gflops/s) - 1276 (1402976 Gflops/s) - 1271 (1397479 Gflops/s) | Temperatures: 61°C - 63°C - 74°C - 71°C - 63°C - 61°C - 72°C - 74°C | Throttling: None - None - None - None - None - None - None - None
1302 (1431564 Gflops/s) - 1293 (1421668 Gflops/s) - 1263 (1388683 Gflops/s) - 1265 (1390882 Gflops/s) - 1292 (1420569 Gflops/s) - 1280 (1407374 Gflops/s) - 1273 (1399678 Gflops/s) - 1270 (1396379 Gflops/s) | Temperatures: 60°C - 63°C - 74°C - 71°C - 64°C - 60°C - 72°C - 74°C | Throttling: None - None - None - None - None - None - None - None
1303 (1432663 Gflops/s) - 1294 (1422768 Gflops/s) - 1265 (1390882 Gflops/s) - 1265 (1390882 Gflops/s) - 1292 (1420569 Gflops/s) - 1285 (1412872 Gflops/s) - 1274 (1400777 Gflops/s) - 1271 (1397479 Gflops/s) | Temperatures: 61°C - 63°C - 74°C - 71°C - 64°C - 61°C - 72°C - 74°C | Throttling: None - None - None - None - None - None - None - None
1315 (1445857 Gflops/s) - 1305 (1434862 Gflops/s) - 1276 (1402976 Gflops/s) - 1278 (1405175 Gflops/s) - 1306 (1435962 Gflops/s) - 1295 (1423867 Gflops/s) - 1284 (1411772 Gflops/s) - 1282 (1409573 Gflops/s) | Temperatures: 61°C - 63°C - 74°C - 71°C - 63°C - 60°C - 72°C - 74°C | Throttling: None - None - None - None - None - None - None - None
1292 (1420569 Gflops/s) - 1282 (1409573 Gflops/s) - 1254 (1378787 Gflops/s) - 1257 (1382086 Gflops/s) - 1282 (1409573 Gflops/s) - 1271 (1397479 Gflops/s) - 1263 (1388683 Gflops/s) - 1260 (1385384 Gflops/s) | Temperatures: 60°C - 63°C - 74°C - 71°C - 63°C - 60°C - 72°C - 74°C | Throttling: None - None - None - None - None - None - None - None
1303 (1432663 Gflops/s) - 1295 (1423867 Gflops/s) - 1264 (1389782 Gflops/s) - 1264 (1389782 Gflops/s) - 1293 (1421668 Gflops/s) - 1282 (1409573 Gflops/s) - 1274 (1400777 Gflops/s) - 1270 (1396379 Gflops/s) | Temperatures: 61°C - 63°C - 74°C - 71°C - 64°C - 60°C - 72°C - 74°C | Throttling: None - None - None - None - None - None - None - None
1306 (1435962 Gflops/s) - 1297 (1426066 Gflops/s) - 1267 (1393081 Gflops/s) - 1269 (1395280 Gflops/s) - 1295 (1423867 Gflops/s) - 1285 (1412872 Gflops/s) - 1278 (1405175 Gflops/s) - 1272 (1398578 Gflops/s) | Temperatures: 60°C - 63°C - 74°C - 71°C - 64°C - 60°C - 72°C - 74°C | Throttling: None - None - None - None - None - None - None - None
1301 (1430464 Gflops/s) - 1292 (1420569 Gflops/s) - 1263 (1388683 Gflops/s) - 1264 (1389782 Gflops/s) - 1291 (1419469 Gflops/s) - 1281 (1408474 Gflops/s) - 1271 (1397479 Gflops/s) - 1267 (1393081 Gflops/s) | Temperatures: 60°C - 63°C - 74°C - 72°C - 64°C - 61°C - 72°C - 74°C | Throttling: None - None - None - None - None - None - None - None
1303 (1432663 Gflops/s) - 1290 (1418369 Gflops/s) - 1264 (1389782 Gflops/s) - 1266 (1391981 Gflops/s) - 1293 (1421668 Gflops/s) - 1281 (1408474 Gflops/s) - 1274 (1400777 Gflops/s) - 1269 (1395280 Gflops/s) | Temperatures: 61°C - 63°C - 74°C - 72°C - 64°C - 60°C - 72°C - 74°C | Throttling: None - None - None - None - None - None - None - None
1306 (1435962 Gflops/s) - 1298 (1427166 Gflops/s) - 1270 (1396379 Gflops/s) - 1268 (1394180 Gflops/s) - 1296 (1424967 Gflops/s) - 1285 (1412872 Gflops/s) - 1276 (1402976 Gflops/s) - 1272 (1398578 Gflops/s) | Temperatures: 61°C - 63°C - 74°C - 72°C - 64°C - 60°C - 72°C - 74°C | Throttling: None - None - None - None - None - None - None - None
1302 (1431564 Gflops/s) - 1292 (1420569 Gflops/s) - 1263 (1388683 Gflops/s) - 1265 (1390882 Gflops/s) - 1291 (1419469 Gflops/s) - 1283 (1410673 Gflops/s) - 1273 (1399678 Gflops/s) - 1269 (1395280 Gflops/s) | Temperatures: 61°C - 63°C - 74°C - 72°C - 64°C - 61°C - 72°C - 74°C | Throttling: None - None - None - None - None - None - None - None
1314 (1444758 Gflops/s) - 1307 (1437061 Gflops/s) - 1277 (1404076 Gflops/s) - 1277 (1404076 Gflops/s) - 1305 (1434862 Gflops/s) - 1293 (1421668 Gflops/s) - 1284 (1411772 Gflops/s) - 1281 (1408474 Gflops/s) | Temperatures: 61°C - 63°C - 74°C - 72°C - 63°C - 60°C - 72°C - 74°C | Throttling: None - None - None - None - None - None - None - None
1290 (1418369 Gflops/s) - 1284 (1411772 Gflops/s) - 1254 (1378787 Gflops/s) - 1256 (1380986 Gflops/s) - 1283 (1410673 Gflops/s) - 1273 (1399678 Gflops/s) - 1265 (1390882 Gflops/s) - 1260 (1385384 Gflops/s) | Temperatures: 60°C - 63°C - 74°C - 72°C - 63°C - 61°C - 72°C - 74°C | Throttling: None - None - None - None - None - None - None - None
1302 (1431564 Gflops/s) - 1292 (1420569 Gflops/s) - 1264 (1389782 Gflops/s) - 1265 (1390882 Gflops/s) - 1291 (1419469 Gflops/s) - 1281 (1408474 Gflops/s) - 1271 (1397479 Gflops/s) - 1268 (1394180 Gflops/s) | Temperatures: 61°C - 63°C - 74°C - 72°C - 64°C - 60°C - 72°C - 74°C | Throttling: None - None - None - None - None - None - None - None
1304 (1433763 Gflops/s) - 1295 (1423867 Gflops/s) - 1267 (1393081 Gflops/s) - 1268 (1394180 Gflops/s) - 1296 (1424967 Gflops/s) - 1285 (1412872 Gflops/s) - 1274 (1400777 Gflops/s) - 1273 (1399678 Gflops/s) | Temperatures: 61°C - 63°C - 74°C - 72°C - 64°C - 61°C - 72°C - 74°C | Throttling: None - None - None - None - None - None - None - None
1300 (1429365 Gflops/s) - 1292 (1420569 Gflops/s) - 1263 (1388683 Gflops/s) - 1264 (1389782 Gflops/s) - 1290 (1418369 Gflops/s) - 1279 (1406275 Gflops/s) - 1271 (1397479 Gflops/s) - 1269 (1395280 Gflops/s) | Temperatures: 61°C - 63°C - 74°C - 72°C - 64°C - 61°C - 72°C - 74°C | Throttling: None - None - None - None - None - None - None - None
1306 (1435962 Gflops/s) - 1298 (1427166 Gflops/s) - 1267 (1393081 Gflops/s) - 1269 (1395280 Gflops/s) - 1296 (1424967 Gflops/s) - 1284 (1411772 Gflops/s) - 1274 (1400777 Gflops/s) - 1273 (1399678 Gflops/s) | Temperatures: 61°C - 63°C - 74°C - 72°C - 64°C - 61°C - 72°C - 74°C | Throttling: None - None - None - None - None - None - None - None
1303 (1432663 Gflops/s) - 1294 (1422768 Gflops/s) - 1264 (1389782 Gflops/s) - 1265 (1390882 Gflops/s) - 1292 (1420569 Gflops/s) - 1283 (1410673 Gflops/s) - 1273 (1399678 Gflops/s) - 1268 (1394180 Gflops/s) | Temperatures: 61°C - 63°C - 74°C - 72°C - 64°C - 61°C - 72°C - 74°C | Throttling: None - None - None - None - None - None - None - None
1302 (1431564 Gflops/s) - 1292 (1420569 Gflops/s) - 1264 (1389782 Gflops/s) - 1265 (1390882 Gflops/s) - 1292 (1420569 Gflops/s) - 1282 (1409573 Gflops/s) - 1270 (1396379 Gflops/s) - 1267 (1393081 Gflops/s) | Temperatures: 61°C - 63°C - 74°C - 72°C - 64°C - 61°C - 72°C - 74°C | Throttling: None - None - None - None - None - None - None - None
1309 (1439260 Gflops/s) - 1298 (1427166 Gflops/s) - 1270 (1396379 Gflops/s) - 1272 (1398578 Gflops/s) - 1299 (1428265 Gflops/s) - 1286 (1413971 Gflops/s) - 1278 (1405175 Gflops/s) - 1276 (1402976 Gflops/s) | Temperatures: 61°C - 63°C - 74°C - 72°C - 64°C - 61°C - 72°C - 74°C | Throttling: None - None - None - None - None - None - None - None
1297 (1426066 Gflops/s) - 1288 (1416170 Gflops/s) - 1259 (1384285 Gflops/s) - 1260 (1385384 Gflops/s) - 1287 (1415071 Gflops/s) - 1276 (1402976 Gflops/s) - 1267 (1393081 Gflops/s) - 1263 (1388683 Gflops/s) | Temperatures: 61°C - 63°C - 74°C - 72°C - 64°C - 61°C - 72°C - 74°C | Throttling: None - None - None - None - None - None - None - None
1303 (1432663 Gflops/s) - 1292 (1420569 Gflops/s) - 1265 (1390882 Gflops/s) - 1266 (1391981 Gflops/s) - 1292 (1420569 Gflops/s) - 1281 (1408474 Gflops/s) - 1272 (1398578 Gflops/s) - 1268 (1394180 Gflops/s) | Temperatures: 61°C - 63°C - 74°C - 72°C - 64°C - 61°C - 72°C - 74°C | Throttling: None - None - None - None - None - None - None - None
1305 (1434862 Gflops/s) - 1295 (1423867 Gflops/s) - 1267 (1393081 Gflops/s) - 1267 (1393081 Gflops/s) - 1294 (1422768 Gflops/s) - 1283 (1410673 Gflops/s) - 1274 (1400777 Gflops/s) - 1271 (1397479 Gflops/s) | Temperatures: 61°C - 63°C - 74°C - 72°C - 64°C - 61°C - 72°C - 74°C | Throttling: None - None - None - None - None - None - None - None
1303 (1432663 Gflops/s) - 1292 (1420569 Gflops/s) - 1264 (1389782 Gflops/s) - 1266 (1391981 Gflops/s) - 1292 (1420569 Gflops/s) - 1281 (1408474 Gflops/s) - 1271 (1397479 Gflops/s) - 1268 (1394180 Gflops/s) | Temperatures: 61°C - 63°C - 74°C - 72°C - 64°C - 61°C - 72°C - 74°C | Throttling: None - None - None - None - None - None - None - None
1302 (1431564 Gflops/s) - 1294 (1422768 Gflops/s) - 1266 (1391981 Gflops/s) - 1267 (1393081 Gflops/s) - 1294 (1422768 Gflops/s) - 1282 (1409573 Gflops/s) - 1272 (1398578 Gflops/s) - 1268 (1394180 Gflops/s) | Temperatures: 60°C - 63°C - 74°C - 72°C - 64°C - 61°C - 72°C - 74°C | Throttling: None - None - None - None - None - None - None - None
1303 (1432663 Gflops/s) - 1294 (1422768 Gflops/s) - 1264 (1389782 Gflops/s) - 1266 (1391981 Gflops/s) - 1292 (1420569 Gflops/s) - 1282 (1409573 Gflops/s) - 1271 (1397479 Gflops/s) - 1269 (1395280 Gflops/s) | Temperatures: 61°C - 63°C - 74°C - 72°C - 64°C - 61°C - 72°C - 74°C | Throttling: None - None - None - None - None - None - None - None
1301 (1430464 Gflops/s) - 1292 (1420569 Gflops/s) - 1264 (1389782 Gflops/s) - 1264 (1389782 Gflops/s) - 1291 (1419469 Gflops/s) - 1281 (1408474 Gflops/s) - 1271 (1397479 Gflops/s) - 1268 (1394180 Gflops/s) | Temperatures: 61°C - 63°C - 74°C - 72°C - 64°C - 61°C - 72°C - 74°C | Throttling: None - None - None - None - None - None - None - None
1387 (1525022 Gflops/s) - 1378 (1515127 Gflops/s) - 1347 (1481042 Gflops/s) - 1349 (1483241 Gflops/s) - 1377 (1514027 Gflops/s) - 1367 (1503032 Gflops/s) - 1355 (1489838 Gflops/s) - 1351 (1485440 Gflops/s) | Temperatures: 61°C - 63°C - 74°C - 72°C - 64°C - 61°C - 72°C - 74°C | Throttling: None - None - None - None - None - None - None - None
1408 (1548112 Gflops/s) - 1397 (1536017 Gflops/s) - 1366 (1501932 Gflops/s) - 1368 (1504131 Gflops/s) - 1397 (1536017 Gflops/s) - 1385 (1522823 Gflops/s) - 1374 (1510728 Gflops/s) - 1369 (1505231 Gflops/s) | Temperatures: 61°C - 63°C - 74°C - 72°C - 64°C - 61°C - 72°C - 74°C | Throttling: None - None - None - None - None - None - None - None
1411 (1551410 Gflops/s) - 1399 (1538216 Gflops/s) - 1368 (1504131 Gflops/s) - 1369 (1505231 Gflops/s) - 1398 (1537117 Gflops/s) - 1389 (1527221 Gflops/s) - 1376 (1512927 Gflops/s) - 1373 (1509629 Gflops/s) | Temperatures: 61°C - 63°C - 75°C - 72°C - 64°C - 61°C - 72°C - 74°C | Throttling: None - None - None - None - None - None - None - None
1409 (1549211 Gflops/s) - 1399 (1538216 Gflops/s) - 1368 (1504131 Gflops/s) - 1369 (1505231 Gflops/s) - 1398 (1537117 Gflops/s) - 1385 (1522823 Gflops/s) - 1375 (1511828 Gflops/s) - 1373 (1509629 Gflops/s) | Temperatures: 61°C - 63°C - 74°C - 72°C - 64°C - 61°C - 72°C - 74°C | Throttling: None - None - None - None - None - None - None - None
1409 (1549211 Gflops/s) - 1399 (1538216 Gflops/s) - 1368 (1504131 Gflops/s) - 1369 (1505231 Gflops/s) - 1398 (1537117 Gflops/s) - 1385 (1522823 Gflops/s) - 1374 (1510728 Gflops/s) - 1371 (1507430 Gflops/s) | Temperatures: 61°C - 63°C - 74°C - 72°C - 64°C - 61°C - 72°C - 74°C | Throttling: None - None - None - None - None - None - None - None
1385 (1522823 Gflops/s) - 1376 (1512927 Gflops/s) - 1344 (1477743 Gflops/s) - 1346 (1479942 Gflops/s) - 1373 (1509629 Gflops/s) - 1363 (1498634 Gflops/s) - 1350 (1484340 Gflops/s) - 1349 (1483241 Gflops/s) | Temperatures: 61°C - 63°C - 74°C - 72°C - 64°C - 61°C - 72°C - 74°C | Throttling: None - None - None - None - None - None - None - None
1321 (1452454 Gflops/s) - 1311 (1441459 Gflops/s) - 1281 (1408474 Gflops/s) - 1282 (1409573 Gflops/s) - 1309 (1439260 Gflops/s) - 1298 (1427166 Gflops/s) - 1287 (1415071 Gflops/s) - 1285 (1412872 Gflops/s) | Temperatures: 61°C - 63°C - 74°C - 72°C - 64°C - 61°C - 72°C - 74°C | Throttling: None - None - None - None - None - None - None - None
1320 (1451355 Gflops/s) - 1309 (1439260 Gflops/s) - 1281 (1408474 Gflops/s) - 1281 (1408474 Gflops/s) - 1308 (1438161 Gflops/s) - 1297 (1426066 Gflops/s) - 1286 (1413971 Gflops/s) - 1284 (1411772 Gflops/s) | Temperatures: 61°C - 63°C - 74°C - 72°C - 64°C - 61°C - 72°C - 74°C | Throttling: None - None - None - None - None - None - None - None
1324 (1455753 Gflops/s) - 1316 (1446957 Gflops/s) - 1286 (1413971 Gflops/s) - 1288 (1416170 Gflops/s) - 1315 (1445857 Gflops/s) - 1305 (1434862 Gflops/s) - 1293 (1421668 Gflops/s) - 1289 (1417270 Gflops/s) | Temperatures: 61°C - 63°C - 74°C - 72°C - 64°C - 61°C - 72°C - 74°C | Throttling: None - None - None - None - None - None - None - None
1312 (1442559 Gflops/s) - 1302 (1431564 Gflops/s) - 1272 (1398578 Gflops/s) - 1275 (1401877 Gflops/s) - 1301 (1430464 Gflops/s) - 1289 (1417270 Gflops/s) - 1279 (1406275 Gflops/s) - 1277 (1404076 Gflops/s) | Temperatures: 61°C - 63°C - 75°C - 72°C - 64°C - 61°C - 72°C - 74°C | Throttling: None - None - None - None - None - None - None - None
1319 (1450255 Gflops/s) - 1311 (1441459 Gflops/s) - 1280 (1407374 Gflops/s) - 1281 (1408474 Gflops/s) - 1309 (1439260 Gflops/s) - 1296 (1424967 Gflops/s) - 1288 (1416170 Gflops/s) - 1283 (1410673 Gflops/s) | Temperatures: 61°C - 63°C - 75°C - 72°C - 64°C - 61°C - 72°C - 74°C | Throttling: None - None - None - None - None - None - None - None
1318 (1449156 Gflops/s) - 1307 (1437061 Gflops/s) - 1279 (1406275 Gflops/s) - 1282 (1409573 Gflops/s) - 1309 (1439260 Gflops/s) - 1298 (1427166 Gflops/s) - 1287 (1415071 Gflops/s) - 1285 (1412872 Gflops/s) | Temperatures: 61°C - 63°C - 75°C - 72°C - 64°C - 61°C - 72°C - 74°C | Throttling: None - None - None - None - None - None - None - None
1318 (1449156 Gflops/s) - 1307 (1437061 Gflops/s) - 1278 (1405175 Gflops/s) - 1280 (1407374 Gflops/s) - 1306 (1435962 Gflops/s) - 1296 (1424967 Gflops/s) - 1285 (1412872 Gflops/s) - 1283 (1410673 Gflops/s) | Temperatures: 61°C - 63°C - 75°C - 72°C - 64°C - 61°C - 72°C - 74°C | Throttling: None - None - None - None - None - None - None - None
1318 (1449156 Gflops/s) - 1309 (1439260 Gflops/s) - 1280 (1407374 Gflops/s) - 1282 (1409573 Gflops/s) - 1308 (1438161 Gflops/s) - 1296 (1424967 Gflops/s) - 1287 (1415071 Gflops/s) - 1283 (1410673 Gflops/s) | Temperatures: 61°C - 63°C - 75°C - 72°C - 64°C - 61°C - 72°C - 74°C | Throttling: None - None - None - None - None - None - None - None
1319 (1450255 Gflops/s) - 1312 (1442559 Gflops/s) - 1281 (1408474 Gflops/s) - 1282 (1409573 Gflops/s) - 1310 (1440360 Gflops/s) - 1299 (1428265 Gflops/s) - 1289 (1417270 Gflops/s) - 1286 (1413971 Gflops/s) | Temperatures: 61°C - 63°C - 75°C - 72°C - 64°C - 61°C - 72°C - 74°C | Throttling: None - None - None - None - None - None - None - None
1317 (1448056 Gflops/s) - 1308 (1438161 Gflops/s) - 1279 (1406275 Gflops/s) - 1281 (1408474 Gflops/s) - 1307 (1437061 Gflops/s) - 1297 (1426066 Gflops/s) - 1285 (1412872 Gflops/s) - 1283 (1410673 Gflops/s) | Temperatures: 61°C - 63°C - 75°C - 72°C - 64°C - 61°C - 72°C - 74°C | Throttling: None - None - None - None - None - None - None - None
1320 (1451355 Gflops/s) - 1309 (1439260 Gflops/s) - 1281 (1408474 Gflops/s) - 1282 (1409573 Gflops/s) - 1309 (1439260 Gflops/s) - 1298 (1427166 Gflops/s) - 1288 (1416170 Gflops/s) - 1285 (1412872 Gflops/s) | Temperatures: 61°C - 63°C - 75°C - 72°C - 64°C - 61°C - 72°C - 74°C | Throttling: None - None - None - None - None - None - None - None
1319 (1450255 Gflops/s) - 1305 (1434862 Gflops/s) - 1279 (1406275 Gflops/s) - 1280 (1407374 Gflops/s) - 1307 (1437061 Gflops/s) - 1296 (1424967 Gflops/s) - 1285 (1412872 Gflops/s) - 1282 (1409573 Gflops/s) | Temperatures: 61°C - 63°C - 75°C - 72°C - 64°C - 61°C - 72°C - 74°C | Throttling: None - None - None - None - None - None - None - None
1318 (1449156 Gflops/s) - 1311 (1441459 Gflops/s) - 1280 (1407374 Gflops/s) - 1282 (1409573 Gflops/s) - 1308 (1438161 Gflops/s) - 1298 (1427166 Gflops/s) - 1287 (1415071 Gflops/s) - 1284 (1411772 Gflops/s) | Temperatures: 61°C - 63°C - 75°C - 72°C - 64°C - 61°C - 72°C - 74°C | Throttling: None - None - None - None - None - None - None - None
1315 (1445857 Gflops/s) - 1305 (1434862 Gflops/s) - 1276 (1402976 Gflops/s) - 1278 (1405175 Gflops/s) - 1305 (1434862 Gflops/s) - 1293 (1421668 Gflops/s) - 1283 (1410673 Gflops/s) - 1280 (1407374 Gflops/s) | Temperatures: 61°C - 63°C - 75°C - 72°C - 64°C - 61°C - 72°C - 74°C | Throttling: None - None - None - None - None - None - None - None
1313 (1443658 Gflops/s) - 1301 (1430464 Gflops/s) - 1274 (1400777 Gflops/s) - 1275 (1401877 Gflops/s) - 1301 (1430464 Gflops/s) - 1292 (1420569 Gflops/s) - 1281 (1408474 Gflops/s) - 1276 (1402976 Gflops/s) | Temperatures: 61°C - 63°C - 75°C - 72°C - 64°C - 61°C - 73°C - 74°C | Throttling: None - None - None - None - None - None - None - None
1312 (1442559 Gflops/s) - 1302 (1431564 Gflops/s) - 1274 (1400777 Gflops/s) - 1275 (1401877 Gflops/s) - 1301 (1430464 Gflops/s) - 1290 (1418369 Gflops/s) - 1280 (1407374 Gflops/s) - 1279 (1406275 Gflops/s) | Temperatures: 61°C - 63°C - 75°C - 72°C - 64°C - 61°C - 72°C - 74°C | Throttling: None - None - None - None - None - None - None - None
1313 (1443658 Gflops/s) - 1301 (1430464 Gflops/s) - 1274 (1400777 Gflops/s) - 1277 (1404076 Gflops/s) - 1304 (1433763 Gflops/s) - 1294 (1422768 Gflops/s) - 1282 (1409573 Gflops/s) - 1278 (1405175 Gflops/s) | Temperatures: 61°C - 63°C - 75°C - 72°C - 64°C - 61°C - 72°C - 74°C | Throttling: None - None - None - None - None - None - None - None
1312 (1442559 Gflops/s) - 1303 (1432663 Gflops/s) - 1274 (1400777 Gflops/s) - 1275 (1401877 Gflops/s) - 1301 (1430464 Gflops/s) - 1288 (1416170 Gflops/s) - 1279 (1406275 Gflops/s) - 1276 (1402976 Gflops/s) | Temperatures: 61°C - 63°C - 75°C - 72°C - 64°C - 61°C - 72°C - 74°C | Throttling: None - None - None - None - None - None - None - None
1321 (1452454 Gflops/s) - 1311 (1441459 Gflops/s) - 1283 (1410673 Gflops/s) - 1283 (1410673 Gflops/s) - 1311 (1441459 Gflops/s) - 1299 (1428265 Gflops/s) - 1288 (1416170 Gflops/s) - 1287 (1415071 Gflops/s) | Temperatures: 61°C - 63°C - 75°C - 72°C - 64°C - 61°C - 72°C - 74°C | Throttling: None - None - None - None - None - None - None - None
1306 (1435962 Gflops/s) - 1296 (1424967 Gflops/s) - 1267 (1393081 Gflops/s) - 1268 (1394180 Gflops/s) - 1294 (1422768 Gflops/s) - 1286 (1413971 Gflops/s) - 1273 (1399678 Gflops/s) - 1270 (1396379 Gflops/s) | Temperatures: 61°C - 63°C - 75°C - 72°C - 64°C - 61°C - 72°C - 74°C | Throttling: None - None - None - None - None - None - None - None
1313 (1443658 Gflops/s) - 1303 (1432663 Gflops/s) - 1274 (1400777 Gflops/s) - 1274 (1400777 Gflops/s) - 1301 (1430464 Gflops/s) - 1290 (1418369 Gflops/s) - 1280 (1407374 Gflops/s) - 1276 (1402976 Gflops/s) | Temperatures: 61°C - 63°C - 75°C - 72°C - 64°C - 61°C - 72°C - 74°C | Throttling: None - None - None - None - None - None - None - None
1314 (1444758 Gflops/s) - 1306 (1435962 Gflops/s) - 1276 (1402976 Gflops/s) - 1277 (1404076 Gflops/s) - 1304 (1433763 Gflops/s) - 1291 (1419469 Gflops/s) - 1282 (1409573 Gflops/s) - 1280 (1407374 Gflops/s) | Temperatures: 61°C - 63°C - 75°C - 72°C - 64°C - 61°C - 72°C - 75°C | Throttling: None - None - None - None - None - None - None - None
1311 (1441459 Gflops/s) - 1305 (1434862 Gflops/s) - 1274 (1400777 Gflops/s) - 1275 (1401877 Gflops/s) - 1301 (1430464 Gflops/s) - 1291 (1419469 Gflops/s) - 1280 (1407374 Gflops/s) - 1277 (1404076 Gflops/s) | Temperatures: 61°C - 63°C - 75°C - 72°C - 64°C - 61°C - 72°C - 75°C | Throttling: None - None - None - None - None - None - None - None
1311 (1441459 Gflops/s) - 1299 (1428265 Gflops/s) - 1273 (1399678 Gflops/s) - 1275 (1401877 Gflops/s) - 1301 (1430464 Gflops/s) - 1290 (1418369 Gflops/s) - 1280 (1407374 Gflops/s) - 1275 (1401877 Gflops/s) | Temperatures: 61°C - 63°C - 75°C - 72°C - 64°C - 61°C - 72°C - 75°C | Throttling: None - None - None - None - None - None - None - None
1313 (1443658 Gflops/s) - 1301 (1430464 Gflops/s) - 1273 (1399678 Gflops/s) - 1276 (1402976 Gflops/s) - 1302 (1431564 Gflops/s) - 1290 (1418369 Gflops/s) - 1282 (1409573 Gflops/s) - 1277 (1404076 Gflops/s) | Temperatures: 61°C - 63°C - 75°C - 72°C - 64°C - 61°C - 72°C - 75°C | Throttling: None - None - None - None - None - None - None - None
1311 (1441459 Gflops/s) - 1303 (1432663 Gflops/s) - 1274 (1400777 Gflops/s) - 1276 (1402976 Gflops/s) - 1303 (1432663 Gflops/s) - 1293 (1421668 Gflops/s) - 1281 (1408474 Gflops/s) - 1277 (1404076 Gflops/s) | Temperatures: 61°C - 63°C - 75°C - 72°C - 64°C - 61°C - 72°C - 75°C | Throttling: None - None - None - None - None - None - None - None
1311 (1441459 Gflops/s) - 1302 (1431564 Gflops/s) - 1274 (1400777 Gflops/s) - 1277 (1404076 Gflops/s) - 1303 (1432663 Gflops/s) - 1291 (1419469 Gflops/s) - 1280 (1407374 Gflops/s) - 1278 (1405175 Gflops/s) | Temperatures: 61°C - 63°C - 75°C - 73°C - 64°C - 61°C - 72°C - 75°C | Throttling: None - None - None - None - None - None - None - None
1312 (1442559 Gflops/s) - 1302 (1431564 Gflops/s) - 1274 (1400777 Gflops/s) - 1275 (1401877 Gflops/s) - 1302 (1431564 Gflops/s) - 1291 (1419469 Gflops/s) - 1279 (1406275 Gflops/s) - 1279 (1406275 Gflops/s) | Temperatures: 61°C - 63°C - 75°C - 72°C - 64°C - 61°C - 73°C - 75°C | Throttling: None - None - None - None - None - None - None - None
1313 (1443658 Gflops/s) - 1303 (1432663 Gflops/s) - 1273 (1399678 Gflops/s) - 1275 (1401877 Gflops/s) - 1303 (1432663 Gflops/s) - 1290 (1418369 Gflops/s) - 1279 (1406275 Gflops/s) - 1277 (1404076 Gflops/s) | Temperatures: 61°C - 63°C - 75°C - 72°C - 64°C - 61°C - 72°C - 74°C | Throttling: None - None - None - None - None - None - None - None
1311 (1441459 Gflops/s) - 1304 (1433763 Gflops/s) - 1275 (1401877 Gflops/s) - 1276 (1402976 Gflops/s) - 1302 (1431564 Gflops/s) - 1292 (1420569 Gflops/s) - 1282 (1409573 Gflops/s) - 1277 (1404076 Gflops/s) | Temperatures: 61°C - 63°C - 75°C - 72°C - 64°C - 61°C - 73°C - 74°C | Throttling: None - None - None - None - None - None - None - None
1310 (1440360 Gflops/s) - 1303 (1432663 Gflops/s) - 1273 (1399678 Gflops/s) - 1275 (1401877 Gflops/s) - 1302 (1431564 Gflops/s) - 1291 (1419469 Gflops/s) - 1279 (1406275 Gflops/s) - 1276 (1402976 Gflops/s) | Temperatures: 61°C - 63°C - 75°C - 72°C - 64°C - 61°C - 72°C - 74°C | Throttling: None - None - None - None - None - None - None - None
1312 (1442559 Gflops/s) - 1302 (1431564 Gflops/s) - 1273 (1399678 Gflops/s) - 1275 (1401877 Gflops/s) - 1301 (1430464 Gflops/s) - 1290 (1418369 Gflops/s) - 1281 (1408474 Gflops/s) - 1277 (1404076 Gflops/s) | Temperatures: 61°C - 63°C - 75°C - 72°C - 64°C - 61°C - 73°C - 74°C | Throttling: None - None - None - None - None - None - None - None
1315 (1445857 Gflops/s) - 1305 (1434862 Gflops/s) - 1276 (1402976 Gflops/s) - 1277 (1404076 Gflops/s) - 1304 (1433763 Gflops/s) - 1293 (1421668 Gflops/s) - 1281 (1408474 Gflops/s) - 1280 (1407374 Gflops/s) | Temperatures: 61°C - 63°C - 75°C - 72°C - 64°C - 61°C - 73°C - 75°C | Throttling: None - None - None - None - None - None - None - None
1310 (1440360 Gflops/s) - 1303 (1432663 Gflops/s) - 1273 (1399678 Gflops/s) - 1275 (1401877 Gflops/s) - 1301 (1430464 Gflops/s) - 1289 (1417270 Gflops/s) - 1279 (1406275 Gflops/s) - 1276 (1402976 Gflops/s) | Temperatures: 61°C - 63°C - 75°C - 72°C - 64°C - 61°C - 73°C - 75°C | Throttling: None - None - None - None - None - None - None - None
1320 (1451355 Gflops/s) - 1314 (1444758 Gflops/s) - 1282 (1409573 Gflops/s) - 1284 (1411772 Gflops/s) - 1312 (1442559 Gflops/s) - 1299 (1428265 Gflops/s) - 1288 (1416170 Gflops/s) - 1285 (1412872 Gflops/s) | Temperatures: 61°C - 63°C - 75°C - 72°C - 64°C - 61°C - 73°C - 75°C | Throttling: None - None - None - None - None - None - None - None
1304 (1433763 Gflops/s) - 1292 (1420569 Gflops/s) - 1265 (1390882 Gflops/s) - 1266 (1391981 Gflops/s) - 1293 (1421668 Gflops/s) - 1282 (1409573 Gflops/s) - 1271 (1397479 Gflops/s) - 1271 (1397479 Gflops/s) | Temperatures: 61°C - 63°C - 75°C - 73°C - 64°C - 61°C - 73°C - 75°C | Throttling: None - None - None - None - None - None - None - None
1313 (1443658 Gflops/s) - 1305 (1434862 Gflops/s) - 1275 (1401877 Gflops/s) - 1276 (1402976 Gflops/s) - 1302 (1431564 Gflops/s) - 1290 (1418369 Gflops/s) - 1280 (1407374 Gflops/s) - 1278 (1405175 Gflops/s) | Temperatures: 61°C - 64°C - 75°C - 72°C - 64°C - 61°C - 73°C - 75°C | Throttling: None - None - None - None - None - None - None - None
1313 (1443658 Gflops/s) - 1304 (1433763 Gflops/s) - 1275 (1401877 Gflops/s) - 1277 (1404076 Gflops/s) - 1303 (1432663 Gflops/s) - 1292 (1420569 Gflops/s) - 1283 (1410673 Gflops/s) - 1280 (1407374 Gflops/s) | Temperatures: 61°C - 63°C - 75°C - 72°C - 64°C - 61°C - 73°C - 75°C | Throttling: None - None - None - None - None - None - None - None
1313 (1443658 Gflops/s) - 1302 (1431564 Gflops/s) - 1273 (1399678 Gflops/s) - 1275 (1401877 Gflops/s) - 1302 (1431564 Gflops/s) - 1290 (1418369 Gflops/s) - 1280 (1407374 Gflops/s) - 1275 (1401877 Gflops/s) | Temperatures: 61°C - 63°C - 75°C - 72°C - 64°C - 61°C - 73°C - 74°C | Throttling: None - None - None - None - None - None - None - None
1311 (1441459 Gflops/s) - 1299 (1428265 Gflops/s) - 1271 (1397479 Gflops/s) - 1274 (1400777 Gflops/s) - 1300 (1429365 Gflops/s) - 1289 (1417270 Gflops/s) - 1278 (1405175 Gflops/s) - 1276 (1402976 Gflops/s) | Temperatures: 61°C - 63°C - 75°C - 72°C - 64°C - 61°C - 73°C - 75°C | Throttling: None - None - None - None - None - None - None - None
1314 (1444758 Gflops/s) - 1300 (1429365 Gflops/s) - 1274 (1400777 Gflops/s) - 1276 (1402976 Gflops/s) - 1303 (1432663 Gflops/s) - 1291 (1419469 Gflops/s) - 1281 (1408474 Gflops/s) - 1279 (1406275 Gflops/s) | Temperatures: 61°C - 63°C - 75°C - 72°C - 64°C - 61°C - 73°C - 75°C | Throttling: None - None - None - None - None - None - None - None
1313 (1443658 Gflops/s) - 1302 (1431564 Gflops/s) - 1274 (1400777 Gflops/s) - 1276 (1402976 Gflops/s) - 1301 (1430464 Gflops/s) - 1291 (1419469 Gflops/s) - 1280 (1407374 Gflops/s) - 1277 (1404076 Gflops/s) | Temperatures: 61°C - 63°C - 75°C - 72°C - 64°C - 61°C - 73°C - 75°C | Throttling: None - None - None - None - None - None - None - None
1322 (1453554 Gflops/s) - 1312 (1442559 Gflops/s) - 1284 (1411772 Gflops/s) - 1284 (1411772 Gflops/s) - 1312 (1442559 Gflops/s) - 1300 (1429365 Gflops/s) - 1289 (1417270 Gflops/s) - 1284 (1411772 Gflops/s) | Temperatures: 61°C - 64°C - 75°C - 72°C - 64°C - 61°C - 73°C - 75°C | Throttling: None - None - None - None - None - None - None - None
1303 (1432663 Gflops/s) - 1292 (1420569 Gflops/s) - 1264 (1389782 Gflops/s) - 1267 (1393081 Gflops/s) - 1292 (1420569 Gflops/s) - 1282 (1409573 Gflops/s) - 1272 (1398578 Gflops/s) - 1269 (1395280 Gflops/s) | Temperatures: 61°C - 63°C - 75°C - 72°C - 64°C - 61°C - 73°C - 75°C | Throttling: None - None - None - None - None - None - None - None
1311 (1441459 Gflops/s) - 1300 (1429365 Gflops/s) - 1273 (1399678 Gflops/s) - 1275 (1401877 Gflops/s) - 1301 (1430464 Gflops/s) - 1289 (1417270 Gflops/s) - 1280 (1407374 Gflops/s) - 1275 (1401877 Gflops/s) | Temperatures: 61°C - 63°C - 75°C - 73°C - 64°C - 61°C - 73°C - 75°C | Throttling: None - None - None - None - None - None - None - None
1314 (1444758 Gflops/s) - 1300 (1429365 Gflops/s) - 1273 (1399678 Gflops/s) - 1276 (1402976 Gflops/s) - 1303 (1432663 Gflops/s) - 1292 (1420569 Gflops/s) - 1280 (1407374 Gflops/s) - 1279 (1406275 Gflops/s) | Temperatures: 61°C - 64°C - 75°C - 72°C - 64°C - 61°C - 73°C - 75°C | Throttling: None - None - None - None - None - None - None - None
1312 (1442559 Gflops/s) - 1304 (1433763 Gflops/s) - 1274 (1400777 Gflops/s) - 1276 (1402976 Gflops/s) - 1302 (1431564 Gflops/s) - 1291 (1419469 Gflops/s) - 1281 (1408474 Gflops/s) - 1278 (1405175 Gflops/s) | Temperatures: 61°C - 63°C - 75°C - 73°C - 64°C - 61°C - 73°C - 75°C | Throttling: None - None - None - None - None - None - None - None
1313 (1443658 Gflops/s) - 1302 (1431564 Gflops/s) - 1273 (1399678 Gflops/s) - 1275 (1401877 Gflops/s) - 1301 (1430464 Gflops/s) - 1292 (1420569 Gflops/s) - 1279 (1406275 Gflops/s) - 1277 (1404076 Gflops/s) | Temperatures: 61°C - 63°C - 75°C - 72°C - 64°C - 61°C - 72°C - 75°C | Throttling: None - None - None - None - None - None - None - None
1313 (1443658 Gflops/s) - 1303 (1432663 Gflops/s) - 1275 (1401877 Gflops/s) - 1277 (1404076 Gflops/s) - 1303 (1432663 Gflops/s) - 1295 (1423867 Gflops/s) - 1281 (1408474 Gflops/s) - 1280 (1407374 Gflops/s) | Temperatures: 61°C - 63°C - 75°C - 72°C - 64°C - 61°C - 72°C - 75°C | Throttling: None - None - None - None - None - None - None - None
1312 (1442559 Gflops/s) - 1300 (1429365 Gflops/s) - 1273 (1399678 Gflops/s) - 1274 (1400777 Gflops/s) - 1301 (1430464 Gflops/s) - 1289 (1417270 Gflops/s) - 1281 (1408474 Gflops/s) - 1276 (1402976 Gflops/s) | Temperatures: 61°C - 63°C - 75°C - 72°C - 64°C - 60°C - 73°C - 74°C | Throttling: None - None - None - None - None - None - None - None
1320 (1451355 Gflops/s) - 1313 (1443658 Gflops/s) - 1283 (1410673 Gflops/s) - 1286 (1413971 Gflops/s) - 1312 (1442559 Gflops/s) - 1303 (1432663 Gflops/s) - 1290 (1418369 Gflops/s) - 1288 (1416170 Gflops/s) | Temperatures: 61°C - 63°C - 75°C - 72°C - 64°C - 61°C - 72°C - 74°C | Throttling: None - None - None - None - None - None - None - None
1304 (1433763 Gflops/s) - 1294 (1422768 Gflops/s) - 1264 (1389782 Gflops/s) - 1266 (1391981 Gflops/s) - 1293 (1421668 Gflops/s) - 1282 (1409573 Gflops/s) - 1272 (1398578 Gflops/s) - 1269 (1395280 Gflops/s) | Temperatures: 61°C - 63°C - 74°C - 72°C - 64°C - 60°C - 72°C - 74°C | Throttling: None - None - None - None - None - None - None - None
1311 (1441459 Gflops/s) - 1302 (1431564 Gflops/s) - 1273 (1399678 Gflops/s) - 1275 (1401877 Gflops/s) - 1302 (1431564 Gflops/s) - 1292 (1420569 Gflops/s) - 1280 (1407374 Gflops/s) - 1278 (1405175 Gflops/s) | Temperatures: 61°C - 63°C - 74°C - 72°C - 64°C - 60°C - 72°C - 74°C | Throttling: None - None - None - None - None - None - None - None
1314 (1444758 Gflops/s) - 1305 (1434862 Gflops/s) - 1275 (1401877 Gflops/s) - 1277 (1404076 Gflops/s) - 1304 (1433763 Gflops/s) - 1294 (1422768 Gflops/s) - 1283 (1410673 Gflops/s) - 1282 (1409573 Gflops/s) | Temperatures: 60°C - 63°C - 74°C - 72°C - 63°C - 61°C - 72°C - 74°C | Throttling: None - None - None - None - None - None - None - None
1313 (1443658 Gflops/s) - 1304 (1433763 Gflops/s) - 1273 (1399678 Gflops/s) - 1275 (1401877 Gflops/s) - 1302 (1431564 Gflops/s) - 1289 (1417270 Gflops/s) - 1281 (1408474 Gflops/s) - 1277 (1404076 Gflops/s) | Temperatures: 60°C - 63°C - 74°C - 72°C - 63°C - 60°C - 72°C - 74°C | Throttling: None - None - None - None - None - None - None - None
1311 (1441459 Gflops/s) - 1303 (1432663 Gflops/s) - 1274 (1400777 Gflops/s) - 1276 (1402976 Gflops/s) - 1302 (1431564 Gflops/s) - 1292 (1420569 Gflops/s) - 1281 (1408474 Gflops/s) - 1276 (1402976 Gflops/s) | Temperatures: 60°C - 63°C - 74°C - 72°C - 63°C - 60°C - 72°C - 74°C | Throttling: None - None - None - None - None - None - None - None
1313 (1443658 Gflops/s) - 1303 (1432663 Gflops/s) - 1276 (1402976 Gflops/s) - 1276 (1402976 Gflops/s) - 1303 (1432663 Gflops/s) - 1292 (1420569 Gflops/s) - 1284 (1411772 Gflops/s) - 1280 (1407374 Gflops/s) | Temperatures: 60°C - 63°C - 74°C - 72°C - 63°C - 60°C - 72°C - 74°C | Throttling: None - None - None - None - None - None - None - None
1312 (1442559 Gflops/s) - 1304 (1433763 Gflops/s) - 1273 (1399678 Gflops/s) - 1271 (1397479 Gflops/s) - 1301 (1430464 Gflops/s) - 1291 (1419469 Gflops/s) - 1282 (1409573 Gflops/s) - 1277 (1404076 Gflops/s) | Temperatures: 60°C - 63°C - 74°C - 72°C - 63°C - 60°C - 72°C - 74°C | Throttling: None - None - None - None - None - None - None - None
1394 (1532719 Gflops/s) - 1385 (1522823 Gflops/s) - 1354 (1488738 Gflops/s) - 1356 (1490937 Gflops/s) - 1385 (1522823 Gflops/s) - 1374 (1510728 Gflops/s) - 1363 (1498634 Gflops/s) - 1357 (1492037 Gflops/s) | Temperatures: 60°C - 63°C - 74°C - 72°C - 63°C - 60°C - 72°C - 74°C | Throttling: None - None - None - None - None - None - None - None
1426 (1567903 Gflops/s) - 1415 (1555808 Gflops/s) - 1382 (1519525 Gflops/s) - 1384 (1521724 Gflops/s) - 1413 (1553609 Gflops/s) - 1402 (1541515 Gflops/s) - 1391 (1529420 Gflops/s) - 1388 (1526122 Gflops/s) | Temperatures: 60°C - 63°C - 74°C - 72°C - 63°C - 60°C - 72°C - 74°C | Throttling: None - None - None - None - None - None - None - None
1426 (1567903 Gflops/s) - 1417 (1558007 Gflops/s) - 1384 (1521724 Gflops/s) - 1385 (1522823 Gflops/s) - 1415 (1555808 Gflops/s) - 1402 (1541515 Gflops/s) - 1395 (1533818 Gflops/s) - 1389 (1527221 Gflops/s) | Temperatures: 60°C - 63°C - 74°C - 72°C - 63°C - 60°C - 72°C - 74°C | Throttling: None - None - None - None - None - None - None - None
1428 (1570102 Gflops/s) - 1416 (1556908 Gflops/s) - 1385 (1522823 Gflops/s) - 1387 (1525022 Gflops/s) - 1417 (1558007 Gflops/s) - 1406 (1545913 Gflops/s) - 1394 (1532719 Gflops/s) - 1389 (1527221 Gflops/s) | Temperatures: 60°C - 63°C - 74°C - 71°C - 63°C - 60°C - 72°C - 74°C | Throttling: None - None - None - None - None - None - None - None
1424 (1565704 Gflops/s) - 1416 (1556908 Gflops/s) - 1383 (1520624 Gflops/s) - 1384 (1521724 Gflops/s) - 1413 (1553609 Gflops/s) - 1400 (1539316 Gflops/s) - 1393 (1531619 Gflops/s) - 1390 (1528321 Gflops/s) | Temperatures: 60°C - 63°C - 74°C - 71°C - 63°C - 60°C - 72°C - 74°C | Throttling: None - None - None - None - None - None - None - None
1426 (1567903 Gflops/s) - 1415 (1555808 Gflops/s) - 1385 (1522823 Gflops/s) - 1386 (1523923 Gflops/s) - 1415 (1555808 Gflops/s) - 1405 (1544813 Gflops/s) - 1393 (1531619 Gflops/s) - 1389 (1527221 Gflops/s) | Temperatures: 60°C - 63°C - 74°C - 71°C - 63°C - 60°C - 71°C - 73°C | Throttling: None - None - None - None - None - None - None - None
1426 (1567903 Gflops/s) - 1415 (1555808 Gflops/s) - 1383 (1520624 Gflops/s) - 1385 (1522823 Gflops/s) - 1415 (1555808 Gflops/s) - 1403 (1542614 Gflops/s) - 1392 (1530520 Gflops/s) - 1389 (1527221 Gflops/s) | Temperatures: 60°C - 63°C - 74°C - 71°C - 63°C - 60°C - 71°C - 74°C | Throttling: None - None - None - None - None - None - None - None
1425 (1566804 Gflops/s) - 1418 (1559107 Gflops/s) - 1384 (1521724 Gflops/s) - 1385 (1522823 Gflops/s) - 1416 (1556908 Gflops/s) - 1404 (1543714 Gflops/s) - 1394 (1532719 Gflops/s) - 1390 (1528321 Gflops/s) | Temperatures: 60°C - 63°C - 74°C - 71°C - 63°C - 60°C - 71°C - 74°C | Throttling: None - None - None - None - None - None - None - None
1426 (1567903 Gflops/s) - 1416 (1556908 Gflops/s) - 1386 (1523923 Gflops/s) - 1386 (1523923 Gflops/s) - 1416 (1556908 Gflops/s) - 1403 (1542614 Gflops/s) - 1394 (1532719 Gflops/s) - 1389 (1527221 Gflops/s) | Temperatures: 60°C - 63°C - 74°C - 71°C - 63°C - 60°C - 71°C - 73°C | Throttling: None - None - None - None - None - None - None - None
1426 (1567903 Gflops/s) - 1415 (1555808 Gflops/s) - 1383 (1520624 Gflops/s) - 1385 (1522823 Gflops/s) - 1415 (1555808 Gflops/s) - 1404 (1543714 Gflops/s) - 1395 (1533818 Gflops/s) - 1391 (1529420 Gflops/s) | Temperatures: 60°C - 63°C - 74°C - 71°C - 63°C - 60°C - 71°C - 73°C | Throttling: None - None - None - None - None - None - None - None
1425 (1566804 Gflops/s) - 1416 (1556908 Gflops/s) - 1384 (1521724 Gflops/s) - 1384 (1521724 Gflops/s) - 1414 (1554709 Gflops/s) - 1405 (1544813 Gflops/s) - 1392 (1530520 Gflops/s) - 1390 (1528321 Gflops/s) | Temperatures: 60°C - 63°C - 74°C - 71°C - 63°C - 60°C - 71°C - 73°C | Throttling: None - None - None - None - None - None - None - None
1424 (1565704 Gflops/s) - 1417 (1558007 Gflops/s) - 1384 (1521724 Gflops/s) - 1386 (1523923 Gflops/s) - 1415 (1555808 Gflops/s) - 1407 (1547012 Gflops/s) - 1395 (1533818 Gflops/s) - 1390 (1528321 Gflops/s) | Temperatures: 60°C - 63°C - 74°C - 71°C - 63°C - 60°C - 71°C - 73°C | Throttling: None - None - None - None - None - None - None - None
1426 (1567903 Gflops/s) - 1416 (1556908 Gflops/s) - 1384 (1521724 Gflops/s) - 1385 (1522823 Gflops/s) - 1416 (1556908 Gflops/s) - 1403 (1542614 Gflops/s) - 1394 (1532719 Gflops/s) - 1392 (1530520 Gflops/s) | Temperatures: 60°C - 62°C - 73°C - 71°C - 63°C - 60°C - 71°C - 73°C | Throttling: None - None - None - None - None - None - None - None
1425 (1566804 Gflops/s) - 1417 (1558007 Gflops/s) - 1383 (1520624 Gflops/s) - 1386 (1523923 Gflops/s) - 1415 (1555808 Gflops/s) - 1404 (1543714 Gflops/s) - 1395 (1533818 Gflops/s) - 1388 (1526122 Gflops/s) | Temperatures: 60°C - 62°C - 73°C - 71°C - 63°C - 60°C - 71°C - 73°C | Throttling: None - None - None - None - None - None - None - None
1427 (1569003 Gflops/s) - 1416 (1556908 Gflops/s) - 1385 (1522823 Gflops/s) - 1385 (1522823 Gflops/s) - 1415 (1555808 Gflops/s) - 1404 (1543714 Gflops/s) - 1395 (1533818 Gflops/s) - 1390 (1528321 Gflops/s) | Temperatures: 60°C - 62°C - 73°C - 71°C - 63°C - 60°C - 71°C - 73°C | Throttling: None - None - None - None - None - None - None - None
1425 (1566804 Gflops/s) - 1417 (1558007 Gflops/s) - 1383 (1520624 Gflops/s) - 1385 (1522823 Gflops/s) - 1415 (1555808 Gflops/s) - 1406 (1545913 Gflops/s) - 1395 (1533818 Gflops/s) - 1391 (1529420 Gflops/s) | Temperatures: 60°C - 63°C - 73°C - 71°C - 63°C - 60°C - 71°C - 73°C | Throttling: None - None - None - None - None - None - None - None
1427 (1569003 Gflops/s) - 1416 (1556908 Gflops/s) - 1385 (1522823 Gflops/s) - 1386 (1523923 Gflops/s) - 1416 (1556908 Gflops/s) - 1407 (1547012 Gflops/s) - 1394 (1532719 Gflops/s) - 1391 (1529420 Gflops/s) | Temperatures: 60°C - 62°C - 73°C - 71°C - 63°C - 60°C - 71°C - 73°C | Throttling: None - None - None - None - None - None - None - None
1426 (1567903 Gflops/s) - 1417 (1558007 Gflops/s) - 1384 (1521724 Gflops/s) - 1385 (1522823 Gflops/s) - 1415 (1555808 Gflops/s) - 1403 (1542614 Gflops/s) - 1395 (1533818 Gflops/s) - 1391 (1529420 Gflops/s) | Temperatures: 60°C - 63°C - 73°C - 71°C - 63°C - 60°C - 71°C - 73°C | Throttling: None - None - None - None - None - None - None - None
1426 (1567903 Gflops/s) - 1415 (1555808 Gflops/s) - 1387 (1525022 Gflops/s) - 1384 (1521724 Gflops/s) - 1414 (1554709 Gflops/s) - 1404 (1543714 Gflops/s) - 1396 (1534918 Gflops/s) - 1390 (1528321 Gflops/s) | Temperatures: 60°C - 62°C - 74°C - 71°C - 63°C - 60°C - 71°C - 73°C | Throttling: None - None - None - None - None - None - None - None
1421 (1562406 Gflops/s) - 1411 (1551410 Gflops/s) - 1382 (1519525 Gflops/s) - 1380 (1517326 Gflops/s) - 1410 (1550311 Gflops/s) - 1400 (1539316 Gflops/s) - 1391 (1529420 Gflops/s) - 1385 (1522823 Gflops/s) | Temperatures: 60°C - 63°C - 73°C - 71°C - 63°C - 60°C - 71°C - 73°C | Throttling: None - None - None - None - None - None - None - None
1315 (1445857 Gflops/s) - 1307 (1437061 Gflops/s) - 1280 (1407374 Gflops/s) - 1277 (1404076 Gflops/s) - 1305 (1434862 Gflops/s) - 1295 (1423867 Gflops/s) - 1285 (1412872 Gflops/s) - 1281 (1408474 Gflops/s) | Temperatures: 60°C - 62°C - 73°C - 71°C - 63°C - 60°C - 71°C - 73°C | Throttling: None - None - None - None - None - None - None - None
1314 (1444758 Gflops/s) - 1307 (1437061 Gflops/s) - 1278 (1405175 Gflops/s) - 1277 (1404076 Gflops/s) - 1305 (1434862 Gflops/s) - 1294 (1422768 Gflops/s) - 1286 (1413971 Gflops/s) - 1281 (1408474 Gflops/s) | Temperatures: 60°C - 62°C - 73°C - 71°C - 63°C - 60°C - 71°C - 73°C | Throttling: None - None - None - None - None - None - None - None
1314 (1444758 Gflops/s) - 1307 (1437061 Gflops/s) - 1280 (1407374 Gflops/s) - 1278 (1405175 Gflops/s) - 1307 (1437061 Gflops/s) - 1297 (1426066 Gflops/s) - 1289 (1417270 Gflops/s) - 1283 (1410673 Gflops/s) | Temperatures: 60°C - 62°C - 73°C - 71°C - 63°C - 60°C - 71°C - 73°C | Throttling: None - None - None - None - None - None - None - None
1315 (1445857 Gflops/s) - 1307 (1437061 Gflops/s) - 1280 (1407374 Gflops/s) - 1277 (1404076 Gflops/s) - 1306 (1435962 Gflops/s) - 1296 (1424967 Gflops/s) - 1287 (1415071 Gflops/s) - 1281 (1408474 Gflops/s) | Temperatures: 60°C - 62°C - 73°C - 71°C - 63°C - 60°C - 71°C - 73°C | Throttling: None - None - None - None - None - None - None - None
1325 (1456852 Gflops/s) - 1316 (1446957 Gflops/s) - 1289 (1417270 Gflops/s) - 1287 (1415071 Gflops/s) - 1315 (1445857 Gflops/s) - 1305 (1434862 Gflops/s) - 1297 (1426066 Gflops/s) - 1292 (1420569 Gflops/s) | Temperatures: 60°C - 62°C - 73°C - 71°C - 63°C - 60°C - 71°C - 73°C | Throttling: None - None - None - None - None - None - None - None
1307 (1437061 Gflops/s) - 1297 (1426066 Gflops/s) - 1270 (1396379 Gflops/s) - 1269 (1395280 Gflops/s) - 1297 (1426066 Gflops/s) - 1285 (1412872 Gflops/s) - 1278 (1405175 Gflops/s) - 1272 (1398578 Gflops/s) | Temperatures: 60°C - 62°C - 73°C - 71°C - 63°C - 60°C - 71°C - 73°C | Throttling: None - None - None - None - None - None - None - None
1315 (1445857 Gflops/s) - 1307 (1437061 Gflops/s) - 1280 (1407374 Gflops/s) - 1277 (1404076 Gflops/s) - 1306 (1435962 Gflops/s) - 1296 (1424967 Gflops/s) - 1288 (1416170 Gflops/s) - 1283 (1410673 Gflops/s) | Temperatures: 60°C - 62°C - 73°C - 71°C - 63°C - 60°C - 71°C - 73°C | Throttling: None - None - None - None - None - None - None - None
1316 (1446957 Gflops/s) - 1307 (1437061 Gflops/s) - 1280 (1407374 Gflops/s) - 1279 (1406275 Gflops/s) - 1306 (1435962 Gflops/s) - 1296 (1424967 Gflops/s) - 1290 (1418369 Gflops/s) - 1284 (1411772 Gflops/s) | Temperatures: 60°C - 62°C - 73°C - 71°C - 63°C - 60°C - 71°C - 73°C | Throttling: None - None - None - None - None - None - None - None
1315 (1445857 Gflops/s) - 1307 (1437061 Gflops/s) - 1279 (1406275 Gflops/s) - 1277 (1404076 Gflops/s) - 1305 (1434862 Gflops/s) - 1295 (1423867 Gflops/s) - 1289 (1417270 Gflops/s) - 1281 (1408474 Gflops/s) | Temperatures: 60°C - 62°C - 73°C - 71°C - 63°C - 60°C - 71°C - 73°C | Throttling: None - None - None - None - None - None - None - None
1314 (1444758 Gflops/s) - 1305 (1434862 Gflops/s) - 1278 (1405175 Gflops/s) - 1276 (1402976 Gflops/s) - 1304 (1433763 Gflops/s) - 1295 (1423867 Gflops/s) - 1287 (1415071 Gflops/s) - 1282 (1409573 Gflops/s) | Temperatures: 60°C - 62°C - 73°C - 71°C - 63°C - 60°C - 71°C - 73°C | Throttling: None - None - None - None - None - None - None - None
1318 (1449156 Gflops/s) - 1308 (1438161 Gflops/s) - 1283 (1410673 Gflops/s) - 1280 (1407374 Gflops/s) - 1308 (1438161 Gflops/s) - 1298 (1427166 Gflops/s) - 1293 (1421668 Gflops/s) - 1284 (1411772 Gflops/s) | Temperatures: 60°C - 62°C - 73°C - 70°C - 63°C - 60°C - 71°C - 73°C | Throttling: None - None - None - None - None - None - None - None
1314 (1444758 Gflops/s) - 1306 (1435962 Gflops/s) - 1278 (1405175 Gflops/s) - 1276 (1402976 Gflops/s) - 1305 (1434862 Gflops/s) - 1295 (1423867 Gflops/s) - 1286 (1413971 Gflops/s) - 1281 (1408474 Gflops/s) | Temperatures: 60°C - 62°C - 73°C - 70°C - 63°C - 60°C - 71°C - 73°C | Throttling: None - None - None - None - None - None - None - None
1325 (1456852 Gflops/s) - 1316 (1446957 Gflops/s) - 1289 (1417270 Gflops/s) - 1287 (1415071 Gflops/s) - 1314 (1444758 Gflops/s) - 1304 (1433763 Gflops/s) - 1298 (1427166 Gflops/s) - 1291 (1419469 Gflops/s) | Temperatures: 60°C - 62°C - 73°C - 70°C - 63°C - 60°C - 71°C - 73°C | Throttling: None - None - None - None - None - None - None - None
1308 (1438161 Gflops/s) - 1299 (1428265 Gflops/s) - 1272 (1398578 Gflops/s) - 1269 (1395280 Gflops/s) - 1298 (1427166 Gflops/s) - 1290 (1418369 Gflops/s) - 1282 (1409573 Gflops/s) - 1275 (1401877 Gflops/s) | Temperatures: 60°C - 62°C - 73°C - 70°C - 63°C - 60°C - 71°C - 73°C | Throttling: None - None - None - None - None - None - None - None
1315 (1445857 Gflops/s) - 1305 (1434862 Gflops/s) - 1279 (1406275 Gflops/s) - 1277 (1404076 Gflops/s) - 1305 (1434862 Gflops/s) - 1294 (1422768 Gflops/s) - 1286 (1413971 Gflops/s) - 1281 (1408474 Gflops/s) | Temperatures: 60°C - 62°C - 73°C - 70°C - 63°C - 60°C - 71°C - 73°C | Throttling: None - None - None - None - None - None - None - None
1316 (1446957 Gflops/s) - 1307 (1437061 Gflops/s) - 1280 (1407374 Gflops/s) - 1278 (1405175 Gflops/s) - 1307 (1437061 Gflops/s) - 1297 (1426066 Gflops/s) - 1289 (1417270 Gflops/s) - 1283 (1410673 Gflops/s) | Temperatures: 60°C - 62°C - 73°C - 70°C - 63°C - 60°C - 71°C - 73°C | Throttling: None - None - None - None - None - None - None - None
1316 (1446957 Gflops/s) - 1308 (1438161 Gflops/s) - 1280 (1407374 Gflops/s) - 1278 (1405175 Gflops/s) - 1306 (1435962 Gflops/s) - 1293 (1421668 Gflops/s) - 1289 (1417270 Gflops/s) - 1282 (1409573 Gflops/s) | Temperatures: 60°C - 62°C - 73°C - 70°C - 63°C - 60°C - 71°C - 73°C | Throttling: None - None - None - None - None - None - None - None
1314 (1444758 Gflops/s) - 1305 (1434862 Gflops/s) - 1278 (1405175 Gflops/s) - 1276 (1402976 Gflops/s) - 1304 (1433763 Gflops/s) - 1296 (1424967 Gflops/s) - 1287 (1415071 Gflops/s) - 1280 (1407374 Gflops/s) | Temperatures: 60°C - 62°C - 73°C - 70°C - 63°C - 60°C - 71°C - 73°C | Throttling: None - None - None - None - None - None - None - None
1315 (1445857 Gflops/s) - 1309 (1439260 Gflops/s) - 1281 (1408474 Gflops/s) - 1279 (1406275 Gflops/s) - 1307 (1437061 Gflops/s) - 1297 (1426066 Gflops/s) - 1290 (1418369 Gflops/s) - 1284 (1411772 Gflops/s) | Temperatures: 60°C - 62°C - 73°C - 70°C - 63°C - 60°C - 71°C - 73°C | Throttling: None - None - None - None - None - None - None - None
1315 (1445857 Gflops/s) - 1305 (1434862 Gflops/s) - 1280 (1407374 Gflops/s) - 1277 (1404076 Gflops/s) - 1306 (1435962 Gflops/s) - 1294 (1422768 Gflops/s) - 1290 (1418369 Gflops/s) - 1283 (1410673 Gflops/s) | Temperatures: 60°C - 62°C - 73°C - 70°C - 63°C - 60°C - 71°C - 73°C | Throttling: None - None - None - None - None - None - None - None
1324 (1455753 Gflops/s) - 1315 (1445857 Gflops/s) - 1288 (1416170 Gflops/s) - 1285 (1412872 Gflops/s) - 1314 (1444758 Gflops/s) - 1305 (1434862 Gflops/s) - 1295 (1423867 Gflops/s) - 1290 (1418369 Gflops/s) | Temperatures: 60°C - 62°C - 73°C - 70°C - 63°C - 60°C - 71°C - 73°C | Throttling: None - None - None - None - None - None - None - None
1307 (1437061 Gflops/s) - 1300 (1429365 Gflops/s) - 1271 (1397479 Gflops/s) - 1270 (1396379 Gflops/s) - 1297 (1426066 Gflops/s) - 1288 (1416170 Gflops/s) - 1279 (1406275 Gflops/s) - 1274 (1400777 Gflops/s) | Temperatures: 60°C - 62°C - 73°C - 70°C - 63°C - 60°C - 70°C - 73°C | Throttling: None - None - None - None - None - None - None - None
1316 (1446957 Gflops/s) - 1307 (1437061 Gflops/s) - 1280 (1407374 Gflops/s) - 1278 (1405175 Gflops/s) - 1306 (1435962 Gflops/s) - 1297 (1426066 Gflops/s) - 1291 (1419469 Gflops/s) - 1281 (1408474 Gflops/s) | Temperatures: 60°C - 62°C - 73°C - 70°C - 63°C - 60°C - 70°C - 73°C | Throttling: None - None - None - None - None - None - None - None
1317 (1448056 Gflops/s) - 1307 (1437061 Gflops/s) - 1281 (1408474 Gflops/s) - 1279 (1406275 Gflops/s) - 1308 (1438161 Gflops/s) - 1296 (1424967 Gflops/s) - 1290 (1418369 Gflops/s) - 1284 (1411772 Gflops/s) | Temperatures: 60°C - 62°C - 73°C - 70°C - 63°C - 60°C - 70°C - 73°C | Throttling: None - None - None - None - None - None - None - None
1314 (1444758 Gflops/s) - 1306 (1435962 Gflops/s) - 1278 (1405175 Gflops/s) - 1276 (1402976 Gflops/s) - 1305 (1434862 Gflops/s) - 1294 (1422768 Gflops/s) - 1289 (1417270 Gflops/s) - 1282 (1409573 Gflops/s) | Temperatures: 60°C - 62°C - 73°C - 70°C - 63°C - 60°C - 70°C - 73°C | Throttling: None - None - None - None - None - None - None - None
1313 (1443658 Gflops/s) - 1307 (1437061 Gflops/s) - 1281 (1408474 Gflops/s) - 1278 (1405175 Gflops/s) - 1306 (1435962 Gflops/s) - 1297 (1426066 Gflops/s) - 1289 (1417270 Gflops/s) - 1283 (1410673 Gflops/s) | Temperatures: 60°C - 62°C - 73°C - 70°C - 63°C - 60°C - 70°C - 73°C | Throttling: None - None - None - None - None - None - None - None
1317 (1448056 Gflops/s) - 1308 (1438161 Gflops/s) - 1281 (1408474 Gflops/s) - 1279 (1406275 Gflops/s) - 1308 (1438161 Gflops/s) - 1297 (1426066 Gflops/s) - 1293 (1421668 Gflops/s) - 1285 (1412872 Gflops/s) | Temperatures: 60°C - 62°C - 73°C - 70°C - 63°C - 60°C - 71°C - 73°C | Throttling: None - None - None - None - None - None - None - None
1313 (1443658 Gflops/s) - 1305 (1434862 Gflops/s) - 1280 (1407374 Gflops/s) - 1275 (1401877 Gflops/s) - 1304 (1433763 Gflops/s) - 1295 (1423867 Gflops/s) - 1286 (1413971 Gflops/s) - 1282 (1409573 Gflops/s) | Temperatures: 60°C - 62°C - 73°C - 70°C - 63°C - 60°C - 71°C - 73°C | Throttling: None - None - None - None - None - None - None - None
1324 (1455753 Gflops/s) - 1313 (1443658 Gflops/s) - 1287 (1415071 Gflops/s) - 1285 (1412872 Gflops/s) - 1313 (1443658 Gflops/s) - 1303 (1432663 Gflops/s) - 1297 (1426066 Gflops/s) - 1290 (1418369 Gflops/s) | Temperatures: 60°C - 62°C - 73°C - 70°C - 63°C - 60°C - 71°C - 73°C | Throttling: None - None - None - None - None - None - None - None
1308 (1438161 Gflops/s) - 1300 (1429365 Gflops/s) - 1273 (1399678 Gflops/s) - 1271 (1397479 Gflops/s) - 1299 (1428265 Gflops/s) - 1291 (1419469 Gflops/s) - 1282 (1409573 Gflops/s) - 1276 (1402976 Gflops/s) | Temperatures: 60°C - 62°C - 73°C - 70°C - 63°C - 60°C - 70°C - 73°C | Throttling: None - None - None - None - None - None - None - None
1315 (1445857 Gflops/s) - 1307 (1437061 Gflops/s) - 1280 (1407374 Gflops/s) - 1278 (1405175 Gflops/s) - 1307 (1437061 Gflops/s) - 1296 (1424967 Gflops/s) - 1290 (1418369 Gflops/s) - 1284 (1411772 Gflops/s) | Temperatures: 60°C - 62°C - 73°C - 70°C - 63°C - 60°C - 71°C - 73°C | Throttling: None - None - None - None - None - None - None - None
1316 (1446957 Gflops/s) - 1307 (1437061 Gflops/s) - 1281 (1408474 Gflops/s) - 1278 (1405175 Gflops/s) - 1307 (1437061 Gflops/s) - 1296 (1424967 Gflops/s) - 1291 (1419469 Gflops/s) - 1285 (1412872 Gflops/s) | Temperatures: 60°C - 62°C - 73°C - 70°C - 63°C - 60°C - 71°C - 72°C | Throttling: None - None - None - None - None - None - None - None
1314 (1444758 Gflops/s) - 1306 (1435962 Gflops/s) - 1280 (1407374 Gflops/s) - 1278 (1405175 Gflops/s) - 1304 (1433763 Gflops/s) - 1295 (1423867 Gflops/s) - 1287 (1415071 Gflops/s) - 1283 (1410673 Gflops/s) | Temperatures: 60°C - 62°C - 73°C - 70°C - 63°C - 60°C - 70°C - 73°C | Throttling: None - None - None - None - None - None - None - None
1314 (1444758 Gflops/s) - 1306 (1435962 Gflops/s) - 1279 (1406275 Gflops/s) - 1276 (1402976 Gflops/s) - 1304 (1433763 Gflops/s) - 1295 (1423867 Gflops/s) - 1289 (1417270 Gflops/s) - 1282 (1409573 Gflops/s) | Temperatures: 60°C - 62°C - 73°C - 70°C - 63°C - 60°C - 70°C - 72°C | Throttling: None - None - None - None - None - None - None - None
1316 (1446957 Gflops/s) - 1309 (1439260 Gflops/s) - 1284 (1411772 Gflops/s) - 1280 (1407374 Gflops/s) - 1309 (1439260 Gflops/s) - 1298 (1427166 Gflops/s) - 1292 (1420569 Gflops/s) - 1284 (1411772 Gflops/s) | Temperatures: 60°C - 62°C - 73°C - 70°C - 63°C - 60°C - 70°C - 72°C | Throttling: None - None - None - None - None - None - None - None
1313 (1443658 Gflops/s) - 1306 (1435962 Gflops/s) - 1280 (1407374 Gflops/s) - 1276 (1402976 Gflops/s) - 1306 (1435962 Gflops/s) - 1295 (1423867 Gflops/s) - 1288 (1416170 Gflops/s) - 1281 (1408474 Gflops/s) | Temperatures: 60°C - 62°C - 73°C - 70°C - 63°C - 60°C - 70°C - 72°C | Throttling: None - None - None - None - None - None - None - None
1325 (1456852 Gflops/s) - 1315 (1445857 Gflops/s) - 1288 (1416170 Gflops/s) - 1287 (1415071 Gflops/s) - 1315 (1445857 Gflops/s) - 1304 (1433763 Gflops/s) - 1297 (1426066 Gflops/s) - 1292 (1420569 Gflops/s) | Temperatures: 60°C - 62°C - 73°C - 70°C - 63°C - 60°C - 70°C - 72°C | Throttling: None - None - None - None - None - None - None - None
1307 (1437061 Gflops/s) - 1298 (1427166 Gflops/s) - 1272 (1398578 Gflops/s) - 1269 (1395280 Gflops/s) - 1298 (1427166 Gflops/s) - 1286 (1413971 Gflops/s) - 1280 (1407374 Gflops/s) - 1273 (1399678 Gflops/s) | Temperatures: 60°C - 62°C - 73°C - 70°C - 63°C - 60°C - 70°C - 72°C | Throttling: None - None - None - None - None - None - None - None
1316 (1446957 Gflops/s) - 1307 (1437061 Gflops/s) - 1281 (1408474 Gflops/s) - 1278 (1405175 Gflops/s) - 1305 (1434862 Gflops/s) - 1297 (1426066 Gflops/s) - 1290 (1418369 Gflops/s) - 1283 (1410673 Gflops/s) | Temperatures: 60°C - 62°C - 73°C - 70°C - 63°C - 60°C - 70°C - 72°C | Throttling: None - None - None - None - None - None - None - None
1317 (1448056 Gflops/s) - 1308 (1438161 Gflops/s) - 1282 (1409573 Gflops/s) - 1279 (1406275 Gflops/s) - 1308 (1438161 Gflops/s) - 1296 (1424967 Gflops/s) - 1291 (1419469 Gflops/s) - 1285 (1412872 Gflops/s) | Temperatures: 60°C - 62°C - 73°C - 70°C - 63°C - 60°C - 70°C - 72°C | Throttling: None - None - None - None - None - None - None - None
1360 (1495335 Gflops/s) - 1352 (1486539 Gflops/s) - 1324 (1455753 Gflops/s) - 1320 (1451355 Gflops/s) - 1350 (1484340 Gflops/s) - 1339 (1472246 Gflops/s) - 1333 (1465648 Gflops/s) - 1326 (1457952 Gflops/s) | Temperatures: 60°C - 62°C - 73°C - 70°C - 63°C - 60°C - 70°C - 72°C | Throttling: None - None - None - None - None - None - None - None
1402 (1541515 Gflops/s) - 1394 (1532719 Gflops/s) - 1364 (1499733 Gflops/s) - 1363 (1498634 Gflops/s) - 1393 (1531619 Gflops/s) - 1383 (1520624 Gflops/s) - 1377 (1514027 Gflops/s) - 1370 (1506330 Gflops/s) | Temperatures: 60°C - 62°C - 73°C - 70°C - 63°C - 60°C - 70°C - 72°C | Throttling: None - None - None - None - None - None - None - None
1405 (1544813 Gflops/s) - 1397 (1536017 Gflops/s) - 1367 (1503032 Gflops/s) - 1365 (1500833 Gflops/s) - 1395 (1533818 Gflops/s) - 1385 (1522823 Gflops/s) - 1377 (1514027 Gflops/s) - 1372 (1508529 Gflops/s) | Temperatures: 60°C - 62°C - 73°C - 70°C - 63°C - 60°C - 70°C - 72°C | Throttling: None - None - None - None - None - None - None - None
1402 (1541515 Gflops/s) - 1395 (1533818 Gflops/s) - 1365 (1500833 Gflops/s) - 1362 (1497534 Gflops/s) - 1393 (1531619 Gflops/s) - 1383 (1520624 Gflops/s) - 1377 (1514027 Gflops/s) - 1369 (1505231 Gflops/s) | Temperatures: 60°C - 62°C - 73°C - 70°C - 63°C - 60°C - 70°C - 72°C | Throttling: None - None - None - None - None - None - None - None
1418 (1559107 Gflops/s) - 1408 (1548112 Gflops/s) - 1382 (1519525 Gflops/s) - 1378 (1515127 Gflops/s) - 1409 (1549211 Gflops/s) - 1397 (1536017 Gflops/s) - 1391 (1529420 Gflops/s) - 1383 (1520624 Gflops/s) | Temperatures: 60°C - 62°C - 73°C - 70°C - 63°C - 60°C - 70°C - 72°C | Throttling: None - None - None - None - None - None - None - None
1442 (1585495 Gflops/s) - 1432 (1574500 Gflops/s) - 1405 (1544813 Gflops/s) - 1400 (1539316 Gflops/s) - 1430 (1572301 Gflops/s) - 1419 (1560206 Gflops/s) - 1412 (1552510 Gflops/s) - 1408 (1548112 Gflops/s) | Temperatures: 60°C - 62°C - 73°C - 70°C - 63°C - 60°C - 70°C - 72°C | Throttling: None - None - None - None - None - None - None - None
1442 (1585495 Gflops/s) - 1432 (1574500 Gflops/s) - 1403 (1542614 Gflops/s) - 1400 (1539316 Gflops/s) - 1431 (1573401 Gflops/s) - 1421 (1562406 Gflops/s) - 1412 (1552510 Gflops/s) - 1405 (1544813 Gflops/s) | Temperatures: 60°C - 62°C - 73°C - 70°C - 63°C - 60°C - 70°C - 72°C | Throttling: None - None - None - None - None - None - None - None
1442 (1585495 Gflops/s) - 1433 (1575600 Gflops/s) - 1403 (1542614 Gflops/s) - 1400 (1539316 Gflops/s) - 1432 (1574500 Gflops/s) - 1419 (1560206 Gflops/s) - 1414 (1554709 Gflops/s) - 1406 (1545913 Gflops/s) | Temperatures: 60°C - 62°C - 73°C - 70°C - 63°C - 60°C - 70°C - 72°C | Throttling: None - None - None - None - None - None - None - None
1441 (1584396 Gflops/s) - 1433 (1575600 Gflops/s) - 1404 (1543714 Gflops/s) - 1400 (1539316 Gflops/s) - 1430 (1572301 Gflops/s) - 1421 (1562406 Gflops/s) - 1413 (1553609 Gflops/s) - 1406 (1545913 Gflops/s) | Temperatures: 60°C - 62°C - 73°C - 70°C - 63°C - 60°C - 70°C - 72°C | Throttling: None - None - None - None - None - None - None - None
1442 (1585495 Gflops/s) - 1432 (1574500 Gflops/s) - 1403 (1542614 Gflops/s) - 1401 (1540415 Gflops/s) - 1432 (1574500 Gflops/s) - 1420 (1561306 Gflops/s) - 1413 (1553609 Gflops/s) - 1405 (1544813 Gflops/s) | Temperatures: 60°C - 62°C - 73°C - 70°C - 63°C - 60°C - 70°C - 72°C | Throttling: None - None - None - None - None - None - None - None
1442 (1585495 Gflops/s) - 1432 (1574500 Gflops/s) - 1403 (1542614 Gflops/s) - 1400 (1539316 Gflops/s) - 1431 (1573401 Gflops/s) - 1421 (1562406 Gflops/s) - 1414 (1554709 Gflops/s) - 1406 (1545913 Gflops/s) | Temperatures: 60°C - 62°C - 73°C - 70°C - 63°C - 60°C - 70°C - 72°C | Throttling: None - None - None - None - None - None - None - None
1442 (1585495 Gflops/s) - 1432 (1574500 Gflops/s) - 1403 (1542614 Gflops/s) - 1400 (1539316 Gflops/s) - 1430 (1572301 Gflops/s) - 1422 (1563505 Gflops/s) - 1413 (1553609 Gflops/s) - 1407 (1547012 Gflops/s) | Temperatures: 60°C - 62°C - 73°C - 70°C - 63°C - 60°C - 70°C - 72°C | Throttling: None - None - None - None - None - None - None - None
1441 (1584396 Gflops/s) - 1433 (1575600 Gflops/s) - 1402 (1541515 Gflops/s) - 1400 (1539316 Gflops/s) - 1432 (1574500 Gflops/s) - 1418 (1559107 Gflops/s) - 1414 (1554709 Gflops/s) - 1406 (1545913 Gflops/s) | Temperatures: 60°C - 62°C - 73°C - 70°C - 63°C - 60°C - 70°C - 72°C | Throttling: None - None - None - None - None - None - None - None
1442 (1585495 Gflops/s) - 1431 (1573401 Gflops/s) - 1404 (1543714 Gflops/s) - 1400 (1539316 Gflops/s) - 1431 (1573401 Gflops/s) - 1419 (1560206 Gflops/s) - 1414 (1554709 Gflops/s) - 1406 (1545913 Gflops/s) | Temperatures: 60°C - 62°C - 73°C - 70°C - 63°C - 60°C - 70°C - 72°C | Throttling: None - None - None - None - None - None - None - None
1442 (1585495 Gflops/s) - 1432 (1574500 Gflops/s) - 1403 (1542614 Gflops/s) - 1400 (1539316 Gflops/s) - 1430 (1572301 Gflops/s) - 1421 (1562406 Gflops/s) - 1413 (1553609 Gflops/s) - 1407 (1547012 Gflops/s) | Temperatures: 60°C - 62°C - 73°C - 70°C - 63°C - 60°C - 70°C - 72°C | Throttling: None - None - None - None - None - None - None - None
1440 (1583296 Gflops/s) - 1431 (1573401 Gflops/s) - 1404 (1543714 Gflops/s) - 1400 (1539316 Gflops/s) - 1432 (1574500 Gflops/s) - 1420 (1561306 Gflops/s) - 1412 (1552510 Gflops/s) - 1407 (1547012 Gflops/s) | Temperatures: 59°C - 62°C - 73°C - 70°C - 63°C - 60°C - 70°C - 72°C | Throttling: None - None - None - None - None - None - None - None
1440 (1583296 Gflops/s) - 1431 (1573401 Gflops/s) - 1402 (1541515 Gflops/s) - 1400 (1539316 Gflops/s) - 1431 (1573401 Gflops/s) - 1418 (1559107 Gflops/s) - 1414 (1554709 Gflops/s) - 1406 (1545913 Gflops/s) | Temperatures: 60°C - 62°C - 73°C - 70°C - 63°C - 60°C - 70°C - 72°C | Throttling: None - None - None - None - None - None - None - None
1442 (1585495 Gflops/s) - 1432 (1574500 Gflops/s) - 1404 (1543714 Gflops/s) - 1400 (1539316 Gflops/s) - 1431 (1573401 Gflops/s) - 1418 (1559107 Gflops/s) - 1413 (1553609 Gflops/s) - 1407 (1547012 Gflops/s) | Temperatures: 60°C - 63°C - 73°C - 70°C - 63°C - 60°C - 70°C - 72°C | Throttling: None - None - None - None - None - None - None - None
1442 (1585495 Gflops/s) - 1432 (1574500 Gflops/s) - 1405 (1544813 Gflops/s) - 1400 (1539316 Gflops/s) - 1431 (1573401 Gflops/s) - 1420 (1561306 Gflops/s) - 1413 (1553609 Gflops/s) - 1407 (1547012 Gflops/s) | Temperatures: 60°C - 62°C - 73°C - 70°C - 63°C - 60°C - 70°C - 72°C | Throttling: None - None - None - None - None - None - None - None
1441 (1584396 Gflops/s) - 1433 (1575600 Gflops/s) - 1403 (1542614 Gflops/s) - 1400 (1539316 Gflops/s) - 1431 (1573401 Gflops/s) - 1422 (1563505 Gflops/s) - 1413 (1553609 Gflops/s) - 1406 (1545913 Gflops/s) | Temperatures: 60°C - 62°C - 73°C - 70°C - 63°C - 60°C - 70°C - 72°C | Throttling: None - None - None - None - None - None - None - None
1440 (1583296 Gflops/s) - 1433 (1575600 Gflops/s) - 1403 (1542614 Gflops/s) - 1402 (1541515 Gflops/s) - 1432 (1574500 Gflops/s) - 1419 (1560206 Gflops/s) - 1413 (1553609 Gflops/s) - 1406 (1545913 Gflops/s) | Temperatures: 60°C - 63°C - 73°C - 70°C - 63°C - 60°C - 70°C - 72°C | Throttling: None - None - None - None - None - None - None - None
1442 (1585495 Gflops/s) - 1431 (1573401 Gflops/s) - 1404 (1543714 Gflops/s) - 1402 (1541515 Gflops/s) - 1431 (1573401 Gflops/s) - 1422 (1563505 Gflops/s) - 1413 (1553609 Gflops/s) - 1406 (1545913 Gflops/s) | Temperatures: 60°C - 62°C - 73°C - 70°C - 63°C - 60°C - 70°C - 72°C | Throttling: None - None - None - None - None - None - None - None
1442 (1585495 Gflops/s) - 1432 (1574500 Gflops/s) - 1403 (1542614 Gflops/s) - 1401 (1540415 Gflops/s) - 1431 (1573401 Gflops/s) - 1418 (1559107 Gflops/s) - 1413 (1553609 Gflops/s) - 1408 (1548112 Gflops/s) | Temperatures: 60°C - 62°C - 73°C - 70°C - 63°C - 60°C - 70°C - 72°C | Throttling: None - None - None - None - None - None - None - None
1440 (1583296 Gflops/s) - 1430 (1572301 Gflops/s) - 1401 (1540415 Gflops/s) - 1398 (1537117 Gflops/s) - 1429 (1571202 Gflops/s) - 1419 (1560206 Gflops/s) - 1413 (1553609 Gflops/s) - 1404 (1543714 Gflops/s) | Temperatures: 60°C - 62°C - 73°C - 70°C - 63°C - 60°C - 70°C - 72°C | Throttling: None - None - None - None - None - None - None - None
1343 (1476644 Gflops/s) - 1336 (1468947 Gflops/s) - 1309 (1439260 Gflops/s) - 1306 (1435962 Gflops/s) - 1336 (1468947 Gflops/s) - 1326 (1457952 Gflops/s) - 1320 (1451355 Gflops/s) - 1313 (1443658 Gflops/s) | Temperatures: 59°C - 62°C - 73°C - 70°C - 63°C - 60°C - 70°C - 72°C | Throttling: None - None - None - None - None - None - None - None
1347 (1481042 Gflops/s) - 1337 (1470047 Gflops/s) - 1310 (1440360 Gflops/s) - 1308 (1438161 Gflops/s) - 1336 (1468947 Gflops/s) - 1326 (1457952 Gflops/s) - 1320 (1451355 Gflops/s) - 1313 (1443658 Gflops/s) | Temperatures: 60°C - 63°C - 73°C - 70°C - 63°C - 60°C - 70°C - 72°C | Throttling: None - None - None - None - None - None - None - None
1343 (1476644 Gflops/s) - 1336 (1468947 Gflops/s) - 1309 (1439260 Gflops/s) - 1306 (1435962 Gflops/s) - 1335 (1467848 Gflops/s) - 1326 (1457952 Gflops/s) - 1319 (1450255 Gflops/s) - 1313 (1443658 Gflops/s) | Temperatures: 59°C - 62°C - 73°C - 70°C - 63°C - 60°C - 70°C - 72°C | Throttling: None - None - None - None - None - None - None - None
1346 (1479942 Gflops/s) - 1338 (1471146 Gflops/s) - 1312 (1442559 Gflops/s) - 1309 (1439260 Gflops/s) - 1337 (1470047 Gflops/s) - 1325 (1456852 Gflops/s) - 1321 (1452454 Gflops/s) - 1314 (1444758 Gflops/s) | Temperatures: 60°C - 63°C - 73°C - 70°C - 63°C - 60°C - 70°C - 72°C | Throttling: None - None - None - None - None - None - None - None
1347 (1481042 Gflops/s) - 1337 (1470047 Gflops/s) - 1311 (1441459 Gflops/s) - 1307 (1437061 Gflops/s) - 1336 (1468947 Gflops/s) - 1326 (1457952 Gflops/s) - 1319 (1450255 Gflops/s) - 1314 (1444758 Gflops/s) | Temperatures: 60°C - 63°C - 73°C - 70°C - 63°C - 60°C - 70°C - 72°C | Throttling: None - None - None - None - None - None - None - None
1346 (1479942 Gflops/s) - 1336 (1468947 Gflops/s) - 1310 (1440360 Gflops/s) - 1307 (1437061 Gflops/s) - 1336 (1468947 Gflops/s) - 1327 (1459051 Gflops/s) - 1319 (1450255 Gflops/s) - 1311 (1441459 Gflops/s) | Temperatures: 60°C - 62°C - 73°C - 70°C - 63°C - 60°C - 70°C - 72°C | Throttling: None - None - None - None - None - None - None - None
1344 (1477743 Gflops/s) - 1336 (1468947 Gflops/s) - 1310 (1440360 Gflops/s) - 1306 (1435962 Gflops/s) - 1335 (1467848 Gflops/s) - 1325 (1456852 Gflops/s) - 1319 (1450255 Gflops/s) - 1313 (1443658 Gflops/s) | Temperatures: 60°C - 62°C - 73°C - 70°C - 63°C - 60°C - 70°C - 72°C | Throttling: None - None - None - None - None - None - None - None
1347 (1481042 Gflops/s) - 1338 (1471146 Gflops/s) - 1310 (1440360 Gflops/s) - 1307 (1437061 Gflops/s) - 1336 (1468947 Gflops/s) - 1326 (1457952 Gflops/s) - 1321 (1452454 Gflops/s) - 1313 (1443658 Gflops/s) | Temperatures: 60°C - 62°C - 73°C - 70°C - 63°C - 60°C - 70°C - 72°C | Throttling: None - None - None - None - None - None - None - None
1346 (1479942 Gflops/s) - 1336 (1468947 Gflops/s) - 1309 (1439260 Gflops/s) - 1307 (1437061 Gflops/s) - 1335 (1467848 Gflops/s) - 1324 (1455753 Gflops/s) - 1319 (1450255 Gflops/s) - 1312 (1442559 Gflops/s) | Temperatures: 60°C - 63°C - 73°C - 70°C - 63°C - 60°C - 70°C - 72°C | Throttling: None - None - None - None - None - None - None - None
1346 (1479942 Gflops/s) - 1338 (1471146 Gflops/s) - 1310 (1440360 Gflops/s) - 1307 (1437061 Gflops/s) - 1337 (1470047 Gflops/s) - 1326 (1457952 Gflops/s) - 1320 (1451355 Gflops/s) - 1314 (1444758 Gflops/s) | Temperatures: 60°C - 62°C - 73°C - 70°C - 63°C - 60°C - 70°C - 72°C | Throttling: None - None - None - None - None - None - None - None
1346 (1479942 Gflops/s) - 1337 (1470047 Gflops/s) - 1310 (1440360 Gflops/s) - 1307 (1437061 Gflops/s) - 1336 (1468947 Gflops/s) - 1325 (1456852 Gflops/s) - 1319 (1450255 Gflops/s) - 1312 (1442559 Gflops/s) | Temperatures: 60°C - 62°C - 73°C - 70°C - 63°C - 60°C - 70°C - 72°C | Throttling: None - None - None - None - None - None - None - None
1346 (1479942 Gflops/s) - 1338 (1471146 Gflops/s) - 1311 (1441459 Gflops/s) - 1308 (1438161 Gflops/s) - 1336 (1468947 Gflops/s) - 1326 (1457952 Gflops/s) - 1321 (1452454 Gflops/s) - 1314 (1444758 Gflops/s) | Temperatures: 60°C - 62°C - 73°C - 70°C - 63°C - 60°C - 70°C - 72°C | Throttling: None - None - None - None - None - None - None - None
1345 (1478843 Gflops/s) - 1336 (1468947 Gflops/s) - 1310 (1440360 Gflops/s) - 1307 (1437061 Gflops/s) - 1335 (1467848 Gflops/s) - 1324 (1455753 Gflops/s) - 1318 (1449156 Gflops/s) - 1311 (1441459 Gflops/s) | Temperatures: 60°C - 62°C - 73°C - 70°C - 63°C - 60°C - 70°C - 72°C | Throttling: None - None - None - None - None - None - None - None
1346 (1479942 Gflops/s) - 1338 (1471146 Gflops/s) - 1310 (1440360 Gflops/s) - 1308 (1438161 Gflops/s) - 1337 (1470047 Gflops/s) - 1326 (1457952 Gflops/s) - 1321 (1452454 Gflops/s) - 1314 (1444758 Gflops/s) | Temperatures: 60°C - 62°C - 73°C - 70°C - 63°C - 60°C - 70°C - 72°C | Throttling: None - None - None - None - None - None - None - None
1346 (1479942 Gflops/s) - 1337 (1470047 Gflops/s) - 1309 (1439260 Gflops/s) - 1307 (1437061 Gflops/s) - 1335 (1467848 Gflops/s) - 1325 (1456852 Gflops/s) - 1319 (1450255 Gflops/s) - 1311 (1441459 Gflops/s) | Temperatures: 60°C - 62°C - 73°C - 70°C - 63°C - 60°C - 70°C - 72°C | Throttling: None - None - None - None - None - None - None - None
1346 (1479942 Gflops/s) - 1337 (1470047 Gflops/s) - 1310 (1440360 Gflops/s) - 1308 (1438161 Gflops/s) - 1337 (1470047 Gflops/s) - 1327 (1459051 Gflops/s) - 1321 (1452454 Gflops/s) - 1313 (1443658 Gflops/s) | Temperatures: 60°C - 62°C - 73°C - 70°C - 63°C - 60°C - 70°C - 72°C | Throttling: None - None - None - None - None - None - None - None
1344 (1477743 Gflops/s) - 1338 (1471146 Gflops/s) - 1310 (1440360 Gflops/s) - 1306 (1435962 Gflops/s) - 1335 (1467848 Gflops/s) - 1325 (1456852 Gflops/s) - 1319 (1450255 Gflops/s) - 1313 (1443658 Gflops/s) | Temperatures: 60°C - 63°C - 73°C - 70°C - 63°C - 60°C - 70°C - 72°C | Throttling: None - None - None - None - None - None - None - None
1346 (1479942 Gflops/s) - 1337 (1470047 Gflops/s) - 1310 (1440360 Gflops/s) - 1308 (1438161 Gflops/s) - 1337 (1470047 Gflops/s) - 1328 (1460151 Gflops/s) - 1320 (1451355 Gflops/s) - 1314 (1444758 Gflops/s) | Temperatures: 60°C - 62°C - 73°C - 70°C - 63°C - 60°C - 70°C - 72°C | Throttling: None - None - None - None - None - None - None - None
1345 (1478843 Gflops/s) - 1338 (1471146 Gflops/s) - 1310 (1440360 Gflops/s) - 1306 (1435962 Gflops/s) - 1336 (1468947 Gflops/s) - 1326 (1457952 Gflops/s) - 1317 (1448056 Gflops/s) - 1313 (1443658 Gflops/s) | Temperatures: 60°C - 62°C - 73°C - 70°C - 63°C - 60°C - 70°C - 72°C | Throttling: None - None - None - None - None - None - None - None
1347 (1481042 Gflops/s) - 1336 (1468947 Gflops/s) - 1311 (1441459 Gflops/s) - 1308 (1438161 Gflops/s) - 1335 (1467848 Gflops/s) - 1327 (1459051 Gflops/s) - 1320 (1451355 Gflops/s) - 1313 (1443658 Gflops/s) | Temperatures: 60°C - 62°C - 73°C - 70°C - 63°C - 60°C - 70°C - 72°C | Throttling: None - None - None - None - None - None - None - None
1345 (1478843 Gflops/s) - 1336 (1468947 Gflops/s) - 1310 (1440360 Gflops/s) - 1306 (1435962 Gflops/s) - 1336 (1468947 Gflops/s) - 1324 (1455753 Gflops/s) - 1318 (1449156 Gflops/s) - 1313 (1443658 Gflops/s) | Temperatures: 60°C - 62°C - 73°C - 70°C - 63°C - 60°C - 70°C - 72°C | Throttling: None - None - None - None - None - None - None - None
1347 (1481042 Gflops/s) - 1338 (1471146 Gflops/s) - 1310 (1440360 Gflops/s) - 1307 (1437061 Gflops/s) - 1337 (1470047 Gflops/s) - 1327 (1459051 Gflops/s) - 1320 (1451355 Gflops/s) - 1313 (1443658 Gflops/s) | Temperatures: 60°C - 62°C - 73°C - 70°C - 63°C - 60°C - 70°C - 72°C | Throttling: None - None - None - None - None - None - None - None
1345 (1478843 Gflops/s) - 1337 (1470047 Gflops/s) - 1311 (1441459 Gflops/s) - 1307 (1437061 Gflops/s) - 1335 (1467848 Gflops/s) - 1325 (1456852 Gflops/s) - 1320 (1451355 Gflops/s) - 1312 (1442559 Gflops/s) | Temperatures: 60°C - 62°C - 73°C - 70°C - 63°C - 60°C - 70°C - 72°C | Throttling: None - None - None - None - None - None - None - None
1385 (1522823 Gflops/s) - 1377 (1514027 Gflops/s) - 1351 (1485440 Gflops/s) - 1347 (1481042 Gflops/s) - 1376 (1512927 Gflops/s) - 1366 (1501932 Gflops/s) - 1362 (1497534 Gflops/s) - 1353 (1487639 Gflops/s) | Temperatures: 60°C - 63°C - 73°C - 70°C - 63°C - 60°C - 70°C - 72°C | Throttling: None - None - None - None - None - None - None - None
1404 (1543714 Gflops/s) - 1395 (1533818 Gflops/s) - 1367 (1503032 Gflops/s) - 1364 (1499733 Gflops/s) - 1394 (1532719 Gflops/s) - 1383 (1520624 Gflops/s) - 1376 (1512927 Gflops/s) - 1370 (1506330 Gflops/s) | Temperatures: 60°C - 63°C - 73°C - 70°C - 63°C - 60°C - 70°C - 72°C | Throttling: None - None - None - None - None - None - None - None
1404 (1543714 Gflops/s) - 1394 (1532719 Gflops/s) - 1366 (1501932 Gflops/s) - 1364 (1499733 Gflops/s) - 1395 (1533818 Gflops/s) - 1385 (1522823 Gflops/s) - 1376 (1512927 Gflops/s) - 1370 (1506330 Gflops/s) | Temperatures: 60°C - 62°C - 73°C - 70°C - 63°C - 60°C - 70°C - 72°C | Throttling: None - None - None - None - None - None - None - None
1403 (1542614 Gflops/s) - 1395 (1533818 Gflops/s) - 1366 (1501932 Gflops/s) - 1362 (1497534 Gflops/s) - 1393 (1531619 Gflops/s) - 1384 (1521724 Gflops/s) - 1376 (1512927 Gflops/s) - 1368 (1504131 Gflops/s) | Temperatures: 60°C - 62°C - 73°C - 70°C - 63°C - 60°C - 70°C - 72°C | Throttling: None - None - None - None - None - None - None - None
1404 (1543714 Gflops/s) - 1396 (1534918 Gflops/s) - 1367 (1503032 Gflops/s) - 1364 (1499733 Gflops/s) - 1395 (1533818 Gflops/s) - 1383 (1520624 Gflops/s) - 1378 (1515127 Gflops/s) - 1370 (1506330 Gflops/s) | Temperatures: 60°C - 63°C - 73°C - 70°C - 63°C - 60°C - 70°C - 72°C | Throttling: None - None - None - None - None - None - None - None
1404 (1543714 Gflops/s) - 1396 (1534918 Gflops/s) - 1366 (1501932 Gflops/s) - 1364 (1499733 Gflops/s) - 1394 (1532719 Gflops/s) - 1382 (1519525 Gflops/s) - 1378 (1515127 Gflops/s) - 1370 (1506330 Gflops/s) | Temperatures: 60°C - 62°C - 73°C - 70°C - 63°C - 60°C - 70°C - 72°C | Throttling: None - None - None - None - None - None - None - None
1404 (1543714 Gflops/s) - 1395 (1533818 Gflops/s) - 1367 (1503032 Gflops/s) - 1366 (1501932 Gflops/s) - 1394 (1532719 Gflops/s) - 1385 (1522823 Gflops/s) - 1377 (1514027 Gflops/s) - 1371 (1507430 Gflops/s) | Temperatures: 60°C - 62°C - 73°C - 70°C - 63°C - 60°C - 70°C - 72°C | Throttling: None - None - None - None - None - None - None - None
1405 (1544813 Gflops/s) - 1396 (1534918 Gflops/s) - 1367 (1503032 Gflops/s) - 1364 (1499733 Gflops/s) - 1395 (1533818 Gflops/s) - 1383 (1520624 Gflops/s) - 1378 (1515127 Gflops/s) - 1370 (1506330 Gflops/s) | Temperatures: 60°C - 62°C - 73°C - 70°C - 63°C - 60°C - 70°C - 72°C | Throttling: None - None - None - None - None - None - None - None
1403 (1542614 Gflops/s) - 1394 (1532719 Gflops/s) - 1365 (1500833 Gflops/s) - 1362 (1497534 Gflops/s) - 1393 (1531619 Gflops/s) - 1381 (1518425 Gflops/s) - 1376 (1512927 Gflops/s) - 1369 (1505231 Gflops/s) | Temperatures: 60°C - 63°C - 73°C - 70°C - 63°C - 60°C - 70°C - 72°C | Throttling: None - None - None - None - None - None - None - None
1404 (1543714 Gflops/s) - 1395 (1533818 Gflops/s) - 1367 (1503032 Gflops/s) - 1365 (1500833 Gflops/s) - 1395 (1533818 Gflops/s) - 1382 (1519525 Gflops/s) - 1378 (1515127 Gflops/s) - 1371 (1507430 Gflops/s) | Temperatures: 60°C - 62°C - 73°C - 70°C - 63°C - 60°C - 70°C - 72°C | Throttling: None - None - None - None - None - None - None - None
1405 (1544813 Gflops/s) - 1395 (1533818 Gflops/s) - 1367 (1503032 Gflops/s) - 1366 (1501932 Gflops/s) - 1393 (1531619 Gflops/s) - 1384 (1521724 Gflops/s) - 1379 (1516226 Gflops/s) - 1370 (1506330 Gflops/s) | Temperatures: 60°C - 63°C - 73°C - 70°C - 63°C - 60°C - 70°C - 72°C | Throttling: None - None - None - None - None - None - None - None
1374 (1510728 Gflops/s) - 1366 (1501932 Gflops/s) - 1338 (1471146 Gflops/s) - 1335 (1467848 Gflops/s) - 1365 (1500833 Gflops/s) - 1355 (1489838 Gflops/s) - 1349 (1483241 Gflops/s) - 1341 (1474445 Gflops/s) | Temperatures: 60°C - 62°C - 73°C - 70°C - 63°C - 60°C - 70°C - 72°C | Throttling: None - None - None - None - None - None - None - None
1319 (1450255 Gflops/s) - 1310 (1440360 Gflops/s) - 1284 (1411772 Gflops/s) - 1281 (1408474 Gflops/s) - 1309 (1439260 Gflops/s) - 1297 (1426066 Gflops/s) - 1292 (1420569 Gflops/s) - 1286 (1413971 Gflops/s) | Temperatures: 60°C - 63°C - 73°C - 70°C - 63°C - 60°C - 70°C - 72°C | Throttling: None - None - None - None - None - None - None - None
1326 (1457952 Gflops/s) - 1318 (1449156 Gflops/s) - 1291 (1419469 Gflops/s) - 1289 (1417270 Gflops/s) - 1317 (1448056 Gflops/s) - 1308 (1438161 Gflops/s) - 1302 (1431564 Gflops/s) - 1293 (1421668 Gflops/s) | Temperatures: 60°C - 63°C - 73°C - 70°C - 63°C - 60°C - 70°C - 72°C | Throttling: None - None - None - None - None - None - None - None
1313 (1443658 Gflops/s) - 1304 (1433763 Gflops/s) - 1278 (1405175 Gflops/s) - 1275 (1401877 Gflops/s) - 1303 (1432663 Gflops/s) - 1295 (1423867 Gflops/s) - 1287 (1415071 Gflops/s) - 1281 (1408474 Gflops/s) | Temperatures: 60°C - 62°C - 73°C - 70°C - 63°C - 60°C - 70°C - 72°C | Throttling: None - None - None - None - None - None - None - None
1318 (1449156 Gflops/s) - 1310 (1440360 Gflops/s) - 1284 (1411772 Gflops/s) - 1281 (1408474 Gflops/s) - 1309 (1439260 Gflops/s) - 1299 (1428265 Gflops/s) - 1294 (1422768 Gflops/s) - 1286 (1413971 Gflops/s) | Temperatures: 60°C - 62°C - 73°C - 70°C - 63°C - 60°C - 70°C - 72°C | Throttling: None - None - None - None - None - None - None - None
1320 (1451355 Gflops/s) - 1313 (1443658 Gflops/s) - 1285 (1412872 Gflops/s) - 1283 (1410673 Gflops/s) - 1311 (1441459 Gflops/s) - 1301 (1430464 Gflops/s) - 1295 (1423867 Gflops/s) - 1287 (1415071 Gflops/s) | Temperatures: 60°C - 63°C - 73°C - 70°C - 63°C - 60°C - 70°C - 72°C | Throttling: None - None - None - None - None - None - None - None
1318 (1449156 Gflops/s) - 1310 (1440360 Gflops/s) - 1283 (1410673 Gflops/s) - 1283 (1410673 Gflops/s) - 1309 (1439260 Gflops/s) - 1299 (1428265 Gflops/s) - 1294 (1422768 Gflops/s) - 1285 (1412872 Gflops/s) | Temperatures: 60°C - 63°C - 73°C - 70°C - 63°C - 60°C - 70°C - 72°C | Throttling: None - None - None - None - None - None - None - None
1319 (1450255 Gflops/s) - 1308 (1438161 Gflops/s) - 1283 (1410673 Gflops/s) - 1280 (1407374 Gflops/s) - 1309 (1439260 Gflops/s) - 1297 (1426066 Gflops/s) - 1292 (1420569 Gflops/s) - 1286 (1413971 Gflops/s) | Temperatures: 60°C - 63°C - 73°C - 70°C - 63°C - 60°C - 70°C - 72°C | Throttling: None - None - None - None - None - None - None - None
1320 (1451355 Gflops/s) - 1311 (1441459 Gflops/s) - 1285 (1412872 Gflops/s) - 1284 (1411772 Gflops/s) - 1310 (1440360 Gflops/s) - 1301 (1430464 Gflops/s) - 1293 (1421668 Gflops/s) - 1288 (1416170 Gflops/s) | Temperatures: 60°C - 63°C - 73°C - 70°C - 63°C - 60°C - 70°C - 72°C | Throttling: None - None - None - None - None - None - None - None
1320 (1451355 Gflops/s) - 1311 (1441459 Gflops/s) - 1285 (1412872 Gflops/s) - 1282 (1409573 Gflops/s) - 1310 (1440360 Gflops/s) - 1299 (1428265 Gflops/s) - 1295 (1423867 Gflops/s) - 1287 (1415071 Gflops/s) | Temperatures: 60°C - 62°C - 73°C - 70°C - 63°C - 60°C - 70°C - 72°C | Throttling: None - None - None - None - None - None - None - None
1326 (1457952 Gflops/s) - 1319 (1450255 Gflops/s) - 1293 (1421668 Gflops/s) - 1290 (1418369 Gflops/s) - 1318 (1449156 Gflops/s) - 1308 (1438161 Gflops/s) - 1300 (1429365 Gflops/s) - 1295 (1423867 Gflops/s) | Temperatures: 60°C - 62°C - 73°C - 70°C - 63°C - 60°C - 70°C - 72°C | Throttling: None - None - None - None - None - None - None - None
1329 (1461250 Gflops/s) - 1320 (1451355 Gflops/s) - 1294 (1422768 Gflops/s) - 1291 (1419469 Gflops/s) - 1320 (1451355 Gflops/s) - 1310 (1440360 Gflops/s) - 1304 (1433763 Gflops/s) - 1296 (1424967 Gflops/s) | Temperatures: 59°C - 62°C - 73°C - 70°C - 63°C - 60°C - 70°C - 72°C | Throttling: None - None - None - None - None - None - None - None
1408 (1548112 Gflops/s) - 1399 (1538216 Gflops/s) - 1371 (1507430 Gflops/s) - 1369 (1505231 Gflops/s) - 1398 (1537117 Gflops/s) - 1384 (1521724 Gflops/s) - 1381 (1518425 Gflops/s) - 1374 (1510728 Gflops/s) | Temperatures: 60°C - 63°C - 73°C - 70°C - 63°C - 60°C - 70°C - 72°C | Throttling: None - None - None - None - None - None - None - None
1410 (1550311 Gflops/s) - 1398 (1537117 Gflops/s) - 1371 (1507430 Gflops/s) - 1370 (1506330 Gflops/s) - 1399 (1538216 Gflops/s) - 1390 (1528321 Gflops/s) - 1383 (1520624 Gflops/s) - 1375 (1511828 Gflops/s) | Temperatures: 60°C - 63°C - 73°C - 70°C - 63°C - 60°C - 70°C - 72°C | Throttling: None - None - None - None - None - None - None - None
1407 (1547012 Gflops/s) - 1401 (1540415 Gflops/s) - 1373 (1509629 Gflops/s) - 1369 (1505231 Gflops/s) - 1399 (1538216 Gflops/s) - 1389 (1527221 Gflops/s) - 1383 (1520624 Gflops/s) - 1376 (1512927 Gflops/s) | Temperatures: 60°C - 63°C - 73°C - 70°C - 63°C - 60°C - 70°C - 72°C | Throttling: None - None - None - None - None - None - None - None
1410 (1550311 Gflops/s) - 1400 (1539316 Gflops/s) - 1372 (1508529 Gflops/s) - 1369 (1505231 Gflops/s) - 1400 (1539316 Gflops/s) - 1390 (1528321 Gflops/s) - 1382 (1519525 Gflops/s) - 1374 (1510728 Gflops/s) | Temperatures: 60°C - 62°C - 73°C - 70°C - 63°C - 60°C - 70°C - 72°C | Throttling: None - None - None - None - None - None - None - None
1409 (1549211 Gflops/s) - 1400 (1539316 Gflops/s) - 1372 (1508529 Gflops/s) - 1371 (1507430 Gflops/s) - 1399 (1538216 Gflops/s) - 1386 (1523923 Gflops/s) - 1382 (1519525 Gflops/s) - 1376 (1512927 Gflops/s) | Temperatures: 60°C - 62°C - 73°C - 70°C - 63°C - 60°C - 70°C - 72°C | Throttling: None - None - None - None - None - None - None - None
1409 (1549211 Gflops/s) - 1399 (1538216 Gflops/s) - 1370 (1506330 Gflops/s) - 1368 (1504131 Gflops/s) - 1398 (1537117 Gflops/s) - 1387 (1525022 Gflops/s) - 1382 (1519525 Gflops/s) - 1374 (1510728 Gflops/s) | Temperatures: 60°C - 62°C - 73°C - 70°C - 63°C - 60°C - 70°C - 72°C | Throttling: None - None - None - None - None - None - None - None
1410 (1550311 Gflops/s) - 1401 (1540415 Gflops/s) - 1372 (1508529 Gflops/s) - 1370 (1506330 Gflops/s) - 1400 (1539316 Gflops/s) - 1389 (1527221 Gflops/s) - 1383 (1520624 Gflops/s) - 1375 (1511828 Gflops/s) | Temperatures: 60°C - 62°C - 73°C - 70°C - 63°C - 60°C - 70°C - 72°C | Throttling: None - None - None - None - None - None - None - None
1409 (1549211 Gflops/s) - 1398 (1537117 Gflops/s) - 1372 (1508529 Gflops/s) - 1370 (1506330 Gflops/s) - 1399 (1538216 Gflops/s) - 1388 (1526122 Gflops/s) - 1381 (1518425 Gflops/s) - 1375 (1511828 Gflops/s) | Temperatures: 60°C - 62°C - 73°C - 70°C - 63°C - 60°C - 70°C - 72°C | Throttling: None - None - None - None - None - None - None - None
1408 (1548112 Gflops/s) - 1402 (1541515 Gflops/s) - 1372 (1508529 Gflops/s) - 1370 (1506330 Gflops/s) - 1399 (1538216 Gflops/s) - 1387 (1525022 Gflops/s) - 1382 (1519525 Gflops/s) - 1376 (1512927 Gflops/s) | Temperatures: 60°C - 63°C - 73°C - 70°C - 63°C - 60°C - 70°C - 72°C | Throttling: None - None - None - None - None - None - None - None
1409 (1549211 Gflops/s) - 1399 (1538216 Gflops/s) - 1372 (1508529 Gflops/s) - 1371 (1507430 Gflops/s) - 1399 (1538216 Gflops/s) - 1388 (1526122 Gflops/s) - 1385 (1522823 Gflops/s) - 1374 (1510728 Gflops/s) | Temperatures: 60°C - 63°C - 73°C - 70°C - 63°C - 60°C - 70°C - 72°C | Throttling: None - None - None - None - None - None - None - None
1408 (1548112 Gflops/s) - 1400 (1539316 Gflops/s) - 1369 (1505231 Gflops/s) - 1369 (1505231 Gflops/s) - 1399 (1538216 Gflops/s) - 1389 (1527221 Gflops/s) - 1380 (1517326 Gflops/s) - 1373 (1509629 Gflops/s) | Temperatures: 60°C - 62°C - 73°C - 70°C - 63°C - 60°C - 70°C - 72°C | Throttling: None - None - None - None - None - None - None - None
1410 (1550311 Gflops/s) - 1400 (1539316 Gflops/s) - 1372 (1508529 Gflops/s) - 1369 (1505231 Gflops/s) - 1399 (1538216 Gflops/s) - 1387 (1525022 Gflops/s) - 1382 (1519525 Gflops/s) - 1375 (1511828 Gflops/s) | Temperatures: 60°C - 63°C - 73°C - 70°C - 63°C - 60°C - 70°C - 72°C | Throttling: None - None - None - None - None - None - None - None
1409 (1549211 Gflops/s) - 1398 (1537117 Gflops/s) - 1372 (1508529 Gflops/s) - 1371 (1507430 Gflops/s) - 1400 (1539316 Gflops/s) - 1389 (1527221 Gflops/s) - 1381 (1518425 Gflops/s) - 1375 (1511828 Gflops/s) | Temperatures: 60°C - 62°C - 73°C - 70°C - 63°C - 60°C - 70°C - 72°C | Throttling: None - None - None - None - None - None - None - None
1409 (1549211 Gflops/s) - 1400 (1539316 Gflops/s) - 1372 (1508529 Gflops/s) - 1370 (1506330 Gflops/s) - 1399 (1538216 Gflops/s) - 1388 (1526122 Gflops/s) - 1382 (1519525 Gflops/s) - 1375 (1511828 Gflops/s) | Temperatures: 60°C - 62°C - 73°C - 70°C - 63°C - 60°C - 70°C - 72°C | Throttling: None - None - None - None - None - None - None - None
1409 (1549211 Gflops/s) - 1398 (1537117 Gflops/s) - 1372 (1508529 Gflops/s) - 1372 (1508529 Gflops/s) - 1399 (1538216 Gflops/s) - 1387 (1525022 Gflops/s) - 1382 (1519525 Gflops/s) - 1375 (1511828 Gflops/s) | Temperatures: 60°C - 63°C - 73°C - 70°C - 63°C - 60°C - 70°C - 72°C | Throttling: None - None - None - None - None - None - None - None
1409 (1549211 Gflops/s) - 1400 (1539316 Gflops/s) - 1373 (1509629 Gflops/s) - 1369 (1505231 Gflops/s) - 1399 (1538216 Gflops/s) - 1387 (1525022 Gflops/s) - 1381 (1518425 Gflops/s) - 1374 (1510728 Gflops/s) | Temperatures: 60°C - 63°C - 73°C - 70°C - 63°C - 60°C - 70°C - 72°C | Throttling: None - None - None - None - None - None - None - None
1407 (1547012 Gflops/s) - 1398 (1537117 Gflops/s) - 1370 (1506330 Gflops/s) - 1367 (1503032 Gflops/s) - 1397 (1536017 Gflops/s) - 1386 (1523923 Gflops/s) - 1381 (1518425 Gflops/s) - 1374 (1510728 Gflops/s) | Temperatures: 60°C - 62°C - 73°C - 70°C - 63°C - 60°C - 70°C - 72°C | Throttling: None - None - None - None - None - None - None - None
1408 (1548112 Gflops/s) - 1400 (1539316 Gflops/s) - 1372 (1508529 Gflops/s) - 1370 (1506330 Gflops/s) - 1399 (1538216 Gflops/s) - 1387 (1525022 Gflops/s) - 1383 (1520624 Gflops/s) - 1374 (1510728 Gflops/s) | Temperatures: 60°C - 63°C - 73°C - 70°C - 63°C - 60°C - 70°C - 72°C | Throttling: None - None - None - None - None - None - None - None
1357 (1492037 Gflops/s) - 1346 (1479942 Gflops/s) - 1322 (1453554 Gflops/s) - 1318 (1449156 Gflops/s) - 1347 (1481042 Gflops/s) - 1335 (1467848 Gflops/s) - 1328 (1460151 Gflops/s) - 1323 (1454653 Gflops/s) | Temperatures: 60°C - 63°C - 73°C - 70°C - 63°C - 60°C - 70°C - 72°C | Throttling: None - None - None - None - None - None - None - None
1311 (1441459 Gflops/s) - 1303 (1432663 Gflops/s) - 1276 (1402976 Gflops/s) - 1276 (1402976 Gflops/s) - 1302 (1431564 Gflops/s) - 1293 (1421668 Gflops/s) - 1286 (1413971 Gflops/s) - 1278 (1405175 Gflops/s) | Temperatures: 60°C - 63°C - 73°C - 70°C - 63°C - 60°C - 70°C - 72°C | Throttling: None - None - None - None - None - None - None - None
1316 (1446957 Gflops/s) - 1307 (1437061 Gflops/s) - 1281 (1408474 Gflops/s) - 1280 (1407374 Gflops/s) - 1305 (1434862 Gflops/s) - 1294 (1422768 Gflops/s) - 1290 (1418369 Gflops/s) - 1283 (1410673 Gflops/s) | Temperatures: 60°C - 62°C - 73°C - 70°C - 63°C - 60°C - 70°C - 72°C | Throttling: None - None - None - None - None - None - None - None
1313 (1443658 Gflops/s) - 1304 (1433763 Gflops/s) - 1277 (1404076 Gflops/s) - 1274 (1400777 Gflops/s) - 1302 (1431564 Gflops/s) - 1292 (1420569 Gflops/s) - 1287 (1415071 Gflops/s) - 1280 (1407374 Gflops/s) | Temperatures: 60°C - 63°C - 73°C - 70°C - 63°C - 60°C - 70°C - 72°C | Throttling: None - None - None - None - None - None - None - None
1322 (1453554 Gflops/s) - 1314 (1444758 Gflops/s) - 1287 (1415071 Gflops/s) - 1285 (1412872 Gflops/s) - 1313 (1443658 Gflops/s) - 1301 (1430464 Gflops/s) - 1296 (1424967 Gflops/s) - 1289 (1417270 Gflops/s) | Temperatures: 60°C - 62°C - 73°C - 70°C - 63°C - 60°C - 70°C - 72°C | Throttling: None - None - None - None - None - None - None - None
1305 (1434862 Gflops/s) - 1295 (1423867 Gflops/s) - 1270 (1396379 Gflops/s) - 1268 (1394180 Gflops/s) - 1295 (1423867 Gflops/s) - 1284 (1411772 Gflops/s) - 1277 (1404076 Gflops/s) - 1273 (1399678 Gflops/s) | Temperatures: 60°C - 63°C - 73°C - 70°C - 63°C - 60°C - 70°C - 72°C | Throttling: None - None - None - None - None - None - None - None
1313 (1443658 Gflops/s) - 1304 (1433763 Gflops/s) - 1277 (1404076 Gflops/s) - 1276 (1402976 Gflops/s) - 1302 (1431564 Gflops/s) - 1294 (1422768 Gflops/s) - 1287 (1415071 Gflops/s) - 1281 (1408474 Gflops/s) | Temperatures: 60°C - 63°C - 73°C - 70°C - 63°C - 60°C - 70°C - 72°C | Throttling: None - None - None - None - None - None - None - None
1315 (1445857 Gflops/s) - 1306 (1435962 Gflops/s) - 1279 (1406275 Gflops/s) - 1279 (1406275 Gflops/s) - 1306 (1435962 Gflops/s) - 1296 (1424967 Gflops/s) - 1289 (1417270 Gflops/s) - 1282 (1409573 Gflops/s) | Temperatures: 60°C - 63°C - 73°C - 70°C - 63°C - 60°C - 70°C - 72°C | Throttling: None - None - None - None - None - None - None - None
1313 (1443658 Gflops/s) - 1302 (1431564 Gflops/s) - 1278 (1405175 Gflops/s) - 1276 (1402976 Gflops/s) - 1304 (1433763 Gflops/s) - 1292 (1420569 Gflops/s) - 1287 (1415071 Gflops/s) - 1281 (1408474 Gflops/s) | Temperatures: 60°C - 62°C - 73°C - 70°C - 63°C - 60°C - 70°C - 72°C | Throttling: None - None - None - None - None - None - None - None
1311 (1441459 Gflops/s) - 1301 (1430464 Gflops/s) - 1276 (1402976 Gflops/s) - 1274 (1400777 Gflops/s) - 1302 (1431564 Gflops/s) - 1292 (1420569 Gflops/s) - 1286 (1413971 Gflops/s) - 1279 (1406275 Gflops/s) | Temperatures: 60°C - 63°C - 73°C - 70°C - 63°C - 60°C - 70°C - 72°C | Throttling: None - None - None - None - None - None - None - None
1316 (1446957 Gflops/s) - 1307 (1437061 Gflops/s) - 1281 (1408474 Gflops/s) - 1278 (1405175 Gflops/s) - 1306 (1435962 Gflops/s) - 1295 (1423867 Gflops/s) - 1289 (1417270 Gflops/s) - 1284 (1411772 Gflops/s) | Temperatures: 60°C - 62°C - 73°C - 70°C - 63°C - 60°C - 70°C - 72°C | Throttling: None - None - None - None - None - None - None - None
1312 (1442559 Gflops/s) - 1303 (1432663 Gflops/s) - 1277 (1404076 Gflops/s) - 1276 (1402976 Gflops/s) - 1303 (1432663 Gflops/s) - 1293 (1421668 Gflops/s) - 1288 (1416170 Gflops/s) - 1280 (1407374 Gflops/s) | Temperatures: 60°C - 62°C - 73°C - 70°C - 63°C - 60°C - 70°C - 72°C | Throttling: None - None - None - None - None - None - None - None
1322 (1453554 Gflops/s) - 1313 (1443658 Gflops/s) - 1287 (1415071 Gflops/s) - 1284 (1411772 Gflops/s) - 1313 (1443658 Gflops/s) - 1303 (1432663 Gflops/s) - 1297 (1426066 Gflops/s) - 1290 (1418369 Gflops/s) | Temperatures: 60°C - 62°C - 73°C - 70°C - 63°C - 60°C - 70°C - 72°C | Throttling: None - None - None - None - None - None - None - None
1303 (1432663 Gflops/s) - 1295 (1423867 Gflops/s) - 1269 (1395280 Gflops/s) - 1267 (1393081 Gflops/s) - 1295 (1423867 Gflops/s) - 1285 (1412872 Gflops/s) - 1279 (1406275 Gflops/s) - 1272 (1398578 Gflops/s) | Temperatures: 60°C - 62°C - 73°C - 70°C - 63°C - 60°C - 70°C - 72°C | Throttling: None - None - None - None - None - None - None - None
1312 (1442559 Gflops/s) - 1304 (1433763 Gflops/s) - 1277 (1404076 Gflops/s) - 1276 (1402976 Gflops/s) - 1303 (1432663 Gflops/s) - 1295 (1423867 Gflops/s) - 1288 (1416170 Gflops/s) - 1280 (1407374 Gflops/s) | Temperatures: 60°C - 62°C - 73°C - 70°C - 63°C - 60°C - 70°C - 72°C | Throttling: None - None - None - None - None - None - None - None
1313 (1443658 Gflops/s) - 1306 (1435962 Gflops/s) - 1279 (1406275 Gflops/s) - 1276 (1402976 Gflops/s) - 1304 (1433763 Gflops/s) - 1292 (1420569 Gflops/s) - 1287 (1415071 Gflops/s) - 1282 (1409573 Gflops/s) | Temperatures: 60°C - 63°C - 73°C - 70°C - 63°C - 60°C - 70°C - 72°C | Throttling: None - None - None - None - None - None - None - None
1312 (1442559 Gflops/s) - 1304 (1433763 Gflops/s) - 1278 (1405175 Gflops/s) - 1275 (1401877 Gflops/s) - 1304 (1433763 Gflops/s) - 1294 (1422768 Gflops/s) - 1288 (1416170 Gflops/s) - 1282 (1409573 Gflops/s) | Temperatures: 60°C - 62°C - 73°C - 70°C - 63°C - 60°C - 70°C - 72°C | Throttling: None - None - None - None - None - None - None - None
1312 (1442559 Gflops/s) - 1304 (1433763 Gflops/s) - 1279 (1406275 Gflops/s) - 1276 (1402976 Gflops/s) - 1303 (1432663 Gflops/s) - 1292 (1420569 Gflops/s) - 1288 (1416170 Gflops/s) - 1281 (1408474 Gflops/s) | Temperatures: 60°C - 63°C - 73°C - 70°C - 63°C - 60°C - 70°C - 72°C | Throttling: None - None - None - None - None - None - None - None
1316 (1446957 Gflops/s) - 1305 (1434862 Gflops/s) - 1282 (1409573 Gflops/s) - 1277 (1404076 Gflops/s) - 1305 (1434862 Gflops/s) - 1293 (1421668 Gflops/s) - 1289 (1417270 Gflops/s) - 1282 (1409573 Gflops/s) | Temperatures: 60°C - 63°C - 73°C - 70°C - 63°C - 60°C - 70°C - 72°C | Throttling: None - None - None - None - None - None - None - None
1311 (1441459 Gflops/s) - 1304 (1433763 Gflops/s) - 1277 (1404076 Gflops/s) - 1277 (1404076 Gflops/s) - 1303 (1432663 Gflops/s) - 1292 (1420569 Gflops/s) - 1287 (1415071 Gflops/s) - 1280 (1407374 Gflops/s) | Temperatures: 60°C - 62°C - 73°C - 70°C - 63°C - 60°C - 70°C - 72°C | Throttling: None - None - None - None - None - None - None - None
1319 (1450255 Gflops/s) - 1311 (1441459 Gflops/s) - 1283 (1410673 Gflops/s) - 1281 (1408474 Gflops/s) - 1309 (1439260 Gflops/s) - 1298 (1427166 Gflops/s) - 1294 (1422768 Gflops/s) - 1287 (1415071 Gflops/s) | Temperatures: 60°C - 63°C - 73°C - 70°C - 63°C - 60°C - 70°C - 72°C | Throttling: None - None - None - None - None - None - None - None
1308 (1438161 Gflops/s) - 1298 (1427166 Gflops/s) - 1273 (1399678 Gflops/s) - 1270 (1396379 Gflops/s) - 1297 (1426066 Gflops/s) - 1288 (1416170 Gflops/s) - 1283 (1410673 Gflops/s) - 1275 (1401877 Gflops/s) | Temperatures: 60°C - 63°C - 73°C - 70°C - 63°C - 60°C - 70°C - 72°C | Throttling: None - None - None - None - None - None - None - None
1312 (1442559 Gflops/s) - 1304 (1433763 Gflops/s) - 1277 (1404076 Gflops/s) - 1276 (1402976 Gflops/s) - 1303 (1432663 Gflops/s) - 1292 (1420569 Gflops/s) - 1288 (1416170 Gflops/s) - 1280 (1407374 Gflops/s) | Temperatures: 60°C - 63°C - 73°C - 70°C - 63°C - 60°C - 70°C - 72°C | Throttling: None - None - None - None - None - None - None - None
1313 (1443658 Gflops/s) - 1304 (1433763 Gflops/s) - 1279 (1406275 Gflops/s) - 1277 (1404076 Gflops/s) - 1304 (1433763 Gflops/s) - 1293 (1421668 Gflops/s) - 1287 (1415071 Gflops/s) - 1281 (1408474 Gflops/s) | Temperatures: 60°C - 62°C - 73°C - 70°C - 63°C - 60°C - 70°C - 72°C | Throttling: None - None - None - None - None - None - None - None
1142 (1255642 Gflops/s) - 1122 (1233652 Gflops/s) - 1278 (1405175 Gflops/s) - 1278 (1405175 Gflops/s) - 1303 (1432663 Gflops/s) - 1295 (1423867 Gflops/s) - 1287 (1415071 Gflops/s) - 1281 (1408474 Gflops/s) | Temperatures: 60°C - 63°C - 73°C - 70°C - 63°C - 60°C - 70°C - 72°C | Throttling: None - None - None - None - None - None - None - None
GPU #0: 1480391 Gflops/s (min: 1255642.28, max: 1585495.77, dev: 1480390.74)
         Temperature: 60.16°C (min: 57.00, max: 61.00)
         Throttling HW: false, Thermal SW: false, Thermal HW: false
GPU #1: 1470525 Gflops/s (min: 1233652.05, max: 1575600.16, dev: 1470525.26)
         Temperature: 62.50°C (min: 59.00, max: 64.00)
         Throttling HW: false, Thermal SW: false, Thermal HW: false
GPU #2: 1440552 Gflops/s (min: 1378787.58, max: 1544813.84, dev: 1440552.27)
         Temperature: 73.47°C (min: 70.00, max: 75.00)
         Throttling HW: false, Thermal SW: false, Thermal HW: false
GPU #3: 1439569 Gflops/s (min: 1380986.60, max: 1541515.30, dev: 1439569.49)
         Temperature: 70.70°C (min: 67.00, max: 73.00)
         Throttling HW: false, Thermal SW: false, Thermal HW: false
GPU #4: 1470337 Gflops/s (min: 1409573.91, max: 1574500.65, dev: 1470336.99)
         Temperature: 63.19°C (min: 60.00, max: 64.00)
         Throttling HW: false, Thermal SW: false, Thermal HW: false
GPU #5: 1458634 Gflops/s (min: 1397479.28, max: 1563505.53, dev: 1458633.97)
         Temperature: 60.18°C (min: 57.00, max: 61.00)
         Throttling HW: false, Thermal SW: false, Thermal HW: false
GPU #6: 1450184 Gflops/s (min: 1388683.19, max: 1554709.44, dev: 1450184.29)
         Temperature: 70.87°C (min: 68.00, max: 73.00)
         Throttling HW: false, Thermal SW: false, Thermal HW: false
GPU #7: 1444156 Gflops/s (min: 1385384.65, max: 1548112.37, dev: 1444155.81)
         Temperature: 72.89°C (min: 69.00, max: 75.00)
         Throttling HW: false, Thermal SW: false, Thermal HW: false
All GPUs seem healthy
Freeing GPUs...
======== Run with fp8  ==========
Detected GPU #0: "NVIDIA B200" (0bff2786-b3c0-5096-d079-a1d1a18d9242)
Detected GPU #1: "NVIDIA B200" (7366e12d-b28d-c661-7298-57fa6d7bdd55)
Detected GPU #2: "NVIDIA B200" (1d4de0be-e6ca-421b-5b11-c1986b458ec0)
Detected GPU #3: "NVIDIA B200" (eff39cfc-7f3c-bd63-f37f-55c4f484715e)
Detected GPU #4: "NVIDIA B200" (238d8576-14ce-448f-fd15-0a86d68e5835)
Detected GPU #5: "NVIDIA B200" (6e5022e8-1a13-d229-fdf6-96764e256daf)
Detected GPU #6: "NVIDIA B200" (dafc5719-7d75-f4aa-29b6-8c443fb54ca2)
Detected GPU #7: "NVIDIA B200" (c69ba1ce-d1a1-5d20-3d5e-9f88b8ddad99)
Using precision(s):   FP8
Creating random matrices
Matrices created
GPU #0: Using 163805 MB
GPU #1: Using 163805 MB
GPU #2: Using 163805 MB
GPU #3: Using 163805 MB
GPU #4: Using 163805 MB
GPU #5: Using 163805 MB
GPU #6: Using 163805 MB
GPU #7: Using 163805 MB
813 (893902 Gflops/s) - 0 (0 Gflops/s) - 0 (0 Gflops/s) - 0 (0 Gflops/s) - 0 (0 Gflops/s) - 0 (0 Gflops/s) - 0 (0 Gflops/s) - 0 (0 Gflops/s) | Temperatures: 42°C - 42°C - 52°C - 49°C - 42°C - 38°C - 49°C - 52°C | Throttling: None - None - None - None - None - None - None - None
3589 (3946147 Gflops/s) - 2820 (3100622 Gflops/s) - 2885 (3172091 Gflops/s) - 2849 (3132508 Gflops/s) - 2850 (3133608 Gflops/s) - 2968 (3263350 Gflops/s) - 3122 (3432675 Gflops/s) - 2924 (3214971 Gflops/s) | Temperatures: 52°C - 55°C - 64°C - 61°C - 54°C - 51°C - 62°C - 64°C | Throttling: None - None - None - None - None - None - None - None
3607 (3965938 Gflops/s) - 3623 (3983530 Gflops/s) - 3528 (3879077 Gflops/s) - 3528 (3879077 Gflops/s) - 3597 (3954943 Gflops/s) - 3591 (3948346 Gflops/s) - 3522 (3872479 Gflops/s) - 3544 (3896669 Gflops/s) | Temperatures: 53°C - 57°C - 66°C - 63°C - 57°C - 53°C - 64°C - 66°C | Throttling: None - None - None - None - None - None - None - None
3610 (3969236 Gflops/s) - 3625 (3985729 Gflops/s) - 3519 (3869181 Gflops/s) - 3539 (3891171 Gflops/s) - 3581 (3937351 Gflops/s) - 3597 (3954943 Gflops/s) - 3519 (3869181 Gflops/s) - 3548 (3901067 Gflops/s) | Temperatures: 54°C - 57°C - 67°C - 64°C - 57°C - 54°C - 64°C - 66°C | Throttling: None - None - None - None - None - None - None - None
3729 (4100078 Gflops/s) - 3745 (4117671 Gflops/s) - 3639 (4001122 Gflops/s) - 3661 (4025312 Gflops/s) - 3704 (4072591 Gflops/s) - 3715 (4084685 Gflops/s) - 3626 (3986829 Gflops/s) - 3668 (4033008 Gflops/s) | Temperatures: 54°C - 57°C - 67°C - 64°C - 58°C - 55°C - 64°C - 67°C | Throttling: None - None - None - None - None - None - None - None
3883 (4269403 Gflops/s) - 3901 (4289194 Gflops/s) - 3790 (4167149 Gflops/s) - 3812 (4191338 Gflops/s) - 3851 (4234219 Gflops/s) - 3868 (4252910 Gflops/s) - 3774 (4149556 Gflops/s) - 3823 (4203432 Gflops/s) | Temperatures: 55°C - 58°C - 68°C - 65°C - 58°C - 55°C - 65°C - 67°C | Throttling: None - None - None - None - None - None - None - None
3884 (4270503 Gflops/s) - 3897 (4284796 Gflops/s) - 3792 (4169348 Gflops/s) - 3794 (4171547 Gflops/s) - 3843 (4225423 Gflops/s) - 3867 (4251811 Gflops/s) - 3773 (4148457 Gflops/s) - 3824 (4204532 Gflops/s) | Temperatures: 55°C - 58°C - 68°C - 65°C - 59°C - 55°C - 65°C - 67°C | Throttling: None - None - None - None - None - None - None - None
3888 (4274901 Gflops/s) - 3900 (4288095 Gflops/s) - 3794 (4171547 Gflops/s) - 3796 (4173746 Gflops/s) - 3854 (4237517 Gflops/s) - 3869 (4254010 Gflops/s) - 3779 (4155054 Gflops/s) - 3824 (4204532 Gflops/s) | Temperatures: 56°C - 59°C - 68°C - 65°C - 59°C - 56°C - 65°C - 68°C | Throttling: None - None - None - None - None - None - None - None
3884 (4270503 Gflops/s) - 3893 (4280398 Gflops/s) - 3783 (4159452 Gflops/s) - 3792 (4169348 Gflops/s) - 3842 (4224323 Gflops/s) - 3865 (4249612 Gflops/s) - 3777 (4152855 Gflops/s) - 3826 (4206731 Gflops/s) | Temperatures: 56°C - 59°C - 68°C - 65°C - 59°C - 56°C - 66°C - 68°C | Throttling: None - None - None - None - None - None - None - None
3883 (4269403 Gflops/s) - 3889 (4276000 Gflops/s) - 3784 (4160551 Gflops/s) - 3790 (4167149 Gflops/s) - 3841 (4223224 Gflops/s) - 3864 (4248512 Gflops/s) - 3769 (4144059 Gflops/s) - 3817 (4196835 Gflops/s) | Temperatures: 56°C - 59°C - 69°C - 66°C - 59°C - 56°C - 66°C - 68°C | Throttling: None - None - None - None - None - None - None - None
3880 (4266105 Gflops/s) - 3892 (4279299 Gflops/s) - 3782 (4158352 Gflops/s) - 3789 (4166049 Gflops/s) - 3850 (4233119 Gflops/s) - 3865 (4249612 Gflops/s) - 3767 (4141860 Gflops/s) - 3814 (4193537 Gflops/s) | Temperatures: 56°C - 59°C - 69°C - 66°C - 60°C - 57°C - 66°C - 68°C | Throttling: None - None - None - None - None - None - None - None
3881 (4267204 Gflops/s) - 3884 (4270503 Gflops/s) - 3780 (4156153 Gflops/s) - 3788 (4164950 Gflops/s) - 3838 (4219925 Gflops/s) - 3862 (4246313 Gflops/s) - 3770 (4145158 Gflops/s) - 3813 (4192437 Gflops/s) | Temperatures: 56°C - 60°C - 69°C - 66°C - 60°C - 57°C - 66°C - 69°C | Throttling: None - None - None - None - None - None - None - None
3881 (4267204 Gflops/s) - 3890 (4277100 Gflops/s) - 3776 (4151755 Gflops/s) - 3786 (4162751 Gflops/s) - 3838 (4219925 Gflops/s) - 3858 (4241915 Gflops/s) - 3768 (4142959 Gflops/s) - 3823 (4203432 Gflops/s) | Temperatures: 57°C - 60°C - 69°C - 66°C - 60°C - 57°C - 66°C - 69°C | Throttling: None - None - None - None - None - None - None - None
3877 (4262806 Gflops/s) - 3887 (4273801 Gflops/s) - 3776 (4151755 Gflops/s) - 3784 (4160551 Gflops/s) - 3836 (4217726 Gflops/s) - 3857 (4240816 Gflops/s) - 3766 (4140760 Gflops/s) - 3818 (4197935 Gflops/s) | Temperatures: 57°C - 60°C - 69°C - 67°C - 60°C - 57°C - 67°C - 69°C | Throttling: None - None - None - None - None - None - None - None
3881 (4267204 Gflops/s) - 3881 (4267204 Gflops/s) - 3772 (4147357 Gflops/s) - 3784 (4160551 Gflops/s) - 3828 (4208930 Gflops/s) - 3854 (4237517 Gflops/s) - 3761 (4135263 Gflops/s) - 3817 (4196835 Gflops/s) | Temperatures: 57°C - 60°C - 69°C - 67°C - 61°C - 57°C - 67°C - 69°C | Throttling: None - None - None - None - None - None - None - None
3884 (4270503 Gflops/s) - 3888 (4274901 Gflops/s) - 3775 (4150656 Gflops/s) - 3787 (4163850 Gflops/s) - 3841 (4223224 Gflops/s) - 3858 (4241915 Gflops/s) - 3770 (4145158 Gflops/s) - 3835 (4216627 Gflops/s) | Temperatures: 57°C - 60°C - 70°C - 67°C - 61°C - 57°C - 67°C - 69°C | Throttling: None - None - None - None - None - None - None - None
3884 (4270503 Gflops/s) - 3889 (4276000 Gflops/s) - 3771 (4146258 Gflops/s) - 3784 (4160551 Gflops/s) - 3830 (4211129 Gflops/s) - 3852 (4235318 Gflops/s) - 3765 (4139661 Gflops/s) - 3816 (4195736 Gflops/s) | Temperatures: 57°C - 61°C - 70°C - 67°C - 61°C - 58°C - 67°C - 69°C | Throttling: None - None - None - None - None - None - None - None
3879 (4265005 Gflops/s) - 3885 (4271602 Gflops/s) - 3768 (4142959 Gflops/s) - 3782 (4158352 Gflops/s) - 3818 (4197935 Gflops/s) - 3849 (4232020 Gflops/s) - 3764 (4138561 Gflops/s) - 3815 (4194636 Gflops/s) | Temperatures: 58°C - 61°C - 70°C - 67°C - 61°C - 58°C - 67°C - 69°C | Throttling: None - None - None - None - None - None - None - None
3872 (4257309 Gflops/s) - 3886 (4272702 Gflops/s) - 3768 (4142959 Gflops/s) - 3782 (4158352 Gflops/s) - 3828 (4208930 Gflops/s) - 3849 (4232020 Gflops/s) - 3767 (4141860 Gflops/s) - 3814 (4193537 Gflops/s) | Temperatures: 58°C - 61°C - 70°C - 67°C - 61°C - 58°C - 68°C - 70°C | Throttling: None - None - None - None - None - None - None - None
3872 (4257309 Gflops/s) - 3886 (4272702 Gflops/s) - 3766 (4140760 Gflops/s) - 3781 (4157253 Gflops/s) - 3836 (4217726 Gflops/s) - 3853 (4236418 Gflops/s) - 3765 (4139661 Gflops/s) - 3814 (4193537 Gflops/s) | Temperatures: 58°C - 61°C - 70°C - 68°C - 61°C - 58°C - 68°C - 70°C | Throttling: None - None - None - None - None - None - None - None
3877 (4262806 Gflops/s) - 3886 (4272702 Gflops/s) - 3766 (4140760 Gflops/s) - 3780 (4156153 Gflops/s) - 3834 (4215527 Gflops/s) - 3853 (4236418 Gflops/s) - 3765 (4139661 Gflops/s) - 3813 (4192437 Gflops/s) | Temperatures: 58°C - 61°C - 70°C - 68°C - 61°C - 58°C - 68°C - 70°C | Throttling: None - None - None - None - None - None - None - None
3874 (4259508 Gflops/s) - 3878 (4263906 Gflops/s) - 3763 (4137462 Gflops/s) - 3781 (4157253 Gflops/s) - 3834 (4215527 Gflops/s) - 3853 (4236418 Gflops/s) - 3761 (4135263 Gflops/s) - 3813 (4192437 Gflops/s) | Temperatures: 58°C - 61°C - 70°C - 68°C - 62°C - 58°C - 68°C - 70°C | Throttling: None - None - None - None - None - None - None - None
3879 (4265005 Gflops/s) - 3884 (4270503 Gflops/s) - 3762 (4136362 Gflops/s) - 3778 (4153954 Gflops/s) - 3826 (4206731 Gflops/s) - 3856 (4239716 Gflops/s) - 3757 (4130865 Gflops/s) - 3812 (4191338 Gflops/s) | Temperatures: 58°C - 61°C - 71°C - 68°C - 62°C - 58°C - 68°C - 70°C | Throttling: None - None - None - None - None - None - None - None
3661 (4025312 Gflops/s) - 3666 (4030809 Gflops/s) - 3554 (3907664 Gflops/s) - 3570 (3925256 Gflops/s) - 3609 (3968137 Gflops/s) - 3635 (3996724 Gflops/s) - 3552 (3905465 Gflops/s) - 3606 (3964838 Gflops/s) | Temperatures: 58°C - 61°C - 71°C - 68°C - 62°C - 58°C - 68°C - 70°C | Throttling: None - None - None - None - None - None - None - None
3604 (3962639 Gflops/s) - 3612 (3971435 Gflops/s) - 3499 (3847191 Gflops/s) - 3514 (3863683 Gflops/s) - 3565 (3919758 Gflops/s) - 3581 (3937351 Gflops/s) - 3498 (3846091 Gflops/s) - 3548 (3901067 Gflops/s) | Temperatures: 58°C - 61°C - 71°C - 68°C - 62°C - 58°C - 68°C - 70°C | Throttling: None - None - None - None - None - None - None - None
3501 (3849390 Gflops/s) - 3508 (3857086 Gflops/s) - 3400 (3738339 Gflops/s) - 3415 (3754832 Gflops/s) - 3456 (3799912 Gflops/s) - 3478 (3824101 Gflops/s) - 3398 (3736140 Gflops/s) - 3452 (3795514 Gflops/s) | Temperatures: 59°C - 61°C - 71°C - 68°C - 62°C - 58°C - 68°C - 71°C | Throttling: None - None - None - None - None - None - None - None
3549 (3902166 Gflops/s) - 3556 (3909863 Gflops/s) - 3443 (3785618 Gflops/s) - 3458 (3802111 Gflops/s) - 3497 (3844992 Gflops/s) - 3529 (3880176 Gflops/s) - 3440 (3782319 Gflops/s) - 3494 (3841693 Gflops/s) | Temperatures: 58°C - 61°C - 71°C - 68°C - 62°C - 59°C - 69°C - 71°C | Throttling: None - None - None - None - None - None - None - None
3559 (3913161 Gflops/s) - 3567 (3921957 Gflops/s) - 3451 (3794414 Gflops/s) - 3468 (3813106 Gflops/s) - 3515 (3864783 Gflops/s) - 3534 (3885674 Gflops/s) - 3451 (3794414 Gflops/s) - 3505 (3853788 Gflops/s) | Temperatures: 59°C - 62°C - 71°C - 69°C - 62°C - 59°C - 69°C - 71°C | Throttling: None - None - None - None - None - None - None - None
3547 (3899967 Gflops/s) - 3558 (3912062 Gflops/s) - 3443 (3785618 Gflops/s) - 3462 (3806509 Gflops/s) - 3503 (3851589 Gflops/s) - 3528 (3879077 Gflops/s) - 3440 (3782319 Gflops/s) - 3500 (3848290 Gflops/s) | Temperatures: 59°C - 62°C - 71°C - 69°C - 62°C - 59°C - 69°C - 71°C | Throttling: None - None - None - None - None - None - None - None
3539 (3891171 Gflops/s) - 3558 (3912062 Gflops/s) - 3441 (3783419 Gflops/s) - 3458 (3802111 Gflops/s) - 3495 (3842793 Gflops/s) - 3525 (3875778 Gflops/s) - 3444 (3786718 Gflops/s) - 3498 (3846091 Gflops/s) | Temperatures: 59°C - 62°C - 71°C - 69°C - 62°C - 59°C - 69°C - 71°C | Throttling: None - None - None - None - None - None - None - None
3550 (3903266 Gflops/s) - 3562 (3916460 Gflops/s) - 3442 (3784519 Gflops/s) - 3464 (3808708 Gflops/s) - 3515 (3864783 Gflops/s) - 3531 (3882375 Gflops/s) - 3447 (3790016 Gflops/s) - 3501 (3849390 Gflops/s) | Temperatures: 59°C - 62°C - 72°C - 69°C - 62°C - 59°C - 69°C - 71°C | Throttling: None - None - None - None - None - None - None - None
3546 (3898868 Gflops/s) - 3559 (3913161 Gflops/s) - 3435 (3776822 Gflops/s) - 3455 (3798812 Gflops/s) - 3506 (3854887 Gflops/s) - 3522 (3872479 Gflops/s) - 3437 (3779021 Gflops/s) - 3495 (3842793 Gflops/s) | Temperatures: 59°C - 62°C - 72°C - 69°C - 62°C - 59°C - 69°C - 71°C | Throttling: None - None - None - None - None - None - None - None
3605 (3963739 Gflops/s) - 3613 (3972535 Gflops/s) - 3491 (3838395 Gflops/s) - 3511 (3860385 Gflops/s) - 3574 (3929654 Gflops/s) - 3586 (3942848 Gflops/s) - 3493 (3840594 Gflops/s) - 3555 (3908763 Gflops/s) | Temperatures: 59°C - 62°C - 72°C - 69°C - 62°C - 59°C - 69°C - 71°C | Throttling: None - None - None - None - None - None - None - None
3505 (3853788 Gflops/s) - 3512 (3861484 Gflops/s) - 3393 (3730642 Gflops/s) - 3413 (3752633 Gflops/s) - 3459 (3803210 Gflops/s) - 3488 (3835096 Gflops/s) - 3394 (3731742 Gflops/s) - 3454 (3797713 Gflops/s) | Temperatures: 59°C - 62°C - 72°C - 69°C - 62°C - 59°C - 69°C - 71°C | Throttling: None - None - None - None - None - None - None - None
3540 (3892271 Gflops/s) - 3552 (3905465 Gflops/s) - 3430 (3771324 Gflops/s) - 3448 (3791116 Gflops/s) - 3497 (3844992 Gflops/s) - 3518 (3868081 Gflops/s) - 3429 (3770225 Gflops/s) - 3491 (3838395 Gflops/s) | Temperatures: 59°C - 62°C - 72°C - 69°C - 62°C - 59°C - 69°C - 72°C | Throttling: None - None - None - None - None - None - None - None
3557 (3910962 Gflops/s) - 3570 (3925256 Gflops/s) - 3445 (3787817 Gflops/s) - 3467 (3812006 Gflops/s) - 3517 (3866982 Gflops/s) - 3538 (3890072 Gflops/s) - 3449 (3792215 Gflops/s) - 3508 (3857086 Gflops/s) | Temperatures: 59°C - 62°C - 72°C - 69°C - 63°C - 59°C - 69°C - 72°C | Throttling: None - None - None - None - None - None - None - None
3545 (3897768 Gflops/s) - 3551 (3904365 Gflops/s) - 3432 (3773523 Gflops/s) - 3453 (3796613 Gflops/s) - 3503 (3851589 Gflops/s) - 3526 (3876877 Gflops/s) - 3434 (3775722 Gflops/s) - 3495 (3842793 Gflops/s) | Temperatures: 59°C - 62°C - 72°C - 69°C - 63°C - 59°C - 70°C - 72°C | Throttling: None - None - None - None - None - None - None - None
3545 (3897768 Gflops/s) - 3555 (3908763 Gflops/s) - 3435 (3776822 Gflops/s) - 3454 (3797713 Gflops/s) - 3498 (3846091 Gflops/s) - 3533 (3884574 Gflops/s) - 3430 (3771324 Gflops/s) - 3498 (3846091 Gflops/s) | Temperatures: 59°C - 62°C - 72°C - 70°C - 63°C - 59°C - 70°C - 72°C | Throttling: None - None - None - None - None - None - None - None
3548 (3901067 Gflops/s) - 3563 (3917559 Gflops/s) - 3440 (3782319 Gflops/s) - 3458 (3802111 Gflops/s) - 3510 (3859285 Gflops/s) - 3531 (3882375 Gflops/s) - 3440 (3782319 Gflops/s) - 3500 (3848290 Gflops/s) | Temperatures: 59°C - 62°C - 72°C - 70°C - 63°C - 59°C - 70°C - 72°C | Throttling: None - None - None - None - None - None - None - None
3546 (3898868 Gflops/s) - 3552 (3905465 Gflops/s) - 3434 (3775722 Gflops/s) - 3453 (3796613 Gflops/s) - 3504 (3852688 Gflops/s) - 3527 (3877977 Gflops/s) - 3435 (3776822 Gflops/s) - 3502 (3850489 Gflops/s) | Temperatures: 59°C - 62°C - 72°C - 70°C - 63°C - 59°C - 70°C - 72°C | Throttling: None - None - None - None - None - None - None - None
3578 (3934052 Gflops/s) - 3594 (3951644 Gflops/s) - 3470 (3815305 Gflops/s) - 3485 (3831798 Gflops/s) - 3535 (3886773 Gflops/s) - 3559 (3913161 Gflops/s) - 3468 (3813106 Gflops/s) - 3531 (3882375 Gflops/s) | Temperatures: 59°C - 62°C - 72°C - 70°C - 63°C - 59°C - 70°C - 72°C | Throttling: None - None - None - None - None - None - None - None
3513 (3862584 Gflops/s) - 3521 (3871380 Gflops/s) - 3406 (3744936 Gflops/s) - 3424 (3764727 Gflops/s) - 3468 (3813106 Gflops/s) - 3497 (3844992 Gflops/s) - 3404 (3742737 Gflops/s) - 3469 (3814205 Gflops/s) | Temperatures: 59°C - 62°C - 72°C - 70°C - 63°C - 59°C - 70°C - 72°C | Throttling: None - None - None - None - None - None - None - None
3538 (3890072 Gflops/s) - 3551 (3904365 Gflops/s) - 3431 (3772424 Gflops/s) - 3449 (3792215 Gflops/s) - 3513 (3862584 Gflops/s) - 3523 (3873579 Gflops/s) - 3427 (3768026 Gflops/s) - 3491 (3838395 Gflops/s) | Temperatures: 59°C - 62°C - 73°C - 70°C - 63°C - 59°C - 70°C - 72°C | Throttling: None - None - None - None - None - None - None - None
3549 (3902166 Gflops/s) - 3569 (3924156 Gflops/s) - 3440 (3782319 Gflops/s) - 3460 (3804310 Gflops/s) - 3515 (3864783 Gflops/s) - 3536 (3887873 Gflops/s) - 3442 (3784519 Gflops/s) - 3504 (3852688 Gflops/s) | Temperatures: 59°C - 63°C - 73°C - 70°C - 63°C - 59°C - 70°C - 72°C | Throttling: None - None - None - None - None - None - None - None
3538 (3890072 Gflops/s) - 3549 (3902166 Gflops/s) - 3431 (3772424 Gflops/s) - 3449 (3792215 Gflops/s) - 3508 (3857086 Gflops/s) - 3534 (3885674 Gflops/s) - 3426 (3766926 Gflops/s) - 3492 (3839494 Gflops/s) | Temperatures: 59°C - 63°C - 73°C - 70°C - 63°C - 60°C - 70°C - 72°C | Throttling: None - None - None - None - None - None - None - None
3534 (3885674 Gflops/s) - 3550 (3903266 Gflops/s) - 3430 (3771324 Gflops/s) - 3447 (3790016 Gflops/s) - 3499 (3847191 Gflops/s) - 3527 (3877977 Gflops/s) - 3425 (3765827 Gflops/s) - 3493 (3840594 Gflops/s) | Temperatures: 59°C - 62°C - 73°C - 70°C - 63°C - 60°C - 70°C - 72°C | Throttling: None - None - None - None - None - None - None - None
3552 (3905465 Gflops/s) - 3562 (3916460 Gflops/s) - 3438 (3780120 Gflops/s) - 3456 (3799912 Gflops/s) - 3506 (3854887 Gflops/s) - 3536 (3887873 Gflops/s) - 3435 (3776822 Gflops/s) - 3503 (3851589 Gflops/s) | Temperatures: 59°C - 62°C - 73°C - 70°C - 63°C - 60°C - 70°C - 72°C | Throttling: None - None - None - None - None - None - None - None
3541 (3893370 Gflops/s) - 3555 (3908763 Gflops/s) - 3434 (3775722 Gflops/s) - 3452 (3795514 Gflops/s) - 3512 (3861484 Gflops/s) - 3530 (3881276 Gflops/s) - 3429 (3770225 Gflops/s) - 3500 (3848290 Gflops/s) | Temperatures: 59°C - 63°C - 73°C - 70°C - 63°C - 60°C - 70°C - 73°C | Throttling: None - None - None - None - None - None - None - None
3567 (3921957 Gflops/s) - 3576 (3931853 Gflops/s) - 3462 (3806509 Gflops/s) - 3473 (3818603 Gflops/s) - 3536 (3887873 Gflops/s) - 3557 (3910962 Gflops/s) - 3457 (3801011 Gflops/s) - 3524 (3874678 Gflops/s) | Temperatures: 59°C - 63°C - 73°C - 70°C - 63°C - 60°C - 70°C - 73°C | Throttling: None - None - None - None - None - None - None - None
3512 (3861484 Gflops/s) - 3525 (3875778 Gflops/s) - 3406 (3744936 Gflops/s) - 3423 (3763628 Gflops/s) - 3466 (3810907 Gflops/s) - 3500 (3848290 Gflops/s) - 3402 (3740538 Gflops/s) - 3469 (3814205 Gflops/s) | Temperatures: 60°C - 62°C - 73°C - 70°C - 63°C - 60°C - 70°C - 73°C | Throttling: None - None - None - None - None - None - None - None
3535 (3886773 Gflops/s) - 3550 (3903266 Gflops/s) - 3431 (3772424 Gflops/s) - 3449 (3792215 Gflops/s) - 3494 (3841693 Gflops/s) - 3525 (3875778 Gflops/s) - 3427 (3768026 Gflops/s) - 3495 (3842793 Gflops/s) | Temperatures: 60°C - 62°C - 73°C - 70°C - 63°C - 60°C - 71°C - 73°C | Throttling: None - None - None - None - None - None - None - None
3544 (3896669 Gflops/s) - 3563 (3917559 Gflops/s) - 3440 (3782319 Gflops/s) - 3456 (3799912 Gflops/s) - 3501 (3849390 Gflops/s) - 3536 (3887873 Gflops/s) - 3436 (3777921 Gflops/s) - 3505 (3853788 Gflops/s) | Temperatures: 60°C - 63°C - 73°C - 70°C - 63°C - 60°C - 71°C - 73°C | Throttling: None - None - None - None - None - None - None - None
3534 (3885674 Gflops/s) - 3555 (3908763 Gflops/s) - 3431 (3772424 Gflops/s) - 3448 (3791116 Gflops/s) - 3498 (3846091 Gflops/s) - 3529 (3880176 Gflops/s) - 3426 (3766926 Gflops/s) - 3490 (3837295 Gflops/s) | Temperatures: 60°C - 63°C - 73°C - 71°C - 63°C - 60°C - 71°C - 73°C | Throttling: None - None - None - None - None - None - None - None
3536 (3887873 Gflops/s) - 3545 (3897768 Gflops/s) - 3429 (3770225 Gflops/s) - 3445 (3787817 Gflops/s) - 3495 (3842793 Gflops/s) - 3525 (3875778 Gflops/s) - 3425 (3765827 Gflops/s) - 3487 (3833997 Gflops/s) | Temperatures: 60°C - 63°C - 73°C - 71°C - 63°C - 60°C - 71°C - 73°C | Throttling: None - None - None - None - None - None - None - None
3543 (3895569 Gflops/s) - 3559 (3913161 Gflops/s) - 3437 (3779021 Gflops/s) - 3448 (3791116 Gflops/s) - 3517 (3866982 Gflops/s) - 3529 (3880176 Gflops/s) - 3433 (3774623 Gflops/s) - 3500 (3848290 Gflops/s) | Temperatures: 60°C - 63°C - 73°C - 71°C - 63°C - 60°C - 71°C - 73°C | Throttling: None - None - None - None - None - None - None - None
3538 (3890072 Gflops/s) - 3549 (3902166 Gflops/s) - 3432 (3773523 Gflops/s) - 3442 (3784519 Gflops/s) - 3505 (3853788 Gflops/s) - 3527 (3877977 Gflops/s) - 3428 (3769125 Gflops/s) - 3495 (3842793 Gflops/s) | Temperatures: 60°C - 63°C - 73°C - 71°C - 63°C - 60°C - 71°C - 73°C | Throttling: None - None - None - None - None - None - None - None
3568 (3923057 Gflops/s) - 3579 (3935152 Gflops/s) - 3461 (3805409 Gflops/s) - 3475 (3820802 Gflops/s) - 3526 (3876877 Gflops/s) - 3559 (3913161 Gflops/s) - 3457 (3801011 Gflops/s) - 3519 (3869181 Gflops/s) | Temperatures: 60°C - 63°C - 73°C - 71°C - 63°C - 60°C - 71°C - 73°C | Throttling: None - None - None - None - None - None - None - None
3511 (3860385 Gflops/s) - 3527 (3877977 Gflops/s) - 3408 (3747135 Gflops/s) - 3423 (3763628 Gflops/s) - 3470 (3815305 Gflops/s) - 3503 (3851589 Gflops/s) - 3404 (3742737 Gflops/s) - 3470 (3815305 Gflops/s) | Temperatures: 60°C - 63°C - 74°C - 71°C - 63°C - 60°C - 71°C - 73°C | Throttling: None - None - None - None - None - None - None - None
3530 (3881276 Gflops/s) - 3553 (3906564 Gflops/s) - 3427 (3768026 Gflops/s) - 3444 (3786718 Gflops/s) - 3507 (3855987 Gflops/s) - 3523 (3873579 Gflops/s) - 3425 (3765827 Gflops/s) - 3491 (3838395 Gflops/s) | Temperatures: 60°C - 63°C - 74°C - 71°C - 63°C - 60°C - 71°C - 73°C | Throttling: None - None - None - None - None - None - None - None
3540 (3892271 Gflops/s) - 3557 (3910962 Gflops/s) - 3438 (3780120 Gflops/s) - 3451 (3794414 Gflops/s) - 3512 (3861484 Gflops/s) - 3532 (3883475 Gflops/s) - 3435 (3776822 Gflops/s) - 3501 (3849390 Gflops/s) | Temperatures: 60°C - 63°C - 74°C - 71°C - 63°C - 60°C - 71°C - 73°C | Throttling: None - None - None - None - None - None - None - None
3537 (3888972 Gflops/s) - 3543 (3895569 Gflops/s) - 3431 (3772424 Gflops/s) - 3439 (3781220 Gflops/s) - 3487 (3833997 Gflops/s) - 3525 (3875778 Gflops/s) - 3428 (3769125 Gflops/s) - 3483 (3829598 Gflops/s) | Temperatures: 60°C - 63°C - 74°C - 71°C - 63°C - 60°C - 71°C - 73°C | Throttling: None - None - None - None - None - None - None - None
3528 (3879077 Gflops/s) - 3555 (3908763 Gflops/s) - 3426 (3766926 Gflops/s) - 3440 (3782319 Gflops/s) - 3504 (3852688 Gflops/s) - 3522 (3872479 Gflops/s) - 3424 (3764727 Gflops/s) - 3487 (3833997 Gflops/s) | Temperatures: 60°C - 63°C - 74°C - 71°C - 63°C - 60°C - 71°C - 73°C | Throttling: None - None - None - None - None - None - None - None
3541 (3893370 Gflops/s) - 3562 (3916460 Gflops/s) - 3434 (3775722 Gflops/s) - 3449 (3792215 Gflops/s) - 3501 (3849390 Gflops/s) - 3536 (3887873 Gflops/s) - 3433 (3774623 Gflops/s) - 3489 (3836196 Gflops/s) | Temperatures: 60°C - 63°C - 74°C - 71°C - 63°C - 60°C - 71°C - 73°C | Throttling: None - None - None - None - None - None - None - None
3545 (3897768 Gflops/s) - 3555 (3908763 Gflops/s) - 3436 (3777921 Gflops/s) - 3454 (3797713 Gflops/s) - 3498 (3846091 Gflops/s) - 3536 (3887873 Gflops/s) - 3434 (3775722 Gflops/s) - 3500 (3848290 Gflops/s) | Temperatures: 60°C - 63°C - 74°C - 71°C - 63°C - 60°C - 71°C - 73°C | Throttling: None - None - None - None - None - None - None - None
3595 (3952744 Gflops/s) - 3613 (3972535 Gflops/s) - 3489 (3836196 Gflops/s) - 3506 (3854887 Gflops/s) - 3552 (3905465 Gflops/s) - 3586 (3942848 Gflops/s) - 3487 (3833997 Gflops/s) - 3551 (3904365 Gflops/s) | Temperatures: 60°C - 63°C - 74°C - 71°C - 63°C - 60°C - 71°C - 73°C | Throttling: None - None - None - None - None - None - None - None
3582 (3938450 Gflops/s) - 3597 (3954943 Gflops/s) - 3473 (3818603 Gflops/s) - 3489 (3836196 Gflops/s) - 3554 (3907664 Gflops/s) - 3571 (3926356 Gflops/s) - 3472 (3817504 Gflops/s) - 3542 (3894470 Gflops/s) | Temperatures: 60°C - 63°C - 74°C - 71°C - 64°C - 60°C - 71°C - 73°C | Throttling: None - None - None - None - None - None - None - None
3584 (3940649 Gflops/s) - 3602 (3960440 Gflops/s) - 3478 (3824101 Gflops/s) - 3498 (3846091 Gflops/s) - 3547 (3899967 Gflops/s) - 3577 (3932953 Gflops/s) - 3478 (3824101 Gflops/s) - 3537 (3888972 Gflops/s) | Temperatures: 60°C - 63°C - 74°C - 71°C - 63°C - 60°C - 71°C - 74°C | Throttling: None - None - None - None - None - None - None - None
3580 (3936251 Gflops/s) - 3598 (3956042 Gflops/s) - 3480 (3826300 Gflops/s) - 3492 (3839494 Gflops/s) - 3543 (3895569 Gflops/s) - 3586 (3942848 Gflops/s) - 3481 (3827399 Gflops/s) - 3539 (3891171 Gflops/s) | Temperatures: 60°C - 63°C - 74°C - 71°C - 64°C - 60°C - 71°C - 74°C | Throttling: None - None - None - None - None - None - None - None
3578 (3934052 Gflops/s) - 3607 (3965938 Gflops/s) - 3478 (3824101 Gflops/s) - 3488 (3835096 Gflops/s) - 3555 (3908763 Gflops/s) - 3582 (3938450 Gflops/s) - 3477 (3823001 Gflops/s) - 3534 (3885674 Gflops/s) | Temperatures: 60°C - 63°C - 74°C - 71°C - 64°C - 60°C - 71°C - 73°C | Throttling: None - None - None - None - None - None - None - None
3845 (4227622 Gflops/s) - 3861 (4245214 Gflops/s) - 3728 (4098979 Gflops/s) - 3735 (4106675 Gflops/s) - 3798 (4175945 Gflops/s) - 3837 (4218826 Gflops/s) - 3728 (4098979 Gflops/s) - 3785 (4161651 Gflops/s) | Temperatures: 60°C - 63°C - 74°C - 71°C - 64°C - 60°C - 71°C - 74°C | Throttling: None - None - None - None - None - None - None - None
3854 (4237517 Gflops/s) - 3870 (4255109 Gflops/s) - 3739 (4111073 Gflops/s) - 3754 (4127566 Gflops/s) - 3811 (4190238 Gflops/s) - 3849 (4232020 Gflops/s) - 3738 (4109974 Gflops/s) - 3805 (4183641 Gflops/s) | Temperatures: 60°C - 63°C - 74°C - 71°C - 64°C - 60°C - 71°C - 74°C | Throttling: None - None - None - None - None - None - None - None
3845 (4227622 Gflops/s) - 3869 (4254010 Gflops/s) - 3735 (4106675 Gflops/s) - 3735 (4106675 Gflops/s) - 3804 (4182542 Gflops/s) - 3843 (4225423 Gflops/s) - 3736 (4107775 Gflops/s) - 3798 (4175945 Gflops/s) | Temperatures: 60°C - 63°C - 74°C - 71°C - 64°C - 60°C - 71°C - 74°C | Throttling: None - None - None - None - None - None - None - None
3850 (4233119 Gflops/s) - 3875 (4260607 Gflops/s) - 3734 (4105576 Gflops/s) - 3736 (4107775 Gflops/s) - 3807 (4185840 Gflops/s) - 3841 (4223224 Gflops/s) - 3735 (4106675 Gflops/s) - 3793 (4170447 Gflops/s) | Temperatures: 60°C - 63°C - 74°C - 71°C - 64°C - 60°C - 72°C - 74°C | Throttling: None - None - None - None - None - None - None - None
3853 (4236418 Gflops/s) - 3870 (4255109 Gflops/s) - 3733 (4104476 Gflops/s) - 3735 (4106675 Gflops/s) - 3807 (4185840 Gflops/s) - 3844 (4226522 Gflops/s) - 3735 (4106675 Gflops/s) - 3794 (4171547 Gflops/s) | Temperatures: 60°C - 63°C - 74°C - 71°C - 64°C - 60°C - 72°C - 74°C | Throttling: None - None - None - None - None - None - None - None
3856 (4239716 Gflops/s) - 3869 (4254010 Gflops/s) - 3733 (4104476 Gflops/s) - 3749 (4122069 Gflops/s) - 3800 (4178144 Gflops/s) - 3839 (4221025 Gflops/s) - 3737 (4108874 Gflops/s) - 3799 (4177044 Gflops/s) | Temperatures: 60°C - 63°C - 74°C - 71°C - 64°C - 60°C - 72°C - 74°C | Throttling: None - None - None - None - None - None - None - None
3849 (4232020 Gflops/s) - 3866 (4250711 Gflops/s) - 3735 (4106675 Gflops/s) - 3752 (4125367 Gflops/s) - 3804 (4182542 Gflops/s) - 3841 (4223224 Gflops/s) - 3735 (4106675 Gflops/s) - 3795 (4172646 Gflops/s) | Temperatures: 60°C - 63°C - 74°C - 71°C - 64°C - 60°C - 72°C - 74°C | Throttling: None - None - None - None - None - None - None - None
3849 (4232020 Gflops/s) - 3876 (4261707 Gflops/s) - 3731 (4102277 Gflops/s) - 3755 (4128666 Gflops/s) - 3805 (4183641 Gflops/s) - 3848 (4230920 Gflops/s) - 3736 (4107775 Gflops/s) - 3789 (4166049 Gflops/s) | Temperatures: 60°C - 63°C - 74°C - 71°C - 64°C - 60°C - 72°C - 74°C | Throttling: None - None - None - None - None - None - None - None
3850 (4233119 Gflops/s) - 3865 (4249612 Gflops/s) - 3727 (4097879 Gflops/s) - 3739 (4111073 Gflops/s) - 3814 (4193537 Gflops/s) - 3842 (4224323 Gflops/s) - 3735 (4106675 Gflops/s) - 3786 (4162751 Gflops/s) | Temperatures: 60°C - 63°C - 74°C - 71°C - 64°C - 60°C - 72°C - 74°C | Throttling: None - None - None - None - None - None - None - None
3857 (4240816 Gflops/s) - 3867 (4251811 Gflops/s) - 3726 (4096780 Gflops/s) - 3741 (4113272 Gflops/s) - 3819 (4199034 Gflops/s) - 3842 (4224323 Gflops/s) - 3735 (4106675 Gflops/s) - 3792 (4169348 Gflops/s) | Temperatures: 60°C - 63°C - 74°C - 72°C - 64°C - 60°C - 72°C - 74°C | Throttling: None - None - None - None - None - None - None - None
3854 (4237517 Gflops/s) - 3866 (4250711 Gflops/s) - 3727 (4097879 Gflops/s) - 3754 (4127566 Gflops/s) - 3808 (4186940 Gflops/s) - 3849 (4232020 Gflops/s) - 3737 (4108874 Gflops/s) - 3799 (4177044 Gflops/s) | Temperatures: 60°C - 63°C - 74°C - 72°C - 64°C - 60°C - 72°C - 74°C | Throttling: None - None - None - None - None - None - None - None
3856 (4239716 Gflops/s) - 3872 (4257309 Gflops/s) - 3730 (4101178 Gflops/s) - 3752 (4125367 Gflops/s) - 3817 (4196835 Gflops/s) - 3845 (4227622 Gflops/s) - 3740 (4112173 Gflops/s) - 3797 (4174845 Gflops/s) | Temperatures: 60°C - 63°C - 74°C - 72°C - 64°C - 60°C - 72°C - 74°C | Throttling: None - None - None - None - None - None - None - None
3844 (4226522 Gflops/s) - 3865 (4249612 Gflops/s) - 3722 (4092382 Gflops/s) - 3731 (4102277 Gflops/s) - 3795 (4172646 Gflops/s) - 3836 (4217726 Gflops/s) - 3732 (4103377 Gflops/s) - 3782 (4158352 Gflops/s) | Temperatures: 60°C - 63°C - 74°C - 72°C - 64°C - 60°C - 72°C - 74°C | Throttling: None - None - None - None - None - None - None - None
3853 (4236418 Gflops/s) - 3879 (4265005 Gflops/s) - 3725 (4095680 Gflops/s) - 3733 (4104476 Gflops/s) - 3806 (4184741 Gflops/s) - 3842 (4224323 Gflops/s) - 3735 (4106675 Gflops/s) - 3792 (4169348 Gflops/s) | Temperatures: 60°C - 63°C - 74°C - 72°C - 64°C - 60°C - 72°C - 74°C | Throttling: None - None - None - None - None - None - None - None
3849 (4232020 Gflops/s) - 3870 (4255109 Gflops/s) - 3725 (4095680 Gflops/s) - 3735 (4106675 Gflops/s) - 3814 (4193537 Gflops/s) - 3841 (4223224 Gflops/s) - 3735 (4106675 Gflops/s) - 3792 (4169348 Gflops/s) | Temperatures: 60°C - 63°C - 74°C - 72°C - 64°C - 60°C - 72°C - 74°C | Throttling: None - None - None - None - None - None - None - None
3838 (4219925 Gflops/s) - 3873 (4258408 Gflops/s) - 3725 (4095680 Gflops/s) - 3735 (4106675 Gflops/s) - 3806 (4184741 Gflops/s) - 3843 (4225423 Gflops/s) - 3733 (4104476 Gflops/s) - 3794 (4171547 Gflops/s) | Temperatures: 60°C - 63°C - 74°C - 72°C - 64°C - 60°C - 72°C - 74°C | Throttling: None - None - None - None - None - None - None - None
3850 (4233119 Gflops/s) - 3870 (4255109 Gflops/s) - 3726 (4096780 Gflops/s) - 3736 (4107775 Gflops/s) - 3807 (4185840 Gflops/s) - 3843 (4225423 Gflops/s) - 3737 (4108874 Gflops/s) - 3798 (4175945 Gflops/s) | Temperatures: 60°C - 63°C - 74°C - 72°C - 64°C - 60°C - 72°C - 74°C | Throttling: None - None - None - None - None - None - None - None
3847 (4229821 Gflops/s) - 3868 (4252910 Gflops/s) - 3726 (4096780 Gflops/s) - 3732 (4103377 Gflops/s) - 3806 (4184741 Gflops/s) - 3840 (4222124 Gflops/s) - 3734 (4105576 Gflops/s) - 3794 (4171547 Gflops/s) | Temperatures: 60°C - 63°C - 74°C - 72°C - 64°C - 60°C - 72°C - 74°C | Throttling: None - None - None - None - None - None - None - None
3854 (4237517 Gflops/s) - 3870 (4255109 Gflops/s) - 3727 (4097879 Gflops/s) - 3735 (4106675 Gflops/s) - 3803 (4181442 Gflops/s) - 3843 (4225423 Gflops/s) - 3736 (4107775 Gflops/s) - 3788 (4164950 Gflops/s) | Temperatures: 60°C - 63°C - 75°C - 72°C - 64°C - 60°C - 72°C - 74°C | Throttling: None - None - None - None - None - None - None - None
3739 (4111073 Gflops/s) - 3751 (4124268 Gflops/s) - 3614 (3973635 Gflops/s) - 3628 (3989028 Gflops/s) - 3708 (4076989 Gflops/s) - 3729 (4100078 Gflops/s) - 3625 (3985729 Gflops/s) - 3676 (4041804 Gflops/s) | Temperatures: 60°C - 63°C - 74°C - 72°C - 64°C - 60°C - 72°C - 74°C | Throttling: None - None - None - None - None - None - None - None
3561 (3915360 Gflops/s) - 3561 (3915360 Gflops/s) - 3442 (3784519 Gflops/s) - 3456 (3799912 Gflops/s) - 3520 (3870280 Gflops/s) - 3550 (3903266 Gflops/s) - 3452 (3795514 Gflops/s) - 3504 (3852688 Gflops/s) | Temperatures: 60°C - 63°C - 75°C - 72°C - 64°C - 60°C - 72°C - 74°C | Throttling: None - None - None - None - None - None - None - None
3575 (3930754 Gflops/s) - 3598 (3956042 Gflops/s) - 3458 (3802111 Gflops/s) - 3466 (3810907 Gflops/s) - 3541 (3893370 Gflops/s) - 3567 (3921957 Gflops/s) - 3467 (3812006 Gflops/s) - 3522 (3872479 Gflops/s) | Temperatures: 60°C - 63°C - 75°C - 72°C - 64°C - 60°C - 72°C - 74°C | Throttling: None - None - None - None - None - None - None - None
3577 (3932953 Gflops/s) - 3594 (3951644 Gflops/s) - 3459 (3803210 Gflops/s) - 3469 (3814205 Gflops/s) - 3540 (3892271 Gflops/s) - 3569 (3924156 Gflops/s) - 3472 (3817504 Gflops/s) - 3516 (3865882 Gflops/s) | Temperatures: 60°C - 63°C - 75°C - 72°C - 64°C - 60°C - 72°C - 74°C | Throttling: None - None - None - None - None - None - None - None
3561 (3915360 Gflops/s) - 3598 (3956042 Gflops/s) - 3458 (3802111 Gflops/s) - 3466 (3810907 Gflops/s) - 3540 (3892271 Gflops/s) - 3569 (3924156 Gflops/s) - 3468 (3813106 Gflops/s) - 3520 (3870280 Gflops/s) | Temperatures: 60°C - 63°C - 75°C - 72°C - 64°C - 60°C - 72°C - 74°C | Throttling: None - None - None - None - None - None - None - None
3568 (3923057 Gflops/s) - 3592 (3949445 Gflops/s) - 3457 (3801011 Gflops/s) - 3464 (3808708 Gflops/s) - 3528 (3879077 Gflops/s) - 3566 (3920858 Gflops/s) - 3467 (3812006 Gflops/s) - 3518 (3868081 Gflops/s) | Temperatures: 60°C - 63°C - 75°C - 72°C - 64°C - 60°C - 72°C - 74°C | Throttling: None - None - None - None - None - None - None - None
3570 (3925256 Gflops/s) - 3594 (3951644 Gflops/s) - 3457 (3801011 Gflops/s) - 3466 (3810907 Gflops/s) - 3538 (3890072 Gflops/s) - 3567 (3921957 Gflops/s) - 3468 (3813106 Gflops/s) - 3520 (3870280 Gflops/s) | Temperatures: 60°C - 63°C - 75°C - 72°C - 64°C - 60°C - 72°C - 74°C | Throttling: None - None - None - None - None - None - None - None
3575 (3930754 Gflops/s) - 3576 (3931853 Gflops/s) - 3455 (3798812 Gflops/s) - 3465 (3809807 Gflops/s) - 3526 (3876877 Gflops/s) - 3569 (3924156 Gflops/s) - 3467 (3812006 Gflops/s) - 3514 (3863683 Gflops/s) | Temperatures: 60°C - 63°C - 75°C - 72°C - 64°C - 60°C - 72°C - 74°C | Throttling: None - None - None - None - None - None - None - None
3591 (3948346 Gflops/s) - 3612 (3971435 Gflops/s) - 3474 (3819703 Gflops/s) - 3482 (3828499 Gflops/s) - 3547 (3899967 Gflops/s) - 3585 (3941749 Gflops/s) - 3484 (3830698 Gflops/s) - 3531 (3882375 Gflops/s) | Temperatures: 60°C - 63°C - 75°C - 72°C - 64°C - 60°C - 72°C - 74°C | Throttling: None - None - None - None - None - None - None - None
3559 (3913161 Gflops/s) - 3584 (3940649 Gflops/s) - 3443 (3785618 Gflops/s) - 3452 (3795514 Gflops/s) - 3525 (3875778 Gflops/s) - 3553 (3906564 Gflops/s) - 3454 (3797713 Gflops/s) - 3502 (3850489 Gflops/s) | Temperatures: 60°C - 63°C - 75°C - 72°C - 64°C - 60°C - 72°C - 74°C | Throttling: None - None - None - None - None - None - None - None
3578 (3934052 Gflops/s) - 3589 (3946147 Gflops/s) - 3456 (3799912 Gflops/s) - 3465 (3809807 Gflops/s) - 3533 (3884574 Gflops/s) - 3567 (3921957 Gflops/s) - 3466 (3810907 Gflops/s) - 3522 (3872479 Gflops/s) | Temperatures: 60°C - 63°C - 75°C - 72°C - 64°C - 60°C - 72°C - 74°C | Throttling: None - None - None - None - None - None - None - None
3575 (3930754 Gflops/s) - 3594 (3951644 Gflops/s) - 3458 (3802111 Gflops/s) - 3468 (3813106 Gflops/s) - 3540 (3892271 Gflops/s) - 3568 (3923057 Gflops/s) - 3470 (3815305 Gflops/s) - 3522 (3872479 Gflops/s) | Temperatures: 60°C - 63°C - 75°C - 72°C - 64°C - 60°C - 72°C - 74°C | Throttling: None - None - None - None - None - None - None - None
3576 (3931853 Gflops/s) - 3594 (3951644 Gflops/s) - 3455 (3798812 Gflops/s) - 3465 (3809807 Gflops/s) - 3529 (3880176 Gflops/s) - 3567 (3921957 Gflops/s) - 3465 (3809807 Gflops/s) - 3512 (3861484 Gflops/s) | Temperatures: 60°C - 63°C - 75°C - 72°C - 64°C - 60°C - 72°C - 74°C | Throttling: None - None - None - None - None - None - None - None
3576 (3931853 Gflops/s) - 3585 (3941749 Gflops/s) - 3454 (3797713 Gflops/s) - 3464 (3808708 Gflops/s) - 3525 (3875778 Gflops/s) - 3565 (3919758 Gflops/s) - 3466 (3810907 Gflops/s) - 3513 (3862584 Gflops/s) | Temperatures: 60°C - 63°C - 75°C - 72°C - 64°C - 60°C - 72°C - 74°C | Throttling: None - None - None - None - None - None - None - None
3577 (3932953 Gflops/s) - 3590 (3947246 Gflops/s) - 3459 (3803210 Gflops/s) - 3468 (3813106 Gflops/s) - 3549 (3902166 Gflops/s) - 3570 (3925256 Gflops/s) - 3471 (3816404 Gflops/s) - 3513 (3862584 Gflops/s) | Temperatures: 60°C - 63°C - 75°C - 72°C - 64°C - 60°C - 72°C - 74°C | Throttling: None - None - None - None - None - None - None - None
3574 (3929654 Gflops/s) - 3588 (3945047 Gflops/s) - 3455 (3798812 Gflops/s) - 3463 (3807608 Gflops/s) - 3531 (3882375 Gflops/s) - 3565 (3919758 Gflops/s) - 3466 (3810907 Gflops/s) - 3511 (3860385 Gflops/s) | Temperatures: 60°C - 63°C - 75°C - 72°C - 64°C - 60°C - 72°C - 74°C | Throttling: None - None - None - None - None - None - None - None
3592 (3949445 Gflops/s) - 3605 (3963739 Gflops/s) - 3472 (3817504 Gflops/s) - 3481 (3827399 Gflops/s) - 3550 (3903266 Gflops/s) - 3585 (3941749 Gflops/s) - 3482 (3828499 Gflops/s) - 3531 (3882375 Gflops/s) | Temperatures: 60°C - 63°C - 75°C - 72°C - 64°C - 60°C - 72°C - 74°C | Throttling: None - None - None - None - None - None - None - None
3559 (3913161 Gflops/s) - 3575 (3930754 Gflops/s) - 3441 (3783419 Gflops/s) - 3449 (3792215 Gflops/s) - 3516 (3865882 Gflops/s) - 3550 (3903266 Gflops/s) - 3451 (3794414 Gflops/s) - 3495 (3842793 Gflops/s) | Temperatures: 60°C - 63°C - 75°C - 72°C - 64°C - 60°C - 72°C - 74°C | Throttling: None - None - None - None - None - None - None - None
3578 (3934052 Gflops/s) - 3598 (3956042 Gflops/s) - 3454 (3797713 Gflops/s) - 3464 (3808708 Gflops/s) - 3545 (3897768 Gflops/s) - 3568 (3923057 Gflops/s) - 3464 (3808708 Gflops/s) - 3515 (3864783 Gflops/s) | Temperatures: 60°C - 63°C - 75°C - 72°C - 64°C - 60°C - 72°C - 74°C | Throttling: None - None - None - None - None - None - None - None
3581 (3937351 Gflops/s) - 3591 (3948346 Gflops/s) - 3460 (3804310 Gflops/s) - 3471 (3816404 Gflops/s) - 3546 (3898868 Gflops/s) - 3574 (3929654 Gflops/s) - 3470 (3815305 Gflops/s) - 3522 (3872479 Gflops/s) | Temperatures: 60°C - 64°C - 75°C - 72°C - 64°C - 60°C - 72°C - 75°C | Throttling: None - None - None - None - None - None - None - None
3579 (3935152 Gflops/s) - 3586 (3942848 Gflops/s) - 3454 (3797713 Gflops/s) - 3464 (3808708 Gflops/s) - 3531 (3882375 Gflops/s) - 3567 (3921957 Gflops/s) - 3464 (3808708 Gflops/s) - 3512 (3861484 Gflops/s) | Temperatures: 60°C - 63°C - 75°C - 72°C - 64°C - 60°C - 72°C - 74°C | Throttling: None - None - None - None - None - None - None - None
3573 (3928555 Gflops/s) - 3593 (3950545 Gflops/s) - 3452 (3795514 Gflops/s) - 3462 (3806509 Gflops/s) - 3531 (3882375 Gflops/s) - 3566 (3920858 Gflops/s) - 3463 (3807608 Gflops/s) - 3513 (3862584 Gflops/s) | Temperatures: 60°C - 64°C - 75°C - 72°C - 64°C - 60°C - 72°C - 75°C | Throttling: None - None - None - None - None - None - None - None
3579 (3935152 Gflops/s) - 3586 (3942848 Gflops/s) - 3459 (3803210 Gflops/s) - 3470 (3815305 Gflops/s) - 3547 (3899967 Gflops/s) - 3572 (3927455 Gflops/s) - 3469 (3814205 Gflops/s) - 3518 (3868081 Gflops/s) | Temperatures: 60°C - 63°C - 75°C - 72°C - 64°C - 60°C - 72°C - 74°C | Throttling: None - None - None - None - None - None - None - None
3570 (3925256 Gflops/s) - 3594 (3951644 Gflops/s) - 3454 (3797713 Gflops/s) - 3464 (3808708 Gflops/s) - 3527 (3877977 Gflops/s) - 3567 (3921957 Gflops/s) - 3466 (3810907 Gflops/s) - 3512 (3861484 Gflops/s) | Temperatures: 60°C - 63°C - 75°C - 72°C - 64°C - 60°C - 72°C - 74°C | Throttling: None - None - None - None - None - None - None - None
3583 (3939550 Gflops/s) - 3607 (3965938 Gflops/s) - 3469 (3814205 Gflops/s) - 3481 (3827399 Gflops/s) - 3546 (3898868 Gflops/s) - 3581 (3937351 Gflops/s) - 3483 (3829598 Gflops/s) - 3527 (3877977 Gflops/s) | Temperatures: 60°C - 63°C - 75°C - 72°C - 64°C - 60°C - 72°C - 75°C | Throttling: None - None - None - None - None - None - None - None
3561 (3915360 Gflops/s) - 3582 (3938450 Gflops/s) - 3438 (3780120 Gflops/s) - 3449 (3792215 Gflops/s) - 3514 (3863683 Gflops/s) - 3551 (3904365 Gflops/s) - 3451 (3794414 Gflops/s) - 3496 (3843892 Gflops/s) | Temperatures: 60°C - 63°C - 75°C - 72°C - 64°C - 60°C - 72°C - 75°C | Throttling: None - None - None - None - None - None - None - None
3573 (3928555 Gflops/s) - 3592 (3949445 Gflops/s) - 3454 (3797713 Gflops/s) - 3465 (3809807 Gflops/s) - 3531 (3882375 Gflops/s) - 3569 (3924156 Gflops/s) - 3466 (3810907 Gflops/s) - 3513 (3862584 Gflops/s) | Temperatures: 60°C - 64°C - 75°C - 72°C - 64°C - 60°C - 72°C - 75°C | Throttling: None - None - None - None - None - None - None - None
3578 (3934052 Gflops/s) - 3594 (3951644 Gflops/s) - 3459 (3803210 Gflops/s) - 3470 (3815305 Gflops/s) - 3535 (3886773 Gflops/s) - 3572 (3927455 Gflops/s) - 3470 (3815305 Gflops/s) - 3515 (3864783 Gflops/s) | Temperatures: 60°C - 63°C - 75°C - 72°C - 64°C - 60°C - 72°C - 75°C | Throttling: None - None - None - None - None - None - None - None
3570 (3925256 Gflops/s) - 3581 (3937351 Gflops/s) - 3451 (3794414 Gflops/s) - 3463 (3807608 Gflops/s) - 3529 (3880176 Gflops/s) - 3566 (3920858 Gflops/s) - 3464 (3808708 Gflops/s) - 3511 (3860385 Gflops/s) | Temperatures: 60°C - 63°C - 75°C - 72°C - 64°C - 60°C - 72°C - 75°C | Throttling: None - None - None - None - None - None - None - None
3575 (3930754 Gflops/s) - 3594 (3951644 Gflops/s) - 3452 (3795514 Gflops/s) - 3463 (3807608 Gflops/s) - 3537 (3888972 Gflops/s) - 3564 (3918659 Gflops/s) - 3462 (3806509 Gflops/s) - 3511 (3860385 Gflops/s) | Temperatures: 60°C - 63°C - 75°C - 72°C - 64°C - 60°C - 72°C - 75°C | Throttling: None - None - None - None - None - None - None - None
3580 (3936251 Gflops/s) - 3598 (3956042 Gflops/s) - 3457 (3801011 Gflops/s) - 3469 (3814205 Gflops/s) - 3536 (3887873 Gflops/s) - 3571 (3926356 Gflops/s) - 3471 (3816404 Gflops/s) - 3517 (3866982 Gflops/s) | Temperatures: 60°C - 63°C - 75°C - 72°C - 64°C - 60°C - 72°C - 75°C | Throttling: None - None - None - None - None - None - None - None
3569 (3924156 Gflops/s) - 3580 (3936251 Gflops/s) - 3452 (3795514 Gflops/s) - 3461 (3805409 Gflops/s) - 3533 (3884574 Gflops/s) - 3564 (3918659 Gflops/s) - 3459 (3803210 Gflops/s) - 3509 (3858186 Gflops/s) | Temperatures: 60°C - 63°C - 75°C - 72°C - 64°C - 60°C - 72°C - 75°C | Throttling: None - None - None - None - None - None - None - None
3586 (3942848 Gflops/s) - 3604 (3962639 Gflops/s) - 3466 (3810907 Gflops/s) - 3480 (3826300 Gflops/s) - 3552 (3905465 Gflops/s) - 3583 (3939550 Gflops/s) - 3481 (3827399 Gflops/s) - 3528 (3879077 Gflops/s) | Temperatures: 60°C - 63°C - 75°C - 72°C - 64°C - 60°C - 72°C - 75°C | Throttling: None - None - None - None - None - None - None - None
3555 (3908763 Gflops/s) - 3575 (3930754 Gflops/s) - 3443 (3785618 Gflops/s) - 3453 (3796613 Gflops/s) - 3530 (3881276 Gflops/s) - 3553 (3906564 Gflops/s) - 3449 (3792215 Gflops/s) - 3499 (3847191 Gflops/s) | Temperatures: 60°C - 64°C - 75°C - 72°C - 64°C - 60°C - 72°C - 75°C | Throttling: None - None - None - None - None - None - None - None
3574 (3929654 Gflops/s) - 3591 (3948346 Gflops/s) - 3455 (3798812 Gflops/s) - 3466 (3810907 Gflops/s) - 3529 (3880176 Gflops/s) - 3568 (3923057 Gflops/s) - 3468 (3813106 Gflops/s) - 3514 (3863683 Gflops/s) | Temperatures: 60°C - 64°C - 75°C - 72°C - 64°C - 60°C - 72°C - 75°C | Throttling: None - None - None - None - None - None - None - None
3578 (3934052 Gflops/s) - 3590 (3947246 Gflops/s) - 3454 (3797713 Gflops/s) - 3465 (3809807 Gflops/s) - 3530 (3881276 Gflops/s) - 3568 (3923057 Gflops/s) - 3463 (3807608 Gflops/s) - 3514 (3863683 Gflops/s) | Temperatures: 60°C - 63°C - 75°C - 72°C - 64°C - 60°C - 72°C - 75°C | Throttling: None - None - None - None - None - None - None - None
3575 (3930754 Gflops/s) - 3596 (3953843 Gflops/s) - 3454 (3797713 Gflops/s) - 3465 (3809807 Gflops/s) - 3532 (3883475 Gflops/s) - 3572 (3927455 Gflops/s) - 3462 (3806509 Gflops/s) - 3512 (3861484 Gflops/s) | Temperatures: 60°C - 64°C - 75°C - 72°C - 64°C - 60°C - 72°C - 75°C | Throttling: None - None - None - None - None - None - None - None
3574 (3929654 Gflops/s) - 3584 (3940649 Gflops/s) - 3452 (3795514 Gflops/s) - 3463 (3807608 Gflops/s) - 3540 (3892271 Gflops/s) - 3563 (3917559 Gflops/s) - 3459 (3803210 Gflops/s) - 3511 (3860385 Gflops/s) | Temperatures: 60°C - 63°C - 75°C - 72°C - 64°C - 60°C - 72°C - 75°C | Throttling: None - None - None - None - None - None - None - None
3569 (3924156 Gflops/s) - 3589 (3946147 Gflops/s) - 3457 (3801011 Gflops/s) - 3468 (3813106 Gflops/s) - 3552 (3905465 Gflops/s) - 3572 (3927455 Gflops/s) - 3467 (3812006 Gflops/s) - 3513 (3862584 Gflops/s) | Temperatures: 60°C - 64°C - 75°C - 72°C - 64°C - 60°C - 72°C - 75°C | Throttling: None - None - None - None - None - None - None - None
3566 (3920858 Gflops/s) - 3591 (3948346 Gflops/s) - 3454 (3797713 Gflops/s) - 3464 (3808708 Gflops/s) - 3532 (3883475 Gflops/s) - 3567 (3921957 Gflops/s) - 3461 (3805409 Gflops/s) - 3511 (3860385 Gflops/s) | Temperatures: 60°C - 63°C - 75°C - 72°C - 64°C - 60°C - 72°C - 75°C | Throttling: None - None - None - None - None - None - None - None
3586 (3942848 Gflops/s) - 3594 (3951644 Gflops/s) - 3468 (3813106 Gflops/s) - 3479 (3825200 Gflops/s) - 3545 (3897768 Gflops/s) - 3583 (3939550 Gflops/s) - 3477 (3823001 Gflops/s) - 3527 (3877977 Gflops/s) | Temperatures: 60°C - 63°C - 75°C - 72°C - 64°C - 60°C - 72°C - 75°C | Throttling: None - None - None - None - None - None - None - None
3559 (3913161 Gflops/s) - 3580 (3936251 Gflops/s) - 3440 (3782319 Gflops/s) - 3451 (3794414 Gflops/s) - 3529 (3880176 Gflops/s) - 3557 (3910962 Gflops/s) - 3451 (3794414 Gflops/s) - 3495 (3842793 Gflops/s) | Temperatures: 60°C - 63°C - 75°C - 72°C - 64°C - 60°C - 72°C - 75°C | Throttling: None - None - None - None - None - None - None - None
3572 (3927455 Gflops/s) - 3585 (3941749 Gflops/s) - 3451 (3794414 Gflops/s) - 3460 (3804310 Gflops/s) - 3524 (3874678 Gflops/s) - 3562 (3916460 Gflops/s) - 3460 (3804310 Gflops/s) - 3501 (3849390 Gflops/s) | Temperatures: 60°C - 64°C - 75°C - 72°C - 64°C - 60°C - 72°C - 75°C | Throttling: None - None - None - None - None - None - None - None
3581 (3937351 Gflops/s) - 3595 (3952744 Gflops/s) - 3458 (3802111 Gflops/s) - 3470 (3815305 Gflops/s) - 3536 (3887873 Gflops/s) - 3575 (3930754 Gflops/s) - 3469 (3814205 Gflops/s) - 3519 (3869181 Gflops/s) | Temperatures: 60°C - 63°C - 75°C - 72°C - 64°C - 60°C - 72°C - 75°C | Throttling: None - None - None - None - None - None - None - None
3568 (3923057 Gflops/s) - 3592 (3949445 Gflops/s) - 3453 (3796613 Gflops/s) - 3464 (3808708 Gflops/s) - 3542 (3894470 Gflops/s) - 3568 (3923057 Gflops/s) - 3464 (3808708 Gflops/s) - 3513 (3862584 Gflops/s) | Temperatures: 60°C - 63°C - 75°C - 72°C - 64°C - 60°C - 72°C - 75°C | Throttling: None - None - None - None - None - None - None - None
3647 (4009918 Gflops/s) - 3669 (4034108 Gflops/s) - 3530 (3881276 Gflops/s) - 3539 (3891171 Gflops/s) - 3610 (3969236 Gflops/s) - 3647 (4009918 Gflops/s) - 3537 (3888972 Gflops/s) - 3588 (3945047 Gflops/s) | Temperatures: 60°C - 63°C - 75°C - 72°C - 64°C - 60°C - 72°C - 74°C | Throttling: None - None - None - None - None - None - None - None
3849 (4232020 Gflops/s) - 3863 (4247413 Gflops/s) - 3717 (4086884 Gflops/s) - 3729 (4100078 Gflops/s) - 3797 (4174845 Gflops/s) - 3839 (4221025 Gflops/s) - 3732 (4103377 Gflops/s) - 3781 (4157253 Gflops/s) | Temperatures: 60°C - 63°C - 75°C - 72°C - 64°C - 60°C - 72°C - 74°C | Throttling: None - None - None - None - None - None - None - None
3855 (4238617 Gflops/s) - 3868 (4252910 Gflops/s) - 3721 (4091282 Gflops/s) - 3731 (4102277 Gflops/s) - 3804 (4182542 Gflops/s) - 3842 (4224323 Gflops/s) - 3732 (4103377 Gflops/s) - 3785 (4161651 Gflops/s) | Temperatures: 60°C - 63°C - 75°C - 72°C - 64°C - 60°C - 72°C - 74°C | Throttling: None - None - None - None - None - None - None - None
3840 (4222124 Gflops/s) - 3858 (4241915 Gflops/s) - 3719 (4089083 Gflops/s) - 3729 (4100078 Gflops/s) - 3799 (4177044 Gflops/s) - 3839 (4221025 Gflops/s) - 3732 (4103377 Gflops/s) - 3780 (4156153 Gflops/s) | Temperatures: 60°C - 63°C - 75°C - 72°C - 64°C - 60°C - 72°C - 74°C | Throttling: None - None - None - None - None - None - None - None
3852 (4235318 Gflops/s) - 3862 (4246313 Gflops/s) - 3720 (4090183 Gflops/s) - 3731 (4102277 Gflops/s) - 3812 (4191338 Gflops/s) - 3840 (4222124 Gflops/s) - 3733 (4104476 Gflops/s) - 3781 (4157253 Gflops/s) | Temperatures: 60°C - 63°C - 75°C - 72°C - 64°C - 60°C - 72°C - 74°C | Throttling: None - None - None - None - None - None - None - None
3849 (4232020 Gflops/s) - 3869 (4254010 Gflops/s) - 3724 (4094581 Gflops/s) - 3734 (4105576 Gflops/s) - 3805 (4183641 Gflops/s) - 3842 (4224323 Gflops/s) - 3736 (4107775 Gflops/s) - 3786 (4162751 Gflops/s) | Temperatures: 60°C - 63°C - 74°C - 72°C - 64°C - 60°C - 72°C - 74°C | Throttling: None - None - None - None - None - None - None - None
3851 (4234219 Gflops/s) - 3862 (4246313 Gflops/s) - 3718 (4087984 Gflops/s) - 3730 (4101178 Gflops/s) - 3804 (4182542 Gflops/s) - 3839 (4221025 Gflops/s) - 3732 (4103377 Gflops/s) - 3781 (4157253 Gflops/s) | Temperatures: 60°C - 63°C - 74°C - 72°C - 63°C - 60°C - 72°C - 74°C | Throttling: None - None - None - None - None - None - None - None
3853 (4236418 Gflops/s) - 3863 (4247413 Gflops/s) - 3720 (4090183 Gflops/s) - 3731 (4102277 Gflops/s) - 3801 (4179243 Gflops/s) - 3843 (4225423 Gflops/s) - 3732 (4103377 Gflops/s) - 3782 (4158352 Gflops/s) | Temperatures: 60°C - 63°C - 74°C - 72°C - 63°C - 60°C - 72°C - 74°C | Throttling: None - None - None - None - None - None - None - None
3859 (4243015 Gflops/s) - 3871 (4256209 Gflops/s) - 3725 (4095680 Gflops/s) - 3736 (4107775 Gflops/s) - 3803 (4181442 Gflops/s) - 3842 (4224323 Gflops/s) - 3737 (4108874 Gflops/s) - 3786 (4162751 Gflops/s) | Temperatures: 60°C - 63°C - 74°C - 71°C - 63°C - 60°C - 72°C - 74°C | Throttling: None - None - None - None - None - None - None - None
3853 (4236418 Gflops/s) - 3873 (4258408 Gflops/s) - 3723 (4093481 Gflops/s) - 3732 (4103377 Gflops/s) - 3805 (4183641 Gflops/s) - 3842 (4224323 Gflops/s) - 3733 (4104476 Gflops/s) - 3786 (4162751 Gflops/s) | Temperatures: 59°C - 63°C - 74°C - 71°C - 63°C - 60°C - 72°C - 74°C | Throttling: None - None - None - None - None - None - None - None
3853 (4236418 Gflops/s) - 3867 (4251811 Gflops/s) - 3721 (4091282 Gflops/s) - 3732 (4103377 Gflops/s) - 3813 (4192437 Gflops/s) - 3840 (4222124 Gflops/s) - 3733 (4104476 Gflops/s) - 3784 (4160551 Gflops/s) | Temperatures: 59°C - 63°C - 74°C - 71°C - 63°C - 60°C - 71°C - 74°C | Throttling: None - None - None - None - None - None - None - None
3852 (4235318 Gflops/s) - 3864 (4248512 Gflops/s) - 3720 (4090183 Gflops/s) - 3732 (4103377 Gflops/s) - 3805 (4183641 Gflops/s) - 3839 (4221025 Gflops/s) - 3731 (4102277 Gflops/s) - 3787 (4163850 Gflops/s) | Temperatures: 59°C - 63°C - 74°C - 71°C - 63°C - 60°C - 71°C - 74°C | Throttling: None - None - None - None - None - None - None - None
3853 (4236418 Gflops/s) - 3863 (4247413 Gflops/s) - 3723 (4093481 Gflops/s) - 3733 (4104476 Gflops/s) - 3802 (4180343 Gflops/s) - 3843 (4225423 Gflops/s) - 3734 (4105576 Gflops/s) - 3788 (4164950 Gflops/s) | Temperatures: 59°C - 63°C - 74°C - 71°C - 63°C - 60°C - 71°C - 74°C | Throttling: None - None - None - None - None - None - None - None
3861 (4245214 Gflops/s) - 3874 (4259508 Gflops/s) - 3727 (4097879 Gflops/s) - 3736 (4107775 Gflops/s) - 3811 (4190238 Gflops/s) - 3844 (4226522 Gflops/s) - 3737 (4108874 Gflops/s) - 3790 (4167149 Gflops/s) | Temperatures: 59°C - 63°C - 74°C - 71°C - 63°C - 60°C - 71°C - 74°C | Throttling: None - None - None - None - None - None - None - None
3858 (4241915 Gflops/s) - 3868 (4252910 Gflops/s) - 3723 (4093481 Gflops/s) - 3732 (4103377 Gflops/s) - 3796 (4173746 Gflops/s) - 3839 (4221025 Gflops/s) - 3734 (4105576 Gflops/s) - 3789 (4166049 Gflops/s) | Temperatures: 59°C - 63°C - 74°C - 71°C - 63°C - 60°C - 71°C - 74°C | Throttling: None - None - None - None - None - None - None - None
3853 (4236418 Gflops/s) - 3870 (4255109 Gflops/s) - 3723 (4093481 Gflops/s) - 3732 (4103377 Gflops/s) - 3819 (4199034 Gflops/s) - 3842 (4224323 Gflops/s) - 3732 (4103377 Gflops/s) - 3788 (4164950 Gflops/s) | Temperatures: 59°C - 63°C - 74°C - 71°C - 63°C - 60°C - 71°C - 74°C | Throttling: None - None - None - None - None - None - None - None
3853 (4236418 Gflops/s) - 3867 (4251811 Gflops/s) - 3726 (4096780 Gflops/s) - 3734 (4105576 Gflops/s) - 3815 (4194636 Gflops/s) - 3839 (4221025 Gflops/s) - 3734 (4105576 Gflops/s) - 3791 (4168248 Gflops/s) | Temperatures: 59°C - 63°C - 74°C - 71°C - 63°C - 59°C - 71°C - 74°C | Throttling: None - None - None - None - None - None - None - None
3856 (4239716 Gflops/s) - 3870 (4255109 Gflops/s) - 3725 (4095680 Gflops/s) - 3733 (4104476 Gflops/s) - 3799 (4177044 Gflops/s) - 3840 (4222124 Gflops/s) - 3733 (4104476 Gflops/s) - 3794 (4171547 Gflops/s) | Temperatures: 59°C - 63°C - 74°C - 71°C - 63°C - 59°C - 71°C - 73°C | Throttling: None - None - None - None - None - None - None - None
3861 (4245214 Gflops/s) - 3869 (4254010 Gflops/s) - 3727 (4097879 Gflops/s) - 3737 (4108874 Gflops/s) - 3798 (4175945 Gflops/s) - 3847 (4229821 Gflops/s) - 3738 (4109974 Gflops/s) - 3799 (4177044 Gflops/s) | Temperatures: 59°C - 63°C - 74°C - 71°C - 63°C - 60°C - 71°C - 73°C | Throttling: None - None - None - None - None - None - None - None
3855 (4238617 Gflops/s) - 3865 (4249612 Gflops/s) - 3727 (4097879 Gflops/s) - 3748 (4120969 Gflops/s) - 3799 (4177044 Gflops/s) - 3839 (4221025 Gflops/s) - 3733 (4104476 Gflops/s) - 3792 (4169348 Gflops/s) | Temperatures: 59°C - 63°C - 74°C - 71°C - 63°C - 59°C - 71°C - 73°C | Throttling: None - None - None - None - None - None - None - None
3776 (4151755 Gflops/s) - 3785 (4161651 Gflops/s) - 3641 (4003321 Gflops/s) - 3665 (4029710 Gflops/s) - 3720 (4090183 Gflops/s) - 3755 (4128666 Gflops/s) - 3650 (4013217 Gflops/s) - 3708 (4076989 Gflops/s) | Temperatures: 59°C - 62°C - 74°C - 71°C - 63°C - 59°C - 71°C - 73°C | Throttling: None - None - None - None - None - None - None - None
3548 (3901067 Gflops/s) - 3554 (3907664 Gflops/s) - 3424 (3764727 Gflops/s) - 3442 (3784519 Gflops/s) - 3498 (3846091 Gflops/s) - 3529 (3880176 Gflops/s) - 3433 (3774623 Gflops/s) - 3487 (3833997 Gflops/s) | Temperatures: 59°C - 62°C - 74°C - 71°C - 63°C - 59°C - 71°C - 73°C | Throttling: None - None - None - None - None - None - None - None
3555 (3908763 Gflops/s) - 3570 (3925256 Gflops/s) - 3439 (3781220 Gflops/s) - 3461 (3805409 Gflops/s) - 3510 (3859285 Gflops/s) - 3546 (3898868 Gflops/s) - 3442 (3784519 Gflops/s) - 3504 (3852688 Gflops/s) | Temperatures: 59°C - 63°C - 74°C - 71°C - 63°C - 59°C - 71°C - 73°C | Throttling: None - None - None - None - None - None - None - None
3549 (3902166 Gflops/s) - 3557 (3910962 Gflops/s) - 3428 (3769125 Gflops/s) - 3450 (3793315 Gflops/s) - 3506 (3854887 Gflops/s) - 3533 (3884574 Gflops/s) - 3433 (3774623 Gflops/s) - 3492 (3839494 Gflops/s) | Temperatures: 59°C - 62°C - 74°C - 71°C - 63°C - 59°C - 71°C - 73°C | Throttling: None - None - None - None - None - None - None - None
3552 (3905465 Gflops/s) - 3561 (3915360 Gflops/s) - 3431 (3772424 Gflops/s) - 3454 (3797713 Gflops/s) - 3524 (3874678 Gflops/s) - 3535 (3886773 Gflops/s) - 3438 (3780120 Gflops/s) - 3492 (3839494 Gflops/s) | Temperatures: 59°C - 62°C - 74°C - 71°C - 63°C - 59°C - 71°C - 73°C | Throttling: None - None - None - None - None - None - None - None
3555 (3908763 Gflops/s) - 3568 (3923057 Gflops/s) - 3434 (3775722 Gflops/s) - 3458 (3802111 Gflops/s) - 3518 (3868081 Gflops/s) - 3537 (3888972 Gflops/s) - 3439 (3781220 Gflops/s) - 3497 (3844992 Gflops/s) | Temperatures: 59°C - 62°C - 74°C - 71°C - 63°C - 59°C - 71°C - 73°C | Throttling: None - None - None - None - None - None - None - None
3551 (3904365 Gflops/s) - 3564 (3918659 Gflops/s) - 3433 (3774623 Gflops/s) - 3455 (3798812 Gflops/s) - 3505 (3853788 Gflops/s) - 3536 (3887873 Gflops/s) - 3437 (3779021 Gflops/s) - 3490 (3837295 Gflops/s) | Temperatures: 59°C - 62°C - 74°C - 71°C - 63°C - 59°C - 71°C - 73°C | Throttling: None - None - None - None - None - None - None - None
3598 (3956042 Gflops/s) - 3607 (3965938 Gflops/s) - 3480 (3826300 Gflops/s) - 3504 (3852688 Gflops/s) - 3546 (3898868 Gflops/s) - 3587 (3943948 Gflops/s) - 3486 (3832897 Gflops/s) - 3549 (3902166 Gflops/s) | Temperatures: 59°C - 62°C - 74°C - 71°C - 63°C - 59°C - 71°C - 73°C | Throttling: None - None - None - None - None - None - None - None
3504 (3852688 Gflops/s) - 3518 (3868081 Gflops/s) - 3387 (3724045 Gflops/s) - 3409 (3748235 Gflops/s) - 3457 (3801011 Gflops/s) - 3491 (3838395 Gflops/s) - 3391 (3728443 Gflops/s) - 3447 (3790016 Gflops/s) | Temperatures: 59°C - 63°C - 74°C - 71°C - 63°C - 59°C - 71°C - 73°C | Throttling: None - None - None - None - None - None - None - None
3547 (3899967 Gflops/s) - 3559 (3913161 Gflops/s) - 3429 (3770225 Gflops/s) - 3451 (3794414 Gflops/s) - 3498 (3846091 Gflops/s) - 3535 (3886773 Gflops/s) - 3432 (3773523 Gflops/s) - 3485 (3831798 Gflops/s) | Temperatures: 59°C - 63°C - 73°C - 71°C - 63°C - 59°C - 71°C - 73°C | Throttling: None - None - None - None - None - None - None - None
3562 (3916460 Gflops/s) - 3558 (3912062 Gflops/s) - 3443 (3785618 Gflops/s) - 3462 (3806509 Gflops/s) - 3516 (3865882 Gflops/s) - 3543 (3895569 Gflops/s) - 3443 (3785618 Gflops/s) - 3500 (3848290 Gflops/s) | Temperatures: 59°C - 62°C - 73°C - 71°C - 63°C - 59°C - 71°C - 73°C | Throttling: None - None - None - None - None - None - None - None
3545 (3897768 Gflops/s) - 3556 (3909863 Gflops/s) - 3433 (3774623 Gflops/s) - 3452 (3795514 Gflops/s) - 3512 (3861484 Gflops/s) - 3534 (3885674 Gflops/s) - 3432 (3773523 Gflops/s) - 3488 (3835096 Gflops/s) | Temperatures: 59°C - 62°C - 73°C - 71°C - 63°C - 59°C - 71°C - 73°C | Throttling: None - None - None - None - None - None - None - None
3550 (3903266 Gflops/s) - 3555 (3908763 Gflops/s) - 3432 (3773523 Gflops/s) - 3454 (3797713 Gflops/s) - 3494 (3841693 Gflops/s) - 3534 (3885674 Gflops/s) - 3433 (3774623 Gflops/s) - 3491 (3838395 Gflops/s) | Temperatures: 59°C - 62°C - 73°C - 71°C - 63°C - 59°C - 71°C - 73°C | Throttling: None - None - None - None - None - None - None - None
3563 (3917559 Gflops/s) - 3565 (3919758 Gflops/s) - 3442 (3784519 Gflops/s) - 3456 (3799912 Gflops/s) - 3512 (3861484 Gflops/s) - 3541 (3893370 Gflops/s) - 3442 (3784519 Gflops/s) - 3508 (3857086 Gflops/s) | Temperatures: 59°C - 62°C - 73°C - 71°C - 63°C - 59°C - 71°C - 73°C | Throttling: None - None - None - None - None - None - None - None
3553 (3906564 Gflops/s) - 3558 (3912062 Gflops/s) - 3435 (3776822 Gflops/s) - 3452 (3795514 Gflops/s) - 3489 (3836196 Gflops/s) - 3529 (3880176 Gflops/s) - 3432 (3773523 Gflops/s) - 3491 (3838395 Gflops/s) | Temperatures: 59°C - 62°C - 73°C - 70°C - 63°C - 59°C - 71°C - 73°C | Throttling: None - None - None - None - None - None - None - None
3600 (3958241 Gflops/s) - 3614 (3973635 Gflops/s) - 3487 (3833997 Gflops/s) - 3505 (3853788 Gflops/s) - 3557 (3910962 Gflops/s) - 3588 (3945047 Gflops/s) - 3485 (3831798 Gflops/s) - 3551 (3904365 Gflops/s) | Temperatures: 59°C - 62°C - 73°C - 71°C - 63°C - 59°C - 71°C - 73°C | Throttling: None - None - None - None - None - None - None - None
3508 (3857086 Gflops/s) - 3517 (3866982 Gflops/s) - 3396 (3733941 Gflops/s) - 3413 (3752633 Gflops/s) - 3459 (3803210 Gflops/s) - 3490 (3837295 Gflops/s) - 3394 (3731742 Gflops/s) - 3458 (3802111 Gflops/s) | Temperatures: 59°C - 62°C - 73°C - 70°C - 63°C - 59°C - 71°C - 73°C | Throttling: None - None - None - None - None - None - None - None
3547 (3899967 Gflops/s) - 3561 (3915360 Gflops/s) - 3433 (3774623 Gflops/s) - 3452 (3795514 Gflops/s) - 3505 (3853788 Gflops/s) - 3531 (3882375 Gflops/s) - 3432 (3773523 Gflops/s) - 3496 (3843892 Gflops/s) | Temperatures: 59°C - 62°C - 73°C - 70°C - 63°C - 59°C - 71°C - 73°C | Throttling: None - None - None - None - None - None - None - None
3555 (3908763 Gflops/s) - 3562 (3916460 Gflops/s) - 3442 (3784519 Gflops/s) - 3455 (3798812 Gflops/s) - 3521 (3871380 Gflops/s) - 3542 (3894470 Gflops/s) - 3439 (3781220 Gflops/s) - 3499 (3847191 Gflops/s) | Temperatures: 59°C - 62°C - 73°C - 70°C - 63°C - 59°C - 71°C - 73°C | Throttling: None - None - None - None - None - None - None - None
3554 (3907664 Gflops/s) - 3559 (3913161 Gflops/s) - 3438 (3780120 Gflops/s) - 3456 (3799912 Gflops/s) - 3500 (3848290 Gflops/s) - 3536 (3887873 Gflops/s) - 3436 (3777921 Gflops/s) - 3498 (3846091 Gflops/s) | Temperatures: 59°C - 62°C - 73°C - 70°C - 63°C - 59°C - 71°C - 73°C | Throttling: None - None - None - None - None - None - None - None
3549 (3902166 Gflops/s) - 3558 (3912062 Gflops/s) - 3435 (3776822 Gflops/s) - 3454 (3797713 Gflops/s) - 3506 (3854887 Gflops/s) - 3532 (3883475 Gflops/s) - 3433 (3774623 Gflops/s) - 3500 (3848290 Gflops/s) | Temperatures: 59°C - 62°C - 73°C - 70°C - 63°C - 59°C - 71°C - 73°C | Throttling: None - None - None - None - None - None - None - None
3555 (3908763 Gflops/s) - 3570 (3925256 Gflops/s) - 3445 (3787817 Gflops/s) - 3462 (3806509 Gflops/s) - 3513 (3862584 Gflops/s) - 3545 (3897768 Gflops/s) - 3443 (3785618 Gflops/s) - 3500 (3848290 Gflops/s) | Temperatures: 59°C - 62°C - 73°C - 70°C - 63°C - 59°C - 70°C - 73°C | Throttling: None - None - None - None - None - None - None - None
3545 (3897768 Gflops/s) - 3558 (3912062 Gflops/s) - 3434 (3775722 Gflops/s) - 3453 (3796613 Gflops/s) - 3513 (3862584 Gflops/s) - 3535 (3886773 Gflops/s) - 3432 (3773523 Gflops/s) - 3497 (3844992 Gflops/s) | Temperatures: 59°C - 62°C - 73°C - 70°C - 63°C - 59°C - 70°C - 73°C | Throttling: None - None - None - None - None - None - None - None
3601 (3959341 Gflops/s) - 3612 (3971435 Gflops/s) - 3487 (3833997 Gflops/s) - 3506 (3854887 Gflops/s) - 3550 (3903266 Gflops/s) - 3583 (3939550 Gflops/s) - 3485 (3831798 Gflops/s) - 3541 (3893370 Gflops/s) | Temperatures: 59°C - 62°C - 73°C - 70°C - 63°C - 59°C - 70°C - 73°C | Throttling: None - None - None - None - None - None - None - None
3510 (3859285 Gflops/s) - 3517 (3866982 Gflops/s) - 3398 (3736140 Gflops/s) - 3412 (3751533 Gflops/s) - 3451 (3794414 Gflops/s) - 3497 (3844992 Gflops/s) - 3394 (3731742 Gflops/s) - 3455 (3798812 Gflops/s) | Temperatures: 59°C - 62°C - 73°C - 70°C - 63°C - 59°C - 70°C - 73°C | Throttling: None - None - None - None - None - None - None - None
3551 (3904365 Gflops/s) - 3557 (3910962 Gflops/s) - 3434 (3775722 Gflops/s) - 3454 (3797713 Gflops/s) - 3502 (3850489 Gflops/s) - 3531 (3882375 Gflops/s) - 3432 (3773523 Gflops/s) - 3493 (3840594 Gflops/s) | Temperatures: 59°C - 62°C - 73°C - 70°C - 63°C - 59°C - 70°C - 73°C | Throttling: None - None - None - None - None - None - None - None
3554 (3907664 Gflops/s) - 3563 (3917559 Gflops/s) - 3440 (3782319 Gflops/s) - 3460 (3804310 Gflops/s) - 3506 (3854887 Gflops/s) - 3539 (3891171 Gflops/s) - 3439 (3781220 Gflops/s) - 3503 (3851589 Gflops/s) | Temperatures: 59°C - 62°C - 73°C - 70°C - 63°C - 59°C - 70°C - 73°C | Throttling: None - None - None - None - None - None - None - None
3555 (3908763 Gflops/s) - 3562 (3916460 Gflops/s) - 3438 (3780120 Gflops/s) - 3456 (3799912 Gflops/s) - 3520 (3870280 Gflops/s) - 3535 (3886773 Gflops/s) - 3435 (3776822 Gflops/s) - 3496 (3843892 Gflops/s) | Temperatures: 59°C - 62°C - 73°C - 70°C - 63°C - 59°C - 70°C - 73°C | Throttling: None - None - None - None - None - None - None - None
3557 (3910962 Gflops/s) - 3562 (3916460 Gflops/s) - 3438 (3780120 Gflops/s) - 3456 (3799912 Gflops/s) - 3503 (3851589 Gflops/s) - 3536 (3887873 Gflops/s) - 3435 (3776822 Gflops/s) - 3500 (3848290 Gflops/s) | Temperatures: 59°C - 62°C - 73°C - 70°C - 63°C - 59°C - 70°C - 73°C | Throttling: None - None - None - None - None - None - None - None
3558 (3912062 Gflops/s) - 3566 (3920858 Gflops/s) - 3444 (3786718 Gflops/s) - 3462 (3806509 Gflops/s) - 3512 (3861484 Gflops/s) - 3543 (3895569 Gflops/s) - 3441 (3783419 Gflops/s) - 3504 (3852688 Gflops/s) | Temperatures: 59°C - 62°C - 73°C - 70°C - 63°C - 59°C - 70°C - 73°C | Throttling: None - None - None - None - None - None - None - None
3544 (3896669 Gflops/s) - 3563 (3917559 Gflops/s) - 3437 (3779021 Gflops/s) - 3455 (3798812 Gflops/s) - 3495 (3842793 Gflops/s) - 3532 (3883475 Gflops/s) - 3434 (3775722 Gflops/s) - 3492 (3839494 Gflops/s) | Temperatures: 59°C - 62°C - 73°C - 70°C - 63°C - 59°C - 70°C - 73°C | Throttling: None - None - None - None - None - None - None - None
3605 (3963739 Gflops/s) - 3607 (3965938 Gflops/s) - 3486 (3832897 Gflops/s) - 3505 (3853788 Gflops/s) - 3562 (3916460 Gflops/s) - 3588 (3945047 Gflops/s) - 3484 (3830698 Gflops/s) - 3547 (3899967 Gflops/s) | Temperatures: 59°C - 62°C - 73°C - 70°C - 63°C - 59°C - 70°C - 73°C | Throttling: None - None - None - None - None - None - None - None
3513 (3862584 Gflops/s) - 3517 (3866982 Gflops/s) - 3396 (3733941 Gflops/s) - 3415 (3754832 Gflops/s) - 3476 (3821902 Gflops/s) - 3492 (3839494 Gflops/s) - 3393 (3730642 Gflops/s) - 3456 (3799912 Gflops/s) | Temperatures: 59°C - 62°C - 73°C - 70°C - 63°C - 59°C - 70°C - 73°C | Throttling: None - None - None - None - None - None - None - None
3546 (3898868 Gflops/s) - 3555 (3908763 Gflops/s) - 3433 (3774623 Gflops/s) - 3451 (3794414 Gflops/s) - 3502 (3850489 Gflops/s) - 3529 (3880176 Gflops/s) - 3431 (3772424 Gflops/s) - 3493 (3840594 Gflops/s) | Temperatures: 59°C - 62°C - 73°C - 70°C - 63°C - 59°C - 70°C - 73°C | Throttling: None - None - None - None - None - None - None - None
3563 (3917559 Gflops/s) - 3573 (3928555 Gflops/s) - 3446 (3788917 Gflops/s) - 3467 (3812006 Gflops/s) - 3516 (3865882 Gflops/s) - 3543 (3895569 Gflops/s) - 3446 (3788917 Gflops/s) - 3510 (3859285 Gflops/s) | Temperatures: 59°C - 62°C - 73°C - 70°C - 63°C - 59°C - 70°C - 73°C | Throttling: None - None - None - None - None - None - None - None
3548 (3901067 Gflops/s) - 3559 (3913161 Gflops/s) - 3435 (3776822 Gflops/s) - 3452 (3795514 Gflops/s) - 3498 (3846091 Gflops/s) - 3532 (3883475 Gflops/s) - 3431 (3772424 Gflops/s) - 3487 (3833997 Gflops/s) | Temperatures: 59°C - 62°C - 73°C - 70°C - 63°C - 59°C - 70°C - 73°C | Throttling: None - None - None - None - None - None - None - None
3552 (3905465 Gflops/s) - 3561 (3915360 Gflops/s) - 3438 (3780120 Gflops/s) - 3457 (3801011 Gflops/s) - 3515 (3864783 Gflops/s) - 3538 (3890072 Gflops/s) - 3437 (3779021 Gflops/s) - 3499 (3847191 Gflops/s) | Temperatures: 59°C - 62°C - 73°C - 70°C - 63°C - 59°C - 70°C - 73°C | Throttling: None - None - None - None - None - None - None - None
3559 (3913161 Gflops/s) - 3566 (3920858 Gflops/s) - 3444 (3786718 Gflops/s) - 3458 (3802111 Gflops/s) - 3511 (3860385 Gflops/s) - 3539 (3891171 Gflops/s) - 3441 (3783419 Gflops/s) - 3500 (3848290 Gflops/s) | Temperatures: 59°C - 62°C - 73°C - 70°C - 63°C - 59°C - 70°C - 73°C | Throttling: None - None - None - None - None - None - None - None
3550 (3903266 Gflops/s) - 3562 (3916460 Gflops/s) - 3438 (3780120 Gflops/s) - 3456 (3799912 Gflops/s) - 3512 (3861484 Gflops/s) - 3534 (3885674 Gflops/s) - 3434 (3775722 Gflops/s) - 3496 (3843892 Gflops/s) | Temperatures: 59°C - 63°C - 73°C - 70°C - 63°C - 59°C - 70°C - 73°C | Throttling: None - None - None - None - None - None - None - None
3610 (3969236 Gflops/s) - 3616 (3975834 Gflops/s) - 3490 (3837295 Gflops/s) - 3509 (3858186 Gflops/s) - 3559 (3913161 Gflops/s) - 3586 (3942848 Gflops/s) - 3487 (3833997 Gflops/s) - 3549 (3902166 Gflops/s) | Temperatures: 59°C - 62°C - 73°C - 70°C - 63°C - 59°C - 70°C - 73°C | Throttling: None - None - None - None - None - None - None - None
3523 (3873579 Gflops/s) - 3537 (3888972 Gflops/s) - 3411 (3750434 Gflops/s) - 3431 (3772424 Gflops/s) - 3483 (3829598 Gflops/s) - 3509 (3858186 Gflops/s) - 3411 (3750434 Gflops/s) - 3471 (3816404 Gflops/s) | Temperatures: 59°C - 62°C - 73°C - 70°C - 63°C - 59°C - 70°C - 73°C | Throttling: None - None - None - None - None - None - None - None
3600 (3958241 Gflops/s) - 3606 (3964838 Gflops/s) - 3483 (3829598 Gflops/s) - 3500 (3848290 Gflops/s) - 3562 (3916460 Gflops/s) - 3579 (3935152 Gflops/s) - 3479 (3825200 Gflops/s) - 3544 (3896669 Gflops/s) | Temperatures: 59°C - 62°C - 73°C - 70°C - 63°C - 59°C - 70°C - 73°C | Throttling: None - None - None - None - None - None - None - None
3597 (3954943 Gflops/s) - 3613 (3972535 Gflops/s) - 3483 (3829598 Gflops/s) - 3502 (3850489 Gflops/s) - 3545 (3897768 Gflops/s) - 3582 (3938450 Gflops/s) - 3480 (3826300 Gflops/s) - 3550 (3903266 Gflops/s) | Temperatures: 59°C - 62°C - 73°C - 70°C - 63°C - 59°C - 70°C - 73°C | Throttling: None - None - None - None - None - None - None - None
3596 (3953843 Gflops/s) - 3608 (3967037 Gflops/s) - 3482 (3828499 Gflops/s) - 3500 (3848290 Gflops/s) - 3557 (3910962 Gflops/s) - 3583 (3939550 Gflops/s) - 3478 (3824101 Gflops/s) - 3548 (3901067 Gflops/s) | Temperatures: 59°C - 62°C - 73°C - 70°C - 63°C - 59°C - 70°C - 73°C | Throttling: None - None - None - None - None - None - None - None
3595 (3952744 Gflops/s) - 3610 (3969236 Gflops/s) - 3482 (3828499 Gflops/s) - 3500 (3848290 Gflops/s) - 3553 (3906564 Gflops/s) - 3580 (3936251 Gflops/s) - 3479 (3825200 Gflops/s) - 3544 (3896669 Gflops/s) | Temperatures: 59°C - 62°C - 73°C - 70°C - 63°C - 59°C - 70°C - 73°C | Throttling: None - None - None - None - None - None - None - None
3598 (3956042 Gflops/s) - 3608 (3967037 Gflops/s) - 3483 (3829598 Gflops/s) - 3501 (3849390 Gflops/s) - 3548 (3901067 Gflops/s) - 3578 (3934052 Gflops/s) - 3481 (3827399 Gflops/s) - 3544 (3896669 Gflops/s) | Temperatures: 59°C - 62°C - 73°C - 70°C - 63°C - 59°C - 70°C - 73°C | Throttling: None - None - None - None - None - None - None - None
3946 (4338672 Gflops/s) - 3947 (4339772 Gflops/s) - 3813 (4192437 Gflops/s) - 3836 (4217726 Gflops/s) - 3884 (4270503 Gflops/s) - 3921 (4311185 Gflops/s) - 3812 (4191338 Gflops/s) - 3884 (4270503 Gflops/s) | Temperatures: 59°C - 62°C - 73°C - 70°C - 63°C - 59°C - 70°C - 73°C | Throttling: None - None - None - None - None - None - None - None
3960 (4354066 Gflops/s) - 3968 (4362862 Gflops/s) - 3835 (4216627 Gflops/s) - 3853 (4236418 Gflops/s) - 3905 (4293592 Gflops/s) - 3937 (4328777 Gflops/s) - 3833 (4214428 Gflops/s) - 3902 (4290294 Gflops/s) | Temperatures: 59°C - 62°C - 73°C - 70°C - 63°C - 59°C - 70°C - 73°C | Throttling: None - None - None - None - None - None - None - None
3962 (4356265 Gflops/s) - 3967 (4361762 Gflops/s) - 3829 (4210030 Gflops/s) - 3849 (4232020 Gflops/s) - 3901 (4289194 Gflops/s) - 3938 (4329876 Gflops/s) - 3828 (4208930 Gflops/s) - 3897 (4284796 Gflops/s) | Temperatures: 59°C - 62°C - 73°C - 70°C - 63°C - 59°C - 70°C - 73°C | Throttling: None - None - None - None - None - None - None - None
3959 (4352966 Gflops/s) - 3964 (4358464 Gflops/s) - 3830 (4211129 Gflops/s) - 3848 (4230920 Gflops/s) - 3902 (4290294 Gflops/s) - 3939 (4330976 Gflops/s) - 3829 (4210030 Gflops/s) - 3892 (4279299 Gflops/s) | Temperatures: 59°C - 62°C - 73°C - 70°C - 63°C - 59°C - 70°C - 73°C | Throttling: None - None - None - None - None - None - None - None
3955 (4348568 Gflops/s) - 3966 (4360663 Gflops/s) - 3830 (4211129 Gflops/s) - 3848 (4230920 Gflops/s) - 3906 (4294692 Gflops/s) - 3943 (4335374 Gflops/s) - 3827 (4207830 Gflops/s) - 3895 (4282597 Gflops/s) | Temperatures: 59°C - 62°C - 73°C - 70°C - 63°C - 59°C - 70°C - 73°C | Throttling: None - None - None - None - None - None - None - None
3957 (4350767 Gflops/s) - 3968 (4362862 Gflops/s) - 3831 (4212229 Gflops/s) - 3852 (4235318 Gflops/s) - 3912 (4301289 Gflops/s) - 3936 (4327677 Gflops/s) - 3828 (4208930 Gflops/s) - 3894 (4281498 Gflops/s) | Temperatures: 59°C - 62°C - 73°C - 70°C - 63°C - 59°C - 70°C - 73°C | Throttling: None - None - None - None - None - None - None - None
3964 (4358464 Gflops/s) - 3974 (4369459 Gflops/s) - 3833 (4214428 Gflops/s) - 3853 (4236418 Gflops/s) - 3914 (4303488 Gflops/s) - 3943 (4335374 Gflops/s) - 3829 (4210030 Gflops/s) - 3901 (4289194 Gflops/s) | Temperatures: 59°C - 62°C - 73°C - 70°C - 63°C - 59°C - 70°C - 73°C | Throttling: None - None - None - None - None - None - None - None
3956 (4349667 Gflops/s) - 3967 (4361762 Gflops/s) - 3830 (4211129 Gflops/s) - 3852 (4235318 Gflops/s) - 3909 (4297990 Gflops/s) - 3941 (4333175 Gflops/s) - 3826 (4206731 Gflops/s) - 3896 (4283697 Gflops/s) | Temperatures: 59°C - 62°C - 73°C - 70°C - 63°C - 59°C - 70°C - 73°C | Throttling: None - None - None - None - None - None - None - None
3955 (4348568 Gflops/s) - 3966 (4360663 Gflops/s) - 3830 (4211129 Gflops/s) - 3850 (4233119 Gflops/s) - 3909 (4297990 Gflops/s) - 3938 (4329876 Gflops/s) - 3826 (4206731 Gflops/s) - 3899 (4286995 Gflops/s) | Temperatures: 59°C - 62°C - 73°C - 70°C - 63°C - 59°C - 70°C - 73°C | Throttling: None - None - None - None - None - None - None - None
3962 (4356265 Gflops/s) - 3969 (4363961 Gflops/s) - 3833 (4214428 Gflops/s) - 3852 (4235318 Gflops/s) - 3907 (4295791 Gflops/s) - 3943 (4335374 Gflops/s) - 3830 (4211129 Gflops/s) - 3900 (4288095 Gflops/s) | Temperatures: 59°C - 62°C - 73°C - 70°C - 63°C - 59°C - 70°C - 73°C | Throttling: None - None - None - None - None - None - None - None
3960 (4354066 Gflops/s) - 3969 (4363961 Gflops/s) - 3830 (4211129 Gflops/s) - 3850 (4233119 Gflops/s) - 3908 (4296891 Gflops/s) - 3937 (4328777 Gflops/s) - 3826 (4206731 Gflops/s) - 3900 (4288095 Gflops/s) | Temperatures: 59°C - 62°C - 73°C - 70°C - 63°C - 59°C - 70°C - 73°C | Throttling: None - None - None - None - None - None - None - None
3959 (4352966 Gflops/s) - 3969 (4363961 Gflops/s) - 3830 (4211129 Gflops/s) - 3849 (4232020 Gflops/s) - 3908 (4296891 Gflops/s) - 3934 (4325478 Gflops/s) - 3826 (4206731 Gflops/s) - 3901 (4289194 Gflops/s) | Temperatures: 59°C - 62°C - 73°C - 70°C - 63°C - 59°C - 70°C - 73°C | Throttling: None - None - None - None - None - None - None - None
3968 (4362862 Gflops/s) - 3971 (4366160 Gflops/s) - 3834 (4215527 Gflops/s) - 3854 (4237517 Gflops/s) - 3902 (4290294 Gflops/s) - 3943 (4335374 Gflops/s) - 3831 (4212229 Gflops/s) - 3902 (4290294 Gflops/s) | Temperatures: 59°C - 62°C - 73°C - 70°C - 63°C - 59°C - 70°C - 73°C | Throttling: None - None - None - None - None - None - None - None
3954 (4347468 Gflops/s) - 3967 (4361762 Gflops/s) - 3831 (4212229 Gflops/s) - 3851 (4234219 Gflops/s) - 3906 (4294692 Gflops/s) - 3941 (4333175 Gflops/s) - 3828 (4208930 Gflops/s) - 3900 (4288095 Gflops/s) | Temperatures: 59°C - 62°C - 73°C - 70°C - 63°C - 59°C - 70°C - 73°C | Throttling: None - None - None - None - None - None - None - None
3955 (4348568 Gflops/s) - 3972 (4367260 Gflops/s) - 3829 (4210030 Gflops/s) - 3849 (4232020 Gflops/s) - 3911 (4300189 Gflops/s) - 3937 (4328777 Gflops/s) - 3826 (4206731 Gflops/s) - 3902 (4290294 Gflops/s) | Temperatures: 59°C - 62°C - 73°C - 70°C - 63°C - 59°C - 70°C - 73°C | Throttling: None - None - None - None - None - None - None - None
3963 (4357364 Gflops/s) - 3974 (4369459 Gflops/s) - 3833 (4214428 Gflops/s) - 3853 (4236418 Gflops/s) - 3914 (4303488 Gflops/s) - 3947 (4339772 Gflops/s) - 3833 (4214428 Gflops/s) - 3901 (4289194 Gflops/s) | Temperatures: 59°C - 62°C - 73°C - 70°C - 63°C - 59°C - 70°C - 73°C | Throttling: None - None - None - None - None - None - None - None
3964 (4358464 Gflops/s) - 3965 (4359563 Gflops/s) - 3830 (4211129 Gflops/s) - 3851 (4234219 Gflops/s) - 3901 (4289194 Gflops/s) - 3942 (4334274 Gflops/s) - 3826 (4206731 Gflops/s) - 3898 (4285896 Gflops/s) | Temperatures: 59°C - 62°C - 73°C - 70°C - 63°C - 59°C - 70°C - 73°C | Throttling: None - None - None - None - None - None - None - None
3954 (4347468 Gflops/s) - 3966 (4360663 Gflops/s) - 3830 (4211129 Gflops/s) - 3849 (4232020 Gflops/s) - 3906 (4294692 Gflops/s) - 3934 (4325478 Gflops/s) - 3829 (4210030 Gflops/s) - 3897 (4284796 Gflops/s) | Temperatures: 59°C - 62°C - 73°C - 70°C - 63°C - 59°C - 70°C - 73°C | Throttling: None - None - None - None - None - None - None - None
3954 (4347468 Gflops/s) - 3964 (4358464 Gflops/s) - 3830 (4211129 Gflops/s) - 3851 (4234219 Gflops/s) - 3906 (4294692 Gflops/s) - 3937 (4328777 Gflops/s) - 3830 (4211129 Gflops/s) - 3901 (4289194 Gflops/s) | Temperatures: 59°C - 62°C - 73°C - 70°C - 63°C - 59°C - 70°C - 73°C | Throttling: None - None - None - None - None - None - None - None
3806 (4184741 Gflops/s) - 3817 (4196835 Gflops/s) - 3687 (4053899 Gflops/s) - 3706 (4074790 Gflops/s) - 3764 (4138561 Gflops/s) - 3790 (4167149 Gflops/s) - 3683 (4049501 Gflops/s) - 3752 (4125367 Gflops/s) | Temperatures: 59°C - 62°C - 73°C - 70°C - 63°C - 59°C - 70°C - 73°C | Throttling: None - None - None - None - None - None - None - None
3580 (3936251 Gflops/s) - 3590 (3947246 Gflops/s) - 3465 (3809807 Gflops/s) - 3482 (3828499 Gflops/s) - 3544 (3896669 Gflops/s) - 3571 (3926356 Gflops/s) - 3462 (3806509 Gflops/s) - 3528 (3879077 Gflops/s) | Temperatures: 59°C - 62°C - 73°C - 70°C - 63°C - 59°C - 70°C - 73°C | Throttling: None - None - None - None - None - None - None - None
3573 (3928555 Gflops/s) - 3584 (3940649 Gflops/s) - 3461 (3805409 Gflops/s) - 3479 (3825200 Gflops/s) - 3525 (3875778 Gflops/s) - 3559 (3913161 Gflops/s) - 3460 (3804310 Gflops/s) - 3519 (3869181 Gflops/s) | Temperatures: 59°C - 62°C - 73°C - 70°C - 63°C - 59°C - 70°C - 73°C | Throttling: None - None - None - None - None - None - None - None
3572 (3927455 Gflops/s) - 3584 (3940649 Gflops/s) - 3459 (3803210 Gflops/s) - 3477 (3823001 Gflops/s) - 3541 (3893370 Gflops/s) - 3560 (3914261 Gflops/s) - 3458 (3802111 Gflops/s) - 3519 (3869181 Gflops/s) | Temperatures: 59°C - 62°C - 73°C - 70°C - 63°C - 59°C - 70°C - 73°C | Throttling: None - None - None - None - None - None - None - None
3576 (3931853 Gflops/s) - 3589 (3946147 Gflops/s) - 3465 (3809807 Gflops/s) - 3482 (3828499 Gflops/s) - 3531 (3882375 Gflops/s) - 3561 (3915360 Gflops/s) - 3464 (3808708 Gflops/s) - 3528 (3879077 Gflops/s) | Temperatures: 59°C - 62°C - 73°C - 70°C - 63°C - 59°C - 70°C - 73°C | Throttling: None - None - None - None - None - None - None - None
3579 (3935152 Gflops/s) - 3591 (3948346 Gflops/s) - 3460 (3804310 Gflops/s) - 3478 (3824101 Gflops/s) - 3528 (3879077 Gflops/s) - 3563 (3917559 Gflops/s) - 3457 (3801011 Gflops/s) - 3523 (3873579 Gflops/s) | Temperatures: 59°C - 62°C - 73°C - 70°C - 63°C - 59°C - 70°C - 73°C | Throttling: None - None - None - None - None - None - None - None
3612 (3971435 Gflops/s) - 3621 (3981331 Gflops/s) - 3496 (3843892 Gflops/s) - 3515 (3864783 Gflops/s) - 3566 (3920858 Gflops/s) - 3597 (3954943 Gflops/s) - 3494 (3841693 Gflops/s) - 3553 (3906564 Gflops/s) | Temperatures: 59°C - 62°C - 73°C - 70°C - 63°C - 59°C - 70°C - 72°C | Throttling: None - None - None - None - None - None - None - None
3546 (3898868 Gflops/s) - 3549 (3902166 Gflops/s) - 3431 (3772424 Gflops/s) - 3448 (3791116 Gflops/s) - 3500 (3848290 Gflops/s) - 3523 (3873579 Gflops/s) - 3430 (3771324 Gflops/s) - 3492 (3839494 Gflops/s) | Temperatures: 59°C - 62°C - 73°C - 70°C - 63°C - 59°C - 70°C - 73°C | Throttling: None - None - None - None - None - None - None - None
3574 (3929654 Gflops/s) - 3581 (3937351 Gflops/s) - 3459 (3803210 Gflops/s) - 3476 (3821902 Gflops/s) - 3521 (3871380 Gflops/s) - 3553 (3906564 Gflops/s) - 3455 (3798812 Gflops/s) - 3517 (3866982 Gflops/s) | Temperatures: 59°C - 62°C - 73°C - 70°C - 63°C - 59°C - 70°C - 72°C | Throttling: None - None - None - None - None - None - None - None
3576 (3931853 Gflops/s) - 3590 (3947246 Gflops/s) - 3464 (3808708 Gflops/s) - 3482 (3828499 Gflops/s) - 3531 (3882375 Gflops/s) - 3569 (3924156 Gflops/s) - 3464 (3808708 Gflops/s) - 3523 (3873579 Gflops/s) | Temperatures: 59°C - 62°C - 73°C - 70°C - 63°C - 59°C - 70°C - 73°C | Throttling: None - None - None - None - None - None - None - None
3575 (3930754 Gflops/s) - 3582 (3938450 Gflops/s) - 3458 (3802111 Gflops/s) - 3480 (3826300 Gflops/s) - 3530 (3881276 Gflops/s) - 3554 (3907664 Gflops/s) - 3460 (3804310 Gflops/s) - 3520 (3870280 Gflops/s) | Temperatures: 59°C - 62°C - 73°C - 70°C - 63°C - 59°C - 70°C - 73°C | Throttling: None - None - None - None - None - None - None - None
3574 (3929654 Gflops/s) - 3589 (3946147 Gflops/s) - 3459 (3803210 Gflops/s) - 3477 (3823001 Gflops/s) - 3535 (3886773 Gflops/s) - 3554 (3907664 Gflops/s) - 3456 (3799912 Gflops/s) - 3518 (3868081 Gflops/s) | Temperatures: 59°C - 62°C - 73°C - 70°C - 63°C - 59°C - 70°C - 73°C | Throttling: None - None - None - None - None - None - None - None
3797 (4174845 Gflops/s) - 3811 (4190238 Gflops/s) - 3679 (4045103 Gflops/s) - 3698 (4065993 Gflops/s) - 3759 (4133064 Gflops/s) - 3789 (4166049 Gflops/s) - 3678 (4044003 Gflops/s) - 3745 (4117671 Gflops/s) | Temperatures: 59°C - 62°C - 73°C - 70°C - 63°C - 59°C - 70°C - 73°C | Throttling: None - None - None - None - None - None - None - None
3831 (4212229 Gflops/s) - 3841 (4223224 Gflops/s) - 3709 (4078088 Gflops/s) - 3726 (4096780 Gflops/s) - 3810 (4189139 Gflops/s) - 3817 (4196835 Gflops/s) - 3703 (4071491 Gflops/s) - 3772 (4147357 Gflops/s) | Temperatures: 59°C - 62°C - 73°C - 70°C - 63°C - 59°C - 70°C - 73°C | Throttling: None - None - None - None - None - None - None - None
3829 (4210030 Gflops/s) - 3838 (4219925 Gflops/s) - 3707 (4075889 Gflops/s) - 3726 (4096780 Gflops/s) - 3773 (4148457 Gflops/s) - 3816 (4195736 Gflops/s) - 3703 (4071491 Gflops/s) - 3774 (4149556 Gflops/s) | Temperatures: 59°C - 62°C - 73°C - 70°C - 63°C - 59°C - 70°C - 72°C | Throttling: None - None - None - None - None - None - None - None
3828 (4208930 Gflops/s) - 3836 (4217726 Gflops/s) - 3707 (4075889 Gflops/s) - 3727 (4097879 Gflops/s) - 3782 (4158352 Gflops/s) - 3813 (4192437 Gflops/s) - 3707 (4075889 Gflops/s) - 3772 (4147357 Gflops/s) | Temperatures: 59°C - 62°C - 73°C - 70°C - 63°C - 59°C - 70°C - 73°C | Throttling: None - None - None - None - None - None - None - None
3825 (4205631 Gflops/s) - 3842 (4224323 Gflops/s) - 3706 (4074790 Gflops/s) - 3725 (4095680 Gflops/s) - 3783 (4159452 Gflops/s) - 3813 (4192437 Gflops/s) - 3705 (4073690 Gflops/s) - 3776 (4151755 Gflops/s) | Temperatures: 59°C - 62°C - 73°C - 70°C - 63°C - 59°C - 70°C - 73°C | Throttling: None - None - None - None - None - None - None - None
3829 (4210030 Gflops/s) - 3834 (4215527 Gflops/s) - 3706 (4074790 Gflops/s) - 3726 (4096780 Gflops/s) - 3784 (4160551 Gflops/s) - 3813 (4192437 Gflops/s) - 3704 (4072591 Gflops/s) - 3775 (4150656 Gflops/s) | Temperatures: 59°C - 62°C - 73°C - 70°C - 63°C - 59°C - 70°C - 72°C | Throttling: None - None - None - None - None - None - None - None
3829 (4210030 Gflops/s) - 3842 (4224323 Gflops/s) - 3708 (4076989 Gflops/s) - 3726 (4096780 Gflops/s) - 3794 (4171547 Gflops/s) - 3811 (4190238 Gflops/s) - 3706 (4074790 Gflops/s) - 3772 (4147357 Gflops/s) | Temperatures: 59°C - 62°C - 73°C - 70°C - 63°C - 59°C - 70°C - 73°C | Throttling: None - None - None - None - None - None - None - None
3827 (4207830 Gflops/s) - 3838 (4219925 Gflops/s) - 3707 (4075889 Gflops/s) - 3726 (4096780 Gflops/s) - 3791 (4168248 Gflops/s) - 3821 (4201233 Gflops/s) - 3704 (4072591 Gflops/s) - 3772 (4147357 Gflops/s) | Temperatures: 59°C - 62°C - 73°C - 70°C - 63°C - 59°C - 70°C - 72°C | Throttling: None - None - None - None - None - None - None - None
3828 (4208930 Gflops/s) - 3836 (4217726 Gflops/s) - 3707 (4075889 Gflops/s) - 3725 (4095680 Gflops/s) - 3785 (4161651 Gflops/s) - 3812 (4191338 Gflops/s) - 3706 (4074790 Gflops/s) - 3775 (4150656 Gflops/s) | Temperatures: 59°C - 62°C - 73°C - 70°C - 63°C - 59°C - 70°C - 72°C | Throttling: None - None - None - None - None - None - None - None
3820 (4200134 Gflops/s) - 3837 (4218826 Gflops/s) - 3706 (4074790 Gflops/s) - 3726 (4096780 Gflops/s) - 3778 (4153954 Gflops/s) - 3808 (4186940 Gflops/s) - 3704 (4072591 Gflops/s) - 3772 (4147357 Gflops/s) | Temperatures: 59°C - 62°C - 73°C - 70°C - 63°C - 59°C - 70°C - 72°C | Throttling: None - None - None - None - None - None - None - None
3830 (4211129 Gflops/s) - 3843 (4225423 Gflops/s) - 3711 (4080287 Gflops/s) - 3730 (4101178 Gflops/s) - 3779 (4155054 Gflops/s) - 3819 (4199034 Gflops/s) - 3706 (4074790 Gflops/s) - 3778 (4153954 Gflops/s) | Temperatures: 59°C - 62°C - 73°C - 70°C - 63°C - 59°C - 70°C - 72°C | Throttling: None - None - None - None - None - None - None - None
3829 (4210030 Gflops/s) - 3837 (4218826 Gflops/s) - 3706 (4074790 Gflops/s) - 3725 (4095680 Gflops/s) - 3790 (4167149 Gflops/s) - 3812 (4191338 Gflops/s) - 3706 (4074790 Gflops/s) - 3766 (4140760 Gflops/s) | Temperatures: 59°C - 62°C - 73°C - 70°C - 63°C - 59°C - 70°C - 72°C | Throttling: None - None - None - None - None - None - None - None
3828 (4208930 Gflops/s) - 3835 (4216627 Gflops/s) - 3704 (4072591 Gflops/s) - 3724 (4094581 Gflops/s) - 3782 (4158352 Gflops/s) - 3805 (4183641 Gflops/s) - 3700 (4068193 Gflops/s) - 3766 (4140760 Gflops/s) | Temperatures: 59°C - 62°C - 73°C - 70°C - 63°C - 59°C - 70°C - 72°C | Throttling: None - None - None - None - None - None - None - None
3826 (4206731 Gflops/s) - 3837 (4218826 Gflops/s) - 3708 (4076989 Gflops/s) - 3726 (4096780 Gflops/s) - 3785 (4161651 Gflops/s) - 3811 (4190238 Gflops/s) - 3704 (4072591 Gflops/s) - 3774 (4149556 Gflops/s) | Temperatures: 59°C - 62°C - 73°C - 70°C - 63°C - 59°C - 70°C - 72°C | Throttling: None - None - None - None - None - None - None - None
3830 (4211129 Gflops/s) - 3837 (4218826 Gflops/s) - 3706 (4074790 Gflops/s) - 3726 (4096780 Gflops/s) - 3777 (4152855 Gflops/s) - 3808 (4186940 Gflops/s) - 3703 (4071491 Gflops/s) - 3768 (4142959 Gflops/s) | Temperatures: 59°C - 62°C - 73°C - 70°C - 63°C - 59°C - 70°C - 72°C | Throttling: None - None - None - None - None - None - None - None
3830 (4211129 Gflops/s) - 3840 (4222124 Gflops/s) - 3711 (4080287 Gflops/s) - 3730 (4101178 Gflops/s) - 3784 (4160551 Gflops/s) - 3816 (4195736 Gflops/s) - 3707 (4075889 Gflops/s) - 3773 (4148457 Gflops/s) | Temperatures: 59°C - 62°C - 73°C - 70°C - 63°C - 59°C - 70°C - 72°C | Throttling: None - None - None - None - None - None - None - None
3833 (4214428 Gflops/s) - 3838 (4219925 Gflops/s) - 3707 (4075889 Gflops/s) - 3726 (4096780 Gflops/s) - 3784 (4160551 Gflops/s) - 3813 (4192437 Gflops/s) - 3707 (4075889 Gflops/s) - 3772 (4147357 Gflops/s) | Temperatures: 59°C - 62°C - 73°C - 70°C - 63°C - 59°C - 70°C - 72°C | Throttling: None - None - None - None - None - None - None - None
3826 (4206731 Gflops/s) - 3836 (4217726 Gflops/s) - 3704 (4072591 Gflops/s) - 3724 (4094581 Gflops/s) - 3788 (4164950 Gflops/s) - 3806 (4184741 Gflops/s) - 3700 (4068193 Gflops/s) - 3768 (4142959 Gflops/s) | Temperatures: 59°C - 62°C - 73°C - 70°C - 63°C - 59°C - 70°C - 72°C | Throttling: None - None - None - None - None - None - None - None
3832 (4213328 Gflops/s) - 3844 (4226522 Gflops/s) - 3710 (4079188 Gflops/s) - 3730 (4101178 Gflops/s) - 3788 (4164950 Gflops/s) - 3812 (4191338 Gflops/s) - 3707 (4075889 Gflops/s) - 3772 (4147357 Gflops/s) | Temperatures: 59°C - 62°C - 73°C - 70°C - 63°C - 59°C - 70°C - 72°C | Throttling: None - None - None - None - None - None - None - None
3822 (4202333 Gflops/s) - 3834 (4215527 Gflops/s) - 3702 (4070392 Gflops/s) - 3722 (4092382 Gflops/s) - 3770 (4145158 Gflops/s) - 3805 (4183641 Gflops/s) - 3703 (4071491 Gflops/s) - 3770 (4145158 Gflops/s) | Temperatures: 59°C - 62°C - 73°C - 70°C - 63°C - 59°C - 70°C - 72°C | Throttling: None - None - None - None - None - None - None - None
3829 (4210030 Gflops/s) - 3841 (4223224 Gflops/s) - 3707 (4075889 Gflops/s) - 3727 (4097879 Gflops/s) - 3770 (4145158 Gflops/s) - 3815 (4194636 Gflops/s) - 3704 (4072591 Gflops/s) - 3774 (4149556 Gflops/s) | Temperatures: 59°C - 62°C - 73°C - 70°C - 63°C - 59°C - 70°C - 72°C | Throttling: None - None - None - None - None - None - None - None
3835 (4216627 Gflops/s) - 3840 (4222124 Gflops/s) - 3708 (4076989 Gflops/s) - 3728 (4098979 Gflops/s) - 3789 (4166049 Gflops/s) - 3809 (4188039 Gflops/s) - 3703 (4071491 Gflops/s) - 3775 (4150656 Gflops/s) | Temperatures: 59°C - 62°C - 73°C - 70°C - 63°C - 59°C - 70°C - 72°C | Throttling: None - None - None - None - None - None - None - None
3839 (4221025 Gflops/s) - 3839 (4221025 Gflops/s) - 3708 (4076989 Gflops/s) - 3725 (4095680 Gflops/s) - 3781 (4157253 Gflops/s) - 3812 (4191338 Gflops/s) - 3706 (4074790 Gflops/s) - 3771 (4146258 Gflops/s) | Temperatures: 59°C - 62°C - 73°C - 70°C - 63°C - 59°C - 70°C - 72°C | Throttling: None - None - None - None - None - None - None - None
3828 (4208930 Gflops/s) - 3838 (4219925 Gflops/s) - 3706 (4074790 Gflops/s) - 3726 (4096780 Gflops/s) - 3780 (4156153 Gflops/s) - 3808 (4186940 Gflops/s) - 3704 (4072591 Gflops/s) - 3776 (4151755 Gflops/s) | Temperatures: 59°C - 62°C - 73°C - 70°C - 63°C - 59°C - 70°C - 72°C | Throttling: None - None - None - None - None - None - None - None
3830 (4211129 Gflops/s) - 3845 (4227622 Gflops/s) - 3711 (4080287 Gflops/s) - 3730 (4101178 Gflops/s) - 3786 (4162751 Gflops/s) - 3816 (4195736 Gflops/s) - 3710 (4079188 Gflops/s) - 3781 (4157253 Gflops/s) | Temperatures: 59°C - 62°C - 73°C - 70°C - 63°C - 59°C - 70°C - 73°C | Throttling: None - None - None - None - None - None - None - None
3826 (4206731 Gflops/s) - 3833 (4214428 Gflops/s) - 3704 (4072591 Gflops/s) - 3723 (4093481 Gflops/s) - 3766 (4140760 Gflops/s) - 3804 (4182542 Gflops/s) - 3703 (4071491 Gflops/s) - 3768 (4142959 Gflops/s) | Temperatures: 59°C - 62°C - 73°C - 70°C - 63°C - 59°C - 70°C - 72°C | Throttling: None - None - None - None - None - None - None - None
3833 (4214428 Gflops/s) - 3850 (4233119 Gflops/s) - 3710 (4079188 Gflops/s) - 3729 (4100078 Gflops/s) - 3786 (4162751 Gflops/s) - 3819 (4199034 Gflops/s) - 3710 (4079188 Gflops/s) - 3780 (4156153 Gflops/s) | Temperatures: 59°C - 63°C - 73°C - 70°C - 63°C - 59°C - 70°C - 72°C | Throttling: None - None - None - None - None - None - None - None
3811 (4190238 Gflops/s) - 3830 (4211129 Gflops/s) - 3702 (4070392 Gflops/s) - 3723 (4093481 Gflops/s) - 3782 (4158352 Gflops/s) - 3802 (4180343 Gflops/s) - 3701 (4069292 Gflops/s) - 3768 (4142959 Gflops/s) | Temperatures: 59°C - 62°C - 73°C - 70°C - 63°C - 59°C - 70°C - 72°C | Throttling: None - None - None - None - None - None - None - None
3835 (4216627 Gflops/s) - 3841 (4223224 Gflops/s) - 3711 (4080287 Gflops/s) - 3731 (4102277 Gflops/s) - 3781 (4157253 Gflops/s) - 3813 (4192437 Gflops/s) - 3707 (4075889 Gflops/s) - 3776 (4151755 Gflops/s) | Temperatures: 59°C - 62°C - 73°C - 70°C - 63°C - 59°C - 70°C - 72°C | Throttling: None - None - None - None - None - None - None - None
3829 (4210030 Gflops/s) - 3838 (4219925 Gflops/s) - 3706 (4074790 Gflops/s) - 3726 (4096780 Gflops/s) - 3775 (4150656 Gflops/s) - 3811 (4190238 Gflops/s) - 3708 (4076989 Gflops/s) - 3773 (4148457 Gflops/s) | Temperatures: 59°C - 62°C - 73°C - 70°C - 63°C - 59°C - 70°C - 72°C | Throttling: None - None - None - None - None - None - None - None
3831 (4212229 Gflops/s) - 3838 (4219925 Gflops/s) - 3706 (4074790 Gflops/s) - 3726 (4096780 Gflops/s) - 3785 (4161651 Gflops/s) - 3808 (4186940 Gflops/s) - 3707 (4075889 Gflops/s) - 3771 (4146258 Gflops/s) | Temperatures: 59°C - 62°C - 73°C - 70°C - 63°C - 59°C - 70°C - 72°C | Throttling: None - None - None - None - None - None - None - None
3829 (4210030 Gflops/s) - 3845 (4227622 Gflops/s) - 3708 (4076989 Gflops/s) - 3725 (4095680 Gflops/s) - 3783 (4159452 Gflops/s) - 3809 (4188039 Gflops/s) - 3703 (4071491 Gflops/s) - 3772 (4147357 Gflops/s) | Temperatures: 59°C - 62°C - 73°C - 70°C - 63°C - 59°C - 70°C - 72°C | Throttling: None - None - None - None - None - None - None - None
3832 (4213328 Gflops/s) - 3835 (4216627 Gflops/s) - 3706 (4074790 Gflops/s) - 3727 (4097879 Gflops/s) - 3787 (4163850 Gflops/s) - 3818 (4197935 Gflops/s) - 3705 (4073690 Gflops/s) - 3772 (4147357 Gflops/s) | Temperatures: 59°C - 62°C - 73°C - 70°C - 63°C - 59°C - 70°C - 72°C | Throttling: None - None - None - None - None - None - None - None
3819 (4199034 Gflops/s) - 3831 (4212229 Gflops/s) - 3701 (4069292 Gflops/s) - 3719 (4089083 Gflops/s) - 3771 (4146258 Gflops/s) - 3809 (4188039 Gflops/s) - 3697 (4064894 Gflops/s) - 3768 (4142959 Gflops/s) | Temperatures: 59°C - 62°C - 73°C - 70°C - 63°C - 59°C - 70°C - 72°C | Throttling: None - None - None - None - None - None - None - None
3821 (4201233 Gflops/s) - 3826 (4206731 Gflops/s) - 3697 (4064894 Gflops/s) - 3717 (4086884 Gflops/s) - 3779 (4155054 Gflops/s) - 3800 (4178144 Gflops/s) - 3696 (4063794 Gflops/s) - 3764 (4138561 Gflops/s) | Temperatures: 59°C - 62°C - 73°C - 70°C - 63°C - 59°C - 70°C - 72°C | Throttling: None - None - None - None - None - None - None - None
3822 (4202333 Gflops/s) - 3827 (4207830 Gflops/s) - 3699 (4067093 Gflops/s) - 3716 (4085785 Gflops/s) - 3776 (4151755 Gflops/s) - 3805 (4183641 Gflops/s) - 3697 (4064894 Gflops/s) - 3761 (4135263 Gflops/s) | Temperatures: 59°C - 62°C - 73°C - 70°C - 63°C - 59°C - 70°C - 72°C | Throttling: None - None - None - None - None - None - None - None
3820 (4200134 Gflops/s) - 3828 (4208930 Gflops/s) - 3697 (4064894 Gflops/s) - 3717 (4086884 Gflops/s) - 3765 (4139661 Gflops/s) - 3800 (4178144 Gflops/s) - 3696 (4063794 Gflops/s) - 3762 (4136362 Gflops/s) | Temperatures: 59°C - 62°C - 73°C - 70°C - 63°C - 59°C - 70°C - 72°C | Throttling: None - None - None - None - None - None - None - None
3823 (4203432 Gflops/s) - 3823 (4203432 Gflops/s) - 3698 (4065993 Gflops/s) - 3716 (4085785 Gflops/s) - 3780 (4156153 Gflops/s) - 3800 (4178144 Gflops/s) - 3698 (4065993 Gflops/s) - 3763 (4137462 Gflops/s) | Temperatures: 59°C - 62°C - 73°C - 70°C - 63°C - 59°C - 70°C - 72°C | Throttling: None - None - None - None - None - None - None - None
3821 (4201233 Gflops/s) - 3831 (4212229 Gflops/s) - 3696 (4063794 Gflops/s) - 3717 (4086884 Gflops/s) - 3764 (4138561 Gflops/s) - 3807 (4185840 Gflops/s) - 3697 (4064894 Gflops/s) - 3759 (4133064 Gflops/s) | Temperatures: 59°C - 62°C - 73°C - 70°C - 63°C - 59°C - 70°C - 72°C | Throttling: None - None - None - None - None - None - None - None
3818 (4197935 Gflops/s) - 3827 (4207830 Gflops/s) - 3698 (4065993 Gflops/s) - 3717 (4086884 Gflops/s) - 3772 (4147357 Gflops/s) - 3798 (4175945 Gflops/s) - 3695 (4062695 Gflops/s) - 3768 (4142959 Gflops/s) | Temperatures: 59°C - 62°C - 73°C - 70°C - 63°C - 59°C - 70°C - 72°C | Throttling: None - None - None - None - None - None - None - None
3819 (4199034 Gflops/s) - 3826 (4206731 Gflops/s) - 3697 (4064894 Gflops/s) - 3717 (4086884 Gflops/s) - 3770 (4145158 Gflops/s) - 3801 (4179243 Gflops/s) - 3701 (4069292 Gflops/s) - 3758 (4131964 Gflops/s) | Temperatures: 59°C - 62°C - 73°C - 70°C - 63°C - 59°C - 70°C - 72°C | Throttling: None - None - None - None - None - None - None - None
3819 (4199034 Gflops/s) - 3826 (4206731 Gflops/s) - 3698 (4065993 Gflops/s) - 3720 (4090183 Gflops/s) - 3766 (4140760 Gflops/s) - 3797 (4174845 Gflops/s) - 3698 (4065993 Gflops/s) - 3765 (4139661 Gflops/s) | Temperatures: 59°C - 62°C - 73°C - 70°C - 63°C - 59°C - 70°C - 72°C | Throttling: None - None - None - None - None - None - None - None
3819 (4199034 Gflops/s) - 3833 (4214428 Gflops/s) - 3700 (4068193 Gflops/s) - 3721 (4091282 Gflops/s) - 3777 (4152855 Gflops/s) - 3808 (4186940 Gflops/s) - 3700 (4068193 Gflops/s) - 3769 (4144059 Gflops/s) | Temperatures: 59°C - 62°C - 73°C - 70°C - 63°C - 59°C - 70°C - 72°C | Throttling: None - None - None - None - None - None - None - None
3813 (4192437 Gflops/s) - 3820 (4200134 Gflops/s) - 3695 (4062695 Gflops/s) - 3715 (4084685 Gflops/s) - 3756 (4129765 Gflops/s) - 3794 (4171547 Gflops/s) - 3690 (4057197 Gflops/s) - 3761 (4135263 Gflops/s) | Temperatures: 59°C - 62°C - 73°C - 70°C - 63°C - 59°C - 70°C - 72°C | Throttling: None - None - None - None - None - None - None - None
3816 (4195736 Gflops/s) - 3826 (4206731 Gflops/s) - 3697 (4064894 Gflops/s) - 3717 (4086884 Gflops/s) - 3759 (4133064 Gflops/s) - 3799 (4177044 Gflops/s) - 3696 (4063794 Gflops/s) - 3765 (4139661 Gflops/s) | Temperatures: 59°C - 62°C - 73°C - 70°C - 63°C - 59°C - 70°C - 72°C | Throttling: None - None - None - None - None - None - None - None
3819 (4199034 Gflops/s) - 3831 (4212229 Gflops/s) - 3698 (4065993 Gflops/s) - 3717 (4086884 Gflops/s) - 3770 (4145158 Gflops/s) - 3798 (4175945 Gflops/s) - 3694 (4061595 Gflops/s) - 3763 (4137462 Gflops/s) | Temperatures: 59°C - 62°C - 73°C - 70°C - 63°C - 59°C - 70°C - 72°C | Throttling: None - None - None - None - None - None - None - None
3745 (4117671 Gflops/s) - 3752 (4125367 Gflops/s) - 3623 (3983530 Gflops/s) - 3643 (4005520 Gflops/s) - 3699 (4067093 Gflops/s) - 3721 (4091282 Gflops/s) - 3620 (3980232 Gflops/s) - 3688 (4054998 Gflops/s) | Temperatures: 59°C - 62°C - 73°C - 70°C - 63°C - 59°C - 70°C - 72°C | Throttling: None - None - None - None - None - None - None - None
3590 (3947246 Gflops/s) - 3603 (3961540 Gflops/s) - 3479 (3825200 Gflops/s) - 3497 (3844992 Gflops/s) - 3547 (3899967 Gflops/s) - 3574 (3929654 Gflops/s) - 3477 (3823001 Gflops/s) - 3540 (3892271 Gflops/s) | Temperatures: 59°C - 62°C - 73°C - 70°C - 63°C - 59°C - 70°C - 72°C | Throttling: None - None - None - None - None - None - None - None
3602 (3960440 Gflops/s) - 3614 (3973635 Gflops/s) - 3485 (3831798 Gflops/s) - 3503 (3851589 Gflops/s) - 3564 (3918659 Gflops/s) - 3584 (3940649 Gflops/s) - 3487 (3833997 Gflops/s) - 3551 (3904365 Gflops/s) | Temperatures: 59°C - 62°C - 73°C - 70°C - 63°C - 59°C - 70°C - 72°C | Throttling: None - None - None - None - None - None - None - None
3598 (3956042 Gflops/s) - 3604 (3962639 Gflops/s) - 3483 (3829598 Gflops/s) - 3501 (3849390 Gflops/s) - 3549 (3902166 Gflops/s) - 3581 (3937351 Gflops/s) - 3480 (3826300 Gflops/s) - 3547 (3899967 Gflops/s) | Temperatures: 59°C - 62°C - 73°C - 70°C - 63°C - 59°C - 70°C - 72°C | Throttling: None - None - None - None - None - None - None - None
3631 (3992326 Gflops/s) - 3634 (3995625 Gflops/s) - 3514 (3863683 Gflops/s) - 3534 (3885674 Gflops/s) - 3581 (3937351 Gflops/s) - 3625 (3985729 Gflops/s) - 3514 (3863683 Gflops/s) - 3579 (3935152 Gflops/s) | Temperatures: 59°C - 62°C - 73°C - 70°C - 63°C - 59°C - 70°C - 72°C | Throttling: None - None - None - None - None - None - None - None
3567 (3921957 Gflops/s) - 3576 (3931853 Gflops/s) - 3453 (3796613 Gflops/s) - 3471 (3816404 Gflops/s) - 3528 (3879077 Gflops/s) - 3551 (3904365 Gflops/s) - 3451 (3794414 Gflops/s) - 3515 (3864783 Gflops/s) | Temperatures: 59°C - 62°C - 73°C - 70°C - 63°C - 59°C - 70°C - 72°C | Throttling: None - None - None - None - None - None - None - None
3597 (3954943 Gflops/s) - 3608 (3967037 Gflops/s) - 3483 (3829598 Gflops/s) - 3502 (3850489 Gflops/s) - 3559 (3913161 Gflops/s) - 3584 (3940649 Gflops/s) - 3482 (3828499 Gflops/s) - 3544 (3896669 Gflops/s) | Temperatures: 59°C - 62°C - 73°C - 70°C - 63°C - 59°C - 70°C - 72°C | Throttling: None - None - None - None - None - None - None - None
3584 (3940649 Gflops/s) - 3595 (3952744 Gflops/s) - 3467 (3812006 Gflops/s) - 3487 (3833997 Gflops/s) - 3539 (3891171 Gflops/s) - 3566 (3920858 Gflops/s) - 3468 (3813106 Gflops/s) - 3527 (3877977 Gflops/s) | Temperatures: 59°C - 62°C - 73°C - 70°C - 63°C - 59°C - 70°C - 72°C | Throttling: None - None - None - None - None - None - None - None
3470 (3815305 Gflops/s) - 3480 (3826300 Gflops/s) - 3362 (3696558 Gflops/s) - 3380 (3716349 Gflops/s) - 3430 (3771324 Gflops/s) - 3459 (3803210 Gflops/s) - 3360 (3694359 Gflops/s) - 3420 (3760329 Gflops/s) | Temperatures: 59°C - 62°C - 73°C - 70°C - 63°C - 59°C - 70°C - 72°C | Throttling: None - None - None - None - None - None - None - None
3477 (3823001 Gflops/s) - 3483 (3829598 Gflops/s) - 3366 (3700956 Gflops/s) - 3384 (3720747 Gflops/s) - 3438 (3780120 Gflops/s) - 3459 (3803210 Gflops/s) - 3364 (3698757 Gflops/s) - 3430 (3771324 Gflops/s) | Temperatures: 59°C - 62°C - 73°C - 70°C - 63°C - 59°C - 70°C - 72°C | Throttling: None - None - None - None - None - None - None - None
3480 (3826300 Gflops/s) - 3494 (3841693 Gflops/s) - 3372 (3707553 Gflops/s) - 3390 (3727344 Gflops/s) - 3439 (3781220 Gflops/s) - 3467 (3812006 Gflops/s) - 3371 (3706453 Gflops/s) - 3433 (3774623 Gflops/s) | Temperatures: 59°C - 62°C - 73°C - 70°C - 63°C - 59°C - 70°C - 72°C | Throttling: None - None - None - None - None - None - None - None
3469 (3814205 Gflops/s) - 3479 (3825200 Gflops/s) - 3361 (3695458 Gflops/s) - 3379 (3715249 Gflops/s) - 3418 (3758130 Gflops/s) - 3455 (3798812 Gflops/s) - 3362 (3696558 Gflops/s) - 3419 (3759230 Gflops/s) | Temperatures: 59°C - 62°C - 73°C - 70°C - 63°C - 59°C - 70°C - 72°C | Throttling: None - None - None - None - None - None - None - None
3560 (3914261 Gflops/s) - 3565 (3919758 Gflops/s) - 3447 (3790016 Gflops/s) - 3466 (3810907 Gflops/s) - 3513 (3862584 Gflops/s) - 3548 (3901067 Gflops/s) - 3446 (3788917 Gflops/s) - 3509 (3858186 Gflops/s) | Temperatures: 59°C - 62°C - 73°C - 70°C - 63°C - 59°C - 70°C - 72°C | Throttling: None - None - None - None - None - None - None - None
3406 (3744936 Gflops/s) - 3413 (3752633 Gflops/s) - 3297 (3625089 Gflops/s) - 3314 (3643781 Gflops/s) - 3370 (3705354 Gflops/s) - 3388 (3725145 Gflops/s) - 3294 (3621791 Gflops/s) - 3353 (3686662 Gflops/s) | Temperatures: 59°C - 62°C - 73°C - 70°C - 63°C - 59°C - 70°C - 72°C | Throttling: None - None - None - None - None - None - None - None
3503 (3851589 Gflops/s) - 3500 (3848290 Gflops/s) - 3384 (3720747 Gflops/s) - 3401 (3739439 Gflops/s) - 3443 (3785618 Gflops/s) - 3480 (3826300 Gflops/s) - 3380 (3716349 Gflops/s) - 3438 (3780120 Gflops/s) | Temperatures: 59°C - 62°C - 73°C - 70°C - 63°C - 59°C - 70°C - 72°C | Throttling: None - None - None - None - None - None - None - None
3461 (3805409 Gflops/s) - 3468 (3813106 Gflops/s) - 3351 (3684463 Gflops/s) - 3368 (3703155 Gflops/s) - 3420 (3760329 Gflops/s) - 3454 (3797713 Gflops/s) - 3350 (3683363 Gflops/s) - 3411 (3750434 Gflops/s) | Temperatures: 59°C - 62°C - 73°C - 70°C - 63°C - 59°C - 70°C - 72°C | Throttling: None - None - None - None - None - None - None - None
3470 (3815305 Gflops/s) - 3480 (3826300 Gflops/s) - 3361 (3695458 Gflops/s) - 3381 (3717448 Gflops/s) - 3436 (3777921 Gflops/s) - 3452 (3795514 Gflops/s) - 3360 (3694359 Gflops/s) - 3421 (3761429 Gflops/s) | Temperatures: 59°C - 62°C - 73°C - 70°C - 63°C - 59°C - 70°C - 72°C | Throttling: None - None - None - None - None - None - None - None
3481 (3827399 Gflops/s) - 3487 (3833997 Gflops/s) - 3367 (3702055 Gflops/s) - 3383 (3719647 Gflops/s) - 3440 (3782319 Gflops/s) - 3462 (3806509 Gflops/s) - 3366 (3700956 Gflops/s) - 3429 (3770225 Gflops/s) | Temperatures: 59°C - 62°C - 73°C - 70°C - 63°C - 59°C - 70°C - 72°C | Throttling: None - None - None - None - None - None - None - None
3479 (3825200 Gflops/s) - 3495 (3842793 Gflops/s) - 3372 (3707553 Gflops/s) - 3391 (3728443 Gflops/s) - 3437 (3779021 Gflops/s) - 3468 (3813106 Gflops/s) - 3372 (3707553 Gflops/s) - 3428 (3769125 Gflops/s) | Temperatures: 59°C - 62°C - 73°C - 70°C - 63°C - 59°C - 70°C - 72°C | Throttling: None - None - None - None - None - None - None - None
3474 (3819703 Gflops/s) - 3475 (3820802 Gflops/s) - 3361 (3695458 Gflops/s) - 3380 (3716349 Gflops/s) - 3423 (3763628 Gflops/s) - 3465 (3809807 Gflops/s) - 3360 (3694359 Gflops/s) - 3420 (3760329 Gflops/s) | Temperatures: 59°C - 62°C - 73°C - 70°C - 63°C - 59°C - 70°C - 72°C | Throttling: None - None - None - None - None - None - None - None
3566 (3920858 Gflops/s) - 3571 (3926356 Gflops/s) - 3446 (3788917 Gflops/s) - 3464 (3808708 Gflops/s) - 3507 (3855987 Gflops/s) - 3543 (3895569 Gflops/s) - 3446 (3788917 Gflops/s) - 3508 (3857086 Gflops/s) | Temperatures: 59°C - 62°C - 73°C - 70°C - 63°C - 59°C - 70°C - 72°C | Throttling: None - None - None - None - None - None - None - None
2458 (2702599 Gflops/s) - 3067 (3372202 Gflops/s) - 2618 (2878521 Gflops/s) - 3116 (3426078 Gflops/s) - 2774 (3050045 Gflops/s) - 2898 (3186384 Gflops/s) - 2023 (2224312 Gflops/s) - 2594 (2852133 Gflops/s) | Temperatures: 55°C - 62°C - 73°C - 70°C - 63°C - 59°C - 62°C - 72°C | Throttling: None - None - None - None - None - None - None - None
GPU #0: 4049209 Gflops/s (min: 2702599.58, max: 4362862.14, dev: 4049208.62)
         Temperature: 59.16°C (min: 55.00, max: 60.00)
         Throttling HW: false, Thermal SW: false, Thermal HW: false
GPU #1: 4064553 Gflops/s (min: 3372202.16, max: 4369459.21, dev: 4064553.00)
         Temperature: 62.27°C (min: 58.00, max: 64.00)
         Throttling HW: false, Thermal SW: false, Thermal HW: false
GPU #2: 3921699 Gflops/s (min: 2878521.44, max: 4216627.09, dev: 3921699.05)
         Temperature: 73.21°C (min: 68.00, max: 75.00)
         Throttling HW: false, Thermal SW: false, Thermal HW: false
GPU #3: 3940845 Gflops/s (min: 3426078.23, max: 4237517.81, dev: 3940844.81)
         Temperature: 70.34°C (min: 65.00, max: 72.00)
         Throttling HW: false, Thermal SW: false, Thermal HW: false
GPU #4: 4002560 Gflops/s (min: 3050045.26, max: 4303488.51, dev: 4002560.06)
         Temperature: 63.04°C (min: 58.00, max: 64.00)
         Throttling HW: false, Thermal SW: false, Thermal HW: false
GPU #5: 4035583 Gflops/s (min: 3186384.70, max: 4339772.39, dev: 4035582.93)
         Temperature: 59.23°C (min: 55.00, max: 60.00)
         Throttling HW: false, Thermal SW: false, Thermal HW: false
GPU #6: 3920881 Gflops/s (min: 2224312.02, max: 4214428.07, dev: 3920880.98)
         Temperature: 70.38°C (min: 62.00, max: 72.00)
         Throttling HW: false, Thermal SW: false, Thermal HW: false
GPU #7: 3988364 Gflops/s (min: 2852133.16, max: 4290294.37, dev: 3988363.98)
         Temperature: 72.76°C (min: 67.00, max: 75.00)
         Throttling HW: false, Thermal SW: false, Thermal HW: false
All GPUs seem healthy
Freeing GPUs...
