Node = node5600-c1
GPU 0: NVIDIA B200 (UUID: GPU-4513a122-4299-0e8f-724d-e82d2ea8dc1d)
GPU 1: NVIDIA B200 (UUID: GPU-ef1096e4-74fa-288b-58e7-4d670f8e2d64)
GPU 2: NVIDIA B200 (UUID: GPU-e04c543b-0b92-1ab9-d932-74c4f57c0820)
GPU 3: NVIDIA B200 (UUID: GPU-e3ae034b-2bbb-3f65-2bda-44491177f5e0)
GPU 4: NVIDIA B200 (UUID: GPU-776362fb-d768-8a0e-e301-379b8408765e)
GPU 5: NVIDIA B200 (UUID: GPU-04bff009-6baa-f6cf-9e17-49590202ffd6)
GPU 6: NVIDIA B200 (UUID: GPU-aec7a4d9-3e5a-f99b-4317-350498080cf3)
GPU 7: NVIDIA B200 (UUID: GPU-a4a980e7-cfc8-d306-d8a7-dc3ce1b438a8)
======== Run with fp32 ==========
Detected GPU #0: "NVIDIA B200" (4513a122-4299-0e8f-724d-e82d2ea8dc1d)
Detected GPU #1: "NVIDIA B200" (ef1096e4-74fa-288b-58e7-4d670f8e2d64)
Detected GPU #2: "NVIDIA B200" (e04c543b-0b92-1ab9-d932-74c4f57c0820)
Detected GPU #3: "NVIDIA B200" (e3ae034b-2bbb-3f65-2bda-44491177f5e0)
Detected GPU #4: "NVIDIA B200" (776362fb-d768-8a0e-e301-379b8408765e)
Detected GPU #5: "NVIDIA B200" (04bff009-6baa-f6cf-9e17-49590202ffd6)
Detected GPU #6: "NVIDIA B200" (aec7a4d9-3e5a-f99b-4317-350498080cf3)
Detected GPU #7: "NVIDIA B200" (a4a980e7-cfc8-d306-d8a7-dc3ce1b438a8)
Using precision(s): FP32  
Creating random matrices
Matrices created
GPU #0: Using 163805 MB
GPU #1: Using 163805 MB
GPU #2: Using 163805 MB
GPU #3: Using 163805 MB
GPU #4: Using 163805 MB
GPU #5: Using 163805 MB
GPU #6: Using 163805 MB
GPU #7: Using 163805 MB
1242 (1365593 Gflops/s) - 0 (0 Gflops/s) - 0 (0 Gflops/s) - 0 (0 Gflops/s) - 0 (0 Gflops/s) - 0 (0 Gflops/s) - 0 (0 Gflops/s) - 0 (0 Gflops/s) | Temperatures: 46°C - 34°C - 39°C - 38°C - 37°C - 34°C - 38°C - 40°C | Throttling: None - None - None - None - None - None - None - None
700 (769658 Gflops/s) - 1109 (1219358 Gflops/s) - 1238 (1361195 Gflops/s) - 827 (909296 Gflops/s) - 878 (965371 Gflops/s) - 787 (865315 Gflops/s) - 780 (857619 Gflops/s) - 0 (0 Gflops/s) | Temperatures: 49°C - 47°C - 53°C - 38°C - 46°C - 34°C - 38°C - 40°C | Throttling: None - None - None - None - None - None - None - None
698 (767459 Gflops/s) - 694 (763061 Gflops/s) - 686 (754264 Gflops/s) - 697 (766359 Gflops/s) - 694 (763061 Gflops/s) - 697 (766359 Gflops/s) - 699 (768558 Gflops/s) - 1418 (1559107 Gflops/s) | Temperatures: 50°C - 50°C - 55°C - 53°C - 52°C - 48°C - 52°C - 54°C | Throttling: None - None - None - None - None - None - None - None
699 (768558 Gflops/s) - 692 (760862 Gflops/s) - 685 (753165 Gflops/s) - 683 (750966 Gflops/s) - 691 (759762 Gflops/s) - 691 (759762 Gflops/s) - 690 (758663 Gflops/s) - 700 (769658 Gflops/s) | Temperatures: 50°C - 51°C - 55°C - 54°C - 53°C - 50°C - 53°C - 56°C | Throttling: None - None - None - None - None - None - None - None
692 (760862 Gflops/s) - 687 (755364 Gflops/s) - 679 (746568 Gflops/s) - 683 (750966 Gflops/s) - 685 (753165 Gflops/s) - 687 (755364 Gflops/s) - 686 (754264 Gflops/s) - 690 (758663 Gflops/s) | Temperatures: 51°C - 51°C - 56°C - 55°C - 54°C - 50°C - 54°C - 56°C | Throttling: None - None - None - None - None - None - None - None
690 (758663 Gflops/s) - 686 (754264 Gflops/s) - 676 (743269 Gflops/s) - 685 (753165 Gflops/s) - 685 (753165 Gflops/s) - 684 (752065 Gflops/s) - 685 (753165 Gflops/s) - 689 (757563 Gflops/s) | Temperatures: 51°C - 52°C - 57°C - 56°C - 55°C - 51°C - 55°C - 57°C | Throttling: None - None - None - None - None - None - None - None
690 (758663 Gflops/s) - 684 (752065 Gflops/s) - 676 (743269 Gflops/s) - 683 (750966 Gflops/s) - 685 (753165 Gflops/s) - 682 (749866 Gflops/s) - 686 (754264 Gflops/s) - 688 (756463 Gflops/s) | Temperatures: 52°C - 53°C - 57°C - 56°C - 55°C - 52°C - 55°C - 58°C | Throttling: None - None - None - None - None - None - None - None
690 (758663 Gflops/s) - 685 (753165 Gflops/s) - 675 (742170 Gflops/s) - 683 (750966 Gflops/s) - 684 (752065 Gflops/s) - 683 (750966 Gflops/s) - 688 (756463 Gflops/s) - 687 (755364 Gflops/s) | Temperatures: 52°C - 53°C - 58°C - 57°C - 56°C - 52°C - 56°C - 58°C | Throttling: None - None - None - None - None - None - None - None
690 (758663 Gflops/s) - 685 (753165 Gflops/s) - 674 (741070 Gflops/s) - 682 (749866 Gflops/s) - 686 (754264 Gflops/s) - 684 (752065 Gflops/s) - 686 (754264 Gflops/s) - 685 (753165 Gflops/s) | Temperatures: 53°C - 53°C - 58°C - 57°C - 56°C - 53°C - 56°C - 59°C | Throttling: None - None - None - None - None - None - None - None
689 (757563 Gflops/s) - 684 (752065 Gflops/s) - 673 (739971 Gflops/s) - 681 (748767 Gflops/s) - 686 (754264 Gflops/s) - 681 (748767 Gflops/s) - 686 (754264 Gflops/s) - 683 (750966 Gflops/s) | Temperatures: 53°C - 54°C - 59°C - 58°C - 57°C - 53°C - 57°C - 59°C | Throttling: None - None - None - None - None - None - None - None
688 (756463 Gflops/s) - 684 (752065 Gflops/s) - 674 (741070 Gflops/s) - 681 (748767 Gflops/s) - 685 (753165 Gflops/s) - 682 (749866 Gflops/s) - 686 (754264 Gflops/s) - 682 (749866 Gflops/s) | Temperatures: 53°C - 54°C - 59°C - 58°C - 57°C - 53°C - 57°C - 59°C | Throttling: None - None - None - None - None - None - None - None
689 (757563 Gflops/s) - 685 (753165 Gflops/s) - 673 (739971 Gflops/s) - 681 (748767 Gflops/s) - 684 (752065 Gflops/s) - 682 (749866 Gflops/s) - 686 (754264 Gflops/s) - 698 (767459 Gflops/s) | Temperatures: 54°C - 55°C - 59°C - 59°C - 58°C - 54°C - 58°C - 60°C | Throttling: None - None - None - None - None - None - None - None
689 (757563 Gflops/s) - 683 (750966 Gflops/s) - 674 (741070 Gflops/s) - 680 (747667 Gflops/s) - 684 (752065 Gflops/s) - 681 (748767 Gflops/s) - 684 (752065 Gflops/s) - 666 (732274 Gflops/s) | Temperatures: 54°C - 55°C - 60°C - 59°C - 58°C - 54°C - 58°C - 60°C | Throttling: None - None - None - None - None - None - None - None
688 (756463 Gflops/s) - 684 (752065 Gflops/s) - 673 (739971 Gflops/s) - 679 (746568 Gflops/s) - 684 (752065 Gflops/s) - 679 (746568 Gflops/s) - 685 (753165 Gflops/s) - 680 (747667 Gflops/s) | Temperatures: 54°C - 55°C - 60°C - 59°C - 58°C - 54°C - 59°C - 61°C | Throttling: None - None - None - None - None - None - None - None
687 (755364 Gflops/s) - 685 (753165 Gflops/s) - 673 (739971 Gflops/s) - 678 (745468 Gflops/s) - 684 (752065 Gflops/s) - 680 (747667 Gflops/s) - 683 (750966 Gflops/s) - 680 (747667 Gflops/s) | Temperatures: 54°C - 56°C - 61°C - 60°C - 59°C - 55°C - 59°C - 61°C | Throttling: None - None - None - None - None - None - None - None
689 (757563 Gflops/s) - 686 (754264 Gflops/s) - 674 (741070 Gflops/s) - 679 (746568 Gflops/s) - 683 (750966 Gflops/s) - 681 (748767 Gflops/s) - 682 (749866 Gflops/s) - 681 (748767 Gflops/s) | Temperatures: 55°C - 56°C - 61°C - 60°C - 59°C - 55°C - 59°C - 61°C | Throttling: None - None - None - None - None - None - None - None
687 (755364 Gflops/s) - 687 (755364 Gflops/s) - 673 (739971 Gflops/s) - 679 (746568 Gflops/s) - 682 (749866 Gflops/s) - 683 (750966 Gflops/s) - 682 (749866 Gflops/s) - 680 (747667 Gflops/s) | Temperatures: 55°C - 56°C - 61°C - 61°C - 59°C - 55°C - 60°C - 62°C | Throttling: None - None - None - None - None - None - None - None
690 (758663 Gflops/s) - 684 (752065 Gflops/s) - 673 (739971 Gflops/s) - 677 (744369 Gflops/s) - 682 (749866 Gflops/s) - 682 (749866 Gflops/s) - 682 (749866 Gflops/s) - 680 (747667 Gflops/s) | Temperatures: 55°C - 56°C - 62°C - 61°C - 59°C - 55°C - 60°C - 62°C | Throttling: None - None - None - None - None - None - None - None
690 (758663 Gflops/s) - 686 (754264 Gflops/s) - 674 (741070 Gflops/s) - 678 (745468 Gflops/s) - 681 (748767 Gflops/s) - 682 (749866 Gflops/s) - 681 (748767 Gflops/s) - 681 (748767 Gflops/s) | Temperatures: 55°C - 57°C - 62°C - 61°C - 60°C - 56°C - 60°C - 62°C | Throttling: None - None - None - None - None - None - None - None
690 (758663 Gflops/s) - 684 (752065 Gflops/s) - 673 (739971 Gflops/s) - 677 (744369 Gflops/s) - 682 (749866 Gflops/s) - 682 (749866 Gflops/s) - 680 (747667 Gflops/s) - 680 (747667 Gflops/s) | Temperatures: 56°C - 57°C - 62°C - 62°C - 60°C - 56°C - 61°C - 63°C | Throttling: None - None - None - None - None - None - None - None
691 (759762 Gflops/s) - 684 (752065 Gflops/s) - 673 (739971 Gflops/s) - 678 (745468 Gflops/s) - 680 (747667 Gflops/s) - 684 (752065 Gflops/s) - 679 (746568 Gflops/s) - 681 (748767 Gflops/s) | Temperatures: 56°C - 57°C - 63°C - 62°C - 60°C - 56°C - 61°C - 63°C | Throttling: None - None - None - None - None - None - None - None
689 (757563 Gflops/s) - 685 (753165 Gflops/s) - 673 (739971 Gflops/s) - 677 (744369 Gflops/s) - 680 (747667 Gflops/s) - 679 (746568 Gflops/s) - 682 (749866 Gflops/s) - 679 (746568 Gflops/s) | Temperatures: 56°C - 57°C - 63°C - 62°C - 60°C - 56°C - 62°C - 63°C | Throttling: None - None - None - None - None - None - None - None
689 (757563 Gflops/s) - 684 (752065 Gflops/s) - 673 (739971 Gflops/s) - 678 (745468 Gflops/s) - 679 (746568 Gflops/s) - 682 (749866 Gflops/s) - 675 (742170 Gflops/s) - 679 (746568 Gflops/s) | Temperatures: 56°C - 57°C - 63°C - 63°C - 60°C - 56°C - 62°C - 64°C | Throttling: None - None - None - None - None - None - None - None
691 (759762 Gflops/s) - 684 (752065 Gflops/s) - 674 (741070 Gflops/s) - 678 (745468 Gflops/s) - 680 (747667 Gflops/s) - 680 (747667 Gflops/s) - 678 (745468 Gflops/s) - 679 (746568 Gflops/s) | Temperatures: 56°C - 58°C - 64°C - 63°C - 61°C - 57°C - 62°C - 64°C | Throttling: None - None - None - None - None - None - None - None
689 (757563 Gflops/s) - 683 (750966 Gflops/s) - 675 (742170 Gflops/s) - 677 (744369 Gflops/s) - 679 (746568 Gflops/s) - 683 (750966 Gflops/s) - 678 (745468 Gflops/s) - 678 (745468 Gflops/s) | Temperatures: 57°C - 58°C - 64°C - 63°C - 61°C - 57°C - 62°C - 64°C | Throttling: None - None - None - None - None - None - None - None
687 (755364 Gflops/s) - 680 (747667 Gflops/s) - 669 (735573 Gflops/s) - 676 (743269 Gflops/s) - 676 (743269 Gflops/s) - 678 (745468 Gflops/s) - 675 (742170 Gflops/s) - 675 (742170 Gflops/s) | Temperatures: 57°C - 58°C - 64°C - 64°C - 61°C - 57°C - 63°C - 65°C | Throttling: None - None - None - None - None - None - None - None
687 (755364 Gflops/s) - 682 (749866 Gflops/s) - 674 (741070 Gflops/s) - 676 (743269 Gflops/s) - 677 (744369 Gflops/s) - 678 (745468 Gflops/s) - 675 (742170 Gflops/s) - 677 (744369 Gflops/s) | Temperatures: 57°C - 58°C - 64°C - 64°C - 61°C - 57°C - 63°C - 65°C | Throttling: None - None - None - None - None - None - None - None
688 (756463 Gflops/s) - 682 (749866 Gflops/s) - 674 (741070 Gflops/s) - 675 (742170 Gflops/s) - 676 (743269 Gflops/s) - 679 (746568 Gflops/s) - 674 (741070 Gflops/s) - 671 (737772 Gflops/s) | Temperatures: 57°C - 58°C - 65°C - 64°C - 61°C - 57°C - 63°C - 65°C | Throttling: None - None - None - None - None - None - None - None
696 (765260 Gflops/s) - 680 (747667 Gflops/s) - 673 (739971 Gflops/s) - 676 (743269 Gflops/s) - 676 (743269 Gflops/s) - 677 (744369 Gflops/s) - 673 (739971 Gflops/s) - 667 (733374 Gflops/s) | Temperatures: 57°C - 58°C - 65°C - 64°C - 61°C - 58°C - 63°C - 65°C | Throttling: None - None - None - None - None - None - None - None
677 (744369 Gflops/s) - 681 (748767 Gflops/s) - 672 (738871 Gflops/s) - 675 (742170 Gflops/s) - 676 (743269 Gflops/s) - 678 (745468 Gflops/s) - 673 (739971 Gflops/s) - 678 (745468 Gflops/s) | Temperatures: 57°C - 59°C - 65°C - 65°C - 61°C - 58°C - 64°C - 65°C | Throttling: None - None - None - None - None - None - None - None
686 (754264 Gflops/s) - 679 (746568 Gflops/s) - 673 (739971 Gflops/s) - 674 (741070 Gflops/s) - 673 (739971 Gflops/s) - 686 (754264 Gflops/s) - 673 (739971 Gflops/s) - 658 (723478 Gflops/s) | Temperatures: 57°C - 59°C - 65°C - 65°C - 61°C - 58°C - 64°C - 66°C | Throttling: None - None - None - None - None - None - None - None
687 (755364 Gflops/s) - 681 (748767 Gflops/s) - 672 (738871 Gflops/s) - 674 (741070 Gflops/s) - 679 (746568 Gflops/s) - 668 (734473 Gflops/s) - 672 (738871 Gflops/s) - 670 (736672 Gflops/s) | Temperatures: 57°C - 59°C - 65°C - 65°C - 62°C - 58°C - 64°C - 66°C | Throttling: None - None - None - None - None - None - None - None
686 (754264 Gflops/s) - 680 (747667 Gflops/s) - 673 (739971 Gflops/s) - 678 (745468 Gflops/s) - 670 (736672 Gflops/s) - 678 (745468 Gflops/s) - 673 (739971 Gflops/s) - 668 (734473 Gflops/s) | Temperatures: 58°C - 59°C - 66°C - 65°C - 62°C - 58°C - 64°C - 66°C | Throttling: None - None - None - None - None - None - None - None
686 (754264 Gflops/s) - 679 (746568 Gflops/s) - 671 (737772 Gflops/s) - 676 (743269 Gflops/s) - 673 (739971 Gflops/s) - 677 (744369 Gflops/s) - 672 (738871 Gflops/s) - 667 (733374 Gflops/s) | Temperatures: 58°C - 59°C - 66°C - 65°C - 62°C - 58°C - 65°C - 66°C | Throttling: None - None - None - None - None - None - None - None
689 (757563 Gflops/s) - 683 (750966 Gflops/s) - 671 (737772 Gflops/s) - 680 (747667 Gflops/s) - 676 (743269 Gflops/s) - 680 (747667 Gflops/s) - 678 (745468 Gflops/s) - 671 (737772 Gflops/s) | Temperatures: 58°C - 59°C - 66°C - 66°C - 62°C - 58°C - 65°C - 67°C | Throttling: None - None - None - None - None - None - None - None
694 (763061 Gflops/s) - 703 (772956 Gflops/s) - 675 (742170 Gflops/s) - 684 (752065 Gflops/s) - 681 (748767 Gflops/s) - 684 (752065 Gflops/s) - 684 (752065 Gflops/s) - 676 (743269 Gflops/s) | Temperatures: 58°C - 59°C - 66°C - 66°C - 62°C - 58°C - 65°C - 67°C | Throttling: None - None - None - None - None - None - None - None
694 (763061 Gflops/s) - 672 (738871 Gflops/s) - 674 (741070 Gflops/s) - 683 (750966 Gflops/s) - 681 (748767 Gflops/s) - 684 (752065 Gflops/s) - 684 (752065 Gflops/s) - 676 (743269 Gflops/s) | Temperatures: 58°C - 59°C - 67°C - 66°C - 62°C - 58°C - 65°C - 67°C | Throttling: None - None - None - None - None - None - None - None
694 (763061 Gflops/s) - 688 (756463 Gflops/s) - 674 (741070 Gflops/s) - 683 (750966 Gflops/s) - 680 (747667 Gflops/s) - 684 (752065 Gflops/s) - 684 (752065 Gflops/s) - 676 (743269 Gflops/s) | Temperatures: 58°C - 59°C - 67°C - 66°C - 62°C - 59°C - 66°C - 67°C | Throttling: None - None - None - None - None - None - None - None
693 (761961 Gflops/s) - 686 (754264 Gflops/s) - 673 (739971 Gflops/s) - 681 (748767 Gflops/s) - 680 (747667 Gflops/s) - 683 (750966 Gflops/s) - 682 (749866 Gflops/s) - 674 (741070 Gflops/s) | Temperatures: 58°C - 60°C - 67°C - 66°C - 63°C - 59°C - 66°C - 68°C | Throttling: None - None - None - None - None - None - None - None
693 (761961 Gflops/s) - 687 (755364 Gflops/s) - 673 (739971 Gflops/s) - 698 (767459 Gflops/s) - 680 (747667 Gflops/s) - 684 (752065 Gflops/s) - 689 (757563 Gflops/s) - 677 (744369 Gflops/s) | Temperatures: 58°C - 60°C - 67°C - 67°C - 63°C - 59°C - 66°C - 68°C | Throttling: None - None - None - None - None - None - None - None
694 (763061 Gflops/s) - 687 (755364 Gflops/s) - 674 (741070 Gflops/s) - 665 (731175 Gflops/s) - 680 (747667 Gflops/s) - 684 (752065 Gflops/s) - 676 (743269 Gflops/s) - 675 (742170 Gflops/s) | Temperatures: 58°C - 60°C - 67°C - 67°C - 63°C - 59°C - 66°C - 68°C | Throttling: None - None - None - None - None - None - None - None
694 (763061 Gflops/s) - 687 (755364 Gflops/s) - 672 (738871 Gflops/s) - 683 (750966 Gflops/s) - 679 (746568 Gflops/s) - 684 (752065 Gflops/s) - 683 (750966 Gflops/s) - 674 (741070 Gflops/s) | Temperatures: 58°C - 60°C - 67°C - 67°C - 63°C - 59°C - 66°C - 68°C | Throttling: None - None - None - None - None - None - None - None
693 (761961 Gflops/s) - 688 (756463 Gflops/s) - 673 (739971 Gflops/s) - 680 (747667 Gflops/s) - 679 (746568 Gflops/s) - 683 (750966 Gflops/s) - 682 (749866 Gflops/s) - 674 (741070 Gflops/s) | Temperatures: 59°C - 60°C - 68°C - 67°C - 63°C - 59°C - 66°C - 68°C | Throttling: None - None - None - None - None - None - None - None
693 (761961 Gflops/s) - 686 (754264 Gflops/s) - 672 (738871 Gflops/s) - 679 (746568 Gflops/s) - 679 (746568 Gflops/s) - 683 (750966 Gflops/s) - 682 (749866 Gflops/s) - 672 (738871 Gflops/s) | Temperatures: 59°C - 60°C - 68°C - 67°C - 63°C - 59°C - 67°C - 68°C | Throttling: None - None - None - None - None - None - None - None
693 (761961 Gflops/s) - 687 (755364 Gflops/s) - 672 (738871 Gflops/s) - 680 (747667 Gflops/s) - 678 (745468 Gflops/s) - 684 (752065 Gflops/s) - 682 (749866 Gflops/s) - 674 (741070 Gflops/s) | Temperatures: 59°C - 60°C - 68°C - 68°C - 63°C - 59°C - 67°C - 69°C | Throttling: None - None - None - None - None - None - None - None
693 (761961 Gflops/s) - 690 (758663 Gflops/s) - 671 (737772 Gflops/s) - 680 (747667 Gflops/s) - 680 (747667 Gflops/s) - 683 (750966 Gflops/s) - 682 (749866 Gflops/s) - 675 (742170 Gflops/s) | Temperatures: 59°C - 60°C - 68°C - 68°C - 63°C - 59°C - 67°C - 69°C | Throttling: None - None - None - None - None - None - None - None
693 (761961 Gflops/s) - 684 (752065 Gflops/s) - 672 (738871 Gflops/s) - 679 (746568 Gflops/s) - 678 (745468 Gflops/s) - 684 (752065 Gflops/s) - 682 (749866 Gflops/s) - 673 (739971 Gflops/s) | Temperatures: 59°C - 60°C - 68°C - 68°C - 63°C - 59°C - 67°C - 69°C | Throttling: None - None - None - None - None - None - None - None
693 (761961 Gflops/s) - 687 (755364 Gflops/s) - 671 (737772 Gflops/s) - 678 (745468 Gflops/s) - 679 (746568 Gflops/s) - 684 (752065 Gflops/s) - 681 (748767 Gflops/s) - 673 (739971 Gflops/s) | Temperatures: 59°C - 60°C - 68°C - 68°C - 63°C - 59°C - 67°C - 69°C | Throttling: None - None - None - None - None - None - None - None
692 (760862 Gflops/s) - 685 (753165 Gflops/s) - 671 (737772 Gflops/s) - 677 (744369 Gflops/s) - 677 (744369 Gflops/s) - 683 (750966 Gflops/s) - 681 (748767 Gflops/s) - 670 (736672 Gflops/s) | Temperatures: 59°C - 60°C - 69°C - 68°C - 64°C - 60°C - 68°C - 69°C | Throttling: None - None - None - None - None - None - None - None
693 (761961 Gflops/s) - 686 (754264 Gflops/s) - 671 (737772 Gflops/s) - 678 (745468 Gflops/s) - 677 (744369 Gflops/s) - 683 (750966 Gflops/s) - 682 (749866 Gflops/s) - 672 (738871 Gflops/s) | Temperatures: 59°C - 60°C - 69°C - 68°C - 63°C - 59°C - 68°C - 69°C | Throttling: None - None - None - None - None - None - None - None
693 (761961 Gflops/s) - 687 (755364 Gflops/s) - 670 (736672 Gflops/s) - 677 (744369 Gflops/s) - 677 (744369 Gflops/s) - 684 (752065 Gflops/s) - 681 (748767 Gflops/s) - 672 (738871 Gflops/s) | Temperatures: 59°C - 60°C - 69°C - 68°C - 63°C - 60°C - 68°C - 70°C | Throttling: None - None - None - None - None - None - None - None
693 (761961 Gflops/s) - 686 (754264 Gflops/s) - 670 (736672 Gflops/s) - 678 (745468 Gflops/s) - 677 (744369 Gflops/s) - 683 (750966 Gflops/s) - 681 (748767 Gflops/s) - 671 (737772 Gflops/s) | Temperatures: 59°C - 60°C - 69°C - 68°C - 64°C - 60°C - 68°C - 70°C | Throttling: None - None - None - None - None - None - None - None
692 (760862 Gflops/s) - 686 (754264 Gflops/s) - 670 (736672 Gflops/s) - 677 (744369 Gflops/s) - 677 (744369 Gflops/s) - 683 (750966 Gflops/s) - 682 (749866 Gflops/s) - 669 (735573 Gflops/s) | Temperatures: 59°C - 61°C - 69°C - 69°C - 63°C - 60°C - 68°C - 70°C | Throttling: None - None - None - None - None - None - None - None
693 (761961 Gflops/s) - 685 (753165 Gflops/s) - 669 (735573 Gflops/s) - 675 (742170 Gflops/s) - 676 (743269 Gflops/s) - 683 (750966 Gflops/s) - 680 (747667 Gflops/s) - 669 (735573 Gflops/s) | Temperatures: 59°C - 61°C - 69°C - 69°C - 64°C - 60°C - 68°C - 70°C | Throttling: None - None - None - None - None - None - None - None
692 (760862 Gflops/s) - 686 (754264 Gflops/s) - 669 (735573 Gflops/s) - 676 (743269 Gflops/s) - 677 (744369 Gflops/s) - 683 (750966 Gflops/s) - 681 (748767 Gflops/s) - 670 (736672 Gflops/s) | Temperatures: 59°C - 61°C - 69°C - 69°C - 64°C - 60°C - 68°C - 70°C | Throttling: None - None - None - None - None - None - None - None
693 (761961 Gflops/s) - 687 (755364 Gflops/s) - 670 (736672 Gflops/s) - 675 (742170 Gflops/s) - 678 (745468 Gflops/s) - 683 (750966 Gflops/s) - 680 (747667 Gflops/s) - 668 (734473 Gflops/s) | Temperatures: 59°C - 61°C - 70°C - 69°C - 64°C - 60°C - 69°C - 70°C | Throttling: None - None - None - None - None - None - None - None
692 (760862 Gflops/s) - 685 (753165 Gflops/s) - 669 (735573 Gflops/s) - 676 (743269 Gflops/s) - 677 (744369 Gflops/s) - 681 (748767 Gflops/s) - 680 (747667 Gflops/s) - 668 (734473 Gflops/s) | Temperatures: 59°C - 61°C - 70°C - 69°C - 64°C - 60°C - 69°C - 70°C | Throttling: None - None - None - None - None - None - None - None
692 (760862 Gflops/s) - 686 (754264 Gflops/s) - 668 (734473 Gflops/s) - 679 (746568 Gflops/s) - 676 (743269 Gflops/s) - 681 (748767 Gflops/s) - 680 (747667 Gflops/s) - 668 (734473 Gflops/s) | Temperatures: 59°C - 61°C - 70°C - 69°C - 64°C - 60°C - 69°C - 70°C | Throttling: None - None - None - None - None - None - None - None
693 (761961 Gflops/s) - 686 (754264 Gflops/s) - 669 (735573 Gflops/s) - 672 (738871 Gflops/s) - 677 (744369 Gflops/s) - 684 (752065 Gflops/s) - 696 (765260 Gflops/s) - 668 (734473 Gflops/s) | Temperatures: 59°C - 61°C - 70°C - 69°C - 64°C - 60°C - 69°C - 71°C | Throttling: None - None - None - None - None - None - None - None
692 (760862 Gflops/s) - 686 (754264 Gflops/s) - 669 (735573 Gflops/s) - 675 (742170 Gflops/s) - 676 (743269 Gflops/s) - 682 (749866 Gflops/s) - 664 (730075 Gflops/s) - 667 (733374 Gflops/s) | Temperatures: 59°C - 61°C - 70°C - 69°C - 64°C - 60°C - 69°C - 71°C | Throttling: None - None - None - None - None - None - None - None
692 (760862 Gflops/s) - 687 (755364 Gflops/s) - 668 (734473 Gflops/s) - 674 (741070 Gflops/s) - 676 (743269 Gflops/s) - 683 (750966 Gflops/s) - 679 (746568 Gflops/s) - 667 (733374 Gflops/s) | Temperatures: 59°C - 61°C - 70°C - 69°C - 64°C - 60°C - 69°C - 71°C | Throttling: None - None - None - None - None - None - None - None
692 (760862 Gflops/s) - 685 (753165 Gflops/s) - 668 (734473 Gflops/s) - 675 (742170 Gflops/s) - 675 (742170 Gflops/s) - 681 (748767 Gflops/s) - 680 (747667 Gflops/s) - 667 (733374 Gflops/s) | Temperatures: 60°C - 61°C - 70°C - 70°C - 64°C - 60°C - 69°C - 71°C | Throttling: None - None - None - None - None - None - None - None
692 (760862 Gflops/s) - 685 (753165 Gflops/s) - 667 (733374 Gflops/s) - 673 (739971 Gflops/s) - 676 (743269 Gflops/s) - 682 (749866 Gflops/s) - 679 (746568 Gflops/s) - 666 (732274 Gflops/s) | Temperatures: 60°C - 61°C - 70°C - 70°C - 64°C - 60°C - 69°C - 71°C | Throttling: None - None - None - None - None - None - None - None
692 (760862 Gflops/s) - 685 (753165 Gflops/s) - 668 (734473 Gflops/s) - 674 (741070 Gflops/s) - 674 (741070 Gflops/s) - 680 (747667 Gflops/s) - 678 (745468 Gflops/s) - 667 (733374 Gflops/s) | Temperatures: 60°C - 61°C - 70°C - 70°C - 64°C - 60°C - 69°C - 71°C | Throttling: None - None - None - None - None - None - None - None
692 (760862 Gflops/s) - 686 (754264 Gflops/s) - 668 (734473 Gflops/s) - 674 (741070 Gflops/s) - 677 (744369 Gflops/s) - 682 (749866 Gflops/s) - 679 (746568 Gflops/s) - 667 (733374 Gflops/s) | Temperatures: 60°C - 61°C - 70°C - 70°C - 64°C - 60°C - 70°C - 71°C | Throttling: None - None - None - None - None - None - None - None
692 (760862 Gflops/s) - 686 (754264 Gflops/s) - 668 (734473 Gflops/s) - 674 (741070 Gflops/s) - 675 (742170 Gflops/s) - 681 (748767 Gflops/s) - 679 (746568 Gflops/s) - 665 (731175 Gflops/s) | Temperatures: 60°C - 61°C - 70°C - 70°C - 64°C - 60°C - 70°C - 71°C | Throttling: None - None - None - None - None - None - None - None
693 (761961 Gflops/s) - 684 (752065 Gflops/s) - 684 (752065 Gflops/s) - 674 (741070 Gflops/s) - 676 (743269 Gflops/s) - 681 (748767 Gflops/s) - 678 (745468 Gflops/s) - 667 (733374 Gflops/s) | Temperatures: 60°C - 61°C - 71°C - 70°C - 64°C - 60°C - 70°C - 71°C | Throttling: None - None - None - None - None - None - None - None
691 (759762 Gflops/s) - 684 (752065 Gflops/s) - 651 (715782 Gflops/s) - 673 (739971 Gflops/s) - 680 (747667 Gflops/s) - 681 (748767 Gflops/s) - 680 (747667 Gflops/s) - 665 (731175 Gflops/s) | Temperatures: 60°C - 61°C - 71°C - 70°C - 64°C - 60°C - 70°C - 71°C | Throttling: None - None - None - None - None - None - None - None
693 (761961 Gflops/s) - 685 (753165 Gflops/s) - 668 (734473 Gflops/s) - 673 (739971 Gflops/s) - 669 (735573 Gflops/s) - 681 (748767 Gflops/s) - 676 (743269 Gflops/s) - 665 (731175 Gflops/s) | Temperatures: 60°C - 61°C - 71°C - 70°C - 64°C - 60°C - 70°C - 72°C | Throttling: None - None - None - None - None - None - None - None
691 (759762 Gflops/s) - 684 (752065 Gflops/s) - 668 (734473 Gflops/s) - 674 (741070 Gflops/s) - 675 (742170 Gflops/s) - 681 (748767 Gflops/s) - 677 (744369 Gflops/s) - 666 (732274 Gflops/s) | Temperatures: 60°C - 61°C - 71°C - 70°C - 64°C - 60°C - 70°C - 72°C | Throttling: None - None - None - None - None - None - None - None
692 (760862 Gflops/s) - 686 (754264 Gflops/s) - 667 (733374 Gflops/s) - 673 (739971 Gflops/s) - 676 (743269 Gflops/s) - 681 (748767 Gflops/s) - 678 (745468 Gflops/s) - 665 (731175 Gflops/s) | Temperatures: 60°C - 61°C - 71°C - 71°C - 64°C - 60°C - 70°C - 72°C | Throttling: None - None - None - None - None - None - None - None
692 (760862 Gflops/s) - 685 (753165 Gflops/s) - 668 (734473 Gflops/s) - 674 (741070 Gflops/s) - 674 (741070 Gflops/s) - 682 (749866 Gflops/s) - 678 (745468 Gflops/s) - 665 (731175 Gflops/s) | Temperatures: 60°C - 61°C - 71°C - 71°C - 64°C - 60°C - 70°C - 72°C | Throttling: None - None - None - None - None - None - None - None
691 (759762 Gflops/s) - 684 (752065 Gflops/s) - 667 (733374 Gflops/s) - 673 (739971 Gflops/s) - 674 (741070 Gflops/s) - 681 (748767 Gflops/s) - 676 (743269 Gflops/s) - 663 (728976 Gflops/s) | Temperatures: 60°C - 61°C - 71°C - 71°C - 64°C - 60°C - 70°C - 72°C | Throttling: None - None - None - None - None - None - None - None
691 (759762 Gflops/s) - 685 (753165 Gflops/s) - 668 (734473 Gflops/s) - 673 (739971 Gflops/s) - 675 (742170 Gflops/s) - 681 (748767 Gflops/s) - 678 (745468 Gflops/s) - 665 (731175 Gflops/s) | Temperatures: 60°C - 61°C - 71°C - 71°C - 64°C - 61°C - 70°C - 72°C | Throttling: None - None - None - None - None - None - None - None
692 (760862 Gflops/s) - 685 (753165 Gflops/s) - 677 (744369 Gflops/s) - 674 (741070 Gflops/s) - 675 (742170 Gflops/s) - 681 (748767 Gflops/s) - 677 (744369 Gflops/s) - 665 (731175 Gflops/s) | Temperatures: 60°C - 61°C - 71°C - 71°C - 64°C - 60°C - 70°C - 72°C | Throttling: None - None - None - None - None - None - None - None
692 (760862 Gflops/s) - 696 (765260 Gflops/s) - 659 (724578 Gflops/s) - 673 (739971 Gflops/s) - 674 (741070 Gflops/s) - 679 (746568 Gflops/s) - 678 (745468 Gflops/s) - 664 (730075 Gflops/s) | Temperatures: 60°C - 61°C - 71°C - 71°C - 64°C - 60°C - 71°C - 72°C | Throttling: None - None - None - None - None - None - None - None
691 (759762 Gflops/s) - 673 (739971 Gflops/s) - 668 (734473 Gflops/s) - 674 (741070 Gflops/s) - 676 (743269 Gflops/s) - 681 (748767 Gflops/s) - 678 (745468 Gflops/s) - 664 (730075 Gflops/s) | Temperatures: 60°C - 61°C - 71°C - 71°C - 64°C - 60°C - 71°C - 72°C | Throttling: None - None - None - None - None - None - None - None
691 (759762 Gflops/s) - 684 (752065 Gflops/s) - 667 (733374 Gflops/s) - 673 (739971 Gflops/s) - 674 (741070 Gflops/s) - 681 (748767 Gflops/s) - 675 (742170 Gflops/s) - 663 (728976 Gflops/s) | Temperatures: 60°C - 61°C - 72°C - 71°C - 64°C - 60°C - 71°C - 72°C | Throttling: None - None - None - None - None - None - None - None
688 (756463 Gflops/s) - 681 (748767 Gflops/s) - 664 (730075 Gflops/s) - 670 (736672 Gflops/s) - 670 (736672 Gflops/s) - 677 (744369 Gflops/s) - 673 (739971 Gflops/s) - 661 (726777 Gflops/s) | Temperatures: 60°C - 62°C - 72°C - 71°C - 64°C - 61°C - 71°C - 72°C | Throttling: None - None - None - None - None - None - None - None
685 (753165 Gflops/s) - 679 (746568 Gflops/s) - 661 (726777 Gflops/s) - 667 (733374 Gflops/s) - 669 (735573 Gflops/s) - 673 (739971 Gflops/s) - 670 (736672 Gflops/s) - 658 (723478 Gflops/s) | Temperatures: 60°C - 62°C - 72°C - 71°C - 64°C - 60°C - 71°C - 72°C | Throttling: None - None - None - None - None - None - None - None
685 (753165 Gflops/s) - 679 (746568 Gflops/s) - 662 (727876 Gflops/s) - 667 (733374 Gflops/s) - 669 (735573 Gflops/s) - 676 (743269 Gflops/s) - 671 (737772 Gflops/s) - 657 (722379 Gflops/s) | Temperatures: 60°C - 62°C - 72°C - 71°C - 64°C - 61°C - 71°C - 72°C | Throttling: None - None - None - None - None - None - None - None
685 (753165 Gflops/s) - 678 (745468 Gflops/s) - 662 (727876 Gflops/s) - 667 (733374 Gflops/s) - 668 (734473 Gflops/s) - 673 (739971 Gflops/s) - 671 (737772 Gflops/s) - 658 (723478 Gflops/s) | Temperatures: 60°C - 62°C - 72°C - 71°C - 64°C - 60°C - 71°C - 73°C | Throttling: None - None - None - None - None - None - None - None
686 (754264 Gflops/s) - 679 (746568 Gflops/s) - 662 (727876 Gflops/s) - 668 (734473 Gflops/s) - 673 (739971 Gflops/s) - 676 (743269 Gflops/s) - 670 (736672 Gflops/s) - 658 (723478 Gflops/s) | Temperatures: 60°C - 62°C - 72°C - 71°C - 65°C - 61°C - 71°C - 73°C | Throttling: None - None - None - None - None - None - None - None
684 (752065 Gflops/s) - 678 (745468 Gflops/s) - 661 (726777 Gflops/s) - 667 (733374 Gflops/s) - 677 (744369 Gflops/s) - 674 (741070 Gflops/s) - 670 (736672 Gflops/s) - 658 (723478 Gflops/s) | Temperatures: 60°C - 62°C - 72°C - 72°C - 65°C - 61°C - 71°C - 73°C | Throttling: None - None - None - None - None - None - None - None
686 (754264 Gflops/s) - 678 (745468 Gflops/s) - 662 (727876 Gflops/s) - 667 (733374 Gflops/s) - 678 (745468 Gflops/s) - 675 (742170 Gflops/s) - 669 (735573 Gflops/s) - 658 (723478 Gflops/s) | Temperatures: 60°C - 62°C - 72°C - 72°C - 65°C - 61°C - 71°C - 73°C | Throttling: None - None - None - None - None - None - None - None
685 (753165 Gflops/s) - 679 (746568 Gflops/s) - 661 (726777 Gflops/s) - 667 (733374 Gflops/s) - 678 (745468 Gflops/s) - 674 (741070 Gflops/s) - 670 (736672 Gflops/s) - 657 (722379 Gflops/s) | Temperatures: 60°C - 62°C - 72°C - 72°C - 65°C - 61°C - 71°C - 73°C | Throttling: None - None - None - None - None - None - None - None
685 (753165 Gflops/s) - 678 (745468 Gflops/s) - 662 (727876 Gflops/s) - 668 (734473 Gflops/s) - 677 (744369 Gflops/s) - 675 (742170 Gflops/s) - 669 (735573 Gflops/s) - 658 (723478 Gflops/s) | Temperatures: 60°C - 62°C - 72°C - 72°C - 65°C - 61°C - 71°C - 73°C | Throttling: None - None - None - None - None - None - None - None
685 (753165 Gflops/s) - 678 (745468 Gflops/s) - 662 (727876 Gflops/s) - 667 (733374 Gflops/s) - 678 (745468 Gflops/s) - 677 (744369 Gflops/s) - 670 (736672 Gflops/s) - 658 (723478 Gflops/s) | Temperatures: 60°C - 62°C - 72°C - 72°C - 65°C - 61°C - 71°C - 73°C | Throttling: None - None - None - None - None - None - None - None
685 (753165 Gflops/s) - 678 (745468 Gflops/s) - 661 (726777 Gflops/s) - 668 (734473 Gflops/s) - 678 (745468 Gflops/s) - 674 (741070 Gflops/s) - 669 (735573 Gflops/s) - 657 (722379 Gflops/s) | Temperatures: 60°C - 62°C - 72°C - 72°C - 65°C - 61°C - 71°C - 73°C | Throttling: None - None - None - None - None - None - None - None
684 (752065 Gflops/s) - 678 (745468 Gflops/s) - 662 (727876 Gflops/s) - 667 (733374 Gflops/s) - 677 (744369 Gflops/s) - 674 (741070 Gflops/s) - 669 (735573 Gflops/s) - 658 (723478 Gflops/s) | Temperatures: 60°C - 62°C - 72°C - 72°C - 65°C - 61°C - 71°C - 73°C | Throttling: None - None - None - None - None - None - None - None
685 (753165 Gflops/s) - 678 (745468 Gflops/s) - 661 (726777 Gflops/s) - 667 (733374 Gflops/s) - 677 (744369 Gflops/s) - 674 (741070 Gflops/s) - 670 (736672 Gflops/s) - 658 (723478 Gflops/s) | Temperatures: 60°C - 62°C - 72°C - 72°C - 65°C - 61°C - 72°C - 73°C | Throttling: None - None - None - None - None - None - None - None
683 (750966 Gflops/s) - 677 (744369 Gflops/s) - 661 (726777 Gflops/s) - 666 (732274 Gflops/s) - 676 (743269 Gflops/s) - 673 (739971 Gflops/s) - 668 (734473 Gflops/s) - 656 (721279 Gflops/s) | Temperatures: 60°C - 62°C - 72°C - 72°C - 65°C - 61°C - 72°C - 73°C | Throttling: None - None - None - None - None - None - None - None
684 (752065 Gflops/s) - 677 (744369 Gflops/s) - 660 (725677 Gflops/s) - 666 (732274 Gflops/s) - 676 (743269 Gflops/s) - 674 (741070 Gflops/s) - 668 (734473 Gflops/s) - 657 (722379 Gflops/s) | Temperatures: 60°C - 62°C - 72°C - 72°C - 65°C - 61°C - 72°C - 73°C | Throttling: None - None - None - None - None - None - None - None
683 (750966 Gflops/s) - 676 (743269 Gflops/s) - 660 (725677 Gflops/s) - 666 (732274 Gflops/s) - 675 (742170 Gflops/s) - 672 (738871 Gflops/s) - 668 (734473 Gflops/s) - 656 (721279 Gflops/s) | Temperatures: 60°C - 62°C - 72°C - 72°C - 65°C - 61°C - 72°C - 73°C | Throttling: None - None - None - None - None - None - None - None
684 (752065 Gflops/s) - 678 (745468 Gflops/s) - 661 (726777 Gflops/s) - 666 (732274 Gflops/s) - 676 (743269 Gflops/s) - 673 (739971 Gflops/s) - 668 (734473 Gflops/s) - 656 (721279 Gflops/s) | Temperatures: 60°C - 62°C - 72°C - 72°C - 65°C - 61°C - 72°C - 73°C | Throttling: None - None - None - None - None - None - None - None
684 (752065 Gflops/s) - 677 (744369 Gflops/s) - 660 (725677 Gflops/s) - 666 (732274 Gflops/s) - 676 (743269 Gflops/s) - 688 (756463 Gflops/s) - 669 (735573 Gflops/s) - 656 (721279 Gflops/s) | Temperatures: 60°C - 61°C - 72°C - 72°C - 65°C - 61°C - 72°C - 73°C | Throttling: None - None - None - None - None - None - None - None
683 (750966 Gflops/s) - 677 (744369 Gflops/s) - 661 (726777 Gflops/s) - 666 (732274 Gflops/s) - 676 (743269 Gflops/s) - 660 (725677 Gflops/s) - 668 (734473 Gflops/s) - 657 (722379 Gflops/s) | Temperatures: 60°C - 61°C - 72°C - 72°C - 65°C - 60°C - 71°C - 73°C | Throttling: None - None - None - None - None - None - None - None
684 (752065 Gflops/s) - 677 (744369 Gflops/s) - 660 (725677 Gflops/s) - 666 (732274 Gflops/s) - 676 (743269 Gflops/s) - 674 (741070 Gflops/s) - 668 (734473 Gflops/s) - 656 (721279 Gflops/s) | Temperatures: 60°C - 61°C - 72°C - 72°C - 65°C - 60°C - 72°C - 73°C | Throttling: None - None - None - None - None - None - None - None
683 (750966 Gflops/s) - 676 (743269 Gflops/s) - 660 (725677 Gflops/s) - 666 (732274 Gflops/s) - 677 (744369 Gflops/s) - 674 (741070 Gflops/s) - 668 (734473 Gflops/s) - 655 (720180 Gflops/s) | Temperatures: 60°C - 61°C - 72°C - 72°C - 65°C - 60°C - 71°C - 73°C | Throttling: None - None - None - None - None - None - None - None
686 (754264 Gflops/s) - 680 (747667 Gflops/s) - 663 (728976 Gflops/s) - 669 (735573 Gflops/s) - 678 (745468 Gflops/s) - 676 (743269 Gflops/s) - 671 (737772 Gflops/s) - 658 (723478 Gflops/s) | Temperatures: 60°C - 62°C - 72°C - 72°C - 65°C - 60°C - 71°C - 73°C | Throttling: None - None - None - None - None - None - None - None
691 (759762 Gflops/s) - 683 (750966 Gflops/s) - 667 (733374 Gflops/s) - 672 (738871 Gflops/s) - 682 (749866 Gflops/s) - 680 (747667 Gflops/s) - 674 (741070 Gflops/s) - 672 (738871 Gflops/s) | Temperatures: 60°C - 61°C - 72°C - 72°C - 65°C - 60°C - 71°C - 73°C | Throttling: None - None - None - None - None - None - None - None
690 (758663 Gflops/s) - 684 (752065 Gflops/s) - 666 (732274 Gflops/s) - 672 (738871 Gflops/s) - 682 (749866 Gflops/s) - 679 (746568 Gflops/s) - 688 (756463 Gflops/s) - 653 (717981 Gflops/s) | Temperatures: 60°C - 61°C - 72°C - 72°C - 64°C - 61°C - 71°C - 73°C | Throttling: None - None - None - None - None - None - None - None
690 (758663 Gflops/s) - 683 (750966 Gflops/s) - 666 (732274 Gflops/s) - 673 (739971 Gflops/s) - 682 (749866 Gflops/s) - 678 (745468 Gflops/s) - 661 (726777 Gflops/s) - 662 (727876 Gflops/s) | Temperatures: 60°C - 61°C - 72°C - 72°C - 64°C - 60°C - 71°C - 73°C | Throttling: None - None - None - None - None - None - None - None
690 (758663 Gflops/s) - 683 (750966 Gflops/s) - 667 (733374 Gflops/s) - 672 (738871 Gflops/s) - 682 (749866 Gflops/s) - 681 (748767 Gflops/s) - 674 (741070 Gflops/s) - 663 (728976 Gflops/s) | Temperatures: 60°C - 61°C - 72°C - 72°C - 64°C - 60°C - 71°C - 73°C | Throttling: None - None - None - None - None - None - None - None
690 (758663 Gflops/s) - 683 (750966 Gflops/s) - 666 (732274 Gflops/s) - 672 (738871 Gflops/s) - 683 (750966 Gflops/s) - 694 (763061 Gflops/s) - 675 (742170 Gflops/s) - 662 (727876 Gflops/s) | Temperatures: 60°C - 61°C - 72°C - 72°C - 64°C - 60°C - 71°C - 73°C | Throttling: None - None - None - None - None - None - None - None
690 (758663 Gflops/s) - 683 (750966 Gflops/s) - 667 (733374 Gflops/s) - 672 (738871 Gflops/s) - 682 (749866 Gflops/s) - 664 (730075 Gflops/s) - 674 (741070 Gflops/s) - 662 (727876 Gflops/s) | Temperatures: 60°C - 61°C - 72°C - 72°C - 64°C - 60°C - 71°C - 73°C | Throttling: None - None - None - None - None - None - None - None
690 (758663 Gflops/s) - 683 (750966 Gflops/s) - 666 (732274 Gflops/s) - 673 (739971 Gflops/s) - 683 (750966 Gflops/s) - 680 (747667 Gflops/s) - 675 (742170 Gflops/s) - 662 (727876 Gflops/s) | Temperatures: 60°C - 61°C - 72°C - 72°C - 64°C - 60°C - 71°C - 73°C | Throttling: None - None - None - None - None - None - None - None
690 (758663 Gflops/s) - 684 (752065 Gflops/s) - 667 (733374 Gflops/s) - 676 (743269 Gflops/s) - 683 (750966 Gflops/s) - 680 (747667 Gflops/s) - 674 (741070 Gflops/s) - 662 (727876 Gflops/s) | Temperatures: 60°C - 61°C - 72°C - 72°C - 64°C - 60°C - 71°C - 73°C | Throttling: None - None - None - None - None - None - None - None
691 (759762 Gflops/s) - 683 (750966 Gflops/s) - 666 (732274 Gflops/s) - 669 (735573 Gflops/s) - 683 (750966 Gflops/s) - 680 (747667 Gflops/s) - 675 (742170 Gflops/s) - 663 (728976 Gflops/s) | Temperatures: 60°C - 61°C - 72°C - 72°C - 64°C - 60°C - 71°C - 73°C | Throttling: None - None - None - None - None - None - None - None
689 (757563 Gflops/s) - 683 (750966 Gflops/s) - 666 (732274 Gflops/s) - 671 (737772 Gflops/s) - 682 (749866 Gflops/s) - 680 (747667 Gflops/s) - 674 (741070 Gflops/s) - 662 (727876 Gflops/s) | Temperatures: 59°C - 61°C - 72°C - 72°C - 64°C - 60°C - 71°C - 73°C | Throttling: None - None - None - None - None - None - None - None
690 (758663 Gflops/s) - 685 (753165 Gflops/s) - 667 (733374 Gflops/s) - 673 (739971 Gflops/s) - 682 (749866 Gflops/s) - 680 (747667 Gflops/s) - 674 (741070 Gflops/s) - 662 (727876 Gflops/s) | Temperatures: 59°C - 61°C - 72°C - 72°C - 64°C - 60°C - 71°C - 73°C | Throttling: None - None - None - None - None - None - None - None
690 (758663 Gflops/s) - 683 (750966 Gflops/s) - 667 (733374 Gflops/s) - 672 (738871 Gflops/s) - 683 (750966 Gflops/s) - 680 (747667 Gflops/s) - 675 (742170 Gflops/s) - 663 (728976 Gflops/s) | Temperatures: 59°C - 61°C - 72°C - 72°C - 64°C - 60°C - 71°C - 73°C | Throttling: None - None - None - None - None - None - None - None
691 (759762 Gflops/s) - 684 (752065 Gflops/s) - 667 (733374 Gflops/s) - 673 (739971 Gflops/s) - 694 (763061 Gflops/s) - 680 (747667 Gflops/s) - 674 (741070 Gflops/s) - 662 (727876 Gflops/s) | Temperatures: 59°C - 61°C - 72°C - 72°C - 64°C - 60°C - 71°C - 73°C | Throttling: None - None - None - None - None - None - None - None
689 (757563 Gflops/s) - 682 (749866 Gflops/s) - 666 (732274 Gflops/s) - 672 (738871 Gflops/s) - 671 (737772 Gflops/s) - 680 (747667 Gflops/s) - 674 (741070 Gflops/s) - 661 (726777 Gflops/s) | Temperatures: 59°C - 61°C - 72°C - 71°C - 64°C - 60°C - 71°C - 73°C | Throttling: None - None - None - None - None - None - None - None
691 (759762 Gflops/s) - 684 (752065 Gflops/s) - 666 (732274 Gflops/s) - 672 (738871 Gflops/s) - 682 (749866 Gflops/s) - 681 (748767 Gflops/s) - 674 (741070 Gflops/s) - 663 (728976 Gflops/s) | Temperatures: 59°C - 61°C - 72°C - 71°C - 64°C - 60°C - 71°C - 73°C | Throttling: None - None - None - None - None - None - None - None
690 (758663 Gflops/s) - 684 (752065 Gflops/s) - 667 (733374 Gflops/s) - 673 (739971 Gflops/s) - 682 (749866 Gflops/s) - 681 (748767 Gflops/s) - 675 (742170 Gflops/s) - 663 (728976 Gflops/s) | Temperatures: 59°C - 61°C - 72°C - 71°C - 64°C - 60°C - 71°C - 73°C | Throttling: None - None - None - None - None - None - None - None
690 (758663 Gflops/s) - 683 (750966 Gflops/s) - 666 (732274 Gflops/s) - 672 (738871 Gflops/s) - 683 (750966 Gflops/s) - 681 (748767 Gflops/s) - 675 (742170 Gflops/s) - 662 (727876 Gflops/s) | Temperatures: 59°C - 61°C - 72°C - 71°C - 64°C - 60°C - 71°C - 73°C | Throttling: None - None - None - None - None - None - None - None
690 (758663 Gflops/s) - 683 (750966 Gflops/s) - 667 (733374 Gflops/s) - 672 (738871 Gflops/s) - 682 (749866 Gflops/s) - 679 (746568 Gflops/s) - 673 (739971 Gflops/s) - 662 (727876 Gflops/s) | Temperatures: 59°C - 61°C - 72°C - 71°C - 64°C - 60°C - 71°C - 72°C | Throttling: None - None - None - None - None - None - None - None
690 (758663 Gflops/s) - 683 (750966 Gflops/s) - 666 (732274 Gflops/s) - 672 (738871 Gflops/s) - 682 (749866 Gflops/s) - 680 (747667 Gflops/s) - 675 (742170 Gflops/s) - 662 (727876 Gflops/s) | Temperatures: 59°C - 61°C - 72°C - 71°C - 64°C - 60°C - 71°C - 73°C | Throttling: None - None - None - None - None - None - None - None
691 (759762 Gflops/s) - 684 (752065 Gflops/s) - 667 (733374 Gflops/s) - 673 (739971 Gflops/s) - 683 (750966 Gflops/s) - 681 (748767 Gflops/s) - 674 (741070 Gflops/s) - 663 (728976 Gflops/s) | Temperatures: 59°C - 61°C - 72°C - 71°C - 64°C - 60°C - 71°C - 73°C | Throttling: None - None - None - None - None - None - None - None
689 (757563 Gflops/s) - 683 (750966 Gflops/s) - 667 (733374 Gflops/s) - 672 (738871 Gflops/s) - 683 (750966 Gflops/s) - 680 (747667 Gflops/s) - 675 (742170 Gflops/s) - 662 (727876 Gflops/s) | Temperatures: 59°C - 61°C - 72°C - 71°C - 64°C - 60°C - 71°C - 72°C | Throttling: None - None - None - None - None - None - None - None
690 (758663 Gflops/s) - 684 (752065 Gflops/s) - 666 (732274 Gflops/s) - 672 (738871 Gflops/s) - 682 (749866 Gflops/s) - 679 (746568 Gflops/s) - 674 (741070 Gflops/s) - 662 (727876 Gflops/s) | Temperatures: 59°C - 61°C - 72°C - 71°C - 64°C - 60°C - 71°C - 73°C | Throttling: None - None - None - None - None - None - None - None
690 (758663 Gflops/s) - 697 (766359 Gflops/s) - 667 (733374 Gflops/s) - 673 (739971 Gflops/s) - 682 (749866 Gflops/s) - 680 (747667 Gflops/s) - 675 (742170 Gflops/s) - 663 (728976 Gflops/s) | Temperatures: 59°C - 61°C - 72°C - 71°C - 64°C - 60°C - 71°C - 72°C | Throttling: None - None - None - None - None - None - None - None
690 (758663 Gflops/s) - 669 (735573 Gflops/s) - 667 (733374 Gflops/s) - 672 (738871 Gflops/s) - 683 (750966 Gflops/s) - 679 (746568 Gflops/s) - 674 (741070 Gflops/s) - 679 (746568 Gflops/s) | Temperatures: 59°C - 61°C - 72°C - 71°C - 64°C - 60°C - 71°C - 72°C | Throttling: None - None - None - None - None - None - None - None
690 (758663 Gflops/s) - 684 (752065 Gflops/s) - 667 (733374 Gflops/s) - 677 (744369 Gflops/s) - 682 (749866 Gflops/s) - 681 (748767 Gflops/s) - 675 (742170 Gflops/s) - 645 (709184 Gflops/s) | Temperatures: 59°C - 61°C - 72°C - 71°C - 64°C - 60°C - 71°C - 72°C | Throttling: None - None - None - None - None - None - None - None
690 (758663 Gflops/s) - 683 (750966 Gflops/s) - 666 (732274 Gflops/s) - 667 (733374 Gflops/s) - 683 (750966 Gflops/s) - 679 (746568 Gflops/s) - 674 (741070 Gflops/s) - 663 (728976 Gflops/s) | Temperatures: 59°C - 61°C - 72°C - 71°C - 64°C - 60°C - 71°C - 72°C | Throttling: None - None - None - None - None - None - None - None
690 (758663 Gflops/s) - 683 (750966 Gflops/s) - 667 (733374 Gflops/s) - 673 (739971 Gflops/s) - 683 (750966 Gflops/s) - 678 (745468 Gflops/s) - 675 (742170 Gflops/s) - 662 (727876 Gflops/s) | Temperatures: 59°C - 61°C - 72°C - 71°C - 64°C - 60°C - 71°C - 72°C | Throttling: None - None - None - None - None - None - None - None
690 (758663 Gflops/s) - 684 (752065 Gflops/s) - 667 (733374 Gflops/s) - 672 (738871 Gflops/s) - 683 (750966 Gflops/s) - 680 (747667 Gflops/s) - 679 (746568 Gflops/s) - 663 (728976 Gflops/s) | Temperatures: 59°C - 61°C - 72°C - 71°C - 64°C - 60°C - 71°C - 72°C | Throttling: None - None - None - None - None - None - None - None
690 (758663 Gflops/s) - 683 (750966 Gflops/s) - 666 (732274 Gflops/s) - 672 (738871 Gflops/s) - 682 (749866 Gflops/s) - 679 (746568 Gflops/s) - 670 (736672 Gflops/s) - 662 (727876 Gflops/s) | Temperatures: 59°C - 61°C - 72°C - 71°C - 64°C - 60°C - 71°C - 72°C | Throttling: None - None - None - None - None - None - None - None
690 (758663 Gflops/s) - 684 (752065 Gflops/s) - 667 (733374 Gflops/s) - 673 (739971 Gflops/s) - 677 (744369 Gflops/s) - 680 (747667 Gflops/s) - 674 (741070 Gflops/s) - 663 (728976 Gflops/s) | Temperatures: 59°C - 61°C - 72°C - 71°C - 64°C - 60°C - 71°C - 72°C | Throttling: None - None - None - None - None - None - None - None
691 (759762 Gflops/s) - 684 (752065 Gflops/s) - 667 (733374 Gflops/s) - 672 (738871 Gflops/s) - 674 (741070 Gflops/s) - 680 (747667 Gflops/s) - 674 (741070 Gflops/s) - 663 (728976 Gflops/s) | Temperatures: 59°C - 61°C - 72°C - 71°C - 64°C - 60°C - 71°C - 72°C | Throttling: None - None - None - None - None - None - None - None
690 (758663 Gflops/s) - 684 (752065 Gflops/s) - 667 (733374 Gflops/s) - 673 (739971 Gflops/s) - 674 (741070 Gflops/s) - 680 (747667 Gflops/s) - 675 (742170 Gflops/s) - 662 (727876 Gflops/s) | Temperatures: 59°C - 61°C - 72°C - 71°C - 64°C - 60°C - 71°C - 72°C | Throttling: None - None - None - None - None - None - None - None
690 (758663 Gflops/s) - 684 (752065 Gflops/s) - 667 (733374 Gflops/s) - 672 (738871 Gflops/s) - 676 (743269 Gflops/s) - 679 (746568 Gflops/s) - 674 (741070 Gflops/s) - 663 (728976 Gflops/s) | Temperatures: 59°C - 61°C - 72°C - 71°C - 64°C - 60°C - 71°C - 72°C | Throttling: None - None - None - None - None - None - None - None
691 (759762 Gflops/s) - 683 (750966 Gflops/s) - 667 (733374 Gflops/s) - 672 (738871 Gflops/s) - 676 (743269 Gflops/s) - 682 (749866 Gflops/s) - 675 (742170 Gflops/s) - 662 (727876 Gflops/s) | Temperatures: 59°C - 61°C - 72°C - 71°C - 64°C - 60°C - 71°C - 72°C | Throttling: None - None - None - None - None - None - None - None
689 (757563 Gflops/s) - 683 (750966 Gflops/s) - 666 (732274 Gflops/s) - 672 (738871 Gflops/s) - 673 (739971 Gflops/s) - 680 (747667 Gflops/s) - 674 (741070 Gflops/s) - 662 (727876 Gflops/s) | Temperatures: 59°C - 61°C - 72°C - 71°C - 64°C - 60°C - 71°C - 72°C | Throttling: None - None - None - None - None - None - None - None
691 (759762 Gflops/s) - 683 (750966 Gflops/s) - 667 (733374 Gflops/s) - 672 (738871 Gflops/s) - 674 (741070 Gflops/s) - 680 (747667 Gflops/s) - 674 (741070 Gflops/s) - 662 (727876 Gflops/s) | Temperatures: 59°C - 61°C - 72°C - 71°C - 64°C - 60°C - 71°C - 72°C | Throttling: None - None - None - None - None - None - None - None
690 (758663 Gflops/s) - 683 (750966 Gflops/s) - 667 (733374 Gflops/s) - 673 (739971 Gflops/s) - 674 (741070 Gflops/s) - 680 (747667 Gflops/s) - 675 (742170 Gflops/s) - 662 (727876 Gflops/s) | Temperatures: 59°C - 61°C - 72°C - 71°C - 64°C - 60°C - 71°C - 72°C | Throttling: None - None - None - None - None - None - None - None
690 (758663 Gflops/s) - 684 (752065 Gflops/s) - 666 (732274 Gflops/s) - 672 (738871 Gflops/s) - 673 (739971 Gflops/s) - 681 (748767 Gflops/s) - 674 (741070 Gflops/s) - 663 (728976 Gflops/s) | Temperatures: 59°C - 61°C - 72°C - 71°C - 64°C - 60°C - 71°C - 72°C | Throttling: None - None - None - None - None - None - None - None
690 (758663 Gflops/s) - 684 (752065 Gflops/s) - 667 (733374 Gflops/s) - 673 (739971 Gflops/s) - 674 (741070 Gflops/s) - 681 (748767 Gflops/s) - 675 (742170 Gflops/s) - 662 (727876 Gflops/s) | Temperatures: 59°C - 61°C - 72°C - 71°C - 64°C - 60°C - 71°C - 72°C | Throttling: None - None - None - None - None - None - None - None
690 (758663 Gflops/s) - 684 (752065 Gflops/s) - 667 (733374 Gflops/s) - 672 (738871 Gflops/s) - 674 (741070 Gflops/s) - 681 (748767 Gflops/s) - 675 (742170 Gflops/s) - 663 (728976 Gflops/s) | Temperatures: 59°C - 61°C - 72°C - 71°C - 64°C - 60°C - 71°C - 72°C | Throttling: None - None - None - None - None - None - None - None
691 (759762 Gflops/s) - 683 (750966 Gflops/s) - 667 (733374 Gflops/s) - 673 (739971 Gflops/s) - 673 (739971 Gflops/s) - 681 (748767 Gflops/s) - 675 (742170 Gflops/s) - 663 (728976 Gflops/s) | Temperatures: 59°C - 61°C - 72°C - 71°C - 64°C - 60°C - 71°C - 72°C | Throttling: None - None - None - None - None - None - None - None
689 (757563 Gflops/s) - 684 (752065 Gflops/s) - 667 (733374 Gflops/s) - 677 (744369 Gflops/s) - 673 (739971 Gflops/s) - 681 (748767 Gflops/s) - 675 (742170 Gflops/s) - 662 (727876 Gflops/s) | Temperatures: 59°C - 61°C - 72°C - 71°C - 64°C - 60°C - 71°C - 72°C | Throttling: None - None - None - None - None - None - None - None
690 (758663 Gflops/s) - 683 (750966 Gflops/s) - 666 (732274 Gflops/s) - 667 (733374 Gflops/s) - 674 (741070 Gflops/s) - 681 (748767 Gflops/s) - 674 (741070 Gflops/s) - 662 (727876 Gflops/s) | Temperatures: 59°C - 61°C - 72°C - 71°C - 64°C - 60°C - 71°C - 72°C | Throttling: None - None - None - None - None - None - None - None
690 (758663 Gflops/s) - 684 (752065 Gflops/s) - 667 (733374 Gflops/s) - 672 (738871 Gflops/s) - 674 (741070 Gflops/s) - 680 (747667 Gflops/s) - 674 (741070 Gflops/s) - 662 (727876 Gflops/s) | Temperatures: 59°C - 61°C - 72°C - 71°C - 64°C - 60°C - 71°C - 72°C | Throttling: None - None - None - None - None - None - None - None
697 (766359 Gflops/s) - 684 (752065 Gflops/s) - 666 (732274 Gflops/s) - 673 (739971 Gflops/s) - 673 (739971 Gflops/s) - 680 (747667 Gflops/s) - 675 (742170 Gflops/s) - 663 (728976 Gflops/s) | Temperatures: 59°C - 61°C - 72°C - 71°C - 64°C - 60°C - 71°C - 72°C | Throttling: None - None - None - None - None - None - None - None
684 (752065 Gflops/s) - 683 (750966 Gflops/s) - 667 (733374 Gflops/s) - 672 (738871 Gflops/s) - 674 (741070 Gflops/s) - 680 (747667 Gflops/s) - 674 (741070 Gflops/s) - 663 (728976 Gflops/s) | Temperatures: 59°C - 61°C - 72°C - 71°C - 64°C - 60°C - 71°C - 72°C | Throttling: None - None - None - None - None - None - None - None
690 (758663 Gflops/s) - 684 (752065 Gflops/s) - 667 (733374 Gflops/s) - 672 (738871 Gflops/s) - 675 (742170 Gflops/s) - 680 (747667 Gflops/s) - 675 (742170 Gflops/s) - 662 (727876 Gflops/s) | Temperatures: 59°C - 61°C - 72°C - 71°C - 64°C - 60°C - 71°C - 72°C | Throttling: None - None - None - None - None - None - None - None
690 (758663 Gflops/s) - 683 (750966 Gflops/s) - 667 (733374 Gflops/s) - 673 (739971 Gflops/s) - 674 (741070 Gflops/s) - 680 (747667 Gflops/s) - 675 (742170 Gflops/s) - 663 (728976 Gflops/s) | Temperatures: 59°C - 61°C - 72°C - 71°C - 64°C - 60°C - 71°C - 72°C | Throttling: None - None - None - None - None - None - None - None
690 (758663 Gflops/s) - 684 (752065 Gflops/s) - 667 (733374 Gflops/s) - 672 (738871 Gflops/s) - 673 (739971 Gflops/s) - 681 (748767 Gflops/s) - 674 (741070 Gflops/s) - 662 (727876 Gflops/s) | Temperatures: 59°C - 61°C - 72°C - 71°C - 64°C - 60°C - 71°C - 72°C | Throttling: None - None - None - None - None - None - None - None
690 (758663 Gflops/s) - 683 (750966 Gflops/s) - 666 (732274 Gflops/s) - 673 (739971 Gflops/s) - 674 (741070 Gflops/s) - 679 (746568 Gflops/s) - 675 (742170 Gflops/s) - 662 (727876 Gflops/s) | Temperatures: 59°C - 61°C - 72°C - 71°C - 64°C - 60°C - 71°C - 72°C | Throttling: None - None - None - None - None - None - None - None
691 (759762 Gflops/s) - 684 (752065 Gflops/s) - 667 (733374 Gflops/s) - 672 (738871 Gflops/s) - 673 (739971 Gflops/s) - 680 (747667 Gflops/s) - 674 (741070 Gflops/s) - 661 (726777 Gflops/s) | Temperatures: 59°C - 61°C - 72°C - 71°C - 63°C - 60°C - 71°C - 72°C | Throttling: None - None - None - None - None - None - None - None
690 (758663 Gflops/s) - 687 (755364 Gflops/s) - 667 (733374 Gflops/s) - 672 (738871 Gflops/s) - 673 (739971 Gflops/s) - 678 (745468 Gflops/s) - 675 (742170 Gflops/s) - 663 (728976 Gflops/s) | Temperatures: 59°C - 61°C - 72°C - 71°C - 63°C - 60°C - 71°C - 72°C | Throttling: None - None - None - None - None - None - None - None
691 (759762 Gflops/s) - 681 (748767 Gflops/s) - 668 (734473 Gflops/s) - 674 (741070 Gflops/s) - 676 (743269 Gflops/s) - 681 (748767 Gflops/s) - 675 (742170 Gflops/s) - 663 (728976 Gflops/s) | Temperatures: 59°C - 61°C - 72°C - 71°C - 64°C - 60°C - 71°C - 72°C | Throttling: None - None - None - None - None - None - None - None
691 (759762 Gflops/s) - 686 (754264 Gflops/s) - 668 (734473 Gflops/s) - 673 (739971 Gflops/s) - 675 (742170 Gflops/s) - 682 (749866 Gflops/s) - 676 (743269 Gflops/s) - 663 (728976 Gflops/s) | Temperatures: 59°C - 61°C - 72°C - 71°C - 64°C - 60°C - 71°C - 72°C | Throttling: None - None - None - None - None - None - None - None
692 (760862 Gflops/s) - 684 (752065 Gflops/s) - 668 (734473 Gflops/s) - 674 (741070 Gflops/s) - 675 (742170 Gflops/s) - 682 (749866 Gflops/s) - 676 (743269 Gflops/s) - 664 (730075 Gflops/s) | Temperatures: 59°C - 61°C - 72°C - 71°C - 63°C - 60°C - 71°C - 72°C | Throttling: None - None - None - None - None - None - None - None
678 (745468 Gflops/s) - 672 (738871 Gflops/s) - 655 (720180 Gflops/s) - 661 (726777 Gflops/s) - 662 (727876 Gflops/s) - 666 (732274 Gflops/s) - 663 (728976 Gflops/s) - 650 (714682 Gflops/s) | Temperatures: 59°C - 61°C - 72°C - 71°C - 63°C - 60°C - 71°C - 72°C | Throttling: None - None - None - None - None - None - None - None
676 (743269 Gflops/s) - 671 (737772 Gflops/s) - 654 (719080 Gflops/s) - 659 (724578 Gflops/s) - 661 (726777 Gflops/s) - 667 (733374 Gflops/s) - 662 (727876 Gflops/s) - 650 (714682 Gflops/s) | Temperatures: 59°C - 61°C - 72°C - 71°C - 64°C - 60°C - 71°C - 72°C | Throttling: None - None - None - None - None - None - None - None
677 (744369 Gflops/s) - 669 (735573 Gflops/s) - 653 (717981 Gflops/s) - 659 (724578 Gflops/s) - 660 (725677 Gflops/s) - 666 (732274 Gflops/s) - 661 (726777 Gflops/s) - 649 (713583 Gflops/s) | Temperatures: 59°C - 61°C - 72°C - 71°C - 64°C - 60°C - 71°C - 72°C | Throttling: None - None - None - None - None - None - None - None
675 (742170 Gflops/s) - 670 (736672 Gflops/s) - 654 (719080 Gflops/s) - 659 (724578 Gflops/s) - 661 (726777 Gflops/s) - 667 (733374 Gflops/s) - 660 (725677 Gflops/s) - 649 (713583 Gflops/s) | Temperatures: 59°C - 61°C - 72°C - 71°C - 63°C - 60°C - 71°C - 72°C | Throttling: None - None - None - None - None - None - None - None
677 (744369 Gflops/s) - 671 (737772 Gflops/s) - 653 (717981 Gflops/s) - 659 (724578 Gflops/s) - 660 (725677 Gflops/s) - 680 (747667 Gflops/s) - 661 (726777 Gflops/s) - 650 (714682 Gflops/s) | Temperatures: 59°C - 61°C - 72°C - 71°C - 63°C - 60°C - 71°C - 72°C | Throttling: None - None - None - None - None - None - None - None
676 (743269 Gflops/s) - 670 (736672 Gflops/s) - 668 (734473 Gflops/s) - 659 (724578 Gflops/s) - 661 (726777 Gflops/s) - 654 (719080 Gflops/s) - 661 (726777 Gflops/s) - 649 (713583 Gflops/s) | Temperatures: 59°C - 61°C - 72°C - 71°C - 63°C - 60°C - 71°C - 72°C | Throttling: None - None - None - None - None - None - None - None
680 (747667 Gflops/s) - 673 (739971 Gflops/s) - 643 (706985 Gflops/s) - 663 (728976 Gflops/s) - 664 (730075 Gflops/s) - 671 (737772 Gflops/s) - 681 (748767 Gflops/s) - 652 (716881 Gflops/s) | Temperatures: 59°C - 61°C - 72°C - 71°C - 63°C - 60°C - 71°C - 72°C | Throttling: None - None - None - None - None - None - None - None
673 (739971 Gflops/s) - 668 (734473 Gflops/s) - 650 (714682 Gflops/s) - 656 (721279 Gflops/s) - 656 (721279 Gflops/s) - 664 (730075 Gflops/s) - 642 (705886 Gflops/s) - 646 (710284 Gflops/s) | Temperatures: 59°C - 61°C - 72°C - 71°C - 63°C - 60°C - 71°C - 72°C | Throttling: None - None - None - None - None - None - None - None
676 (743269 Gflops/s) - 669 (735573 Gflops/s) - 653 (717981 Gflops/s) - 658 (723478 Gflops/s) - 660 (725677 Gflops/s) - 668 (734473 Gflops/s) - 661 (726777 Gflops/s) - 649 (713583 Gflops/s) | Temperatures: 59°C - 61°C - 72°C - 71°C - 63°C - 60°C - 71°C - 72°C | Throttling: None - None - None - None - None - None - None - None
690 (758663 Gflops/s) - 683 (750966 Gflops/s) - 667 (733374 Gflops/s) - 673 (739971 Gflops/s) - 674 (741070 Gflops/s) - 681 (748767 Gflops/s) - 674 (741070 Gflops/s) - 662 (727876 Gflops/s) | Temperatures: 59°C - 61°C - 72°C - 71°C - 64°C - 60°C - 71°C - 72°C | Throttling: None - None - None - None - None - None - None - None
691 (759762 Gflops/s) - 684 (752065 Gflops/s) - 668 (734473 Gflops/s) - 673 (739971 Gflops/s) - 674 (741070 Gflops/s) - 681 (748767 Gflops/s) - 676 (743269 Gflops/s) - 663 (728976 Gflops/s) | Temperatures: 59°C - 61°C - 72°C - 71°C - 63°C - 60°C - 71°C - 72°C | Throttling: None - None - None - None - None - None - None - None
691 (759762 Gflops/s) - 685 (753165 Gflops/s) - 667 (733374 Gflops/s) - 673 (739971 Gflops/s) - 674 (741070 Gflops/s) - 681 (748767 Gflops/s) - 675 (742170 Gflops/s) - 663 (728976 Gflops/s) | Temperatures: 59°C - 61°C - 72°C - 71°C - 63°C - 60°C - 71°C - 72°C | Throttling: None - None - None - None - None - None - None - None
691 (759762 Gflops/s) - 685 (753165 Gflops/s) - 668 (734473 Gflops/s) - 673 (739971 Gflops/s) - 675 (742170 Gflops/s) - 683 (750966 Gflops/s) - 676 (743269 Gflops/s) - 664 (730075 Gflops/s) | Temperatures: 59°C - 61°C - 72°C - 71°C - 63°C - 60°C - 71°C - 72°C | Throttling: None - None - None - None - None - None - None - None
691 (759762 Gflops/s) - 684 (752065 Gflops/s) - 668 (734473 Gflops/s) - 673 (739971 Gflops/s) - 675 (742170 Gflops/s) - 681 (748767 Gflops/s) - 675 (742170 Gflops/s) - 663 (728976 Gflops/s) | Temperatures: 59°C - 61°C - 72°C - 71°C - 63°C - 60°C - 71°C - 72°C | Throttling: None - None - None - None - None - None - None - None
690 (758663 Gflops/s) - 687 (755364 Gflops/s) - 668 (734473 Gflops/s) - 674 (741070 Gflops/s) - 675 (742170 Gflops/s) - 682 (749866 Gflops/s) - 676 (743269 Gflops/s) - 663 (728976 Gflops/s) | Temperatures: 59°C - 61°C - 72°C - 71°C - 63°C - 60°C - 71°C - 72°C | Throttling: None - None - None - None - None - None - None - None
692 (760862 Gflops/s) - 682 (749866 Gflops/s) - 668 (734473 Gflops/s) - 673 (739971 Gflops/s) - 674 (741070 Gflops/s) - 682 (749866 Gflops/s) - 675 (742170 Gflops/s) - 663 (728976 Gflops/s) | Temperatures: 59°C - 61°C - 72°C - 71°C - 64°C - 60°C - 71°C - 72°C | Throttling: None - None - None - None - None - None - None - None
691 (759762 Gflops/s) - 685 (753165 Gflops/s) - 667 (733374 Gflops/s) - 673 (739971 Gflops/s) - 675 (742170 Gflops/s) - 681 (748767 Gflops/s) - 676 (743269 Gflops/s) - 663 (728976 Gflops/s) | Temperatures: 59°C - 61°C - 72°C - 71°C - 63°C - 60°C - 71°C - 72°C | Throttling: None - None - None - None - None - None - None - None
690 (758663 Gflops/s) - 684 (752065 Gflops/s) - 668 (734473 Gflops/s) - 673 (739971 Gflops/s) - 676 (743269 Gflops/s) - 680 (747667 Gflops/s) - 675 (742170 Gflops/s) - 662 (727876 Gflops/s) | Temperatures: 59°C - 61°C - 72°C - 71°C - 63°C - 60°C - 71°C - 72°C | Throttling: None - None - None - None - None - None - None - None
691 (759762 Gflops/s) - 685 (753165 Gflops/s) - 668 (734473 Gflops/s) - 674 (741070 Gflops/s) - 675 (742170 Gflops/s) - 682 (749866 Gflops/s) - 675 (742170 Gflops/s) - 663 (728976 Gflops/s) | Temperatures: 59°C - 61°C - 72°C - 71°C - 63°C - 60°C - 71°C - 72°C | Throttling: None - None - None - None - None - None - None - None
691 (759762 Gflops/s) - 685 (753165 Gflops/s) - 668 (734473 Gflops/s) - 673 (739971 Gflops/s) - 674 (741070 Gflops/s) - 681 (748767 Gflops/s) - 676 (743269 Gflops/s) - 664 (730075 Gflops/s) | Temperatures: 59°C - 61°C - 72°C - 71°C - 63°C - 60°C - 71°C - 72°C | Throttling: None - None - None - None - None - None - None - None
691 (759762 Gflops/s) - 684 (752065 Gflops/s) - 667 (733374 Gflops/s) - 673 (739971 Gflops/s) - 675 (742170 Gflops/s) - 681 (748767 Gflops/s) - 675 (742170 Gflops/s) - 663 (728976 Gflops/s) | Temperatures: 59°C - 61°C - 72°C - 71°C - 63°C - 60°C - 71°C - 72°C | Throttling: None - None - None - None - None - None - None - None
691 (759762 Gflops/s) - 685 (753165 Gflops/s) - 668 (734473 Gflops/s) - 673 (739971 Gflops/s) - 675 (742170 Gflops/s) - 682 (749866 Gflops/s) - 675 (742170 Gflops/s) - 663 (728976 Gflops/s) | Temperatures: 59°C - 61°C - 72°C - 71°C - 63°C - 60°C - 71°C - 72°C | Throttling: None - None - None - None - None - None - None - None
691 (759762 Gflops/s) - 684 (752065 Gflops/s) - 668 (734473 Gflops/s) - 674 (741070 Gflops/s) - 675 (742170 Gflops/s) - 681 (748767 Gflops/s) - 676 (743269 Gflops/s) - 664 (730075 Gflops/s) | Temperatures: 59°C - 61°C - 72°C - 71°C - 63°C - 60°C - 71°C - 72°C | Throttling: None - None - None - None - None - None - None - None
691 (759762 Gflops/s) - 685 (753165 Gflops/s) - 667 (733374 Gflops/s) - 673 (739971 Gflops/s) - 676 (743269 Gflops/s) - 680 (747667 Gflops/s) - 675 (742170 Gflops/s) - 663 (728976 Gflops/s) | Temperatures: 59°C - 61°C - 72°C - 71°C - 64°C - 60°C - 71°C - 72°C | Throttling: None - None - None - None - None - None - None - None
691 (759762 Gflops/s) - 699 (768558 Gflops/s) - 668 (734473 Gflops/s) - 673 (739971 Gflops/s) - 675 (742170 Gflops/s) - 681 (748767 Gflops/s) - 675 (742170 Gflops/s) - 663 (728976 Gflops/s) | Temperatures: 59°C - 61°C - 72°C - 71°C - 63°C - 60°C - 71°C - 72°C | Throttling: None - None - None - None - None - None - None - None
688 (756463 Gflops/s) - 667 (733374 Gflops/s) - 665 (731175 Gflops/s) - 670 (736672 Gflops/s) - 672 (738871 Gflops/s) - 677 (744369 Gflops/s) - 673 (739971 Gflops/s) - 660 (725677 Gflops/s) | Temperatures: 59°C - 61°C - 72°C - 71°C - 63°C - 60°C - 71°C - 72°C | Throttling: None - None - None - None - None - None - None - None
685 (753165 Gflops/s) - 678 (745468 Gflops/s) - 662 (727876 Gflops/s) - 668 (734473 Gflops/s) - 669 (735573 Gflops/s) - 675 (742170 Gflops/s) - 670 (736672 Gflops/s) - 658 (723478 Gflops/s) | Temperatures: 59°C - 61°C - 72°C - 71°C - 63°C - 60°C - 71°C - 72°C | Throttling: None - None - None - None - None - None - None - None
685 (753165 Gflops/s) - 679 (746568 Gflops/s) - 662 (727876 Gflops/s) - 667 (733374 Gflops/s) - 669 (735573 Gflops/s) - 675 (742170 Gflops/s) - 669 (735573 Gflops/s) - 657 (722379 Gflops/s) | Temperatures: 59°C - 61°C - 72°C - 71°C - 63°C - 60°C - 71°C - 72°C | Throttling: None - None - None - None - None - None - None - None
685 (753165 Gflops/s) - 678 (745468 Gflops/s) - 662 (727876 Gflops/s) - 667 (733374 Gflops/s) - 669 (735573 Gflops/s) - 675 (742170 Gflops/s) - 670 (736672 Gflops/s) - 658 (723478 Gflops/s) | Temperatures: 59°C - 61°C - 72°C - 71°C - 63°C - 60°C - 71°C - 72°C | Throttling: None - None - None - None - None - None - None - None
685 (753165 Gflops/s) - 678 (745468 Gflops/s) - 662 (727876 Gflops/s) - 668 (734473 Gflops/s) - 669 (735573 Gflops/s) - 675 (742170 Gflops/s) - 669 (735573 Gflops/s) - 657 (722379 Gflops/s) | Temperatures: 59°C - 61°C - 72°C - 71°C - 63°C - 60°C - 71°C - 72°C | Throttling: None - None - None - None - None - None - None - None
685 (753165 Gflops/s) - 679 (746568 Gflops/s) - 662 (727876 Gflops/s) - 667 (733374 Gflops/s) - 670 (736672 Gflops/s) - 677 (744369 Gflops/s) - 670 (736672 Gflops/s) - 658 (723478 Gflops/s) | Temperatures: 59°C - 61°C - 72°C - 71°C - 63°C - 60°C - 71°C - 72°C | Throttling: None - None - None - None - None - None - None - None
685 (753165 Gflops/s) - 679 (746568 Gflops/s) - 661 (726777 Gflops/s) - 667 (733374 Gflops/s) - 668 (734473 Gflops/s) - 677 (744369 Gflops/s) - 669 (735573 Gflops/s) - 658 (723478 Gflops/s) | Temperatures: 59°C - 61°C - 72°C - 71°C - 63°C - 60°C - 71°C - 72°C | Throttling: None - None - None - None - None - None - None - None
685 (753165 Gflops/s) - 678 (745468 Gflops/s) - 662 (727876 Gflops/s) - 667 (733374 Gflops/s) - 669 (735573 Gflops/s) - 673 (739971 Gflops/s) - 670 (736672 Gflops/s) - 657 (722379 Gflops/s) | Temperatures: 59°C - 61°C - 72°C - 71°C - 63°C - 60°C - 71°C - 72°C | Throttling: None - None - None - None - None - None - None - None
685 (753165 Gflops/s) - 680 (747667 Gflops/s) - 662 (727876 Gflops/s) - 668 (734473 Gflops/s) - 669 (735573 Gflops/s) - 675 (742170 Gflops/s) - 670 (736672 Gflops/s) - 657 (722379 Gflops/s) | Temperatures: 59°C - 61°C - 72°C - 71°C - 64°C - 60°C - 71°C - 72°C | Throttling: None - None - None - None - None - None - None - None
684 (752065 Gflops/s) - 678 (745468 Gflops/s) - 662 (727876 Gflops/s) - 667 (733374 Gflops/s) - 670 (736672 Gflops/s) - 676 (743269 Gflops/s) - 670 (736672 Gflops/s) - 658 (723478 Gflops/s) | Temperatures: 59°C - 61°C - 72°C - 71°C - 63°C - 60°C - 71°C - 72°C | Throttling: None - None - None - None - None - None - None - None
685 (753165 Gflops/s) - 678 (745468 Gflops/s) - 661 (726777 Gflops/s) - 668 (734473 Gflops/s) - 669 (735573 Gflops/s) - 676 (743269 Gflops/s) - 669 (735573 Gflops/s) - 657 (722379 Gflops/s) | Temperatures: 59°C - 61°C - 72°C - 71°C - 63°C - 60°C - 71°C - 72°C | Throttling: None - None - None - None - None - None - None - None
685 (753165 Gflops/s) - 678 (745468 Gflops/s) - 662 (727876 Gflops/s) - 667 (733374 Gflops/s) - 669 (735573 Gflops/s) - 674 (741070 Gflops/s) - 669 (735573 Gflops/s) - 657 (722379 Gflops/s) | Temperatures: 59°C - 61°C - 72°C - 71°C - 63°C - 60°C - 71°C - 72°C | Throttling: None - None - None - None - None - None - None - None
684 (752065 Gflops/s) - 679 (746568 Gflops/s) - 662 (727876 Gflops/s) - 667 (733374 Gflops/s) - 669 (735573 Gflops/s) - 676 (743269 Gflops/s) - 669 (735573 Gflops/s) - 658 (723478 Gflops/s) | Temperatures: 59°C - 61°C - 72°C - 71°C - 63°C - 60°C - 71°C - 72°C | Throttling: None - None - None - None - None - None - None - None
685 (753165 Gflops/s) - 678 (745468 Gflops/s) - 661 (726777 Gflops/s) - 667 (733374 Gflops/s) - 669 (735573 Gflops/s) - 675 (742170 Gflops/s) - 670 (736672 Gflops/s) - 657 (722379 Gflops/s) | Temperatures: 59°C - 61°C - 72°C - 71°C - 63°C - 60°C - 71°C - 72°C | Throttling: None - None - None - None - None - None - None - None
685 (753165 Gflops/s) - 679 (746568 Gflops/s) - 662 (727876 Gflops/s) - 668 (734473 Gflops/s) - 669 (735573 Gflops/s) - 675 (742170 Gflops/s) - 669 (735573 Gflops/s) - 658 (723478 Gflops/s) | Temperatures: 59°C - 61°C - 72°C - 71°C - 63°C - 60°C - 71°C - 72°C | Throttling: None - None - None - None - None - None - None - None
684 (752065 Gflops/s) - 678 (745468 Gflops/s) - 662 (727876 Gflops/s) - 667 (733374 Gflops/s) - 669 (735573 Gflops/s) - 675 (742170 Gflops/s) - 669 (735573 Gflops/s) - 658 (723478 Gflops/s) | Temperatures: 59°C - 61°C - 72°C - 71°C - 63°C - 60°C - 71°C - 72°C | Throttling: None - None - None - None - None - None - None - None
685 (753165 Gflops/s) - 679 (746568 Gflops/s) - 661 (726777 Gflops/s) - 667 (733374 Gflops/s) - 669 (735573 Gflops/s) - 675 (742170 Gflops/s) - 670 (736672 Gflops/s) - 658 (723478 Gflops/s) | Temperatures: 59°C - 61°C - 72°C - 71°C - 63°C - 60°C - 71°C - 72°C | Throttling: None - None - None - None - None - None - None - None
685 (753165 Gflops/s) - 679 (746568 Gflops/s) - 663 (728976 Gflops/s) - 668 (734473 Gflops/s) - 670 (736672 Gflops/s) - 677 (744369 Gflops/s) - 670 (736672 Gflops/s) - 658 (723478 Gflops/s) | Temperatures: 59°C - 61°C - 72°C - 71°C - 63°C - 60°C - 71°C - 72°C | Throttling: None - None - None - None - None - None - None - None
684 (752065 Gflops/s) - 678 (745468 Gflops/s) - 661 (726777 Gflops/s) - 667 (733374 Gflops/s) - 667 (733374 Gflops/s) - 674 (741070 Gflops/s) - 669 (735573 Gflops/s) - 657 (722379 Gflops/s) | Temperatures: 59°C - 61°C - 72°C - 71°C - 63°C - 60°C - 71°C - 72°C | Throttling: None - None - None - None - None - None - None - None
686 (754264 Gflops/s) - 678 (745468 Gflops/s) - 662 (727876 Gflops/s) - 668 (734473 Gflops/s) - 670 (736672 Gflops/s) - 674 (741070 Gflops/s) - 670 (736672 Gflops/s) - 658 (723478 Gflops/s) | Temperatures: 59°C - 61°C - 72°C - 71°C - 63°C - 60°C - 71°C - 72°C | Throttling: None - None - None - None - None - None - None - None
684 (752065 Gflops/s) - 678 (745468 Gflops/s) - 661 (726777 Gflops/s) - 666 (732274 Gflops/s) - 671 (737772 Gflops/s) - 674 (741070 Gflops/s) - 669 (735573 Gflops/s) - 658 (723478 Gflops/s) | Temperatures: 59°C - 61°C - 72°C - 71°C - 63°C - 60°C - 71°C - 72°C | Throttling: None - None - None - None - None - None - None - None
685 (753165 Gflops/s) - 679 (746568 Gflops/s) - 663 (728976 Gflops/s) - 668 (734473 Gflops/s) - 669 (735573 Gflops/s) - 676 (743269 Gflops/s) - 669 (735573 Gflops/s) - 657 (722379 Gflops/s) | Temperatures: 59°C - 61°C - 72°C - 71°C - 63°C - 60°C - 71°C - 72°C | Throttling: None - None - None - None - None - None - None - None
685 (753165 Gflops/s) - 678 (745468 Gflops/s) - 662 (727876 Gflops/s) - 668 (734473 Gflops/s) - 670 (736672 Gflops/s) - 675 (742170 Gflops/s) - 670 (736672 Gflops/s) - 658 (723478 Gflops/s) | Temperatures: 59°C - 61°C - 72°C - 71°C - 63°C - 60°C - 71°C - 72°C | Throttling: None - None - None - None - None - None - None - None
684 (752065 Gflops/s) - 678 (745468 Gflops/s) - 661 (726777 Gflops/s) - 666 (732274 Gflops/s) - 668 (734473 Gflops/s) - 674 (741070 Gflops/s) - 684 (752065 Gflops/s) - 657 (722379 Gflops/s) | Temperatures: 59°C - 61°C - 72°C - 71°C - 63°C - 60°C - 71°C - 72°C | Throttling: None - None - None - None - None - None - None - None
685 (753165 Gflops/s) - 679 (746568 Gflops/s) - 662 (727876 Gflops/s) - 668 (734473 Gflops/s) - 670 (736672 Gflops/s) - 675 (742170 Gflops/s) - 654 (719080 Gflops/s) - 658 (723478 Gflops/s) | Temperatures: 59°C - 61°C - 72°C - 71°C - 63°C - 60°C - 71°C - 72°C | Throttling: None - None - None - None - None - None - None - None
685 (753165 Gflops/s) - 679 (746568 Gflops/s) - 662 (727876 Gflops/s) - 667 (733374 Gflops/s) - 670 (736672 Gflops/s) - 675 (742170 Gflops/s) - 670 (736672 Gflops/s) - 657 (722379 Gflops/s) | Temperatures: 59°C - 61°C - 72°C - 71°C - 64°C - 60°C - 71°C - 72°C | Throttling: None - None - None - None - None - None - None - None
685 (753165 Gflops/s) - 680 (747667 Gflops/s) - 662 (727876 Gflops/s) - 668 (734473 Gflops/s) - 670 (736672 Gflops/s) - 675 (742170 Gflops/s) - 670 (736672 Gflops/s) - 658 (723478 Gflops/s) | Temperatures: 59°C - 61°C - 72°C - 71°C - 63°C - 60°C - 71°C - 72°C | Throttling: None - None - None - None - None - None - None - None
685 (753165 Gflops/s) - 677 (744369 Gflops/s) - 661 (726777 Gflops/s) - 667 (733374 Gflops/s) - 669 (735573 Gflops/s) - 675 (742170 Gflops/s) - 668 (734473 Gflops/s) - 658 (723478 Gflops/s) | Temperatures: 59°C - 61°C - 72°C - 71°C - 63°C - 60°C - 71°C - 72°C | Throttling: None - None - None - None - None - None - None - None
685 (753165 Gflops/s) - 678 (745468 Gflops/s) - 662 (727876 Gflops/s) - 667 (733374 Gflops/s) - 669 (735573 Gflops/s) - 676 (743269 Gflops/s) - 670 (736672 Gflops/s) - 657 (722379 Gflops/s) | Temperatures: 59°C - 61°C - 72°C - 71°C - 64°C - 60°C - 71°C - 72°C | Throttling: None - None - None - None - None - None - None - None
685 (753165 Gflops/s) - 678 (745468 Gflops/s) - 662 (727876 Gflops/s) - 667 (733374 Gflops/s) - 670 (736672 Gflops/s) - 674 (741070 Gflops/s) - 669 (735573 Gflops/s) - 657 (722379 Gflops/s) | Temperatures: 59°C - 61°C - 72°C - 71°C - 63°C - 60°C - 71°C - 72°C | Throttling: None - None - None - None - None - None - None - None
685 (753165 Gflops/s) - 679 (746568 Gflops/s) - 662 (727876 Gflops/s) - 668 (734473 Gflops/s) - 669 (735573 Gflops/s) - 675 (742170 Gflops/s) - 670 (736672 Gflops/s) - 659 (724578 Gflops/s) | Temperatures: 59°C - 61°C - 72°C - 71°C - 63°C - 60°C - 71°C - 72°C | Throttling: None - None - None - None - None - None - None - None
685 (753165 Gflops/s) - 678 (745468 Gflops/s) - 662 (727876 Gflops/s) - 667 (733374 Gflops/s) - 669 (735573 Gflops/s) - 676 (743269 Gflops/s) - 669 (735573 Gflops/s) - 658 (723478 Gflops/s) | Temperatures: 59°C - 61°C - 72°C - 71°C - 63°C - 60°C - 71°C - 72°C | Throttling: None - None - None - None - None - None - None - None
685 (753165 Gflops/s) - 679 (746568 Gflops/s) - 662 (727876 Gflops/s) - 667 (733374 Gflops/s) - 669 (735573 Gflops/s) - 676 (743269 Gflops/s) - 670 (736672 Gflops/s) - 657 (722379 Gflops/s) | Temperatures: 59°C - 61°C - 72°C - 71°C - 64°C - 60°C - 71°C - 72°C | Throttling: None - None - None - None - None - None - None - None
685 (753165 Gflops/s) - 678 (745468 Gflops/s) - 662 (727876 Gflops/s) - 668 (734473 Gflops/s) - 670 (736672 Gflops/s) - 673 (739971 Gflops/s) - 670 (736672 Gflops/s) - 658 (723478 Gflops/s) | Temperatures: 59°C - 61°C - 72°C - 71°C - 63°C - 60°C - 71°C - 72°C | Throttling: None - None - None - None - None - None - None - None
685 (753165 Gflops/s) - 678 (745468 Gflops/s) - 661 (726777 Gflops/s) - 667 (733374 Gflops/s) - 668 (734473 Gflops/s) - 675 (742170 Gflops/s) - 669 (735573 Gflops/s) - 657 (722379 Gflops/s) | Temperatures: 59°C - 61°C - 72°C - 71°C - 63°C - 60°C - 71°C - 72°C | Throttling: None - None - None - None - None - None - None - None
685 (753165 Gflops/s) - 679 (746568 Gflops/s) - 662 (727876 Gflops/s) - 667 (733374 Gflops/s) - 669 (735573 Gflops/s) - 675 (742170 Gflops/s) - 669 (735573 Gflops/s) - 658 (723478 Gflops/s) | Temperatures: 59°C - 61°C - 72°C - 71°C - 63°C - 60°C - 71°C - 72°C | Throttling: None - None - None - None - None - None - None - None
685 (753165 Gflops/s) - 678 (745468 Gflops/s) - 662 (727876 Gflops/s) - 668 (734473 Gflops/s) - 669 (735573 Gflops/s) - 675 (742170 Gflops/s) - 670 (736672 Gflops/s) - 658 (723478 Gflops/s) | Temperatures: 59°C - 61°C - 72°C - 71°C - 63°C - 60°C - 71°C - 72°C | Throttling: None - None - None - None - None - None - None - None
684 (752065 Gflops/s) - 677 (744369 Gflops/s) - 662 (727876 Gflops/s) - 667 (733374 Gflops/s) - 669 (735573 Gflops/s) - 675 (742170 Gflops/s) - 669 (735573 Gflops/s) - 656 (721279 Gflops/s) | Temperatures: 59°C - 61°C - 72°C - 71°C - 63°C - 60°C - 71°C - 72°C | Throttling: None - None - None - None - None - None - None - None
685 (753165 Gflops/s) - 679 (746568 Gflops/s) - 662 (727876 Gflops/s) - 668 (734473 Gflops/s) - 670 (736672 Gflops/s) - 675 (742170 Gflops/s) - 670 (736672 Gflops/s) - 658 (723478 Gflops/s) | Temperatures: 59°C - 61°C - 72°C - 71°C - 63°C - 60°C - 71°C - 72°C | Throttling: None - None - None - None - None - None - None - None
684 (752065 Gflops/s) - 679 (746568 Gflops/s) - 661 (726777 Gflops/s) - 667 (733374 Gflops/s) - 670 (736672 Gflops/s) - 675 (742170 Gflops/s) - 669 (735573 Gflops/s) - 658 (723478 Gflops/s) | Temperatures: 59°C - 61°C - 72°C - 71°C - 63°C - 60°C - 71°C - 72°C | Throttling: None - None - None - None - None - None - None - None
682 (749866 Gflops/s) - 674 (741070 Gflops/s) - 659 (724578 Gflops/s) - 664 (730075 Gflops/s) - 665 (731175 Gflops/s) - 671 (737772 Gflops/s) - 666 (732274 Gflops/s) - 654 (719080 Gflops/s) | Temperatures: 59°C - 61°C - 72°C - 71°C - 63°C - 60°C - 71°C - 72°C | Throttling: None - None - None - None - None - None - None - None
677 (744369 Gflops/s) - 672 (738871 Gflops/s) - 655 (720180 Gflops/s) - 660 (725677 Gflops/s) - 663 (728976 Gflops/s) - 677 (744369 Gflops/s) - 662 (727876 Gflops/s) - 651 (715782 Gflops/s) | Temperatures: 59°C - 61°C - 72°C - 71°C - 63°C - 60°C - 71°C - 72°C | Throttling: None - None - None - None - None - None - None - None
679 (746568 Gflops/s) - 671 (737772 Gflops/s) - 655 (720180 Gflops/s) - 661 (726777 Gflops/s) - 663 (728976 Gflops/s) - 660 (725677 Gflops/s) - 663 (728976 Gflops/s) - 650 (714682 Gflops/s) | Temperatures: 59°C - 61°C - 72°C - 71°C - 63°C - 60°C - 71°C - 72°C | Throttling: None - None - None - None - None - None - None - None
679 (746568 Gflops/s) - 673 (739971 Gflops/s) - 656 (721279 Gflops/s) - 661 (726777 Gflops/s) - 664 (730075 Gflops/s) - 669 (735573 Gflops/s) - 663 (728976 Gflops/s) - 651 (715782 Gflops/s) | Temperatures: 59°C - 61°C - 72°C - 71°C - 63°C - 60°C - 71°C - 72°C | Throttling: None - None - None - None - None - None - None - None
678 (745468 Gflops/s) - 671 (737772 Gflops/s) - 655 (720180 Gflops/s) - 661 (726777 Gflops/s) - 662 (727876 Gflops/s) - 669 (735573 Gflops/s) - 663 (728976 Gflops/s) - 651 (715782 Gflops/s) | Temperatures: 59°C - 61°C - 72°C - 71°C - 63°C - 60°C - 71°C - 72°C | Throttling: None - None - None - None - None - None - None - None
683 (750966 Gflops/s) - 676 (743269 Gflops/s) - 660 (725677 Gflops/s) - 665 (731175 Gflops/s) - 666 (732274 Gflops/s) - 672 (738871 Gflops/s) - 667 (733374 Gflops/s) - 655 (720180 Gflops/s) | Temperatures: 59°C - 61°C - 72°C - 71°C - 63°C - 60°C - 71°C - 72°C | Throttling: None - None - None - None - None - None - None - None
674 (741070 Gflops/s) - 667 (733374 Gflops/s) - 651 (715782 Gflops/s) - 656 (721279 Gflops/s) - 660 (725677 Gflops/s) - 663 (728976 Gflops/s) - 658 (723478 Gflops/s) - 646 (710284 Gflops/s) | Temperatures: 59°C - 61°C - 72°C - 71°C - 63°C - 60°C - 71°C - 72°C | Throttling: None - None - None - None - None - None - None - None
678 (745468 Gflops/s) - 672 (738871 Gflops/s) - 656 (721279 Gflops/s) - 661 (726777 Gflops/s) - 662 (727876 Gflops/s) - 668 (734473 Gflops/s) - 664 (730075 Gflops/s) - 651 (715782 Gflops/s) | Temperatures: 59°C - 61°C - 72°C - 71°C - 63°C - 60°C - 71°C - 72°C | Throttling: None - None - None - None - None - None - None - None
679 (746568 Gflops/s) - 672 (738871 Gflops/s) - 655 (720180 Gflops/s) - 662 (727876 Gflops/s) - 663 (728976 Gflops/s) - 668 (734473 Gflops/s) - 662 (727876 Gflops/s) - 651 (715782 Gflops/s) | Temperatures: 59°C - 61°C - 72°C - 71°C - 63°C - 60°C - 71°C - 72°C | Throttling: None - None - None - None - None - None - None - None
687 (755364 Gflops/s) - 681 (748767 Gflops/s) - 665 (731175 Gflops/s) - 670 (736672 Gflops/s) - 673 (739971 Gflops/s) - 677 (744369 Gflops/s) - 673 (739971 Gflops/s) - 660 (725677 Gflops/s) | Temperatures: 59°C - 61°C - 72°C - 71°C - 63°C - 60°C - 71°C - 72°C | Throttling: None - None - None - None - None - None - None - None
692 (760862 Gflops/s) - 684 (752065 Gflops/s) - 668 (734473 Gflops/s) - 676 (743269 Gflops/s) - 675 (742170 Gflops/s) - 682 (749866 Gflops/s) - 675 (742170 Gflops/s) - 664 (730075 Gflops/s) | Temperatures: 59°C - 61°C - 72°C - 71°C - 63°C - 60°C - 71°C - 72°C | Throttling: None - None - None - None - None - None - None - None
691 (759762 Gflops/s) - 685 (753165 Gflops/s) - 668 (734473 Gflops/s) - 671 (737772 Gflops/s) - 675 (742170 Gflops/s) - 681 (748767 Gflops/s) - 675 (742170 Gflops/s) - 663 (728976 Gflops/s) | Temperatures: 59°C - 61°C - 72°C - 71°C - 64°C - 60°C - 71°C - 72°C | Throttling: None - None - None - None - None - None - None - None
690 (758663 Gflops/s) - 683 (750966 Gflops/s) - 667 (733374 Gflops/s) - 672 (738871 Gflops/s) - 674 (741070 Gflops/s) - 680 (747667 Gflops/s) - 675 (742170 Gflops/s) - 663 (728976 Gflops/s) | Temperatures: 59°C - 61°C - 72°C - 71°C - 63°C - 60°C - 71°C - 72°C | Throttling: None - None - None - None - None - None - None - None
692 (760862 Gflops/s) - 684 (752065 Gflops/s) - 668 (734473 Gflops/s) - 674 (741070 Gflops/s) - 675 (742170 Gflops/s) - 681 (748767 Gflops/s) - 675 (742170 Gflops/s) - 663 (728976 Gflops/s) | Temperatures: 59°C - 61°C - 72°C - 71°C - 63°C - 60°C - 71°C - 72°C | Throttling: None - None - None - None - None - None - None - None
691 (759762 Gflops/s) - 685 (753165 Gflops/s) - 668 (734473 Gflops/s) - 673 (739971 Gflops/s) - 675 (742170 Gflops/s) - 681 (748767 Gflops/s) - 676 (743269 Gflops/s) - 664 (730075 Gflops/s) | Temperatures: 59°C - 61°C - 72°C - 71°C - 63°C - 60°C - 71°C - 72°C | Throttling: None - None - None - None - None - None - None - None
691 (759762 Gflops/s) - 684 (752065 Gflops/s) - 667 (733374 Gflops/s) - 673 (739971 Gflops/s) - 675 (742170 Gflops/s) - 680 (747667 Gflops/s) - 675 (742170 Gflops/s) - 663 (728976 Gflops/s) | Temperatures: 59°C - 61°C - 72°C - 71°C - 63°C - 60°C - 71°C - 72°C | Throttling: None - None - None - None - None - None - None - None
691 (759762 Gflops/s) - 684 (752065 Gflops/s) - 668 (734473 Gflops/s) - 673 (739971 Gflops/s) - 675 (742170 Gflops/s) - 681 (748767 Gflops/s) - 676 (743269 Gflops/s) - 663 (728976 Gflops/s) | Temperatures: 59°C - 61°C - 72°C - 71°C - 63°C - 60°C - 71°C - 72°C | Throttling: None - None - None - None - None - None - None - None
691 (759762 Gflops/s) - 684 (752065 Gflops/s) - 667 (733374 Gflops/s) - 673 (739971 Gflops/s) - 676 (743269 Gflops/s) - 680 (747667 Gflops/s) - 675 (742170 Gflops/s) - 664 (730075 Gflops/s) | Temperatures: 59°C - 61°C - 72°C - 71°C - 63°C - 60°C - 71°C - 72°C | Throttling: None - None - None - None - None - None - None - None
691 (759762 Gflops/s) - 685 (753165 Gflops/s) - 668 (734473 Gflops/s) - 673 (739971 Gflops/s) - 675 (742170 Gflops/s) - 680 (747667 Gflops/s) - 675 (742170 Gflops/s) - 663 (728976 Gflops/s) | Temperatures: 59°C - 61°C - 72°C - 71°C - 63°C - 60°C - 71°C - 72°C | Throttling: None - None - None - None - None - None - None - None
691 (759762 Gflops/s) - 684 (752065 Gflops/s) - 668 (734473 Gflops/s) - 674 (741070 Gflops/s) - 678 (745468 Gflops/s) - 681 (748767 Gflops/s) - 675 (742170 Gflops/s) - 664 (730075 Gflops/s) | Temperatures: 59°C - 61°C - 72°C - 71°C - 63°C - 60°C - 71°C - 72°C | Throttling: None - None - None - None - None - None - None - None
686 (754264 Gflops/s) - 679 (746568 Gflops/s) - 663 (728976 Gflops/s) - 669 (735573 Gflops/s) - 669 (735573 Gflops/s) - 678 (745468 Gflops/s) - 671 (737772 Gflops/s) - 659 (724578 Gflops/s) | Temperatures: 59°C - 61°C - 72°C - 71°C - 63°C - 60°C - 71°C - 72°C | Throttling: None - None - None - None - None - None - None - None
685 (753165 Gflops/s) - 678 (745468 Gflops/s) - 662 (727876 Gflops/s) - 667 (733374 Gflops/s) - 668 (734473 Gflops/s) - 673 (739971 Gflops/s) - 669 (735573 Gflops/s) - 658 (723478 Gflops/s) | Temperatures: 59°C - 61°C - 72°C - 71°C - 63°C - 60°C - 71°C - 72°C | Throttling: None - None - None - None - None - None - None - None
685 (753165 Gflops/s) - 679 (746568 Gflops/s) - 662 (727876 Gflops/s) - 667 (733374 Gflops/s) - 670 (736672 Gflops/s) - 676 (743269 Gflops/s) - 670 (736672 Gflops/s) - 659 (724578 Gflops/s) | Temperatures: 59°C - 61°C - 72°C - 71°C - 63°C - 60°C - 71°C - 72°C | Throttling: None - None - None - None - None - None - None - None
684 (752065 Gflops/s) - 677 (744369 Gflops/s) - 661 (726777 Gflops/s) - 667 (733374 Gflops/s) - 668 (734473 Gflops/s) - 674 (741070 Gflops/s) - 669 (735573 Gflops/s) - 657 (722379 Gflops/s) | Temperatures: 59°C - 61°C - 72°C - 71°C - 63°C - 60°C - 71°C - 72°C | Throttling: None - None - None - None - None - None - None - None
696 (765260 Gflops/s) - 679 (746568 Gflops/s) - 662 (727876 Gflops/s) - 668 (734473 Gflops/s) - 669 (735573 Gflops/s) - 675 (742170 Gflops/s) - 669 (735573 Gflops/s) - 657 (722379 Gflops/s) | Temperatures: 59°C - 61°C - 72°C - 71°C - 64°C - 60°C - 71°C - 72°C | Throttling: None - None - None - None - None - None - None - None
674 (741070 Gflops/s) - 678 (745468 Gflops/s) - 662 (727876 Gflops/s) - 667 (733374 Gflops/s) - 669 (735573 Gflops/s) - 675 (742170 Gflops/s) - 669 (735573 Gflops/s) - 658 (723478 Gflops/s) | Temperatures: 59°C - 61°C - 72°C - 71°C - 63°C - 60°C - 71°C - 72°C | Throttling: None - None - None - None - None - None - None - None
685 (753165 Gflops/s) - 678 (745468 Gflops/s) - 662 (727876 Gflops/s) - 667 (733374 Gflops/s) - 670 (736672 Gflops/s) - 674 (741070 Gflops/s) - 670 (736672 Gflops/s) - 657 (722379 Gflops/s) | Temperatures: 59°C - 61°C - 72°C - 71°C - 63°C - 60°C - 71°C - 72°C | Throttling: None - None - None - None - None - None - None - None
685 (753165 Gflops/s) - 679 (746568 Gflops/s) - 662 (727876 Gflops/s) - 667 (733374 Gflops/s) - 669 (735573 Gflops/s) - 673 (739971 Gflops/s) - 669 (735573 Gflops/s) - 658 (723478 Gflops/s) | Temperatures: 59°C - 61°C - 72°C - 71°C - 64°C - 60°C - 71°C - 72°C | Throttling: None - None - None - None - None - None - None - None
685 (753165 Gflops/s) - 678 (745468 Gflops/s) - 661 (726777 Gflops/s) - 667 (733374 Gflops/s) - 668 (734473 Gflops/s) - 676 (743269 Gflops/s) - 669 (735573 Gflops/s) - 657 (722379 Gflops/s) | Temperatures: 59°C - 61°C - 72°C - 71°C - 63°C - 60°C - 71°C - 72°C | Throttling: None - None - None - None - None - None - None - None
685 (753165 Gflops/s) - 677 (744369 Gflops/s) - 662 (727876 Gflops/s) - 668 (734473 Gflops/s) - 670 (736672 Gflops/s) - 676 (743269 Gflops/s) - 670 (736672 Gflops/s) - 657 (722379 Gflops/s) | Temperatures: 59°C - 61°C - 72°C - 71°C - 63°C - 60°C - 71°C - 72°C | Throttling: None - None - None - None - None - None - None - None
685 (753165 Gflops/s) - 679 (746568 Gflops/s) - 662 (727876 Gflops/s) - 667 (733374 Gflops/s) - 668 (734473 Gflops/s) - 675 (742170 Gflops/s) - 670 (736672 Gflops/s) - 658 (723478 Gflops/s) | Temperatures: 59°C - 61°C - 72°C - 71°C - 63°C - 60°C - 71°C - 72°C | Throttling: None - None - None - None - None - None - None - None
684 (752065 Gflops/s) - 678 (745468 Gflops/s) - 662 (727876 Gflops/s) - 667 (733374 Gflops/s) - 669 (735573 Gflops/s) - 674 (741070 Gflops/s) - 669 (735573 Gflops/s) - 657 (722379 Gflops/s) | Temperatures: 59°C - 61°C - 72°C - 71°C - 63°C - 60°C - 71°C - 72°C | Throttling: None - None - None - None - None - None - None - None
686 (754264 Gflops/s) - 694 (763061 Gflops/s) - 669 (735573 Gflops/s) - 668 (734473 Gflops/s) - 669 (735573 Gflops/s) - 675 (742170 Gflops/s) - 670 (736672 Gflops/s) - 658 (723478 Gflops/s) | Temperatures: 59°C - 61°C - 72°C - 71°C - 63°C - 60°C - 71°C - 72°C | Throttling: None - None - None - None - None - None - None - None
684 (752065 Gflops/s) - 662 (727876 Gflops/s) - 655 (720180 Gflops/s) - 667 (733374 Gflops/s) - 669 (735573 Gflops/s) - 674 (741070 Gflops/s) - 669 (735573 Gflops/s) - 657 (722379 Gflops/s) | Temperatures: 59°C - 61°C - 72°C - 71°C - 63°C - 60°C - 71°C - 72°C | Throttling: None - None - None - None - None - None - None - None
686 (754264 Gflops/s) - 679 (746568 Gflops/s) - 662 (727876 Gflops/s) - 668 (734473 Gflops/s) - 669 (735573 Gflops/s) - 676 (743269 Gflops/s) - 669 (735573 Gflops/s) - 658 (723478 Gflops/s) | Temperatures: 59°C - 61°C - 72°C - 71°C - 63°C - 60°C - 71°C - 72°C | Throttling: None - None - None - None - None - None - None - None
685 (753165 Gflops/s) - 678 (745468 Gflops/s) - 662 (727876 Gflops/s) - 667 (733374 Gflops/s) - 670 (736672 Gflops/s) - 676 (743269 Gflops/s) - 669 (735573 Gflops/s) - 658 (723478 Gflops/s) | Temperatures: 59°C - 61°C - 72°C - 71°C - 63°C - 60°C - 71°C - 72°C | Throttling: None - None - None - None - None - None - None - None
686 (754264 Gflops/s) - 677 (744369 Gflops/s) - 661 (726777 Gflops/s) - 667 (733374 Gflops/s) - 669 (735573 Gflops/s) - 675 (742170 Gflops/s) - 669 (735573 Gflops/s) - 674 (741070 Gflops/s) | Temperatures: 59°C - 61°C - 72°C - 71°C - 63°C - 60°C - 71°C - 72°C | Throttling: None - None - None - None - None - None - None - None
685 (753165 Gflops/s) - 678 (745468 Gflops/s) - 662 (727876 Gflops/s) - 667 (733374 Gflops/s) - 669 (735573 Gflops/s) - 675 (742170 Gflops/s) - 669 (735573 Gflops/s) - 641 (704786 Gflops/s) | Temperatures: 59°C - 61°C - 72°C - 71°C - 63°C - 60°C - 71°C - 72°C | Throttling: None - None - None - None - None - None - None - None
684 (752065 Gflops/s) - 679 (746568 Gflops/s) - 662 (727876 Gflops/s) - 667 (733374 Gflops/s) - 670 (736672 Gflops/s) - 674 (741070 Gflops/s) - 670 (736672 Gflops/s) - 657 (722379 Gflops/s) | Temperatures: 59°C - 61°C - 72°C - 71°C - 63°C - 60°C - 71°C - 72°C | Throttling: None - None - None - None - None - None - None - None
686 (754264 Gflops/s) - 679 (746568 Gflops/s) - 662 (727876 Gflops/s) - 668 (734473 Gflops/s) - 669 (735573 Gflops/s) - 675 (742170 Gflops/s) - 670 (736672 Gflops/s) - 659 (724578 Gflops/s) | Temperatures: 59°C - 61°C - 72°C - 71°C - 63°C - 60°C - 71°C - 72°C | Throttling: None - None - None - None - None - None - None - None
685 (753165 Gflops/s) - 679 (746568 Gflops/s) - 662 (727876 Gflops/s) - 668 (734473 Gflops/s) - 669 (735573 Gflops/s) - 674 (741070 Gflops/s) - 669 (735573 Gflops/s) - 657 (722379 Gflops/s) | Temperatures: 59°C - 61°C - 72°C - 71°C - 64°C - 60°C - 71°C - 72°C | Throttling: None - None - None - None - None - None - None - None
685 (753165 Gflops/s) - 685 (753165 Gflops/s) - 662 (727876 Gflops/s) - 667 (733374 Gflops/s) - 669 (735573 Gflops/s) - 674 (741070 Gflops/s) - 669 (735573 Gflops/s) - 658 (723478 Gflops/s) | Temperatures: 59°C - 61°C - 72°C - 71°C - 63°C - 60°C - 71°C - 72°C | Throttling: None - None - None - None - None - None - None - None
684 (752065 Gflops/s) - 671 (737772 Gflops/s) - 661 (726777 Gflops/s) - 667 (733374 Gflops/s) - 668 (734473 Gflops/s) - 674 (741070 Gflops/s) - 669 (735573 Gflops/s) - 657 (722379 Gflops/s) | Temperatures: 59°C - 61°C - 72°C - 71°C - 63°C - 60°C - 71°C - 72°C | Throttling: None - None - None - None - None - None - None - None
686 (754264 Gflops/s) - 678 (745468 Gflops/s) - 662 (727876 Gflops/s) - 667 (733374 Gflops/s) - 669 (735573 Gflops/s) - 676 (743269 Gflops/s) - 670 (736672 Gflops/s) - 658 (723478 Gflops/s) | Temperatures: 59°C - 61°C - 72°C - 71°C - 63°C - 60°C - 71°C - 72°C | Throttling: None - None - None - None - None - None - None - None
684 (752065 Gflops/s) - 679 (746568 Gflops/s) - 662 (727876 Gflops/s) - 668 (734473 Gflops/s) - 670 (736672 Gflops/s) - 675 (742170 Gflops/s) - 669 (735573 Gflops/s) - 658 (723478 Gflops/s) | Temperatures: 59°C - 61°C - 72°C - 71°C - 63°C - 60°C - 71°C - 72°C | Throttling: None - None - None - None - None - None - None - None
685 (753165 Gflops/s) - 678 (745468 Gflops/s) - 662 (727876 Gflops/s) - 666 (732274 Gflops/s) - 669 (735573 Gflops/s) - 675 (742170 Gflops/s) - 669 (735573 Gflops/s) - 656 (721279 Gflops/s) | Temperatures: 59°C - 61°C - 72°C - 71°C - 63°C - 60°C - 71°C - 72°C | Throttling: None - None - None - None - None - None - None - None
685 (753165 Gflops/s) - 678 (745468 Gflops/s) - 662 (727876 Gflops/s) - 668 (734473 Gflops/s) - 669 (735573 Gflops/s) - 675 (742170 Gflops/s) - 669 (735573 Gflops/s) - 658 (723478 Gflops/s) | Temperatures: 59°C - 61°C - 72°C - 71°C - 63°C - 60°C - 71°C - 72°C | Throttling: None - None - None - None - None - None - None - None
685 (753165 Gflops/s) - 679 (746568 Gflops/s) - 661 (726777 Gflops/s) - 667 (733374 Gflops/s) - 669 (735573 Gflops/s) - 674 (741070 Gflops/s) - 669 (735573 Gflops/s) - 657 (722379 Gflops/s) | Temperatures: 59°C - 61°C - 72°C - 71°C - 63°C - 60°C - 71°C - 72°C | Throttling: None - None - None - None - None - None - None - None
685 (753165 Gflops/s) - 678 (745468 Gflops/s) - 662 (727876 Gflops/s) - 667 (733374 Gflops/s) - 669 (735573 Gflops/s) - 675 (742170 Gflops/s) - 670 (736672 Gflops/s) - 658 (723478 Gflops/s) | Temperatures: 59°C - 61°C - 72°C - 71°C - 63°C - 60°C - 71°C - 72°C | Throttling: None - None - None - None - None - None - None - None
685 (753165 Gflops/s) - 678 (745468 Gflops/s) - 662 (727876 Gflops/s) - 667 (733374 Gflops/s) - 669 (735573 Gflops/s) - 675 (742170 Gflops/s) - 669 (735573 Gflops/s) - 657 (722379 Gflops/s) | Temperatures: 59°C - 61°C - 72°C - 71°C - 64°C - 60°C - 71°C - 72°C | Throttling: None - None - None - None - None - None - None - None
686 (754264 Gflops/s) - 679 (746568 Gflops/s) - 662 (727876 Gflops/s) - 668 (734473 Gflops/s) - 669 (735573 Gflops/s) - 675 (742170 Gflops/s) - 670 (736672 Gflops/s) - 658 (723478 Gflops/s) | Temperatures: 59°C - 61°C - 72°C - 71°C - 63°C - 60°C - 71°C - 72°C | Throttling: None - None - None - None - None - None - None - None
685 (753165 Gflops/s) - 678 (745468 Gflops/s) - 662 (727876 Gflops/s) - 667 (733374 Gflops/s) - 669 (735573 Gflops/s) - 675 (742170 Gflops/s) - 669 (735573 Gflops/s) - 658 (723478 Gflops/s) | Temperatures: 59°C - 61°C - 72°C - 71°C - 63°C - 60°C - 71°C - 72°C | Throttling: None - None - None - None - None - None - None - None
685 (753165 Gflops/s) - 679 (746568 Gflops/s) - 662 (727876 Gflops/s) - 668 (734473 Gflops/s) - 669 (735573 Gflops/s) - 675 (742170 Gflops/s) - 669 (735573 Gflops/s) - 658 (723478 Gflops/s) | Temperatures: 59°C - 61°C - 72°C - 71°C - 64°C - 60°C - 71°C - 72°C | Throttling: None - None - None - None - None - None - None - None
684 (752065 Gflops/s) - 678 (745468 Gflops/s) - 661 (726777 Gflops/s) - 667 (733374 Gflops/s) - 670 (736672 Gflops/s) - 675 (742170 Gflops/s) - 669 (735573 Gflops/s) - 657 (722379 Gflops/s) | Temperatures: 59°C - 61°C - 72°C - 71°C - 63°C - 60°C - 71°C - 72°C | Throttling: None - None - None - None - None - None - None - None
685 (753165 Gflops/s) - 678 (745468 Gflops/s) - 662 (727876 Gflops/s) - 667 (733374 Gflops/s) - 669 (735573 Gflops/s) - 674 (741070 Gflops/s) - 670 (736672 Gflops/s) - 658 (723478 Gflops/s) | Temperatures: 59°C - 61°C - 72°C - 71°C - 63°C - 60°C - 71°C - 72°C | Throttling: None - None - None - None - None - None - None - None
685 (753165 Gflops/s) - 679 (746568 Gflops/s) - 662 (727876 Gflops/s) - 667 (733374 Gflops/s) - 670 (736672 Gflops/s) - 674 (741070 Gflops/s) - 669 (735573 Gflops/s) - 658 (723478 Gflops/s) | Temperatures: 59°C - 61°C - 72°C - 71°C - 63°C - 60°C - 71°C - 72°C | Throttling: None - None - None - None - None - None - None - None
685 (753165 Gflops/s) - 678 (745468 Gflops/s) - 662 (727876 Gflops/s) - 668 (734473 Gflops/s) - 670 (736672 Gflops/s) - 676 (743269 Gflops/s) - 669 (735573 Gflops/s) - 658 (723478 Gflops/s) | Temperatures: 59°C - 61°C - 72°C - 71°C - 63°C - 60°C - 71°C - 72°C | Throttling: None - None - None - None - None - None - None - None
685 (753165 Gflops/s) - 678 (745468 Gflops/s) - 661 (726777 Gflops/s) - 667 (733374 Gflops/s) - 669 (735573 Gflops/s) - 675 (742170 Gflops/s) - 675 (742170 Gflops/s) - 657 (722379 Gflops/s) | Temperatures: 59°C - 61°C - 72°C - 71°C - 63°C - 60°C - 71°C - 72°C | Throttling: None - None - None - None - None - None - None - None
685 (753165 Gflops/s) - 678 (745468 Gflops/s) - 662 (727876 Gflops/s) - 667 (733374 Gflops/s) - 669 (735573 Gflops/s) - 673 (739971 Gflops/s) - 664 (730075 Gflops/s) - 657 (722379 Gflops/s) | Temperatures: 59°C - 61°C - 72°C - 71°C - 63°C - 60°C - 71°C - 72°C | Throttling: None - None - None - None - None - None - None - None
685 (753165 Gflops/s) - 678 (745468 Gflops/s) - 662 (727876 Gflops/s) - 667 (733374 Gflops/s) - 670 (736672 Gflops/s) - 675 (742170 Gflops/s) - 670 (736672 Gflops/s) - 659 (724578 Gflops/s) | Temperatures: 59°C - 61°C - 72°C - 71°C - 63°C - 60°C - 71°C - 72°C | Throttling: None - None - None - None - None - None - None - None
686 (754264 Gflops/s) - 679 (746568 Gflops/s) - 662 (727876 Gflops/s) - 668 (734473 Gflops/s) - 671 (737772 Gflops/s) - 675 (742170 Gflops/s) - 670 (736672 Gflops/s) - 658 (723478 Gflops/s) | Temperatures: 59°C - 61°C - 72°C - 71°C - 63°C - 60°C - 71°C - 72°C | Throttling: None - None - None - None - None - None - None - None
684 (752065 Gflops/s) - 678 (745468 Gflops/s) - 662 (727876 Gflops/s) - 666 (732274 Gflops/s) - 668 (734473 Gflops/s) - 674 (741070 Gflops/s) - 669 (735573 Gflops/s) - 657 (722379 Gflops/s) | Temperatures: 59°C - 61°C - 72°C - 71°C - 63°C - 60°C - 71°C - 72°C | Throttling: None - None - None - None - None - None - None - None
685 (753165 Gflops/s) - 679 (746568 Gflops/s) - 662 (727876 Gflops/s) - 668 (734473 Gflops/s) - 670 (736672 Gflops/s) - 674 (741070 Gflops/s) - 670 (736672 Gflops/s) - 658 (723478 Gflops/s) | Temperatures: 59°C - 61°C - 72°C - 71°C - 63°C - 60°C - 71°C - 72°C | Throttling: None - None - None - None - None - None - None - None
685 (753165 Gflops/s) - 678 (745468 Gflops/s) - 661 (726777 Gflops/s) - 667 (733374 Gflops/s) - 669 (735573 Gflops/s) - 674 (741070 Gflops/s) - 669 (735573 Gflops/s) - 658 (723478 Gflops/s) | Temperatures: 59°C - 61°C - 72°C - 71°C - 63°C - 60°C - 71°C - 72°C | Throttling: None - None - None - None - None - None - None - None
684 (752065 Gflops/s) - 678 (745468 Gflops/s) - 662 (727876 Gflops/s) - 667 (733374 Gflops/s) - 670 (736672 Gflops/s) - 675 (742170 Gflops/s) - 669 (735573 Gflops/s) - 658 (723478 Gflops/s) | Temperatures: 59°C - 61°C - 72°C - 71°C - 63°C - 60°C - 71°C - 72°C | Throttling: None - None - None - None - None - None - None - None
684 (752065 Gflops/s) - 677 (744369 Gflops/s) - 661 (726777 Gflops/s) - 667 (733374 Gflops/s) - 669 (735573 Gflops/s) - 674 (741070 Gflops/s) - 669 (735573 Gflops/s) - 656 (721279 Gflops/s) | Temperatures: 59°C - 61°C - 72°C - 71°C - 63°C - 60°C - 71°C - 72°C | Throttling: None - None - None - None - None - None - None - None
683 (750966 Gflops/s) - 677 (744369 Gflops/s) - 660 (725677 Gflops/s) - 664 (730075 Gflops/s) - 667 (733374 Gflops/s) - 672 (738871 Gflops/s) - 667 (733374 Gflops/s) - 655 (720180 Gflops/s) | Temperatures: 59°C - 61°C - 72°C - 71°C - 63°C - 60°C - 71°C - 72°C | Throttling: None - None - None - None - None - None - None - None
682 (749866 Gflops/s) - 675 (742170 Gflops/s) - 659 (724578 Gflops/s) - 665 (731175 Gflops/s) - 668 (734473 Gflops/s) - 673 (739971 Gflops/s) - 668 (734473 Gflops/s) - 655 (720180 Gflops/s) | Temperatures: 59°C - 61°C - 72°C - 71°C - 63°C - 60°C - 71°C - 72°C | Throttling: None - None - None - None - None - None - None - None
682 (749866 Gflops/s) - 676 (743269 Gflops/s) - 660 (725677 Gflops/s) - 665 (731175 Gflops/s) - 667 (733374 Gflops/s) - 672 (738871 Gflops/s) - 667 (733374 Gflops/s) - 656 (721279 Gflops/s) | Temperatures: 59°C - 61°C - 72°C - 71°C - 63°C - 60°C - 71°C - 72°C | Throttling: None - None - None - None - None - None - None - None
683 (750966 Gflops/s) - 677 (744369 Gflops/s) - 660 (725677 Gflops/s) - 666 (732274 Gflops/s) - 669 (735573 Gflops/s) - 672 (738871 Gflops/s) - 667 (733374 Gflops/s) - 656 (721279 Gflops/s) | Temperatures: 59°C - 61°C - 72°C - 71°C - 63°C - 60°C - 71°C - 72°C | Throttling: None - None - None - None - None - None - None - None
682 (749866 Gflops/s) - 674 (741070 Gflops/s) - 675 (742170 Gflops/s) - 664 (730075 Gflops/s) - 666 (732274 Gflops/s) - 673 (739971 Gflops/s) - 666 (732274 Gflops/s) - 655 (720180 Gflops/s) | Temperatures: 59°C - 61°C - 72°C - 72°C - 63°C - 60°C - 71°C - 72°C | Throttling: None - None - None - None - None - None - None - None
681 (748767 Gflops/s) - 677 (744369 Gflops/s) - 644 (708085 Gflops/s) - 665 (731175 Gflops/s) - 667 (733374 Gflops/s) - 672 (738871 Gflops/s) - 667 (733374 Gflops/s) - 655 (720180 Gflops/s) | Temperatures: 59°C - 61°C - 72°C - 71°C - 63°C - 60°C - 71°C - 72°C | Throttling: None - None - None - None - None - None - None - None
683 (750966 Gflops/s) - 677 (744369 Gflops/s) - 660 (725677 Gflops/s) - 665 (731175 Gflops/s) - 667 (733374 Gflops/s) - 673 (739971 Gflops/s) - 667 (733374 Gflops/s) - 656 (721279 Gflops/s) | Temperatures: 59°C - 61°C - 72°C - 72°C - 63°C - 60°C - 71°C - 72°C | Throttling: None - None - None - None - None - None - None - None
681 (748767 Gflops/s) - 675 (742170 Gflops/s) - 659 (724578 Gflops/s) - 665 (731175 Gflops/s) - 667 (733374 Gflops/s) - 671 (737772 Gflops/s) - 667 (733374 Gflops/s) - 655 (720180 Gflops/s) | Temperatures: 59°C - 61°C - 72°C - 72°C - 64°C - 60°C - 71°C - 72°C | Throttling: None - None - None - None - None - None - None - None
688 (756463 Gflops/s) - 682 (749866 Gflops/s) - 665 (731175 Gflops/s) - 671 (737772 Gflops/s) - 674 (741070 Gflops/s) - 679 (746568 Gflops/s) - 673 (739971 Gflops/s) - 662 (727876 Gflops/s) | Temperatures: 59°C - 61°C - 72°C - 71°C - 63°C - 60°C - 71°C - 72°C | Throttling: None - None - None - None - None - None - None - None
691 (759762 Gflops/s) - 684 (752065 Gflops/s) - 668 (734473 Gflops/s) - 673 (739971 Gflops/s) - 675 (742170 Gflops/s) - 681 (748767 Gflops/s) - 676 (743269 Gflops/s) - 663 (728976 Gflops/s) | Temperatures: 59°C - 61°C - 72°C - 72°C - 63°C - 60°C - 71°C - 72°C | Throttling: None - None - None - None - None - None - None - None
691 (759762 Gflops/s) - 684 (752065 Gflops/s) - 668 (734473 Gflops/s) - 673 (739971 Gflops/s) - 675 (742170 Gflops/s) - 681 (748767 Gflops/s) - 675 (742170 Gflops/s) - 664 (730075 Gflops/s) | Temperatures: 59°C - 61°C - 72°C - 72°C - 64°C - 60°C - 71°C - 72°C | Throttling: None - None - None - None - None - None - None - None
691 (759762 Gflops/s) - 684 (752065 Gflops/s) - 667 (733374 Gflops/s) - 673 (739971 Gflops/s) - 674 (741070 Gflops/s) - 680 (747667 Gflops/s) - 674 (741070 Gflops/s) - 662 (727876 Gflops/s) | Temperatures: 59°C - 61°C - 72°C - 72°C - 64°C - 60°C - 71°C - 72°C | Throttling: None - None - None - None - None - None - None - None
691 (759762 Gflops/s) - 685 (753165 Gflops/s) - 668 (734473 Gflops/s) - 673 (739971 Gflops/s) - 676 (743269 Gflops/s) - 681 (748767 Gflops/s) - 676 (743269 Gflops/s) - 663 (728976 Gflops/s) | Temperatures: 59°C - 61°C - 72°C - 72°C - 64°C - 60°C - 71°C - 72°C | Throttling: None - None - None - None - None - None - None - None
243 (267181 Gflops/s) - 434 (477188 Gflops/s) - 534 (587139 Gflops/s) - 536 (589338 Gflops/s) - 254 (279275 Gflops/s) - 480 (527765 Gflops/s) - 542 (595935 Gflops/s) - 570 (626721 Gflops/s) | Temperatures: 59°C - 61°C - 72°C - 72°C - 63°C - 60°C - 71°C - 72°C | Throttling: None - None - None - None - None - None - None - None
GPU #0: 754217 Gflops/s (min: 267181.33, max: 766359.60, dev: 754216.52)
         Temperature: 58.77°C (min: 51.00, max: 60.00)
         Throttling HW: false, Thermal SW: false, Thermal HW: false
GPU #1: 747884 Gflops/s (min: 477188.05, max: 772956.67, dev: 747884.08)
         Temperature: 60.54°C (min: 52.00, max: 62.00)
         Throttling HW: false, Thermal SW: false, Thermal HW: false
GPU #2: 730870 Gflops/s (min: 587139.21, max: 752065.95, dev: 730869.61)
         Temperature: 70.61°C (min: 57.00, max: 72.00)
         Throttling HW: false, Thermal SW: false, Thermal HW: false
GPU #3: 737101 Gflops/s (min: 589338.23, max: 767459.12, dev: 737101.41)
         Temperature: 69.85°C (min: 56.00, max: 72.00)
         Throttling HW: false, Thermal SW: false, Thermal HW: false
GPU #4: 739259 Gflops/s (min: 279275.95, max: 763061.07, dev: 739259.44)
         Temperature: 63.09°C (min: 55.00, max: 65.00)
         Throttling HW: false, Thermal SW: false, Thermal HW: false
GPU #5: 744328 Gflops/s (min: 527765.58, max: 763061.07, dev: 744328.37)
         Temperature: 59.56°C (min: 51.00, max: 61.00)
         Throttling HW: false, Thermal SW: false, Thermal HW: false
GPU #6: 739606 Gflops/s (min: 595935.30, max: 765260.09, dev: 739606.06)
         Temperature: 69.58°C (min: 55.00, max: 72.00)
         Throttling HW: false, Thermal SW: false, Thermal HW: false
GPU #7: 727910 Gflops/s (min: 626721.63, max: 767459.12, dev: 727910.24)
         Temperature: 70.89°C (min: 57.00, max: 73.00)
         Throttling HW: false, Thermal SW: false, Thermal HW: false
All GPUs seem healthy
Freeing GPUs...
======== Run with bf16 ==========
Detected GPU #0: "NVIDIA B200" (4513a122-4299-0e8f-724d-e82d2ea8dc1d)
Detected GPU #1: "NVIDIA B200" (ef1096e4-74fa-288b-58e7-4d670f8e2d64)
Detected GPU #2: "NVIDIA B200" (e04c543b-0b92-1ab9-d932-74c4f57c0820)
Detected GPU #3: "NVIDIA B200" (e3ae034b-2bbb-3f65-2bda-44491177f5e0)
Detected GPU #4: "NVIDIA B200" (776362fb-d768-8a0e-e301-379b8408765e)
Detected GPU #5: "NVIDIA B200" (04bff009-6baa-f6cf-9e17-49590202ffd6)
Detected GPU #6: "NVIDIA B200" (aec7a4d9-3e5a-f99b-4317-350498080cf3)
Detected GPU #7: "NVIDIA B200" (a4a980e7-cfc8-d306-d8a7-dc3ce1b438a8)
Using precision(s):  BF16 
Creating random matrices
Matrices created
GPU #0: Using 163805 MB
GPU #1: Using 163805 MB
GPU #2: Using 163805 MB
GPU #3: Using 163805 MB
GPU #4: Using 163805 MB
GPU #5: Using 163805 MB
GPU #6: Using 163805 MB
GPU #7: Using 163805 MB
1683 (1850478 Gflops/s) - 1673 (1839482 Gflops/s) - 1667 (1832885 Gflops/s) - 1676 (1842781 Gflops/s) - 1673 (1839482 Gflops/s) - 1679 (1846080 Gflops/s) - 1675 (1841681 Gflops/s) - 1677 (1843880 Gflops/s) | Temperatures: 50°C - 51°C - 61°C - 60°C - 54°C - 50°C - 60°C - 62°C | Throttling: None - None - None - None - None - None - None - None
1349 (1483241 Gflops/s) - 1327 (1459051 Gflops/s) - 1315 (1445857 Gflops/s) - 1317 (1448056 Gflops/s) - 1337 (1470047 Gflops/s) - 1328 (1460151 Gflops/s) - 1332 (1464549 Gflops/s) - 1348 (1482141 Gflops/s) | Temperatures: 52°C - 54°C - 64°C - 63°C - 56°C - 53°C - 62°C - 64°C | Throttling: None - None - None - None - None - None - None - None
1339 (1472246 Gflops/s) - 1322 (1453554 Gflops/s) - 1315 (1445857 Gflops/s) - 1309 (1439260 Gflops/s) - 1329 (1461250 Gflops/s) - 1321 (1452454 Gflops/s) - 1322 (1453554 Gflops/s) - 1339 (1472246 Gflops/s) | Temperatures: 53°C - 54°C - 64°C - 64°C - 57°C - 54°C - 63°C - 65°C | Throttling: None - None - None - None - None - None - None - None
1335 (1467848 Gflops/s) - 1330 (1462350 Gflops/s) - 1319 (1450255 Gflops/s) - 1310 (1440360 Gflops/s) - 1328 (1460151 Gflops/s) - 1319 (1450255 Gflops/s) - 1319 (1450255 Gflops/s) - 1335 (1467848 Gflops/s) | Temperatures: 54°C - 55°C - 65°C - 64°C - 58°C - 54°C - 64°C - 65°C | Throttling: None - None - None - None - None - None - None - None
1336 (1468947 Gflops/s) - 1328 (1460151 Gflops/s) - 1318 (1449156 Gflops/s) - 1309 (1439260 Gflops/s) - 1330 (1462350 Gflops/s) - 1321 (1452454 Gflops/s) - 1321 (1452454 Gflops/s) - 1338 (1471146 Gflops/s) | Temperatures: 54°C - 55°C - 65°C - 65°C - 58°C - 55°C - 64°C - 66°C | Throttling: None - None - None - None - None - None - None - None
1333 (1465648 Gflops/s) - 1329 (1461250 Gflops/s) - 1316 (1446957 Gflops/s) - 1319 (1450255 Gflops/s) - 1328 (1460151 Gflops/s) - 1321 (1452454 Gflops/s) - 1319 (1450255 Gflops/s) - 1336 (1468947 Gflops/s) | Temperatures: 55°C - 56°C - 66°C - 65°C - 59°C - 55°C - 64°C - 66°C | Throttling: None - None - None - None - None - None - None - None
1331 (1463449 Gflops/s) - 1327 (1459051 Gflops/s) - 1315 (1445857 Gflops/s) - 1319 (1450255 Gflops/s) - 1325 (1456852 Gflops/s) - 1321 (1452454 Gflops/s) - 1318 (1449156 Gflops/s) - 1339 (1472246 Gflops/s) | Temperatures: 55°C - 56°C - 66°C - 65°C - 59°C - 56°C - 65°C - 67°C | Throttling: None - None - None - None - None - None - None - None
1338 (1471146 Gflops/s) - 1329 (1461250 Gflops/s) - 1310 (1440360 Gflops/s) - 1320 (1451355 Gflops/s) - 1327 (1459051 Gflops/s) - 1323 (1454653 Gflops/s) - 1315 (1445857 Gflops/s) - 1338 (1471146 Gflops/s) | Temperatures: 55°C - 57°C - 66°C - 66°C - 59°C - 56°C - 65°C - 67°C | Throttling: None - None - None - None - None - None - None - None
1339 (1472246 Gflops/s) - 1326 (1457952 Gflops/s) - 1304 (1433763 Gflops/s) - 1318 (1449156 Gflops/s) - 1326 (1457952 Gflops/s) - 1322 (1453554 Gflops/s) - 1312 (1442559 Gflops/s) - 1338 (1471146 Gflops/s) | Temperatures: 56°C - 57°C - 66°C - 66°C - 60°C - 56°C - 65°C - 67°C | Throttling: None - None - None - None - None - None - None - None
1337 (1470047 Gflops/s) - 1325 (1456852 Gflops/s) - 1303 (1432663 Gflops/s) - 1316 (1446957 Gflops/s) - 1325 (1456852 Gflops/s) - 1320 (1451355 Gflops/s) - 1311 (1441459 Gflops/s) - 1336 (1468947 Gflops/s) | Temperatures: 56°C - 57°C - 67°C - 66°C - 60°C - 56°C - 65°C - 67°C | Throttling: None - None - None - None - None - None - None - None
1337 (1470047 Gflops/s) - 1323 (1454653 Gflops/s) - 1302 (1431564 Gflops/s) - 1316 (1446957 Gflops/s) - 1324 (1455753 Gflops/s) - 1321 (1452454 Gflops/s) - 1318 (1449156 Gflops/s) - 1336 (1468947 Gflops/s) | Temperatures: 56°C - 57°C - 67°C - 66°C - 60°C - 57°C - 66°C - 68°C | Throttling: None - None - None - None - None - None - None - None
1337 (1470047 Gflops/s) - 1322 (1453554 Gflops/s) - 1304 (1433763 Gflops/s) - 1317 (1448056 Gflops/s) - 1325 (1456852 Gflops/s) - 1322 (1453554 Gflops/s) - 1321 (1452454 Gflops/s) - 1336 (1468947 Gflops/s) | Temperatures: 56°C - 58°C - 67°C - 67°C - 60°C - 57°C - 66°C - 68°C | Throttling: None - None - None - None - None - None - None - None
1334 (1466748 Gflops/s) - 1324 (1455753 Gflops/s) - 1301 (1430464 Gflops/s) - 1316 (1446957 Gflops/s) - 1322 (1453554 Gflops/s) - 1318 (1449156 Gflops/s) - 1320 (1451355 Gflops/s) - 1335 (1467848 Gflops/s) | Temperatures: 57°C - 58°C - 67°C - 67°C - 61°C - 57°C - 66°C - 68°C | Throttling: None - None - None - None - None - None - None - None
1336 (1468947 Gflops/s) - 1322 (1453554 Gflops/s) - 1303 (1432663 Gflops/s) - 1315 (1445857 Gflops/s) - 1323 (1454653 Gflops/s) - 1317 (1448056 Gflops/s) - 1321 (1452454 Gflops/s) - 1336 (1468947 Gflops/s) | Temperatures: 57°C - 58°C - 67°C - 67°C - 61°C - 57°C - 66°C - 68°C | Throttling: None - None - None - None - None - None - None - None
1336 (1468947 Gflops/s) - 1324 (1455753 Gflops/s) - 1302 (1431564 Gflops/s) - 1315 (1445857 Gflops/s) - 1322 (1453554 Gflops/s) - 1316 (1446957 Gflops/s) - 1322 (1453554 Gflops/s) - 1338 (1471146 Gflops/s) | Temperatures: 57°C - 58°C - 68°C - 67°C - 61°C - 58°C - 67°C - 69°C | Throttling: None - None - None - None - None - None - None - None
1334 (1466748 Gflops/s) - 1320 (1451355 Gflops/s) - 1299 (1428265 Gflops/s) - 1313 (1443658 Gflops/s) - 1320 (1451355 Gflops/s) - 1315 (1445857 Gflops/s) - 1320 (1451355 Gflops/s) - 1336 (1468947 Gflops/s) | Temperatures: 57°C - 58°C - 68°C - 68°C - 61°C - 58°C - 67°C - 69°C | Throttling: None - None - None - None - None - None - None - None
1338 (1471146 Gflops/s) - 1323 (1454653 Gflops/s) - 1301 (1430464 Gflops/s) - 1314 (1444758 Gflops/s) - 1321 (1452454 Gflops/s) - 1319 (1450255 Gflops/s) - 1320 (1451355 Gflops/s) - 1336 (1468947 Gflops/s) | Temperatures: 57°C - 59°C - 68°C - 68°C - 61°C - 58°C - 67°C - 69°C | Throttling: None - None - None - None - None - None - None - None
1340 (1473345 Gflops/s) - 1326 (1457952 Gflops/s) - 1301 (1430464 Gflops/s) - 1313 (1443658 Gflops/s) - 1320 (1451355 Gflops/s) - 1322 (1453554 Gflops/s) - 1320 (1451355 Gflops/s) - 1338 (1471146 Gflops/s) | Temperatures: 58°C - 59°C - 68°C - 68°C - 62°C - 58°C - 67°C - 69°C | Throttling: None - None - None - None - None - None - None - None
1338 (1471146 Gflops/s) - 1324 (1455753 Gflops/s) - 1302 (1431564 Gflops/s) - 1315 (1445857 Gflops/s) - 1321 (1452454 Gflops/s) - 1323 (1454653 Gflops/s) - 1322 (1453554 Gflops/s) - 1339 (1472246 Gflops/s) | Temperatures: 58°C - 59°C - 68°C - 68°C - 62°C - 58°C - 67°C - 69°C | Throttling: None - None - None - None - None - None - None - None
1337 (1470047 Gflops/s) - 1325 (1456852 Gflops/s) - 1301 (1430464 Gflops/s) - 1313 (1443658 Gflops/s) - 1317 (1448056 Gflops/s) - 1322 (1453554 Gflops/s) - 1320 (1451355 Gflops/s) - 1337 (1470047 Gflops/s) | Temperatures: 58°C - 59°C - 69°C - 68°C - 62°C - 59°C - 68°C - 69°C | Throttling: None - None - None - None - None - None - None - None
1339 (1472246 Gflops/s) - 1323 (1454653 Gflops/s) - 1300 (1429365 Gflops/s) - 1313 (1443658 Gflops/s) - 1319 (1450255 Gflops/s) - 1322 (1453554 Gflops/s) - 1320 (1451355 Gflops/s) - 1335 (1467848 Gflops/s) | Temperatures: 58°C - 59°C - 69°C - 68°C - 62°C - 59°C - 68°C - 70°C | Throttling: None - None - None - None - None - None - None - None
1337 (1470047 Gflops/s) - 1324 (1455753 Gflops/s) - 1299 (1428265 Gflops/s) - 1313 (1443658 Gflops/s) - 1318 (1449156 Gflops/s) - 1320 (1451355 Gflops/s) - 1319 (1450255 Gflops/s) - 1331 (1463449 Gflops/s) | Temperatures: 58°C - 59°C - 69°C - 69°C - 62°C - 59°C - 68°C - 70°C | Throttling: None - None - None - None - None - None - None - None
1336 (1468947 Gflops/s) - 1319 (1450255 Gflops/s) - 1298 (1427166 Gflops/s) - 1312 (1442559 Gflops/s) - 1315 (1445857 Gflops/s) - 1321 (1452454 Gflops/s) - 1320 (1451355 Gflops/s) - 1337 (1470047 Gflops/s) | Temperatures: 58°C - 59°C - 69°C - 69°C - 62°C - 59°C - 68°C - 70°C | Throttling: None - None - None - None - None - None - None - None
1336 (1468947 Gflops/s) - 1323 (1454653 Gflops/s) - 1298 (1427166 Gflops/s) - 1311 (1441459 Gflops/s) - 1315 (1445857 Gflops/s) - 1320 (1451355 Gflops/s) - 1320 (1451355 Gflops/s) - 1336 (1468947 Gflops/s) | Temperatures: 59°C - 60°C - 69°C - 69°C - 62°C - 59°C - 68°C - 70°C | Throttling: None - None - None - None - None - None - None - None
1336 (1468947 Gflops/s) - 1324 (1455753 Gflops/s) - 1298 (1427166 Gflops/s) - 1313 (1443658 Gflops/s) - 1317 (1448056 Gflops/s) - 1319 (1450255 Gflops/s) - 1321 (1452454 Gflops/s) - 1337 (1470047 Gflops/s) | Temperatures: 58°C - 60°C - 69°C - 69°C - 63°C - 59°C - 69°C - 70°C | Throttling: None - None - None - None - None - None - None - None
1336 (1468947 Gflops/s) - 1320 (1451355 Gflops/s) - 1299 (1428265 Gflops/s) - 1312 (1442559 Gflops/s) - 1316 (1446957 Gflops/s) - 1319 (1450255 Gflops/s) - 1317 (1448056 Gflops/s) - 1332 (1464549 Gflops/s) | Temperatures: 59°C - 60°C - 70°C - 69°C - 63°C - 59°C - 69°C - 70°C | Throttling: None - None - None - None - None - None - None - None
1336 (1468947 Gflops/s) - 1320 (1451355 Gflops/s) - 1296 (1424967 Gflops/s) - 1311 (1441459 Gflops/s) - 1317 (1448056 Gflops/s) - 1318 (1449156 Gflops/s) - 1318 (1449156 Gflops/s) - 1337 (1470047 Gflops/s) | Temperatures: 59°C - 60°C - 70°C - 70°C - 63°C - 59°C - 69°C - 71°C | Throttling: None - None - None - None - None - None - None - None
1335 (1467848 Gflops/s) - 1319 (1450255 Gflops/s) - 1296 (1424967 Gflops/s) - 1312 (1442559 Gflops/s) - 1316 (1446957 Gflops/s) - 1318 (1449156 Gflops/s) - 1320 (1451355 Gflops/s) - 1338 (1471146 Gflops/s) | Temperatures: 59°C - 60°C - 70°C - 70°C - 63°C - 59°C - 69°C - 71°C | Throttling: None - None - None - None - None - None - None - None
1336 (1468947 Gflops/s) - 1317 (1448056 Gflops/s) - 1297 (1426066 Gflops/s) - 1310 (1440360 Gflops/s) - 1315 (1445857 Gflops/s) - 1317 (1448056 Gflops/s) - 1318 (1449156 Gflops/s) - 1335 (1467848 Gflops/s) | Temperatures: 59°C - 60°C - 70°C - 70°C - 63°C - 60°C - 69°C - 71°C | Throttling: None - None - None - None - None - None - None - None
1334 (1466748 Gflops/s) - 1319 (1450255 Gflops/s) - 1297 (1426066 Gflops/s) - 1312 (1442559 Gflops/s) - 1315 (1445857 Gflops/s) - 1319 (1450255 Gflops/s) - 1317 (1448056 Gflops/s) - 1332 (1464549 Gflops/s) | Temperatures: 59°C - 60°C - 70°C - 70°C - 63°C - 60°C - 69°C - 71°C | Throttling: None - None - None - None - None - None - None - None
1336 (1468947 Gflops/s) - 1317 (1448056 Gflops/s) - 1296 (1424967 Gflops/s) - 1311 (1441459 Gflops/s) - 1316 (1446957 Gflops/s) - 1317 (1448056 Gflops/s) - 1318 (1449156 Gflops/s) - 1336 (1468947 Gflops/s) | Temperatures: 59°C - 60°C - 70°C - 70°C - 63°C - 60°C - 69°C - 71°C | Throttling: None - None - None - None - None - None - None - None
1347 (1481042 Gflops/s) - 1328 (1460151 Gflops/s) - 1307 (1437061 Gflops/s) - 1320 (1451355 Gflops/s) - 1325 (1456852 Gflops/s) - 1327 (1459051 Gflops/s) - 1327 (1459051 Gflops/s) - 1339 (1472246 Gflops/s) | Temperatures: 59°C - 60°C - 70°C - 70°C - 63°C - 60°C - 70°C - 71°C | Throttling: None - None - None - None - None - None - None - None
1351 (1485440 Gflops/s) - 1334 (1466748 Gflops/s) - 1312 (1442559 Gflops/s) - 1327 (1459051 Gflops/s) - 1330 (1462350 Gflops/s) - 1334 (1466748 Gflops/s) - 1328 (1460151 Gflops/s) - 1345 (1478843 Gflops/s) | Temperatures: 59°C - 60°C - 71°C - 70°C - 63°C - 60°C - 70°C - 71°C | Throttling: None - None - None - None - None - None - None - None
1350 (1484340 Gflops/s) - 1331 (1463449 Gflops/s) - 1310 (1440360 Gflops/s) - 1324 (1455753 Gflops/s) - 1329 (1461250 Gflops/s) - 1330 (1462350 Gflops/s) - 1327 (1459051 Gflops/s) - 1340 (1473345 Gflops/s) | Temperatures: 59°C - 60°C - 71°C - 70°C - 63°C - 60°C - 70°C - 71°C | Throttling: None - None - None - None - None - None - None - None
1349 (1483241 Gflops/s) - 1332 (1464549 Gflops/s) - 1310 (1440360 Gflops/s) - 1324 (1455753 Gflops/s) - 1330 (1462350 Gflops/s) - 1331 (1463449 Gflops/s) - 1330 (1462350 Gflops/s) - 1341 (1474445 Gflops/s) | Temperatures: 59°C - 61°C - 71°C - 71°C - 63°C - 60°C - 70°C - 72°C | Throttling: None - None - None - None - None - None - None - None
1350 (1484340 Gflops/s) - 1334 (1466748 Gflops/s) - 1311 (1441459 Gflops/s) - 1325 (1456852 Gflops/s) - 1330 (1462350 Gflops/s) - 1332 (1464549 Gflops/s) - 1328 (1460151 Gflops/s) - 1342 (1475544 Gflops/s) | Temperatures: 59°C - 61°C - 71°C - 71°C - 64°C - 60°C - 70°C - 72°C | Throttling: None - None - None - None - None - None - None - None
1350 (1484340 Gflops/s) - 1331 (1463449 Gflops/s) - 1309 (1439260 Gflops/s) - 1323 (1454653 Gflops/s) - 1329 (1461250 Gflops/s) - 1331 (1463449 Gflops/s) - 1326 (1457952 Gflops/s) - 1339 (1472246 Gflops/s) | Temperatures: 60°C - 61°C - 71°C - 71°C - 63°C - 60°C - 70°C - 72°C | Throttling: None - None - None - None - None - None - None - None
1351 (1485440 Gflops/s) - 1334 (1466748 Gflops/s) - 1310 (1440360 Gflops/s) - 1325 (1456852 Gflops/s) - 1330 (1462350 Gflops/s) - 1331 (1463449 Gflops/s) - 1328 (1460151 Gflops/s) - 1342 (1475544 Gflops/s) | Temperatures: 60°C - 61°C - 71°C - 71°C - 64°C - 60°C - 70°C - 72°C | Throttling: None - None - None - None - None - None - None - None
1349 (1483241 Gflops/s) - 1331 (1463449 Gflops/s) - 1310 (1440360 Gflops/s) - 1324 (1455753 Gflops/s) - 1331 (1463449 Gflops/s) - 1330 (1462350 Gflops/s) - 1327 (1459051 Gflops/s) - 1340 (1473345 Gflops/s) | Temperatures: 60°C - 61°C - 71°C - 71°C - 64°C - 60°C - 70°C - 72°C | Throttling: None - None - None - None - None - None - None - None
1349 (1483241 Gflops/s) - 1331 (1463449 Gflops/s) - 1310 (1440360 Gflops/s) - 1323 (1454653 Gflops/s) - 1327 (1459051 Gflops/s) - 1331 (1463449 Gflops/s) - 1326 (1457952 Gflops/s) - 1336 (1468947 Gflops/s) | Temperatures: 60°C - 61°C - 71°C - 71°C - 64°C - 60°C - 70°C - 72°C | Throttling: None - None - None - None - None - None - None - None
1350 (1484340 Gflops/s) - 1331 (1463449 Gflops/s) - 1309 (1439260 Gflops/s) - 1325 (1456852 Gflops/s) - 1329 (1461250 Gflops/s) - 1331 (1463449 Gflops/s) - 1327 (1459051 Gflops/s) - 1338 (1471146 Gflops/s) | Temperatures: 60°C - 61°C - 71°C - 71°C - 64°C - 60°C - 70°C - 72°C | Throttling: None - None - None - None - None - None - None - None
1349 (1483241 Gflops/s) - 1333 (1465648 Gflops/s) - 1310 (1440360 Gflops/s) - 1323 (1454653 Gflops/s) - 1329 (1461250 Gflops/s) - 1330 (1462350 Gflops/s) - 1327 (1459051 Gflops/s) - 1335 (1467848 Gflops/s) | Temperatures: 60°C - 61°C - 72°C - 71°C - 64°C - 60°C - 71°C - 72°C | Throttling: None - None - None - None - None - None - None - None
1350 (1484340 Gflops/s) - 1331 (1463449 Gflops/s) - 1311 (1441459 Gflops/s) - 1324 (1455753 Gflops/s) - 1327 (1459051 Gflops/s) - 1330 (1462350 Gflops/s) - 1326 (1457952 Gflops/s) - 1338 (1471146 Gflops/s) | Temperatures: 60°C - 61°C - 72°C - 71°C - 64°C - 60°C - 71°C - 72°C | Throttling: None - None - None - None - None - None - None - None
1348 (1482141 Gflops/s) - 1331 (1463449 Gflops/s) - 1307 (1437061 Gflops/s) - 1323 (1454653 Gflops/s) - 1328 (1460151 Gflops/s) - 1329 (1461250 Gflops/s) - 1327 (1459051 Gflops/s) - 1336 (1468947 Gflops/s) | Temperatures: 60°C - 61°C - 72°C - 71°C - 64°C - 61°C - 71°C - 72°C | Throttling: None - None - None - None - None - None - None - None
1350 (1484340 Gflops/s) - 1331 (1463449 Gflops/s) - 1309 (1439260 Gflops/s) - 1322 (1453554 Gflops/s) - 1334 (1466748 Gflops/s) - 1331 (1463449 Gflops/s) - 1325 (1456852 Gflops/s) - 1337 (1470047 Gflops/s) | Temperatures: 60°C - 61°C - 72°C - 72°C - 64°C - 60°C - 71°C - 73°C | Throttling: None - None - None - None - None - None - None - None
1348 (1482141 Gflops/s) - 1331 (1463449 Gflops/s) - 1310 (1440360 Gflops/s) - 1324 (1455753 Gflops/s) - 1337 (1470047 Gflops/s) - 1329 (1461250 Gflops/s) - 1325 (1456852 Gflops/s) - 1337 (1470047 Gflops/s) | Temperatures: 60°C - 61°C - 72°C - 72°C - 64°C - 61°C - 71°C - 73°C | Throttling: None - None - None - None - None - None - None - None
1348 (1482141 Gflops/s) - 1330 (1462350 Gflops/s) - 1309 (1439260 Gflops/s) - 1321 (1452454 Gflops/s) - 1335 (1467848 Gflops/s) - 1329 (1461250 Gflops/s) - 1323 (1454653 Gflops/s) - 1334 (1466748 Gflops/s) | Temperatures: 60°C - 61°C - 72°C - 72°C - 64°C - 61°C - 71°C - 73°C | Throttling: None - None - None - None - None - None - None - None
1350 (1484340 Gflops/s) - 1331 (1463449 Gflops/s) - 1309 (1439260 Gflops/s) - 1323 (1454653 Gflops/s) - 1335 (1467848 Gflops/s) - 1331 (1463449 Gflops/s) - 1324 (1455753 Gflops/s) - 1335 (1467848 Gflops/s) | Temperatures: 60°C - 61°C - 72°C - 72°C - 64°C - 61°C - 71°C - 73°C | Throttling: None - None - None - None - None - None - None - None
1348 (1482141 Gflops/s) - 1331 (1463449 Gflops/s) - 1309 (1439260 Gflops/s) - 1322 (1453554 Gflops/s) - 1337 (1470047 Gflops/s) - 1330 (1462350 Gflops/s) - 1324 (1455753 Gflops/s) - 1335 (1467848 Gflops/s) | Temperatures: 60°C - 61°C - 72°C - 72°C - 64°C - 61°C - 71°C - 73°C | Throttling: None - None - None - None - None - None - None - None
1349 (1483241 Gflops/s) - 1330 (1462350 Gflops/s) - 1309 (1439260 Gflops/s) - 1321 (1452454 Gflops/s) - 1335 (1467848 Gflops/s) - 1329 (1461250 Gflops/s) - 1323 (1454653 Gflops/s) - 1335 (1467848 Gflops/s) | Temperatures: 60°C - 61°C - 72°C - 72°C - 64°C - 61°C - 71°C - 73°C | Throttling: None - None - None - None - None - None - None - None
1348 (1482141 Gflops/s) - 1331 (1463449 Gflops/s) - 1309 (1439260 Gflops/s) - 1321 (1452454 Gflops/s) - 1334 (1466748 Gflops/s) - 1329 (1461250 Gflops/s) - 1322 (1453554 Gflops/s) - 1332 (1464549 Gflops/s) | Temperatures: 60°C - 61°C - 72°C - 72°C - 64°C - 61°C - 71°C - 73°C | Throttling: None - None - None - None - None - None - None - None
1349 (1483241 Gflops/s) - 1331 (1463449 Gflops/s) - 1308 (1438161 Gflops/s) - 1321 (1452454 Gflops/s) - 1337 (1470047 Gflops/s) - 1331 (1463449 Gflops/s) - 1324 (1455753 Gflops/s) - 1335 (1467848 Gflops/s) | Temperatures: 60°C - 62°C - 72°C - 72°C - 64°C - 61°C - 72°C - 73°C | Throttling: None - None - None - None - None - None - None - None
1348 (1482141 Gflops/s) - 1331 (1463449 Gflops/s) - 1309 (1439260 Gflops/s) - 1322 (1453554 Gflops/s) - 1336 (1468947 Gflops/s) - 1331 (1463449 Gflops/s) - 1323 (1454653 Gflops/s) - 1332 (1464549 Gflops/s) | Temperatures: 60°C - 62°C - 73°C - 72°C - 64°C - 61°C - 72°C - 73°C | Throttling: None - None - None - None - None - None - None - None
1347 (1481042 Gflops/s) - 1329 (1461250 Gflops/s) - 1307 (1437061 Gflops/s) - 1319 (1450255 Gflops/s) - 1335 (1467848 Gflops/s) - 1330 (1462350 Gflops/s) - 1321 (1452454 Gflops/s) - 1331 (1463449 Gflops/s) | Temperatures: 60°C - 61°C - 73°C - 72°C - 64°C - 61°C - 72°C - 73°C | Throttling: None - None - None - None - None - None - None - None
1349 (1483241 Gflops/s) - 1331 (1463449 Gflops/s) - 1307 (1437061 Gflops/s) - 1321 (1452454 Gflops/s) - 1334 (1466748 Gflops/s) - 1329 (1461250 Gflops/s) - 1323 (1454653 Gflops/s) - 1333 (1465648 Gflops/s) | Temperatures: 60°C - 62°C - 72°C - 72°C - 64°C - 61°C - 72°C - 73°C | Throttling: None - None - None - None - None - None - None - None
1348 (1482141 Gflops/s) - 1331 (1463449 Gflops/s) - 1309 (1439260 Gflops/s) - 1321 (1452454 Gflops/s) - 1336 (1468947 Gflops/s) - 1330 (1462350 Gflops/s) - 1323 (1454653 Gflops/s) - 1330 (1462350 Gflops/s) | Temperatures: 60°C - 62°C - 73°C - 72°C - 64°C - 61°C - 72°C - 73°C | Throttling: None - None - None - None - None - None - None - None
1346 (1479942 Gflops/s) - 1329 (1461250 Gflops/s) - 1307 (1437061 Gflops/s) - 1319 (1450255 Gflops/s) - 1334 (1466748 Gflops/s) - 1328 (1460151 Gflops/s) - 1320 (1451355 Gflops/s) - 1333 (1465648 Gflops/s) | Temperatures: 60°C - 62°C - 73°C - 72°C - 64°C - 61°C - 72°C - 73°C | Throttling: None - None - None - None - None - None - None - None
1349 (1483241 Gflops/s) - 1330 (1462350 Gflops/s) - 1307 (1437061 Gflops/s) - 1320 (1451355 Gflops/s) - 1335 (1467848 Gflops/s) - 1329 (1461250 Gflops/s) - 1322 (1453554 Gflops/s) - 1334 (1466748 Gflops/s) | Temperatures: 60°C - 61°C - 73°C - 72°C - 64°C - 61°C - 72°C - 73°C | Throttling: None - None - None - None - None - None - None - None
1348 (1482141 Gflops/s) - 1331 (1463449 Gflops/s) - 1307 (1437061 Gflops/s) - 1321 (1452454 Gflops/s) - 1336 (1468947 Gflops/s) - 1329 (1461250 Gflops/s) - 1321 (1452454 Gflops/s) - 1332 (1464549 Gflops/s) | Temperatures: 60°C - 61°C - 73°C - 72°C - 64°C - 61°C - 72°C - 73°C | Throttling: None - None - None - None - None - None - None - None
1348 (1482141 Gflops/s) - 1329 (1461250 Gflops/s) - 1309 (1439260 Gflops/s) - 1321 (1452454 Gflops/s) - 1335 (1467848 Gflops/s) - 1332 (1464549 Gflops/s) - 1322 (1453554 Gflops/s) - 1331 (1463449 Gflops/s) | Temperatures: 60°C - 61°C - 73°C - 72°C - 64°C - 61°C - 72°C - 73°C | Throttling: None - None - None - None - None - None - None - None
1347 (1481042 Gflops/s) - 1330 (1462350 Gflops/s) - 1306 (1435962 Gflops/s) - 1321 (1452454 Gflops/s) - 1335 (1467848 Gflops/s) - 1329 (1461250 Gflops/s) - 1322 (1453554 Gflops/s) - 1334 (1466748 Gflops/s) | Temperatures: 60°C - 61°C - 73°C - 72°C - 64°C - 61°C - 72°C - 73°C | Throttling: None - None - None - None - None - None - None - None
1348 (1482141 Gflops/s) - 1330 (1462350 Gflops/s) - 1309 (1439260 Gflops/s) - 1320 (1451355 Gflops/s) - 1336 (1468947 Gflops/s) - 1330 (1462350 Gflops/s) - 1322 (1453554 Gflops/s) - 1329 (1461250 Gflops/s) | Temperatures: 60°C - 61°C - 73°C - 72°C - 64°C - 61°C - 72°C - 73°C | Throttling: None - None - None - None - None - None - None - None
1349 (1483241 Gflops/s) - 1331 (1463449 Gflops/s) - 1307 (1437061 Gflops/s) - 1321 (1452454 Gflops/s) - 1334 (1466748 Gflops/s) - 1329 (1461250 Gflops/s) - 1321 (1452454 Gflops/s) - 1332 (1464549 Gflops/s) | Temperatures: 60°C - 61°C - 73°C - 72°C - 64°C - 61°C - 72°C - 73°C | Throttling: None - None - None - None - None - None - None - None
1347 (1481042 Gflops/s) - 1328 (1460151 Gflops/s) - 1306 (1435962 Gflops/s) - 1318 (1449156 Gflops/s) - 1334 (1466748 Gflops/s) - 1328 (1460151 Gflops/s) - 1322 (1453554 Gflops/s) - 1333 (1465648 Gflops/s) | Temperatures: 60°C - 61°C - 73°C - 72°C - 64°C - 61°C - 72°C - 73°C | Throttling: None - None - None - None - None - None - None - None
1348 (1482141 Gflops/s) - 1330 (1462350 Gflops/s) - 1308 (1438161 Gflops/s) - 1320 (1451355 Gflops/s) - 1335 (1467848 Gflops/s) - 1330 (1462350 Gflops/s) - 1323 (1454653 Gflops/s) - 1330 (1462350 Gflops/s) | Temperatures: 60°C - 61°C - 73°C - 72°C - 64°C - 60°C - 72°C - 73°C | Throttling: None - None - None - None - None - None - None - None
1347 (1481042 Gflops/s) - 1330 (1462350 Gflops/s) - 1309 (1439260 Gflops/s) - 1321 (1452454 Gflops/s) - 1336 (1468947 Gflops/s) - 1330 (1462350 Gflops/s) - 1321 (1452454 Gflops/s) - 1335 (1467848 Gflops/s) | Temperatures: 60°C - 61°C - 73°C - 72°C - 64°C - 61°C - 71°C - 73°C | Throttling: None - None - None - None - None - None - None - None
1349 (1483241 Gflops/s) - 1330 (1462350 Gflops/s) - 1308 (1438161 Gflops/s) - 1319 (1450255 Gflops/s) - 1335 (1467848 Gflops/s) - 1330 (1462350 Gflops/s) - 1321 (1452454 Gflops/s) - 1331 (1463449 Gflops/s) | Temperatures: 60°C - 61°C - 73°C - 72°C - 64°C - 61°C - 71°C - 73°C | Throttling: None - None - None - None - None - None - None - None
1347 (1481042 Gflops/s) - 1328 (1460151 Gflops/s) - 1306 (1435962 Gflops/s) - 1319 (1450255 Gflops/s) - 1334 (1466748 Gflops/s) - 1328 (1460151 Gflops/s) - 1321 (1452454 Gflops/s) - 1331 (1463449 Gflops/s) | Temperatures: 60°C - 61°C - 72°C - 72°C - 64°C - 60°C - 72°C - 73°C | Throttling: None - None - None - None - None - None - None - None
1347 (1481042 Gflops/s) - 1331 (1463449 Gflops/s) - 1307 (1437061 Gflops/s) - 1319 (1450255 Gflops/s) - 1336 (1468947 Gflops/s) - 1330 (1462350 Gflops/s) - 1321 (1452454 Gflops/s) - 1333 (1465648 Gflops/s) | Temperatures: 60°C - 61°C - 73°C - 72°C - 64°C - 60°C - 72°C - 73°C | Throttling: None - None - None - None - None - None - None - None
1348 (1482141 Gflops/s) - 1330 (1462350 Gflops/s) - 1307 (1437061 Gflops/s) - 1320 (1451355 Gflops/s) - 1335 (1467848 Gflops/s) - 1329 (1461250 Gflops/s) - 1323 (1454653 Gflops/s) - 1331 (1463449 Gflops/s) | Temperatures: 60°C - 61°C - 73°C - 72°C - 64°C - 61°C - 72°C - 73°C | Throttling: None - None - None - None - None - None - None - None
1348 (1482141 Gflops/s) - 1331 (1463449 Gflops/s) - 1308 (1438161 Gflops/s) - 1321 (1452454 Gflops/s) - 1335 (1467848 Gflops/s) - 1330 (1462350 Gflops/s) - 1321 (1452454 Gflops/s) - 1332 (1464549 Gflops/s) | Temperatures: 60°C - 61°C - 73°C - 72°C - 64°C - 60°C - 72°C - 73°C | Throttling: None - None - None - None - None - None - None - None
1347 (1481042 Gflops/s) - 1328 (1460151 Gflops/s) - 1306 (1435962 Gflops/s) - 1319 (1450255 Gflops/s) - 1334 (1466748 Gflops/s) - 1329 (1461250 Gflops/s) - 1321 (1452454 Gflops/s) - 1331 (1463449 Gflops/s) | Temperatures: 60°C - 61°C - 73°C - 72°C - 64°C - 61°C - 72°C - 73°C | Throttling: None - None - None - None - None - None - None - None
1349 (1483241 Gflops/s) - 1330 (1462350 Gflops/s) - 1307 (1437061 Gflops/s) - 1321 (1452454 Gflops/s) - 1335 (1467848 Gflops/s) - 1331 (1463449 Gflops/s) - 1323 (1454653 Gflops/s) - 1330 (1462350 Gflops/s) | Temperatures: 60°C - 61°C - 73°C - 72°C - 64°C - 60°C - 71°C - 73°C | Throttling: None - None - None - None - None - None - None - None
1348 (1482141 Gflops/s) - 1331 (1463449 Gflops/s) - 1308 (1438161 Gflops/s) - 1321 (1452454 Gflops/s) - 1336 (1468947 Gflops/s) - 1330 (1462350 Gflops/s) - 1322 (1453554 Gflops/s) - 1331 (1463449 Gflops/s) | Temperatures: 60°C - 61°C - 73°C - 72°C - 64°C - 60°C - 72°C - 73°C | Throttling: None - None - None - None - None - None - None - None
1345 (1478843 Gflops/s) - 1327 (1459051 Gflops/s) - 1306 (1435962 Gflops/s) - 1317 (1448056 Gflops/s) - 1333 (1465648 Gflops/s) - 1327 (1459051 Gflops/s) - 1319 (1450255 Gflops/s) - 1330 (1462350 Gflops/s) | Temperatures: 60°C - 61°C - 73°C - 72°C - 64°C - 60°C - 71°C - 73°C | Throttling: None - None - None - None - None - None - None - None
1345 (1478843 Gflops/s) - 1327 (1459051 Gflops/s) - 1304 (1433763 Gflops/s) - 1318 (1449156 Gflops/s) - 1332 (1464549 Gflops/s) - 1327 (1459051 Gflops/s) - 1318 (1449156 Gflops/s) - 1328 (1460151 Gflops/s) | Temperatures: 60°C - 61°C - 73°C - 72°C - 64°C - 61°C - 72°C - 73°C | Throttling: None - None - None - None - None - None - None - None
1345 (1478843 Gflops/s) - 1327 (1459051 Gflops/s) - 1305 (1434862 Gflops/s) - 1317 (1448056 Gflops/s) - 1332 (1464549 Gflops/s) - 1326 (1457952 Gflops/s) - 1319 (1450255 Gflops/s) - 1331 (1463449 Gflops/s) | Temperatures: 60°C - 61°C - 73°C - 72°C - 64°C - 60°C - 71°C - 73°C | Throttling: None - None - None - None - None - None - None - None
1343 (1476644 Gflops/s) - 1325 (1456852 Gflops/s) - 1303 (1432663 Gflops/s) - 1316 (1446957 Gflops/s) - 1330 (1462350 Gflops/s) - 1326 (1457952 Gflops/s) - 1317 (1448056 Gflops/s) - 1327 (1459051 Gflops/s) | Temperatures: 60°C - 61°C - 73°C - 72°C - 64°C - 61°C - 72°C - 73°C | Throttling: None - None - None - None - None - None - None - None
1345 (1478843 Gflops/s) - 1327 (1459051 Gflops/s) - 1304 (1433763 Gflops/s) - 1317 (1448056 Gflops/s) - 1332 (1464549 Gflops/s) - 1327 (1459051 Gflops/s) - 1320 (1451355 Gflops/s) - 1329 (1461250 Gflops/s) | Temperatures: 60°C - 61°C - 73°C - 72°C - 64°C - 60°C - 71°C - 73°C | Throttling: None - None - None - None - None - None - None - None
1345 (1478843 Gflops/s) - 1326 (1457952 Gflops/s) - 1305 (1434862 Gflops/s) - 1316 (1446957 Gflops/s) - 1332 (1464549 Gflops/s) - 1328 (1460151 Gflops/s) - 1318 (1449156 Gflops/s) - 1329 (1461250 Gflops/s) | Temperatures: 60°C - 61°C - 73°C - 72°C - 64°C - 61°C - 72°C - 73°C | Throttling: None - None - None - None - None - None - None - None
1343 (1476644 Gflops/s) - 1326 (1457952 Gflops/s) - 1303 (1432663 Gflops/s) - 1315 (1445857 Gflops/s) - 1330 (1462350 Gflops/s) - 1325 (1456852 Gflops/s) - 1318 (1449156 Gflops/s) - 1325 (1456852 Gflops/s) | Temperatures: 60°C - 61°C - 73°C - 72°C - 64°C - 60°C - 72°C - 73°C | Throttling: None - None - None - None - None - None - None - None
1346 (1479942 Gflops/s) - 1327 (1459051 Gflops/s) - 1305 (1434862 Gflops/s) - 1318 (1449156 Gflops/s) - 1331 (1463449 Gflops/s) - 1327 (1459051 Gflops/s) - 1319 (1450255 Gflops/s) - 1329 (1461250 Gflops/s) | Temperatures: 60°C - 61°C - 73°C - 72°C - 64°C - 60°C - 72°C - 73°C | Throttling: None - None - None - None - None - None - None - None
1345 (1478843 Gflops/s) - 1327 (1459051 Gflops/s) - 1305 (1434862 Gflops/s) - 1316 (1446957 Gflops/s) - 1330 (1462350 Gflops/s) - 1327 (1459051 Gflops/s) - 1319 (1450255 Gflops/s) - 1327 (1459051 Gflops/s) | Temperatures: 60°C - 61°C - 73°C - 72°C - 64°C - 60°C - 71°C - 73°C | Throttling: None - None - None - None - None - None - None - None
1345 (1478843 Gflops/s) - 1327 (1459051 Gflops/s) - 1303 (1432663 Gflops/s) - 1316 (1446957 Gflops/s) - 1332 (1464549 Gflops/s) - 1327 (1459051 Gflops/s) - 1320 (1451355 Gflops/s) - 1328 (1460151 Gflops/s) | Temperatures: 60°C - 61°C - 73°C - 72°C - 64°C - 60°C - 72°C - 73°C | Throttling: None - None - None - None - None - None - None - None
1344 (1477743 Gflops/s) - 1326 (1457952 Gflops/s) - 1304 (1433763 Gflops/s) - 1315 (1445857 Gflops/s) - 1330 (1462350 Gflops/s) - 1324 (1455753 Gflops/s) - 1317 (1448056 Gflops/s) - 1327 (1459051 Gflops/s) | Temperatures: 60°C - 61°C - 73°C - 72°C - 64°C - 60°C - 72°C - 73°C | Throttling: None - None - None - None - None - None - None - None
1345 (1478843 Gflops/s) - 1327 (1459051 Gflops/s) - 1304 (1433763 Gflops/s) - 1316 (1446957 Gflops/s) - 1332 (1464549 Gflops/s) - 1327 (1459051 Gflops/s) - 1320 (1451355 Gflops/s) - 1330 (1462350 Gflops/s) | Temperatures: 60°C - 61°C - 73°C - 72°C - 64°C - 60°C - 72°C - 73°C | Throttling: None - None - None - None - None - None - None - None
1345 (1478843 Gflops/s) - 1326 (1457952 Gflops/s) - 1305 (1434862 Gflops/s) - 1318 (1449156 Gflops/s) - 1331 (1463449 Gflops/s) - 1326 (1457952 Gflops/s) - 1320 (1451355 Gflops/s) - 1327 (1459051 Gflops/s) | Temperatures: 60°C - 61°C - 73°C - 72°C - 64°C - 61°C - 72°C - 73°C | Throttling: None - None - None - None - None - None - None - None
1345 (1478843 Gflops/s) - 1326 (1457952 Gflops/s) - 1303 (1432663 Gflops/s) - 1316 (1446957 Gflops/s) - 1331 (1463449 Gflops/s) - 1325 (1456852 Gflops/s) - 1317 (1448056 Gflops/s) - 1325 (1456852 Gflops/s) | Temperatures: 60°C - 61°C - 73°C - 72°C - 64°C - 60°C - 71°C - 73°C | Throttling: None - None - None - None - None - None - None - None
1334 (1466748 Gflops/s) - 1315 (1445857 Gflops/s) - 1294 (1422768 Gflops/s) - 1304 (1433763 Gflops/s) - 1320 (1451355 Gflops/s) - 1315 (1445857 Gflops/s) - 1307 (1437061 Gflops/s) - 1317 (1448056 Gflops/s) | Temperatures: 60°C - 61°C - 73°C - 72°C - 64°C - 60°C - 72°C - 73°C | Throttling: None - None - None - None - None - None - None - None
1327 (1459051 Gflops/s) - 1308 (1438161 Gflops/s) - 1286 (1413971 Gflops/s) - 1300 (1429365 Gflops/s) - 1313 (1443658 Gflops/s) - 1307 (1437061 Gflops/s) - 1302 (1431564 Gflops/s) - 1311 (1441459 Gflops/s) | Temperatures: 60°C - 61°C - 73°C - 72°C - 64°C - 61°C - 72°C - 73°C | Throttling: None - None - None - None - None - None - None - None
1329 (1461250 Gflops/s) - 1311 (1441459 Gflops/s) - 1289 (1417270 Gflops/s) - 1300 (1429365 Gflops/s) - 1316 (1446957 Gflops/s) - 1311 (1441459 Gflops/s) - 1303 (1432663 Gflops/s) - 1313 (1443658 Gflops/s) | Temperatures: 60°C - 61°C - 73°C - 72°C - 64°C - 60°C - 71°C - 73°C | Throttling: None - None - None - None - None - None - None - None
1327 (1459051 Gflops/s) - 1309 (1439260 Gflops/s) - 1285 (1412872 Gflops/s) - 1298 (1427166 Gflops/s) - 1314 (1444758 Gflops/s) - 1310 (1440360 Gflops/s) - 1301 (1430464 Gflops/s) - 1311 (1441459 Gflops/s) | Temperatures: 60°C - 61°C - 73°C - 72°C - 64°C - 61°C - 72°C - 73°C | Throttling: None - None - None - None - None - None - None - None
1329 (1461250 Gflops/s) - 1310 (1440360 Gflops/s) - 1288 (1416170 Gflops/s) - 1300 (1429365 Gflops/s) - 1314 (1444758 Gflops/s) - 1311 (1441459 Gflops/s) - 1302 (1431564 Gflops/s) - 1312 (1442559 Gflops/s) | Temperatures: 60°C - 61°C - 73°C - 72°C - 64°C - 60°C - 72°C - 73°C | Throttling: None - None - None - None - None - None - None - None
1328 (1460151 Gflops/s) - 1311 (1441459 Gflops/s) - 1288 (1416170 Gflops/s) - 1301 (1430464 Gflops/s) - 1315 (1445857 Gflops/s) - 1310 (1440360 Gflops/s) - 1302 (1431564 Gflops/s) - 1311 (1441459 Gflops/s) | Temperatures: 60°C - 61°C - 73°C - 72°C - 64°C - 60°C - 72°C - 73°C | Throttling: None - None - None - None - None - None - None - None
1328 (1460151 Gflops/s) - 1308 (1438161 Gflops/s) - 1286 (1413971 Gflops/s) - 1299 (1428265 Gflops/s) - 1314 (1444758 Gflops/s) - 1309 (1439260 Gflops/s) - 1301 (1430464 Gflops/s) - 1310 (1440360 Gflops/s) | Temperatures: 60°C - 61°C - 73°C - 72°C - 64°C - 61°C - 72°C - 73°C | Throttling: None - None - None - None - None - None - None - None
1328 (1460151 Gflops/s) - 1312 (1442559 Gflops/s) - 1288 (1416170 Gflops/s) - 1301 (1430464 Gflops/s) - 1316 (1446957 Gflops/s) - 1312 (1442559 Gflops/s) - 1302 (1431564 Gflops/s) - 1312 (1442559 Gflops/s) | Temperatures: 60°C - 61°C - 73°C - 72°C - 64°C - 60°C - 71°C - 73°C | Throttling: None - None - None - None - None - None - None - None
1337 (1470047 Gflops/s) - 1318 (1449156 Gflops/s) - 1295 (1423867 Gflops/s) - 1309 (1439260 Gflops/s) - 1324 (1455753 Gflops/s) - 1319 (1450255 Gflops/s) - 1312 (1442559 Gflops/s) - 1321 (1452454 Gflops/s) | Temperatures: 60°C - 61°C - 73°C - 72°C - 64°C - 60°C - 72°C - 73°C | Throttling: None - None - None - None - None - None - None - None
1342 (1475544 Gflops/s) - 1327 (1459051 Gflops/s) - 1304 (1433763 Gflops/s) - 1315 (1445857 Gflops/s) - 1331 (1463449 Gflops/s) - 1327 (1459051 Gflops/s) - 1318 (1449156 Gflops/s) - 1326 (1457952 Gflops/s) | Temperatures: 60°C - 61°C - 73°C - 72°C - 64°C - 61°C - 71°C - 73°C | Throttling: None - None - None - None - None - None - None - None
1345 (1478843 Gflops/s) - 1326 (1457952 Gflops/s) - 1302 (1431564 Gflops/s) - 1316 (1446957 Gflops/s) - 1330 (1462350 Gflops/s) - 1326 (1457952 Gflops/s) - 1319 (1450255 Gflops/s) - 1327 (1459051 Gflops/s) | Temperatures: 60°C - 61°C - 73°C - 72°C - 64°C - 60°C - 71°C - 73°C | Throttling: None - None - None - None - None - None - None - None
1345 (1478843 Gflops/s) - 1327 (1459051 Gflops/s) - 1304 (1433763 Gflops/s) - 1317 (1448056 Gflops/s) - 1330 (1462350 Gflops/s) - 1325 (1456852 Gflops/s) - 1319 (1450255 Gflops/s) - 1328 (1460151 Gflops/s) | Temperatures: 60°C - 61°C - 73°C - 72°C - 64°C - 60°C - 72°C - 73°C | Throttling: None - None - None - None - None - None - None - None
1343 (1476644 Gflops/s) - 1324 (1455753 Gflops/s) - 1302 (1431564 Gflops/s) - 1314 (1444758 Gflops/s) - 1331 (1463449 Gflops/s) - 1326 (1457952 Gflops/s) - 1316 (1446957 Gflops/s) - 1328 (1460151 Gflops/s) | Temperatures: 60°C - 61°C - 73°C - 72°C - 64°C - 60°C - 71°C - 73°C | Throttling: None - None - None - None - None - None - None - None
1346 (1479942 Gflops/s) - 1327 (1459051 Gflops/s) - 1305 (1434862 Gflops/s) - 1317 (1448056 Gflops/s) - 1331 (1463449 Gflops/s) - 1327 (1459051 Gflops/s) - 1318 (1449156 Gflops/s) - 1329 (1461250 Gflops/s) | Temperatures: 60°C - 61°C - 73°C - 72°C - 64°C - 61°C - 72°C - 73°C | Throttling: None - None - None - None - None - None - None - None
1345 (1478843 Gflops/s) - 1327 (1459051 Gflops/s) - 1304 (1433763 Gflops/s) - 1315 (1445857 Gflops/s) - 1332 (1464549 Gflops/s) - 1328 (1460151 Gflops/s) - 1321 (1452454 Gflops/s) - 1329 (1461250 Gflops/s) | Temperatures: 60°C - 61°C - 73°C - 72°C - 64°C - 60°C - 72°C - 73°C | Throttling: None - None - None - None - None - None - None - None
1344 (1477743 Gflops/s) - 1326 (1457952 Gflops/s) - 1303 (1432663 Gflops/s) - 1316 (1446957 Gflops/s) - 1329 (1461250 Gflops/s) - 1325 (1456852 Gflops/s) - 1317 (1448056 Gflops/s) - 1325 (1456852 Gflops/s) | Temperatures: 60°C - 61°C - 72°C - 72°C - 64°C - 61°C - 71°C - 73°C | Throttling: None - None - None - None - None - None - None - None
1345 (1478843 Gflops/s) - 1326 (1457952 Gflops/s) - 1303 (1432663 Gflops/s) - 1318 (1449156 Gflops/s) - 1332 (1464549 Gflops/s) - 1327 (1459051 Gflops/s) - 1320 (1451355 Gflops/s) - 1326 (1457952 Gflops/s) | Temperatures: 60°C - 61°C - 72°C - 72°C - 64°C - 61°C - 72°C - 73°C | Throttling: None - None - None - None - None - None - None - None
1346 (1479942 Gflops/s) - 1327 (1459051 Gflops/s) - 1305 (1434862 Gflops/s) - 1318 (1449156 Gflops/s) - 1331 (1463449 Gflops/s) - 1327 (1459051 Gflops/s) - 1318 (1449156 Gflops/s) - 1329 (1461250 Gflops/s) | Temperatures: 60°C - 61°C - 73°C - 72°C - 64°C - 61°C - 72°C - 73°C | Throttling: None - None - None - None - None - None - None - None
1345 (1478843 Gflops/s) - 1327 (1459051 Gflops/s) - 1303 (1432663 Gflops/s) - 1316 (1446957 Gflops/s) - 1331 (1463449 Gflops/s) - 1327 (1459051 Gflops/s) - 1319 (1450255 Gflops/s) - 1327 (1459051 Gflops/s) | Temperatures: 60°C - 61°C - 73°C - 72°C - 64°C - 60°C - 72°C - 73°C | Throttling: None - None - None - None - None - None - None - None
1343 (1476644 Gflops/s) - 1324 (1455753 Gflops/s) - 1303 (1432663 Gflops/s) - 1315 (1445857 Gflops/s) - 1331 (1463449 Gflops/s) - 1324 (1455753 Gflops/s) - 1317 (1448056 Gflops/s) - 1328 (1460151 Gflops/s) | Temperatures: 60°C - 61°C - 73°C - 72°C - 64°C - 60°C - 72°C - 73°C | Throttling: None - None - None - None - None - None - None - None
1345 (1478843 Gflops/s) - 1326 (1457952 Gflops/s) - 1304 (1433763 Gflops/s) - 1319 (1450255 Gflops/s) - 1330 (1462350 Gflops/s) - 1326 (1457952 Gflops/s) - 1318 (1449156 Gflops/s) - 1325 (1456852 Gflops/s) | Temperatures: 60°C - 61°C - 73°C - 72°C - 64°C - 60°C - 71°C - 73°C | Throttling: None - None - None - None - None - None - None - None
1345 (1478843 Gflops/s) - 1327 (1459051 Gflops/s) - 1305 (1434862 Gflops/s) - 1317 (1448056 Gflops/s) - 1332 (1464549 Gflops/s) - 1327 (1459051 Gflops/s) - 1318 (1449156 Gflops/s) - 1328 (1460151 Gflops/s) | Temperatures: 60°C - 61°C - 73°C - 72°C - 64°C - 61°C - 71°C - 73°C | Throttling: None - None - None - None - None - None - None - None
1344 (1477743 Gflops/s) - 1325 (1456852 Gflops/s) - 1302 (1431564 Gflops/s) - 1315 (1445857 Gflops/s) - 1330 (1462350 Gflops/s) - 1325 (1456852 Gflops/s) - 1319 (1450255 Gflops/s) - 1329 (1461250 Gflops/s) | Temperatures: 60°C - 61°C - 73°C - 72°C - 64°C - 61°C - 71°C - 73°C | Throttling: None - None - None - None - None - None - None - None
1346 (1479942 Gflops/s) - 1327 (1459051 Gflops/s) - 1303 (1432663 Gflops/s) - 1318 (1449156 Gflops/s) - 1332 (1464549 Gflops/s) - 1327 (1459051 Gflops/s) - 1320 (1451355 Gflops/s) - 1328 (1460151 Gflops/s) | Temperatures: 60°C - 61°C - 73°C - 72°C - 64°C - 61°C - 72°C - 73°C | Throttling: None - None - None - None - None - None - None - None
1345 (1478843 Gflops/s) - 1327 (1459051 Gflops/s) - 1304 (1433763 Gflops/s) - 1316 (1446957 Gflops/s) - 1332 (1464549 Gflops/s) - 1327 (1459051 Gflops/s) - 1318 (1449156 Gflops/s) - 1327 (1459051 Gflops/s) | Temperatures: 60°C - 61°C - 72°C - 72°C - 64°C - 61°C - 72°C - 73°C | Throttling: None - None - None - None - None - None - None - None
1343 (1476644 Gflops/s) - 1325 (1456852 Gflops/s) - 1302 (1431564 Gflops/s) - 1315 (1445857 Gflops/s) - 1329 (1461250 Gflops/s) - 1326 (1457952 Gflops/s) - 1317 (1448056 Gflops/s) - 1328 (1460151 Gflops/s) | Temperatures: 60°C - 61°C - 73°C - 72°C - 64°C - 61°C - 72°C - 73°C | Throttling: None - None - None - None - None - None - None - None
1345 (1478843 Gflops/s) - 1326 (1457952 Gflops/s) - 1304 (1433763 Gflops/s) - 1317 (1448056 Gflops/s) - 1332 (1464549 Gflops/s) - 1326 (1457952 Gflops/s) - 1318 (1449156 Gflops/s) - 1326 (1457952 Gflops/s) | Temperatures: 60°C - 61°C - 73°C - 72°C - 64°C - 60°C - 72°C - 73°C | Throttling: None - None - None - None - None - None - None - None
1345 (1478843 Gflops/s) - 1327 (1459051 Gflops/s) - 1304 (1433763 Gflops/s) - 1317 (1448056 Gflops/s) - 1330 (1462350 Gflops/s) - 1327 (1459051 Gflops/s) - 1318 (1449156 Gflops/s) - 1329 (1461250 Gflops/s) | Temperatures: 60°C - 61°C - 73°C - 72°C - 64°C - 60°C - 72°C - 73°C | Throttling: None - None - None - None - None - None - None - None
1343 (1476644 Gflops/s) - 1324 (1455753 Gflops/s) - 1302 (1431564 Gflops/s) - 1316 (1446957 Gflops/s) - 1329 (1461250 Gflops/s) - 1325 (1456852 Gflops/s) - 1318 (1449156 Gflops/s) - 1326 (1457952 Gflops/s) | Temperatures: 60°C - 61°C - 73°C - 72°C - 64°C - 60°C - 72°C - 73°C | Throttling: None - None - None - None - None - None - None - None
1345 (1478843 Gflops/s) - 1326 (1457952 Gflops/s) - 1303 (1432663 Gflops/s) - 1316 (1446957 Gflops/s) - 1332 (1464549 Gflops/s) - 1326 (1457952 Gflops/s) - 1318 (1449156 Gflops/s) - 1326 (1457952 Gflops/s) | Temperatures: 60°C - 61°C - 73°C - 72°C - 64°C - 61°C - 72°C - 73°C | Throttling: None - None - None - None - None - None - None - None
1345 (1478843 Gflops/s) - 1327 (1459051 Gflops/s) - 1304 (1433763 Gflops/s) - 1317 (1448056 Gflops/s) - 1331 (1463449 Gflops/s) - 1326 (1457952 Gflops/s) - 1319 (1450255 Gflops/s) - 1331 (1463449 Gflops/s) | Temperatures: 60°C - 61°C - 73°C - 72°C - 64°C - 61°C - 71°C - 73°C | Throttling: None - None - None - None - None - None - None - None
1344 (1477743 Gflops/s) - 1326 (1457952 Gflops/s) - 1304 (1433763 Gflops/s) - 1317 (1448056 Gflops/s) - 1331 (1463449 Gflops/s) - 1327 (1459051 Gflops/s) - 1318 (1449156 Gflops/s) - 1326 (1457952 Gflops/s) | Temperatures: 60°C - 61°C - 73°C - 72°C - 64°C - 60°C - 72°C - 73°C | Throttling: None - None - None - None - None - None - None - None
1343 (1476644 Gflops/s) - 1324 (1455753 Gflops/s) - 1302 (1431564 Gflops/s) - 1316 (1446957 Gflops/s) - 1330 (1462350 Gflops/s) - 1326 (1457952 Gflops/s) - 1318 (1449156 Gflops/s) - 1325 (1456852 Gflops/s) | Temperatures: 60°C - 61°C - 73°C - 72°C - 64°C - 61°C - 72°C - 73°C | Throttling: None - None - None - None - None - None - None - None
1345 (1478843 Gflops/s) - 1327 (1459051 Gflops/s) - 1303 (1432663 Gflops/s) - 1317 (1448056 Gflops/s) - 1332 (1464549 Gflops/s) - 1326 (1457952 Gflops/s) - 1318 (1449156 Gflops/s) - 1329 (1461250 Gflops/s) | Temperatures: 60°C - 62°C - 73°C - 72°C - 64°C - 61°C - 72°C - 73°C | Throttling: None - None - None - None - None - None - None - None
1345 (1478843 Gflops/s) - 1326 (1457952 Gflops/s) - 1304 (1433763 Gflops/s) - 1316 (1446957 Gflops/s) - 1331 (1463449 Gflops/s) - 1327 (1459051 Gflops/s) - 1319 (1450255 Gflops/s) - 1328 (1460151 Gflops/s) | Temperatures: 60°C - 61°C - 73°C - 72°C - 64°C - 61°C - 72°C - 73°C | Throttling: None - None - None - None - None - None - None - None
1343 (1476644 Gflops/s) - 1326 (1457952 Gflops/s) - 1302 (1431564 Gflops/s) - 1316 (1446957 Gflops/s) - 1330 (1462350 Gflops/s) - 1326 (1457952 Gflops/s) - 1318 (1449156 Gflops/s) - 1326 (1457952 Gflops/s) | Temperatures: 60°C - 62°C - 73°C - 72°C - 64°C - 60°C - 72°C - 73°C | Throttling: None - None - None - None - None - None - None - None
1345 (1478843 Gflops/s) - 1327 (1459051 Gflops/s) - 1304 (1433763 Gflops/s) - 1317 (1448056 Gflops/s) - 1331 (1463449 Gflops/s) - 1325 (1456852 Gflops/s) - 1318 (1449156 Gflops/s) - 1328 (1460151 Gflops/s) | Temperatures: 60°C - 62°C - 73°C - 72°C - 64°C - 61°C - 72°C - 73°C | Throttling: None - None - None - None - None - None - None - None
1345 (1478843 Gflops/s) - 1325 (1456852 Gflops/s) - 1304 (1433763 Gflops/s) - 1315 (1445857 Gflops/s) - 1330 (1462350 Gflops/s) - 1326 (1457952 Gflops/s) - 1318 (1449156 Gflops/s) - 1328 (1460151 Gflops/s) | Temperatures: 60°C - 61°C - 73°C - 72°C - 64°C - 60°C - 72°C - 73°C | Throttling: None - None - None - None - None - None - None - None
1343 (1476644 Gflops/s) - 1325 (1456852 Gflops/s) - 1302 (1431564 Gflops/s) - 1316 (1446957 Gflops/s) - 1329 (1461250 Gflops/s) - 1325 (1456852 Gflops/s) - 1316 (1446957 Gflops/s) - 1325 (1456852 Gflops/s) | Temperatures: 60°C - 61°C - 73°C - 72°C - 64°C - 60°C - 72°C - 73°C | Throttling: None - None - None - None - None - None - None - None
1345 (1478843 Gflops/s) - 1327 (1459051 Gflops/s) - 1304 (1433763 Gflops/s) - 1316 (1446957 Gflops/s) - 1331 (1463449 Gflops/s) - 1327 (1459051 Gflops/s) - 1320 (1451355 Gflops/s) - 1329 (1461250 Gflops/s) | Temperatures: 60°C - 61°C - 73°C - 72°C - 64°C - 61°C - 72°C - 73°C | Throttling: None - None - None - None - None - None - None - None
1345 (1478843 Gflops/s) - 1326 (1457952 Gflops/s) - 1303 (1432663 Gflops/s) - 1317 (1448056 Gflops/s) - 1330 (1462350 Gflops/s) - 1327 (1459051 Gflops/s) - 1318 (1449156 Gflops/s) - 1328 (1460151 Gflops/s) | Temperatures: 60°C - 61°C - 73°C - 72°C - 64°C - 60°C - 72°C - 73°C | Throttling: None - None - None - None - None - None - None - None
1343 (1476644 Gflops/s) - 1324 (1455753 Gflops/s) - 1302 (1431564 Gflops/s) - 1317 (1448056 Gflops/s) - 1329 (1461250 Gflops/s) - 1325 (1456852 Gflops/s) - 1317 (1448056 Gflops/s) - 1325 (1456852 Gflops/s) | Temperatures: 60°C - 61°C - 73°C - 72°C - 64°C - 60°C - 72°C - 73°C | Throttling: None - None - None - None - None - None - None - None
1345 (1478843 Gflops/s) - 1325 (1456852 Gflops/s) - 1305 (1434862 Gflops/s) - 1315 (1445857 Gflops/s) - 1331 (1463449 Gflops/s) - 1325 (1456852 Gflops/s) - 1318 (1449156 Gflops/s) - 1328 (1460151 Gflops/s) | Temperatures: 60°C - 61°C - 73°C - 72°C - 64°C - 60°C - 72°C - 73°C | Throttling: None - None - None - None - None - None - None - None
1345 (1478843 Gflops/s) - 1327 (1459051 Gflops/s) - 1303 (1432663 Gflops/s) - 1318 (1449156 Gflops/s) - 1331 (1463449 Gflops/s) - 1327 (1459051 Gflops/s) - 1318 (1449156 Gflops/s) - 1327 (1459051 Gflops/s) | Temperatures: 60°C - 62°C - 73°C - 72°C - 64°C - 60°C - 72°C - 73°C | Throttling: None - None - None - None - None - None - None - None
1343 (1476644 Gflops/s) - 1326 (1457952 Gflops/s) - 1302 (1431564 Gflops/s) - 1316 (1446957 Gflops/s) - 1330 (1462350 Gflops/s) - 1325 (1456852 Gflops/s) - 1317 (1448056 Gflops/s) - 1328 (1460151 Gflops/s) | Temperatures: 60°C - 61°C - 73°C - 72°C - 64°C - 60°C - 72°C - 73°C | Throttling: None - None - None - None - None - None - None - None
1346 (1479942 Gflops/s) - 1326 (1457952 Gflops/s) - 1304 (1433763 Gflops/s) - 1317 (1448056 Gflops/s) - 1332 (1464549 Gflops/s) - 1328 (1460151 Gflops/s) - 1319 (1450255 Gflops/s) - 1325 (1456852 Gflops/s) | Temperatures: 60°C - 61°C - 73°C - 72°C - 64°C - 60°C - 72°C - 73°C | Throttling: None - None - None - None - None - None - None - None
1345 (1478843 Gflops/s) - 1327 (1459051 Gflops/s) - 1303 (1432663 Gflops/s) - 1317 (1448056 Gflops/s) - 1330 (1462350 Gflops/s) - 1325 (1456852 Gflops/s) - 1318 (1449156 Gflops/s) - 1327 (1459051 Gflops/s) | Temperatures: 60°C - 62°C - 73°C - 72°C - 64°C - 61°C - 71°C - 73°C | Throttling: None - None - None - None - None - None - None - None
1343 (1476644 Gflops/s) - 1326 (1457952 Gflops/s) - 1303 (1432663 Gflops/s) - 1315 (1445857 Gflops/s) - 1328 (1460151 Gflops/s) - 1326 (1457952 Gflops/s) - 1318 (1449156 Gflops/s) - 1327 (1459051 Gflops/s) | Temperatures: 60°C - 62°C - 73°C - 72°C - 64°C - 61°C - 72°C - 73°C | Throttling: None - None - None - None - None - None - None - None
1344 (1477743 Gflops/s) - 1327 (1459051 Gflops/s) - 1303 (1432663 Gflops/s) - 1319 (1450255 Gflops/s) - 1332 (1464549 Gflops/s) - 1326 (1457952 Gflops/s) - 1318 (1449156 Gflops/s) - 1329 (1461250 Gflops/s) | Temperatures: 60°C - 61°C - 73°C - 72°C - 64°C - 60°C - 72°C - 73°C | Throttling: None - None - None - None - None - None - None - None
1345 (1478843 Gflops/s) - 1326 (1457952 Gflops/s) - 1304 (1433763 Gflops/s) - 1315 (1445857 Gflops/s) - 1332 (1464549 Gflops/s) - 1326 (1457952 Gflops/s) - 1318 (1449156 Gflops/s) - 1329 (1461250 Gflops/s) | Temperatures: 60°C - 62°C - 73°C - 72°C - 64°C - 60°C - 72°C - 73°C | Throttling: None - None - None - None - None - None - None - None
1341 (1474445 Gflops/s) - 1323 (1454653 Gflops/s) - 1300 (1429365 Gflops/s) - 1313 (1443658 Gflops/s) - 1330 (1462350 Gflops/s) - 1324 (1455753 Gflops/s) - 1316 (1446957 Gflops/s) - 1325 (1456852 Gflops/s) | Temperatures: 60°C - 62°C - 73°C - 72°C - 64°C - 60°C - 72°C - 73°C | Throttling: None - None - None - None - None - None - None - None
1331 (1463449 Gflops/s) - 1314 (1444758 Gflops/s) - 1290 (1418369 Gflops/s) - 1303 (1432663 Gflops/s) - 1318 (1449156 Gflops/s) - 1313 (1443658 Gflops/s) - 1306 (1435962 Gflops/s) - 1314 (1444758 Gflops/s) | Temperatures: 60°C - 61°C - 73°C - 72°C - 64°C - 61°C - 72°C - 73°C | Throttling: None - None - None - None - None - None - None - None
1333 (1465648 Gflops/s) - 1314 (1444758 Gflops/s) - 1291 (1419469 Gflops/s) - 1304 (1433763 Gflops/s) - 1320 (1451355 Gflops/s) - 1315 (1445857 Gflops/s) - 1307 (1437061 Gflops/s) - 1316 (1446957 Gflops/s) | Temperatures: 60°C - 62°C - 73°C - 72°C - 64°C - 61°C - 72°C - 73°C | Throttling: None - None - None - None - None - None - None - None
1333 (1465648 Gflops/s) - 1314 (1444758 Gflops/s) - 1292 (1420569 Gflops/s) - 1304 (1433763 Gflops/s) - 1321 (1452454 Gflops/s) - 1315 (1445857 Gflops/s) - 1308 (1438161 Gflops/s) - 1316 (1446957 Gflops/s) | Temperatures: 60°C - 61°C - 73°C - 72°C - 64°C - 61°C - 72°C - 73°C | Throttling: None - None - None - None - None - None - None - None
1332 (1464549 Gflops/s) - 1312 (1442559 Gflops/s) - 1291 (1419469 Gflops/s) - 1305 (1434862 Gflops/s) - 1319 (1450255 Gflops/s) - 1315 (1445857 Gflops/s) - 1306 (1435962 Gflops/s) - 1315 (1445857 Gflops/s) | Temperatures: 60°C - 62°C - 73°C - 72°C - 64°C - 61°C - 72°C - 73°C | Throttling: None - None - None - None - None - None - None - None
1333 (1465648 Gflops/s) - 1313 (1443658 Gflops/s) - 1292 (1420569 Gflops/s) - 1305 (1434862 Gflops/s) - 1321 (1452454 Gflops/s) - 1316 (1446957 Gflops/s) - 1307 (1437061 Gflops/s) - 1317 (1448056 Gflops/s) | Temperatures: 60°C - 62°C - 73°C - 72°C - 64°C - 61°C - 72°C - 73°C | Throttling: None - None - None - None - None - None - None - None
1331 (1463449 Gflops/s) - 1313 (1443658 Gflops/s) - 1290 (1418369 Gflops/s) - 1303 (1432663 Gflops/s) - 1317 (1448056 Gflops/s) - 1312 (1442559 Gflops/s) - 1305 (1434862 Gflops/s) - 1315 (1445857 Gflops/s) | Temperatures: 60°C - 62°C - 73°C - 72°C - 64°C - 60°C - 72°C - 73°C | Throttling: None - None - None - None - None - None - None - None
1333 (1465648 Gflops/s) - 1316 (1446957 Gflops/s) - 1292 (1420569 Gflops/s) - 1306 (1435962 Gflops/s) - 1320 (1451355 Gflops/s) - 1314 (1444758 Gflops/s) - 1308 (1438161 Gflops/s) - 1315 (1445857 Gflops/s) | Temperatures: 60°C - 62°C - 73°C - 72°C - 64°C - 61°C - 72°C - 73°C | Throttling: None - None - None - None - None - None - None - None
1332 (1464549 Gflops/s) - 1312 (1442559 Gflops/s) - 1291 (1419469 Gflops/s) - 1304 (1433763 Gflops/s) - 1320 (1451355 Gflops/s) - 1315 (1445857 Gflops/s) - 1305 (1434862 Gflops/s) - 1315 (1445857 Gflops/s) | Temperatures: 60°C - 62°C - 73°C - 72°C - 64°C - 61°C - 72°C - 73°C | Throttling: None - None - None - None - None - None - None - None
1332 (1464549 Gflops/s) - 1314 (1444758 Gflops/s) - 1292 (1420569 Gflops/s) - 1304 (1433763 Gflops/s) - 1319 (1450255 Gflops/s) - 1314 (1444758 Gflops/s) - 1306 (1435962 Gflops/s) - 1316 (1446957 Gflops/s) | Temperatures: 60°C - 61°C - 73°C - 72°C - 64°C - 61°C - 72°C - 73°C | Throttling: None - None - None - None - None - None - None - None
1333 (1465648 Gflops/s) - 1314 (1444758 Gflops/s) - 1290 (1418369 Gflops/s) - 1306 (1435962 Gflops/s) - 1319 (1450255 Gflops/s) - 1314 (1444758 Gflops/s) - 1306 (1435962 Gflops/s) - 1314 (1444758 Gflops/s) | Temperatures: 60°C - 62°C - 73°C - 72°C - 64°C - 61°C - 72°C - 73°C | Throttling: None - None - None - None - None - None - None - None
1334 (1466748 Gflops/s) - 1315 (1445857 Gflops/s) - 1293 (1421668 Gflops/s) - 1305 (1434862 Gflops/s) - 1320 (1451355 Gflops/s) - 1316 (1446957 Gflops/s) - 1306 (1435962 Gflops/s) - 1315 (1445857 Gflops/s) | Temperatures: 60°C - 61°C - 73°C - 72°C - 64°C - 61°C - 72°C - 73°C | Throttling: None - None - None - None - None - None - None - None
1332 (1464549 Gflops/s) - 1312 (1442559 Gflops/s) - 1291 (1419469 Gflops/s) - 1304 (1433763 Gflops/s) - 1319 (1450255 Gflops/s) - 1314 (1444758 Gflops/s) - 1307 (1437061 Gflops/s) - 1317 (1448056 Gflops/s) | Temperatures: 60°C - 61°C - 73°C - 72°C - 64°C - 61°C - 72°C - 73°C | Throttling: None - None - None - None - None - None - None - None
1332 (1464549 Gflops/s) - 1313 (1443658 Gflops/s) - 1291 (1419469 Gflops/s) - 1305 (1434862 Gflops/s) - 1319 (1450255 Gflops/s) - 1313 (1443658 Gflops/s) - 1306 (1435962 Gflops/s) - 1312 (1442559 Gflops/s) | Temperatures: 60°C - 61°C - 73°C - 72°C - 64°C - 60°C - 72°C - 73°C | Throttling: None - None - None - None - None - None - None - None
1332 (1464549 Gflops/s) - 1315 (1445857 Gflops/s) - 1290 (1418369 Gflops/s) - 1305 (1434862 Gflops/s) - 1320 (1451355 Gflops/s) - 1315 (1445857 Gflops/s) - 1306 (1435962 Gflops/s) - 1316 (1446957 Gflops/s) | Temperatures: 60°C - 62°C - 73°C - 72°C - 64°C - 61°C - 72°C - 73°C | Throttling: None - None - None - None - None - None - None - None
1325 (1456852 Gflops/s) - 1306 (1435962 Gflops/s) - 1285 (1412872 Gflops/s) - 1297 (1426066 Gflops/s) - 1313 (1443658 Gflops/s) - 1309 (1439260 Gflops/s) - 1299 (1428265 Gflops/s) - 1311 (1441459 Gflops/s) | Temperatures: 60°C - 62°C - 73°C - 72°C - 64°C - 61°C - 72°C - 73°C | Throttling: None - None - None - None - None - None - None - None
1322 (1453554 Gflops/s) - 1303 (1432663 Gflops/s) - 1280 (1407374 Gflops/s) - 1294 (1422768 Gflops/s) - 1309 (1439260 Gflops/s) - 1305 (1434862 Gflops/s) - 1296 (1424967 Gflops/s) - 1304 (1433763 Gflops/s) | Temperatures: 60°C - 61°C - 73°C - 72°C - 64°C - 61°C - 72°C - 73°C | Throttling: None - None - None - None - None - None - None - None
1322 (1453554 Gflops/s) - 1303 (1432663 Gflops/s) - 1279 (1406275 Gflops/s) - 1293 (1421668 Gflops/s) - 1308 (1438161 Gflops/s) - 1304 (1433763 Gflops/s) - 1295 (1423867 Gflops/s) - 1302 (1431564 Gflops/s) | Temperatures: 60°C - 61°C - 73°C - 72°C - 64°C - 61°C - 72°C - 73°C | Throttling: None - None - None - None - None - None - None - None
1322 (1453554 Gflops/s) - 1304 (1433763 Gflops/s) - 1281 (1408474 Gflops/s) - 1294 (1422768 Gflops/s) - 1309 (1439260 Gflops/s) - 1303 (1432663 Gflops/s) - 1296 (1424967 Gflops/s) - 1305 (1434862 Gflops/s) | Temperatures: 60°C - 61°C - 73°C - 72°C - 64°C - 60°C - 72°C - 73°C | Throttling: None - None - None - None - None - None - None - None
1321 (1452454 Gflops/s) - 1303 (1432663 Gflops/s) - 1280 (1407374 Gflops/s) - 1292 (1420569 Gflops/s) - 1307 (1437061 Gflops/s) - 1303 (1432663 Gflops/s) - 1296 (1424967 Gflops/s) - 1306 (1435962 Gflops/s) | Temperatures: 60°C - 61°C - 73°C - 72°C - 64°C - 61°C - 72°C - 73°C | Throttling: None - None - None - None - None - None - None - None
1321 (1452454 Gflops/s) - 1303 (1432663 Gflops/s) - 1280 (1407374 Gflops/s) - 1294 (1422768 Gflops/s) - 1307 (1437061 Gflops/s) - 1303 (1432663 Gflops/s) - 1296 (1424967 Gflops/s) - 1301 (1430464 Gflops/s) | Temperatures: 60°C - 62°C - 73°C - 72°C - 64°C - 61°C - 72°C - 73°C | Throttling: None - None - None - None - None - None - None - None
1325 (1456852 Gflops/s) - 1307 (1437061 Gflops/s) - 1284 (1411772 Gflops/s) - 1297 (1426066 Gflops/s) - 1312 (1442559 Gflops/s) - 1307 (1437061 Gflops/s) - 1299 (1428265 Gflops/s) - 1309 (1439260 Gflops/s) | Temperatures: 60°C - 62°C - 73°C - 72°C - 64°C - 61°C - 72°C - 73°C | Throttling: None - None - None - None - None - None - None - None
1318 (1449156 Gflops/s) - 1299 (1428265 Gflops/s) - 1276 (1402976 Gflops/s) - 1290 (1418369 Gflops/s) - 1304 (1433763 Gflops/s) - 1299 (1428265 Gflops/s) - 1292 (1420569 Gflops/s) - 1300 (1429365 Gflops/s) | Temperatures: 60°C - 62°C - 73°C - 72°C - 64°C - 61°C - 72°C - 73°C | Throttling: None - None - None - None - None - None - None - None
1328 (1460151 Gflops/s) - 1310 (1440360 Gflops/s) - 1287 (1415071 Gflops/s) - 1300 (1429365 Gflops/s) - 1315 (1445857 Gflops/s) - 1310 (1440360 Gflops/s) - 1302 (1431564 Gflops/s) - 1312 (1442559 Gflops/s) | Temperatures: 60°C - 61°C - 73°C - 73°C - 64°C - 61°C - 72°C - 73°C | Throttling: None - None - None - None - None - None - None - None
1345 (1478843 Gflops/s) - 1325 (1456852 Gflops/s) - 1303 (1432663 Gflops/s) - 1316 (1446957 Gflops/s) - 1331 (1463449 Gflops/s) - 1326 (1457952 Gflops/s) - 1318 (1449156 Gflops/s) - 1327 (1459051 Gflops/s) | Temperatures: 60°C - 61°C - 73°C - 72°C - 64°C - 61°C - 72°C - 73°C | Throttling: None - None - None - None - None - None - None - None
1343 (1476644 Gflops/s) - 1326 (1457952 Gflops/s) - 1304 (1433763 Gflops/s) - 1317 (1448056 Gflops/s) - 1331 (1463449 Gflops/s) - 1326 (1457952 Gflops/s) - 1318 (1449156 Gflops/s) - 1328 (1460151 Gflops/s) | Temperatures: 60°C - 62°C - 73°C - 72°C - 64°C - 61°C - 72°C - 73°C | Throttling: None - None - None - None - None - None - None - None
1343 (1476644 Gflops/s) - 1324 (1455753 Gflops/s) - 1302 (1431564 Gflops/s) - 1315 (1445857 Gflops/s) - 1328 (1460151 Gflops/s) - 1325 (1456852 Gflops/s) - 1317 (1448056 Gflops/s) - 1326 (1457952 Gflops/s) | Temperatures: 60°C - 62°C - 73°C - 72°C - 64°C - 61°C - 72°C - 73°C | Throttling: None - None - None - None - None - None - None - None
1344 (1477743 Gflops/s) - 1326 (1457952 Gflops/s) - 1303 (1432663 Gflops/s) - 1315 (1445857 Gflops/s) - 1330 (1462350 Gflops/s) - 1326 (1457952 Gflops/s) - 1318 (1449156 Gflops/s) - 1326 (1457952 Gflops/s) | Temperatures: 60°C - 62°C - 73°C - 72°C - 64°C - 61°C - 72°C - 73°C | Throttling: None - None - None - None - None - None - None - None
1344 (1477743 Gflops/s) - 1327 (1459051 Gflops/s) - 1303 (1432663 Gflops/s) - 1316 (1446957 Gflops/s) - 1331 (1463449 Gflops/s) - 1327 (1459051 Gflops/s) - 1318 (1449156 Gflops/s) - 1325 (1456852 Gflops/s) | Temperatures: 60°C - 61°C - 73°C - 72°C - 64°C - 61°C - 72°C - 73°C | Throttling: None - None - None - None - None - None - None - None
1343 (1476644 Gflops/s) - 1325 (1456852 Gflops/s) - 1301 (1430464 Gflops/s) - 1316 (1446957 Gflops/s) - 1330 (1462350 Gflops/s) - 1325 (1456852 Gflops/s) - 1317 (1448056 Gflops/s) - 1327 (1459051 Gflops/s) | Temperatures: 60°C - 62°C - 73°C - 72°C - 64°C - 61°C - 72°C - 73°C | Throttling: None - None - None - None - None - None - None - None
1344 (1477743 Gflops/s) - 1327 (1459051 Gflops/s) - 1302 (1431564 Gflops/s) - 1315 (1445857 Gflops/s) - 1332 (1464549 Gflops/s) - 1325 (1456852 Gflops/s) - 1318 (1449156 Gflops/s) - 1326 (1457952 Gflops/s) | Temperatures: 60°C - 62°C - 73°C - 72°C - 64°C - 60°C - 72°C - 73°C | Throttling: None - None - None - None - None - None - None - None
1343 (1476644 Gflops/s) - 1326 (1457952 Gflops/s) - 1303 (1432663 Gflops/s) - 1317 (1448056 Gflops/s) - 1331 (1463449 Gflops/s) - 1328 (1460151 Gflops/s) - 1319 (1450255 Gflops/s) - 1327 (1459051 Gflops/s) | Temperatures: 60°C - 62°C - 73°C - 72°C - 64°C - 61°C - 72°C - 73°C | Throttling: None - None - None - None - None - None - None - None
1344 (1477743 Gflops/s) - 1324 (1455753 Gflops/s) - 1301 (1430464 Gflops/s) - 1315 (1445857 Gflops/s) - 1330 (1462350 Gflops/s) - 1326 (1457952 Gflops/s) - 1316 (1446957 Gflops/s) - 1328 (1460151 Gflops/s) | Temperatures: 60°C - 61°C - 73°C - 72°C - 64°C - 61°C - 72°C - 73°C | Throttling: None - None - None - None - None - None - None - None
1344 (1477743 Gflops/s) - 1325 (1456852 Gflops/s) - 1302 (1431564 Gflops/s) - 1318 (1449156 Gflops/s) - 1332 (1464549 Gflops/s) - 1325 (1456852 Gflops/s) - 1319 (1450255 Gflops/s) - 1326 (1457952 Gflops/s) | Temperatures: 60°C - 61°C - 73°C - 72°C - 64°C - 61°C - 72°C - 73°C | Throttling: None - None - None - None - None - None - None - None
1344 (1477743 Gflops/s) - 1326 (1457952 Gflops/s) - 1304 (1433763 Gflops/s) - 1316 (1446957 Gflops/s) - 1329 (1461250 Gflops/s) - 1326 (1457952 Gflops/s) - 1318 (1449156 Gflops/s) - 1328 (1460151 Gflops/s) | Temperatures: 60°C - 61°C - 73°C - 72°C - 64°C - 61°C - 72°C - 73°C | Throttling: None - None - None - None - None - None - None - None
1345 (1478843 Gflops/s) - 1326 (1457952 Gflops/s) - 1302 (1431564 Gflops/s) - 1316 (1446957 Gflops/s) - 1328 (1460151 Gflops/s) - 1326 (1457952 Gflops/s) - 1318 (1449156 Gflops/s) - 1326 (1457952 Gflops/s) | Temperatures: 60°C - 61°C - 73°C - 72°C - 64°C - 61°C - 72°C - 73°C | Throttling: None - None - None - None - None - None - None - None
1342 (1475544 Gflops/s) - 1325 (1456852 Gflops/s) - 1302 (1431564 Gflops/s) - 1314 (1444758 Gflops/s) - 1330 (1462350 Gflops/s) - 1325 (1456852 Gflops/s) - 1318 (1449156 Gflops/s) - 1328 (1460151 Gflops/s) | Temperatures: 60°C - 62°C - 73°C - 72°C - 64°C - 61°C - 72°C - 73°C | Throttling: None - None - None - None - None - None - None - None
1344 (1477743 Gflops/s) - 1325 (1456852 Gflops/s) - 1302 (1431564 Gflops/s) - 1317 (1448056 Gflops/s) - 1330 (1462350 Gflops/s) - 1326 (1457952 Gflops/s) - 1319 (1450255 Gflops/s) - 1327 (1459051 Gflops/s) | Temperatures: 60°C - 62°C - 73°C - 72°C - 64°C - 61°C - 72°C - 73°C | Throttling: None - None - None - None - None - None - None - None
1346 (1479942 Gflops/s) - 1326 (1457952 Gflops/s) - 1304 (1433763 Gflops/s) - 1316 (1446957 Gflops/s) - 1330 (1462350 Gflops/s) - 1327 (1459051 Gflops/s) - 1318 (1449156 Gflops/s) - 1327 (1459051 Gflops/s) | Temperatures: 60°C - 62°C - 73°C - 73°C - 64°C - 61°C - 72°C - 73°C | Throttling: None - None - None - None - None - None - None - None
1341 (1474445 Gflops/s) - 1323 (1454653 Gflops/s) - 1301 (1430464 Gflops/s) - 1315 (1445857 Gflops/s) - 1329 (1461250 Gflops/s) - 1325 (1456852 Gflops/s) - 1317 (1448056 Gflops/s) - 1326 (1457952 Gflops/s) | Temperatures: 60°C - 61°C - 73°C - 72°C - 64°C - 61°C - 72°C - 73°C | Throttling: None - None - None - None - None - None - None - None
1344 (1477743 Gflops/s) - 1326 (1457952 Gflops/s) - 1302 (1431564 Gflops/s) - 1316 (1446957 Gflops/s) - 1329 (1461250 Gflops/s) - 1326 (1457952 Gflops/s) - 1318 (1449156 Gflops/s) - 1328 (1460151 Gflops/s) | Temperatures: 60°C - 61°C - 73°C - 72°C - 64°C - 61°C - 72°C - 73°C | Throttling: None - None - None - None - None - None - None - None
1344 (1477743 Gflops/s) - 1326 (1457952 Gflops/s) - 1302 (1431564 Gflops/s) - 1316 (1446957 Gflops/s) - 1330 (1462350 Gflops/s) - 1326 (1457952 Gflops/s) - 1317 (1448056 Gflops/s) - 1325 (1456852 Gflops/s) | Temperatures: 60°C - 62°C - 73°C - 72°C - 64°C - 61°C - 72°C - 73°C | Throttling: None - None - None - None - None - None - None - None
1343 (1476644 Gflops/s) - 1324 (1455753 Gflops/s) - 1302 (1431564 Gflops/s) - 1314 (1444758 Gflops/s) - 1329 (1461250 Gflops/s) - 1325 (1456852 Gflops/s) - 1317 (1448056 Gflops/s) - 1326 (1457952 Gflops/s) | Temperatures: 60°C - 62°C - 73°C - 72°C - 64°C - 61°C - 72°C - 73°C | Throttling: None - None - None - None - None - None - None - None
1345 (1478843 Gflops/s) - 1325 (1456852 Gflops/s) - 1303 (1432663 Gflops/s) - 1315 (1445857 Gflops/s) - 1329 (1461250 Gflops/s) - 1326 (1457952 Gflops/s) - 1319 (1450255 Gflops/s) - 1326 (1457952 Gflops/s) | Temperatures: 60°C - 62°C - 73°C - 72°C - 64°C - 61°C - 72°C - 73°C | Throttling: None - None - None - None - None - None - None - None
1343 (1476644 Gflops/s) - 1326 (1457952 Gflops/s) - 1303 (1432663 Gflops/s) - 1316 (1446957 Gflops/s) - 1331 (1463449 Gflops/s) - 1326 (1457952 Gflops/s) - 1318 (1449156 Gflops/s) - 1324 (1455753 Gflops/s) | Temperatures: 60°C - 62°C - 73°C - 72°C - 64°C - 61°C - 72°C - 73°C | Throttling: None - None - None - None - None - None - None - None
1329 (1461250 Gflops/s) - 1312 (1442559 Gflops/s) - 1288 (1416170 Gflops/s) - 1302 (1431564 Gflops/s) - 1316 (1446957 Gflops/s) - 1313 (1443658 Gflops/s) - 1304 (1433763 Gflops/s) - 1314 (1444758 Gflops/s) | Temperatures: 60°C - 61°C - 73°C - 72°C - 64°C - 61°C - 72°C - 73°C | Throttling: None - None - None - None - None - None - None - None
1330 (1462350 Gflops/s) - 1310 (1440360 Gflops/s) - 1288 (1416170 Gflops/s) - 1300 (1429365 Gflops/s) - 1316 (1446957 Gflops/s) - 1310 (1440360 Gflops/s) - 1304 (1433763 Gflops/s) - 1312 (1442559 Gflops/s) | Temperatures: 60°C - 62°C - 73°C - 72°C - 64°C - 61°C - 72°C - 73°C | Throttling: None - None - None - None - None - None - None - None
1330 (1462350 Gflops/s) - 1310 (1440360 Gflops/s) - 1288 (1416170 Gflops/s) - 1304 (1433763 Gflops/s) - 1317 (1448056 Gflops/s) - 1312 (1442559 Gflops/s) - 1304 (1433763 Gflops/s) - 1313 (1443658 Gflops/s) | Temperatures: 60°C - 62°C - 73°C - 72°C - 64°C - 61°C - 72°C - 73°C | Throttling: None - None - None - None - None - None - None - None
1330 (1462350 Gflops/s) - 1312 (1442559 Gflops/s) - 1288 (1416170 Gflops/s) - 1302 (1431564 Gflops/s) - 1317 (1448056 Gflops/s) - 1312 (1442559 Gflops/s) - 1304 (1433763 Gflops/s) - 1314 (1444758 Gflops/s) | Temperatures: 60°C - 62°C - 73°C - 72°C - 64°C - 61°C - 72°C - 73°C | Throttling: None - None - None - None - None - None - None - None
1331 (1463449 Gflops/s) - 1312 (1442559 Gflops/s) - 1289 (1417270 Gflops/s) - 1301 (1430464 Gflops/s) - 1316 (1446957 Gflops/s) - 1313 (1443658 Gflops/s) - 1305 (1434862 Gflops/s) - 1312 (1442559 Gflops/s) | Temperatures: 60°C - 61°C - 73°C - 72°C - 64°C - 61°C - 72°C - 73°C | Throttling: None - None - None - None - None - None - None - None
1328 (1460151 Gflops/s) - 1312 (1442559 Gflops/s) - 1288 (1416170 Gflops/s) - 1302 (1431564 Gflops/s) - 1316 (1446957 Gflops/s) - 1312 (1442559 Gflops/s) - 1303 (1432663 Gflops/s) - 1311 (1441459 Gflops/s) | Temperatures: 60°C - 61°C - 73°C - 72°C - 64°C - 61°C - 72°C - 73°C | Throttling: None - None - None - None - None - None - None - None
1331 (1463449 Gflops/s) - 1312 (1442559 Gflops/s) - 1288 (1416170 Gflops/s) - 1301 (1430464 Gflops/s) - 1318 (1449156 Gflops/s) - 1311 (1441459 Gflops/s) - 1305 (1434862 Gflops/s) - 1313 (1443658 Gflops/s) | Temperatures: 60°C - 62°C - 73°C - 72°C - 64°C - 61°C - 72°C - 73°C | Throttling: None - None - None - None - None - None - None - None
1329 (1461250 Gflops/s) - 1311 (1441459 Gflops/s) - 1287 (1415071 Gflops/s) - 1300 (1429365 Gflops/s) - 1315 (1445857 Gflops/s) - 1312 (1442559 Gflops/s) - 1303 (1432663 Gflops/s) - 1313 (1443658 Gflops/s) | Temperatures: 60°C - 62°C - 73°C - 73°C - 64°C - 61°C - 72°C - 73°C | Throttling: None - None - None - None - None - None - None - None
1332 (1464549 Gflops/s) - 1312 (1442559 Gflops/s) - 1290 (1418369 Gflops/s) - 1305 (1434862 Gflops/s) - 1318 (1449156 Gflops/s) - 1314 (1444758 Gflops/s) - 1305 (1434862 Gflops/s) - 1315 (1445857 Gflops/s) | Temperatures: 60°C - 61°C - 73°C - 72°C - 64°C - 61°C - 72°C - 73°C | Throttling: None - None - None - None - None - None - None - None
1330 (1462350 Gflops/s) - 1311 (1441459 Gflops/s) - 1288 (1416170 Gflops/s) - 1302 (1431564 Gflops/s) - 1315 (1445857 Gflops/s) - 1312 (1442559 Gflops/s) - 1303 (1432663 Gflops/s) - 1311 (1441459 Gflops/s) | Temperatures: 60°C - 61°C - 73°C - 72°C - 64°C - 61°C - 72°C - 73°C | Throttling: None - None - None - None - None - None - None - None
1329 (1461250 Gflops/s) - 1310 (1440360 Gflops/s) - 1287 (1415071 Gflops/s) - 1301 (1430464 Gflops/s) - 1315 (1445857 Gflops/s) - 1312 (1442559 Gflops/s) - 1303 (1432663 Gflops/s) - 1312 (1442559 Gflops/s) | Temperatures: 60°C - 62°C - 73°C - 72°C - 64°C - 61°C - 72°C - 73°C | Throttling: None - None - None - None - None - None - None - None
1331 (1463449 Gflops/s) - 1313 (1443658 Gflops/s) - 1288 (1416170 Gflops/s) - 1302 (1431564 Gflops/s) - 1317 (1448056 Gflops/s) - 1313 (1443658 Gflops/s) - 1304 (1433763 Gflops/s) - 1313 (1443658 Gflops/s) | Temperatures: 60°C - 61°C - 73°C - 72°C - 64°C - 61°C - 72°C - 73°C | Throttling: None - None - None - None - None - None - None - None
1330 (1462350 Gflops/s) - 1309 (1439260 Gflops/s) - 1288 (1416170 Gflops/s) - 1301 (1430464 Gflops/s) - 1317 (1448056 Gflops/s) - 1310 (1440360 Gflops/s) - 1304 (1433763 Gflops/s) - 1310 (1440360 Gflops/s) | Temperatures: 60°C - 61°C - 73°C - 72°C - 64°C - 61°C - 72°C - 73°C | Throttling: None - None - None - None - None - None - None - None
1330 (1462350 Gflops/s) - 1312 (1442559 Gflops/s) - 1289 (1417270 Gflops/s) - 1303 (1432663 Gflops/s) - 1316 (1446957 Gflops/s) - 1313 (1443658 Gflops/s) - 1305 (1434862 Gflops/s) - 1313 (1443658 Gflops/s) | Temperatures: 60°C - 61°C - 73°C - 72°C - 64°C - 61°C - 72°C - 73°C | Throttling: None - None - None - None - None - None - None - None
1329 (1461250 Gflops/s) - 1311 (1441459 Gflops/s) - 1287 (1415071 Gflops/s) - 1300 (1429365 Gflops/s) - 1316 (1446957 Gflops/s) - 1311 (1441459 Gflops/s) - 1304 (1433763 Gflops/s) - 1314 (1444758 Gflops/s) | Temperatures: 60°C - 62°C - 73°C - 72°C - 64°C - 61°C - 72°C - 73°C | Throttling: None - None - None - None - None - None - None - None
1330 (1462350 Gflops/s) - 1311 (1441459 Gflops/s) - 1289 (1417270 Gflops/s) - 1302 (1431564 Gflops/s) - 1317 (1448056 Gflops/s) - 1311 (1441459 Gflops/s) - 1305 (1434862 Gflops/s) - 1313 (1443658 Gflops/s) | Temperatures: 60°C - 62°C - 73°C - 73°C - 64°C - 61°C - 72°C - 73°C | Throttling: None - None - None - None - None - None - None - None
1329 (1461250 Gflops/s) - 1310 (1440360 Gflops/s) - 1288 (1416170 Gflops/s) - 1302 (1431564 Gflops/s) - 1315 (1445857 Gflops/s) - 1312 (1442559 Gflops/s) - 1303 (1432663 Gflops/s) - 1312 (1442559 Gflops/s) | Temperatures: 60°C - 61°C - 73°C - 72°C - 64°C - 61°C - 72°C - 73°C | Throttling: None - None - None - None - None - None - None - None
1330 (1462350 Gflops/s) - 1312 (1442559 Gflops/s) - 1289 (1417270 Gflops/s) - 1302 (1431564 Gflops/s) - 1317 (1448056 Gflops/s) - 1312 (1442559 Gflops/s) - 1304 (1433763 Gflops/s) - 1315 (1445857 Gflops/s) | Temperatures: 60°C - 62°C - 73°C - 72°C - 64°C - 61°C - 72°C - 73°C | Throttling: None - None - None - None - None - None - None - None
1332 (1464549 Gflops/s) - 1311 (1441459 Gflops/s) - 1289 (1417270 Gflops/s) - 1302 (1431564 Gflops/s) - 1317 (1448056 Gflops/s) - 1313 (1443658 Gflops/s) - 1305 (1434862 Gflops/s) - 1314 (1444758 Gflops/s) | Temperatures: 60°C - 62°C - 73°C - 72°C - 64°C - 61°C - 72°C - 73°C | Throttling: None - None - None - None - None - None - None - None
1329 (1461250 Gflops/s) - 1309 (1439260 Gflops/s) - 1286 (1413971 Gflops/s) - 1301 (1430464 Gflops/s) - 1315 (1445857 Gflops/s) - 1310 (1440360 Gflops/s) - 1303 (1432663 Gflops/s) - 1313 (1443658 Gflops/s) | Temperatures: 60°C - 61°C - 73°C - 72°C - 64°C - 61°C - 72°C - 73°C | Throttling: None - None - None - None - None - None - None - None
1331 (1463449 Gflops/s) - 1312 (1442559 Gflops/s) - 1289 (1417270 Gflops/s) - 1303 (1432663 Gflops/s) - 1317 (1448056 Gflops/s) - 1312 (1442559 Gflops/s) - 1305 (1434862 Gflops/s) - 1313 (1443658 Gflops/s) | Temperatures: 60°C - 61°C - 73°C - 72°C - 64°C - 61°C - 72°C - 73°C | Throttling: None - None - None - None - None - None - None - None
1329 (1461250 Gflops/s) - 1311 (1441459 Gflops/s) - 1288 (1416170 Gflops/s) - 1301 (1430464 Gflops/s) - 1315 (1445857 Gflops/s) - 1311 (1441459 Gflops/s) - 1303 (1432663 Gflops/s) - 1312 (1442559 Gflops/s) | Temperatures: 60°C - 61°C - 73°C - 72°C - 64°C - 61°C - 72°C - 73°C | Throttling: None - None - None - None - None - None - None - None
1331 (1463449 Gflops/s) - 1311 (1441459 Gflops/s) - 1289 (1417270 Gflops/s) - 1302 (1431564 Gflops/s) - 1315 (1445857 Gflops/s) - 1313 (1443658 Gflops/s) - 1304 (1433763 Gflops/s) - 1313 (1443658 Gflops/s) | Temperatures: 60°C - 61°C - 73°C - 72°C - 64°C - 61°C - 72°C - 73°C | Throttling: None - None - None - None - None - None - None - None
1328 (1460151 Gflops/s) - 1310 (1440360 Gflops/s) - 1288 (1416170 Gflops/s) - 1301 (1430464 Gflops/s) - 1315 (1445857 Gflops/s) - 1312 (1442559 Gflops/s) - 1304 (1433763 Gflops/s) - 1313 (1443658 Gflops/s) | Temperatures: 60°C - 61°C - 73°C - 72°C - 64°C - 61°C - 72°C - 73°C | Throttling: None - None - None - None - None - None - None - None
1332 (1464549 Gflops/s) - 1313 (1443658 Gflops/s) - 1289 (1417270 Gflops/s) - 1304 (1433763 Gflops/s) - 1319 (1450255 Gflops/s) - 1313 (1443658 Gflops/s) - 1306 (1435962 Gflops/s) - 1313 (1443658 Gflops/s) | Temperatures: 60°C - 61°C - 73°C - 72°C - 64°C - 61°C - 72°C - 73°C | Throttling: None - None - None - None - None - None - None - None
1329 (1461250 Gflops/s) - 1311 (1441459 Gflops/s) - 1288 (1416170 Gflops/s) - 1301 (1430464 Gflops/s) - 1316 (1446957 Gflops/s) - 1312 (1442559 Gflops/s) - 1302 (1431564 Gflops/s) - 1314 (1444758 Gflops/s) | Temperatures: 60°C - 62°C - 73°C - 73°C - 64°C - 61°C - 72°C - 73°C | Throttling: None - None - None - None - None - None - None - None
1331 (1463449 Gflops/s) - 1311 (1441459 Gflops/s) - 1288 (1416170 Gflops/s) - 1301 (1430464 Gflops/s) - 1316 (1446957 Gflops/s) - 1311 (1441459 Gflops/s) - 1304 (1433763 Gflops/s) - 1314 (1444758 Gflops/s) | Temperatures: 60°C - 62°C - 73°C - 72°C - 64°C - 61°C - 72°C - 73°C | Throttling: None - None - None - None - None - None - None - None
1329 (1461250 Gflops/s) - 1310 (1440360 Gflops/s) - 1287 (1415071 Gflops/s) - 1302 (1431564 Gflops/s) - 1315 (1445857 Gflops/s) - 1312 (1442559 Gflops/s) - 1302 (1431564 Gflops/s) - 1310 (1440360 Gflops/s) | Temperatures: 60°C - 61°C - 73°C - 72°C - 64°C - 61°C - 72°C - 73°C | Throttling: None - None - None - None - None - None - None - None
1331 (1463449 Gflops/s) - 1312 (1442559 Gflops/s) - 1289 (1417270 Gflops/s) - 1302 (1431564 Gflops/s) - 1318 (1449156 Gflops/s) - 1312 (1442559 Gflops/s) - 1304 (1433763 Gflops/s) - 1314 (1444758 Gflops/s) | Temperatures: 60°C - 62°C - 73°C - 72°C - 64°C - 61°C - 72°C - 73°C | Throttling: None - None - None - None - None - None - None - None
1330 (1462350 Gflops/s) - 1310 (1440360 Gflops/s) - 1288 (1416170 Gflops/s) - 1301 (1430464 Gflops/s) - 1315 (1445857 Gflops/s) - 1311 (1441459 Gflops/s) - 1304 (1433763 Gflops/s) - 1313 (1443658 Gflops/s) | Temperatures: 60°C - 61°C - 73°C - 72°C - 64°C - 61°C - 72°C - 73°C | Throttling: None - None - None - None - None - None - None - None
1331 (1463449 Gflops/s) - 1312 (1442559 Gflops/s) - 1288 (1416170 Gflops/s) - 1303 (1432663 Gflops/s) - 1319 (1450255 Gflops/s) - 1312 (1442559 Gflops/s) - 1305 (1434862 Gflops/s) - 1315 (1445857 Gflops/s) | Temperatures: 60°C - 61°C - 73°C - 72°C - 64°C - 61°C - 72°C - 73°C | Throttling: None - None - None - None - None - None - None - None
1329 (1461250 Gflops/s) - 1309 (1439260 Gflops/s) - 1287 (1415071 Gflops/s) - 1301 (1430464 Gflops/s) - 1316 (1446957 Gflops/s) - 1310 (1440360 Gflops/s) - 1303 (1432663 Gflops/s) - 1313 (1443658 Gflops/s) | Temperatures: 60°C - 61°C - 73°C - 72°C - 64°C - 61°C - 72°C - 73°C | Throttling: None - None - None - None - None - None - None - None
1331 (1463449 Gflops/s) - 1313 (1443658 Gflops/s) - 1290 (1418369 Gflops/s) - 1305 (1434862 Gflops/s) - 1318 (1449156 Gflops/s) - 1314 (1444758 Gflops/s) - 1306 (1435962 Gflops/s) - 1314 (1444758 Gflops/s) | Temperatures: 60°C - 61°C - 73°C - 72°C - 64°C - 61°C - 72°C - 73°C | Throttling: None - None - None - None - None - None - None - None
1327 (1459051 Gflops/s) - 1309 (1439260 Gflops/s) - 1287 (1415071 Gflops/s) - 1300 (1429365 Gflops/s) - 1315 (1445857 Gflops/s) - 1309 (1439260 Gflops/s) - 1302 (1431564 Gflops/s) - 1312 (1442559 Gflops/s) | Temperatures: 60°C - 61°C - 73°C - 72°C - 64°C - 61°C - 72°C - 73°C | Throttling: None - None - None - None - None - None - None - None
1330 (1462350 Gflops/s) - 1312 (1442559 Gflops/s) - 1287 (1415071 Gflops/s) - 1301 (1430464 Gflops/s) - 1316 (1446957 Gflops/s) - 1311 (1441459 Gflops/s) - 1303 (1432663 Gflops/s) - 1312 (1442559 Gflops/s) | Temperatures: 60°C - 61°C - 73°C - 72°C - 64°C - 61°C - 72°C - 73°C | Throttling: None - None - None - None - None - None - None - None
1329 (1461250 Gflops/s) - 1311 (1441459 Gflops/s) - 1288 (1416170 Gflops/s) - 1300 (1429365 Gflops/s) - 1317 (1448056 Gflops/s) - 1311 (1441459 Gflops/s) - 1303 (1432663 Gflops/s) - 1312 (1442559 Gflops/s) | Temperatures: 60°C - 61°C - 73°C - 73°C - 64°C - 61°C - 72°C - 73°C | Throttling: None - None - None - None - None - None - None - None
1328 (1460151 Gflops/s) - 1311 (1441459 Gflops/s) - 1287 (1415071 Gflops/s) - 1301 (1430464 Gflops/s) - 1316 (1446957 Gflops/s) - 1312 (1442559 Gflops/s) - 1303 (1432663 Gflops/s) - 1312 (1442559 Gflops/s) | Temperatures: 60°C - 62°C - 73°C - 72°C - 64°C - 61°C - 72°C - 73°C | Throttling: None - None - None - None - None - None - None - None
1328 (1460151 Gflops/s) - 1309 (1439260 Gflops/s) - 1286 (1413971 Gflops/s) - 1301 (1430464 Gflops/s) - 1315 (1445857 Gflops/s) - 1310 (1440360 Gflops/s) - 1302 (1431564 Gflops/s) - 1311 (1441459 Gflops/s) | Temperatures: 60°C - 61°C - 73°C - 72°C - 64°C - 61°C - 72°C - 73°C | Throttling: None - None - None - None - None - None - None - None
1329 (1461250 Gflops/s) - 1311 (1441459 Gflops/s) - 1287 (1415071 Gflops/s) - 1301 (1430464 Gflops/s) - 1315 (1445857 Gflops/s) - 1311 (1441459 Gflops/s) - 1303 (1432663 Gflops/s) - 1312 (1442559 Gflops/s) | Temperatures: 60°C - 61°C - 73°C - 72°C - 64°C - 61°C - 72°C - 73°C | Throttling: None - None - None - None - None - None - None - None
1328 (1460151 Gflops/s) - 1309 (1439260 Gflops/s) - 1288 (1416170 Gflops/s) - 1301 (1430464 Gflops/s) - 1317 (1448056 Gflops/s) - 1310 (1440360 Gflops/s) - 1303 (1432663 Gflops/s) - 1309 (1439260 Gflops/s) | Temperatures: 60°C - 61°C - 73°C - 72°C - 64°C - 61°C - 72°C - 73°C | Throttling: None - None - None - None - None - None - None - None
1330 (1462350 Gflops/s) - 1311 (1441459 Gflops/s) - 1288 (1416170 Gflops/s) - 1303 (1432663 Gflops/s) - 1317 (1448056 Gflops/s) - 1312 (1442559 Gflops/s) - 1304 (1433763 Gflops/s) - 1311 (1441459 Gflops/s) | Temperatures: 60°C - 61°C - 73°C - 72°C - 64°C - 61°C - 72°C - 73°C | Throttling: None - None - None - None - None - None - None - None
1328 (1460151 Gflops/s) - 1310 (1440360 Gflops/s) - 1286 (1413971 Gflops/s) - 1300 (1429365 Gflops/s) - 1315 (1445857 Gflops/s) - 1309 (1439260 Gflops/s) - 1302 (1431564 Gflops/s) - 1311 (1441459 Gflops/s) | Temperatures: 60°C - 62°C - 73°C - 72°C - 64°C - 60°C - 72°C - 73°C | Throttling: None - None - None - None - None - None - None - None
1327 (1459051 Gflops/s) - 1310 (1440360 Gflops/s) - 1286 (1413971 Gflops/s) - 1300 (1429365 Gflops/s) - 1313 (1443658 Gflops/s) - 1310 (1440360 Gflops/s) - 1301 (1430464 Gflops/s) - 1313 (1443658 Gflops/s) | Temperatures: 60°C - 62°C - 73°C - 72°C - 64°C - 61°C - 72°C - 73°C | Throttling: None - None - None - None - None - None - None - None
1337 (1470047 Gflops/s) - 1317 (1448056 Gflops/s) - 1294 (1422768 Gflops/s) - 1308 (1438161 Gflops/s) - 1323 (1454653 Gflops/s) - 1318 (1449156 Gflops/s) - 1311 (1441459 Gflops/s) - 1321 (1452454 Gflops/s) | Temperatures: 60°C - 61°C - 73°C - 72°C - 64°C - 60°C - 72°C - 73°C | Throttling: None - None - None - None - None - None - None - None
1345 (1478843 Gflops/s) - 1326 (1457952 Gflops/s) - 1303 (1432663 Gflops/s) - 1318 (1449156 Gflops/s) - 1331 (1463449 Gflops/s) - 1326 (1457952 Gflops/s) - 1318 (1449156 Gflops/s) - 1327 (1459051 Gflops/s) | Temperatures: 60°C - 62°C - 73°C - 72°C - 64°C - 61°C - 72°C - 73°C | Throttling: None - None - None - None - None - None - None - None
1343 (1476644 Gflops/s) - 1324 (1455753 Gflops/s) - 1301 (1430464 Gflops/s) - 1315 (1445857 Gflops/s) - 1330 (1462350 Gflops/s) - 1324 (1455753 Gflops/s) - 1317 (1448056 Gflops/s) - 1326 (1457952 Gflops/s) | Temperatures: 60°C - 62°C - 73°C - 72°C - 64°C - 60°C - 72°C - 73°C | Throttling: None - None - None - None - None - None - None - None
1345 (1478843 Gflops/s) - 1326 (1457952 Gflops/s) - 1303 (1432663 Gflops/s) - 1315 (1445857 Gflops/s) - 1331 (1463449 Gflops/s) - 1327 (1459051 Gflops/s) - 1317 (1448056 Gflops/s) - 1327 (1459051 Gflops/s) | Temperatures: 60°C - 61°C - 73°C - 72°C - 64°C - 61°C - 72°C - 73°C | Throttling: None - None - None - None - None - None - None - None
1346 (1479942 Gflops/s) - 1326 (1457952 Gflops/s) - 1303 (1432663 Gflops/s) - 1318 (1449156 Gflops/s) - 1332 (1464549 Gflops/s) - 1327 (1459051 Gflops/s) - 1319 (1450255 Gflops/s) - 1329 (1461250 Gflops/s) | Temperatures: 60°C - 61°C - 73°C - 72°C - 64°C - 61°C - 72°C - 73°C | Throttling: None - None - None - None - None - None - None - None
1343 (1476644 Gflops/s) - 1325 (1456852 Gflops/s) - 1302 (1431564 Gflops/s) - 1315 (1445857 Gflops/s) - 1331 (1463449 Gflops/s) - 1325 (1456852 Gflops/s) - 1317 (1448056 Gflops/s) - 1325 (1456852 Gflops/s) | Temperatures: 60°C - 62°C - 73°C - 72°C - 64°C - 61°C - 72°C - 73°C | Throttling: None - None - None - None - None - None - None - None
1345 (1478843 Gflops/s) - 1327 (1459051 Gflops/s) - 1303 (1432663 Gflops/s) - 1316 (1446957 Gflops/s) - 1331 (1463449 Gflops/s) - 1327 (1459051 Gflops/s) - 1318 (1449156 Gflops/s) - 1329 (1461250 Gflops/s) | Temperatures: 60°C - 61°C - 73°C - 72°C - 64°C - 61°C - 72°C - 73°C | Throttling: None - None - None - None - None - None - None - None
1345 (1478843 Gflops/s) - 1326 (1457952 Gflops/s) - 1303 (1432663 Gflops/s) - 1316 (1446957 Gflops/s) - 1331 (1463449 Gflops/s) - 1326 (1457952 Gflops/s) - 1318 (1449156 Gflops/s) - 1326 (1457952 Gflops/s) | Temperatures: 60°C - 62°C - 73°C - 72°C - 64°C - 61°C - 72°C - 73°C | Throttling: None - None - None - None - None - None - None - None
1345 (1478843 Gflops/s) - 1326 (1457952 Gflops/s) - 1303 (1432663 Gflops/s) - 1317 (1448056 Gflops/s) - 1332 (1464549 Gflops/s) - 1328 (1460151 Gflops/s) - 1318 (1449156 Gflops/s) - 1329 (1461250 Gflops/s) | Temperatures: 60°C - 62°C - 73°C - 72°C - 64°C - 61°C - 72°C - 73°C | Throttling: None - None - None - None - None - None - None - None
1344 (1477743 Gflops/s) - 1324 (1455753 Gflops/s) - 1302 (1431564 Gflops/s) - 1314 (1444758 Gflops/s) - 1331 (1463449 Gflops/s) - 1324 (1455753 Gflops/s) - 1317 (1448056 Gflops/s) - 1326 (1457952 Gflops/s) | Temperatures: 60°C - 61°C - 73°C - 73°C - 64°C - 61°C - 72°C - 73°C | Throttling: None - None - None - None - None - None - None - None
1343 (1476644 Gflops/s) - 1326 (1457952 Gflops/s) - 1304 (1433763 Gflops/s) - 1318 (1449156 Gflops/s) - 1333 (1465648 Gflops/s) - 1327 (1459051 Gflops/s) - 1318 (1449156 Gflops/s) - 1325 (1456852 Gflops/s) | Temperatures: 60°C - 62°C - 73°C - 72°C - 64°C - 61°C - 72°C - 73°C | Throttling: None - None - None - None - None - None - None - None
1345 (1478843 Gflops/s) - 1327 (1459051 Gflops/s) - 1303 (1432663 Gflops/s) - 1317 (1448056 Gflops/s) - 1331 (1463449 Gflops/s) - 1327 (1459051 Gflops/s) - 1318 (1449156 Gflops/s) - 1327 (1459051 Gflops/s) | Temperatures: 60°C - 61°C - 73°C - 73°C - 64°C - 61°C - 72°C - 73°C | Throttling: None - None - None - None - None - None - None - None
1344 (1477743 Gflops/s) - 1325 (1456852 Gflops/s) - 1302 (1431564 Gflops/s) - 1314 (1444758 Gflops/s) - 1329 (1461250 Gflops/s) - 1324 (1455753 Gflops/s) - 1317 (1448056 Gflops/s) - 1324 (1455753 Gflops/s) | Temperatures: 60°C - 61°C - 73°C - 72°C - 64°C - 61°C - 72°C - 73°C | Throttling: None - None - None - None - None - None - None - None
1345 (1478843 Gflops/s) - 1325 (1456852 Gflops/s) - 1303 (1432663 Gflops/s) - 1316 (1446957 Gflops/s) - 1331 (1463449 Gflops/s) - 1327 (1459051 Gflops/s) - 1319 (1450255 Gflops/s) - 1328 (1460151 Gflops/s) | Temperatures: 60°C - 61°C - 73°C - 72°C - 64°C - 61°C - 72°C - 73°C | Throttling: None - None - None - None - None - None - None - None
1345 (1478843 Gflops/s) - 1326 (1457952 Gflops/s) - 1304 (1433763 Gflops/s) - 1317 (1448056 Gflops/s) - 1331 (1463449 Gflops/s) - 1327 (1459051 Gflops/s) - 1318 (1449156 Gflops/s) - 1325 (1456852 Gflops/s) | Temperatures: 60°C - 62°C - 73°C - 72°C - 64°C - 61°C - 72°C - 73°C | Throttling: None - None - None - None - None - None - None - None
1343 (1476644 Gflops/s) - 1326 (1457952 Gflops/s) - 1302 (1431564 Gflops/s) - 1317 (1448056 Gflops/s) - 1329 (1461250 Gflops/s) - 1324 (1455753 Gflops/s) - 1317 (1448056 Gflops/s) - 1327 (1459051 Gflops/s) | Temperatures: 60°C - 62°C - 73°C - 72°C - 64°C - 60°C - 72°C - 73°C | Throttling: None - None - None - None - None - None - None - None
1347 (1481042 Gflops/s) - 1326 (1457952 Gflops/s) - 1303 (1432663 Gflops/s) - 1316 (1446957 Gflops/s) - 1331 (1463449 Gflops/s) - 1328 (1460151 Gflops/s) - 1318 (1449156 Gflops/s) - 1328 (1460151 Gflops/s) | Temperatures: 60°C - 61°C - 73°C - 72°C - 64°C - 61°C - 72°C - 73°C | Throttling: None - None - None - None - None - None - None - None
1345 (1478843 Gflops/s) - 1326 (1457952 Gflops/s) - 1302 (1431564 Gflops/s) - 1316 (1446957 Gflops/s) - 1332 (1464549 Gflops/s) - 1327 (1459051 Gflops/s) - 1318 (1449156 Gflops/s) - 1329 (1461250 Gflops/s) | Temperatures: 60°C - 61°C - 73°C - 72°C - 64°C - 61°C - 72°C - 73°C | Throttling: None - None - None - None - None - None - None - None
1344 (1477743 Gflops/s) - 1324 (1455753 Gflops/s) - 1301 (1430464 Gflops/s) - 1315 (1445857 Gflops/s) - 1330 (1462350 Gflops/s) - 1326 (1457952 Gflops/s) - 1317 (1448056 Gflops/s) - 1327 (1459051 Gflops/s) | Temperatures: 60°C - 61°C - 73°C - 72°C - 64°C - 61°C - 72°C - 73°C | Throttling: None - None - None - None - None - None - None - None
1347 (1481042 Gflops/s) - 1326 (1457952 Gflops/s) - 1303 (1432663 Gflops/s) - 1316 (1446957 Gflops/s) - 1329 (1461250 Gflops/s) - 1326 (1457952 Gflops/s) - 1319 (1450255 Gflops/s) - 1327 (1459051 Gflops/s) | Temperatures: 60°C - 61°C - 73°C - 72°C - 64°C - 61°C - 72°C - 73°C | Throttling: None - None - None - None - None - None - None - None
1344 (1477743 Gflops/s) - 1325 (1456852 Gflops/s) - 1303 (1432663 Gflops/s) - 1316 (1446957 Gflops/s) - 1332 (1464549 Gflops/s) - 1327 (1459051 Gflops/s) - 1319 (1450255 Gflops/s) - 1326 (1457952 Gflops/s) | Temperatures: 60°C - 62°C - 73°C - 72°C - 64°C - 61°C - 72°C - 73°C | Throttling: None - None - None - None - None - None - None - None
1345 (1478843 Gflops/s) - 1325 (1456852 Gflops/s) - 1301 (1430464 Gflops/s) - 1314 (1444758 Gflops/s) - 1330 (1462350 Gflops/s) - 1325 (1456852 Gflops/s) - 1318 (1449156 Gflops/s) - 1326 (1457952 Gflops/s) | Temperatures: 60°C - 61°C - 73°C - 72°C - 64°C - 61°C - 72°C - 73°C | Throttling: None - None - None - None - None - None - None - None
1344 (1477743 Gflops/s) - 1327 (1459051 Gflops/s) - 1303 (1432663 Gflops/s) - 1318 (1449156 Gflops/s) - 1332 (1464549 Gflops/s) - 1326 (1457952 Gflops/s) - 1319 (1450255 Gflops/s) - 1327 (1459051 Gflops/s) | Temperatures: 60°C - 61°C - 73°C - 72°C - 64°C - 60°C - 72°C - 73°C | Throttling: None - None - None - None - None - None - None - None
1343 (1476644 Gflops/s) - 1324 (1455753 Gflops/s) - 1301 (1430464 Gflops/s) - 1314 (1444758 Gflops/s) - 1330 (1462350 Gflops/s) - 1325 (1456852 Gflops/s) - 1317 (1448056 Gflops/s) - 1327 (1459051 Gflops/s) | Temperatures: 60°C - 61°C - 73°C - 72°C - 64°C - 61°C - 72°C - 73°C | Throttling: None - None - None - None - None - None - None - None
1345 (1478843 Gflops/s) - 1327 (1459051 Gflops/s) - 1303 (1432663 Gflops/s) - 1317 (1448056 Gflops/s) - 1331 (1463449 Gflops/s) - 1327 (1459051 Gflops/s) - 1319 (1450255 Gflops/s) - 1329 (1461250 Gflops/s) | Temperatures: 60°C - 62°C - 73°C - 72°C - 64°C - 61°C - 72°C - 73°C | Throttling: None - None - None - None - None - None - None - None
1345 (1478843 Gflops/s) - 1327 (1459051 Gflops/s) - 1303 (1432663 Gflops/s) - 1316 (1446957 Gflops/s) - 1330 (1462350 Gflops/s) - 1326 (1457952 Gflops/s) - 1319 (1450255 Gflops/s) - 1329 (1461250 Gflops/s) | Temperatures: 60°C - 62°C - 73°C - 72°C - 64°C - 61°C - 72°C - 73°C | Throttling: None - None - None - None - None - None - None - None
1345 (1478843 Gflops/s) - 1326 (1457952 Gflops/s) - 1302 (1431564 Gflops/s) - 1316 (1446957 Gflops/s) - 1330 (1462350 Gflops/s) - 1326 (1457952 Gflops/s) - 1317 (1448056 Gflops/s) - 1326 (1457952 Gflops/s) | Temperatures: 60°C - 62°C - 73°C - 72°C - 64°C - 61°C - 72°C - 73°C | Throttling: None - None - None - None - None - None - None - None
1342 (1475544 Gflops/s) - 1324 (1455753 Gflops/s) - 1301 (1430464 Gflops/s) - 1314 (1444758 Gflops/s) - 1331 (1463449 Gflops/s) - 1325 (1456852 Gflops/s) - 1317 (1448056 Gflops/s) - 1328 (1460151 Gflops/s) | Temperatures: 60°C - 62°C - 73°C - 73°C - 64°C - 61°C - 72°C - 73°C | Throttling: None - None - None - None - None - None - None - None
1346 (1479942 Gflops/s) - 1327 (1459051 Gflops/s) - 1302 (1431564 Gflops/s) - 1317 (1448056 Gflops/s) - 1331 (1463449 Gflops/s) - 1327 (1459051 Gflops/s) - 1317 (1448056 Gflops/s) - 1328 (1460151 Gflops/s) | Temperatures: 60°C - 61°C - 73°C - 72°C - 64°C - 61°C - 72°C - 73°C | Throttling: None - None - None - None - None - None - None - None
1343 (1476644 Gflops/s) - 1325 (1456852 Gflops/s) - 1303 (1432663 Gflops/s) - 1315 (1445857 Gflops/s) - 1330 (1462350 Gflops/s) - 1327 (1459051 Gflops/s) - 1317 (1448056 Gflops/s) - 1327 (1459051 Gflops/s) | Temperatures: 60°C - 61°C - 73°C - 73°C - 64°C - 61°C - 72°C - 73°C | Throttling: None - None - None - None - None - None - None - None
1344 (1477743 Gflops/s) - 1325 (1456852 Gflops/s) - 1302 (1431564 Gflops/s) - 1315 (1445857 Gflops/s) - 1332 (1464549 Gflops/s) - 1327 (1459051 Gflops/s) - 1319 (1450255 Gflops/s) - 1329 (1461250 Gflops/s) | Temperatures: 60°C - 62°C - 73°C - 72°C - 64°C - 61°C - 72°C - 73°C | Throttling: None - None - None - None - None - None - None - None
1345 (1478843 Gflops/s) - 1327 (1459051 Gflops/s) - 1304 (1433763 Gflops/s) - 1317 (1448056 Gflops/s) - 1331 (1463449 Gflops/s) - 1326 (1457952 Gflops/s) - 1318 (1449156 Gflops/s) - 1328 (1460151 Gflops/s) | Temperatures: 60°C - 61°C - 73°C - 72°C - 64°C - 61°C - 72°C - 73°C | Throttling: None - None - None - None - None - None - None - None
1344 (1477743 Gflops/s) - 1325 (1456852 Gflops/s) - 1301 (1430464 Gflops/s) - 1314 (1444758 Gflops/s) - 1330 (1462350 Gflops/s) - 1325 (1456852 Gflops/s) - 1317 (1448056 Gflops/s) - 1327 (1459051 Gflops/s) | Temperatures: 60°C - 62°C - 73°C - 72°C - 64°C - 61°C - 72°C - 73°C | Throttling: None - None - None - None - None - None - None - None
1345 (1478843 Gflops/s) - 1327 (1459051 Gflops/s) - 1302 (1431564 Gflops/s) - 1316 (1446957 Gflops/s) - 1332 (1464549 Gflops/s) - 1326 (1457952 Gflops/s) - 1318 (1449156 Gflops/s) - 1327 (1459051 Gflops/s) | Temperatures: 60°C - 61°C - 73°C - 72°C - 64°C - 61°C - 72°C - 73°C | Throttling: None - None - None - None - None - None - None - None
1344 (1477743 Gflops/s) - 1326 (1457952 Gflops/s) - 1303 (1432663 Gflops/s) - 1316 (1446957 Gflops/s) - 1330 (1462350 Gflops/s) - 1326 (1457952 Gflops/s) - 1318 (1449156 Gflops/s) - 1328 (1460151 Gflops/s) | Temperatures: 60°C - 61°C - 73°C - 72°C - 64°C - 61°C - 72°C - 73°C | Throttling: None - None - None - None - None - None - None - None
1344 (1477743 Gflops/s) - 1326 (1457952 Gflops/s) - 1303 (1432663 Gflops/s) - 1316 (1446957 Gflops/s) - 1331 (1463449 Gflops/s) - 1326 (1457952 Gflops/s) - 1318 (1449156 Gflops/s) - 1329 (1461250 Gflops/s) | Temperatures: 60°C - 62°C - 73°C - 72°C - 64°C - 61°C - 72°C - 73°C | Throttling: None - None - None - None - None - None - None - None
1343 (1476644 Gflops/s) - 1324 (1455753 Gflops/s) - 1302 (1431564 Gflops/s) - 1314 (1444758 Gflops/s) - 1331 (1463449 Gflops/s) - 1325 (1456852 Gflops/s) - 1316 (1446957 Gflops/s) - 1326 (1457952 Gflops/s) | Temperatures: 60°C - 61°C - 73°C - 72°C - 64°C - 61°C - 72°C - 73°C | Throttling: None - None - None - None - None - None - None - None
1345 (1478843 Gflops/s) - 1325 (1456852 Gflops/s) - 1303 (1432663 Gflops/s) - 1316 (1446957 Gflops/s) - 1329 (1461250 Gflops/s) - 1326 (1457952 Gflops/s) - 1318 (1449156 Gflops/s) - 1328 (1460151 Gflops/s) | Temperatures: 60°C - 62°C - 73°C - 72°C - 64°C - 61°C - 72°C - 73°C | Throttling: None - None - None - None - None - None - None - None
1345 (1478843 Gflops/s) - 1326 (1457952 Gflops/s) - 1303 (1432663 Gflops/s) - 1317 (1448056 Gflops/s) - 1331 (1463449 Gflops/s) - 1326 (1457952 Gflops/s) - 1317 (1448056 Gflops/s) - 1327 (1459051 Gflops/s) | Temperatures: 60°C - 62°C - 73°C - 72°C - 64°C - 61°C - 72°C - 73°C | Throttling: None - None - None - None - None - None - None - None
1343 (1476644 Gflops/s) - 1323 (1454653 Gflops/s) - 1301 (1430464 Gflops/s) - 1314 (1444758 Gflops/s) - 1330 (1462350 Gflops/s) - 1325 (1456852 Gflops/s) - 1317 (1448056 Gflops/s) - 1328 (1460151 Gflops/s) | Temperatures: 60°C - 62°C - 73°C - 72°C - 64°C - 61°C - 72°C - 73°C | Throttling: None - None - None - None - None - None - None - None
1346 (1479942 Gflops/s) - 1326 (1457952 Gflops/s) - 1302 (1431564 Gflops/s) - 1317 (1448056 Gflops/s) - 1330 (1462350 Gflops/s) - 1326 (1457952 Gflops/s) - 1319 (1450255 Gflops/s) - 1328 (1460151 Gflops/s) | Temperatures: 60°C - 61°C - 73°C - 72°C - 64°C - 61°C - 72°C - 73°C | Throttling: None - None - None - None - None - None - None - None
1344 (1477743 Gflops/s) - 1324 (1455753 Gflops/s) - 1303 (1432663 Gflops/s) - 1315 (1445857 Gflops/s) - 1332 (1464549 Gflops/s) - 1326 (1457952 Gflops/s) - 1320 (1451355 Gflops/s) - 1328 (1460151 Gflops/s) | Temperatures: 60°C - 62°C - 73°C - 72°C - 64°C - 61°C - 72°C - 73°C | Throttling: None - None - None - None - None - None - None - None
1344 (1477743 Gflops/s) - 1325 (1456852 Gflops/s) - 1302 (1431564 Gflops/s) - 1313 (1443658 Gflops/s) - 1331 (1463449 Gflops/s) - 1325 (1456852 Gflops/s) - 1317 (1448056 Gflops/s) - 1327 (1459051 Gflops/s) | Temperatures: 60°C - 61°C - 73°C - 73°C - 64°C - 61°C - 72°C - 73°C | Throttling: None - None - None - None - None - None - None - None
1344 (1477743 Gflops/s) - 1326 (1457952 Gflops/s) - 1302 (1431564 Gflops/s) - 1316 (1446957 Gflops/s) - 1331 (1463449 Gflops/s) - 1326 (1457952 Gflops/s) - 1317 (1448056 Gflops/s) - 1324 (1455753 Gflops/s) | Temperatures: 60°C - 61°C - 73°C - 72°C - 64°C - 61°C - 72°C - 73°C | Throttling: None - None - None - None - None - None - None - None
1345 (1478843 Gflops/s) - 1326 (1457952 Gflops/s) - 1303 (1432663 Gflops/s) - 1316 (1446957 Gflops/s) - 1331 (1463449 Gflops/s) - 1327 (1459051 Gflops/s) - 1318 (1449156 Gflops/s) - 1328 (1460151 Gflops/s) | Temperatures: 60°C - 62°C - 73°C - 72°C - 64°C - 61°C - 72°C - 73°C | Throttling: None - None - None - None - None - None - None - None
1343 (1476644 Gflops/s) - 1323 (1454653 Gflops/s) - 1300 (1429365 Gflops/s) - 1313 (1443658 Gflops/s) - 1328 (1460151 Gflops/s) - 1325 (1456852 Gflops/s) - 1318 (1449156 Gflops/s) - 1326 (1457952 Gflops/s) | Temperatures: 60°C - 62°C - 73°C - 72°C - 64°C - 61°C - 72°C - 73°C | Throttling: None - None - None - None - None - None - None - None
1344 (1477743 Gflops/s) - 1327 (1459051 Gflops/s) - 1302 (1431564 Gflops/s) - 1317 (1448056 Gflops/s) - 1331 (1463449 Gflops/s) - 1326 (1457952 Gflops/s) - 1317 (1448056 Gflops/s) - 1326 (1457952 Gflops/s) | Temperatures: 60°C - 62°C - 73°C - 72°C - 64°C - 61°C - 72°C - 73°C | Throttling: None - None - None - None - None - None - None - None
1346 (1479942 Gflops/s) - 1326 (1457952 Gflops/s) - 1303 (1432663 Gflops/s) - 1316 (1446957 Gflops/s) - 1330 (1462350 Gflops/s) - 1326 (1457952 Gflops/s) - 1318 (1449156 Gflops/s) - 1328 (1460151 Gflops/s) | Temperatures: 60°C - 61°C - 73°C - 72°C - 64°C - 61°C - 72°C - 73°C | Throttling: None - None - None - None - None - None - None - None
1344 (1477743 Gflops/s) - 1326 (1457952 Gflops/s) - 1302 (1431564 Gflops/s) - 1316 (1446957 Gflops/s) - 1331 (1463449 Gflops/s) - 1326 (1457952 Gflops/s) - 1318 (1449156 Gflops/s) - 1327 (1459051 Gflops/s) | Temperatures: 60°C - 61°C - 73°C - 72°C - 64°C - 61°C - 72°C - 73°C | Throttling: None - None - None - None - None - None - None - None
1343 (1476644 Gflops/s) - 1325 (1456852 Gflops/s) - 1301 (1430464 Gflops/s) - 1314 (1444758 Gflops/s) - 1329 (1461250 Gflops/s) - 1324 (1455753 Gflops/s) - 1316 (1446957 Gflops/s) - 1325 (1456852 Gflops/s) | Temperatures: 60°C - 62°C - 73°C - 72°C - 64°C - 61°C - 72°C - 73°C | Throttling: None - None - None - None - None - None - None - None
1345 (1478843 Gflops/s) - 1326 (1457952 Gflops/s) - 1302 (1431564 Gflops/s) - 1316 (1446957 Gflops/s) - 1331 (1463449 Gflops/s) - 1328 (1460151 Gflops/s) - 1319 (1450255 Gflops/s) - 1329 (1461250 Gflops/s) | Temperatures: 60°C - 62°C - 73°C - 73°C - 64°C - 61°C - 72°C - 73°C | Throttling: None - None - None - None - None - None - None - None
1344 (1477743 Gflops/s) - 1327 (1459051 Gflops/s) - 1303 (1432663 Gflops/s) - 1316 (1446957 Gflops/s) - 1331 (1463449 Gflops/s) - 1326 (1457952 Gflops/s) - 1317 (1448056 Gflops/s) - 1327 (1459051 Gflops/s) | Temperatures: 60°C - 61°C - 73°C - 72°C - 64°C - 61°C - 72°C - 73°C | Throttling: None - None - None - None - None - None - None - None
1342 (1475544 Gflops/s) - 1324 (1455753 Gflops/s) - 1302 (1431564 Gflops/s) - 1314 (1444758 Gflops/s) - 1330 (1462350 Gflops/s) - 1325 (1456852 Gflops/s) - 1316 (1446957 Gflops/s) - 1327 (1459051 Gflops/s) | Temperatures: 60°C - 62°C - 73°C - 72°C - 64°C - 61°C - 72°C - 73°C | Throttling: None - None - None - None - None - None - None - None
1346 (1479942 Gflops/s) - 1326 (1457952 Gflops/s) - 1302 (1431564 Gflops/s) - 1315 (1445857 Gflops/s) - 1330 (1462350 Gflops/s) - 1326 (1457952 Gflops/s) - 1318 (1449156 Gflops/s) - 1327 (1459051 Gflops/s) | Temperatures: 60°C - 62°C - 73°C - 72°C - 64°C - 61°C - 72°C - 73°C | Throttling: None - None - None - None - None - None - None - None
1345 (1478843 Gflops/s) - 1326 (1457952 Gflops/s) - 1303 (1432663 Gflops/s) - 1317 (1448056 Gflops/s) - 1332 (1464549 Gflops/s) - 1326 (1457952 Gflops/s) - 1319 (1450255 Gflops/s) - 1328 (1460151 Gflops/s) | Temperatures: 60°C - 62°C - 73°C - 72°C - 64°C - 61°C - 72°C - 73°C | Throttling: None - None - None - None - None - None - None - None
1340 (1473345 Gflops/s) - 1322 (1453554 Gflops/s) - 1299 (1428265 Gflops/s) - 1311 (1441459 Gflops/s) - 1326 (1457952 Gflops/s) - 1323 (1454653 Gflops/s) - 1314 (1444758 Gflops/s) - 1322 (1453554 Gflops/s) | Temperatures: 60°C - 62°C - 73°C - 72°C - 64°C - 61°C - 72°C - 73°C | Throttling: None - None - None - None - None - None - None - None
1328 (1460151 Gflops/s) - 1309 (1439260 Gflops/s) - 1287 (1415071 Gflops/s) - 1300 (1429365 Gflops/s) - 1314 (1444758 Gflops/s) - 1310 (1440360 Gflops/s) - 1301 (1430464 Gflops/s) - 1309 (1439260 Gflops/s) | Temperatures: 60°C - 62°C - 73°C - 72°C - 64°C - 61°C - 72°C - 73°C | Throttling: None - None - None - None - None - None - None - None
1327 (1459051 Gflops/s) - 1308 (1438161 Gflops/s) - 1286 (1413971 Gflops/s) - 1300 (1429365 Gflops/s) - 1313 (1443658 Gflops/s) - 1309 (1439260 Gflops/s) - 1301 (1430464 Gflops/s) - 1311 (1441459 Gflops/s) | Temperatures: 60°C - 62°C - 73°C - 72°C - 64°C - 61°C - 72°C - 73°C | Throttling: None - None - None - None - None - None - None - None
1328 (1460151 Gflops/s) - 1308 (1438161 Gflops/s) - 1286 (1413971 Gflops/s) - 1300 (1429365 Gflops/s) - 1314 (1444758 Gflops/s) - 1309 (1439260 Gflops/s) - 1301 (1430464 Gflops/s) - 1311 (1441459 Gflops/s) | Temperatures: 60°C - 62°C - 73°C - 72°C - 64°C - 61°C - 72°C - 73°C | Throttling: None - None - None - None - None - None - None - None
1326 (1457952 Gflops/s) - 1309 (1439260 Gflops/s) - 1287 (1415071 Gflops/s) - 1299 (1428265 Gflops/s) - 1316 (1446957 Gflops/s) - 1311 (1441459 Gflops/s) - 1300 (1429365 Gflops/s) - 1313 (1443658 Gflops/s) | Temperatures: 60°C - 61°C - 73°C - 73°C - 64°C - 61°C - 72°C - 73°C | Throttling: None - None - None - None - None - None - None - None
1328 (1460151 Gflops/s) - 1308 (1438161 Gflops/s) - 1286 (1413971 Gflops/s) - 1300 (1429365 Gflops/s) - 1314 (1444758 Gflops/s) - 1310 (1440360 Gflops/s) - 1301 (1430464 Gflops/s) - 1312 (1442559 Gflops/s) | Temperatures: 60°C - 62°C - 73°C - 72°C - 64°C - 61°C - 72°C - 73°C | Throttling: None - None - None - None - None - None - None - None
1329 (1461250 Gflops/s) - 1311 (1441459 Gflops/s) - 1288 (1416170 Gflops/s) - 1301 (1430464 Gflops/s) - 1316 (1446957 Gflops/s) - 1310 (1440360 Gflops/s) - 1302 (1431564 Gflops/s) - 1312 (1442559 Gflops/s) | Temperatures: 60°C - 62°C - 73°C - 73°C - 64°C - 61°C - 72°C - 73°C | Throttling: None - None - None - None - None - None - None - None
1326 (1457952 Gflops/s) - 1307 (1437061 Gflops/s) - 1286 (1413971 Gflops/s) - 1298 (1427166 Gflops/s) - 1314 (1444758 Gflops/s) - 1309 (1439260 Gflops/s) - 1299 (1428265 Gflops/s) - 1308 (1438161 Gflops/s) | Temperatures: 60°C - 62°C - 73°C - 72°C - 64°C - 61°C - 72°C - 73°C | Throttling: None - None - None - None - None - None - None - None
1325 (1456852 Gflops/s) - 1307 (1437061 Gflops/s) - 1284 (1411772 Gflops/s) - 1297 (1426066 Gflops/s) - 1313 (1443658 Gflops/s) - 1309 (1439260 Gflops/s) - 1301 (1430464 Gflops/s) - 1310 (1440360 Gflops/s) | Temperatures: 60°C - 62°C - 73°C - 72°C - 64°C - 61°C - 72°C - 73°C | Throttling: None - None - None - None - None - None - None - None
1329 (1461250 Gflops/s) - 1310 (1440360 Gflops/s) - 1287 (1415071 Gflops/s) - 1302 (1431564 Gflops/s) - 1317 (1448056 Gflops/s) - 1311 (1441459 Gflops/s) - 1302 (1431564 Gflops/s) - 1315 (1445857 Gflops/s) | Temperatures: 60°C - 62°C - 73°C - 73°C - 64°C - 61°C - 72°C - 73°C | Throttling: None - None - None - None - None - None - None - None
1343 (1476644 Gflops/s) - 1325 (1456852 Gflops/s) - 1301 (1430464 Gflops/s) - 1314 (1444758 Gflops/s) - 1329 (1461250 Gflops/s) - 1324 (1455753 Gflops/s) - 1317 (1448056 Gflops/s) - 1323 (1454653 Gflops/s) | Temperatures: 60°C - 61°C - 73°C - 72°C - 64°C - 61°C - 72°C - 73°C | Throttling: None - None - None - None - None - None - None - None
1343 (1476644 Gflops/s) - 1326 (1457952 Gflops/s) - 1302 (1431564 Gflops/s) - 1317 (1448056 Gflops/s) - 1332 (1464549 Gflops/s) - 1326 (1457952 Gflops/s) - 1317 (1448056 Gflops/s) - 1329 (1461250 Gflops/s) | Temperatures: 60°C - 61°C - 73°C - 73°C - 64°C - 61°C - 72°C - 73°C | Throttling: None - None - None - None - None - None - None - None
1345 (1478843 Gflops/s) - 1326 (1457952 Gflops/s) - 1302 (1431564 Gflops/s) - 1316 (1446957 Gflops/s) - 1332 (1464549 Gflops/s) - 1326 (1457952 Gflops/s) - 1318 (1449156 Gflops/s) - 1329 (1461250 Gflops/s) | Temperatures: 60°C - 62°C - 73°C - 72°C - 64°C - 61°C - 72°C - 73°C | Throttling: None - None - None - None - None - None - None - None
1343 (1476644 Gflops/s) - 1325 (1456852 Gflops/s) - 1300 (1429365 Gflops/s) - 1314 (1444758 Gflops/s) - 1330 (1462350 Gflops/s) - 1325 (1456852 Gflops/s) - 1316 (1446957 Gflops/s) - 1326 (1457952 Gflops/s) | Temperatures: 60°C - 62°C - 73°C - 72°C - 64°C - 61°C - 72°C - 73°C | Throttling: None - None - None - None - None - None - None - None
1345 (1478843 Gflops/s) - 1326 (1457952 Gflops/s) - 1303 (1432663 Gflops/s) - 1316 (1446957 Gflops/s) - 1331 (1463449 Gflops/s) - 1326 (1457952 Gflops/s) - 1321 (1452454 Gflops/s) - 1327 (1459051 Gflops/s) | Temperatures: 60°C - 61°C - 73°C - 72°C - 64°C - 61°C - 72°C - 73°C | Throttling: None - None - None - None - None - None - None - None
1343 (1476644 Gflops/s) - 1325 (1456852 Gflops/s) - 1301 (1430464 Gflops/s) - 1315 (1445857 Gflops/s) - 1329 (1461250 Gflops/s) - 1324 (1455753 Gflops/s) - 1254 (1378787 Gflops/s) - 1328 (1460151 Gflops/s) | Temperatures: 60°C - 61°C - 73°C - 73°C - 64°C - 61°C - 72°C - 73°C | Throttling: None - None - None - None - None - None - None - None
GPU #0: 1473105 Gflops/s (min: 1449156.33, max: 1485440.21, dev: 1473104.59)
         Temperature: 59.75°C (min: 55.00, max: 60.00)
         Throttling HW: false, Thermal SW: false, Thermal HW: false
GPU #1: 1453302 Gflops/s (min: 1428265.60, max: 1466748.51, dev: 1453302.09)
         Temperature: 61.09°C (min: 56.00, max: 62.00)
         Throttling HW: false, Thermal SW: false, Thermal HW: false
GPU #2: 1428386 Gflops/s (min: 1402976.84, max: 1446957.30, dev: 1428386.10)
         Temperature: 72.45°C (min: 66.00, max: 73.00)
         Throttling HW: false, Thermal SW: false, Thermal HW: false
GPU #3: 1442913 Gflops/s (min: 1418370.00, max: 1459051.93, dev: 1442913.21)
         Temperature: 71.64°C (min: 65.00, max: 73.00)
         Throttling HW: false, Thermal SW: false, Thermal HW: false
GPU #4: 1457715 Gflops/s (min: 1433763.16, max: 1470047.05, dev: 1457715.20)
         Temperature: 63.75°C (min: 59.00, max: 64.00)
         Throttling HW: false, Thermal SW: false, Thermal HW: false
GPU #5: 1453227 Gflops/s (min: 1428265.60, max: 1466748.51, dev: 1453226.78)
         Temperature: 60.50°C (min: 55.00, max: 61.00)
         Throttling HW: false, Thermal SW: false, Thermal HW: false
GPU #6: 1445154 Gflops/s (min: 1378787.58, max: 1462350.46, dev: 1445153.65)
         Temperature: 71.40°C (min: 64.00, max: 72.00)
         Throttling HW: false, Thermal SW: false, Thermal HW: false
GPU #7: 1456559 Gflops/s (min: 1429365.12, max: 1478843.14, dev: 1456559.20)
         Temperature: 72.59°C (min: 66.00, max: 73.00)
         Throttling HW: false, Thermal SW: false, Thermal HW: false
All GPUs seem healthy
Freeing GPUs...
======== Run with fp8  ==========
Detected GPU #0: "NVIDIA B200" (4513a122-4299-0e8f-724d-e82d2ea8dc1d)
Detected GPU #1: "NVIDIA B200" (ef1096e4-74fa-288b-58e7-4d670f8e2d64)
Detected GPU #2: "NVIDIA B200" (e04c543b-0b92-1ab9-d932-74c4f57c0820)
Detected GPU #3: "NVIDIA B200" (e3ae034b-2bbb-3f65-2bda-44491177f5e0)
Detected GPU #4: "NVIDIA B200" (776362fb-d768-8a0e-e301-379b8408765e)
Detected GPU #5: "NVIDIA B200" (04bff009-6baa-f6cf-9e17-49590202ffd6)
Detected GPU #6: "NVIDIA B200" (aec7a4d9-3e5a-f99b-4317-350498080cf3)
Detected GPU #7: "NVIDIA B200" (a4a980e7-cfc8-d306-d8a7-dc3ce1b438a8)
Using precision(s):   FP8
Creating random matrices
Matrices created
GPU #0: Using 163805 MB
GPU #1: Using 163805 MB
GPU #2: Using 163805 MB
GPU #3: Using 163805 MB
GPU #4: Using 163805 MB
GPU #5: Using 163805 MB
GPU #6: Using 163805 MB
GPU #7: Using 163805 MB
3857 (4240816 Gflops/s) - 3847 (4229821 Gflops/s) - 3806 (4184741 Gflops/s) - 3816 (4195736 Gflops/s) - 3827 (4207830 Gflops/s) - 3849 (4232020 Gflops/s) - 3790 (4167149 Gflops/s) - 3756 (4129765 Gflops/s) | Temperatures: 53°C - 54°C - 65°C - 64°C - 57°C - 54°C - 64°C - 66°C | Throttling: None - None - None - None - None - None - None - None
3726 (4096780 Gflops/s) - 3711 (4080287 Gflops/s) - 3635 (3996724 Gflops/s) - 3656 (4019814 Gflops/s) - 3672 (4037406 Gflops/s) - 3709 (4078088 Gflops/s) - 3609 (3968137 Gflops/s) - 3605 (3963739 Gflops/s) | Temperatures: 54°C - 56°C - 66°C - 66°C - 58°C - 55°C - 65°C - 67°C | Throttling: None - None - None - None - None - None - None - None
3723 (4093481 Gflops/s) - 3705 (4073690 Gflops/s) - 3630 (3991227 Gflops/s) - 3651 (4014316 Gflops/s) - 3661 (4025312 Gflops/s) - 3680 (4046202 Gflops/s) - 3596 (3953843 Gflops/s) - 3597 (3954943 Gflops/s) | Temperatures: 55°C - 56°C - 67°C - 66°C - 59°C - 55°C - 66°C - 67°C | Throttling: None - None - None - None - None - None - None - None
3722 (4092382 Gflops/s) - 3699 (4067093 Gflops/s) - 3631 (3992326 Gflops/s) - 3647 (4009918 Gflops/s) - 3668 (4033008 Gflops/s) - 3684 (4050600 Gflops/s) - 3589 (3946147 Gflops/s) - 3590 (3947246 Gflops/s) | Temperatures: 55°C - 57°C - 67°C - 67°C - 59°C - 56°C - 66°C - 67°C | Throttling: None - None - None - None - None - None - None - None
3721 (4091282 Gflops/s) - 3705 (4073690 Gflops/s) - 3628 (3989028 Gflops/s) - 3645 (4007719 Gflops/s) - 3667 (4031909 Gflops/s) - 3662 (4026411 Gflops/s) - 3603 (3961540 Gflops/s) - 3590 (3947246 Gflops/s) | Temperatures: 55°C - 57°C - 68°C - 67°C - 60°C - 56°C - 66°C - 68°C | Throttling: None - None - None - None - None - None - None - None
3719 (4089083 Gflops/s) - 3700 (4068193 Gflops/s) - 3629 (3990127 Gflops/s) - 3643 (4005520 Gflops/s) - 3647 (4009918 Gflops/s) - 3672 (4037406 Gflops/s) - 3604 (3962639 Gflops/s) - 3585 (3941749 Gflops/s) | Temperatures: 56°C - 57°C - 68°C - 67°C - 60°C - 57°C - 67°C - 68°C | Throttling: None - None - None - None - None - None - None - None
3721 (4091282 Gflops/s) - 3692 (4059396 Gflops/s) - 3628 (3989028 Gflops/s) - 3644 (4006620 Gflops/s) - 3650 (4013217 Gflops/s) - 3661 (4025312 Gflops/s) - 3599 (3957142 Gflops/s) - 3583 (3939550 Gflops/s) | Temperatures: 56°C - 58°C - 68°C - 67°C - 60°C - 57°C - 67°C - 68°C | Throttling: None - None - None - None - None - None - None - None
3722 (4092382 Gflops/s) - 3697 (4064894 Gflops/s) - 3624 (3984630 Gflops/s) - 3643 (4005520 Gflops/s) - 3635 (3996724 Gflops/s) - 3657 (4020914 Gflops/s) - 3601 (3959341 Gflops/s) - 3580 (3936251 Gflops/s) | Temperatures: 57°C - 58°C - 68°C - 68°C - 60°C - 57°C - 67°C - 68°C | Throttling: None - None - None - None - None - None - None - None
3715 (4084685 Gflops/s) - 3694 (4061595 Gflops/s) - 3626 (3986829 Gflops/s) - 3643 (4005520 Gflops/s) - 3652 (4015416 Gflops/s) - 3667 (4031909 Gflops/s) - 3594 (3951644 Gflops/s) - 3580 (3936251 Gflops/s) | Temperatures: 57°C - 58°C - 68°C - 68°C - 61°C - 57°C - 67°C - 69°C | Throttling: None - None - None - None - None - None - None - None
3720 (4090183 Gflops/s) - 3677 (4042904 Gflops/s) - 3620 (3980232 Gflops/s) - 3642 (4004421 Gflops/s) - 3638 (4000023 Gflops/s) - 3661 (4025312 Gflops/s) - 3593 (3950545 Gflops/s) - 3580 (3936251 Gflops/s) | Temperatures: 57°C - 58°C - 69°C - 68°C - 61°C - 58°C - 67°C - 69°C | Throttling: None - None - None - None - None - None - None - None
3711 (4080287 Gflops/s) - 3687 (4053899 Gflops/s) - 3624 (3984630 Gflops/s) - 3640 (4002222 Gflops/s) - 3628 (3989028 Gflops/s) - 3666 (4030809 Gflops/s) - 3591 (3948346 Gflops/s) - 3580 (3936251 Gflops/s) | Temperatures: 57°C - 59°C - 69°C - 68°C - 61°C - 58°C - 68°C - 69°C | Throttling: None - None - None - None - None - None - None - None
3713 (4082486 Gflops/s) - 3681 (4047302 Gflops/s) - 3621 (3981331 Gflops/s) - 3641 (4003321 Gflops/s) - 3633 (3994525 Gflops/s) - 3656 (4019814 Gflops/s) - 3591 (3948346 Gflops/s) - 3580 (3936251 Gflops/s) | Temperatures: 57°C - 59°C - 69°C - 68°C - 61°C - 58°C - 68°C - 69°C | Throttling: None - None - None - None - None - None - None - None
3715 (4084685 Gflops/s) - 3671 (4036307 Gflops/s) - 3620 (3980232 Gflops/s) - 3642 (4004421 Gflops/s) - 3641 (4003321 Gflops/s) - 3653 (4016515 Gflops/s) - 3590 (3947246 Gflops/s) - 3581 (3937351 Gflops/s) | Temperatures: 58°C - 59°C - 69°C - 69°C - 62°C - 58°C - 68°C - 69°C | Throttling: None - None - None - None - None - None - None - None
3712 (4081387 Gflops/s) - 3684 (4050600 Gflops/s) - 3619 (3979132 Gflops/s) - 3641 (4003321 Gflops/s) - 3632 (3993426 Gflops/s) - 3655 (4018714 Gflops/s) - 3588 (3945047 Gflops/s) - 3580 (3936251 Gflops/s) | Temperatures: 58°C - 59°C - 69°C - 69°C - 62°C - 58°C - 68°C - 70°C | Throttling: None - None - None - None - None - None - None - None
3708 (4076989 Gflops/s) - 3666 (4030809 Gflops/s) - 3619 (3979132 Gflops/s) - 3641 (4003321 Gflops/s) - 3616 (3975834 Gflops/s) - 3663 (4027511 Gflops/s) - 3586 (3942848 Gflops/s) - 3580 (3936251 Gflops/s) | Temperatures: 58°C - 59°C - 69°C - 69°C - 62°C - 59°C - 68°C - 70°C | Throttling: None - None - None - None - None - None - None - None
3711 (4080287 Gflops/s) - 3655 (4018714 Gflops/s) - 3618 (3978033 Gflops/s) - 3640 (4002222 Gflops/s) - 3613 (3972535 Gflops/s) - 3654 (4017615 Gflops/s) - 3586 (3942848 Gflops/s) - 3580 (3936251 Gflops/s) | Temperatures: 58°C - 59°C - 70°C - 69°C - 62°C - 59°C - 69°C - 70°C | Throttling: None - None - None - None - None - None - None - None
3711 (4080287 Gflops/s) - 3668 (4033008 Gflops/s) - 3617 (3976933 Gflops/s) - 3641 (4003321 Gflops/s) - 3614 (3973635 Gflops/s) - 3649 (4012117 Gflops/s) - 3583 (3939550 Gflops/s) - 3579 (3935152 Gflops/s) | Temperatures: 58°C - 59°C - 70°C - 69°C - 62°C - 59°C - 69°C - 70°C | Throttling: None - None - None - None - None - None - None - None
3713 (4082486 Gflops/s) - 3669 (4034108 Gflops/s) - 3619 (3979132 Gflops/s) - 3645 (4007719 Gflops/s) - 3615 (3974734 Gflops/s) - 3655 (4018714 Gflops/s) - 3586 (3942848 Gflops/s) - 3584 (3940649 Gflops/s) | Temperatures: 58°C - 60°C - 70°C - 69°C - 62°C - 59°C - 69°C - 70°C | Throttling: None - None - None - None - None - None - None - None
3709 (4078088 Gflops/s) - 3658 (4022013 Gflops/s) - 3615 (3974734 Gflops/s) - 3635 (3996724 Gflops/s) - 3610 (3969236 Gflops/s) - 3656 (4019814 Gflops/s) - 3576 (3931853 Gflops/s) - 3579 (3935152 Gflops/s) | Temperatures: 58°C - 60°C - 70°C - 70°C - 62°C - 59°C - 69°C - 70°C | Throttling: None - None - None - None - None - None - None - None
3710 (4079188 Gflops/s) - 3656 (4019814 Gflops/s) - 3614 (3973635 Gflops/s) - 3637 (3998923 Gflops/s) - 3612 (3971435 Gflops/s) - 3639 (4001122 Gflops/s) - 3591 (3948346 Gflops/s) - 3579 (3935152 Gflops/s) | Temperatures: 58°C - 60°C - 70°C - 70°C - 62°C - 59°C - 69°C - 70°C | Throttling: None - None - None - None - None - None - None - None
3711 (4080287 Gflops/s) - 3673 (4038506 Gflops/s) - 3619 (3979132 Gflops/s) - 3640 (4002222 Gflops/s) - 3609 (3968137 Gflops/s) - 3637 (3998923 Gflops/s) - 3601 (3959341 Gflops/s) - 3580 (3936251 Gflops/s) | Temperatures: 59°C - 60°C - 70°C - 70°C - 63°C - 59°C - 69°C - 71°C | Throttling: None - None - None - None - None - None - None - None
3705 (4073690 Gflops/s) - 3652 (4015416 Gflops/s) - 3612 (3971435 Gflops/s) - 3634 (3995625 Gflops/s) - 3607 (3965938 Gflops/s) - 3631 (3992326 Gflops/s) - 3593 (3950545 Gflops/s) - 3577 (3932953 Gflops/s) | Temperatures: 59°C - 60°C - 71°C - 70°C - 63°C - 59°C - 69°C - 71°C | Throttling: None - None - None - None - None - None - None - None
3710 (4079188 Gflops/s) - 3654 (4017615 Gflops/s) - 3613 (3972535 Gflops/s) - 3635 (3996724 Gflops/s) - 3604 (3962639 Gflops/s) - 3648 (4011018 Gflops/s) - 3591 (3948346 Gflops/s) - 3577 (3932953 Gflops/s) | Temperatures: 59°C - 60°C - 71°C - 70°C - 63°C - 60°C - 70°C - 71°C | Throttling: None - None - None - None - None - None - None - None
3702 (4070392 Gflops/s) - 3658 (4022013 Gflops/s) - 3611 (3970336 Gflops/s) - 3631 (3992326 Gflops/s) - 3600 (3958241 Gflops/s) - 3633 (3994525 Gflops/s) - 3589 (3946147 Gflops/s) - 3574 (3929654 Gflops/s) | Temperatures: 59°C - 60°C - 71°C - 70°C - 63°C - 60°C - 70°C - 71°C | Throttling: None - None - None - None - None - None - None - None
3710 (4079188 Gflops/s) - 3649 (4012117 Gflops/s) - 3611 (3970336 Gflops/s) - 3635 (3996724 Gflops/s) - 3602 (3960440 Gflops/s) - 3651 (4014316 Gflops/s) - 3589 (3946147 Gflops/s) - 3576 (3931853 Gflops/s) | Temperatures: 59°C - 60°C - 71°C - 70°C - 63°C - 60°C - 70°C - 71°C | Throttling: None - None - None - None - None - None - None - None
3703 (4071491 Gflops/s) - 3644 (4006620 Gflops/s) - 3612 (3971435 Gflops/s) - 3636 (3997824 Gflops/s) - 3602 (3960440 Gflops/s) - 3631 (3992326 Gflops/s) - 3590 (3947246 Gflops/s) - 3575 (3930754 Gflops/s) | Temperatures: 59°C - 60°C - 71°C - 71°C - 63°C - 60°C - 70°C - 71°C | Throttling: None - None - None - None - None - None - None - None
3705 (4073690 Gflops/s) - 3651 (4014316 Gflops/s) - 3610 (3969236 Gflops/s) - 3634 (3995625 Gflops/s) - 3601 (3959341 Gflops/s) - 3637 (3998923 Gflops/s) - 3583 (3939550 Gflops/s) - 3571 (3926356 Gflops/s) | Temperatures: 59°C - 60°C - 71°C - 71°C - 63°C - 60°C - 70°C - 71°C | Throttling: None - None - None - None - None - None - None - None
3709 (4078088 Gflops/s) - 3650 (4013217 Gflops/s) - 3613 (3972535 Gflops/s) - 3635 (3996724 Gflops/s) - 3603 (3961540 Gflops/s) - 3637 (3998923 Gflops/s) - 3588 (3945047 Gflops/s) - 3573 (3928555 Gflops/s) | Temperatures: 59°C - 60°C - 71°C - 71°C - 63°C - 60°C - 70°C - 71°C | Throttling: None - None - None - None - None - None - None - None
3698 (4065993 Gflops/s) - 3639 (4001122 Gflops/s) - 3607 (3965938 Gflops/s) - 3631 (3992326 Gflops/s) - 3599 (3957142 Gflops/s) - 3626 (3986829 Gflops/s) - 3579 (3935152 Gflops/s) - 3568 (3923057 Gflops/s) | Temperatures: 59°C - 60°C - 71°C - 71°C - 63°C - 60°C - 70°C - 72°C | Throttling: None - None - None - None - None - None - None - None
3708 (4076989 Gflops/s) - 3644 (4006620 Gflops/s) - 3611 (3970336 Gflops/s) - 3636 (3997824 Gflops/s) - 3603 (3961540 Gflops/s) - 3631 (3992326 Gflops/s) - 3579 (3935152 Gflops/s) - 3571 (3926356 Gflops/s) | Temperatures: 59°C - 61°C - 71°C - 71°C - 63°C - 60°C - 70°C - 72°C | Throttling: None - None - None - None - None - None - None - None
3698 (4065993 Gflops/s) - 3650 (4013217 Gflops/s) - 3609 (3968137 Gflops/s) - 3630 (3991227 Gflops/s) - 3600 (3958241 Gflops/s) - 3639 (4001122 Gflops/s) - 3573 (3928555 Gflops/s) - 3568 (3923057 Gflops/s) | Temperatures: 59°C - 61°C - 72°C - 71°C - 63°C - 60°C - 71°C - 72°C | Throttling: None - None - None - None - None - None - None - None
3690 (4057197 Gflops/s) - 3650 (4013217 Gflops/s) - 3608 (3967037 Gflops/s) - 3630 (3991227 Gflops/s) - 3600 (3958241 Gflops/s) - 3627 (3987928 Gflops/s) - 3575 (3930754 Gflops/s) - 3565 (3919758 Gflops/s) | Temperatures: 60°C - 61°C - 72°C - 71°C - 63°C - 60°C - 71°C - 72°C | Throttling: None - None - None - None - None - None - None - None
3686 (4052799 Gflops/s) - 3615 (3974734 Gflops/s) - 3585 (3941749 Gflops/s) - 3609 (3968137 Gflops/s) - 3578 (3934052 Gflops/s) - 3605 (3963739 Gflops/s) - 3552 (3905465 Gflops/s) - 3543 (3895569 Gflops/s) | Temperatures: 60°C - 61°C - 72°C - 71°C - 64°C - 60°C - 71°C - 72°C | Throttling: None - None - None - None - None - None - None - None
3635 (3996724 Gflops/s) - 3576 (3931853 Gflops/s) - 3544 (3896669 Gflops/s) - 3561 (3915360 Gflops/s) - 3536 (3887873 Gflops/s) - 3560 (3914261 Gflops/s) - 3507 (3855987 Gflops/s) - 3501 (3849390 Gflops/s) | Temperatures: 60°C - 61°C - 72°C - 71°C - 64°C - 60°C - 71°C - 72°C | Throttling: None - None - None - None - None - None - None - None
3642 (4004421 Gflops/s) - 3570 (3925256 Gflops/s) - 3543 (3895569 Gflops/s) - 3566 (3920858 Gflops/s) - 3537 (3888972 Gflops/s) - 3566 (3920858 Gflops/s) - 3508 (3857086 Gflops/s) - 3501 (3849390 Gflops/s) | Temperatures: 60°C - 61°C - 72°C - 72°C - 64°C - 60°C - 71°C - 72°C | Throttling: None - None - None - None - None - None - None - None
3639 (4001122 Gflops/s) - 3581 (3937351 Gflops/s) - 3541 (3893370 Gflops/s) - 3561 (3915360 Gflops/s) - 3536 (3887873 Gflops/s) - 3563 (3917559 Gflops/s) - 3502 (3850489 Gflops/s) - 3497 (3844992 Gflops/s) | Temperatures: 60°C - 61°C - 72°C - 72°C - 64°C - 60°C - 71°C - 72°C | Throttling: None - None - None - None - None - None - None - None
3629 (3990127 Gflops/s) - 3574 (3929654 Gflops/s) - 3538 (3890072 Gflops/s) - 3559 (3913161 Gflops/s) - 3532 (3883475 Gflops/s) - 3555 (3908763 Gflops/s) - 3499 (3847191 Gflops/s) - 3494 (3841693 Gflops/s) | Temperatures: 60°C - 61°C - 72°C - 72°C - 64°C - 60°C - 71°C - 72°C | Throttling: None - None - None - None - None - None - None - None
3633 (3994525 Gflops/s) - 3567 (3921957 Gflops/s) - 3539 (3891171 Gflops/s) - 3559 (3913161 Gflops/s) - 3536 (3887873 Gflops/s) - 3561 (3915360 Gflops/s) - 3505 (3853788 Gflops/s) - 3497 (3844992 Gflops/s) | Temperatures: 60°C - 61°C - 72°C - 72°C - 64°C - 60°C - 71°C - 72°C | Throttling: None - None - None - None - None - None - None - None
3637 (3998923 Gflops/s) - 3578 (3934052 Gflops/s) - 3540 (3892271 Gflops/s) - 3559 (3913161 Gflops/s) - 3536 (3887873 Gflops/s) - 3559 (3913161 Gflops/s) - 3501 (3849390 Gflops/s) - 3497 (3844992 Gflops/s) | Temperatures: 60°C - 61°C - 72°C - 72°C - 64°C - 61°C - 71°C - 72°C | Throttling: None - None - None - None - None - None - None - None
3638 (4000023 Gflops/s) - 3590 (3947246 Gflops/s) - 3539 (3891171 Gflops/s) - 3552 (3905465 Gflops/s) - 3536 (3887873 Gflops/s) - 3561 (3915360 Gflops/s) - 3501 (3849390 Gflops/s) - 3496 (3843892 Gflops/s) | Temperatures: 60°C - 61°C - 72°C - 72°C - 64°C - 61°C - 71°C - 72°C | Throttling: None - None - None - None - None - None - None - None
3628 (3989028 Gflops/s) - 3574 (3929654 Gflops/s) - 3534 (3885674 Gflops/s) - 3551 (3904365 Gflops/s) - 3534 (3885674 Gflops/s) - 3563 (3917559 Gflops/s) - 3501 (3849390 Gflops/s) - 3492 (3839494 Gflops/s) | Temperatures: 60°C - 61°C - 72°C - 72°C - 64°C - 61°C - 71°C - 73°C | Throttling: None - None - None - None - None - None - None - None
3645 (4007719 Gflops/s) - 3585 (3941749 Gflops/s) - 3560 (3914261 Gflops/s) - 3579 (3935152 Gflops/s) - 3560 (3914261 Gflops/s) - 3582 (3938450 Gflops/s) - 3524 (3874678 Gflops/s) - 3519 (3869181 Gflops/s) | Temperatures: 60°C - 61°C - 72°C - 72°C - 64°C - 61°C - 71°C - 73°C | Throttling: None - None - None - None - None - None - None - None
3701 (4069292 Gflops/s) - 3643 (4005520 Gflops/s) - 3599 (3957142 Gflops/s) - 3620 (3980232 Gflops/s) - 3603 (3961540 Gflops/s) - 3628 (3989028 Gflops/s) - 3565 (3919758 Gflops/s) - 3559 (3913161 Gflops/s) | Temperatures: 60°C - 61°C - 73°C - 72°C - 64°C - 61°C - 72°C - 73°C | Throttling: None - None - None - None - None - None - None - None
3694 (4061595 Gflops/s) - 3628 (3989028 Gflops/s) - 3598 (3956042 Gflops/s) - 3621 (3981331 Gflops/s) - 3599 (3957142 Gflops/s) - 3624 (3984630 Gflops/s) - 3561 (3915360 Gflops/s) - 3555 (3908763 Gflops/s) | Temperatures: 60°C - 61°C - 73°C - 72°C - 64°C - 61°C - 72°C - 73°C | Throttling: None - None - None - None - None - None - None - None
3701 (4069292 Gflops/s) - 3632 (3993426 Gflops/s) - 3595 (3952744 Gflops/s) - 3614 (3973635 Gflops/s) - 3600 (3958241 Gflops/s) - 3621 (3981331 Gflops/s) - 3560 (3914261 Gflops/s) - 3556 (3909863 Gflops/s) | Temperatures: 60°C - 61°C - 73°C - 72°C - 64°C - 61°C - 72°C - 73°C | Throttling: None - None - None - None - None - None - None - None
3707 (4075889 Gflops/s) - 3641 (4003321 Gflops/s) - 3599 (3957142 Gflops/s) - 3613 (3972535 Gflops/s) - 3603 (3961540 Gflops/s) - 3629 (3990127 Gflops/s) - 3563 (3917559 Gflops/s) - 3558 (3912062 Gflops/s) | Temperatures: 60°C - 61°C - 73°C - 72°C - 64°C - 61°C - 72°C - 73°C | Throttling: None - None - None - None - None - None - None - None
3693 (4060496 Gflops/s) - 3629 (3990127 Gflops/s) - 3594 (3951644 Gflops/s) - 3610 (3969236 Gflops/s) - 3600 (3958241 Gflops/s) - 3621 (3981331 Gflops/s) - 3560 (3914261 Gflops/s) - 3553 (3906564 Gflops/s) | Temperatures: 60°C - 61°C - 73°C - 72°C - 64°C - 61°C - 72°C - 73°C | Throttling: None - None - None - None - None - None - None - None
3691 (4058297 Gflops/s) - 3639 (4001122 Gflops/s) - 3594 (3951644 Gflops/s) - 3608 (3967037 Gflops/s) - 3598 (3956042 Gflops/s) - 3623 (3983530 Gflops/s) - 3560 (3914261 Gflops/s) - 3552 (3905465 Gflops/s) | Temperatures: 60°C - 61°C - 73°C - 73°C - 64°C - 61°C - 72°C - 73°C | Throttling: None - None - None - None - None - None - None - None
3706 (4074790 Gflops/s) - 3626 (3986829 Gflops/s) - 3599 (3957142 Gflops/s) - 3614 (3973635 Gflops/s) - 3603 (3961540 Gflops/s) - 3627 (3987928 Gflops/s) - 3561 (3915360 Gflops/s) - 3555 (3908763 Gflops/s) | Temperatures: 60°C - 61°C - 73°C - 73°C - 64°C - 61°C - 72°C - 73°C | Throttling: None - None - None - None - None - None - None - None
3697 (4064894 Gflops/s) - 3630 (3991227 Gflops/s) - 3593 (3950545 Gflops/s) - 3608 (3967037 Gflops/s) - 3601 (3959341 Gflops/s) - 3624 (3984630 Gflops/s) - 3557 (3910962 Gflops/s) - 3552 (3905465 Gflops/s) | Temperatures: 60°C - 61°C - 73°C - 73°C - 64°C - 61°C - 72°C - 73°C | Throttling: None - None - None - None - None - None - None - None
3694 (4061595 Gflops/s) - 3623 (3983530 Gflops/s) - 3591 (3948346 Gflops/s) - 3603 (3961540 Gflops/s) - 3599 (3957142 Gflops/s) - 3622 (3982431 Gflops/s) - 3556 (3909863 Gflops/s) - 3551 (3904365 Gflops/s) | Temperatures: 60°C - 61°C - 73°C - 73°C - 64°C - 61°C - 72°C - 73°C | Throttling: None - None - None - None - None - None - None - None
3693 (4060496 Gflops/s) - 3623 (3983530 Gflops/s) - 3590 (3947246 Gflops/s) - 3608 (3967037 Gflops/s) - 3602 (3960440 Gflops/s) - 3623 (3983530 Gflops/s) - 3559 (3913161 Gflops/s) - 3553 (3906564 Gflops/s) | Temperatures: 60°C - 61°C - 73°C - 73°C - 64°C - 61°C - 72°C - 73°C | Throttling: None - None - None - None - None - None - None - None
3701 (4069292 Gflops/s) - 3620 (3980232 Gflops/s) - 3591 (3948346 Gflops/s) - 3603 (3961540 Gflops/s) - 3598 (3956042 Gflops/s) - 3622 (3982431 Gflops/s) - 3557 (3910962 Gflops/s) - 3550 (3903266 Gflops/s) | Temperatures: 60°C - 62°C - 73°C - 73°C - 64°C - 61°C - 72°C - 73°C | Throttling: None - None - None - None - None - None - None - None
3702 (4070392 Gflops/s) - 3642 (4004421 Gflops/s) - 3592 (3949445 Gflops/s) - 3606 (3964838 Gflops/s) - 3603 (3961540 Gflops/s) - 3624 (3984630 Gflops/s) - 3561 (3915360 Gflops/s) - 3554 (3907664 Gflops/s) | Temperatures: 60°C - 62°C - 73°C - 73°C - 64°C - 61°C - 72°C - 73°C | Throttling: None - None - None - None - None - None - None - None
3694 (4061595 Gflops/s) - 3625 (3985729 Gflops/s) - 3589 (3946147 Gflops/s) - 3607 (3965938 Gflops/s) - 3598 (3956042 Gflops/s) - 3618 (3978033 Gflops/s) - 3554 (3907664 Gflops/s) - 3549 (3902166 Gflops/s) | Temperatures: 60°C - 61°C - 73°C - 73°C - 64°C - 61°C - 72°C - 73°C | Throttling: None - None - None - None - None - None - None - None
3706 (4074790 Gflops/s) - 3636 (3997824 Gflops/s) - 3594 (3951644 Gflops/s) - 3607 (3965938 Gflops/s) - 3604 (3962639 Gflops/s) - 3627 (3987928 Gflops/s) - 3559 (3913161 Gflops/s) - 3556 (3909863 Gflops/s) | Temperatures: 60°C - 61°C - 73°C - 73°C - 64°C - 61°C - 72°C - 73°C | Throttling: None - None - None - None - None - None - None - None
3697 (4064894 Gflops/s) - 3622 (3982431 Gflops/s) - 3591 (3948346 Gflops/s) - 3604 (3962639 Gflops/s) - 3600 (3958241 Gflops/s) - 3622 (3982431 Gflops/s) - 3557 (3910962 Gflops/s) - 3550 (3903266 Gflops/s) | Temperatures: 60°C - 61°C - 73°C - 73°C - 64°C - 61°C - 72°C - 73°C | Throttling: None - None - None - None - None - None - None - None
3700 (4068193 Gflops/s) - 3628 (3989028 Gflops/s) - 3590 (3947246 Gflops/s) - 3605 (3963739 Gflops/s) - 3600 (3958241 Gflops/s) - 3621 (3981331 Gflops/s) - 3556 (3909863 Gflops/s) - 3553 (3906564 Gflops/s) | Temperatures: 60°C - 61°C - 73°C - 73°C - 64°C - 61°C - 72°C - 73°C | Throttling: None - None - None - None - None - None - None - None
3688 (4054998 Gflops/s) - 3633 (3994525 Gflops/s) - 3590 (3947246 Gflops/s) - 3600 (3958241 Gflops/s) - 3598 (3956042 Gflops/s) - 3624 (3984630 Gflops/s) - 3555 (3908763 Gflops/s) - 3550 (3903266 Gflops/s) | Temperatures: 60°C - 61°C - 73°C - 73°C - 64°C - 61°C - 72°C - 73°C | Throttling: None - None - None - None - None - None - None - None
3690 (4057197 Gflops/s) - 3625 (3985729 Gflops/s) - 3594 (3951644 Gflops/s) - 3609 (3968137 Gflops/s) - 3603 (3961540 Gflops/s) - 3624 (3984630 Gflops/s) - 3560 (3914261 Gflops/s) - 3553 (3906564 Gflops/s) | Temperatures: 60°C - 61°C - 73°C - 73°C - 64°C - 61°C - 72°C - 73°C | Throttling: None - None - None - None - None - None - None - None
3691 (4058297 Gflops/s) - 3628 (3989028 Gflops/s) - 3589 (3946147 Gflops/s) - 3602 (3960440 Gflops/s) - 3601 (3959341 Gflops/s) - 3625 (3985729 Gflops/s) - 3558 (3912062 Gflops/s) - 3553 (3906564 Gflops/s) | Temperatures: 60°C - 61°C - 73°C - 73°C - 64°C - 61°C - 72°C - 73°C | Throttling: None - None - None - None - None - None - None - None
3689 (4056098 Gflops/s) - 3630 (3991227 Gflops/s) - 3591 (3948346 Gflops/s) - 3606 (3964838 Gflops/s) - 3599 (3957142 Gflops/s) - 3618 (3978033 Gflops/s) - 3556 (3909863 Gflops/s) - 3551 (3904365 Gflops/s) | Temperatures: 60°C - 61°C - 73°C - 73°C - 64°C - 61°C - 72°C - 73°C | Throttling: None - None - None - None - None - None - None - None
3700 (4068193 Gflops/s) - 3633 (3994525 Gflops/s) - 3591 (3948346 Gflops/s) - 3603 (3961540 Gflops/s) - 3602 (3960440 Gflops/s) - 3624 (3984630 Gflops/s) - 3559 (3913161 Gflops/s) - 3555 (3908763 Gflops/s) | Temperatures: 60°C - 61°C - 73°C - 73°C - 64°C - 61°C - 72°C - 73°C | Throttling: None - None - None - None - None - None - None - None
3693 (4060496 Gflops/s) - 3630 (3991227 Gflops/s) - 3591 (3948346 Gflops/s) - 3605 (3963739 Gflops/s) - 3597 (3954943 Gflops/s) - 3620 (3980232 Gflops/s) - 3558 (3912062 Gflops/s) - 3550 (3903266 Gflops/s) | Temperatures: 60°C - 61°C - 73°C - 73°C - 64°C - 61°C - 72°C - 73°C | Throttling: None - None - None - None - None - None - None - None
3704 (4072591 Gflops/s) - 3632 (3993426 Gflops/s) - 3591 (3948346 Gflops/s) - 3606 (3964838 Gflops/s) - 3602 (3960440 Gflops/s) - 3623 (3983530 Gflops/s) - 3559 (3913161 Gflops/s) - 3553 (3906564 Gflops/s) | Temperatures: 60°C - 61°C - 73°C - 73°C - 64°C - 61°C - 72°C - 73°C | Throttling: None - None - None - None - None - None - None - None
3696 (4063794 Gflops/s) - 3634 (3995625 Gflops/s) - 3590 (3947246 Gflops/s) - 3605 (3963739 Gflops/s) - 3599 (3957142 Gflops/s) - 3621 (3981331 Gflops/s) - 3557 (3910962 Gflops/s) - 3550 (3903266 Gflops/s) | Temperatures: 60°C - 61°C - 73°C - 72°C - 64°C - 61°C - 72°C - 73°C | Throttling: None - None - None - None - None - None - None - None
3674 (4039605 Gflops/s) - 3606 (3964838 Gflops/s) - 3564 (3918659 Gflops/s) - 3580 (3936251 Gflops/s) - 3574 (3929654 Gflops/s) - 3595 (3952744 Gflops/s) - 3533 (3884574 Gflops/s) - 3525 (3875778 Gflops/s) | Temperatures: 60°C - 61°C - 73°C - 72°C - 64°C - 61°C - 72°C - 73°C | Throttling: None - None - None - None - None - None - None - None
3656 (4019814 Gflops/s) - 3592 (3949445 Gflops/s) - 3551 (3904365 Gflops/s) - 3568 (3923057 Gflops/s) - 3559 (3913161 Gflops/s) - 3579 (3935152 Gflops/s) - 3518 (3868081 Gflops/s) - 3511 (3860385 Gflops/s) | Temperatures: 60°C - 61°C - 73°C - 72°C - 64°C - 61°C - 72°C - 73°C | Throttling: None - None - None - None - None - None - None - None
3660 (4024212 Gflops/s) - 3589 (3946147 Gflops/s) - 3550 (3903266 Gflops/s) - 3566 (3920858 Gflops/s) - 3560 (3914261 Gflops/s) - 3583 (3939550 Gflops/s) - 3519 (3869181 Gflops/s) - 3512 (3861484 Gflops/s) | Temperatures: 60°C - 61°C - 73°C - 72°C - 64°C - 61°C - 72°C - 73°C | Throttling: None - None - None - None - None - None - None - None
3660 (4024212 Gflops/s) - 3583 (3939550 Gflops/s) - 3547 (3899967 Gflops/s) - 3565 (3919758 Gflops/s) - 3558 (3912062 Gflops/s) - 3578 (3934052 Gflops/s) - 3517 (3866982 Gflops/s) - 3511 (3860385 Gflops/s) | Temperatures: 60°C - 61°C - 73°C - 72°C - 64°C - 60°C - 72°C - 73°C | Throttling: None - None - None - None - None - None - None - None
3664 (4028610 Gflops/s) - 3592 (3949445 Gflops/s) - 3553 (3906564 Gflops/s) - 3568 (3923057 Gflops/s) - 3559 (3913161 Gflops/s) - 3584 (3940649 Gflops/s) - 3520 (3870280 Gflops/s) - 3513 (3862584 Gflops/s) | Temperatures: 60°C - 61°C - 73°C - 72°C - 64°C - 60°C - 72°C - 73°C | Throttling: None - None - None - None - None - None - None - None
3664 (4028610 Gflops/s) - 3599 (3957142 Gflops/s) - 3555 (3908763 Gflops/s) - 3571 (3926356 Gflops/s) - 3562 (3916460 Gflops/s) - 3583 (3939550 Gflops/s) - 3520 (3870280 Gflops/s) - 3515 (3864783 Gflops/s) | Temperatures: 60°C - 61°C - 73°C - 72°C - 64°C - 60°C - 72°C - 73°C | Throttling: None - None - None - None - None - None - None - None
3659 (4023113 Gflops/s) - 3594 (3951644 Gflops/s) - 3549 (3902166 Gflops/s) - 3566 (3920858 Gflops/s) - 3559 (3913161 Gflops/s) - 3581 (3937351 Gflops/s) - 3518 (3868081 Gflops/s) - 3510 (3859285 Gflops/s) | Temperatures: 60°C - 61°C - 73°C - 72°C - 64°C - 60°C - 72°C - 73°C | Throttling: None - None - None - None - None - None - None - None
3666 (4030809 Gflops/s) - 3598 (3956042 Gflops/s) - 3556 (3909863 Gflops/s) - 3572 (3927455 Gflops/s) - 3561 (3915360 Gflops/s) - 3584 (3940649 Gflops/s) - 3521 (3871380 Gflops/s) - 3516 (3865882 Gflops/s) | Temperatures: 60°C - 61°C - 73°C - 72°C - 64°C - 60°C - 72°C - 73°C | Throttling: None - None - None - None - None - None - None - None
3646 (4008819 Gflops/s) - 3596 (3953843 Gflops/s) - 3550 (3903266 Gflops/s) - 3569 (3924156 Gflops/s) - 3556 (3909863 Gflops/s) - 3580 (3936251 Gflops/s) - 3516 (3865882 Gflops/s) - 3509 (3858186 Gflops/s) | Temperatures: 60°C - 61°C - 73°C - 72°C - 64°C - 60°C - 72°C - 73°C | Throttling: None - None - None - None - None - None - None - None
3662 (4026411 Gflops/s) - 3601 (3959341 Gflops/s) - 3558 (3912062 Gflops/s) - 3577 (3932953 Gflops/s) - 3565 (3919758 Gflops/s) - 3585 (3941749 Gflops/s) - 3525 (3875778 Gflops/s) - 3517 (3866982 Gflops/s) | Temperatures: 60°C - 61°C - 73°C - 72°C - 64°C - 60°C - 72°C - 73°C | Throttling: None - None - None - None - None - None - None - None
3653 (4016515 Gflops/s) - 3599 (3957142 Gflops/s) - 3548 (3901067 Gflops/s) - 3563 (3917559 Gflops/s) - 3556 (3909863 Gflops/s) - 3577 (3932953 Gflops/s) - 3516 (3865882 Gflops/s) - 3509 (3858186 Gflops/s) | Temperatures: 59°C - 61°C - 73°C - 72°C - 64°C - 60°C - 72°C - 73°C | Throttling: None - None - None - None - None - None - None - None
3656 (4019814 Gflops/s) - 3593 (3950545 Gflops/s) - 3553 (3906564 Gflops/s) - 3572 (3927455 Gflops/s) - 3561 (3915360 Gflops/s) - 3577 (3932953 Gflops/s) - 3520 (3870280 Gflops/s) - 3512 (3861484 Gflops/s) | Temperatures: 60°C - 61°C - 73°C - 72°C - 64°C - 60°C - 72°C - 73°C | Throttling: None - None - None - None - None - None - None - None
3653 (4016515 Gflops/s) - 3591 (3948346 Gflops/s) - 3554 (3907664 Gflops/s) - 3574 (3929654 Gflops/s) - 3559 (3913161 Gflops/s) - 3583 (3939550 Gflops/s) - 3519 (3869181 Gflops/s) - 3513 (3862584 Gflops/s) | Temperatures: 59°C - 61°C - 73°C - 72°C - 64°C - 60°C - 72°C - 73°C | Throttling: None - None - None - None - None - None - None - None
3664 (4028610 Gflops/s) - 3599 (3957142 Gflops/s) - 3557 (3910962 Gflops/s) - 3573 (3928555 Gflops/s) - 3560 (3914261 Gflops/s) - 3584 (3940649 Gflops/s) - 3519 (3869181 Gflops/s) - 3512 (3861484 Gflops/s) | Temperatures: 60°C - 61°C - 73°C - 72°C - 64°C - 60°C - 72°C - 73°C | Throttling: None - None - None - None - None - None - None - None
3665 (4029710 Gflops/s) - 3592 (3949445 Gflops/s) - 3553 (3906564 Gflops/s) - 3568 (3923057 Gflops/s) - 3559 (3913161 Gflops/s) - 3584 (3940649 Gflops/s) - 3519 (3869181 Gflops/s) - 3513 (3862584 Gflops/s) | Temperatures: 60°C - 61°C - 73°C - 72°C - 64°C - 60°C - 72°C - 73°C | Throttling: None - None - None - None - None - None - None - None
3664 (4028610 Gflops/s) - 3603 (3961540 Gflops/s) - 3555 (3908763 Gflops/s) - 3575 (3930754 Gflops/s) - 3562 (3916460 Gflops/s) - 3584 (3940649 Gflops/s) - 3523 (3873579 Gflops/s) - 3516 (3865882 Gflops/s) | Temperatures: 60°C - 61°C - 73°C - 72°C - 64°C - 60°C - 72°C - 73°C | Throttling: None - None - None - None - None - None - None - None
3665 (4029710 Gflops/s) - 3595 (3952744 Gflops/s) - 3556 (3909863 Gflops/s) - 3566 (3920858 Gflops/s) - 3558 (3912062 Gflops/s) - 3580 (3936251 Gflops/s) - 3517 (3866982 Gflops/s) - 3509 (3858186 Gflops/s) | Temperatures: 60°C - 61°C - 73°C - 72°C - 64°C - 60°C - 72°C - 73°C | Throttling: None - None - None - None - None - None - None - None
3659 (4023113 Gflops/s) - 3590 (3947246 Gflops/s) - 3552 (3905465 Gflops/s) - 3571 (3926356 Gflops/s) - 3560 (3914261 Gflops/s) - 3585 (3941749 Gflops/s) - 3522 (3872479 Gflops/s) - 3515 (3864783 Gflops/s) | Temperatures: 60°C - 61°C - 73°C - 72°C - 64°C - 60°C - 72°C - 73°C | Throttling: None - None - None - None - None - None - None - None
3667 (4031909 Gflops/s) - 3598 (3956042 Gflops/s) - 3557 (3910962 Gflops/s) - 3570 (3925256 Gflops/s) - 3561 (3915360 Gflops/s) - 3586 (3942848 Gflops/s) - 3523 (3873579 Gflops/s) - 3515 (3864783 Gflops/s) | Temperatures: 60°C - 61°C - 73°C - 72°C - 64°C - 60°C - 72°C - 73°C | Throttling: None - None - None - None - None - None - None - None
3658 (4022013 Gflops/s) - 3586 (3942848 Gflops/s) - 3554 (3907664 Gflops/s) - 3567 (3921957 Gflops/s) - 3560 (3914261 Gflops/s) - 3583 (3939550 Gflops/s) - 3521 (3871380 Gflops/s) - 3513 (3862584 Gflops/s) | Temperatures: 60°C - 61°C - 73°C - 72°C - 64°C - 60°C - 72°C - 73°C | Throttling: None - None - None - None - None - None - None - None
3659 (4023113 Gflops/s) - 3598 (3956042 Gflops/s) - 3556 (3909863 Gflops/s) - 3574 (3929654 Gflops/s) - 3560 (3914261 Gflops/s) - 3586 (3942848 Gflops/s) - 3522 (3872479 Gflops/s) - 3513 (3862584 Gflops/s) | Temperatures: 60°C - 61°C - 73°C - 72°C - 64°C - 60°C - 72°C - 73°C | Throttling: None - None - None - None - None - None - None - None
3654 (4017615 Gflops/s) - 3590 (3947246 Gflops/s) - 3553 (3906564 Gflops/s) - 3578 (3934052 Gflops/s) - 3561 (3915360 Gflops/s) - 3582 (3938450 Gflops/s) - 3520 (3870280 Gflops/s) - 3513 (3862584 Gflops/s) | Temperatures: 60°C - 61°C - 73°C - 72°C - 64°C - 60°C - 72°C - 73°C | Throttling: None - None - None - None - None - None - None - None
3653 (4016515 Gflops/s) - 3585 (3941749 Gflops/s) - 3552 (3905465 Gflops/s) - 3569 (3924156 Gflops/s) - 3558 (3912062 Gflops/s) - 3581 (3937351 Gflops/s) - 3519 (3869181 Gflops/s) - 3512 (3861484 Gflops/s) | Temperatures: 59°C - 61°C - 73°C - 72°C - 64°C - 60°C - 72°C - 73°C | Throttling: None - None - None - None - None - None - None - None
3657 (4020914 Gflops/s) - 3593 (3950545 Gflops/s) - 3554 (3907664 Gflops/s) - 3568 (3923057 Gflops/s) - 3559 (3913161 Gflops/s) - 3583 (3939550 Gflops/s) - 3519 (3869181 Gflops/s) - 3512 (3861484 Gflops/s) | Temperatures: 60°C - 61°C - 73°C - 72°C - 64°C - 60°C - 72°C - 73°C | Throttling: None - None - None - None - None - None - None - None
3648 (4011018 Gflops/s) - 3594 (3951644 Gflops/s) - 3555 (3908763 Gflops/s) - 3575 (3930754 Gflops/s) - 3560 (3914261 Gflops/s) - 3584 (3940649 Gflops/s) - 3520 (3870280 Gflops/s) - 3512 (3861484 Gflops/s) | Temperatures: 59°C - 61°C - 73°C - 72°C - 64°C - 60°C - 72°C - 73°C | Throttling: None - None - None - None - None - None - None - None
3664 (4028610 Gflops/s) - 3587 (3943948 Gflops/s) - 3558 (3912062 Gflops/s) - 3573 (3928555 Gflops/s) - 3561 (3915360 Gflops/s) - 3585 (3941749 Gflops/s) - 3525 (3875778 Gflops/s) - 3514 (3863683 Gflops/s) | Temperatures: 60°C - 61°C - 73°C - 72°C - 64°C - 60°C - 72°C - 73°C | Throttling: None - None - None - None - None - None - None - None
3662 (4026411 Gflops/s) - 3594 (3951644 Gflops/s) - 3556 (3909863 Gflops/s) - 3574 (3929654 Gflops/s) - 3560 (3914261 Gflops/s) - 3581 (3937351 Gflops/s) - 3521 (3871380 Gflops/s) - 3513 (3862584 Gflops/s) | Temperatures: 59°C - 61°C - 73°C - 72°C - 64°C - 60°C - 71°C - 73°C | Throttling: None - None - None - None - None - None - None - None
3656 (4019814 Gflops/s) - 3589 (3946147 Gflops/s) - 3553 (3906564 Gflops/s) - 3569 (3924156 Gflops/s) - 3557 (3910962 Gflops/s) - 3582 (3938450 Gflops/s) - 3517 (3866982 Gflops/s) - 3511 (3860385 Gflops/s) | Temperatures: 59°C - 61°C - 73°C - 72°C - 64°C - 60°C - 71°C - 73°C | Throttling: None - None - None - None - None - None - None - None
3658 (4022013 Gflops/s) - 3593 (3950545 Gflops/s) - 3553 (3906564 Gflops/s) - 3571 (3926356 Gflops/s) - 3560 (3914261 Gflops/s) - 3585 (3941749 Gflops/s) - 3521 (3871380 Gflops/s) - 3514 (3863683 Gflops/s) | Temperatures: 59°C - 61°C - 73°C - 72°C - 64°C - 60°C - 72°C - 73°C | Throttling: None - None - None - None - None - None - None - None
3656 (4019814 Gflops/s) - 3606 (3964838 Gflops/s) - 3559 (3913161 Gflops/s) - 3576 (3931853 Gflops/s) - 3561 (3915360 Gflops/s) - 3585 (3941749 Gflops/s) - 3525 (3875778 Gflops/s) - 3514 (3863683 Gflops/s) | Temperatures: 59°C - 61°C - 73°C - 72°C - 64°C - 60°C - 72°C - 73°C | Throttling: None - None - None - None - None - None - None - None
3660 (4024212 Gflops/s) - 3598 (3956042 Gflops/s) - 3553 (3906564 Gflops/s) - 3572 (3927455 Gflops/s) - 3560 (3914261 Gflops/s) - 3582 (3938450 Gflops/s) - 3521 (3871380 Gflops/s) - 3512 (3861484 Gflops/s) | Temperatures: 59°C - 61°C - 73°C - 72°C - 64°C - 60°C - 72°C - 73°C | Throttling: None - None - None - None - None - None - None - None
3659 (4023113 Gflops/s) - 3604 (3962639 Gflops/s) - 3549 (3902166 Gflops/s) - 3572 (3927455 Gflops/s) - 3556 (3909863 Gflops/s) - 3581 (3937351 Gflops/s) - 3519 (3869181 Gflops/s) - 3510 (3859285 Gflops/s) | Temperatures: 59°C - 61°C - 72°C - 72°C - 64°C - 60°C - 72°C - 73°C | Throttling: None - None - None - None - None - None - None - None
3656 (4019814 Gflops/s) - 3593 (3950545 Gflops/s) - 3549 (3902166 Gflops/s) - 3574 (3929654 Gflops/s) - 3557 (3910962 Gflops/s) - 3580 (3936251 Gflops/s) - 3518 (3868081 Gflops/s) - 3509 (3858186 Gflops/s) | Temperatures: 59°C - 61°C - 72°C - 72°C - 64°C - 60°C - 71°C - 73°C | Throttling: None - None - None - None - None - None - None - None
3653 (4016515 Gflops/s) - 3582 (3938450 Gflops/s) - 3549 (3902166 Gflops/s) - 3566 (3920858 Gflops/s) - 3554 (3907664 Gflops/s) - 3579 (3935152 Gflops/s) - 3517 (3866982 Gflops/s) - 3507 (3855987 Gflops/s) | Temperatures: 59°C - 61°C - 72°C - 72°C - 64°C - 60°C - 71°C - 73°C | Throttling: None - None - None - None - None - None - None - None
3655 (4018714 Gflops/s) - 3598 (3956042 Gflops/s) - 3553 (3906564 Gflops/s) - 3571 (3926356 Gflops/s) - 3557 (3910962 Gflops/s) - 3583 (3939550 Gflops/s) - 3519 (3869181 Gflops/s) - 3511 (3860385 Gflops/s) | Temperatures: 59°C - 61°C - 73°C - 72°C - 64°C - 60°C - 71°C - 73°C | Throttling: None - None - None - None - None - None - None - None
3655 (4018714 Gflops/s) - 3591 (3948346 Gflops/s) - 3551 (3904365 Gflops/s) - 3573 (3928555 Gflops/s) - 3556 (3909863 Gflops/s) - 3583 (3939550 Gflops/s) - 3517 (3866982 Gflops/s) - 3510 (3859285 Gflops/s) | Temperatures: 59°C - 61°C - 72°C - 72°C - 64°C - 60°C - 71°C - 73°C | Throttling: None - None - None - None - None - None - None - None
3655 (4018714 Gflops/s) - 3595 (3952744 Gflops/s) - 3547 (3899967 Gflops/s) - 3568 (3923057 Gflops/s) - 3555 (3908763 Gflops/s) - 3581 (3937351 Gflops/s) - 3517 (3866982 Gflops/s) - 3508 (3857086 Gflops/s) | Temperatures: 59°C - 61°C - 72°C - 72°C - 64°C - 60°C - 71°C - 73°C | Throttling: None - None - None - None - None - None - None - None
3652 (4015416 Gflops/s) - 3592 (3949445 Gflops/s) - 3550 (3903266 Gflops/s) - 3568 (3923057 Gflops/s) - 3554 (3907664 Gflops/s) - 3576 (3931853 Gflops/s) - 3515 (3864783 Gflops/s) - 3508 (3857086 Gflops/s) | Temperatures: 59°C - 61°C - 72°C - 72°C - 64°C - 60°C - 71°C - 73°C | Throttling: None - None - None - None - None - None - None - None
3655 (4018714 Gflops/s) - 3600 (3958241 Gflops/s) - 3556 (3909863 Gflops/s) - 3574 (3929654 Gflops/s) - 3556 (3909863 Gflops/s) - 3579 (3935152 Gflops/s) - 3521 (3871380 Gflops/s) - 3509 (3858186 Gflops/s) | Temperatures: 60°C - 61°C - 72°C - 72°C - 64°C - 60°C - 71°C - 73°C | Throttling: None - None - None - None - None - None - None - None
3661 (4025312 Gflops/s) - 3587 (3943948 Gflops/s) - 3553 (3906564 Gflops/s) - 3572 (3927455 Gflops/s) - 3556 (3909863 Gflops/s) - 3579 (3935152 Gflops/s) - 3519 (3869181 Gflops/s) - 3512 (3861484 Gflops/s) | Temperatures: 59°C - 61°C - 72°C - 72°C - 64°C - 60°C - 71°C - 73°C | Throttling: None - None - None - None - None - None - None - None
3693 (4060496 Gflops/s) - 3622 (3982431 Gflops/s) - 3584 (3940649 Gflops/s) - 3607 (3965938 Gflops/s) - 3589 (3946147 Gflops/s) - 3611 (3970336 Gflops/s) - 3552 (3905465 Gflops/s) - 3541 (3893370 Gflops/s) | Temperatures: 59°C - 61°C - 72°C - 72°C - 64°C - 60°C - 71°C - 73°C | Throttling: None - None - None - None - None - None - None - None
3699 (4067093 Gflops/s) - 3631 (3992326 Gflops/s) - 3595 (3952744 Gflops/s) - 3614 (3973635 Gflops/s) - 3600 (3958241 Gflops/s) - 3624 (3984630 Gflops/s) - 3562 (3916460 Gflops/s) - 3554 (3907664 Gflops/s) | Temperatures: 59°C - 61°C - 72°C - 72°C - 64°C - 60°C - 71°C - 73°C | Throttling: None - None - None - None - None - None - None - None
3702 (4070392 Gflops/s) - 3635 (3996724 Gflops/s) - 3595 (3952744 Gflops/s) - 3613 (3972535 Gflops/s) - 3599 (3957142 Gflops/s) - 3624 (3984630 Gflops/s) - 3561 (3915360 Gflops/s) - 3552 (3905465 Gflops/s) | Temperatures: 59°C - 61°C - 72°C - 72°C - 64°C - 60°C - 71°C - 73°C | Throttling: None - None - None - None - None - None - None - None
3702 (4070392 Gflops/s) - 3642 (4004421 Gflops/s) - 3594 (3951644 Gflops/s) - 3614 (3973635 Gflops/s) - 3600 (3958241 Gflops/s) - 3619 (3979132 Gflops/s) - 3559 (3913161 Gflops/s) - 3553 (3906564 Gflops/s) | Temperatures: 59°C - 61°C - 72°C - 72°C - 64°C - 60°C - 71°C - 73°C | Throttling: None - None - None - None - None - None - None - None
3707 (4075889 Gflops/s) - 3645 (4007719 Gflops/s) - 3601 (3959341 Gflops/s) - 3622 (3982431 Gflops/s) - 3604 (3962639 Gflops/s) - 3628 (3989028 Gflops/s) - 3568 (3923057 Gflops/s) - 3558 (3912062 Gflops/s) | Temperatures: 60°C - 61°C - 72°C - 72°C - 64°C - 60°C - 71°C - 73°C | Throttling: None - None - None - None - None - None - None - None
3701 (4069292 Gflops/s) - 3633 (3994525 Gflops/s) - 3593 (3950545 Gflops/s) - 3616 (3975834 Gflops/s) - 3600 (3958241 Gflops/s) - 3622 (3982431 Gflops/s) - 3560 (3914261 Gflops/s) - 3553 (3906564 Gflops/s) | Temperatures: 59°C - 61°C - 72°C - 72°C - 64°C - 60°C - 71°C - 73°C | Throttling: None - None - None - None - None - None - None - None
3704 (4072591 Gflops/s) - 3636 (3997824 Gflops/s) - 3595 (3952744 Gflops/s) - 3614 (3973635 Gflops/s) - 3600 (3958241 Gflops/s) - 3623 (3983530 Gflops/s) - 3562 (3916460 Gflops/s) - 3551 (3904365 Gflops/s) | Temperatures: 60°C - 61°C - 72°C - 72°C - 64°C - 60°C - 71°C - 73°C | Throttling: None - None - None - None - None - None - None - None
3698 (4065993 Gflops/s) - 3634 (3995625 Gflops/s) - 3593 (3950545 Gflops/s) - 3614 (3973635 Gflops/s) - 3599 (3957142 Gflops/s) - 3627 (3987928 Gflops/s) - 3561 (3915360 Gflops/s) - 3554 (3907664 Gflops/s) | Temperatures: 59°C - 61°C - 72°C - 72°C - 64°C - 60°C - 71°C - 73°C | Throttling: None - None - None - None - None - None - None - None
3702 (4070392 Gflops/s) - 3638 (4000023 Gflops/s) - 3593 (3950545 Gflops/s) - 3614 (3973635 Gflops/s) - 3600 (3958241 Gflops/s) - 3626 (3986829 Gflops/s) - 3561 (3915360 Gflops/s) - 3555 (3908763 Gflops/s) | Temperatures: 60°C - 61°C - 72°C - 72°C - 64°C - 60°C - 71°C - 73°C | Throttling: None - None - None - None - None - None - None - None
3705 (4073690 Gflops/s) - 3635 (3996724 Gflops/s) - 3599 (3957142 Gflops/s) - 3623 (3983530 Gflops/s) - 3603 (3961540 Gflops/s) - 3626 (3986829 Gflops/s) - 3565 (3919758 Gflops/s) - 3557 (3910962 Gflops/s) | Temperatures: 59°C - 61°C - 72°C - 72°C - 64°C - 60°C - 71°C - 73°C | Throttling: None - None - None - None - None - None - None - None
3687 (4053899 Gflops/s) - 3639 (4001122 Gflops/s) - 3593 (3950545 Gflops/s) - 3618 (3978033 Gflops/s) - 3600 (3958241 Gflops/s) - 3623 (3983530 Gflops/s) - 3563 (3917559 Gflops/s) - 3553 (3906564 Gflops/s) | Temperatures: 59°C - 61°C - 72°C - 72°C - 64°C - 60°C - 71°C - 73°C | Throttling: None - None - None - None - None - None - None - None
3703 (4071491 Gflops/s) - 3626 (3986829 Gflops/s) - 3592 (3949445 Gflops/s) - 3610 (3969236 Gflops/s) - 3599 (3957142 Gflops/s) - 3622 (3982431 Gflops/s) - 3565 (3919758 Gflops/s) - 3551 (3904365 Gflops/s) | Temperatures: 59°C - 61°C - 72°C - 72°C - 64°C - 60°C - 71°C - 73°C | Throttling: None - None - None - None - None - None - None - None
3707 (4075889 Gflops/s) - 3637 (3998923 Gflops/s) - 3599 (3957142 Gflops/s) - 3617 (3976933 Gflops/s) - 3603 (3961540 Gflops/s) - 3625 (3985729 Gflops/s) - 3565 (3919758 Gflops/s) - 3556 (3909863 Gflops/s) | Temperatures: 60°C - 61°C - 72°C - 72°C - 64°C - 60°C - 71°C - 73°C | Throttling: None - None - None - None - None - None - None - None
3702 (4070392 Gflops/s) - 3620 (3980232 Gflops/s) - 3596 (3953843 Gflops/s) - 3617 (3976933 Gflops/s) - 3600 (3958241 Gflops/s) - 3629 (3990127 Gflops/s) - 3564 (3918659 Gflops/s) - 3554 (3907664 Gflops/s) | Temperatures: 60°C - 61°C - 72°C - 72°C - 64°C - 60°C - 71°C - 73°C | Throttling: None - None - None - None - None - None - None - None
3697 (4064894 Gflops/s) - 3631 (3992326 Gflops/s) - 3597 (3954943 Gflops/s) - 3616 (3975834 Gflops/s) - 3600 (3958241 Gflops/s) - 3629 (3990127 Gflops/s) - 3564 (3918659 Gflops/s) - 3554 (3907664 Gflops/s) | Temperatures: 59°C - 61°C - 72°C - 72°C - 64°C - 60°C - 71°C - 73°C | Throttling: None - None - None - None - None - None - None - None
3708 (4076989 Gflops/s) - 3633 (3994525 Gflops/s) - 3596 (3953843 Gflops/s) - 3619 (3979132 Gflops/s) - 3600 (3958241 Gflops/s) - 3624 (3984630 Gflops/s) - 3564 (3918659 Gflops/s) - 3553 (3906564 Gflops/s) | Temperatures: 59°C - 61°C - 72°C - 72°C - 64°C - 60°C - 71°C - 73°C | Throttling: None - None - None - None - None - None - None - None
3703 (4071491 Gflops/s) - 3644 (4006620 Gflops/s) - 3601 (3959341 Gflops/s) - 3616 (3975834 Gflops/s) - 3603 (3961540 Gflops/s) - 3630 (3991227 Gflops/s) - 3565 (3919758 Gflops/s) - 3558 (3912062 Gflops/s) | Temperatures: 59°C - 61°C - 72°C - 72°C - 64°C - 60°C - 71°C - 73°C | Throttling: None - None - None - None - None - None - None - None
3698 (4065993 Gflops/s) - 3619 (3979132 Gflops/s) - 3593 (3950545 Gflops/s) - 3614 (3973635 Gflops/s) - 3599 (3957142 Gflops/s) - 3622 (3982431 Gflops/s) - 3565 (3919758 Gflops/s) - 3554 (3907664 Gflops/s) | Temperatures: 59°C - 61°C - 72°C - 72°C - 64°C - 60°C - 71°C - 73°C | Throttling: None - None - None - None - None - None - None - None
3701 (4069292 Gflops/s) - 3634 (3995625 Gflops/s) - 3592 (3949445 Gflops/s) - 3611 (3970336 Gflops/s) - 3598 (3956042 Gflops/s) - 3626 (3986829 Gflops/s) - 3562 (3916460 Gflops/s) - 3552 (3905465 Gflops/s) | Temperatures: 59°C - 61°C - 72°C - 72°C - 64°C - 60°C - 71°C - 73°C | Throttling: None - None - None - None - None - None - None - None
3711 (4080287 Gflops/s) - 3635 (3996724 Gflops/s) - 3600 (3958241 Gflops/s) - 3622 (3982431 Gflops/s) - 3604 (3962639 Gflops/s) - 3630 (3991227 Gflops/s) - 3567 (3921957 Gflops/s) - 3558 (3912062 Gflops/s) | Temperatures: 59°C - 61°C - 72°C - 72°C - 64°C - 60°C - 71°C - 73°C | Throttling: None - None - None - None - None - None - None - None
3690 (4057197 Gflops/s) - 3630 (3991227 Gflops/s) - 3593 (3950545 Gflops/s) - 3615 (3974734 Gflops/s) - 3599 (3957142 Gflops/s) - 3625 (3985729 Gflops/s) - 3561 (3915360 Gflops/s) - 3554 (3907664 Gflops/s) | Temperatures: 59°C - 61°C - 72°C - 72°C - 64°C - 60°C - 71°C - 73°C | Throttling: None - None - None - None - None - None - None - None
3695 (4062695 Gflops/s) - 3630 (3991227 Gflops/s) - 3595 (3952744 Gflops/s) - 3617 (3976933 Gflops/s) - 3600 (3958241 Gflops/s) - 3625 (3985729 Gflops/s) - 3563 (3917559 Gflops/s) - 3555 (3908763 Gflops/s) | Temperatures: 59°C - 61°C - 72°C - 72°C - 64°C - 60°C - 71°C - 73°C | Throttling: None - None - None - None - None - None - None - None
3701 (4069292 Gflops/s) - 3633 (3994525 Gflops/s) - 3597 (3954943 Gflops/s) - 3621 (3981331 Gflops/s) - 3603 (3961540 Gflops/s) - 3628 (3989028 Gflops/s) - 3565 (3919758 Gflops/s) - 3558 (3912062 Gflops/s) | Temperatures: 59°C - 61°C - 72°C - 72°C - 64°C - 60°C - 71°C - 73°C | Throttling: None - None - None - None - None - None - None - None
3704 (4072591 Gflops/s) - 3625 (3985729 Gflops/s) - 3597 (3954943 Gflops/s) - 3621 (3981331 Gflops/s) - 3599 (3957142 Gflops/s) - 3621 (3981331 Gflops/s) - 3563 (3917559 Gflops/s) - 3553 (3906564 Gflops/s) | Temperatures: 60°C - 61°C - 72°C - 72°C - 64°C - 60°C - 71°C - 73°C | Throttling: None - None - None - None - None - None - None - None
3702 (4070392 Gflops/s) - 3637 (3998923 Gflops/s) - 3596 (3953843 Gflops/s) - 3617 (3976933 Gflops/s) - 3599 (3957142 Gflops/s) - 3630 (3991227 Gflops/s) - 3562 (3916460 Gflops/s) - 3552 (3905465 Gflops/s) | Temperatures: 59°C - 61°C - 72°C - 72°C - 64°C - 60°C - 71°C - 73°C | Throttling: None - None - None - None - None - None - None - None
3697 (4064894 Gflops/s) - 3633 (3994525 Gflops/s) - 3602 (3960440 Gflops/s) - 3616 (3975834 Gflops/s) - 3603 (3961540 Gflops/s) - 3628 (3989028 Gflops/s) - 3566 (3920858 Gflops/s) - 3560 (3914261 Gflops/s) | Temperatures: 59°C - 61°C - 72°C - 72°C - 64°C - 60°C - 71°C - 73°C | Throttling: None - None - None - None - None - None - None - None
3687 (4053899 Gflops/s) - 3640 (4002222 Gflops/s) - 3593 (3950545 Gflops/s) - 3614 (3973635 Gflops/s) - 3600 (3958241 Gflops/s) - 3626 (3986829 Gflops/s) - 3564 (3918659 Gflops/s) - 3552 (3905465 Gflops/s) | Temperatures: 59°C - 61°C - 72°C - 72°C - 64°C - 60°C - 71°C - 72°C | Throttling: None - None - None - None - None - None - None - None
3710 (4079188 Gflops/s) - 3644 (4006620 Gflops/s) - 3597 (3954943 Gflops/s) - 3621 (3981331 Gflops/s) - 3603 (3961540 Gflops/s) - 3623 (3983530 Gflops/s) - 3565 (3919758 Gflops/s) - 3557 (3910962 Gflops/s) | Temperatures: 59°C - 61°C - 72°C - 72°C - 64°C - 60°C - 71°C - 73°C | Throttling: None - None - None - None - None - None - None - None
3699 (4067093 Gflops/s) - 3632 (3993426 Gflops/s) - 3594 (3951644 Gflops/s) - 3613 (3972535 Gflops/s) - 3600 (3958241 Gflops/s) - 3624 (3984630 Gflops/s) - 3561 (3915360 Gflops/s) - 3553 (3906564 Gflops/s) | Temperatures: 59°C - 61°C - 72°C - 72°C - 64°C - 60°C - 71°C - 73°C | Throttling: None - None - None - None - None - None - None - None
3694 (4061595 Gflops/s) - 3626 (3986829 Gflops/s) - 3597 (3954943 Gflops/s) - 3616 (3975834 Gflops/s) - 3599 (3957142 Gflops/s) - 3624 (3984630 Gflops/s) - 3563 (3917559 Gflops/s) - 3555 (3908763 Gflops/s) | Temperatures: 59°C - 61°C - 72°C - 72°C - 64°C - 60°C - 71°C - 73°C | Throttling: None - None - None - None - None - None - None - None
3702 (4070392 Gflops/s) - 3642 (4004421 Gflops/s) - 3601 (3959341 Gflops/s) - 3624 (3984630 Gflops/s) - 3602 (3960440 Gflops/s) - 3627 (3987928 Gflops/s) - 3566 (3920858 Gflops/s) - 3555 (3908763 Gflops/s) | Temperatures: 59°C - 61°C - 72°C - 72°C - 64°C - 60°C - 71°C - 73°C | Throttling: None - None - None - None - None - None - None - None
3690 (4057197 Gflops/s) - 3636 (3997824 Gflops/s) - 3595 (3952744 Gflops/s) - 3616 (3975834 Gflops/s) - 3599 (3957142 Gflops/s) - 3624 (3984630 Gflops/s) - 3563 (3917559 Gflops/s) - 3553 (3906564 Gflops/s) | Temperatures: 59°C - 61°C - 72°C - 72°C - 64°C - 60°C - 71°C - 73°C | Throttling: None - None - None - None - None - None - None - None
3705 (4073690 Gflops/s) - 3642 (4004421 Gflops/s) - 3601 (3959341 Gflops/s) - 3618 (3978033 Gflops/s) - 3603 (3961540 Gflops/s) - 3627 (3987928 Gflops/s) - 3567 (3921957 Gflops/s) - 3556 (3909863 Gflops/s) | Temperatures: 59°C - 61°C - 72°C - 72°C - 64°C - 60°C - 71°C - 73°C | Throttling: None - None - None - None - None - None - None - None
3704 (4072591 Gflops/s) - 3627 (3987928 Gflops/s) - 3597 (3954943 Gflops/s) - 3621 (3981331 Gflops/s) - 3600 (3958241 Gflops/s) - 3623 (3983530 Gflops/s) - 3564 (3918659 Gflops/s) - 3555 (3908763 Gflops/s) | Temperatures: 59°C - 61°C - 72°C - 72°C - 64°C - 60°C - 71°C - 73°C | Throttling: None - None - None - None - None - None - None - None
3691 (4058297 Gflops/s) - 3628 (3989028 Gflops/s) - 3596 (3953843 Gflops/s) - 3622 (3982431 Gflops/s) - 3600 (3958241 Gflops/s) - 3624 (3984630 Gflops/s) - 3564 (3918659 Gflops/s) - 3553 (3906564 Gflops/s) | Temperatures: 59°C - 61°C - 72°C - 72°C - 64°C - 60°C - 71°C - 72°C | Throttling: None - None - None - None - None - None - None - None
3705 (4073690 Gflops/s) - 3648 (4011018 Gflops/s) - 3600 (3958241 Gflops/s) - 3619 (3979132 Gflops/s) - 3603 (3961540 Gflops/s) - 3629 (3990127 Gflops/s) - 3565 (3919758 Gflops/s) - 3557 (3910962 Gflops/s) | Temperatures: 59°C - 61°C - 72°C - 72°C - 64°C - 60°C - 71°C - 72°C | Throttling: None - None - None - None - None - None - None - None
3699 (4067093 Gflops/s) - 3622 (3982431 Gflops/s) - 3598 (3956042 Gflops/s) - 3615 (3974734 Gflops/s) - 3600 (3958241 Gflops/s) - 3622 (3982431 Gflops/s) - 3564 (3918659 Gflops/s) - 3554 (3907664 Gflops/s) | Temperatures: 60°C - 61°C - 72°C - 72°C - 64°C - 60°C - 71°C - 72°C | Throttling: None - None - None - None - None - None - None - None
3695 (4062695 Gflops/s) - 3629 (3990127 Gflops/s) - 3598 (3956042 Gflops/s) - 3618 (3978033 Gflops/s) - 3600 (3958241 Gflops/s) - 3627 (3987928 Gflops/s) - 3563 (3917559 Gflops/s) - 3556 (3909863 Gflops/s) | Temperatures: 59°C - 61°C - 72°C - 72°C - 64°C - 60°C - 71°C - 73°C | Throttling: None - None - None - None - None - None - None - None
3700 (4068193 Gflops/s) - 3642 (4004421 Gflops/s) - 3601 (3959341 Gflops/s) - 3619 (3979132 Gflops/s) - 3601 (3959341 Gflops/s) - 3625 (3985729 Gflops/s) - 3563 (3917559 Gflops/s) - 3554 (3907664 Gflops/s) | Temperatures: 59°C - 61°C - 72°C - 72°C - 64°C - 60°C - 71°C - 72°C | Throttling: None - None - None - None - None - None - None - None
3700 (4068193 Gflops/s) - 3629 (3990127 Gflops/s) - 3595 (3952744 Gflops/s) - 3618 (3978033 Gflops/s) - 3599 (3957142 Gflops/s) - 3632 (3993426 Gflops/s) - 3563 (3917559 Gflops/s) - 3556 (3909863 Gflops/s) | Temperatures: 59°C - 61°C - 72°C - 72°C - 64°C - 60°C - 71°C - 73°C | Throttling: None - None - None - None - None - None - None - None
3700 (4068193 Gflops/s) - 3645 (4007719 Gflops/s) - 3596 (3953843 Gflops/s) - 3618 (3978033 Gflops/s) - 3601 (3959341 Gflops/s) - 3628 (3989028 Gflops/s) - 3565 (3919758 Gflops/s) - 3555 (3908763 Gflops/s) | Temperatures: 59°C - 61°C - 72°C - 72°C - 64°C - 60°C - 71°C - 72°C | Throttling: None - None - None - None - None - None - None - None
3701 (4069292 Gflops/s) - 3633 (3994525 Gflops/s) - 3599 (3957142 Gflops/s) - 3623 (3983530 Gflops/s) - 3600 (3958241 Gflops/s) - 3626 (3986829 Gflops/s) - 3563 (3917559 Gflops/s) - 3555 (3908763 Gflops/s) | Temperatures: 59°C - 61°C - 72°C - 72°C - 64°C - 60°C - 71°C - 72°C | Throttling: None - None - None - None - None - None - None - None
3708 (4076989 Gflops/s) - 3641 (4003321 Gflops/s) - 3596 (3953843 Gflops/s) - 3616 (3975834 Gflops/s) - 3601 (3959341 Gflops/s) - 3622 (3982431 Gflops/s) - 3563 (3917559 Gflops/s) - 3556 (3909863 Gflops/s) | Temperatures: 59°C - 61°C - 72°C - 72°C - 64°C - 60°C - 71°C - 73°C | Throttling: None - None - None - None - None - None - None - None
3709 (4078088 Gflops/s) - 3632 (3993426 Gflops/s) - 3598 (3956042 Gflops/s) - 3621 (3981331 Gflops/s) - 3601 (3959341 Gflops/s) - 3626 (3986829 Gflops/s) - 3563 (3917559 Gflops/s) - 3555 (3908763 Gflops/s) | Temperatures: 59°C - 61°C - 72°C - 72°C - 64°C - 60°C - 71°C - 72°C | Throttling: None - None - None - None - None - None - None - None
3699 (4067093 Gflops/s) - 3640 (4002222 Gflops/s) - 3596 (3953843 Gflops/s) - 3616 (3975834 Gflops/s) - 3601 (3959341 Gflops/s) - 3631 (3992326 Gflops/s) - 3563 (3917559 Gflops/s) - 3555 (3908763 Gflops/s) | Temperatures: 59°C - 61°C - 72°C - 72°C - 64°C - 60°C - 71°C - 73°C | Throttling: None - None - None - None - None - None - None - None
3694 (4061595 Gflops/s) - 3627 (3987928 Gflops/s) - 3592 (3949445 Gflops/s) - 3616 (3975834 Gflops/s) - 3597 (3954943 Gflops/s) - 3627 (3987928 Gflops/s) - 3560 (3914261 Gflops/s) - 3551 (3904365 Gflops/s) | Temperatures: 59°C - 61°C - 72°C - 72°C - 64°C - 60°C - 71°C - 72°C | Throttling: None - None - None - None - None - None - None - None
3705 (4073690 Gflops/s) - 3644 (4006620 Gflops/s) - 3596 (3953843 Gflops/s) - 3616 (3975834 Gflops/s) - 3601 (3959341 Gflops/s) - 3623 (3983530 Gflops/s) - 3566 (3920858 Gflops/s) - 3554 (3907664 Gflops/s) | Temperatures: 59°C - 61°C - 72°C - 72°C - 64°C - 60°C - 71°C - 72°C | Throttling: None - None - None - None - None - None - None - None
3698 (4065993 Gflops/s) - 3641 (4003321 Gflops/s) - 3598 (3956042 Gflops/s) - 3618 (3978033 Gflops/s) - 3600 (3958241 Gflops/s) - 3626 (3986829 Gflops/s) - 3562 (3916460 Gflops/s) - 3554 (3907664 Gflops/s) | Temperatures: 59°C - 61°C - 72°C - 72°C - 64°C - 60°C - 71°C - 72°C | Throttling: None - None - None - None - None - None - None - None
3701 (4069292 Gflops/s) - 3644 (4006620 Gflops/s) - 3599 (3957142 Gflops/s) - 3620 (3980232 Gflops/s) - 3602 (3960440 Gflops/s) - 3625 (3985729 Gflops/s) - 3563 (3917559 Gflops/s) - 3554 (3907664 Gflops/s) | Temperatures: 59°C - 61°C - 72°C - 72°C - 64°C - 60°C - 71°C - 72°C | Throttling: None - None - None - None - None - None - None - None
3699 (4067093 Gflops/s) - 3630 (3991227 Gflops/s) - 3597 (3954943 Gflops/s) - 3616 (3975834 Gflops/s) - 3600 (3958241 Gflops/s) - 3625 (3985729 Gflops/s) - 3565 (3919758 Gflops/s) - 3554 (3907664 Gflops/s) | Temperatures: 59°C - 61°C - 72°C - 72°C - 64°C - 60°C - 71°C - 72°C | Throttling: None - None - None - None - None - None - None - None
3704 (4072591 Gflops/s) - 3635 (3996724 Gflops/s) - 3601 (3959341 Gflops/s) - 3620 (3980232 Gflops/s) - 3603 (3961540 Gflops/s) - 3628 (3989028 Gflops/s) - 3568 (3923057 Gflops/s) - 3558 (3912062 Gflops/s) | Temperatures: 59°C - 61°C - 72°C - 72°C - 64°C - 60°C - 71°C - 72°C | Throttling: None - None - None - None - None - None - None - None
3704 (4072591 Gflops/s) - 3643 (4005520 Gflops/s) - 3599 (3957142 Gflops/s) - 3619 (3979132 Gflops/s) - 3601 (3959341 Gflops/s) - 3631 (3992326 Gflops/s) - 3564 (3918659 Gflops/s) - 3556 (3909863 Gflops/s) | Temperatures: 59°C - 61°C - 72°C - 72°C - 64°C - 60°C - 71°C - 73°C | Throttling: None - None - None - None - None - None - None - None
3702 (4070392 Gflops/s) - 3635 (3996724 Gflops/s) - 3598 (3956042 Gflops/s) - 3618 (3978033 Gflops/s) - 3601 (3959341 Gflops/s) - 3630 (3991227 Gflops/s) - 3563 (3917559 Gflops/s) - 3558 (3912062 Gflops/s) | Temperatures: 59°C - 61°C - 72°C - 72°C - 64°C - 60°C - 71°C - 73°C | Throttling: None - None - None - None - None - None - None - None
3698 (4065993 Gflops/s) - 3633 (3994525 Gflops/s) - 3600 (3958241 Gflops/s) - 3615 (3974734 Gflops/s) - 3600 (3958241 Gflops/s) - 3627 (3987928 Gflops/s) - 3564 (3918659 Gflops/s) - 3556 (3909863 Gflops/s) | Temperatures: 59°C - 61°C - 72°C - 72°C - 64°C - 60°C - 71°C - 73°C | Throttling: None - None - None - None - None - None - None - None
3695 (4062695 Gflops/s) - 3642 (4004421 Gflops/s) - 3590 (3947246 Gflops/s) - 3617 (3976933 Gflops/s) - 3598 (3956042 Gflops/s) - 3623 (3983530 Gflops/s) - 3562 (3916460 Gflops/s) - 3551 (3904365 Gflops/s) | Temperatures: 59°C - 61°C - 72°C - 72°C - 64°C - 60°C - 71°C - 72°C | Throttling: None - None - None - None - None - None - None - None
3705 (4073690 Gflops/s) - 3632 (3993426 Gflops/s) - 3597 (3954943 Gflops/s) - 3618 (3978033 Gflops/s) - 3599 (3957142 Gflops/s) - 3624 (3984630 Gflops/s) - 3563 (3917559 Gflops/s) - 3556 (3909863 Gflops/s) | Temperatures: 60°C - 61°C - 72°C - 72°C - 64°C - 60°C - 71°C - 72°C | Throttling: None - None - None - None - None - None - None - None
3615 (3974734 Gflops/s) - 3548 (3901067 Gflops/s) - 3512 (3861484 Gflops/s) - 3533 (3884574 Gflops/s) - 3516 (3865882 Gflops/s) - 3541 (3893370 Gflops/s) - 3481 (3827399 Gflops/s) - 3473 (3818603 Gflops/s) | Temperatures: 59°C - 61°C - 72°C - 72°C - 64°C - 60°C - 71°C - 73°C | Throttling: None - None - None - None - None - None - None - None
3621 (3981331 Gflops/s) - 3550 (3903266 Gflops/s) - 3516 (3865882 Gflops/s) - 3533 (3884574 Gflops/s) - 3518 (3868081 Gflops/s) - 3542 (3894470 Gflops/s) - 3480 (3826300 Gflops/s) - 3473 (3818603 Gflops/s) | Temperatures: 59°C - 61°C - 72°C - 72°C - 64°C - 60°C - 71°C - 73°C | Throttling: None - None - None - None - None - None - None - None
3614 (3973635 Gflops/s) - 3555 (3908763 Gflops/s) - 3511 (3860385 Gflops/s) - 3530 (3881276 Gflops/s) - 3515 (3864783 Gflops/s) - 3538 (3890072 Gflops/s) - 3481 (3827399 Gflops/s) - 3471 (3816404 Gflops/s) | Temperatures: 59°C - 61°C - 72°C - 72°C - 64°C - 60°C - 71°C - 73°C | Throttling: None - None - None - None - None - None - None - None
3616 (3975834 Gflops/s) - 3554 (3907664 Gflops/s) - 3512 (3861484 Gflops/s) - 3532 (3883475 Gflops/s) - 3515 (3864783 Gflops/s) - 3541 (3893370 Gflops/s) - 3480 (3826300 Gflops/s) - 3471 (3816404 Gflops/s) | Temperatures: 60°C - 61°C - 72°C - 72°C - 64°C - 60°C - 71°C - 73°C | Throttling: None - None - None - None - None - None - None - None
3608 (3967037 Gflops/s) - 3545 (3897768 Gflops/s) - 3514 (3863683 Gflops/s) - 3533 (3884574 Gflops/s) - 3516 (3865882 Gflops/s) - 3544 (3896669 Gflops/s) - 3480 (3826300 Gflops/s) - 3471 (3816404 Gflops/s) | Temperatures: 59°C - 61°C - 72°C - 72°C - 64°C - 60°C - 71°C - 72°C | Throttling: None - None - None - None - None - None - None - None
3608 (3967037 Gflops/s) - 3546 (3898868 Gflops/s) - 3513 (3862584 Gflops/s) - 3535 (3886773 Gflops/s) - 3516 (3865882 Gflops/s) - 3540 (3892271 Gflops/s) - 3480 (3826300 Gflops/s) - 3472 (3817504 Gflops/s) | Temperatures: 59°C - 61°C - 72°C - 72°C - 64°C - 60°C - 71°C - 72°C | Throttling: None - None - None - None - None - None - None - None
3614 (3973635 Gflops/s) - 3551 (3904365 Gflops/s) - 3518 (3868081 Gflops/s) - 3540 (3892271 Gflops/s) - 3524 (3874678 Gflops/s) - 3549 (3902166 Gflops/s) - 3486 (3832897 Gflops/s) - 3480 (3826300 Gflops/s) | Temperatures: 59°C - 61°C - 72°C - 72°C - 64°C - 60°C - 71°C - 72°C | Throttling: None - None - None - None - None - None - None - None
3606 (3964838 Gflops/s) - 3551 (3904365 Gflops/s) - 3505 (3853788 Gflops/s) - 3522 (3872479 Gflops/s) - 3507 (3855987 Gflops/s) - 3529 (3880176 Gflops/s) - 3471 (3816404 Gflops/s) - 3461 (3805409 Gflops/s) | Temperatures: 59°C - 61°C - 72°C - 72°C - 64°C - 60°C - 71°C - 72°C | Throttling: None - None - None - None - None - None - None - None
3612 (3971435 Gflops/s) - 3555 (3908763 Gflops/s) - 3513 (3862584 Gflops/s) - 3537 (3888972 Gflops/s) - 3514 (3863683 Gflops/s) - 3541 (3893370 Gflops/s) - 3479 (3825200 Gflops/s) - 3471 (3816404 Gflops/s) | Temperatures: 59°C - 61°C - 72°C - 72°C - 64°C - 60°C - 71°C - 73°C | Throttling: None - None - None - None - None - None - None - None
3667 (4031909 Gflops/s) - 3598 (3956042 Gflops/s) - 3563 (3917559 Gflops/s) - 3585 (3941749 Gflops/s) - 3567 (3921957 Gflops/s) - 3594 (3951644 Gflops/s) - 3530 (3881276 Gflops/s) - 3521 (3871380 Gflops/s) | Temperatures: 59°C - 61°C - 72°C - 72°C - 64°C - 60°C - 71°C - 72°C | Throttling: None - None - None - None - None - None - None - None
3702 (4070392 Gflops/s) - 3637 (3998923 Gflops/s) - 3594 (3951644 Gflops/s) - 3616 (3975834 Gflops/s) - 3598 (3956042 Gflops/s) - 3626 (3986829 Gflops/s) - 3561 (3915360 Gflops/s) - 3553 (3906564 Gflops/s) | Temperatures: 60°C - 61°C - 72°C - 72°C - 64°C - 60°C - 71°C - 72°C | Throttling: None - None - None - None - None - None - None - None
3698 (4065993 Gflops/s) - 3622 (3982431 Gflops/s) - 3595 (3952744 Gflops/s) - 3616 (3975834 Gflops/s) - 3600 (3958241 Gflops/s) - 3625 (3985729 Gflops/s) - 3560 (3914261 Gflops/s) - 3554 (3907664 Gflops/s) | Temperatures: 59°C - 61°C - 72°C - 72°C - 64°C - 60°C - 71°C - 72°C | Throttling: None - None - None - None - None - None - None - None
3698 (4065993 Gflops/s) - 3638 (4000023 Gflops/s) - 3596 (3953843 Gflops/s) - 3615 (3974734 Gflops/s) - 3597 (3954943 Gflops/s) - 3624 (3984630 Gflops/s) - 3560 (3914261 Gflops/s) - 3553 (3906564 Gflops/s) | Temperatures: 59°C - 61°C - 72°C - 72°C - 64°C - 60°C - 71°C - 73°C | Throttling: None - None - None - None - None - None - None - None
3702 (4070392 Gflops/s) - 3623 (3983530 Gflops/s) - 3593 (3950545 Gflops/s) - 3614 (3973635 Gflops/s) - 3598 (3956042 Gflops/s) - 3623 (3983530 Gflops/s) - 3562 (3916460 Gflops/s) - 3552 (3905465 Gflops/s) | Temperatures: 59°C - 61°C - 72°C - 72°C - 64°C - 60°C - 71°C - 73°C | Throttling: None - None - None - None - None - None - None - None
3686 (4052799 Gflops/s) - 3620 (3980232 Gflops/s) - 3594 (3951644 Gflops/s) - 3613 (3972535 Gflops/s) - 3596 (3953843 Gflops/s) - 3622 (3982431 Gflops/s) - 3560 (3914261 Gflops/s) - 3552 (3905465 Gflops/s) | Temperatures: 59°C - 61°C - 72°C - 72°C - 64°C - 60°C - 71°C - 73°C | Throttling: None - None - None - None - None - None - None - None
3700 (4068193 Gflops/s) - 3630 (3991227 Gflops/s) - 3592 (3949445 Gflops/s) - 3613 (3972535 Gflops/s) - 3598 (3956042 Gflops/s) - 3623 (3983530 Gflops/s) - 3560 (3914261 Gflops/s) - 3553 (3906564 Gflops/s) | Temperatures: 59°C - 61°C - 72°C - 72°C - 64°C - 60°C - 71°C - 73°C | Throttling: None - None - None - None - None - None - None - None
3703 (4071491 Gflops/s) - 3628 (3989028 Gflops/s) - 3595 (3952744 Gflops/s) - 3614 (3973635 Gflops/s) - 3597 (3954943 Gflops/s) - 3620 (3980232 Gflops/s) - 3560 (3914261 Gflops/s) - 3551 (3904365 Gflops/s) | Temperatures: 60°C - 61°C - 72°C - 72°C - 64°C - 60°C - 71°C - 72°C | Throttling: None - None - None - None - None - None - None - None
3696 (4063794 Gflops/s) - 3639 (4001122 Gflops/s) - 3595 (3952744 Gflops/s) - 3614 (3973635 Gflops/s) - 3598 (3956042 Gflops/s) - 3624 (3984630 Gflops/s) - 3562 (3916460 Gflops/s) - 3552 (3905465 Gflops/s) | Temperatures: 59°C - 61°C - 72°C - 72°C - 64°C - 60°C - 71°C - 72°C | Throttling: None - None - None - None - None - None - None - None
3699 (4067093 Gflops/s) - 3628 (3989028 Gflops/s) - 3594 (3951644 Gflops/s) - 3617 (3976933 Gflops/s) - 3598 (3956042 Gflops/s) - 3624 (3984630 Gflops/s) - 3560 (3914261 Gflops/s) - 3552 (3905465 Gflops/s) | Temperatures: 59°C - 61°C - 72°C - 72°C - 64°C - 60°C - 71°C - 73°C | Throttling: None - None - None - None - None - None - None - None
3693 (4060496 Gflops/s) - 3630 (3991227 Gflops/s) - 3594 (3951644 Gflops/s) - 3613 (3972535 Gflops/s) - 3597 (3954943 Gflops/s) - 3620 (3980232 Gflops/s) - 3559 (3913161 Gflops/s) - 3552 (3905465 Gflops/s) | Temperatures: 59°C - 61°C - 72°C - 72°C - 64°C - 60°C - 71°C - 72°C | Throttling: None - None - None - None - None - None - None - None
3697 (4064894 Gflops/s) - 3628 (3989028 Gflops/s) - 3595 (3952744 Gflops/s) - 3622 (3982431 Gflops/s) - 3597 (3954943 Gflops/s) - 3627 (3987928 Gflops/s) - 3560 (3914261 Gflops/s) - 3553 (3906564 Gflops/s) | Temperatures: 59°C - 61°C - 72°C - 72°C - 64°C - 60°C - 71°C - 72°C | Throttling: None - None - None - None - None - None - None - None
3698 (4065993 Gflops/s) - 3634 (3995625 Gflops/s) - 3594 (3951644 Gflops/s) - 3615 (3974734 Gflops/s) - 3598 (3956042 Gflops/s) - 3627 (3987928 Gflops/s) - 3560 (3914261 Gflops/s) - 3551 (3904365 Gflops/s) | Temperatures: 59°C - 61°C - 72°C - 72°C - 64°C - 60°C - 71°C - 73°C | Throttling: None - None - None - None - None - None - None - None
3668 (4033008 Gflops/s) - 3594 (3951644 Gflops/s) - 3559 (3913161 Gflops/s) - 3581 (3937351 Gflops/s) - 3566 (3920858 Gflops/s) - 3595 (3952744 Gflops/s) - 3529 (3880176 Gflops/s) - 3520 (3870280 Gflops/s) | Temperatures: 59°C - 61°C - 72°C - 72°C - 64°C - 60°C - 71°C - 72°C | Throttling: None - None - None - None - None - None - None - None
3659 (4023113 Gflops/s) - 3585 (3941749 Gflops/s) - 3558 (3912062 Gflops/s) - 3572 (3927455 Gflops/s) - 3559 (3913161 Gflops/s) - 3584 (3940649 Gflops/s) - 3523 (3873579 Gflops/s) - 3515 (3864783 Gflops/s) | Temperatures: 60°C - 61°C - 72°C - 72°C - 64°C - 60°C - 71°C - 73°C | Throttling: None - None - None - None - None - None - None - None
3654 (4017615 Gflops/s) - 3583 (3939550 Gflops/s) - 3557 (3910962 Gflops/s) - 3581 (3937351 Gflops/s) - 3559 (3913161 Gflops/s) - 3585 (3941749 Gflops/s) - 3523 (3873579 Gflops/s) - 3515 (3864783 Gflops/s) | Temperatures: 59°C - 61°C - 72°C - 72°C - 64°C - 60°C - 71°C - 73°C | Throttling: None - None - None - None - None - None - None - None
3660 (4024212 Gflops/s) - 3595 (3952744 Gflops/s) - 3557 (3910962 Gflops/s) - 3576 (3931853 Gflops/s) - 3561 (3915360 Gflops/s) - 3586 (3942848 Gflops/s) - 3523 (3873579 Gflops/s) - 3514 (3863683 Gflops/s) | Temperatures: 59°C - 61°C - 72°C - 72°C - 64°C - 60°C - 71°C - 73°C | Throttling: None - None - None - None - None - None - None - None
3652 (4015416 Gflops/s) - 3590 (3947246 Gflops/s) - 3551 (3904365 Gflops/s) - 3575 (3930754 Gflops/s) - 3558 (3912062 Gflops/s) - 3583 (3939550 Gflops/s) - 3523 (3873579 Gflops/s) - 3514 (3863683 Gflops/s) | Temperatures: 59°C - 61°C - 72°C - 72°C - 64°C - 60°C - 71°C - 72°C | Throttling: None - None - None - None - None - None - None - None
3662 (4026411 Gflops/s) - 3589 (3946147 Gflops/s) - 3553 (3906564 Gflops/s) - 3575 (3930754 Gflops/s) - 3560 (3914261 Gflops/s) - 3585 (3941749 Gflops/s) - 3522 (3872479 Gflops/s) - 3516 (3865882 Gflops/s) | Temperatures: 60°C - 61°C - 72°C - 72°C - 64°C - 60°C - 71°C - 73°C | Throttling: None - None - None - None - None - None - None - None
3658 (4022013 Gflops/s) - 3596 (3953843 Gflops/s) - 3560 (3914261 Gflops/s) - 3577 (3932953 Gflops/s) - 3561 (3915360 Gflops/s) - 3585 (3941749 Gflops/s) - 3526 (3876877 Gflops/s) - 3516 (3865882 Gflops/s) | Temperatures: 59°C - 61°C - 72°C - 72°C - 64°C - 60°C - 71°C - 73°C | Throttling: None - None - None - None - None - None - None - None
3662 (4026411 Gflops/s) - 3594 (3951644 Gflops/s) - 3560 (3914261 Gflops/s) - 3581 (3937351 Gflops/s) - 3561 (3915360 Gflops/s) - 3584 (3940649 Gflops/s) - 3523 (3873579 Gflops/s) - 3517 (3866982 Gflops/s) | Temperatures: 59°C - 61°C - 72°C - 72°C - 64°C - 60°C - 71°C - 73°C | Throttling: None - None - None - None - None - None - None - None
3660 (4024212 Gflops/s) - 3591 (3948346 Gflops/s) - 3557 (3910962 Gflops/s) - 3572 (3927455 Gflops/s) - 3557 (3910962 Gflops/s) - 3582 (3938450 Gflops/s) - 3521 (3871380 Gflops/s) - 3513 (3862584 Gflops/s) | Temperatures: 60°C - 61°C - 72°C - 72°C - 64°C - 60°C - 71°C - 73°C | Throttling: None - None - None - None - None - None - None - None
3665 (4029710 Gflops/s) - 3594 (3951644 Gflops/s) - 3560 (3914261 Gflops/s) - 3576 (3931853 Gflops/s) - 3564 (3918659 Gflops/s) - 3588 (3945047 Gflops/s) - 3527 (3877977 Gflops/s) - 3520 (3870280 Gflops/s) | Temperatures: 60°C - 61°C - 72°C - 72°C - 64°C - 60°C - 71°C - 73°C | Throttling: None - None - None - None - None - None - None - None
3658 (4022013 Gflops/s) - 3595 (3952744 Gflops/s) - 3552 (3905465 Gflops/s) - 3576 (3931853 Gflops/s) - 3555 (3908763 Gflops/s) - 3580 (3936251 Gflops/s) - 3520 (3870280 Gflops/s) - 3512 (3861484 Gflops/s) | Temperatures: 59°C - 61°C - 72°C - 72°C - 64°C - 60°C - 71°C - 73°C | Throttling: None - None - None - None - None - None - None - None
3668 (4033008 Gflops/s) - 3594 (3951644 Gflops/s) - 3561 (3915360 Gflops/s) - 3578 (3934052 Gflops/s) - 3562 (3916460 Gflops/s) - 3588 (3945047 Gflops/s) - 3524 (3874678 Gflops/s) - 3516 (3865882 Gflops/s) | Temperatures: 60°C - 61°C - 72°C - 72°C - 64°C - 60°C - 71°C - 73°C | Throttling: None - None - None - None - None - None - None - None
3661 (4025312 Gflops/s) - 3599 (3957142 Gflops/s) - 3556 (3909863 Gflops/s) - 3577 (3932953 Gflops/s) - 3560 (3914261 Gflops/s) - 3592 (3949445 Gflops/s) - 3522 (3872479 Gflops/s) - 3514 (3863683 Gflops/s) | Temperatures: 59°C - 61°C - 72°C - 72°C - 64°C - 60°C - 71°C - 73°C | Throttling: None - None - None - None - None - None - None - None
3660 (4024212 Gflops/s) - 3589 (3946147 Gflops/s) - 3557 (3910962 Gflops/s) - 3580 (3936251 Gflops/s) - 3559 (3913161 Gflops/s) - 3584 (3940649 Gflops/s) - 3524 (3874678 Gflops/s) - 3514 (3863683 Gflops/s) | Temperatures: 59°C - 61°C - 72°C - 72°C - 64°C - 60°C - 71°C - 73°C | Throttling: None - None - None - None - None - None - None - None
3652 (4015416 Gflops/s) - 3601 (3959341 Gflops/s) - 3555 (3908763 Gflops/s) - 3577 (3932953 Gflops/s) - 3560 (3914261 Gflops/s) - 3588 (3945047 Gflops/s) - 3525 (3875778 Gflops/s) - 3513 (3862584 Gflops/s) | Temperatures: 59°C - 61°C - 72°C - 72°C - 64°C - 60°C - 71°C - 73°C | Throttling: None - None - None - None - None - None - None - None
3662 (4026411 Gflops/s) - 3579 (3935152 Gflops/s) - 3558 (3912062 Gflops/s) - 3578 (3934052 Gflops/s) - 3561 (3915360 Gflops/s) - 3587 (3943948 Gflops/s) - 3523 (3873579 Gflops/s) - 3517 (3866982 Gflops/s) | Temperatures: 60°C - 61°C - 72°C - 72°C - 64°C - 60°C - 71°C - 72°C | Throttling: None - None - None - None - None - None - None - None
3663 (4027511 Gflops/s) - 3598 (3956042 Gflops/s) - 3557 (3910962 Gflops/s) - 3582 (3938450 Gflops/s) - 3560 (3914261 Gflops/s) - 3585 (3941749 Gflops/s) - 3524 (3874678 Gflops/s) - 3514 (3863683 Gflops/s) | Temperatures: 60°C - 61°C - 72°C - 72°C - 64°C - 60°C - 71°C - 73°C | Throttling: None - None - None - None - None - None - None - None
3655 (4018714 Gflops/s) - 3591 (3948346 Gflops/s) - 3559 (3913161 Gflops/s) - 3577 (3932953 Gflops/s) - 3560 (3914261 Gflops/s) - 3586 (3942848 Gflops/s) - 3523 (3873579 Gflops/s) - 3515 (3864783 Gflops/s) | Temperatures: 59°C - 61°C - 72°C - 72°C - 64°C - 60°C - 71°C - 73°C | Throttling: None - None - None - None - None - None - None - None
3655 (4018714 Gflops/s) - 3595 (3952744 Gflops/s) - 3555 (3908763 Gflops/s) - 3576 (3931853 Gflops/s) - 3559 (3913161 Gflops/s) - 3585 (3941749 Gflops/s) - 3522 (3872479 Gflops/s) - 3516 (3865882 Gflops/s) | Temperatures: 59°C - 61°C - 72°C - 72°C - 64°C - 60°C - 71°C - 73°C | Throttling: None - None - None - None - None - None - None - None
3654 (4017615 Gflops/s) - 3586 (3942848 Gflops/s) - 3557 (3910962 Gflops/s) - 3577 (3932953 Gflops/s) - 3558 (3912062 Gflops/s) - 3589 (3946147 Gflops/s) - 3523 (3873579 Gflops/s) - 3511 (3860385 Gflops/s) | Temperatures: 59°C - 61°C - 72°C - 72°C - 64°C - 60°C - 71°C - 73°C | Throttling: None - None - None - None - None - None - None - None
3659 (4023113 Gflops/s) - 3600 (3958241 Gflops/s) - 3556 (3909863 Gflops/s) - 3577 (3932953 Gflops/s) - 3559 (3913161 Gflops/s) - 3584 (3940649 Gflops/s) - 3523 (3873579 Gflops/s) - 3517 (3866982 Gflops/s) | Temperatures: 59°C - 61°C - 72°C - 72°C - 64°C - 60°C - 71°C - 73°C | Throttling: None - None - None - None - None - None - None - None
3658 (4022013 Gflops/s) - 3595 (3952744 Gflops/s) - 3559 (3913161 Gflops/s) - 3574 (3929654 Gflops/s) - 3560 (3914261 Gflops/s) - 3583 (3939550 Gflops/s) - 3524 (3874678 Gflops/s) - 3515 (3864783 Gflops/s) | Temperatures: 59°C - 61°C - 72°C - 72°C - 64°C - 60°C - 71°C - 73°C | Throttling: None - None - None - None - None - None - None - None
3652 (4015416 Gflops/s) - 3599 (3957142 Gflops/s) - 3562 (3916460 Gflops/s) - 3584 (3940649 Gflops/s) - 3564 (3918659 Gflops/s) - 3588 (3945047 Gflops/s) - 3529 (3880176 Gflops/s) - 3519 (3869181 Gflops/s) | Temperatures: 59°C - 61°C - 72°C - 72°C - 64°C - 60°C - 71°C - 73°C | Throttling: None - None - None - None - None - None - None - None
3648 (4011018 Gflops/s) - 3582 (3938450 Gflops/s) - 3556 (3909863 Gflops/s) - 3575 (3930754 Gflops/s) - 3556 (3909863 Gflops/s) - 3579 (3935152 Gflops/s) - 3520 (3870280 Gflops/s) - 3510 (3859285 Gflops/s) | Temperatures: 59°C - 61°C - 72°C - 72°C - 64°C - 60°C - 71°C - 73°C | Throttling: None - None - None - None - None - None - None - None
3664 (4028610 Gflops/s) - 3590 (3947246 Gflops/s) - 3558 (3912062 Gflops/s) - 3578 (3934052 Gflops/s) - 3561 (3915360 Gflops/s) - 3583 (3939550 Gflops/s) - 3523 (3873579 Gflops/s) - 3514 (3863683 Gflops/s) | Temperatures: 59°C - 61°C - 72°C - 72°C - 64°C - 60°C - 71°C - 72°C | Throttling: None - None - None - None - None - None - None - None
3663 (4027511 Gflops/s) - 3600 (3958241 Gflops/s) - 3557 (3910962 Gflops/s) - 3582 (3938450 Gflops/s) - 3561 (3915360 Gflops/s) - 3583 (3939550 Gflops/s) - 3525 (3875778 Gflops/s) - 3517 (3866982 Gflops/s) | Temperatures: 59°C - 61°C - 72°C - 72°C - 64°C - 60°C - 71°C - 73°C | Throttling: None - None - None - None - None - None - None - None
3652 (4015416 Gflops/s) - 3599 (3957142 Gflops/s) - 3555 (3908763 Gflops/s) - 3578 (3934052 Gflops/s) - 3557 (3910962 Gflops/s) - 3581 (3937351 Gflops/s) - 3521 (3871380 Gflops/s) - 3512 (3861484 Gflops/s) | Temperatures: 59°C - 61°C - 72°C - 72°C - 64°C - 60°C - 71°C - 72°C | Throttling: None - None - None - None - None - None - None - None
3658 (4022013 Gflops/s) - 3588 (3945047 Gflops/s) - 3559 (3913161 Gflops/s) - 3571 (3926356 Gflops/s) - 3560 (3914261 Gflops/s) - 3585 (3941749 Gflops/s) - 3523 (3873579 Gflops/s) - 3515 (3864783 Gflops/s) | Temperatures: 59°C - 61°C - 72°C - 72°C - 64°C - 60°C - 71°C - 73°C | Throttling: None - None - None - None - None - None - None - None
3656 (4019814 Gflops/s) - 3604 (3962639 Gflops/s) - 3556 (3909863 Gflops/s) - 3572 (3927455 Gflops/s) - 3558 (3912062 Gflops/s) - 3583 (3939550 Gflops/s) - 3521 (3871380 Gflops/s) - 3516 (3865882 Gflops/s) | Temperatures: 59°C - 61°C - 72°C - 72°C - 64°C - 60°C - 71°C - 73°C | Throttling: None - None - None - None - None - None - None - None
3656 (4019814 Gflops/s) - 3595 (3952744 Gflops/s) - 3559 (3913161 Gflops/s) - 3578 (3934052 Gflops/s) - 3561 (3915360 Gflops/s) - 3585 (3941749 Gflops/s) - 3522 (3872479 Gflops/s) - 3516 (3865882 Gflops/s) | Temperatures: 59°C - 61°C - 72°C - 72°C - 64°C - 60°C - 71°C - 73°C | Throttling: None - None - None - None - None - None - None - None
3651 (4014316 Gflops/s) - 3587 (3943948 Gflops/s) - 3555 (3908763 Gflops/s) - 3579 (3935152 Gflops/s) - 3559 (3913161 Gflops/s) - 3588 (3945047 Gflops/s) - 3524 (3874678 Gflops/s) - 3513 (3862584 Gflops/s) | Temperatures: 59°C - 61°C - 72°C - 72°C - 64°C - 60°C - 71°C - 73°C | Throttling: None - None - None - None - None - None - None - None
3666 (4030809 Gflops/s) - 3591 (3948346 Gflops/s) - 3556 (3909863 Gflops/s) - 3573 (3928555 Gflops/s) - 3557 (3910962 Gflops/s) - 3582 (3938450 Gflops/s) - 3521 (3871380 Gflops/s) - 3513 (3862584 Gflops/s) | Temperatures: 60°C - 61°C - 72°C - 72°C - 64°C - 60°C - 71°C - 72°C | Throttling: None - None - None - None - None - None - None - None
3657 (4020914 Gflops/s) - 3594 (3951644 Gflops/s) - 3553 (3906564 Gflops/s) - 3575 (3930754 Gflops/s) - 3558 (3912062 Gflops/s) - 3585 (3941749 Gflops/s) - 3524 (3874678 Gflops/s) - 3515 (3864783 Gflops/s) | Temperatures: 59°C - 61°C - 72°C - 72°C - 64°C - 60°C - 71°C - 73°C | Throttling: None - None - None - None - None - None - None - None
3666 (4030809 Gflops/s) - 3602 (3960440 Gflops/s) - 3557 (3910962 Gflops/s) - 3576 (3931853 Gflops/s) - 3561 (3915360 Gflops/s) - 3587 (3943948 Gflops/s) - 3525 (3875778 Gflops/s) - 3517 (3866982 Gflops/s) | Temperatures: 60°C - 61°C - 72°C - 72°C - 64°C - 60°C - 71°C - 73°C | Throttling: None - None - None - None - None - None - None - None
3664 (4028610 Gflops/s) - 3602 (3960440 Gflops/s) - 3560 (3914261 Gflops/s) - 3579 (3935152 Gflops/s) - 3561 (3915360 Gflops/s) - 3589 (3946147 Gflops/s) - 3524 (3874678 Gflops/s) - 3516 (3865882 Gflops/s) | Temperatures: 60°C - 61°C - 72°C - 72°C - 64°C - 60°C - 71°C - 73°C | Throttling: None - None - None - None - None - None - None - None
3657 (4020914 Gflops/s) - 3605 (3963739 Gflops/s) - 3558 (3912062 Gflops/s) - 3576 (3931853 Gflops/s) - 3559 (3913161 Gflops/s) - 3583 (3939550 Gflops/s) - 3524 (3874678 Gflops/s) - 3516 (3865882 Gflops/s) | Temperatures: 59°C - 61°C - 72°C - 72°C - 64°C - 60°C - 71°C - 73°C | Throttling: None - None - None - None - None - None - None - None
3645 (4007719 Gflops/s) - 3584 (3940649 Gflops/s) - 3559 (3913161 Gflops/s) - 3576 (3931853 Gflops/s) - 3558 (3912062 Gflops/s) - 3582 (3938450 Gflops/s) - 3522 (3872479 Gflops/s) - 3514 (3863683 Gflops/s) | Temperatures: 59°C - 61°C - 72°C - 72°C - 64°C - 60°C - 71°C - 73°C | Throttling: None - None - None - None - None - None - None - None
3657 (4020914 Gflops/s) - 3601 (3959341 Gflops/s) - 3559 (3913161 Gflops/s) - 3575 (3930754 Gflops/s) - 3560 (3914261 Gflops/s) - 3587 (3943948 Gflops/s) - 3523 (3873579 Gflops/s) - 3516 (3865882 Gflops/s) | Temperatures: 59°C - 61°C - 72°C - 72°C - 64°C - 60°C - 71°C - 73°C | Throttling: None - None - None - None - None - None - None - None
3657 (4020914 Gflops/s) - 3602 (3960440 Gflops/s) - 3558 (3912062 Gflops/s) - 3575 (3930754 Gflops/s) - 3559 (3913161 Gflops/s) - 3582 (3938450 Gflops/s) - 3522 (3872479 Gflops/s) - 3514 (3863683 Gflops/s) | Temperatures: 59°C - 61°C - 72°C - 72°C - 64°C - 60°C - 71°C - 73°C | Throttling: None - None - None - None - None - None - None - None
3661 (4025312 Gflops/s) - 3606 (3964838 Gflops/s) - 3557 (3910962 Gflops/s) - 3583 (3939550 Gflops/s) - 3560 (3914261 Gflops/s) - 3586 (3942848 Gflops/s) - 3525 (3875778 Gflops/s) - 3514 (3863683 Gflops/s) | Temperatures: 59°C - 61°C - 72°C - 72°C - 64°C - 60°C - 71°C - 73°C | Throttling: None - None - None - None - None - None - None - None
3659 (4023113 Gflops/s) - 3587 (3943948 Gflops/s) - 3556 (3909863 Gflops/s) - 3573 (3928555 Gflops/s) - 3559 (3913161 Gflops/s) - 3583 (3939550 Gflops/s) - 3522 (3872479 Gflops/s) - 3514 (3863683 Gflops/s) | Temperatures: 59°C - 61°C - 72°C - 72°C - 64°C - 60°C - 71°C - 73°C | Throttling: None - None - None - None - None - None - None - None
3656 (4019814 Gflops/s) - 3586 (3942848 Gflops/s) - 3554 (3907664 Gflops/s) - 3572 (3927455 Gflops/s) - 3558 (3912062 Gflops/s) - 3585 (3941749 Gflops/s) - 3523 (3873579 Gflops/s) - 3515 (3864783 Gflops/s) | Temperatures: 59°C - 61°C - 72°C - 72°C - 64°C - 60°C - 71°C - 73°C | Throttling: None - None - None - None - None - None - None - None
3659 (4023113 Gflops/s) - 3600 (3958241 Gflops/s) - 3557 (3910962 Gflops/s) - 3578 (3934052 Gflops/s) - 3559 (3913161 Gflops/s) - 3587 (3943948 Gflops/s) - 3523 (3873579 Gflops/s) - 3512 (3861484 Gflops/s) | Temperatures: 59°C - 61°C - 72°C - 72°C - 64°C - 60°C - 71°C - 73°C | Throttling: None - None - None - None - None - None - None - None
3659 (4023113 Gflops/s) - 3588 (3945047 Gflops/s) - 3558 (3912062 Gflops/s) - 3578 (3934052 Gflops/s) - 3561 (3915360 Gflops/s) - 3585 (3941749 Gflops/s) - 3527 (3877977 Gflops/s) - 3517 (3866982 Gflops/s) | Temperatures: 59°C - 61°C - 72°C - 72°C - 64°C - 60°C - 71°C - 73°C | Throttling: None - None - None - None - None - None - None - None
3651 (4014316 Gflops/s) - 3594 (3951644 Gflops/s) - 3556 (3909863 Gflops/s) - 3579 (3935152 Gflops/s) - 3559 (3913161 Gflops/s) - 3586 (3942848 Gflops/s) - 3521 (3871380 Gflops/s) - 3515 (3864783 Gflops/s) | Temperatures: 60°C - 61°C - 72°C - 72°C - 64°C - 60°C - 71°C - 73°C | Throttling: None - None - None - None - None - None - None - None
3653 (4016515 Gflops/s) - 3594 (3951644 Gflops/s) - 3552 (3905465 Gflops/s) - 3570 (3925256 Gflops/s) - 3556 (3909863 Gflops/s) - 3581 (3937351 Gflops/s) - 3519 (3869181 Gflops/s) - 3509 (3858186 Gflops/s) | Temperatures: 59°C - 61°C - 72°C - 72°C - 64°C - 60°C - 71°C - 73°C | Throttling: None - None - None - None - None - None - None - None
3656 (4019814 Gflops/s) - 3601 (3959341 Gflops/s) - 3555 (3908763 Gflops/s) - 3574 (3929654 Gflops/s) - 3558 (3912062 Gflops/s) - 3584 (3940649 Gflops/s) - 3522 (3872479 Gflops/s) - 3512 (3861484 Gflops/s) | Temperatures: 59°C - 61°C - 72°C - 72°C - 64°C - 60°C - 71°C - 73°C | Throttling: None - None - None - None - None - None - None - None
3655 (4018714 Gflops/s) - 3601 (3959341 Gflops/s) - 3558 (3912062 Gflops/s) - 3577 (3932953 Gflops/s) - 3558 (3912062 Gflops/s) - 3584 (3940649 Gflops/s) - 3522 (3872479 Gflops/s) - 3515 (3864783 Gflops/s) | Temperatures: 59°C - 61°C - 72°C - 72°C - 64°C - 60°C - 71°C - 73°C | Throttling: None - None - None - None - None - None - None - None
3652 (4015416 Gflops/s) - 3583 (3939550 Gflops/s) - 3554 (3907664 Gflops/s) - 3572 (3927455 Gflops/s) - 3556 (3909863 Gflops/s) - 3581 (3937351 Gflops/s) - 3519 (3869181 Gflops/s) - 3510 (3859285 Gflops/s) | Temperatures: 60°C - 61°C - 72°C - 72°C - 64°C - 60°C - 71°C - 73°C | Throttling: None - None - None - None - None - None - None - None
3659 (4023113 Gflops/s) - 3585 (3941749 Gflops/s) - 3561 (3915360 Gflops/s) - 3582 (3938450 Gflops/s) - 3563 (3917559 Gflops/s) - 3586 (3942848 Gflops/s) - 3525 (3875778 Gflops/s) - 3518 (3868081 Gflops/s) | Temperatures: 59°C - 61°C - 72°C - 72°C - 64°C - 60°C - 71°C - 73°C | Throttling: None - None - None - None - None - None - None - None
3703 (4071491 Gflops/s) - 3631 (3992326 Gflops/s) - 3596 (3953843 Gflops/s) - 3618 (3978033 Gflops/s) - 3601 (3959341 Gflops/s) - 3626 (3986829 Gflops/s) - 3565 (3919758 Gflops/s) - 3555 (3908763 Gflops/s) | Temperatures: 60°C - 61°C - 72°C - 72°C - 64°C - 60°C - 71°C - 73°C | Throttling: None - None - None - None - None - None - None - None
3703 (4071491 Gflops/s) - 3623 (3983530 Gflops/s) - 3598 (3956042 Gflops/s) - 3618 (3978033 Gflops/s) - 3600 (3958241 Gflops/s) - 3626 (3986829 Gflops/s) - 3563 (3917559 Gflops/s) - 3557 (3910962 Gflops/s) | Temperatures: 59°C - 61°C - 72°C - 72°C - 64°C - 60°C - 71°C - 73°C | Throttling: None - None - None - None - None - None - None - None
3706 (4074790 Gflops/s) - 3628 (3989028 Gflops/s) - 3599 (3957142 Gflops/s) - 3623 (3983530 Gflops/s) - 3603 (3961540 Gflops/s) - 3627 (3987928 Gflops/s) - 3567 (3921957 Gflops/s) - 3556 (3909863 Gflops/s) | Temperatures: 59°C - 61°C - 72°C - 72°C - 64°C - 60°C - 71°C - 73°C | Throttling: None - None - None - None - None - None - None - None
3707 (4075889 Gflops/s) - 3643 (4005520 Gflops/s) - 3600 (3958241 Gflops/s) - 3624 (3984630 Gflops/s) - 3606 (3964838 Gflops/s) - 3632 (3993426 Gflops/s) - 3569 (3924156 Gflops/s) - 3562 (3916460 Gflops/s) | Temperatures: 59°C - 61°C - 72°C - 72°C - 64°C - 60°C - 71°C - 73°C | Throttling: None - None - None - None - None - None - None - None
3704 (4072591 Gflops/s) - 3628 (3989028 Gflops/s) - 3600 (3958241 Gflops/s) - 3617 (3976933 Gflops/s) - 3602 (3960440 Gflops/s) - 3627 (3987928 Gflops/s) - 3563 (3917559 Gflops/s) - 3558 (3912062 Gflops/s) | Temperatures: 60°C - 61°C - 72°C - 72°C - 64°C - 60°C - 71°C - 73°C | Throttling: None - None - None - None - None - None - None - None
3702 (4070392 Gflops/s) - 3632 (3993426 Gflops/s) - 3599 (3957142 Gflops/s) - 3614 (3973635 Gflops/s) - 3603 (3961540 Gflops/s) - 3630 (3991227 Gflops/s) - 3567 (3921957 Gflops/s) - 3555 (3908763 Gflops/s) | Temperatures: 60°C - 61°C - 72°C - 72°C - 64°C - 60°C - 71°C - 73°C | Throttling: None - None - None - None - None - None - None - None
3701 (4069292 Gflops/s) - 3645 (4007719 Gflops/s) - 3598 (3956042 Gflops/s) - 3622 (3982431 Gflops/s) - 3602 (3960440 Gflops/s) - 3626 (3986829 Gflops/s) - 3565 (3919758 Gflops/s) - 3556 (3909863 Gflops/s) | Temperatures: 60°C - 61°C - 72°C - 72°C - 64°C - 60°C - 71°C - 73°C | Throttling: None - None - None - None - None - None - None - None
3703 (4071491 Gflops/s) - 3628 (3989028 Gflops/s) - 3599 (3957142 Gflops/s) - 3619 (3979132 Gflops/s) - 3602 (3960440 Gflops/s) - 3628 (3989028 Gflops/s) - 3568 (3923057 Gflops/s) - 3558 (3912062 Gflops/s) | Temperatures: 59°C - 61°C - 72°C - 72°C - 64°C - 60°C - 71°C - 73°C | Throttling: None - None - None - None - None - None - None - None
3700 (4068193 Gflops/s) - 3644 (4006620 Gflops/s) - 3602 (3960440 Gflops/s) - 3620 (3980232 Gflops/s) - 3603 (3961540 Gflops/s) - 3625 (3985729 Gflops/s) - 3565 (3919758 Gflops/s) - 3557 (3910962 Gflops/s) | Temperatures: 60°C - 61°C - 72°C - 72°C - 64°C - 60°C - 71°C - 73°C | Throttling: None - None - None - None - None - None - None - None
3708 (4076989 Gflops/s) - 3641 (4003321 Gflops/s) - 3602 (3960440 Gflops/s) - 3618 (3978033 Gflops/s) - 3602 (3960440 Gflops/s) - 3627 (3987928 Gflops/s) - 3565 (3919758 Gflops/s) - 3559 (3913161 Gflops/s) | Temperatures: 60°C - 61°C - 72°C - 72°C - 64°C - 60°C - 71°C - 73°C | Throttling: None - None - None - None - None - None - None - None
3704 (4072591 Gflops/s) - 3631 (3992326 Gflops/s) - 3598 (3956042 Gflops/s) - 3619 (3979132 Gflops/s) - 3602 (3960440 Gflops/s) - 3627 (3987928 Gflops/s) - 3570 (3925256 Gflops/s) - 3557 (3910962 Gflops/s) | Temperatures: 60°C - 61°C - 72°C - 72°C - 64°C - 60°C - 71°C - 73°C | Throttling: None - None - None - None - None - None - None - None
3707 (4075889 Gflops/s) - 3633 (3994525 Gflops/s) - 3599 (3957142 Gflops/s) - 3623 (3983530 Gflops/s) - 3606 (3964838 Gflops/s) - 3634 (3995625 Gflops/s) - 3571 (3926356 Gflops/s) - 3561 (3915360 Gflops/s) | Temperatures: 59°C - 61°C - 72°C - 72°C - 64°C - 60°C - 71°C - 73°C | Throttling: None - None - None - None - None - None - None - None
3688 (4054998 Gflops/s) - 3624 (3984630 Gflops/s) - 3597 (3954943 Gflops/s) - 3623 (3983530 Gflops/s) - 3602 (3960440 Gflops/s) - 3626 (3986829 Gflops/s) - 3565 (3919758 Gflops/s) - 3557 (3910962 Gflops/s) | Temperatures: 59°C - 61°C - 72°C - 72°C - 64°C - 60°C - 71°C - 73°C | Throttling: None - None - None - None - None - None - None - None
3695 (4062695 Gflops/s) - 3627 (3987928 Gflops/s) - 3599 (3957142 Gflops/s) - 3614 (3973635 Gflops/s) - 3602 (3960440 Gflops/s) - 3627 (3987928 Gflops/s) - 3567 (3921957 Gflops/s) - 3555 (3908763 Gflops/s) | Temperatures: 59°C - 61°C - 72°C - 72°C - 64°C - 60°C - 71°C - 73°C | Throttling: None - None - None - None - None - None - None - None
3703 (4071491 Gflops/s) - 3648 (4011018 Gflops/s) - 3603 (3961540 Gflops/s) - 3619 (3979132 Gflops/s) - 3603 (3961540 Gflops/s) - 3631 (3992326 Gflops/s) - 3568 (3923057 Gflops/s) - 3558 (3912062 Gflops/s) | Temperatures: 59°C - 61°C - 72°C - 72°C - 64°C - 60°C - 71°C - 73°C | Throttling: None - None - None - None - None - None - None - None
3705 (4073690 Gflops/s) - 3629 (3990127 Gflops/s) - 3598 (3956042 Gflops/s) - 3621 (3981331 Gflops/s) - 3603 (3961540 Gflops/s) - 3628 (3989028 Gflops/s) - 3563 (3917559 Gflops/s) - 3557 (3910962 Gflops/s) | Temperatures: 59°C - 61°C - 72°C - 72°C - 64°C - 60°C - 71°C - 73°C | Throttling: None - None - None - None - None - None - None - None
3706 (4074790 Gflops/s) - 3635 (3996724 Gflops/s) - 3597 (3954943 Gflops/s) - 3620 (3980232 Gflops/s) - 3602 (3960440 Gflops/s) - 3629 (3990127 Gflops/s) - 3565 (3919758 Gflops/s) - 3556 (3909863 Gflops/s) | Temperatures: 60°C - 61°C - 72°C - 72°C - 64°C - 60°C - 71°C - 73°C | Throttling: None - None - None - None - None - None - None - None
3698 (4065993 Gflops/s) - 3639 (4001122 Gflops/s) - 3600 (3958241 Gflops/s) - 3620 (3980232 Gflops/s) - 3602 (3960440 Gflops/s) - 3629 (3990127 Gflops/s) - 3568 (3923057 Gflops/s) - 3557 (3910962 Gflops/s) | Temperatures: 59°C - 61°C - 72°C - 72°C - 64°C - 60°C - 71°C - 73°C | Throttling: None - None - None - None - None - None - None - None
3702 (4070392 Gflops/s) - 3635 (3996724 Gflops/s) - 3599 (3957142 Gflops/s) - 3626 (3986829 Gflops/s) - 3603 (3961540 Gflops/s) - 3629 (3990127 Gflops/s) - 3567 (3921957 Gflops/s) - 3558 (3912062 Gflops/s) | Temperatures: 59°C - 61°C - 72°C - 72°C - 64°C - 60°C - 71°C - 73°C | Throttling: None - None - None - None - None - None - None - None
3696 (4063794 Gflops/s) - 3631 (3992326 Gflops/s) - 3600 (3958241 Gflops/s) - 3614 (3973635 Gflops/s) - 3601 (3959341 Gflops/s) - 3630 (3991227 Gflops/s) - 3566 (3920858 Gflops/s) - 3555 (3908763 Gflops/s) | Temperatures: 59°C - 61°C - 72°C - 72°C - 64°C - 60°C - 71°C - 73°C | Throttling: None - None - None - None - None - None - None - None
3703 (4071491 Gflops/s) - 3637 (3998923 Gflops/s) - 3600 (3958241 Gflops/s) - 3617 (3976933 Gflops/s) - 3603 (3961540 Gflops/s) - 3628 (3989028 Gflops/s) - 3568 (3923057 Gflops/s) - 3556 (3909863 Gflops/s) | Temperatures: 59°C - 61°C - 72°C - 72°C - 64°C - 60°C - 71°C - 73°C | Throttling: None - None - None - None - None - None - None - None
3706 (4074790 Gflops/s) - 3636 (3997824 Gflops/s) - 3596 (3953843 Gflops/s) - 3619 (3979132 Gflops/s) - 3602 (3960440 Gflops/s) - 3630 (3991227 Gflops/s) - 3566 (3920858 Gflops/s) - 3556 (3909863 Gflops/s) | Temperatures: 60°C - 61°C - 72°C - 72°C - 64°C - 60°C - 71°C - 73°C | Throttling: None - None - None - None - None - None - None - None
3707 (4075889 Gflops/s) - 3640 (4002222 Gflops/s) - 3601 (3959341 Gflops/s) - 3621 (3981331 Gflops/s) - 3605 (3963739 Gflops/s) - 3629 (3990127 Gflops/s) - 3566 (3920858 Gflops/s) - 3558 (3912062 Gflops/s) | Temperatures: 60°C - 61°C - 72°C - 72°C - 64°C - 60°C - 71°C - 73°C | Throttling: None - None - None - None - None - None - None - None
3700 (4068193 Gflops/s) - 3640 (4002222 Gflops/s) - 3597 (3954943 Gflops/s) - 3620 (3980232 Gflops/s) - 3603 (3961540 Gflops/s) - 3626 (3986829 Gflops/s) - 3566 (3920858 Gflops/s) - 3556 (3909863 Gflops/s) | Temperatures: 59°C - 61°C - 72°C - 72°C - 64°C - 60°C - 71°C - 73°C | Throttling: None - None - None - None - None - None - None - None
3698 (4065993 Gflops/s) - 3640 (4002222 Gflops/s) - 3597 (3954943 Gflops/s) - 3621 (3981331 Gflops/s) - 3603 (3961540 Gflops/s) - 3627 (3987928 Gflops/s) - 3567 (3921957 Gflops/s) - 3558 (3912062 Gflops/s) | Temperatures: 59°C - 61°C - 72°C - 72°C - 64°C - 60°C - 71°C - 73°C | Throttling: None - None - None - None - None - None - None - None
3705 (4073690 Gflops/s) - 3637 (3998923 Gflops/s) - 3601 (3959341 Gflops/s) - 3617 (3976933 Gflops/s) - 3603 (3961540 Gflops/s) - 3628 (3989028 Gflops/s) - 3566 (3920858 Gflops/s) - 3558 (3912062 Gflops/s) | Temperatures: 60°C - 61°C - 72°C - 72°C - 64°C - 60°C - 71°C - 73°C | Throttling: None - None - None - None - None - None - None - None
3695 (4062695 Gflops/s) - 3627 (3987928 Gflops/s) - 3599 (3957142 Gflops/s) - 3621 (3981331 Gflops/s) - 3602 (3960440 Gflops/s) - 3627 (3987928 Gflops/s) - 3564 (3918659 Gflops/s) - 3557 (3910962 Gflops/s) | Temperatures: 59°C - 61°C - 72°C - 72°C - 64°C - 60°C - 71°C - 73°C | Throttling: None - None - None - None - None - None - None - None
3701 (4069292 Gflops/s) - 3634 (3995625 Gflops/s) - 3597 (3954943 Gflops/s) - 3619 (3979132 Gflops/s) - 3603 (3961540 Gflops/s) - 3635 (3996724 Gflops/s) - 3567 (3921957 Gflops/s) - 3556 (3909863 Gflops/s) | Temperatures: 60°C - 61°C - 72°C - 72°C - 64°C - 60°C - 71°C - 73°C | Throttling: None - None - None - None - None - None - None - None
3705 (4073690 Gflops/s) - 3646 (4008819 Gflops/s) - 3597 (3954943 Gflops/s) - 3623 (3983530 Gflops/s) - 3602 (3960440 Gflops/s) - 3627 (3987928 Gflops/s) - 3562 (3916460 Gflops/s) - 3556 (3909863 Gflops/s) | Temperatures: 59°C - 61°C - 72°C - 72°C - 64°C - 60°C - 71°C - 73°C | Throttling: None - None - None - None - None - None - None - None
3706 (4074790 Gflops/s) - 3636 (3997824 Gflops/s) - 3600 (3958241 Gflops/s) - 3620 (3980232 Gflops/s) - 3603 (3961540 Gflops/s) - 3626 (3986829 Gflops/s) - 3568 (3923057 Gflops/s) - 3556 (3909863 Gflops/s) | Temperatures: 59°C - 61°C - 72°C - 72°C - 64°C - 60°C - 71°C - 73°C | Throttling: None - None - None - None - None - None - None - None
3702 (4070392 Gflops/s) - 3629 (3990127 Gflops/s) - 3598 (3956042 Gflops/s) - 3620 (3980232 Gflops/s) - 3602 (3960440 Gflops/s) - 3623 (3983530 Gflops/s) - 3563 (3917559 Gflops/s) - 3555 (3908763 Gflops/s) | Temperatures: 60°C - 61°C - 72°C - 72°C - 64°C - 60°C - 71°C - 73°C | Throttling: None - None - None - None - None - None - None - None
3695 (4062695 Gflops/s) - 3638 (4000023 Gflops/s) - 3602 (3960440 Gflops/s) - 3622 (3982431 Gflops/s) - 3605 (3963739 Gflops/s) - 3631 (3992326 Gflops/s) - 3570 (3925256 Gflops/s) - 3559 (3913161 Gflops/s) | Temperatures: 60°C - 61°C - 72°C - 72°C - 64°C - 60°C - 71°C - 73°C | Throttling: None - None - None - None - None - None - None - None
3707 (4075889 Gflops/s) - 3634 (3995625 Gflops/s) - 3599 (3957142 Gflops/s) - 3622 (3982431 Gflops/s) - 3603 (3961540 Gflops/s) - 3627 (3987928 Gflops/s) - 3566 (3920858 Gflops/s) - 3556 (3909863 Gflops/s) | Temperatures: 59°C - 61°C - 72°C - 72°C - 64°C - 60°C - 71°C - 73°C | Throttling: None - None - None - None - None - None - None - None
3702 (4070392 Gflops/s) - 3657 (4020914 Gflops/s) - 3597 (3954943 Gflops/s) - 3617 (3976933 Gflops/s) - 3603 (3961540 Gflops/s) - 3627 (3987928 Gflops/s) - 3566 (3920858 Gflops/s) - 3558 (3912062 Gflops/s) | Temperatures: 59°C - 61°C - 72°C - 72°C - 64°C - 60°C - 71°C - 73°C | Throttling: None - None - None - None - None - None - None - None
3709 (4078088 Gflops/s) - 3632 (3993426 Gflops/s) - 3597 (3954943 Gflops/s) - 3618 (3978033 Gflops/s) - 3602 (3960440 Gflops/s) - 3631 (3992326 Gflops/s) - 3566 (3920858 Gflops/s) - 3556 (3909863 Gflops/s) | Temperatures: 60°C - 61°C - 72°C - 72°C - 64°C - 60°C - 71°C - 73°C | Throttling: None - None - None - None - None - None - None - None
3690 (4057197 Gflops/s) - 3635 (3996724 Gflops/s) - 3602 (3960440 Gflops/s) - 3619 (3979132 Gflops/s) - 3603 (3961540 Gflops/s) - 3625 (3985729 Gflops/s) - 3568 (3923057 Gflops/s) - 3557 (3910962 Gflops/s) | Temperatures: 59°C - 61°C - 72°C - 72°C - 64°C - 60°C - 71°C - 73°C | Throttling: None - None - None - None - None - None - None - None
3704 (4072591 Gflops/s) - 3623 (3983530 Gflops/s) - 3595 (3952744 Gflops/s) - 3620 (3980232 Gflops/s) - 3603 (3961540 Gflops/s) - 3627 (3987928 Gflops/s) - 3569 (3924156 Gflops/s) - 3556 (3909863 Gflops/s) | Temperatures: 59°C - 61°C - 72°C - 72°C - 64°C - 60°C - 71°C - 73°C | Throttling: None - None - None - None - None - None - None - None
3698 (4065993 Gflops/s) - 3630 (3991227 Gflops/s) - 3600 (3958241 Gflops/s) - 3621 (3981331 Gflops/s) - 3602 (3960440 Gflops/s) - 3631 (3992326 Gflops/s) - 3567 (3921957 Gflops/s) - 3557 (3910962 Gflops/s) | Temperatures: 59°C - 61°C - 72°C - 72°C - 64°C - 60°C - 71°C - 73°C | Throttling: None - None - None - None - None - None - None - None
3697 (4064894 Gflops/s) - 3635 (3996724 Gflops/s) - 3597 (3954943 Gflops/s) - 3619 (3979132 Gflops/s) - 3602 (3960440 Gflops/s) - 3625 (3985729 Gflops/s) - 3563 (3917559 Gflops/s) - 3555 (3908763 Gflops/s) | Temperatures: 59°C - 61°C - 72°C - 72°C - 64°C - 60°C - 71°C - 73°C | Throttling: None - None - None - None - None - None - None - None
3706 (4074790 Gflops/s) - 3636 (3997824 Gflops/s) - 3598 (3956042 Gflops/s) - 3618 (3978033 Gflops/s) - 3602 (3960440 Gflops/s) - 3629 (3990127 Gflops/s) - 3564 (3918659 Gflops/s) - 3556 (3909863 Gflops/s) | Temperatures: 60°C - 61°C - 72°C - 72°C - 64°C - 60°C - 71°C - 73°C | Throttling: None - None - None - None - None - None - None - None
3704 (4072591 Gflops/s) - 3633 (3994525 Gflops/s) - 3602 (3960440 Gflops/s) - 3617 (3976933 Gflops/s) - 3602 (3960440 Gflops/s) - 3626 (3986829 Gflops/s) - 3568 (3923057 Gflops/s) - 3558 (3912062 Gflops/s) | Temperatures: 60°C - 61°C - 72°C - 72°C - 64°C - 60°C - 71°C - 73°C | Throttling: None - None - None - None - None - None - None - None
3696 (4063794 Gflops/s) - 3624 (3984630 Gflops/s) - 3599 (3957142 Gflops/s) - 3625 (3985729 Gflops/s) - 3603 (3961540 Gflops/s) - 3622 (3982431 Gflops/s) - 3566 (3920858 Gflops/s) - 3558 (3912062 Gflops/s) | Temperatures: 60°C - 61°C - 72°C - 72°C - 64°C - 60°C - 71°C - 73°C | Throttling: None - None - None - None - None - None - None - None
3709 (4078088 Gflops/s) - 3641 (4003321 Gflops/s) - 3598 (3956042 Gflops/s) - 3621 (3981331 Gflops/s) - 3603 (3961540 Gflops/s) - 3629 (3990127 Gflops/s) - 3569 (3924156 Gflops/s) - 3557 (3910962 Gflops/s) | Temperatures: 60°C - 61°C - 72°C - 72°C - 64°C - 60°C - 71°C - 73°C | Throttling: None - None - None - None - None - None - None - None
3701 (4069292 Gflops/s) - 3638 (4000023 Gflops/s) - 3601 (3959341 Gflops/s) - 3619 (3979132 Gflops/s) - 3603 (3961540 Gflops/s) - 3631 (3992326 Gflops/s) - 3567 (3921957 Gflops/s) - 3556 (3909863 Gflops/s) | Temperatures: 60°C - 61°C - 72°C - 72°C - 64°C - 60°C - 71°C - 73°C | Throttling: None - None - None - None - None - None - None - None
3704 (4072591 Gflops/s) - 3642 (4004421 Gflops/s) - 3598 (3956042 Gflops/s) - 3619 (3979132 Gflops/s) - 3602 (3960440 Gflops/s) - 3629 (3990127 Gflops/s) - 3564 (3918659 Gflops/s) - 3557 (3910962 Gflops/s) | Temperatures: 60°C - 61°C - 72°C - 72°C - 64°C - 60°C - 71°C - 73°C | Throttling: None - None - None - None - None - None - None - None
3693 (4060496 Gflops/s) - 3636 (3997824 Gflops/s) - 3599 (3957142 Gflops/s) - 3622 (3982431 Gflops/s) - 3603 (3961540 Gflops/s) - 3628 (3989028 Gflops/s) - 3569 (3924156 Gflops/s) - 3556 (3909863 Gflops/s) | Temperatures: 59°C - 61°C - 72°C - 72°C - 64°C - 60°C - 71°C - 73°C | Throttling: None - None - None - None - None - None - None - None
3705 (4073690 Gflops/s) - 3634 (3995625 Gflops/s) - 3603 (3961540 Gflops/s) - 3623 (3983530 Gflops/s) - 3604 (3962639 Gflops/s) - 3628 (3989028 Gflops/s) - 3571 (3926356 Gflops/s) - 3556 (3909863 Gflops/s) | Temperatures: 59°C - 61°C - 72°C - 72°C - 64°C - 60°C - 71°C - 73°C | Throttling: None - None - None - None - None - None - None - None
3703 (4071491 Gflops/s) - 3637 (3998923 Gflops/s) - 3599 (3957142 Gflops/s) - 3618 (3978033 Gflops/s) - 3602 (3960440 Gflops/s) - 3628 (3989028 Gflops/s) - 3568 (3923057 Gflops/s) - 3557 (3910962 Gflops/s) | Temperatures: 59°C - 61°C - 72°C - 72°C - 64°C - 60°C - 71°C - 73°C | Throttling: None - None - None - None - None - None - None - None
3707 (4075889 Gflops/s) - 3643 (4005520 Gflops/s) - 3599 (3957142 Gflops/s) - 3623 (3983530 Gflops/s) - 3603 (3961540 Gflops/s) - 3628 (3989028 Gflops/s) - 3567 (3921957 Gflops/s) - 3558 (3912062 Gflops/s) | Temperatures: 59°C - 61°C - 72°C - 72°C - 64°C - 60°C - 71°C - 73°C | Throttling: None - None - None - None - None - None - None - None
3704 (4072591 Gflops/s) - 3636 (3997824 Gflops/s) - 3600 (3958241 Gflops/s) - 3620 (3980232 Gflops/s) - 3603 (3961540 Gflops/s) - 3630 (3991227 Gflops/s) - 3569 (3924156 Gflops/s) - 3557 (3910962 Gflops/s) | Temperatures: 60°C - 61°C - 72°C - 72°C - 64°C - 60°C - 71°C - 73°C | Throttling: None - None - None - None - None - None - None - None
3687 (4053899 Gflops/s) - 3642 (4004421 Gflops/s) - 3602 (3960440 Gflops/s) - 3620 (3980232 Gflops/s) - 3603 (3961540 Gflops/s) - 3628 (3989028 Gflops/s) - 3568 (3923057 Gflops/s) - 3557 (3910962 Gflops/s) | Temperatures: 59°C - 61°C - 72°C - 72°C - 64°C - 60°C - 71°C - 73°C | Throttling: None - None - None - None - None - None - None - None
3708 (4076989 Gflops/s) - 3637 (3998923 Gflops/s) - 3600 (3958241 Gflops/s) - 3617 (3976933 Gflops/s) - 3603 (3961540 Gflops/s) - 3631 (3992326 Gflops/s) - 3567 (3921957 Gflops/s) - 3558 (3912062 Gflops/s) | Temperatures: 59°C - 61°C - 72°C - 72°C - 64°C - 60°C - 71°C - 73°C | Throttling: None - None - None - None - None - None - None - None
3701 (4069292 Gflops/s) - 3638 (4000023 Gflops/s) - 3602 (3960440 Gflops/s) - 3622 (3982431 Gflops/s) - 3603 (3961540 Gflops/s) - 3627 (3987928 Gflops/s) - 3569 (3924156 Gflops/s) - 3555 (3908763 Gflops/s) | Temperatures: 59°C - 61°C - 72°C - 72°C - 64°C - 60°C - 71°C - 73°C | Throttling: None - None - None - None - None - None - None - None
3702 (4070392 Gflops/s) - 3637 (3998923 Gflops/s) - 3600 (3958241 Gflops/s) - 3623 (3983530 Gflops/s) - 3603 (3961540 Gflops/s) - 3629 (3990127 Gflops/s) - 3566 (3920858 Gflops/s) - 3556 (3909863 Gflops/s) | Temperatures: 59°C - 61°C - 72°C - 72°C - 64°C - 60°C - 71°C - 73°C | Throttling: None - None - None - None - None - None - None - None
3708 (4076989 Gflops/s) - 3638 (4000023 Gflops/s) - 3598 (3956042 Gflops/s) - 3619 (3979132 Gflops/s) - 3604 (3962639 Gflops/s) - 3629 (3990127 Gflops/s) - 3568 (3923057 Gflops/s) - 3559 (3913161 Gflops/s) | Temperatures: 59°C - 61°C - 72°C - 72°C - 64°C - 60°C - 71°C - 73°C | Throttling: None - None - None - None - None - None - None - None
3694 (4061595 Gflops/s) - 3633 (3994525 Gflops/s) - 3598 (3956042 Gflops/s) - 3617 (3976933 Gflops/s) - 3603 (3961540 Gflops/s) - 3632 (3993426 Gflops/s) - 3569 (3924156 Gflops/s) - 3557 (3910962 Gflops/s) | Temperatures: 59°C - 61°C - 72°C - 72°C - 64°C - 60°C - 71°C - 73°C | Throttling: None - None - None - None - None - None - None - None
3693 (4060496 Gflops/s) - 3636 (3997824 Gflops/s) - 3602 (3960440 Gflops/s) - 3622 (3982431 Gflops/s) - 3602 (3960440 Gflops/s) - 3628 (3989028 Gflops/s) - 3570 (3925256 Gflops/s) - 3558 (3912062 Gflops/s) | Temperatures: 59°C - 61°C - 72°C - 72°C - 64°C - 60°C - 71°C - 73°C | Throttling: None - None - None - None - None - None - None - None
3655 (4018714 Gflops/s) - 3571 (3926356 Gflops/s) - 3549 (3902166 Gflops/s) - 3567 (3921957 Gflops/s) - 3552 (3905465 Gflops/s) - 3575 (3930754 Gflops/s) - 3518 (3868081 Gflops/s) - 3506 (3854887 Gflops/s) | Temperatures: 60°C - 61°C - 72°C - 72°C - 64°C - 60°C - 71°C - 73°C | Throttling: None - None - None - None - None - None - None - None
3645 (4007719 Gflops/s) - 3585 (3941749 Gflops/s) - 3544 (3896669 Gflops/s) - 3568 (3923057 Gflops/s) - 3547 (3899967 Gflops/s) - 3573 (3928555 Gflops/s) - 3517 (3866982 Gflops/s) - 3501 (3849390 Gflops/s) | Temperatures: 60°C - 61°C - 72°C - 72°C - 64°C - 60°C - 71°C - 73°C | Throttling: None - None - None - None - None - None - None - None
3652 (4015416 Gflops/s) - 3586 (3942848 Gflops/s) - 3545 (3897768 Gflops/s) - 3573 (3928555 Gflops/s) - 3549 (3902166 Gflops/s) - 3573 (3928555 Gflops/s) - 3517 (3866982 Gflops/s) - 3502 (3850489 Gflops/s) | Temperatures: 60°C - 61°C - 72°C - 72°C - 64°C - 60°C - 71°C - 73°C | Throttling: None - None - None - None - None - None - None - None
3646 (4008819 Gflops/s) - 3572 (3927455 Gflops/s) - 3543 (3895569 Gflops/s) - 3564 (3918659 Gflops/s) - 3548 (3901067 Gflops/s) - 3575 (3930754 Gflops/s) - 3518 (3868081 Gflops/s) - 3503 (3851589 Gflops/s) | Temperatures: 59°C - 61°C - 72°C - 72°C - 64°C - 60°C - 71°C - 73°C | Throttling: None - None - None - None - None - None - None - None
3655 (4018714 Gflops/s) - 3597 (3954943 Gflops/s) - 3548 (3901067 Gflops/s) - 3570 (3925256 Gflops/s) - 3552 (3905465 Gflops/s) - 3576 (3931853 Gflops/s) - 3514 (3863683 Gflops/s) - 3505 (3853788 Gflops/s) | Temperatures: 60°C - 61°C - 72°C - 72°C - 64°C - 60°C - 71°C - 73°C | Throttling: None - None - None - None - None - None - None - None
2803 (3081931 Gflops/s) - 2147 (2360651 Gflops/s) - 2230 (2451910 Gflops/s) - 2797 (3075334 Gflops/s) - 2303 (2532175 Gflops/s) - 2509 (2758674 Gflops/s) - 2978 (3274345 Gflops/s) - 3010 (3309529 Gflops/s) | Temperatures: 54°C - 53°C - 66°C - 72°C - 57°C - 53°C - 71°C - 73°C | Throttling: None - None - None - None - None - None - None - None
GPU #0: 4045461 Gflops/s (min: 3081931.09, max: 4092382.28, dev: 4045461.00)
         Temperature: 59.27°C (min: 54.00, max: 60.00)
         Throttling HW: false, Thermal SW: false, Thermal HW: false
GPU #1: 3973643 Gflops/s (min: 2360651.46, max: 4068193.02, dev: 3973642.55)
         Temperature: 60.84°C (min: 53.00, max: 62.00)
         Throttling HW: false, Thermal SW: false, Thermal HW: false
GPU #2: 3931635 Gflops/s (min: 2451910.93, max: 3990127.70, dev: 3931635.18)
         Temperature: 71.98°C (min: 66.00, max: 73.00)
         Throttling HW: false, Thermal SW: false, Thermal HW: false
GPU #3: 3955358 Gflops/s (min: 3075334.02, max: 4007719.88, dev: 3955357.52)
         Temperature: 71.82°C (min: 67.00, max: 73.00)
         Throttling HW: false, Thermal SW: false, Thermal HW: false
GPU #4: 3935822 Gflops/s (min: 2532175.28, max: 4015416.46, dev: 3935822.37)
         Temperature: 63.80°C (min: 57.00, max: 64.00)
         Throttling HW: false, Thermal SW: false, Thermal HW: false
GPU #5: 3964338 Gflops/s (min: 2758674.67, max: 4037406.70, dev: 3964338.12)
         Temperature: 59.98°C (min: 53.00, max: 61.00)
         Throttling HW: false, Thermal SW: false, Thermal HW: false
GPU #6: 3898514 Gflops/s (min: 3274345.63, max: 3962639.91, dev: 3898514.28)
         Temperature: 70.99°C (min: 67.00, max: 72.00)
         Throttling HW: false, Thermal SW: false, Thermal HW: false
GPU #7: 3889082 Gflops/s (min: 3309530.00, max: 3941749.19, dev: 3889081.83)
         Temperature: 72.60°C (min: 68.00, max: 73.00)
         Throttling HW: false, Thermal SW: false, Thermal HW: false
All GPUs seem healthy
Freeing GPUs...
