Node = node5702-c1
GPU 0: NVIDIA B200 (UUID: GPU-be549eb1-c1a3-e9c1-4c78-a328dc941790)
GPU 1: NVIDIA B200 (UUID: GPU-c5014d78-6617-e615-cd75-0c3aa97937c6)
GPU 2: NVIDIA B200 (UUID: GPU-3cc76aa0-6d1b-8d76-85b0-1d066299aacb)
GPU 3: NVIDIA B200 (UUID: GPU-501e65ea-fc38-af33-5990-7644592fa154)
GPU 4: NVIDIA B200 (UUID: GPU-9b3ee5af-bf92-6217-559f-f244b433a528)
GPU 5: NVIDIA B200 (UUID: GPU-e41323f2-a154-bb47-0cc9-e44476cd2880)
GPU 6: NVIDIA B200 (UUID: GPU-c301239a-85c3-609d-f4cf-4e59b3aadc8c)
GPU 7: NVIDIA B200 (UUID: GPU-edebb39d-d365-ebd5-8591-f7caf7362b0d)
======== Run with fp32 ==========
Detected GPU #0: "NVIDIA B200" (be549eb1-c1a3-e9c1-4c78-a328dc941790)
Detected GPU #1: "NVIDIA B200" (c5014d78-6617-e615-cd75-0c3aa97937c6)
Detected GPU #2: "NVIDIA B200" (3cc76aa0-6d1b-8d76-85b0-1d066299aacb)
Detected GPU #3: "NVIDIA B200" (501e65ea-fc38-af33-5990-7644592fa154)
Detected GPU #4: "NVIDIA B200" (9b3ee5af-bf92-6217-559f-f244b433a528)
Detected GPU #5: "NVIDIA B200" (e41323f2-a154-bb47-0cc9-e44476cd2880)
Detected GPU #6: "NVIDIA B200" (c301239a-85c3-609d-f4cf-4e59b3aadc8c)
Detected GPU #7: "NVIDIA B200" (edebb39d-d365-ebd5-8591-f7caf7362b0d)
Using precision(s): FP32  
Creating random matrices
Matrices created
GPU #0: Using 163805 MB
GPU #1: Using 163805 MB
GPU #2: Using 163805 MB
GPU #3: Using 163805 MB
GPU #4: Using 163805 MB
GPU #5: Using 163805 MB
GPU #6: Using 163805 MB
GPU #7: Using 163805 MB
1044 (1147890 Gflops/s) - 1042 (1145691 Gflops/s) - 834 (916992 Gflops/s) - 829 (911495 Gflops/s) - 816 (897201 Gflops/s) - 822 (903798 Gflops/s) - 810 (890604 Gflops/s) - 804 (884007 Gflops/s) | Temperatures: 45°C - 47°C - 48°C - 47°C - 46°C - 43°C - 47°C - 50°C | Throttling: None - None - None - None - None - None - None - None
724 (796046 Gflops/s) - 716 (787250 Gflops/s) - 721 (792747 Gflops/s) - 728 (800444 Gflops/s) - 721 (792747 Gflops/s) - 727 (799344 Gflops/s) - 722 (793847 Gflops/s) - 720 (791648 Gflops/s) | Temperatures: 49°C - 50°C - 53°C - 52°C - 51°C - 49°C - 53°C - 55°C | Throttling: None - None - None - None - None - None - None - None
726 (798245 Gflops/s) - 718 (789449 Gflops/s) - 731 (803742 Gflops/s) - 729 (801543 Gflops/s) - 718 (789449 Gflops/s) - 737 (810340 Gflops/s) - 718 (789449 Gflops/s) - 716 (787250 Gflops/s) | Temperatures: 50°C - 51°C - 55°C - 54°C - 52°C - 50°C - 55°C - 56°C | Throttling: None - None - None - None - None - None - None - None
725 (797145 Gflops/s) - 718 (789449 Gflops/s) - 709 (779553 Gflops/s) - 718 (789449 Gflops/s) - 715 (786150 Gflops/s) - 710 (780653 Gflops/s) - 720 (791648 Gflops/s) - 719 (790548 Gflops/s) | Temperatures: 50°C - 52°C - 56°C - 54°C - 53°C - 51°C - 56°C - 57°C | Throttling: None - None - None - None - None - None - None - None
725 (797145 Gflops/s) - 717 (788349 Gflops/s) - 721 (792747 Gflops/s) - 725 (797145 Gflops/s) - 715 (786150 Gflops/s) - 722 (793847 Gflops/s) - 722 (793847 Gflops/s) - 716 (787250 Gflops/s) | Temperatures: 51°C - 53°C - 56°C - 55°C - 54°C - 52°C - 56°C - 57°C | Throttling: None - None - None - None - None - None - None - None
724 (796046 Gflops/s) - 718 (789449 Gflops/s) - 720 (791648 Gflops/s) - 725 (797145 Gflops/s) - 715 (786150 Gflops/s) - 722 (793847 Gflops/s) - 723 (794946 Gflops/s) - 714 (785051 Gflops/s) | Temperatures: 51°C - 53°C - 57°C - 56°C - 54°C - 52°C - 57°C - 58°C | Throttling: None - None - None - None - None - None - None - None
723 (794946 Gflops/s) - 717 (788349 Gflops/s) - 720 (791648 Gflops/s) - 724 (796046 Gflops/s) - 715 (786150 Gflops/s) - 721 (792747 Gflops/s) - 722 (793847 Gflops/s) - 716 (787250 Gflops/s) | Temperatures: 52°C - 54°C - 57°C - 56°C - 55°C - 53°C - 57°C - 58°C | Throttling: None - None - None - None - None - None - None - None
723 (794946 Gflops/s) - 717 (788349 Gflops/s) - 720 (791648 Gflops/s) - 725 (797145 Gflops/s) - 717 (788349 Gflops/s) - 720 (791648 Gflops/s) - 722 (793847 Gflops/s) - 714 (785051 Gflops/s) | Temperatures: 52°C - 54°C - 58°C - 57°C - 55°C - 53°C - 58°C - 59°C | Throttling: None - None - None - None - None - None - None - None
723 (794946 Gflops/s) - 716 (787250 Gflops/s) - 720 (791648 Gflops/s) - 725 (797145 Gflops/s) - 725 (797145 Gflops/s) - 720 (791648 Gflops/s) - 721 (792747 Gflops/s) - 712 (782852 Gflops/s) | Temperatures: 53°C - 55°C - 58°C - 57°C - 56°C - 53°C - 58°C - 59°C | Throttling: None - None - None - None - None - None - None - None
722 (793847 Gflops/s) - 718 (789449 Gflops/s) - 719 (790548 Gflops/s) - 724 (796046 Gflops/s) - 723 (794946 Gflops/s) - 720 (791648 Gflops/s) - 720 (791648 Gflops/s) - 711 (781752 Gflops/s) | Temperatures: 53°C - 55°C - 59°C - 58°C - 56°C - 54°C - 59°C - 60°C | Throttling: None - None - None - None - None - None - None - None
724 (796046 Gflops/s) - 717 (788349 Gflops/s) - 719 (790548 Gflops/s) - 723 (794946 Gflops/s) - 723 (794946 Gflops/s) - 720 (791648 Gflops/s) - 721 (792747 Gflops/s) - 707 (777354 Gflops/s) | Temperatures: 54°C - 55°C - 59°C - 58°C - 57°C - 54°C - 59°C - 60°C | Throttling: None - None - None - None - None - None - None - None
724 (796046 Gflops/s) - 717 (788349 Gflops/s) - 718 (789449 Gflops/s) - 723 (794946 Gflops/s) - 722 (793847 Gflops/s) - 721 (792747 Gflops/s) - 720 (791648 Gflops/s) - 704 (774056 Gflops/s) | Temperatures: 54°C - 56°C - 60°C - 59°C - 57°C - 55°C - 60°C - 60°C | Throttling: None - None - None - None - None - None - None - None
723 (794946 Gflops/s) - 719 (790548 Gflops/s) - 719 (790548 Gflops/s) - 722 (793847 Gflops/s) - 723 (794946 Gflops/s) - 719 (790548 Gflops/s) - 719 (790548 Gflops/s) - 703 (772956 Gflops/s) | Temperatures: 54°C - 56°C - 60°C - 59°C - 57°C - 55°C - 60°C - 61°C | Throttling: None - None - None - None - None - None - None - None
724 (796046 Gflops/s) - 719 (790548 Gflops/s) - 719 (790548 Gflops/s) - 722 (793847 Gflops/s) - 723 (794946 Gflops/s) - 721 (792747 Gflops/s) - 720 (791648 Gflops/s) - 701 (770757 Gflops/s) | Temperatures: 55°C - 56°C - 61°C - 59°C - 57°C - 55°C - 61°C - 61°C | Throttling: None - None - None - None - None - None - None - None
722 (793847 Gflops/s) - 718 (789449 Gflops/s) - 717 (788349 Gflops/s) - 720 (791648 Gflops/s) - 721 (792747 Gflops/s) - 721 (792747 Gflops/s) - 719 (790548 Gflops/s) - 702 (771857 Gflops/s) | Temperatures: 55°C - 57°C - 61°C - 60°C - 58°C - 56°C - 61°C - 62°C | Throttling: None - None - None - None - None - None - None - None
723 (794946 Gflops/s) - 717 (788349 Gflops/s) - 716 (787250 Gflops/s) - 721 (792747 Gflops/s) - 723 (794946 Gflops/s) - 722 (793847 Gflops/s) - 719 (790548 Gflops/s) - 699 (768558 Gflops/s) | Temperatures: 55°C - 57°C - 61°C - 60°C - 58°C - 56°C - 61°C - 62°C | Throttling: None - None - None - None - None - None - None - None
723 (794946 Gflops/s) - 719 (790548 Gflops/s) - 718 (789449 Gflops/s) - 719 (790548 Gflops/s) - 721 (792747 Gflops/s) - 723 (794946 Gflops/s) - 719 (790548 Gflops/s) - 699 (768558 Gflops/s) | Temperatures: 56°C - 57°C - 62°C - 61°C - 58°C - 56°C - 62°C - 62°C | Throttling: None - None - None - None - None - None - None - None
722 (793847 Gflops/s) - 717 (788349 Gflops/s) - 716 (787250 Gflops/s) - 718 (789449 Gflops/s) - 721 (792747 Gflops/s) - 722 (793847 Gflops/s) - 719 (790548 Gflops/s) - 699 (768558 Gflops/s) | Temperatures: 56°C - 57°C - 62°C - 61°C - 59°C - 56°C - 62°C - 63°C | Throttling: None - None - None - None - None - None - None - None
723 (794946 Gflops/s) - 717 (788349 Gflops/s) - 716 (787250 Gflops/s) - 718 (789449 Gflops/s) - 720 (791648 Gflops/s) - 722 (793847 Gflops/s) - 718 (789449 Gflops/s) - 700 (769658 Gflops/s) | Temperatures: 56°C - 58°C - 62°C - 61°C - 59°C - 57°C - 63°C - 63°C | Throttling: None - None - None - None - None - None - None - None
723 (794946 Gflops/s) - 717 (788349 Gflops/s) - 715 (786150 Gflops/s) - 718 (789449 Gflops/s) - 721 (792747 Gflops/s) - 722 (793847 Gflops/s) - 717 (788349 Gflops/s) - 699 (768558 Gflops/s) | Temperatures: 56°C - 58°C - 63°C - 62°C - 59°C - 57°C - 63°C - 63°C | Throttling: None - None - None - None - None - None - None - None
722 (793847 Gflops/s) - 717 (788349 Gflops/s) - 716 (787250 Gflops/s) - 718 (789449 Gflops/s) - 721 (792747 Gflops/s) - 722 (793847 Gflops/s) - 718 (789449 Gflops/s) - 700 (769658 Gflops/s) | Temperatures: 56°C - 58°C - 63°C - 62°C - 59°C - 57°C - 63°C - 64°C | Throttling: None - None - None - None - None - None - None - None
722 (793847 Gflops/s) - 717 (788349 Gflops/s) - 715 (786150 Gflops/s) - 728 (800444 Gflops/s) - 719 (790548 Gflops/s) - 721 (792747 Gflops/s) - 717 (788349 Gflops/s) - 697 (766359 Gflops/s) | Temperatures: 57°C - 58°C - 63°C - 62°C - 59°C - 57°C - 64°C - 64°C | Throttling: None - None - None - None - None - None - None - None
721 (792747 Gflops/s) - 717 (788349 Gflops/s) - 715 (786150 Gflops/s) - 704 (774056 Gflops/s) - 720 (791648 Gflops/s) - 722 (793847 Gflops/s) - 717 (788349 Gflops/s) - 696 (765260 Gflops/s) | Temperatures: 57°C - 59°C - 64°C - 63°C - 60°C - 58°C - 64°C - 64°C | Throttling: None - None - None - None - None - None - None - None
722 (793847 Gflops/s) - 717 (788349 Gflops/s) - 715 (786150 Gflops/s) - 716 (787250 Gflops/s) - 718 (789449 Gflops/s) - 720 (791648 Gflops/s) - 716 (787250 Gflops/s) - 704 (774056 Gflops/s) | Temperatures: 57°C - 59°C - 64°C - 63°C - 60°C - 58°C - 64°C - 65°C | Throttling: None - None - None - None - None - None - None - None
720 (791648 Gflops/s) - 715 (786150 Gflops/s) - 714 (785051 Gflops/s) - 714 (785051 Gflops/s) - 720 (791648 Gflops/s) - 720 (791648 Gflops/s) - 717 (788349 Gflops/s) - 708 (778454 Gflops/s) | Temperatures: 57°C - 59°C - 64°C - 63°C - 60°C - 58°C - 65°C - 65°C | Throttling: None - None - None - None - None - None - None - None
721 (792747 Gflops/s) - 717 (788349 Gflops/s) - 715 (786150 Gflops/s) - 715 (786150 Gflops/s) - 719 (790548 Gflops/s) - 720 (791648 Gflops/s) - 717 (788349 Gflops/s) - 706 (776255 Gflops/s) | Temperatures: 57°C - 59°C - 65°C - 64°C - 60°C - 58°C - 65°C - 66°C | Throttling: None - None - None - None - None - None - None - None
721 (792747 Gflops/s) - 715 (786150 Gflops/s) - 715 (786150 Gflops/s) - 716 (787250 Gflops/s) - 719 (790548 Gflops/s) - 721 (792747 Gflops/s) - 717 (788349 Gflops/s) - 705 (775155 Gflops/s) | Temperatures: 57°C - 59°C - 65°C - 64°C - 60°C - 58°C - 65°C - 66°C | Throttling: None - None - None - None - None - None - None - None
735 (808141 Gflops/s) - 715 (786150 Gflops/s) - 715 (786150 Gflops/s) - 714 (785051 Gflops/s) - 718 (789449 Gflops/s) - 720 (791648 Gflops/s) - 714 (785051 Gflops/s) - 701 (770757 Gflops/s) | Temperatures: 57°C - 59°C - 65°C - 64°C - 61°C - 58°C - 65°C - 66°C | Throttling: None - None - None - None - None - None - None - None
706 (776255 Gflops/s) - 715 (786150 Gflops/s) - 715 (786150 Gflops/s) - 714 (785051 Gflops/s) - 718 (789449 Gflops/s) - 720 (791648 Gflops/s) - 715 (786150 Gflops/s) - 702 (771857 Gflops/s) | Temperatures: 58°C - 59°C - 65°C - 64°C - 61°C - 59°C - 66°C - 66°C | Throttling: None - None - None - None - None - None - None - None
720 (791648 Gflops/s) - 715 (786150 Gflops/s) - 714 (785051 Gflops/s) - 714 (785051 Gflops/s) - 718 (789449 Gflops/s) - 719 (790548 Gflops/s) - 713 (783951 Gflops/s) - 700 (769658 Gflops/s) | Temperatures: 58°C - 60°C - 66°C - 65°C - 61°C - 59°C - 66°C - 67°C | Throttling: None - None - None - None - None - None - None - None
720 (791648 Gflops/s) - 714 (785051 Gflops/s) - 714 (785051 Gflops/s) - 714 (785051 Gflops/s) - 717 (788349 Gflops/s) - 720 (791648 Gflops/s) - 712 (782852 Gflops/s) - 699 (768558 Gflops/s) | Temperatures: 58°C - 60°C - 66°C - 65°C - 61°C - 59°C - 66°C - 67°C | Throttling: None - None - None - None - None - None - None - None
720 (791648 Gflops/s) - 714 (785051 Gflops/s) - 715 (786150 Gflops/s) - 714 (785051 Gflops/s) - 716 (787250 Gflops/s) - 719 (790548 Gflops/s) - 714 (785051 Gflops/s) - 700 (769658 Gflops/s) | Temperatures: 58°C - 60°C - 66°C - 65°C - 61°C - 59°C - 66°C - 67°C | Throttling: None - None - None - None - None - None - None - None
720 (791648 Gflops/s) - 714 (785051 Gflops/s) - 714 (785051 Gflops/s) - 714 (785051 Gflops/s) - 717 (788349 Gflops/s) - 718 (789449 Gflops/s) - 712 (782852 Gflops/s) - 697 (766359 Gflops/s) | Temperatures: 58°C - 60°C - 66°C - 65°C - 61°C - 59°C - 66°C - 67°C | Throttling: None - None - None - None - None - None - None - None
720 (791648 Gflops/s) - 714 (785051 Gflops/s) - 714 (785051 Gflops/s) - 713 (783951 Gflops/s) - 717 (788349 Gflops/s) - 719 (790548 Gflops/s) - 713 (783951 Gflops/s) - 697 (766359 Gflops/s) | Temperatures: 58°C - 60°C - 67°C - 66°C - 61°C - 59°C - 67°C - 68°C | Throttling: None - None - None - None - None - None - None - None
719 (790548 Gflops/s) - 713 (783951 Gflops/s) - 713 (783951 Gflops/s) - 715 (786150 Gflops/s) - 716 (787250 Gflops/s) - 717 (788349 Gflops/s) - 712 (782852 Gflops/s) - 698 (767459 Gflops/s) | Temperatures: 58°C - 60°C - 67°C - 66°C - 62°C - 59°C - 67°C - 68°C | Throttling: None - None - None - None - None - None - None - None
720 (791648 Gflops/s) - 714 (785051 Gflops/s) - 713 (783951 Gflops/s) - 714 (785051 Gflops/s) - 716 (787250 Gflops/s) - 719 (790548 Gflops/s) - 711 (781752 Gflops/s) - 696 (765260 Gflops/s) | Temperatures: 58°C - 60°C - 67°C - 66°C - 62°C - 59°C - 67°C - 68°C | Throttling: None - None - None - None - None - None - None - None
720 (791648 Gflops/s) - 714 (785051 Gflops/s) - 713 (783951 Gflops/s) - 715 (786150 Gflops/s) - 717 (788349 Gflops/s) - 718 (789449 Gflops/s) - 712 (782852 Gflops/s) - 698 (767459 Gflops/s) | Temperatures: 59°C - 60°C - 67°C - 66°C - 62°C - 59°C - 68°C - 68°C | Throttling: None - None - None - None - None - None - None - None
718 (789449 Gflops/s) - 714 (785051 Gflops/s) - 711 (781752 Gflops/s) - 724 (796046 Gflops/s) - 728 (800444 Gflops/s) - 717 (788349 Gflops/s) - 710 (780653 Gflops/s) - 696 (765260 Gflops/s) | Temperatures: 59°C - 60°C - 67°C - 66°C - 62°C - 60°C - 67°C - 68°C | Throttling: None - None - None - None - None - None - None - None
720 (791648 Gflops/s) - 714 (785051 Gflops/s) - 714 (785051 Gflops/s) - 704 (774056 Gflops/s) - 704 (774056 Gflops/s) - 719 (790548 Gflops/s) - 710 (780653 Gflops/s) - 697 (766359 Gflops/s) | Temperatures: 59°C - 61°C - 68°C - 67°C - 62°C - 60°C - 68°C - 69°C | Throttling: None - None - None - None - None - None - None - None
720 (791648 Gflops/s) - 714 (785051 Gflops/s) - 711 (781752 Gflops/s) - 714 (785051 Gflops/s) - 716 (787250 Gflops/s) - 718 (789449 Gflops/s) - 711 (781752 Gflops/s) - 697 (766359 Gflops/s) | Temperatures: 59°C - 61°C - 68°C - 67°C - 62°C - 60°C - 68°C - 69°C | Throttling: None - None - None - None - None - None - None - None
718 (789449 Gflops/s) - 714 (785051 Gflops/s) - 711 (781752 Gflops/s) - 713 (783951 Gflops/s) - 715 (786150 Gflops/s) - 717 (788349 Gflops/s) - 710 (780653 Gflops/s) - 707 (777354 Gflops/s) | Temperatures: 59°C - 61°C - 68°C - 67°C - 62°C - 60°C - 68°C - 69°C | Throttling: None - None - None - None - None - None - None - None
719 (790548 Gflops/s) - 714 (785051 Gflops/s) - 712 (782852 Gflops/s) - 715 (786150 Gflops/s) - 716 (787250 Gflops/s) - 718 (789449 Gflops/s) - 710 (780653 Gflops/s) - 685 (753165 Gflops/s) | Temperatures: 59°C - 61°C - 68°C - 67°C - 62°C - 60°C - 68°C - 69°C | Throttling: None - None - None - None - None - None - None - None
719 (790548 Gflops/s) - 713 (783951 Gflops/s) - 712 (782852 Gflops/s) - 713 (783951 Gflops/s) - 716 (787250 Gflops/s) - 718 (789449 Gflops/s) - 710 (780653 Gflops/s) - 697 (766359 Gflops/s) | Temperatures: 59°C - 61°C - 69°C - 67°C - 62°C - 60°C - 69°C - 70°C | Throttling: None - None - None - None - None - None - None - None
719 (790548 Gflops/s) - 714 (785051 Gflops/s) - 711 (781752 Gflops/s) - 714 (785051 Gflops/s) - 716 (787250 Gflops/s) - 718 (789449 Gflops/s) - 708 (778454 Gflops/s) - 696 (765260 Gflops/s) | Temperatures: 59°C - 61°C - 69°C - 68°C - 62°C - 60°C - 69°C - 70°C | Throttling: None - None - None - None - None - None - None - None
719 (790548 Gflops/s) - 714 (785051 Gflops/s) - 711 (781752 Gflops/s) - 714 (785051 Gflops/s) - 716 (787250 Gflops/s) - 718 (789449 Gflops/s) - 708 (778454 Gflops/s) - 697 (766359 Gflops/s) | Temperatures: 59°C - 61°C - 69°C - 68°C - 63°C - 60°C - 69°C - 70°C | Throttling: None - None - None - None - None - None - None - None
719 (790548 Gflops/s) - 714 (785051 Gflops/s) - 710 (780653 Gflops/s) - 714 (785051 Gflops/s) - 716 (787250 Gflops/s) - 717 (788349 Gflops/s) - 709 (779553 Gflops/s) - 696 (765260 Gflops/s) | Temperatures: 59°C - 61°C - 69°C - 68°C - 63°C - 60°C - 69°C - 70°C | Throttling: None - None - None - None - None - None - None - None
718 (789449 Gflops/s) - 714 (785051 Gflops/s) - 711 (781752 Gflops/s) - 712 (782852 Gflops/s) - 716 (787250 Gflops/s) - 717 (788349 Gflops/s) - 707 (777354 Gflops/s) - 696 (765260 Gflops/s) | Temperatures: 59°C - 61°C - 69°C - 68°C - 63°C - 60°C - 69°C - 70°C | Throttling: None - None - None - None - None - None - None - None
719 (790548 Gflops/s) - 714 (785051 Gflops/s) - 711 (781752 Gflops/s) - 714 (785051 Gflops/s) - 716 (787250 Gflops/s) - 718 (789449 Gflops/s) - 708 (778454 Gflops/s) - 696 (765260 Gflops/s) | Temperatures: 59°C - 61°C - 69°C - 68°C - 63°C - 60°C - 70°C - 70°C | Throttling: None - None - None - None - None - None - None - None
718 (789449 Gflops/s) - 714 (785051 Gflops/s) - 711 (781752 Gflops/s) - 713 (783951 Gflops/s) - 715 (786150 Gflops/s) - 718 (789449 Gflops/s) - 707 (777354 Gflops/s) - 697 (766359 Gflops/s) | Temperatures: 60°C - 61°C - 70°C - 68°C - 63°C - 60°C - 70°C - 71°C | Throttling: None - None - None - None - None - None - None - None
719 (790548 Gflops/s) - 714 (785051 Gflops/s) - 710 (780653 Gflops/s) - 713 (783951 Gflops/s) - 716 (787250 Gflops/s) - 717 (788349 Gflops/s) - 706 (776255 Gflops/s) - 696 (765260 Gflops/s) | Temperatures: 60°C - 61°C - 70°C - 69°C - 63°C - 61°C - 70°C - 71°C | Throttling: None - None - None - None - None - None - None - None
719 (790548 Gflops/s) - 713 (783951 Gflops/s) - 710 (780653 Gflops/s) - 712 (782852 Gflops/s) - 716 (787250 Gflops/s) - 717 (788349 Gflops/s) - 705 (775155 Gflops/s) - 695 (764160 Gflops/s) | Temperatures: 60°C - 61°C - 70°C - 69°C - 63°C - 61°C - 70°C - 71°C | Throttling: None - None - None - None - None - None - None - None
718 (789449 Gflops/s) - 714 (785051 Gflops/s) - 710 (780653 Gflops/s) - 712 (782852 Gflops/s) - 715 (786150 Gflops/s) - 718 (789449 Gflops/s) - 708 (778454 Gflops/s) - 695 (764160 Gflops/s) | Temperatures: 60°C - 62°C - 70°C - 69°C - 63°C - 61°C - 70°C - 71°C | Throttling: None - None - None - None - None - None - None - None
718 (789449 Gflops/s) - 713 (783951 Gflops/s) - 710 (780653 Gflops/s) - 712 (782852 Gflops/s) - 715 (786150 Gflops/s) - 716 (787250 Gflops/s) - 704 (774056 Gflops/s) - 695 (764160 Gflops/s) | Temperatures: 60°C - 62°C - 70°C - 69°C - 63°C - 61°C - 70°C - 71°C | Throttling: None - None - None - None - None - None - None - None
719 (790548 Gflops/s) - 714 (785051 Gflops/s) - 710 (780653 Gflops/s) - 712 (782852 Gflops/s) - 715 (786150 Gflops/s) - 718 (789449 Gflops/s) - 705 (775155 Gflops/s) - 695 (764160 Gflops/s) | Temperatures: 60°C - 62°C - 70°C - 69°C - 63°C - 61°C - 70°C - 71°C | Throttling: None - None - None - None - None - None - None - None
719 (790548 Gflops/s) - 715 (786150 Gflops/s) - 710 (780653 Gflops/s) - 713 (783951 Gflops/s) - 716 (787250 Gflops/s) - 717 (788349 Gflops/s) - 704 (774056 Gflops/s) - 695 (764160 Gflops/s) | Temperatures: 60°C - 62°C - 70°C - 69°C - 63°C - 61°C - 70°C - 72°C | Throttling: None - None - None - None - None - None - None - None
718 (789449 Gflops/s) - 713 (783951 Gflops/s) - 709 (779553 Gflops/s) - 711 (781752 Gflops/s) - 715 (786150 Gflops/s) - 716 (787250 Gflops/s) - 703 (772956 Gflops/s) - 694 (763061 Gflops/s) | Temperatures: 60°C - 62°C - 70°C - 70°C - 63°C - 61°C - 71°C - 72°C | Throttling: None - None - None - None - None - None - None - None
719 (790548 Gflops/s) - 714 (785051 Gflops/s) - 709 (779553 Gflops/s) - 711 (781752 Gflops/s) - 716 (787250 Gflops/s) - 717 (788349 Gflops/s) - 705 (775155 Gflops/s) - 694 (763061 Gflops/s) | Temperatures: 60°C - 62°C - 71°C - 70°C - 63°C - 61°C - 71°C - 72°C | Throttling: None - None - None - None - None - None - None - None
718 (789449 Gflops/s) - 714 (785051 Gflops/s) - 709 (779553 Gflops/s) - 712 (782852 Gflops/s) - 715 (786150 Gflops/s) - 717 (788349 Gflops/s) - 704 (774056 Gflops/s) - 694 (763061 Gflops/s) | Temperatures: 60°C - 62°C - 71°C - 70°C - 63°C - 61°C - 71°C - 72°C | Throttling: None - None - None - None - None - None - None - None
719 (790548 Gflops/s) - 713 (783951 Gflops/s) - 708 (778454 Gflops/s) - 710 (780653 Gflops/s) - 715 (786150 Gflops/s) - 716 (787250 Gflops/s) - 704 (774056 Gflops/s) - 692 (760862 Gflops/s) | Temperatures: 60°C - 62°C - 71°C - 70°C - 63°C - 61°C - 71°C - 72°C | Throttling: None - None - None - None - None - None - None - None
718 (789449 Gflops/s) - 714 (785051 Gflops/s) - 709 (779553 Gflops/s) - 711 (781752 Gflops/s) - 716 (787250 Gflops/s) - 717 (788349 Gflops/s) - 703 (772956 Gflops/s) - 692 (760862 Gflops/s) | Temperatures: 60°C - 62°C - 71°C - 70°C - 63°C - 61°C - 71°C - 72°C | Throttling: None - None - None - None - None - None - None - None
713 (783951 Gflops/s) - 708 (778454 Gflops/s) - 703 (772956 Gflops/s) - 705 (775155 Gflops/s) - 710 (780653 Gflops/s) - 711 (781752 Gflops/s) - 699 (768558 Gflops/s) - 685 (753165 Gflops/s) | Temperatures: 60°C - 62°C - 71°C - 70°C - 64°C - 61°C - 71°C - 72°C | Throttling: None - None - None - None - None - None - None - None
712 (782852 Gflops/s) - 708 (778454 Gflops/s) - 702 (771857 Gflops/s) - 705 (775155 Gflops/s) - 709 (779553 Gflops/s) - 710 (780653 Gflops/s) - 698 (767459 Gflops/s) - 685 (753165 Gflops/s) | Temperatures: 60°C - 62°C - 71°C - 70°C - 64°C - 61°C - 71°C - 72°C | Throttling: None - None - None - None - None - None - None - None
726 (798245 Gflops/s) - 714 (785051 Gflops/s) - 709 (779553 Gflops/s) - 711 (781752 Gflops/s) - 717 (788349 Gflops/s) - 717 (788349 Gflops/s) - 704 (774056 Gflops/s) - 691 (759762 Gflops/s) | Temperatures: 60°C - 62°C - 71°C - 70°C - 64°C - 61°C - 71°C - 72°C | Throttling: None - None - None - None - None - None - None - None
713 (783951 Gflops/s) - 714 (785051 Gflops/s) - 708 (778454 Gflops/s) - 710 (780653 Gflops/s) - 715 (786150 Gflops/s) - 717 (788349 Gflops/s) - 722 (793847 Gflops/s) - 690 (758663 Gflops/s) | Temperatures: 60°C - 62°C - 72°C - 70°C - 64°C - 61°C - 72°C - 72°C | Throttling: None - None - None - None - None - None - None - None
719 (790548 Gflops/s) - 715 (786150 Gflops/s) - 709 (779553 Gflops/s) - 711 (781752 Gflops/s) - 716 (787250 Gflops/s) - 717 (788349 Gflops/s) - 687 (755364 Gflops/s) - 692 (760862 Gflops/s) | Temperatures: 60°C - 62°C - 71°C - 71°C - 64°C - 61°C - 72°C - 73°C | Throttling: None - None - None - None - None - None - None - None
719 (790548 Gflops/s) - 714 (785051 Gflops/s) - 708 (778454 Gflops/s) - 711 (781752 Gflops/s) - 716 (787250 Gflops/s) - 717 (788349 Gflops/s) - 704 (774056 Gflops/s) - 689 (757563 Gflops/s) | Temperatures: 60°C - 62°C - 72°C - 71°C - 64°C - 61°C - 72°C - 73°C | Throttling: None - None - None - None - None - None - None - None
719 (790548 Gflops/s) - 714 (785051 Gflops/s) - 707 (777354 Gflops/s) - 710 (780653 Gflops/s) - 715 (786150 Gflops/s) - 716 (787250 Gflops/s) - 703 (772956 Gflops/s) - 691 (759762 Gflops/s) | Temperatures: 60°C - 62°C - 72°C - 71°C - 63°C - 61°C - 72°C - 73°C | Throttling: None - None - None - None - None - None - None - None
719 (790548 Gflops/s) - 714 (785051 Gflops/s) - 708 (778454 Gflops/s) - 710 (780653 Gflops/s) - 715 (786150 Gflops/s) - 716 (787250 Gflops/s) - 705 (775155 Gflops/s) - 692 (760862 Gflops/s) | Temperatures: 60°C - 62°C - 72°C - 71°C - 64°C - 61°C - 72°C - 73°C | Throttling: None - None - None - None - None - None - None - None
719 (790548 Gflops/s) - 715 (786150 Gflops/s) - 708 (778454 Gflops/s) - 710 (780653 Gflops/s) - 716 (787250 Gflops/s) - 717 (788349 Gflops/s) - 703 (772956 Gflops/s) - 689 (757563 Gflops/s) | Temperatures: 61°C - 62°C - 72°C - 71°C - 64°C - 61°C - 72°C - 73°C | Throttling: None - None - None - None - None - None - None - None
720 (791648 Gflops/s) - 714 (785051 Gflops/s) - 708 (778454 Gflops/s) - 710 (780653 Gflops/s) - 714 (785051 Gflops/s) - 717 (788349 Gflops/s) - 703 (772956 Gflops/s) - 690 (758663 Gflops/s) | Temperatures: 61°C - 62°C - 72°C - 71°C - 64°C - 61°C - 72°C - 73°C | Throttling: None - None - None - None - None - None - None - None
719 (790548 Gflops/s) - 714 (785051 Gflops/s) - 707 (777354 Gflops/s) - 710 (780653 Gflops/s) - 715 (786150 Gflops/s) - 716 (787250 Gflops/s) - 702 (771857 Gflops/s) - 688 (756463 Gflops/s) | Temperatures: 61°C - 62°C - 72°C - 71°C - 64°C - 61°C - 72°C - 73°C | Throttling: None - None - None - None - None - None - None - None
719 (790548 Gflops/s) - 723 (794946 Gflops/s) - 708 (778454 Gflops/s) - 709 (779553 Gflops/s) - 716 (787250 Gflops/s) - 717 (788349 Gflops/s) - 703 (772956 Gflops/s) - 690 (758663 Gflops/s) | Temperatures: 61°C - 62°C - 72°C - 71°C - 64°C - 61°C - 72°C - 73°C | Throttling: None - None - None - None - None - None - None - None
720 (791648 Gflops/s) - 705 (775155 Gflops/s) - 708 (778454 Gflops/s) - 710 (780653 Gflops/s) - 715 (786150 Gflops/s) - 722 (793847 Gflops/s) - 702 (771857 Gflops/s) - 689 (757563 Gflops/s) | Temperatures: 61°C - 62°C - 72°C - 71°C - 64°C - 61°C - 72°C - 73°C | Throttling: None - None - None - None - None - None - None - None
718 (789449 Gflops/s) - 714 (785051 Gflops/s) - 706 (776255 Gflops/s) - 709 (779553 Gflops/s) - 715 (786150 Gflops/s) - 711 (781752 Gflops/s) - 702 (771857 Gflops/s) - 702 (771857 Gflops/s) | Temperatures: 61°C - 62°C - 72°C - 71°C - 64°C - 62°C - 73°C - 74°C | Throttling: None - None - None - None - None - None - None - None
719 (790548 Gflops/s) - 714 (785051 Gflops/s) - 709 (779553 Gflops/s) - 710 (780653 Gflops/s) - 715 (786150 Gflops/s) - 717 (788349 Gflops/s) - 704 (774056 Gflops/s) - 676 (743269 Gflops/s) | Temperatures: 61°C - 62°C - 72°C - 72°C - 64°C - 62°C - 73°C - 74°C | Throttling: None - None - None - None - None - None - None - None
720 (791648 Gflops/s) - 714 (785051 Gflops/s) - 706 (776255 Gflops/s) - 709 (779553 Gflops/s) - 714 (785051 Gflops/s) - 717 (788349 Gflops/s) - 702 (771857 Gflops/s) - 689 (757563 Gflops/s) | Temperatures: 61°C - 62°C - 72°C - 72°C - 64°C - 62°C - 73°C - 74°C | Throttling: None - None - None - None - None - None - None - None
719 (790548 Gflops/s) - 715 (786150 Gflops/s) - 708 (778454 Gflops/s) - 710 (780653 Gflops/s) - 715 (786150 Gflops/s) - 716 (787250 Gflops/s) - 702 (771857 Gflops/s) - 689 (757563 Gflops/s) | Temperatures: 61°C - 62°C - 72°C - 72°C - 64°C - 61°C - 73°C - 74°C | Throttling: None - None - None - None - None - None - None - None
718 (789449 Gflops/s) - 713 (783951 Gflops/s) - 707 (777354 Gflops/s) - 709 (779553 Gflops/s) - 714 (785051 Gflops/s) - 716 (787250 Gflops/s) - 701 (770757 Gflops/s) - 689 (757563 Gflops/s) | Temperatures: 61°C - 62°C - 73°C - 72°C - 64°C - 61°C - 73°C - 74°C | Throttling: None - None - None - None - None - None - None - None
719 (790548 Gflops/s) - 714 (785051 Gflops/s) - 707 (777354 Gflops/s) - 709 (779553 Gflops/s) - 716 (787250 Gflops/s) - 717 (788349 Gflops/s) - 702 (771857 Gflops/s) - 688 (756463 Gflops/s) | Temperatures: 61°C - 62°C - 72°C - 72°C - 64°C - 61°C - 73°C - 74°C | Throttling: None - None - None - None - None - None - None - None
720 (791648 Gflops/s) - 713 (783951 Gflops/s) - 708 (778454 Gflops/s) - 710 (780653 Gflops/s) - 715 (786150 Gflops/s) - 717 (788349 Gflops/s) - 702 (771857 Gflops/s) - 689 (757563 Gflops/s) | Temperatures: 61°C - 62°C - 72°C - 72°C - 64°C - 61°C - 73°C - 74°C | Throttling: None - None - None - None - None - None - None - None
735 (808141 Gflops/s) - 714 (785051 Gflops/s) - 706 (776255 Gflops/s) - 708 (778454 Gflops/s) - 714 (785051 Gflops/s) - 716 (787250 Gflops/s) - 702 (771857 Gflops/s) - 688 (756463 Gflops/s) | Temperatures: 61°C - 62°C - 72°C - 72°C - 64°C - 61°C - 73°C - 74°C | Throttling: None - None - None - None - None - None - None - None
702 (771857 Gflops/s) - 714 (785051 Gflops/s) - 707 (777354 Gflops/s) - 709 (779553 Gflops/s) - 715 (786150 Gflops/s) - 717 (788349 Gflops/s) - 702 (771857 Gflops/s) - 687 (755364 Gflops/s) | Temperatures: 60°C - 62°C - 73°C - 72°C - 64°C - 61°C - 73°C - 74°C | Throttling: None - None - None - None - None - None - None - None
718 (789449 Gflops/s) - 714 (785051 Gflops/s) - 707 (777354 Gflops/s) - 709 (779553 Gflops/s) - 715 (786150 Gflops/s) - 716 (787250 Gflops/s) - 701 (770757 Gflops/s) - 689 (757563 Gflops/s) | Temperatures: 60°C - 62°C - 72°C - 72°C - 64°C - 61°C - 73°C - 74°C | Throttling: None - None - None - None - None - None - None - None
719 (790548 Gflops/s) - 714 (785051 Gflops/s) - 707 (777354 Gflops/s) - 709 (779553 Gflops/s) - 716 (787250 Gflops/s) - 716 (787250 Gflops/s) - 701 (770757 Gflops/s) - 688 (756463 Gflops/s) | Temperatures: 60°C - 62°C - 72°C - 72°C - 64°C - 61°C - 73°C - 74°C | Throttling: None - None - None - None - None - None - None - None
720 (791648 Gflops/s) - 714 (785051 Gflops/s) - 707 (777354 Gflops/s) - 710 (780653 Gflops/s) - 714 (785051 Gflops/s) - 717 (788349 Gflops/s) - 701 (770757 Gflops/s) - 688 (756463 Gflops/s) | Temperatures: 60°C - 62°C - 72°C - 72°C - 64°C - 61°C - 73°C - 74°C | Throttling: None - None - None - None - None - None - None - None
718 (789449 Gflops/s) - 715 (786150 Gflops/s) - 707 (777354 Gflops/s) - 709 (779553 Gflops/s) - 716 (787250 Gflops/s) - 717 (788349 Gflops/s) - 701 (770757 Gflops/s) - 687 (755364 Gflops/s) | Temperatures: 60°C - 62°C - 72°C - 71°C - 63°C - 61°C - 73°C - 74°C | Throttling: None - None - None - None - None - None - None - None
719 (790548 Gflops/s) - 713 (783951 Gflops/s) - 707 (777354 Gflops/s) - 708 (778454 Gflops/s) - 715 (786150 Gflops/s) - 716 (787250 Gflops/s) - 701 (770757 Gflops/s) - 688 (756463 Gflops/s) | Temperatures: 60°C - 62°C - 72°C - 72°C - 63°C - 61°C - 73°C - 74°C | Throttling: None - None - None - None - None - None - None - None
719 (790548 Gflops/s) - 730 (802643 Gflops/s) - 706 (776255 Gflops/s) - 709 (779553 Gflops/s) - 717 (788349 Gflops/s) - 717 (788349 Gflops/s) - 702 (771857 Gflops/s) - 688 (756463 Gflops/s) | Temperatures: 60°C - 62°C - 72°C - 72°C - 63°C - 61°C - 73°C - 73°C | Throttling: None - None - None - None - None - None - None - None
719 (790548 Gflops/s) - 699 (768558 Gflops/s) - 708 (778454 Gflops/s) - 709 (779553 Gflops/s) - 715 (786150 Gflops/s) - 717 (788349 Gflops/s) - 701 (770757 Gflops/s) - 688 (756463 Gflops/s) | Temperatures: 60°C - 62°C - 72°C - 72°C - 63°C - 61°C - 73°C - 74°C | Throttling: None - None - None - None - None - None - None - None
719 (790548 Gflops/s) - 714 (785051 Gflops/s) - 707 (777354 Gflops/s) - 709 (779553 Gflops/s) - 716 (787250 Gflops/s) - 732 (804842 Gflops/s) - 701 (770757 Gflops/s) - 688 (756463 Gflops/s) | Temperatures: 60°C - 62°C - 72°C - 72°C - 63°C - 61°C - 73°C - 74°C | Throttling: None - None - None - None - None - None - None - None
718 (789449 Gflops/s) - 714 (785051 Gflops/s) - 707 (777354 Gflops/s) - 709 (779553 Gflops/s) - 714 (785051 Gflops/s) - 701 (770757 Gflops/s) - 701 (770757 Gflops/s) - 686 (754264 Gflops/s) | Temperatures: 60°C - 62°C - 72°C - 72°C - 63°C - 61°C - 73°C - 73°C | Throttling: None - None - None - None - None - None - None - None
719 (790548 Gflops/s) - 715 (786150 Gflops/s) - 707 (777354 Gflops/s) - 708 (778454 Gflops/s) - 715 (786150 Gflops/s) - 716 (787250 Gflops/s) - 701 (770757 Gflops/s) - 689 (757563 Gflops/s) | Temperatures: 60°C - 62°C - 72°C - 72°C - 63°C - 61°C - 73°C - 74°C | Throttling: None - None - None - None - None - None - None - None
719 (790548 Gflops/s) - 713 (783951 Gflops/s) - 706 (776255 Gflops/s) - 708 (778454 Gflops/s) - 715 (786150 Gflops/s) - 716 (787250 Gflops/s) - 700 (769658 Gflops/s) - 687 (755364 Gflops/s) | Temperatures: 60°C - 62°C - 72°C - 72°C - 63°C - 61°C - 73°C - 73°C | Throttling: None - None - None - None - None - None - None - None
719 (790548 Gflops/s) - 714 (785051 Gflops/s) - 708 (778454 Gflops/s) - 709 (779553 Gflops/s) - 716 (787250 Gflops/s) - 717 (788349 Gflops/s) - 702 (771857 Gflops/s) - 688 (756463 Gflops/s) | Temperatures: 60°C - 62°C - 72°C - 72°C - 63°C - 61°C - 73°C - 74°C | Throttling: None - None - None - None - None - None - None - None
719 (790548 Gflops/s) - 715 (786150 Gflops/s) - 707 (777354 Gflops/s) - 710 (780653 Gflops/s) - 715 (786150 Gflops/s) - 717 (788349 Gflops/s) - 701 (770757 Gflops/s) - 687 (755364 Gflops/s) | Temperatures: 60°C - 62°C - 72°C - 72°C - 63°C - 61°C - 73°C - 74°C | Throttling: None - None - None - None - None - None - None - None
719 (790548 Gflops/s) - 714 (785051 Gflops/s) - 706 (776255 Gflops/s) - 708 (778454 Gflops/s) - 715 (786150 Gflops/s) - 715 (786150 Gflops/s) - 701 (770757 Gflops/s) - 687 (755364 Gflops/s) | Temperatures: 60°C - 62°C - 72°C - 72°C - 63°C - 61°C - 73°C - 74°C | Throttling: None - None - None - None - None - None - None - None
719 (790548 Gflops/s) - 714 (785051 Gflops/s) - 708 (778454 Gflops/s) - 712 (782852 Gflops/s) - 715 (786150 Gflops/s) - 717 (788349 Gflops/s) - 701 (770757 Gflops/s) - 689 (757563 Gflops/s) | Temperatures: 60°C - 62°C - 72°C - 72°C - 63°C - 61°C - 73°C - 74°C | Throttling: None - None - None - None - None - None - None - None
720 (791648 Gflops/s) - 715 (786150 Gflops/s) - 706 (776255 Gflops/s) - 705 (775155 Gflops/s) - 717 (788349 Gflops/s) - 717 (788349 Gflops/s) - 701 (770757 Gflops/s) - 688 (756463 Gflops/s) | Temperatures: 60°C - 62°C - 72°C - 72°C - 63°C - 61°C - 73°C - 74°C | Throttling: None - None - None - None - None - None - None - None
719 (790548 Gflops/s) - 714 (785051 Gflops/s) - 707 (777354 Gflops/s) - 709 (779553 Gflops/s) - 715 (786150 Gflops/s) - 716 (787250 Gflops/s) - 700 (769658 Gflops/s) - 688 (756463 Gflops/s) | Temperatures: 60°C - 62°C - 72°C - 72°C - 63°C - 61°C - 73°C - 74°C | Throttling: None - None - None - None - None - None - None - None
719 (790548 Gflops/s) - 715 (786150 Gflops/s) - 707 (777354 Gflops/s) - 709 (779553 Gflops/s) - 715 (786150 Gflops/s) - 717 (788349 Gflops/s) - 701 (770757 Gflops/s) - 688 (756463 Gflops/s) | Temperatures: 60°C - 62°C - 72°C - 72°C - 63°C - 61°C - 73°C - 74°C | Throttling: None - None - None - None - None - None - None - None
718 (789449 Gflops/s) - 714 (785051 Gflops/s) - 706 (776255 Gflops/s) - 708 (778454 Gflops/s) - 715 (786150 Gflops/s) - 717 (788349 Gflops/s) - 701 (770757 Gflops/s) - 687 (755364 Gflops/s) | Temperatures: 60°C - 62°C - 72°C - 72°C - 63°C - 61°C - 73°C - 74°C | Throttling: None - None - None - None - None - None - None - None
719 (790548 Gflops/s) - 714 (785051 Gflops/s) - 706 (776255 Gflops/s) - 709 (779553 Gflops/s) - 716 (787250 Gflops/s) - 716 (787250 Gflops/s) - 701 (770757 Gflops/s) - 689 (757563 Gflops/s) | Temperatures: 60°C - 62°C - 72°C - 72°C - 63°C - 61°C - 73°C - 74°C | Throttling: None - None - None - None - None - None - None - None
719 (790548 Gflops/s) - 715 (786150 Gflops/s) - 708 (778454 Gflops/s) - 708 (778454 Gflops/s) - 721 (792747 Gflops/s) - 717 (788349 Gflops/s) - 701 (770757 Gflops/s) - 688 (756463 Gflops/s) | Temperatures: 60°C - 62°C - 72°C - 72°C - 63°C - 61°C - 73°C - 74°C | Throttling: None - None - None - None - None - None - None - None
719 (790548 Gflops/s) - 731 (803742 Gflops/s) - 707 (777354 Gflops/s) - 709 (779553 Gflops/s) - 709 (779553 Gflops/s) - 717 (788349 Gflops/s) - 702 (771857 Gflops/s) - 688 (756463 Gflops/s) | Temperatures: 60°C - 62°C - 72°C - 72°C - 63°C - 61°C - 73°C - 74°C | Throttling: None - None - None - None - None - None - None - None
719 (790548 Gflops/s) - 697 (766359 Gflops/s) - 707 (777354 Gflops/s) - 709 (779553 Gflops/s) - 716 (787250 Gflops/s) - 717 (788349 Gflops/s) - 701 (770757 Gflops/s) - 688 (756463 Gflops/s) | Temperatures: 60°C - 62°C - 72°C - 72°C - 63°C - 61°C - 73°C - 74°C | Throttling: None - None - None - None - None - None - None - None
719 (790548 Gflops/s) - 714 (785051 Gflops/s) - 706 (776255 Gflops/s) - 708 (778454 Gflops/s) - 716 (787250 Gflops/s) - 716 (787250 Gflops/s) - 701 (770757 Gflops/s) - 689 (757563 Gflops/s) | Temperatures: 60°C - 62°C - 72°C - 72°C - 63°C - 61°C - 73°C - 74°C | Throttling: None - None - None - None - None - None - None - None
718 (789449 Gflops/s) - 714 (785051 Gflops/s) - 706 (776255 Gflops/s) - 708 (778454 Gflops/s) - 715 (786150 Gflops/s) - 716 (787250 Gflops/s) - 700 (769658 Gflops/s) - 687 (755364 Gflops/s) | Temperatures: 60°C - 62°C - 72°C - 72°C - 63°C - 61°C - 73°C - 73°C | Throttling: None - None - None - None - None - None - None - None
719 (790548 Gflops/s) - 715 (786150 Gflops/s) - 706 (776255 Gflops/s) - 709 (779553 Gflops/s) - 715 (786150 Gflops/s) - 717 (788349 Gflops/s) - 701 (770757 Gflops/s) - 688 (756463 Gflops/s) | Temperatures: 60°C - 62°C - 72°C - 72°C - 63°C - 61°C - 73°C - 74°C | Throttling: None - None - None - None - None - None - None - None
719 (790548 Gflops/s) - 714 (785051 Gflops/s) - 707 (777354 Gflops/s) - 708 (778454 Gflops/s) - 716 (787250 Gflops/s) - 717 (788349 Gflops/s) - 701 (770757 Gflops/s) - 688 (756463 Gflops/s) | Temperatures: 60°C - 62°C - 72°C - 72°C - 63°C - 61°C - 73°C - 74°C | Throttling: None - None - None - None - None - None - None - None
695 (764160 Gflops/s) - 690 (758663 Gflops/s) - 682 (749866 Gflops/s) - 684 (752065 Gflops/s) - 691 (759762 Gflops/s) - 692 (760862 Gflops/s) - 677 (744369 Gflops/s) - 665 (731175 Gflops/s) | Temperatures: 60°C - 62°C - 72°C - 72°C - 63°C - 61°C - 73°C - 73°C | Throttling: None - None - None - None - None - None - None - None
685 (753165 Gflops/s) - 681 (748767 Gflops/s) - 673 (739971 Gflops/s) - 675 (742170 Gflops/s) - 681 (748767 Gflops/s) - 683 (750966 Gflops/s) - 668 (734473 Gflops/s) - 655 (720180 Gflops/s) | Temperatures: 60°C - 62°C - 72°C - 72°C - 63°C - 61°C - 73°C - 74°C | Throttling: None - None - None - None - None - None - None - None
685 (753165 Gflops/s) - 680 (747667 Gflops/s) - 673 (739971 Gflops/s) - 674 (741070 Gflops/s) - 682 (749866 Gflops/s) - 683 (750966 Gflops/s) - 666 (732274 Gflops/s) - 655 (720180 Gflops/s) | Temperatures: 60°C - 62°C - 72°C - 72°C - 63°C - 61°C - 73°C - 74°C | Throttling: None - None - None - None - None - None - None - None
685 (753165 Gflops/s) - 680 (747667 Gflops/s) - 674 (741070 Gflops/s) - 675 (742170 Gflops/s) - 682 (749866 Gflops/s) - 683 (750966 Gflops/s) - 669 (735573 Gflops/s) - 655 (720180 Gflops/s) | Temperatures: 60°C - 62°C - 72°C - 72°C - 63°C - 61°C - 73°C - 74°C | Throttling: None - None - None - None - None - None - None - None
685 (753165 Gflops/s) - 681 (748767 Gflops/s) - 673 (739971 Gflops/s) - 675 (742170 Gflops/s) - 681 (748767 Gflops/s) - 682 (749866 Gflops/s) - 666 (732274 Gflops/s) - 655 (720180 Gflops/s) | Temperatures: 60°C - 62°C - 72°C - 72°C - 63°C - 61°C - 73°C - 74°C | Throttling: None - None - None - None - None - None - None - None
685 (753165 Gflops/s) - 680 (747667 Gflops/s) - 673 (739971 Gflops/s) - 674 (741070 Gflops/s) - 682 (749866 Gflops/s) - 683 (750966 Gflops/s) - 668 (734473 Gflops/s) - 655 (720180 Gflops/s) | Temperatures: 60°C - 62°C - 72°C - 72°C - 63°C - 61°C - 73°C - 74°C | Throttling: None - None - None - None - None - None - None - None
685 (753165 Gflops/s) - 681 (748767 Gflops/s) - 672 (738871 Gflops/s) - 675 (742170 Gflops/s) - 682 (749866 Gflops/s) - 683 (750966 Gflops/s) - 666 (732274 Gflops/s) - 655 (720180 Gflops/s) | Temperatures: 60°C - 62°C - 72°C - 72°C - 63°C - 61°C - 73°C - 74°C | Throttling: None - None - None - None - None - None - None - None
685 (753165 Gflops/s) - 680 (747667 Gflops/s) - 674 (741070 Gflops/s) - 675 (742170 Gflops/s) - 682 (749866 Gflops/s) - 682 (749866 Gflops/s) - 668 (734473 Gflops/s) - 655 (720180 Gflops/s) | Temperatures: 60°C - 62°C - 72°C - 72°C - 63°C - 61°C - 73°C - 73°C | Throttling: None - None - None - None - None - None - None - None
686 (754264 Gflops/s) - 681 (748767 Gflops/s) - 674 (741070 Gflops/s) - 676 (743269 Gflops/s) - 683 (750966 Gflops/s) - 684 (752065 Gflops/s) - 668 (734473 Gflops/s) - 657 (722379 Gflops/s) | Temperatures: 60°C - 62°C - 72°C - 72°C - 63°C - 61°C - 73°C - 73°C | Throttling: None - None - None - None - None - None - None - None
684 (752065 Gflops/s) - 679 (746568 Gflops/s) - 671 (737772 Gflops/s) - 673 (739971 Gflops/s) - 680 (747667 Gflops/s) - 681 (748767 Gflops/s) - 666 (732274 Gflops/s) - 653 (717981 Gflops/s) | Temperatures: 60°C - 62°C - 72°C - 72°C - 63°C - 61°C - 73°C - 74°C | Throttling: None - None - None - None - None - None - None - None
685 (753165 Gflops/s) - 681 (748767 Gflops/s) - 674 (741070 Gflops/s) - 674 (741070 Gflops/s) - 682 (749866 Gflops/s) - 683 (750966 Gflops/s) - 667 (733374 Gflops/s) - 654 (719080 Gflops/s) | Temperatures: 60°C - 62°C - 72°C - 72°C - 63°C - 61°C - 73°C - 74°C | Throttling: None - None - None - None - None - None - None - None
685 (753165 Gflops/s) - 680 (747667 Gflops/s) - 673 (739971 Gflops/s) - 675 (742170 Gflops/s) - 681 (748767 Gflops/s) - 682 (749866 Gflops/s) - 668 (734473 Gflops/s) - 656 (721279 Gflops/s) | Temperatures: 60°C - 62°C - 72°C - 72°C - 63°C - 61°C - 73°C - 73°C | Throttling: None - None - None - None - None - None - None - None
685 (753165 Gflops/s) - 680 (747667 Gflops/s) - 673 (739971 Gflops/s) - 674 (741070 Gflops/s) - 682 (749866 Gflops/s) - 683 (750966 Gflops/s) - 668 (734473 Gflops/s) - 655 (720180 Gflops/s) | Temperatures: 60°C - 62°C - 72°C - 72°C - 63°C - 61°C - 73°C - 74°C | Throttling: None - None - None - None - None - None - None - None
691 (759762 Gflops/s) - 681 (748767 Gflops/s) - 673 (739971 Gflops/s) - 675 (742170 Gflops/s) - 681 (748767 Gflops/s) - 683 (750966 Gflops/s) - 667 (733374 Gflops/s) - 654 (719080 Gflops/s) | Temperatures: 60°C - 62°C - 72°C - 72°C - 63°C - 61°C - 73°C - 74°C | Throttling: None - None - None - None - None - None - None - None
679 (746568 Gflops/s) - 680 (747667 Gflops/s) - 673 (739971 Gflops/s) - 674 (741070 Gflops/s) - 682 (749866 Gflops/s) - 682 (749866 Gflops/s) - 667 (733374 Gflops/s) - 654 (719080 Gflops/s) | Temperatures: 60°C - 62°C - 72°C - 72°C - 63°C - 61°C - 73°C - 73°C | Throttling: None - None - None - None - None - None - None - None
685 (753165 Gflops/s) - 681 (748767 Gflops/s) - 673 (739971 Gflops/s) - 675 (742170 Gflops/s) - 682 (749866 Gflops/s) - 683 (750966 Gflops/s) - 667 (733374 Gflops/s) - 655 (720180 Gflops/s) | Temperatures: 60°C - 62°C - 72°C - 72°C - 63°C - 61°C - 73°C - 73°C | Throttling: None - None - None - None - None - None - None - None
686 (754264 Gflops/s) - 681 (748767 Gflops/s) - 675 (742170 Gflops/s) - 675 (742170 Gflops/s) - 682 (749866 Gflops/s) - 684 (752065 Gflops/s) - 669 (735573 Gflops/s) - 656 (721279 Gflops/s) | Temperatures: 60°C - 62°C - 72°C - 72°C - 63°C - 61°C - 73°C - 74°C | Throttling: None - None - None - None - None - None - None - None
649 (713583 Gflops/s) - 645 (709184 Gflops/s) - 637 (700388 Gflops/s) - 639 (702587 Gflops/s) - 646 (710284 Gflops/s) - 646 (710284 Gflops/s) - 632 (694891 Gflops/s) - 620 (681697 Gflops/s) | Temperatures: 60°C - 62°C - 72°C - 72°C - 63°C - 61°C - 73°C - 74°C | Throttling: None - None - None - None - None - None - None - None
672 (738871 Gflops/s) - 668 (734473 Gflops/s) - 661 (726777 Gflops/s) - 663 (728976 Gflops/s) - 670 (736672 Gflops/s) - 671 (737772 Gflops/s) - 656 (721279 Gflops/s) - 644 (708085 Gflops/s) | Temperatures: 60°C - 62°C - 72°C - 72°C - 63°C - 61°C - 73°C - 74°C | Throttling: None - None - None - None - None - None - None - None
652 (716881 Gflops/s) - 648 (712483 Gflops/s) - 640 (703687 Gflops/s) - 641 (704786 Gflops/s) - 648 (712483 Gflops/s) - 649 (713583 Gflops/s) - 634 (697090 Gflops/s) - 623 (684995 Gflops/s) | Temperatures: 60°C - 62°C - 72°C - 72°C - 63°C - 61°C - 73°C - 74°C | Throttling: None - None - None - None - None - None - None - None
661 (726777 Gflops/s) - 657 (722379 Gflops/s) - 650 (714682 Gflops/s) - 652 (716881 Gflops/s) - 659 (724578 Gflops/s) - 659 (724578 Gflops/s) - 645 (709184 Gflops/s) - 633 (695990 Gflops/s) | Temperatures: 60°C - 62°C - 72°C - 72°C - 63°C - 61°C - 73°C - 74°C | Throttling: None - None - None - None - None - None - None - None
666 (732274 Gflops/s) - 661 (726777 Gflops/s) - 654 (719080 Gflops/s) - 655 (720180 Gflops/s) - 663 (728976 Gflops/s) - 664 (730075 Gflops/s) - 648 (712483 Gflops/s) - 636 (699289 Gflops/s) | Temperatures: 60°C - 62°C - 72°C - 72°C - 63°C - 61°C - 73°C - 73°C | Throttling: None - None - None - None - None - None - None - None
660 (725677 Gflops/s) - 656 (721279 Gflops/s) - 655 (720180 Gflops/s) - 650 (714682 Gflops/s) - 657 (722379 Gflops/s) - 658 (723478 Gflops/s) - 644 (708085 Gflops/s) - 632 (694891 Gflops/s) | Temperatures: 60°C - 62°C - 72°C - 72°C - 63°C - 61°C - 73°C - 74°C | Throttling: None - None - None - None - None - None - None - None
667 (733374 Gflops/s) - 663 (728976 Gflops/s) - 648 (712483 Gflops/s) - 657 (722379 Gflops/s) - 664 (730075 Gflops/s) - 665 (731175 Gflops/s) - 649 (713583 Gflops/s) - 638 (701488 Gflops/s) | Temperatures: 60°C - 62°C - 72°C - 72°C - 63°C - 61°C - 73°C - 74°C | Throttling: None - None - None - None - None - None - None - None
679 (746568 Gflops/s) - 675 (742170 Gflops/s) - 666 (732274 Gflops/s) - 668 (734473 Gflops/s) - 676 (743269 Gflops/s) - 676 (743269 Gflops/s) - 661 (726777 Gflops/s) - 649 (713583 Gflops/s) | Temperatures: 60°C - 62°C - 72°C - 72°C - 63°C - 61°C - 73°C - 74°C | Throttling: None - None - None - None - None - None - None - None
641 (704786 Gflops/s) - 636 (699289 Gflops/s) - 630 (692692 Gflops/s) - 631 (693791 Gflops/s) - 638 (701488 Gflops/s) - 639 (702587 Gflops/s) - 625 (687194 Gflops/s) - 614 (675100 Gflops/s) | Temperatures: 60°C - 62°C - 72°C - 72°C - 63°C - 61°C - 73°C - 74°C | Throttling: None - None - None - None - None - None - None - None
669 (735573 Gflops/s) - 665 (731175 Gflops/s) - 657 (722379 Gflops/s) - 659 (724578 Gflops/s) - 665 (731175 Gflops/s) - 666 (732274 Gflops/s) - 652 (716881 Gflops/s) - 639 (702587 Gflops/s) | Temperatures: 60°C - 62°C - 72°C - 72°C - 63°C - 61°C - 73°C - 74°C | Throttling: None - None - None - None - None - None - None - None
656 (721279 Gflops/s) - 652 (716881 Gflops/s) - 645 (709184 Gflops/s) - 646 (710284 Gflops/s) - 654 (719080 Gflops/s) - 654 (719080 Gflops/s) - 639 (702587 Gflops/s) - 627 (689393 Gflops/s) | Temperatures: 60°C - 62°C - 72°C - 72°C - 63°C - 61°C - 73°C - 74°C | Throttling: None - None - None - None - None - None - None - None
661 (726777 Gflops/s) - 657 (722379 Gflops/s) - 650 (714682 Gflops/s) - 651 (715782 Gflops/s) - 658 (723478 Gflops/s) - 659 (724578 Gflops/s) - 644 (708085 Gflops/s) - 632 (694891 Gflops/s) | Temperatures: 60°C - 62°C - 72°C - 72°C - 63°C - 61°C - 73°C - 74°C | Throttling: None - None - None - None - None - None - None - None
665 (731175 Gflops/s) - 661 (726777 Gflops/s) - 653 (717981 Gflops/s) - 655 (720180 Gflops/s) - 660 (725677 Gflops/s) - 663 (728976 Gflops/s) - 647 (711384 Gflops/s) - 636 (699289 Gflops/s) | Temperatures: 60°C - 62°C - 72°C - 72°C - 63°C - 61°C - 73°C - 74°C | Throttling: None - None - None - None - None - None - None - None
661 (726777 Gflops/s) - 657 (722379 Gflops/s) - 649 (713583 Gflops/s) - 650 (714682 Gflops/s) - 658 (723478 Gflops/s) - 658 (723478 Gflops/s) - 643 (706985 Gflops/s) - 631 (693791 Gflops/s) | Temperatures: 60°C - 62°C - 72°C - 72°C - 63°C - 61°C - 73°C - 74°C | Throttling: None - None - None - None - None - None - None - None
667 (733374 Gflops/s) - 662 (727876 Gflops/s) - 656 (721279 Gflops/s) - 657 (722379 Gflops/s) - 664 (730075 Gflops/s) - 665 (731175 Gflops/s) - 650 (714682 Gflops/s) - 638 (701488 Gflops/s) | Temperatures: 60°C - 62°C - 72°C - 72°C - 63°C - 61°C - 73°C - 74°C | Throttling: None - None - None - None - None - None - None - None
679 (746568 Gflops/s) - 675 (742170 Gflops/s) - 666 (732274 Gflops/s) - 668 (734473 Gflops/s) - 675 (742170 Gflops/s) - 677 (744369 Gflops/s) - 661 (726777 Gflops/s) - 648 (712483 Gflops/s) | Temperatures: 60°C - 62°C - 72°C - 72°C - 63°C - 61°C - 73°C - 74°C | Throttling: None - None - None - None - None - None - None - None
641 (704786 Gflops/s) - 637 (700388 Gflops/s) - 630 (692692 Gflops/s) - 632 (694891 Gflops/s) - 639 (702587 Gflops/s) - 639 (702587 Gflops/s) - 624 (686095 Gflops/s) - 613 (674000 Gflops/s) | Temperatures: 60°C - 62°C - 72°C - 72°C - 63°C - 61°C - 73°C - 74°C | Throttling: None - None - None - None - None - None - None - None
663 (728976 Gflops/s) - 659 (724578 Gflops/s) - 652 (716881 Gflops/s) - 652 (716881 Gflops/s) - 659 (724578 Gflops/s) - 661 (726777 Gflops/s) - 646 (710284 Gflops/s) - 635 (698189 Gflops/s) | Temperatures: 60°C - 62°C - 72°C - 72°C - 63°C - 61°C - 73°C - 74°C | Throttling: None - None - None - None - None - None - None - None
662 (727876 Gflops/s) - 658 (723478 Gflops/s) - 649 (713583 Gflops/s) - 652 (716881 Gflops/s) - 659 (724578 Gflops/s) - 659 (724578 Gflops/s) - 644 (708085 Gflops/s) - 644 (708085 Gflops/s) | Temperatures: 60°C - 62°C - 72°C - 72°C - 63°C - 61°C - 73°C - 74°C | Throttling: None - None - None - None - None - None - None - None
661 (726777 Gflops/s) - 657 (722379 Gflops/s) - 649 (713583 Gflops/s) - 651 (715782 Gflops/s) - 659 (724578 Gflops/s) - 660 (725677 Gflops/s) - 644 (708085 Gflops/s) - 620 (681697 Gflops/s) | Temperatures: 60°C - 62°C - 72°C - 72°C - 63°C - 61°C - 73°C - 74°C | Throttling: None - None - None - None - None - None - None - None
666 (732274 Gflops/s) - 676 (743269 Gflops/s) - 653 (717981 Gflops/s) - 654 (719080 Gflops/s) - 662 (727876 Gflops/s) - 662 (727876 Gflops/s) - 648 (712483 Gflops/s) - 636 (699289 Gflops/s) | Temperatures: 60°C - 62°C - 72°C - 72°C - 63°C - 61°C - 73°C - 74°C | Throttling: None - None - None - None - None - None - None - None
660 (725677 Gflops/s) - 642 (705886 Gflops/s) - 649 (713583 Gflops/s) - 651 (715782 Gflops/s) - 658 (723478 Gflops/s) - 659 (724578 Gflops/s) - 643 (706985 Gflops/s) - 631 (693791 Gflops/s) | Temperatures: 60°C - 62°C - 72°C - 72°C - 63°C - 61°C - 73°C - 74°C | Throttling: None - None - None - None - None - None - None - None
668 (734473 Gflops/s) - 663 (728976 Gflops/s) - 656 (721279 Gflops/s) - 657 (722379 Gflops/s) - 664 (730075 Gflops/s) - 665 (731175 Gflops/s) - 649 (713583 Gflops/s) - 638 (701488 Gflops/s) | Temperatures: 60°C - 62°C - 72°C - 72°C - 63°C - 61°C - 73°C - 74°C | Throttling: None - None - None - None - None - None - None - None
678 (745468 Gflops/s) - 674 (741070 Gflops/s) - 666 (732274 Gflops/s) - 668 (734473 Gflops/s) - 676 (743269 Gflops/s) - 676 (743269 Gflops/s) - 661 (726777 Gflops/s) - 648 (712483 Gflops/s) | Temperatures: 60°C - 62°C - 72°C - 72°C - 63°C - 61°C - 73°C - 74°C | Throttling: None - None - None - None - None - None - None - None
641 (704786 Gflops/s) - 637 (700388 Gflops/s) - 630 (692692 Gflops/s) - 631 (693791 Gflops/s) - 637 (700388 Gflops/s) - 639 (702587 Gflops/s) - 624 (686095 Gflops/s) - 613 (674000 Gflops/s) | Temperatures: 60°C - 62°C - 72°C - 72°C - 63°C - 61°C - 73°C - 74°C | Throttling: None - None - None - None - None - None - None - None
663 (728976 Gflops/s) - 657 (722379 Gflops/s) - 650 (714682 Gflops/s) - 652 (716881 Gflops/s) - 659 (724578 Gflops/s) - 660 (725677 Gflops/s) - 645 (709184 Gflops/s) - 632 (694891 Gflops/s) | Temperatures: 60°C - 62°C - 72°C - 72°C - 63°C - 61°C - 73°C - 74°C | Throttling: None - None - None - None - None - None - None - None
662 (727876 Gflops/s) - 658 (723478 Gflops/s) - 650 (714682 Gflops/s) - 652 (716881 Gflops/s) - 660 (725677 Gflops/s) - 660 (725677 Gflops/s) - 644 (708085 Gflops/s) - 633 (695990 Gflops/s) | Temperatures: 60°C - 62°C - 72°C - 72°C - 63°C - 61°C - 73°C - 74°C | Throttling: None - None - None - None - None - None - None - None
662 (727876 Gflops/s) - 658 (723478 Gflops/s) - 651 (715782 Gflops/s) - 652 (716881 Gflops/s) - 659 (724578 Gflops/s) - 660 (725677 Gflops/s) - 645 (709184 Gflops/s) - 633 (695990 Gflops/s) | Temperatures: 60°C - 62°C - 72°C - 72°C - 63°C - 61°C - 73°C - 74°C | Throttling: None - None - None - None - None - None - None - None
665 (731175 Gflops/s) - 660 (725677 Gflops/s) - 653 (717981 Gflops/s) - 654 (719080 Gflops/s) - 660 (725677 Gflops/s) - 662 (727876 Gflops/s) - 647 (711384 Gflops/s) - 635 (698189 Gflops/s) | Temperatures: 60°C - 62°C - 72°C - 72°C - 63°C - 61°C - 73°C - 74°C | Throttling: None - None - None - None - None - None - None - None
661 (726777 Gflops/s) - 656 (721279 Gflops/s) - 650 (714682 Gflops/s) - 651 (715782 Gflops/s) - 658 (723478 Gflops/s) - 659 (724578 Gflops/s) - 644 (708085 Gflops/s) - 632 (694891 Gflops/s) | Temperatures: 60°C - 62°C - 72°C - 72°C - 63°C - 61°C - 73°C - 74°C | Throttling: None - None - None - None - None - None - None - None
666 (732274 Gflops/s) - 662 (727876 Gflops/s) - 654 (719080 Gflops/s) - 655 (720180 Gflops/s) - 662 (727876 Gflops/s) - 664 (730075 Gflops/s) - 649 (713583 Gflops/s) - 637 (700388 Gflops/s) | Temperatures: 60°C - 62°C - 72°C - 72°C - 63°C - 61°C - 73°C - 74°C | Throttling: None - None - None - None - None - None - None - None
680 (747667 Gflops/s) - 675 (742170 Gflops/s) - 667 (733374 Gflops/s) - 669 (735573 Gflops/s) - 676 (743269 Gflops/s) - 677 (744369 Gflops/s) - 662 (727876 Gflops/s) - 649 (713583 Gflops/s) | Temperatures: 60°C - 62°C - 73°C - 72°C - 63°C - 61°C - 73°C - 74°C | Throttling: None - None - None - None - None - None - None - None
641 (704786 Gflops/s) - 637 (700388 Gflops/s) - 630 (692692 Gflops/s) - 631 (693791 Gflops/s) - 638 (701488 Gflops/s) - 638 (701488 Gflops/s) - 624 (686095 Gflops/s) - 614 (675100 Gflops/s) | Temperatures: 60°C - 62°C - 72°C - 72°C - 63°C - 61°C - 73°C - 74°C | Throttling: None - None - None - None - None - None - None - None
662 (727876 Gflops/s) - 658 (723478 Gflops/s) - 649 (713583 Gflops/s) - 652 (716881 Gflops/s) - 659 (724578 Gflops/s) - 660 (725677 Gflops/s) - 644 (708085 Gflops/s) - 634 (697090 Gflops/s) | Temperatures: 60°C - 62°C - 72°C - 72°C - 63°C - 61°C - 73°C - 74°C | Throttling: None - None - None - None - None - None - None - None
662 (727876 Gflops/s) - 658 (723478 Gflops/s) - 650 (714682 Gflops/s) - 652 (716881 Gflops/s) - 659 (724578 Gflops/s) - 660 (725677 Gflops/s) - 645 (709184 Gflops/s) - 632 (694891 Gflops/s) | Temperatures: 60°C - 62°C - 73°C - 72°C - 63°C - 61°C - 73°C - 74°C | Throttling: None - None - None - None - None - None - None - None
663 (728976 Gflops/s) - 658 (723478 Gflops/s) - 650 (714682 Gflops/s) - 651 (715782 Gflops/s) - 658 (723478 Gflops/s) - 659 (724578 Gflops/s) - 645 (709184 Gflops/s) - 634 (697090 Gflops/s) | Temperatures: 60°C - 62°C - 73°C - 72°C - 63°C - 61°C - 73°C - 74°C | Throttling: None - None - None - None - None - None - None - None
664 (730075 Gflops/s) - 661 (726777 Gflops/s) - 653 (717981 Gflops/s) - 655 (720180 Gflops/s) - 662 (727876 Gflops/s) - 663 (728976 Gflops/s) - 647 (711384 Gflops/s) - 636 (699289 Gflops/s) | Temperatures: 60°C - 62°C - 72°C - 72°C - 63°C - 61°C - 73°C - 74°C | Throttling: None - None - None - None - None - None - None - None
661 (726777 Gflops/s) - 656 (721279 Gflops/s) - 649 (713583 Gflops/s) - 650 (714682 Gflops/s) - 657 (722379 Gflops/s) - 666 (732274 Gflops/s) - 644 (708085 Gflops/s) - 632 (694891 Gflops/s) | Temperatures: 60°C - 62°C - 72°C - 72°C - 63°C - 61°C - 73°C - 74°C | Throttling: None - None - None - None - None - None - None - None
667 (733374 Gflops/s) - 662 (727876 Gflops/s) - 654 (719080 Gflops/s) - 656 (721279 Gflops/s) - 663 (728976 Gflops/s) - 656 (721279 Gflops/s) - 648 (712483 Gflops/s) - 636 (699289 Gflops/s) | Temperatures: 60°C - 62°C - 73°C - 72°C - 63°C - 61°C - 73°C - 74°C | Throttling: None - None - None - None - None - None - None - None
679 (746568 Gflops/s) - 674 (741070 Gflops/s) - 667 (733374 Gflops/s) - 668 (734473 Gflops/s) - 676 (743269 Gflops/s) - 676 (743269 Gflops/s) - 661 (726777 Gflops/s) - 648 (712483 Gflops/s) | Temperatures: 60°C - 62°C - 72°C - 72°C - 63°C - 61°C - 73°C - 74°C | Throttling: None - None - None - None - None - None - None - None
641 (704786 Gflops/s) - 638 (701488 Gflops/s) - 630 (692692 Gflops/s) - 631 (693791 Gflops/s) - 637 (700388 Gflops/s) - 640 (703687 Gflops/s) - 625 (687194 Gflops/s) - 614 (675100 Gflops/s) | Temperatures: 60°C - 62°C - 72°C - 72°C - 63°C - 61°C - 73°C - 74°C | Throttling: None - None - None - None - None - None - None - None
673 (739971 Gflops/s) - 668 (734473 Gflops/s) - 661 (726777 Gflops/s) - 662 (727876 Gflops/s) - 668 (734473 Gflops/s) - 670 (736672 Gflops/s) - 655 (720180 Gflops/s) - 642 (705886 Gflops/s) | Temperatures: 60°C - 62°C - 72°C - 72°C - 63°C - 61°C - 73°C - 74°C | Throttling: None - None - None - None - None - None - None - None
652 (716881 Gflops/s) - 648 (712483 Gflops/s) - 640 (703687 Gflops/s) - 646 (710284 Gflops/s) - 649 (713583 Gflops/s) - 649 (713583 Gflops/s) - 634 (697090 Gflops/s) - 624 (686095 Gflops/s) | Temperatures: 60°C - 62°C - 72°C - 72°C - 63°C - 61°C - 73°C - 74°C | Throttling: None - None - None - None - None - None - None - None
662 (727876 Gflops/s) - 658 (723478 Gflops/s) - 650 (714682 Gflops/s) - 648 (712483 Gflops/s) - 659 (724578 Gflops/s) - 660 (725677 Gflops/s) - 645 (709184 Gflops/s) - 633 (695990 Gflops/s) | Temperatures: 60°C - 62°C - 73°C - 72°C - 63°C - 61°C - 73°C - 74°C | Throttling: None - None - None - None - None - None - None - None
665 (731175 Gflops/s) - 660 (725677 Gflops/s) - 653 (717981 Gflops/s) - 654 (719080 Gflops/s) - 661 (726777 Gflops/s) - 663 (728976 Gflops/s) - 648 (712483 Gflops/s) - 635 (698189 Gflops/s) | Temperatures: 60°C - 62°C - 72°C - 72°C - 63°C - 61°C - 73°C - 74°C | Throttling: None - None - None - None - None - None - None - None
660 (725677 Gflops/s) - 657 (722379 Gflops/s) - 648 (712483 Gflops/s) - 649 (713583 Gflops/s) - 657 (722379 Gflops/s) - 658 (723478 Gflops/s) - 642 (705886 Gflops/s) - 631 (693791 Gflops/s) | Temperatures: 60°C - 62°C - 72°C - 72°C - 63°C - 61°C - 73°C - 74°C | Throttling: None - None - None - None - None - None - None - None
667 (733374 Gflops/s) - 662 (727876 Gflops/s) - 657 (722379 Gflops/s) - 657 (722379 Gflops/s) - 664 (730075 Gflops/s) - 664 (730075 Gflops/s) - 650 (714682 Gflops/s) - 637 (700388 Gflops/s) | Temperatures: 60°C - 62°C - 72°C - 72°C - 63°C - 61°C - 73°C - 74°C | Throttling: None - None - None - None - None - None - None - None
679 (746568 Gflops/s) - 676 (743269 Gflops/s) - 665 (731175 Gflops/s) - 669 (735573 Gflops/s) - 676 (743269 Gflops/s) - 677 (744369 Gflops/s) - 661 (726777 Gflops/s) - 650 (714682 Gflops/s) | Temperatures: 60°C - 62°C - 72°C - 72°C - 63°C - 61°C - 73°C - 74°C | Throttling: None - None - None - None - None - None - None - None
641 (704786 Gflops/s) - 636 (699289 Gflops/s) - 629 (691592 Gflops/s) - 630 (692692 Gflops/s) - 638 (701488 Gflops/s) - 638 (701488 Gflops/s) - 624 (686095 Gflops/s) - 612 (672901 Gflops/s) | Temperatures: 60°C - 62°C - 72°C - 72°C - 63°C - 61°C - 73°C - 74°C | Throttling: None - None - None - None - None - None - None - None
673 (739971 Gflops/s) - 669 (735573 Gflops/s) - 660 (725677 Gflops/s) - 665 (731175 Gflops/s) - 668 (734473 Gflops/s) - 671 (737772 Gflops/s) - 655 (720180 Gflops/s) - 642 (705886 Gflops/s) | Temperatures: 60°C - 62°C - 73°C - 72°C - 63°C - 61°C - 73°C - 74°C | Throttling: None - None - None - None - None - None - None - None
652 (716881 Gflops/s) - 648 (712483 Gflops/s) - 641 (704786 Gflops/s) - 639 (702587 Gflops/s) - 649 (713583 Gflops/s) - 650 (714682 Gflops/s) - 635 (698189 Gflops/s) - 624 (686095 Gflops/s) | Temperatures: 60°C - 62°C - 72°C - 72°C - 63°C - 61°C - 73°C - 74°C | Throttling: None - None - None - None - None - None - None - None
661 (726777 Gflops/s) - 657 (722379 Gflops/s) - 648 (712483 Gflops/s) - 650 (714682 Gflops/s) - 657 (722379 Gflops/s) - 659 (724578 Gflops/s) - 643 (706985 Gflops/s) - 631 (693791 Gflops/s) | Temperatures: 60°C - 62°C - 72°C - 72°C - 63°C - 61°C - 73°C - 74°C | Throttling: None - None - None - None - None - None - None - None
688 (756463 Gflops/s) - 684 (752065 Gflops/s) - 677 (744369 Gflops/s) - 677 (744369 Gflops/s) - 685 (753165 Gflops/s) - 686 (754264 Gflops/s) - 671 (737772 Gflops/s) - 658 (723478 Gflops/s) | Temperatures: 60°C - 62°C - 73°C - 72°C - 63°C - 61°C - 73°C - 74°C | Throttling: None - None - None - None - None - None - None - None
718 (789449 Gflops/s) - 713 (783951 Gflops/s) - 705 (775155 Gflops/s) - 707 (777354 Gflops/s) - 715 (786150 Gflops/s) - 715 (786150 Gflops/s) - 698 (767459 Gflops/s) - 685 (753165 Gflops/s) | Temperatures: 60°C - 62°C - 72°C - 72°C - 63°C - 61°C - 73°C - 74°C | Throttling: None - None - None - None - None - None - None - None
717 (788349 Gflops/s) - 713 (783951 Gflops/s) - 709 (779553 Gflops/s) - 706 (776255 Gflops/s) - 714 (785051 Gflops/s) - 715 (786150 Gflops/s) - 699 (768558 Gflops/s) - 686 (754264 Gflops/s) | Temperatures: 60°C - 62°C - 73°C - 72°C - 63°C - 61°C - 73°C - 74°C | Throttling: None - None - None - None - None - None - None - None
718 (789449 Gflops/s) - 713 (783951 Gflops/s) - 700 (769658 Gflops/s) - 706 (776255 Gflops/s) - 714 (785051 Gflops/s) - 715 (786150 Gflops/s) - 699 (768558 Gflops/s) - 686 (754264 Gflops/s) | Temperatures: 60°C - 62°C - 72°C - 72°C - 63°C - 61°C - 73°C - 74°C | Throttling: None - None - None - None - None - None - None - None
717 (788349 Gflops/s) - 713 (783951 Gflops/s) - 704 (774056 Gflops/s) - 706 (776255 Gflops/s) - 714 (785051 Gflops/s) - 715 (786150 Gflops/s) - 698 (767459 Gflops/s) - 686 (754264 Gflops/s) | Temperatures: 60°C - 62°C - 73°C - 72°C - 63°C - 61°C - 73°C - 74°C | Throttling: None - None - None - None - None - None - None - None
717 (788349 Gflops/s) - 714 (785051 Gflops/s) - 704 (774056 Gflops/s) - 707 (777354 Gflops/s) - 715 (786150 Gflops/s) - 715 (786150 Gflops/s) - 699 (768558 Gflops/s) - 685 (753165 Gflops/s) | Temperatures: 60°C - 62°C - 72°C - 72°C - 63°C - 61°C - 73°C - 74°C | Throttling: None - None - None - None - None - None - None - None
717 (788349 Gflops/s) - 712 (782852 Gflops/s) - 704 (774056 Gflops/s) - 705 (775155 Gflops/s) - 714 (785051 Gflops/s) - 714 (785051 Gflops/s) - 698 (767459 Gflops/s) - 685 (753165 Gflops/s) | Temperatures: 60°C - 62°C - 72°C - 72°C - 63°C - 61°C - 73°C - 74°C | Throttling: None - None - None - None - None - None - None - None
718 (789449 Gflops/s) - 713 (783951 Gflops/s) - 704 (774056 Gflops/s) - 706 (776255 Gflops/s) - 714 (785051 Gflops/s) - 715 (786150 Gflops/s) - 698 (767459 Gflops/s) - 687 (755364 Gflops/s) | Temperatures: 60°C - 62°C - 73°C - 72°C - 63°C - 61°C - 73°C - 74°C | Throttling: None - None - None - None - None - None - None - None
718 (789449 Gflops/s) - 713 (783951 Gflops/s) - 705 (775155 Gflops/s) - 711 (781752 Gflops/s) - 714 (785051 Gflops/s) - 716 (787250 Gflops/s) - 699 (768558 Gflops/s) - 685 (753165 Gflops/s) | Temperatures: 60°C - 62°C - 72°C - 72°C - 63°C - 61°C - 73°C - 74°C | Throttling: None - None - None - None - None - None - None - None
717 (788349 Gflops/s) - 713 (783951 Gflops/s) - 704 (774056 Gflops/s) - 702 (771857 Gflops/s) - 715 (786150 Gflops/s) - 715 (786150 Gflops/s) - 699 (768558 Gflops/s) - 686 (754264 Gflops/s) | Temperatures: 60°C - 62°C - 72°C - 72°C - 63°C - 61°C - 73°C - 74°C | Throttling: None - None - None - None - None - None - None - None
717 (788349 Gflops/s) - 712 (782852 Gflops/s) - 703 (772956 Gflops/s) - 705 (775155 Gflops/s) - 713 (783951 Gflops/s) - 714 (785051 Gflops/s) - 698 (767459 Gflops/s) - 685 (753165 Gflops/s) | Temperatures: 60°C - 62°C - 72°C - 72°C - 63°C - 61°C - 73°C - 74°C | Throttling: None - None - None - None - None - None - None - None
716 (787250 Gflops/s) - 711 (781752 Gflops/s) - 703 (772956 Gflops/s) - 704 (774056 Gflops/s) - 712 (782852 Gflops/s) - 714 (785051 Gflops/s) - 697 (766359 Gflops/s) - 684 (752065 Gflops/s) | Temperatures: 60°C - 62°C - 72°C - 72°C - 63°C - 61°C - 73°C - 74°C | Throttling: None - None - None - None - None - None - None - None
663 (728976 Gflops/s) - 657 (722379 Gflops/s) - 649 (713583 Gflops/s) - 651 (715782 Gflops/s) - 658 (723478 Gflops/s) - 658 (723478 Gflops/s) - 643 (706985 Gflops/s) - 642 (705886 Gflops/s) | Temperatures: 60°C - 62°C - 73°C - 72°C - 63°C - 61°C - 73°C - 74°C | Throttling: None - None - None - None - None - None - None - None
670 (736672 Gflops/s) - 668 (734473 Gflops/s) - 660 (725677 Gflops/s) - 661 (726777 Gflops/s) - 668 (734473 Gflops/s) - 670 (736672 Gflops/s) - 655 (720180 Gflops/s) - 632 (694891 Gflops/s) | Temperatures: 60°C - 62°C - 72°C - 72°C - 63°C - 61°C - 73°C - 74°C | Throttling: None - None - None - None - None - None - None - None
653 (717981 Gflops/s) - 648 (712483 Gflops/s) - 640 (703687 Gflops/s) - 642 (705886 Gflops/s) - 650 (714682 Gflops/s) - 650 (714682 Gflops/s) - 635 (698189 Gflops/s) - 624 (686095 Gflops/s) | Temperatures: 60°C - 62°C - 72°C - 72°C - 63°C - 61°C - 73°C - 74°C | Throttling: None - None - None - None - None - None - None - None
661 (726777 Gflops/s) - 657 (722379 Gflops/s) - 649 (713583 Gflops/s) - 650 (714682 Gflops/s) - 657 (722379 Gflops/s) - 658 (723478 Gflops/s) - 644 (708085 Gflops/s) - 632 (694891 Gflops/s) | Temperatures: 60°C - 62°C - 72°C - 72°C - 63°C - 61°C - 73°C - 74°C | Throttling: None - None - None - None - None - None - None - None
666 (732274 Gflops/s) - 661 (726777 Gflops/s) - 653 (717981 Gflops/s) - 655 (720180 Gflops/s) - 662 (727876 Gflops/s) - 663 (728976 Gflops/s) - 648 (712483 Gflops/s) - 635 (698189 Gflops/s) | Temperatures: 60°C - 62°C - 72°C - 72°C - 63°C - 61°C - 73°C - 74°C | Throttling: None - None - None - None - None - None - None - None
660 (725677 Gflops/s) - 656 (721279 Gflops/s) - 648 (712483 Gflops/s) - 649 (713583 Gflops/s) - 657 (722379 Gflops/s) - 658 (723478 Gflops/s) - 642 (705886 Gflops/s) - 631 (693791 Gflops/s) | Temperatures: 60°C - 62°C - 72°C - 72°C - 63°C - 61°C - 73°C - 74°C | Throttling: None - None - None - None - None - None - None - None
662 (727876 Gflops/s) - 674 (741070 Gflops/s) - 649 (713583 Gflops/s) - 651 (715782 Gflops/s) - 658 (723478 Gflops/s) - 660 (725677 Gflops/s) - 645 (709184 Gflops/s) - 633 (695990 Gflops/s) | Temperatures: 60°C - 62°C - 72°C - 72°C - 63°C - 61°C - 73°C - 74°C | Throttling: None - None - None - None - None - None - None - None
684 (752065 Gflops/s) - 663 (728976 Gflops/s) - 672 (738871 Gflops/s) - 673 (739971 Gflops/s) - 680 (747667 Gflops/s) - 681 (748767 Gflops/s) - 666 (732274 Gflops/s) - 653 (717981 Gflops/s) | Temperatures: 60°C - 62°C - 72°C - 72°C - 63°C - 61°C - 73°C - 74°C | Throttling: None - None - None - None - None - None - None - None
641 (704786 Gflops/s) - 637 (700388 Gflops/s) - 641 (704786 Gflops/s) - 631 (693791 Gflops/s) - 638 (701488 Gflops/s) - 639 (702587 Gflops/s) - 624 (686095 Gflops/s) - 612 (672901 Gflops/s) | Temperatures: 60°C - 62°C - 72°C - 72°C - 63°C - 61°C - 73°C - 74°C | Throttling: None - None - None - None - None - None - None - None
673 (739971 Gflops/s) - 668 (734473 Gflops/s) - 648 (712483 Gflops/s) - 661 (726777 Gflops/s) - 669 (735573 Gflops/s) - 670 (736672 Gflops/s) - 655 (720180 Gflops/s) - 643 (706985 Gflops/s) | Temperatures: 60°C - 62°C - 72°C - 72°C - 63°C - 61°C - 73°C - 74°C | Throttling: None - None - None - None - None - None - None - None
653 (717981 Gflops/s) - 649 (713583 Gflops/s) - 641 (704786 Gflops/s) - 643 (706985 Gflops/s) - 651 (715782 Gflops/s) - 650 (714682 Gflops/s) - 636 (699289 Gflops/s) - 624 (686095 Gflops/s) | Temperatures: 60°C - 62°C - 72°C - 72°C - 63°C - 61°C - 73°C - 74°C | Throttling: None - None - None - None - None - None - None - None
661 (726777 Gflops/s) - 656 (721279 Gflops/s) - 648 (712483 Gflops/s) - 650 (714682 Gflops/s) - 657 (722379 Gflops/s) - 659 (724578 Gflops/s) - 643 (706985 Gflops/s) - 632 (694891 Gflops/s) | Temperatures: 60°C - 62°C - 72°C - 72°C - 63°C - 61°C - 73°C - 74°C | Throttling: None - None - None - None - None - None - None - None
664 (730075 Gflops/s) - 661 (726777 Gflops/s) - 653 (717981 Gflops/s) - 655 (720180 Gflops/s) - 662 (727876 Gflops/s) - 662 (727876 Gflops/s) - 648 (712483 Gflops/s) - 635 (698189 Gflops/s) | Temperatures: 60°C - 62°C - 73°C - 72°C - 63°C - 61°C - 73°C - 74°C | Throttling: None - None - None - None - None - None - None - None
660 (725677 Gflops/s) - 656 (721279 Gflops/s) - 648 (712483 Gflops/s) - 649 (713583 Gflops/s) - 656 (721279 Gflops/s) - 658 (723478 Gflops/s) - 643 (706985 Gflops/s) - 631 (693791 Gflops/s) | Temperatures: 60°C - 62°C - 72°C - 72°C - 63°C - 61°C - 73°C - 74°C | Throttling: None - None - None - None - None - None - None - None
663 (728976 Gflops/s) - 658 (723478 Gflops/s) - 649 (713583 Gflops/s) - 652 (716881 Gflops/s) - 676 (743269 Gflops/s) - 659 (724578 Gflops/s) - 645 (709184 Gflops/s) - 632 (694891 Gflops/s) | Temperatures: 60°C - 62°C - 72°C - 72°C - 63°C - 61°C - 73°C - 74°C | Throttling: None - None - None - None - None - None - None - None
684 (752065 Gflops/s) - 680 (747667 Gflops/s) - 685 (753165 Gflops/s) - 673 (739971 Gflops/s) - 662 (727876 Gflops/s) - 682 (749866 Gflops/s) - 666 (732274 Gflops/s) - 654 (719080 Gflops/s) | Temperatures: 60°C - 62°C - 72°C - 72°C - 63°C - 61°C - 73°C - 74°C | Throttling: None - None - None - None - None - None - None - None
640 (703687 Gflops/s) - 636 (699289 Gflops/s) - 615 (676199 Gflops/s) - 630 (692692 Gflops/s) - 637 (700388 Gflops/s) - 638 (701488 Gflops/s) - 624 (686095 Gflops/s) - 612 (672901 Gflops/s) | Temperatures: 60°C - 62°C - 72°C - 72°C - 63°C - 61°C - 73°C - 74°C | Throttling: None - None - None - None - None - None - None - None
674 (741070 Gflops/s) - 669 (735573 Gflops/s) - 661 (726777 Gflops/s) - 662 (727876 Gflops/s) - 669 (735573 Gflops/s) - 671 (737772 Gflops/s) - 655 (720180 Gflops/s) - 643 (706985 Gflops/s) | Temperatures: 60°C - 62°C - 72°C - 72°C - 63°C - 61°C - 73°C - 74°C | Throttling: None - None - None - None - None - None - None - None
652 (716881 Gflops/s) - 648 (712483 Gflops/s) - 640 (703687 Gflops/s) - 642 (705886 Gflops/s) - 648 (712483 Gflops/s) - 649 (713583 Gflops/s) - 635 (698189 Gflops/s) - 623 (684995 Gflops/s) | Temperatures: 60°C - 62°C - 72°C - 72°C - 63°C - 61°C - 73°C - 74°C | Throttling: None - None - None - None - None - None - None - None
661 (726777 Gflops/s) - 657 (722379 Gflops/s) - 649 (713583 Gflops/s) - 650 (714682 Gflops/s) - 658 (723478 Gflops/s) - 659 (724578 Gflops/s) - 644 (708085 Gflops/s) - 632 (694891 Gflops/s) | Temperatures: 60°C - 62°C - 72°C - 72°C - 63°C - 61°C - 73°C - 74°C | Throttling: None - None - None - None - None - None - None - None
663 (728976 Gflops/s) - 659 (724578 Gflops/s) - 652 (716881 Gflops/s) - 652 (716881 Gflops/s) - 659 (724578 Gflops/s) - 660 (725677 Gflops/s) - 645 (709184 Gflops/s) - 632 (694891 Gflops/s) | Temperatures: 60°C - 62°C - 72°C - 72°C - 63°C - 61°C - 73°C - 74°C | Throttling: None - None - None - None - None - None - None - None
664 (730075 Gflops/s) - 659 (724578 Gflops/s) - 652 (716881 Gflops/s) - 653 (717981 Gflops/s) - 660 (725677 Gflops/s) - 661 (726777 Gflops/s) - 647 (711384 Gflops/s) - 634 (697090 Gflops/s) | Temperatures: 60°C - 62°C - 73°C - 72°C - 63°C - 61°C - 73°C - 74°C | Throttling: None - None - None - None - None - None - None - None
667 (733374 Gflops/s) - 662 (727876 Gflops/s) - 654 (719080 Gflops/s) - 655 (720180 Gflops/s) - 662 (727876 Gflops/s) - 664 (730075 Gflops/s) - 649 (713583 Gflops/s) - 636 (699289 Gflops/s) | Temperatures: 60°C - 62°C - 72°C - 72°C - 63°C - 61°C - 73°C - 74°C | Throttling: None - None - None - None - None - None - None - None
679 (746568 Gflops/s) - 675 (742170 Gflops/s) - 666 (732274 Gflops/s) - 668 (734473 Gflops/s) - 676 (743269 Gflops/s) - 676 (743269 Gflops/s) - 661 (726777 Gflops/s) - 648 (712483 Gflops/s) | Temperatures: 60°C - 62°C - 72°C - 72°C - 63°C - 61°C - 73°C - 74°C | Throttling: None - None - None - None - None - None - None - None
641 (704786 Gflops/s) - 637 (700388 Gflops/s) - 630 (692692 Gflops/s) - 631 (693791 Gflops/s) - 637 (700388 Gflops/s) - 655 (720180 Gflops/s) - 624 (686095 Gflops/s) - 613 (674000 Gflops/s) | Temperatures: 60°C - 62°C - 73°C - 72°C - 63°C - 61°C - 73°C - 74°C | Throttling: None - None - None - None - None - None - None - None
673 (739971 Gflops/s) - 668 (734473 Gflops/s) - 660 (725677 Gflops/s) - 662 (727876 Gflops/s) - 669 (735573 Gflops/s) - 654 (719080 Gflops/s) - 655 (720180 Gflops/s) - 642 (705886 Gflops/s) | Temperatures: 60°C - 62°C - 73°C - 72°C - 63°C - 61°C - 73°C - 74°C | Throttling: None - None - None - None - None - None - None - None
651 (715782 Gflops/s) - 648 (712483 Gflops/s) - 639 (702587 Gflops/s) - 641 (704786 Gflops/s) - 649 (713583 Gflops/s) - 649 (713583 Gflops/s) - 635 (698189 Gflops/s) - 623 (684995 Gflops/s) | Temperatures: 60°C - 62°C - 73°C - 72°C - 63°C - 61°C - 73°C - 74°C | Throttling: None - None - None - None - None - None - None - None
662 (727876 Gflops/s) - 658 (723478 Gflops/s) - 649 (713583 Gflops/s) - 651 (715782 Gflops/s) - 658 (723478 Gflops/s) - 659 (724578 Gflops/s) - 644 (708085 Gflops/s) - 632 (694891 Gflops/s) | Temperatures: 60°C - 62°C - 72°C - 72°C - 63°C - 61°C - 73°C - 74°C | Throttling: None - None - None - None - None - None - None - None
666 (732274 Gflops/s) - 674 (741070 Gflops/s) - 653 (717981 Gflops/s) - 654 (719080 Gflops/s) - 661 (726777 Gflops/s) - 663 (728976 Gflops/s) - 648 (712483 Gflops/s) - 635 (698189 Gflops/s) | Temperatures: 60°C - 62°C - 73°C - 72°C - 63°C - 61°C - 73°C - 74°C | Throttling: None - None - None - None - None - None - None - None
660 (725677 Gflops/s) - 643 (706985 Gflops/s) - 647 (711384 Gflops/s) - 649 (713583 Gflops/s) - 656 (721279 Gflops/s) - 658 (723478 Gflops/s) - 643 (706985 Gflops/s) - 630 (692692 Gflops/s) | Temperatures: 60°C - 62°C - 72°C - 72°C - 63°C - 61°C - 73°C - 74°C | Throttling: None - None - None - None - None - None - None - None
667 (733374 Gflops/s) - 663 (728976 Gflops/s) - 655 (720180 Gflops/s) - 656 (721279 Gflops/s) - 664 (730075 Gflops/s) - 664 (730075 Gflops/s) - 649 (713583 Gflops/s) - 638 (701488 Gflops/s) | Temperatures: 60°C - 62°C - 73°C - 72°C - 63°C - 61°C - 73°C - 74°C | Throttling: None - None - None - None - None - None - None - None
676 (743269 Gflops/s) - 671 (737772 Gflops/s) - 663 (728976 Gflops/s) - 664 (730075 Gflops/s) - 672 (738871 Gflops/s) - 673 (739971 Gflops/s) - 658 (723478 Gflops/s) - 644 (708085 Gflops/s) | Temperatures: 60°C - 62°C - 73°C - 72°C - 63°C - 61°C - 73°C - 74°C | Throttling: None - None - None - None - None - None - None - None
644 (708085 Gflops/s) - 641 (704786 Gflops/s) - 633 (695990 Gflops/s) - 645 (709184 Gflops/s) - 641 (704786 Gflops/s) - 642 (705886 Gflops/s) - 628 (690493 Gflops/s) - 617 (678398 Gflops/s) | Temperatures: 60°C - 62°C - 73°C - 72°C - 63°C - 61°C - 73°C - 74°C | Throttling: None - None - None - None - None - None - None - None
695 (764160 Gflops/s) - 690 (758663 Gflops/s) - 682 (749866 Gflops/s) - 672 (738871 Gflops/s) - 691 (759762 Gflops/s) - 693 (761961 Gflops/s) - 676 (743269 Gflops/s) - 664 (730075 Gflops/s) | Temperatures: 60°C - 62°C - 72°C - 72°C - 63°C - 61°C - 73°C - 74°C | Throttling: None - None - None - None - None - None - None - None
718 (789449 Gflops/s) - 714 (785051 Gflops/s) - 703 (772956 Gflops/s) - 706 (776255 Gflops/s) - 714 (785051 Gflops/s) - 715 (786150 Gflops/s) - 699 (768558 Gflops/s) - 686 (754264 Gflops/s) | Temperatures: 60°C - 62°C - 72°C - 72°C - 63°C - 61°C - 73°C - 74°C | Throttling: None - None - None - None - None - None - None - None
718 (789449 Gflops/s) - 712 (782852 Gflops/s) - 704 (774056 Gflops/s) - 706 (776255 Gflops/s) - 713 (783951 Gflops/s) - 714 (785051 Gflops/s) - 699 (768558 Gflops/s) - 684 (752065 Gflops/s) | Temperatures: 60°C - 62°C - 72°C - 72°C - 63°C - 61°C - 73°C - 74°C | Throttling: None - None - None - None - None - None - None - None
718 (789449 Gflops/s) - 713 (783951 Gflops/s) - 704 (774056 Gflops/s) - 705 (775155 Gflops/s) - 714 (785051 Gflops/s) - 715 (786150 Gflops/s) - 699 (768558 Gflops/s) - 686 (754264 Gflops/s) | Temperatures: 60°C - 62°C - 73°C - 72°C - 63°C - 61°C - 73°C - 74°C | Throttling: None - None - None - None - None - None - None - None
717 (788349 Gflops/s) - 713 (783951 Gflops/s) - 704 (774056 Gflops/s) - 706 (776255 Gflops/s) - 713 (783951 Gflops/s) - 715 (786150 Gflops/s) - 699 (768558 Gflops/s) - 685 (753165 Gflops/s) | Temperatures: 60°C - 62°C - 73°C - 72°C - 63°C - 61°C - 73°C - 74°C | Throttling: None - None - None - None - None - None - None - None
717 (788349 Gflops/s) - 712 (782852 Gflops/s) - 703 (772956 Gflops/s) - 705 (775155 Gflops/s) - 714 (785051 Gflops/s) - 714 (785051 Gflops/s) - 698 (767459 Gflops/s) - 686 (754264 Gflops/s) | Temperatures: 60°C - 62°C - 72°C - 72°C - 63°C - 61°C - 73°C - 74°C | Throttling: None - None - None - None - None - None - None - None
718 (789449 Gflops/s) - 713 (783951 Gflops/s) - 704 (774056 Gflops/s) - 705 (775155 Gflops/s) - 713 (783951 Gflops/s) - 715 (786150 Gflops/s) - 699 (768558 Gflops/s) - 685 (753165 Gflops/s) | Temperatures: 60°C - 62°C - 72°C - 72°C - 63°C - 61°C - 73°C - 74°C | Throttling: None - None - None - None - None - None - None - None
718 (789449 Gflops/s) - 713 (783951 Gflops/s) - 704 (774056 Gflops/s) - 706 (776255 Gflops/s) - 716 (787250 Gflops/s) - 716 (787250 Gflops/s) - 699 (768558 Gflops/s) - 686 (754264 Gflops/s) | Temperatures: 60°C - 62°C - 72°C - 72°C - 63°C - 61°C - 73°C - 74°C | Throttling: None - None - None - None - None - None - None - None
717 (788349 Gflops/s) - 712 (782852 Gflops/s) - 704 (774056 Gflops/s) - 705 (775155 Gflops/s) - 710 (780653 Gflops/s) - 714 (785051 Gflops/s) - 698 (767459 Gflops/s) - 685 (753165 Gflops/s) | Temperatures: 60°C - 62°C - 73°C - 72°C - 63°C - 61°C - 73°C - 74°C | Throttling: None - None - None - None - None - None - None - None
718 (789449 Gflops/s) - 713 (783951 Gflops/s) - 703 (772956 Gflops/s) - 706 (776255 Gflops/s) - 714 (785051 Gflops/s) - 715 (786150 Gflops/s) - 699 (768558 Gflops/s) - 685 (753165 Gflops/s) | Temperatures: 60°C - 62°C - 73°C - 72°C - 63°C - 61°C - 73°C - 74°C | Throttling: None - None - None - None - None - None - None - None
718 (789449 Gflops/s) - 713 (783951 Gflops/s) - 704 (774056 Gflops/s) - 706 (776255 Gflops/s) - 714 (785051 Gflops/s) - 715 (786150 Gflops/s) - 699 (768558 Gflops/s) - 686 (754264 Gflops/s) | Temperatures: 60°C - 62°C - 73°C - 72°C - 63°C - 61°C - 73°C - 74°C | Throttling: None - None - None - None - None - None - None - None
703 (772956 Gflops/s) - 699 (768558 Gflops/s) - 690 (758663 Gflops/s) - 691 (759762 Gflops/s) - 700 (769658 Gflops/s) - 701 (770757 Gflops/s) - 685 (753165 Gflops/s) - 671 (737772 Gflops/s) | Temperatures: 60°C - 62°C - 73°C - 72°C - 63°C - 61°C - 73°C - 74°C | Throttling: None - None - None - None - None - None - None - None
685 (753165 Gflops/s) - 680 (747667 Gflops/s) - 671 (737772 Gflops/s) - 673 (739971 Gflops/s) - 682 (749866 Gflops/s) - 682 (749866 Gflops/s) - 667 (733374 Gflops/s) - 655 (720180 Gflops/s) | Temperatures: 60°C - 62°C - 73°C - 72°C - 63°C - 61°C - 73°C - 74°C | Throttling: None - None - None - None - None - None - None - None
685 (753165 Gflops/s) - 681 (748767 Gflops/s) - 672 (738871 Gflops/s) - 674 (741070 Gflops/s) - 682 (749866 Gflops/s) - 682 (749866 Gflops/s) - 667 (733374 Gflops/s) - 654 (719080 Gflops/s) | Temperatures: 60°C - 62°C - 72°C - 72°C - 63°C - 61°C - 73°C - 74°C | Throttling: None - None - None - None - None - None - None - None
685 (753165 Gflops/s) - 680 (747667 Gflops/s) - 673 (739971 Gflops/s) - 674 (741070 Gflops/s) - 682 (749866 Gflops/s) - 683 (750966 Gflops/s) - 668 (734473 Gflops/s) - 655 (720180 Gflops/s) | Temperatures: 60°C - 62°C - 73°C - 72°C - 63°C - 61°C - 73°C - 74°C | Throttling: None - None - None - None - None - None - None - None
685 (753165 Gflops/s) - 681 (748767 Gflops/s) - 671 (737772 Gflops/s) - 673 (739971 Gflops/s) - 681 (748767 Gflops/s) - 682 (749866 Gflops/s) - 666 (732274 Gflops/s) - 654 (719080 Gflops/s) | Temperatures: 60°C - 62°C - 72°C - 72°C - 63°C - 61°C - 73°C - 74°C | Throttling: None - None - None - None - None - None - None - None
684 (752065 Gflops/s) - 681 (748767 Gflops/s) - 673 (739971 Gflops/s) - 673 (739971 Gflops/s) - 681 (748767 Gflops/s) - 682 (749866 Gflops/s) - 668 (734473 Gflops/s) - 654 (719080 Gflops/s) | Temperatures: 60°C - 62°C - 73°C - 72°C - 63°C - 61°C - 73°C - 74°C | Throttling: None - None - None - None - None - None - None - None
685 (753165 Gflops/s) - 680 (747667 Gflops/s) - 672 (738871 Gflops/s) - 674 (741070 Gflops/s) - 681 (748767 Gflops/s) - 682 (749866 Gflops/s) - 667 (733374 Gflops/s) - 655 (720180 Gflops/s) | Temperatures: 60°C - 62°C - 72°C - 72°C - 63°C - 61°C - 73°C - 74°C | Throttling: None - None - None - None - None - None - None - None
685 (753165 Gflops/s) - 681 (748767 Gflops/s) - 671 (737772 Gflops/s) - 673 (739971 Gflops/s) - 693 (761961 Gflops/s) - 683 (750966 Gflops/s) - 667 (733374 Gflops/s) - 654 (719080 Gflops/s) | Temperatures: 60°C - 62°C - 73°C - 72°C - 63°C - 61°C - 73°C - 74°C | Throttling: None - None - None - None - None - None - None - None
685 (753165 Gflops/s) - 680 (747667 Gflops/s) - 672 (738871 Gflops/s) - 673 (739971 Gflops/s) - 670 (736672 Gflops/s) - 682 (749866 Gflops/s) - 667 (733374 Gflops/s) - 653 (717981 Gflops/s) | Temperatures: 60°C - 62°C - 73°C - 72°C - 63°C - 61°C - 73°C - 74°C | Throttling: None - None - None - None - None - None - None - None
685 (753165 Gflops/s) - 680 (747667 Gflops/s) - 672 (738871 Gflops/s) - 674 (741070 Gflops/s) - 681 (748767 Gflops/s) - 682 (749866 Gflops/s) - 667 (733374 Gflops/s) - 655 (720180 Gflops/s) | Temperatures: 60°C - 62°C - 72°C - 72°C - 63°C - 61°C - 73°C - 74°C | Throttling: None - None - None - None - None - None - None - None
685 (753165 Gflops/s) - 681 (748767 Gflops/s) - 672 (738871 Gflops/s) - 673 (739971 Gflops/s) - 682 (749866 Gflops/s) - 682 (749866 Gflops/s) - 666 (732274 Gflops/s) - 654 (719080 Gflops/s) | Temperatures: 60°C - 62°C - 73°C - 72°C - 63°C - 61°C - 73°C - 74°C | Throttling: None - None - None - None - None - None - None - None
684 (752065 Gflops/s) - 680 (747667 Gflops/s) - 671 (737772 Gflops/s) - 674 (741070 Gflops/s) - 682 (749866 Gflops/s) - 682 (749866 Gflops/s) - 667 (733374 Gflops/s) - 654 (719080 Gflops/s) | Temperatures: 60°C - 62°C - 72°C - 72°C - 63°C - 61°C - 73°C - 74°C | Throttling: None - None - None - None - None - None - None - None
685 (753165 Gflops/s) - 681 (748767 Gflops/s) - 673 (739971 Gflops/s) - 673 (739971 Gflops/s) - 682 (749866 Gflops/s) - 683 (750966 Gflops/s) - 667 (733374 Gflops/s) - 655 (720180 Gflops/s) | Temperatures: 60°C - 62°C - 73°C - 72°C - 63°C - 61°C - 73°C - 74°C | Throttling: None - None - None - None - None - None - None - None
685 (753165 Gflops/s) - 680 (747667 Gflops/s) - 671 (737772 Gflops/s) - 673 (739971 Gflops/s) - 681 (748767 Gflops/s) - 682 (749866 Gflops/s) - 667 (733374 Gflops/s) - 653 (717981 Gflops/s) | Temperatures: 60°C - 62°C - 72°C - 72°C - 63°C - 61°C - 73°C - 74°C | Throttling: None - None - None - None - None - None - None - None
685 (753165 Gflops/s) - 681 (748767 Gflops/s) - 672 (738871 Gflops/s) - 674 (741070 Gflops/s) - 682 (749866 Gflops/s) - 682 (749866 Gflops/s) - 667 (733374 Gflops/s) - 654 (719080 Gflops/s) | Temperatures: 60°C - 62°C - 73°C - 72°C - 63°C - 61°C - 73°C - 74°C | Throttling: None - None - None - None - None - None - None - None
685 (753165 Gflops/s) - 680 (747667 Gflops/s) - 671 (737772 Gflops/s) - 673 (739971 Gflops/s) - 682 (749866 Gflops/s) - 683 (750966 Gflops/s) - 667 (733374 Gflops/s) - 654 (719080 Gflops/s) | Temperatures: 60°C - 62°C - 72°C - 72°C - 63°C - 61°C - 73°C - 74°C | Throttling: None - None - None - None - None - None - None - None
684 (752065 Gflops/s) - 680 (747667 Gflops/s) - 672 (738871 Gflops/s) - 673 (739971 Gflops/s) - 681 (748767 Gflops/s) - 682 (749866 Gflops/s) - 667 (733374 Gflops/s) - 654 (719080 Gflops/s) | Temperatures: 60°C - 62°C - 73°C - 72°C - 63°C - 61°C - 73°C - 74°C | Throttling: None - None - None - None - None - None - None - None
685 (753165 Gflops/s) - 681 (748767 Gflops/s) - 672 (738871 Gflops/s) - 674 (741070 Gflops/s) - 682 (749866 Gflops/s) - 682 (749866 Gflops/s) - 667 (733374 Gflops/s) - 654 (719080 Gflops/s) | Temperatures: 60°C - 62°C - 72°C - 72°C - 63°C - 61°C - 73°C - 74°C | Throttling: None - None - None - None - None - None - None - None
685 (753165 Gflops/s) - 680 (747667 Gflops/s) - 672 (738871 Gflops/s) - 674 (741070 Gflops/s) - 681 (748767 Gflops/s) - 682 (749866 Gflops/s) - 667 (733374 Gflops/s) - 654 (719080 Gflops/s) | Temperatures: 60°C - 62°C - 73°C - 72°C - 63°C - 61°C - 73°C - 74°C | Throttling: None - None - None - None - None - None - None - None
686 (754264 Gflops/s) - 682 (749866 Gflops/s) - 673 (739971 Gflops/s) - 675 (742170 Gflops/s) - 684 (752065 Gflops/s) - 684 (752065 Gflops/s) - 668 (734473 Gflops/s) - 655 (720180 Gflops/s) | Temperatures: 60°C - 62°C - 72°C - 72°C - 63°C - 61°C - 73°C - 74°C | Throttling: None - None - None - None - None - None - None - None
672 (738871 Gflops/s) - 668 (734473 Gflops/s) - 660 (725677 Gflops/s) - 660 (725677 Gflops/s) - 669 (735573 Gflops/s) - 669 (735573 Gflops/s) - 655 (720180 Gflops/s) - 642 (705886 Gflops/s) | Temperatures: 60°C - 62°C - 73°C - 72°C - 63°C - 61°C - 73°C - 74°C | Throttling: None - None - None - None - None - None - None - None
673 (739971 Gflops/s) - 669 (735573 Gflops/s) - 675 (742170 Gflops/s) - 662 (727876 Gflops/s) - 670 (736672 Gflops/s) - 671 (737772 Gflops/s) - 655 (720180 Gflops/s) - 643 (706985 Gflops/s) | Temperatures: 60°C - 62°C - 72°C - 72°C - 63°C - 61°C - 73°C - 74°C | Throttling: None - None - None - None - None - None - None - None
668 (734473 Gflops/s) - 664 (730075 Gflops/s) - 642 (705886 Gflops/s) - 658 (723478 Gflops/s) - 666 (732274 Gflops/s) - 667 (733374 Gflops/s) - 652 (716881 Gflops/s) - 639 (702587 Gflops/s) | Temperatures: 60°C - 62°C - 72°C - 72°C - 63°C - 61°C - 73°C - 74°C | Throttling: None - None - None - None - None - None - None - None
671 (737772 Gflops/s) - 666 (732274 Gflops/s) - 659 (724578 Gflops/s) - 659 (724578 Gflops/s) - 668 (734473 Gflops/s) - 668 (734473 Gflops/s) - 653 (717981 Gflops/s) - 654 (719080 Gflops/s) | Temperatures: 60°C - 62°C - 72°C - 72°C - 63°C - 61°C - 73°C - 74°C | Throttling: None - None - None - None - None - None - None - None
670 (736672 Gflops/s) - 666 (732274 Gflops/s) - 658 (723478 Gflops/s) - 660 (725677 Gflops/s) - 667 (733374 Gflops/s) - 668 (734473 Gflops/s) - 654 (719080 Gflops/s) - 627 (689393 Gflops/s) | Temperatures: 60°C - 62°C - 72°C - 72°C - 63°C - 61°C - 73°C - 74°C | Throttling: None - None - None - None - None - None - None - None
672 (738871 Gflops/s) - 667 (733374 Gflops/s) - 659 (724578 Gflops/s) - 661 (726777 Gflops/s) - 682 (749866 Gflops/s) - 669 (735573 Gflops/s) - 654 (719080 Gflops/s) - 641 (704786 Gflops/s) | Temperatures: 60°C - 62°C - 73°C - 72°C - 63°C - 61°C - 73°C - 74°C | Throttling: None - None - None - None - None - None - None - None
671 (737772 Gflops/s) - 667 (733374 Gflops/s) - 659 (724578 Gflops/s) - 660 (725677 Gflops/s) - 656 (721279 Gflops/s) - 668 (734473 Gflops/s) - 654 (719080 Gflops/s) - 642 (705886 Gflops/s) | Temperatures: 60°C - 62°C - 72°C - 72°C - 63°C - 61°C - 73°C - 74°C | Throttling: None - None - None - None - None - None - None - None
685 (753165 Gflops/s) - 680 (747667 Gflops/s) - 671 (737772 Gflops/s) - 673 (739971 Gflops/s) - 681 (748767 Gflops/s) - 683 (750966 Gflops/s) - 666 (732274 Gflops/s) - 654 (719080 Gflops/s) | Temperatures: 60°C - 62°C - 72°C - 72°C - 63°C - 61°C - 73°C - 74°C | Throttling: None - None - None - None - None - None - None - None
657 (722379 Gflops/s) - 654 (719080 Gflops/s) - 645 (709184 Gflops/s) - 647 (711384 Gflops/s) - 654 (719080 Gflops/s) - 655 (720180 Gflops/s) - 641 (704786 Gflops/s) - 628 (690493 Gflops/s) | Temperatures: 60°C - 62°C - 73°C - 72°C - 63°C - 61°C - 73°C - 74°C | Throttling: None - None - None - None - None - None - None - None
673 (739971 Gflops/s) - 669 (735573 Gflops/s) - 660 (725677 Gflops/s) - 661 (726777 Gflops/s) - 671 (737772 Gflops/s) - 671 (737772 Gflops/s) - 655 (720180 Gflops/s) - 644 (708085 Gflops/s) | Temperatures: 60°C - 62°C - 73°C - 72°C - 63°C - 61°C - 73°C - 74°C | Throttling: None - None - None - None - None - None - None - None
669 (735573 Gflops/s) - 665 (731175 Gflops/s) - 657 (722379 Gflops/s) - 658 (723478 Gflops/s) - 666 (732274 Gflops/s) - 666 (732274 Gflops/s) - 652 (716881 Gflops/s) - 639 (702587 Gflops/s) | Temperatures: 60°C - 62°C - 73°C - 72°C - 63°C - 61°C - 73°C - 74°C | Throttling: None - None - None - None - None - None - None - None
672 (738871 Gflops/s) - 667 (733374 Gflops/s) - 659 (724578 Gflops/s) - 660 (725677 Gflops/s) - 667 (733374 Gflops/s) - 669 (735573 Gflops/s) - 653 (717981 Gflops/s) - 641 (704786 Gflops/s) | Temperatures: 60°C - 62°C - 72°C - 72°C - 63°C - 61°C - 73°C - 74°C | Throttling: None - None - None - None - None - None - None - None
670 (736672 Gflops/s) - 666 (732274 Gflops/s) - 658 (723478 Gflops/s) - 660 (725677 Gflops/s) - 667 (733374 Gflops/s) - 667 (733374 Gflops/s) - 653 (717981 Gflops/s) - 640 (703687 Gflops/s) | Temperatures: 60°C - 62°C - 72°C - 72°C - 63°C - 61°C - 73°C - 74°C | Throttling: None - None - None - None - None - None - None - None
672 (738871 Gflops/s) - 668 (734473 Gflops/s) - 660 (725677 Gflops/s) - 660 (725677 Gflops/s) - 672 (738871 Gflops/s) - 670 (736672 Gflops/s) - 654 (719080 Gflops/s) - 642 (705886 Gflops/s) | Temperatures: 60°C - 62°C - 73°C - 72°C - 63°C - 61°C - 73°C - 74°C | Throttling: None - None - None - None - None - None - None - None
670 (736672 Gflops/s) - 666 (732274 Gflops/s) - 657 (722379 Gflops/s) - 660 (725677 Gflops/s) - 665 (731175 Gflops/s) - 668 (734473 Gflops/s) - 653 (717981 Gflops/s) - 640 (703687 Gflops/s) | Temperatures: 60°C - 62°C - 72°C - 72°C - 63°C - 61°C - 73°C - 74°C | Throttling: None - None - None - None - None - None - None - None
685 (753165 Gflops/s) - 681 (748767 Gflops/s) - 673 (739971 Gflops/s) - 673 (739971 Gflops/s) - 681 (748767 Gflops/s) - 682 (749866 Gflops/s) - 667 (733374 Gflops/s) - 654 (719080 Gflops/s) | Temperatures: 60°C - 62°C - 72°C - 72°C - 63°C - 61°C - 73°C - 74°C | Throttling: None - None - None - None - None - None - None - None
658 (723478 Gflops/s) - 654 (719080 Gflops/s) - 646 (710284 Gflops/s) - 648 (712483 Gflops/s) - 655 (720180 Gflops/s) - 655 (720180 Gflops/s) - 641 (704786 Gflops/s) - 629 (691592 Gflops/s) | Temperatures: 60°C - 62°C - 73°C - 72°C - 63°C - 61°C - 73°C - 74°C | Throttling: None - None - None - None - None - None - None - None
674 (741070 Gflops/s) - 669 (735573 Gflops/s) - 661 (726777 Gflops/s) - 662 (727876 Gflops/s) - 671 (737772 Gflops/s) - 671 (737772 Gflops/s) - 656 (721279 Gflops/s) - 643 (706985 Gflops/s) | Temperatures: 60°C - 62°C - 72°C - 72°C - 63°C - 61°C - 73°C - 74°C | Throttling: None - None - None - None - None - None - None - None
669 (735573 Gflops/s) - 665 (731175 Gflops/s) - 656 (721279 Gflops/s) - 657 (722379 Gflops/s) - 665 (731175 Gflops/s) - 665 (731175 Gflops/s) - 651 (715782 Gflops/s) - 638 (701488 Gflops/s) | Temperatures: 60°C - 62°C - 73°C - 72°C - 63°C - 61°C - 73°C - 74°C | Throttling: None - None - None - None - None - None - None - None
671 (737772 Gflops/s) - 666 (732274 Gflops/s) - 659 (724578 Gflops/s) - 660 (725677 Gflops/s) - 667 (733374 Gflops/s) - 669 (735573 Gflops/s) - 654 (719080 Gflops/s) - 641 (704786 Gflops/s) | Temperatures: 60°C - 62°C - 73°C - 72°C - 63°C - 61°C - 73°C - 74°C | Throttling: None - None - None - None - None - None - None - None
671 (737772 Gflops/s) - 667 (733374 Gflops/s) - 658 (723478 Gflops/s) - 659 (724578 Gflops/s) - 668 (734473 Gflops/s) - 668 (734473 Gflops/s) - 653 (717981 Gflops/s) - 641 (704786 Gflops/s) | Temperatures: 60°C - 62°C - 72°C - 72°C - 63°C - 61°C - 73°C - 74°C | Throttling: None - None - None - None - None - None - None - None
677 (744369 Gflops/s) - 673 (739971 Gflops/s) - 665 (731175 Gflops/s) - 666 (732274 Gflops/s) - 674 (741070 Gflops/s) - 674 (741070 Gflops/s) - 660 (725677 Gflops/s) - 648 (712483 Gflops/s) | Temperatures: 60°C - 62°C - 72°C - 72°C - 63°C - 61°C - 73°C - 74°C | Throttling: None - None - None - None - None - None - None - None
718 (789449 Gflops/s) - 714 (785051 Gflops/s) - 704 (774056 Gflops/s) - 706 (776255 Gflops/s) - 714 (785051 Gflops/s) - 716 (787250 Gflops/s) - 699 (768558 Gflops/s) - 685 (753165 Gflops/s) | Temperatures: 60°C - 62°C - 73°C - 72°C - 63°C - 61°C - 73°C - 74°C | Throttling: None - None - None - None - None - None - None - None
717 (788349 Gflops/s) - 713 (783951 Gflops/s) - 704 (774056 Gflops/s) - 706 (776255 Gflops/s) - 714 (785051 Gflops/s) - 714 (785051 Gflops/s) - 699 (768558 Gflops/s) - 686 (754264 Gflops/s) | Temperatures: 60°C - 62°C - 73°C - 72°C - 63°C - 61°C - 73°C - 74°C | Throttling: None - None - None - None - None - None - None - None
718 (789449 Gflops/s) - 713 (783951 Gflops/s) - 705 (775155 Gflops/s) - 705 (775155 Gflops/s) - 714 (785051 Gflops/s) - 715 (786150 Gflops/s) - 699 (768558 Gflops/s) - 686 (754264 Gflops/s) | Temperatures: 60°C - 62°C - 73°C - 72°C - 63°C - 61°C - 73°C - 74°C | Throttling: None - None - None - None - None - None - None - None
717 (788349 Gflops/s) - 712 (782852 Gflops/s) - 703 (772956 Gflops/s) - 705 (775155 Gflops/s) - 714 (785051 Gflops/s) - 714 (785051 Gflops/s) - 698 (767459 Gflops/s) - 685 (753165 Gflops/s) | Temperatures: 60°C - 62°C - 72°C - 72°C - 63°C - 61°C - 73°C - 74°C | Throttling: None - None - None - None - None - None - None - None
717 (788349 Gflops/s) - 714 (785051 Gflops/s) - 704 (774056 Gflops/s) - 706 (776255 Gflops/s) - 714 (785051 Gflops/s) - 715 (786150 Gflops/s) - 699 (768558 Gflops/s) - 685 (753165 Gflops/s) | Temperatures: 60°C - 62°C - 72°C - 72°C - 63°C - 61°C - 73°C - 74°C | Throttling: None - None - None - None - None - None - None - None
718 (789449 Gflops/s) - 713 (783951 Gflops/s) - 705 (775155 Gflops/s) - 705 (775155 Gflops/s) - 714 (785051 Gflops/s) - 714 (785051 Gflops/s) - 699 (768558 Gflops/s) - 686 (754264 Gflops/s) | Temperatures: 60°C - 62°C - 73°C - 72°C - 63°C - 61°C - 73°C - 74°C | Throttling: None - None - None - None - None - None - None - None
717 (788349 Gflops/s) - 713 (783951 Gflops/s) - 704 (774056 Gflops/s) - 705 (775155 Gflops/s) - 715 (786150 Gflops/s) - 715 (786150 Gflops/s) - 698 (767459 Gflops/s) - 686 (754264 Gflops/s) | Temperatures: 60°C - 62°C - 73°C - 72°C - 63°C - 61°C - 73°C - 74°C | Throttling: None - None - None - None - None - None - None - None
718 (789449 Gflops/s) - 712 (782852 Gflops/s) - 704 (774056 Gflops/s) - 705 (775155 Gflops/s) - 714 (785051 Gflops/s) - 714 (785051 Gflops/s) - 699 (768558 Gflops/s) - 686 (754264 Gflops/s) | Temperatures: 60°C - 62°C - 72°C - 72°C - 63°C - 61°C - 73°C - 74°C | Throttling: None - None - None - None - None - None - None - None
717 (788349 Gflops/s) - 714 (785051 Gflops/s) - 704 (774056 Gflops/s) - 706 (776255 Gflops/s) - 714 (785051 Gflops/s) - 715 (786150 Gflops/s) - 699 (768558 Gflops/s) - 685 (753165 Gflops/s) | Temperatures: 60°C - 62°C - 72°C - 72°C - 63°C - 61°C - 73°C - 74°C | Throttling: None - None - None - None - None - None - None - None
718 (789449 Gflops/s) - 713 (783951 Gflops/s) - 704 (774056 Gflops/s) - 705 (775155 Gflops/s) - 714 (785051 Gflops/s) - 715 (786150 Gflops/s) - 699 (768558 Gflops/s) - 685 (753165 Gflops/s) | Temperatures: 60°C - 62°C - 73°C - 72°C - 63°C - 61°C - 73°C - 74°C | Throttling: None - None - None - None - None - None - None - None
717 (788349 Gflops/s) - 713 (783951 Gflops/s) - 704 (774056 Gflops/s) - 705 (775155 Gflops/s) - 713 (783951 Gflops/s) - 714 (785051 Gflops/s) - 698 (767459 Gflops/s) - 685 (753165 Gflops/s) | Temperatures: 60°C - 62°C - 73°C - 72°C - 63°C - 61°C - 73°C - 74°C | Throttling: None - None - None - None - None - None - None - None
716 (787250 Gflops/s) - 712 (782852 Gflops/s) - 704 (774056 Gflops/s) - 705 (775155 Gflops/s) - 714 (785051 Gflops/s) - 714 (785051 Gflops/s) - 699 (768558 Gflops/s) - 685 (753165 Gflops/s) | Temperatures: 60°C - 62°C - 73°C - 72°C - 63°C - 61°C - 73°C - 74°C | Throttling: None - None - None - None - None - None - None - None
718 (789449 Gflops/s) - 713 (783951 Gflops/s) - 705 (775155 Gflops/s) - 705 (775155 Gflops/s) - 715 (786150 Gflops/s) - 715 (786150 Gflops/s) - 699 (768558 Gflops/s) - 685 (753165 Gflops/s) | Temperatures: 60°C - 62°C - 73°C - 72°C - 63°C - 61°C - 73°C - 74°C | Throttling: None - None - None - None - None - None - None - None
717 (788349 Gflops/s) - 712 (782852 Gflops/s) - 704 (774056 Gflops/s) - 706 (776255 Gflops/s) - 714 (785051 Gflops/s) - 715 (786150 Gflops/s) - 698 (767459 Gflops/s) - 686 (754264 Gflops/s) | Temperatures: 60°C - 62°C - 73°C - 72°C - 63°C - 61°C - 73°C - 74°C | Throttling: None - None - None - None - None - None - None - None
717 (788349 Gflops/s) - 713 (783951 Gflops/s) - 703 (772956 Gflops/s) - 705 (775155 Gflops/s) - 714 (785051 Gflops/s) - 714 (785051 Gflops/s) - 699 (768558 Gflops/s) - 685 (753165 Gflops/s) | Temperatures: 60°C - 62°C - 73°C - 72°C - 63°C - 61°C - 73°C - 74°C | Throttling: None - None - None - None - None - None - None - None
717 (788349 Gflops/s) - 712 (782852 Gflops/s) - 704 (774056 Gflops/s) - 705 (775155 Gflops/s) - 714 (785051 Gflops/s) - 715 (786150 Gflops/s) - 699 (768558 Gflops/s) - 685 (753165 Gflops/s) | Temperatures: 60°C - 62°C - 73°C - 72°C - 63°C - 61°C - 73°C - 74°C | Throttling: None - None - None - None - None - None - None - None
717 (788349 Gflops/s) - 713 (783951 Gflops/s) - 719 (790548 Gflops/s) - 705 (775155 Gflops/s) - 714 (785051 Gflops/s) - 715 (786150 Gflops/s) - 698 (767459 Gflops/s) - 685 (753165 Gflops/s) | Temperatures: 60°C - 62°C - 73°C - 72°C - 63°C - 61°C - 73°C - 74°C | Throttling: None - None - None - None - None - None - None - None
718 (789449 Gflops/s) - 713 (783951 Gflops/s) - 689 (757563 Gflops/s) - 706 (776255 Gflops/s) - 715 (786150 Gflops/s) - 715 (786150 Gflops/s) - 699 (768558 Gflops/s) - 686 (754264 Gflops/s) | Temperatures: 60°C - 62°C - 73°C - 72°C - 63°C - 61°C - 73°C - 74°C | Throttling: None - None - None - None - None - None - None - None
717 (788349 Gflops/s) - 712 (782852 Gflops/s) - 704 (774056 Gflops/s) - 705 (775155 Gflops/s) - 714 (785051 Gflops/s) - 715 (786150 Gflops/s) - 699 (768558 Gflops/s) - 685 (753165 Gflops/s) | Temperatures: 60°C - 62°C - 73°C - 72°C - 63°C - 61°C - 73°C - 74°C | Throttling: None - None - None - None - None - None - None - None
717 (788349 Gflops/s) - 713 (783951 Gflops/s) - 704 (774056 Gflops/s) - 705 (775155 Gflops/s) - 713 (783951 Gflops/s) - 715 (786150 Gflops/s) - 699 (768558 Gflops/s) - 686 (754264 Gflops/s) | Temperatures: 60°C - 62°C - 73°C - 72°C - 63°C - 61°C - 73°C - 74°C | Throttling: None - None - None - None - None - None - None - None
718 (789449 Gflops/s) - 713 (783951 Gflops/s) - 704 (774056 Gflops/s) - 705 (775155 Gflops/s) - 715 (786150 Gflops/s) - 714 (785051 Gflops/s) - 698 (767459 Gflops/s) - 685 (753165 Gflops/s) | Temperatures: 60°C - 62°C - 73°C - 72°C - 63°C - 61°C - 73°C - 74°C | Throttling: None - None - None - None - None - None - None - None
717 (788349 Gflops/s) - 713 (783951 Gflops/s) - 704 (774056 Gflops/s) - 705 (775155 Gflops/s) - 714 (785051 Gflops/s) - 715 (786150 Gflops/s) - 699 (768558 Gflops/s) - 685 (753165 Gflops/s) | Temperatures: 60°C - 62°C - 73°C - 72°C - 63°C - 61°C - 73°C - 74°C | Throttling: None - None - None - None - None - None - None - None
216 (237494 Gflops/s) - 325 (357341 Gflops/s) - 566 (622323 Gflops/s) - 696 (765260 Gflops/s) - 166 (182518 Gflops/s) - 469 (515670 Gflops/s) - 630 (692692 Gflops/s) - 559 (614626 Gflops/s) | Temperatures: 60°C - 62°C - 73°C - 72°C - 63°C - 61°C - 73°C - 74°C | Throttling: None - None - None - None - None - None - None - None
GPU #0: 761872 Gflops/s (min: 237494.51, max: 808141.05, dev: 761871.80)
         Temperature: 59.56°C (min: 51.00, max: 61.00)
         Throttling HW: false, Thermal SW: false, Thermal HW: false
GPU #1: 757231 Gflops/s (min: 357341.28, max: 803743.00, dev: 757230.67)
         Temperature: 61.48°C (min: 53.00, max: 62.00)
         Throttling HW: false, Thermal SW: false, Thermal HW: false
GPU #2: 750813 Gflops/s (min: 622323.58, max: 791648.37, dev: 750813.11)
         Temperature: 71.01°C (min: 57.00, max: 73.00)
         Throttling HW: false, Thermal SW: false, Thermal HW: false
GPU #3: 753147 Gflops/s (min: 692692.33, max: 800444.47, dev: 753146.77)
         Temperature: 70.54°C (min: 56.00, max: 72.00)
         Throttling HW: false, Thermal SW: false, Thermal HW: false
GPU #4: 758076 Gflops/s (min: 182518.93, max: 800444.47, dev: 758075.87)
         Temperature: 62.62°C (min: 54.00, max: 64.00)
         Throttling HW: false, Thermal SW: false, Thermal HW: false
GPU #5: 760335 Gflops/s (min: 515670.95, max: 804842.51, dev: 760334.73)
         Temperature: 60.50°C (min: 52.00, max: 62.00)
         Throttling HW: false, Thermal SW: false, Thermal HW: false
GPU #6: 746138 Gflops/s (min: 686095.26, max: 794946.91, dev: 746138.31)
         Temperature: 71.58°C (min: 57.00, max: 73.00)
         Throttling HW: false, Thermal SW: false, Thermal HW: false
GPU #7: 731908 Gflops/s (min: 614627.00, max: 787250.33, dev: 731908.24)
         Temperature: 72.51°C (min: 58.00, max: 74.00)
         Throttling HW: false, Thermal SW: false, Thermal HW: false
All GPUs seem healthy
Freeing GPUs...
======== Run with bf16 ==========
Detected GPU #0: "NVIDIA B200" (be549eb1-c1a3-e9c1-4c78-a328dc941790)
Detected GPU #1: "NVIDIA B200" (c5014d78-6617-e615-cd75-0c3aa97937c6)
Detected GPU #2: "NVIDIA B200" (3cc76aa0-6d1b-8d76-85b0-1d066299aacb)
Detected GPU #3: "NVIDIA B200" (501e65ea-fc38-af33-5990-7644592fa154)
Detected GPU #4: "NVIDIA B200" (9b3ee5af-bf92-6217-559f-f244b433a528)
Detected GPU #5: "NVIDIA B200" (e41323f2-a154-bb47-0cc9-e44476cd2880)
Detected GPU #6: "NVIDIA B200" (c301239a-85c3-609d-f4cf-4e59b3aadc8c)
Detected GPU #7: "NVIDIA B200" (edebb39d-d365-ebd5-8591-f7caf7362b0d)
Using precision(s):  BF16 
Creating random matrices
Matrices created
GPU #0: Using 163805 MB
GPU #1: Using 163805 MB
GPU #2: Using 163805 MB
GPU #3: Using 163805 MB
GPU #4: Using 163805 MB
GPU #5: Using 163805 MB
GPU #6: Using 163805 MB
GPU #7: Using 163805 MB
2170 (2385940 Gflops/s) - 2164 (2379343 Gflops/s) - 1994 (2192426 Gflops/s) - 2049 (2252899 Gflops/s) - 1980 (2177033 Gflops/s) - 2036 (2238605 Gflops/s) - 1990 (2188028 Gflops/s) - 2006 (2205620 Gflops/s) | Temperatures: 52°C - 53°C - 63°C - 62°C - 54°C - 53°C - 64°C - 65°C | Throttling: None - None - None - None - None - None - None - None
1282 (1409573 Gflops/s) - 1284 (1411772 Gflops/s) - 1277 (1404076 Gflops/s) - 1283 (1410673 Gflops/s) - 1289 (1417270 Gflops/s) - 1294 (1422768 Gflops/s) - 1281 (1408474 Gflops/s) - 1279 (1406275 Gflops/s) | Temperatures: 53°C - 55°C - 64°C - 64°C - 55°C - 54°C - 65°C - 66°C | Throttling: None - None - None - None - None - None - None - None
1299 (1428265 Gflops/s) - 1290 (1418369 Gflops/s) - 1280 (1407374 Gflops/s) - 1288 (1416170 Gflops/s) - 1290 (1418369 Gflops/s) - 1292 (1420569 Gflops/s) - 1281 (1408474 Gflops/s) - 1282 (1409573 Gflops/s) | Temperatures: 54°C - 55°C - 65°C - 64°C - 56°C - 55°C - 66°C - 66°C | Throttling: None - None - None - None - None - None - None - None
1302 (1431564 Gflops/s) - 1282 (1409573 Gflops/s) - 1281 (1408474 Gflops/s) - 1289 (1417270 Gflops/s) - 1289 (1417270 Gflops/s) - 1296 (1424967 Gflops/s) - 1280 (1407374 Gflops/s) - 1285 (1412872 Gflops/s) | Temperatures: 54°C - 56°C - 65°C - 65°C - 57°C - 55°C - 66°C - 67°C | Throttling: None - None - None - None - None - None - None - None
1295 (1423867 Gflops/s) - 1279 (1406275 Gflops/s) - 1279 (1406275 Gflops/s) - 1286 (1413971 Gflops/s) - 1288 (1416170 Gflops/s) - 1292 (1420569 Gflops/s) - 1277 (1404076 Gflops/s) - 1281 (1408474 Gflops/s) | Temperatures: 55°C - 56°C - 66°C - 65°C - 57°C - 55°C - 66°C - 67°C | Throttling: None - None - None - None - None - None - None - None
1301 (1430464 Gflops/s) - 1283 (1410673 Gflops/s) - 1278 (1405175 Gflops/s) - 1289 (1417270 Gflops/s) - 1289 (1417270 Gflops/s) - 1295 (1423867 Gflops/s) - 1279 (1406275 Gflops/s) - 1285 (1412872 Gflops/s) | Temperatures: 55°C - 56°C - 66°C - 65°C - 58°C - 56°C - 66°C - 68°C | Throttling: None - None - None - None - None - None - None - None
1300 (1429365 Gflops/s) - 1281 (1408474 Gflops/s) - 1281 (1408474 Gflops/s) - 1290 (1418369 Gflops/s) - 1286 (1413971 Gflops/s) - 1295 (1423867 Gflops/s) - 1279 (1406275 Gflops/s) - 1282 (1409573 Gflops/s) | Temperatures: 56°C - 57°C - 66°C - 66°C - 58°C - 56°C - 67°C - 68°C | Throttling: None - None - None - None - None - None - None - None
1300 (1429365 Gflops/s) - 1282 (1409573 Gflops/s) - 1280 (1407374 Gflops/s) - 1290 (1418369 Gflops/s) - 1287 (1415071 Gflops/s) - 1296 (1424967 Gflops/s) - 1279 (1406275 Gflops/s) - 1285 (1412872 Gflops/s) | Temperatures: 56°C - 57°C - 66°C - 66°C - 58°C - 57°C - 67°C - 68°C | Throttling: None - None - None - None - None - None - None - None
1298 (1427166 Gflops/s) - 1283 (1410673 Gflops/s) - 1278 (1405175 Gflops/s) - 1288 (1416170 Gflops/s) - 1284 (1411772 Gflops/s) - 1294 (1422768 Gflops/s) - 1277 (1404076 Gflops/s) - 1282 (1409573 Gflops/s) | Temperatures: 56°C - 57°C - 67°C - 66°C - 59°C - 57°C - 67°C - 68°C | Throttling: None - None - None - None - None - None - None - None
1295 (1423867 Gflops/s) - 1282 (1409573 Gflops/s) - 1278 (1405175 Gflops/s) - 1286 (1413971 Gflops/s) - 1283 (1410673 Gflops/s) - 1293 (1421668 Gflops/s) - 1277 (1404076 Gflops/s) - 1275 (1401877 Gflops/s) | Temperatures: 56°C - 58°C - 67°C - 66°C - 59°C - 57°C - 68°C - 69°C | Throttling: None - None - None - None - None - None - None - None
1302 (1431564 Gflops/s) - 1295 (1423867 Gflops/s) - 1289 (1417270 Gflops/s) - 1298 (1427166 Gflops/s) - 1297 (1426066 Gflops/s) - 1305 (1434862 Gflops/s) - 1288 (1416170 Gflops/s) - 1290 (1418369 Gflops/s) | Temperatures: 56°C - 58°C - 67°C - 67°C - 59°C - 57°C - 68°C - 69°C | Throttling: None - None - None - None - None - None - None - None
1278 (1405175 Gflops/s) - 1271 (1397479 Gflops/s) - 1264 (1389782 Gflops/s) - 1276 (1402976 Gflops/s) - 1273 (1399678 Gflops/s) - 1282 (1409573 Gflops/s) - 1267 (1393081 Gflops/s) - 1270 (1396379 Gflops/s) | Temperatures: 57°C - 58°C - 67°C - 67°C - 59°C - 58°C - 68°C - 69°C | Throttling: None - None - None - None - None - None - None - None
1288 (1416170 Gflops/s) - 1281 (1408474 Gflops/s) - 1273 (1399678 Gflops/s) - 1285 (1412872 Gflops/s) - 1285 (1412872 Gflops/s) - 1294 (1422768 Gflops/s) - 1275 (1401877 Gflops/s) - 1280 (1407374 Gflops/s) | Temperatures: 57°C - 58°C - 68°C - 67°C - 60°C - 58°C - 68°C - 69°C | Throttling: None - None - None - None - None - None - None - None
1292 (1420569 Gflops/s) - 1283 (1410673 Gflops/s) - 1277 (1404076 Gflops/s) - 1288 (1416170 Gflops/s) - 1286 (1413971 Gflops/s) - 1296 (1424967 Gflops/s) - 1279 (1406275 Gflops/s) - 1283 (1410673 Gflops/s) | Temperatures: 57°C - 59°C - 68°C - 67°C - 60°C - 58°C - 68°C - 69°C | Throttling: None - None - None - None - None - None - None - None
1287 (1415071 Gflops/s) - 1279 (1406275 Gflops/s) - 1273 (1399678 Gflops/s) - 1284 (1411772 Gflops/s) - 1284 (1411772 Gflops/s) - 1291 (1419469 Gflops/s) - 1275 (1401877 Gflops/s) - 1276 (1402976 Gflops/s) | Temperatures: 57°C - 59°C - 68°C - 68°C - 60°C - 58°C - 69°C - 70°C | Throttling: None - None - None - None - None - None - None - None
1295 (1423867 Gflops/s) - 1290 (1418369 Gflops/s) - 1282 (1409573 Gflops/s) - 1293 (1421668 Gflops/s) - 1293 (1421668 Gflops/s) - 1299 (1428265 Gflops/s) - 1285 (1412872 Gflops/s) - 1288 (1416170 Gflops/s) | Temperatures: 57°C - 59°C - 68°C - 68°C - 60°C - 59°C - 69°C - 70°C | Throttling: None - None - None - None - None - None - None - None
1395 (1533818 Gflops/s) - 1389 (1527221 Gflops/s) - 1380 (1517326 Gflops/s) - 1390 (1528321 Gflops/s) - 1393 (1531619 Gflops/s) - 1402 (1541515 Gflops/s) - 1383 (1520624 Gflops/s) - 1384 (1521724 Gflops/s) | Temperatures: 58°C - 59°C - 68°C - 68°C - 61°C - 59°C - 69°C - 70°C | Throttling: None - None - None - None - None - None - None - None
1397 (1536017 Gflops/s) - 1387 (1525022 Gflops/s) - 1378 (1515127 Gflops/s) - 1391 (1529420 Gflops/s) - 1388 (1526122 Gflops/s) - 1401 (1540415 Gflops/s) - 1383 (1520624 Gflops/s) - 1385 (1522823 Gflops/s) | Temperatures: 58°C - 59°C - 68°C - 68°C - 61°C - 59°C - 69°C - 70°C | Throttling: None - None - None - None - None - None - None - None
1398 (1537117 Gflops/s) - 1386 (1523923 Gflops/s) - 1379 (1516226 Gflops/s) - 1391 (1529420 Gflops/s) - 1391 (1529420 Gflops/s) - 1398 (1537117 Gflops/s) - 1383 (1520624 Gflops/s) - 1383 (1520624 Gflops/s) | Temperatures: 58°C - 60°C - 69°C - 68°C - 61°C - 59°C - 70°C - 70°C | Throttling: None - None - None - None - None - None - None - None
1396 (1534918 Gflops/s) - 1386 (1523923 Gflops/s) - 1377 (1514027 Gflops/s) - 1387 (1525022 Gflops/s) - 1389 (1527221 Gflops/s) - 1397 (1536017 Gflops/s) - 1381 (1518425 Gflops/s) - 1378 (1515127 Gflops/s) | Temperatures: 58°C - 60°C - 69°C - 69°C - 61°C - 59°C - 70°C - 71°C | Throttling: None - None - None - None - None - None - None - None
1398 (1537117 Gflops/s) - 1386 (1523923 Gflops/s) - 1378 (1515127 Gflops/s) - 1390 (1528321 Gflops/s) - 1389 (1527221 Gflops/s) - 1398 (1537117 Gflops/s) - 1382 (1519525 Gflops/s) - 1379 (1516226 Gflops/s) | Temperatures: 58°C - 60°C - 69°C - 69°C - 61°C - 59°C - 70°C - 71°C | Throttling: None - None - None - None - None - None - None - None
1397 (1536017 Gflops/s) - 1385 (1522823 Gflops/s) - 1379 (1516226 Gflops/s) - 1389 (1527221 Gflops/s) - 1390 (1528321 Gflops/s) - 1398 (1537117 Gflops/s) - 1382 (1519525 Gflops/s) - 1379 (1516226 Gflops/s) | Temperatures: 59°C - 60°C - 69°C - 69°C - 61°C - 59°C - 70°C - 71°C | Throttling: None - None - None - None - None - None - None - None
1396 (1534918 Gflops/s) - 1387 (1525022 Gflops/s) - 1378 (1515127 Gflops/s) - 1388 (1526122 Gflops/s) - 1388 (1526122 Gflops/s) - 1400 (1539316 Gflops/s) - 1381 (1518425 Gflops/s) - 1380 (1517326 Gflops/s) | Temperatures: 59°C - 60°C - 69°C - 69°C - 62°C - 60°C - 70°C - 71°C | Throttling: None - None - None - None - None - None - None - None
1396 (1534918 Gflops/s) - 1386 (1523923 Gflops/s) - 1378 (1515127 Gflops/s) - 1387 (1525022 Gflops/s) - 1389 (1527221 Gflops/s) - 1397 (1536017 Gflops/s) - 1382 (1519525 Gflops/s) - 1379 (1516226 Gflops/s) | Temperatures: 59°C - 60°C - 70°C - 69°C - 62°C - 60°C - 71°C - 71°C | Throttling: None - None - None - None - None - None - None - None
1396 (1534918 Gflops/s) - 1385 (1522823 Gflops/s) - 1377 (1514027 Gflops/s) - 1387 (1525022 Gflops/s) - 1389 (1527221 Gflops/s) - 1399 (1538216 Gflops/s) - 1381 (1518425 Gflops/s) - 1375 (1511828 Gflops/s) | Temperatures: 59°C - 60°C - 70°C - 69°C - 62°C - 60°C - 71°C - 72°C | Throttling: None - None - None - None - None - None - None - None
1395 (1533818 Gflops/s) - 1384 (1521724 Gflops/s) - 1376 (1512927 Gflops/s) - 1380 (1517326 Gflops/s) - 1386 (1523923 Gflops/s) - 1396 (1534918 Gflops/s) - 1379 (1516226 Gflops/s) - 1376 (1512927 Gflops/s) | Temperatures: 59°C - 61°C - 70°C - 69°C - 62°C - 60°C - 71°C - 72°C | Throttling: None - None - None - None - None - None - None - None
1397 (1536017 Gflops/s) - 1385 (1522823 Gflops/s) - 1376 (1512927 Gflops/s) - 1383 (1520624 Gflops/s) - 1388 (1526122 Gflops/s) - 1395 (1533818 Gflops/s) - 1381 (1518425 Gflops/s) - 1375 (1511828 Gflops/s) | Temperatures: 59°C - 61°C - 70°C - 70°C - 62°C - 60°C - 71°C - 72°C | Throttling: None - None - None - None - None - None - None - None
1396 (1534918 Gflops/s) - 1385 (1522823 Gflops/s) - 1378 (1515127 Gflops/s) - 1387 (1525022 Gflops/s) - 1388 (1526122 Gflops/s) - 1394 (1532719 Gflops/s) - 1381 (1518425 Gflops/s) - 1373 (1509629 Gflops/s) | Temperatures: 59°C - 61°C - 70°C - 70°C - 62°C - 60°C - 71°C - 72°C | Throttling: None - None - None - None - None - None - None - None
1395 (1533818 Gflops/s) - 1384 (1521724 Gflops/s) - 1376 (1512927 Gflops/s) - 1377 (1514027 Gflops/s) - 1389 (1527221 Gflops/s) - 1398 (1537117 Gflops/s) - 1379 (1516226 Gflops/s) - 1375 (1511828 Gflops/s) | Temperatures: 59°C - 61°C - 70°C - 70°C - 62°C - 60°C - 71°C - 72°C | Throttling: None - None - None - None - None - None - None - None
1396 (1534918 Gflops/s) - 1382 (1519525 Gflops/s) - 1375 (1511828 Gflops/s) - 1376 (1512927 Gflops/s) - 1387 (1525022 Gflops/s) - 1396 (1534918 Gflops/s) - 1380 (1517326 Gflops/s) - 1374 (1510728 Gflops/s) | Temperatures: 60°C - 61°C - 71°C - 70°C - 62°C - 60°C - 71°C - 72°C | Throttling: None - None - None - None - None - None - None - None
1392 (1530520 Gflops/s) - 1382 (1519525 Gflops/s) - 1376 (1512927 Gflops/s) - 1378 (1515127 Gflops/s) - 1387 (1525022 Gflops/s) - 1394 (1532719 Gflops/s) - 1377 (1514027 Gflops/s) - 1369 (1505231 Gflops/s) | Temperatures: 60°C - 61°C - 71°C - 70°C - 62°C - 61°C - 72°C - 73°C | Throttling: None - None - None - None - None - None - None - None
1395 (1533818 Gflops/s) - 1384 (1521724 Gflops/s) - 1377 (1514027 Gflops/s) - 1382 (1519525 Gflops/s) - 1386 (1523923 Gflops/s) - 1396 (1534918 Gflops/s) - 1379 (1516226 Gflops/s) - 1374 (1510728 Gflops/s) | Temperatures: 60°C - 61°C - 71°C - 70°C - 62°C - 60°C - 72°C - 73°C | Throttling: None - None - None - None - None - None - None - None
1393 (1531619 Gflops/s) - 1384 (1521724 Gflops/s) - 1375 (1511828 Gflops/s) - 1377 (1514027 Gflops/s) - 1386 (1523923 Gflops/s) - 1396 (1534918 Gflops/s) - 1379 (1516226 Gflops/s) - 1369 (1505231 Gflops/s) | Temperatures: 60°C - 61°C - 71°C - 70°C - 62°C - 61°C - 72°C - 72°C | Throttling: None - None - None - None - None - None - None - None
1395 (1533818 Gflops/s) - 1382 (1519525 Gflops/s) - 1375 (1511828 Gflops/s) - 1376 (1512927 Gflops/s) - 1387 (1525022 Gflops/s) - 1394 (1532719 Gflops/s) - 1379 (1516226 Gflops/s) - 1369 (1505231 Gflops/s) | Temperatures: 60°C - 61°C - 71°C - 71°C - 63°C - 61°C - 72°C - 73°C | Throttling: None - None - None - None - None - None - None - None
1393 (1531619 Gflops/s) - 1383 (1520624 Gflops/s) - 1376 (1512927 Gflops/s) - 1380 (1517326 Gflops/s) - 1386 (1523923 Gflops/s) - 1394 (1532719 Gflops/s) - 1379 (1516226 Gflops/s) - 1369 (1505231 Gflops/s) | Temperatures: 60°C - 61°C - 71°C - 71°C - 63°C - 61°C - 72°C - 73°C | Throttling: None - None - None - None - None - None - None - None
1394 (1532719 Gflops/s) - 1383 (1520624 Gflops/s) - 1376 (1512927 Gflops/s) - 1377 (1514027 Gflops/s) - 1386 (1523923 Gflops/s) - 1397 (1536017 Gflops/s) - 1378 (1515127 Gflops/s) - 1367 (1503032 Gflops/s) | Temperatures: 60°C - 61°C - 71°C - 71°C - 63°C - 61°C - 72°C - 73°C | Throttling: None - None - None - None - None - None - None - None
1391 (1529420 Gflops/s) - 1380 (1517326 Gflops/s) - 1373 (1509629 Gflops/s) - 1375 (1511828 Gflops/s) - 1384 (1521724 Gflops/s) - 1392 (1530520 Gflops/s) - 1377 (1514027 Gflops/s) - 1365 (1500833 Gflops/s) | Temperatures: 60°C - 61°C - 72°C - 71°C - 63°C - 61°C - 72°C - 73°C | Throttling: None - None - None - None - None - None - None - None
1393 (1531619 Gflops/s) - 1381 (1518425 Gflops/s) - 1374 (1510728 Gflops/s) - 1378 (1515127 Gflops/s) - 1386 (1523923 Gflops/s) - 1396 (1534918 Gflops/s) - 1378 (1515127 Gflops/s) - 1369 (1505231 Gflops/s) | Temperatures: 60°C - 61°C - 72°C - 71°C - 63°C - 61°C - 73°C - 73°C | Throttling: None - None - None - None - None - None - None - None
1392 (1530520 Gflops/s) - 1382 (1519525 Gflops/s) - 1373 (1509629 Gflops/s) - 1377 (1514027 Gflops/s) - 1387 (1525022 Gflops/s) - 1395 (1533818 Gflops/s) - 1378 (1515127 Gflops/s) - 1366 (1501932 Gflops/s) | Temperatures: 60°C - 62°C - 72°C - 71°C - 63°C - 61°C - 73°C - 73°C | Throttling: None - None - None - None - None - None - None - None
1392 (1530520 Gflops/s) - 1381 (1518425 Gflops/s) - 1375 (1511828 Gflops/s) - 1377 (1514027 Gflops/s) - 1385 (1522823 Gflops/s) - 1394 (1532719 Gflops/s) - 1378 (1515127 Gflops/s) - 1366 (1501932 Gflops/s) | Temperatures: 60°C - 62°C - 72°C - 71°C - 63°C - 61°C - 73°C - 74°C | Throttling: None - None - None - None - None - None - None - None
1393 (1531619 Gflops/s) - 1382 (1519525 Gflops/s) - 1374 (1510728 Gflops/s) - 1378 (1515127 Gflops/s) - 1385 (1522823 Gflops/s) - 1393 (1531619 Gflops/s) - 1379 (1516226 Gflops/s) - 1367 (1503032 Gflops/s) | Temperatures: 60°C - 62°C - 72°C - 71°C - 63°C - 61°C - 73°C - 74°C | Throttling: None - None - None - None - None - None - None - None
1392 (1530520 Gflops/s) - 1380 (1517326 Gflops/s) - 1373 (1509629 Gflops/s) - 1376 (1512927 Gflops/s) - 1385 (1522823 Gflops/s) - 1394 (1532719 Gflops/s) - 1377 (1514027 Gflops/s) - 1369 (1505231 Gflops/s) | Temperatures: 60°C - 62°C - 72°C - 71°C - 63°C - 61°C - 73°C - 74°C | Throttling: None - None - None - None - None - None - None - None
1390 (1528321 Gflops/s) - 1380 (1517326 Gflops/s) - 1371 (1507430 Gflops/s) - 1375 (1511828 Gflops/s) - 1384 (1521724 Gflops/s) - 1394 (1532719 Gflops/s) - 1377 (1514027 Gflops/s) - 1364 (1499733 Gflops/s) | Temperatures: 60°C - 62°C - 72°C - 71°C - 63°C - 61°C - 73°C - 74°C | Throttling: None - None - None - None - None - None - None - None
1392 (1530520 Gflops/s) - 1382 (1519525 Gflops/s) - 1373 (1509629 Gflops/s) - 1377 (1514027 Gflops/s) - 1386 (1523923 Gflops/s) - 1396 (1534918 Gflops/s) - 1379 (1516226 Gflops/s) - 1364 (1499733 Gflops/s) | Temperatures: 60°C - 62°C - 72°C - 71°C - 63°C - 61°C - 73°C - 74°C | Throttling: None - None - None - None - None - None - None - None
1393 (1531619 Gflops/s) - 1382 (1519525 Gflops/s) - 1372 (1508529 Gflops/s) - 1377 (1514027 Gflops/s) - 1386 (1523923 Gflops/s) - 1396 (1534918 Gflops/s) - 1378 (1515127 Gflops/s) - 1366 (1501932 Gflops/s) | Temperatures: 60°C - 62°C - 72°C - 72°C - 63°C - 61°C - 73°C - 74°C | Throttling: None - None - None - None - None - None - None - None
1392 (1530520 Gflops/s) - 1381 (1518425 Gflops/s) - 1374 (1510728 Gflops/s) - 1376 (1512927 Gflops/s) - 1385 (1522823 Gflops/s) - 1396 (1534918 Gflops/s) - 1378 (1515127 Gflops/s) - 1365 (1500833 Gflops/s) | Temperatures: 60°C - 62°C - 72°C - 72°C - 63°C - 61°C - 73°C - 74°C | Throttling: None - None - None - None - None - None - None - None
1393 (1531619 Gflops/s) - 1380 (1517326 Gflops/s) - 1372 (1508529 Gflops/s) - 1377 (1514027 Gflops/s) - 1385 (1522823 Gflops/s) - 1396 (1534918 Gflops/s) - 1379 (1516226 Gflops/s) - 1366 (1501932 Gflops/s) | Temperatures: 60°C - 62°C - 72°C - 72°C - 63°C - 61°C - 73°C - 74°C | Throttling: None - None - None - None - None - None - None - None
1392 (1530520 Gflops/s) - 1380 (1517326 Gflops/s) - 1370 (1506330 Gflops/s) - 1375 (1511828 Gflops/s) - 1384 (1521724 Gflops/s) - 1393 (1531619 Gflops/s) - 1377 (1514027 Gflops/s) - 1362 (1497534 Gflops/s) | Temperatures: 60°C - 62°C - 72°C - 72°C - 63°C - 61°C - 73°C - 74°C | Throttling: None - None - None - None - None - None - None - None
1391 (1529420 Gflops/s) - 1382 (1519525 Gflops/s) - 1373 (1509629 Gflops/s) - 1378 (1515127 Gflops/s) - 1385 (1522823 Gflops/s) - 1396 (1534918 Gflops/s) - 1378 (1515127 Gflops/s) - 1368 (1504131 Gflops/s) | Temperatures: 60°C - 62°C - 72°C - 72°C - 63°C - 61°C - 73°C - 74°C | Throttling: None - None - None - None - None - None - None - None
1394 (1532719 Gflops/s) - 1380 (1517326 Gflops/s) - 1373 (1509629 Gflops/s) - 1376 (1512927 Gflops/s) - 1384 (1521724 Gflops/s) - 1395 (1533818 Gflops/s) - 1378 (1515127 Gflops/s) - 1363 (1498634 Gflops/s) | Temperatures: 60°C - 62°C - 72°C - 72°C - 63°C - 61°C - 73°C - 74°C | Throttling: None - None - None - None - None - None - None - None
1393 (1531619 Gflops/s) - 1381 (1518425 Gflops/s) - 1372 (1508529 Gflops/s) - 1377 (1514027 Gflops/s) - 1388 (1526122 Gflops/s) - 1396 (1534918 Gflops/s) - 1378 (1515127 Gflops/s) - 1366 (1501932 Gflops/s) | Temperatures: 60°C - 62°C - 72°C - 72°C - 63°C - 61°C - 73°C - 74°C | Throttling: None - None - None - None - None - None - None - None
1394 (1532719 Gflops/s) - 1382 (1519525 Gflops/s) - 1373 (1509629 Gflops/s) - 1378 (1515127 Gflops/s) - 1384 (1521724 Gflops/s) - 1395 (1533818 Gflops/s) - 1379 (1516226 Gflops/s) - 1364 (1499733 Gflops/s) | Temperatures: 60°C - 62°C - 72°C - 72°C - 63°C - 61°C - 73°C - 74°C | Throttling: None - None - None - None - None - None - None - None
1395 (1533818 Gflops/s) - 1383 (1520624 Gflops/s) - 1372 (1508529 Gflops/s) - 1377 (1514027 Gflops/s) - 1385 (1522823 Gflops/s) - 1396 (1534918 Gflops/s) - 1378 (1515127 Gflops/s) - 1368 (1504131 Gflops/s) | Temperatures: 60°C - 62°C - 72°C - 72°C - 63°C - 61°C - 73°C - 74°C | Throttling: None - None - None - None - None - None - None - None
1394 (1532719 Gflops/s) - 1381 (1518425 Gflops/s) - 1372 (1508529 Gflops/s) - 1379 (1516226 Gflops/s) - 1385 (1522823 Gflops/s) - 1397 (1536017 Gflops/s) - 1377 (1514027 Gflops/s) - 1365 (1500833 Gflops/s) | Temperatures: 60°C - 62°C - 72°C - 72°C - 63°C - 61°C - 73°C - 74°C | Throttling: None - None - None - None - None - None - None - None
1354 (1488738 Gflops/s) - 1342 (1475544 Gflops/s) - 1332 (1464549 Gflops/s) - 1338 (1471146 Gflops/s) - 1347 (1481042 Gflops/s) - 1356 (1490937 Gflops/s) - 1339 (1472246 Gflops/s) - 1327 (1459051 Gflops/s) | Temperatures: 60°C - 62°C - 72°C - 72°C - 63°C - 61°C - 73°C - 74°C | Throttling: None - None - None - None - None - None - None - None
1285 (1412872 Gflops/s) - 1276 (1402976 Gflops/s) - 1268 (1394180 Gflops/s) - 1271 (1397479 Gflops/s) - 1278 (1405175 Gflops/s) - 1288 (1416170 Gflops/s) - 1273 (1399678 Gflops/s) - 1262 (1387583 Gflops/s) | Temperatures: 60°C - 62°C - 72°C - 72°C - 63°C - 61°C - 73°C - 74°C | Throttling: None - None - None - None - None - None - None - None
1287 (1415071 Gflops/s) - 1275 (1401877 Gflops/s) - 1267 (1393081 Gflops/s) - 1271 (1397479 Gflops/s) - 1277 (1404076 Gflops/s) - 1290 (1418369 Gflops/s) - 1272 (1398578 Gflops/s) - 1260 (1385384 Gflops/s) | Temperatures: 60°C - 62°C - 72°C - 72°C - 63°C - 61°C - 73°C - 74°C | Throttling: None - None - None - None - None - None - None - None
1283 (1410673 Gflops/s) - 1274 (1400777 Gflops/s) - 1264 (1389782 Gflops/s) - 1270 (1396379 Gflops/s) - 1278 (1405175 Gflops/s) - 1286 (1413971 Gflops/s) - 1271 (1397479 Gflops/s) - 1259 (1384285 Gflops/s) | Temperatures: 60°C - 62°C - 72°C - 72°C - 63°C - 61°C - 73°C - 74°C | Throttling: None - None - None - None - None - None - None - None
1296 (1424967 Gflops/s) - 1286 (1413971 Gflops/s) - 1278 (1405175 Gflops/s) - 1282 (1409573 Gflops/s) - 1289 (1417270 Gflops/s) - 1300 (1429365 Gflops/s) - 1284 (1411772 Gflops/s) - 1271 (1397479 Gflops/s) | Temperatures: 60°C - 62°C - 72°C - 72°C - 63°C - 61°C - 73°C - 74°C | Throttling: None - None - None - None - None - None - None - None
1275 (1401877 Gflops/s) - 1265 (1390882 Gflops/s) - 1255 (1379887 Gflops/s) - 1260 (1385384 Gflops/s) - 1267 (1393081 Gflops/s) - 1277 (1404076 Gflops/s) - 1261 (1386484 Gflops/s) - 1248 (1372190 Gflops/s) | Temperatures: 60°C - 62°C - 72°C - 72°C - 63°C - 61°C - 73°C - 74°C | Throttling: None - None - None - None - None - None - None - None
1284 (1411772 Gflops/s) - 1273 (1399678 Gflops/s) - 1264 (1389782 Gflops/s) - 1268 (1394180 Gflops/s) - 1277 (1404076 Gflops/s) - 1284 (1411772 Gflops/s) - 1270 (1396379 Gflops/s) - 1255 (1379887 Gflops/s) | Temperatures: 60°C - 62°C - 72°C - 72°C - 63°C - 61°C - 73°C - 74°C | Throttling: None - None - None - None - None - None - None - None
1288 (1416170 Gflops/s) - 1278 (1405175 Gflops/s) - 1268 (1394180 Gflops/s) - 1273 (1399678 Gflops/s) - 1280 (1407374 Gflops/s) - 1289 (1417270 Gflops/s) - 1274 (1400777 Gflops/s) - 1264 (1389782 Gflops/s) | Temperatures: 60°C - 62°C - 72°C - 72°C - 63°C - 61°C - 73°C - 74°C | Throttling: None - None - None - None - None - None - None - None
1282 (1409573 Gflops/s) - 1273 (1399678 Gflops/s) - 1264 (1389782 Gflops/s) - 1269 (1395280 Gflops/s) - 1278 (1405175 Gflops/s) - 1286 (1413971 Gflops/s) - 1270 (1396379 Gflops/s) - 1259 (1384285 Gflops/s) | Temperatures: 60°C - 62°C - 72°C - 72°C - 63°C - 61°C - 73°C - 74°C | Throttling: None - None - None - None - None - None - None - None
1285 (1412872 Gflops/s) - 1277 (1404076 Gflops/s) - 1268 (1394180 Gflops/s) - 1273 (1399678 Gflops/s) - 1279 (1406275 Gflops/s) - 1289 (1417270 Gflops/s) - 1273 (1399678 Gflops/s) - 1262 (1387583 Gflops/s) | Temperatures: 60°C - 62°C - 72°C - 72°C - 63°C - 61°C - 73°C - 74°C | Throttling: None - None - None - None - None - None - None - None
1286 (1413971 Gflops/s) - 1275 (1401877 Gflops/s) - 1267 (1393081 Gflops/s) - 1271 (1397479 Gflops/s) - 1277 (1404076 Gflops/s) - 1289 (1417270 Gflops/s) - 1272 (1398578 Gflops/s) - 1261 (1386484 Gflops/s) | Temperatures: 60°C - 62°C - 72°C - 72°C - 63°C - 61°C - 73°C - 74°C | Throttling: None - None - None - None - None - None - None - None
1282 (1409573 Gflops/s) - 1274 (1400777 Gflops/s) - 1265 (1390882 Gflops/s) - 1270 (1396379 Gflops/s) - 1277 (1404076 Gflops/s) - 1287 (1415071 Gflops/s) - 1270 (1396379 Gflops/s) - 1259 (1384285 Gflops/s) | Temperatures: 60°C - 62°C - 72°C - 72°C - 63°C - 61°C - 73°C - 74°C | Throttling: None - None - None - None - None - None - None - None
1295 (1423867 Gflops/s) - 1287 (1415071 Gflops/s) - 1277 (1404076 Gflops/s) - 1282 (1409573 Gflops/s) - 1289 (1417270 Gflops/s) - 1299 (1428265 Gflops/s) - 1284 (1411772 Gflops/s) - 1273 (1399678 Gflops/s) | Temperatures: 60°C - 62°C - 72°C - 72°C - 63°C - 61°C - 73°C - 74°C | Throttling: None - None - None - None - None - None - None - None
1272 (1398578 Gflops/s) - 1264 (1389782 Gflops/s) - 1255 (1379887 Gflops/s) - 1261 (1386484 Gflops/s) - 1267 (1393081 Gflops/s) - 1280 (1407374 Gflops/s) - 1261 (1386484 Gflops/s) - 1244 (1367792 Gflops/s) | Temperatures: 60°C - 62°C - 72°C - 72°C - 63°C - 61°C - 74°C - 74°C | Throttling: None - None - None - None - None - None - None - None
1282 (1409573 Gflops/s) - 1275 (1401877 Gflops/s) - 1265 (1390882 Gflops/s) - 1269 (1395280 Gflops/s) - 1277 (1404076 Gflops/s) - 1287 (1415071 Gflops/s) - 1270 (1396379 Gflops/s) - 1258 (1383185 Gflops/s) | Temperatures: 60°C - 62°C - 72°C - 72°C - 63°C - 61°C - 73°C - 74°C | Throttling: None - None - None - None - None - None - None - None
1287 (1415071 Gflops/s) - 1277 (1404076 Gflops/s) - 1267 (1393081 Gflops/s) - 1273 (1399678 Gflops/s) - 1280 (1407374 Gflops/s) - 1292 (1420569 Gflops/s) - 1275 (1401877 Gflops/s) - 1263 (1388683 Gflops/s) | Temperatures: 60°C - 62°C - 72°C - 72°C - 63°C - 61°C - 73°C - 74°C | Throttling: None - None - None - None - None - None - None - None
1281 (1408474 Gflops/s) - 1272 (1398578 Gflops/s) - 1264 (1389782 Gflops/s) - 1269 (1395280 Gflops/s) - 1276 (1402976 Gflops/s) - 1287 (1415071 Gflops/s) - 1270 (1396379 Gflops/s) - 1257 (1382086 Gflops/s) | Temperatures: 60°C - 62°C - 73°C - 72°C - 63°C - 61°C - 74°C - 74°C | Throttling: None - None - None - None - None - None - None - None
1287 (1415071 Gflops/s) - 1275 (1401877 Gflops/s) - 1266 (1391981 Gflops/s) - 1272 (1398578 Gflops/s) - 1278 (1405175 Gflops/s) - 1290 (1418369 Gflops/s) - 1273 (1399678 Gflops/s) - 1263 (1388683 Gflops/s) | Temperatures: 60°C - 62°C - 73°C - 72°C - 63°C - 61°C - 73°C - 74°C | Throttling: None - None - None - None - None - None - None - None
1285 (1412872 Gflops/s) - 1274 (1400777 Gflops/s) - 1265 (1390882 Gflops/s) - 1271 (1397479 Gflops/s) - 1278 (1405175 Gflops/s) - 1290 (1418369 Gflops/s) - 1271 (1397479 Gflops/s) - 1257 (1382086 Gflops/s) | Temperatures: 60°C - 62°C - 73°C - 72°C - 63°C - 61°C - 74°C - 74°C | Throttling: None - None - None - None - None - None - None - None
1282 (1409573 Gflops/s) - 1274 (1400777 Gflops/s) - 1263 (1388683 Gflops/s) - 1269 (1395280 Gflops/s) - 1278 (1405175 Gflops/s) - 1288 (1416170 Gflops/s) - 1271 (1397479 Gflops/s) - 1260 (1385384 Gflops/s) | Temperatures: 60°C - 62°C - 73°C - 72°C - 63°C - 61°C - 74°C - 74°C | Throttling: None - None - None - None - None - None - None - None
1295 (1423867 Gflops/s) - 1288 (1416170 Gflops/s) - 1278 (1405175 Gflops/s) - 1282 (1409573 Gflops/s) - 1288 (1416170 Gflops/s) - 1296 (1424967 Gflops/s) - 1284 (1411772 Gflops/s) - 1271 (1397479 Gflops/s) | Temperatures: 60°C - 62°C - 73°C - 72°C - 63°C - 61°C - 74°C - 74°C | Throttling: None - None - None - None - None - None - None - None
1274 (1400777 Gflops/s) - 1264 (1389782 Gflops/s) - 1254 (1378787 Gflops/s) - 1260 (1385384 Gflops/s) - 1268 (1394180 Gflops/s) - 1279 (1406275 Gflops/s) - 1260 (1385384 Gflops/s) - 1249 (1373290 Gflops/s) | Temperatures: 60°C - 62°C - 73°C - 72°C - 63°C - 61°C - 74°C - 74°C | Throttling: None - None - None - None - None - None - None - None
1281 (1408474 Gflops/s) - 1273 (1399678 Gflops/s) - 1265 (1390882 Gflops/s) - 1270 (1396379 Gflops/s) - 1275 (1401877 Gflops/s) - 1288 (1416170 Gflops/s) - 1270 (1396379 Gflops/s) - 1256 (1380986 Gflops/s) | Temperatures: 60°C - 62°C - 73°C - 72°C - 63°C - 61°C - 74°C - 74°C | Throttling: None - None - None - None - None - None - None - None
1287 (1415071 Gflops/s) - 1277 (1404076 Gflops/s) - 1268 (1394180 Gflops/s) - 1274 (1400777 Gflops/s) - 1279 (1406275 Gflops/s) - 1288 (1416170 Gflops/s) - 1273 (1399678 Gflops/s) - 1260 (1385384 Gflops/s) | Temperatures: 60°C - 62°C - 73°C - 72°C - 63°C - 61°C - 74°C - 74°C | Throttling: None - None - None - None - None - None - None - None
1282 (1409573 Gflops/s) - 1273 (1399678 Gflops/s) - 1264 (1389782 Gflops/s) - 1269 (1395280 Gflops/s) - 1277 (1404076 Gflops/s) - 1283 (1410673 Gflops/s) - 1269 (1395280 Gflops/s) - 1257 (1382086 Gflops/s) | Temperatures: 60°C - 62°C - 73°C - 72°C - 63°C - 61°C - 74°C - 74°C | Throttling: None - None - None - None - None - None - None - None
1285 (1412872 Gflops/s) - 1276 (1402976 Gflops/s) - 1266 (1391981 Gflops/s) - 1271 (1397479 Gflops/s) - 1278 (1405175 Gflops/s) - 1288 (1416170 Gflops/s) - 1273 (1399678 Gflops/s) - 1258 (1383185 Gflops/s) | Temperatures: 60°C - 62°C - 72°C - 72°C - 63°C - 61°C - 74°C - 74°C | Throttling: None - None - None - None - None - None - None - None
1283 (1410673 Gflops/s) - 1276 (1402976 Gflops/s) - 1264 (1389782 Gflops/s) - 1270 (1396379 Gflops/s) - 1278 (1405175 Gflops/s) - 1287 (1415071 Gflops/s) - 1271 (1397479 Gflops/s) - 1259 (1384285 Gflops/s) | Temperatures: 60°C - 62°C - 73°C - 72°C - 63°C - 62°C - 74°C - 74°C | Throttling: None - None - None - None - None - None - None - None
1282 (1409573 Gflops/s) - 1276 (1402976 Gflops/s) - 1264 (1389782 Gflops/s) - 1271 (1397479 Gflops/s) - 1277 (1404076 Gflops/s) - 1285 (1412872 Gflops/s) - 1271 (1397479 Gflops/s) - 1257 (1382086 Gflops/s) | Temperatures: 61°C - 62°C - 73°C - 72°C - 63°C - 61°C - 74°C - 74°C | Throttling: None - None - None - None - None - None - None - None
1294 (1422768 Gflops/s) - 1287 (1415071 Gflops/s) - 1277 (1404076 Gflops/s) - 1281 (1408474 Gflops/s) - 1289 (1417270 Gflops/s) - 1300 (1429365 Gflops/s) - 1283 (1410673 Gflops/s) - 1270 (1396379 Gflops/s) | Temperatures: 60°C - 62°C - 73°C - 72°C - 63°C - 62°C - 74°C - 74°C | Throttling: None - None - None - None - None - None - None - None
1272 (1398578 Gflops/s) - 1265 (1390882 Gflops/s) - 1254 (1378787 Gflops/s) - 1260 (1385384 Gflops/s) - 1267 (1393081 Gflops/s) - 1278 (1405175 Gflops/s) - 1260 (1385384 Gflops/s) - 1248 (1372190 Gflops/s) | Temperatures: 60°C - 62°C - 73°C - 72°C - 63°C - 62°C - 74°C - 74°C | Throttling: None - None - None - None - None - None - None - None
1282 (1409573 Gflops/s) - 1275 (1401877 Gflops/s) - 1263 (1388683 Gflops/s) - 1269 (1395280 Gflops/s) - 1277 (1404076 Gflops/s) - 1288 (1416170 Gflops/s) - 1271 (1397479 Gflops/s) - 1259 (1384285 Gflops/s) | Temperatures: 60°C - 62°C - 73°C - 72°C - 63°C - 62°C - 74°C - 74°C | Throttling: None - None - None - None - None - None - None - None
1284 (1411772 Gflops/s) - 1277 (1404076 Gflops/s) - 1268 (1394180 Gflops/s) - 1273 (1399678 Gflops/s) - 1279 (1406275 Gflops/s) - 1285 (1412872 Gflops/s) - 1273 (1399678 Gflops/s) - 1263 (1388683 Gflops/s) | Temperatures: 60°C - 62°C - 73°C - 72°C - 63°C - 61°C - 74°C - 74°C | Throttling: None - None - None - None - None - None - None - None
1284 (1411772 Gflops/s) - 1272 (1398578 Gflops/s) - 1262 (1387583 Gflops/s) - 1269 (1395280 Gflops/s) - 1276 (1402976 Gflops/s) - 1287 (1415071 Gflops/s) - 1269 (1395280 Gflops/s) - 1256 (1380986 Gflops/s) | Temperatures: 61°C - 62°C - 73°C - 72°C - 63°C - 62°C - 74°C - 74°C | Throttling: None - None - None - None - None - None - None - None
1284 (1411772 Gflops/s) - 1276 (1402976 Gflops/s) - 1266 (1391981 Gflops/s) - 1271 (1397479 Gflops/s) - 1279 (1406275 Gflops/s) - 1289 (1417270 Gflops/s) - 1273 (1399678 Gflops/s) - 1260 (1385384 Gflops/s) | Temperatures: 60°C - 62°C - 73°C - 72°C - 63°C - 62°C - 74°C - 74°C | Throttling: None - None - None - None - None - None - None - None
1282 (1409573 Gflops/s) - 1275 (1401877 Gflops/s) - 1265 (1390882 Gflops/s) - 1271 (1397479 Gflops/s) - 1277 (1404076 Gflops/s) - 1291 (1419469 Gflops/s) - 1270 (1396379 Gflops/s) - 1260 (1385384 Gflops/s) | Temperatures: 61°C - 62°C - 73°C - 72°C - 63°C - 62°C - 74°C - 74°C | Throttling: None - None - None - None - None - None - None - None
1282 (1409573 Gflops/s) - 1272 (1398578 Gflops/s) - 1262 (1387583 Gflops/s) - 1268 (1394180 Gflops/s) - 1275 (1401877 Gflops/s) - 1289 (1417270 Gflops/s) - 1269 (1395280 Gflops/s) - 1256 (1380986 Gflops/s) | Temperatures: 61°C - 62°C - 73°C - 72°C - 63°C - 62°C - 74°C - 74°C | Throttling: None - None - None - None - None - None - None - None
1296 (1424967 Gflops/s) - 1288 (1416170 Gflops/s) - 1277 (1404076 Gflops/s) - 1283 (1410673 Gflops/s) - 1291 (1419469 Gflops/s) - 1297 (1426066 Gflops/s) - 1284 (1411772 Gflops/s) - 1273 (1399678 Gflops/s) | Temperatures: 61°C - 62°C - 73°C - 72°C - 63°C - 61°C - 74°C - 74°C | Throttling: None - None - None - None - None - None - None - None
1270 (1396379 Gflops/s) - 1263 (1388683 Gflops/s) - 1254 (1378787 Gflops/s) - 1258 (1383185 Gflops/s) - 1266 (1391981 Gflops/s) - 1278 (1405175 Gflops/s) - 1259 (1384285 Gflops/s) - 1244 (1367792 Gflops/s) | Temperatures: 60°C - 62°C - 73°C - 72°C - 63°C - 62°C - 74°C - 74°C | Throttling: None - None - None - None - None - None - None - None
1282 (1409573 Gflops/s) - 1276 (1402976 Gflops/s) - 1265 (1390882 Gflops/s) - 1270 (1396379 Gflops/s) - 1278 (1405175 Gflops/s) - 1287 (1415071 Gflops/s) - 1270 (1396379 Gflops/s) - 1261 (1386484 Gflops/s) | Temperatures: 60°C - 62°C - 73°C - 72°C - 63°C - 61°C - 74°C - 75°C | Throttling: None - None - None - None - None - None - None - None
1387 (1525022 Gflops/s) - 1378 (1515127 Gflops/s) - 1368 (1504131 Gflops/s) - 1374 (1510728 Gflops/s) - 1380 (1517326 Gflops/s) - 1391 (1529420 Gflops/s) - 1373 (1509629 Gflops/s) - 1358 (1493136 Gflops/s) | Temperatures: 61°C - 62°C - 73°C - 72°C - 63°C - 62°C - 74°C - 74°C | Throttling: None - None - None - None - None - None - None - None
1391 (1529420 Gflops/s) - 1381 (1518425 Gflops/s) - 1370 (1506330 Gflops/s) - 1376 (1512927 Gflops/s) - 1385 (1522823 Gflops/s) - 1392 (1530520 Gflops/s) - 1377 (1514027 Gflops/s) - 1365 (1500833 Gflops/s) | Temperatures: 61°C - 62°C - 73°C - 72°C - 63°C - 62°C - 74°C - 74°C | Throttling: None - None - None - None - None - None - None - None
1390 (1528321 Gflops/s) - 1382 (1519525 Gflops/s) - 1371 (1507430 Gflops/s) - 1379 (1516226 Gflops/s) - 1383 (1520624 Gflops/s) - 1396 (1534918 Gflops/s) - 1376 (1512927 Gflops/s) - 1363 (1498634 Gflops/s) | Temperatures: 61°C - 62°C - 73°C - 72°C - 63°C - 62°C - 74°C - 74°C | Throttling: None - None - None - None - None - None - None - None
1389 (1527221 Gflops/s) - 1382 (1519525 Gflops/s) - 1371 (1507430 Gflops/s) - 1376 (1512927 Gflops/s) - 1384 (1521724 Gflops/s) - 1397 (1536017 Gflops/s) - 1378 (1515127 Gflops/s) - 1366 (1501932 Gflops/s) | Temperatures: 61°C - 62°C - 73°C - 72°C - 63°C - 62°C - 74°C - 74°C | Throttling: None - None - None - None - None - None - None - None
1390 (1528321 Gflops/s) - 1380 (1517326 Gflops/s) - 1369 (1505231 Gflops/s) - 1377 (1514027 Gflops/s) - 1384 (1521724 Gflops/s) - 1391 (1529420 Gflops/s) - 1377 (1514027 Gflops/s) - 1362 (1497534 Gflops/s) | Temperatures: 61°C - 62°C - 73°C - 72°C - 63°C - 62°C - 74°C - 74°C | Throttling: None - None - None - None - None - None - None - None
1389 (1527221 Gflops/s) - 1379 (1516226 Gflops/s) - 1370 (1506330 Gflops/s) - 1375 (1511828 Gflops/s) - 1383 (1520624 Gflops/s) - 1395 (1533818 Gflops/s) - 1375 (1511828 Gflops/s) - 1362 (1497534 Gflops/s) | Temperatures: 61°C - 62°C - 73°C - 72°C - 63°C - 62°C - 74°C - 74°C | Throttling: None - None - None - None - None - None - None - None
1390 (1528321 Gflops/s) - 1380 (1517326 Gflops/s) - 1370 (1506330 Gflops/s) - 1376 (1512927 Gflops/s) - 1383 (1520624 Gflops/s) - 1396 (1534918 Gflops/s) - 1376 (1512927 Gflops/s) - 1361 (1496435 Gflops/s) | Temperatures: 61°C - 62°C - 73°C - 72°C - 63°C - 62°C - 74°C - 75°C | Throttling: None - None - None - None - None - None - None - None
1391 (1529420 Gflops/s) - 1381 (1518425 Gflops/s) - 1370 (1506330 Gflops/s) - 1377 (1514027 Gflops/s) - 1383 (1520624 Gflops/s) - 1395 (1533818 Gflops/s) - 1377 (1514027 Gflops/s) - 1362 (1497534 Gflops/s) | Temperatures: 61°C - 62°C - 73°C - 72°C - 63°C - 62°C - 74°C - 74°C | Throttling: None - None - None - None - None - None - None - None
1393 (1531619 Gflops/s) - 1380 (1517326 Gflops/s) - 1370 (1506330 Gflops/s) - 1376 (1512927 Gflops/s) - 1383 (1520624 Gflops/s) - 1396 (1534918 Gflops/s) - 1376 (1512927 Gflops/s) - 1362 (1497534 Gflops/s) | Temperatures: 61°C - 62°C - 73°C - 72°C - 63°C - 62°C - 74°C - 75°C | Throttling: None - None - None - None - None - None - None - None
1391 (1529420 Gflops/s) - 1381 (1518425 Gflops/s) - 1369 (1505231 Gflops/s) - 1377 (1514027 Gflops/s) - 1383 (1520624 Gflops/s) - 1394 (1532719 Gflops/s) - 1376 (1512927 Gflops/s) - 1363 (1498634 Gflops/s) | Temperatures: 61°C - 62°C - 73°C - 72°C - 63°C - 62°C - 74°C - 74°C | Throttling: None - None - None - None - None - None - None - None
1389 (1527221 Gflops/s) - 1382 (1519525 Gflops/s) - 1371 (1507430 Gflops/s) - 1376 (1512927 Gflops/s) - 1384 (1521724 Gflops/s) - 1396 (1534918 Gflops/s) - 1376 (1512927 Gflops/s) - 1358 (1493136 Gflops/s) | Temperatures: 61°C - 62°C - 73°C - 72°C - 63°C - 62°C - 74°C - 74°C | Throttling: None - None - None - None - None - None - None - None
1389 (1527221 Gflops/s) - 1379 (1516226 Gflops/s) - 1368 (1504131 Gflops/s) - 1375 (1511828 Gflops/s) - 1382 (1519525 Gflops/s) - 1392 (1530520 Gflops/s) - 1375 (1511828 Gflops/s) - 1363 (1498634 Gflops/s) | Temperatures: 61°C - 62°C - 73°C - 72°C - 63°C - 62°C - 74°C - 74°C | Throttling: None - None - None - None - None - None - None - None
1388 (1526122 Gflops/s) - 1382 (1519525 Gflops/s) - 1370 (1506330 Gflops/s) - 1377 (1514027 Gflops/s) - 1384 (1521724 Gflops/s) - 1396 (1534918 Gflops/s) - 1376 (1512927 Gflops/s) - 1362 (1497534 Gflops/s) | Temperatures: 61°C - 62°C - 73°C - 72°C - 63°C - 62°C - 74°C - 75°C | Throttling: None - None - None - None - None - None - None - None
1391 (1529420 Gflops/s) - 1380 (1517326 Gflops/s) - 1370 (1506330 Gflops/s) - 1376 (1512927 Gflops/s) - 1383 (1520624 Gflops/s) - 1396 (1534918 Gflops/s) - 1375 (1511828 Gflops/s) - 1366 (1501932 Gflops/s) | Temperatures: 61°C - 62°C - 73°C - 72°C - 63°C - 62°C - 74°C - 75°C | Throttling: None - None - None - None - None - None - None - None
1392 (1530520 Gflops/s) - 1380 (1517326 Gflops/s) - 1370 (1506330 Gflops/s) - 1377 (1514027 Gflops/s) - 1385 (1522823 Gflops/s) - 1397 (1536017 Gflops/s) - 1378 (1515127 Gflops/s) - 1365 (1500833 Gflops/s) | Temperatures: 61°C - 62°C - 73°C - 72°C - 63°C - 62°C - 74°C - 75°C | Throttling: None - None - None - None - None - None - None - None
1388 (1526122 Gflops/s) - 1381 (1518425 Gflops/s) - 1371 (1507430 Gflops/s) - 1377 (1514027 Gflops/s) - 1383 (1520624 Gflops/s) - 1397 (1536017 Gflops/s) - 1376 (1512927 Gflops/s) - 1364 (1499733 Gflops/s) | Temperatures: 61°C - 62°C - 73°C - 72°C - 63°C - 62°C - 74°C - 75°C | Throttling: None - None - None - None - None - None - None - None
1391 (1529420 Gflops/s) - 1380 (1517326 Gflops/s) - 1369 (1505231 Gflops/s) - 1376 (1512927 Gflops/s) - 1384 (1521724 Gflops/s) - 1395 (1533818 Gflops/s) - 1375 (1511828 Gflops/s) - 1360 (1495335 Gflops/s) | Temperatures: 61°C - 62°C - 73°C - 72°C - 63°C - 62°C - 74°C - 74°C | Throttling: None - None - None - None - None - None - None - None
1386 (1523923 Gflops/s) - 1379 (1516226 Gflops/s) - 1369 (1505231 Gflops/s) - 1375 (1511828 Gflops/s) - 1382 (1519525 Gflops/s) - 1394 (1532719 Gflops/s) - 1376 (1512927 Gflops/s) - 1361 (1496435 Gflops/s) | Temperatures: 61°C - 62°C - 73°C - 73°C - 63°C - 62°C - 74°C - 75°C | Throttling: None - None - None - None - None - None - None - None
1389 (1527221 Gflops/s) - 1380 (1517326 Gflops/s) - 1370 (1506330 Gflops/s) - 1377 (1514027 Gflops/s) - 1384 (1521724 Gflops/s) - 1395 (1533818 Gflops/s) - 1376 (1512927 Gflops/s) - 1366 (1501932 Gflops/s) | Temperatures: 61°C - 62°C - 73°C - 73°C - 63°C - 62°C - 74°C - 74°C | Throttling: None - None - None - None - None - None - None - None
1392 (1530520 Gflops/s) - 1382 (1519525 Gflops/s) - 1369 (1505231 Gflops/s) - 1376 (1512927 Gflops/s) - 1383 (1520624 Gflops/s) - 1398 (1537117 Gflops/s) - 1377 (1514027 Gflops/s) - 1365 (1500833 Gflops/s) | Temperatures: 61°C - 62°C - 73°C - 73°C - 63°C - 62°C - 74°C - 74°C | Throttling: None - None - None - None - None - None - None - None
1386 (1523923 Gflops/s) - 1381 (1518425 Gflops/s) - 1370 (1506330 Gflops/s) - 1376 (1512927 Gflops/s) - 1384 (1521724 Gflops/s) - 1393 (1531619 Gflops/s) - 1376 (1512927 Gflops/s) - 1365 (1500833 Gflops/s) | Temperatures: 61°C - 62°C - 73°C - 73°C - 63°C - 62°C - 74°C - 75°C | Throttling: None - None - None - None - None - None - None - None
1390 (1528321 Gflops/s) - 1382 (1519525 Gflops/s) - 1369 (1505231 Gflops/s) - 1377 (1514027 Gflops/s) - 1384 (1521724 Gflops/s) - 1395 (1533818 Gflops/s) - 1375 (1511828 Gflops/s) - 1360 (1495335 Gflops/s) | Temperatures: 61°C - 62°C - 73°C - 73°C - 63°C - 62°C - 74°C - 75°C | Throttling: None - None - None - None - None - None - None - None
1389 (1527221 Gflops/s) - 1380 (1517326 Gflops/s) - 1369 (1505231 Gflops/s) - 1375 (1511828 Gflops/s) - 1382 (1519525 Gflops/s) - 1396 (1534918 Gflops/s) - 1374 (1510728 Gflops/s) - 1360 (1495335 Gflops/s) | Temperatures: 61°C - 62°C - 73°C - 73°C - 63°C - 62°C - 74°C - 75°C | Throttling: None - None - None - None - None - None - None - None
1390 (1528321 Gflops/s) - 1381 (1518425 Gflops/s) - 1369 (1505231 Gflops/s) - 1377 (1514027 Gflops/s) - 1384 (1521724 Gflops/s) - 1397 (1536017 Gflops/s) - 1376 (1512927 Gflops/s) - 1364 (1499733 Gflops/s) | Temperatures: 61°C - 62°C - 73°C - 73°C - 63°C - 62°C - 74°C - 75°C | Throttling: None - None - None - None - None - None - None - None
1389 (1527221 Gflops/s) - 1382 (1519525 Gflops/s) - 1372 (1508529 Gflops/s) - 1376 (1512927 Gflops/s) - 1383 (1520624 Gflops/s) - 1393 (1531619 Gflops/s) - 1375 (1511828 Gflops/s) - 1365 (1500833 Gflops/s) | Temperatures: 61°C - 62°C - 73°C - 73°C - 63°C - 62°C - 74°C - 75°C | Throttling: None - None - None - None - None - None - None - None
1391 (1529420 Gflops/s) - 1380 (1517326 Gflops/s) - 1370 (1506330 Gflops/s) - 1377 (1514027 Gflops/s) - 1383 (1520624 Gflops/s) - 1394 (1532719 Gflops/s) - 1375 (1511828 Gflops/s) - 1362 (1497534 Gflops/s) | Temperatures: 61°C - 62°C - 73°C - 73°C - 63°C - 62°C - 74°C - 75°C | Throttling: None - None - None - None - None - None - None - None
1331 (1463449 Gflops/s) - 1322 (1453554 Gflops/s) - 1311 (1441459 Gflops/s) - 1318 (1449156 Gflops/s) - 1325 (1456852 Gflops/s) - 1336 (1468947 Gflops/s) - 1317 (1448056 Gflops/s) - 1306 (1435962 Gflops/s) | Temperatures: 61°C - 62°C - 73°C - 73°C - 63°C - 62°C - 74°C - 75°C | Throttling: None - None - None - None - None - None - None - None
1285 (1412872 Gflops/s) - 1276 (1402976 Gflops/s) - 1265 (1390882 Gflops/s) - 1270 (1396379 Gflops/s) - 1277 (1404076 Gflops/s) - 1287 (1415071 Gflops/s) - 1269 (1395280 Gflops/s) - 1259 (1384285 Gflops/s) | Temperatures: 61°C - 62°C - 73°C - 73°C - 63°C - 62°C - 74°C - 75°C | Throttling: None - None - None - None - None - None - None - None
1281 (1408474 Gflops/s) - 1273 (1399678 Gflops/s) - 1264 (1389782 Gflops/s) - 1270 (1396379 Gflops/s) - 1275 (1401877 Gflops/s) - 1286 (1413971 Gflops/s) - 1267 (1393081 Gflops/s) - 1253 (1377688 Gflops/s) | Temperatures: 61°C - 62°C - 73°C - 73°C - 63°C - 62°C - 74°C - 74°C | Throttling: None - None - None - None - None - None - None - None
1294 (1422768 Gflops/s) - 1286 (1413971 Gflops/s) - 1276 (1402976 Gflops/s) - 1282 (1409573 Gflops/s) - 1288 (1416170 Gflops/s) - 1296 (1424967 Gflops/s) - 1281 (1408474 Gflops/s) - 1269 (1395280 Gflops/s) | Temperatures: 61°C - 62°C - 73°C - 73°C - 64°C - 62°C - 74°C - 75°C | Throttling: None - None - None - None - None - None - None - None
1272 (1398578 Gflops/s) - 1263 (1388683 Gflops/s) - 1252 (1376588 Gflops/s) - 1258 (1383185 Gflops/s) - 1264 (1389782 Gflops/s) - 1274 (1400777 Gflops/s) - 1257 (1382086 Gflops/s) - 1246 (1369991 Gflops/s) | Temperatures: 61°C - 62°C - 73°C - 73°C - 64°C - 62°C - 74°C - 75°C | Throttling: None - None - None - None - None - None - None - None
1281 (1408474 Gflops/s) - 1275 (1401877 Gflops/s) - 1264 (1389782 Gflops/s) - 1270 (1396379 Gflops/s) - 1275 (1401877 Gflops/s) - 1285 (1412872 Gflops/s) - 1270 (1396379 Gflops/s) - 1258 (1383185 Gflops/s) | Temperatures: 61°C - 62°C - 73°C - 73°C - 63°C - 62°C - 74°C - 74°C | Throttling: None - None - None - None - None - None - None - None
1287 (1415071 Gflops/s) - 1278 (1405175 Gflops/s) - 1265 (1390882 Gflops/s) - 1272 (1398578 Gflops/s) - 1279 (1406275 Gflops/s) - 1288 (1416170 Gflops/s) - 1272 (1398578 Gflops/s) - 1262 (1387583 Gflops/s) | Temperatures: 61°C - 62°C - 73°C - 73°C - 64°C - 62°C - 74°C - 75°C | Throttling: None - None - None - None - None - None - None - None
1282 (1409573 Gflops/s) - 1273 (1399678 Gflops/s) - 1263 (1388683 Gflops/s) - 1269 (1395280 Gflops/s) - 1276 (1402976 Gflops/s) - 1283 (1410673 Gflops/s) - 1269 (1395280 Gflops/s) - 1254 (1378787 Gflops/s) | Temperatures: 61°C - 62°C - 73°C - 73°C - 63°C - 62°C - 74°C - 75°C | Throttling: None - None - None - None - None - None - None - None
1282 (1409573 Gflops/s) - 1276 (1402976 Gflops/s) - 1266 (1391981 Gflops/s) - 1272 (1398578 Gflops/s) - 1279 (1406275 Gflops/s) - 1288 (1416170 Gflops/s) - 1270 (1396379 Gflops/s) - 1259 (1384285 Gflops/s) | Temperatures: 61°C - 62°C - 73°C - 73°C - 64°C - 62°C - 74°C - 74°C | Throttling: None - None - None - None - None - None - None - None
1284 (1411772 Gflops/s) - 1276 (1402976 Gflops/s) - 1264 (1389782 Gflops/s) - 1270 (1396379 Gflops/s) - 1276 (1402976 Gflops/s) - 1287 (1415071 Gflops/s) - 1268 (1394180 Gflops/s) - 1258 (1383185 Gflops/s) | Temperatures: 61°C - 62°C - 73°C - 73°C - 63°C - 62°C - 74°C - 75°C | Throttling: None - None - None - None - None - None - None - None
1281 (1408474 Gflops/s) - 1274 (1400777 Gflops/s) - 1264 (1389782 Gflops/s) - 1270 (1396379 Gflops/s) - 1277 (1404076 Gflops/s) - 1287 (1415071 Gflops/s) - 1270 (1396379 Gflops/s) - 1258 (1383185 Gflops/s) | Temperatures: 61°C - 62°C - 73°C - 73°C - 63°C - 62°C - 74°C - 75°C | Throttling: None - None - None - None - None - None - None - None
1294 (1422768 Gflops/s) - 1286 (1413971 Gflops/s) - 1276 (1402976 Gflops/s) - 1282 (1409573 Gflops/s) - 1289 (1417270 Gflops/s) - 1299 (1428265 Gflops/s) - 1280 (1407374 Gflops/s) - 1269 (1395280 Gflops/s) | Temperatures: 61°C - 62°C - 73°C - 73°C - 63°C - 62°C - 74°C - 75°C | Throttling: None - None - None - None - None - None - None - None
1272 (1398578 Gflops/s) - 1265 (1390882 Gflops/s) - 1255 (1379887 Gflops/s) - 1259 (1384285 Gflops/s) - 1265 (1390882 Gflops/s) - 1275 (1401877 Gflops/s) - 1260 (1385384 Gflops/s) - 1243 (1366692 Gflops/s) | Temperatures: 61°C - 62°C - 73°C - 73°C - 63°C - 62°C - 74°C - 74°C | Throttling: None - None - None - None - None - None - None - None
1281 (1408474 Gflops/s) - 1274 (1400777 Gflops/s) - 1262 (1387583 Gflops/s) - 1269 (1395280 Gflops/s) - 1274 (1400777 Gflops/s) - 1285 (1412872 Gflops/s) - 1269 (1395280 Gflops/s) - 1258 (1383185 Gflops/s) | Temperatures: 61°C - 62°C - 73°C - 73°C - 63°C - 62°C - 74°C - 75°C | Throttling: None - None - None - None - None - None - None - None
1283 (1410673 Gflops/s) - 1278 (1405175 Gflops/s) - 1266 (1391981 Gflops/s) - 1273 (1399678 Gflops/s) - 1279 (1406275 Gflops/s) - 1288 (1416170 Gflops/s) - 1272 (1398578 Gflops/s) - 1261 (1386484 Gflops/s) | Temperatures: 61°C - 62°C - 73°C - 73°C - 63°C - 62°C - 74°C - 75°C | Throttling: None - None - None - None - None - None - None - None
1281 (1408474 Gflops/s) - 1273 (1399678 Gflops/s) - 1262 (1387583 Gflops/s) - 1269 (1395280 Gflops/s) - 1274 (1400777 Gflops/s) - 1285 (1412872 Gflops/s) - 1266 (1391981 Gflops/s) - 1258 (1383185 Gflops/s) | Temperatures: 61°C - 62°C - 73°C - 73°C - 63°C - 62°C - 74°C - 75°C | Throttling: None - None - None - None - None - None - None - None
1285 (1412872 Gflops/s) - 1277 (1404076 Gflops/s) - 1266 (1391981 Gflops/s) - 1271 (1397479 Gflops/s) - 1277 (1404076 Gflops/s) - 1289 (1417270 Gflops/s) - 1272 (1398578 Gflops/s) - 1258 (1383185 Gflops/s) | Temperatures: 61°C - 62°C - 73°C - 73°C - 63°C - 62°C - 74°C - 75°C | Throttling: None - None - None - None - None - None - None - None
1281 (1408474 Gflops/s) - 1275 (1401877 Gflops/s) - 1265 (1390882 Gflops/s) - 1270 (1396379 Gflops/s) - 1276 (1402976 Gflops/s) - 1287 (1415071 Gflops/s) - 1269 (1395280 Gflops/s) - 1257 (1382086 Gflops/s) | Temperatures: 61°C - 62°C - 73°C - 73°C - 64°C - 62°C - 74°C - 75°C | Throttling: None - None - None - None - None - None - None - None
1282 (1409573 Gflops/s) - 1274 (1400777 Gflops/s) - 1263 (1388683 Gflops/s) - 1270 (1396379 Gflops/s) - 1275 (1401877 Gflops/s) - 1282 (1409573 Gflops/s) - 1267 (1393081 Gflops/s) - 1259 (1384285 Gflops/s) | Temperatures: 61°C - 62°C - 73°C - 73°C - 63°C - 62°C - 74°C - 75°C | Throttling: None - None - None - None - None - None - None - None
1294 (1422768 Gflops/s) - 1286 (1413971 Gflops/s) - 1277 (1404076 Gflops/s) - 1282 (1409573 Gflops/s) - 1289 (1417270 Gflops/s) - 1299 (1428265 Gflops/s) - 1281 (1408474 Gflops/s) - 1269 (1395280 Gflops/s) | Temperatures: 61°C - 62°C - 73°C - 73°C - 63°C - 62°C - 74°C - 75°C | Throttling: None - None - None - None - None - None - None - None
1272 (1398578 Gflops/s) - 1264 (1389782 Gflops/s) - 1253 (1377688 Gflops/s) - 1259 (1384285 Gflops/s) - 1265 (1390882 Gflops/s) - 1272 (1398578 Gflops/s) - 1257 (1382086 Gflops/s) - 1246 (1369991 Gflops/s) | Temperatures: 61°C - 62°C - 73°C - 73°C - 63°C - 62°C - 74°C - 75°C | Throttling: None - None - None - None - None - None - None - None
1281 (1408474 Gflops/s) - 1274 (1400777 Gflops/s) - 1264 (1389782 Gflops/s) - 1269 (1395280 Gflops/s) - 1276 (1402976 Gflops/s) - 1284 (1411772 Gflops/s) - 1267 (1393081 Gflops/s) - 1257 (1382086 Gflops/s) | Temperatures: 61°C - 62°C - 73°C - 73°C - 64°C - 62°C - 74°C - 75°C | Throttling: None - None - None - None - None - None - None - None
1285 (1412872 Gflops/s) - 1277 (1404076 Gflops/s) - 1266 (1391981 Gflops/s) - 1273 (1399678 Gflops/s) - 1278 (1405175 Gflops/s) - 1289 (1417270 Gflops/s) - 1271 (1397479 Gflops/s) - 1260 (1385384 Gflops/s) | Temperatures: 61°C - 62°C - 73°C - 73°C - 63°C - 62°C - 74°C - 75°C | Throttling: None - None - None - None - None - None - None - None
1281 (1408474 Gflops/s) - 1274 (1400777 Gflops/s) - 1262 (1387583 Gflops/s) - 1269 (1395280 Gflops/s) - 1273 (1399678 Gflops/s) - 1286 (1413971 Gflops/s) - 1267 (1393081 Gflops/s) - 1259 (1384285 Gflops/s) | Temperatures: 61°C - 62°C - 73°C - 73°C - 63°C - 62°C - 74°C - 75°C | Throttling: None - None - None - None - None - None - None - None
1283 (1410673 Gflops/s) - 1277 (1404076 Gflops/s) - 1265 (1390882 Gflops/s) - 1271 (1397479 Gflops/s) - 1277 (1404076 Gflops/s) - 1290 (1418369 Gflops/s) - 1270 (1396379 Gflops/s) - 1259 (1384285 Gflops/s) | Temperatures: 61°C - 62°C - 73°C - 73°C - 64°C - 62°C - 74°C - 75°C | Throttling: None - None - None - None - None - None - None - None
1283 (1410673 Gflops/s) - 1275 (1401877 Gflops/s) - 1263 (1388683 Gflops/s) - 1271 (1397479 Gflops/s) - 1276 (1402976 Gflops/s) - 1283 (1410673 Gflops/s) - 1269 (1395280 Gflops/s) - 1259 (1384285 Gflops/s) | Temperatures: 61°C - 62°C - 73°C - 73°C - 63°C - 62°C - 74°C - 75°C | Throttling: None - None - None - None - None - None - None - None
1278 (1405175 Gflops/s) - 1272 (1398578 Gflops/s) - 1262 (1387583 Gflops/s) - 1268 (1394180 Gflops/s) - 1274 (1400777 Gflops/s) - 1287 (1415071 Gflops/s) - 1267 (1393081 Gflops/s) - 1256 (1380986 Gflops/s) | Temperatures: 61°C - 62°C - 73°C - 73°C - 63°C - 62°C - 74°C - 75°C | Throttling: None - None - None - None - None - None - None - None
1295 (1423867 Gflops/s) - 1288 (1416170 Gflops/s) - 1276 (1402976 Gflops/s) - 1283 (1410673 Gflops/s) - 1289 (1417270 Gflops/s) - 1299 (1428265 Gflops/s) - 1281 (1408474 Gflops/s) - 1269 (1395280 Gflops/s) | Temperatures: 61°C - 62°C - 73°C - 73°C - 63°C - 62°C - 74°C - 75°C | Throttling: None - None - None - None - None - None - None - None
1270 (1396379 Gflops/s) - 1262 (1387583 Gflops/s) - 1252 (1376588 Gflops/s) - 1258 (1383185 Gflops/s) - 1264 (1389782 Gflops/s) - 1274 (1400777 Gflops/s) - 1259 (1384285 Gflops/s) - 1246 (1369991 Gflops/s) | Temperatures: 61°C - 62°C - 73°C - 73°C - 63°C - 62°C - 74°C - 75°C | Throttling: None - None - None - None - None - None - None - None
1283 (1410673 Gflops/s) - 1276 (1402976 Gflops/s) - 1263 (1388683 Gflops/s) - 1270 (1396379 Gflops/s) - 1277 (1404076 Gflops/s) - 1286 (1413971 Gflops/s) - 1272 (1398578 Gflops/s) - 1257 (1382086 Gflops/s) | Temperatures: 61°C - 62°C - 73°C - 73°C - 64°C - 62°C - 74°C - 75°C | Throttling: None - None - None - None - None - None - None - None
1283 (1410673 Gflops/s) - 1278 (1405175 Gflops/s) - 1267 (1393081 Gflops/s) - 1273 (1399678 Gflops/s) - 1277 (1404076 Gflops/s) - 1286 (1413971 Gflops/s) - 1275 (1401877 Gflops/s) - 1262 (1387583 Gflops/s) | Temperatures: 61°C - 62°C - 73°C - 73°C - 64°C - 62°C - 74°C - 75°C | Throttling: None - None - None - None - None - None - None - None
1379 (1516226 Gflops/s) - 1372 (1508529 Gflops/s) - 1358 (1493136 Gflops/s) - 1366 (1501932 Gflops/s) - 1374 (1510728 Gflops/s) - 1386 (1523923 Gflops/s) - 1368 (1504131 Gflops/s) - 1353 (1487639 Gflops/s) | Temperatures: 61°C - 62°C - 73°C - 73°C - 64°C - 62°C - 74°C - 75°C | Throttling: None - None - None - None - None - None - None - None
1389 (1527221 Gflops/s) - 1381 (1518425 Gflops/s) - 1369 (1505231 Gflops/s) - 1377 (1514027 Gflops/s) - 1382 (1519525 Gflops/s) - 1391 (1529420 Gflops/s) - 1379 (1516226 Gflops/s) - 1365 (1500833 Gflops/s) | Temperatures: 61°C - 62°C - 73°C - 73°C - 63°C - 62°C - 74°C - 75°C | Throttling: None - None - None - None - None - None - None - None
1388 (1526122 Gflops/s) - 1380 (1517326 Gflops/s) - 1370 (1506330 Gflops/s) - 1377 (1514027 Gflops/s) - 1383 (1520624 Gflops/s) - 1393 (1531619 Gflops/s) - 1378 (1515127 Gflops/s) - 1362 (1497534 Gflops/s) | Temperatures: 61°C - 62°C - 73°C - 73°C - 63°C - 62°C - 74°C - 75°C | Throttling: None - None - None - None - None - None - None - None
1389 (1527221 Gflops/s) - 1381 (1518425 Gflops/s) - 1371 (1507430 Gflops/s) - 1376 (1512927 Gflops/s) - 1383 (1520624 Gflops/s) - 1394 (1532719 Gflops/s) - 1379 (1516226 Gflops/s) - 1365 (1500833 Gflops/s) | Temperatures: 61°C - 62°C - 73°C - 73°C - 63°C - 62°C - 74°C - 75°C | Throttling: None - None - None - None - None - None - None - None
1391 (1529420 Gflops/s) - 1381 (1518425 Gflops/s) - 1369 (1505231 Gflops/s) - 1376 (1512927 Gflops/s) - 1382 (1519525 Gflops/s) - 1394 (1532719 Gflops/s) - 1379 (1516226 Gflops/s) - 1363 (1498634 Gflops/s) | Temperatures: 61°C - 62°C - 73°C - 73°C - 63°C - 62°C - 74°C - 75°C | Throttling: None - None - None - None - None - None - None - None
1392 (1530520 Gflops/s) - 1382 (1519525 Gflops/s) - 1369 (1505231 Gflops/s) - 1377 (1514027 Gflops/s) - 1383 (1520624 Gflops/s) - 1393 (1531619 Gflops/s) - 1379 (1516226 Gflops/s) - 1364 (1499733 Gflops/s) | Temperatures: 61°C - 62°C - 73°C - 73°C - 63°C - 62°C - 74°C - 75°C | Throttling: None - None - None - None - None - None - None - None
1388 (1526122 Gflops/s) - 1380 (1517326 Gflops/s) - 1369 (1505231 Gflops/s) - 1375 (1511828 Gflops/s) - 1382 (1519525 Gflops/s) - 1391 (1529420 Gflops/s) - 1376 (1512927 Gflops/s) - 1361 (1496435 Gflops/s) | Temperatures: 61°C - 62°C - 73°C - 73°C - 63°C - 62°C - 74°C - 75°C | Throttling: None - None - None - None - None - None - None - None
1388 (1526122 Gflops/s) - 1380 (1517326 Gflops/s) - 1370 (1506330 Gflops/s) - 1376 (1512927 Gflops/s) - 1384 (1521724 Gflops/s) - 1391 (1529420 Gflops/s) - 1378 (1515127 Gflops/s) - 1364 (1499733 Gflops/s) | Temperatures: 61°C - 62°C - 73°C - 73°C - 63°C - 62°C - 74°C - 75°C | Throttling: None - None - None - None - None - None - None - None
1390 (1528321 Gflops/s) - 1382 (1519525 Gflops/s) - 1369 (1505231 Gflops/s) - 1377 (1514027 Gflops/s) - 1383 (1520624 Gflops/s) - 1393 (1531619 Gflops/s) - 1379 (1516226 Gflops/s) - 1364 (1499733 Gflops/s) | Temperatures: 61°C - 62°C - 73°C - 73°C - 63°C - 62°C - 74°C - 75°C | Throttling: None - None - None - None - None - None - None - None
1391 (1529420 Gflops/s) - 1381 (1518425 Gflops/s) - 1368 (1504131 Gflops/s) - 1377 (1514027 Gflops/s) - 1383 (1520624 Gflops/s) - 1395 (1533818 Gflops/s) - 1379 (1516226 Gflops/s) - 1362 (1497534 Gflops/s) | Temperatures: 61°C - 62°C - 73°C - 73°C - 63°C - 62°C - 74°C - 75°C | Throttling: None - None - None - None - None - None - None - None
1390 (1528321 Gflops/s) - 1381 (1518425 Gflops/s) - 1369 (1505231 Gflops/s) - 1376 (1512927 Gflops/s) - 1383 (1520624 Gflops/s) - 1395 (1533818 Gflops/s) - 1379 (1516226 Gflops/s) - 1362 (1497534 Gflops/s) | Temperatures: 61°C - 62°C - 73°C - 73°C - 63°C - 62°C - 74°C - 75°C | Throttling: None - None - None - None - None - None - None - None
1387 (1525022 Gflops/s) - 1381 (1518425 Gflops/s) - 1367 (1503032 Gflops/s) - 1375 (1511828 Gflops/s) - 1381 (1518425 Gflops/s) - 1392 (1530520 Gflops/s) - 1378 (1515127 Gflops/s) - 1364 (1499733 Gflops/s) | Temperatures: 61°C - 62°C - 73°C - 73°C - 63°C - 62°C - 74°C - 75°C | Throttling: None - None - None - None - None - None - None - None
1389 (1527221 Gflops/s) - 1381 (1518425 Gflops/s) - 1370 (1506330 Gflops/s) - 1376 (1512927 Gflops/s) - 1383 (1520624 Gflops/s) - 1394 (1532719 Gflops/s) - 1379 (1516226 Gflops/s) - 1370 (1506330 Gflops/s) | Temperatures: 61°C - 62°C - 73°C - 73°C - 64°C - 62°C - 74°C - 75°C | Throttling: None - None - None - None - None - None - None - None
1389 (1527221 Gflops/s) - 1382 (1519525 Gflops/s) - 1369 (1505231 Gflops/s) - 1377 (1514027 Gflops/s) - 1383 (1520624 Gflops/s) - 1395 (1533818 Gflops/s) - 1379 (1516226 Gflops/s) - 1368 (1504131 Gflops/s) | Temperatures: 61°C - 62°C - 73°C - 73°C - 63°C - 62°C - 74°C - 75°C | Throttling: None - None - None - None - None - None - None - None
1388 (1526122 Gflops/s) - 1380 (1517326 Gflops/s) - 1369 (1505231 Gflops/s) - 1377 (1514027 Gflops/s) - 1383 (1520624 Gflops/s) - 1396 (1534918 Gflops/s) - 1379 (1516226 Gflops/s) - 1371 (1507430 Gflops/s) | Temperatures: 61°C - 62°C - 73°C - 73°C - 64°C - 62°C - 74°C - 75°C | Throttling: None - None - None - None - None - None - None - None
1391 (1529420 Gflops/s) - 1381 (1518425 Gflops/s) - 1369 (1505231 Gflops/s) - 1377 (1514027 Gflops/s) - 1383 (1520624 Gflops/s) - 1394 (1532719 Gflops/s) - 1378 (1515127 Gflops/s) - 1366 (1501932 Gflops/s) | Temperatures: 61°C - 62°C - 73°C - 73°C - 63°C - 62°C - 74°C - 75°C | Throttling: None - None - None - None - None - None - None - None
1387 (1525022 Gflops/s) - 1380 (1517326 Gflops/s) - 1368 (1504131 Gflops/s) - 1375 (1511828 Gflops/s) - 1381 (1518425 Gflops/s) - 1391 (1529420 Gflops/s) - 1377 (1514027 Gflops/s) - 1369 (1505231 Gflops/s) | Temperatures: 61°C - 62°C - 73°C - 73°C - 63°C - 62°C - 74°C - 75°C | Throttling: None - None - None - None - None - None - None - None
1391 (1529420 Gflops/s) - 1380 (1517326 Gflops/s) - 1371 (1507430 Gflops/s) - 1376 (1512927 Gflops/s) - 1383 (1520624 Gflops/s) - 1392 (1530520 Gflops/s) - 1379 (1516226 Gflops/s) - 1369 (1505231 Gflops/s) | Temperatures: 61°C - 62°C - 73°C - 73°C - 63°C - 62°C - 74°C - 75°C | Throttling: None - None - None - None - None - None - None - None
1390 (1528321 Gflops/s) - 1382 (1519525 Gflops/s) - 1369 (1505231 Gflops/s) - 1377 (1514027 Gflops/s) - 1383 (1520624 Gflops/s) - 1396 (1534918 Gflops/s) - 1379 (1516226 Gflops/s) - 1370 (1506330 Gflops/s) | Temperatures: 61°C - 62°C - 73°C - 73°C - 64°C - 62°C - 74°C - 75°C | Throttling: None - None - None - None - None - None - None - None
1388 (1526122 Gflops/s) - 1380 (1517326 Gflops/s) - 1369 (1505231 Gflops/s) - 1376 (1512927 Gflops/s) - 1382 (1519525 Gflops/s) - 1396 (1534918 Gflops/s) - 1378 (1515127 Gflops/s) - 1367 (1503032 Gflops/s) | Temperatures: 61°C - 62°C - 73°C - 73°C - 63°C - 62°C - 74°C - 75°C | Throttling: None - None - None - None - None - None - None - None
1388 (1526122 Gflops/s) - 1380 (1517326 Gflops/s) - 1369 (1505231 Gflops/s) - 1377 (1514027 Gflops/s) - 1383 (1520624 Gflops/s) - 1396 (1534918 Gflops/s) - 1378 (1515127 Gflops/s) - 1368 (1504131 Gflops/s) | Temperatures: 61°C - 62°C - 73°C - 73°C - 64°C - 62°C - 74°C - 75°C | Throttling: None - None - None - None - None - None - None - None
1389 (1527221 Gflops/s) - 1381 (1518425 Gflops/s) - 1368 (1504131 Gflops/s) - 1376 (1512927 Gflops/s) - 1384 (1521724 Gflops/s) - 1394 (1532719 Gflops/s) - 1379 (1516226 Gflops/s) - 1369 (1505231 Gflops/s) | Temperatures: 61°C - 62°C - 73°C - 73°C - 63°C - 62°C - 74°C - 75°C | Throttling: None - None - None - None - None - None - None - None
1386 (1523923 Gflops/s) - 1379 (1516226 Gflops/s) - 1369 (1505231 Gflops/s) - 1375 (1511828 Gflops/s) - 1382 (1519525 Gflops/s) - 1396 (1534918 Gflops/s) - 1378 (1515127 Gflops/s) - 1369 (1505231 Gflops/s) | Temperatures: 61°C - 62°C - 73°C - 73°C - 64°C - 62°C - 74°C - 75°C | Throttling: None - None - None - None - None - None - None - None
1388 (1526122 Gflops/s) - 1382 (1519525 Gflops/s) - 1370 (1506330 Gflops/s) - 1376 (1512927 Gflops/s) - 1383 (1520624 Gflops/s) - 1393 (1531619 Gflops/s) - 1379 (1516226 Gflops/s) - 1364 (1499733 Gflops/s) | Temperatures: 61°C - 62°C - 73°C - 73°C - 63°C - 62°C - 74°C - 75°C | Throttling: None - None - None - None - None - None - None - None
1391 (1529420 Gflops/s) - 1382 (1519525 Gflops/s) - 1369 (1505231 Gflops/s) - 1377 (1514027 Gflops/s) - 1383 (1520624 Gflops/s) - 1396 (1534918 Gflops/s) - 1379 (1516226 Gflops/s) - 1369 (1505231 Gflops/s) | Temperatures: 61°C - 62°C - 73°C - 73°C - 64°C - 62°C - 74°C - 75°C | Throttling: None - None - None - None - None - None - None - None
1390 (1528321 Gflops/s) - 1383 (1520624 Gflops/s) - 1369 (1505231 Gflops/s) - 1377 (1514027 Gflops/s) - 1382 (1519525 Gflops/s) - 1398 (1537117 Gflops/s) - 1378 (1515127 Gflops/s) - 1369 (1505231 Gflops/s) | Temperatures: 61°C - 62°C - 73°C - 73°C - 63°C - 62°C - 74°C - 75°C | Throttling: None - None - None - None - None - None - None - None
1391 (1529420 Gflops/s) - 1381 (1518425 Gflops/s) - 1369 (1505231 Gflops/s) - 1376 (1512927 Gflops/s) - 1382 (1519525 Gflops/s) - 1395 (1533818 Gflops/s) - 1378 (1515127 Gflops/s) - 1371 (1507430 Gflops/s) | Temperatures: 61°C - 62°C - 73°C - 73°C - 63°C - 62°C - 74°C - 75°C | Throttling: None - None - None - None - None - None - None - None
1389 (1527221 Gflops/s) - 1380 (1517326 Gflops/s) - 1369 (1505231 Gflops/s) - 1376 (1512927 Gflops/s) - 1382 (1519525 Gflops/s) - 1393 (1531619 Gflops/s) - 1379 (1516226 Gflops/s) - 1369 (1505231 Gflops/s) | Temperatures: 61°C - 62°C - 73°C - 73°C - 64°C - 62°C - 74°C - 75°C | Throttling: None - None - None - None - None - None - None - None
1387 (1525022 Gflops/s) - 1379 (1516226 Gflops/s) - 1367 (1503032 Gflops/s) - 1375 (1511828 Gflops/s) - 1381 (1518425 Gflops/s) - 1395 (1533818 Gflops/s) - 1377 (1514027 Gflops/s) - 1368 (1504131 Gflops/s) | Temperatures: 61°C - 62°C - 73°C - 73°C - 63°C - 62°C - 74°C - 75°C | Throttling: None - None - None - None - None - None - None - None
1389 (1527221 Gflops/s) - 1383 (1520624 Gflops/s) - 1369 (1505231 Gflops/s) - 1377 (1514027 Gflops/s) - 1382 (1519525 Gflops/s) - 1395 (1533818 Gflops/s) - 1379 (1516226 Gflops/s) - 1370 (1506330 Gflops/s) | Temperatures: 61°C - 62°C - 73°C - 73°C - 63°C - 62°C - 74°C - 75°C | Throttling: None - None - None - None - None - None - None - None
1392 (1530520 Gflops/s) - 1381 (1518425 Gflops/s) - 1369 (1505231 Gflops/s) - 1376 (1512927 Gflops/s) - 1382 (1519525 Gflops/s) - 1396 (1534918 Gflops/s) - 1380 (1517326 Gflops/s) - 1368 (1504131 Gflops/s) | Temperatures: 61°C - 62°C - 73°C - 73°C - 64°C - 62°C - 74°C - 75°C | Throttling: None - None - None - None - None - None - None - None
1389 (1527221 Gflops/s) - 1382 (1519525 Gflops/s) - 1369 (1505231 Gflops/s) - 1376 (1512927 Gflops/s) - 1383 (1520624 Gflops/s) - 1391 (1529420 Gflops/s) - 1379 (1516226 Gflops/s) - 1368 (1504131 Gflops/s) | Temperatures: 61°C - 62°C - 73°C - 73°C - 63°C - 62°C - 74°C - 75°C | Throttling: None - None - None - None - None - None - None - None
1390 (1528321 Gflops/s) - 1381 (1518425 Gflops/s) - 1369 (1505231 Gflops/s) - 1377 (1514027 Gflops/s) - 1382 (1519525 Gflops/s) - 1392 (1530520 Gflops/s) - 1378 (1515127 Gflops/s) - 1366 (1501932 Gflops/s) | Temperatures: 61°C - 62°C - 73°C - 73°C - 63°C - 62°C - 74°C - 75°C | Throttling: None - None - None - None - None - None - None - None
1360 (1495335 Gflops/s) - 1353 (1487639 Gflops/s) - 1340 (1473345 Gflops/s) - 1348 (1482141 Gflops/s) - 1355 (1489838 Gflops/s) - 1363 (1498634 Gflops/s) - 1350 (1484340 Gflops/s) - 1339 (1472246 Gflops/s) | Temperatures: 61°C - 62°C - 73°C - 73°C - 64°C - 62°C - 74°C - 75°C | Throttling: None - None - None - None - None - None - None - None
1283 (1410673 Gflops/s) - 1277 (1404076 Gflops/s) - 1262 (1387583 Gflops/s) - 1270 (1396379 Gflops/s) - 1276 (1402976 Gflops/s) - 1289 (1417270 Gflops/s) - 1272 (1398578 Gflops/s) - 1262 (1387583 Gflops/s) | Temperatures: 61°C - 62°C - 73°C - 73°C - 63°C - 62°C - 74°C - 75°C | Throttling: None - None - None - None - None - None - None - None
1279 (1406275 Gflops/s) - 1275 (1401877 Gflops/s) - 1264 (1389782 Gflops/s) - 1269 (1395280 Gflops/s) - 1275 (1401877 Gflops/s) - 1285 (1412872 Gflops/s) - 1271 (1397479 Gflops/s) - 1262 (1387583 Gflops/s) | Temperatures: 61°C - 62°C - 73°C - 73°C - 64°C - 62°C - 74°C - 75°C | Throttling: None - None - None - None - None - None - None - None
1293 (1421668 Gflops/s) - 1285 (1412872 Gflops/s) - 1274 (1400777 Gflops/s) - 1281 (1408474 Gflops/s) - 1287 (1415071 Gflops/s) - 1300 (1429365 Gflops/s) - 1283 (1410673 Gflops/s) - 1273 (1399678 Gflops/s) | Temperatures: 61°C - 62°C - 73°C - 73°C - 63°C - 62°C - 74°C - 75°C | Throttling: None - None - None - None - None - None - None - None
1272 (1398578 Gflops/s) - 1265 (1390882 Gflops/s) - 1253 (1377688 Gflops/s) - 1259 (1384285 Gflops/s) - 1266 (1391981 Gflops/s) - 1274 (1400777 Gflops/s) - 1261 (1386484 Gflops/s) - 1253 (1377688 Gflops/s) | Temperatures: 61°C - 62°C - 73°C - 73°C - 63°C - 62°C - 74°C - 75°C | Throttling: None - None - None - None - None - None - None - None
1281 (1408474 Gflops/s) - 1274 (1400777 Gflops/s) - 1262 (1387583 Gflops/s) - 1270 (1396379 Gflops/s) - 1274 (1400777 Gflops/s) - 1283 (1410673 Gflops/s) - 1271 (1397479 Gflops/s) - 1260 (1385384 Gflops/s) | Temperatures: 61°C - 62°C - 73°C - 73°C - 63°C - 62°C - 74°C - 75°C | Throttling: None - None - None - None - None - None - None - None
1283 (1410673 Gflops/s) - 1277 (1404076 Gflops/s) - 1266 (1391981 Gflops/s) - 1272 (1398578 Gflops/s) - 1278 (1405175 Gflops/s) - 1287 (1415071 Gflops/s) - 1275 (1401877 Gflops/s) - 1268 (1394180 Gflops/s) | Temperatures: 61°C - 62°C - 73°C - 73°C - 63°C - 62°C - 74°C - 75°C | Throttling: None - None - None - None - None - None - None - None
1282 (1409573 Gflops/s) - 1273 (1399678 Gflops/s) - 1263 (1388683 Gflops/s) - 1269 (1395280 Gflops/s) - 1275 (1401877 Gflops/s) - 1282 (1409573 Gflops/s) - 1271 (1397479 Gflops/s) - 1261 (1386484 Gflops/s) | Temperatures: 61°C - 62°C - 73°C - 73°C - 63°C - 62°C - 74°C - 75°C | Throttling: None - None - None - None - None - None - None - None
1283 (1410673 Gflops/s) - 1276 (1402976 Gflops/s) - 1264 (1389782 Gflops/s) - 1271 (1397479 Gflops/s) - 1277 (1404076 Gflops/s) - 1290 (1418369 Gflops/s) - 1273 (1399678 Gflops/s) - 1265 (1390882 Gflops/s) | Temperatures: 61°C - 62°C - 73°C - 73°C - 63°C - 62°C - 74°C - 75°C | Throttling: None - None - None - None - None - None - None - None
1283 (1410673 Gflops/s) - 1275 (1401877 Gflops/s) - 1264 (1389782 Gflops/s) - 1271 (1397479 Gflops/s) - 1276 (1402976 Gflops/s) - 1284 (1411772 Gflops/s) - 1272 (1398578 Gflops/s) - 1263 (1388683 Gflops/s) | Temperatures: 61°C - 62°C - 73°C - 73°C - 63°C - 62°C - 74°C - 75°C | Throttling: None - None - None - None - None - None - None - None
1283 (1410673 Gflops/s) - 1274 (1400777 Gflops/s) - 1263 (1388683 Gflops/s) - 1269 (1395280 Gflops/s) - 1275 (1401877 Gflops/s) - 1286 (1413971 Gflops/s) - 1271 (1397479 Gflops/s) - 1263 (1388683 Gflops/s) | Temperatures: 61°C - 62°C - 73°C - 73°C - 63°C - 62°C - 74°C - 75°C | Throttling: None - None - None - None - None - None - None - None
1295 (1423867 Gflops/s) - 1287 (1415071 Gflops/s) - 1276 (1402976 Gflops/s) - 1282 (1409573 Gflops/s) - 1288 (1416170 Gflops/s) - 1299 (1428265 Gflops/s) - 1284 (1411772 Gflops/s) - 1275 (1401877 Gflops/s) | Temperatures: 61°C - 62°C - 73°C - 73°C - 63°C - 62°C - 74°C - 75°C | Throttling: None - None - None - None - None - None - None - None
1270 (1396379 Gflops/s) - 1263 (1388683 Gflops/s) - 1252 (1376588 Gflops/s) - 1259 (1384285 Gflops/s) - 1265 (1390882 Gflops/s) - 1271 (1397479 Gflops/s) - 1261 (1386484 Gflops/s) - 1253 (1377688 Gflops/s) | Temperatures: 61°C - 62°C - 73°C - 73°C - 63°C - 62°C - 74°C - 75°C | Throttling: None - None - None - None - None - None - None - None
1280 (1407374 Gflops/s) - 1273 (1399678 Gflops/s) - 1263 (1388683 Gflops/s) - 1269 (1395280 Gflops/s) - 1274 (1400777 Gflops/s) - 1286 (1413971 Gflops/s) - 1271 (1397479 Gflops/s) - 1261 (1386484 Gflops/s) | Temperatures: 61°C - 62°C - 73°C - 73°C - 63°C - 62°C - 74°C - 75°C | Throttling: None - None - None - None - None - None - None - None
1285 (1412872 Gflops/s) - 1278 (1405175 Gflops/s) - 1266 (1391981 Gflops/s) - 1273 (1399678 Gflops/s) - 1279 (1406275 Gflops/s) - 1289 (1417270 Gflops/s) - 1274 (1400777 Gflops/s) - 1268 (1394180 Gflops/s) | Temperatures: 61°C - 62°C - 73°C - 73°C - 63°C - 61°C - 74°C - 75°C | Throttling: None - None - None - None - None - None - None - None
1283 (1410673 Gflops/s) - 1275 (1401877 Gflops/s) - 1264 (1389782 Gflops/s) - 1270 (1396379 Gflops/s) - 1278 (1405175 Gflops/s) - 1286 (1413971 Gflops/s) - 1272 (1398578 Gflops/s) - 1258 (1383185 Gflops/s) | Temperatures: 60°C - 62°C - 73°C - 73°C - 63°C - 62°C - 74°C - 74°C | Throttling: None - None - None - None - None - None - None - None
1282 (1409573 Gflops/s) - 1277 (1404076 Gflops/s) - 1265 (1390882 Gflops/s) - 1271 (1397479 Gflops/s) - 1277 (1404076 Gflops/s) - 1289 (1417270 Gflops/s) - 1273 (1399678 Gflops/s) - 1261 (1386484 Gflops/s) | Temperatures: 61°C - 62°C - 73°C - 72°C - 63°C - 62°C - 74°C - 74°C | Throttling: None - None - None - None - None - None - None - None
1285 (1412872 Gflops/s) - 1276 (1402976 Gflops/s) - 1265 (1390882 Gflops/s) - 1270 (1396379 Gflops/s) - 1277 (1404076 Gflops/s) - 1286 (1413971 Gflops/s) - 1273 (1399678 Gflops/s) - 1259 (1384285 Gflops/s) | Temperatures: 61°C - 62°C - 73°C - 72°C - 63°C - 62°C - 74°C - 74°C | Throttling: None - None - None - None - None - None - None - None
1280 (1407374 Gflops/s) - 1275 (1401877 Gflops/s) - 1262 (1387583 Gflops/s) - 1268 (1394180 Gflops/s) - 1276 (1402976 Gflops/s) - 1285 (1412872 Gflops/s) - 1272 (1398578 Gflops/s) - 1257 (1382086 Gflops/s) | Temperatures: 61°C - 62°C - 73°C - 72°C - 63°C - 62°C - 74°C - 74°C | Throttling: None - None - None - None - None - None - None - None
1295 (1423867 Gflops/s) - 1286 (1413971 Gflops/s) - 1277 (1404076 Gflops/s) - 1282 (1409573 Gflops/s) - 1290 (1418369 Gflops/s) - 1296 (1424967 Gflops/s) - 1284 (1411772 Gflops/s) - 1271 (1397479 Gflops/s) | Temperatures: 60°C - 62°C - 72°C - 72°C - 63°C - 61°C - 74°C - 74°C | Throttling: None - None - None - None - None - None - None - None
1273 (1399678 Gflops/s) - 1264 (1389782 Gflops/s) - 1254 (1378787 Gflops/s) - 1260 (1385384 Gflops/s) - 1265 (1390882 Gflops/s) - 1275 (1401877 Gflops/s) - 1262 (1387583 Gflops/s) - 1249 (1373290 Gflops/s) | Temperatures: 60°C - 62°C - 73°C - 72°C - 63°C - 61°C - 74°C - 74°C | Throttling: None - None - None - None - None - None - None - None
1281 (1408474 Gflops/s) - 1275 (1401877 Gflops/s) - 1265 (1390882 Gflops/s) - 1268 (1394180 Gflops/s) - 1277 (1404076 Gflops/s) - 1286 (1413971 Gflops/s) - 1272 (1398578 Gflops/s) - 1258 (1383185 Gflops/s) | Temperatures: 60°C - 62°C - 72°C - 72°C - 63°C - 61°C - 74°C - 74°C | Throttling: None - None - None - None - None - None - None - None
1285 (1412872 Gflops/s) - 1280 (1407374 Gflops/s) - 1266 (1391981 Gflops/s) - 1273 (1399678 Gflops/s) - 1280 (1407374 Gflops/s) - 1289 (1417270 Gflops/s) - 1276 (1402976 Gflops/s) - 1262 (1387583 Gflops/s) | Temperatures: 60°C - 62°C - 72°C - 72°C - 63°C - 61°C - 74°C - 74°C | Throttling: None - None - None - None - None - None - None - None
1283 (1410673 Gflops/s) - 1274 (1400777 Gflops/s) - 1264 (1389782 Gflops/s) - 1268 (1394180 Gflops/s) - 1275 (1401877 Gflops/s) - 1284 (1411772 Gflops/s) - 1273 (1399678 Gflops/s) - 1257 (1382086 Gflops/s) | Temperatures: 60°C - 62°C - 72°C - 72°C - 63°C - 61°C - 73°C - 74°C | Throttling: None - None - None - None - None - None - None - None
1283 (1410673 Gflops/s) - 1278 (1405175 Gflops/s) - 1267 (1393081 Gflops/s) - 1272 (1398578 Gflops/s) - 1280 (1407374 Gflops/s) - 1288 (1416170 Gflops/s) - 1276 (1402976 Gflops/s) - 1259 (1384285 Gflops/s) | Temperatures: 60°C - 62°C - 72°C - 72°C - 63°C - 61°C - 73°C - 74°C | Throttling: None - None - None - None - None - None - None - None
1283 (1410673 Gflops/s) - 1277 (1404076 Gflops/s) - 1265 (1390882 Gflops/s) - 1270 (1396379 Gflops/s) - 1277 (1404076 Gflops/s) - 1287 (1415071 Gflops/s) - 1272 (1398578 Gflops/s) - 1258 (1383185 Gflops/s) | Temperatures: 60°C - 62°C - 72°C - 72°C - 63°C - 61°C - 73°C - 74°C | Throttling: None - None - None - None - None - None - None - None
1284 (1411772 Gflops/s) - 1275 (1401877 Gflops/s) - 1266 (1391981 Gflops/s) - 1270 (1396379 Gflops/s) - 1279 (1406275 Gflops/s) - 1282 (1409573 Gflops/s) - 1270 (1396379 Gflops/s) - 1260 (1385384 Gflops/s) | Temperatures: 60°C - 61°C - 72°C - 72°C - 63°C - 61°C - 73°C - 74°C | Throttling: None - None - None - None - None - None - None - None
1295 (1423867 Gflops/s) - 1289 (1417270 Gflops/s) - 1278 (1405175 Gflops/s) - 1282 (1409573 Gflops/s) - 1290 (1418369 Gflops/s) - 1296 (1424967 Gflops/s) - 1284 (1411772 Gflops/s) - 1270 (1396379 Gflops/s) | Temperatures: 60°C - 62°C - 72°C - 72°C - 63°C - 61°C - 73°C - 74°C | Throttling: None - None - None - None - None - None - None - None
1273 (1399678 Gflops/s) - 1267 (1393081 Gflops/s) - 1255 (1379887 Gflops/s) - 1259 (1384285 Gflops/s) - 1267 (1393081 Gflops/s) - 1276 (1402976 Gflops/s) - 1260 (1385384 Gflops/s) - 1249 (1373290 Gflops/s) | Temperatures: 60°C - 61°C - 72°C - 72°C - 63°C - 61°C - 73°C - 74°C | Throttling: None - None - None - None - None - None - None - None
1281 (1408474 Gflops/s) - 1275 (1401877 Gflops/s) - 1264 (1389782 Gflops/s) - 1269 (1395280 Gflops/s) - 1274 (1400777 Gflops/s) - 1285 (1412872 Gflops/s) - 1270 (1396379 Gflops/s) - 1257 (1382086 Gflops/s) | Temperatures: 60°C - 61°C - 72°C - 72°C - 63°C - 61°C - 73°C - 74°C | Throttling: None - None - None - None - None - None - None - None
1287 (1415071 Gflops/s) - 1281 (1408474 Gflops/s) - 1268 (1394180 Gflops/s) - 1272 (1398578 Gflops/s) - 1281 (1408474 Gflops/s) - 1290 (1418369 Gflops/s) - 1274 (1400777 Gflops/s) - 1261 (1386484 Gflops/s) | Temperatures: 60°C - 62°C - 72°C - 72°C - 63°C - 61°C - 73°C - 74°C | Throttling: None - None - None - None - None - None - None - None
1283 (1410673 Gflops/s) - 1276 (1402976 Gflops/s) - 1265 (1390882 Gflops/s) - 1270 (1396379 Gflops/s) - 1276 (1402976 Gflops/s) - 1287 (1415071 Gflops/s) - 1270 (1396379 Gflops/s) - 1260 (1385384 Gflops/s) | Temperatures: 60°C - 61°C - 72°C - 72°C - 63°C - 61°C - 73°C - 74°C | Throttling: None - None - None - None - None - None - None - None
1306 (1435962 Gflops/s) - 1298 (1427166 Gflops/s) - 1288 (1416170 Gflops/s) - 1295 (1423867 Gflops/s) - 1299 (1428265 Gflops/s) - 1312 (1442559 Gflops/s) - 1294 (1422768 Gflops/s) - 1282 (1409573 Gflops/s) | Temperatures: 60°C - 61°C - 72°C - 72°C - 63°C - 61°C - 73°C - 74°C | Throttling: None - None - None - None - None - None - None - None
1394 (1532719 Gflops/s) - 1385 (1522823 Gflops/s) - 1373 (1509629 Gflops/s) - 1376 (1512927 Gflops/s) - 1385 (1522823 Gflops/s) - 1391 (1529420 Gflops/s) - 1377 (1514027 Gflops/s) - 1365 (1500833 Gflops/s) | Temperatures: 60°C - 61°C - 72°C - 72°C - 63°C - 61°C - 73°C - 73°C | Throttling: None - None - None - None - None - None - None - None
1391 (1529420 Gflops/s) - 1383 (1520624 Gflops/s) - 1372 (1508529 Gflops/s) - 1377 (1514027 Gflops/s) - 1385 (1522823 Gflops/s) - 1392 (1530520 Gflops/s) - 1378 (1515127 Gflops/s) - 1363 (1498634 Gflops/s) | Temperatures: 60°C - 61°C - 72°C - 71°C - 63°C - 61°C - 73°C - 74°C | Throttling: None - None - None - None - None - None - None - None
1392 (1530520 Gflops/s) - 1383 (1520624 Gflops/s) - 1374 (1510728 Gflops/s) - 1378 (1515127 Gflops/s) - 1384 (1521724 Gflops/s) - 1394 (1532719 Gflops/s) - 1377 (1514027 Gflops/s) - 1362 (1497534 Gflops/s) | Temperatures: 60°C - 61°C - 72°C - 71°C - 63°C - 61°C - 73°C - 73°C | Throttling: None - None - None - None - None - None - None - None
1390 (1528321 Gflops/s) - 1381 (1518425 Gflops/s) - 1370 (1506330 Gflops/s) - 1375 (1511828 Gflops/s) - 1384 (1521724 Gflops/s) - 1393 (1531619 Gflops/s) - 1376 (1512927 Gflops/s) - 1365 (1500833 Gflops/s) | Temperatures: 60°C - 61°C - 72°C - 71°C - 63°C - 61°C - 73°C - 73°C | Throttling: None - None - None - None - None - None - None - None
1391 (1529420 Gflops/s) - 1384 (1521724 Gflops/s) - 1374 (1510728 Gflops/s) - 1378 (1515127 Gflops/s) - 1385 (1522823 Gflops/s) - 1396 (1534918 Gflops/s) - 1378 (1515127 Gflops/s) - 1366 (1501932 Gflops/s) | Temperatures: 60°C - 61°C - 72°C - 71°C - 63°C - 61°C - 73°C - 73°C | Throttling: None - None - None - None - None - None - None - None
1392 (1530520 Gflops/s) - 1383 (1520624 Gflops/s) - 1371 (1507430 Gflops/s) - 1378 (1515127 Gflops/s) - 1386 (1523923 Gflops/s) - 1396 (1534918 Gflops/s) - 1377 (1514027 Gflops/s) - 1367 (1503032 Gflops/s) | Temperatures: 60°C - 61°C - 72°C - 71°C - 62°C - 61°C - 73°C - 73°C | Throttling: None - None - None - None - None - None - None - None
1391 (1529420 Gflops/s) - 1384 (1521724 Gflops/s) - 1374 (1510728 Gflops/s) - 1377 (1514027 Gflops/s) - 1385 (1522823 Gflops/s) - 1395 (1533818 Gflops/s) - 1378 (1515127 Gflops/s) - 1366 (1501932 Gflops/s) | Temperatures: 60°C - 61°C - 72°C - 71°C - 62°C - 61°C - 73°C - 73°C | Throttling: None - None - None - None - None - None - None - None
1389 (1527221 Gflops/s) - 1383 (1520624 Gflops/s) - 1372 (1508529 Gflops/s) - 1377 (1514027 Gflops/s) - 1383 (1520624 Gflops/s) - 1395 (1533818 Gflops/s) - 1377 (1514027 Gflops/s) - 1364 (1499733 Gflops/s) | Temperatures: 60°C - 61°C - 72°C - 71°C - 62°C - 61°C - 73°C - 73°C | Throttling: None - None - None - None - None - None - None - None
1395 (1533818 Gflops/s) - 1383 (1520624 Gflops/s) - 1373 (1509629 Gflops/s) - 1376 (1512927 Gflops/s) - 1385 (1522823 Gflops/s) - 1396 (1534918 Gflops/s) - 1377 (1514027 Gflops/s) - 1365 (1500833 Gflops/s) | Temperatures: 60°C - 61°C - 72°C - 71°C - 63°C - 61°C - 73°C - 73°C | Throttling: None - None - None - None - None - None - None - None
1391 (1529420 Gflops/s) - 1385 (1522823 Gflops/s) - 1373 (1509629 Gflops/s) - 1376 (1512927 Gflops/s) - 1385 (1522823 Gflops/s) - 1396 (1534918 Gflops/s) - 1379 (1516226 Gflops/s) - 1367 (1503032 Gflops/s) | Temperatures: 60°C - 61°C - 71°C - 71°C - 62°C - 61°C - 73°C - 73°C | Throttling: None - None - None - None - None - None - None - None
1393 (1531619 Gflops/s) - 1383 (1520624 Gflops/s) - 1371 (1507430 Gflops/s) - 1377 (1514027 Gflops/s) - 1385 (1522823 Gflops/s) - 1397 (1536017 Gflops/s) - 1377 (1514027 Gflops/s) - 1365 (1500833 Gflops/s) | Temperatures: 60°C - 61°C - 72°C - 71°C - 63°C - 61°C - 73°C - 73°C | Throttling: None - None - None - None - None - None - None - None
1393 (1531619 Gflops/s) - 1384 (1521724 Gflops/s) - 1373 (1509629 Gflops/s) - 1376 (1512927 Gflops/s) - 1386 (1523923 Gflops/s) - 1396 (1534918 Gflops/s) - 1379 (1516226 Gflops/s) - 1367 (1503032 Gflops/s) | Temperatures: 60°C - 61°C - 72°C - 71°C - 63°C - 61°C - 73°C - 73°C | Throttling: None - None - None - None - None - None - None - None
1393 (1531619 Gflops/s) - 1385 (1522823 Gflops/s) - 1374 (1510728 Gflops/s) - 1377 (1514027 Gflops/s) - 1386 (1523923 Gflops/s) - 1394 (1532719 Gflops/s) - 1378 (1515127 Gflops/s) - 1365 (1500833 Gflops/s) | Temperatures: 60°C - 61°C - 71°C - 71°C - 62°C - 61°C - 73°C - 73°C | Throttling: None - None - None - None - None - None - None - None
1392 (1530520 Gflops/s) - 1384 (1521724 Gflops/s) - 1374 (1510728 Gflops/s) - 1376 (1512927 Gflops/s) - 1383 (1520624 Gflops/s) - 1396 (1534918 Gflops/s) - 1378 (1515127 Gflops/s) - 1367 (1503032 Gflops/s) | Temperatures: 60°C - 61°C - 71°C - 71°C - 62°C - 61°C - 73°C - 73°C | Throttling: None - None - None - None - None - None - None - None
1391 (1529420 Gflops/s) - 1383 (1520624 Gflops/s) - 1373 (1509629 Gflops/s) - 1375 (1511828 Gflops/s) - 1385 (1522823 Gflops/s) - 1396 (1534918 Gflops/s) - 1377 (1514027 Gflops/s) - 1363 (1498634 Gflops/s) | Temperatures: 60°C - 61°C - 71°C - 71°C - 63°C - 61°C - 73°C - 73°C | Throttling: None - None - None - None - None - None - None - None
1391 (1529420 Gflops/s) - 1386 (1523923 Gflops/s) - 1374 (1510728 Gflops/s) - 1378 (1515127 Gflops/s) - 1386 (1523923 Gflops/s) - 1399 (1538216 Gflops/s) - 1378 (1515127 Gflops/s) - 1365 (1500833 Gflops/s) | Temperatures: 60°C - 61°C - 71°C - 71°C - 63°C - 61°C - 73°C - 73°C | Throttling: None - None - None - None - None - None - None - None
1393 (1531619 Gflops/s) - 1383 (1520624 Gflops/s) - 1372 (1508529 Gflops/s) - 1376 (1512927 Gflops/s) - 1385 (1522823 Gflops/s) - 1392 (1530520 Gflops/s) - 1377 (1514027 Gflops/s) - 1367 (1503032 Gflops/s) | Temperatures: 60°C - 61°C - 71°C - 71°C - 62°C - 61°C - 73°C - 73°C | Throttling: None - None - None - None - None - None - None - None
1393 (1531619 Gflops/s) - 1383 (1520624 Gflops/s) - 1375 (1511828 Gflops/s) - 1377 (1514027 Gflops/s) - 1384 (1521724 Gflops/s) - 1397 (1536017 Gflops/s) - 1379 (1516226 Gflops/s) - 1366 (1501932 Gflops/s) | Temperatures: 60°C - 61°C - 71°C - 71°C - 62°C - 61°C - 73°C - 73°C | Throttling: None - None - None - None - None - None - None - None
1392 (1530520 Gflops/s) - 1385 (1522823 Gflops/s) - 1374 (1510728 Gflops/s) - 1377 (1514027 Gflops/s) - 1385 (1522823 Gflops/s) - 1393 (1531619 Gflops/s) - 1378 (1515127 Gflops/s) - 1367 (1503032 Gflops/s) | Temperatures: 60°C - 61°C - 71°C - 71°C - 63°C - 61°C - 73°C - 73°C | Throttling: None - None - None - None - None - None - None - None
1390 (1528321 Gflops/s) - 1383 (1520624 Gflops/s) - 1373 (1509629 Gflops/s) - 1375 (1511828 Gflops/s) - 1383 (1520624 Gflops/s) - 1396 (1534918 Gflops/s) - 1376 (1512927 Gflops/s) - 1364 (1499733 Gflops/s) | Temperatures: 60°C - 61°C - 71°C - 71°C - 63°C - 61°C - 73°C - 73°C | Throttling: None - None - None - None - None - None - None - None
1393 (1531619 Gflops/s) - 1384 (1521724 Gflops/s) - 1374 (1510728 Gflops/s) - 1377 (1514027 Gflops/s) - 1385 (1522823 Gflops/s) - 1395 (1533818 Gflops/s) - 1379 (1516226 Gflops/s) - 1366 (1501932 Gflops/s) | Temperatures: 60°C - 61°C - 71°C - 71°C - 63°C - 61°C - 73°C - 73°C | Throttling: None - None - None - None - None - None - None - None
1391 (1529420 Gflops/s) - 1384 (1521724 Gflops/s) - 1375 (1511828 Gflops/s) - 1377 (1514027 Gflops/s) - 1386 (1523923 Gflops/s) - 1396 (1534918 Gflops/s) - 1378 (1515127 Gflops/s) - 1368 (1504131 Gflops/s) | Temperatures: 60°C - 61°C - 71°C - 71°C - 63°C - 61°C - 73°C - 73°C | Throttling: None - None - None - None - None - None - None - None
1393 (1531619 Gflops/s) - 1384 (1521724 Gflops/s) - 1374 (1510728 Gflops/s) - 1377 (1514027 Gflops/s) - 1385 (1522823 Gflops/s) - 1394 (1532719 Gflops/s) - 1378 (1515127 Gflops/s) - 1364 (1499733 Gflops/s) | Temperatures: 60°C - 61°C - 71°C - 71°C - 62°C - 61°C - 73°C - 73°C | Throttling: None - None - None - None - None - None - None - None
1390 (1528321 Gflops/s) - 1383 (1520624 Gflops/s) - 1373 (1509629 Gflops/s) - 1376 (1512927 Gflops/s) - 1385 (1522823 Gflops/s) - 1393 (1531619 Gflops/s) - 1377 (1514027 Gflops/s) - 1367 (1503032 Gflops/s) | Temperatures: 60°C - 61°C - 71°C - 71°C - 62°C - 61°C - 73°C - 73°C | Throttling: None - None - None - None - None - None - None - None
1394 (1532719 Gflops/s) - 1384 (1521724 Gflops/s) - 1374 (1510728 Gflops/s) - 1377 (1514027 Gflops/s) - 1384 (1521724 Gflops/s) - 1394 (1532719 Gflops/s) - 1378 (1515127 Gflops/s) - 1368 (1504131 Gflops/s) | Temperatures: 60°C - 61°C - 71°C - 71°C - 62°C - 61°C - 72°C - 73°C | Throttling: None - None - None - None - None - None - None - None
1390 (1528321 Gflops/s) - 1385 (1522823 Gflops/s) - 1375 (1511828 Gflops/s) - 1376 (1512927 Gflops/s) - 1385 (1522823 Gflops/s) - 1392 (1530520 Gflops/s) - 1378 (1515127 Gflops/s) - 1367 (1503032 Gflops/s) | Temperatures: 60°C - 61°C - 71°C - 71°C - 62°C - 61°C - 72°C - 73°C | Throttling: None - None - None - None - None - None - None - None
1394 (1532719 Gflops/s) - 1383 (1520624 Gflops/s) - 1374 (1510728 Gflops/s) - 1378 (1515127 Gflops/s) - 1386 (1523923 Gflops/s) - 1391 (1529420 Gflops/s) - 1378 (1515127 Gflops/s) - 1366 (1501932 Gflops/s) | Temperatures: 60°C - 61°C - 71°C - 71°C - 62°C - 61°C - 72°C - 73°C | Throttling: None - None - None - None - None - None - None - None
1393 (1531619 Gflops/s) - 1385 (1522823 Gflops/s) - 1374 (1510728 Gflops/s) - 1376 (1512927 Gflops/s) - 1385 (1522823 Gflops/s) - 1395 (1533818 Gflops/s) - 1378 (1515127 Gflops/s) - 1366 (1501932 Gflops/s) | Temperatures: 60°C - 61°C - 71°C - 71°C - 62°C - 61°C - 72°C - 73°C | Throttling: None - None - None - None - None - None - None - None
1391 (1529420 Gflops/s) - 1382 (1519525 Gflops/s) - 1373 (1509629 Gflops/s) - 1376 (1512927 Gflops/s) - 1383 (1520624 Gflops/s) - 1393 (1531619 Gflops/s) - 1377 (1514027 Gflops/s) - 1362 (1497534 Gflops/s) | Temperatures: 60°C - 61°C - 71°C - 71°C - 62°C - 61°C - 72°C - 73°C | Throttling: None - None - None - None - None - None - None - None
1391 (1529420 Gflops/s) - 1384 (1521724 Gflops/s) - 1377 (1514027 Gflops/s) - 1377 (1514027 Gflops/s) - 1386 (1523923 Gflops/s) - 1396 (1534918 Gflops/s) - 1378 (1515127 Gflops/s) - 1365 (1500833 Gflops/s) | Temperatures: 60°C - 61°C - 71°C - 71°C - 62°C - 61°C - 72°C - 72°C | Throttling: None - None - None - None - None - None - None - None
1393 (1531619 Gflops/s) - 1385 (1522823 Gflops/s) - 1373 (1509629 Gflops/s) - 1379 (1516226 Gflops/s) - 1384 (1521724 Gflops/s) - 1396 (1534918 Gflops/s) - 1379 (1516226 Gflops/s) - 1369 (1505231 Gflops/s) | Temperatures: 60°C - 61°C - 71°C - 71°C - 62°C - 61°C - 72°C - 73°C | Throttling: None - None - None - None - None - None - None - None
1391 (1529420 Gflops/s) - 1385 (1522823 Gflops/s) - 1374 (1510728 Gflops/s) - 1376 (1512927 Gflops/s) - 1386 (1523923 Gflops/s) - 1395 (1533818 Gflops/s) - 1377 (1514027 Gflops/s) - 1365 (1500833 Gflops/s) | Temperatures: 60°C - 61°C - 71°C - 71°C - 62°C - 61°C - 72°C - 73°C | Throttling: None - None - None - None - None - None - None - None
1353 (1487639 Gflops/s) - 1345 (1478843 Gflops/s) - 1338 (1471146 Gflops/s) - 1339 (1472246 Gflops/s) - 1347 (1481042 Gflops/s) - 1359 (1494236 Gflops/s) - 1340 (1473345 Gflops/s) - 1331 (1463449 Gflops/s) | Temperatures: 60°C - 61°C - 71°C - 71°C - 62°C - 61°C - 72°C - 73°C | Throttling: None - None - None - None - None - None - None - None
1285 (1412872 Gflops/s) - 1277 (1404076 Gflops/s) - 1267 (1393081 Gflops/s) - 1270 (1396379 Gflops/s) - 1277 (1404076 Gflops/s) - 1289 (1417270 Gflops/s) - 1271 (1397479 Gflops/s) - 1262 (1387583 Gflops/s) | Temperatures: 60°C - 61°C - 71°C - 71°C - 62°C - 61°C - 72°C - 73°C | Throttling: None - None - None - None - None - None - None - None
1295 (1423867 Gflops/s) - 1289 (1417270 Gflops/s) - 1280 (1407374 Gflops/s) - 1283 (1410673 Gflops/s) - 1291 (1419469 Gflops/s) - 1302 (1431564 Gflops/s) - 1284 (1411772 Gflops/s) - 1273 (1399678 Gflops/s) | Temperatures: 60°C - 61°C - 71°C - 71°C - 62°C - 61°C - 72°C - 73°C | Throttling: None - None - None - None - None - None - None - None
1276 (1402976 Gflops/s) - 1265 (1390882 Gflops/s) - 1259 (1384285 Gflops/s) - 1260 (1385384 Gflops/s) - 1268 (1394180 Gflops/s) - 1280 (1407374 Gflops/s) - 1261 (1386484 Gflops/s) - 1251 (1375489 Gflops/s) | Temperatures: 60°C - 61°C - 71°C - 71°C - 62°C - 61°C - 72°C - 73°C | Throttling: None - None - None - None - None - None - None - None
1285 (1412872 Gflops/s) - 1276 (1402976 Gflops/s) - 1267 (1393081 Gflops/s) - 1269 (1395280 Gflops/s) - 1278 (1405175 Gflops/s) - 1287 (1415071 Gflops/s) - 1270 (1396379 Gflops/s) - 1260 (1385384 Gflops/s) | Temperatures: 60°C - 61°C - 71°C - 71°C - 62°C - 61°C - 72°C - 73°C | Throttling: None - None - None - None - None - None - None - None
1290 (1418369 Gflops/s) - 1280 (1407374 Gflops/s) - 1271 (1397479 Gflops/s) - 1274 (1400777 Gflops/s) - 1281 (1408474 Gflops/s) - 1290 (1418369 Gflops/s) - 1274 (1400777 Gflops/s) - 1262 (1387583 Gflops/s) | Temperatures: 60°C - 61°C - 71°C - 71°C - 62°C - 61°C - 72°C - 73°C | Throttling: None - None - None - None - None - None - None - None
1286 (1413971 Gflops/s) - 1276 (1402976 Gflops/s) - 1267 (1393081 Gflops/s) - 1270 (1396379 Gflops/s) - 1278 (1405175 Gflops/s) - 1285 (1412872 Gflops/s) - 1271 (1397479 Gflops/s) - 1262 (1387583 Gflops/s) | Temperatures: 60°C - 61°C - 71°C - 71°C - 62°C - 61°C - 72°C - 73°C | Throttling: None - None - None - None - None - None - None - None
1284 (1411772 Gflops/s) - 1278 (1405175 Gflops/s) - 1270 (1396379 Gflops/s) - 1273 (1399678 Gflops/s) - 1279 (1406275 Gflops/s) - 1290 (1418369 Gflops/s) - 1273 (1399678 Gflops/s) - 1262 (1387583 Gflops/s) | Temperatures: 60°C - 61°C - 71°C - 71°C - 62°C - 61°C - 72°C - 73°C | Throttling: None - None - None - None - None - None - None - None
1286 (1413971 Gflops/s) - 1276 (1402976 Gflops/s) - 1268 (1394180 Gflops/s) - 1271 (1397479 Gflops/s) - 1280 (1407374 Gflops/s) - 1288 (1416170 Gflops/s) - 1272 (1398578 Gflops/s) - 1260 (1385384 Gflops/s) | Temperatures: 60°C - 61°C - 71°C - 71°C - 62°C - 61°C - 72°C - 72°C | Throttling: None - None - None - None - None - None - None - None
1284 (1411772 Gflops/s) - 1276 (1402976 Gflops/s) - 1267 (1393081 Gflops/s) - 1271 (1397479 Gflops/s) - 1278 (1405175 Gflops/s) - 1287 (1415071 Gflops/s) - 1271 (1397479 Gflops/s) - 1259 (1384285 Gflops/s) | Temperatures: 60°C - 61°C - 71°C - 71°C - 62°C - 61°C - 72°C - 72°C | Throttling: None - None - None - None - None - None - None - None
1297 (1426066 Gflops/s) - 1289 (1417270 Gflops/s) - 1282 (1409573 Gflops/s) - 1284 (1411772 Gflops/s) - 1290 (1418369 Gflops/s) - 1301 (1430464 Gflops/s) - 1283 (1410673 Gflops/s) - 1276 (1402976 Gflops/s) | Temperatures: 60°C - 61°C - 71°C - 71°C - 62°C - 61°C - 72°C - 73°C | Throttling: None - None - None - None - None - None - None - None
1273 (1399678 Gflops/s) - 1266 (1391981 Gflops/s) - 1257 (1382086 Gflops/s) - 1261 (1386484 Gflops/s) - 1266 (1391981 Gflops/s) - 1279 (1406275 Gflops/s) - 1261 (1386484 Gflops/s) - 1252 (1376588 Gflops/s) | Temperatures: 60°C - 61°C - 71°C - 71°C - 62°C - 61°C - 72°C - 73°C | Throttling: None - None - None - None - None - None - None - None
1283 (1410673 Gflops/s) - 1274 (1400777 Gflops/s) - 1266 (1391981 Gflops/s) - 1269 (1395280 Gflops/s) - 1279 (1406275 Gflops/s) - 1285 (1412872 Gflops/s) - 1270 (1396379 Gflops/s) - 1257 (1382086 Gflops/s) | Temperatures: 60°C - 61°C - 71°C - 71°C - 62°C - 61°C - 72°C - 73°C | Throttling: None - None - None - None - None - None - None - None
1287 (1415071 Gflops/s) - 1279 (1406275 Gflops/s) - 1272 (1398578 Gflops/s) - 1273 (1399678 Gflops/s) - 1280 (1407374 Gflops/s) - 1291 (1419469 Gflops/s) - 1274 (1400777 Gflops/s) - 1263 (1388683 Gflops/s) | Temperatures: 60°C - 61°C - 71°C - 71°C - 62°C - 61°C - 72°C - 73°C | Throttling: None - None - None - None - None - None - None - None
1282 (1409573 Gflops/s) - 1277 (1404076 Gflops/s) - 1267 (1393081 Gflops/s) - 1269 (1395280 Gflops/s) - 1277 (1404076 Gflops/s) - 1288 (1416170 Gflops/s) - 1270 (1396379 Gflops/s) - 1259 (1384285 Gflops/s) | Temperatures: 60°C - 61°C - 71°C - 71°C - 62°C - 61°C - 72°C - 73°C | Throttling: None - None - None - None - None - None - None - None
1286 (1413971 Gflops/s) - 1277 (1404076 Gflops/s) - 1271 (1397479 Gflops/s) - 1272 (1398578 Gflops/s) - 1279 (1406275 Gflops/s) - 1291 (1419469 Gflops/s) - 1273 (1399678 Gflops/s) - 1262 (1387583 Gflops/s) | Temperatures: 60°C - 61°C - 71°C - 71°C - 62°C - 61°C - 72°C - 72°C | Throttling: None - None - None - None - None - None - None - None
1287 (1415071 Gflops/s) - 1277 (1404076 Gflops/s) - 1266 (1391981 Gflops/s) - 1272 (1398578 Gflops/s) - 1279 (1406275 Gflops/s) - 1288 (1416170 Gflops/s) - 1272 (1398578 Gflops/s) - 1263 (1388683 Gflops/s) | Temperatures: 60°C - 61°C - 71°C - 71°C - 62°C - 61°C - 72°C - 73°C | Throttling: None - None - None - None - None - None - None - None
1285 (1412872 Gflops/s) - 1275 (1401877 Gflops/s) - 1268 (1394180 Gflops/s) - 1273 (1399678 Gflops/s) - 1278 (1405175 Gflops/s) - 1287 (1415071 Gflops/s) - 1272 (1398578 Gflops/s) - 1260 (1385384 Gflops/s) | Temperatures: 60°C - 61°C - 71°C - 71°C - 62°C - 61°C - 72°C - 73°C | Throttling: None - None - None - None - None - None - None - None
1295 (1423867 Gflops/s) - 1286 (1413971 Gflops/s) - 1281 (1408474 Gflops/s) - 1283 (1410673 Gflops/s) - 1289 (1417270 Gflops/s) - 1299 (1428265 Gflops/s) - 1283 (1410673 Gflops/s) - 1274 (1400777 Gflops/s) | Temperatures: 60°C - 61°C - 71°C - 71°C - 62°C - 61°C - 72°C - 73°C | Throttling: None - None - None - None - None - None - None - None
1275 (1401877 Gflops/s) - 1266 (1391981 Gflops/s) - 1258 (1383185 Gflops/s) - 1260 (1385384 Gflops/s) - 1268 (1394180 Gflops/s) - 1275 (1401877 Gflops/s) - 1261 (1386484 Gflops/s) - 1252 (1376588 Gflops/s) | Temperatures: 60°C - 61°C - 71°C - 71°C - 62°C - 61°C - 72°C - 72°C | Throttling: None - None - None - None - None - None - None - None
1286 (1413971 Gflops/s) - 1276 (1402976 Gflops/s) - 1268 (1394180 Gflops/s) - 1271 (1397479 Gflops/s) - 1277 (1404076 Gflops/s) - 1287 (1415071 Gflops/s) - 1271 (1397479 Gflops/s) - 1258 (1383185 Gflops/s) | Temperatures: 60°C - 61°C - 71°C - 71°C - 62°C - 61°C - 72°C - 73°C | Throttling: None - None - None - None - None - None - None - None
1289 (1417270 Gflops/s) - 1280 (1407374 Gflops/s) - 1271 (1397479 Gflops/s) - 1273 (1399678 Gflops/s) - 1281 (1408474 Gflops/s) - 1290 (1418369 Gflops/s) - 1274 (1400777 Gflops/s) - 1264 (1389782 Gflops/s) | Temperatures: 60°C - 61°C - 71°C - 71°C - 62°C - 61°C - 72°C - 72°C | Throttling: None - None - None - None - None - None - None - None
1284 (1411772 Gflops/s) - 1275 (1401877 Gflops/s) - 1268 (1394180 Gflops/s) - 1269 (1395280 Gflops/s) - 1277 (1404076 Gflops/s) - 1286 (1413971 Gflops/s) - 1270 (1396379 Gflops/s) - 1261 (1386484 Gflops/s) | Temperatures: 60°C - 61°C - 71°C - 71°C - 62°C - 61°C - 72°C - 72°C | Throttling: None - None - None - None - None - None - None - None
1287 (1415071 Gflops/s) - 1277 (1404076 Gflops/s) - 1270 (1396379 Gflops/s) - 1273 (1399678 Gflops/s) - 1280 (1407374 Gflops/s) - 1289 (1417270 Gflops/s) - 1274 (1400777 Gflops/s) - 1263 (1388683 Gflops/s) | Temperatures: 60°C - 61°C - 71°C - 71°C - 62°C - 61°C - 72°C - 73°C | Throttling: None - None - None - None - None - None - None - None
1286 (1413971 Gflops/s) - 1277 (1404076 Gflops/s) - 1270 (1396379 Gflops/s) - 1272 (1398578 Gflops/s) - 1279 (1406275 Gflops/s) - 1286 (1413971 Gflops/s) - 1271 (1397479 Gflops/s) - 1262 (1387583 Gflops/s) | Temperatures: 60°C - 61°C - 71°C - 71°C - 62°C - 61°C - 72°C - 72°C | Throttling: None - None - None - None - None - None - None - None
1282 (1409573 Gflops/s) - 1276 (1402976 Gflops/s) - 1269 (1395280 Gflops/s) - 1270 (1396379 Gflops/s) - 1278 (1405175 Gflops/s) - 1285 (1412872 Gflops/s) - 1271 (1397479 Gflops/s) - 1261 (1386484 Gflops/s) | Temperatures: 60°C - 61°C - 71°C - 71°C - 62°C - 61°C - 72°C - 73°C | Throttling: None - None - None - None - None - None - None - None
1296 (1424967 Gflops/s) - 1290 (1418369 Gflops/s) - 1280 (1407374 Gflops/s) - 1283 (1410673 Gflops/s) - 1290 (1418369 Gflops/s) - 1299 (1428265 Gflops/s) - 1284 (1411772 Gflops/s) - 1276 (1402976 Gflops/s) | Temperatures: 60°C - 61°C - 71°C - 71°C - 62°C - 61°C - 72°C - 73°C | Throttling: None - None - None - None - None - None - None - None
1273 (1399678 Gflops/s) - 1266 (1391981 Gflops/s) - 1258 (1383185 Gflops/s) - 1260 (1385384 Gflops/s) - 1268 (1394180 Gflops/s) - 1278 (1405175 Gflops/s) - 1261 (1386484 Gflops/s) - 1254 (1378787 Gflops/s) | Temperatures: 60°C - 61°C - 71°C - 71°C - 62°C - 61°C - 72°C - 73°C | Throttling: None - None - None - None - None - None - None - None
1283 (1410673 Gflops/s) - 1276 (1402976 Gflops/s) - 1268 (1394180 Gflops/s) - 1269 (1395280 Gflops/s) - 1276 (1402976 Gflops/s) - 1288 (1416170 Gflops/s) - 1270 (1396379 Gflops/s) - 1261 (1386484 Gflops/s) | Temperatures: 60°C - 61°C - 71°C - 71°C - 62°C - 61°C - 72°C - 72°C | Throttling: None - None - None - None - None - None - None - None
1288 (1416170 Gflops/s) - 1279 (1406275 Gflops/s) - 1270 (1396379 Gflops/s) - 1273 (1399678 Gflops/s) - 1281 (1408474 Gflops/s) - 1290 (1418369 Gflops/s) - 1274 (1400777 Gflops/s) - 1264 (1389782 Gflops/s) | Temperatures: 60°C - 61°C - 71°C - 71°C - 62°C - 61°C - 72°C - 72°C | Throttling: None - None - None - None - None - None - None - None
1283 (1410673 Gflops/s) - 1274 (1400777 Gflops/s) - 1267 (1393081 Gflops/s) - 1270 (1396379 Gflops/s) - 1277 (1404076 Gflops/s) - 1287 (1415071 Gflops/s) - 1271 (1397479 Gflops/s) - 1259 (1384285 Gflops/s) | Temperatures: 60°C - 61°C - 71°C - 71°C - 62°C - 61°C - 72°C - 72°C | Throttling: None - None - None - None - None - None - None - None
1287 (1415071 Gflops/s) - 1278 (1405175 Gflops/s) - 1270 (1396379 Gflops/s) - 1273 (1399678 Gflops/s) - 1280 (1407374 Gflops/s) - 1289 (1417270 Gflops/s) - 1273 (1399678 Gflops/s) - 1261 (1386484 Gflops/s) | Temperatures: 60°C - 61°C - 71°C - 71°C - 62°C - 61°C - 72°C - 72°C | Throttling: None - None - None - None - None - None - None - None
1285 (1412872 Gflops/s) - 1277 (1404076 Gflops/s) - 1269 (1395280 Gflops/s) - 1271 (1397479 Gflops/s) - 1277 (1404076 Gflops/s) - 1290 (1418369 Gflops/s) - 1271 (1397479 Gflops/s) - 1263 (1388683 Gflops/s) | Temperatures: 60°C - 61°C - 71°C - 71°C - 62°C - 61°C - 72°C - 73°C | Throttling: None - None - None - None - None - None - None - None
1283 (1410673 Gflops/s) - 1275 (1401877 Gflops/s) - 1267 (1393081 Gflops/s) - 1269 (1395280 Gflops/s) - 1276 (1402976 Gflops/s) - 1289 (1417270 Gflops/s) - 1271 (1397479 Gflops/s) - 1260 (1385384 Gflops/s) | Temperatures: 60°C - 61°C - 71°C - 71°C - 62°C - 61°C - 72°C - 72°C | Throttling: None - None - None - None - None - None - None - None
1300 (1429365 Gflops/s) - 1289 (1417270 Gflops/s) - 1282 (1409573 Gflops/s) - 1284 (1411772 Gflops/s) - 1293 (1421668 Gflops/s) - 1304 (1433763 Gflops/s) - 1285 (1412872 Gflops/s) - 1277 (1404076 Gflops/s) | Temperatures: 60°C - 61°C - 71°C - 71°C - 62°C - 61°C - 72°C - 73°C | Throttling: None - None - None - None - None - None - None - None
1271 (1397479 Gflops/s) - 1264 (1389782 Gflops/s) - 1258 (1383185 Gflops/s) - 1259 (1384285 Gflops/s) - 1265 (1390882 Gflops/s) - 1278 (1405175 Gflops/s) - 1260 (1385384 Gflops/s) - 1251 (1375489 Gflops/s) | Temperatures: 60°C - 61°C - 71°C - 71°C - 62°C - 61°C - 72°C - 72°C | Throttling: None - None - None - None - None - None - None - None
1344 (1477743 Gflops/s) - 1335 (1467848 Gflops/s) - 1327 (1459051 Gflops/s) - 1330 (1462350 Gflops/s) - 1338 (1471146 Gflops/s) - 1349 (1483241 Gflops/s) - 1329 (1461250 Gflops/s) - 1320 (1451355 Gflops/s) | Temperatures: 60°C - 61°C - 71°C - 71°C - 62°C - 61°C - 72°C - 73°C | Throttling: None - None - None - None - None - None - None - None
1392 (1530520 Gflops/s) - 1383 (1520624 Gflops/s) - 1375 (1511828 Gflops/s) - 1377 (1514027 Gflops/s) - 1385 (1522823 Gflops/s) - 1396 (1534918 Gflops/s) - 1378 (1515127 Gflops/s) - 1367 (1503032 Gflops/s) | Temperatures: 60°C - 61°C - 71°C - 71°C - 62°C - 61°C - 72°C - 72°C | Throttling: None - None - None - None - None - None - None - None
1392 (1530520 Gflops/s) - 1381 (1518425 Gflops/s) - 1375 (1511828 Gflops/s) - 1376 (1512927 Gflops/s) - 1385 (1522823 Gflops/s) - 1396 (1534918 Gflops/s) - 1378 (1515127 Gflops/s) - 1369 (1505231 Gflops/s) | Temperatures: 60°C - 61°C - 71°C - 71°C - 63°C - 61°C - 72°C - 72°C | Throttling: None - None - None - None - None - None - None - None
1390 (1528321 Gflops/s) - 1383 (1520624 Gflops/s) - 1375 (1511828 Gflops/s) - 1376 (1512927 Gflops/s) - 1383 (1520624 Gflops/s) - 1395 (1533818 Gflops/s) - 1377 (1514027 Gflops/s) - 1365 (1500833 Gflops/s) | Temperatures: 60°C - 61°C - 71°C - 71°C - 62°C - 61°C - 72°C - 72°C | Throttling: None - None - None - None - None - None - None - None
1391 (1529420 Gflops/s) - 1382 (1519525 Gflops/s) - 1373 (1509629 Gflops/s) - 1377 (1514027 Gflops/s) - 1384 (1521724 Gflops/s) - 1398 (1537117 Gflops/s) - 1378 (1515127 Gflops/s) - 1368 (1504131 Gflops/s) | Temperatures: 60°C - 61°C - 71°C - 71°C - 62°C - 61°C - 72°C - 72°C | Throttling: None - None - None - None - None - None - None - None
1392 (1530520 Gflops/s) - 1382 (1519525 Gflops/s) - 1377 (1514027 Gflops/s) - 1379 (1516226 Gflops/s) - 1385 (1522823 Gflops/s) - 1396 (1534918 Gflops/s) - 1378 (1515127 Gflops/s) - 1367 (1503032 Gflops/s) | Temperatures: 60°C - 61°C - 71°C - 71°C - 62°C - 61°C - 72°C - 72°C | Throttling: None - None - None - None - None - None - None - None
1393 (1531619 Gflops/s) - 1384 (1521724 Gflops/s) - 1375 (1511828 Gflops/s) - 1377 (1514027 Gflops/s) - 1386 (1523923 Gflops/s) - 1395 (1533818 Gflops/s) - 1378 (1515127 Gflops/s) - 1368 (1504131 Gflops/s) | Temperatures: 60°C - 61°C - 71°C - 71°C - 62°C - 61°C - 72°C - 73°C | Throttling: None - None - None - None - None - None - None - None
1394 (1532719 Gflops/s) - 1383 (1520624 Gflops/s) - 1374 (1510728 Gflops/s) - 1377 (1514027 Gflops/s) - 1387 (1525022 Gflops/s) - 1395 (1533818 Gflops/s) - 1378 (1515127 Gflops/s) - 1368 (1504131 Gflops/s) | Temperatures: 60°C - 61°C - 71°C - 71°C - 62°C - 61°C - 72°C - 72°C | Throttling: None - None - None - None - None - None - None - None
1393 (1531619 Gflops/s) - 1382 (1519525 Gflops/s) - 1375 (1511828 Gflops/s) - 1376 (1512927 Gflops/s) - 1385 (1522823 Gflops/s) - 1396 (1534918 Gflops/s) - 1377 (1514027 Gflops/s) - 1367 (1503032 Gflops/s) | Temperatures: 60°C - 61°C - 71°C - 71°C - 62°C - 61°C - 72°C - 72°C | Throttling: None - None - None - None - None - None - None - None
1392 (1530520 Gflops/s) - 1384 (1521724 Gflops/s) - 1375 (1511828 Gflops/s) - 1377 (1514027 Gflops/s) - 1384 (1521724 Gflops/s) - 1397 (1536017 Gflops/s) - 1379 (1516226 Gflops/s) - 1368 (1504131 Gflops/s) | Temperatures: 60°C - 61°C - 71°C - 71°C - 62°C - 61°C - 72°C - 73°C | Throttling: None - None - None - None - None - None - None - None
1390 (1528321 Gflops/s) - 1385 (1522823 Gflops/s) - 1374 (1510728 Gflops/s) - 1377 (1514027 Gflops/s) - 1385 (1522823 Gflops/s) - 1396 (1534918 Gflops/s) - 1378 (1515127 Gflops/s) - 1370 (1506330 Gflops/s) | Temperatures: 60°C - 61°C - 71°C - 71°C - 62°C - 61°C - 72°C - 73°C | Throttling: None - None - None - None - None - None - None - None
1392 (1530520 Gflops/s) - 1385 (1522823 Gflops/s) - 1376 (1512927 Gflops/s) - 1377 (1514027 Gflops/s) - 1385 (1522823 Gflops/s) - 1400 (1539316 Gflops/s) - 1378 (1515127 Gflops/s) - 1368 (1504131 Gflops/s) | Temperatures: 60°C - 61°C - 71°C - 71°C - 62°C - 61°C - 72°C - 72°C | Throttling: None - None - None - None - None - None - None - None
1390 (1528321 Gflops/s) - 1382 (1519525 Gflops/s) - 1211 (1331508 Gflops/s) - 1375 (1511828 Gflops/s) - 1385 (1522823 Gflops/s) - 1104 (1213860 Gflops/s) - 1377 (1514027 Gflops/s) - 1365 (1500833 Gflops/s) | Temperatures: 60°C - 61°C - 71°C - 71°C - 63°C - 61°C - 72°C - 72°C | Throttling: None - None - None - None - None - None - None - None
GPU #0: 1470333 Gflops/s (min: 1396379.77, max: 1537117.26, dev: 1470333.22)
         Temperature: 60.19°C (min: 55.00, max: 61.00)
         Throttling HW: false, Thermal SW: false, Thermal HW: false
GPU #1: 1460777 Gflops/s (min: 1387583.67, max: 1527221.65, dev: 1460776.51)
         Temperature: 61.43°C (min: 56.00, max: 62.00)
         Throttling HW: false, Thermal SW: false, Thermal HW: false
GPU #2: 1449427 Gflops/s (min: 1331508.58, max: 1517326.05, dev: 1449427.44)
         Temperature: 71.88°C (min: 66.00, max: 73.00)
         Throttling HW: false, Thermal SW: false, Thermal HW: false
GPU #3: 1455821 Gflops/s (min: 1383185.63, max: 1529420.67, dev: 1455821.17)
         Temperature: 71.63°C (min: 65.00, max: 73.00)
         Throttling HW: false, Thermal SW: false, Thermal HW: false
GPU #4: 1463047 Gflops/s (min: 1389782.70, max: 1531619.70, dev: 1463047.07)
         Temperature: 62.62°C (min: 58.00, max: 64.00)
         Throttling HW: false, Thermal SW: false, Thermal HW: false
GPU #5: 1473097 Gflops/s (min: 1213860.84, max: 1541515.30, dev: 1473097.06)
         Temperature: 61.19°C (min: 56.00, max: 62.00)
         Throttling HW: false, Thermal SW: false, Thermal HW: false
GPU #6: 1456002 Gflops/s (min: 1382086.12, max: 1520624.58, dev: 1456001.91)
         Temperature: 72.92°C (min: 66.00, max: 74.00)
         Throttling HW: false, Thermal SW: false, Thermal HW: false
GPU #7: 1444310 Gflops/s (min: 1366692.95, max: 1522823.60, dev: 1444310.19)
         Temperature: 73.59°C (min: 68.00, max: 75.00)
         Throttling HW: false, Thermal SW: false, Thermal HW: false
All GPUs seem healthy
Freeing GPUs...
======== Run with fp8  ==========
Detected GPU #0: "NVIDIA B200" (be549eb1-c1a3-e9c1-4c78-a328dc941790)
Detected GPU #1: "NVIDIA B200" (c5014d78-6617-e615-cd75-0c3aa97937c6)
Detected GPU #2: "NVIDIA B200" (3cc76aa0-6d1b-8d76-85b0-1d066299aacb)
Detected GPU #3: "NVIDIA B200" (501e65ea-fc38-af33-5990-7644592fa154)
Detected GPU #4: "NVIDIA B200" (9b3ee5af-bf92-6217-559f-f244b433a528)
Detected GPU #5: "NVIDIA B200" (e41323f2-a154-bb47-0cc9-e44476cd2880)
Detected GPU #6: "NVIDIA B200" (c301239a-85c3-609d-f4cf-4e59b3aadc8c)
Detected GPU #7: "NVIDIA B200" (edebb39d-d365-ebd5-8591-f7caf7362b0d)
Using precision(s):   FP8
Creating random matrices
Matrices created
GPU #0: Using 163805 MB
GPU #1: Using 163805 MB
GPU #2: Using 163805 MB
GPU #3: Using 163805 MB
GPU #4: Using 163805 MB
GPU #5: Using 163805 MB
GPU #6: Using 163805 MB
GPU #7: Using 163805 MB
1747 (1920846 Gflops/s) - 1004 (1103909 Gflops/s) - 0 (0 Gflops/s) - 0 (0 Gflops/s) - 0 (0 Gflops/s) - 0 (0 Gflops/s) - 0 (0 Gflops/s) - 0 (0 Gflops/s) | Temperatures: 49°C - 49°C - 50°C - 51°C - 45°C - 40°C - 51°C - 52°C | Throttling: None - None - None - None - None - None - None - None
3525 (3875778 Gflops/s) - 3525 (3875778 Gflops/s) - 3075 (3380998 Gflops/s) - 3985 (4381553 Gflops/s) - 3933 (4324379 Gflops/s) - 3286 (3612995 Gflops/s) - 3135 (3446968 Gflops/s) - 3151 (3464561 Gflops/s) | Temperatures: 54°C - 55°C - 63°C - 63°C - 55°C - 53°C - 64°C - 64°C | Throttling: None - None - None - None - None - None - None - None
3366 (3700956 Gflops/s) - 3361 (3695458 Gflops/s) - 3318 (3648179 Gflops/s) - 3310 (3639383 Gflops/s) - 3351 (3684463 Gflops/s) - 3364 (3698757 Gflops/s) - 3330 (3661373 Gflops/s) - 3284 (3610796 Gflops/s) | Temperatures: 55°C - 56°C - 65°C - 65°C - 57°C - 55°C - 66°C - 66°C | Throttling: None - None - None - None - None - None - None - None
3455 (3798812 Gflops/s) - 3450 (3793315 Gflops/s) - 3407 (3746036 Gflops/s) - 3407 (3746036 Gflops/s) - 3433 (3774623 Gflops/s) - 3452 (3795514 Gflops/s) - 3415 (3754832 Gflops/s) - 3366 (3700956 Gflops/s) | Temperatures: 55°C - 56°C - 65°C - 65°C - 57°C - 55°C - 67°C - 67°C | Throttling: None - None - None - None - None - None - None - None
3534 (3885674 Gflops/s) - 3524 (3874678 Gflops/s) - 3480 (3826300 Gflops/s) - 3432 (3773523 Gflops/s) - 3516 (3865882 Gflops/s) - 3528 (3879077 Gflops/s) - 3487 (3833997 Gflops/s) - 3438 (3780120 Gflops/s) | Temperatures: 56°C - 57°C - 66°C - 66°C - 58°C - 56°C - 67°C - 67°C | Throttling: None - None - None - None - None - None - None - None
3335 (3666871 Gflops/s) - 3327 (3658075 Gflops/s) - 3280 (3606398 Gflops/s) - 3238 (3560218 Gflops/s) - 3311 (3640482 Gflops/s) - 3330 (3661373 Gflops/s) - 3294 (3621791 Gflops/s) - 3243 (3565716 Gflops/s) | Temperatures: 56°C - 57°C - 66°C - 66°C - 58°C - 56°C - 67°C - 67°C | Throttling: None - None - None - None - None - None - None - None
3485 (3831798 Gflops/s) - 3478 (3824101 Gflops/s) - 3437 (3779021 Gflops/s) - 3400 (3738339 Gflops/s) - 3458 (3802111 Gflops/s) - 3477 (3823001 Gflops/s) - 3438 (3780120 Gflops/s) - 3388 (3725145 Gflops/s) | Temperatures: 56°C - 58°C - 66°C - 66°C - 58°C - 57°C - 68°C - 68°C | Throttling: None - None - None - None - None - None - None - None
3403 (3741638 Gflops/s) - 3393 (3730642 Gflops/s) - 3348 (3681164 Gflops/s) - 3303 (3631686 Gflops/s) - 3383 (3719647 Gflops/s) - 3394 (3731742 Gflops/s) - 3352 (3685562 Gflops/s) - 3309 (3638283 Gflops/s) | Temperatures: 57°C - 58°C - 67°C - 67°C - 59°C - 57°C - 68°C - 68°C | Throttling: None - None - None - None - None - None - None - None
3434 (3775722 Gflops/s) - 3423 (3763628 Gflops/s) - 3379 (3715249 Gflops/s) - 3352 (3685562 Gflops/s) - 3409 (3748235 Gflops/s) - 3423 (3763628 Gflops/s) - 3387 (3724045 Gflops/s) - 3335 (3666871 Gflops/s) | Temperatures: 57°C - 58°C - 67°C - 67°C - 59°C - 57°C - 68°C - 68°C | Throttling: None - None - None - None - None - None - None - None
3523 (3873579 Gflops/s) - 3512 (3861484 Gflops/s) - 3463 (3807608 Gflops/s) - 3433 (3774623 Gflops/s) - 3503 (3851589 Gflops/s) - 3513 (3862584 Gflops/s) - 3469 (3814205 Gflops/s) - 3422 (3762528 Gflops/s) | Temperatures: 57°C - 58°C - 67°C - 67°C - 59°C - 57°C - 68°C - 69°C | Throttling: None - None - None - None - None - None - None - None
3365 (3699856 Gflops/s) - 3355 (3688861 Gflops/s) - 3308 (3637184 Gflops/s) - 3286 (3612995 Gflops/s) - 3348 (3681164 Gflops/s) - 3356 (3689961 Gflops/s) - 3311 (3640482 Gflops/s) - 3266 (3591004 Gflops/s) | Temperatures: 57°C - 59°C - 67°C - 67°C - 60°C - 58°C - 69°C - 69°C | Throttling: None - None - None - None - None - None - None - None
3455 (3798812 Gflops/s) - 3442 (3784519 Gflops/s) - 3393 (3730642 Gflops/s) - 3370 (3705354 Gflops/s) - 3425 (3765827 Gflops/s) - 3444 (3786718 Gflops/s) - 3397 (3735040 Gflops/s) - 3352 (3685562 Gflops/s) | Temperatures: 58°C - 59°C - 67°C - 68°C - 60°C - 58°C - 69°C - 69°C | Throttling: None - None - None - None - None - None - None - None
3525 (3875778 Gflops/s) - 3509 (3858186 Gflops/s) - 3467 (3812006 Gflops/s) - 3450 (3793315 Gflops/s) - 3500 (3848290 Gflops/s) - 3513 (3862584 Gflops/s) - 3468 (3813106 Gflops/s) - 3430 (3771324 Gflops/s) | Temperatures: 58°C - 59°C - 68°C - 68°C - 60°C - 58°C - 69°C - 69°C | Throttling: None - None - None - None - None - None - None - None
3336 (3667970 Gflops/s) - 3318 (3648179 Gflops/s) - 3278 (3604199 Gflops/s) - 3257 (3581109 Gflops/s) - 3317 (3647080 Gflops/s) - 3325 (3655876 Gflops/s) - 3279 (3605298 Gflops/s) - 3248 (3571213 Gflops/s) | Temperatures: 58°C - 59°C - 68°C - 68°C - 60°C - 58°C - 69°C - 69°C | Throttling: None - None - None - None - None - None - None - None
3489 (3836196 Gflops/s) - 3476 (3821902 Gflops/s) - 3422 (3762528 Gflops/s) - 3396 (3733941 Gflops/s) - 3461 (3805409 Gflops/s) - 3477 (3823001 Gflops/s) - 3430 (3771324 Gflops/s) - 3396 (3733941 Gflops/s) | Temperatures: 58°C - 59°C - 68°C - 68°C - 60°C - 58°C - 69°C - 70°C | Throttling: None - None - None - None - None - None - None - None
3398 (3736140 Gflops/s) - 3364 (3698757 Gflops/s) - 3335 (3666871 Gflops/s) - 3293 (3620691 Gflops/s) - 3369 (3704254 Gflops/s) - 3387 (3724045 Gflops/s) - 3338 (3670169 Gflops/s) - 3306 (3634985 Gflops/s) | Temperatures: 58°C - 59°C - 68°C - 68°C - 60°C - 59°C - 70°C - 70°C | Throttling: None - None - None - None - None - None - None - None
3432 (3773523 Gflops/s) - 3410 (3749334 Gflops/s) - 3370 (3705354 Gflops/s) - 3330 (3661373 Gflops/s) - 3403 (3741638 Gflops/s) - 3420 (3760329 Gflops/s) - 3371 (3706453 Gflops/s) - 3338 (3670169 Gflops/s) | Temperatures: 58°C - 60°C - 69°C - 69°C - 60°C - 59°C - 70°C - 70°C | Throttling: None - None - None - None - None - None - None - None
3520 (3870280 Gflops/s) - 3493 (3840594 Gflops/s) - 3456 (3799912 Gflops/s) - 3409 (3748235 Gflops/s) - 3493 (3840594 Gflops/s) - 3507 (3855987 Gflops/s) - 3455 (3798812 Gflops/s) - 3422 (3762528 Gflops/s) | Temperatures: 59°C - 60°C - 69°C - 69°C - 61°C - 59°C - 70°C - 70°C | Throttling: None - None - None - None - None - None - None - None
3364 (3698757 Gflops/s) - 3340 (3672368 Gflops/s) - 3301 (3629487 Gflops/s) - 3261 (3585507 Gflops/s) - 3343 (3675667 Gflops/s) - 3353 (3686662 Gflops/s) - 3300 (3628388 Gflops/s) - 3272 (3597602 Gflops/s) | Temperatures: 59°C - 60°C - 69°C - 69°C - 61°C - 59°C - 70°C - 70°C | Throttling: None - None - None - None - None - None - None - None
3453 (3796613 Gflops/s) - 3418 (3758130 Gflops/s) - 3380 (3716349 Gflops/s) - 3339 (3671269 Gflops/s) - 3426 (3766926 Gflops/s) - 3439 (3781220 Gflops/s) - 3383 (3719647 Gflops/s) - 3355 (3688861 Gflops/s) | Temperatures: 59°C - 60°C - 69°C - 69°C - 61°C - 59°C - 70°C - 71°C | Throttling: None - None - None - None - None - None - None - None
3475 (3820802 Gflops/s) - 3447 (3790016 Gflops/s) - 3403 (3741638 Gflops/s) - 3356 (3689961 Gflops/s) - 3445 (3787817 Gflops/s) - 3462 (3806509 Gflops/s) - 3405 (3743837 Gflops/s) - 3378 (3714150 Gflops/s) | Temperatures: 59°C - 60°C - 69°C - 69°C - 61°C - 59°C - 70°C - 71°C | Throttling: None - None - None - None - None - None - None - None
3387 (3724045 Gflops/s) - 3363 (3697657 Gflops/s) - 3316 (3645980 Gflops/s) - 3274 (3599801 Gflops/s) - 3356 (3689961 Gflops/s) - 3375 (3710851 Gflops/s) - 3319 (3649279 Gflops/s) - 3291 (3618492 Gflops/s) | Temperatures: 59°C - 60°C - 69°C - 69°C - 61°C - 60°C - 71°C - 71°C | Throttling: None - None - None - None - None - None - None - None
3483 (3829598 Gflops/s) - 3461 (3805409 Gflops/s) - 3410 (3749334 Gflops/s) - 3366 (3700956 Gflops/s) - 3454 (3797713 Gflops/s) - 3472 (3817504 Gflops/s) - 3412 (3751533 Gflops/s) - 3383 (3719647 Gflops/s) | Temperatures: 59°C - 60°C - 69°C - 70°C - 62°C - 60°C - 71°C - 71°C | Throttling: None - None - None - None - None - None - None - None
3401 (3739439 Gflops/s) - 3375 (3710851 Gflops/s) - 3337 (3669070 Gflops/s) - 3285 (3611895 Gflops/s) - 3371 (3706453 Gflops/s) - 3389 (3726244 Gflops/s) - 3331 (3662473 Gflops/s) - 3302 (3630587 Gflops/s) | Temperatures: 59°C - 61°C - 70°C - 70°C - 61°C - 60°C - 71°C - 71°C | Throttling: None - None - None - None - None - None - None - None
3437 (3779021 Gflops/s) - 3402 (3740538 Gflops/s) - 3367 (3702055 Gflops/s) - 3327 (3658075 Gflops/s) - 3410 (3749334 Gflops/s) - 3426 (3766926 Gflops/s) - 3370 (3705354 Gflops/s) - 3336 (3667970 Gflops/s) | Temperatures: 59°C - 60°C - 70°C - 70°C - 62°C - 60°C - 71°C - 71°C | Throttling: None - None - None - None - None - None - None - None
3476 (3821902 Gflops/s) - 3450 (3793315 Gflops/s) - 3403 (3741638 Gflops/s) - 3356 (3689961 Gflops/s) - 3448 (3791116 Gflops/s) - 3464 (3808708 Gflops/s) - 3409 (3748235 Gflops/s) - 3373 (3708652 Gflops/s) | Temperatures: 60°C - 61°C - 70°C - 70°C - 62°C - 60°C - 71°C - 72°C | Throttling: None - None - None - None - None - None - None - None
3399 (3737240 Gflops/s) - 3371 (3706453 Gflops/s) - 3328 (3659174 Gflops/s) - 3282 (3608597 Gflops/s) - 3369 (3704254 Gflops/s) - 3386 (3722946 Gflops/s) - 3328 (3659174 Gflops/s) - 3297 (3625089 Gflops/s) | Temperatures: 60°C - 61°C - 70°C - 70°C - 62°C - 60°C - 71°C - 72°C | Throttling: None - None - None - None - None - None - None - None
3455 (3798812 Gflops/s) - 3421 (3761429 Gflops/s) - 3385 (3721846 Gflops/s) - 3338 (3670169 Gflops/s) - 3424 (3764727 Gflops/s) - 3441 (3783419 Gflops/s) - 3385 (3721846 Gflops/s) - 3350 (3683363 Gflops/s) | Temperatures: 60°C - 61°C - 70°C - 70°C - 62°C - 60°C - 72°C - 72°C | Throttling: None - None - None - None - None - None - None - None
3415 (3754832 Gflops/s) - 3391 (3728443 Gflops/s) - 3345 (3677866 Gflops/s) - 3300 (3628388 Gflops/s) - 3388 (3725145 Gflops/s) - 3401 (3739439 Gflops/s) - 3345 (3677866 Gflops/s) - 3312 (3641582 Gflops/s) | Temperatures: 60°C - 61°C - 70°C - 70°C - 62°C - 60°C - 72°C - 72°C | Throttling: None - None - None - None - None - None - None - None
3441 (3783419 Gflops/s) - 3400 (3738339 Gflops/s) - 3369 (3704254 Gflops/s) - 3320 (3650378 Gflops/s) - 3408 (3747135 Gflops/s) - 3428 (3769125 Gflops/s) - 3368 (3703155 Gflops/s) - 3335 (3666871 Gflops/s) | Temperatures: 60°C - 61°C - 71°C - 70°C - 62°C - 60°C - 72°C - 72°C | Throttling: None - None - None - None - None - None - None - None
3486 (3832897 Gflops/s) - 3460 (3804310 Gflops/s) - 3414 (3753732 Gflops/s) - 3368 (3703155 Gflops/s) - 3459 (3803210 Gflops/s) - 3474 (3819703 Gflops/s) - 3411 (3750434 Gflops/s) - 3379 (3715249 Gflops/s) | Temperatures: 60°C - 61°C - 71°C - 71°C - 62°C - 61°C - 72°C - 72°C | Throttling: None - None - None - None - None - None - None - None
3393 (3730642 Gflops/s) - 3350 (3683363 Gflops/s) - 3323 (3653677 Gflops/s) - 3286 (3612995 Gflops/s) - 3361 (3695458 Gflops/s) - 3379 (3715249 Gflops/s) - 3320 (3650378 Gflops/s) - 3283 (3609696 Gflops/s) | Temperatures: 60°C - 61°C - 71°C - 71°C - 62°C - 60°C - 72°C - 72°C | Throttling: None - None - None - None - None - None - None - None
3428 (3769125 Gflops/s) - 3377 (3713050 Gflops/s) - 3357 (3691060 Gflops/s) - 3319 (3649279 Gflops/s) - 3398 (3736140 Gflops/s) - 3414 (3753732 Gflops/s) - 3353 (3686662 Gflops/s) - 3316 (3645980 Gflops/s) | Temperatures: 60°C - 61°C - 71°C - 71°C - 62°C - 61°C - 72°C - 73°C | Throttling: None - None - None - None - None - None - None - None
3708 (4076989 Gflops/s) - 3679 (4045103 Gflops/s) - 3631 (3992326 Gflops/s) - 3595 (3952744 Gflops/s) - 3673 (4038506 Gflops/s) - 3692 (4059396 Gflops/s) - 3623 (3983530 Gflops/s) - 3588 (3945047 Gflops/s) | Temperatures: 60°C - 61°C - 71°C - 71°C - 62°C - 61°C - 72°C - 73°C | Throttling: None - None - None - None - None - None - None - None
3725 (4095680 Gflops/s) - 3685 (4051700 Gflops/s) - 3648 (4011018 Gflops/s) - 3618 (3978033 Gflops/s) - 3688 (4054998 Gflops/s) - 3708 (4076989 Gflops/s) - 3641 (4003321 Gflops/s) - 3603 (3961540 Gflops/s) | Temperatures: 60°C - 61°C - 71°C - 71°C - 62°C - 61°C - 72°C - 73°C | Throttling: None - None - None - None - None - None - None - None
3724 (4094581 Gflops/s) - 3690 (4057197 Gflops/s) - 3645 (4007719 Gflops/s) - 3604 (3962639 Gflops/s) - 3688 (4054998 Gflops/s) - 3707 (4075889 Gflops/s) - 3639 (4001122 Gflops/s) - 3601 (3959341 Gflops/s) | Temperatures: 60°C - 61°C - 71°C - 71°C - 63°C - 61°C - 73°C - 73°C | Throttling: None - None - None - None - None - None - None - None
3724 (4094581 Gflops/s) - 3699 (4067093 Gflops/s) - 3646 (4008819 Gflops/s) - 3602 (3960440 Gflops/s) - 3692 (4059396 Gflops/s) - 3711 (4080287 Gflops/s) - 3640 (4002222 Gflops/s) - 3599 (3957142 Gflops/s) | Temperatures: 60°C - 62°C - 71°C - 71°C - 63°C - 61°C - 73°C - 73°C | Throttling: None - None - None - None - None - None - None - None
3724 (4094581 Gflops/s) - 3688 (4054998 Gflops/s) - 3648 (4011018 Gflops/s) - 3606 (3964838 Gflops/s) - 3690 (4057197 Gflops/s) - 3710 (4079188 Gflops/s) - 3640 (4002222 Gflops/s) - 3600 (3958241 Gflops/s) | Temperatures: 60°C - 62°C - 72°C - 71°C - 63°C - 61°C - 73°C - 73°C | Throttling: None - None - None - None - None - None - None - None
3722 (4092382 Gflops/s) - 3679 (4045103 Gflops/s) - 3646 (4008819 Gflops/s) - 3608 (3967037 Gflops/s) - 3692 (4059396 Gflops/s) - 3708 (4076989 Gflops/s) - 3639 (4001122 Gflops/s) - 3598 (3956042 Gflops/s) | Temperatures: 61°C - 62°C - 72°C - 72°C - 63°C - 61°C - 73°C - 73°C | Throttling: None - None - None - None - None - None - None - None
3724 (4094581 Gflops/s) - 3699 (4067093 Gflops/s) - 3644 (4006620 Gflops/s) - 3598 (3956042 Gflops/s) - 3687 (4053899 Gflops/s) - 3706 (4074790 Gflops/s) - 3637 (3998923 Gflops/s) - 3598 (3956042 Gflops/s) | Temperatures: 61°C - 62°C - 72°C - 72°C - 63°C - 61°C - 73°C - 73°C | Throttling: None - None - None - None - None - None - None - None
3722 (4092382 Gflops/s) - 3676 (4041804 Gflops/s) - 3646 (4008819 Gflops/s) - 3599 (3957142 Gflops/s) - 3686 (4052799 Gflops/s) - 3708 (4076989 Gflops/s) - 3639 (4001122 Gflops/s) - 3595 (3952744 Gflops/s) | Temperatures: 61°C - 62°C - 72°C - 72°C - 63°C - 61°C - 73°C - 74°C | Throttling: None - None - None - None - None - None - None - None
3723 (4093481 Gflops/s) - 3684 (4050600 Gflops/s) - 3644 (4006620 Gflops/s) - 3602 (3960440 Gflops/s) - 3691 (4058297 Gflops/s) - 3707 (4075889 Gflops/s) - 3639 (4001122 Gflops/s) - 3596 (3953843 Gflops/s) | Temperatures: 61°C - 62°C - 72°C - 72°C - 63°C - 61°C - 73°C - 74°C | Throttling: None - None - None - None - None - None - None - None
3724 (4094581 Gflops/s) - 3680 (4046202 Gflops/s) - 3646 (4008819 Gflops/s) - 3601 (3959341 Gflops/s) - 3690 (4057197 Gflops/s) - 3708 (4076989 Gflops/s) - 3639 (4001122 Gflops/s) - 3595 (3952744 Gflops/s) | Temperatures: 61°C - 61°C - 72°C - 72°C - 63°C - 61°C - 73°C - 74°C | Throttling: None - None - None - None - None - None - None - None
3721 (4091282 Gflops/s) - 3685 (4051700 Gflops/s) - 3645 (4007719 Gflops/s) - 3604 (3962639 Gflops/s) - 3686 (4052799 Gflops/s) - 3707 (4075889 Gflops/s) - 3635 (3996724 Gflops/s) - 3563 (3917559 Gflops/s) | Temperatures: 61°C - 62°C - 72°C - 72°C - 63°C - 61°C - 73°C - 74°C | Throttling: None - None - None - None - None - None - None - None
3724 (4094581 Gflops/s) - 3688 (4054998 Gflops/s) - 3644 (4006620 Gflops/s) - 3601 (3959341 Gflops/s) - 3689 (4056098 Gflops/s) - 3708 (4076989 Gflops/s) - 3637 (3998923 Gflops/s) - 3560 (3914261 Gflops/s) | Temperatures: 61°C - 61°C - 72°C - 72°C - 63°C - 61°C - 73°C - 74°C | Throttling: None - None - None - None - None - None - None - None
3723 (4093481 Gflops/s) - 3688 (4054998 Gflops/s) - 3645 (4007719 Gflops/s) - 3598 (3956042 Gflops/s) - 3691 (4058297 Gflops/s) - 3707 (4075889 Gflops/s) - 3635 (3996724 Gflops/s) - 3560 (3914261 Gflops/s) | Temperatures: 61°C - 62°C - 72°C - 72°C - 63°C - 61°C - 73°C - 74°C | Throttling: None - None - None - None - None - None - None - None
3719 (4089083 Gflops/s) - 3672 (4037406 Gflops/s) - 3641 (4003321 Gflops/s) - 3596 (3953843 Gflops/s) - 3684 (4050600 Gflops/s) - 3706 (4074790 Gflops/s) - 3634 (3995625 Gflops/s) - 3556 (3909863 Gflops/s) | Temperatures: 61°C - 62°C - 72°C - 72°C - 63°C - 61°C - 73°C - 74°C | Throttling: None - None - None - None - None - None - None - None
3723 (4093481 Gflops/s) - 3697 (4064894 Gflops/s) - 3646 (4008819 Gflops/s) - 3602 (3960440 Gflops/s) - 3688 (4054998 Gflops/s) - 3705 (4073690 Gflops/s) - 3634 (3995625 Gflops/s) - 3560 (3914261 Gflops/s) | Temperatures: 61°C - 62°C - 72°C - 72°C - 63°C - 61°C - 73°C - 74°C | Throttling: None - None - None - None - None - None - None - None
3723 (4093481 Gflops/s) - 3669 (4034108 Gflops/s) - 3644 (4006620 Gflops/s) - 3602 (3960440 Gflops/s) - 3690 (4057197 Gflops/s) - 3705 (4073690 Gflops/s) - 3635 (3996724 Gflops/s) - 3560 (3914261 Gflops/s) | Temperatures: 61°C - 61°C - 72°C - 72°C - 63°C - 61°C - 73°C - 74°C | Throttling: None - None - None - None - None - None - None - None
3725 (4095680 Gflops/s) - 3692 (4059396 Gflops/s) - 3644 (4006620 Gflops/s) - 3601 (3959341 Gflops/s) - 3694 (4061595 Gflops/s) - 3707 (4075889 Gflops/s) - 3636 (3997824 Gflops/s) - 3560 (3914261 Gflops/s) | Temperatures: 61°C - 61°C - 72°C - 72°C - 63°C - 61°C - 73°C - 74°C | Throttling: None - None - None - None - None - None - None - None
3723 (4093481 Gflops/s) - 3677 (4042904 Gflops/s) - 3644 (4006620 Gflops/s) - 3601 (3959341 Gflops/s) - 3687 (4053899 Gflops/s) - 3708 (4076989 Gflops/s) - 3638 (4000023 Gflops/s) - 3560 (3914261 Gflops/s) | Temperatures: 61°C - 62°C - 72°C - 72°C - 63°C - 61°C - 73°C - 74°C | Throttling: None - None - None - None - None - None - None - None
3724 (4094581 Gflops/s) - 3689 (4056098 Gflops/s) - 3643 (4005520 Gflops/s) - 3599 (3957142 Gflops/s) - 3686 (4052799 Gflops/s) - 3706 (4074790 Gflops/s) - 3634 (3995625 Gflops/s) - 3560 (3914261 Gflops/s) | Temperatures: 61°C - 61°C - 72°C - 72°C - 63°C - 61°C - 73°C - 74°C | Throttling: None - None - None - None - None - None - None - None
3723 (4093481 Gflops/s) - 3687 (4053899 Gflops/s) - 3643 (4005520 Gflops/s) - 3601 (3959341 Gflops/s) - 3690 (4057197 Gflops/s) - 3706 (4074790 Gflops/s) - 3633 (3994525 Gflops/s) - 3559 (3913161 Gflops/s) | Temperatures: 61°C - 61°C - 72°C - 72°C - 63°C - 61°C - 73°C - 74°C | Throttling: None - None - None - None - None - None - None - None
3723 (4093481 Gflops/s) - 3676 (4041804 Gflops/s) - 3645 (4007719 Gflops/s) - 3600 (3958241 Gflops/s) - 3689 (4056098 Gflops/s) - 3706 (4074790 Gflops/s) - 3635 (3996724 Gflops/s) - 3560 (3914261 Gflops/s) | Temperatures: 61°C - 62°C - 72°C - 72°C - 63°C - 61°C - 73°C - 74°C | Throttling: None - None - None - None - None - None - None - None
3724 (4094581 Gflops/s) - 3687 (4053899 Gflops/s) - 3642 (4004421 Gflops/s) - 3600 (3958241 Gflops/s) - 3683 (4049501 Gflops/s) - 3709 (4078088 Gflops/s) - 3635 (3996724 Gflops/s) - 3559 (3913161 Gflops/s) | Temperatures: 61°C - 62°C - 72°C - 72°C - 63°C - 61°C - 73°C - 74°C | Throttling: None - None - None - None - None - None - None - None
3723 (4093481 Gflops/s) - 3677 (4042904 Gflops/s) - 3643 (4005520 Gflops/s) - 3600 (3958241 Gflops/s) - 3687 (4053899 Gflops/s) - 3709 (4078088 Gflops/s) - 3633 (3994525 Gflops/s) - 3559 (3913161 Gflops/s) | Temperatures: 61°C - 62°C - 72°C - 72°C - 63°C - 61°C - 73°C - 74°C | Throttling: None - None - None - None - None - None - None - None
3724 (4094581 Gflops/s) - 3678 (4044003 Gflops/s) - 3642 (4004421 Gflops/s) - 3599 (3957142 Gflops/s) - 3686 (4052799 Gflops/s) - 3708 (4076989 Gflops/s) - 3634 (3995625 Gflops/s) - 3559 (3913161 Gflops/s) | Temperatures: 61°C - 61°C - 72°C - 72°C - 63°C - 61°C - 73°C - 74°C | Throttling: None - None - None - None - None - None - None - None
3722 (4092382 Gflops/s) - 3687 (4053899 Gflops/s) - 3647 (4009918 Gflops/s) - 3601 (3959341 Gflops/s) - 3688 (4054998 Gflops/s) - 3707 (4075889 Gflops/s) - 3633 (3994525 Gflops/s) - 3560 (3914261 Gflops/s) | Temperatures: 61°C - 61°C - 72°C - 72°C - 63°C - 61°C - 73°C - 74°C | Throttling: None - None - None - None - None - None - None - None
3719 (4089083 Gflops/s) - 3700 (4068193 Gflops/s) - 3642 (4004421 Gflops/s) - 3598 (3956042 Gflops/s) - 3684 (4050600 Gflops/s) - 3702 (4070392 Gflops/s) - 3628 (3989028 Gflops/s) - 3555 (3908763 Gflops/s) | Temperatures: 61°C - 62°C - 72°C - 72°C - 63°C - 61°C - 73°C - 74°C | Throttling: None - None - None - None - None - None - None - None
3722 (4092382 Gflops/s) - 3681 (4047302 Gflops/s) - 3640 (4002222 Gflops/s) - 3604 (3962639 Gflops/s) - 3685 (4051700 Gflops/s) - 3706 (4074790 Gflops/s) - 3632 (3993426 Gflops/s) - 3559 (3913161 Gflops/s) | Temperatures: 61°C - 61°C - 72°C - 72°C - 63°C - 61°C - 73°C - 74°C | Throttling: None - None - None - None - None - None - None - None
3724 (4094581 Gflops/s) - 3678 (4044003 Gflops/s) - 3644 (4006620 Gflops/s) - 3601 (3959341 Gflops/s) - 3687 (4053899 Gflops/s) - 3703 (4071491 Gflops/s) - 3633 (3994525 Gflops/s) - 3560 (3914261 Gflops/s) | Temperatures: 61°C - 61°C - 72°C - 72°C - 63°C - 61°C - 73°C - 74°C | Throttling: None - None - None - None - None - None - None - None
3723 (4093481 Gflops/s) - 3684 (4050600 Gflops/s) - 3642 (4004421 Gflops/s) - 3599 (3957142 Gflops/s) - 3689 (4056098 Gflops/s) - 3705 (4073690 Gflops/s) - 3633 (3994525 Gflops/s) - 3558 (3912062 Gflops/s) | Temperatures: 61°C - 62°C - 72°C - 72°C - 63°C - 61°C - 73°C - 74°C | Throttling: None - None - None - None - None - None - None - None
3726 (4096780 Gflops/s) - 3689 (4056098 Gflops/s) - 3649 (4012117 Gflops/s) - 3602 (3960440 Gflops/s) - 3693 (4060496 Gflops/s) - 3708 (4076989 Gflops/s) - 3638 (4000023 Gflops/s) - 3563 (3917559 Gflops/s) | Temperatures: 61°C - 62°C - 72°C - 72°C - 63°C - 61°C - 73°C - 74°C | Throttling: None - None - None - None - None - None - None - None
3720 (4090183 Gflops/s) - 3684 (4050600 Gflops/s) - 3639 (4001122 Gflops/s) - 3602 (3960440 Gflops/s) - 3687 (4053899 Gflops/s) - 3704 (4072591 Gflops/s) - 3630 (3991227 Gflops/s) - 3555 (3908763 Gflops/s) | Temperatures: 61°C - 62°C - 72°C - 72°C - 63°C - 61°C - 73°C - 74°C | Throttling: None - None - None - None - None - None - None - None
3720 (4090183 Gflops/s) - 3687 (4053899 Gflops/s) - 3642 (4004421 Gflops/s) - 3599 (3957142 Gflops/s) - 3685 (4051700 Gflops/s) - 3705 (4073690 Gflops/s) - 3632 (3993426 Gflops/s) - 3559 (3913161 Gflops/s) | Temperatures: 61°C - 62°C - 72°C - 72°C - 63°C - 61°C - 74°C - 74°C | Throttling: None - None - None - None - None - None - None - None
3724 (4094581 Gflops/s) - 3687 (4053899 Gflops/s) - 3644 (4006620 Gflops/s) - 3598 (3956042 Gflops/s) - 3689 (4056098 Gflops/s) - 3706 (4074790 Gflops/s) - 3632 (3993426 Gflops/s) - 3558 (3912062 Gflops/s) | Temperatures: 61°C - 62°C - 72°C - 72°C - 63°C - 61°C - 73°C - 74°C | Throttling: None - None - None - None - None - None - None - None
3599 (3957142 Gflops/s) - 3554 (3907664 Gflops/s) - 3522 (3872479 Gflops/s) - 3487 (3833997 Gflops/s) - 3565 (3919758 Gflops/s) - 3581 (3937351 Gflops/s) - 3511 (3860385 Gflops/s) - 3439 (3781220 Gflops/s) | Temperatures: 61°C - 62°C - 72°C - 72°C - 63°C - 61°C - 73°C - 74°C | Throttling: None - None - None - None - None - None - None - None
3465 (3809807 Gflops/s) - 3424 (3764727 Gflops/s) - 3390 (3727344 Gflops/s) - 3354 (3687761 Gflops/s) - 3435 (3776822 Gflops/s) - 3452 (3795514 Gflops/s) - 3381 (3717448 Gflops/s) - 3313 (3642682 Gflops/s) | Temperatures: 61°C - 62°C - 72°C - 72°C - 63°C - 61°C - 74°C - 74°C | Throttling: None - None - None - None - None - None - None - None
3542 (3894470 Gflops/s) - 3499 (3847191 Gflops/s) - 3467 (3812006 Gflops/s) - 3430 (3771324 Gflops/s) - 3514 (3863683 Gflops/s) - 3526 (3876877 Gflops/s) - 3458 (3802111 Gflops/s) - 3387 (3724045 Gflops/s) | Temperatures: 61°C - 62°C - 72°C - 72°C - 63°C - 61°C - 74°C - 74°C | Throttling: None - None - None - None - None - None - None - None
3369 (3704254 Gflops/s) - 3329 (3660274 Gflops/s) - 3297 (3625089 Gflops/s) - 3258 (3582208 Gflops/s) - 3338 (3670169 Gflops/s) - 3355 (3688861 Gflops/s) - 3286 (3612995 Gflops/s) - 3219 (3539327 Gflops/s) | Temperatures: 61°C - 62°C - 72°C - 72°C - 63°C - 61°C - 74°C - 74°C | Throttling: None - None - None - None - None - None - None - None
3486 (3832897 Gflops/s) - 3450 (3793315 Gflops/s) - 3413 (3752633 Gflops/s) - 3374 (3709752 Gflops/s) - 3451 (3794414 Gflops/s) - 3472 (3817504 Gflops/s) - 3406 (3744936 Gflops/s) - 3335 (3666871 Gflops/s) | Temperatures: 61°C - 61°C - 72°C - 72°C - 63°C - 61°C - 74°C - 74°C | Throttling: None - None - None - None - None - None - None - None
3423 (3763628 Gflops/s) - 3393 (3730642 Gflops/s) - 3348 (3681164 Gflops/s) - 3312 (3641582 Gflops/s) - 3389 (3726244 Gflops/s) - 3406 (3744936 Gflops/s) - 3340 (3672368 Gflops/s) - 3271 (3596502 Gflops/s) | Temperatures: 61°C - 62°C - 72°C - 72°C - 63°C - 61°C - 74°C - 74°C | Throttling: None - None - None - None - None - None - None - None
3452 (3795514 Gflops/s) - 3423 (3763628 Gflops/s) - 3378 (3714150 Gflops/s) - 3343 (3675667 Gflops/s) - 3417 (3757031 Gflops/s) - 3436 (3777921 Gflops/s) - 3368 (3703155 Gflops/s) - 3299 (3627288 Gflops/s) | Temperatures: 61°C - 62°C - 72°C - 72°C - 63°C - 61°C - 74°C - 74°C | Throttling: None - None - None - None - None - None - None - None
3525 (3875778 Gflops/s) - 3485 (3831798 Gflops/s) - 3451 (3794414 Gflops/s) - 3410 (3749334 Gflops/s) - 3492 (3839494 Gflops/s) - 3508 (3857086 Gflops/s) - 3438 (3780120 Gflops/s) - 3370 (3705354 Gflops/s) | Temperatures: 61°C - 61°C - 72°C - 72°C - 63°C - 61°C - 74°C - 74°C | Throttling: None - None - None - None - None - None - None - None
3392 (3729543 Gflops/s) - 3358 (3692160 Gflops/s) - 3319 (3649279 Gflops/s) - 3277 (3603099 Gflops/s) - 3361 (3695458 Gflops/s) - 3375 (3710851 Gflops/s) - 3309 (3638283 Gflops/s) - 3241 (3563517 Gflops/s) | Temperatures: 61°C - 61°C - 72°C - 72°C - 63°C - 61°C - 74°C - 74°C | Throttling: None - None - None - None - None - None - None - None
3467 (3812006 Gflops/s) - 3422 (3762528 Gflops/s) - 3393 (3730642 Gflops/s) - 3351 (3684463 Gflops/s) - 3433 (3774623 Gflops/s) - 3451 (3794414 Gflops/s) - 3382 (3718548 Gflops/s) - 3314 (3643781 Gflops/s) | Temperatures: 61°C - 61°C - 73°C - 72°C - 63°C - 61°C - 74°C - 74°C | Throttling: None - None - None - None - None - None - None - None
3536 (3887873 Gflops/s) - 3485 (3831798 Gflops/s) - 3459 (3803210 Gflops/s) - 3418 (3758130 Gflops/s) - 3503 (3851589 Gflops/s) - 3520 (3870280 Gflops/s) - 3449 (3792215 Gflops/s) - 3378 (3714150 Gflops/s) | Temperatures: 61°C - 62°C - 72°C - 72°C - 63°C - 61°C - 74°C - 74°C | Throttling: None - None - None - None - None - None - None - None
3368 (3703155 Gflops/s) - 3339 (3671269 Gflops/s) - 3294 (3621791 Gflops/s) - 3259 (3583308 Gflops/s) - 3335 (3666871 Gflops/s) - 3352 (3685562 Gflops/s) - 3285 (3611895 Gflops/s) - 3219 (3539327 Gflops/s) | Temperatures: 61°C - 62°C - 72°C - 72°C - 63°C - 61°C - 74°C - 74°C | Throttling: None - None - None - None - None - None - None - None
3493 (3840594 Gflops/s) - 3453 (3796613 Gflops/s) - 3417 (3757031 Gflops/s) - 3376 (3711951 Gflops/s) - 3462 (3806509 Gflops/s) - 3477 (3823001 Gflops/s) - 3408 (3747135 Gflops/s) - 3341 (3673468 Gflops/s) | Temperatures: 61°C - 62°C - 72°C - 72°C - 63°C - 61°C - 74°C - 74°C | Throttling: None - None - None - None - None - None - None - None
3425 (3765827 Gflops/s) - 3386 (3722946 Gflops/s) - 3351 (3684463 Gflops/s) - 3307 (3636084 Gflops/s) - 3396 (3733941 Gflops/s) - 3406 (3744936 Gflops/s) - 3339 (3671269 Gflops/s) - 3271 (3596502 Gflops/s) | Temperatures: 61°C - 62°C - 72°C - 72°C - 63°C - 61°C - 74°C - 74°C | Throttling: None - None - None - None - None - None - None - None
3450 (3793315 Gflops/s) - 3415 (3754832 Gflops/s) - 3377 (3713050 Gflops/s) - 3335 (3666871 Gflops/s) - 3419 (3759230 Gflops/s) - 3436 (3777921 Gflops/s) - 3366 (3700956 Gflops/s) - 3297 (3625089 Gflops/s) | Temperatures: 61°C - 62°C - 72°C - 72°C - 63°C - 61°C - 74°C - 74°C | Throttling: None - None - None - None - None - None - None - None
3528 (3879077 Gflops/s) - 3490 (3837295 Gflops/s) - 3451 (3794414 Gflops/s) - 3409 (3748235 Gflops/s) - 3488 (3835096 Gflops/s) - 3511 (3860385 Gflops/s) - 3440 (3782319 Gflops/s) - 3372 (3707553 Gflops/s) | Temperatures: 61°C - 62°C - 73°C - 72°C - 63°C - 61°C - 74°C - 74°C | Throttling: None - None - None - None - None - None - None - None
3391 (3728443 Gflops/s) - 3356 (3689961 Gflops/s) - 3316 (3645980 Gflops/s) - 3276 (3602000 Gflops/s) - 3359 (3693259 Gflops/s) - 3375 (3710851 Gflops/s) - 3308 (3637184 Gflops/s) - 3241 (3563517 Gflops/s) | Temperatures: 61°C - 62°C - 73°C - 72°C - 63°C - 61°C - 74°C - 74°C | Throttling: None - None - None - None - None - None - None - None
3463 (3807608 Gflops/s) - 3416 (3755931 Gflops/s) - 3390 (3727344 Gflops/s) - 3347 (3680065 Gflops/s) - 3430 (3771324 Gflops/s) - 3447 (3790016 Gflops/s) - 3379 (3715249 Gflops/s) - 3310 (3639383 Gflops/s) | Temperatures: 61°C - 61°C - 73°C - 72°C - 63°C - 61°C - 74°C - 74°C | Throttling: None - None - None - None - None - None - None - None
3540 (3892271 Gflops/s) - 3482 (3828499 Gflops/s) - 3463 (3807608 Gflops/s) - 3420 (3760329 Gflops/s) - 3505 (3853788 Gflops/s) - 3522 (3872479 Gflops/s) - 3453 (3796613 Gflops/s) - 3383 (3719647 Gflops/s) | Temperatures: 61°C - 61°C - 73°C - 72°C - 63°C - 61°C - 74°C - 74°C | Throttling: None - None - None - None - None - None - None - None
3368 (3703155 Gflops/s) - 3335 (3666871 Gflops/s) - 3296 (3623990 Gflops/s) - 3253 (3576711 Gflops/s) - 3337 (3669070 Gflops/s) - 3354 (3687761 Gflops/s) - 3283 (3609696 Gflops/s) - 3220 (3540427 Gflops/s) | Temperatures: 61°C - 62°C - 73°C - 72°C - 63°C - 61°C - 74°C - 74°C | Throttling: None - None - None - None - None - None - None - None
3495 (3842793 Gflops/s) - 3461 (3805409 Gflops/s) - 3419 (3759230 Gflops/s) - 3380 (3716349 Gflops/s) - 3459 (3803210 Gflops/s) - 3480 (3826300 Gflops/s) - 3407 (3746036 Gflops/s) - 3338 (3670169 Gflops/s) | Temperatures: 61°C - 62°C - 73°C - 72°C - 63°C - 61°C - 74°C - 74°C | Throttling: None - None - None - None - None - None - None - None
3419 (3759230 Gflops/s) - 3381 (3717448 Gflops/s) - 3344 (3676766 Gflops/s) - 3303 (3631686 Gflops/s) - 3393 (3730642 Gflops/s) - 3403 (3741638 Gflops/s) - 3335 (3666871 Gflops/s) - 3268 (3593203 Gflops/s) | Temperatures: 61°C - 62°C - 73°C - 72°C - 63°C - 61°C - 74°C - 74°C | Throttling: None - None - None - None - None - None - None - None
3451 (3794414 Gflops/s) - 3405 (3743837 Gflops/s) - 3375 (3710851 Gflops/s) - 3331 (3662473 Gflops/s) - 3413 (3752633 Gflops/s) - 3435 (3776822 Gflops/s) - 3366 (3700956 Gflops/s) - 3297 (3625089 Gflops/s) | Temperatures: 61°C - 62°C - 73°C - 72°C - 63°C - 61°C - 74°C - 74°C | Throttling: None - None - None - None - None - None - None - None
3529 (3880176 Gflops/s) - 3499 (3847191 Gflops/s) - 3452 (3795514 Gflops/s) - 3411 (3750434 Gflops/s) - 3496 (3843892 Gflops/s) - 3511 (3860385 Gflops/s) - 3441 (3783419 Gflops/s) - 3371 (3706453 Gflops/s) | Temperatures: 61°C - 62°C - 73°C - 72°C - 63°C - 61°C - 74°C - 74°C | Throttling: None - None - None - None - None - None - None - None
3389 (3726244 Gflops/s) - 3344 (3676766 Gflops/s) - 3317 (3647080 Gflops/s) - 3272 (3597602 Gflops/s) - 3359 (3693259 Gflops/s) - 3374 (3709752 Gflops/s) - 3307 (3636084 Gflops/s) - 3242 (3564616 Gflops/s) | Temperatures: 61°C - 62°C - 73°C - 72°C - 63°C - 61°C - 74°C - 74°C | Throttling: None - None - None - None - None - None - None - None
3463 (3807608 Gflops/s) - 3427 (3768026 Gflops/s) - 3387 (3724045 Gflops/s) - 3343 (3675667 Gflops/s) - 3428 (3769125 Gflops/s) - 3447 (3790016 Gflops/s) - 3377 (3713050 Gflops/s) - 3308 (3637184 Gflops/s) | Temperatures: 61°C - 62°C - 73°C - 72°C - 63°C - 61°C - 74°C - 74°C | Throttling: None - None - None - None - None - None - None - None
3548 (3901067 Gflops/s) - 3511 (3860385 Gflops/s) - 3471 (3816404 Gflops/s) - 3428 (3769125 Gflops/s) - 3513 (3862584 Gflops/s) - 3532 (3883475 Gflops/s) - 3460 (3804310 Gflops/s) - 3390 (3727344 Gflops/s) | Temperatures: 61°C - 62°C - 73°C - 72°C - 63°C - 61°C - 74°C - 74°C | Throttling: None - None - None - None - None - None - None - None
3358 (3692160 Gflops/s) - 3326 (3656975 Gflops/s) - 3284 (3610796 Gflops/s) - 3244 (3566815 Gflops/s) - 3326 (3656975 Gflops/s) - 3340 (3672368 Gflops/s) - 3275 (3600900 Gflops/s) - 3210 (3529432 Gflops/s) | Temperatures: 61°C - 62°C - 73°C - 72°C - 63°C - 61°C - 74°C - 74°C | Throttling: None - None - None - None - None - None - None - None
3495 (3842793 Gflops/s) - 3458 (3802111 Gflops/s) - 3419 (3759230 Gflops/s) - 3380 (3716349 Gflops/s) - 3463 (3807608 Gflops/s) - 3478 (3824101 Gflops/s) - 3409 (3748235 Gflops/s) - 3339 (3671269 Gflops/s) | Temperatures: 61°C - 62°C - 73°C - 73°C - 63°C - 61°C - 74°C - 74°C | Throttling: None - None - None - None - None - None - None - None
3422 (3762528 Gflops/s) - 3381 (3717448 Gflops/s) - 3350 (3683363 Gflops/s) - 3307 (3636084 Gflops/s) - 3389 (3726244 Gflops/s) - 3408 (3747135 Gflops/s) - 3337 (3669070 Gflops/s) - 3269 (3594303 Gflops/s) | Temperatures: 61°C - 62°C - 73°C - 73°C - 63°C - 61°C - 74°C - 74°C | Throttling: None - None - None - None - None - None - None - None
3449 (3792215 Gflops/s) - 3413 (3752633 Gflops/s) - 3373 (3708652 Gflops/s) - 3335 (3666871 Gflops/s) - 3421 (3761429 Gflops/s) - 3437 (3779021 Gflops/s) - 3364 (3698757 Gflops/s) - 3296 (3623990 Gflops/s) | Temperatures: 61°C - 62°C - 73°C - 72°C - 63°C - 61°C - 74°C - 74°C | Throttling: None - None - None - None - None - None - None - None
3529 (3880176 Gflops/s) - 3497 (3844992 Gflops/s) - 3453 (3796613 Gflops/s) - 3412 (3751533 Gflops/s) - 3496 (3843892 Gflops/s) - 3512 (3861484 Gflops/s) - 3441 (3783419 Gflops/s) - 3371 (3706453 Gflops/s) | Temperatures: 61°C - 62°C - 73°C - 72°C - 63°C - 61°C - 74°C - 74°C | Throttling: None - None - None - None - None - None - None - None
3390 (3727344 Gflops/s) - 3367 (3702055 Gflops/s) - 3319 (3649279 Gflops/s) - 3271 (3596502 Gflops/s) - 3356 (3689961 Gflops/s) - 3374 (3709752 Gflops/s) - 3305 (3633885 Gflops/s) - 3241 (3563517 Gflops/s) | Temperatures: 61°C - 62°C - 73°C - 73°C - 63°C - 61°C - 74°C - 74°C | Throttling: None - None - None - None - None - None - None - None
3461 (3805409 Gflops/s) - 3424 (3764727 Gflops/s) - 3386 (3722946 Gflops/s) - 3346 (3678965 Gflops/s) - 3431 (3772424 Gflops/s) - 3442 (3784519 Gflops/s) - 3375 (3710851 Gflops/s) - 3307 (3636084 Gflops/s) | Temperatures: 61°C - 62°C - 73°C - 73°C - 63°C - 61°C - 74°C - 74°C | Throttling: None - None - None - None - None - None - None - None
3544 (3896669 Gflops/s) - 3504 (3852688 Gflops/s) - 3467 (3812006 Gflops/s) - 3417 (3757031 Gflops/s) - 3506 (3854887 Gflops/s) - 3527 (3877977 Gflops/s) - 3454 (3797713 Gflops/s) - 3385 (3721846 Gflops/s) | Temperatures: 61°C - 62°C - 73°C - 72°C - 63°C - 61°C - 74°C - 74°C | Throttling: None - None - None - None - None - None - None - None
3365 (3699856 Gflops/s) - 3325 (3655876 Gflops/s) - 3292 (3619592 Gflops/s) - 3251 (3574512 Gflops/s) - 3332 (3663572 Gflops/s) - 3346 (3678965 Gflops/s) - 3281 (3607497 Gflops/s) - 3214 (3533830 Gflops/s) | Temperatures: 61°C - 62°C - 73°C - 73°C - 63°C - 61°C - 74°C - 74°C | Throttling: None - None - None - None - None - None - None - None
3504 (3852688 Gflops/s) - 3474 (3819703 Gflops/s) - 3428 (3769125 Gflops/s) - 3383 (3719647 Gflops/s) - 3471 (3816404 Gflops/s) - 3489 (3836196 Gflops/s) - 3417 (3757031 Gflops/s) - 3348 (3681164 Gflops/s) | Temperatures: 61°C - 62°C - 73°C - 72°C - 63°C - 61°C - 74°C - 74°C | Throttling: None - None - None - None - None - None - None - None
3695 (4062695 Gflops/s) - 3666 (4030809 Gflops/s) - 3617 (3976933 Gflops/s) - 3571 (3926356 Gflops/s) - 3656 (4019814 Gflops/s) - 3680 (4046202 Gflops/s) - 3603 (3961540 Gflops/s) - 3531 (3882375 Gflops/s) | Temperatures: 61°C - 62°C - 73°C - 72°C - 63°C - 61°C - 74°C - 74°C | Throttling: None - None - None - None - None - None - None - None
3696 (4063794 Gflops/s) - 3653 (4016515 Gflops/s) - 3616 (3975834 Gflops/s) - 3566 (3920858 Gflops/s) - 3664 (4028610 Gflops/s) - 3681 (4047302 Gflops/s) - 3603 (3961540 Gflops/s) - 3533 (3884574 Gflops/s) | Temperatures: 61°C - 62°C - 73°C - 72°C - 63°C - 61°C - 74°C - 74°C | Throttling: None - None - None - None - None - None - None - None
3697 (4064894 Gflops/s) - 3662 (4026411 Gflops/s) - 3614 (3973635 Gflops/s) - 3571 (3926356 Gflops/s) - 3664 (4028610 Gflops/s) - 3678 (4044003 Gflops/s) - 3605 (3963739 Gflops/s) - 3533 (3884574 Gflops/s) | Temperatures: 61°C - 62°C - 73°C - 73°C - 63°C - 61°C - 74°C - 74°C | Throttling: None - None - None - None - None - None - None - None
3694 (4061595 Gflops/s) - 3663 (4027511 Gflops/s) - 3616 (3975834 Gflops/s) - 3571 (3926356 Gflops/s) - 3658 (4022013 Gflops/s) - 3681 (4047302 Gflops/s) - 3602 (3960440 Gflops/s) - 3532 (3883475 Gflops/s) | Temperatures: 61°C - 62°C - 73°C - 73°C - 63°C - 61°C - 74°C - 74°C | Throttling: None - None - None - None - None - None - None - None
3696 (4063794 Gflops/s) - 3652 (4015416 Gflops/s) - 3616 (3975834 Gflops/s) - 3567 (3921957 Gflops/s) - 3661 (4025312 Gflops/s) - 3677 (4042904 Gflops/s) - 3603 (3961540 Gflops/s) - 3532 (3883475 Gflops/s) | Temperatures: 61°C - 62°C - 73°C - 72°C - 63°C - 61°C - 74°C - 74°C | Throttling: None - None - None - None - None - None - None - None
3696 (4063794 Gflops/s) - 3659 (4023113 Gflops/s) - 3618 (3978033 Gflops/s) - 3570 (3925256 Gflops/s) - 3660 (4024212 Gflops/s) - 3678 (4044003 Gflops/s) - 3604 (3962639 Gflops/s) - 3532 (3883475 Gflops/s) | Temperatures: 61°C - 62°C - 73°C - 72°C - 63°C - 61°C - 74°C - 74°C | Throttling: None - None - None - None - None - None - None - None
3697 (4064894 Gflops/s) - 3660 (4024212 Gflops/s) - 3616 (3975834 Gflops/s) - 3572 (3927455 Gflops/s) - 3663 (4027511 Gflops/s) - 3677 (4042904 Gflops/s) - 3604 (3962639 Gflops/s) - 3531 (3882375 Gflops/s) | Temperatures: 61°C - 62°C - 73°C - 73°C - 63°C - 61°C - 74°C - 74°C | Throttling: None - None - None - None - None - None - None - None
3697 (4064894 Gflops/s) - 3650 (4013217 Gflops/s) - 3616 (3975834 Gflops/s) - 3566 (3920858 Gflops/s) - 3662 (4026411 Gflops/s) - 3680 (4046202 Gflops/s) - 3605 (3963739 Gflops/s) - 3531 (3882375 Gflops/s) | Temperatures: 61°C - 62°C - 73°C - 73°C - 63°C - 61°C - 74°C - 74°C | Throttling: None - None - None - None - None - None - None - None
3697 (4064894 Gflops/s) - 3655 (4018714 Gflops/s) - 3615 (3974734 Gflops/s) - 3565 (3919758 Gflops/s) - 3665 (4029710 Gflops/s) - 3677 (4042904 Gflops/s) - 3604 (3962639 Gflops/s) - 3532 (3883475 Gflops/s) | Temperatures: 61°C - 62°C - 73°C - 72°C - 63°C - 61°C - 74°C - 74°C | Throttling: None - None - None - None - None - None - None - None
3696 (4063794 Gflops/s) - 3665 (4029710 Gflops/s) - 3615 (3974734 Gflops/s) - 3568 (3923057 Gflops/s) - 3662 (4026411 Gflops/s) - 3679 (4045103 Gflops/s) - 3602 (3960440 Gflops/s) - 3530 (3881276 Gflops/s) | Temperatures: 61°C - 62°C - 73°C - 73°C - 63°C - 61°C - 74°C - 74°C | Throttling: None - None - None - None - None - None - None - None
3696 (4063794 Gflops/s) - 3669 (4034108 Gflops/s) - 3617 (3976933 Gflops/s) - 3568 (3923057 Gflops/s) - 3656 (4019814 Gflops/s) - 3679 (4045103 Gflops/s) - 3603 (3961540 Gflops/s) - 3531 (3882375 Gflops/s) | Temperatures: 61°C - 62°C - 73°C - 73°C - 63°C - 61°C - 74°C - 74°C | Throttling: None - None - None - None - None - None - None - None
3699 (4067093 Gflops/s) - 3666 (4030809 Gflops/s) - 3622 (3982431 Gflops/s) - 3576 (3931853 Gflops/s) - 3665 (4029710 Gflops/s) - 3680 (4046202 Gflops/s) - 3607 (3965938 Gflops/s) - 3532 (3883475 Gflops/s) | Temperatures: 61°C - 62°C - 73°C - 73°C - 63°C - 61°C - 74°C - 74°C | Throttling: None - None - None - None - None - None - None - None
3693 (4060496 Gflops/s) - 3652 (4015416 Gflops/s) - 3614 (3973635 Gflops/s) - 3563 (3917559 Gflops/s) - 3659 (4023113 Gflops/s) - 3678 (4044003 Gflops/s) - 3600 (3958241 Gflops/s) - 3530 (3881276 Gflops/s) | Temperatures: 61°C - 61°C - 73°C - 73°C - 63°C - 61°C - 74°C - 74°C | Throttling: None - None - None - None - None - None - None - None
3697 (4064894 Gflops/s) - 3670 (4035207 Gflops/s) - 3616 (3975834 Gflops/s) - 3568 (3923057 Gflops/s) - 3660 (4024212 Gflops/s) - 3678 (4044003 Gflops/s) - 3602 (3960440 Gflops/s) - 3529 (3880176 Gflops/s) | Temperatures: 61°C - 62°C - 73°C - 73°C - 63°C - 61°C - 74°C - 74°C | Throttling: None - None - None - None - None - None - None - None
3701 (4069292 Gflops/s) - 3666 (4030809 Gflops/s) - 3618 (3978033 Gflops/s) - 3574 (3929654 Gflops/s) - 3666 (4030809 Gflops/s) - 3680 (4046202 Gflops/s) - 3609 (3968137 Gflops/s) - 3534 (3885674 Gflops/s) | Temperatures: 61°C - 62°C - 73°C - 73°C - 63°C - 61°C - 74°C - 74°C | Throttling: None - None - None - None - None - None - None - None
3692 (4059396 Gflops/s) - 3649 (4012117 Gflops/s) - 3611 (3970336 Gflops/s) - 3563 (3917559 Gflops/s) - 3658 (4022013 Gflops/s) - 3675 (4040705 Gflops/s) - 3601 (3959341 Gflops/s) - 3528 (3879077 Gflops/s) | Temperatures: 61°C - 62°C - 73°C - 73°C - 63°C - 61°C - 74°C - 74°C | Throttling: None - None - None - None - None - None - None - None
3696 (4063794 Gflops/s) - 3647 (4009918 Gflops/s) - 3616 (3975834 Gflops/s) - 3571 (3926356 Gflops/s) - 3661 (4025312 Gflops/s) - 3679 (4045103 Gflops/s) - 3606 (3964838 Gflops/s) - 3530 (3881276 Gflops/s) | Temperatures: 61°C - 62°C - 73°C - 73°C - 63°C - 61°C - 74°C - 74°C | Throttling: None - None - None - None - None - None - None - None
3696 (4063794 Gflops/s) - 3655 (4018714 Gflops/s) - 3617 (3976933 Gflops/s) - 3563 (3917559 Gflops/s) - 3658 (4022013 Gflops/s) - 3680 (4046202 Gflops/s) - 3603 (3961540 Gflops/s) - 3530 (3881276 Gflops/s) | Temperatures: 61°C - 62°C - 73°C - 73°C - 63°C - 61°C - 74°C - 74°C | Throttling: None - None - None - None - None - None - None - None
3696 (4063794 Gflops/s) - 3660 (4024212 Gflops/s) - 3617 (3976933 Gflops/s) - 3566 (3920858 Gflops/s) - 3660 (4024212 Gflops/s) - 3680 (4046202 Gflops/s) - 3605 (3963739 Gflops/s) - 3533 (3884574 Gflops/s) | Temperatures: 61°C - 62°C - 73°C - 73°C - 63°C - 61°C - 74°C - 74°C | Throttling: None - None - None - None - None - None - None - None
3699 (4067093 Gflops/s) - 3662 (4026411 Gflops/s) - 3619 (3979132 Gflops/s) - 3563 (3917559 Gflops/s) - 3665 (4029710 Gflops/s) - 3683 (4049501 Gflops/s) - 3607 (3965938 Gflops/s) - 3535 (3886773 Gflops/s) | Temperatures: 61°C - 62°C - 73°C - 73°C - 63°C - 61°C - 74°C - 75°C | Throttling: None - None - None - None - None - None - None - None
3691 (4058297 Gflops/s) - 3651 (4014316 Gflops/s) - 3613 (3972535 Gflops/s) - 3564 (3918659 Gflops/s) - 3651 (4014316 Gflops/s) - 3676 (4041804 Gflops/s) - 3600 (3958241 Gflops/s) - 3529 (3880176 Gflops/s) | Temperatures: 61°C - 62°C - 73°C - 73°C - 63°C - 61°C - 74°C - 74°C | Throttling: None - None - None - None - None - None - None - None
3697 (4064894 Gflops/s) - 3658 (4022013 Gflops/s) - 3614 (3973635 Gflops/s) - 3565 (3919758 Gflops/s) - 3663 (4027511 Gflops/s) - 3679 (4045103 Gflops/s) - 3604 (3962639 Gflops/s) - 3532 (3883475 Gflops/s) | Temperatures: 61°C - 62°C - 73°C - 73°C - 63°C - 61°C - 74°C - 75°C | Throttling: None - None - None - None - None - None - None - None
3699 (4067093 Gflops/s) - 3667 (4031909 Gflops/s) - 3622 (3982431 Gflops/s) - 3575 (3930754 Gflops/s) - 3661 (4025312 Gflops/s) - 3680 (4046202 Gflops/s) - 3606 (3964838 Gflops/s) - 3535 (3886773 Gflops/s) | Temperatures: 61°C - 62°C - 73°C - 73°C - 63°C - 61°C - 74°C - 74°C | Throttling: None - None - None - None - None - None - None - None
3692 (4059396 Gflops/s) - 3648 (4011018 Gflops/s) - 3610 (3969236 Gflops/s) - 3562 (3916460 Gflops/s) - 3656 (4019814 Gflops/s) - 3675 (4040705 Gflops/s) - 3600 (3958241 Gflops/s) - 3526 (3876877 Gflops/s) | Temperatures: 61°C - 62°C - 73°C - 73°C - 63°C - 61°C - 74°C - 74°C | Throttling: None - None - None - None - None - None - None - None
3701 (4069292 Gflops/s) - 3667 (4031909 Gflops/s) - 3620 (3980232 Gflops/s) - 3571 (3926356 Gflops/s) - 3664 (4028610 Gflops/s) - 3683 (4049501 Gflops/s) - 3608 (3967037 Gflops/s) - 3535 (3886773 Gflops/s) | Temperatures: 61°C - 62°C - 73°C - 73°C - 63°C - 61°C - 74°C - 75°C | Throttling: None - None - None - None - None - None - None - None
3693 (4060496 Gflops/s) - 3656 (4019814 Gflops/s) - 3612 (3971435 Gflops/s) - 3563 (3917559 Gflops/s) - 3660 (4024212 Gflops/s) - 3676 (4041804 Gflops/s) - 3600 (3958241 Gflops/s) - 3528 (3879077 Gflops/s) | Temperatures: 61°C - 62°C - 73°C - 73°C - 63°C - 61°C - 74°C - 75°C | Throttling: None - None - None - None - None - None - None - None
3732 (4103377 Gflops/s) - 3691 (4058297 Gflops/s) - 3650 (4013217 Gflops/s) - 3599 (3957142 Gflops/s) - 3696 (4063794 Gflops/s) - 3715 (4084685 Gflops/s) - 3639 (4001122 Gflops/s) - 3566 (3920858 Gflops/s) | Temperatures: 61°C - 62°C - 73°C - 73°C - 63°C - 61°C - 74°C - 74°C | Throttling: None - None - None - None - None - None - None - None
3901 (4289194 Gflops/s) - 3861 (4245214 Gflops/s) - 3816 (4195736 Gflops/s) - 3760 (4134163 Gflops/s) - 3860 (4244114 Gflops/s) - 3883 (4269403 Gflops/s) - 3802 (4180343 Gflops/s) - 3727 (4097879 Gflops/s) | Temperatures: 61°C - 62°C - 73°C - 73°C - 63°C - 61°C - 74°C - 75°C | Throttling: None - None - None - None - None - None - None - None
3704 (4072591 Gflops/s) - 3665 (4029710 Gflops/s) - 3625 (3985729 Gflops/s) - 3573 (3928555 Gflops/s) - 3672 (4037406 Gflops/s) - 3687 (4053899 Gflops/s) - 3612 (3971435 Gflops/s) - 3540 (3892271 Gflops/s) | Temperatures: 61°C - 61°C - 73°C - 73°C - 63°C - 61°C - 74°C - 74°C | Throttling: None - None - None - None - None - None - None - None
3699 (4067093 Gflops/s) - 3651 (4014316 Gflops/s) - 3621 (3981331 Gflops/s) - 3575 (3930754 Gflops/s) - 3662 (4026411 Gflops/s) - 3684 (4050600 Gflops/s) - 3607 (3965938 Gflops/s) - 3535 (3886773 Gflops/s) | Temperatures: 61°C - 61°C - 73°C - 73°C - 63°C - 61°C - 74°C - 74°C | Throttling: None - None - None - None - None - None - None - None
3701 (4069292 Gflops/s) - 3665 (4029710 Gflops/s) - 3620 (3980232 Gflops/s) - 3574 (3929654 Gflops/s) - 3664 (4028610 Gflops/s) - 3683 (4049501 Gflops/s) - 3610 (3969236 Gflops/s) - 3536 (3887873 Gflops/s) | Temperatures: 61°C - 62°C - 73°C - 73°C - 63°C - 61°C - 74°C - 75°C | Throttling: None - None - None - None - None - None - None - None
3697 (4064894 Gflops/s) - 3664 (4028610 Gflops/s) - 3618 (3978033 Gflops/s) - 3564 (3918659 Gflops/s) - 3661 (4025312 Gflops/s) - 3680 (4046202 Gflops/s) - 3603 (3961540 Gflops/s) - 3529 (3880176 Gflops/s) | Temperatures: 61°C - 62°C - 73°C - 73°C - 63°C - 62°C - 74°C - 75°C | Throttling: None - None - None - None - None - None - None - None
3703 (4071491 Gflops/s) - 3659 (4023113 Gflops/s) - 3622 (3982431 Gflops/s) - 3574 (3929654 Gflops/s) - 3669 (4034108 Gflops/s) - 3685 (4051700 Gflops/s) - 3609 (3968137 Gflops/s) - 3539 (3891171 Gflops/s) | Temperatures: 61°C - 62°C - 73°C - 73°C - 63°C - 61°C - 74°C - 75°C | Throttling: None - None - None - None - None - None - None - None
3696 (4063794 Gflops/s) - 3657 (4020914 Gflops/s) - 3616 (3975834 Gflops/s) - 3570 (3925256 Gflops/s) - 3658 (4022013 Gflops/s) - 3680 (4046202 Gflops/s) - 3603 (3961540 Gflops/s) - 3532 (3883475 Gflops/s) | Temperatures: 61°C - 62°C - 73°C - 73°C - 63°C - 61°C - 74°C - 75°C | Throttling: None - None - None - None - None - None - None - None
3699 (4067093 Gflops/s) - 3669 (4034108 Gflops/s) - 3623 (3983530 Gflops/s) - 3572 (3927455 Gflops/s) - 3669 (4034108 Gflops/s) - 3684 (4050600 Gflops/s) - 3609 (3968137 Gflops/s) - 3534 (3885674 Gflops/s) | Temperatures: 61°C - 62°C - 73°C - 73°C - 63°C - 61°C - 74°C - 75°C | Throttling: None - None - None - None - None - None - None - None
3700 (4068193 Gflops/s) - 3659 (4023113 Gflops/s) - 3620 (3980232 Gflops/s) - 3575 (3930754 Gflops/s) - 3668 (4033008 Gflops/s) - 3681 (4047302 Gflops/s) - 3606 (3964838 Gflops/s) - 3534 (3885674 Gflops/s) | Temperatures: 61°C - 62°C - 73°C - 73°C - 63°C - 61°C - 74°C - 75°C | Throttling: None - None - None - None - None - None - None - None
3699 (4067093 Gflops/s) - 3653 (4016515 Gflops/s) - 3619 (3979132 Gflops/s) - 3566 (3920858 Gflops/s) - 3660 (4024212 Gflops/s) - 3683 (4049501 Gflops/s) - 3606 (3964838 Gflops/s) - 3536 (3887873 Gflops/s) | Temperatures: 61°C - 62°C - 73°C - 73°C - 63°C - 62°C - 74°C - 75°C | Throttling: None - None - None - None - None - None - None - None
3701 (4069292 Gflops/s) - 3665 (4029710 Gflops/s) - 3621 (3981331 Gflops/s) - 3576 (3931853 Gflops/s) - 3664 (4028610 Gflops/s) - 3682 (4048401 Gflops/s) - 3607 (3965938 Gflops/s) - 3534 (3885674 Gflops/s) | Temperatures: 61°C - 62°C - 73°C - 73°C - 63°C - 61°C - 74°C - 75°C | Throttling: None - None - None - None - None - None - None - None
3701 (4069292 Gflops/s) - 3650 (4013217 Gflops/s) - 3622 (3982431 Gflops/s) - 3571 (3926356 Gflops/s) - 3663 (4027511 Gflops/s) - 3684 (4050600 Gflops/s) - 3606 (3964838 Gflops/s) - 3538 (3890072 Gflops/s) | Temperatures: 61°C - 61°C - 73°C - 73°C - 63°C - 61°C - 74°C - 75°C | Throttling: None - None - None - None - None - None - None - None
3697 (4064894 Gflops/s) - 3654 (4017615 Gflops/s) - 3618 (3978033 Gflops/s) - 3571 (3926356 Gflops/s) - 3666 (4030809 Gflops/s) - 3679 (4045103 Gflops/s) - 3601 (3959341 Gflops/s) - 3530 (3881276 Gflops/s) | Temperatures: 61°C - 62°C - 73°C - 73°C - 63°C - 61°C - 74°C - 75°C | Throttling: None - None - None - None - None - None - None - None
3698 (4065993 Gflops/s) - 3675 (4040705 Gflops/s) - 3619 (3979132 Gflops/s) - 3568 (3923057 Gflops/s) - 3662 (4026411 Gflops/s) - 3681 (4047302 Gflops/s) - 3604 (3962639 Gflops/s) - 3534 (3885674 Gflops/s) | Temperatures: 61°C - 62°C - 73°C - 73°C - 63°C - 61°C - 74°C - 75°C | Throttling: None - None - None - None - None - None - None - None
3699 (4067093 Gflops/s) - 3674 (4039605 Gflops/s) - 3623 (3983530 Gflops/s) - 3566 (3920858 Gflops/s) - 3672 (4037406 Gflops/s) - 3684 (4050600 Gflops/s) - 3607 (3965938 Gflops/s) - 3534 (3885674 Gflops/s) | Temperatures: 61°C - 62°C - 73°C - 73°C - 63°C - 62°C - 74°C - 75°C | Throttling: None - None - None - None - None - None - None - None
3697 (4064894 Gflops/s) - 3662 (4026411 Gflops/s) - 3616 (3975834 Gflops/s) - 3572 (3927455 Gflops/s) - 3663 (4027511 Gflops/s) - 3679 (4045103 Gflops/s) - 3605 (3963739 Gflops/s) - 3533 (3884574 Gflops/s) | Temperatures: 61°C - 62°C - 73°C - 73°C - 63°C - 61°C - 74°C - 75°C | Throttling: None - None - None - None - None - None - None - None
3703 (4071491 Gflops/s) - 3668 (4033008 Gflops/s) - 3624 (3984630 Gflops/s) - 3575 (3930754 Gflops/s) - 3666 (4030809 Gflops/s) - 3684 (4050600 Gflops/s) - 3611 (3970336 Gflops/s) - 3538 (3890072 Gflops/s) | Temperatures: 61°C - 62°C - 73°C - 73°C - 63°C - 61°C - 74°C - 75°C | Throttling: None - None - None - None - None - None - None - None
3695 (4062695 Gflops/s) - 3657 (4020914 Gflops/s) - 3616 (3975834 Gflops/s) - 3567 (3921957 Gflops/s) - 3664 (4028610 Gflops/s) - 3680 (4046202 Gflops/s) - 3601 (3959341 Gflops/s) - 3530 (3881276 Gflops/s) | Temperatures: 61°C - 62°C - 73°C - 73°C - 63°C - 61°C - 74°C - 75°C | Throttling: None - None - None - None - None - None - None - None
3700 (4068193 Gflops/s) - 3655 (4018714 Gflops/s) - 3620 (3980232 Gflops/s) - 3569 (3924156 Gflops/s) - 3666 (4030809 Gflops/s) - 3680 (4046202 Gflops/s) - 3606 (3964838 Gflops/s) - 3534 (3885674 Gflops/s) | Temperatures: 61°C - 62°C - 73°C - 73°C - 63°C - 61°C - 74°C - 75°C | Throttling: None - None - None - None - None - None - None - None
3701 (4069292 Gflops/s) - 3670 (4035207 Gflops/s) - 3622 (3982431 Gflops/s) - 3572 (3927455 Gflops/s) - 3666 (4030809 Gflops/s) - 3683 (4049501 Gflops/s) - 3607 (3965938 Gflops/s) - 3536 (3887873 Gflops/s) | Temperatures: 61°C - 62°C - 73°C - 73°C - 63°C - 61°C - 74°C - 75°C | Throttling: None - None - None - None - None - None - None - None
3699 (4067093 Gflops/s) - 3658 (4022013 Gflops/s) - 3620 (3980232 Gflops/s) - 3567 (3921957 Gflops/s) - 3667 (4031909 Gflops/s) - 3680 (4046202 Gflops/s) - 3605 (3963739 Gflops/s) - 3535 (3886773 Gflops/s) | Temperatures: 61°C - 62°C - 73°C - 73°C - 63°C - 61°C - 74°C - 75°C | Throttling: None - None - None - None - None - None - None - None
3700 (4068193 Gflops/s) - 3657 (4020914 Gflops/s) - 3617 (3976933 Gflops/s) - 3570 (3925256 Gflops/s) - 3665 (4029710 Gflops/s) - 3683 (4049501 Gflops/s) - 3606 (3964838 Gflops/s) - 3535 (3886773 Gflops/s) | Temperatures: 61°C - 62°C - 73°C - 73°C - 63°C - 61°C - 74°C - 75°C | Throttling: None - None - None - None - None - None - None - None
3696 (4063794 Gflops/s) - 3660 (4024212 Gflops/s) - 3619 (3979132 Gflops/s) - 3567 (3921957 Gflops/s) - 3659 (4023113 Gflops/s) - 3680 (4046202 Gflops/s) - 3602 (3960440 Gflops/s) - 3531 (3882375 Gflops/s) | Temperatures: 61°C - 62°C - 73°C - 73°C - 63°C - 61°C - 74°C - 75°C | Throttling: None - None - None - None - None - None - None - None
3702 (4070392 Gflops/s) - 3668 (4033008 Gflops/s) - 3620 (3980232 Gflops/s) - 3573 (3928555 Gflops/s) - 3664 (4028610 Gflops/s) - 3683 (4049501 Gflops/s) - 3609 (3968137 Gflops/s) - 3535 (3886773 Gflops/s) | Temperatures: 61°C - 62°C - 73°C - 73°C - 63°C - 61°C - 74°C - 75°C | Throttling: None - None - None - None - None - None - None - None
3700 (4068193 Gflops/s) - 3663 (4027511 Gflops/s) - 3621 (3981331 Gflops/s) - 3571 (3926356 Gflops/s) - 3668 (4033008 Gflops/s) - 3684 (4050600 Gflops/s) - 3605 (3963739 Gflops/s) - 3532 (3883475 Gflops/s) | Temperatures: 61°C - 62°C - 73°C - 73°C - 63°C - 62°C - 74°C - 75°C | Throttling: None - None - None - None - None - None - None - None
3700 (4068193 Gflops/s) - 3668 (4033008 Gflops/s) - 3620 (3980232 Gflops/s) - 3570 (3925256 Gflops/s) - 3666 (4030809 Gflops/s) - 3684 (4050600 Gflops/s) - 3607 (3965938 Gflops/s) - 3533 (3884574 Gflops/s) | Temperatures: 61°C - 62°C - 73°C - 73°C - 63°C - 61°C - 74°C - 75°C | Throttling: None - None - None - None - None - None - None - None
3694 (4061595 Gflops/s) - 3653 (4016515 Gflops/s) - 3617 (3976933 Gflops/s) - 3563 (3917559 Gflops/s) - 3656 (4019814 Gflops/s) - 3680 (4046202 Gflops/s) - 3603 (3961540 Gflops/s) - 3531 (3882375 Gflops/s) | Temperatures: 61°C - 62°C - 73°C - 73°C - 63°C - 61°C - 74°C - 75°C | Throttling: None - None - None - None - None - None - None - None
3699 (4067093 Gflops/s) - 3665 (4029710 Gflops/s) - 3620 (3980232 Gflops/s) - 3570 (3925256 Gflops/s) - 3664 (4028610 Gflops/s) - 3682 (4048401 Gflops/s) - 3606 (3964838 Gflops/s) - 3536 (3887873 Gflops/s) | Temperatures: 61°C - 62°C - 73°C - 73°C - 63°C - 61°C - 74°C - 75°C | Throttling: None - None - None - None - None - None - None - None
3700 (4068193 Gflops/s) - 3662 (4026411 Gflops/s) - 3620 (3980232 Gflops/s) - 3568 (3923057 Gflops/s) - 3668 (4033008 Gflops/s) - 3680 (4046202 Gflops/s) - 3606 (3964838 Gflops/s) - 3534 (3885674 Gflops/s) | Temperatures: 61°C - 62°C - 73°C - 73°C - 63°C - 62°C - 74°C - 75°C | Throttling: None - None - None - None - None - None - None - None
3700 (4068193 Gflops/s) - 3649 (4012117 Gflops/s) - 3618 (3978033 Gflops/s) - 3565 (3919758 Gflops/s) - 3665 (4029710 Gflops/s) - 3683 (4049501 Gflops/s) - 3605 (3963739 Gflops/s) - 3534 (3885674 Gflops/s) | Temperatures: 61°C - 62°C - 73°C - 73°C - 63°C - 61°C - 74°C - 75°C | Throttling: None - None - None - None - None - None - None - None
3700 (4068193 Gflops/s) - 3661 (4025312 Gflops/s) - 3618 (3978033 Gflops/s) - 3576 (3931853 Gflops/s) - 3661 (4025312 Gflops/s) - 3682 (4048401 Gflops/s) - 3605 (3963739 Gflops/s) - 3534 (3885674 Gflops/s) | Temperatures: 61°C - 62°C - 73°C - 73°C - 63°C - 61°C - 74°C - 75°C | Throttling: None - None - None - None - None - None - None - None
3698 (4065993 Gflops/s) - 3654 (4017615 Gflops/s) - 3620 (3980232 Gflops/s) - 3570 (3925256 Gflops/s) - 3661 (4025312 Gflops/s) - 3679 (4045103 Gflops/s) - 3601 (3959341 Gflops/s) - 3533 (3884574 Gflops/s) | Temperatures: 61°C - 62°C - 73°C - 73°C - 63°C - 61°C - 74°C - 75°C | Throttling: None - None - None - None - None - None - None - None
3708 (4076989 Gflops/s) - 3667 (4031909 Gflops/s) - 3630 (3991227 Gflops/s) - 3574 (3929654 Gflops/s) - 3675 (4040705 Gflops/s) - 3692 (4059396 Gflops/s) - 3613 (3972535 Gflops/s) - 3543 (3895569 Gflops/s) | Temperatures: 61°C - 62°C - 73°C - 73°C - 63°C - 62°C - 74°C - 75°C | Throttling: None - None - None - None - None - None - None - None
3723 (4093481 Gflops/s) - 3672 (4037406 Gflops/s) - 3641 (4003321 Gflops/s) - 3590 (3947246 Gflops/s) - 3692 (4059396 Gflops/s) - 3705 (4073690 Gflops/s) - 3630 (3991227 Gflops/s) - 3557 (3910962 Gflops/s) | Temperatures: 61°C - 62°C - 73°C - 73°C - 63°C - 61°C - 74°C - 75°C | Throttling: None - None - None - None - None - None - None - None
3719 (4089083 Gflops/s) - 3681 (4047302 Gflops/s) - 3641 (4003321 Gflops/s) - 3592 (3949445 Gflops/s) - 3679 (4045103 Gflops/s) - 3703 (4071491 Gflops/s) - 3624 (3984630 Gflops/s) - 3553 (3906564 Gflops/s) | Temperatures: 61°C - 62°C - 73°C - 73°C - 63°C - 61°C - 74°C - 75°C | Throttling: None - None - None - None - None - None - None - None
3722 (4092382 Gflops/s) - 3693 (4060496 Gflops/s) - 3643 (4005520 Gflops/s) - 3593 (3950545 Gflops/s) - 3690 (4057197 Gflops/s) - 3709 (4078088 Gflops/s) - 3629 (3990127 Gflops/s) - 3555 (3908763 Gflops/s) | Temperatures: 61°C - 62°C - 73°C - 73°C - 63°C - 61°C - 74°C - 75°C | Throttling: None - None - None - None - None - None - None - None
3724 (4094581 Gflops/s) - 3683 (4049501 Gflops/s) - 3644 (4006620 Gflops/s) - 3591 (3948346 Gflops/s) - 3690 (4057197 Gflops/s) - 3710 (4079188 Gflops/s) - 3628 (3989028 Gflops/s) - 3556 (3909863 Gflops/s) | Temperatures: 61°C - 62°C - 73°C - 73°C - 63°C - 61°C - 74°C - 75°C | Throttling: None - None - None - None - None - None - None - None
3718 (4087984 Gflops/s) - 3682 (4048401 Gflops/s) - 3636 (3997824 Gflops/s) - 3589 (3946147 Gflops/s) - 3686 (4052799 Gflops/s) - 3705 (4073690 Gflops/s) - 3625 (3985729 Gflops/s) - 3553 (3906564 Gflops/s) | Temperatures: 61°C - 62°C - 73°C - 73°C - 63°C - 61°C - 74°C - 75°C | Throttling: None - None - None - None - None - None - None - None
3723 (4093481 Gflops/s) - 3681 (4047302 Gflops/s) - 3646 (4008819 Gflops/s) - 3590 (3947246 Gflops/s) - 3690 (4057197 Gflops/s) - 3705 (4073690 Gflops/s) - 3628 (3989028 Gflops/s) - 3557 (3910962 Gflops/s) | Temperatures: 61°C - 62°C - 73°C - 73°C - 63°C - 61°C - 74°C - 75°C | Throttling: None - None - None - None - None - None - None - None
3719 (4089083 Gflops/s) - 3678 (4044003 Gflops/s) - 3639 (4001122 Gflops/s) - 3587 (3943948 Gflops/s) - 3685 (4051700 Gflops/s) - 3700 (4068193 Gflops/s) - 3625 (3985729 Gflops/s) - 3550 (3903266 Gflops/s) | Temperatures: 61°C - 62°C - 73°C - 73°C - 63°C - 61°C - 74°C - 75°C | Throttling: None - None - None - None - None - None - None - None
3719 (4089083 Gflops/s) - 3677 (4042904 Gflops/s) - 3640 (4002222 Gflops/s) - 3591 (3948346 Gflops/s) - 3688 (4054998 Gflops/s) - 3707 (4075889 Gflops/s) - 3628 (3989028 Gflops/s) - 3555 (3908763 Gflops/s) | Temperatures: 61°C - 62°C - 73°C - 73°C - 63°C - 61°C - 74°C - 75°C | Throttling: None - None - None - None - None - None - None - None
3718 (4087984 Gflops/s) - 3676 (4041804 Gflops/s) - 3640 (4002222 Gflops/s) - 3587 (3943948 Gflops/s) - 3687 (4053899 Gflops/s) - 3700 (4068193 Gflops/s) - 3623 (3983530 Gflops/s) - 3553 (3906564 Gflops/s) | Temperatures: 61°C - 62°C - 73°C - 73°C - 63°C - 61°C - 74°C - 75°C | Throttling: None - None - None - None - None - None - None - None
3722 (4092382 Gflops/s) - 3669 (4034108 Gflops/s) - 3644 (4006620 Gflops/s) - 3597 (3954943 Gflops/s) - 3685 (4051700 Gflops/s) - 3709 (4078088 Gflops/s) - 3630 (3991227 Gflops/s) - 3556 (3909863 Gflops/s) | Temperatures: 61°C - 62°C - 73°C - 73°C - 63°C - 62°C - 74°C - 75°C | Throttling: None - None - None - None - None - None - None - None
3719 (4089083 Gflops/s) - 3683 (4049501 Gflops/s) - 3639 (4001122 Gflops/s) - 3584 (3940649 Gflops/s) - 3687 (4053899 Gflops/s) - 3704 (4072591 Gflops/s) - 3624 (3984630 Gflops/s) - 3554 (3907664 Gflops/s) | Temperatures: 61°C - 62°C - 73°C - 73°C - 63°C - 61°C - 74°C - 75°C | Throttling: None - None - None - None - None - None - None - None
3724 (4094581 Gflops/s) - 3689 (4056098 Gflops/s) - 3645 (4007719 Gflops/s) - 3588 (3945047 Gflops/s) - 3688 (4054998 Gflops/s) - 3707 (4075889 Gflops/s) - 3631 (3992326 Gflops/s) - 3557 (3910962 Gflops/s) | Temperatures: 61°C - 62°C - 73°C - 73°C - 63°C - 61°C - 74°C - 75°C | Throttling: None - None - None - None - None - None - None - None
3718 (4087984 Gflops/s) - 3665 (4029710 Gflops/s) - 3636 (3997824 Gflops/s) - 3589 (3946147 Gflops/s) - 3686 (4052799 Gflops/s) - 3702 (4070392 Gflops/s) - 3624 (3984630 Gflops/s) - 3553 (3906564 Gflops/s) | Temperatures: 61°C - 62°C - 73°C - 73°C - 63°C - 61°C - 74°C - 75°C | Throttling: None - None - None - None - None - None - None - None
3722 (4092382 Gflops/s) - 3680 (4046202 Gflops/s) - 3642 (4004421 Gflops/s) - 3596 (3953843 Gflops/s) - 3691 (4058297 Gflops/s) - 3709 (4078088 Gflops/s) - 3630 (3991227 Gflops/s) - 3556 (3909863 Gflops/s) | Temperatures: 61°C - 62°C - 73°C - 73°C - 63°C - 61°C - 74°C - 75°C | Throttling: None - None - None - None - None - None - None - None
3719 (4089083 Gflops/s) - 3669 (4034108 Gflops/s) - 3639 (4001122 Gflops/s) - 3581 (3937351 Gflops/s) - 3686 (4052799 Gflops/s) - 3703 (4071491 Gflops/s) - 3625 (3985729 Gflops/s) - 3552 (3905465 Gflops/s) | Temperatures: 61°C - 62°C - 73°C - 73°C - 63°C - 61°C - 74°C - 75°C | Throttling: None - None - None - None - None - None - None - None
3723 (4093481 Gflops/s) - 3693 (4060496 Gflops/s) - 3641 (4003321 Gflops/s) - 3591 (3948346 Gflops/s) - 3688 (4054998 Gflops/s) - 3705 (4073690 Gflops/s) - 3629 (3990127 Gflops/s) - 3556 (3909863 Gflops/s) | Temperatures: 61°C - 62°C - 73°C - 73°C - 63°C - 62°C - 74°C - 75°C | Throttling: None - None - None - None - None - None - None - None
3723 (4093481 Gflops/s) - 3686 (4052799 Gflops/s) - 3644 (4006620 Gflops/s) - 3588 (3945047 Gflops/s) - 3692 (4059396 Gflops/s) - 3705 (4073690 Gflops/s) - 3630 (3991227 Gflops/s) - 3556 (3909863 Gflops/s) | Temperatures: 61°C - 62°C - 73°C - 73°C - 63°C - 62°C - 74°C - 75°C | Throttling: None - None - None - None - None - None - None - None
3719 (4089083 Gflops/s) - 3682 (4048401 Gflops/s) - 3639 (4001122 Gflops/s) - 3592 (3949445 Gflops/s) - 3686 (4052799 Gflops/s) - 3704 (4072591 Gflops/s) - 3626 (3986829 Gflops/s) - 3552 (3905465 Gflops/s) | Temperatures: 61°C - 62°C - 73°C - 73°C - 63°C - 61°C - 74°C - 75°C | Throttling: None - None - None - None - None - None - None - None
3718 (4087984 Gflops/s) - 3674 (4039605 Gflops/s) - 3637 (3998923 Gflops/s) - 3584 (3940649 Gflops/s) - 3683 (4049501 Gflops/s) - 3702 (4070392 Gflops/s) - 3624 (3984630 Gflops/s) - 3553 (3906564 Gflops/s) | Temperatures: 61°C - 62°C - 73°C - 73°C - 63°C - 61°C - 74°C - 75°C | Throttling: None - None - None - None - None - None - None - None
3722 (4092382 Gflops/s) - 3675 (4040705 Gflops/s) - 3645 (4007719 Gflops/s) - 3590 (3947246 Gflops/s) - 3686 (4052799 Gflops/s) - 3706 (4074790 Gflops/s) - 3629 (3990127 Gflops/s) - 3556 (3909863 Gflops/s) | Temperatures: 61°C - 62°C - 73°C - 73°C - 63°C - 61°C - 74°C - 75°C | Throttling: None - None - None - None - None - None - None - None
3722 (4092382 Gflops/s) - 3688 (4054998 Gflops/s) - 3643 (4005520 Gflops/s) - 3590 (3947246 Gflops/s) - 3689 (4056098 Gflops/s) - 3704 (4072591 Gflops/s) - 3628 (3989028 Gflops/s) - 3556 (3909863 Gflops/s) | Temperatures: 61°C - 62°C - 73°C - 73°C - 63°C - 61°C - 74°C - 75°C | Throttling: None - None - None - None - None - None - None - None
3718 (4087984 Gflops/s) - 3680 (4046202 Gflops/s) - 3639 (4001122 Gflops/s) - 3584 (3940649 Gflops/s) - 3686 (4052799 Gflops/s) - 3702 (4070392 Gflops/s) - 3625 (3985729 Gflops/s) - 3552 (3905465 Gflops/s) | Temperatures: 61°C - 62°C - 73°C - 73°C - 63°C - 62°C - 74°C - 75°C | Throttling: None - None - None - None - None - None - None - None
3723 (4093481 Gflops/s) - 3683 (4049501 Gflops/s) - 3642 (4004421 Gflops/s) - 3588 (3945047 Gflops/s) - 3687 (4053899 Gflops/s) - 3704 (4072591 Gflops/s) - 3628 (3989028 Gflops/s) - 3558 (3912062 Gflops/s) | Temperatures: 61°C - 62°C - 73°C - 73°C - 63°C - 61°C - 74°C - 75°C | Throttling: None - None - None - None - None - None - None - None
3720 (4090183 Gflops/s) - 3683 (4049501 Gflops/s) - 3639 (4001122 Gflops/s) - 3589 (3946147 Gflops/s) - 3686 (4052799 Gflops/s) - 3704 (4072591 Gflops/s) - 3625 (3985729 Gflops/s) - 3551 (3904365 Gflops/s) | Temperatures: 61°C - 62°C - 73°C - 73°C - 63°C - 62°C - 74°C - 75°C | Throttling: None - None - None - None - None - None - None - None
3722 (4092382 Gflops/s) - 3693 (4060496 Gflops/s) - 3643 (4005520 Gflops/s) - 3589 (3946147 Gflops/s) - 3691 (4058297 Gflops/s) - 3708 (4076989 Gflops/s) - 3626 (3986829 Gflops/s) - 3556 (3909863 Gflops/s) | Temperatures: 61°C - 62°C - 73°C - 73°C - 63°C - 62°C - 74°C - 75°C | Throttling: None - None - None - None - None - None - None - None
3720 (4090183 Gflops/s) - 3669 (4034108 Gflops/s) - 3639 (4001122 Gflops/s) - 3586 (3942848 Gflops/s) - 3680 (4046202 Gflops/s) - 3703 (4071491 Gflops/s) - 3625 (3985729 Gflops/s) - 3553 (3906564 Gflops/s) | Temperatures: 61°C - 62°C - 73°C - 73°C - 63°C - 62°C - 74°C - 75°C | Throttling: None - None - None - None - None - None - None - None
3722 (4092382 Gflops/s) - 3690 (4057197 Gflops/s) - 3643 (4005520 Gflops/s) - 3592 (3949445 Gflops/s) - 3684 (4050600 Gflops/s) - 3706 (4074790 Gflops/s) - 3628 (3989028 Gflops/s) - 3558 (3912062 Gflops/s) | Temperatures: 61°C - 62°C - 73°C - 73°C - 63°C - 62°C - 74°C - 75°C | Throttling: None - None - None - None - None - None - None - None
3719 (4089083 Gflops/s) - 3682 (4048401 Gflops/s) - 3638 (4000023 Gflops/s) - 3584 (3940649 Gflops/s) - 3684 (4050600 Gflops/s) - 3703 (4071491 Gflops/s) - 3624 (3984630 Gflops/s) - 3539 (3891171 Gflops/s) | Temperatures: 61°C - 62°C - 73°C - 73°C - 63°C - 62°C - 74°C - 75°C | Throttling: None - None - None - None - None - None - None - None
3722 (4092382 Gflops/s) - 3689 (4056098 Gflops/s) - 3642 (4004421 Gflops/s) - 3587 (3943948 Gflops/s) - 3685 (4051700 Gflops/s) - 3707 (4075889 Gflops/s) - 3627 (3987928 Gflops/s) - 3533 (3884574 Gflops/s) | Temperatures: 61°C - 62°C - 73°C - 73°C - 63°C - 62°C - 74°C - 75°C | Throttling: None - None - None - None - None - None - None - None
3720 (4090183 Gflops/s) - 3680 (4046202 Gflops/s) - 3641 (4003321 Gflops/s) - 3586 (3942848 Gflops/s) - 3689 (4056098 Gflops/s) - 3703 (4071491 Gflops/s) - 3623 (3983530 Gflops/s) - 3531 (3882375 Gflops/s) | Temperatures: 61°C - 62°C - 73°C - 73°C - 63°C - 62°C - 74°C - 75°C | Throttling: None - None - None - None - None - None - None - None
3722 (4092382 Gflops/s) - 3684 (4050600 Gflops/s) - 3642 (4004421 Gflops/s) - 3591 (3948346 Gflops/s) - 3691 (4058297 Gflops/s) - 3705 (4073690 Gflops/s) - 3629 (3990127 Gflops/s) - 3534 (3885674 Gflops/s) | Temperatures: 61°C - 62°C - 73°C - 73°C - 63°C - 62°C - 74°C - 75°C | Throttling: None - None - None - None - None - None - None - None
3717 (4086884 Gflops/s) - 3692 (4059396 Gflops/s) - 3639 (4001122 Gflops/s) - 3589 (3946147 Gflops/s) - 3684 (4050600 Gflops/s) - 3700 (4068193 Gflops/s) - 3624 (3984630 Gflops/s) - 3529 (3880176 Gflops/s) | Temperatures: 61°C - 62°C - 73°C - 73°C - 63°C - 62°C - 74°C - 75°C | Throttling: None - None - None - None - None - None - None - None
3929 (4319981 Gflops/s) - 3896 (4283697 Gflops/s) - 3846 (4228721 Gflops/s) - 3791 (4168248 Gflops/s) - 3894 (4281498 Gflops/s) - 3910 (4299090 Gflops/s) - 3828 (4208930 Gflops/s) - 3729 (4100078 Gflops/s) | Temperatures: 61°C - 62°C - 73°C - 73°C - 63°C - 62°C - 74°C - 75°C | Throttling: None - None - None - None - None - None - None - None
4031 (4432131 Gflops/s) - 3997 (4394747 Gflops/s) - 3945 (4337573 Gflops/s) - 3886 (4272702 Gflops/s) - 3992 (4389250 Gflops/s) - 4010 (4409041 Gflops/s) - 3929 (4319981 Gflops/s) - 3825 (4205631 Gflops/s) | Temperatures: 61°C - 62°C - 73°C - 73°C - 63°C - 62°C - 74°C - 75°C | Throttling: None - None - None - None - None - None - None - None
4029 (4429932 Gflops/s) - 3995 (4392548 Gflops/s) - 3943 (4335374 Gflops/s) - 3884 (4270503 Gflops/s) - 3989 (4385951 Gflops/s) - 4011 (4410141 Gflops/s) - 3926 (4316682 Gflops/s) - 3826 (4206731 Gflops/s) | Temperatures: 61°C - 62°C - 73°C - 73°C - 63°C - 62°C - 74°C - 75°C | Throttling: None - None - None - None - None - None - None - None
4031 (4432131 Gflops/s) - 3982 (4378255 Gflops/s) - 3945 (4337573 Gflops/s) - 3891 (4278199 Gflops/s) - 3994 (4391449 Gflops/s) - 4012 (4411240 Gflops/s) - 3929 (4319981 Gflops/s) - 3827 (4207830 Gflops/s) | Temperatures: 61°C - 62°C - 73°C - 73°C - 63°C - 62°C - 74°C - 75°C | Throttling: None - None - None - None - None - None - None - None
4029 (4429932 Gflops/s) - 3988 (4384852 Gflops/s) - 3942 (4334274 Gflops/s) - 3886 (4272702 Gflops/s) - 3993 (4390349 Gflops/s) - 4011 (4410141 Gflops/s) - 3926 (4316682 Gflops/s) - 3824 (4204532 Gflops/s) | Temperatures: 61°C - 62°C - 73°C - 73°C - 63°C - 62°C - 74°C - 75°C | Throttling: None - None - None - None - None - None - None - None
4028 (4428832 Gflops/s) - 3982 (4378255 Gflops/s) - 3943 (4335374 Gflops/s) - 3888 (4274901 Gflops/s) - 3992 (4389250 Gflops/s) - 4010 (4409041 Gflops/s) - 3929 (4319981 Gflops/s) - 3825 (4205631 Gflops/s) | Temperatures: 61°C - 62°C - 73°C - 73°C - 63°C - 62°C - 74°C - 75°C | Throttling: None - None - None - None - None - None - None - None
4032 (4433230 Gflops/s) - 3982 (4378255 Gflops/s) - 3945 (4337573 Gflops/s) - 3884 (4270503 Gflops/s) - 3992 (4389250 Gflops/s) - 4013 (4412340 Gflops/s) - 3928 (4318881 Gflops/s) - 3826 (4206731 Gflops/s) | Temperatures: 61°C - 62°C - 73°C - 73°C - 63°C - 62°C - 74°C - 75°C | Throttling: None - None - None - None - None - None - None - None
4030 (4431031 Gflops/s) - 3980 (4376056 Gflops/s) - 3947 (4339772 Gflops/s) - 3888 (4274901 Gflops/s) - 3990 (4387051 Gflops/s) - 4008 (4406842 Gflops/s) - 3928 (4318881 Gflops/s) - 3827 (4207830 Gflops/s) | Temperatures: 61°C - 62°C - 73°C - 73°C - 63°C - 61°C - 74°C - 75°C | Throttling: None - None - None - None - None - None - None - None
4031 (4432131 Gflops/s) - 3983 (4379354 Gflops/s) - 3946 (4338672 Gflops/s) - 3885 (4271602 Gflops/s) - 3996 (4393648 Gflops/s) - 4013 (4412340 Gflops/s) - 3928 (4318881 Gflops/s) - 3826 (4206731 Gflops/s) | Temperatures: 61°C - 62°C - 73°C - 73°C - 63°C - 62°C - 74°C - 75°C | Throttling: None - None - None - None - None - None - None - None
4030 (4431031 Gflops/s) - 3987 (4383752 Gflops/s) - 3943 (4335374 Gflops/s) - 3888 (4274901 Gflops/s) - 3987 (4383752 Gflops/s) - 4012 (4411240 Gflops/s) - 3928 (4318881 Gflops/s) - 3826 (4206731 Gflops/s) | Temperatures: 61°C - 62°C - 73°C - 73°C - 63°C - 62°C - 74°C - 75°C | Throttling: None - None - None - None - None - None - None - None
4029 (4429932 Gflops/s) - 3990 (4387051 Gflops/s) - 3947 (4339772 Gflops/s) - 3883 (4269403 Gflops/s) - 3991 (4388150 Gflops/s) - 4011 (4410141 Gflops/s) - 3929 (4319981 Gflops/s) - 3826 (4206731 Gflops/s) | Temperatures: 61°C - 62°C - 73°C - 73°C - 63°C - 62°C - 74°C - 75°C | Throttling: None - None - None - None - None - None - None - None
4030 (4431031 Gflops/s) - 3983 (4379354 Gflops/s) - 3948 (4340871 Gflops/s) - 3885 (4271602 Gflops/s) - 3991 (4388150 Gflops/s) - 4016 (4415638 Gflops/s) - 3926 (4316682 Gflops/s) - 3826 (4206731 Gflops/s) | Temperatures: 61°C - 62°C - 73°C - 73°C - 63°C - 62°C - 74°C - 75°C | Throttling: None - None - None - None - None - None - None - None
4031 (4432131 Gflops/s) - 3988 (4384852 Gflops/s) - 3943 (4335374 Gflops/s) - 3883 (4269403 Gflops/s) - 3991 (4388150 Gflops/s) - 4012 (4411240 Gflops/s) - 3924 (4314483 Gflops/s) - 3825 (4205631 Gflops/s) | Temperatures: 61°C - 62°C - 73°C - 73°C - 63°C - 62°C - 74°C - 75°C | Throttling: None - None - None - None - None - None - None - None
4035 (4436529 Gflops/s) - 3993 (4390349 Gflops/s) - 3947 (4339772 Gflops/s) - 3889 (4276000 Gflops/s) - 3996 (4393648 Gflops/s) - 4016 (4415638 Gflops/s) - 3932 (4323279 Gflops/s) - 3828 (4208930 Gflops/s) | Temperatures: 61°C - 62°C - 73°C - 73°C - 63°C - 61°C - 74°C - 75°C | Throttling: None - None - None - None - None - None - None - None
4026 (4426633 Gflops/s) - 3964 (4358464 Gflops/s) - 3943 (4335374 Gflops/s) - 3883 (4269403 Gflops/s) - 3990 (4387051 Gflops/s) - 4011 (4410141 Gflops/s) - 3922 (4312284 Gflops/s) - 3822 (4202333 Gflops/s) | Temperatures: 61°C - 62°C - 73°C - 73°C - 63°C - 61°C - 74°C - 75°C | Throttling: None - None - None - None - None - None - None - None
4032 (4433230 Gflops/s) - 3990 (4387051 Gflops/s) - 3945 (4337573 Gflops/s) - 3884 (4270503 Gflops/s) - 3995 (4392548 Gflops/s) - 4014 (4413439 Gflops/s) - 3925 (4315583 Gflops/s) - 3827 (4207830 Gflops/s) | Temperatures: 61°C - 62°C - 73°C - 73°C - 63°C - 62°C - 74°C - 75°C | Throttling: None - None - None - None - None - None - None - None
4031 (4432131 Gflops/s) - 3988 (4384852 Gflops/s) - 3945 (4337573 Gflops/s) - 3885 (4271602 Gflops/s) - 3994 (4391449 Gflops/s) - 4012 (4411240 Gflops/s) - 3926 (4316682 Gflops/s) - 3826 (4206731 Gflops/s) | Temperatures: 61°C - 62°C - 73°C - 73°C - 63°C - 62°C - 74°C - 75°C | Throttling: None - None - None - None - None - None - None - None
4031 (4432131 Gflops/s) - 3994 (4391449 Gflops/s) - 3944 (4336473 Gflops/s) - 3882 (4268304 Gflops/s) - 3994 (4391449 Gflops/s) - 4010 (4409041 Gflops/s) - 3928 (4318881 Gflops/s) - 3825 (4205631 Gflops/s) | Temperatures: 61°C - 62°C - 73°C - 73°C - 63°C - 62°C - 74°C - 75°C | Throttling: None - None - None - None - None - None - None - None
4030 (4431031 Gflops/s) - 3991 (4388150 Gflops/s) - 3945 (4337573 Gflops/s) - 3885 (4271602 Gflops/s) - 3993 (4390349 Gflops/s) - 4013 (4412340 Gflops/s) - 3924 (4314483 Gflops/s) - 3826 (4206731 Gflops/s) | Temperatures: 61°C - 62°C - 73°C - 73°C - 63°C - 62°C - 74°C - 75°C | Throttling: None - None - None - None - None - None - None - None
4030 (4431031 Gflops/s) - 3985 (4381553 Gflops/s) - 3944 (4336473 Gflops/s) - 3883 (4269403 Gflops/s) - 3999 (4396946 Gflops/s) - 4014 (4413439 Gflops/s) - 3926 (4316682 Gflops/s) - 3826 (4206731 Gflops/s) | Temperatures: 61°C - 62°C - 73°C - 73°C - 63°C - 62°C - 74°C - 75°C | Throttling: None - None - None - None - None - None - None - None
4029 (4429932 Gflops/s) - 3991 (4388150 Gflops/s) - 3945 (4337573 Gflops/s) - 3883 (4269403 Gflops/s) - 3991 (4388150 Gflops/s) - 4012 (4411240 Gflops/s) - 3925 (4315583 Gflops/s) - 3826 (4206731 Gflops/s) | Temperatures: 61°C - 62°C - 73°C - 73°C - 63°C - 62°C - 74°C - 75°C | Throttling: None - None - None - None - None - None - None - None
4030 (4431031 Gflops/s) - 3990 (4387051 Gflops/s) - 3944 (4336473 Gflops/s) - 3883 (4269403 Gflops/s) - 3996 (4393648 Gflops/s) - 4014 (4413439 Gflops/s) - 3926 (4316682 Gflops/s) - 3825 (4205631 Gflops/s) | Temperatures: 61°C - 62°C - 73°C - 73°C - 63°C - 61°C - 74°C - 75°C | Throttling: None - None - None - None - None - None - None - None
4030 (4431031 Gflops/s) - 3989 (4385951 Gflops/s) - 3946 (4338672 Gflops/s) - 3885 (4271602 Gflops/s) - 3994 (4391449 Gflops/s) - 4010 (4409041 Gflops/s) - 3926 (4316682 Gflops/s) - 3825 (4205631 Gflops/s) | Temperatures: 61°C - 62°C - 73°C - 73°C - 63°C - 62°C - 74°C - 75°C | Throttling: None - None - None - None - None - None - None - None
4030 (4431031 Gflops/s) - 3994 (4391449 Gflops/s) - 3946 (4338672 Gflops/s) - 3889 (4276000 Gflops/s) - 3994 (4391449 Gflops/s) - 4012 (4411240 Gflops/s) - 3924 (4314483 Gflops/s) - 3824 (4204532 Gflops/s) | Temperatures: 61°C - 62°C - 73°C - 73°C - 63°C - 61°C - 74°C - 75°C | Throttling: None - None - None - None - None - None - None - None
4029 (4429932 Gflops/s) - 3996 (4393648 Gflops/s) - 3945 (4337573 Gflops/s) - 3888 (4274901 Gflops/s) - 3996 (4393648 Gflops/s) - 4011 (4410141 Gflops/s) - 3927 (4317782 Gflops/s) - 3825 (4205631 Gflops/s) | Temperatures: 61°C - 62°C - 73°C - 73°C - 63°C - 61°C - 74°C - 75°C | Throttling: None - None - None - None - None - None - None - None
4031 (4432131 Gflops/s) - 4000 (4398046 Gflops/s) - 3944 (4336473 Gflops/s) - 3884 (4270503 Gflops/s) - 3995 (4392548 Gflops/s) - 4012 (4411240 Gflops/s) - 3925 (4315583 Gflops/s) - 3826 (4206731 Gflops/s) | Temperatures: 61°C - 62°C - 73°C - 73°C - 63°C - 62°C - 74°C - 75°C | Throttling: None - None - None - None - None - None - None - None
4030 (4431031 Gflops/s) - 3999 (4396946 Gflops/s) - 3945 (4337573 Gflops/s) - 3888 (4274901 Gflops/s) - 3991 (4388150 Gflops/s) - 4012 (4411240 Gflops/s) - 3927 (4317782 Gflops/s) - 3824 (4204532 Gflops/s) | Temperatures: 61°C - 62°C - 73°C - 73°C - 63°C - 62°C - 74°C - 75°C | Throttling: None - None - None - None - None - None - None - None
4030 (4431031 Gflops/s) - 3990 (4387051 Gflops/s) - 3944 (4336473 Gflops/s) - 3888 (4274901 Gflops/s) - 3993 (4390349 Gflops/s) - 4012 (4411240 Gflops/s) - 3925 (4315583 Gflops/s) - 3824 (4204532 Gflops/s) | Temperatures: 61°C - 62°C - 73°C - 73°C - 63°C - 62°C - 74°C - 75°C | Throttling: None - None - None - None - None - None - None - None
4030 (4431031 Gflops/s) - 3991 (4388150 Gflops/s) - 3945 (4337573 Gflops/s) - 3885 (4271602 Gflops/s) - 3994 (4391449 Gflops/s) - 4012 (4411240 Gflops/s) - 3926 (4316682 Gflops/s) - 3825 (4205631 Gflops/s) | Temperatures: 61°C - 62°C - 73°C - 73°C - 63°C - 62°C - 74°C - 75°C | Throttling: None - None - None - None - None - None - None - None
4027 (4427733 Gflops/s) - 3982 (4378255 Gflops/s) - 3943 (4335374 Gflops/s) - 3879 (4265005 Gflops/s) - 3990 (4387051 Gflops/s) - 4010 (4409041 Gflops/s) - 3923 (4313384 Gflops/s) - 3822 (4202333 Gflops/s) | Temperatures: 61°C - 62°C - 73°C - 73°C - 63°C - 62°C - 74°C - 75°C | Throttling: None - None - None - None - None - None - None - None
3695 (4062695 Gflops/s) - 3654 (4017615 Gflops/s) - 3620 (3980232 Gflops/s) - 3561 (3915360 Gflops/s) - 3656 (4019814 Gflops/s) - 3679 (4045103 Gflops/s) - 3599 (3957142 Gflops/s) - 3506 (3854887 Gflops/s) | Temperatures: 61°C - 62°C - 73°C - 73°C - 63°C - 62°C - 74°C - 75°C | Throttling: None - None - None - None - None - None - None - None
3691 (4058297 Gflops/s) - 3653 (4016515 Gflops/s) - 3617 (3976933 Gflops/s) - 3562 (3916460 Gflops/s) - 3658 (4022013 Gflops/s) - 3676 (4041804 Gflops/s) - 3597 (3954943 Gflops/s) - 3505 (3853788 Gflops/s) | Temperatures: 61°C - 62°C - 73°C - 73°C - 63°C - 62°C - 74°C - 75°C | Throttling: None - None - None - None - None - None - None - None
3695 (4062695 Gflops/s) - 3654 (4017615 Gflops/s) - 3620 (3980232 Gflops/s) - 3566 (3920858 Gflops/s) - 3664 (4028610 Gflops/s) - 3679 (4045103 Gflops/s) - 3597 (3954943 Gflops/s) - 3506 (3854887 Gflops/s) | Temperatures: 61°C - 62°C - 73°C - 73°C - 63°C - 62°C - 74°C - 75°C | Throttling: None - None - None - None - None - None - None - None
3691 (4058297 Gflops/s) - 3661 (4025312 Gflops/s) - 3613 (3972535 Gflops/s) - 3559 (3913161 Gflops/s) - 3664 (4028610 Gflops/s) - 3675 (4040705 Gflops/s) - 3597 (3954943 Gflops/s) - 3502 (3850489 Gflops/s) | Temperatures: 61°C - 62°C - 73°C - 73°C - 63°C - 61°C - 74°C - 75°C | Throttling: None - None - None - None - None - None - None - None
3697 (4064894 Gflops/s) - 3666 (4030809 Gflops/s) - 3620 (3980232 Gflops/s) - 3571 (3926356 Gflops/s) - 3661 (4025312 Gflops/s) - 3683 (4049501 Gflops/s) - 3601 (3959341 Gflops/s) - 3509 (3858186 Gflops/s) | Temperatures: 61°C - 62°C - 73°C - 73°C - 63°C - 62°C - 74°C - 75°C | Throttling: None - None - None - None - None - None - None - None
3691 (4058297 Gflops/s) - 3651 (4014316 Gflops/s) - 3614 (3973635 Gflops/s) - 3561 (3915360 Gflops/s) - 3656 (4019814 Gflops/s) - 3674 (4039605 Gflops/s) - 3596 (3953843 Gflops/s) - 3504 (3852688 Gflops/s) | Temperatures: 61°C - 62°C - 73°C - 73°C - 63°C - 62°C - 74°C - 75°C | Throttling: None - None - None - None - None - None - None - None
3694 (4061595 Gflops/s) - 3662 (4026411 Gflops/s) - 3616 (3975834 Gflops/s) - 3558 (3912062 Gflops/s) - 3658 (4022013 Gflops/s) - 3678 (4044003 Gflops/s) - 3598 (3956042 Gflops/s) - 3506 (3854887 Gflops/s) | Temperatures: 61°C - 62°C - 73°C - 73°C - 63°C - 62°C - 74°C - 75°C | Throttling: None - None - None - None - None - None - None - None
3696 (4063794 Gflops/s) - 3657 (4020914 Gflops/s) - 3617 (3976933 Gflops/s) - 3561 (3915360 Gflops/s) - 3664 (4028610 Gflops/s) - 3677 (4042904 Gflops/s) - 3599 (3957142 Gflops/s) - 3505 (3853788 Gflops/s) | Temperatures: 61°C - 62°C - 73°C - 73°C - 63°C - 62°C - 74°C - 75°C | Throttling: None - None - None - None - None - None - None - None
3694 (4061595 Gflops/s) - 3666 (4030809 Gflops/s) - 3618 (3978033 Gflops/s) - 3561 (3915360 Gflops/s) - 3661 (4025312 Gflops/s) - 3678 (4044003 Gflops/s) - 3597 (3954943 Gflops/s) - 3505 (3853788 Gflops/s) | Temperatures: 61°C - 62°C - 73°C - 73°C - 63°C - 62°C - 74°C - 75°C | Throttling: None - None - None - None - None - None - None - None
3699 (4067093 Gflops/s) - 3664 (4028610 Gflops/s) - 3620 (3980232 Gflops/s) - 3565 (3919758 Gflops/s) - 3664 (4028610 Gflops/s) - 3681 (4047302 Gflops/s) - 3602 (3960440 Gflops/s) - 3509 (3858186 Gflops/s) | Temperatures: 61°C - 62°C - 73°C - 73°C - 63°C - 62°C - 74°C - 75°C | Throttling: None - None - None - None - None - None - None - None
3691 (4058297 Gflops/s) - 3638 (4000023 Gflops/s) - 3612 (3971435 Gflops/s) - 3559 (3913161 Gflops/s) - 3655 (4018714 Gflops/s) - 3674 (4039605 Gflops/s) - 3595 (3952744 Gflops/s) - 3503 (3851589 Gflops/s) | Temperatures: 61°C - 62°C - 73°C - 73°C - 63°C - 62°C - 75°C - 75°C | Throttling: None - None - None - None - None - None - None - None
3696 (4063794 Gflops/s) - 3659 (4023113 Gflops/s) - 3620 (3980232 Gflops/s) - 3566 (3920858 Gflops/s) - 3664 (4028610 Gflops/s) - 3680 (4046202 Gflops/s) - 3599 (3957142 Gflops/s) - 3506 (3854887 Gflops/s) | Temperatures: 61°C - 62°C - 73°C - 73°C - 63°C - 61°C - 74°C - 75°C | Throttling: None - None - None - None - None - None - None - None
3696 (4063794 Gflops/s) - 3661 (4025312 Gflops/s) - 3613 (3972535 Gflops/s) - 3562 (3916460 Gflops/s) - 3658 (4022013 Gflops/s) - 3681 (4047302 Gflops/s) - 3598 (3956042 Gflops/s) - 3506 (3854887 Gflops/s) | Temperatures: 61°C - 62°C - 73°C - 73°C - 63°C - 62°C - 74°C - 75°C | Throttling: None - None - None - None - None - None - None - None
3694 (4061595 Gflops/s) - 3663 (4027511 Gflops/s) - 3617 (3976933 Gflops/s) - 3565 (3919758 Gflops/s) - 3668 (4033008 Gflops/s) - 3680 (4046202 Gflops/s) - 3601 (3959341 Gflops/s) - 3507 (3855987 Gflops/s) | Temperatures: 61°C - 62°C - 73°C - 73°C - 63°C - 61°C - 74°C - 75°C | Throttling: None - None - None - None - None - None - None - None
3692 (4059396 Gflops/s) - 3650 (4013217 Gflops/s) - 3612 (3971435 Gflops/s) - 3559 (3913161 Gflops/s) - 3658 (4022013 Gflops/s) - 3674 (4039605 Gflops/s) - 3596 (3953843 Gflops/s) - 3503 (3851589 Gflops/s) | Temperatures: 61°C - 62°C - 73°C - 73°C - 63°C - 61°C - 74°C - 75°C | Throttling: None - None - None - None - None - None - None - None
3695 (4062695 Gflops/s) - 3643 (4005520 Gflops/s) - 3616 (3975834 Gflops/s) - 3565 (3919758 Gflops/s) - 3661 (4025312 Gflops/s) - 3680 (4046202 Gflops/s) - 3599 (3957142 Gflops/s) - 3506 (3854887 Gflops/s) | Temperatures: 61°C - 62°C - 73°C - 73°C - 63°C - 62°C - 74°C - 75°C | Throttling: None - None - None - None - None - None - None - None
3695 (4062695 Gflops/s) - 3650 (4013217 Gflops/s) - 3615 (3974734 Gflops/s) - 3560 (3914261 Gflops/s) - 3666 (4030809 Gflops/s) - 3677 (4042904 Gflops/s) - 3599 (3957142 Gflops/s) - 3506 (3854887 Gflops/s) | Temperatures: 61°C - 62°C - 73°C - 73°C - 63°C - 61°C - 74°C - 75°C | Throttling: None - None - None - None - None - None - None - None
3697 (4064894 Gflops/s) - 3656 (4019814 Gflops/s) - 3618 (3978033 Gflops/s) - 3568 (3923057 Gflops/s) - 3658 (4022013 Gflops/s) - 3680 (4046202 Gflops/s) - 3598 (3956042 Gflops/s) - 3507 (3855987 Gflops/s) | Temperatures: 61°C - 62°C - 73°C - 73°C - 63°C - 61°C - 74°C - 75°C | Throttling: None - None - None - None - None - None - None - None
3692 (4059396 Gflops/s) - 3662 (4026411 Gflops/s) - 3613 (3972535 Gflops/s) - 3563 (3917559 Gflops/s) - 3659 (4023113 Gflops/s) - 3673 (4038506 Gflops/s) - 3597 (3954943 Gflops/s) - 3503 (3851589 Gflops/s) | Temperatures: 61°C - 62°C - 73°C - 73°C - 63°C - 61°C - 74°C - 75°C | Throttling: None - None - None - None - None - None - None - None
3690 (4057197 Gflops/s) - 3659 (4023113 Gflops/s) - 3614 (3973635 Gflops/s) - 3564 (3918659 Gflops/s) - 3654 (4017615 Gflops/s) - 3672 (4037406 Gflops/s) - 3595 (3952744 Gflops/s) - 3503 (3851589 Gflops/s) | Temperatures: 61°C - 62°C - 73°C - 73°C - 63°C - 61°C - 74°C - 75°C | Throttling: None - None - None - None - None - None - None - None
3697 (4064894 Gflops/s) - 3661 (4025312 Gflops/s) - 3619 (3979132 Gflops/s) - 3565 (3919758 Gflops/s) - 3663 (4027511 Gflops/s) - 3683 (4049501 Gflops/s) - 3600 (3958241 Gflops/s) - 3508 (3857086 Gflops/s) | Temperatures: 61°C - 62°C - 73°C - 73°C - 63°C - 62°C - 74°C - 75°C | Throttling: None - None - None - None - None - None - None - None
3695 (4062695 Gflops/s) - 3654 (4017615 Gflops/s) - 3616 (3975834 Gflops/s) - 3561 (3915360 Gflops/s) - 3664 (4028610 Gflops/s) - 3679 (4045103 Gflops/s) - 3600 (3958241 Gflops/s) - 3507 (3855987 Gflops/s) | Temperatures: 61°C - 62°C - 73°C - 73°C - 63°C - 62°C - 74°C - 75°C | Throttling: None - None - None - None - None - None - None - None
3694 (4061595 Gflops/s) - 3659 (4023113 Gflops/s) - 3619 (3979132 Gflops/s) - 3562 (3916460 Gflops/s) - 3658 (4022013 Gflops/s) - 3678 (4044003 Gflops/s) - 3600 (3958241 Gflops/s) - 3506 (3854887 Gflops/s) | Temperatures: 61°C - 62°C - 73°C - 73°C - 63°C - 61°C - 74°C - 75°C | Throttling: None - None - None - None - None - None - None - None
3690 (4057197 Gflops/s) - 3657 (4020914 Gflops/s) - 3610 (3969236 Gflops/s) - 3558 (3912062 Gflops/s) - 3654 (4017615 Gflops/s) - 3675 (4040705 Gflops/s) - 3594 (3951644 Gflops/s) - 3502 (3850489 Gflops/s) | Temperatures: 61°C - 62°C - 73°C - 73°C - 63°C - 61°C - 74°C - 75°C | Throttling: None - None - None - None - None - None - None - None
3695 (4062695 Gflops/s) - 3654 (4017615 Gflops/s) - 3619 (3979132 Gflops/s) - 3565 (3919758 Gflops/s) - 3659 (4023113 Gflops/s) - 3679 (4045103 Gflops/s) - 3602 (3960440 Gflops/s) - 3508 (3857086 Gflops/s) | Temperatures: 61°C - 62°C - 73°C - 73°C - 63°C - 62°C - 74°C - 75°C | Throttling: None - None - None - None - None - None - None - None
3694 (4061595 Gflops/s) - 3670 (4035207 Gflops/s) - 3613 (3972535 Gflops/s) - 3557 (3910962 Gflops/s) - 3659 (4023113 Gflops/s) - 3677 (4042904 Gflops/s) - 3597 (3954943 Gflops/s) - 3504 (3852688 Gflops/s) | Temperatures: 61°C - 62°C - 73°C - 73°C - 63°C - 62°C - 75°C - 75°C | Throttling: None - None - None - None - None - None - None - None
3693 (4060496 Gflops/s) - 3660 (4024212 Gflops/s) - 3615 (3974734 Gflops/s) - 3558 (3912062 Gflops/s) - 3659 (4023113 Gflops/s) - 3678 (4044003 Gflops/s) - 3596 (3953843 Gflops/s) - 3504 (3852688 Gflops/s) | Temperatures: 61°C - 62°C - 73°C - 73°C - 63°C - 62°C - 74°C - 75°C | Throttling: None - None - None - None - None - None - None - None
3695 (4062695 Gflops/s) - 3660 (4024212 Gflops/s) - 3616 (3975834 Gflops/s) - 3562 (3916460 Gflops/s) - 3661 (4025312 Gflops/s) - 3676 (4041804 Gflops/s) - 3597 (3954943 Gflops/s) - 3505 (3853788 Gflops/s) | Temperatures: 61°C - 62°C - 73°C - 73°C - 63°C - 61°C - 74°C - 75°C | Throttling: None - None - None - None - None - None - None - None
3697 (4064894 Gflops/s) - 3668 (4033008 Gflops/s) - 3618 (3978033 Gflops/s) - 3572 (3927455 Gflops/s) - 3662 (4026411 Gflops/s) - 3682 (4048401 Gflops/s) - 3601 (3959341 Gflops/s) - 3508 (3857086 Gflops/s) | Temperatures: 61°C - 62°C - 73°C - 73°C - 63°C - 61°C - 74°C - 75°C | Throttling: None - None - None - None - None - None - None - None
3694 (4061595 Gflops/s) - 3665 (4029710 Gflops/s) - 3614 (3973635 Gflops/s) - 3561 (3915360 Gflops/s) - 3661 (4025312 Gflops/s) - 3678 (4044003 Gflops/s) - 3597 (3954943 Gflops/s) - 3505 (3853788 Gflops/s) | Temperatures: 61°C - 62°C - 73°C - 73°C - 63°C - 61°C - 74°C - 75°C | Throttling: None - None - None - None - None - None - None - None
3692 (4059396 Gflops/s) - 3649 (4012117 Gflops/s) - 3614 (3973635 Gflops/s) - 3557 (3910962 Gflops/s) - 3658 (4022013 Gflops/s) - 3675 (4040705 Gflops/s) - 3597 (3954943 Gflops/s) - 3503 (3851589 Gflops/s) | Temperatures: 61°C - 62°C - 73°C - 73°C - 63°C - 62°C - 74°C - 75°C | Throttling: None - None - None - None - None - None - None - None
3695 (4062695 Gflops/s) - 3654 (4017615 Gflops/s) - 3615 (3974734 Gflops/s) - 3559 (3913161 Gflops/s) - 3659 (4023113 Gflops/s) - 3680 (4046202 Gflops/s) - 3599 (3957142 Gflops/s) - 3506 (3854887 Gflops/s) | Temperatures: 61°C - 62°C - 73°C - 73°C - 63°C - 61°C - 74°C - 75°C | Throttling: None - None - None - None - None - None - None - None
3696 (4063794 Gflops/s) - 3662 (4026411 Gflops/s) - 3616 (3975834 Gflops/s) - 3560 (3914261 Gflops/s) - 3657 (4020914 Gflops/s) - 3676 (4041804 Gflops/s) - 3596 (3953843 Gflops/s) - 3506 (3854887 Gflops/s) | Temperatures: 61°C - 62°C - 73°C - 73°C - 63°C - 61°C - 74°C - 75°C | Throttling: None - None - None - None - None - None - None - None
3697 (4064894 Gflops/s) - 3670 (4035207 Gflops/s) - 3615 (3974734 Gflops/s) - 3562 (3916460 Gflops/s) - 3662 (4026411 Gflops/s) - 3676 (4041804 Gflops/s) - 3601 (3959341 Gflops/s) - 3506 (3854887 Gflops/s) | Temperatures: 61°C - 62°C - 73°C - 73°C - 63°C - 62°C - 74°C - 75°C | Throttling: None - None - None - None - None - None - None - None
3711 (4080287 Gflops/s) - 3672 (4037406 Gflops/s) - 3631 (3992326 Gflops/s) - 3583 (3939550 Gflops/s) - 3671 (4036307 Gflops/s) - 3693 (4060496 Gflops/s) - 3614 (3973635 Gflops/s) - 3521 (3871380 Gflops/s) | Temperatures: 61°C - 62°C - 73°C - 73°C - 63°C - 61°C - 74°C - 75°C | Throttling: None - None - None - None - None - None - None - None
3887 (4273801 Gflops/s) - 3841 (4223224 Gflops/s) - 3802 (4180343 Gflops/s) - 3746 (4118770 Gflops/s) - 3852 (4235318 Gflops/s) - 3868 (4252910 Gflops/s) - 3785 (4161651 Gflops/s) - 3687 (4053899 Gflops/s) | Temperatures: 61°C - 62°C - 73°C - 73°C - 63°C - 61°C - 74°C - 75°C | Throttling: None - None - None - None - None - None - None - None
3887 (4273801 Gflops/s) - 3844 (4226522 Gflops/s) - 3801 (4179243 Gflops/s) - 3744 (4116571 Gflops/s) - 3850 (4233119 Gflops/s) - 3869 (4254010 Gflops/s) - 3786 (4162751 Gflops/s) - 3687 (4053899 Gflops/s) | Temperatures: 61°C - 62°C - 73°C - 73°C - 63°C - 61°C - 74°C - 75°C | Throttling: None - None - None - None - None - None - None - None
3887 (4273801 Gflops/s) - 3845 (4227622 Gflops/s) - 3804 (4182542 Gflops/s) - 3750 (4123168 Gflops/s) - 3848 (4230920 Gflops/s) - 3869 (4254010 Gflops/s) - 3784 (4160551 Gflops/s) - 3687 (4053899 Gflops/s) | Temperatures: 61°C - 62°C - 73°C - 73°C - 63°C - 61°C - 74°C - 75°C | Throttling: None - None - None - None - None - None - None - None
3888 (4274901 Gflops/s) - 3841 (4223224 Gflops/s) - 3806 (4184741 Gflops/s) - 3743 (4115472 Gflops/s) - 3850 (4233119 Gflops/s) - 3868 (4252910 Gflops/s) - 3784 (4160551 Gflops/s) - 3687 (4053899 Gflops/s) | Temperatures: 61°C - 62°C - 73°C - 73°C - 63°C - 61°C - 74°C - 75°C | Throttling: None - None - None - None - None - None - None - None
3887 (4273801 Gflops/s) - 3846 (4228721 Gflops/s) - 3807 (4185840 Gflops/s) - 3746 (4118770 Gflops/s) - 3846 (4228721 Gflops/s) - 3871 (4256209 Gflops/s) - 3788 (4164950 Gflops/s) - 3687 (4053899 Gflops/s) | Temperatures: 61°C - 62°C - 73°C - 73°C - 63°C - 61°C - 74°C - 75°C | Throttling: None - None - None - None - None - None - None - None
3886 (4272702 Gflops/s) - 3832 (4213328 Gflops/s) - 3801 (4179243 Gflops/s) - 3745 (4117671 Gflops/s) - 3853 (4236418 Gflops/s) - 3867 (4251811 Gflops/s) - 3783 (4159452 Gflops/s) - 3687 (4053899 Gflops/s) | Temperatures: 61°C - 62°C - 73°C - 73°C - 63°C - 61°C - 74°C - 75°C | Throttling: None - None - None - None - None - None - None - None
3889 (4276000 Gflops/s) - 3845 (4227622 Gflops/s) - 3802 (4180343 Gflops/s) - 3748 (4120969 Gflops/s) - 3852 (4235318 Gflops/s) - 3869 (4254010 Gflops/s) - 3785 (4161651 Gflops/s) - 3688 (4054998 Gflops/s) | Temperatures: 61°C - 62°C - 73°C - 73°C - 63°C - 61°C - 74°C - 75°C | Throttling: None - None - None - None - None - None - None - None
3886 (4272702 Gflops/s) - 3852 (4235318 Gflops/s) - 3804 (4182542 Gflops/s) - 3748 (4120969 Gflops/s) - 3852 (4235318 Gflops/s) - 3867 (4251811 Gflops/s) - 3787 (4163850 Gflops/s) - 3688 (4054998 Gflops/s) | Temperatures: 61°C - 62°C - 73°C - 73°C - 63°C - 61°C - 74°C - 75°C | Throttling: None - None - None - None - None - None - None - None
3887 (4273801 Gflops/s) - 3847 (4229821 Gflops/s) - 3804 (4182542 Gflops/s) - 3746 (4118770 Gflops/s) - 3853 (4236418 Gflops/s) - 3870 (4255109 Gflops/s) - 3785 (4161651 Gflops/s) - 3687 (4053899 Gflops/s) | Temperatures: 61°C - 62°C - 73°C - 73°C - 63°C - 61°C - 74°C - 75°C | Throttling: None - None - None - None - None - None - None - None
3886 (4272702 Gflops/s) - 3853 (4236418 Gflops/s) - 3802 (4180343 Gflops/s) - 3743 (4115472 Gflops/s) - 3851 (4234219 Gflops/s) - 3868 (4252910 Gflops/s) - 3786 (4162751 Gflops/s) - 3687 (4053899 Gflops/s) | Temperatures: 61°C - 62°C - 73°C - 73°C - 63°C - 62°C - 74°C - 75°C | Throttling: None - None - None - None - None - None - None - None
3887 (4273801 Gflops/s) - 3834 (4215527 Gflops/s) - 3805 (4183641 Gflops/s) - 3745 (4117671 Gflops/s) - 3849 (4232020 Gflops/s) - 3867 (4251811 Gflops/s) - 3785 (4161651 Gflops/s) - 3689 (4056098 Gflops/s) | Temperatures: 61°C - 62°C - 73°C - 73°C - 63°C - 61°C - 74°C - 75°C | Throttling: None - None - None - None - None - None - None - None
3887 (4273801 Gflops/s) - 3849 (4232020 Gflops/s) - 3804 (4182542 Gflops/s) - 3746 (4118770 Gflops/s) - 3850 (4233119 Gflops/s) - 3867 (4251811 Gflops/s) - 3785 (4161651 Gflops/s) - 3688 (4054998 Gflops/s) | Temperatures: 61°C - 62°C - 73°C - 73°C - 63°C - 61°C - 74°C - 75°C | Throttling: None - None - None - None - None - None - None - None
3883 (4269403 Gflops/s) - 3850 (4233119 Gflops/s) - 3801 (4179243 Gflops/s) - 3740 (4112173 Gflops/s) - 3850 (4233119 Gflops/s) - 3864 (4248512 Gflops/s) - 3784 (4160551 Gflops/s) - 3684 (4050600 Gflops/s) | Temperatures: 61°C - 62°C - 73°C - 73°C - 63°C - 62°C - 74°C - 75°C | Throttling: None - None - None - None - None - None - None - None
3887 (4273801 Gflops/s) - 3839 (4221025 Gflops/s) - 3805 (4183641 Gflops/s) - 3747 (4119870 Gflops/s) - 3850 (4233119 Gflops/s) - 3867 (4251811 Gflops/s) - 3785 (4161651 Gflops/s) - 3687 (4053899 Gflops/s) | Temperatures: 61°C - 62°C - 73°C - 73°C - 63°C - 61°C - 74°C - 75°C | Throttling: None - None - None - None - None - None - None - None
3888 (4274901 Gflops/s) - 3842 (4224323 Gflops/s) - 3804 (4182542 Gflops/s) - 3743 (4115472 Gflops/s) - 3849 (4232020 Gflops/s) - 3869 (4254010 Gflops/s) - 3786 (4162751 Gflops/s) - 3687 (4053899 Gflops/s) | Temperatures: 61°C - 62°C - 73°C - 73°C - 63°C - 61°C - 75°C - 75°C | Throttling: None - None - None - None - None - None - None - None
3871 (4256209 Gflops/s) - 3832 (4213328 Gflops/s) - 3787 (4163850 Gflops/s) - 3730 (4101178 Gflops/s) - 3835 (4216627 Gflops/s) - 3851 (4234219 Gflops/s) - 3770 (4145158 Gflops/s) - 3672 (4037406 Gflops/s) | Temperatures: 61°C - 62°C - 73°C - 73°C - 63°C - 61°C - 74°C - 75°C | Throttling: None - None - None - None - None - None - None - None
3697 (4064894 Gflops/s) - 3654 (4017615 Gflops/s) - 3618 (3978033 Gflops/s) - 3561 (3915360 Gflops/s) - 3661 (4025312 Gflops/s) - 3679 (4045103 Gflops/s) - 3600 (3958241 Gflops/s) - 3505 (3853788 Gflops/s) | Temperatures: 61°C - 62°C - 73°C - 73°C - 63°C - 62°C - 74°C - 75°C | Throttling: None - None - None - None - None - None - None - None
3695 (4062695 Gflops/s) - 3662 (4026411 Gflops/s) - 3618 (3978033 Gflops/s) - 3558 (3912062 Gflops/s) - 3665 (4029710 Gflops/s) - 3678 (4044003 Gflops/s) - 3599 (3957142 Gflops/s) - 3506 (3854887 Gflops/s) | Temperatures: 61°C - 62°C - 73°C - 73°C - 63°C - 61°C - 74°C - 75°C | Throttling: None - None - None - None - None - None - None - None
3695 (4062695 Gflops/s) - 3660 (4024212 Gflops/s) - 3618 (3978033 Gflops/s) - 3559 (3913161 Gflops/s) - 3659 (4023113 Gflops/s) - 3678 (4044003 Gflops/s) - 3598 (3956042 Gflops/s) - 3506 (3854887 Gflops/s) | Temperatures: 61°C - 62°C - 73°C - 73°C - 63°C - 61°C - 74°C - 75°C | Throttling: None - None - None - None - None - None - None - None
3694 (4061595 Gflops/s) - 3653 (4016515 Gflops/s) - 3618 (3978033 Gflops/s) - 3562 (3916460 Gflops/s) - 3663 (4027511 Gflops/s) - 3678 (4044003 Gflops/s) - 3599 (3957142 Gflops/s) - 3506 (3854887 Gflops/s) | Temperatures: 61°C - 62°C - 73°C - 73°C - 63°C - 61°C - 74°C - 75°C | Throttling: None - None - None - None - None - None - None - None
3694 (4061595 Gflops/s) - 3657 (4020914 Gflops/s) - 3617 (3976933 Gflops/s) - 3562 (3916460 Gflops/s) - 3659 (4023113 Gflops/s) - 3677 (4042904 Gflops/s) - 3598 (3956042 Gflops/s) - 3506 (3854887 Gflops/s) | Temperatures: 61°C - 62°C - 73°C - 73°C - 63°C - 61°C - 74°C - 75°C | Throttling: None - None - None - None - None - None - None - None
3696 (4063794 Gflops/s) - 3650 (4013217 Gflops/s) - 3615 (3974734 Gflops/s) - 3562 (3916460 Gflops/s) - 3659 (4023113 Gflops/s) - 3679 (4045103 Gflops/s) - 3599 (3957142 Gflops/s) - 3506 (3854887 Gflops/s) | Temperatures: 61°C - 62°C - 73°C - 73°C - 63°C - 61°C - 74°C - 75°C | Throttling: None - None - None - None - None - None - None - None
3694 (4061595 Gflops/s) - 3660 (4024212 Gflops/s) - 3613 (3972535 Gflops/s) - 3563 (3917559 Gflops/s) - 3665 (4029710 Gflops/s) - 3677 (4042904 Gflops/s) - 3598 (3956042 Gflops/s) - 3506 (3854887 Gflops/s) | Temperatures: 61°C - 62°C - 73°C - 73°C - 63°C - 61°C - 74°C - 75°C | Throttling: None - None - None - None - None - None - None - None
3695 (4062695 Gflops/s) - 3666 (4030809 Gflops/s) - 3617 (3976933 Gflops/s) - 3564 (3918659 Gflops/s) - 3657 (4020914 Gflops/s) - 3678 (4044003 Gflops/s) - 3598 (3956042 Gflops/s) - 3507 (3855987 Gflops/s) | Temperatures: 61°C - 62°C - 73°C - 73°C - 63°C - 61°C - 74°C - 75°C | Throttling: None - None - None - None - None - None - None - None
3696 (4063794 Gflops/s) - 3671 (4036307 Gflops/s) - 3614 (3973635 Gflops/s) - 3565 (3919758 Gflops/s) - 3657 (4020914 Gflops/s) - 3677 (4042904 Gflops/s) - 3599 (3957142 Gflops/s) - 3505 (3853788 Gflops/s) | Temperatures: 61°C - 62°C - 73°C - 73°C - 63°C - 61°C - 74°C - 75°C | Throttling: None - None - None - None - None - None - None - None
3692 (4059396 Gflops/s) - 3660 (4024212 Gflops/s) - 3616 (3975834 Gflops/s) - 3558 (3912062 Gflops/s) - 3661 (4025312 Gflops/s) - 3675 (4040705 Gflops/s) - 3597 (3954943 Gflops/s) - 3504 (3852688 Gflops/s) | Temperatures: 61°C - 62°C - 73°C - 73°C - 63°C - 61°C - 74°C - 75°C | Throttling: None - None - None - None - None - None - None - None
3697 (4064894 Gflops/s) - 3660 (4024212 Gflops/s) - 3618 (3978033 Gflops/s) - 3563 (3917559 Gflops/s) - 3662 (4026411 Gflops/s) - 3681 (4047302 Gflops/s) - 3602 (3960440 Gflops/s) - 3509 (3858186 Gflops/s) | Temperatures: 61°C - 62°C - 73°C - 73°C - 63°C - 62°C - 74°C - 75°C | Throttling: None - None - None - None - None - None - None - None
3695 (4062695 Gflops/s) - 3653 (4016515 Gflops/s) - 3617 (3976933 Gflops/s) - 3567 (3921957 Gflops/s) - 3659 (4023113 Gflops/s) - 3676 (4041804 Gflops/s) - 3598 (3956042 Gflops/s) - 3504 (3852688 Gflops/s) | Temperatures: 61°C - 62°C - 73°C - 73°C - 63°C - 61°C - 74°C - 75°C | Throttling: None - None - None - None - None - None - None - None
3695 (4062695 Gflops/s) - 3664 (4028610 Gflops/s) - 3617 (3976933 Gflops/s) - 3559 (3913161 Gflops/s) - 3663 (4027511 Gflops/s) - 3679 (4045103 Gflops/s) - 3602 (3960440 Gflops/s) - 3506 (3854887 Gflops/s) | Temperatures: 61°C - 62°C - 73°C - 73°C - 63°C - 62°C - 74°C - 75°C | Throttling: None - None - None - None - None - None - None - None
3697 (4064894 Gflops/s) - 3645 (4007719 Gflops/s) - 3617 (3976933 Gflops/s) - 3564 (3918659 Gflops/s) - 3657 (4020914 Gflops/s) - 3679 (4045103 Gflops/s) - 3598 (3956042 Gflops/s) - 3506 (3854887 Gflops/s) | Temperatures: 61°C - 62°C - 73°C - 73°C - 63°C - 61°C - 74°C - 75°C | Throttling: None - None - None - None - None - None - None - None
3695 (4062695 Gflops/s) - 3659 (4023113 Gflops/s) - 3618 (3978033 Gflops/s) - 3561 (3915360 Gflops/s) - 3662 (4026411 Gflops/s) - 3676 (4041804 Gflops/s) - 3600 (3958241 Gflops/s) - 3505 (3853788 Gflops/s) | Temperatures: 61°C - 62°C - 73°C - 73°C - 63°C - 61°C - 74°C - 75°C | Throttling: None - None - None - None - None - None - None - None
3694 (4061595 Gflops/s) - 3649 (4012117 Gflops/s) - 3619 (3979132 Gflops/s) - 3559 (3913161 Gflops/s) - 3664 (4028610 Gflops/s) - 3679 (4045103 Gflops/s) - 3600 (3958241 Gflops/s) - 3505 (3853788 Gflops/s) | Temperatures: 61°C - 62°C - 73°C - 73°C - 63°C - 62°C - 75°C - 75°C | Throttling: None - None - None - None - None - None - None - None
3692 (4059396 Gflops/s) - 3652 (4015416 Gflops/s) - 3617 (3976933 Gflops/s) - 3562 (3916460 Gflops/s) - 3658 (4022013 Gflops/s) - 3679 (4045103 Gflops/s) - 3599 (3957142 Gflops/s) - 3506 (3854887 Gflops/s) | Temperatures: 61°C - 62°C - 73°C - 73°C - 63°C - 61°C - 74°C - 75°C | Throttling: None - None - None - None - None - None - None - None
3694 (4061595 Gflops/s) - 3653 (4016515 Gflops/s) - 3612 (3971435 Gflops/s) - 3558 (3912062 Gflops/s) - 3661 (4025312 Gflops/s) - 3678 (4044003 Gflops/s) - 3598 (3956042 Gflops/s) - 3506 (3854887 Gflops/s) | Temperatures: 61°C - 62°C - 73°C - 73°C - 63°C - 61°C - 74°C - 75°C | Throttling: None - None - None - None - None - None - None - None
3696 (4063794 Gflops/s) - 3658 (4022013 Gflops/s) - 3617 (3976933 Gflops/s) - 3563 (3917559 Gflops/s) - 3661 (4025312 Gflops/s) - 3679 (4045103 Gflops/s) - 3598 (3956042 Gflops/s) - 3506 (3854887 Gflops/s) | Temperatures: 61°C - 62°C - 73°C - 73°C - 63°C - 61°C - 74°C - 75°C | Throttling: None - None - None - None - None - None - None - None
3696 (4063794 Gflops/s) - 3663 (4027511 Gflops/s) - 3614 (3973635 Gflops/s) - 3560 (3914261 Gflops/s) - 3660 (4024212 Gflops/s) - 3678 (4044003 Gflops/s) - 3598 (3956042 Gflops/s) - 3505 (3853788 Gflops/s) | Temperatures: 61°C - 62°C - 73°C - 73°C - 63°C - 61°C - 74°C - 75°C | Throttling: None - None - None - None - None - None - None - None
3696 (4063794 Gflops/s) - 3658 (4022013 Gflops/s) - 3615 (3974734 Gflops/s) - 3559 (3913161 Gflops/s) - 3661 (4025312 Gflops/s) - 3678 (4044003 Gflops/s) - 3598 (3956042 Gflops/s) - 3507 (3855987 Gflops/s) | Temperatures: 61°C - 62°C - 73°C - 73°C - 63°C - 61°C - 74°C - 75°C | Throttling: None - None - None - None - None - None - None - None
3124 (3434874 Gflops/s) - 3230 (3551422 Gflops/s) - 2736 (3008263 Gflops/s) - 2195 (2413428 Gflops/s) - 2948 (3241360 Gflops/s) - 2245 (2468403 Gflops/s) - 2528 (2779565 Gflops/s) - 3138 (3450267 Gflops/s) | Temperatures: 61°C - 62°C - 73°C - 65°C - 63°C - 53°C - 67°C - 75°C | Throttling: None - None - None - None - None - None - None - None
GPU #0: 4057746 Gflops/s (min: 3434874.33, max: 4436529.42, dev: 4057745.79)
         Temperature: 60.75°C (min: 56.00, max: 61.00)
         Throttling HW: false, Thermal SW: false, Thermal HW: false
GPU #1: 4017480 Gflops/s (min: 3551422.56, max: 4398046.51, dev: 4017480.39)
         Temperature: 61.70°C (min: 57.00, max: 62.00)
         Throttling HW: false, Thermal SW: false, Thermal HW: false
GPU #2: 3970712 Gflops/s (min: 3008263.81, max: 4340871.91, dev: 3970711.75)
         Temperature: 72.42°C (min: 66.00, max: 73.00)
         Throttling HW: false, Thermal SW: false, Thermal HW: false
GPU #3: 3914794 Gflops/s (min: 2413428.02, max: 4278199.74, dev: 3914794.26)
         Temperature: 72.32°C (min: 65.00, max: 73.00)
         Throttling HW: false, Thermal SW: false, Thermal HW: false
GPU #4: 4019848 Gflops/s (min: 3241360.28, max: 4396947.00, dev: 4019848.28)
         Temperature: 62.77°C (min: 58.00, max: 63.00)
         Throttling HW: false, Thermal SW: false, Thermal HW: false
GPU #5: 4036487 Gflops/s (min: 2468403.60, max: 4415638.70, dev: 4036487.31)
         Temperature: 61.01°C (min: 53.00, max: 62.00)
         Throttling HW: false, Thermal SW: false, Thermal HW: false
GPU #6: 3956009 Gflops/s (min: 2779565.40, max: 4323279.72, dev: 3956009.06)
         Temperature: 73.49°C (min: 67.00, max: 75.00)
         Throttling HW: false, Thermal SW: false, Thermal HW: false
GPU #7: 3875024 Gflops/s (min: 3450267.49, max: 4208930.51, dev: 3875024.22)
         Temperature: 74.20°C (min: 67.00, max: 75.00)
         Throttling HW: false, Thermal SW: false, Thermal HW: false
All GPUs seem healthy
Freeing GPUs...
