Node = node5801-c1
GPU 0: NVIDIA B200 (UUID: GPU-aaf42b44-396d-e301-3c32-fede50dbb54a)
GPU 1: NVIDIA B200 (UUID: GPU-abadb9e5-4ae0-680a-39cf-a87ab214c0ac)
GPU 2: NVIDIA B200 (UUID: GPU-777afd21-4836-2583-8204-c4a4eacad4e8)
GPU 3: NVIDIA B200 (UUID: GPU-b673c9b7-7f4b-4bb6-4be3-936fc9726392)
GPU 4: NVIDIA B200 (UUID: GPU-4d7b2543-eca7-c057-8296-e48ea748ed37)
GPU 5: NVIDIA B200 (UUID: GPU-9dfd3021-be88-8600-dde7-0a692b45ad5d)
GPU 6: NVIDIA B200 (UUID: GPU-0749bac1-026e-a8d2-c5b9-a78cc22c6e7c)
GPU 7: NVIDIA B200 (UUID: GPU-8cd3bb5b-c509-03bc-1af6-1dcc9e8f6e03)
======== Run with fp32 ==========
Detected GPU #0: "NVIDIA B200" (aaf42b44-396d-e301-3c32-fede50dbb54a)
Detected GPU #1: "NVIDIA B200" (abadb9e5-4ae0-680a-39cf-a87ab214c0ac)
Detected GPU #2: "NVIDIA B200" (777afd21-4836-2583-8204-c4a4eacad4e8)
Detected GPU #3: "NVIDIA B200" (b673c9b7-7f4b-4bb6-4be3-936fc9726392)
Detected GPU #4: "NVIDIA B200" (4d7b2543-eca7-c057-8296-e48ea748ed37)
Detected GPU #5: "NVIDIA B200" (9dfd3021-be88-8600-dde7-0a692b45ad5d)
Detected GPU #6: "NVIDIA B200" (0749bac1-026e-a8d2-c5b9-a78cc22c6e7c)
Detected GPU #7: "NVIDIA B200" (8cd3bb5b-c509-03bc-1af6-1dcc9e8f6e03)
Using precision(s): FP32  
Creating random matrices
Matrices created
GPU #0: Using 163805 MB
GPU #1: Using 163805 MB
GPU #2: Using 163805 MB
GPU #3: Using 163805 MB
GPU #4: Using 163805 MB
GPU #5: Using 163805 MB
GPU #6: Using 163805 MB
GPU #7: Using 163805 MB
971 (1067625 Gflops/s) - 969 (1065426 Gflops/s) - 969 (1065426 Gflops/s) - 876 (963172 Gflops/s) - 884 (971968 Gflops/s) - 849 (933485 Gflops/s) - 835 (918092 Gflops/s) - 829 (911495 Gflops/s) | Temperatures: 45°C - 47°C - 53°C - 49°C - 46°C - 44°C - 48°C - 50°C | Throttling: None - None - None - None - None - None - None - None
703 (772956 Gflops/s) - 700 (769658 Gflops/s) - 698 (767459 Gflops/s) - 704 (774056 Gflops/s) - 713 (783951 Gflops/s) - 705 (775155 Gflops/s) - 691 (759762 Gflops/s) - 699 (768558 Gflops/s) | Temperatures: 49°C - 50°C - 56°C - 53°C - 51°C - 48°C - 53°C - 54°C | Throttling: None - None - None - None - None - None - None - None
700 (769658 Gflops/s) - 697 (766359 Gflops/s) - 698 (767459 Gflops/s) - 706 (776255 Gflops/s) - 707 (777354 Gflops/s) - 698 (767459 Gflops/s) - 685 (753165 Gflops/s) - 691 (759762 Gflops/s) | Temperatures: 50°C - 51°C - 57°C - 55°C - 52°C - 50°C - 55°C - 56°C | Throttling: None - None - None - None - None - None - None - None
699 (768558 Gflops/s) - 696 (765260 Gflops/s) - 697 (766359 Gflops/s) - 688 (756463 Gflops/s) - 706 (776255 Gflops/s) - 696 (765260 Gflops/s) - 688 (756463 Gflops/s) - 692 (760862 Gflops/s) | Temperatures: 51°C - 52°C - 58°C - 55°C - 53°C - 51°C - 56°C - 57°C | Throttling: None - None - None - None - None - None - None - None
697 (766359 Gflops/s) - 696 (765260 Gflops/s) - 695 (764160 Gflops/s) - 696 (765260 Gflops/s) - 705 (775155 Gflops/s) - 697 (766359 Gflops/s) - 688 (756463 Gflops/s) - 692 (760862 Gflops/s) | Temperatures: 52°C - 52°C - 58°C - 56°C - 54°C - 51°C - 57°C - 57°C | Throttling: None - None - None - None - None - None - None - None
697 (766359 Gflops/s) - 695 (764160 Gflops/s) - 695 (764160 Gflops/s) - 697 (766359 Gflops/s) - 705 (775155 Gflops/s) - 695 (764160 Gflops/s) - 686 (754264 Gflops/s) - 691 (759762 Gflops/s) | Temperatures: 52°C - 53°C - 59°C - 57°C - 54°C - 52°C - 57°C - 58°C | Throttling: None - None - None - None - None - None - None - None
696 (765260 Gflops/s) - 696 (765260 Gflops/s) - 694 (763061 Gflops/s) - 697 (766359 Gflops/s) - 706 (776255 Gflops/s) - 695 (764160 Gflops/s) - 685 (753165 Gflops/s) - 691 (759762 Gflops/s) | Temperatures: 53°C - 53°C - 60°C - 57°C - 55°C - 52°C - 58°C - 58°C | Throttling: None - None - None - None - None - None - None - None
696 (765260 Gflops/s) - 695 (764160 Gflops/s) - 694 (763061 Gflops/s) - 696 (765260 Gflops/s) - 706 (776255 Gflops/s) - 695 (764160 Gflops/s) - 686 (754264 Gflops/s) - 691 (759762 Gflops/s) | Temperatures: 53°C - 53°C - 60°C - 58°C - 55°C - 52°C - 58°C - 59°C | Throttling: None - None - None - None - None - None - None - None
697 (766359 Gflops/s) - 694 (763061 Gflops/s) - 692 (760862 Gflops/s) - 696 (765260 Gflops/s) - 707 (777354 Gflops/s) - 693 (761961 Gflops/s) - 685 (753165 Gflops/s) - 691 (759762 Gflops/s) | Temperatures: 54°C - 54°C - 61°C - 58°C - 56°C - 53°C - 59°C - 59°C | Throttling: None - None - None - None - None - None - None - None
695 (764160 Gflops/s) - 694 (763061 Gflops/s) - 694 (763061 Gflops/s) - 695 (764160 Gflops/s) - 706 (776255 Gflops/s) - 694 (763061 Gflops/s) - 683 (750966 Gflops/s) - 691 (759762 Gflops/s) | Temperatures: 54°C - 54°C - 61°C - 59°C - 56°C - 53°C - 59°C - 60°C | Throttling: None - None - None - None - None - None - None - None
696 (765260 Gflops/s) - 694 (763061 Gflops/s) - 692 (760862 Gflops/s) - 694 (763061 Gflops/s) - 706 (776255 Gflops/s) - 694 (763061 Gflops/s) - 683 (750966 Gflops/s) - 690 (758663 Gflops/s) | Temperatures: 54°C - 55°C - 62°C - 59°C - 56°C - 54°C - 59°C - 60°C | Throttling: None - None - None - None - None - None - None - None
693 (761961 Gflops/s) - 696 (765260 Gflops/s) - 692 (760862 Gflops/s) - 693 (761961 Gflops/s) - 705 (775155 Gflops/s) - 692 (760862 Gflops/s) - 687 (755364 Gflops/s) - 689 (757563 Gflops/s) | Temperatures: 55°C - 55°C - 62°C - 60°C - 57°C - 54°C - 60°C - 61°C | Throttling: None - None - None - None - None - None - None - None
696 (765260 Gflops/s) - 695 (764160 Gflops/s) - 691 (759762 Gflops/s) - 693 (761961 Gflops/s) - 706 (776255 Gflops/s) - 693 (761961 Gflops/s) - 678 (745468 Gflops/s) - 689 (757563 Gflops/s) | Temperatures: 55°C - 55°C - 62°C - 60°C - 57°C - 54°C - 60°C - 61°C | Throttling: None - None - None - None - None - None - None - None
696 (765260 Gflops/s) - 695 (764160 Gflops/s) - 691 (759762 Gflops/s) - 693 (761961 Gflops/s) - 705 (775155 Gflops/s) - 691 (759762 Gflops/s) - 681 (748767 Gflops/s) - 689 (757563 Gflops/s) | Temperatures: 55°C - 56°C - 63°C - 60°C - 57°C - 55°C - 61°C - 62°C | Throttling: None - None - None - None - None - None - None - None
697 (766359 Gflops/s) - 694 (763061 Gflops/s) - 690 (758663 Gflops/s) - 693 (761961 Gflops/s) - 705 (775155 Gflops/s) - 693 (761961 Gflops/s) - 680 (747667 Gflops/s) - 688 (756463 Gflops/s) | Temperatures: 56°C - 56°C - 63°C - 61°C - 58°C - 55°C - 61°C - 62°C | Throttling: None - None - None - None - None - None - None - None
701 (770757 Gflops/s) - 692 (760862 Gflops/s) - 688 (756463 Gflops/s) - 689 (757563 Gflops/s) - 702 (771857 Gflops/s) - 694 (763061 Gflops/s) - 679 (746568 Gflops/s) - 685 (753165 Gflops/s) | Temperatures: 56°C - 56°C - 64°C - 61°C - 58°C - 55°C - 61°C - 62°C | Throttling: None - None - None - None - None - None - None - None
675 (742170 Gflops/s) - 675 (742170 Gflops/s) - 674 (741070 Gflops/s) - 674 (741070 Gflops/s) - 687 (755364 Gflops/s) - 681 (748767 Gflops/s) - 662 (727876 Gflops/s) - 669 (735573 Gflops/s) | Temperatures: 56°C - 57°C - 64°C - 61°C - 58°C - 56°C - 62°C - 63°C | Throttling: None - None - None - None - None - None - None - None
687 (755364 Gflops/s) - 683 (750966 Gflops/s) - 679 (746568 Gflops/s) - 680 (747667 Gflops/s) - 693 (761961 Gflops/s) - 686 (754264 Gflops/s) - 670 (736672 Gflops/s) - 676 (743269 Gflops/s) | Temperatures: 57°C - 56°C - 64°C - 62°C - 59°C - 56°C - 62°C - 63°C | Throttling: None - None - None - None - None - None - None - None
687 (755364 Gflops/s) - 683 (750966 Gflops/s) - 682 (749866 Gflops/s) - 680 (747667 Gflops/s) - 693 (761961 Gflops/s) - 688 (756463 Gflops/s) - 669 (735573 Gflops/s) - 675 (742170 Gflops/s) | Temperatures: 57°C - 57°C - 65°C - 62°C - 59°C - 56°C - 63°C - 63°C | Throttling: None - None - None - None - None - None - None - None
685 (753165 Gflops/s) - 682 (749866 Gflops/s) - 679 (746568 Gflops/s) - 680 (747667 Gflops/s) - 692 (760862 Gflops/s) - 686 (754264 Gflops/s) - 667 (733374 Gflops/s) - 675 (742170 Gflops/s) | Temperatures: 57°C - 57°C - 65°C - 62°C - 59°C - 56°C - 63°C - 64°C | Throttling: None - None - None - None - None - None - None - None
686 (754264 Gflops/s) - 681 (748767 Gflops/s) - 680 (747667 Gflops/s) - 678 (745468 Gflops/s) - 693 (761961 Gflops/s) - 687 (755364 Gflops/s) - 669 (735573 Gflops/s) - 674 (741070 Gflops/s) | Temperatures: 57°C - 58°C - 66°C - 63°C - 59°C - 56°C - 63°C - 64°C | Throttling: None - None - None - None - None - None - None - None
687 (755364 Gflops/s) - 682 (749866 Gflops/s) - 679 (746568 Gflops/s) - 680 (747667 Gflops/s) - 693 (761961 Gflops/s) - 686 (754264 Gflops/s) - 667 (733374 Gflops/s) - 683 (750966 Gflops/s) | Temperatures: 57°C - 58°C - 66°C - 63°C - 60°C - 57°C - 64°C - 64°C | Throttling: None - None - None - None - None - None - None - None
684 (752065 Gflops/s) - 680 (747667 Gflops/s) - 679 (746568 Gflops/s) - 678 (745468 Gflops/s) - 692 (760862 Gflops/s) - 685 (753165 Gflops/s) - 666 (732274 Gflops/s) - 664 (730075 Gflops/s) | Temperatures: 57°C - 58°C - 66°C - 64°C - 60°C - 57°C - 64°C - 65°C | Throttling: None - None - None - None - None - None - None - None
692 (760862 Gflops/s) - 689 (757563 Gflops/s) - 686 (754264 Gflops/s) - 686 (754264 Gflops/s) - 699 (768558 Gflops/s) - 694 (763061 Gflops/s) - 671 (737772 Gflops/s) - 683 (750966 Gflops/s) | Temperatures: 58°C - 58°C - 66°C - 64°C - 60°C - 57°C - 64°C - 65°C | Throttling: None - None - None - None - None - None - None - None
678 (745468 Gflops/s) - 673 (739971 Gflops/s) - 672 (738871 Gflops/s) - 672 (738871 Gflops/s) - 684 (752065 Gflops/s) - 679 (746568 Gflops/s) - 657 (722379 Gflops/s) - 669 (735573 Gflops/s) | Temperatures: 58°C - 58°C - 67°C - 64°C - 60°C - 57°C - 64°C - 65°C | Throttling: None - None - None - None - None - None - None - None
697 (766359 Gflops/s) - 679 (746568 Gflops/s) - 678 (745468 Gflops/s) - 679 (746568 Gflops/s) - 691 (759762 Gflops/s) - 685 (753165 Gflops/s) - 664 (730075 Gflops/s) - 676 (743269 Gflops/s) | Temperatures: 58°C - 58°C - 67°C - 65°C - 60°C - 57°C - 65°C - 66°C | Throttling: None - None - None - None - None - None - None - None
672 (738871 Gflops/s) - 680 (747667 Gflops/s) - 677 (744369 Gflops/s) - 678 (745468 Gflops/s) - 690 (758663 Gflops/s) - 686 (754264 Gflops/s) - 665 (731175 Gflops/s) - 676 (743269 Gflops/s) | Temperatures: 58°C - 59°C - 67°C - 65°C - 61°C - 58°C - 65°C - 66°C | Throttling: None - None - None - None - None - None - None - None
683 (750966 Gflops/s) - 679 (746568 Gflops/s) - 677 (744369 Gflops/s) - 677 (744369 Gflops/s) - 690 (758663 Gflops/s) - 684 (752065 Gflops/s) - 663 (728976 Gflops/s) - 676 (743269 Gflops/s) | Temperatures: 58°C - 59°C - 68°C - 65°C - 61°C - 58°C - 65°C - 66°C | Throttling: None - None - None - None - None - None - None - None
684 (752065 Gflops/s) - 680 (747667 Gflops/s) - 677 (744369 Gflops/s) - 678 (745468 Gflops/s) - 692 (760862 Gflops/s) - 686 (754264 Gflops/s) - 665 (731175 Gflops/s) - 676 (743269 Gflops/s) | Temperatures: 59°C - 59°C - 68°C - 65°C - 61°C - 58°C - 66°C - 67°C | Throttling: None - None - None - None - None - None - None - None
684 (752065 Gflops/s) - 679 (746568 Gflops/s) - 677 (744369 Gflops/s) - 678 (745468 Gflops/s) - 690 (758663 Gflops/s) - 685 (753165 Gflops/s) - 666 (732274 Gflops/s) - 676 (743269 Gflops/s) | Temperatures: 59°C - 59°C - 68°C - 66°C - 61°C - 58°C - 66°C - 67°C | Throttling: None - None - None - None - None - None - None - None
683 (750966 Gflops/s) - 678 (745468 Gflops/s) - 676 (743269 Gflops/s) - 680 (747667 Gflops/s) - 690 (758663 Gflops/s) - 684 (752065 Gflops/s) - 671 (737772 Gflops/s) - 675 (742170 Gflops/s) | Temperatures: 59°C - 59°C - 69°C - 66°C - 61°C - 58°C - 66°C - 67°C | Throttling: None - None - None - None - None - None - None - None
690 (758663 Gflops/s) - 686 (754264 Gflops/s) - 685 (753165 Gflops/s) - 687 (755364 Gflops/s) - 696 (765260 Gflops/s) - 692 (760862 Gflops/s) - 677 (744369 Gflops/s) - 682 (749866 Gflops/s) | Temperatures: 59°C - 59°C - 69°C - 66°C - 61°C - 58°C - 66°C - 67°C | Throttling: None - None - None - None - None - None - None - None
678 (745468 Gflops/s) - 672 (738871 Gflops/s) - 669 (735573 Gflops/s) - 689 (757563 Gflops/s) - 683 (750966 Gflops/s) - 678 (745468 Gflops/s) - 663 (728976 Gflops/s) - 667 (733374 Gflops/s) | Temperatures: 59°C - 60°C - 69°C - 66°C - 61°C - 59°C - 67°C - 68°C | Throttling: None - None - None - None - None - None - None - None
683 (750966 Gflops/s) - 677 (744369 Gflops/s) - 676 (743269 Gflops/s) - 663 (728976 Gflops/s) - 687 (755364 Gflops/s) - 696 (765260 Gflops/s) - 670 (736672 Gflops/s) - 673 (739971 Gflops/s) | Temperatures: 59°C - 59°C - 69°C - 67°C - 62°C - 59°C - 67°C - 68°C | Throttling: None - None - None - None - None - None - None - None
683 (750966 Gflops/s) - 678 (745468 Gflops/s) - 676 (743269 Gflops/s) - 680 (747667 Gflops/s) - 690 (758663 Gflops/s) - 672 (738871 Gflops/s) - 670 (736672 Gflops/s) - 674 (741070 Gflops/s) | Temperatures: 59°C - 60°C - 70°C - 67°C - 62°C - 59°C - 67°C - 68°C | Throttling: None - None - None - None - None - None - None - None
683 (750966 Gflops/s) - 677 (744369 Gflops/s) - 676 (743269 Gflops/s) - 678 (745468 Gflops/s) - 689 (757563 Gflops/s) - 684 (752065 Gflops/s) - 669 (735573 Gflops/s) - 673 (739971 Gflops/s) | Temperatures: 60°C - 60°C - 70°C - 67°C - 62°C - 59°C - 67°C - 68°C | Throttling: None - None - None - None - None - None - None - None
682 (749866 Gflops/s) - 678 (745468 Gflops/s) - 675 (742170 Gflops/s) - 677 (744369 Gflops/s) - 688 (756463 Gflops/s) - 684 (752065 Gflops/s) - 668 (734473 Gflops/s) - 671 (737772 Gflops/s) | Temperatures: 60°C - 60°C - 70°C - 67°C - 62°C - 59°C - 68°C - 69°C | Throttling: None - None - None - None - None - None - None - None
682 (749866 Gflops/s) - 678 (745468 Gflops/s) - 676 (743269 Gflops/s) - 679 (746568 Gflops/s) - 694 (763061 Gflops/s) - 684 (752065 Gflops/s) - 671 (737772 Gflops/s) - 673 (739971 Gflops/s) | Temperatures: 60°C - 60°C - 70°C - 67°C - 62°C - 59°C - 68°C - 69°C | Throttling: None - None - None - None - None - None - None - None
683 (750966 Gflops/s) - 677 (744369 Gflops/s) - 675 (742170 Gflops/s) - 677 (744369 Gflops/s) - 682 (749866 Gflops/s) - 683 (750966 Gflops/s) - 666 (732274 Gflops/s) - 671 (737772 Gflops/s) | Temperatures: 60°C - 60°C - 71°C - 68°C - 62°C - 59°C - 68°C - 69°C | Throttling: None - None - None - None - None - None - None - None
689 (757563 Gflops/s) - 684 (752065 Gflops/s) - 683 (750966 Gflops/s) - 684 (752065 Gflops/s) - 694 (763061 Gflops/s) - 692 (760862 Gflops/s) - 674 (741070 Gflops/s) - 678 (745468 Gflops/s) | Temperatures: 60°C - 60°C - 71°C - 68°C - 62°C - 59°C - 68°C - 69°C | Throttling: None - None - None - None - None - None - None - None
675 (742170 Gflops/s) - 670 (736672 Gflops/s) - 668 (734473 Gflops/s) - 671 (737772 Gflops/s) - 680 (747667 Gflops/s) - 676 (743269 Gflops/s) - 660 (725677 Gflops/s) - 665 (731175 Gflops/s) | Temperatures: 60°C - 60°C - 71°C - 68°C - 62°C - 59°C - 69°C - 69°C | Throttling: None - None - None - None - None - None - None - None
681 (748767 Gflops/s) - 676 (743269 Gflops/s) - 674 (741070 Gflops/s) - 687 (755364 Gflops/s) - 687 (755364 Gflops/s) - 683 (750966 Gflops/s) - 665 (731175 Gflops/s) - 670 (736672 Gflops/s) | Temperatures: 60°C - 60°C - 71°C - 68°C - 62°C - 59°C - 69°C - 70°C | Throttling: None - None - None - None - None - None - None - None
682 (749866 Gflops/s) - 678 (745468 Gflops/s) - 675 (742170 Gflops/s) - 667 (733374 Gflops/s) - 688 (756463 Gflops/s) - 684 (752065 Gflops/s) - 664 (730075 Gflops/s) - 671 (737772 Gflops/s) | Temperatures: 60°C - 61°C - 71°C - 69°C - 63°C - 60°C - 69°C - 70°C | Throttling: None - None - None - None - None - None - None - None
681 (748767 Gflops/s) - 676 (743269 Gflops/s) - 673 (739971 Gflops/s) - 677 (744369 Gflops/s) - 687 (755364 Gflops/s) - 682 (749866 Gflops/s) - 664 (730075 Gflops/s) - 670 (736672 Gflops/s) | Temperatures: 60°C - 61°C - 72°C - 69°C - 63°C - 60°C - 69°C - 70°C | Throttling: None - None - None - None - None - None - None - None
682 (749866 Gflops/s) - 676 (743269 Gflops/s) - 675 (742170 Gflops/s) - 677 (744369 Gflops/s) - 685 (753165 Gflops/s) - 684 (752065 Gflops/s) - 663 (728976 Gflops/s) - 669 (735573 Gflops/s) | Temperatures: 60°C - 61°C - 72°C - 69°C - 63°C - 60°C - 69°C - 70°C | Throttling: None - None - None - None - None - None - None - None
682 (749866 Gflops/s) - 677 (744369 Gflops/s) - 673 (739971 Gflops/s) - 677 (744369 Gflops/s) - 687 (755364 Gflops/s) - 682 (749866 Gflops/s) - 663 (728976 Gflops/s) - 670 (736672 Gflops/s) | Temperatures: 60°C - 61°C - 72°C - 69°C - 63°C - 60°C - 69°C - 70°C | Throttling: None - None - None - None - None - None - None - None
680 (747667 Gflops/s) - 676 (743269 Gflops/s) - 673 (739971 Gflops/s) - 676 (743269 Gflops/s) - 686 (754264 Gflops/s) - 683 (750966 Gflops/s) - 662 (727876 Gflops/s) - 669 (735573 Gflops/s) | Temperatures: 61°C - 61°C - 72°C - 69°C - 63°C - 60°C - 70°C - 71°C | Throttling: None - None - None - None - None - None - None - None
689 (757563 Gflops/s) - 683 (750966 Gflops/s) - 681 (748767 Gflops/s) - 683 (750966 Gflops/s) - 694 (763061 Gflops/s) - 690 (758663 Gflops/s) - 670 (736672 Gflops/s) - 675 (742170 Gflops/s) | Temperatures: 61°C - 61°C - 72°C - 70°C - 63°C - 60°C - 70°C - 71°C | Throttling: None - None - None - None - None - None - None - None
674 (741070 Gflops/s) - 670 (736672 Gflops/s) - 666 (732274 Gflops/s) - 669 (735573 Gflops/s) - 679 (746568 Gflops/s) - 677 (744369 Gflops/s) - 656 (721279 Gflops/s) - 661 (726777 Gflops/s) | Temperatures: 61°C - 61°C - 73°C - 70°C - 63°C - 60°C - 70°C - 71°C | Throttling: None - None - None - None - None - None - None - None
680 (747667 Gflops/s) - 676 (743269 Gflops/s) - 673 (739971 Gflops/s) - 676 (743269 Gflops/s) - 685 (753165 Gflops/s) - 682 (749866 Gflops/s) - 661 (726777 Gflops/s) - 667 (733374 Gflops/s) | Temperatures: 61°C - 61°C - 73°C - 70°C - 63°C - 60°C - 70°C - 71°C | Throttling: None - None - None - None - None - None - None - None
682 (749866 Gflops/s) - 675 (742170 Gflops/s) - 688 (756463 Gflops/s) - 694 (763061 Gflops/s) - 686 (754264 Gflops/s) - 683 (750966 Gflops/s) - 662 (727876 Gflops/s) - 668 (734473 Gflops/s) | Temperatures: 61°C - 61°C - 73°C - 70°C - 63°C - 60°C - 70°C - 71°C | Throttling: None - None - None - None - None - None - None - None
680 (747667 Gflops/s) - 676 (743269 Gflops/s) - 656 (721279 Gflops/s) - 658 (723478 Gflops/s) - 685 (753165 Gflops/s) - 683 (750966 Gflops/s) - 660 (725677 Gflops/s) - 667 (733374 Gflops/s) | Temperatures: 61°C - 61°C - 73°C - 70°C - 63°C - 60°C - 70°C - 71°C | Throttling: None - None - None - None - None - None - None - None
681 (748767 Gflops/s) - 676 (743269 Gflops/s) - 673 (739971 Gflops/s) - 676 (743269 Gflops/s) - 686 (754264 Gflops/s) - 682 (749866 Gflops/s) - 660 (725677 Gflops/s) - 667 (733374 Gflops/s) | Temperatures: 61°C - 61°C - 73°C - 70°C - 63°C - 60°C - 70°C - 71°C | Throttling: None - None - None - None - None - None - None - None
682 (749866 Gflops/s) - 676 (743269 Gflops/s) - 673 (739971 Gflops/s) - 676 (743269 Gflops/s) - 686 (754264 Gflops/s) - 683 (750966 Gflops/s) - 662 (727876 Gflops/s) - 668 (734473 Gflops/s) | Temperatures: 61°C - 61°C - 73°C - 70°C - 63°C - 60°C - 71°C - 71°C | Throttling: None - None - None - None - None - None - None - None
680 (747667 Gflops/s) - 675 (742170 Gflops/s) - 672 (738871 Gflops/s) - 675 (742170 Gflops/s) - 685 (753165 Gflops/s) - 681 (748767 Gflops/s) - 659 (724578 Gflops/s) - 666 (732274 Gflops/s) | Temperatures: 61°C - 61°C - 73°C - 70°C - 63°C - 60°C - 71°C - 72°C | Throttling: None - None - None - None - None - None - None - None
688 (756463 Gflops/s) - 683 (750966 Gflops/s) - 678 (745468 Gflops/s) - 683 (750966 Gflops/s) - 693 (761961 Gflops/s) - 689 (757563 Gflops/s) - 666 (732274 Gflops/s) - 675 (742170 Gflops/s) | Temperatures: 61°C - 61°C - 73°C - 70°C - 63°C - 60°C - 71°C - 72°C | Throttling: None - None - None - None - None - None - None - None
692 (760862 Gflops/s) - 688 (756463 Gflops/s) - 684 (752065 Gflops/s) - 686 (754264 Gflops/s) - 697 (766359 Gflops/s) - 694 (763061 Gflops/s) - 670 (736672 Gflops/s) - 678 (745468 Gflops/s) | Temperatures: 61°C - 61°C - 73°C - 70°C - 63°C - 60°C - 71°C - 72°C | Throttling: None - None - None - None - None - None - None - None
729 (801543 Gflops/s) - 724 (796046 Gflops/s) - 720 (791648 Gflops/s) - 724 (796046 Gflops/s) - 734 (807041 Gflops/s) - 731 (803742 Gflops/s) - 706 (776255 Gflops/s) - 714 (785051 Gflops/s) | Temperatures: 61°C - 61°C - 73°C - 71°C - 63°C - 60°C - 71°C - 72°C | Throttling: None - None - None - None - None - None - None - None
712 (782852 Gflops/s) - 705 (775155 Gflops/s) - 700 (769658 Gflops/s) - 705 (775155 Gflops/s) - 715 (786150 Gflops/s) - 712 (782852 Gflops/s) - 688 (756463 Gflops/s) - 696 (765260 Gflops/s) | Temperatures: 61°C - 61°C - 74°C - 71°C - 63°C - 60°C - 71°C - 72°C | Throttling: None - None - None - None - None - None - None - None
711 (781752 Gflops/s) - 706 (776255 Gflops/s) - 701 (770757 Gflops/s) - 705 (775155 Gflops/s) - 717 (788349 Gflops/s) - 712 (782852 Gflops/s) - 688 (756463 Gflops/s) - 696 (765260 Gflops/s) | Temperatures: 61°C - 61°C - 73°C - 71°C - 63°C - 60°C - 71°C - 72°C | Throttling: None - None - None - None - None - None - None - None
711 (781752 Gflops/s) - 705 (775155 Gflops/s) - 701 (770757 Gflops/s) - 705 (775155 Gflops/s) - 716 (787250 Gflops/s) - 713 (783951 Gflops/s) - 688 (756463 Gflops/s) - 696 (765260 Gflops/s) | Temperatures: 60°C - 61°C - 74°C - 71°C - 63°C - 60°C - 71°C - 72°C | Throttling: None - None - None - None - None - None - None - None
711 (781752 Gflops/s) - 706 (776255 Gflops/s) - 700 (769658 Gflops/s) - 705 (775155 Gflops/s) - 717 (788349 Gflops/s) - 712 (782852 Gflops/s) - 688 (756463 Gflops/s) - 696 (765260 Gflops/s) | Temperatures: 60°C - 61°C - 74°C - 71°C - 63°C - 60°C - 71°C - 72°C | Throttling: None - None - None - None - None - None - None - None
711 (781752 Gflops/s) - 704 (774056 Gflops/s) - 700 (769658 Gflops/s) - 705 (775155 Gflops/s) - 715 (786150 Gflops/s) - 712 (782852 Gflops/s) - 687 (755364 Gflops/s) - 695 (764160 Gflops/s) | Temperatures: 60°C - 61°C - 73°C - 71°C - 63°C - 60°C - 71°C - 72°C | Throttling: None - None - None - None - None - None - None - None
711 (781752 Gflops/s) - 706 (776255 Gflops/s) - 701 (770757 Gflops/s) - 705 (775155 Gflops/s) - 716 (787250 Gflops/s) - 713 (783951 Gflops/s) - 687 (755364 Gflops/s) - 697 (766359 Gflops/s) | Temperatures: 60°C - 61°C - 73°C - 71°C - 63°C - 60°C - 71°C - 72°C | Throttling: None - None - None - None - None - None - None - None
711 (781752 Gflops/s) - 706 (776255 Gflops/s) - 700 (769658 Gflops/s) - 705 (775155 Gflops/s) - 715 (786150 Gflops/s) - 713 (783951 Gflops/s) - 688 (756463 Gflops/s) - 695 (764160 Gflops/s) | Temperatures: 60°C - 61°C - 73°C - 71°C - 63°C - 59°C - 71°C - 72°C | Throttling: None - None - None - None - None - None - None - None
710 (780653 Gflops/s) - 705 (775155 Gflops/s) - 700 (769658 Gflops/s) - 705 (775155 Gflops/s) - 715 (786150 Gflops/s) - 712 (782852 Gflops/s) - 687 (755364 Gflops/s) - 696 (765260 Gflops/s) | Temperatures: 60°C - 61°C - 73°C - 71°C - 63°C - 60°C - 71°C - 72°C | Throttling: None - None - None - None - None - None - None - None
712 (782852 Gflops/s) - 707 (777354 Gflops/s) - 701 (770757 Gflops/s) - 704 (774056 Gflops/s) - 717 (788349 Gflops/s) - 713 (783951 Gflops/s) - 688 (756463 Gflops/s) - 696 (765260 Gflops/s) | Temperatures: 60°C - 61°C - 73°C - 71°C - 63°C - 59°C - 71°C - 72°C | Throttling: None - None - None - None - None - None - None - None
710 (780653 Gflops/s) - 705 (775155 Gflops/s) - 700 (769658 Gflops/s) - 704 (774056 Gflops/s) - 715 (786150 Gflops/s) - 711 (781752 Gflops/s) - 686 (754264 Gflops/s) - 694 (763061 Gflops/s) | Temperatures: 60°C - 61°C - 74°C - 71°C - 63°C - 59°C - 71°C - 72°C | Throttling: None - None - None - None - None - None - None - None
692 (760862 Gflops/s) - 686 (754264 Gflops/s) - 682 (749866 Gflops/s) - 686 (754264 Gflops/s) - 696 (765260 Gflops/s) - 693 (761961 Gflops/s) - 669 (735573 Gflops/s) - 676 (743269 Gflops/s) | Temperatures: 60°C - 60°C - 73°C - 71°C - 63°C - 59°C - 71°C - 72°C | Throttling: None - None - None - None - None - None - None - None
690 (758663 Gflops/s) - 685 (753165 Gflops/s) - 680 (747667 Gflops/s) - 684 (752065 Gflops/s) - 695 (764160 Gflops/s) - 692 (760862 Gflops/s) - 668 (734473 Gflops/s) - 676 (743269 Gflops/s) | Temperatures: 60°C - 60°C - 73°C - 71°C - 62°C - 59°C - 71°C - 72°C | Throttling: None - None - None - None - None - None - None - None
692 (760862 Gflops/s) - 687 (755364 Gflops/s) - 681 (748767 Gflops/s) - 686 (754264 Gflops/s) - 696 (765260 Gflops/s) - 693 (761961 Gflops/s) - 670 (736672 Gflops/s) - 676 (743269 Gflops/s) | Temperatures: 60°C - 60°C - 73°C - 71°C - 62°C - 59°C - 71°C - 72°C | Throttling: None - None - None - None - None - None - None - None
692 (760862 Gflops/s) - 687 (755364 Gflops/s) - 681 (748767 Gflops/s) - 686 (754264 Gflops/s) - 696 (765260 Gflops/s) - 693 (761961 Gflops/s) - 668 (734473 Gflops/s) - 677 (744369 Gflops/s) | Temperatures: 60°C - 60°C - 74°C - 70°C - 62°C - 59°C - 71°C - 72°C | Throttling: None - None - None - None - None - None - None - None
691 (759762 Gflops/s) - 686 (754264 Gflops/s) - 681 (748767 Gflops/s) - 686 (754264 Gflops/s) - 696 (765260 Gflops/s) - 693 (761961 Gflops/s) - 669 (735573 Gflops/s) - 677 (744369 Gflops/s) | Temperatures: 60°C - 61°C - 73°C - 70°C - 62°C - 59°C - 71°C - 72°C | Throttling: None - None - None - None - None - None - None - None
691 (759762 Gflops/s) - 686 (754264 Gflops/s) - 681 (748767 Gflops/s) - 685 (753165 Gflops/s) - 695 (764160 Gflops/s) - 692 (760862 Gflops/s) - 668 (734473 Gflops/s) - 676 (743269 Gflops/s) | Temperatures: 60°C - 60°C - 73°C - 70°C - 62°C - 59°C - 71°C - 72°C | Throttling: None - None - None - None - None - None - None - None
692 (760862 Gflops/s) - 686 (754264 Gflops/s) - 681 (748767 Gflops/s) - 686 (754264 Gflops/s) - 696 (765260 Gflops/s) - 694 (763061 Gflops/s) - 669 (735573 Gflops/s) - 676 (743269 Gflops/s) | Temperatures: 60°C - 60°C - 74°C - 70°C - 62°C - 59°C - 71°C - 72°C | Throttling: None - None - None - None - None - None - None - None
691 (759762 Gflops/s) - 686 (754264 Gflops/s) - 681 (748767 Gflops/s) - 686 (754264 Gflops/s) - 697 (766359 Gflops/s) - 692 (760862 Gflops/s) - 669 (735573 Gflops/s) - 677 (744369 Gflops/s) | Temperatures: 60°C - 61°C - 73°C - 70°C - 62°C - 59°C - 71°C - 72°C | Throttling: None - None - None - None - None - None - None - None
692 (760862 Gflops/s) - 687 (755364 Gflops/s) - 681 (748767 Gflops/s) - 685 (753165 Gflops/s) - 697 (766359 Gflops/s) - 693 (761961 Gflops/s) - 669 (735573 Gflops/s) - 677 (744369 Gflops/s) | Temperatures: 60°C - 60°C - 73°C - 70°C - 62°C - 59°C - 71°C - 72°C | Throttling: None - None - None - None - None - None - None - None
682 (749866 Gflops/s) - 677 (744369 Gflops/s) - 672 (738871 Gflops/s) - 676 (743269 Gflops/s) - 687 (755364 Gflops/s) - 684 (752065 Gflops/s) - 660 (725677 Gflops/s) - 667 (733374 Gflops/s) | Temperatures: 60°C - 60°C - 74°C - 70°C - 62°C - 59°C - 71°C - 72°C | Throttling: None - None - None - None - None - None - None - None
682 (749866 Gflops/s) - 675 (742170 Gflops/s) - 670 (736672 Gflops/s) - 675 (742170 Gflops/s) - 685 (753165 Gflops/s) - 682 (749866 Gflops/s) - 657 (722379 Gflops/s) - 666 (732274 Gflops/s) | Temperatures: 60°C - 60°C - 73°C - 70°C - 62°C - 59°C - 71°C - 72°C | Throttling: None - None - None - None - None - None - None - None
687 (755364 Gflops/s) - 683 (750966 Gflops/s) - 677 (744369 Gflops/s) - 682 (749866 Gflops/s) - 692 (760862 Gflops/s) - 690 (758663 Gflops/s) - 665 (731175 Gflops/s) - 672 (738871 Gflops/s) | Temperatures: 60°C - 61°C - 73°C - 70°C - 62°C - 59°C - 71°C - 72°C | Throttling: None - None - None - None - None - None - None - None
674 (741070 Gflops/s) - 668 (734473 Gflops/s) - 666 (732274 Gflops/s) - 669 (735573 Gflops/s) - 679 (746568 Gflops/s) - 675 (742170 Gflops/s) - 652 (716881 Gflops/s) - 660 (725677 Gflops/s) | Temperatures: 60°C - 60°C - 73°C - 70°C - 62°C - 59°C - 71°C - 72°C | Throttling: None - None - None - None - None - None - None - None
682 (749866 Gflops/s) - 676 (743269 Gflops/s) - 669 (735573 Gflops/s) - 675 (742170 Gflops/s) - 686 (754264 Gflops/s) - 682 (749866 Gflops/s) - 658 (723478 Gflops/s) - 666 (732274 Gflops/s) | Temperatures: 60°C - 60°C - 73°C - 70°C - 62°C - 59°C - 71°C - 72°C | Throttling: None - None - None - None - None - None - None - None
681 (748767 Gflops/s) - 675 (742170 Gflops/s) - 670 (736672 Gflops/s) - 675 (742170 Gflops/s) - 686 (754264 Gflops/s) - 683 (750966 Gflops/s) - 659 (724578 Gflops/s) - 667 (733374 Gflops/s) | Temperatures: 60°C - 60°C - 73°C - 70°C - 62°C - 59°C - 71°C - 72°C | Throttling: None - None - None - None - None - None - None - None
681 (748767 Gflops/s) - 688 (756463 Gflops/s) - 670 (736672 Gflops/s) - 675 (742170 Gflops/s) - 686 (754264 Gflops/s) - 682 (749866 Gflops/s) - 658 (723478 Gflops/s) - 666 (732274 Gflops/s) | Temperatures: 60°C - 60°C - 73°C - 70°C - 62°C - 59°C - 71°C - 72°C | Throttling: None - None - None - None - None - None - None - None
682 (749866 Gflops/s) - 663 (728976 Gflops/s) - 672 (738871 Gflops/s) - 673 (739971 Gflops/s) - 685 (753165 Gflops/s) - 684 (752065 Gflops/s) - 658 (723478 Gflops/s) - 666 (732274 Gflops/s) | Temperatures: 60°C - 60°C - 73°C - 70°C - 62°C - 59°C - 71°C - 72°C | Throttling: None - None - None - None - None - None - None - None
682 (749866 Gflops/s) - 677 (744369 Gflops/s) - 671 (737772 Gflops/s) - 676 (743269 Gflops/s) - 687 (755364 Gflops/s) - 682 (749866 Gflops/s) - 659 (724578 Gflops/s) - 666 (732274 Gflops/s) | Temperatures: 60°C - 60°C - 74°C - 70°C - 62°C - 59°C - 71°C - 72°C | Throttling: None - None - None - None - None - None - None - None
681 (748767 Gflops/s) - 676 (743269 Gflops/s) - 670 (736672 Gflops/s) - 675 (742170 Gflops/s) - 685 (753165 Gflops/s) - 682 (749866 Gflops/s) - 658 (723478 Gflops/s) - 666 (732274 Gflops/s) | Temperatures: 60°C - 60°C - 73°C - 70°C - 62°C - 59°C - 71°C - 72°C | Throttling: None - None - None - None - None - None - None - None
688 (756463 Gflops/s) - 683 (750966 Gflops/s) - 677 (744369 Gflops/s) - 682 (749866 Gflops/s) - 693 (761961 Gflops/s) - 706 (776255 Gflops/s) - 665 (731175 Gflops/s) - 673 (739971 Gflops/s) | Temperatures: 60°C - 60°C - 73°C - 70°C - 62°C - 59°C - 71°C - 72°C | Throttling: None - None - None - None - None - None - None - None
675 (742170 Gflops/s) - 669 (735573 Gflops/s) - 664 (730075 Gflops/s) - 668 (734473 Gflops/s) - 680 (747667 Gflops/s) - 660 (725677 Gflops/s) - 652 (716881 Gflops/s) - 658 (723478 Gflops/s) | Temperatures: 60°C - 60°C - 73°C - 70°C - 62°C - 59°C - 71°C - 72°C | Throttling: None - None - None - None - None - None - None - None
680 (747667 Gflops/s) - 675 (742170 Gflops/s) - 670 (736672 Gflops/s) - 675 (742170 Gflops/s) - 686 (754264 Gflops/s) - 682 (749866 Gflops/s) - 659 (724578 Gflops/s) - 666 (732274 Gflops/s) | Temperatures: 60°C - 60°C - 73°C - 70°C - 62°C - 59°C - 71°C - 72°C | Throttling: None - None - None - None - None - None - None - None
682 (749866 Gflops/s) - 676 (743269 Gflops/s) - 672 (738871 Gflops/s) - 675 (742170 Gflops/s) - 687 (755364 Gflops/s) - 683 (750966 Gflops/s) - 658 (723478 Gflops/s) - 666 (732274 Gflops/s) | Temperatures: 60°C - 60°C - 73°C - 70°C - 62°C - 59°C - 71°C - 72°C | Throttling: None - None - None - None - None - None - None - None
681 (748767 Gflops/s) - 676 (743269 Gflops/s) - 670 (736672 Gflops/s) - 676 (743269 Gflops/s) - 686 (754264 Gflops/s) - 683 (750966 Gflops/s) - 659 (724578 Gflops/s) - 667 (733374 Gflops/s) | Temperatures: 60°C - 60°C - 74°C - 70°C - 62°C - 59°C - 71°C - 72°C | Throttling: None - None - None - None - None - None - None - None
681 (748767 Gflops/s) - 675 (742170 Gflops/s) - 670 (736672 Gflops/s) - 675 (742170 Gflops/s) - 685 (753165 Gflops/s) - 682 (749866 Gflops/s) - 657 (722379 Gflops/s) - 665 (731175 Gflops/s) | Temperatures: 59°C - 60°C - 74°C - 70°C - 62°C - 59°C - 71°C - 72°C | Throttling: None - None - None - None - None - None - None - None
682 (749866 Gflops/s) - 676 (743269 Gflops/s) - 670 (736672 Gflops/s) - 675 (742170 Gflops/s) - 686 (754264 Gflops/s) - 683 (750966 Gflops/s) - 659 (724578 Gflops/s) - 666 (732274 Gflops/s) | Temperatures: 59°C - 60°C - 73°C - 70°C - 62°C - 59°C - 71°C - 72°C | Throttling: None - None - None - None - None - None - None - None
681 (748767 Gflops/s) - 676 (743269 Gflops/s) - 671 (737772 Gflops/s) - 674 (741070 Gflops/s) - 686 (754264 Gflops/s) - 682 (749866 Gflops/s) - 658 (723478 Gflops/s) - 665 (731175 Gflops/s) | Temperatures: 60°C - 60°C - 73°C - 70°C - 62°C - 59°C - 71°C - 72°C | Throttling: None - None - None - None - None - None - None - None
686 (754264 Gflops/s) - 680 (747667 Gflops/s) - 675 (742170 Gflops/s) - 680 (747667 Gflops/s) - 691 (759762 Gflops/s) - 688 (756463 Gflops/s) - 664 (730075 Gflops/s) - 671 (737772 Gflops/s) | Temperatures: 59°C - 60°C - 73°C - 70°C - 62°C - 59°C - 71°C - 72°C | Throttling: None - None - None - None - None - None - None - None
676 (743269 Gflops/s) - 672 (738871 Gflops/s) - 666 (732274 Gflops/s) - 670 (736672 Gflops/s) - 681 (748767 Gflops/s) - 678 (745468 Gflops/s) - 653 (717981 Gflops/s) - 661 (726777 Gflops/s) | Temperatures: 59°C - 60°C - 73°C - 70°C - 62°C - 59°C - 71°C - 72°C | Throttling: None - None - None - None - None - None - None - None
692 (760862 Gflops/s) - 675 (742170 Gflops/s) - 671 (737772 Gflops/s) - 675 (742170 Gflops/s) - 686 (754264 Gflops/s) - 683 (750966 Gflops/s) - 659 (724578 Gflops/s) - 666 (732274 Gflops/s) | Temperatures: 60°C - 60°C - 73°C - 70°C - 62°C - 59°C - 71°C - 72°C | Throttling: None - None - None - None - None - None - None - None
671 (737772 Gflops/s) - 675 (742170 Gflops/s) - 671 (737772 Gflops/s) - 676 (743269 Gflops/s) - 686 (754264 Gflops/s) - 682 (749866 Gflops/s) - 658 (723478 Gflops/s) - 666 (732274 Gflops/s) | Temperatures: 59°C - 60°C - 74°C - 70°C - 62°C - 59°C - 71°C - 72°C | Throttling: None - None - None - None - None - None - None - None
681 (748767 Gflops/s) - 676 (743269 Gflops/s) - 671 (737772 Gflops/s) - 680 (747667 Gflops/s) - 686 (754264 Gflops/s) - 683 (750966 Gflops/s) - 658 (723478 Gflops/s) - 666 (732274 Gflops/s) | Temperatures: 59°C - 60°C - 74°C - 70°C - 62°C - 59°C - 71°C - 72°C | Throttling: None - None - None - None - None - None - None - None
680 (747667 Gflops/s) - 676 (743269 Gflops/s) - 670 (736672 Gflops/s) - 670 (736672 Gflops/s) - 686 (754264 Gflops/s) - 682 (749866 Gflops/s) - 658 (723478 Gflops/s) - 666 (732274 Gflops/s) | Temperatures: 59°C - 60°C - 74°C - 70°C - 62°C - 59°C - 71°C - 72°C | Throttling: None - None - None - None - None - None - None - None
681 (748767 Gflops/s) - 676 (743269 Gflops/s) - 671 (737772 Gflops/s) - 675 (742170 Gflops/s) - 686 (754264 Gflops/s) - 682 (749866 Gflops/s) - 658 (723478 Gflops/s) - 666 (732274 Gflops/s) | Temperatures: 59°C - 60°C - 73°C - 70°C - 62°C - 59°C - 71°C - 72°C | Throttling: None - None - None - None - None - None - None - None
682 (749866 Gflops/s) - 677 (744369 Gflops/s) - 671 (737772 Gflops/s) - 675 (742170 Gflops/s) - 686 (754264 Gflops/s) - 683 (750966 Gflops/s) - 659 (724578 Gflops/s) - 666 (732274 Gflops/s) | Temperatures: 59°C - 60°C - 74°C - 70°C - 62°C - 59°C - 71°C - 72°C | Throttling: None - None - None - None - None - None - None - None
682 (749866 Gflops/s) - 678 (745468 Gflops/s) - 671 (737772 Gflops/s) - 676 (743269 Gflops/s) - 688 (756463 Gflops/s) - 684 (752065 Gflops/s) - 659 (724578 Gflops/s) - 668 (734473 Gflops/s) | Temperatures: 59°C - 60°C - 74°C - 70°C - 62°C - 59°C - 71°C - 72°C | Throttling: None - None - None - None - None - None - None - None
680 (747667 Gflops/s) - 675 (742170 Gflops/s) - 669 (735573 Gflops/s) - 674 (741070 Gflops/s) - 685 (753165 Gflops/s) - 681 (748767 Gflops/s) - 657 (722379 Gflops/s) - 665 (731175 Gflops/s) | Temperatures: 59°C - 60°C - 74°C - 70°C - 62°C - 59°C - 71°C - 72°C | Throttling: None - None - None - None - None - None - None - None
681 (748767 Gflops/s) - 675 (742170 Gflops/s) - 672 (738871 Gflops/s) - 674 (741070 Gflops/s) - 685 (753165 Gflops/s) - 682 (749866 Gflops/s) - 658 (723478 Gflops/s) - 665 (731175 Gflops/s) | Temperatures: 59°C - 60°C - 73°C - 70°C - 62°C - 59°C - 71°C - 72°C | Throttling: None - None - None - None - None - None - None - None
681 (748767 Gflops/s) - 676 (743269 Gflops/s) - 669 (735573 Gflops/s) - 675 (742170 Gflops/s) - 687 (755364 Gflops/s) - 691 (759762 Gflops/s) - 658 (723478 Gflops/s) - 665 (731175 Gflops/s) | Temperatures: 59°C - 60°C - 73°C - 70°C - 62°C - 59°C - 71°C - 72°C | Throttling: None - None - None - None - None - None - None - None
682 (749866 Gflops/s) - 676 (743269 Gflops/s) - 670 (736672 Gflops/s) - 674 (741070 Gflops/s) - 685 (753165 Gflops/s) - 673 (739971 Gflops/s) - 658 (723478 Gflops/s) - 666 (732274 Gflops/s) | Temperatures: 59°C - 60°C - 73°C - 70°C - 62°C - 59°C - 71°C - 72°C | Throttling: None - None - None - None - None - None - None - None
681 (748767 Gflops/s) - 676 (743269 Gflops/s) - 670 (736672 Gflops/s) - 675 (742170 Gflops/s) - 686 (754264 Gflops/s) - 683 (750966 Gflops/s) - 658 (723478 Gflops/s) - 666 (732274 Gflops/s) | Temperatures: 59°C - 60°C - 74°C - 70°C - 62°C - 59°C - 71°C - 72°C | Throttling: None - None - None - None - None - None - None - None
682 (749866 Gflops/s) - 676 (743269 Gflops/s) - 671 (737772 Gflops/s) - 675 (742170 Gflops/s) - 686 (754264 Gflops/s) - 683 (750966 Gflops/s) - 659 (724578 Gflops/s) - 666 (732274 Gflops/s) | Temperatures: 59°C - 60°C - 73°C - 70°C - 62°C - 59°C - 71°C - 72°C | Throttling: None - None - None - None - None - None - None - None
681 (748767 Gflops/s) - 675 (742170 Gflops/s) - 670 (736672 Gflops/s) - 675 (742170 Gflops/s) - 685 (753165 Gflops/s) - 682 (749866 Gflops/s) - 658 (723478 Gflops/s) - 665 (731175 Gflops/s) | Temperatures: 59°C - 60°C - 74°C - 70°C - 62°C - 59°C - 71°C - 72°C | Throttling: None - None - None - None - None - None - None - None
682 (749866 Gflops/s) - 677 (744369 Gflops/s) - 672 (738871 Gflops/s) - 677 (744369 Gflops/s) - 688 (756463 Gflops/s) - 685 (753165 Gflops/s) - 660 (725677 Gflops/s) - 667 (733374 Gflops/s) | Temperatures: 59°C - 60°C - 73°C - 70°C - 62°C - 59°C - 71°C - 72°C | Throttling: None - None - None - None - None - None - None - None
680 (747667 Gflops/s) - 675 (742170 Gflops/s) - 669 (735573 Gflops/s) - 673 (739971 Gflops/s) - 685 (753165 Gflops/s) - 682 (749866 Gflops/s) - 657 (722379 Gflops/s) - 664 (730075 Gflops/s) | Temperatures: 59°C - 60°C - 74°C - 70°C - 62°C - 59°C - 71°C - 72°C | Throttling: None - None - None - None - None - None - None - None
681 (748767 Gflops/s) - 676 (743269 Gflops/s) - 670 (736672 Gflops/s) - 675 (742170 Gflops/s) - 685 (753165 Gflops/s) - 682 (749866 Gflops/s) - 657 (722379 Gflops/s) - 666 (732274 Gflops/s) | Temperatures: 59°C - 60°C - 73°C - 70°C - 62°C - 59°C - 71°C - 72°C | Throttling: None - None - None - None - None - None - None - None
682 (749866 Gflops/s) - 676 (743269 Gflops/s) - 671 (737772 Gflops/s) - 675 (742170 Gflops/s) - 686 (754264 Gflops/s) - 682 (749866 Gflops/s) - 659 (724578 Gflops/s) - 666 (732274 Gflops/s) | Temperatures: 59°C - 60°C - 73°C - 70°C - 62°C - 59°C - 71°C - 72°C | Throttling: None - None - None - None - None - None - None - None
681 (748767 Gflops/s) - 677 (744369 Gflops/s) - 670 (736672 Gflops/s) - 675 (742170 Gflops/s) - 686 (754264 Gflops/s) - 683 (750966 Gflops/s) - 658 (723478 Gflops/s) - 673 (739971 Gflops/s) | Temperatures: 59°C - 60°C - 73°C - 70°C - 62°C - 59°C - 71°C - 72°C | Throttling: None - None - None - None - None - None - None - None
681 (748767 Gflops/s) - 676 (743269 Gflops/s) - 671 (737772 Gflops/s) - 675 (742170 Gflops/s) - 685 (753165 Gflops/s) - 681 (748767 Gflops/s) - 658 (723478 Gflops/s) - 658 (723478 Gflops/s) | Temperatures: 59°C - 60°C - 73°C - 70°C - 62°C - 59°C - 71°C - 72°C | Throttling: None - None - None - None - None - None - None - None
681 (748767 Gflops/s) - 676 (743269 Gflops/s) - 670 (736672 Gflops/s) - 675 (742170 Gflops/s) - 686 (754264 Gflops/s) - 684 (752065 Gflops/s) - 659 (724578 Gflops/s) - 666 (732274 Gflops/s) | Temperatures: 59°C - 60°C - 74°C - 70°C - 62°C - 59°C - 71°C - 72°C | Throttling: None - None - None - None - None - None - None - None
681 (748767 Gflops/s) - 675 (742170 Gflops/s) - 670 (736672 Gflops/s) - 674 (741070 Gflops/s) - 685 (753165 Gflops/s) - 682 (749866 Gflops/s) - 658 (723478 Gflops/s) - 666 (732274 Gflops/s) | Temperatures: 59°C - 60°C - 73°C - 70°C - 62°C - 59°C - 71°C - 72°C | Throttling: None - None - None - None - None - None - None - None
689 (757563 Gflops/s) - 684 (752065 Gflops/s) - 678 (745468 Gflops/s) - 682 (749866 Gflops/s) - 693 (761961 Gflops/s) - 690 (758663 Gflops/s) - 665 (731175 Gflops/s) - 672 (738871 Gflops/s) | Temperatures: 59°C - 60°C - 73°C - 70°C - 62°C - 59°C - 71°C - 72°C | Throttling: None - None - None - None - None - None - None - None
684 (752065 Gflops/s) - 680 (747667 Gflops/s) - 673 (739971 Gflops/s) - 678 (745468 Gflops/s) - 689 (757563 Gflops/s) - 686 (754264 Gflops/s) - 662 (727876 Gflops/s) - 669 (735573 Gflops/s) | Temperatures: 59°C - 60°C - 73°C - 70°C - 62°C - 59°C - 71°C - 72°C | Throttling: None - None - None - None - None - None - None - None
753 (827932 Gflops/s) - 748 (822434 Gflops/s) - 742 (815837 Gflops/s) - 746 (820235 Gflops/s) - 759 (834529 Gflops/s) - 755 (830131 Gflops/s) - 728 (800444 Gflops/s) - 737 (810340 Gflops/s) | Temperatures: 59°C - 60°C - 73°C - 70°C - 62°C - 59°C - 71°C - 72°C | Throttling: None - None - None - None - None - None - None - None
744 (818036 Gflops/s) - 738 (811439 Gflops/s) - 732 (804842 Gflops/s) - 735 (808141 Gflops/s) - 748 (822434 Gflops/s) - 745 (819136 Gflops/s) - 718 (789449 Gflops/s) - 726 (798245 Gflops/s) | Temperatures: 59°C - 60°C - 73°C - 70°C - 62°C - 59°C - 71°C - 72°C | Throttling: None - None - None - None - None - None - None - None
743 (816937 Gflops/s) - 737 (810340 Gflops/s) - 731 (803742 Gflops/s) - 736 (809240 Gflops/s) - 748 (822434 Gflops/s) - 744 (818036 Gflops/s) - 718 (789449 Gflops/s) - 726 (798245 Gflops/s) | Temperatures: 59°C - 60°C - 74°C - 70°C - 62°C - 59°C - 71°C - 72°C | Throttling: None - None - None - None - None - None - None - None
742 (815837 Gflops/s) - 738 (811439 Gflops/s) - 732 (804842 Gflops/s) - 736 (809240 Gflops/s) - 747 (821335 Gflops/s) - 745 (819136 Gflops/s) - 718 (789449 Gflops/s) - 727 (799344 Gflops/s) | Temperatures: 59°C - 60°C - 73°C - 70°C - 62°C - 59°C - 71°C - 72°C | Throttling: None - None - None - None - None - None - None - None
743 (816937 Gflops/s) - 738 (811439 Gflops/s) - 731 (803742 Gflops/s) - 735 (808141 Gflops/s) - 748 (822434 Gflops/s) - 745 (819136 Gflops/s) - 718 (789449 Gflops/s) - 726 (798245 Gflops/s) | Temperatures: 59°C - 60°C - 74°C - 70°C - 62°C - 59°C - 71°C - 72°C | Throttling: None - None - None - None - None - None - None - None
743 (816937 Gflops/s) - 738 (811439 Gflops/s) - 746 (820235 Gflops/s) - 736 (809240 Gflops/s) - 747 (821335 Gflops/s) - 744 (818036 Gflops/s) - 718 (789449 Gflops/s) - 726 (798245 Gflops/s) | Temperatures: 59°C - 60°C - 73°C - 70°C - 62°C - 59°C - 71°C - 72°C | Throttling: None - None - None - None - None - None - None - None
743 (816937 Gflops/s) - 738 (811439 Gflops/s) - 717 (788349 Gflops/s) - 736 (809240 Gflops/s) - 748 (822434 Gflops/s) - 744 (818036 Gflops/s) - 718 (789449 Gflops/s) - 726 (798245 Gflops/s) | Temperatures: 59°C - 60°C - 74°C - 70°C - 62°C - 59°C - 71°C - 72°C | Throttling: None - None - None - None - None - None - None - None
743 (816937 Gflops/s) - 736 (809240 Gflops/s) - 731 (803742 Gflops/s) - 735 (808141 Gflops/s) - 748 (822434 Gflops/s) - 745 (819136 Gflops/s) - 718 (789449 Gflops/s) - 727 (799344 Gflops/s) | Temperatures: 59°C - 60°C - 73°C - 70°C - 62°C - 59°C - 71°C - 72°C | Throttling: None - None - None - None - None - None - None - None
743 (816937 Gflops/s) - 737 (810340 Gflops/s) - 731 (803742 Gflops/s) - 736 (809240 Gflops/s) - 747 (821335 Gflops/s) - 745 (819136 Gflops/s) - 718 (789449 Gflops/s) - 726 (798245 Gflops/s) | Temperatures: 59°C - 60°C - 73°C - 70°C - 62°C - 59°C - 71°C - 72°C | Throttling: None - None - None - None - None - None - None - None
742 (815837 Gflops/s) - 738 (811439 Gflops/s) - 731 (803742 Gflops/s) - 736 (809240 Gflops/s) - 749 (823534 Gflops/s) - 744 (818036 Gflops/s) - 718 (789449 Gflops/s) - 726 (798245 Gflops/s) | Temperatures: 59°C - 60°C - 74°C - 70°C - 62°C - 59°C - 71°C - 72°C | Throttling: None - None - None - None - None - None - None - None
743 (816937 Gflops/s) - 738 (811439 Gflops/s) - 732 (804842 Gflops/s) - 735 (808141 Gflops/s) - 747 (821335 Gflops/s) - 744 (818036 Gflops/s) - 718 (789449 Gflops/s) - 726 (798245 Gflops/s) | Temperatures: 59°C - 60°C - 74°C - 70°C - 62°C - 59°C - 71°C - 72°C | Throttling: None - None - None - None - None - None - None - None
743 (816937 Gflops/s) - 737 (810340 Gflops/s) - 731 (803742 Gflops/s) - 736 (809240 Gflops/s) - 748 (822434 Gflops/s) - 744 (818036 Gflops/s) - 719 (790548 Gflops/s) - 726 (798245 Gflops/s) | Temperatures: 59°C - 60°C - 73°C - 70°C - 62°C - 59°C - 71°C - 72°C | Throttling: None - None - None - None - None - None - None - None
743 (816937 Gflops/s) - 738 (811439 Gflops/s) - 732 (804842 Gflops/s) - 736 (809240 Gflops/s) - 749 (823534 Gflops/s) - 745 (819136 Gflops/s) - 718 (789449 Gflops/s) - 727 (799344 Gflops/s) | Temperatures: 59°C - 60°C - 73°C - 70°C - 62°C - 59°C - 71°C - 72°C | Throttling: None - None - None - None - None - None - None - None
744 (818036 Gflops/s) - 738 (811439 Gflops/s) - 731 (803742 Gflops/s) - 736 (809240 Gflops/s) - 747 (821335 Gflops/s) - 744 (818036 Gflops/s) - 718 (789449 Gflops/s) - 726 (798245 Gflops/s) | Temperatures: 59°C - 60°C - 74°C - 70°C - 62°C - 59°C - 71°C - 72°C | Throttling: None - None - None - None - None - None - None - None
743 (816937 Gflops/s) - 737 (810340 Gflops/s) - 732 (804842 Gflops/s) - 735 (808141 Gflops/s) - 748 (822434 Gflops/s) - 744 (818036 Gflops/s) - 719 (790548 Gflops/s) - 726 (798245 Gflops/s) | Temperatures: 60°C - 60°C - 74°C - 70°C - 62°C - 59°C - 71°C - 72°C | Throttling: None - None - None - None - None - None - None - None
689 (757563 Gflops/s) - 685 (753165 Gflops/s) - 678 (745468 Gflops/s) - 686 (754264 Gflops/s) - 694 (763061 Gflops/s) - 691 (759762 Gflops/s) - 666 (732274 Gflops/s) - 673 (739971 Gflops/s) | Temperatures: 59°C - 60°C - 74°C - 70°C - 62°C - 59°C - 71°C - 72°C | Throttling: None - None - None - None - None - None - None - None
683 (750966 Gflops/s) - 675 (742170 Gflops/s) - 670 (736672 Gflops/s) - 670 (736672 Gflops/s) - 685 (753165 Gflops/s) - 682 (749866 Gflops/s) - 658 (723478 Gflops/s) - 666 (732274 Gflops/s) | Temperatures: 59°C - 60°C - 73°C - 70°C - 62°C - 59°C - 71°C - 72°C | Throttling: None - None - None - None - None - None - None - None
680 (747667 Gflops/s) - 677 (744369 Gflops/s) - 671 (737772 Gflops/s) - 675 (742170 Gflops/s) - 686 (754264 Gflops/s) - 682 (749866 Gflops/s) - 659 (724578 Gflops/s) - 666 (732274 Gflops/s) | Temperatures: 59°C - 60°C - 73°C - 70°C - 62°C - 59°C - 71°C - 72°C | Throttling: None - None - None - None - None - None - None - None
680 (747667 Gflops/s) - 676 (743269 Gflops/s) - 670 (736672 Gflops/s) - 673 (739971 Gflops/s) - 685 (753165 Gflops/s) - 683 (750966 Gflops/s) - 658 (723478 Gflops/s) - 665 (731175 Gflops/s) | Temperatures: 60°C - 60°C - 74°C - 70°C - 62°C - 59°C - 71°C - 72°C | Throttling: None - None - None - None - None - None - None - None
681 (748767 Gflops/s) - 676 (743269 Gflops/s) - 670 (736672 Gflops/s) - 675 (742170 Gflops/s) - 685 (753165 Gflops/s) - 683 (750966 Gflops/s) - 658 (723478 Gflops/s) - 666 (732274 Gflops/s) | Temperatures: 59°C - 60°C - 74°C - 70°C - 62°C - 59°C - 71°C - 72°C | Throttling: None - None - None - None - None - None - None - None
682 (749866 Gflops/s) - 676 (743269 Gflops/s) - 670 (736672 Gflops/s) - 674 (741070 Gflops/s) - 686 (754264 Gflops/s) - 683 (750966 Gflops/s) - 658 (723478 Gflops/s) - 666 (732274 Gflops/s) | Temperatures: 59°C - 60°C - 74°C - 70°C - 62°C - 59°C - 71°C - 72°C | Throttling: None - None - None - None - None - None - None - None
680 (747667 Gflops/s) - 675 (742170 Gflops/s) - 670 (736672 Gflops/s) - 674 (741070 Gflops/s) - 685 (753165 Gflops/s) - 682 (749866 Gflops/s) - 658 (723478 Gflops/s) - 665 (731175 Gflops/s) | Temperatures: 59°C - 60°C - 73°C - 70°C - 62°C - 59°C - 71°C - 72°C | Throttling: None - None - None - None - None - None - None - None
684 (752065 Gflops/s) - 678 (745468 Gflops/s) - 673 (739971 Gflops/s) - 677 (744369 Gflops/s) - 688 (756463 Gflops/s) - 686 (754264 Gflops/s) - 661 (726777 Gflops/s) - 668 (734473 Gflops/s) | Temperatures: 59°C - 60°C - 73°C - 70°C - 62°C - 59°C - 71°C - 72°C | Throttling: None - None - None - None - None - None - None - None
679 (746568 Gflops/s) - 674 (741070 Gflops/s) - 668 (734473 Gflops/s) - 672 (738871 Gflops/s) - 684 (752065 Gflops/s) - 680 (747667 Gflops/s) - 656 (721279 Gflops/s) - 663 (728976 Gflops/s) | Temperatures: 59°C - 60°C - 74°C - 70°C - 62°C - 59°C - 71°C - 72°C | Throttling: None - None - None - None - None - None - None - None
680 (747667 Gflops/s) - 676 (743269 Gflops/s) - 669 (735573 Gflops/s) - 674 (741070 Gflops/s) - 685 (753165 Gflops/s) - 682 (749866 Gflops/s) - 658 (723478 Gflops/s) - 666 (732274 Gflops/s) | Temperatures: 59°C - 60°C - 74°C - 70°C - 62°C - 59°C - 71°C - 72°C | Throttling: None - None - None - None - None - None - None - None
682 (749866 Gflops/s) - 676 (743269 Gflops/s) - 670 (736672 Gflops/s) - 674 (741070 Gflops/s) - 685 (753165 Gflops/s) - 683 (750966 Gflops/s) - 659 (724578 Gflops/s) - 665 (731175 Gflops/s) | Temperatures: 59°C - 60°C - 74°C - 70°C - 62°C - 59°C - 71°C - 72°C | Throttling: None - None - None - None - None - None - None - None
681 (748767 Gflops/s) - 674 (741070 Gflops/s) - 669 (735573 Gflops/s) - 674 (741070 Gflops/s) - 685 (753165 Gflops/s) - 682 (749866 Gflops/s) - 658 (723478 Gflops/s) - 666 (732274 Gflops/s) | Temperatures: 59°C - 60°C - 74°C - 70°C - 62°C - 59°C - 71°C - 72°C | Throttling: None - None - None - None - None - None - None - None
681 (748767 Gflops/s) - 677 (744369 Gflops/s) - 671 (737772 Gflops/s) - 674 (741070 Gflops/s) - 685 (753165 Gflops/s) - 682 (749866 Gflops/s) - 658 (723478 Gflops/s) - 665 (731175 Gflops/s) | Temperatures: 59°C - 60°C - 74°C - 70°C - 62°C - 59°C - 71°C - 72°C | Throttling: None - None - None - None - None - None - None - None
681 (748767 Gflops/s) - 676 (743269 Gflops/s) - 670 (736672 Gflops/s) - 674 (741070 Gflops/s) - 687 (755364 Gflops/s) - 682 (749866 Gflops/s) - 659 (724578 Gflops/s) - 666 (732274 Gflops/s) | Temperatures: 59°C - 60°C - 74°C - 70°C - 62°C - 59°C - 71°C - 72°C | Throttling: None - None - None - None - None - None - None - None
681 (748767 Gflops/s) - 676 (743269 Gflops/s) - 670 (736672 Gflops/s) - 675 (742170 Gflops/s) - 685 (753165 Gflops/s) - 682 (749866 Gflops/s) - 658 (723478 Gflops/s) - 666 (732274 Gflops/s) | Temperatures: 59°C - 60°C - 74°C - 70°C - 62°C - 59°C - 71°C - 72°C | Throttling: None - None - None - None - None - None - None - None
681 (748767 Gflops/s) - 676 (743269 Gflops/s) - 671 (737772 Gflops/s) - 675 (742170 Gflops/s) - 686 (754264 Gflops/s) - 683 (750966 Gflops/s) - 658 (723478 Gflops/s) - 666 (732274 Gflops/s) | Temperatures: 59°C - 60°C - 74°C - 70°C - 62°C - 59°C - 71°C - 72°C | Throttling: None - None - None - None - None - None - None - None
680 (747667 Gflops/s) - 676 (743269 Gflops/s) - 669 (735573 Gflops/s) - 674 (741070 Gflops/s) - 684 (752065 Gflops/s) - 682 (749866 Gflops/s) - 658 (723478 Gflops/s) - 665 (731175 Gflops/s) | Temperatures: 59°C - 60°C - 74°C - 70°C - 62°C - 59°C - 71°C - 72°C | Throttling: None - None - None - None - None - None - None - None
682 (749866 Gflops/s) - 675 (742170 Gflops/s) - 670 (736672 Gflops/s) - 674 (741070 Gflops/s) - 686 (754264 Gflops/s) - 683 (750966 Gflops/s) - 658 (723478 Gflops/s) - 666 (732274 Gflops/s) | Temperatures: 59°C - 60°C - 74°C - 70°C - 62°C - 59°C - 71°C - 72°C | Throttling: None - None - None - None - None - None - None - None
682 (749866 Gflops/s) - 676 (743269 Gflops/s) - 670 (736672 Gflops/s) - 675 (742170 Gflops/s) - 686 (754264 Gflops/s) - 683 (750966 Gflops/s) - 659 (724578 Gflops/s) - 666 (732274 Gflops/s) | Temperatures: 59°C - 60°C - 74°C - 70°C - 62°C - 59°C - 71°C - 72°C | Throttling: None - None - None - None - None - None - None - None
681 (748767 Gflops/s) - 676 (743269 Gflops/s) - 670 (736672 Gflops/s) - 673 (739971 Gflops/s) - 685 (753165 Gflops/s) - 683 (750966 Gflops/s) - 658 (723478 Gflops/s) - 665 (731175 Gflops/s) | Temperatures: 59°C - 60°C - 74°C - 70°C - 62°C - 59°C - 71°C - 72°C | Throttling: None - None - None - None - None - None - None - None
696 (765260 Gflops/s) - 684 (752065 Gflops/s) - 670 (736672 Gflops/s) - 674 (741070 Gflops/s) - 684 (752065 Gflops/s) - 682 (749866 Gflops/s) - 657 (722379 Gflops/s) - 665 (731175 Gflops/s) | Temperatures: 59°C - 60°C - 74°C - 70°C - 62°C - 59°C - 71°C - 72°C | Throttling: None - None - None - None - None - None - None - None
665 (731175 Gflops/s) - 668 (734473 Gflops/s) - 670 (736672 Gflops/s) - 674 (741070 Gflops/s) - 686 (754264 Gflops/s) - 683 (750966 Gflops/s) - 659 (724578 Gflops/s) - 666 (732274 Gflops/s) | Temperatures: 59°C - 60°C - 74°C - 70°C - 62°C - 59°C - 71°C - 72°C | Throttling: None - None - None - None - None - None - None - None
681 (748767 Gflops/s) - 676 (743269 Gflops/s) - 670 (736672 Gflops/s) - 674 (741070 Gflops/s) - 684 (752065 Gflops/s) - 682 (749866 Gflops/s) - 658 (723478 Gflops/s) - 664 (730075 Gflops/s) | Temperatures: 59°C - 60°C - 74°C - 70°C - 62°C - 59°C - 71°C - 72°C | Throttling: None - None - None - None - None - None - None - None
689 (757563 Gflops/s) - 683 (750966 Gflops/s) - 678 (745468 Gflops/s) - 682 (749866 Gflops/s) - 694 (763061 Gflops/s) - 691 (759762 Gflops/s) - 666 (732274 Gflops/s) - 674 (741070 Gflops/s) | Temperatures: 59°C - 60°C - 74°C - 70°C - 62°C - 59°C - 71°C - 72°C | Throttling: None - None - None - None - None - None - None - None
673 (739971 Gflops/s) - 668 (734473 Gflops/s) - 663 (728976 Gflops/s) - 667 (733374 Gflops/s) - 678 (745468 Gflops/s) - 675 (742170 Gflops/s) - 651 (715782 Gflops/s) - 658 (723478 Gflops/s) | Temperatures: 59°C - 60°C - 74°C - 70°C - 62°C - 59°C - 71°C - 72°C | Throttling: None - None - None - None - None - None - None - None
681 (748767 Gflops/s) - 676 (743269 Gflops/s) - 670 (736672 Gflops/s) - 674 (741070 Gflops/s) - 685 (753165 Gflops/s) - 682 (749866 Gflops/s) - 658 (723478 Gflops/s) - 665 (731175 Gflops/s) | Temperatures: 59°C - 60°C - 74°C - 70°C - 62°C - 59°C - 71°C - 72°C | Throttling: None - None - None - None - None - None - None - None
682 (749866 Gflops/s) - 676 (743269 Gflops/s) - 671 (737772 Gflops/s) - 675 (742170 Gflops/s) - 686 (754264 Gflops/s) - 683 (750966 Gflops/s) - 658 (723478 Gflops/s) - 667 (733374 Gflops/s) | Temperatures: 59°C - 60°C - 74°C - 70°C - 62°C - 59°C - 71°C - 72°C | Throttling: None - None - None - None - None - None - None - None
681 (748767 Gflops/s) - 677 (744369 Gflops/s) - 670 (736672 Gflops/s) - 674 (741070 Gflops/s) - 686 (754264 Gflops/s) - 682 (749866 Gflops/s) - 659 (724578 Gflops/s) - 665 (731175 Gflops/s) | Temperatures: 59°C - 60°C - 74°C - 70°C - 62°C - 59°C - 71°C - 72°C | Throttling: None - None - None - None - None - None - None - None
680 (747667 Gflops/s) - 674 (741070 Gflops/s) - 671 (737772 Gflops/s) - 673 (739971 Gflops/s) - 685 (753165 Gflops/s) - 682 (749866 Gflops/s) - 658 (723478 Gflops/s) - 664 (730075 Gflops/s) | Temperatures: 59°C - 60°C - 74°C - 70°C - 62°C - 59°C - 71°C - 72°C | Throttling: None - None - None - None - None - None - None - None
682 (749866 Gflops/s) - 677 (744369 Gflops/s) - 671 (737772 Gflops/s) - 675 (742170 Gflops/s) - 686 (754264 Gflops/s) - 683 (750966 Gflops/s) - 658 (723478 Gflops/s) - 666 (732274 Gflops/s) | Temperatures: 59°C - 60°C - 74°C - 70°C - 62°C - 59°C - 71°C - 72°C | Throttling: None - None - None - None - None - None - None - None
680 (747667 Gflops/s) - 675 (742170 Gflops/s) - 671 (737772 Gflops/s) - 673 (739971 Gflops/s) - 685 (753165 Gflops/s) - 691 (759762 Gflops/s) - 658 (723478 Gflops/s) - 665 (731175 Gflops/s) | Temperatures: 59°C - 60°C - 74°C - 70°C - 62°C - 59°C - 71°C - 72°C | Throttling: None - None - None - None - None - None - None - None
689 (757563 Gflops/s) - 683 (750966 Gflops/s) - 678 (745468 Gflops/s) - 682 (749866 Gflops/s) - 693 (761961 Gflops/s) - 681 (748767 Gflops/s) - 665 (731175 Gflops/s) - 672 (738871 Gflops/s) | Temperatures: 59°C - 60°C - 74°C - 70°C - 62°C - 59°C - 71°C - 72°C | Throttling: None - None - None - None - None - None - None - None
674 (741070 Gflops/s) - 669 (735573 Gflops/s) - 664 (730075 Gflops/s) - 667 (733374 Gflops/s) - 679 (746568 Gflops/s) - 675 (742170 Gflops/s) - 651 (715782 Gflops/s) - 659 (724578 Gflops/s) | Temperatures: 59°C - 60°C - 74°C - 70°C - 62°C - 59°C - 71°C - 72°C | Throttling: None - None - None - None - None - None - None - None
681 (748767 Gflops/s) - 676 (743269 Gflops/s) - 671 (737772 Gflops/s) - 673 (739971 Gflops/s) - 684 (752065 Gflops/s) - 682 (749866 Gflops/s) - 658 (723478 Gflops/s) - 665 (731175 Gflops/s) | Temperatures: 59°C - 60°C - 74°C - 70°C - 62°C - 59°C - 71°C - 72°C | Throttling: None - None - None - None - None - None - None - None
681 (748767 Gflops/s) - 676 (743269 Gflops/s) - 671 (737772 Gflops/s) - 675 (742170 Gflops/s) - 687 (755364 Gflops/s) - 682 (749866 Gflops/s) - 659 (724578 Gflops/s) - 665 (731175 Gflops/s) | Temperatures: 59°C - 60°C - 74°C - 70°C - 62°C - 59°C - 71°C - 72°C | Throttling: None - None - None - None - None - None - None - None
682 (749866 Gflops/s) - 675 (742170 Gflops/s) - 671 (737772 Gflops/s) - 674 (741070 Gflops/s) - 684 (752065 Gflops/s) - 682 (749866 Gflops/s) - 658 (723478 Gflops/s) - 665 (731175 Gflops/s) | Temperatures: 59°C - 60°C - 74°C - 70°C - 62°C - 59°C - 71°C - 72°C | Throttling: None - None - None - None - None - None - None - None
681 (748767 Gflops/s) - 677 (744369 Gflops/s) - 671 (737772 Gflops/s) - 674 (741070 Gflops/s) - 687 (755364 Gflops/s) - 683 (750966 Gflops/s) - 658 (723478 Gflops/s) - 666 (732274 Gflops/s) | Temperatures: 59°C - 60°C - 74°C - 70°C - 62°C - 59°C - 71°C - 72°C | Throttling: None - None - None - None - None - None - None - None
681 (748767 Gflops/s) - 676 (743269 Gflops/s) - 671 (737772 Gflops/s) - 674 (741070 Gflops/s) - 686 (754264 Gflops/s) - 682 (749866 Gflops/s) - 658 (723478 Gflops/s) - 665 (731175 Gflops/s) | Temperatures: 59°C - 60°C - 74°C - 70°C - 62°C - 59°C - 71°C - 72°C | Throttling: None - None - None - None - None - None - None - None
681 (748767 Gflops/s) - 676 (743269 Gflops/s) - 671 (737772 Gflops/s) - 674 (741070 Gflops/s) - 684 (752065 Gflops/s) - 682 (749866 Gflops/s) - 658 (723478 Gflops/s) - 665 (731175 Gflops/s) | Temperatures: 59°C - 60°C - 74°C - 70°C - 62°C - 59°C - 71°C - 72°C | Throttling: None - None - None - None - None - None - None - None
688 (756463 Gflops/s) - 683 (750966 Gflops/s) - 679 (746568 Gflops/s) - 681 (748767 Gflops/s) - 694 (763061 Gflops/s) - 690 (758663 Gflops/s) - 665 (731175 Gflops/s) - 673 (739971 Gflops/s) | Temperatures: 59°C - 60°C - 74°C - 70°C - 62°C - 59°C - 71°C - 72°C | Throttling: None - None - None - None - None - None - None - None
675 (742170 Gflops/s) - 669 (735573 Gflops/s) - 664 (730075 Gflops/s) - 667 (733374 Gflops/s) - 678 (745468 Gflops/s) - 676 (743269 Gflops/s) - 652 (716881 Gflops/s) - 658 (723478 Gflops/s) | Temperatures: 59°C - 60°C - 74°C - 70°C - 62°C - 59°C - 71°C - 72°C | Throttling: None - None - None - None - None - None - None - None
681 (748767 Gflops/s) - 676 (743269 Gflops/s) - 671 (737772 Gflops/s) - 675 (742170 Gflops/s) - 685 (753165 Gflops/s) - 682 (749866 Gflops/s) - 657 (722379 Gflops/s) - 665 (731175 Gflops/s) | Temperatures: 59°C - 60°C - 74°C - 70°C - 62°C - 59°C - 71°C - 72°C | Throttling: None - None - None - None - None - None - None - None
682 (749866 Gflops/s) - 675 (742170 Gflops/s) - 671 (737772 Gflops/s) - 674 (741070 Gflops/s) - 686 (754264 Gflops/s) - 683 (750966 Gflops/s) - 659 (724578 Gflops/s) - 666 (732274 Gflops/s) | Temperatures: 59°C - 60°C - 74°C - 70°C - 62°C - 59°C - 71°C - 72°C | Throttling: None - None - None - None - None - None - None - None
680 (747667 Gflops/s) - 677 (744369 Gflops/s) - 671 (737772 Gflops/s) - 673 (739971 Gflops/s) - 685 (753165 Gflops/s) - 682 (749866 Gflops/s) - 658 (723478 Gflops/s) - 665 (731175 Gflops/s) | Temperatures: 59°C - 60°C - 74°C - 70°C - 62°C - 59°C - 71°C - 72°C | Throttling: None - None - None - None - None - None - None - None
682 (749866 Gflops/s) - 675 (742170 Gflops/s) - 671 (737772 Gflops/s) - 674 (741070 Gflops/s) - 686 (754264 Gflops/s) - 682 (749866 Gflops/s) - 658 (723478 Gflops/s) - 673 (739971 Gflops/s) | Temperatures: 59°C - 60°C - 74°C - 70°C - 62°C - 59°C - 71°C - 72°C | Throttling: None - None - None - None - None - None - None - None
681 (748767 Gflops/s) - 676 (743269 Gflops/s) - 671 (737772 Gflops/s) - 674 (741070 Gflops/s) - 685 (753165 Gflops/s) - 683 (750966 Gflops/s) - 658 (723478 Gflops/s) - 658 (723478 Gflops/s) | Temperatures: 59°C - 60°C - 74°C - 70°C - 62°C - 59°C - 71°C - 72°C | Throttling: None - None - None - None - None - None - None - None
681 (748767 Gflops/s) - 676 (743269 Gflops/s) - 682 (749866 Gflops/s) - 674 (741070 Gflops/s) - 686 (754264 Gflops/s) - 682 (749866 Gflops/s) - 658 (723478 Gflops/s) - 664 (730075 Gflops/s) | Temperatures: 59°C - 60°C - 74°C - 70°C - 62°C - 59°C - 71°C - 72°C | Throttling: None - None - None - None - None - None - None - None
688 (756463 Gflops/s) - 683 (750966 Gflops/s) - 667 (733374 Gflops/s) - 681 (748767 Gflops/s) - 693 (761961 Gflops/s) - 690 (758663 Gflops/s) - 665 (731175 Gflops/s) - 672 (738871 Gflops/s) | Temperatures: 59°C - 60°C - 74°C - 70°C - 62°C - 59°C - 71°C - 72°C | Throttling: None - None - None - None - None - None - None - None
674 (741070 Gflops/s) - 668 (734473 Gflops/s) - 665 (731175 Gflops/s) - 667 (733374 Gflops/s) - 678 (745468 Gflops/s) - 674 (741070 Gflops/s) - 652 (716881 Gflops/s) - 659 (724578 Gflops/s) | Temperatures: 59°C - 60°C - 74°C - 70°C - 62°C - 59°C - 71°C - 72°C | Throttling: None - None - None - None - None - None - None - None
724 (796046 Gflops/s) - 719 (790548 Gflops/s) - 713 (783951 Gflops/s) - 717 (788349 Gflops/s) - 729 (801543 Gflops/s) - 726 (798245 Gflops/s) - 700 (769658 Gflops/s) - 707 (777354 Gflops/s) | Temperatures: 59°C - 60°C - 74°C - 70°C - 62°C - 59°C - 71°C - 72°C | Throttling: None - None - None - None - None - None - None - None
752 (826832 Gflops/s) - 745 (819136 Gflops/s) - 741 (814738 Gflops/s) - 744 (818036 Gflops/s) - 757 (832330 Gflops/s) - 753 (827932 Gflops/s) - 726 (798245 Gflops/s) - 735 (808141 Gflops/s) | Temperatures: 59°C - 60°C - 74°C - 70°C - 62°C - 59°C - 71°C - 72°C | Throttling: None - None - None - None - None - None - None - None
743 (816937 Gflops/s) - 737 (810340 Gflops/s) - 732 (804842 Gflops/s) - 735 (808141 Gflops/s) - 747 (821335 Gflops/s) - 744 (818036 Gflops/s) - 719 (790548 Gflops/s) - 725 (797145 Gflops/s) | Temperatures: 59°C - 60°C - 74°C - 70°C - 62°C - 59°C - 71°C - 72°C | Throttling: None - None - None - None - None - None - None - None
742 (815837 Gflops/s) - 738 (811439 Gflops/s) - 732 (804842 Gflops/s) - 735 (808141 Gflops/s) - 747 (821335 Gflops/s) - 745 (819136 Gflops/s) - 717 (788349 Gflops/s) - 725 (797145 Gflops/s) | Temperatures: 59°C - 60°C - 74°C - 70°C - 62°C - 59°C - 71°C - 72°C | Throttling: None - None - None - None - None - None - None - None
744 (818036 Gflops/s) - 738 (811439 Gflops/s) - 733 (805942 Gflops/s) - 735 (808141 Gflops/s) - 748 (822434 Gflops/s) - 761 (836728 Gflops/s) - 719 (790548 Gflops/s) - 727 (799344 Gflops/s) | Temperatures: 59°C - 60°C - 74°C - 70°C - 62°C - 59°C - 71°C - 72°C | Throttling: None - None - None - None - None - None - None - None
742 (815837 Gflops/s) - 739 (812539 Gflops/s) - 732 (804842 Gflops/s) - 736 (809240 Gflops/s) - 747 (821335 Gflops/s) - 728 (800444 Gflops/s) - 718 (789449 Gflops/s) - 725 (797145 Gflops/s) | Temperatures: 59°C - 60°C - 74°C - 70°C - 62°C - 59°C - 71°C - 72°C | Throttling: None - None - None - None - None - None - None - None
743 (816937 Gflops/s) - 736 (809240 Gflops/s) - 731 (803742 Gflops/s) - 735 (808141 Gflops/s) - 748 (822434 Gflops/s) - 744 (818036 Gflops/s) - 718 (789449 Gflops/s) - 725 (797145 Gflops/s) | Temperatures: 59°C - 60°C - 74°C - 70°C - 62°C - 59°C - 71°C - 72°C | Throttling: None - None - None - None - None - None - None - None
743 (816937 Gflops/s) - 738 (811439 Gflops/s) - 732 (804842 Gflops/s) - 735 (808141 Gflops/s) - 759 (834529 Gflops/s) - 744 (818036 Gflops/s) - 718 (789449 Gflops/s) - 726 (798245 Gflops/s) | Temperatures: 59°C - 60°C - 74°C - 70°C - 62°C - 59°C - 71°C - 72°C | Throttling: None - None - None - None - None - None - None - None
743 (816937 Gflops/s) - 738 (811439 Gflops/s) - 732 (804842 Gflops/s) - 735 (808141 Gflops/s) - 737 (810340 Gflops/s) - 745 (819136 Gflops/s) - 718 (789449 Gflops/s) - 725 (797145 Gflops/s) | Temperatures: 59°C - 60°C - 74°C - 70°C - 62°C - 59°C - 71°C - 72°C | Throttling: None - None - None - None - None - None - None - None
743 (816937 Gflops/s) - 735 (808141 Gflops/s) - 732 (804842 Gflops/s) - 735 (808141 Gflops/s) - 748 (822434 Gflops/s) - 744 (818036 Gflops/s) - 718 (789449 Gflops/s) - 733 (805942 Gflops/s) | Temperatures: 59°C - 60°C - 74°C - 70°C - 62°C - 59°C - 71°C - 72°C | Throttling: None - None - None - None - None - None - None - None
693 (761961 Gflops/s) - 687 (755364 Gflops/s) - 682 (749866 Gflops/s) - 690 (758663 Gflops/s) - 697 (766359 Gflops/s) - 693 (761961 Gflops/s) - 669 (735573 Gflops/s) - 669 (735573 Gflops/s) | Temperatures: 59°C - 60°C - 74°C - 70°C - 62°C - 59°C - 71°C - 72°C | Throttling: None - None - None - None - None - None - None - None
681 (748767 Gflops/s) - 676 (743269 Gflops/s) - 670 (736672 Gflops/s) - 669 (735573 Gflops/s) - 685 (753165 Gflops/s) - 682 (749866 Gflops/s) - 658 (723478 Gflops/s) - 665 (731175 Gflops/s) | Temperatures: 59°C - 60°C - 74°C - 70°C - 62°C - 59°C - 71°C - 72°C | Throttling: None - None - None - None - None - None - None - None
681 (748767 Gflops/s) - 677 (744369 Gflops/s) - 674 (741070 Gflops/s) - 674 (741070 Gflops/s) - 685 (753165 Gflops/s) - 682 (749866 Gflops/s) - 658 (723478 Gflops/s) - 666 (732274 Gflops/s) | Temperatures: 59°C - 60°C - 74°C - 70°C - 62°C - 59°C - 71°C - 72°C | Throttling: None - None - None - None - None - None - None - None
682 (749866 Gflops/s) - 675 (742170 Gflops/s) - 668 (734473 Gflops/s) - 673 (739971 Gflops/s) - 685 (753165 Gflops/s) - 682 (749866 Gflops/s) - 658 (723478 Gflops/s) - 664 (730075 Gflops/s) | Temperatures: 59°C - 60°C - 74°C - 70°C - 62°C - 59°C - 71°C - 72°C | Throttling: None - None - None - None - None - None - None - None
688 (756463 Gflops/s) - 682 (749866 Gflops/s) - 678 (745468 Gflops/s) - 681 (748767 Gflops/s) - 693 (761961 Gflops/s) - 690 (758663 Gflops/s) - 665 (731175 Gflops/s) - 672 (738871 Gflops/s) | Temperatures: 59°C - 60°C - 74°C - 70°C - 62°C - 59°C - 71°C - 72°C | Throttling: None - None - None - None - None - None - None - None
674 (741070 Gflops/s) - 669 (735573 Gflops/s) - 665 (731175 Gflops/s) - 667 (733374 Gflops/s) - 679 (746568 Gflops/s) - 675 (742170 Gflops/s) - 652 (716881 Gflops/s) - 659 (724578 Gflops/s) | Temperatures: 59°C - 60°C - 74°C - 70°C - 62°C - 59°C - 71°C - 72°C | Throttling: None - None - None - None - None - None - None - None
681 (748767 Gflops/s) - 676 (743269 Gflops/s) - 670 (736672 Gflops/s) - 673 (739971 Gflops/s) - 685 (753165 Gflops/s) - 682 (749866 Gflops/s) - 658 (723478 Gflops/s) - 665 (731175 Gflops/s) | Temperatures: 59°C - 60°C - 74°C - 70°C - 62°C - 59°C - 71°C - 72°C | Throttling: None - None - None - None - None - None - None - None
682 (749866 Gflops/s) - 675 (742170 Gflops/s) - 672 (738871 Gflops/s) - 675 (742170 Gflops/s) - 686 (754264 Gflops/s) - 682 (749866 Gflops/s) - 659 (724578 Gflops/s) - 674 (741070 Gflops/s) | Temperatures: 59°C - 60°C - 74°C - 70°C - 62°C - 59°C - 71°C - 72°C | Throttling: None - None - None - None - None - None - None - None
681 (748767 Gflops/s) - 675 (742170 Gflops/s) - 670 (736672 Gflops/s) - 674 (741070 Gflops/s) - 684 (752065 Gflops/s) - 682 (749866 Gflops/s) - 657 (722379 Gflops/s) - 655 (720180 Gflops/s) | Temperatures: 59°C - 60°C - 74°C - 70°C - 62°C - 59°C - 71°C - 72°C | Throttling: None - None - None - None - None - None - None - None
681 (748767 Gflops/s) - 676 (743269 Gflops/s) - 672 (738871 Gflops/s) - 674 (741070 Gflops/s) - 686 (754264 Gflops/s) - 682 (749866 Gflops/s) - 659 (724578 Gflops/s) - 666 (732274 Gflops/s) | Temperatures: 59°C - 60°C - 74°C - 70°C - 62°C - 59°C - 71°C - 72°C | Throttling: None - None - None - None - None - None - None - None
681 (748767 Gflops/s) - 677 (744369 Gflops/s) - 672 (738871 Gflops/s) - 675 (742170 Gflops/s) - 685 (753165 Gflops/s) - 683 (750966 Gflops/s) - 658 (723478 Gflops/s) - 665 (731175 Gflops/s) | Temperatures: 59°C - 60°C - 74°C - 70°C - 62°C - 59°C - 71°C - 72°C | Throttling: None - None - None - None - None - None - None - None
681 (748767 Gflops/s) - 675 (742170 Gflops/s) - 670 (736672 Gflops/s) - 673 (739971 Gflops/s) - 685 (753165 Gflops/s) - 682 (749866 Gflops/s) - 658 (723478 Gflops/s) - 664 (730075 Gflops/s) | Temperatures: 59°C - 60°C - 74°C - 70°C - 62°C - 59°C - 71°C - 72°C | Throttling: None - None - None - None - None - None - None - None
688 (756463 Gflops/s) - 682 (749866 Gflops/s) - 678 (745468 Gflops/s) - 680 (747667 Gflops/s) - 693 (761961 Gflops/s) - 690 (758663 Gflops/s) - 666 (732274 Gflops/s) - 673 (739971 Gflops/s) | Temperatures: 59°C - 60°C - 74°C - 70°C - 62°C - 59°C - 71°C - 72°C | Throttling: None - None - None - None - None - None - None - None
674 (741070 Gflops/s) - 669 (735573 Gflops/s) - 664 (730075 Gflops/s) - 668 (734473 Gflops/s) - 679 (746568 Gflops/s) - 675 (742170 Gflops/s) - 651 (715782 Gflops/s) - 658 (723478 Gflops/s) | Temperatures: 59°C - 60°C - 74°C - 70°C - 62°C - 59°C - 71°C - 72°C | Throttling: None - None - None - None - None - None - None - None
680 (747667 Gflops/s) - 675 (742170 Gflops/s) - 671 (737772 Gflops/s) - 674 (741070 Gflops/s) - 685 (753165 Gflops/s) - 682 (749866 Gflops/s) - 658 (723478 Gflops/s) - 665 (731175 Gflops/s) | Temperatures: 59°C - 60°C - 74°C - 70°C - 62°C - 59°C - 71°C - 72°C | Throttling: None - None - None - None - None - None - None - None
682 (749866 Gflops/s) - 676 (743269 Gflops/s) - 671 (737772 Gflops/s) - 674 (741070 Gflops/s) - 686 (754264 Gflops/s) - 683 (750966 Gflops/s) - 672 (738871 Gflops/s) - 666 (732274 Gflops/s) | Temperatures: 59°C - 60°C - 74°C - 70°C - 62°C - 59°C - 71°C - 72°C | Throttling: None - None - None - None - None - None - None - None
681 (748767 Gflops/s) - 675 (742170 Gflops/s) - 671 (737772 Gflops/s) - 674 (741070 Gflops/s) - 684 (752065 Gflops/s) - 682 (749866 Gflops/s) - 645 (709184 Gflops/s) - 664 (730075 Gflops/s) | Temperatures: 59°C - 60°C - 74°C - 70°C - 62°C - 59°C - 71°C - 72°C | Throttling: None - None - None - None - None - None - None - None
681 (748767 Gflops/s) - 675 (742170 Gflops/s) - 670 (736672 Gflops/s) - 674 (741070 Gflops/s) - 686 (754264 Gflops/s) - 688 (756463 Gflops/s) - 658 (723478 Gflops/s) - 665 (731175 Gflops/s) | Temperatures: 60°C - 60°C - 74°C - 70°C - 62°C - 59°C - 71°C - 72°C | Throttling: None - None - None - None - None - None - None - None
682 (749866 Gflops/s) - 677 (744369 Gflops/s) - 672 (738871 Gflops/s) - 674 (741070 Gflops/s) - 687 (755364 Gflops/s) - 677 (744369 Gflops/s) - 659 (724578 Gflops/s) - 666 (732274 Gflops/s) | Temperatures: 60°C - 60°C - 74°C - 70°C - 62°C - 59°C - 71°C - 72°C | Throttling: None - None - None - None - None - None - None - None
681 (748767 Gflops/s) - 675 (742170 Gflops/s) - 670 (736672 Gflops/s) - 674 (741070 Gflops/s) - 684 (752065 Gflops/s) - 682 (749866 Gflops/s) - 658 (723478 Gflops/s) - 664 (730075 Gflops/s) | Temperatures: 59°C - 60°C - 74°C - 71°C - 62°C - 59°C - 71°C - 72°C | Throttling: None - None - None - None - None - None - None - None
688 (756463 Gflops/s) - 683 (750966 Gflops/s) - 678 (745468 Gflops/s) - 681 (748767 Gflops/s) - 693 (761961 Gflops/s) - 689 (757563 Gflops/s) - 665 (731175 Gflops/s) - 672 (738871 Gflops/s) | Temperatures: 59°C - 60°C - 74°C - 71°C - 62°C - 59°C - 71°C - 72°C | Throttling: None - None - None - None - None - None - None - None
673 (739971 Gflops/s) - 669 (735573 Gflops/s) - 664 (730075 Gflops/s) - 667 (733374 Gflops/s) - 678 (745468 Gflops/s) - 675 (742170 Gflops/s) - 651 (715782 Gflops/s) - 658 (723478 Gflops/s) | Temperatures: 59°C - 60°C - 74°C - 70°C - 62°C - 59°C - 71°C - 72°C | Throttling: None - None - None - None - None - None - None - None
681 (748767 Gflops/s) - 675 (742170 Gflops/s) - 671 (737772 Gflops/s) - 674 (741070 Gflops/s) - 685 (753165 Gflops/s) - 682 (749866 Gflops/s) - 658 (723478 Gflops/s) - 664 (730075 Gflops/s) | Temperatures: 60°C - 60°C - 74°C - 71°C - 62°C - 59°C - 71°C - 72°C | Throttling: None - None - None - None - None - None - None - None
682 (749866 Gflops/s) - 677 (744369 Gflops/s) - 672 (738871 Gflops/s) - 674 (741070 Gflops/s) - 687 (755364 Gflops/s) - 683 (750966 Gflops/s) - 659 (724578 Gflops/s) - 665 (731175 Gflops/s) | Temperatures: 59°C - 60°C - 74°C - 70°C - 62°C - 59°C - 71°C - 72°C | Throttling: None - None - None - None - None - None - None - None
681 (748767 Gflops/s) - 674 (741070 Gflops/s) - 670 (736672 Gflops/s) - 674 (741070 Gflops/s) - 685 (753165 Gflops/s) - 682 (749866 Gflops/s) - 658 (723478 Gflops/s) - 665 (731175 Gflops/s) | Temperatures: 60°C - 60°C - 74°C - 70°C - 62°C - 59°C - 71°C - 72°C | Throttling: None - None - None - None - None - None - None - None
681 (748767 Gflops/s) - 675 (742170 Gflops/s) - 670 (736672 Gflops/s) - 673 (739971 Gflops/s) - 685 (753165 Gflops/s) - 682 (749866 Gflops/s) - 658 (723478 Gflops/s) - 664 (730075 Gflops/s) | Temperatures: 59°C - 60°C - 74°C - 71°C - 62°C - 59°C - 71°C - 72°C | Throttling: None - None - None - None - None - None - None - None
680 (747667 Gflops/s) - 676 (743269 Gflops/s) - 671 (737772 Gflops/s) - 683 (750966 Gflops/s) - 686 (754264 Gflops/s) - 683 (750966 Gflops/s) - 658 (723478 Gflops/s) - 666 (732274 Gflops/s) | Temperatures: 59°C - 60°C - 74°C - 70°C - 62°C - 59°C - 71°C - 72°C | Throttling: None - None - None - None - None - None - None - None
682 (749866 Gflops/s) - 677 (744369 Gflops/s) - 671 (737772 Gflops/s) - 665 (731175 Gflops/s) - 687 (755364 Gflops/s) - 682 (749866 Gflops/s) - 659 (724578 Gflops/s) - 665 (731175 Gflops/s) | Temperatures: 60°C - 60°C - 74°C - 71°C - 62°C - 59°C - 71°C - 72°C | Throttling: None - None - None - None - None - None - None - None
688 (756463 Gflops/s) - 682 (749866 Gflops/s) - 678 (745468 Gflops/s) - 681 (748767 Gflops/s) - 692 (760862 Gflops/s) - 690 (758663 Gflops/s) - 665 (731175 Gflops/s) - 672 (738871 Gflops/s) | Temperatures: 59°C - 60°C - 74°C - 70°C - 62°C - 59°C - 71°C - 72°C | Throttling: None - None - None - None - None - None - None - None
673 (739971 Gflops/s) - 669 (735573 Gflops/s) - 664 (730075 Gflops/s) - 667 (733374 Gflops/s) - 678 (745468 Gflops/s) - 675 (742170 Gflops/s) - 651 (715782 Gflops/s) - 658 (723478 Gflops/s) | Temperatures: 59°C - 60°C - 74°C - 71°C - 62°C - 59°C - 71°C - 72°C | Throttling: None - None - None - None - None - None - None - None
681 (748767 Gflops/s) - 684 (752065 Gflops/s) - 670 (736672 Gflops/s) - 673 (739971 Gflops/s) - 686 (754264 Gflops/s) - 682 (749866 Gflops/s) - 658 (723478 Gflops/s) - 665 (731175 Gflops/s) | Temperatures: 60°C - 60°C - 74°C - 70°C - 62°C - 59°C - 71°C - 72°C | Throttling: None - None - None - None - None - None - None - None
681 (748767 Gflops/s) - 668 (734473 Gflops/s) - 671 (737772 Gflops/s) - 674 (741070 Gflops/s) - 685 (753165 Gflops/s) - 682 (749866 Gflops/s) - 658 (723478 Gflops/s) - 665 (731175 Gflops/s) | Temperatures: 60°C - 60°C - 74°C - 70°C - 62°C - 59°C - 71°C - 72°C | Throttling: None - None - None - None - None - None - None - None
682 (749866 Gflops/s) - 676 (743269 Gflops/s) - 671 (737772 Gflops/s) - 674 (741070 Gflops/s) - 686 (754264 Gflops/s) - 683 (750966 Gflops/s) - 659 (724578 Gflops/s) - 665 (731175 Gflops/s) | Temperatures: 59°C - 60°C - 74°C - 71°C - 62°C - 59°C - 71°C - 72°C | Throttling: None - None - None - None - None - None - None - None
680 (747667 Gflops/s) - 675 (742170 Gflops/s) - 671 (737772 Gflops/s) - 674 (741070 Gflops/s) - 685 (753165 Gflops/s) - 682 (749866 Gflops/s) - 657 (722379 Gflops/s) - 665 (731175 Gflops/s) | Temperatures: 60°C - 60°C - 74°C - 71°C - 62°C - 59°C - 71°C - 72°C | Throttling: None - None - None - None - None - None - None - None
682 (749866 Gflops/s) - 677 (744369 Gflops/s) - 671 (737772 Gflops/s) - 674 (741070 Gflops/s) - 686 (754264 Gflops/s) - 683 (750966 Gflops/s) - 659 (724578 Gflops/s) - 665 (731175 Gflops/s) | Temperatures: 60°C - 60°C - 74°C - 70°C - 62°C - 59°C - 71°C - 72°C | Throttling: None - None - None - None - None - None - None - None
680 (747667 Gflops/s) - 676 (743269 Gflops/s) - 671 (737772 Gflops/s) - 674 (741070 Gflops/s) - 685 (753165 Gflops/s) - 682 (749866 Gflops/s) - 658 (723478 Gflops/s) - 665 (731175 Gflops/s) | Temperatures: 60°C - 60°C - 74°C - 71°C - 62°C - 59°C - 71°C - 72°C | Throttling: None - None - None - None - None - None - None - None
688 (756463 Gflops/s) - 683 (750966 Gflops/s) - 678 (745468 Gflops/s) - 682 (749866 Gflops/s) - 693 (761961 Gflops/s) - 690 (758663 Gflops/s) - 665 (731175 Gflops/s) - 672 (738871 Gflops/s) | Temperatures: 59°C - 60°C - 74°C - 71°C - 62°C - 59°C - 71°C - 72°C | Throttling: None - None - None - None - None - None - None - None
675 (742170 Gflops/s) - 669 (735573 Gflops/s) - 664 (730075 Gflops/s) - 667 (733374 Gflops/s) - 678 (745468 Gflops/s) - 676 (743269 Gflops/s) - 662 (727876 Gflops/s) - 659 (724578 Gflops/s) | Temperatures: 60°C - 60°C - 74°C - 70°C - 62°C - 59°C - 71°C - 72°C | Throttling: None - None - None - None - None - None - None - None
681 (748767 Gflops/s) - 676 (743269 Gflops/s) - 670 (736672 Gflops/s) - 675 (742170 Gflops/s) - 686 (754264 Gflops/s) - 682 (749866 Gflops/s) - 647 (711384 Gflops/s) - 664 (730075 Gflops/s) | Temperatures: 60°C - 60°C - 74°C - 71°C - 62°C - 59°C - 71°C - 72°C | Throttling: None - None - None - None - None - None - None - None
681 (748767 Gflops/s) - 674 (741070 Gflops/s) - 671 (737772 Gflops/s) - 674 (741070 Gflops/s) - 686 (754264 Gflops/s) - 683 (750966 Gflops/s) - 659 (724578 Gflops/s) - 666 (732274 Gflops/s) | Temperatures: 60°C - 60°C - 74°C - 71°C - 62°C - 59°C - 71°C - 72°C | Throttling: None - None - None - None - None - None - None - None
681 (748767 Gflops/s) - 675 (742170 Gflops/s) - 672 (738871 Gflops/s) - 675 (742170 Gflops/s) - 685 (753165 Gflops/s) - 682 (749866 Gflops/s) - 658 (723478 Gflops/s) - 665 (731175 Gflops/s) | Temperatures: 60°C - 60°C - 74°C - 71°C - 62°C - 59°C - 71°C - 72°C | Throttling: None - None - None - None - None - None - None - None
680 (747667 Gflops/s) - 675 (742170 Gflops/s) - 670 (736672 Gflops/s) - 673 (739971 Gflops/s) - 685 (753165 Gflops/s) - 682 (749866 Gflops/s) - 658 (723478 Gflops/s) - 664 (730075 Gflops/s) | Temperatures: 60°C - 60°C - 74°C - 71°C - 62°C - 59°C - 71°C - 72°C | Throttling: None - None - None - None - None - None - None - None
682 (749866 Gflops/s) - 676 (743269 Gflops/s) - 671 (737772 Gflops/s) - 675 (742170 Gflops/s) - 686 (754264 Gflops/s) - 683 (750966 Gflops/s) - 658 (723478 Gflops/s) - 666 (732274 Gflops/s) | Temperatures: 60°C - 60°C - 74°C - 71°C - 62°C - 59°C - 71°C - 72°C | Throttling: None - None - None - None - None - None - None - None
681 (748767 Gflops/s) - 674 (741070 Gflops/s) - 671 (737772 Gflops/s) - 673 (739971 Gflops/s) - 685 (753165 Gflops/s) - 682 (749866 Gflops/s) - 658 (723478 Gflops/s) - 664 (730075 Gflops/s) | Temperatures: 60°C - 60°C - 74°C - 71°C - 62°C - 59°C - 71°C - 72°C | Throttling: None - None - None - None - None - None - None - None
696 (765260 Gflops/s) - 683 (750966 Gflops/s) - 689 (757563 Gflops/s) - 682 (749866 Gflops/s) - 693 (761961 Gflops/s) - 689 (757563 Gflops/s) - 665 (731175 Gflops/s) - 672 (738871 Gflops/s) | Temperatures: 60°C - 60°C - 74°C - 71°C - 62°C - 59°C - 71°C - 72°C | Throttling: None - None - None - None - None - None - None - None
667 (733374 Gflops/s) - 669 (735573 Gflops/s) - 652 (716881 Gflops/s) - 667 (733374 Gflops/s) - 678 (745468 Gflops/s) - 676 (743269 Gflops/s) - 651 (715782 Gflops/s) - 658 (723478 Gflops/s) | Temperatures: 60°C - 60°C - 74°C - 71°C - 62°C - 59°C - 71°C - 72°C | Throttling: None - None - None - None - None - None - None - None
680 (747667 Gflops/s) - 675 (742170 Gflops/s) - 671 (737772 Gflops/s) - 674 (741070 Gflops/s) - 686 (754264 Gflops/s) - 682 (749866 Gflops/s) - 658 (723478 Gflops/s) - 665 (731175 Gflops/s) | Temperatures: 60°C - 60°C - 74°C - 71°C - 62°C - 59°C - 71°C - 72°C | Throttling: None - None - None - None - None - None - None - None
682 (749866 Gflops/s) - 676 (743269 Gflops/s) - 672 (738871 Gflops/s) - 674 (741070 Gflops/s) - 686 (754264 Gflops/s) - 682 (749866 Gflops/s) - 659 (724578 Gflops/s) - 666 (732274 Gflops/s) | Temperatures: 60°C - 60°C - 74°C - 71°C - 62°C - 59°C - 71°C - 72°C | Throttling: None - None - None - None - None - None - None - None
681 (748767 Gflops/s) - 676 (743269 Gflops/s) - 670 (736672 Gflops/s) - 674 (741070 Gflops/s) - 686 (754264 Gflops/s) - 683 (750966 Gflops/s) - 658 (723478 Gflops/s) - 665 (731175 Gflops/s) | Temperatures: 60°C - 60°C - 74°C - 71°C - 62°C - 59°C - 71°C - 72°C | Throttling: None - None - None - None - None - None - None - None
680 (747667 Gflops/s) - 675 (742170 Gflops/s) - 670 (736672 Gflops/s) - 674 (741070 Gflops/s) - 685 (753165 Gflops/s) - 681 (748767 Gflops/s) - 657 (722379 Gflops/s) - 664 (730075 Gflops/s) | Temperatures: 60°C - 60°C - 74°C - 70°C - 62°C - 59°C - 71°C - 72°C | Throttling: None - None - None - None - None - None - None - None
681 (748767 Gflops/s) - 676 (743269 Gflops/s) - 671 (737772 Gflops/s) - 674 (741070 Gflops/s) - 686 (754264 Gflops/s) - 683 (750966 Gflops/s) - 659 (724578 Gflops/s) - 665 (731175 Gflops/s) | Temperatures: 60°C - 60°C - 74°C - 71°C - 62°C - 59°C - 71°C - 72°C | Throttling: None - None - None - None - None - None - None - None
681 (748767 Gflops/s) - 677 (744369 Gflops/s) - 671 (737772 Gflops/s) - 674 (741070 Gflops/s) - 685 (753165 Gflops/s) - 682 (749866 Gflops/s) - 658 (723478 Gflops/s) - 665 (731175 Gflops/s) | Temperatures: 60°C - 60°C - 74°C - 71°C - 62°C - 59°C - 71°C - 72°C | Throttling: None - None - None - None - None - None - None - None
688 (756463 Gflops/s) - 682 (749866 Gflops/s) - 678 (745468 Gflops/s) - 683 (750966 Gflops/s) - 693 (761961 Gflops/s) - 690 (758663 Gflops/s) - 665 (731175 Gflops/s) - 672 (738871 Gflops/s) | Temperatures: 60°C - 60°C - 74°C - 70°C - 62°C - 59°C - 71°C - 72°C | Throttling: None - None - None - None - None - None - None - None
674 (741070 Gflops/s) - 669 (735573 Gflops/s) - 664 (730075 Gflops/s) - 666 (732274 Gflops/s) - 679 (746568 Gflops/s) - 675 (742170 Gflops/s) - 651 (715782 Gflops/s) - 658 (723478 Gflops/s) | Temperatures: 60°C - 60°C - 74°C - 71°C - 62°C - 59°C - 71°C - 72°C | Throttling: None - None - None - None - None - None - None - None
681 (748767 Gflops/s) - 676 (743269 Gflops/s) - 670 (736672 Gflops/s) - 674 (741070 Gflops/s) - 685 (753165 Gflops/s) - 682 (749866 Gflops/s) - 658 (723478 Gflops/s) - 664 (730075 Gflops/s) | Temperatures: 60°C - 60°C - 74°C - 71°C - 62°C - 59°C - 71°C - 72°C | Throttling: None - None - None - None - None - None - None - None
723 (794946 Gflops/s) - 717 (788349 Gflops/s) - 712 (782852 Gflops/s) - 715 (786150 Gflops/s) - 727 (799344 Gflops/s) - 723 (794946 Gflops/s) - 699 (768558 Gflops/s) - 706 (776255 Gflops/s) | Temperatures: 60°C - 60°C - 74°C - 71°C - 62°C - 59°C - 71°C - 72°C | Throttling: None - None - None - None - None - None - None - None
749 (823534 Gflops/s) - 743 (816937 Gflops/s) - 738 (811439 Gflops/s) - 742 (815837 Gflops/s) - 754 (829031 Gflops/s) - 751 (825733 Gflops/s) - 723 (794946 Gflops/s) - 730 (802643 Gflops/s) | Temperatures: 60°C - 60°C - 74°C - 71°C - 62°C - 59°C - 71°C - 72°C | Throttling: None - None - None - None - None - None - None - None
743 (816937 Gflops/s) - 737 (810340 Gflops/s) - 732 (804842 Gflops/s) - 735 (808141 Gflops/s) - 748 (822434 Gflops/s) - 744 (818036 Gflops/s) - 718 (789449 Gflops/s) - 726 (798245 Gflops/s) | Temperatures: 60°C - 60°C - 74°C - 71°C - 62°C - 59°C - 71°C - 72°C | Throttling: None - None - None - None - None - None - None - None
743 (816937 Gflops/s) - 738 (811439 Gflops/s) - 731 (803742 Gflops/s) - 736 (809240 Gflops/s) - 748 (822434 Gflops/s) - 744 (818036 Gflops/s) - 718 (789449 Gflops/s) - 725 (797145 Gflops/s) | Temperatures: 60°C - 60°C - 74°C - 71°C - 62°C - 59°C - 71°C - 72°C | Throttling: None - None - None - None - None - None - None - None
743 (816937 Gflops/s) - 737 (810340 Gflops/s) - 732 (804842 Gflops/s) - 735 (808141 Gflops/s) - 747 (821335 Gflops/s) - 753 (827932 Gflops/s) - 718 (789449 Gflops/s) - 725 (797145 Gflops/s) | Temperatures: 60°C - 60°C - 74°C - 70°C - 62°C - 59°C - 71°C - 72°C | Throttling: None - None - None - None - None - None - None - None
743 (816937 Gflops/s) - 737 (810340 Gflops/s) - 732 (804842 Gflops/s) - 735 (808141 Gflops/s) - 747 (821335 Gflops/s) - 736 (809240 Gflops/s) - 718 (789449 Gflops/s) - 725 (797145 Gflops/s) | Temperatures: 60°C - 60°C - 74°C - 71°C - 62°C - 59°C - 71°C - 72°C | Throttling: None - None - None - None - None - None - None - None
743 (816937 Gflops/s) - 737 (810340 Gflops/s) - 731 (803742 Gflops/s) - 735 (808141 Gflops/s) - 748 (822434 Gflops/s) - 744 (818036 Gflops/s) - 718 (789449 Gflops/s) - 726 (798245 Gflops/s) | Temperatures: 60°C - 60°C - 74°C - 71°C - 62°C - 59°C - 71°C - 72°C | Throttling: None - None - None - None - None - None - None - None
743 (816937 Gflops/s) - 744 (818036 Gflops/s) - 732 (804842 Gflops/s) - 736 (809240 Gflops/s) - 748 (822434 Gflops/s) - 745 (819136 Gflops/s) - 718 (789449 Gflops/s) - 725 (797145 Gflops/s) | Temperatures: 60°C - 60°C - 74°C - 70°C - 62°C - 59°C - 71°C - 72°C | Throttling: None - None - None - None - None - None - None - None
743 (816937 Gflops/s) - 730 (802643 Gflops/s) - 733 (805942 Gflops/s) - 736 (809240 Gflops/s) - 748 (822434 Gflops/s) - 746 (820235 Gflops/s) - 719 (790548 Gflops/s) - 726 (798245 Gflops/s) | Temperatures: 60°C - 60°C - 74°C - 71°C - 62°C - 59°C - 71°C - 72°C | Throttling: None - None - None - None - None - None - None - None
719 (790548 Gflops/s) - 712 (782852 Gflops/s) - 707 (777354 Gflops/s) - 711 (781752 Gflops/s) - 724 (796046 Gflops/s) - 720 (791648 Gflops/s) - 694 (763061 Gflops/s) - 701 (770757 Gflops/s) | Temperatures: 60°C - 60°C - 74°C - 71°C - 62°C - 59°C - 71°C - 72°C | Throttling: None - None - None - None - None - None - None - None
681 (748767 Gflops/s) - 676 (743269 Gflops/s) - 671 (737772 Gflops/s) - 674 (741070 Gflops/s) - 686 (754264 Gflops/s) - 681 (748767 Gflops/s) - 658 (723478 Gflops/s) - 665 (731175 Gflops/s) | Temperatures: 60°C - 60°C - 74°C - 71°C - 62°C - 59°C - 71°C - 72°C | Throttling: None - None - None - None - None - None - None - None
680 (747667 Gflops/s) - 675 (742170 Gflops/s) - 670 (736672 Gflops/s) - 672 (738871 Gflops/s) - 685 (753165 Gflops/s) - 683 (750966 Gflops/s) - 658 (723478 Gflops/s) - 665 (731175 Gflops/s) | Temperatures: 60°C - 60°C - 74°C - 70°C - 62°C - 59°C - 71°C - 72°C | Throttling: None - None - None - None - None - None - None - None
682 (749866 Gflops/s) - 676 (743269 Gflops/s) - 671 (737772 Gflops/s) - 675 (742170 Gflops/s) - 687 (755364 Gflops/s) - 682 (749866 Gflops/s) - 658 (723478 Gflops/s) - 665 (731175 Gflops/s) | Temperatures: 60°C - 60°C - 74°C - 71°C - 62°C - 59°C - 71°C - 72°C | Throttling: None - None - None - None - None - None - None - None
688 (756463 Gflops/s) - 682 (749866 Gflops/s) - 679 (746568 Gflops/s) - 681 (748767 Gflops/s) - 693 (761961 Gflops/s) - 689 (757563 Gflops/s) - 665 (731175 Gflops/s) - 672 (738871 Gflops/s) | Temperatures: 60°C - 60°C - 74°C - 71°C - 62°C - 59°C - 71°C - 72°C | Throttling: None - None - None - None - None - None - None - None
674 (741070 Gflops/s) - 669 (735573 Gflops/s) - 663 (728976 Gflops/s) - 667 (733374 Gflops/s) - 678 (745468 Gflops/s) - 674 (741070 Gflops/s) - 651 (715782 Gflops/s) - 657 (722379 Gflops/s) | Temperatures: 60°C - 60°C - 74°C - 71°C - 62°C - 59°C - 71°C - 72°C | Throttling: None - None - None - None - None - None - None - None
696 (765260 Gflops/s) - 675 (742170 Gflops/s) - 671 (737772 Gflops/s) - 674 (741070 Gflops/s) - 686 (754264 Gflops/s) - 683 (750966 Gflops/s) - 659 (724578 Gflops/s) - 665 (731175 Gflops/s) | Temperatures: 60°C - 60°C - 74°C - 71°C - 62°C - 59°C - 71°C - 72°C | Throttling: None - None - None - None - None - None - None - None
666 (732274 Gflops/s) - 676 (743269 Gflops/s) - 671 (737772 Gflops/s) - 674 (741070 Gflops/s) - 686 (754264 Gflops/s) - 683 (750966 Gflops/s) - 658 (723478 Gflops/s) - 665 (731175 Gflops/s) | Temperatures: 60°C - 60°C - 74°C - 70°C - 62°C - 59°C - 71°C - 72°C | Throttling: None - None - None - None - None - None - None - None
680 (747667 Gflops/s) - 687 (755364 Gflops/s) - 671 (737772 Gflops/s) - 674 (741070 Gflops/s) - 686 (754264 Gflops/s) - 682 (749866 Gflops/s) - 658 (723478 Gflops/s) - 664 (730075 Gflops/s) | Temperatures: 60°C - 60°C - 74°C - 71°C - 62°C - 59°C - 71°C - 72°C | Throttling: None - None - None - None - None - None - None - None
681 (748767 Gflops/s) - 664 (730075 Gflops/s) - 670 (736672 Gflops/s) - 674 (741070 Gflops/s) - 686 (754264 Gflops/s) - 682 (749866 Gflops/s) - 658 (723478 Gflops/s) - 665 (731175 Gflops/s) | Temperatures: 60°C - 60°C - 74°C - 70°C - 62°C - 59°C - 71°C - 72°C | Throttling: None - None - None - None - None - None - None - None
681 (748767 Gflops/s) - 675 (742170 Gflops/s) - 672 (738871 Gflops/s) - 674 (741070 Gflops/s) - 686 (754264 Gflops/s) - 683 (750966 Gflops/s) - 659 (724578 Gflops/s) - 665 (731175 Gflops/s) | Temperatures: 60°C - 60°C - 74°C - 71°C - 62°C - 59°C - 71°C - 72°C | Throttling: None - None - None - None - None - None - None - None
681 (748767 Gflops/s) - 676 (743269 Gflops/s) - 670 (736672 Gflops/s) - 674 (741070 Gflops/s) - 686 (754264 Gflops/s) - 682 (749866 Gflops/s) - 658 (723478 Gflops/s) - 665 (731175 Gflops/s) | Temperatures: 60°C - 60°C - 74°C - 71°C - 62°C - 59°C - 71°C - 72°C | Throttling: None - None - None - None - None - None - None - None
688 (756463 Gflops/s) - 683 (750966 Gflops/s) - 678 (745468 Gflops/s) - 695 (764160 Gflops/s) - 692 (760862 Gflops/s) - 689 (757563 Gflops/s) - 665 (731175 Gflops/s) - 672 (738871 Gflops/s) | Temperatures: 60°C - 60°C - 74°C - 71°C - 62°C - 59°C - 71°C - 72°C | Throttling: None - None - None - None - None - None - None - None
673 (739971 Gflops/s) - 668 (734473 Gflops/s) - 663 (728976 Gflops/s) - 652 (716881 Gflops/s) - 678 (745468 Gflops/s) - 675 (742170 Gflops/s) - 651 (715782 Gflops/s) - 657 (722379 Gflops/s) | Temperatures: 60°C - 60°C - 74°C - 71°C - 62°C - 59°C - 71°C - 72°C | Throttling: None - None - None - None - None - None - None - None
681 (748767 Gflops/s) - 676 (743269 Gflops/s) - 671 (737772 Gflops/s) - 674 (741070 Gflops/s) - 686 (754264 Gflops/s) - 682 (749866 Gflops/s) - 658 (723478 Gflops/s) - 665 (731175 Gflops/s) | Temperatures: 60°C - 60°C - 74°C - 71°C - 62°C - 59°C - 71°C - 72°C | Throttling: None - None - None - None - None - None - None - None
682 (749866 Gflops/s) - 677 (744369 Gflops/s) - 671 (737772 Gflops/s) - 674 (741070 Gflops/s) - 686 (754264 Gflops/s) - 682 (749866 Gflops/s) - 660 (725677 Gflops/s) - 665 (731175 Gflops/s) | Temperatures: 60°C - 60°C - 74°C - 71°C - 62°C - 59°C - 71°C - 72°C | Throttling: None - None - None - None - None - None - None - None
681 (748767 Gflops/s) - 675 (742170 Gflops/s) - 670 (736672 Gflops/s) - 674 (741070 Gflops/s) - 686 (754264 Gflops/s) - 682 (749866 Gflops/s) - 657 (722379 Gflops/s) - 665 (731175 Gflops/s) | Temperatures: 60°C - 60°C - 74°C - 70°C - 62°C - 59°C - 71°C - 72°C | Throttling: None - None - None - None - None - None - None - None
680 (747667 Gflops/s) - 676 (743269 Gflops/s) - 670 (736672 Gflops/s) - 673 (739971 Gflops/s) - 685 (753165 Gflops/s) - 682 (749866 Gflops/s) - 658 (723478 Gflops/s) - 665 (731175 Gflops/s) | Temperatures: 60°C - 60°C - 74°C - 71°C - 62°C - 59°C - 71°C - 72°C | Throttling: None - None - None - None - None - None - None - None
682 (749866 Gflops/s) - 676 (743269 Gflops/s) - 671 (737772 Gflops/s) - 675 (742170 Gflops/s) - 686 (754264 Gflops/s) - 682 (749866 Gflops/s) - 659 (724578 Gflops/s) - 665 (731175 Gflops/s) | Temperatures: 60°C - 60°C - 74°C - 71°C - 62°C - 59°C - 71°C - 72°C | Throttling: None - None - None - None - None - None - None - None
680 (747667 Gflops/s) - 676 (743269 Gflops/s) - 671 (737772 Gflops/s) - 673 (739971 Gflops/s) - 685 (753165 Gflops/s) - 682 (749866 Gflops/s) - 658 (723478 Gflops/s) - 665 (731175 Gflops/s) | Temperatures: 60°C - 60°C - 74°C - 71°C - 62°C - 59°C - 71°C - 72°C | Throttling: None - None - None - None - None - None - None - None
689 (757563 Gflops/s) - 683 (750966 Gflops/s) - 677 (744369 Gflops/s) - 682 (749866 Gflops/s) - 693 (761961 Gflops/s) - 690 (758663 Gflops/s) - 665 (731175 Gflops/s) - 672 (738871 Gflops/s) | Temperatures: 60°C - 60°C - 74°C - 71°C - 62°C - 59°C - 71°C - 72°C | Throttling: None - None - None - None - None - None - None - None
673 (739971 Gflops/s) - 669 (735573 Gflops/s) - 664 (730075 Gflops/s) - 667 (733374 Gflops/s) - 679 (746568 Gflops/s) - 675 (742170 Gflops/s) - 651 (715782 Gflops/s) - 658 (723478 Gflops/s) | Temperatures: 60°C - 60°C - 74°C - 71°C - 62°C - 59°C - 71°C - 72°C | Throttling: None - None - None - None - None - None - None - None
681 (748767 Gflops/s) - 675 (742170 Gflops/s) - 671 (737772 Gflops/s) - 674 (741070 Gflops/s) - 685 (753165 Gflops/s) - 682 (749866 Gflops/s) - 658 (723478 Gflops/s) - 665 (731175 Gflops/s) | Temperatures: 60°C - 60°C - 74°C - 70°C - 62°C - 59°C - 71°C - 72°C | Throttling: None - None - None - None - None - None - None - None
681 (748767 Gflops/s) - 676 (743269 Gflops/s) - 671 (737772 Gflops/s) - 673 (739971 Gflops/s) - 686 (754264 Gflops/s) - 682 (749866 Gflops/s) - 659 (724578 Gflops/s) - 665 (731175 Gflops/s) | Temperatures: 60°C - 60°C - 74°C - 71°C - 62°C - 59°C - 71°C - 72°C | Throttling: None - None - None - None - None - None - None - None
680 (747667 Gflops/s) - 675 (742170 Gflops/s) - 671 (737772 Gflops/s) - 673 (739971 Gflops/s) - 685 (753165 Gflops/s) - 682 (749866 Gflops/s) - 658 (723478 Gflops/s) - 664 (730075 Gflops/s) | Temperatures: 60°C - 60°C - 74°C - 70°C - 62°C - 59°C - 71°C - 72°C | Throttling: None - None - None - None - None - None - None - None
682 (749866 Gflops/s) - 676 (743269 Gflops/s) - 671 (737772 Gflops/s) - 674 (741070 Gflops/s) - 686 (754264 Gflops/s) - 682 (749866 Gflops/s) - 658 (723478 Gflops/s) - 665 (731175 Gflops/s) | Temperatures: 60°C - 60°C - 74°C - 71°C - 62°C - 59°C - 71°C - 72°C | Throttling: None - None - None - None - None - None - None - None
681 (748767 Gflops/s) - 676 (743269 Gflops/s) - 671 (737772 Gflops/s) - 675 (742170 Gflops/s) - 685 (753165 Gflops/s) - 683 (750966 Gflops/s) - 658 (723478 Gflops/s) - 664 (730075 Gflops/s) | Temperatures: 60°C - 60°C - 74°C - 71°C - 62°C - 59°C - 71°C - 72°C | Throttling: None - None - None - None - None - None - None - None
681 (748767 Gflops/s) - 675 (742170 Gflops/s) - 671 (737772 Gflops/s) - 673 (739971 Gflops/s) - 685 (753165 Gflops/s) - 682 (749866 Gflops/s) - 658 (723478 Gflops/s) - 664 (730075 Gflops/s) | Temperatures: 60°C - 60°C - 74°C - 71°C - 62°C - 59°C - 71°C - 72°C | Throttling: None - None - None - None - None - None - None - None
687 (755364 Gflops/s) - 682 (749866 Gflops/s) - 686 (754264 Gflops/s) - 680 (747667 Gflops/s) - 692 (760862 Gflops/s) - 689 (757563 Gflops/s) - 665 (731175 Gflops/s) - 671 (737772 Gflops/s) | Temperatures: 60°C - 60°C - 74°C - 70°C - 62°C - 59°C - 71°C - 72°C | Throttling: None - None - None - None - None - None - None - None
675 (742170 Gflops/s) - 669 (735573 Gflops/s) - 656 (721279 Gflops/s) - 668 (734473 Gflops/s) - 679 (746568 Gflops/s) - 676 (743269 Gflops/s) - 652 (716881 Gflops/s) - 659 (724578 Gflops/s) | Temperatures: 60°C - 60°C - 74°C - 70°C - 62°C - 59°C - 71°C - 72°C | Throttling: None - None - None - None - None - None - None - None
681 (748767 Gflops/s) - 676 (743269 Gflops/s) - 671 (737772 Gflops/s) - 674 (741070 Gflops/s) - 686 (754264 Gflops/s) - 682 (749866 Gflops/s) - 658 (723478 Gflops/s) - 666 (732274 Gflops/s) | Temperatures: 60°C - 60°C - 74°C - 71°C - 62°C - 59°C - 71°C - 72°C | Throttling: None - None - None - None - None - None - None - None
682 (749866 Gflops/s) - 676 (743269 Gflops/s) - 671 (737772 Gflops/s) - 674 (741070 Gflops/s) - 686 (754264 Gflops/s) - 683 (750966 Gflops/s) - 659 (724578 Gflops/s) - 664 (730075 Gflops/s) | Temperatures: 60°C - 61°C - 74°C - 71°C - 62°C - 59°C - 71°C - 72°C | Throttling: None - None - None - None - None - None - None - None
681 (748767 Gflops/s) - 676 (743269 Gflops/s) - 670 (736672 Gflops/s) - 673 (739971 Gflops/s) - 686 (754264 Gflops/s) - 682 (749866 Gflops/s) - 658 (723478 Gflops/s) - 665 (731175 Gflops/s) | Temperatures: 60°C - 60°C - 74°C - 71°C - 62°C - 59°C - 71°C - 72°C | Throttling: None - None - None - None - None - None - None - None
680 (747667 Gflops/s) - 676 (743269 Gflops/s) - 670 (736672 Gflops/s) - 674 (741070 Gflops/s) - 684 (752065 Gflops/s) - 681 (748767 Gflops/s) - 657 (722379 Gflops/s) - 664 (730075 Gflops/s) | Temperatures: 60°C - 60°C - 74°C - 71°C - 62°C - 59°C - 71°C - 72°C | Throttling: None - None - None - None - None - None - None - None
682 (749866 Gflops/s) - 676 (743269 Gflops/s) - 672 (738871 Gflops/s) - 674 (741070 Gflops/s) - 686 (754264 Gflops/s) - 683 (750966 Gflops/s) - 659 (724578 Gflops/s) - 665 (731175 Gflops/s) | Temperatures: 60°C - 61°C - 74°C - 71°C - 62°C - 59°C - 71°C - 72°C | Throttling: None - None - None - None - None - None - None - None
681 (748767 Gflops/s) - 676 (743269 Gflops/s) - 671 (737772 Gflops/s) - 675 (742170 Gflops/s) - 686 (754264 Gflops/s) - 683 (750966 Gflops/s) - 658 (723478 Gflops/s) - 666 (732274 Gflops/s) | Temperatures: 60°C - 60°C - 74°C - 71°C - 62°C - 59°C - 71°C - 72°C | Throttling: None - None - None - None - None - None - None - None
687 (755364 Gflops/s) - 683 (750966 Gflops/s) - 677 (744369 Gflops/s) - 681 (748767 Gflops/s) - 691 (759762 Gflops/s) - 689 (757563 Gflops/s) - 665 (731175 Gflops/s) - 671 (737772 Gflops/s) | Temperatures: 60°C - 60°C - 74°C - 71°C - 62°C - 59°C - 71°C - 72°C | Throttling: None - None - None - None - None - None - None - None
675 (742170 Gflops/s) - 669 (735573 Gflops/s) - 665 (731175 Gflops/s) - 668 (734473 Gflops/s) - 680 (747667 Gflops/s) - 676 (743269 Gflops/s) - 652 (716881 Gflops/s) - 658 (723478 Gflops/s) | Temperatures: 60°C - 60°C - 74°C - 71°C - 62°C - 59°C - 71°C - 72°C | Throttling: None - None - None - None - None - None - None - None
680 (747667 Gflops/s) - 674 (741070 Gflops/s) - 670 (736672 Gflops/s) - 673 (739971 Gflops/s) - 685 (753165 Gflops/s) - 682 (749866 Gflops/s) - 658 (723478 Gflops/s) - 664 (730075 Gflops/s) | Temperatures: 60°C - 60°C - 74°C - 71°C - 62°C - 59°C - 71°C - 72°C | Throttling: None - None - None - None - None - None - None - None
209 (229797 Gflops/s) - 450 (494780 Gflops/s) - 551 (605830 Gflops/s) - 287 (315559 Gflops/s) - 96 (105553 Gflops/s) - 626 (688294 Gflops/s) - 476 (523367 Gflops/s) - 286 (314460 Gflops/s) | Temperatures: 60°C - 60°C - 74°C - 71°C - 62°C - 59°C - 71°C - 72°C | Throttling: None - None - None - None - None - None - None - None
GPU #0: 757758 Gflops/s (min: 229797.93, max: 827932.26, dev: 757757.98)
         Temperature: 59.27°C (min: 52.00, max: 61.00)
         Throttling HW: false, Thermal SW: false, Thermal HW: false
GPU #1: 753038 Gflops/s (min: 494780.23, max: 822434.70, dev: 753038.31)
         Temperature: 59.79°C (min: 53.00, max: 61.00)
         Throttling HW: false, Thermal SW: false, Thermal HW: false
GPU #2: 748278 Gflops/s (min: 605830.91, max: 820235.67, dev: 748277.50)
         Temperature: 72.73°C (min: 59.00, max: 74.00)
         Throttling HW: false, Thermal SW: false, Thermal HW: false
GPU #3: 750985 Gflops/s (min: 315559.84, max: 820235.67, dev: 750985.14)
         Temperature: 69.42°C (min: 57.00, max: 71.00)
         Throttling HW: false, Thermal SW: false, Thermal HW: false
GPU #4: 762728 Gflops/s (min: 105553.12, max: 834529.33, dev: 762728.22)
         Temperature: 61.77°C (min: 54.00, max: 63.00)
         Throttling HW: false, Thermal SW: false, Thermal HW: false
GPU #5: 760608 Gflops/s (min: 688294.28, max: 836728.35, dev: 760607.74)
         Temperature: 58.77°C (min: 52.00, max: 60.00)
         Throttling HW: false, Thermal SW: false, Thermal HW: false
GPU #6: 734620 Gflops/s (min: 523367.53, max: 800444.47, dev: 734619.62)
         Temperature: 70.04°C (min: 57.00, max: 71.00)
         Throttling HW: false, Thermal SW: false, Thermal HW: false
GPU #7: 741707 Gflops/s (min: 314460.33, max: 810340.07, dev: 741706.61)
         Temperature: 71.02°C (min: 58.00, max: 72.00)
         Throttling HW: false, Thermal SW: false, Thermal HW: false
All GPUs seem healthy
Freeing GPUs...
======== Run with bf16 ==========
Detected GPU #0: "NVIDIA B200" (aaf42b44-396d-e301-3c32-fede50dbb54a)
Detected GPU #1: "NVIDIA B200" (abadb9e5-4ae0-680a-39cf-a87ab214c0ac)
Detected GPU #2: "NVIDIA B200" (777afd21-4836-2583-8204-c4a4eacad4e8)
Detected GPU #3: "NVIDIA B200" (b673c9b7-7f4b-4bb6-4be3-936fc9726392)
Detected GPU #4: "NVIDIA B200" (4d7b2543-eca7-c057-8296-e48ea748ed37)
Detected GPU #5: "NVIDIA B200" (9dfd3021-be88-8600-dde7-0a692b45ad5d)
Detected GPU #6: "NVIDIA B200" (0749bac1-026e-a8d2-c5b9-a78cc22c6e7c)
Detected GPU #7: "NVIDIA B200" (8cd3bb5b-c509-03bc-1af6-1dcc9e8f6e03)
Using precision(s):  BF16 
Creating random matrices
Matrices created
GPU #0: Using 163805 MB
GPU #1: Using 163805 MB
GPU #2: Using 163805 MB
GPU #3: Using 163805 MB
GPU #4: Using 163805 MB
GPU #5: Using 163805 MB
GPU #6: Using 163805 MB
GPU #7: Using 163805 MB
2064 (2269391 Gflops/s) - 2057 (2261695 Gflops/s) - 2055 (2259496 Gflops/s) - 2058 (2262794 Gflops/s) - 2071 (2277088 Gflops/s) - 2059 (2263894 Gflops/s) - 2044 (2247401 Gflops/s) - 2048 (2251799 Gflops/s) | Temperatures: 51°C - 52°C - 64°C - 62°C - 54°C - 51°C - 62°C - 63°C | Throttling: None - None - None - None - None - None - None - None
1376 (1512927 Gflops/s) - 1365 (1500833 Gflops/s) - 1359 (1494236 Gflops/s) - 1364 (1499733 Gflops/s) - 1386 (1523923 Gflops/s) - 1367 (1503032 Gflops/s) - 1352 (1486539 Gflops/s) - 1348 (1482141 Gflops/s) | Temperatures: 53°C - 54°C - 66°C - 63°C - 56°C - 53°C - 64°C - 65°C | Throttling: None - None - None - None - None - None - None - None
1372 (1508529 Gflops/s) - 1358 (1493136 Gflops/s) - 1359 (1494236 Gflops/s) - 1366 (1501932 Gflops/s) - 1382 (1519525 Gflops/s) - 1367 (1503032 Gflops/s) - 1347 (1481042 Gflops/s) - 1350 (1484340 Gflops/s) | Temperatures: 54°C - 55°C - 67°C - 64°C - 56°C - 53°C - 64°C - 65°C | Throttling: None - None - None - None - None - None - None - None
1373 (1509629 Gflops/s) - 1365 (1500833 Gflops/s) - 1362 (1497534 Gflops/s) - 1364 (1499733 Gflops/s) - 1383 (1520624 Gflops/s) - 1366 (1501932 Gflops/s) - 1347 (1481042 Gflops/s) - 1351 (1485440 Gflops/s) | Temperatures: 55°C - 55°C - 67°C - 64°C - 57°C - 54°C - 65°C - 66°C | Throttling: None - None - None - None - None - None - None - None
1369 (1505231 Gflops/s) - 1364 (1499733 Gflops/s) - 1361 (1496435 Gflops/s) - 1367 (1503032 Gflops/s) - 1385 (1522823 Gflops/s) - 1367 (1503032 Gflops/s) - 1348 (1482141 Gflops/s) - 1350 (1484340 Gflops/s) | Temperatures: 55°C - 56°C - 67°C - 65°C - 57°C - 54°C - 65°C - 66°C | Throttling: None - None - None - None - None - None - None - None
1373 (1509629 Gflops/s) - 1363 (1498634 Gflops/s) - 1361 (1496435 Gflops/s) - 1365 (1500833 Gflops/s) - 1378 (1515127 Gflops/s) - 1371 (1507430 Gflops/s) - 1346 (1479942 Gflops/s) - 1350 (1484340 Gflops/s) | Temperatures: 55°C - 56°C - 68°C - 65°C - 58°C - 55°C - 65°C - 66°C | Throttling: None - None - None - None - None - None - None - None
1372 (1508529 Gflops/s) - 1362 (1497534 Gflops/s) - 1358 (1493136 Gflops/s) - 1364 (1499733 Gflops/s) - 1379 (1516226 Gflops/s) - 1369 (1505231 Gflops/s) - 1347 (1481042 Gflops/s) - 1348 (1482141 Gflops/s) | Temperatures: 56°C - 56°C - 68°C - 65°C - 58°C - 55°C - 66°C - 67°C | Throttling: None - None - None - None - None - None - None - None
1374 (1510728 Gflops/s) - 1362 (1497534 Gflops/s) - 1360 (1495335 Gflops/s) - 1363 (1498634 Gflops/s) - 1386 (1523923 Gflops/s) - 1367 (1503032 Gflops/s) - 1345 (1478843 Gflops/s) - 1351 (1485440 Gflops/s) | Temperatures: 56°C - 57°C - 69°C - 66°C - 59°C - 55°C - 66°C - 67°C | Throttling: None - None - None - None - None - None - None - None
1372 (1508529 Gflops/s) - 1359 (1494236 Gflops/s) - 1358 (1493136 Gflops/s) - 1362 (1497534 Gflops/s) - 1378 (1515127 Gflops/s) - 1362 (1497534 Gflops/s) - 1345 (1478843 Gflops/s) - 1350 (1484340 Gflops/s) | Temperatures: 56°C - 57°C - 69°C - 66°C - 59°C - 56°C - 66°C - 67°C | Throttling: None - None - None - None - None - None - None - None
1371 (1507430 Gflops/s) - 1361 (1496435 Gflops/s) - 1359 (1494236 Gflops/s) - 1363 (1498634 Gflops/s) - 1378 (1515127 Gflops/s) - 1365 (1500833 Gflops/s) - 1345 (1478843 Gflops/s) - 1349 (1483241 Gflops/s) | Temperatures: 57°C - 57°C - 69°C - 66°C - 59°C - 56°C - 67°C - 68°C | Throttling: None - None - None - None - None - None - None - None
1371 (1507430 Gflops/s) - 1356 (1490937 Gflops/s) - 1358 (1493136 Gflops/s) - 1362 (1497534 Gflops/s) - 1377 (1514027 Gflops/s) - 1363 (1498634 Gflops/s) - 1345 (1478843 Gflops/s) - 1349 (1483241 Gflops/s) | Temperatures: 57°C - 58°C - 69°C - 66°C - 59°C - 56°C - 67°C - 68°C | Throttling: None - None - None - None - None - None - None - None
1371 (1507430 Gflops/s) - 1357 (1492037 Gflops/s) - 1358 (1493136 Gflops/s) - 1362 (1497534 Gflops/s) - 1377 (1514027 Gflops/s) - 1363 (1498634 Gflops/s) - 1339 (1472246 Gflops/s) - 1350 (1484340 Gflops/s) | Temperatures: 57°C - 58°C - 70°C - 67°C - 60°C - 57°C - 67°C - 68°C | Throttling: None - None - None - None - None - None - None - None
1369 (1505231 Gflops/s) - 1356 (1490937 Gflops/s) - 1357 (1492037 Gflops/s) - 1362 (1497534 Gflops/s) - 1376 (1512927 Gflops/s) - 1363 (1498634 Gflops/s) - 1342 (1475544 Gflops/s) - 1348 (1482141 Gflops/s) | Temperatures: 57°C - 58°C - 70°C - 67°C - 60°C - 57°C - 68°C - 68°C | Throttling: None - None - None - None - None - None - None - None
1371 (1507430 Gflops/s) - 1357 (1492037 Gflops/s) - 1357 (1492037 Gflops/s) - 1361 (1496435 Gflops/s) - 1376 (1512927 Gflops/s) - 1363 (1498634 Gflops/s) - 1345 (1478843 Gflops/s) - 1350 (1484340 Gflops/s) | Temperatures: 58°C - 58°C - 70°C - 67°C - 60°C - 57°C - 68°C - 69°C | Throttling: None - None - None - None - None - None - None - None
1369 (1505231 Gflops/s) - 1360 (1495335 Gflops/s) - 1356 (1490937 Gflops/s) - 1361 (1496435 Gflops/s) - 1376 (1512927 Gflops/s) - 1361 (1496435 Gflops/s) - 1345 (1478843 Gflops/s) - 1347 (1481042 Gflops/s) | Temperatures: 58°C - 59°C - 71°C - 68°C - 60°C - 57°C - 68°C - 69°C | Throttling: None - None - None - None - None - None - None - None
1368 (1504131 Gflops/s) - 1359 (1494236 Gflops/s) - 1355 (1489838 Gflops/s) - 1361 (1496435 Gflops/s) - 1376 (1512927 Gflops/s) - 1362 (1497534 Gflops/s) - 1344 (1477743 Gflops/s) - 1347 (1481042 Gflops/s) | Temperatures: 58°C - 59°C - 71°C - 68°C - 61°C - 58°C - 68°C - 69°C | Throttling: None - None - None - None - None - None - None - None
1368 (1504131 Gflops/s) - 1358 (1493136 Gflops/s) - 1356 (1490937 Gflops/s) - 1360 (1495335 Gflops/s) - 1374 (1510728 Gflops/s) - 1363 (1498634 Gflops/s) - 1341 (1474445 Gflops/s) - 1349 (1483241 Gflops/s) | Temperatures: 58°C - 59°C - 71°C - 68°C - 61°C - 58°C - 69°C - 70°C | Throttling: None - None - None - None - None - None - None - None
1366 (1501932 Gflops/s) - 1358 (1493136 Gflops/s) - 1353 (1487639 Gflops/s) - 1359 (1494236 Gflops/s) - 1373 (1509629 Gflops/s) - 1362 (1497534 Gflops/s) - 1341 (1474445 Gflops/s) - 1343 (1476644 Gflops/s) | Temperatures: 59°C - 59°C - 71°C - 68°C - 61°C - 58°C - 69°C - 70°C | Throttling: None - None - None - None - None - None - None - None
1368 (1504131 Gflops/s) - 1358 (1493136 Gflops/s) - 1353 (1487639 Gflops/s) - 1360 (1495335 Gflops/s) - 1375 (1511828 Gflops/s) - 1363 (1498634 Gflops/s) - 1340 (1473345 Gflops/s) - 1346 (1479942 Gflops/s) | Temperatures: 59°C - 59°C - 72°C - 69°C - 61°C - 58°C - 69°C - 70°C | Throttling: None - None - None - None - None - None - None - None
1365 (1500833 Gflops/s) - 1358 (1493136 Gflops/s) - 1353 (1487639 Gflops/s) - 1358 (1493136 Gflops/s) - 1374 (1510728 Gflops/s) - 1363 (1498634 Gflops/s) - 1340 (1473345 Gflops/s) - 1344 (1477743 Gflops/s) | Temperatures: 59°C - 60°C - 72°C - 69°C - 61°C - 58°C - 69°C - 70°C | Throttling: None - None - None - None - None - None - None - None
1366 (1501932 Gflops/s) - 1356 (1490937 Gflops/s) - 1353 (1487639 Gflops/s) - 1358 (1493136 Gflops/s) - 1373 (1509629 Gflops/s) - 1363 (1498634 Gflops/s) - 1336 (1468947 Gflops/s) - 1346 (1479942 Gflops/s) | Temperatures: 59°C - 60°C - 72°C - 69°C - 61°C - 58°C - 70°C - 70°C | Throttling: None - None - None - None - None - None - None - None
1368 (1504131 Gflops/s) - 1356 (1490937 Gflops/s) - 1352 (1486539 Gflops/s) - 1359 (1494236 Gflops/s) - 1373 (1509629 Gflops/s) - 1363 (1498634 Gflops/s) - 1338 (1471146 Gflops/s) - 1341 (1474445 Gflops/s) | Temperatures: 59°C - 60°C - 72°C - 69°C - 62°C - 59°C - 70°C - 71°C | Throttling: None - None - None - None - None - None - None - None
1365 (1500833 Gflops/s) - 1355 (1489838 Gflops/s) - 1352 (1486539 Gflops/s) - 1357 (1492037 Gflops/s) - 1374 (1510728 Gflops/s) - 1363 (1498634 Gflops/s) - 1337 (1470047 Gflops/s) - 1345 (1478843 Gflops/s) | Temperatures: 59°C - 60°C - 72°C - 69°C - 62°C - 59°C - 70°C - 71°C | Throttling: None - None - None - None - None - None - None - None
1367 (1503032 Gflops/s) - 1356 (1490937 Gflops/s) - 1351 (1485440 Gflops/s) - 1358 (1493136 Gflops/s) - 1372 (1508529 Gflops/s) - 1364 (1499733 Gflops/s) - 1336 (1468947 Gflops/s) - 1341 (1474445 Gflops/s) | Temperatures: 60°C - 60°C - 72°C - 69°C - 62°C - 59°C - 70°C - 71°C | Throttling: None - None - None - None - None - None - None - None
1364 (1499733 Gflops/s) - 1355 (1489838 Gflops/s) - 1351 (1485440 Gflops/s) - 1358 (1493136 Gflops/s) - 1372 (1508529 Gflops/s) - 1363 (1498634 Gflops/s) - 1337 (1470047 Gflops/s) - 1342 (1475544 Gflops/s) | Temperatures: 59°C - 60°C - 73°C - 70°C - 62°C - 59°C - 70°C - 71°C | Throttling: None - None - None - None - None - None - None - None
1365 (1500833 Gflops/s) - 1355 (1489838 Gflops/s) - 1351 (1485440 Gflops/s) - 1357 (1492037 Gflops/s) - 1373 (1509629 Gflops/s) - 1363 (1498634 Gflops/s) - 1335 (1467848 Gflops/s) - 1342 (1475544 Gflops/s) | Temperatures: 60°C - 60°C - 73°C - 70°C - 62°C - 59°C - 70°C - 71°C | Throttling: None - None - None - None - None - None - None - None
1366 (1501932 Gflops/s) - 1355 (1489838 Gflops/s) - 1351 (1485440 Gflops/s) - 1356 (1490937 Gflops/s) - 1372 (1508529 Gflops/s) - 1363 (1498634 Gflops/s) - 1336 (1468947 Gflops/s) - 1341 (1474445 Gflops/s) | Temperatures: 60°C - 60°C - 73°C - 70°C - 62°C - 59°C - 70°C - 71°C | Throttling: None - None - None - None - None - None - None - None
1363 (1498634 Gflops/s) - 1354 (1488738 Gflops/s) - 1352 (1486539 Gflops/s) - 1357 (1492037 Gflops/s) - 1373 (1509629 Gflops/s) - 1363 (1498634 Gflops/s) - 1336 (1468947 Gflops/s) - 1341 (1474445 Gflops/s) | Temperatures: 60°C - 60°C - 73°C - 70°C - 62°C - 59°C - 70°C - 71°C | Throttling: None - None - None - None - None - None - None - None
1365 (1500833 Gflops/s) - 1355 (1489838 Gflops/s) - 1351 (1485440 Gflops/s) - 1357 (1492037 Gflops/s) - 1372 (1508529 Gflops/s) - 1363 (1498634 Gflops/s) - 1336 (1468947 Gflops/s) - 1341 (1474445 Gflops/s) | Temperatures: 60°C - 60°C - 73°C - 70°C - 62°C - 59°C - 70°C - 71°C | Throttling: None - None - None - None - None - None - None - None
1364 (1499733 Gflops/s) - 1354 (1488738 Gflops/s) - 1351 (1485440 Gflops/s) - 1354 (1488738 Gflops/s) - 1371 (1507430 Gflops/s) - 1362 (1497534 Gflops/s) - 1334 (1466748 Gflops/s) - 1339 (1472246 Gflops/s) | Temperatures: 60°C - 60°C - 73°C - 70°C - 62°C - 59°C - 71°C - 72°C | Throttling: None - None - None - None - None - None - None - None
1362 (1497534 Gflops/s) - 1354 (1488738 Gflops/s) - 1349 (1483241 Gflops/s) - 1354 (1488738 Gflops/s) - 1371 (1507430 Gflops/s) - 1362 (1497534 Gflops/s) - 1336 (1468947 Gflops/s) - 1339 (1472246 Gflops/s) | Temperatures: 60°C - 60°C - 73°C - 70°C - 62°C - 59°C - 71°C - 72°C | Throttling: None - None - None - None - None - None - None - None
1364 (1499733 Gflops/s) - 1353 (1487639 Gflops/s) - 1348 (1482141 Gflops/s) - 1354 (1488738 Gflops/s) - 1372 (1508529 Gflops/s) - 1363 (1498634 Gflops/s) - 1335 (1467848 Gflops/s) - 1339 (1472246 Gflops/s) | Temperatures: 60°C - 60°C - 73°C - 70°C - 62°C - 59°C - 71°C - 72°C | Throttling: None - None - None - None - None - None - None - None
1364 (1499733 Gflops/s) - 1355 (1489838 Gflops/s) - 1351 (1485440 Gflops/s) - 1356 (1490937 Gflops/s) - 1372 (1508529 Gflops/s) - 1362 (1497534 Gflops/s) - 1336 (1468947 Gflops/s) - 1339 (1472246 Gflops/s) | Temperatures: 60°C - 61°C - 73°C - 70°C - 62°C - 59°C - 71°C - 72°C | Throttling: None - None - None - None - None - None - None - None
1363 (1498634 Gflops/s) - 1354 (1488738 Gflops/s) - 1349 (1483241 Gflops/s) - 1352 (1486539 Gflops/s) - 1370 (1506330 Gflops/s) - 1361 (1496435 Gflops/s) - 1335 (1467848 Gflops/s) - 1338 (1471146 Gflops/s) | Temperatures: 60°C - 61°C - 74°C - 71°C - 62°C - 59°C - 71°C - 72°C | Throttling: None - None - None - None - None - None - None - None
1364 (1499733 Gflops/s) - 1353 (1487639 Gflops/s) - 1349 (1483241 Gflops/s) - 1355 (1489838 Gflops/s) - 1371 (1507430 Gflops/s) - 1361 (1496435 Gflops/s) - 1337 (1470047 Gflops/s) - 1339 (1472246 Gflops/s) | Temperatures: 60°C - 61°C - 74°C - 71°C - 62°C - 59°C - 71°C - 72°C | Throttling: None - None - None - None - None - None - None - None
1363 (1498634 Gflops/s) - 1354 (1488738 Gflops/s) - 1348 (1482141 Gflops/s) - 1353 (1487639 Gflops/s) - 1370 (1506330 Gflops/s) - 1362 (1497534 Gflops/s) - 1335 (1467848 Gflops/s) - 1338 (1471146 Gflops/s) | Temperatures: 60°C - 61°C - 74°C - 71°C - 62°C - 59°C - 71°C - 72°C | Throttling: None - None - None - None - None - None - None - None
1364 (1499733 Gflops/s) - 1354 (1488738 Gflops/s) - 1349 (1483241 Gflops/s) - 1351 (1485440 Gflops/s) - 1370 (1506330 Gflops/s) - 1362 (1497534 Gflops/s) - 1333 (1465648 Gflops/s) - 1338 (1471146 Gflops/s) | Temperatures: 60°C - 61°C - 74°C - 71°C - 62°C - 59°C - 71°C - 72°C | Throttling: None - None - None - None - None - None - None - None
1363 (1498634 Gflops/s) - 1354 (1488738 Gflops/s) - 1348 (1482141 Gflops/s) - 1352 (1486539 Gflops/s) - 1371 (1507430 Gflops/s) - 1361 (1496435 Gflops/s) - 1335 (1467848 Gflops/s) - 1338 (1471146 Gflops/s) | Temperatures: 60°C - 61°C - 74°C - 71°C - 62°C - 59°C - 71°C - 72°C | Throttling: None - None - None - None - None - None - None - None
1364 (1499733 Gflops/s) - 1354 (1488738 Gflops/s) - 1348 (1482141 Gflops/s) - 1354 (1488738 Gflops/s) - 1369 (1505231 Gflops/s) - 1361 (1496435 Gflops/s) - 1336 (1468947 Gflops/s) - 1338 (1471146 Gflops/s) | Temperatures: 60°C - 61°C - 74°C - 71°C - 62°C - 59°C - 71°C - 72°C | Throttling: None - None - None - None - None - None - None - None
1364 (1499733 Gflops/s) - 1354 (1488738 Gflops/s) - 1348 (1482141 Gflops/s) - 1351 (1485440 Gflops/s) - 1371 (1507430 Gflops/s) - 1361 (1496435 Gflops/s) - 1335 (1467848 Gflops/s) - 1338 (1471146 Gflops/s) | Temperatures: 60°C - 61°C - 74°C - 71°C - 62°C - 59°C - 71°C - 72°C | Throttling: None - None - None - None - None - None - None - None
1363 (1498634 Gflops/s) - 1353 (1487639 Gflops/s) - 1346 (1479942 Gflops/s) - 1352 (1486539 Gflops/s) - 1369 (1505231 Gflops/s) - 1360 (1495335 Gflops/s) - 1334 (1466748 Gflops/s) - 1337 (1470047 Gflops/s) | Temperatures: 60°C - 61°C - 74°C - 71°C - 62°C - 59°C - 71°C - 72°C | Throttling: None - None - None - None - None - None - None - None
1364 (1499733 Gflops/s) - 1354 (1488738 Gflops/s) - 1348 (1482141 Gflops/s) - 1353 (1487639 Gflops/s) - 1371 (1507430 Gflops/s) - 1362 (1497534 Gflops/s) - 1336 (1468947 Gflops/s) - 1337 (1470047 Gflops/s) | Temperatures: 60°C - 61°C - 74°C - 71°C - 62°C - 59°C - 71°C - 72°C | Throttling: None - None - None - None - None - None - None - None
1364 (1499733 Gflops/s) - 1354 (1488738 Gflops/s) - 1348 (1482141 Gflops/s) - 1351 (1485440 Gflops/s) - 1371 (1507430 Gflops/s) - 1362 (1497534 Gflops/s) - 1334 (1466748 Gflops/s) - 1339 (1472246 Gflops/s) | Temperatures: 60°C - 61°C - 74°C - 71°C - 62°C - 59°C - 71°C - 72°C | Throttling: None - None - None - None - None - None - None - None
1363 (1498634 Gflops/s) - 1354 (1488738 Gflops/s) - 1348 (1482141 Gflops/s) - 1354 (1488738 Gflops/s) - 1370 (1506330 Gflops/s) - 1362 (1497534 Gflops/s) - 1336 (1468947 Gflops/s) - 1339 (1472246 Gflops/s) | Temperatures: 60°C - 61°C - 74°C - 71°C - 62°C - 59°C - 71°C - 72°C | Throttling: None - None - None - None - None - None - None - None
1361 (1496435 Gflops/s) - 1354 (1488738 Gflops/s) - 1347 (1481042 Gflops/s) - 1352 (1486539 Gflops/s) - 1371 (1507430 Gflops/s) - 1362 (1497534 Gflops/s) - 1336 (1468947 Gflops/s) - 1338 (1471146 Gflops/s) | Temperatures: 60°C - 61°C - 74°C - 71°C - 62°C - 59°C - 71°C - 72°C | Throttling: None - None - None - None - None - None - None - None
1364 (1499733 Gflops/s) - 1354 (1488738 Gflops/s) - 1346 (1479942 Gflops/s) - 1351 (1485440 Gflops/s) - 1371 (1507430 Gflops/s) - 1361 (1496435 Gflops/s) - 1335 (1467848 Gflops/s) - 1337 (1470047 Gflops/s) | Temperatures: 60°C - 61°C - 74°C - 71°C - 62°C - 59°C - 71°C - 72°C | Throttling: None - None - None - None - None - None - None - None
1363 (1498634 Gflops/s) - 1354 (1488738 Gflops/s) - 1348 (1482141 Gflops/s) - 1351 (1485440 Gflops/s) - 1371 (1507430 Gflops/s) - 1363 (1498634 Gflops/s) - 1334 (1466748 Gflops/s) - 1337 (1470047 Gflops/s) | Temperatures: 60°C - 61°C - 74°C - 71°C - 62°C - 59°C - 71°C - 72°C | Throttling: None - None - None - None - None - None - None - None
1364 (1499733 Gflops/s) - 1353 (1487639 Gflops/s) - 1348 (1482141 Gflops/s) - 1352 (1486539 Gflops/s) - 1371 (1507430 Gflops/s) - 1362 (1497534 Gflops/s) - 1336 (1468947 Gflops/s) - 1338 (1471146 Gflops/s) | Temperatures: 60°C - 61°C - 74°C - 71°C - 62°C - 59°C - 71°C - 72°C | Throttling: None - None - None - None - None - None - None - None
1364 (1499733 Gflops/s) - 1354 (1488738 Gflops/s) - 1347 (1481042 Gflops/s) - 1353 (1487639 Gflops/s) - 1370 (1506330 Gflops/s) - 1363 (1498634 Gflops/s) - 1337 (1470047 Gflops/s) - 1337 (1470047 Gflops/s) | Temperatures: 60°C - 61°C - 74°C - 71°C - 62°C - 59°C - 71°C - 72°C | Throttling: None - None - None - None - None - None - None - None
1353 (1487639 Gflops/s) - 1345 (1478843 Gflops/s) - 1338 (1471146 Gflops/s) - 1344 (1477743 Gflops/s) - 1362 (1497534 Gflops/s) - 1353 (1487639 Gflops/s) - 1324 (1455753 Gflops/s) - 1328 (1460151 Gflops/s) | Temperatures: 60°C - 60°C - 74°C - 71°C - 62°C - 59°C - 71°C - 72°C | Throttling: None - None - None - None - None - None - None - None
1319 (1450255 Gflops/s) - 1310 (1440360 Gflops/s) - 1302 (1431564 Gflops/s) - 1308 (1438161 Gflops/s) - 1325 (1456852 Gflops/s) - 1317 (1448056 Gflops/s) - 1291 (1419469 Gflops/s) - 1294 (1422768 Gflops/s) | Temperatures: 60°C - 60°C - 74°C - 71°C - 62°C - 59°C - 71°C - 72°C | Throttling: None - None - None - None - None - None - None - None
1319 (1450255 Gflops/s) - 1310 (1440360 Gflops/s) - 1304 (1433763 Gflops/s) - 1309 (1439260 Gflops/s) - 1327 (1459051 Gflops/s) - 1319 (1450255 Gflops/s) - 1292 (1420569 Gflops/s) - 1294 (1422768 Gflops/s) | Temperatures: 60°C - 60°C - 74°C - 70°C - 62°C - 59°C - 71°C - 72°C | Throttling: None - None - None - None - None - None - None - None
1323 (1454653 Gflops/s) - 1312 (1442559 Gflops/s) - 1305 (1434862 Gflops/s) - 1311 (1441459 Gflops/s) - 1329 (1461250 Gflops/s) - 1319 (1450255 Gflops/s) - 1294 (1422768 Gflops/s) - 1296 (1424967 Gflops/s) | Temperatures: 60°C - 60°C - 74°C - 71°C - 62°C - 59°C - 71°C - 72°C | Throttling: None - None - None - None - None - None - None - None
1322 (1453554 Gflops/s) - 1312 (1442559 Gflops/s) - 1306 (1435962 Gflops/s) - 1310 (1440360 Gflops/s) - 1329 (1461250 Gflops/s) - 1319 (1450255 Gflops/s) - 1292 (1420569 Gflops/s) - 1296 (1424967 Gflops/s) | Temperatures: 60°C - 60°C - 74°C - 71°C - 62°C - 59°C - 71°C - 72°C | Throttling: None - None - None - None - None - None - None - None
1321 (1452454 Gflops/s) - 1311 (1441459 Gflops/s) - 1304 (1433763 Gflops/s) - 1310 (1440360 Gflops/s) - 1326 (1457952 Gflops/s) - 1319 (1450255 Gflops/s) - 1295 (1423867 Gflops/s) - 1296 (1424967 Gflops/s) | Temperatures: 60°C - 60°C - 74°C - 71°C - 62°C - 59°C - 71°C - 72°C | Throttling: None - None - None - None - None - None - None - None
1323 (1454653 Gflops/s) - 1313 (1443658 Gflops/s) - 1306 (1435962 Gflops/s) - 1313 (1443658 Gflops/s) - 1329 (1461250 Gflops/s) - 1321 (1452454 Gflops/s) - 1294 (1422768 Gflops/s) - 1296 (1424967 Gflops/s) | Temperatures: 60°C - 60°C - 74°C - 71°C - 62°C - 59°C - 71°C - 72°C | Throttling: None - None - None - None - None - None - None - None
1321 (1452454 Gflops/s) - 1312 (1442559 Gflops/s) - 1306 (1435962 Gflops/s) - 1310 (1440360 Gflops/s) - 1328 (1460151 Gflops/s) - 1320 (1451355 Gflops/s) - 1295 (1423867 Gflops/s) - 1296 (1424967 Gflops/s) | Temperatures: 60°C - 60°C - 74°C - 71°C - 62°C - 59°C - 71°C - 72°C | Throttling: None - None - None - None - None - None - None - None
1319 (1450255 Gflops/s) - 1311 (1441459 Gflops/s) - 1305 (1434862 Gflops/s) - 1309 (1439260 Gflops/s) - 1328 (1460151 Gflops/s) - 1319 (1450255 Gflops/s) - 1292 (1420569 Gflops/s) - 1294 (1422768 Gflops/s) | Temperatures: 60°C - 60°C - 74°C - 71°C - 62°C - 59°C - 71°C - 72°C | Throttling: None - None - None - None - None - None - None - None
1323 (1454653 Gflops/s) - 1314 (1444758 Gflops/s) - 1305 (1434862 Gflops/s) - 1311 (1441459 Gflops/s) - 1329 (1461250 Gflops/s) - 1321 (1452454 Gflops/s) - 1295 (1423867 Gflops/s) - 1297 (1426066 Gflops/s) | Temperatures: 60°C - 60°C - 74°C - 71°C - 62°C - 59°C - 71°C - 72°C | Throttling: None - None - None - None - None - None - None - None
1321 (1452454 Gflops/s) - 1311 (1441459 Gflops/s) - 1306 (1435962 Gflops/s) - 1311 (1441459 Gflops/s) - 1327 (1459051 Gflops/s) - 1319 (1450255 Gflops/s) - 1294 (1422768 Gflops/s) - 1295 (1423867 Gflops/s) | Temperatures: 60°C - 60°C - 74°C - 71°C - 62°C - 59°C - 71°C - 72°C | Throttling: None - None - None - None - None - None - None - None
1324 (1455753 Gflops/s) - 1314 (1444758 Gflops/s) - 1308 (1438161 Gflops/s) - 1311 (1441459 Gflops/s) - 1330 (1462350 Gflops/s) - 1322 (1453554 Gflops/s) - 1294 (1422768 Gflops/s) - 1297 (1426066 Gflops/s) | Temperatures: 60°C - 61°C - 74°C - 71°C - 62°C - 59°C - 71°C - 72°C | Throttling: None - None - None - None - None - None - None - None
1318 (1449156 Gflops/s) - 1311 (1441459 Gflops/s) - 1304 (1433763 Gflops/s) - 1309 (1439260 Gflops/s) - 1327 (1459051 Gflops/s) - 1317 (1448056 Gflops/s) - 1291 (1419469 Gflops/s) - 1294 (1422768 Gflops/s) | Temperatures: 60°C - 61°C - 74°C - 71°C - 62°C - 59°C - 71°C - 72°C | Throttling: None - None - None - None - None - None - None - None
1322 (1453554 Gflops/s) - 1312 (1442559 Gflops/s) - 1306 (1435962 Gflops/s) - 1311 (1441459 Gflops/s) - 1328 (1460151 Gflops/s) - 1318 (1449156 Gflops/s) - 1292 (1420569 Gflops/s) - 1296 (1424967 Gflops/s) | Temperatures: 60°C - 61°C - 74°C - 71°C - 62°C - 59°C - 71°C - 72°C | Throttling: None - None - None - None - None - None - None - None
1322 (1453554 Gflops/s) - 1313 (1443658 Gflops/s) - 1307 (1437061 Gflops/s) - 1311 (1441459 Gflops/s) - 1329 (1461250 Gflops/s) - 1320 (1451355 Gflops/s) - 1295 (1423867 Gflops/s) - 1297 (1426066 Gflops/s) | Temperatures: 60°C - 61°C - 74°C - 71°C - 62°C - 59°C - 71°C - 72°C | Throttling: None - None - None - None - None - None - None - None
1322 (1453554 Gflops/s) - 1312 (1442559 Gflops/s) - 1306 (1435962 Gflops/s) - 1311 (1441459 Gflops/s) - 1329 (1461250 Gflops/s) - 1320 (1451355 Gflops/s) - 1293 (1421668 Gflops/s) - 1296 (1424967 Gflops/s) | Temperatures: 60°C - 61°C - 74°C - 71°C - 62°C - 59°C - 71°C - 72°C | Throttling: None - None - None - None - None - None - None - None
1319 (1450255 Gflops/s) - 1311 (1441459 Gflops/s) - 1304 (1433763 Gflops/s) - 1309 (1439260 Gflops/s) - 1326 (1457952 Gflops/s) - 1319 (1450255 Gflops/s) - 1293 (1421668 Gflops/s) - 1294 (1422768 Gflops/s) | Temperatures: 60°C - 61°C - 74°C - 71°C - 62°C - 59°C - 71°C - 72°C | Throttling: None - None - None - None - None - None - None - None
1324 (1455753 Gflops/s) - 1314 (1444758 Gflops/s) - 1307 (1437061 Gflops/s) - 1310 (1440360 Gflops/s) - 1330 (1462350 Gflops/s) - 1321 (1452454 Gflops/s) - 1295 (1423867 Gflops/s) - 1297 (1426066 Gflops/s) | Temperatures: 60°C - 61°C - 74°C - 71°C - 62°C - 59°C - 71°C - 72°C | Throttling: None - None - None - None - None - None - None - None
1321 (1452454 Gflops/s) - 1312 (1442559 Gflops/s) - 1305 (1434862 Gflops/s) - 1311 (1441459 Gflops/s) - 1328 (1460151 Gflops/s) - 1318 (1449156 Gflops/s) - 1291 (1419469 Gflops/s) - 1295 (1423867 Gflops/s) | Temperatures: 60°C - 61°C - 74°C - 71°C - 62°C - 59°C - 71°C - 72°C | Throttling: None - None - None - None - None - None - None - None
1322 (1453554 Gflops/s) - 1312 (1442559 Gflops/s) - 1305 (1434862 Gflops/s) - 1309 (1439260 Gflops/s) - 1328 (1460151 Gflops/s) - 1319 (1450255 Gflops/s) - 1291 (1419469 Gflops/s) - 1296 (1424967 Gflops/s) | Temperatures: 60°C - 61°C - 74°C - 71°C - 62°C - 59°C - 71°C - 72°C | Throttling: None - None - None - None - None - None - None - None
1351 (1485440 Gflops/s) - 1342 (1475544 Gflops/s) - 1334 (1466748 Gflops/s) - 1338 (1471146 Gflops/s) - 1358 (1493136 Gflops/s) - 1349 (1483241 Gflops/s) - 1322 (1453554 Gflops/s) - 1324 (1455753 Gflops/s) | Temperatures: 60°C - 61°C - 74°C - 71°C - 62°C - 59°C - 71°C - 72°C | Throttling: None - None - None - None - None - None - None - None
1363 (1498634 Gflops/s) - 1354 (1488738 Gflops/s) - 1347 (1481042 Gflops/s) - 1352 (1486539 Gflops/s) - 1371 (1507430 Gflops/s) - 1362 (1497534 Gflops/s) - 1334 (1466748 Gflops/s) - 1338 (1471146 Gflops/s) | Temperatures: 60°C - 61°C - 74°C - 71°C - 62°C - 59°C - 71°C - 72°C | Throttling: None - None - None - None - None - None - None - None
1363 (1498634 Gflops/s) - 1354 (1488738 Gflops/s) - 1347 (1481042 Gflops/s) - 1353 (1487639 Gflops/s) - 1370 (1506330 Gflops/s) - 1361 (1496435 Gflops/s) - 1335 (1467848 Gflops/s) - 1335 (1467848 Gflops/s) | Temperatures: 60°C - 61°C - 74°C - 71°C - 62°C - 59°C - 71°C - 72°C | Throttling: None - None - None - None - None - None - None - None
1364 (1499733 Gflops/s) - 1354 (1488738 Gflops/s) - 1346 (1479942 Gflops/s) - 1351 (1485440 Gflops/s) - 1371 (1507430 Gflops/s) - 1362 (1497534 Gflops/s) - 1335 (1467848 Gflops/s) - 1337 (1470047 Gflops/s) | Temperatures: 60°C - 61°C - 74°C - 71°C - 62°C - 59°C - 71°C - 72°C | Throttling: None - None - None - None - None - None - None - None
1364 (1499733 Gflops/s) - 1354 (1488738 Gflops/s) - 1348 (1482141 Gflops/s) - 1352 (1486539 Gflops/s) - 1371 (1507430 Gflops/s) - 1361 (1496435 Gflops/s) - 1335 (1467848 Gflops/s) - 1337 (1470047 Gflops/s) | Temperatures: 60°C - 61°C - 74°C - 71°C - 62°C - 59°C - 71°C - 72°C | Throttling: None - None - None - None - None - None - None - None
1363 (1498634 Gflops/s) - 1354 (1488738 Gflops/s) - 1347 (1481042 Gflops/s) - 1351 (1485440 Gflops/s) - 1370 (1506330 Gflops/s) - 1362 (1497534 Gflops/s) - 1334 (1466748 Gflops/s) - 1337 (1470047 Gflops/s) | Temperatures: 60°C - 61°C - 74°C - 71°C - 62°C - 59°C - 71°C - 72°C | Throttling: None - None - None - None - None - None - None - None
1363 (1498634 Gflops/s) - 1355 (1489838 Gflops/s) - 1345 (1478843 Gflops/s) - 1352 (1486539 Gflops/s) - 1371 (1507430 Gflops/s) - 1361 (1496435 Gflops/s) - 1335 (1467848 Gflops/s) - 1335 (1467848 Gflops/s) | Temperatures: 60°C - 61°C - 74°C - 71°C - 62°C - 59°C - 71°C - 72°C | Throttling: None - None - None - None - None - None - None - None
1365 (1500833 Gflops/s) - 1355 (1489838 Gflops/s) - 1346 (1479942 Gflops/s) - 1352 (1486539 Gflops/s) - 1370 (1506330 Gflops/s) - 1362 (1497534 Gflops/s) - 1334 (1466748 Gflops/s) - 1337 (1470047 Gflops/s) | Temperatures: 60°C - 61°C - 74°C - 71°C - 62°C - 59°C - 71°C - 72°C | Throttling: None - None - None - None - None - None - None - None
1363 (1498634 Gflops/s) - 1354 (1488738 Gflops/s) - 1347 (1481042 Gflops/s) - 1348 (1482141 Gflops/s) - 1371 (1507430 Gflops/s) - 1361 (1496435 Gflops/s) - 1335 (1467848 Gflops/s) - 1337 (1470047 Gflops/s) | Temperatures: 60°C - 61°C - 74°C - 71°C - 62°C - 59°C - 72°C - 72°C | Throttling: None - None - None - None - None - None - None - None
1364 (1499733 Gflops/s) - 1355 (1489838 Gflops/s) - 1347 (1481042 Gflops/s) - 1354 (1488738 Gflops/s) - 1370 (1506330 Gflops/s) - 1361 (1496435 Gflops/s) - 1335 (1467848 Gflops/s) - 1337 (1470047 Gflops/s) | Temperatures: 60°C - 61°C - 74°C - 71°C - 62°C - 59°C - 71°C - 72°C | Throttling: None - None - None - None - None - None - None - None
1363 (1498634 Gflops/s) - 1354 (1488738 Gflops/s) - 1345 (1478843 Gflops/s) - 1351 (1485440 Gflops/s) - 1371 (1507430 Gflops/s) - 1361 (1496435 Gflops/s) - 1333 (1465648 Gflops/s) - 1336 (1468947 Gflops/s) | Temperatures: 60°C - 61°C - 74°C - 71°C - 62°C - 59°C - 71°C - 72°C | Throttling: None - None - None - None - None - None - None - None
1364 (1499733 Gflops/s) - 1354 (1488738 Gflops/s) - 1347 (1481042 Gflops/s) - 1354 (1488738 Gflops/s) - 1370 (1506330 Gflops/s) - 1362 (1497534 Gflops/s) - 1335 (1467848 Gflops/s) - 1336 (1468947 Gflops/s) | Temperatures: 60°C - 61°C - 74°C - 71°C - 62°C - 59°C - 71°C - 72°C | Throttling: None - None - None - None - None - None - None - None
1362 (1497534 Gflops/s) - 1354 (1488738 Gflops/s) - 1345 (1478843 Gflops/s) - 1351 (1485440 Gflops/s) - 1369 (1505231 Gflops/s) - 1359 (1494236 Gflops/s) - 1332 (1464549 Gflops/s) - 1335 (1467848 Gflops/s) | Temperatures: 60°C - 61°C - 74°C - 71°C - 62°C - 59°C - 71°C - 72°C | Throttling: None - None - None - None - None - None - None - None
1364 (1499733 Gflops/s) - 1355 (1489838 Gflops/s) - 1346 (1479942 Gflops/s) - 1353 (1487639 Gflops/s) - 1371 (1507430 Gflops/s) - 1362 (1497534 Gflops/s) - 1334 (1466748 Gflops/s) - 1336 (1468947 Gflops/s) | Temperatures: 60°C - 61°C - 74°C - 71°C - 62°C - 59°C - 71°C - 72°C | Throttling: None - None - None - None - None - None - None - None
1362 (1497534 Gflops/s) - 1354 (1488738 Gflops/s) - 1347 (1481042 Gflops/s) - 1352 (1486539 Gflops/s) - 1370 (1506330 Gflops/s) - 1362 (1497534 Gflops/s) - 1333 (1465648 Gflops/s) - 1336 (1468947 Gflops/s) | Temperatures: 60°C - 61°C - 74°C - 71°C - 62°C - 59°C - 71°C - 72°C | Throttling: None - None - None - None - None - None - None - None
1365 (1500833 Gflops/s) - 1355 (1489838 Gflops/s) - 1346 (1479942 Gflops/s) - 1352 (1486539 Gflops/s) - 1370 (1506330 Gflops/s) - 1361 (1496435 Gflops/s) - 1334 (1466748 Gflops/s) - 1337 (1470047 Gflops/s) | Temperatures: 60°C - 61°C - 74°C - 71°C - 62°C - 59°C - 71°C - 72°C | Throttling: None - None - None - None - None - None - None - None
1362 (1497534 Gflops/s) - 1354 (1488738 Gflops/s) - 1345 (1478843 Gflops/s) - 1352 (1486539 Gflops/s) - 1371 (1507430 Gflops/s) - 1363 (1498634 Gflops/s) - 1333 (1465648 Gflops/s) - 1336 (1468947 Gflops/s) | Temperatures: 60°C - 61°C - 74°C - 71°C - 62°C - 59°C - 72°C - 72°C | Throttling: None - None - None - None - None - None - None - None
1364 (1499733 Gflops/s) - 1354 (1488738 Gflops/s) - 1347 (1481042 Gflops/s) - 1351 (1485440 Gflops/s) - 1370 (1506330 Gflops/s) - 1362 (1497534 Gflops/s) - 1334 (1466748 Gflops/s) - 1336 (1468947 Gflops/s) | Temperatures: 60°C - 61°C - 74°C - 71°C - 62°C - 59°C - 72°C - 72°C | Throttling: None - None - None - None - None - None - None - None
1363 (1498634 Gflops/s) - 1355 (1489838 Gflops/s) - 1346 (1479942 Gflops/s) - 1352 (1486539 Gflops/s) - 1371 (1507430 Gflops/s) - 1361 (1496435 Gflops/s) - 1333 (1465648 Gflops/s) - 1337 (1470047 Gflops/s) | Temperatures: 60°C - 61°C - 74°C - 71°C - 62°C - 59°C - 71°C - 72°C | Throttling: None - None - None - None - None - None - None - None
1363 (1498634 Gflops/s) - 1354 (1488738 Gflops/s) - 1345 (1478843 Gflops/s) - 1351 (1485440 Gflops/s) - 1370 (1506330 Gflops/s) - 1361 (1496435 Gflops/s) - 1334 (1466748 Gflops/s) - 1336 (1468947 Gflops/s) | Temperatures: 60°C - 61°C - 74°C - 71°C - 62°C - 59°C - 71°C - 72°C | Throttling: None - None - None - None - None - None - None - None
1362 (1497534 Gflops/s) - 1354 (1488738 Gflops/s) - 1346 (1479942 Gflops/s) - 1352 (1486539 Gflops/s) - 1370 (1506330 Gflops/s) - 1361 (1496435 Gflops/s) - 1334 (1466748 Gflops/s) - 1337 (1470047 Gflops/s) | Temperatures: 60°C - 61°C - 74°C - 71°C - 62°C - 59°C - 72°C - 72°C | Throttling: None - None - None - None - None - None - None - None
1365 (1500833 Gflops/s) - 1355 (1489838 Gflops/s) - 1345 (1478843 Gflops/s) - 1351 (1485440 Gflops/s) - 1370 (1506330 Gflops/s) - 1362 (1497534 Gflops/s) - 1334 (1466748 Gflops/s) - 1336 (1468947 Gflops/s) | Temperatures: 60°C - 61°C - 74°C - 71°C - 62°C - 59°C - 72°C - 72°C | Throttling: None - None - None - None - None - None - None - None
1364 (1499733 Gflops/s) - 1354 (1488738 Gflops/s) - 1345 (1478843 Gflops/s) - 1352 (1486539 Gflops/s) - 1371 (1507430 Gflops/s) - 1362 (1497534 Gflops/s) - 1334 (1466748 Gflops/s) - 1337 (1470047 Gflops/s) | Temperatures: 60°C - 61°C - 74°C - 71°C - 62°C - 59°C - 72°C - 72°C | Throttling: None - None - None - None - None - None - None - None
1362 (1497534 Gflops/s) - 1353 (1487639 Gflops/s) - 1345 (1478843 Gflops/s) - 1351 (1485440 Gflops/s) - 1370 (1506330 Gflops/s) - 1361 (1496435 Gflops/s) - 1330 (1462350 Gflops/s) - 1334 (1466748 Gflops/s) | Temperatures: 60°C - 61°C - 74°C - 71°C - 63°C - 59°C - 71°C - 72°C | Throttling: None - None - None - None - None - None - None - None
1363 (1498634 Gflops/s) - 1355 (1489838 Gflops/s) - 1347 (1481042 Gflops/s) - 1349 (1483241 Gflops/s) - 1370 (1506330 Gflops/s) - 1361 (1496435 Gflops/s) - 1334 (1466748 Gflops/s) - 1336 (1468947 Gflops/s) | Temperatures: 60°C - 61°C - 74°C - 71°C - 62°C - 59°C - 72°C - 72°C | Throttling: None - None - None - None - None - None - None - None
1363 (1498634 Gflops/s) - 1354 (1488738 Gflops/s) - 1345 (1478843 Gflops/s) - 1351 (1485440 Gflops/s) - 1370 (1506330 Gflops/s) - 1361 (1496435 Gflops/s) - 1335 (1467848 Gflops/s) - 1335 (1467848 Gflops/s) | Temperatures: 60°C - 61°C - 74°C - 71°C - 62°C - 59°C - 72°C - 72°C | Throttling: None - None - None - None - None - None - None - None
1364 (1499733 Gflops/s) - 1354 (1488738 Gflops/s) - 1346 (1479942 Gflops/s) - 1353 (1487639 Gflops/s) - 1370 (1506330 Gflops/s) - 1360 (1495335 Gflops/s) - 1332 (1464549 Gflops/s) - 1336 (1468947 Gflops/s) | Temperatures: 60°C - 61°C - 74°C - 71°C - 62°C - 59°C - 71°C - 72°C | Throttling: None - None - None - None - None - None - None - None
1363 (1498634 Gflops/s) - 1355 (1489838 Gflops/s) - 1346 (1479942 Gflops/s) - 1350 (1484340 Gflops/s) - 1370 (1506330 Gflops/s) - 1362 (1497534 Gflops/s) - 1335 (1467848 Gflops/s) - 1336 (1468947 Gflops/s) | Temperatures: 60°C - 61°C - 74°C - 71°C - 62°C - 59°C - 72°C - 72°C | Throttling: None - None - None - None - None - None - None - None
1364 (1499733 Gflops/s) - 1354 (1488738 Gflops/s) - 1346 (1479942 Gflops/s) - 1351 (1485440 Gflops/s) - 1371 (1507430 Gflops/s) - 1360 (1495335 Gflops/s) - 1332 (1464549 Gflops/s) - 1336 (1468947 Gflops/s) | Temperatures: 60°C - 61°C - 74°C - 71°C - 63°C - 59°C - 71°C - 72°C | Throttling: None - None - None - None - None - None - None - None
1362 (1497534 Gflops/s) - 1355 (1489838 Gflops/s) - 1345 (1478843 Gflops/s) - 1350 (1484340 Gflops/s) - 1370 (1506330 Gflops/s) - 1362 (1497534 Gflops/s) - 1333 (1465648 Gflops/s) - 1335 (1467848 Gflops/s) | Temperatures: 60°C - 61°C - 74°C - 71°C - 62°C - 59°C - 71°C - 72°C | Throttling: None - None - None - None - None - None - None - None
1363 (1498634 Gflops/s) - 1354 (1488738 Gflops/s) - 1346 (1479942 Gflops/s) - 1350 (1484340 Gflops/s) - 1369 (1505231 Gflops/s) - 1361 (1496435 Gflops/s) - 1332 (1464549 Gflops/s) - 1335 (1467848 Gflops/s) | Temperatures: 60°C - 61°C - 74°C - 71°C - 62°C - 59°C - 71°C - 72°C | Throttling: None - None - None - None - None - None - None - None
1363 (1498634 Gflops/s) - 1354 (1488738 Gflops/s) - 1345 (1478843 Gflops/s) - 1351 (1485440 Gflops/s) - 1371 (1507430 Gflops/s) - 1361 (1496435 Gflops/s) - 1334 (1466748 Gflops/s) - 1336 (1468947 Gflops/s) | Temperatures: 60°C - 61°C - 74°C - 71°C - 62°C - 59°C - 72°C - 72°C | Throttling: None - None - None - None - None - None - None - None
1364 (1499733 Gflops/s) - 1354 (1488738 Gflops/s) - 1345 (1478843 Gflops/s) - 1353 (1487639 Gflops/s) - 1370 (1506330 Gflops/s) - 1361 (1496435 Gflops/s) - 1334 (1466748 Gflops/s) - 1335 (1467848 Gflops/s) | Temperatures: 60°C - 61°C - 74°C - 71°C - 62°C - 59°C - 71°C - 72°C | Throttling: None - None - None - None - None - None - None - None
1363 (1498634 Gflops/s) - 1354 (1488738 Gflops/s) - 1345 (1478843 Gflops/s) - 1352 (1486539 Gflops/s) - 1370 (1506330 Gflops/s) - 1360 (1495335 Gflops/s) - 1334 (1466748 Gflops/s) - 1336 (1468947 Gflops/s) | Temperatures: 60°C - 61°C - 74°C - 71°C - 62°C - 59°C - 72°C - 72°C | Throttling: None - None - None - None - None - None - None - None
1361 (1496435 Gflops/s) - 1353 (1487639 Gflops/s) - 1344 (1477743 Gflops/s) - 1350 (1484340 Gflops/s) - 1369 (1505231 Gflops/s) - 1360 (1495335 Gflops/s) - 1331 (1463449 Gflops/s) - 1335 (1467848 Gflops/s) | Temperatures: 60°C - 61°C - 74°C - 71°C - 63°C - 59°C - 71°C - 73°C | Throttling: None - None - None - None - None - None - None - None
1364 (1499733 Gflops/s) - 1354 (1488738 Gflops/s) - 1346 (1479942 Gflops/s) - 1352 (1486539 Gflops/s) - 1370 (1506330 Gflops/s) - 1360 (1495335 Gflops/s) - 1334 (1466748 Gflops/s) - 1335 (1467848 Gflops/s) | Temperatures: 60°C - 61°C - 74°C - 71°C - 62°C - 59°C - 72°C - 72°C | Throttling: None - None - None - None - None - None - None - None
1362 (1497534 Gflops/s) - 1355 (1489838 Gflops/s) - 1346 (1479942 Gflops/s) - 1352 (1486539 Gflops/s) - 1370 (1506330 Gflops/s) - 1362 (1497534 Gflops/s) - 1333 (1465648 Gflops/s) - 1336 (1468947 Gflops/s) | Temperatures: 60°C - 61°C - 74°C - 71°C - 62°C - 59°C - 72°C - 73°C | Throttling: None - None - None - None - None - None - None - None
1362 (1497534 Gflops/s) - 1354 (1488738 Gflops/s) - 1346 (1479942 Gflops/s) - 1351 (1485440 Gflops/s) - 1369 (1505231 Gflops/s) - 1360 (1495335 Gflops/s) - 1333 (1465648 Gflops/s) - 1334 (1466748 Gflops/s) | Temperatures: 60°C - 61°C - 74°C - 71°C - 62°C - 59°C - 72°C - 72°C | Throttling: None - None - None - None - None - None - None - None
1364 (1499733 Gflops/s) - 1354 (1488738 Gflops/s) - 1345 (1478843 Gflops/s) - 1352 (1486539 Gflops/s) - 1371 (1507430 Gflops/s) - 1361 (1496435 Gflops/s) - 1335 (1467848 Gflops/s) - 1336 (1468947 Gflops/s) | Temperatures: 60°C - 61°C - 74°C - 71°C - 63°C - 59°C - 72°C - 73°C | Throttling: None - None - None - None - None - None - None - None
1363 (1498634 Gflops/s) - 1355 (1489838 Gflops/s) - 1345 (1478843 Gflops/s) - 1353 (1487639 Gflops/s) - 1370 (1506330 Gflops/s) - 1361 (1496435 Gflops/s) - 1334 (1466748 Gflops/s) - 1336 (1468947 Gflops/s) | Temperatures: 60°C - 61°C - 74°C - 71°C - 62°C - 59°C - 72°C - 72°C | Throttling: None - None - None - None - None - None - None - None
1365 (1500833 Gflops/s) - 1354 (1488738 Gflops/s) - 1347 (1481042 Gflops/s) - 1353 (1487639 Gflops/s) - 1370 (1506330 Gflops/s) - 1360 (1495335 Gflops/s) - 1333 (1465648 Gflops/s) - 1335 (1467848 Gflops/s) | Temperatures: 60°C - 61°C - 74°C - 71°C - 62°C - 59°C - 71°C - 73°C | Throttling: None - None - None - None - None - None - None - None
1362 (1497534 Gflops/s) - 1354 (1488738 Gflops/s) - 1345 (1478843 Gflops/s) - 1352 (1486539 Gflops/s) - 1369 (1505231 Gflops/s) - 1361 (1496435 Gflops/s) - 1335 (1467848 Gflops/s) - 1336 (1468947 Gflops/s) | Temperatures: 60°C - 61°C - 74°C - 71°C - 62°C - 59°C - 72°C - 73°C | Throttling: None - None - None - None - None - None - None - None
1361 (1496435 Gflops/s) - 1354 (1488738 Gflops/s) - 1346 (1479942 Gflops/s) - 1351 (1485440 Gflops/s) - 1370 (1506330 Gflops/s) - 1359 (1494236 Gflops/s) - 1333 (1465648 Gflops/s) - 1335 (1467848 Gflops/s) | Temperatures: 60°C - 61°C - 74°C - 71°C - 63°C - 59°C - 72°C - 73°C | Throttling: None - None - None - None - None - None - None - None
1362 (1497534 Gflops/s) - 1354 (1488738 Gflops/s) - 1345 (1478843 Gflops/s) - 1351 (1485440 Gflops/s) - 1370 (1506330 Gflops/s) - 1359 (1494236 Gflops/s) - 1333 (1465648 Gflops/s) - 1335 (1467848 Gflops/s) | Temperatures: 60°C - 61°C - 74°C - 71°C - 63°C - 59°C - 72°C - 72°C | Throttling: None - None - None - None - None - None - None - None
1363 (1498634 Gflops/s) - 1354 (1488738 Gflops/s) - 1345 (1478843 Gflops/s) - 1351 (1485440 Gflops/s) - 1371 (1507430 Gflops/s) - 1361 (1496435 Gflops/s) - 1334 (1466748 Gflops/s) - 1335 (1467848 Gflops/s) | Temperatures: 60°C - 61°C - 74°C - 71°C - 63°C - 59°C - 72°C - 72°C | Throttling: None - None - None - None - None - None - None - None
1361 (1496435 Gflops/s) - 1353 (1487639 Gflops/s) - 1345 (1478843 Gflops/s) - 1350 (1484340 Gflops/s) - 1368 (1504131 Gflops/s) - 1360 (1495335 Gflops/s) - 1334 (1466748 Gflops/s) - 1334 (1466748 Gflops/s) | Temperatures: 60°C - 61°C - 74°C - 71°C - 63°C - 59°C - 72°C - 73°C | Throttling: None - None - None - None - None - None - None - None
1358 (1493136 Gflops/s) - 1349 (1483241 Gflops/s) - 1341 (1474445 Gflops/s) - 1347 (1481042 Gflops/s) - 1364 (1499733 Gflops/s) - 1355 (1489838 Gflops/s) - 1327 (1459051 Gflops/s) - 1329 (1461250 Gflops/s) | Temperatures: 60°C - 61°C - 74°C - 71°C - 62°C - 59°C - 72°C - 73°C | Throttling: None - None - None - None - None - None - None - None
1339 (1472246 Gflops/s) - 1328 (1460151 Gflops/s) - 1322 (1453554 Gflops/s) - 1327 (1459051 Gflops/s) - 1344 (1477743 Gflops/s) - 1335 (1467848 Gflops/s) - 1308 (1438161 Gflops/s) - 1309 (1439260 Gflops/s) | Temperatures: 60°C - 61°C - 74°C - 71°C - 62°C - 59°C - 71°C - 72°C | Throttling: None - None - None - None - None - None - None - None
1313 (1443658 Gflops/s) - 1304 (1433763 Gflops/s) - 1296 (1424967 Gflops/s) - 1300 (1429365 Gflops/s) - 1318 (1449156 Gflops/s) - 1309 (1439260 Gflops/s) - 1282 (1409573 Gflops/s) - 1285 (1412872 Gflops/s) | Temperatures: 60°C - 61°C - 74°C - 71°C - 63°C - 59°C - 71°C - 73°C | Throttling: None - None - None - None - None - None - None - None
1310 (1440360 Gflops/s) - 1301 (1430464 Gflops/s) - 1294 (1422768 Gflops/s) - 1300 (1429365 Gflops/s) - 1316 (1446957 Gflops/s) - 1307 (1437061 Gflops/s) - 1282 (1409573 Gflops/s) - 1283 (1410673 Gflops/s) | Temperatures: 60°C - 61°C - 74°C - 71°C - 62°C - 59°C - 72°C - 73°C | Throttling: None - None - None - None - None - None - None - None
1314 (1444758 Gflops/s) - 1305 (1434862 Gflops/s) - 1299 (1428265 Gflops/s) - 1302 (1431564 Gflops/s) - 1319 (1450255 Gflops/s) - 1309 (1439260 Gflops/s) - 1285 (1412872 Gflops/s) - 1286 (1413971 Gflops/s) | Temperatures: 60°C - 61°C - 74°C - 71°C - 62°C - 59°C - 72°C - 73°C | Throttling: None - None - None - None - None - None - None - None
1310 (1440360 Gflops/s) - 1301 (1430464 Gflops/s) - 1296 (1424967 Gflops/s) - 1298 (1427166 Gflops/s) - 1317 (1448056 Gflops/s) - 1308 (1438161 Gflops/s) - 1282 (1409573 Gflops/s) - 1284 (1411772 Gflops/s) | Temperatures: 60°C - 61°C - 74°C - 71°C - 63°C - 59°C - 71°C - 73°C | Throttling: None - None - None - None - None - None - None - None
1314 (1444758 Gflops/s) - 1306 (1435962 Gflops/s) - 1300 (1429365 Gflops/s) - 1304 (1433763 Gflops/s) - 1321 (1452454 Gflops/s) - 1313 (1443658 Gflops/s) - 1288 (1416170 Gflops/s) - 1287 (1415071 Gflops/s) | Temperatures: 60°C - 61°C - 74°C - 71°C - 63°C - 59°C - 72°C - 72°C | Throttling: None - None - None - None - None - None - None - None
1311 (1441459 Gflops/s) - 1301 (1430464 Gflops/s) - 1293 (1421668 Gflops/s) - 1299 (1428265 Gflops/s) - 1315 (1445857 Gflops/s) - 1308 (1438161 Gflops/s) - 1280 (1407374 Gflops/s) - 1283 (1410673 Gflops/s) | Temperatures: 60°C - 61°C - 74°C - 71°C - 62°C - 59°C - 71°C - 73°C | Throttling: None - None - None - None - None - None - None - None
1312 (1442559 Gflops/s) - 1303 (1432663 Gflops/s) - 1296 (1424967 Gflops/s) - 1302 (1431564 Gflops/s) - 1318 (1449156 Gflops/s) - 1310 (1440360 Gflops/s) - 1282 (1409573 Gflops/s) - 1284 (1411772 Gflops/s) | Temperatures: 60°C - 61°C - 74°C - 71°C - 62°C - 59°C - 72°C - 73°C | Throttling: None - None - None - None - None - None - None - None
1315 (1445857 Gflops/s) - 1304 (1433763 Gflops/s) - 1296 (1424967 Gflops/s) - 1300 (1429365 Gflops/s) - 1319 (1450255 Gflops/s) - 1310 (1440360 Gflops/s) - 1284 (1411772 Gflops/s) - 1286 (1413971 Gflops/s) | Temperatures: 60°C - 61°C - 74°C - 71°C - 63°C - 59°C - 72°C - 73°C | Throttling: None - None - None - None - None - None - None - None
1311 (1441459 Gflops/s) - 1302 (1431564 Gflops/s) - 1296 (1424967 Gflops/s) - 1299 (1428265 Gflops/s) - 1317 (1448056 Gflops/s) - 1310 (1440360 Gflops/s) - 1283 (1410673 Gflops/s) - 1284 (1411772 Gflops/s) | Temperatures: 60°C - 61°C - 74°C - 71°C - 63°C - 59°C - 72°C - 73°C | Throttling: None - None - None - None - None - None - None - None
1310 (1440360 Gflops/s) - 1301 (1430464 Gflops/s) - 1292 (1420569 Gflops/s) - 1298 (1427166 Gflops/s) - 1318 (1449156 Gflops/s) - 1310 (1440360 Gflops/s) - 1280 (1407374 Gflops/s) - 1283 (1410673 Gflops/s) | Temperatures: 60°C - 61°C - 74°C - 71°C - 63°C - 59°C - 72°C - 73°C | Throttling: None - None - None - None - None - None - None - None
1313 (1443658 Gflops/s) - 1305 (1434862 Gflops/s) - 1298 (1427166 Gflops/s) - 1303 (1432663 Gflops/s) - 1318 (1449156 Gflops/s) - 1310 (1440360 Gflops/s) - 1285 (1412872 Gflops/s) - 1286 (1413971 Gflops/s) | Temperatures: 60°C - 61°C - 74°C - 71°C - 62°C - 59°C - 71°C - 73°C | Throttling: None - None - None - None - None - None - None - None
1313 (1443658 Gflops/s) - 1303 (1432663 Gflops/s) - 1297 (1426066 Gflops/s) - 1302 (1431564 Gflops/s) - 1318 (1449156 Gflops/s) - 1309 (1439260 Gflops/s) - 1282 (1409573 Gflops/s) - 1285 (1412872 Gflops/s) | Temperatures: 60°C - 61°C - 74°C - 71°C - 62°C - 59°C - 72°C - 73°C | Throttling: None - None - None - None - None - None - None - None
1312 (1442559 Gflops/s) - 1304 (1433763 Gflops/s) - 1298 (1427166 Gflops/s) - 1302 (1431564 Gflops/s) - 1320 (1451355 Gflops/s) - 1309 (1439260 Gflops/s) - 1285 (1412872 Gflops/s) - 1285 (1412872 Gflops/s) | Temperatures: 60°C - 61°C - 74°C - 71°C - 63°C - 59°C - 72°C - 73°C | Throttling: None - None - None - None - None - None - None - None
1310 (1440360 Gflops/s) - 1302 (1431564 Gflops/s) - 1296 (1424967 Gflops/s) - 1300 (1429365 Gflops/s) - 1316 (1446957 Gflops/s) - 1306 (1435962 Gflops/s) - 1281 (1408474 Gflops/s) - 1283 (1410673 Gflops/s) | Temperatures: 60°C - 61°C - 74°C - 71°C - 63°C - 59°C - 72°C - 73°C | Throttling: None - None - None - None - None - None - None - None
1311 (1441459 Gflops/s) - 1302 (1431564 Gflops/s) - 1297 (1426066 Gflops/s) - 1300 (1429365 Gflops/s) - 1317 (1448056 Gflops/s) - 1309 (1439260 Gflops/s) - 1281 (1408474 Gflops/s) - 1284 (1411772 Gflops/s) | Temperatures: 60°C - 61°C - 74°C - 71°C - 62°C - 59°C - 72°C - 73°C | Throttling: None - None - None - None - None - None - None - None
1314 (1444758 Gflops/s) - 1304 (1433763 Gflops/s) - 1297 (1426066 Gflops/s) - 1302 (1431564 Gflops/s) - 1320 (1451355 Gflops/s) - 1310 (1440360 Gflops/s) - 1283 (1410673 Gflops/s) - 1285 (1412872 Gflops/s) | Temperatures: 60°C - 61°C - 74°C - 71°C - 62°C - 59°C - 71°C - 73°C | Throttling: None - None - None - None - None - None - None - None
1312 (1442559 Gflops/s) - 1304 (1433763 Gflops/s) - 1297 (1426066 Gflops/s) - 1301 (1430464 Gflops/s) - 1318 (1449156 Gflops/s) - 1310 (1440360 Gflops/s) - 1283 (1410673 Gflops/s) - 1286 (1413971 Gflops/s) | Temperatures: 60°C - 61°C - 74°C - 71°C - 62°C - 59°C - 72°C - 73°C | Throttling: None - None - None - None - None - None - None - None
1311 (1441459 Gflops/s) - 1302 (1431564 Gflops/s) - 1293 (1421668 Gflops/s) - 1301 (1430464 Gflops/s) - 1317 (1448056 Gflops/s) - 1306 (1435962 Gflops/s) - 1281 (1408474 Gflops/s) - 1284 (1411772 Gflops/s) | Temperatures: 60°C - 61°C - 74°C - 71°C - 62°C - 59°C - 72°C - 73°C | Throttling: None - None - None - None - None - None - None - None
1314 (1444758 Gflops/s) - 1304 (1433763 Gflops/s) - 1297 (1426066 Gflops/s) - 1302 (1431564 Gflops/s) - 1319 (1450255 Gflops/s) - 1312 (1442559 Gflops/s) - 1286 (1413971 Gflops/s) - 1286 (1413971 Gflops/s) | Temperatures: 60°C - 61°C - 74°C - 71°C - 63°C - 59°C - 72°C - 73°C | Throttling: None - None - None - None - None - None - None - None
1311 (1441459 Gflops/s) - 1303 (1432663 Gflops/s) - 1295 (1423867 Gflops/s) - 1299 (1428265 Gflops/s) - 1317 (1448056 Gflops/s) - 1308 (1438161 Gflops/s) - 1281 (1408474 Gflops/s) - 1284 (1411772 Gflops/s) | Temperatures: 60°C - 61°C - 74°C - 71°C - 63°C - 59°C - 72°C - 73°C | Throttling: None - None - None - None - None - None - None - None
1313 (1443658 Gflops/s) - 1304 (1433763 Gflops/s) - 1295 (1423867 Gflops/s) - 1302 (1431564 Gflops/s) - 1319 (1450255 Gflops/s) - 1308 (1438161 Gflops/s) - 1283 (1410673 Gflops/s) - 1286 (1413971 Gflops/s) | Temperatures: 60°C - 61°C - 75°C - 71°C - 63°C - 59°C - 72°C - 73°C | Throttling: None - None - None - None - None - None - None - None
1310 (1440360 Gflops/s) - 1302 (1431564 Gflops/s) - 1295 (1423867 Gflops/s) - 1300 (1429365 Gflops/s) - 1317 (1448056 Gflops/s) - 1308 (1438161 Gflops/s) - 1281 (1408474 Gflops/s) - 1283 (1410673 Gflops/s) | Temperatures: 60°C - 61°C - 74°C - 71°C - 63°C - 59°C - 72°C - 73°C | Throttling: None - None - None - None - None - None - None - None
1312 (1442559 Gflops/s) - 1303 (1432663 Gflops/s) - 1296 (1424967 Gflops/s) - 1301 (1430464 Gflops/s) - 1318 (1449156 Gflops/s) - 1309 (1439260 Gflops/s) - 1283 (1410673 Gflops/s) - 1285 (1412872 Gflops/s) | Temperatures: 60°C - 61°C - 74°C - 71°C - 62°C - 59°C - 71°C - 73°C | Throttling: None - None - None - None - None - None - None - None
1312 (1442559 Gflops/s) - 1302 (1431564 Gflops/s) - 1295 (1423867 Gflops/s) - 1301 (1430464 Gflops/s) - 1316 (1446957 Gflops/s) - 1309 (1439260 Gflops/s) - 1284 (1411772 Gflops/s) - 1285 (1412872 Gflops/s) | Temperatures: 60°C - 61°C - 74°C - 71°C - 62°C - 59°C - 72°C - 73°C | Throttling: None - None - None - None - None - None - None - None
1312 (1442559 Gflops/s) - 1303 (1432663 Gflops/s) - 1296 (1424967 Gflops/s) - 1302 (1431564 Gflops/s) - 1319 (1450255 Gflops/s) - 1309 (1439260 Gflops/s) - 1281 (1408474 Gflops/s) - 1285 (1412872 Gflops/s) | Temperatures: 60°C - 61°C - 75°C - 71°C - 63°C - 59°C - 71°C - 73°C | Throttling: None - None - None - None - None - None - None - None
1309 (1439260 Gflops/s) - 1302 (1431564 Gflops/s) - 1293 (1421668 Gflops/s) - 1299 (1428265 Gflops/s) - 1316 (1446957 Gflops/s) - 1308 (1438161 Gflops/s) - 1282 (1409573 Gflops/s) - 1283 (1410673 Gflops/s) | Temperatures: 60°C - 61°C - 75°C - 71°C - 62°C - 59°C - 72°C - 73°C | Throttling: None - None - None - None - None - None - None - None
1312 (1442559 Gflops/s) - 1304 (1433763 Gflops/s) - 1296 (1424967 Gflops/s) - 1302 (1431564 Gflops/s) - 1320 (1451355 Gflops/s) - 1310 (1440360 Gflops/s) - 1286 (1413971 Gflops/s) - 1287 (1415071 Gflops/s) | Temperatures: 60°C - 61°C - 74°C - 71°C - 63°C - 59°C - 72°C - 73°C | Throttling: None - None - None - None - None - None - None - None
1310 (1440360 Gflops/s) - 1302 (1431564 Gflops/s) - 1294 (1422768 Gflops/s) - 1300 (1429365 Gflops/s) - 1317 (1448056 Gflops/s) - 1308 (1438161 Gflops/s) - 1281 (1408474 Gflops/s) - 1284 (1411772 Gflops/s) | Temperatures: 60°C - 61°C - 74°C - 71°C - 62°C - 59°C - 71°C - 73°C | Throttling: None - None - None - None - None - None - None - None
1314 (1444758 Gflops/s) - 1305 (1434862 Gflops/s) - 1297 (1426066 Gflops/s) - 1304 (1433763 Gflops/s) - 1321 (1452454 Gflops/s) - 1310 (1440360 Gflops/s) - 1284 (1411772 Gflops/s) - 1287 (1415071 Gflops/s) | Temperatures: 60°C - 61°C - 74°C - 71°C - 63°C - 59°C - 72°C - 73°C | Throttling: None - None - None - None - None - None - None - None
1311 (1441459 Gflops/s) - 1302 (1431564 Gflops/s) - 1294 (1422768 Gflops/s) - 1297 (1426066 Gflops/s) - 1316 (1446957 Gflops/s) - 1307 (1437061 Gflops/s) - 1280 (1407374 Gflops/s) - 1284 (1411772 Gflops/s) | Temperatures: 60°C - 61°C - 74°C - 71°C - 62°C - 59°C - 71°C - 73°C | Throttling: None - None - None - None - None - None - None - None
1311 (1441459 Gflops/s) - 1302 (1431564 Gflops/s) - 1293 (1421668 Gflops/s) - 1301 (1430464 Gflops/s) - 1317 (1448056 Gflops/s) - 1306 (1435962 Gflops/s) - 1281 (1408474 Gflops/s) - 1283 (1410673 Gflops/s) | Temperatures: 60°C - 61°C - 75°C - 71°C - 63°C - 59°C - 72°C - 73°C | Throttling: None - None - None - None - None - None - None - None
1314 (1444758 Gflops/s) - 1304 (1433763 Gflops/s) - 1299 (1428265 Gflops/s) - 1303 (1432663 Gflops/s) - 1319 (1450255 Gflops/s) - 1310 (1440360 Gflops/s) - 1285 (1412872 Gflops/s) - 1286 (1413971 Gflops/s) | Temperatures: 60°C - 61°C - 74°C - 71°C - 62°C - 59°C - 72°C - 73°C | Throttling: None - None - None - None - None - None - None - None
1310 (1440360 Gflops/s) - 1302 (1431564 Gflops/s) - 1293 (1421668 Gflops/s) - 1299 (1428265 Gflops/s) - 1317 (1448056 Gflops/s) - 1306 (1435962 Gflops/s) - 1281 (1408474 Gflops/s) - 1283 (1410673 Gflops/s) | Temperatures: 60°C - 61°C - 74°C - 71°C - 62°C - 59°C - 72°C - 73°C | Throttling: None - None - None - None - None - None - None - None
1311 (1441459 Gflops/s) - 1302 (1431564 Gflops/s) - 1294 (1422768 Gflops/s) - 1301 (1430464 Gflops/s) - 1318 (1449156 Gflops/s) - 1309 (1439260 Gflops/s) - 1281 (1408474 Gflops/s) - 1283 (1410673 Gflops/s) | Temperatures: 60°C - 61°C - 74°C - 71°C - 62°C - 59°C - 72°C - 73°C | Throttling: None - None - None - None - None - None - None - None
1313 (1443658 Gflops/s) - 1305 (1434862 Gflops/s) - 1295 (1423867 Gflops/s) - 1303 (1432663 Gflops/s) - 1319 (1450255 Gflops/s) - 1310 (1440360 Gflops/s) - 1285 (1412872 Gflops/s) - 1287 (1415071 Gflops/s) | Temperatures: 60°C - 61°C - 75°C - 71°C - 62°C - 59°C - 72°C - 73°C | Throttling: None - None - None - None - None - None - None - None
1312 (1442559 Gflops/s) - 1303 (1432663 Gflops/s) - 1298 (1427166 Gflops/s) - 1301 (1430464 Gflops/s) - 1318 (1449156 Gflops/s) - 1309 (1439260 Gflops/s) - 1283 (1410673 Gflops/s) - 1284 (1411772 Gflops/s) | Temperatures: 60°C - 61°C - 74°C - 71°C - 62°C - 59°C - 72°C - 73°C | Throttling: None - None - None - None - None - None - None - None
1313 (1443658 Gflops/s) - 1304 (1433763 Gflops/s) - 1298 (1427166 Gflops/s) - 1299 (1428265 Gflops/s) - 1319 (1450255 Gflops/s) - 1309 (1439260 Gflops/s) - 1283 (1410673 Gflops/s) - 1286 (1413971 Gflops/s) | Temperatures: 60°C - 61°C - 74°C - 71°C - 63°C - 59°C - 72°C - 73°C | Throttling: None - None - None - None - None - None - None - None
1310 (1440360 Gflops/s) - 1302 (1431564 Gflops/s) - 1295 (1423867 Gflops/s) - 1299 (1428265 Gflops/s) - 1317 (1448056 Gflops/s) - 1308 (1438161 Gflops/s) - 1281 (1408474 Gflops/s) - 1284 (1411772 Gflops/s) | Temperatures: 60°C - 61°C - 74°C - 71°C - 63°C - 59°C - 71°C - 73°C | Throttling: None - None - None - None - None - None - None - None
1312 (1442559 Gflops/s) - 1302 (1431564 Gflops/s) - 1295 (1423867 Gflops/s) - 1301 (1430464 Gflops/s) - 1317 (1448056 Gflops/s) - 1308 (1438161 Gflops/s) - 1280 (1407374 Gflops/s) - 1283 (1410673 Gflops/s) | Temperatures: 60°C - 61°C - 74°C - 71°C - 63°C - 59°C - 72°C - 73°C | Throttling: None - None - None - None - None - None - None - None
1313 (1443658 Gflops/s) - 1304 (1433763 Gflops/s) - 1296 (1424967 Gflops/s) - 1302 (1431564 Gflops/s) - 1320 (1451355 Gflops/s) - 1309 (1439260 Gflops/s) - 1282 (1409573 Gflops/s) - 1285 (1412872 Gflops/s) | Temperatures: 60°C - 61°C - 75°C - 71°C - 63°C - 59°C - 72°C - 73°C | Throttling: None - None - None - None - None - None - None - None
1311 (1441459 Gflops/s) - 1302 (1431564 Gflops/s) - 1294 (1422768 Gflops/s) - 1301 (1430464 Gflops/s) - 1316 (1446957 Gflops/s) - 1307 (1437061 Gflops/s) - 1280 (1407374 Gflops/s) - 1284 (1411772 Gflops/s) | Temperatures: 60°C - 61°C - 74°C - 71°C - 62°C - 59°C - 72°C - 73°C | Throttling: None - None - None - None - None - None - None - None
1312 (1442559 Gflops/s) - 1303 (1432663 Gflops/s) - 1293 (1421668 Gflops/s) - 1301 (1430464 Gflops/s) - 1319 (1450255 Gflops/s) - 1309 (1439260 Gflops/s) - 1282 (1409573 Gflops/s) - 1285 (1412872 Gflops/s) | Temperatures: 60°C - 61°C - 74°C - 71°C - 63°C - 59°C - 72°C - 73°C | Throttling: None - None - None - None - None - None - None - None
1312 (1442559 Gflops/s) - 1303 (1432663 Gflops/s) - 1297 (1426066 Gflops/s) - 1302 (1431564 Gflops/s) - 1318 (1449156 Gflops/s) - 1309 (1439260 Gflops/s) - 1282 (1409573 Gflops/s) - 1285 (1412872 Gflops/s) | Temperatures: 60°C - 61°C - 74°C - 71°C - 62°C - 59°C - 72°C - 73°C | Throttling: None - None - None - None - None - None - None - None
1312 (1442559 Gflops/s) - 1303 (1432663 Gflops/s) - 1295 (1423867 Gflops/s) - 1302 (1431564 Gflops/s) - 1319 (1450255 Gflops/s) - 1309 (1439260 Gflops/s) - 1282 (1409573 Gflops/s) - 1284 (1411772 Gflops/s) | Temperatures: 60°C - 61°C - 74°C - 71°C - 62°C - 59°C - 72°C - 73°C | Throttling: None - None - None - None - None - None - None - None
1312 (1442559 Gflops/s) - 1304 (1433763 Gflops/s) - 1299 (1428265 Gflops/s) - 1303 (1432663 Gflops/s) - 1319 (1450255 Gflops/s) - 1311 (1441459 Gflops/s) - 1282 (1409573 Gflops/s) - 1286 (1413971 Gflops/s) | Temperatures: 60°C - 61°C - 74°C - 71°C - 62°C - 59°C - 72°C - 73°C | Throttling: None - None - None - None - None - None - None - None
1310 (1440360 Gflops/s) - 1302 (1431564 Gflops/s) - 1296 (1424967 Gflops/s) - 1300 (1429365 Gflops/s) - 1316 (1446957 Gflops/s) - 1308 (1438161 Gflops/s) - 1282 (1409573 Gflops/s) - 1283 (1410673 Gflops/s) | Temperatures: 60°C - 61°C - 74°C - 71°C - 62°C - 59°C - 72°C - 73°C | Throttling: None - None - None - None - None - None - None - None
1311 (1441459 Gflops/s) - 1302 (1431564 Gflops/s) - 1296 (1424967 Gflops/s) - 1299 (1428265 Gflops/s) - 1317 (1448056 Gflops/s) - 1308 (1438161 Gflops/s) - 1283 (1410673 Gflops/s) - 1284 (1411772 Gflops/s) | Temperatures: 60°C - 61°C - 75°C - 71°C - 63°C - 59°C - 72°C - 73°C | Throttling: None - None - None - None - None - None - None - None
1314 (1444758 Gflops/s) - 1304 (1433763 Gflops/s) - 1299 (1428265 Gflops/s) - 1301 (1430464 Gflops/s) - 1319 (1450255 Gflops/s) - 1308 (1438161 Gflops/s) - 1285 (1412872 Gflops/s) - 1286 (1413971 Gflops/s) | Temperatures: 60°C - 61°C - 75°C - 71°C - 62°C - 59°C - 72°C - 73°C | Throttling: None - None - None - None - None - None - None - None
1313 (1443658 Gflops/s) - 1303 (1432663 Gflops/s) - 1294 (1422768 Gflops/s) - 1302 (1431564 Gflops/s) - 1319 (1450255 Gflops/s) - 1310 (1440360 Gflops/s) - 1282 (1409573 Gflops/s) - 1285 (1412872 Gflops/s) | Temperatures: 60°C - 61°C - 74°C - 71°C - 62°C - 59°C - 72°C - 73°C | Throttling: None - None - None - None - None - None - None - None
1309 (1439260 Gflops/s) - 1302 (1431564 Gflops/s) - 1297 (1426066 Gflops/s) - 1299 (1428265 Gflops/s) - 1316 (1446957 Gflops/s) - 1309 (1439260 Gflops/s) - 1280 (1407374 Gflops/s) - 1283 (1410673 Gflops/s) | Temperatures: 60°C - 61°C - 75°C - 71°C - 63°C - 59°C - 72°C - 73°C | Throttling: None - None - None - None - None - None - None - None
1313 (1443658 Gflops/s) - 1304 (1433763 Gflops/s) - 1297 (1426066 Gflops/s) - 1302 (1431564 Gflops/s) - 1320 (1451355 Gflops/s) - 1311 (1441459 Gflops/s) - 1284 (1411772 Gflops/s) - 1286 (1413971 Gflops/s) | Temperatures: 60°C - 61°C - 74°C - 71°C - 62°C - 59°C - 72°C - 73°C | Throttling: None - None - None - None - None - None - None - None
1308 (1438161 Gflops/s) - 1302 (1431564 Gflops/s) - 1295 (1423867 Gflops/s) - 1300 (1429365 Gflops/s) - 1317 (1448056 Gflops/s) - 1307 (1437061 Gflops/s) - 1281 (1408474 Gflops/s) - 1283 (1410673 Gflops/s) | Temperatures: 60°C - 61°C - 74°C - 71°C - 62°C - 59°C - 72°C - 73°C | Throttling: None - None - None - None - None - None - None - None
1314 (1444758 Gflops/s) - 1305 (1434862 Gflops/s) - 1298 (1427166 Gflops/s) - 1304 (1433763 Gflops/s) - 1321 (1452454 Gflops/s) - 1311 (1441459 Gflops/s) - 1286 (1413971 Gflops/s) - 1287 (1415071 Gflops/s) | Temperatures: 60°C - 61°C - 74°C - 71°C - 63°C - 59°C - 72°C - 73°C | Throttling: None - None - None - None - None - None - None - None
1311 (1441459 Gflops/s) - 1302 (1431564 Gflops/s) - 1294 (1422768 Gflops/s) - 1300 (1429365 Gflops/s) - 1318 (1449156 Gflops/s) - 1306 (1435962 Gflops/s) - 1282 (1409573 Gflops/s) - 1283 (1410673 Gflops/s) | Temperatures: 60°C - 61°C - 74°C - 71°C - 62°C - 59°C - 72°C - 73°C | Throttling: None - None - None - None - None - None - None - None
1309 (1439260 Gflops/s) - 1302 (1431564 Gflops/s) - 1293 (1421668 Gflops/s) - 1299 (1428265 Gflops/s) - 1316 (1446957 Gflops/s) - 1308 (1438161 Gflops/s) - 1280 (1407374 Gflops/s) - 1283 (1410673 Gflops/s) | Temperatures: 60°C - 61°C - 74°C - 71°C - 62°C - 59°C - 72°C - 73°C | Throttling: None - None - None - None - None - None - None - None
1313 (1443658 Gflops/s) - 1304 (1433763 Gflops/s) - 1299 (1428265 Gflops/s) - 1301 (1430464 Gflops/s) - 1319 (1450255 Gflops/s) - 1310 (1440360 Gflops/s) - 1284 (1411772 Gflops/s) - 1286 (1413971 Gflops/s) | Temperatures: 60°C - 61°C - 75°C - 71°C - 62°C - 59°C - 72°C - 73°C | Throttling: None - None - None - None - None - None - None - None
1312 (1442559 Gflops/s) - 1304 (1433763 Gflops/s) - 1297 (1426066 Gflops/s) - 1301 (1430464 Gflops/s) - 1318 (1449156 Gflops/s) - 1309 (1439260 Gflops/s) - 1281 (1408474 Gflops/s) - 1285 (1412872 Gflops/s) | Temperatures: 60°C - 61°C - 75°C - 71°C - 62°C - 59°C - 72°C - 73°C | Throttling: None - None - None - None - None - None - None - None
1311 (1441459 Gflops/s) - 1302 (1431564 Gflops/s) - 1295 (1423867 Gflops/s) - 1301 (1430464 Gflops/s) - 1317 (1448056 Gflops/s) - 1307 (1437061 Gflops/s) - 1281 (1408474 Gflops/s) - 1284 (1411772 Gflops/s) | Temperatures: 60°C - 61°C - 75°C - 71°C - 62°C - 59°C - 72°C - 73°C | Throttling: None - None - None - None - None - None - None - None
1313 (1443658 Gflops/s) - 1304 (1433763 Gflops/s) - 1298 (1427166 Gflops/s) - 1302 (1431564 Gflops/s) - 1320 (1451355 Gflops/s) - 1311 (1441459 Gflops/s) - 1283 (1410673 Gflops/s) - 1286 (1413971 Gflops/s) | Temperatures: 60°C - 61°C - 75°C - 71°C - 62°C - 59°C - 72°C - 73°C | Throttling: None - None - None - None - None - None - None - None
1310 (1440360 Gflops/s) - 1302 (1431564 Gflops/s) - 1291 (1419469 Gflops/s) - 1299 (1428265 Gflops/s) - 1317 (1448056 Gflops/s) - 1307 (1437061 Gflops/s) - 1283 (1410673 Gflops/s) - 1284 (1411772 Gflops/s) | Temperatures: 60°C - 61°C - 74°C - 71°C - 62°C - 59°C - 72°C - 73°C | Throttling: None - None - None - None - None - None - None - None
1312 (1442559 Gflops/s) - 1304 (1433763 Gflops/s) - 1298 (1427166 Gflops/s) - 1302 (1431564 Gflops/s) - 1319 (1450255 Gflops/s) - 1308 (1438161 Gflops/s) - 1283 (1410673 Gflops/s) - 1286 (1413971 Gflops/s) | Temperatures: 60°C - 61°C - 75°C - 71°C - 62°C - 59°C - 72°C - 73°C | Throttling: None - None - None - None - None - None - None - None
1310 (1440360 Gflops/s) - 1302 (1431564 Gflops/s) - 1294 (1422768 Gflops/s) - 1299 (1428265 Gflops/s) - 1318 (1449156 Gflops/s) - 1307 (1437061 Gflops/s) - 1281 (1408474 Gflops/s) - 1284 (1411772 Gflops/s) | Temperatures: 60°C - 61°C - 74°C - 71°C - 63°C - 59°C - 72°C - 73°C | Throttling: None - None - None - None - None - None - None - None
1322 (1453554 Gflops/s) - 1313 (1443658 Gflops/s) - 1305 (1434862 Gflops/s) - 1310 (1440360 Gflops/s) - 1328 (1460151 Gflops/s) - 1320 (1451355 Gflops/s) - 1293 (1421668 Gflops/s) - 1295 (1423867 Gflops/s) | Temperatures: 60°C - 61°C - 75°C - 71°C - 62°C - 59°C - 72°C - 73°C | Throttling: None - None - None - None - None - None - None - None
1363 (1498634 Gflops/s) - 1355 (1489838 Gflops/s) - 1347 (1481042 Gflops/s) - 1351 (1485440 Gflops/s) - 1370 (1506330 Gflops/s) - 1359 (1494236 Gflops/s) - 1332 (1464549 Gflops/s) - 1335 (1467848 Gflops/s) | Temperatures: 60°C - 61°C - 75°C - 71°C - 62°C - 59°C - 72°C - 73°C | Throttling: None - None - None - None - None - None - None - None
1346 (1479942 Gflops/s) - 1335 (1467848 Gflops/s) - 1327 (1459051 Gflops/s) - 1335 (1467848 Gflops/s) - 1353 (1487639 Gflops/s) - 1342 (1475544 Gflops/s) - 1316 (1446957 Gflops/s) - 1317 (1448056 Gflops/s) | Temperatures: 60°C - 61°C - 75°C - 71°C - 63°C - 59°C - 72°C - 73°C | Throttling: None - None - None - None - None - None - None - None
1323 (1454653 Gflops/s) - 1315 (1445857 Gflops/s) - 1306 (1435962 Gflops/s) - 1314 (1444758 Gflops/s) - 1329 (1461250 Gflops/s) - 1321 (1452454 Gflops/s) - 1294 (1422768 Gflops/s) - 1296 (1424967 Gflops/s) | Temperatures: 60°C - 61°C - 75°C - 71°C - 62°C - 59°C - 72°C - 73°C | Throttling: None - None - None - None - None - None - None - None
1325 (1456852 Gflops/s) - 1316 (1446957 Gflops/s) - 1308 (1438161 Gflops/s) - 1314 (1444758 Gflops/s) - 1332 (1464549 Gflops/s) - 1321 (1452454 Gflops/s) - 1298 (1427166 Gflops/s) - 1297 (1426066 Gflops/s) | Temperatures: 60°C - 61°C - 75°C - 71°C - 62°C - 59°C - 72°C - 73°C | Throttling: None - None - None - None - None - None - None - None
1324 (1455753 Gflops/s) - 1315 (1445857 Gflops/s) - 1307 (1437061 Gflops/s) - 1313 (1443658 Gflops/s) - 1330 (1462350 Gflops/s) - 1320 (1451355 Gflops/s) - 1294 (1422768 Gflops/s) - 1297 (1426066 Gflops/s) | Temperatures: 60°C - 61°C - 75°C - 71°C - 63°C - 59°C - 72°C - 73°C | Throttling: None - None - None - None - None - None - None - None
1323 (1454653 Gflops/s) - 1315 (1445857 Gflops/s) - 1307 (1437061 Gflops/s) - 1313 (1443658 Gflops/s) - 1331 (1463449 Gflops/s) - 1320 (1451355 Gflops/s) - 1296 (1424967 Gflops/s) - 1296 (1424967 Gflops/s) | Temperatures: 60°C - 61°C - 75°C - 71°C - 62°C - 59°C - 72°C - 73°C | Throttling: None - None - None - None - None - None - None - None
1324 (1455753 Gflops/s) - 1318 (1449156 Gflops/s) - 1312 (1442559 Gflops/s) - 1316 (1446957 Gflops/s) - 1333 (1465648 Gflops/s) - 1323 (1454653 Gflops/s) - 1297 (1426066 Gflops/s) - 1299 (1428265 Gflops/s) | Temperatures: 60°C - 61°C - 75°C - 71°C - 63°C - 59°C - 72°C - 73°C | Throttling: None - None - None - None - None - None - None - None
1324 (1455753 Gflops/s) - 1315 (1445857 Gflops/s) - 1306 (1435962 Gflops/s) - 1313 (1443658 Gflops/s) - 1331 (1463449 Gflops/s) - 1321 (1452454 Gflops/s) - 1293 (1421668 Gflops/s) - 1296 (1424967 Gflops/s) | Temperatures: 60°C - 61°C - 75°C - 71°C - 63°C - 59°C - 72°C - 73°C | Throttling: None - None - None - None - None - None - None - None
1325 (1456852 Gflops/s) - 1316 (1446957 Gflops/s) - 1310 (1440360 Gflops/s) - 1315 (1445857 Gflops/s) - 1332 (1464549 Gflops/s) - 1323 (1454653 Gflops/s) - 1294 (1422768 Gflops/s) - 1298 (1427166 Gflops/s) | Temperatures: 60°C - 61°C - 75°C - 71°C - 62°C - 59°C - 72°C - 73°C | Throttling: None - None - None - None - None - None - None - None
1322 (1453554 Gflops/s) - 1315 (1445857 Gflops/s) - 1308 (1438161 Gflops/s) - 1313 (1443658 Gflops/s) - 1330 (1462350 Gflops/s) - 1321 (1452454 Gflops/s) - 1296 (1424967 Gflops/s) - 1296 (1424967 Gflops/s) | Temperatures: 60°C - 61°C - 75°C - 71°C - 62°C - 59°C - 72°C - 73°C | Throttling: None - None - None - None - None - None - None - None
1324 (1455753 Gflops/s) - 1315 (1445857 Gflops/s) - 1310 (1440360 Gflops/s) - 1313 (1443658 Gflops/s) - 1331 (1463449 Gflops/s) - 1320 (1451355 Gflops/s) - 1294 (1422768 Gflops/s) - 1297 (1426066 Gflops/s) | Temperatures: 60°C - 61°C - 75°C - 71°C - 62°C - 59°C - 72°C - 73°C | Throttling: None - None - None - None - None - None - None - None
1323 (1454653 Gflops/s) - 1316 (1446957 Gflops/s) - 1308 (1438161 Gflops/s) - 1314 (1444758 Gflops/s) - 1332 (1464549 Gflops/s) - 1324 (1455753 Gflops/s) - 1296 (1424967 Gflops/s) - 1298 (1427166 Gflops/s) | Temperatures: 60°C - 61°C - 74°C - 71°C - 62°C - 59°C - 72°C - 73°C | Throttling: None - None - None - None - None - None - None - None
1323 (1454653 Gflops/s) - 1315 (1445857 Gflops/s) - 1308 (1438161 Gflops/s) - 1312 (1442559 Gflops/s) - 1330 (1462350 Gflops/s) - 1320 (1451355 Gflops/s) - 1294 (1422768 Gflops/s) - 1296 (1424967 Gflops/s) | Temperatures: 60°C - 61°C - 75°C - 71°C - 63°C - 59°C - 72°C - 73°C | Throttling: None - None - None - None - None - None - None - None
1325 (1456852 Gflops/s) - 1315 (1445857 Gflops/s) - 1308 (1438161 Gflops/s) - 1314 (1444758 Gflops/s) - 1330 (1462350 Gflops/s) - 1322 (1453554 Gflops/s) - 1297 (1426066 Gflops/s) - 1297 (1426066 Gflops/s) | Temperatures: 60°C - 61°C - 75°C - 71°C - 63°C - 59°C - 72°C - 73°C | Throttling: None - None - None - None - None - None - None - None
1324 (1455753 Gflops/s) - 1316 (1446957 Gflops/s) - 1308 (1438161 Gflops/s) - 1314 (1444758 Gflops/s) - 1332 (1464549 Gflops/s) - 1323 (1454653 Gflops/s) - 1296 (1424967 Gflops/s) - 1297 (1426066 Gflops/s) | Temperatures: 60°C - 61°C - 74°C - 71°C - 63°C - 59°C - 72°C - 73°C | Throttling: None - None - None - None - None - None - None - None
1323 (1454653 Gflops/s) - 1315 (1445857 Gflops/s) - 1308 (1438161 Gflops/s) - 1314 (1444758 Gflops/s) - 1330 (1462350 Gflops/s) - 1319 (1450255 Gflops/s) - 1295 (1423867 Gflops/s) - 1296 (1424967 Gflops/s) | Temperatures: 60°C - 61°C - 75°C - 71°C - 62°C - 59°C - 72°C - 73°C | Throttling: None - None - None - None - None - None - None - None
1323 (1454653 Gflops/s) - 1316 (1446957 Gflops/s) - 1307 (1437061 Gflops/s) - 1315 (1445857 Gflops/s) - 1332 (1464549 Gflops/s) - 1322 (1453554 Gflops/s) - 1296 (1424967 Gflops/s) - 1298 (1427166 Gflops/s) | Temperatures: 60°C - 61°C - 75°C - 71°C - 62°C - 59°C - 72°C - 73°C | Throttling: None - None - None - None - None - None - None - None
1324 (1455753 Gflops/s) - 1315 (1445857 Gflops/s) - 1307 (1437061 Gflops/s) - 1313 (1443658 Gflops/s) - 1330 (1462350 Gflops/s) - 1321 (1452454 Gflops/s) - 1293 (1421668 Gflops/s) - 1297 (1426066 Gflops/s) | Temperatures: 60°C - 61°C - 75°C - 71°C - 62°C - 59°C - 72°C - 73°C | Throttling: None - None - None - None - None - None - None - None
1327 (1459051 Gflops/s) - 1316 (1446957 Gflops/s) - 1311 (1441459 Gflops/s) - 1313 (1443658 Gflops/s) - 1331 (1463449 Gflops/s) - 1322 (1453554 Gflops/s) - 1296 (1424967 Gflops/s) - 1298 (1427166 Gflops/s) | Temperatures: 60°C - 61°C - 75°C - 71°C - 62°C - 59°C - 72°C - 73°C | Throttling: None - None - None - None - None - None - None - None
1323 (1454653 Gflops/s) - 1316 (1446957 Gflops/s) - 1306 (1435962 Gflops/s) - 1314 (1444758 Gflops/s) - 1331 (1463449 Gflops/s) - 1323 (1454653 Gflops/s) - 1295 (1423867 Gflops/s) - 1297 (1426066 Gflops/s) | Temperatures: 60°C - 61°C - 75°C - 71°C - 62°C - 59°C - 72°C - 73°C | Throttling: None - None - None - None - None - None - None - None
1324 (1455753 Gflops/s) - 1315 (1445857 Gflops/s) - 1307 (1437061 Gflops/s) - 1312 (1442559 Gflops/s) - 1331 (1463449 Gflops/s) - 1319 (1450255 Gflops/s) - 1295 (1423867 Gflops/s) - 1296 (1424967 Gflops/s) | Temperatures: 60°C - 61°C - 75°C - 71°C - 63°C - 59°C - 72°C - 73°C | Throttling: None - None - None - None - None - None - None - None
1324 (1455753 Gflops/s) - 1316 (1446957 Gflops/s) - 1305 (1434862 Gflops/s) - 1313 (1443658 Gflops/s) - 1330 (1462350 Gflops/s) - 1319 (1450255 Gflops/s) - 1295 (1423867 Gflops/s) - 1297 (1426066 Gflops/s) | Temperatures: 60°C - 61°C - 75°C - 71°C - 63°C - 59°C - 72°C - 73°C | Throttling: None - None - None - None - None - None - None - None
1323 (1454653 Gflops/s) - 1316 (1446957 Gflops/s) - 1309 (1439260 Gflops/s) - 1314 (1444758 Gflops/s) - 1332 (1464549 Gflops/s) - 1323 (1454653 Gflops/s) - 1295 (1423867 Gflops/s) - 1297 (1426066 Gflops/s) | Temperatures: 60°C - 61°C - 75°C - 71°C - 63°C - 59°C - 72°C - 73°C | Throttling: None - None - None - None - None - None - None - None
1322 (1453554 Gflops/s) - 1315 (1445857 Gflops/s) - 1307 (1437061 Gflops/s) - 1314 (1444758 Gflops/s) - 1330 (1462350 Gflops/s) - 1322 (1453554 Gflops/s) - 1293 (1421668 Gflops/s) - 1297 (1426066 Gflops/s) | Temperatures: 60°C - 61°C - 75°C - 71°C - 62°C - 59°C - 72°C - 73°C | Throttling: None - None - None - None - None - None - None - None
1325 (1456852 Gflops/s) - 1316 (1446957 Gflops/s) - 1307 (1437061 Gflops/s) - 1315 (1445857 Gflops/s) - 1332 (1464549 Gflops/s) - 1321 (1452454 Gflops/s) - 1295 (1423867 Gflops/s) - 1297 (1426066 Gflops/s) | Temperatures: 60°C - 61°C - 75°C - 71°C - 63°C - 59°C - 72°C - 73°C | Throttling: None - None - None - None - None - None - None - None
1324 (1455753 Gflops/s) - 1315 (1445857 Gflops/s) - 1308 (1438161 Gflops/s) - 1314 (1444758 Gflops/s) - 1330 (1462350 Gflops/s) - 1322 (1453554 Gflops/s) - 1292 (1420569 Gflops/s) - 1296 (1424967 Gflops/s) | Temperatures: 60°C - 61°C - 74°C - 71°C - 63°C - 59°C - 72°C - 73°C | Throttling: None - None - None - None - None - None - None - None
1325 (1456852 Gflops/s) - 1315 (1445857 Gflops/s) - 1308 (1438161 Gflops/s) - 1313 (1443658 Gflops/s) - 1330 (1462350 Gflops/s) - 1320 (1451355 Gflops/s) - 1294 (1422768 Gflops/s) - 1297 (1426066 Gflops/s) | Temperatures: 60°C - 61°C - 75°C - 71°C - 62°C - 59°C - 72°C - 73°C | Throttling: None - None - None - None - None - None - None - None
1324 (1455753 Gflops/s) - 1316 (1446957 Gflops/s) - 1307 (1437061 Gflops/s) - 1315 (1445857 Gflops/s) - 1331 (1463449 Gflops/s) - 1322 (1453554 Gflops/s) - 1292 (1420569 Gflops/s) - 1297 (1426066 Gflops/s) | Temperatures: 60°C - 61°C - 75°C - 71°C - 63°C - 59°C - 72°C - 73°C | Throttling: None - None - None - None - None - None - None - None
1326 (1457952 Gflops/s) - 1316 (1446957 Gflops/s) - 1309 (1439260 Gflops/s) - 1315 (1445857 Gflops/s) - 1331 (1463449 Gflops/s) - 1323 (1454653 Gflops/s) - 1294 (1422768 Gflops/s) - 1297 (1426066 Gflops/s) | Temperatures: 60°C - 61°C - 75°C - 71°C - 63°C - 59°C - 72°C - 73°C | Throttling: None - None - None - None - None - None - None - None
1324 (1455753 Gflops/s) - 1315 (1445857 Gflops/s) - 1307 (1437061 Gflops/s) - 1312 (1442559 Gflops/s) - 1331 (1463449 Gflops/s) - 1322 (1453554 Gflops/s) - 1293 (1421668 Gflops/s) - 1296 (1424967 Gflops/s) | Temperatures: 60°C - 61°C - 75°C - 71°C - 63°C - 59°C - 72°C - 73°C | Throttling: None - None - None - None - None - None - None - None
1323 (1454653 Gflops/s) - 1316 (1446957 Gflops/s) - 1309 (1439260 Gflops/s) - 1315 (1445857 Gflops/s) - 1331 (1463449 Gflops/s) - 1322 (1453554 Gflops/s) - 1294 (1422768 Gflops/s) - 1297 (1426066 Gflops/s) | Temperatures: 60°C - 61°C - 75°C - 71°C - 63°C - 59°C - 72°C - 73°C | Throttling: None - None - None - None - None - None - None - None
1322 (1453554 Gflops/s) - 1315 (1445857 Gflops/s) - 1306 (1435962 Gflops/s) - 1312 (1442559 Gflops/s) - 1331 (1463449 Gflops/s) - 1319 (1450255 Gflops/s) - 1293 (1421668 Gflops/s) - 1296 (1424967 Gflops/s) | Temperatures: 60°C - 61°C - 75°C - 71°C - 63°C - 59°C - 72°C - 73°C | Throttling: None - None - None - None - None - None - None - None
1324 (1455753 Gflops/s) - 1316 (1446957 Gflops/s) - 1309 (1439260 Gflops/s) - 1315 (1445857 Gflops/s) - 1331 (1463449 Gflops/s) - 1323 (1454653 Gflops/s) - 1296 (1424967 Gflops/s) - 1297 (1426066 Gflops/s) | Temperatures: 60°C - 61°C - 75°C - 71°C - 63°C - 59°C - 72°C - 73°C | Throttling: None - None - None - None - None - None - None - None
1325 (1456852 Gflops/s) - 1315 (1445857 Gflops/s) - 1307 (1437061 Gflops/s) - 1314 (1444758 Gflops/s) - 1329 (1461250 Gflops/s) - 1321 (1452454 Gflops/s) - 1295 (1423867 Gflops/s) - 1296 (1424967 Gflops/s) | Temperatures: 60°C - 61°C - 75°C - 71°C - 63°C - 59°C - 72°C - 73°C | Throttling: None - None - None - None - None - None - None - None
1322 (1453554 Gflops/s) - 1315 (1445857 Gflops/s) - 1305 (1434862 Gflops/s) - 1314 (1444758 Gflops/s) - 1332 (1464549 Gflops/s) - 1322 (1453554 Gflops/s) - 1296 (1424967 Gflops/s) - 1296 (1424967 Gflops/s) | Temperatures: 60°C - 61°C - 75°C - 71°C - 63°C - 59°C - 72°C - 73°C | Throttling: None - None - None - None - None - None - None - None
1324 (1455753 Gflops/s) - 1316 (1446957 Gflops/s) - 1309 (1439260 Gflops/s) - 1314 (1444758 Gflops/s) - 1331 (1463449 Gflops/s) - 1324 (1455753 Gflops/s) - 1297 (1426066 Gflops/s) - 1297 (1426066 Gflops/s) | Temperatures: 60°C - 61°C - 75°C - 71°C - 63°C - 59°C - 72°C - 73°C | Throttling: None - None - None - None - None - None - None - None
1323 (1454653 Gflops/s) - 1315 (1445857 Gflops/s) - 1307 (1437061 Gflops/s) - 1312 (1442559 Gflops/s) - 1330 (1462350 Gflops/s) - 1320 (1451355 Gflops/s) - 1294 (1422768 Gflops/s) - 1296 (1424967 Gflops/s) | Temperatures: 60°C - 61°C - 75°C - 71°C - 63°C - 59°C - 72°C - 73°C | Throttling: None - None - None - None - None - None - None - None
1324 (1455753 Gflops/s) - 1315 (1445857 Gflops/s) - 1307 (1437061 Gflops/s) - 1314 (1444758 Gflops/s) - 1330 (1462350 Gflops/s) - 1321 (1452454 Gflops/s) - 1293 (1421668 Gflops/s) - 1296 (1424967 Gflops/s) | Temperatures: 60°C - 61°C - 75°C - 71°C - 63°C - 59°C - 72°C - 73°C | Throttling: None - None - None - None - None - None - None - None
1324 (1455753 Gflops/s) - 1318 (1449156 Gflops/s) - 1309 (1439260 Gflops/s) - 1316 (1446957 Gflops/s) - 1332 (1464549 Gflops/s) - 1323 (1454653 Gflops/s) - 1297 (1426066 Gflops/s) - 1299 (1428265 Gflops/s) | Temperatures: 60°C - 61°C - 75°C - 71°C - 63°C - 59°C - 72°C - 73°C | Throttling: None - None - None - None - None - None - None - None
1323 (1454653 Gflops/s) - 1315 (1445857 Gflops/s) - 1307 (1437061 Gflops/s) - 1314 (1444758 Gflops/s) - 1330 (1462350 Gflops/s) - 1320 (1451355 Gflops/s) - 1294 (1422768 Gflops/s) - 1296 (1424967 Gflops/s) | Temperatures: 60°C - 61°C - 75°C - 71°C - 63°C - 59°C - 72°C - 73°C | Throttling: None - None - None - None - None - None - None - None
1323 (1454653 Gflops/s) - 1315 (1445857 Gflops/s) - 1306 (1435962 Gflops/s) - 1313 (1443658 Gflops/s) - 1331 (1463449 Gflops/s) - 1322 (1453554 Gflops/s) - 1295 (1423867 Gflops/s) - 1296 (1424967 Gflops/s) | Temperatures: 60°C - 61°C - 75°C - 71°C - 63°C - 59°C - 72°C - 73°C | Throttling: None - None - None - None - None - None - None - None
1327 (1459051 Gflops/s) - 1316 (1446957 Gflops/s) - 1307 (1437061 Gflops/s) - 1315 (1445857 Gflops/s) - 1331 (1463449 Gflops/s) - 1320 (1451355 Gflops/s) - 1294 (1422768 Gflops/s) - 1297 (1426066 Gflops/s) | Temperatures: 60°C - 61°C - 75°C - 71°C - 63°C - 59°C - 72°C - 73°C | Throttling: None - None - None - None - None - None - None - None
1324 (1455753 Gflops/s) - 1315 (1445857 Gflops/s) - 1308 (1438161 Gflops/s) - 1312 (1442559 Gflops/s) - 1331 (1463449 Gflops/s) - 1321 (1452454 Gflops/s) - 1294 (1422768 Gflops/s) - 1296 (1424967 Gflops/s) | Temperatures: 60°C - 61°C - 75°C - 71°C - 63°C - 59°C - 72°C - 73°C | Throttling: None - None - None - None - None - None - None - None
1324 (1455753 Gflops/s) - 1316 (1446957 Gflops/s) - 1305 (1434862 Gflops/s) - 1315 (1445857 Gflops/s) - 1332 (1464549 Gflops/s) - 1322 (1453554 Gflops/s) - 1293 (1421668 Gflops/s) - 1297 (1426066 Gflops/s) | Temperatures: 60°C - 61°C - 75°C - 71°C - 63°C - 59°C - 72°C - 73°C | Throttling: None - None - None - None - None - None - None - None
1323 (1454653 Gflops/s) - 1315 (1445857 Gflops/s) - 1305 (1434862 Gflops/s) - 1312 (1442559 Gflops/s) - 1330 (1462350 Gflops/s) - 1320 (1451355 Gflops/s) - 1293 (1421668 Gflops/s) - 1296 (1424967 Gflops/s) | Temperatures: 60°C - 61°C - 75°C - 71°C - 63°C - 59°C - 72°C - 73°C | Throttling: None - None - None - None - None - None - None - None
1323 (1454653 Gflops/s) - 1315 (1445857 Gflops/s) - 1308 (1438161 Gflops/s) - 1314 (1444758 Gflops/s) - 1330 (1462350 Gflops/s) - 1320 (1451355 Gflops/s) - 1293 (1421668 Gflops/s) - 1297 (1426066 Gflops/s) | Temperatures: 60°C - 61°C - 75°C - 71°C - 63°C - 59°C - 72°C - 73°C | Throttling: None - None - None - None - None - None - None - None
1324 (1455753 Gflops/s) - 1316 (1446957 Gflops/s) - 1308 (1438161 Gflops/s) - 1313 (1443658 Gflops/s) - 1332 (1464549 Gflops/s) - 1323 (1454653 Gflops/s) - 1296 (1424967 Gflops/s) - 1297 (1426066 Gflops/s) | Temperatures: 60°C - 61°C - 75°C - 71°C - 63°C - 59°C - 72°C - 73°C | Throttling: None - None - None - None - None - None - None - None
1324 (1455753 Gflops/s) - 1315 (1445857 Gflops/s) - 1307 (1437061 Gflops/s) - 1312 (1442559 Gflops/s) - 1330 (1462350 Gflops/s) - 1320 (1451355 Gflops/s) - 1296 (1424967 Gflops/s) - 1296 (1424967 Gflops/s) | Temperatures: 60°C - 61°C - 75°C - 71°C - 63°C - 59°C - 72°C - 73°C | Throttling: None - None - None - None - None - None - None - None
1327 (1459051 Gflops/s) - 1317 (1448056 Gflops/s) - 1309 (1439260 Gflops/s) - 1312 (1442559 Gflops/s) - 1331 (1463449 Gflops/s) - 1321 (1452454 Gflops/s) - 1293 (1421668 Gflops/s) - 1297 (1426066 Gflops/s) | Temperatures: 60°C - 61°C - 75°C - 71°C - 63°C - 59°C - 72°C - 73°C | Throttling: None - None - None - None - None - None - None - None
1325 (1456852 Gflops/s) - 1316 (1446957 Gflops/s) - 1308 (1438161 Gflops/s) - 1314 (1444758 Gflops/s) - 1331 (1463449 Gflops/s) - 1323 (1454653 Gflops/s) - 1297 (1426066 Gflops/s) - 1297 (1426066 Gflops/s) | Temperatures: 60°C - 61°C - 75°C - 71°C - 63°C - 59°C - 72°C - 73°C | Throttling: None - None - None - None - None - None - None - None
1322 (1453554 Gflops/s) - 1315 (1445857 Gflops/s) - 1308 (1438161 Gflops/s) - 1313 (1443658 Gflops/s) - 1331 (1463449 Gflops/s) - 1320 (1451355 Gflops/s) - 1296 (1424967 Gflops/s) - 1295 (1423867 Gflops/s) | Temperatures: 60°C - 61°C - 75°C - 71°C - 63°C - 59°C - 72°C - 73°C | Throttling: None - None - None - None - None - None - None - None
1325 (1456852 Gflops/s) - 1317 (1448056 Gflops/s) - 1309 (1439260 Gflops/s) - 1315 (1445857 Gflops/s) - 1331 (1463449 Gflops/s) - 1322 (1453554 Gflops/s) - 1295 (1423867 Gflops/s) - 1297 (1426066 Gflops/s) | Temperatures: 60°C - 61°C - 75°C - 71°C - 62°C - 59°C - 72°C - 73°C | Throttling: None - None - None - None - None - None - None - None
1322 (1453554 Gflops/s) - 1315 (1445857 Gflops/s) - 1308 (1438161 Gflops/s) - 1314 (1444758 Gflops/s) - 1330 (1462350 Gflops/s) - 1320 (1451355 Gflops/s) - 1295 (1423867 Gflops/s) - 1296 (1424967 Gflops/s) | Temperatures: 60°C - 61°C - 75°C - 71°C - 63°C - 59°C - 72°C - 73°C | Throttling: None - None - None - None - None - None - None - None
1325 (1456852 Gflops/s) - 1315 (1445857 Gflops/s) - 1306 (1435962 Gflops/s) - 1314 (1444758 Gflops/s) - 1330 (1462350 Gflops/s) - 1323 (1454653 Gflops/s) - 1294 (1422768 Gflops/s) - 1297 (1426066 Gflops/s) | Temperatures: 60°C - 61°C - 75°C - 71°C - 63°C - 59°C - 72°C - 73°C | Throttling: None - None - None - None - None - None - None - None
1325 (1456852 Gflops/s) - 1317 (1448056 Gflops/s) - 1306 (1435962 Gflops/s) - 1315 (1445857 Gflops/s) - 1332 (1464549 Gflops/s) - 1324 (1455753 Gflops/s) - 1295 (1423867 Gflops/s) - 1297 (1426066 Gflops/s) | Temperatures: 60°C - 61°C - 75°C - 71°C - 63°C - 59°C - 72°C - 73°C | Throttling: None - None - None - None - None - None - None - None
1322 (1453554 Gflops/s) - 1315 (1445857 Gflops/s) - 1306 (1435962 Gflops/s) - 1313 (1443658 Gflops/s) - 1330 (1462350 Gflops/s) - 1322 (1453554 Gflops/s) - 1293 (1421668 Gflops/s) - 1296 (1424967 Gflops/s) | Temperatures: 60°C - 61°C - 75°C - 71°C - 63°C - 59°C - 72°C - 73°C | Throttling: None - None - None - None - None - None - None - None
1324 (1455753 Gflops/s) - 1317 (1448056 Gflops/s) - 1309 (1439260 Gflops/s) - 1315 (1445857 Gflops/s) - 1332 (1464549 Gflops/s) - 1323 (1454653 Gflops/s) - 1297 (1426066 Gflops/s) - 1297 (1426066 Gflops/s) | Temperatures: 60°C - 61°C - 75°C - 71°C - 63°C - 59°C - 72°C - 73°C | Throttling: None - None - None - None - None - None - None - None
1324 (1455753 Gflops/s) - 1316 (1446957 Gflops/s) - 1310 (1440360 Gflops/s) - 1316 (1446957 Gflops/s) - 1331 (1463449 Gflops/s) - 1323 (1454653 Gflops/s) - 1294 (1422768 Gflops/s) - 1296 (1424967 Gflops/s) | Temperatures: 60°C - 61°C - 75°C - 71°C - 63°C - 59°C - 72°C - 73°C | Throttling: None - None - None - None - None - None - None - None
1323 (1454653 Gflops/s) - 1316 (1446957 Gflops/s) - 1308 (1438161 Gflops/s) - 1312 (1442559 Gflops/s) - 1329 (1461250 Gflops/s) - 1321 (1452454 Gflops/s) - 1294 (1422768 Gflops/s) - 1297 (1426066 Gflops/s) | Temperatures: 60°C - 61°C - 75°C - 71°C - 63°C - 59°C - 72°C - 73°C | Throttling: None - None - None - None - None - None - None - None
1324 (1455753 Gflops/s) - 1316 (1446957 Gflops/s) - 1308 (1438161 Gflops/s) - 1315 (1445857 Gflops/s) - 1331 (1463449 Gflops/s) - 1323 (1454653 Gflops/s) - 1294 (1422768 Gflops/s) - 1297 (1426066 Gflops/s) | Temperatures: 60°C - 61°C - 75°C - 71°C - 63°C - 59°C - 72°C - 73°C | Throttling: None - None - None - None - None - None - None - None
1323 (1454653 Gflops/s) - 1315 (1445857 Gflops/s) - 1307 (1437061 Gflops/s) - 1314 (1444758 Gflops/s) - 1330 (1462350 Gflops/s) - 1321 (1452454 Gflops/s) - 1294 (1422768 Gflops/s) - 1295 (1423867 Gflops/s) | Temperatures: 60°C - 61°C - 75°C - 71°C - 63°C - 59°C - 72°C - 73°C | Throttling: None - None - None - None - None - None - None - None
1324 (1455753 Gflops/s) - 1315 (1445857 Gflops/s) - 1307 (1437061 Gflops/s) - 1314 (1444758 Gflops/s) - 1330 (1462350 Gflops/s) - 1320 (1451355 Gflops/s) - 1293 (1421668 Gflops/s) - 1296 (1424967 Gflops/s) | Temperatures: 60°C - 61°C - 75°C - 71°C - 63°C - 59°C - 72°C - 73°C | Throttling: None - None - None - None - None - None - None - None
1324 (1455753 Gflops/s) - 1317 (1448056 Gflops/s) - 1307 (1437061 Gflops/s) - 1315 (1445857 Gflops/s) - 1331 (1463449 Gflops/s) - 1324 (1455753 Gflops/s) - 1295 (1423867 Gflops/s) - 1298 (1427166 Gflops/s) | Temperatures: 60°C - 61°C - 75°C - 71°C - 63°C - 59°C - 72°C - 73°C | Throttling: None - None - None - None - None - None - None - None
1322 (1453554 Gflops/s) - 1315 (1445857 Gflops/s) - 1307 (1437061 Gflops/s) - 1313 (1443658 Gflops/s) - 1330 (1462350 Gflops/s) - 1319 (1450255 Gflops/s) - 1295 (1423867 Gflops/s) - 1295 (1423867 Gflops/s) | Temperatures: 60°C - 61°C - 75°C - 71°C - 63°C - 59°C - 72°C - 73°C | Throttling: None - None - None - None - None - None - None - None
1346 (1479942 Gflops/s) - 1337 (1470047 Gflops/s) - 1331 (1463449 Gflops/s) - 1332 (1464549 Gflops/s) - 1352 (1486539 Gflops/s) - 1343 (1476644 Gflops/s) - 1315 (1445857 Gflops/s) - 1317 (1448056 Gflops/s) | Temperatures: 60°C - 61°C - 75°C - 71°C - 63°C - 59°C - 72°C - 73°C | Throttling: None - None - None - None - None - None - None - None
1394 (1532719 Gflops/s) - 1385 (1522823 Gflops/s) - 1376 (1512927 Gflops/s) - 1379 (1516226 Gflops/s) - 1401 (1540415 Gflops/s) - 1390 (1528321 Gflops/s) - 1364 (1499733 Gflops/s) - 1364 (1499733 Gflops/s) | Temperatures: 60°C - 61°C - 75°C - 71°C - 63°C - 59°C - 72°C - 73°C | Throttling: None - None - None - None - None - None - None - None
1363 (1498634 Gflops/s) - 1354 (1488738 Gflops/s) - 1343 (1476644 Gflops/s) - 1352 (1486539 Gflops/s) - 1369 (1505231 Gflops/s) - 1359 (1494236 Gflops/s) - 1331 (1463449 Gflops/s) - 1335 (1467848 Gflops/s) | Temperatures: 60°C - 61°C - 75°C - 71°C - 63°C - 59°C - 72°C - 73°C | Throttling: None - None - None - None - None - None - None - None
1312 (1442559 Gflops/s) - 1305 (1434862 Gflops/s) - 1296 (1424967 Gflops/s) - 1303 (1432663 Gflops/s) - 1319 (1450255 Gflops/s) - 1309 (1439260 Gflops/s) - 1282 (1409573 Gflops/s) - 1285 (1412872 Gflops/s) | Temperatures: 60°C - 61°C - 75°C - 71°C - 63°C - 59°C - 72°C - 73°C | Throttling: None - None - None - None - None - None - None - None
1312 (1442559 Gflops/s) - 1303 (1432663 Gflops/s) - 1294 (1422768 Gflops/s) - 1300 (1429365 Gflops/s) - 1318 (1449156 Gflops/s) - 1310 (1440360 Gflops/s) - 1283 (1410673 Gflops/s) - 1284 (1411772 Gflops/s) | Temperatures: 60°C - 61°C - 75°C - 71°C - 63°C - 59°C - 72°C - 73°C | Throttling: None - None - None - None - None - None - None - None
1314 (1444758 Gflops/s) - 1306 (1435962 Gflops/s) - 1297 (1426066 Gflops/s) - 1305 (1434862 Gflops/s) - 1321 (1452454 Gflops/s) - 1311 (1441459 Gflops/s) - 1286 (1413971 Gflops/s) - 1287 (1415071 Gflops/s) | Temperatures: 60°C - 61°C - 75°C - 71°C - 63°C - 59°C - 72°C - 73°C | Throttling: None - None - None - None - None - None - None - None
1311 (1441459 Gflops/s) - 1303 (1432663 Gflops/s) - 1295 (1423867 Gflops/s) - 1301 (1430464 Gflops/s) - 1317 (1448056 Gflops/s) - 1308 (1438161 Gflops/s) - 1280 (1407374 Gflops/s) - 1285 (1412872 Gflops/s) | Temperatures: 60°C - 61°C - 75°C - 71°C - 63°C - 59°C - 72°C - 73°C | Throttling: None - None - None - None - None - None - None - None
1312 (1442559 Gflops/s) - 1302 (1431564 Gflops/s) - 1294 (1422768 Gflops/s) - 1301 (1430464 Gflops/s) - 1318 (1449156 Gflops/s) - 1308 (1438161 Gflops/s) - 1282 (1409573 Gflops/s) - 1283 (1410673 Gflops/s) | Temperatures: 60°C - 61°C - 75°C - 71°C - 63°C - 59°C - 72°C - 73°C | Throttling: None - None - None - None - None - None - None - None
1315 (1445857 Gflops/s) - 1306 (1435962 Gflops/s) - 1297 (1426066 Gflops/s) - 1304 (1433763 Gflops/s) - 1320 (1451355 Gflops/s) - 1311 (1441459 Gflops/s) - 1284 (1411772 Gflops/s) - 1286 (1413971 Gflops/s) | Temperatures: 60°C - 61°C - 75°C - 71°C - 63°C - 59°C - 72°C - 73°C | Throttling: None - None - None - None - None - None - None - None
1312 (1442559 Gflops/s) - 1303 (1432663 Gflops/s) - 1295 (1423867 Gflops/s) - 1301 (1430464 Gflops/s) - 1318 (1449156 Gflops/s) - 1308 (1438161 Gflops/s) - 1284 (1411772 Gflops/s) - 1284 (1411772 Gflops/s) | Temperatures: 60°C - 61°C - 75°C - 71°C - 63°C - 59°C - 72°C - 73°C | Throttling: None - None - None - None - None - None - None - None
1309 (1439260 Gflops/s) - 1303 (1432663 Gflops/s) - 1295 (1423867 Gflops/s) - 1302 (1431564 Gflops/s) - 1319 (1450255 Gflops/s) - 1307 (1437061 Gflops/s) - 1282 (1409573 Gflops/s) - 1285 (1412872 Gflops/s) | Temperatures: 60°C - 61°C - 75°C - 71°C - 63°C - 59°C - 72°C - 73°C | Throttling: None - None - None - None - None - None - None - None
1316 (1446957 Gflops/s) - 1306 (1435962 Gflops/s) - 1296 (1424967 Gflops/s) - 1303 (1432663 Gflops/s) - 1320 (1451355 Gflops/s) - 1311 (1441459 Gflops/s) - 1283 (1410673 Gflops/s) - 1286 (1413971 Gflops/s) | Temperatures: 60°C - 61°C - 75°C - 71°C - 63°C - 59°C - 72°C - 73°C | Throttling: None - None - None - None - None - None - None - None
1313 (1443658 Gflops/s) - 1303 (1432663 Gflops/s) - 1295 (1423867 Gflops/s) - 1300 (1429365 Gflops/s) - 1319 (1450255 Gflops/s) - 1308 (1438161 Gflops/s) - 1280 (1407374 Gflops/s) - 1284 (1411772 Gflops/s) | Temperatures: 60°C - 61°C - 75°C - 71°C - 63°C - 59°C - 72°C - 73°C | Throttling: None - None - None - None - None - None - None - None
1312 (1442559 Gflops/s) - 1305 (1434862 Gflops/s) - 1295 (1423867 Gflops/s) - 1304 (1433763 Gflops/s) - 1320 (1451355 Gflops/s) - 1310 (1440360 Gflops/s) - 1285 (1412872 Gflops/s) - 1286 (1413971 Gflops/s) | Temperatures: 60°C - 61°C - 74°C - 71°C - 63°C - 59°C - 72°C - 73°C | Throttling: None - None - None - None - None - None - None - None
1312 (1442559 Gflops/s) - 1302 (1431564 Gflops/s) - 1293 (1421668 Gflops/s) - 1300 (1429365 Gflops/s) - 1316 (1446957 Gflops/s) - 1307 (1437061 Gflops/s) - 1280 (1407374 Gflops/s) - 1283 (1410673 Gflops/s) | Temperatures: 60°C - 61°C - 75°C - 71°C - 63°C - 59°C - 72°C - 73°C | Throttling: None - None - None - None - None - None - None - None
1310 (1440360 Gflops/s) - 1303 (1432663 Gflops/s) - 1295 (1423867 Gflops/s) - 1301 (1430464 Gflops/s) - 1320 (1451355 Gflops/s) - 1307 (1437061 Gflops/s) - 1282 (1409573 Gflops/s) - 1284 (1411772 Gflops/s) | Temperatures: 60°C - 61°C - 75°C - 71°C - 63°C - 59°C - 72°C - 73°C | Throttling: None - None - None - None - None - None - None - None
1313 (1443658 Gflops/s) - 1307 (1437061 Gflops/s) - 1296 (1424967 Gflops/s) - 1301 (1430464 Gflops/s) - 1320 (1451355 Gflops/s) - 1313 (1443658 Gflops/s) - 1284 (1411772 Gflops/s) - 1287 (1415071 Gflops/s) | Temperatures: 60°C - 61°C - 75°C - 71°C - 63°C - 59°C - 72°C - 73°C | Throttling: None - None - None - None - None - None - None - None
1309 (1439260 Gflops/s) - 1303 (1432663 Gflops/s) - 1294 (1422768 Gflops/s) - 1300 (1429365 Gflops/s) - 1319 (1450255 Gflops/s) - 1308 (1438161 Gflops/s) - 1281 (1408474 Gflops/s) - 1284 (1411772 Gflops/s) | Temperatures: 60°C - 61°C - 75°C - 71°C - 63°C - 59°C - 72°C - 73°C | Throttling: None - None - None - None - None - None - None - None
1312 (1442559 Gflops/s) - 1303 (1432663 Gflops/s) - 1296 (1424967 Gflops/s) - 1300 (1429365 Gflops/s) - 1318 (1449156 Gflops/s) - 1308 (1438161 Gflops/s) - 1282 (1409573 Gflops/s) - 1284 (1411772 Gflops/s) | Temperatures: 60°C - 61°C - 75°C - 71°C - 63°C - 59°C - 72°C - 73°C | Throttling: None - None - None - None - None - None - None - None
1312 (1442559 Gflops/s) - 1304 (1433763 Gflops/s) - 1295 (1423867 Gflops/s) - 1303 (1432663 Gflops/s) - 1321 (1452454 Gflops/s) - 1309 (1439260 Gflops/s) - 1284 (1411772 Gflops/s) - 1285 (1412872 Gflops/s) | Temperatures: 60°C - 61°C - 75°C - 71°C - 63°C - 59°C - 72°C - 73°C | Throttling: None - None - None - None - None - None - None - None
1311 (1441459 Gflops/s) - 1304 (1433763 Gflops/s) - 1295 (1423867 Gflops/s) - 1301 (1430464 Gflops/s) - 1317 (1448056 Gflops/s) - 1309 (1439260 Gflops/s) - 1280 (1407374 Gflops/s) - 1284 (1411772 Gflops/s) | Temperatures: 60°C - 61°C - 75°C - 71°C - 63°C - 59°C - 72°C - 73°C | Throttling: None - None - None - None - None - None - None - None
1314 (1444758 Gflops/s) - 1306 (1435962 Gflops/s) - 1296 (1424967 Gflops/s) - 1304 (1433763 Gflops/s) - 1321 (1452454 Gflops/s) - 1310 (1440360 Gflops/s) - 1285 (1412872 Gflops/s) - 1287 (1415071 Gflops/s) | Temperatures: 60°C - 61°C - 75°C - 71°C - 63°C - 59°C - 72°C - 73°C | Throttling: None - None - None - None - None - None - None - None
1309 (1439260 Gflops/s) - 1303 (1432663 Gflops/s) - 1296 (1424967 Gflops/s) - 1299 (1428265 Gflops/s) - 1318 (1449156 Gflops/s) - 1309 (1439260 Gflops/s) - 1283 (1410673 Gflops/s) - 1284 (1411772 Gflops/s) | Temperatures: 60°C - 61°C - 75°C - 71°C - 63°C - 59°C - 72°C - 73°C | Throttling: None - None - None - None - None - None - None - None
1312 (1442559 Gflops/s) - 1303 (1432663 Gflops/s) - 1293 (1421668 Gflops/s) - 1299 (1428265 Gflops/s) - 1317 (1448056 Gflops/s) - 1308 (1438161 Gflops/s) - 1280 (1407374 Gflops/s) - 1284 (1411772 Gflops/s) | Temperatures: 60°C - 61°C - 75°C - 71°C - 63°C - 59°C - 72°C - 73°C | Throttling: None - None - None - None - None - None - None - None
1312 (1442559 Gflops/s) - 1304 (1433763 Gflops/s) - 1295 (1423867 Gflops/s) - 1302 (1431564 Gflops/s) - 1319 (1450255 Gflops/s) - 1309 (1439260 Gflops/s) - 1282 (1409573 Gflops/s) - 1285 (1412872 Gflops/s) | Temperatures: 60°C - 61°C - 75°C - 71°C - 63°C - 59°C - 72°C - 73°C | Throttling: None - None - None - None - None - None - None - None
1314 (1444758 Gflops/s) - 1305 (1434862 Gflops/s) - 1297 (1426066 Gflops/s) - 1301 (1430464 Gflops/s) - 1319 (1450255 Gflops/s) - 1312 (1442559 Gflops/s) - 1283 (1410673 Gflops/s) - 1285 (1412872 Gflops/s) | Temperatures: 60°C - 61°C - 75°C - 71°C - 63°C - 59°C - 72°C - 73°C | Throttling: None - None - None - None - None - None - None - None
1309 (1439260 Gflops/s) - 1302 (1431564 Gflops/s) - 1293 (1421668 Gflops/s) - 1299 (1428265 Gflops/s) - 1316 (1446957 Gflops/s) - 1307 (1437061 Gflops/s) - 1281 (1408474 Gflops/s) - 1284 (1411772 Gflops/s) | Temperatures: 60°C - 61°C - 75°C - 71°C - 63°C - 59°C - 72°C - 73°C | Throttling: None - None - None - None - None - None - None - None
1314 (1444758 Gflops/s) - 1306 (1435962 Gflops/s) - 1297 (1426066 Gflops/s) - 1303 (1432663 Gflops/s) - 1321 (1452454 Gflops/s) - 1311 (1441459 Gflops/s) - 1284 (1411772 Gflops/s) - 1286 (1413971 Gflops/s) | Temperatures: 60°C - 61°C - 75°C - 71°C - 63°C - 59°C - 72°C - 73°C | Throttling: None - None - None - None - None - None - None - None
1309 (1439260 Gflops/s) - 1303 (1432663 Gflops/s) - 1292 (1420569 Gflops/s) - 1300 (1429365 Gflops/s) - 1318 (1449156 Gflops/s) - 1309 (1439260 Gflops/s) - 1283 (1410673 Gflops/s) - 1284 (1411772 Gflops/s) | Temperatures: 60°C - 61°C - 75°C - 71°C - 63°C - 59°C - 72°C - 73°C | Throttling: None - None - None - None - None - None - None - None
1334 (1466748 Gflops/s) - 1326 (1457952 Gflops/s) - 1319 (1450255 Gflops/s) - 1323 (1454653 Gflops/s) - 1340 (1473345 Gflops/s) - 1330 (1462350 Gflops/s) - 1302 (1431564 Gflops/s) - 1307 (1437061 Gflops/s) | Temperatures: 60°C - 61°C - 75°C - 71°C - 63°C - 59°C - 72°C - 73°C | Throttling: None - None - None - None - None - None - None - None
1362 (1497534 Gflops/s) - 1354 (1488738 Gflops/s) - 1346 (1479942 Gflops/s) - 1353 (1487639 Gflops/s) - 1370 (1506330 Gflops/s) - 1358 (1493136 Gflops/s) - 1331 (1463449 Gflops/s) - 1335 (1467848 Gflops/s) | Temperatures: 60°C - 61°C - 75°C - 71°C - 63°C - 59°C - 72°C - 73°C | Throttling: None - None - None - None - None - None - None - None
1359 (1494236 Gflops/s) - 1353 (1487639 Gflops/s) - 1343 (1476644 Gflops/s) - 1351 (1485440 Gflops/s) - 1368 (1504131 Gflops/s) - 1360 (1495335 Gflops/s) - 1330 (1462350 Gflops/s) - 1334 (1466748 Gflops/s) | Temperatures: 60°C - 61°C - 75°C - 71°C - 63°C - 59°C - 72°C - 73°C | Throttling: None - None - None - None - None - None - None - None
1361 (1496435 Gflops/s) - 1355 (1489838 Gflops/s) - 1346 (1479942 Gflops/s) - 1350 (1484340 Gflops/s) - 1370 (1506330 Gflops/s) - 1359 (1494236 Gflops/s) - 1331 (1463449 Gflops/s) - 1334 (1466748 Gflops/s) | Temperatures: 60°C - 61°C - 75°C - 71°C - 63°C - 59°C - 72°C - 73°C | Throttling: None - None - None - None - None - None - None - None
1364 (1499733 Gflops/s) - 1354 (1488738 Gflops/s) - 1343 (1476644 Gflops/s) - 1352 (1486539 Gflops/s) - 1369 (1505231 Gflops/s) - 1360 (1495335 Gflops/s) - 1331 (1463449 Gflops/s) - 1334 (1466748 Gflops/s) | Temperatures: 60°C - 61°C - 75°C - 71°C - 63°C - 59°C - 72°C - 73°C | Throttling: None - None - None - None - None - None - None - None
1361 (1496435 Gflops/s) - 1354 (1488738 Gflops/s) - 1347 (1481042 Gflops/s) - 1350 (1484340 Gflops/s) - 1370 (1506330 Gflops/s) - 1361 (1496435 Gflops/s) - 1331 (1463449 Gflops/s) - 1335 (1467848 Gflops/s) | Temperatures: 60°C - 61°C - 75°C - 71°C - 63°C - 59°C - 72°C - 73°C | Throttling: None - None - None - None - None - None - None - None
1361 (1496435 Gflops/s) - 1355 (1489838 Gflops/s) - 1343 (1476644 Gflops/s) - 1352 (1486539 Gflops/s) - 1370 (1506330 Gflops/s) - 1361 (1496435 Gflops/s) - 1332 (1464549 Gflops/s) - 1334 (1466748 Gflops/s) | Temperatures: 60°C - 61°C - 75°C - 71°C - 63°C - 59°C - 72°C - 73°C | Throttling: None - None - None - None - None - None - None - None
1363 (1498634 Gflops/s) - 1354 (1488738 Gflops/s) - 1345 (1478843 Gflops/s) - 1353 (1487639 Gflops/s) - 1370 (1506330 Gflops/s) - 1359 (1494236 Gflops/s) - 1331 (1463449 Gflops/s) - 1334 (1466748 Gflops/s) | Temperatures: 60°C - 61°C - 75°C - 71°C - 63°C - 59°C - 72°C - 73°C | Throttling: None - None - None - None - None - None - None - None
1363 (1498634 Gflops/s) - 1354 (1488738 Gflops/s) - 1345 (1478843 Gflops/s) - 1353 (1487639 Gflops/s) - 1370 (1506330 Gflops/s) - 1360 (1495335 Gflops/s) - 1332 (1464549 Gflops/s) - 1336 (1468947 Gflops/s) | Temperatures: 60°C - 61°C - 75°C - 71°C - 63°C - 59°C - 72°C - 73°C | Throttling: None - None - None - None - None - None - None - None
1361 (1496435 Gflops/s) - 1354 (1488738 Gflops/s) - 1345 (1478843 Gflops/s) - 1352 (1486539 Gflops/s) - 1370 (1506330 Gflops/s) - 1359 (1494236 Gflops/s) - 1333 (1465648 Gflops/s) - 1334 (1466748 Gflops/s) | Temperatures: 60°C - 61°C - 75°C - 71°C - 63°C - 59°C - 72°C - 73°C | Throttling: None - None - None - None - None - None - None - None
1364 (1499733 Gflops/s) - 1354 (1488738 Gflops/s) - 1345 (1478843 Gflops/s) - 1351 (1485440 Gflops/s) - 1370 (1506330 Gflops/s) - 1358 (1493136 Gflops/s) - 1330 (1462350 Gflops/s) - 1334 (1466748 Gflops/s) | Temperatures: 60°C - 61°C - 75°C - 71°C - 63°C - 59°C - 72°C - 73°C | Throttling: None - None - None - None - None - None - None - None
1362 (1497534 Gflops/s) - 1354 (1488738 Gflops/s) - 1345 (1478843 Gflops/s) - 1352 (1486539 Gflops/s) - 1370 (1506330 Gflops/s) - 1359 (1494236 Gflops/s) - 1330 (1462350 Gflops/s) - 1335 (1467848 Gflops/s) | Temperatures: 60°C - 61°C - 75°C - 71°C - 63°C - 59°C - 72°C - 73°C | Throttling: None - None - None - None - None - None - None - None
1360 (1495335 Gflops/s) - 1354 (1488738 Gflops/s) - 1343 (1476644 Gflops/s) - 1351 (1485440 Gflops/s) - 1368 (1504131 Gflops/s) - 1358 (1493136 Gflops/s) - 1330 (1462350 Gflops/s) - 1333 (1465648 Gflops/s) | Temperatures: 60°C - 61°C - 75°C - 71°C - 63°C - 59°C - 72°C - 73°C | Throttling: None - None - None - None - None - None - None - None
1362 (1497534 Gflops/s) - 1354 (1488738 Gflops/s) - 1345 (1478843 Gflops/s) - 1351 (1485440 Gflops/s) - 1371 (1507430 Gflops/s) - 1361 (1496435 Gflops/s) - 1331 (1463449 Gflops/s) - 1334 (1466748 Gflops/s) | Temperatures: 60°C - 61°C - 75°C - 71°C - 63°C - 59°C - 72°C - 73°C | Throttling: None - None - None - None - None - None - None - None
1361 (1496435 Gflops/s) - 1354 (1488738 Gflops/s) - 1345 (1478843 Gflops/s) - 1352 (1486539 Gflops/s) - 1369 (1505231 Gflops/s) - 1361 (1496435 Gflops/s) - 1332 (1464549 Gflops/s) - 1334 (1466748 Gflops/s) | Temperatures: 60°C - 61°C - 75°C - 71°C - 63°C - 59°C - 72°C - 73°C | Throttling: None - None - None - None - None - None - None - None
1362 (1497534 Gflops/s) - 1354 (1488738 Gflops/s) - 1342 (1475544 Gflops/s) - 1351 (1485440 Gflops/s) - 1369 (1505231 Gflops/s) - 1360 (1495335 Gflops/s) - 1333 (1465648 Gflops/s) - 1335 (1467848 Gflops/s) | Temperatures: 60°C - 61°C - 75°C - 71°C - 63°C - 59°C - 72°C - 73°C | Throttling: None - None - None - None - None - None - None - None
1362 (1497534 Gflops/s) - 1354 (1488738 Gflops/s) - 1344 (1477743 Gflops/s) - 1351 (1485440 Gflops/s) - 1369 (1505231 Gflops/s) - 1360 (1495335 Gflops/s) - 1331 (1463449 Gflops/s) - 1334 (1466748 Gflops/s) | Temperatures: 60°C - 61°C - 75°C - 71°C - 63°C - 59°C - 72°C - 73°C | Throttling: None - None - None - None - None - None - None - None
1362 (1497534 Gflops/s) - 1354 (1488738 Gflops/s) - 1346 (1479942 Gflops/s) - 1352 (1486539 Gflops/s) - 1370 (1506330 Gflops/s) - 1358 (1493136 Gflops/s) - 1331 (1463449 Gflops/s) - 1334 (1466748 Gflops/s) | Temperatures: 60°C - 61°C - 75°C - 71°C - 63°C - 59°C - 72°C - 73°C | Throttling: None - None - None - None - None - None - None - None
1361 (1496435 Gflops/s) - 1354 (1488738 Gflops/s) - 1343 (1476644 Gflops/s) - 1353 (1487639 Gflops/s) - 1369 (1505231 Gflops/s) - 1359 (1494236 Gflops/s) - 1331 (1463449 Gflops/s) - 1335 (1467848 Gflops/s) | Temperatures: 60°C - 61°C - 75°C - 71°C - 63°C - 59°C - 72°C - 73°C | Throttling: None - None - None - None - None - None - None - None
1363 (1498634 Gflops/s) - 1354 (1488738 Gflops/s) - 1343 (1476644 Gflops/s) - 1352 (1486539 Gflops/s) - 1369 (1505231 Gflops/s) - 1361 (1496435 Gflops/s) - 1333 (1465648 Gflops/s) - 1334 (1466748 Gflops/s) | Temperatures: 60°C - 61°C - 75°C - 71°C - 63°C - 59°C - 72°C - 73°C | Throttling: None - None - None - None - None - None - None - None
1361 (1496435 Gflops/s) - 1355 (1489838 Gflops/s) - 1344 (1477743 Gflops/s) - 1352 (1486539 Gflops/s) - 1369 (1505231 Gflops/s) - 1360 (1495335 Gflops/s) - 1333 (1465648 Gflops/s) - 1334 (1466748 Gflops/s) | Temperatures: 60°C - 61°C - 74°C - 71°C - 63°C - 59°C - 72°C - 73°C | Throttling: None - None - None - None - None - None - None - None
1364 (1499733 Gflops/s) - 1354 (1488738 Gflops/s) - 1346 (1479942 Gflops/s) - 1352 (1486539 Gflops/s) - 1369 (1505231 Gflops/s) - 1361 (1496435 Gflops/s) - 1331 (1463449 Gflops/s) - 1334 (1466748 Gflops/s) | Temperatures: 60°C - 61°C - 75°C - 71°C - 63°C - 59°C - 72°C - 73°C | Throttling: None - None - None - None - None - None - None - None
1363 (1498634 Gflops/s) - 1354 (1488738 Gflops/s) - 1345 (1478843 Gflops/s) - 1352 (1486539 Gflops/s) - 1370 (1506330 Gflops/s) - 1357 (1492037 Gflops/s) - 1331 (1463449 Gflops/s) - 1335 (1467848 Gflops/s) | Temperatures: 60°C - 61°C - 75°C - 71°C - 63°C - 59°C - 72°C - 73°C | Throttling: None - None - None - None - None - None - None - None
1362 (1497534 Gflops/s) - 1354 (1488738 Gflops/s) - 1345 (1478843 Gflops/s) - 1249 (1373290 Gflops/s) - 1201 (1320513 Gflops/s) - 1359 (1494236 Gflops/s) - 1331 (1463449 Gflops/s) - 1335 (1467848 Gflops/s) | Temperatures: 60°C - 61°C - 75°C - 71°C - 63°C - 59°C - 72°C - 73°C | Throttling: None - None - None - None - None - None - None - None
GPU #0: 1469494 Gflops/s (min: 1438161.21, max: 1532719.21, dev: 1469493.53)
         Temperature: 59.85°C (min: 55.00, max: 60.00)
         Throttling HW: false, Thermal SW: false, Thermal HW: false
GPU #1: 1459839 Gflops/s (min: 1430464.63, max: 1522823.60, dev: 1459838.91)
         Temperature: 60.77°C (min: 56.00, max: 61.00)
         Throttling HW: false, Thermal SW: false, Thermal HW: false
GPU #2: 1451698 Gflops/s (min: 1419469.51, max: 1512928.00, dev: 1451698.00)
         Temperature: 74.17°C (min: 68.00, max: 75.00)
         Throttling HW: false, Thermal SW: false, Thermal HW: false
GPU #3: 1457508 Gflops/s (min: 1373290.02, max: 1516226.53, dev: 1457508.10)
         Temperature: 70.73°C (min: 65.00, max: 71.00)
         Throttling HW: false, Thermal SW: false, Thermal HW: false
GPU #4: 1476411 Gflops/s (min: 1320513.46, max: 1540415.79, dev: 1476410.66)
         Temperature: 62.34°C (min: 58.00, max: 63.00)
         Throttling HW: false, Thermal SW: false, Thermal HW: false
GPU #5: 1466609 Gflops/s (min: 1435962.19, max: 1528321.16, dev: 1466609.19)
         Temperature: 58.88°C (min: 55.00, max: 59.00)
         Throttling HW: false, Thermal SW: false, Thermal HW: false
GPU #6: 1437450 Gflops/s (min: 1407374.88, max: 1499733.86, dev: 1437449.54)
         Temperature: 71.45°C (min: 65.00, max: 72.00)
         Throttling HW: false, Thermal SW: false, Thermal HW: false
GPU #7: 1440244 Gflops/s (min: 1410673.42, max: 1499733.86, dev: 1440243.50)
         Temperature: 72.42°C (min: 66.00, max: 73.00)
         Throttling HW: false, Thermal SW: false, Thermal HW: false
All GPUs seem healthy
Freeing GPUs...
======== Run with fp8  ==========
Detected GPU #0: "NVIDIA B200" (aaf42b44-396d-e301-3c32-fede50dbb54a)
Detected GPU #1: "NVIDIA B200" (abadb9e5-4ae0-680a-39cf-a87ab214c0ac)
Detected GPU #2: "NVIDIA B200" (777afd21-4836-2583-8204-c4a4eacad4e8)
Detected GPU #3: "NVIDIA B200" (b673c9b7-7f4b-4bb6-4be3-936fc9726392)
Detected GPU #4: "NVIDIA B200" (4d7b2543-eca7-c057-8296-e48ea748ed37)
Detected GPU #5: "NVIDIA B200" (9dfd3021-be88-8600-dde7-0a692b45ad5d)
Detected GPU #6: "NVIDIA B200" (0749bac1-026e-a8d2-c5b9-a78cc22c6e7c)
Detected GPU #7: "NVIDIA B200" (8cd3bb5b-c509-03bc-1af6-1dcc9e8f6e03)
Using precision(s):   FP8
Creating random matrices
Matrices created
GPU #0: Using 163805 MB
GPU #1: Using 163805 MB
GPU #2: Using 163805 MB
GPU #3: Using 163805 MB
GPU #4: Using 163805 MB
GPU #5: Using 163805 MB
GPU #6: Using 163805 MB
GPU #7: Using 163805 MB
1894 (2082475 Gflops/s) - 1567 (1722934 Gflops/s) - 1072 (1178676 Gflops/s) - 1219 (1340304 Gflops/s) - 1596 (1754820 Gflops/s) - 719 (790548 Gflops/s) - 603 (663005 Gflops/s) - 1108 (1218258 Gflops/s) | Temperatures: 50°C - 51°C - 63°C - 61°C - 53°C - 46°C - 58°C - 63°C | Throttling: None - None - None - None - None - None - None - None
3685 (4051700 Gflops/s) - 3686 (4052799 Gflops/s) - 3654 (4017615 Gflops/s) - 3669 (4034108 Gflops/s) - 3687 (4053899 Gflops/s) - 3686 (4052799 Gflops/s) - 3621 (3981331 Gflops/s) - 3629 (3990127 Gflops/s) | Temperatures: 54°C - 55°C - 67°C - 64°C - 56°C - 53°C - 64°C - 66°C | Throttling: None - None - None - None - None - None - None - None
3683 (4049501 Gflops/s) - 3683 (4049501 Gflops/s) - 3627 (3987928 Gflops/s) - 3660 (4024212 Gflops/s) - 3683 (4049501 Gflops/s) - 3682 (4048401 Gflops/s) - 3586 (3942848 Gflops/s) - 3603 (3961540 Gflops/s) | Temperatures: 55°C - 56°C - 68°C - 65°C - 57°C - 54°C - 66°C - 67°C | Throttling: None - None - None - None - None - None - None - None
3680 (4046202 Gflops/s) - 3680 (4046202 Gflops/s) - 3600 (3958241 Gflops/s) - 3656 (4019814 Gflops/s) - 3681 (4047302 Gflops/s) - 3681 (4047302 Gflops/s) - 3575 (3930754 Gflops/s) - 3598 (3956042 Gflops/s) | Temperatures: 56°C - 57°C - 69°C - 66°C - 58°C - 55°C - 66°C - 67°C | Throttling: None - None - None - None - None - None - None - None
3682 (4048401 Gflops/s) - 3678 (4044003 Gflops/s) - 3614 (3973635 Gflops/s) - 3663 (4027511 Gflops/s) - 3683 (4049501 Gflops/s) - 3682 (4048401 Gflops/s) - 3587 (3943948 Gflops/s) - 3598 (3956042 Gflops/s) | Temperatures: 56°C - 57°C - 69°C - 67°C - 58°C - 55°C - 67°C - 68°C | Throttling: None - None - None - None - None - None - None - None
3686 (4052799 Gflops/s) - 3682 (4048401 Gflops/s) - 3600 (3958241 Gflops/s) - 3661 (4025312 Gflops/s) - 3688 (4054998 Gflops/s) - 3687 (4053899 Gflops/s) - 3585 (3941749 Gflops/s) - 3601 (3959341 Gflops/s) | Temperatures: 56°C - 57°C - 70°C - 67°C - 59°C - 56°C - 67°C - 68°C | Throttling: None - None - None - None - None - None - None - None
3679 (4045103 Gflops/s) - 3670 (4035207 Gflops/s) - 3585 (3941749 Gflops/s) - 3651 (4014316 Gflops/s) - 3679 (4045103 Gflops/s) - 3679 (4045103 Gflops/s) - 3557 (3910962 Gflops/s) - 3591 (3948346 Gflops/s) | Temperatures: 57°C - 58°C - 70°C - 67°C - 59°C - 56°C - 67°C - 68°C | Throttling: None - None - None - None - None - None - None - None
3686 (4052799 Gflops/s) - 3667 (4031909 Gflops/s) - 3602 (3960440 Gflops/s) - 3653 (4016515 Gflops/s) - 3688 (4054998 Gflops/s) - 3687 (4053899 Gflops/s) - 3567 (3921957 Gflops/s) - 3600 (3958241 Gflops/s) | Temperatures: 57°C - 58°C - 70°C - 67°C - 59°C - 56°C - 68°C - 69°C | Throttling: None - None - None - None - None - None - None - None
3682 (4048401 Gflops/s) - 3666 (4030809 Gflops/s) - 3584 (3940649 Gflops/s) - 3651 (4014316 Gflops/s) - 3683 (4049501 Gflops/s) - 3681 (4047302 Gflops/s) - 3549 (3902166 Gflops/s) - 3595 (3952744 Gflops/s) | Temperatures: 57°C - 58°C - 71°C - 67°C - 59°C - 56°C - 68°C - 69°C | Throttling: None - None - None - None - None - None - None - None
3682 (4048401 Gflops/s) - 3652 (4015416 Gflops/s) - 3577 (3932953 Gflops/s) - 3649 (4012117 Gflops/s) - 3682 (4048401 Gflops/s) - 3682 (4048401 Gflops/s) - 3562 (3916460 Gflops/s) - 3592 (3949445 Gflops/s) | Temperatures: 58°C - 58°C - 71°C - 68°C - 60°C - 57°C - 68°C - 69°C | Throttling: None - None - None - None - None - None - None - None
3682 (4048401 Gflops/s) - 3667 (4031909 Gflops/s) - 3584 (3940649 Gflops/s) - 3639 (4001122 Gflops/s) - 3684 (4050600 Gflops/s) - 3680 (4046202 Gflops/s) - 3551 (3904365 Gflops/s) - 3594 (3951644 Gflops/s) | Temperatures: 58°C - 59°C - 71°C - 68°C - 60°C - 57°C - 69°C - 70°C | Throttling: None - None - None - None - None - None - None - None
3684 (4050600 Gflops/s) - 3663 (4027511 Gflops/s) - 3584 (3940649 Gflops/s) - 3641 (4003321 Gflops/s) - 3685 (4051700 Gflops/s) - 3681 (4047302 Gflops/s) - 3554 (3907664 Gflops/s) - 3591 (3948346 Gflops/s) | Temperatures: 58°C - 59°C - 72°C - 68°C - 60°C - 57°C - 69°C - 70°C | Throttling: None - None - None - None - None - None - None - None
3681 (4047302 Gflops/s) - 3648 (4011018 Gflops/s) - 3575 (3930754 Gflops/s) - 3640 (4002222 Gflops/s) - 3683 (4049501 Gflops/s) - 3678 (4044003 Gflops/s) - 3555 (3908763 Gflops/s) - 3591 (3948346 Gflops/s) | Temperatures: 58°C - 59°C - 72°C - 69°C - 60°C - 57°C - 69°C - 70°C | Throttling: None - None - None - None - None - None - None - None
3683 (4049501 Gflops/s) - 3651 (4014316 Gflops/s) - 3575 (3930754 Gflops/s) - 3642 (4004421 Gflops/s) - 3683 (4049501 Gflops/s) - 3680 (4046202 Gflops/s) - 3551 (3904365 Gflops/s) - 3592 (3949445 Gflops/s) | Temperatures: 59°C - 59°C - 72°C - 69°C - 61°C - 58°C - 69°C - 70°C | Throttling: None - None - None - None - None - None - None - None
3681 (4047302 Gflops/s) - 3651 (4014316 Gflops/s) - 3578 (3934052 Gflops/s) - 3643 (4005520 Gflops/s) - 3682 (4048401 Gflops/s) - 3677 (4042904 Gflops/s) - 3550 (3903266 Gflops/s) - 3588 (3945047 Gflops/s) | Temperatures: 59°C - 59°C - 72°C - 69°C - 61°C - 58°C - 69°C - 70°C | Throttling: None - None - None - None - None - None - None - None
3683 (4049501 Gflops/s) - 3644 (4006620 Gflops/s) - 3576 (3931853 Gflops/s) - 3628 (3989028 Gflops/s) - 3684 (4050600 Gflops/s) - 3679 (4045103 Gflops/s) - 3575 (3930754 Gflops/s) - 3588 (3945047 Gflops/s) | Temperatures: 59°C - 59°C - 72°C - 69°C - 61°C - 58°C - 70°C - 71°C | Throttling: None - None - None - None - None - None - None - None
3682 (4048401 Gflops/s) - 3647 (4009918 Gflops/s) - 3574 (3929654 Gflops/s) - 3629 (3990127 Gflops/s) - 3684 (4050600 Gflops/s) - 3680 (4046202 Gflops/s) - 3576 (3931853 Gflops/s) - 3590 (3947246 Gflops/s) | Temperatures: 59°C - 60°C - 73°C - 69°C - 61°C - 58°C - 70°C - 71°C | Throttling: None - None - None - None - None - None - None - None
3788 (4164950 Gflops/s) - 3750 (4123168 Gflops/s) - 3675 (4040705 Gflops/s) - 3738 (4109974 Gflops/s) - 3789 (4166049 Gflops/s) - 3781 (4157253 Gflops/s) - 3665 (4029710 Gflops/s) - 3692 (4059396 Gflops/s) | Temperatures: 59°C - 60°C - 73°C - 70°C - 61°C - 58°C - 70°C - 71°C | Throttling: None - None - None - None - None - None - None - None
3786 (4162751 Gflops/s) - 3748 (4120969 Gflops/s) - 3674 (4039605 Gflops/s) - 3738 (4109974 Gflops/s) - 3789 (4166049 Gflops/s) - 3782 (4158352 Gflops/s) - 3673 (4038506 Gflops/s) - 3693 (4060496 Gflops/s) | Temperatures: 60°C - 60°C - 73°C - 70°C - 61°C - 59°C - 70°C - 71°C | Throttling: None - None - None - None - None - None - None - None
3787 (4163850 Gflops/s) - 3749 (4122069 Gflops/s) - 3685 (4051700 Gflops/s) - 3736 (4107775 Gflops/s) - 3788 (4164950 Gflops/s) - 3781 (4157253 Gflops/s) - 3676 (4041804 Gflops/s) - 3689 (4056098 Gflops/s) | Temperatures: 60°C - 60°C - 73°C - 70°C - 62°C - 59°C - 71°C - 71°C | Throttling: None - None - None - None - None - None - None - None
3789 (4166049 Gflops/s) - 3748 (4120969 Gflops/s) - 3672 (4037406 Gflops/s) - 3739 (4111073 Gflops/s) - 3792 (4169348 Gflops/s) - 3784 (4160551 Gflops/s) - 3670 (4035207 Gflops/s) - 3696 (4063794 Gflops/s) | Temperatures: 60°C - 60°C - 73°C - 70°C - 62°C - 59°C - 71°C - 71°C | Throttling: None - None - None - None - None - None - None - None
3784 (4160551 Gflops/s) - 3751 (4124268 Gflops/s) - 3665 (4029710 Gflops/s) - 3738 (4109974 Gflops/s) - 3787 (4163850 Gflops/s) - 3778 (4153954 Gflops/s) - 3651 (4014316 Gflops/s) - 3690 (4057197 Gflops/s) | Temperatures: 60°C - 60°C - 73°C - 70°C - 62°C - 59°C - 71°C - 72°C | Throttling: None - None - None - None - None - None - None - None
3786 (4162751 Gflops/s) - 3748 (4120969 Gflops/s) - 3668 (4033008 Gflops/s) - 3738 (4109974 Gflops/s) - 3789 (4166049 Gflops/s) - 3778 (4153954 Gflops/s) - 3665 (4029710 Gflops/s) - 3690 (4057197 Gflops/s) | Temperatures: 60°C - 60°C - 73°C - 71°C - 62°C - 59°C - 71°C - 72°C | Throttling: None - None - None - None - None - None - None - None
3789 (4166049 Gflops/s) - 3748 (4120969 Gflops/s) - 3670 (4035207 Gflops/s) - 3739 (4111073 Gflops/s) - 3792 (4169348 Gflops/s) - 3785 (4161651 Gflops/s) - 3657 (4020914 Gflops/s) - 3694 (4061595 Gflops/s) | Temperatures: 60°C - 60°C - 74°C - 71°C - 62°C - 59°C - 71°C - 72°C | Throttling: None - None - None - None - None - None - None - None
3786 (4162751 Gflops/s) - 3744 (4116571 Gflops/s) - 3666 (4030809 Gflops/s) - 3745 (4117671 Gflops/s) - 3790 (4167149 Gflops/s) - 3782 (4158352 Gflops/s) - 3661 (4025312 Gflops/s) - 3691 (4058297 Gflops/s) | Temperatures: 60°C - 60°C - 74°C - 71°C - 62°C - 59°C - 71°C - 72°C | Throttling: None - None - None - None - None - None - None - None
3785 (4161651 Gflops/s) - 3747 (4119870 Gflops/s) - 3664 (4028610 Gflops/s) - 3738 (4109974 Gflops/s) - 3788 (4164950 Gflops/s) - 3779 (4155054 Gflops/s) - 3667 (4031909 Gflops/s) - 3685 (4051700 Gflops/s) | Temperatures: 60°C - 60°C - 74°C - 71°C - 62°C - 59°C - 71°C - 72°C | Throttling: None - None - None - None - None - None - None - None
3785 (4161651 Gflops/s) - 3742 (4114372 Gflops/s) - 3663 (4027511 Gflops/s) - 3738 (4109974 Gflops/s) - 3789 (4166049 Gflops/s) - 3779 (4155054 Gflops/s) - 3653 (4016515 Gflops/s) - 3689 (4056098 Gflops/s) | Temperatures: 60°C - 60°C - 74°C - 71°C - 62°C - 59°C - 71°C - 72°C | Throttling: None - None - None - None - None - None - None - None
3788 (4164950 Gflops/s) - 3752 (4125367 Gflops/s) - 3664 (4028610 Gflops/s) - 3731 (4102277 Gflops/s) - 3792 (4169348 Gflops/s) - 3782 (4158352 Gflops/s) - 3659 (4023113 Gflops/s) - 3691 (4058297 Gflops/s) | Temperatures: 60°C - 60°C - 74°C - 71°C - 62°C - 59°C - 71°C - 72°C | Throttling: None - None - None - None - None - None - None - None
3785 (4161651 Gflops/s) - 3742 (4114372 Gflops/s) - 3663 (4027511 Gflops/s) - 3734 (4105576 Gflops/s) - 3789 (4166049 Gflops/s) - 3779 (4155054 Gflops/s) - 3662 (4026411 Gflops/s) - 3686 (4052799 Gflops/s) | Temperatures: 60°C - 60°C - 74°C - 71°C - 62°C - 59°C - 71°C - 72°C | Throttling: None - None - None - None - None - None - None - None
3784 (4160551 Gflops/s) - 3742 (4114372 Gflops/s) - 3661 (4025312 Gflops/s) - 3739 (4111073 Gflops/s) - 3789 (4166049 Gflops/s) - 3779 (4155054 Gflops/s) - 3657 (4020914 Gflops/s) - 3687 (4053899 Gflops/s) | Temperatures: 60°C - 60°C - 74°C - 71°C - 62°C - 59°C - 71°C - 72°C | Throttling: None - None - None - None - None - None - None - None
3787 (4163850 Gflops/s) - 3748 (4120969 Gflops/s) - 3663 (4027511 Gflops/s) - 3742 (4114372 Gflops/s) - 3790 (4167149 Gflops/s) - 3782 (4158352 Gflops/s) - 3651 (4014316 Gflops/s) - 3688 (4054998 Gflops/s) | Temperatures: 60°C - 60°C - 74°C - 71°C - 62°C - 59°C - 71°C - 72°C | Throttling: None - None - None - None - None - None - None - None
3786 (4162751 Gflops/s) - 3743 (4115472 Gflops/s) - 3661 (4025312 Gflops/s) - 3741 (4113272 Gflops/s) - 3789 (4166049 Gflops/s) - 3780 (4156153 Gflops/s) - 3653 (4016515 Gflops/s) - 3688 (4054998 Gflops/s) | Temperatures: 60°C - 60°C - 74°C - 71°C - 62°C - 59°C - 71°C - 72°C | Throttling: None - None - None - None - None - None - None - None
3784 (4160551 Gflops/s) - 3743 (4115472 Gflops/s) - 3661 (4025312 Gflops/s) - 3727 (4097879 Gflops/s) - 3788 (4164950 Gflops/s) - 3779 (4155054 Gflops/s) - 3661 (4025312 Gflops/s) - 3687 (4053899 Gflops/s) | Temperatures: 60°C - 60°C - 74°C - 71°C - 62°C - 59°C - 71°C - 72°C | Throttling: None - None - None - None - None - None - None - None
3788 (4164950 Gflops/s) - 3746 (4118770 Gflops/s) - 3665 (4029710 Gflops/s) - 3732 (4103377 Gflops/s) - 3792 (4169348 Gflops/s) - 3781 (4157253 Gflops/s) - 3650 (4013217 Gflops/s) - 3688 (4054998 Gflops/s) | Temperatures: 60°C - 60°C - 74°C - 71°C - 62°C - 59°C - 71°C - 72°C | Throttling: None - None - None - None - None - None - None - None
3785 (4161651 Gflops/s) - 3746 (4118770 Gflops/s) - 3661 (4025312 Gflops/s) - 3733 (4104476 Gflops/s) - 3788 (4164950 Gflops/s) - 3776 (4151755 Gflops/s) - 3653 (4016515 Gflops/s) - 3685 (4051700 Gflops/s) | Temperatures: 60°C - 60°C - 74°C - 71°C - 62°C - 59°C - 71°C - 72°C | Throttling: None - None - None - None - None - None - None - None
3784 (4160551 Gflops/s) - 3743 (4115472 Gflops/s) - 3662 (4026411 Gflops/s) - 3726 (4096780 Gflops/s) - 3789 (4166049 Gflops/s) - 3780 (4156153 Gflops/s) - 3652 (4015416 Gflops/s) - 3688 (4054998 Gflops/s) | Temperatures: 60°C - 60°C - 74°C - 71°C - 62°C - 59°C - 71°C - 72°C | Throttling: None - None - None - None - None - None - None - None
3785 (4161651 Gflops/s) - 3743 (4115472 Gflops/s) - 3659 (4023113 Gflops/s) - 3733 (4104476 Gflops/s) - 3789 (4166049 Gflops/s) - 3777 (4152855 Gflops/s) - 3648 (4011018 Gflops/s) - 3693 (4060496 Gflops/s) | Temperatures: 60°C - 60°C - 74°C - 71°C - 62°C - 59°C - 71°C - 72°C | Throttling: None - None - None - None - None - None - None - None
3784 (4160551 Gflops/s) - 3745 (4117671 Gflops/s) - 3664 (4028610 Gflops/s) - 3728 (4098979 Gflops/s) - 3789 (4166049 Gflops/s) - 3780 (4156153 Gflops/s) - 3649 (4012117 Gflops/s) - 3689 (4056098 Gflops/s) | Temperatures: 60°C - 60°C - 74°C - 71°C - 62°C - 59°C - 71°C - 72°C | Throttling: None - None - None - None - None - None - None - None
3788 (4164950 Gflops/s) - 3746 (4118770 Gflops/s) - 3663 (4027511 Gflops/s) - 3738 (4109974 Gflops/s) - 3792 (4169348 Gflops/s) - 3780 (4156153 Gflops/s) - 3654 (4017615 Gflops/s) - 3688 (4054998 Gflops/s) | Temperatures: 60°C - 60°C - 74°C - 71°C - 62°C - 59°C - 71°C - 72°C | Throttling: None - None - None - None - None - None - None - None
3783 (4159452 Gflops/s) - 3741 (4113272 Gflops/s) - 3661 (4025312 Gflops/s) - 3728 (4098979 Gflops/s) - 3787 (4163850 Gflops/s) - 3778 (4153954 Gflops/s) - 3648 (4011018 Gflops/s) - 3689 (4056098 Gflops/s) | Temperatures: 60°C - 60°C - 74°C - 71°C - 62°C - 59°C - 71°C - 72°C | Throttling: None - None - None - None - None - None - None - None
3785 (4161651 Gflops/s) - 3746 (4118770 Gflops/s) - 3661 (4025312 Gflops/s) - 3730 (4101178 Gflops/s) - 3788 (4164950 Gflops/s) - 3780 (4156153 Gflops/s) - 3647 (4009918 Gflops/s) - 3683 (4049501 Gflops/s) | Temperatures: 60°C - 60°C - 74°C - 71°C - 62°C - 59°C - 71°C - 72°C | Throttling: None - None - None - None - None - None - None - None
3786 (4162751 Gflops/s) - 3746 (4118770 Gflops/s) - 3663 (4027511 Gflops/s) - 3727 (4097879 Gflops/s) - 3789 (4166049 Gflops/s) - 3777 (4152855 Gflops/s) - 3645 (4007719 Gflops/s) - 3684 (4050600 Gflops/s) | Temperatures: 60°C - 60°C - 74°C - 71°C - 62°C - 59°C - 71°C - 72°C | Throttling: None - None - None - None - None - None - None - None
3785 (4161651 Gflops/s) - 3744 (4116571 Gflops/s) - 3661 (4025312 Gflops/s) - 3734 (4105576 Gflops/s) - 3789 (4166049 Gflops/s) - 3780 (4156153 Gflops/s) - 3652 (4015416 Gflops/s) - 3689 (4056098 Gflops/s) | Temperatures: 60°C - 60°C - 74°C - 71°C - 62°C - 59°C - 71°C - 72°C | Throttling: None - None - None - None - None - None - None - None
3788 (4164950 Gflops/s) - 3746 (4118770 Gflops/s) - 3666 (4030809 Gflops/s) - 3726 (4096780 Gflops/s) - 3792 (4169348 Gflops/s) - 3782 (4158352 Gflops/s) - 3657 (4020914 Gflops/s) - 3691 (4058297 Gflops/s) | Temperatures: 60°C - 60°C - 74°C - 71°C - 62°C - 59°C - 71°C - 72°C | Throttling: None - None - None - None - None - None - None - None
3785 (4161651 Gflops/s) - 3744 (4116571 Gflops/s) - 3661 (4025312 Gflops/s) - 3733 (4104476 Gflops/s) - 3788 (4164950 Gflops/s) - 3779 (4155054 Gflops/s) - 3653 (4016515 Gflops/s) - 3684 (4050600 Gflops/s) | Temperatures: 60°C - 60°C - 74°C - 71°C - 62°C - 59°C - 71°C - 72°C | Throttling: None - None - None - None - None - None - None - None
3788 (4164950 Gflops/s) - 3747 (4119870 Gflops/s) - 3661 (4025312 Gflops/s) - 3737 (4108874 Gflops/s) - 3791 (4168248 Gflops/s) - 3780 (4156153 Gflops/s) - 3648 (4011018 Gflops/s) - 3692 (4059396 Gflops/s) | Temperatures: 60°C - 60°C - 74°C - 71°C - 62°C - 59°C - 71°C - 72°C | Throttling: None - None - None - None - None - None - None - None
3785 (4161651 Gflops/s) - 3746 (4118770 Gflops/s) - 3661 (4025312 Gflops/s) - 3732 (4103377 Gflops/s) - 3788 (4164950 Gflops/s) - 3779 (4155054 Gflops/s) - 3652 (4015416 Gflops/s) - 3689 (4056098 Gflops/s) | Temperatures: 60°C - 60°C - 74°C - 71°C - 62°C - 59°C - 71°C - 72°C | Throttling: None - None - None - None - None - None - None - None
3785 (4161651 Gflops/s) - 3742 (4114372 Gflops/s) - 3661 (4025312 Gflops/s) - 3729 (4100078 Gflops/s) - 3788 (4164950 Gflops/s) - 3777 (4152855 Gflops/s) - 3643 (4005520 Gflops/s) - 3683 (4049501 Gflops/s) | Temperatures: 60°C - 60°C - 74°C - 71°C - 62°C - 59°C - 71°C - 72°C | Throttling: None - None - None - None - None - None - None - None
3785 (4161651 Gflops/s) - 3746 (4118770 Gflops/s) - 3661 (4025312 Gflops/s) - 3733 (4104476 Gflops/s) - 3789 (4166049 Gflops/s) - 3780 (4156153 Gflops/s) - 3655 (4018714 Gflops/s) - 3687 (4053899 Gflops/s) | Temperatures: 60°C - 60°C - 74°C - 71°C - 62°C - 59°C - 71°C - 72°C | Throttling: None - None - None - None - None - None - None - None
3785 (4161651 Gflops/s) - 3743 (4115472 Gflops/s) - 3661 (4025312 Gflops/s) - 3728 (4098979 Gflops/s) - 3788 (4164950 Gflops/s) - 3779 (4155054 Gflops/s) - 3659 (4023113 Gflops/s) - 3693 (4060496 Gflops/s) | Temperatures: 60°C - 60°C - 74°C - 71°C - 62°C - 59°C - 71°C - 72°C | Throttling: None - None - None - None - None - None - None - None
3789 (4166049 Gflops/s) - 3747 (4119870 Gflops/s) - 3666 (4030809 Gflops/s) - 3739 (4111073 Gflops/s) - 3790 (4167149 Gflops/s) - 3781 (4157253 Gflops/s) - 3664 (4028610 Gflops/s) - 3689 (4056098 Gflops/s) | Temperatures: 60°C - 60°C - 74°C - 71°C - 62°C - 59°C - 71°C - 72°C | Throttling: None - None - None - None - None - None - None - None
3784 (4160551 Gflops/s) - 3744 (4116571 Gflops/s) - 3661 (4025312 Gflops/s) - 3728 (4098979 Gflops/s) - 3788 (4164950 Gflops/s) - 3779 (4155054 Gflops/s) - 3649 (4012117 Gflops/s) - 3684 (4050600 Gflops/s) | Temperatures: 60°C - 60°C - 74°C - 71°C - 62°C - 59°C - 71°C - 72°C | Throttling: None - None - None - None - None - None - None - None
3785 (4161651 Gflops/s) - 3744 (4116571 Gflops/s) - 3662 (4026411 Gflops/s) - 3732 (4103377 Gflops/s) - 3789 (4166049 Gflops/s) - 3778 (4153954 Gflops/s) - 3653 (4016515 Gflops/s) - 3691 (4058297 Gflops/s) | Temperatures: 60°C - 60°C - 74°C - 71°C - 62°C - 59°C - 71°C - 72°C | Throttling: None - None - None - None - None - None - None - None
3788 (4164950 Gflops/s) - 3748 (4120969 Gflops/s) - 3663 (4027511 Gflops/s) - 3734 (4105576 Gflops/s) - 3790 (4167149 Gflops/s) - 3782 (4158352 Gflops/s) - 3656 (4019814 Gflops/s) - 3688 (4054998 Gflops/s) | Temperatures: 60°C - 60°C - 74°C - 71°C - 62°C - 59°C - 71°C - 72°C | Throttling: None - None - None - None - None - None - None - None
3785 (4161651 Gflops/s) - 3744 (4116571 Gflops/s) - 3663 (4027511 Gflops/s) - 3729 (4100078 Gflops/s) - 3789 (4166049 Gflops/s) - 3780 (4156153 Gflops/s) - 3653 (4016515 Gflops/s) - 3686 (4052799 Gflops/s) | Temperatures: 60°C - 60°C - 74°C - 71°C - 62°C - 59°C - 71°C - 72°C | Throttling: None - None - None - None - None - None - None - None
3786 (4162751 Gflops/s) - 3743 (4115472 Gflops/s) - 3657 (4020914 Gflops/s) - 3730 (4101178 Gflops/s) - 3787 (4163850 Gflops/s) - 3778 (4153954 Gflops/s) - 3647 (4009918 Gflops/s) - 3686 (4052799 Gflops/s) | Temperatures: 60°C - 60°C - 74°C - 71°C - 62°C - 59°C - 71°C - 72°C | Throttling: None - None - None - None - None - None - None - None
3784 (4160551 Gflops/s) - 3744 (4116571 Gflops/s) - 3661 (4025312 Gflops/s) - 3725 (4095680 Gflops/s) - 3789 (4166049 Gflops/s) - 3778 (4153954 Gflops/s) - 3652 (4015416 Gflops/s) - 3687 (4053899 Gflops/s) | Temperatures: 60°C - 60°C - 74°C - 71°C - 62°C - 59°C - 71°C - 72°C | Throttling: None - None - None - None - None - None - None - None
3785 (4161651 Gflops/s) - 3745 (4117671 Gflops/s) - 3660 (4024212 Gflops/s) - 3724 (4094581 Gflops/s) - 3788 (4164950 Gflops/s) - 3781 (4157253 Gflops/s) - 3653 (4016515 Gflops/s) - 3688 (4054998 Gflops/s) | Temperatures: 60°C - 60°C - 74°C - 71°C - 62°C - 59°C - 71°C - 72°C | Throttling: None - None - None - None - None - None - None - None
3788 (4164950 Gflops/s) - 3745 (4117671 Gflops/s) - 3662 (4026411 Gflops/s) - 3727 (4097879 Gflops/s) - 3791 (4168248 Gflops/s) - 3779 (4155054 Gflops/s) - 3648 (4011018 Gflops/s) - 3685 (4051700 Gflops/s) | Temperatures: 60°C - 60°C - 74°C - 71°C - 62°C - 59°C - 71°C - 72°C | Throttling: None - None - None - None - None - None - None - None
3784 (4160551 Gflops/s) - 3744 (4116571 Gflops/s) - 3660 (4024212 Gflops/s) - 3732 (4103377 Gflops/s) - 3788 (4164950 Gflops/s) - 3777 (4152855 Gflops/s) - 3649 (4012117 Gflops/s) - 3684 (4050600 Gflops/s) | Temperatures: 60°C - 60°C - 74°C - 71°C - 62°C - 59°C - 71°C - 72°C | Throttling: None - None - None - None - None - None - None - None
3784 (4160551 Gflops/s) - 3744 (4116571 Gflops/s) - 3660 (4024212 Gflops/s) - 3733 (4104476 Gflops/s) - 3788 (4164950 Gflops/s) - 3777 (4152855 Gflops/s) - 3645 (4007719 Gflops/s) - 3685 (4051700 Gflops/s) | Temperatures: 60°C - 60°C - 74°C - 71°C - 62°C - 59°C - 71°C - 72°C | Throttling: None - None - None - None - None - None - None - None
3804 (4182542 Gflops/s) - 3762 (4136362 Gflops/s) - 3678 (4044003 Gflops/s) - 3749 (4122069 Gflops/s) - 3808 (4186940 Gflops/s) - 3796 (4173746 Gflops/s) - 3659 (4023113 Gflops/s) - 3702 (4070392 Gflops/s) | Temperatures: 60°C - 60°C - 74°C - 71°C - 62°C - 59°C - 71°C - 72°C | Throttling: None - None - None - None - None - None - None - None
3752 (4125367 Gflops/s) - 3712 (4081387 Gflops/s) - 3628 (3989028 Gflops/s) - 3690 (4057197 Gflops/s) - 3755 (4128666 Gflops/s) - 3748 (4120969 Gflops/s) - 3611 (3970336 Gflops/s) - 3654 (4017615 Gflops/s) | Temperatures: 60°C - 60°C - 74°C - 71°C - 62°C - 59°C - 71°C - 72°C | Throttling: None - None - None - None - None - None - None - None
3705 (4073690 Gflops/s) - 3665 (4029710 Gflops/s) - 3583 (3939550 Gflops/s) - 3649 (4012117 Gflops/s) - 3709 (4078088 Gflops/s) - 3700 (4068193 Gflops/s) - 3568 (3923057 Gflops/s) - 3605 (3963739 Gflops/s) | Temperatures: 60°C - 60°C - 74°C - 71°C - 62°C - 59°C - 71°C - 72°C | Throttling: None - None - None - None - None - None - None - None
3680 (4046202 Gflops/s) - 3640 (4002222 Gflops/s) - 3558 (3912062 Gflops/s) - 3630 (3991227 Gflops/s) - 3683 (4049501 Gflops/s) - 3673 (4038506 Gflops/s) - 3545 (3897768 Gflops/s) - 3580 (3936251 Gflops/s) | Temperatures: 60°C - 60°C - 74°C - 71°C - 62°C - 59°C - 71°C - 72°C | Throttling: None - None - None - None - None - None - None - None
3690 (4057197 Gflops/s) - 3650 (4013217 Gflops/s) - 3567 (3921957 Gflops/s) - 3633 (3994525 Gflops/s) - 3693 (4060496 Gflops/s) - 3684 (4050600 Gflops/s) - 3550 (3903266 Gflops/s) - 3592 (3949445 Gflops/s) | Temperatures: 60°C - 61°C - 74°C - 71°C - 62°C - 59°C - 71°C - 72°C | Throttling: None - None - None - None - None - None - None - None
3694 (4061595 Gflops/s) - 3652 (4015416 Gflops/s) - 3576 (3931853 Gflops/s) - 3642 (4004421 Gflops/s) - 3698 (4065993 Gflops/s) - 3686 (4052799 Gflops/s) - 3566 (3920858 Gflops/s) - 3599 (3957142 Gflops/s) | Temperatures: 60°C - 60°C - 74°C - 71°C - 62°C - 59°C - 71°C - 72°C | Throttling: None - None - None - None - None - None - None - None
3685 (4051700 Gflops/s) - 3644 (4006620 Gflops/s) - 3564 (3918659 Gflops/s) - 3627 (3987928 Gflops/s) - 3689 (4056098 Gflops/s) - 3679 (4045103 Gflops/s) - 3551 (3904365 Gflops/s) - 3587 (3943948 Gflops/s) | Temperatures: 60°C - 60°C - 74°C - 71°C - 62°C - 59°C - 71°C - 72°C | Throttling: None - None - None - None - None - None - None - None
3694 (4061595 Gflops/s) - 3652 (4015416 Gflops/s) - 3574 (3929654 Gflops/s) - 3642 (4004421 Gflops/s) - 3699 (4067093 Gflops/s) - 3690 (4057197 Gflops/s) - 3569 (3924156 Gflops/s) - 3599 (3957142 Gflops/s) | Temperatures: 60°C - 60°C - 74°C - 71°C - 62°C - 59°C - 71°C - 72°C | Throttling: None - None - None - None - None - None - None - None
3691 (4058297 Gflops/s) - 3652 (4015416 Gflops/s) - 3569 (3924156 Gflops/s) - 3638 (4000023 Gflops/s) - 3694 (4061595 Gflops/s) - 3685 (4051700 Gflops/s) - 3556 (3909863 Gflops/s) - 3595 (3952744 Gflops/s) | Temperatures: 60°C - 60°C - 74°C - 71°C - 62°C - 59°C - 71°C - 72°C | Throttling: None - None - None - None - None - None - None - None
3688 (4054998 Gflops/s) - 3645 (4007719 Gflops/s) - 3567 (3921957 Gflops/s) - 3634 (3995625 Gflops/s) - 3692 (4059396 Gflops/s) - 3682 (4048401 Gflops/s) - 3554 (3907664 Gflops/s) - 3592 (3949445 Gflops/s) | Temperatures: 60°C - 60°C - 74°C - 71°C - 62°C - 59°C - 71°C - 72°C | Throttling: None - None - None - None - None - None - None - None
3698 (4065993 Gflops/s) - 3656 (4019814 Gflops/s) - 3577 (3932953 Gflops/s) - 3641 (4003321 Gflops/s) - 3701 (4069292 Gflops/s) - 3691 (4058297 Gflops/s) - 3555 (3908763 Gflops/s) - 3599 (3957142 Gflops/s) | Temperatures: 60°C - 61°C - 74°C - 71°C - 62°C - 59°C - 71°C - 72°C | Throttling: None - None - None - None - None - None - None - None
3688 (4054998 Gflops/s) - 3646 (4008819 Gflops/s) - 3564 (3918659 Gflops/s) - 3629 (3990127 Gflops/s) - 3691 (4058297 Gflops/s) - 3682 (4048401 Gflops/s) - 3558 (3912062 Gflops/s) - 3590 (3947246 Gflops/s) | Temperatures: 60°C - 60°C - 74°C - 71°C - 62°C - 59°C - 71°C - 72°C | Throttling: None - None - None - None - None - None - None - None
3688 (4054998 Gflops/s) - 3649 (4012117 Gflops/s) - 3568 (3923057 Gflops/s) - 3634 (3995625 Gflops/s) - 3691 (4058297 Gflops/s) - 3680 (4046202 Gflops/s) - 3557 (3910962 Gflops/s) - 3597 (3954943 Gflops/s) | Temperatures: 60°C - 60°C - 74°C - 71°C - 62°C - 59°C - 71°C - 72°C | Throttling: None - None - None - None - None - None - None - None
3695 (4062695 Gflops/s) - 3656 (4019814 Gflops/s) - 3572 (3927455 Gflops/s) - 3648 (4011018 Gflops/s) - 3699 (4067093 Gflops/s) - 3688 (4054998 Gflops/s) - 3559 (3913161 Gflops/s) - 3595 (3952744 Gflops/s) | Temperatures: 60°C - 60°C - 74°C - 71°C - 62°C - 59°C - 71°C - 72°C | Throttling: None - None - None - None - None - None - None - None
3688 (4054998 Gflops/s) - 3645 (4007719 Gflops/s) - 3567 (3921957 Gflops/s) - 3628 (3989028 Gflops/s) - 3690 (4057197 Gflops/s) - 3682 (4048401 Gflops/s) - 3550 (3903266 Gflops/s) - 3587 (3943948 Gflops/s) | Temperatures: 60°C - 60°C - 74°C - 71°C - 62°C - 59°C - 71°C - 72°C | Throttling: None - None - None - None - None - None - None - None
3689 (4056098 Gflops/s) - 3649 (4012117 Gflops/s) - 3567 (3921957 Gflops/s) - 3641 (4003321 Gflops/s) - 3692 (4059396 Gflops/s) - 3684 (4050600 Gflops/s) - 3564 (3918659 Gflops/s) - 3591 (3948346 Gflops/s) | Temperatures: 60°C - 60°C - 74°C - 71°C - 62°C - 59°C - 71°C - 72°C | Throttling: None - None - None - None - None - None - None - None
3695 (4062695 Gflops/s) - 3658 (4022013 Gflops/s) - 3572 (3927455 Gflops/s) - 3648 (4011018 Gflops/s) - 3698 (4065993 Gflops/s) - 3688 (4054998 Gflops/s) - 3559 (3913161 Gflops/s) - 3593 (3950545 Gflops/s) | Temperatures: 60°C - 61°C - 74°C - 71°C - 62°C - 59°C - 71°C - 72°C | Throttling: None - None - None - None - None - None - None - None
3691 (4058297 Gflops/s) - 3648 (4011018 Gflops/s) - 3568 (3923057 Gflops/s) - 3640 (4002222 Gflops/s) - 3694 (4061595 Gflops/s) - 3686 (4052799 Gflops/s) - 3556 (3909863 Gflops/s) - 3589 (3946147 Gflops/s) | Temperatures: 60°C - 60°C - 74°C - 71°C - 62°C - 59°C - 71°C - 72°C | Throttling: None - None - None - None - None - None - None - None
3689 (4056098 Gflops/s) - 3649 (4012117 Gflops/s) - 3569 (3924156 Gflops/s) - 3635 (3996724 Gflops/s) - 3693 (4060496 Gflops/s) - 3685 (4051700 Gflops/s) - 3551 (3904365 Gflops/s) - 3593 (3950545 Gflops/s) | Temperatures: 60°C - 60°C - 74°C - 71°C - 62°C - 59°C - 71°C - 72°C | Throttling: None - None - None - None - None - None - None - None
3692 (4059396 Gflops/s) - 3653 (4016515 Gflops/s) - 3572 (3927455 Gflops/s) - 3634 (3995625 Gflops/s) - 3697 (4064894 Gflops/s) - 3685 (4051700 Gflops/s) - 3552 (3905465 Gflops/s) - 3597 (3954943 Gflops/s) | Temperatures: 60°C - 60°C - 74°C - 71°C - 62°C - 59°C - 71°C - 72°C | Throttling: None - None - None - None - None - None - None - None
3690 (4057197 Gflops/s) - 3648 (4011018 Gflops/s) - 3568 (3923057 Gflops/s) - 3633 (3994525 Gflops/s) - 3692 (4059396 Gflops/s) - 3683 (4049501 Gflops/s) - 3546 (3898868 Gflops/s) - 3591 (3948346 Gflops/s) | Temperatures: 60°C - 60°C - 74°C - 71°C - 62°C - 59°C - 71°C - 72°C | Throttling: None - None - None - None - None - None - None - None
3689 (4056098 Gflops/s) - 3652 (4015416 Gflops/s) - 3566 (3920858 Gflops/s) - 3637 (3998923 Gflops/s) - 3694 (4061595 Gflops/s) - 3684 (4050600 Gflops/s) - 3556 (3909863 Gflops/s) - 3595 (3952744 Gflops/s) | Temperatures: 60°C - 60°C - 74°C - 71°C - 62°C - 59°C - 71°C - 72°C | Throttling: None - None - None - None - None - None - None - None
3694 (4061595 Gflops/s) - 3652 (4015416 Gflops/s) - 3570 (3925256 Gflops/s) - 3644 (4006620 Gflops/s) - 3697 (4064894 Gflops/s) - 3689 (4056098 Gflops/s) - 3565 (3919758 Gflops/s) - 3594 (3951644 Gflops/s) | Temperatures: 60°C - 60°C - 74°C - 71°C - 62°C - 59°C - 71°C - 72°C | Throttling: None - None - None - None - None - None - None - None
3691 (4058297 Gflops/s) - 3653 (4016515 Gflops/s) - 3566 (3920858 Gflops/s) - 3647 (4009918 Gflops/s) - 3694 (4061595 Gflops/s) - 3684 (4050600 Gflops/s) - 3553 (3906564 Gflops/s) - 3591 (3948346 Gflops/s) | Temperatures: 60°C - 60°C - 74°C - 71°C - 62°C - 59°C - 71°C - 72°C | Throttling: None - None - None - None - None - None - None - None
3693 (4060496 Gflops/s) - 3651 (4014316 Gflops/s) - 3570 (3925256 Gflops/s) - 3634 (3995625 Gflops/s) - 3696 (4063794 Gflops/s) - 3685 (4051700 Gflops/s) - 3554 (3907664 Gflops/s) - 3598 (3956042 Gflops/s) | Temperatures: 60°C - 60°C - 74°C - 71°C - 62°C - 59°C - 71°C - 72°C | Throttling: None - None - None - None - None - None - None - None
3690 (4057197 Gflops/s) - 3649 (4012117 Gflops/s) - 3569 (3924156 Gflops/s) - 3636 (3997824 Gflops/s) - 3694 (4061595 Gflops/s) - 3683 (4049501 Gflops/s) - 3553 (3906564 Gflops/s) - 3590 (3947246 Gflops/s) | Temperatures: 60°C - 60°C - 74°C - 71°C - 62°C - 59°C - 71°C - 72°C | Throttling: None - None - None - None - None - None - None - None
3687 (4053899 Gflops/s) - 3649 (4012117 Gflops/s) - 3562 (3916460 Gflops/s) - 3633 (3994525 Gflops/s) - 3690 (4057197 Gflops/s) - 3681 (4047302 Gflops/s) - 3553 (3906564 Gflops/s) - 3587 (3943948 Gflops/s) | Temperatures: 60°C - 60°C - 74°C - 71°C - 62°C - 59°C - 71°C - 72°C | Throttling: None - None - None - None - None - None - None - None
3695 (4062695 Gflops/s) - 3655 (4018714 Gflops/s) - 3573 (3928555 Gflops/s) - 3640 (4002222 Gflops/s) - 3698 (4065993 Gflops/s) - 3691 (4058297 Gflops/s) - 3565 (3919758 Gflops/s) - 3595 (3952744 Gflops/s) | Temperatures: 60°C - 60°C - 74°C - 71°C - 62°C - 59°C - 71°C - 72°C | Throttling: None - None - None - None - None - None - None - None
3690 (4057197 Gflops/s) - 3650 (4013217 Gflops/s) - 3568 (3923057 Gflops/s) - 3639 (4001122 Gflops/s) - 3694 (4061595 Gflops/s) - 3684 (4050600 Gflops/s) - 3565 (3919758 Gflops/s) - 3591 (3948346 Gflops/s) | Temperatures: 60°C - 60°C - 74°C - 71°C - 62°C - 59°C - 71°C - 72°C | Throttling: None - None - None - None - None - None - None - None
3690 (4057197 Gflops/s) - 3647 (4009918 Gflops/s) - 3569 (3924156 Gflops/s) - 3633 (3994525 Gflops/s) - 3693 (4060496 Gflops/s) - 3682 (4048401 Gflops/s) - 3558 (3912062 Gflops/s) - 3594 (3951644 Gflops/s) | Temperatures: 60°C - 60°C - 74°C - 71°C - 62°C - 59°C - 71°C - 72°C | Throttling: None - None - None - None - None - None - None - None
3694 (4061595 Gflops/s) - 3654 (4017615 Gflops/s) - 3569 (3924156 Gflops/s) - 3643 (4005520 Gflops/s) - 3697 (4064894 Gflops/s) - 3688 (4054998 Gflops/s) - 3554 (3907664 Gflops/s) - 3596 (3953843 Gflops/s) | Temperatures: 60°C - 61°C - 74°C - 71°C - 62°C - 59°C - 71°C - 72°C | Throttling: None - None - None - None - None - None - None - None
3690 (4057197 Gflops/s) - 3649 (4012117 Gflops/s) - 3568 (3923057 Gflops/s) - 3642 (4004421 Gflops/s) - 3694 (4061595 Gflops/s) - 3683 (4049501 Gflops/s) - 3551 (3904365 Gflops/s) - 3594 (3951644 Gflops/s) | Temperatures: 60°C - 60°C - 74°C - 71°C - 62°C - 59°C - 71°C - 72°C | Throttling: None - None - None - None - None - None - None - None
3691 (4058297 Gflops/s) - 3648 (4011018 Gflops/s) - 3570 (3925256 Gflops/s) - 3638 (4000023 Gflops/s) - 3693 (4060496 Gflops/s) - 3682 (4048401 Gflops/s) - 3554 (3907664 Gflops/s) - 3591 (3948346 Gflops/s) | Temperatures: 60°C - 60°C - 74°C - 71°C - 62°C - 59°C - 71°C - 72°C | Throttling: None - None - None - None - None - None - None - None
3688 (4054998 Gflops/s) - 3651 (4014316 Gflops/s) - 3568 (3923057 Gflops/s) - 3635 (3996724 Gflops/s) - 3693 (4060496 Gflops/s) - 3684 (4050600 Gflops/s) - 3552 (3905465 Gflops/s) - 3590 (3947246 Gflops/s) | Temperatures: 60°C - 60°C - 74°C - 71°C - 62°C - 59°C - 71°C - 72°C | Throttling: None - None - None - None - None - None - None - None
3689 (4056098 Gflops/s) - 3647 (4009918 Gflops/s) - 3569 (3924156 Gflops/s) - 3631 (3992326 Gflops/s) - 3693 (4060496 Gflops/s) - 3683 (4049501 Gflops/s) - 3555 (3908763 Gflops/s) - 3593 (3950545 Gflops/s) | Temperatures: 60°C - 60°C - 74°C - 71°C - 62°C - 59°C - 71°C - 72°C | Throttling: None - None - None - None - None - None - None - None
3694 (4061595 Gflops/s) - 3653 (4016515 Gflops/s) - 3572 (3927455 Gflops/s) - 3635 (3996724 Gflops/s) - 3698 (4065993 Gflops/s) - 3688 (4054998 Gflops/s) - 3550 (3903266 Gflops/s) - 3599 (3957142 Gflops/s) | Temperatures: 60°C - 60°C - 74°C - 71°C - 62°C - 59°C - 71°C - 72°C | Throttling: None - None - None - None - None - None - None - None
3688 (4054998 Gflops/s) - 3649 (4012117 Gflops/s) - 3565 (3919758 Gflops/s) - 3637 (3998923 Gflops/s) - 3692 (4059396 Gflops/s) - 3682 (4048401 Gflops/s) - 3553 (3906564 Gflops/s) - 3590 (3947246 Gflops/s) | Temperatures: 60°C - 60°C - 74°C - 71°C - 62°C - 59°C - 71°C - 72°C | Throttling: None - None - None - None - None - None - None - None
3694 (4061595 Gflops/s) - 3651 (4014316 Gflops/s) - 3572 (3927455 Gflops/s) - 3630 (3991227 Gflops/s) - 3697 (4064894 Gflops/s) - 3688 (4054998 Gflops/s) - 3564 (3918659 Gflops/s) - 3596 (3953843 Gflops/s) | Temperatures: 60°C - 60°C - 74°C - 71°C - 62°C - 59°C - 71°C - 72°C | Throttling: None - None - None - None - None - None - None - None
3690 (4057197 Gflops/s) - 3652 (4015416 Gflops/s) - 3568 (3923057 Gflops/s) - 3643 (4005520 Gflops/s) - 3693 (4060496 Gflops/s) - 3683 (4049501 Gflops/s) - 3552 (3905465 Gflops/s) - 3588 (3945047 Gflops/s) | Temperatures: 60°C - 60°C - 74°C - 71°C - 62°C - 59°C - 71°C - 72°C | Throttling: None - None - None - None - None - None - None - None
3690 (4057197 Gflops/s) - 3650 (4013217 Gflops/s) - 3565 (3919758 Gflops/s) - 3632 (3993426 Gflops/s) - 3693 (4060496 Gflops/s) - 3682 (4048401 Gflops/s) - 3549 (3902166 Gflops/s) - 3594 (3951644 Gflops/s) | Temperatures: 60°C - 60°C - 74°C - 71°C - 62°C - 59°C - 71°C - 72°C | Throttling: None - None - None - None - None - None - None - None
3692 (4059396 Gflops/s) - 3653 (4016515 Gflops/s) - 3570 (3925256 Gflops/s) - 3633 (3994525 Gflops/s) - 3695 (4062695 Gflops/s) - 3685 (4051700 Gflops/s) - 3559 (3913161 Gflops/s) - 3593 (3950545 Gflops/s) | Temperatures: 60°C - 61°C - 74°C - 71°C - 62°C - 59°C - 71°C - 72°C | Throttling: None - None - None - None - None - None - None - None
3690 (4057197 Gflops/s) - 3649 (4012117 Gflops/s) - 3567 (3921957 Gflops/s) - 3643 (4005520 Gflops/s) - 3693 (4060496 Gflops/s) - 3682 (4048401 Gflops/s) - 3556 (3909863 Gflops/s) - 3591 (3948346 Gflops/s) | Temperatures: 60°C - 60°C - 74°C - 71°C - 62°C - 59°C - 71°C - 72°C | Throttling: None - None - None - None - None - None - None - None
3702 (4070392 Gflops/s) - 3661 (4025312 Gflops/s) - 3581 (3937351 Gflops/s) - 3654 (4017615 Gflops/s) - 3706 (4074790 Gflops/s) - 3694 (4061595 Gflops/s) - 3575 (3930754 Gflops/s) - 3603 (3961540 Gflops/s) | Temperatures: 60°C - 60°C - 74°C - 71°C - 62°C - 59°C - 71°C - 72°C | Throttling: None - None - None - None - None - None - None - None
3678 (4044003 Gflops/s) - 3637 (3998923 Gflops/s) - 3556 (3909863 Gflops/s) - 3629 (3990127 Gflops/s) - 3682 (4048401 Gflops/s) - 3673 (4038506 Gflops/s) - 3541 (3893370 Gflops/s) - 3580 (3936251 Gflops/s) | Temperatures: 60°C - 60°C - 74°C - 71°C - 62°C - 59°C - 71°C - 72°C | Throttling: None - None - None - None - None - None - None - None
3694 (4061595 Gflops/s) - 3652 (4015416 Gflops/s) - 3571 (3926356 Gflops/s) - 3647 (4009918 Gflops/s) - 3696 (4063794 Gflops/s) - 3687 (4053899 Gflops/s) - 3557 (3910962 Gflops/s) - 3597 (3954943 Gflops/s) | Temperatures: 60°C - 60°C - 74°C - 71°C - 62°C - 59°C - 71°C - 73°C | Throttling: None - None - None - None - None - None - None - None
3688 (4054998 Gflops/s) - 3648 (4011018 Gflops/s) - 3568 (3923057 Gflops/s) - 3639 (4001122 Gflops/s) - 3692 (4059396 Gflops/s) - 3682 (4048401 Gflops/s) - 3554 (3907664 Gflops/s) - 3596 (3953843 Gflops/s) | Temperatures: 60°C - 60°C - 74°C - 71°C - 62°C - 59°C - 71°C - 72°C | Throttling: None - None - None - None - None - None - None - None
3693 (4060496 Gflops/s) - 3654 (4017615 Gflops/s) - 3572 (3927455 Gflops/s) - 3633 (3994525 Gflops/s) - 3696 (4063794 Gflops/s) - 3688 (4054998 Gflops/s) - 3557 (3910962 Gflops/s) - 3598 (3956042 Gflops/s) | Temperatures: 60°C - 60°C - 74°C - 71°C - 62°C - 59°C - 71°C - 72°C | Throttling: None - None - None - None - None - None - None - None
3690 (4057197 Gflops/s) - 3646 (4008819 Gflops/s) - 3568 (3923057 Gflops/s) - 3638 (4000023 Gflops/s) - 3694 (4061595 Gflops/s) - 3681 (4047302 Gflops/s) - 3550 (3903266 Gflops/s) - 3589 (3946147 Gflops/s) | Temperatures: 60°C - 60°C - 74°C - 71°C - 62°C - 59°C - 71°C - 72°C | Throttling: None - None - None - None - None - None - None - None
3692 (4059396 Gflops/s) - 3655 (4018714 Gflops/s) - 3570 (3925256 Gflops/s) - 3617 (3976933 Gflops/s) - 3695 (4062695 Gflops/s) - 3685 (4051700 Gflops/s) - 3563 (3917559 Gflops/s) - 3590 (3947246 Gflops/s) | Temperatures: 60°C - 60°C - 74°C - 71°C - 62°C - 59°C - 71°C - 72°C | Throttling: None - None - None - None - None - None - None - None
3690 (4057197 Gflops/s) - 3651 (4014316 Gflops/s) - 3569 (3924156 Gflops/s) - 3630 (3991227 Gflops/s) - 3694 (4061595 Gflops/s) - 3685 (4051700 Gflops/s) - 3556 (3909863 Gflops/s) - 3589 (3946147 Gflops/s) | Temperatures: 60°C - 60°C - 74°C - 71°C - 62°C - 59°C - 71°C - 72°C | Throttling: None - None - None - None - None - None - None - None
3701 (4069292 Gflops/s) - 3661 (4025312 Gflops/s) - 3579 (3935152 Gflops/s) - 3645 (4007719 Gflops/s) - 3705 (4073690 Gflops/s) - 3694 (4061595 Gflops/s) - 3570 (3925256 Gflops/s) - 3601 (3959341 Gflops/s) | Temperatures: 60°C - 60°C - 74°C - 71°C - 62°C - 59°C - 71°C - 72°C | Throttling: None - None - None - None - None - None - None - None
3680 (4046202 Gflops/s) - 3636 (3997824 Gflops/s) - 3554 (3907664 Gflops/s) - 3625 (3985729 Gflops/s) - 3683 (4049501 Gflops/s) - 3675 (4040705 Gflops/s) - 3546 (3898868 Gflops/s) - 3585 (3941749 Gflops/s) | Temperatures: 60°C - 60°C - 74°C - 71°C - 62°C - 59°C - 71°C - 72°C | Throttling: None - None - None - None - None - None - None - None
3692 (4059396 Gflops/s) - 3650 (4013217 Gflops/s) - 3570 (3925256 Gflops/s) - 3632 (3993426 Gflops/s) - 3696 (4063794 Gflops/s) - 3684 (4050600 Gflops/s) - 3553 (3906564 Gflops/s) - 3598 (3956042 Gflops/s) | Temperatures: 60°C - 60°C - 74°C - 71°C - 62°C - 59°C - 71°C - 73°C | Throttling: None - None - None - None - None - None - None - None
3690 (4057197 Gflops/s) - 3650 (4013217 Gflops/s) - 3569 (3924156 Gflops/s) - 3632 (3993426 Gflops/s) - 3693 (4060496 Gflops/s) - 3685 (4051700 Gflops/s) - 3554 (3907664 Gflops/s) - 3586 (3942848 Gflops/s) | Temperatures: 60°C - 60°C - 74°C - 71°C - 62°C - 59°C - 71°C - 72°C | Throttling: None - None - None - None - None - None - None - None
3690 (4057197 Gflops/s) - 3652 (4015416 Gflops/s) - 3567 (3921957 Gflops/s) - 3635 (3996724 Gflops/s) - 3693 (4060496 Gflops/s) - 3684 (4050600 Gflops/s) - 3560 (3914261 Gflops/s) - 3596 (3953843 Gflops/s) | Temperatures: 60°C - 61°C - 74°C - 71°C - 62°C - 59°C - 71°C - 72°C | Throttling: None - None - None - None - None - None - None - None
3690 (4057197 Gflops/s) - 3648 (4011018 Gflops/s) - 3568 (3923057 Gflops/s) - 3640 (4002222 Gflops/s) - 3693 (4060496 Gflops/s) - 3685 (4051700 Gflops/s) - 3552 (3905465 Gflops/s) - 3587 (3943948 Gflops/s) | Temperatures: 60°C - 60°C - 74°C - 71°C - 62°C - 59°C - 71°C - 72°C | Throttling: None - None - None - None - None - None - None - None
3692 (4059396 Gflops/s) - 3650 (4013217 Gflops/s) - 3570 (3925256 Gflops/s) - 3636 (3997824 Gflops/s) - 3696 (4063794 Gflops/s) - 3685 (4051700 Gflops/s) - 3553 (3906564 Gflops/s) - 3596 (3953843 Gflops/s) | Temperatures: 60°C - 60°C - 74°C - 71°C - 62°C - 59°C - 71°C - 72°C | Throttling: None - None - None - None - None - None - None - None
3690 (4057197 Gflops/s) - 3650 (4013217 Gflops/s) - 3567 (3921957 Gflops/s) - 3639 (4001122 Gflops/s) - 3693 (4060496 Gflops/s) - 3682 (4048401 Gflops/s) - 3558 (3912062 Gflops/s) - 3591 (3948346 Gflops/s) | Temperatures: 60°C - 60°C - 74°C - 71°C - 62°C - 59°C - 71°C - 72°C | Throttling: None - None - None - None - None - None - None - None
3704 (4072591 Gflops/s) - 3664 (4028610 Gflops/s) - 3582 (3938450 Gflops/s) - 3652 (4015416 Gflops/s) - 3709 (4078088 Gflops/s) - 3700 (4068193 Gflops/s) - 3570 (3925256 Gflops/s) - 3605 (3963739 Gflops/s) | Temperatures: 60°C - 60°C - 74°C - 71°C - 62°C - 59°C - 71°C - 72°C | Throttling: None - None - None - None - None - None - None - None
3679 (4045103 Gflops/s) - 3637 (3998923 Gflops/s) - 3556 (3909863 Gflops/s) - 3620 (3980232 Gflops/s) - 3683 (4049501 Gflops/s) - 3672 (4037406 Gflops/s) - 3540 (3892271 Gflops/s) - 3578 (3934052 Gflops/s) | Temperatures: 60°C - 60°C - 74°C - 71°C - 62°C - 59°C - 71°C - 73°C | Throttling: None - None - None - None - None - None - None - None
3689 (4056098 Gflops/s) - 3646 (4008819 Gflops/s) - 3565 (3919758 Gflops/s) - 3640 (4002222 Gflops/s) - 3692 (4059396 Gflops/s) - 3684 (4050600 Gflops/s) - 3553 (3906564 Gflops/s) - 3588 (3945047 Gflops/s) | Temperatures: 60°C - 60°C - 74°C - 71°C - 62°C - 59°C - 71°C - 72°C | Throttling: None - None - None - None - None - None - None - None
3694 (4061595 Gflops/s) - 3654 (4017615 Gflops/s) - 3572 (3927455 Gflops/s) - 3642 (4004421 Gflops/s) - 3696 (4063794 Gflops/s) - 3686 (4052799 Gflops/s) - 3560 (3914261 Gflops/s) - 3591 (3948346 Gflops/s) | Temperatures: 60°C - 60°C - 74°C - 71°C - 62°C - 59°C - 71°C - 72°C | Throttling: None - None - None - None - None - None - None - None
3690 (4057197 Gflops/s) - 3650 (4013217 Gflops/s) - 3569 (3924156 Gflops/s) - 3633 (3994525 Gflops/s) - 3693 (4060496 Gflops/s) - 3685 (4051700 Gflops/s) - 3558 (3912062 Gflops/s) - 3589 (3946147 Gflops/s) | Temperatures: 60°C - 60°C - 74°C - 71°C - 62°C - 59°C - 71°C - 72°C | Throttling: None - None - None - None - None - None - None - None
3690 (4057197 Gflops/s) - 3651 (4014316 Gflops/s) - 3567 (3921957 Gflops/s) - 3628 (3989028 Gflops/s) - 3693 (4060496 Gflops/s) - 3683 (4049501 Gflops/s) - 3555 (3908763 Gflops/s) - 3587 (3943948 Gflops/s) | Temperatures: 60°C - 60°C - 74°C - 71°C - 62°C - 59°C - 71°C - 72°C | Throttling: None - None - None - None - None - None - None - None
3695 (4062695 Gflops/s) - 3657 (4020914 Gflops/s) - 3572 (3927455 Gflops/s) - 3642 (4004421 Gflops/s) - 3699 (4067093 Gflops/s) - 3689 (4056098 Gflops/s) - 3571 (3926356 Gflops/s) - 3597 (3954943 Gflops/s) | Temperatures: 60°C - 60°C - 74°C - 71°C - 62°C - 59°C - 71°C - 72°C | Throttling: None - None - None - None - None - None - None - None
3808 (4186940 Gflops/s) - 3764 (4138561 Gflops/s) - 3681 (4047302 Gflops/s) - 3759 (4133064 Gflops/s) - 3811 (4190238 Gflops/s) - 3803 (4181442 Gflops/s) - 3664 (4028610 Gflops/s) - 3700 (4068193 Gflops/s) | Temperatures: 60°C - 60°C - 74°C - 71°C - 62°C - 59°C - 71°C - 72°C | Throttling: None - None - None - None - None - None - None - None
3742 (4114372 Gflops/s) - 3699 (4067093 Gflops/s) - 3621 (3981331 Gflops/s) - 3687 (4053899 Gflops/s) - 3745 (4117671 Gflops/s) - 3735 (4106675 Gflops/s) - 3612 (3971435 Gflops/s) - 3642 (4004421 Gflops/s) | Temperatures: 60°C - 60°C - 74°C - 71°C - 62°C - 59°C - 71°C - 72°C | Throttling: None - None - None - None - None - None - None - None
3741 (4113272 Gflops/s) - 3699 (4067093 Gflops/s) - 3617 (3976933 Gflops/s) - 3687 (4053899 Gflops/s) - 3745 (4117671 Gflops/s) - 3733 (4104476 Gflops/s) - 3611 (3970336 Gflops/s) - 3637 (3998923 Gflops/s) | Temperatures: 60°C - 60°C - 74°C - 71°C - 62°C - 59°C - 71°C - 72°C | Throttling: None - None - None - None - None - None - None - None
3744 (4116571 Gflops/s) - 3705 (4073690 Gflops/s) - 3620 (3980232 Gflops/s) - 3688 (4054998 Gflops/s) - 3747 (4119870 Gflops/s) - 3739 (4111073 Gflops/s) - 3595 (3952744 Gflops/s) - 3644 (4006620 Gflops/s) | Temperatures: 60°C - 60°C - 74°C - 71°C - 62°C - 59°C - 71°C - 72°C | Throttling: None - None - None - None - None - None - None - None
3740 (4112173 Gflops/s) - 3701 (4069292 Gflops/s) - 3620 (3980232 Gflops/s) - 3681 (4047302 Gflops/s) - 3744 (4116571 Gflops/s) - 3734 (4105576 Gflops/s) - 3610 (3969236 Gflops/s) - 3638 (4000023 Gflops/s) | Temperatures: 60°C - 60°C - 74°C - 71°C - 62°C - 59°C - 71°C - 72°C | Throttling: None - None - None - None - None - None - None - None
3741 (4113272 Gflops/s) - 3700 (4068193 Gflops/s) - 3615 (3974734 Gflops/s) - 3694 (4061595 Gflops/s) - 3744 (4116571 Gflops/s) - 3736 (4107775 Gflops/s) - 3612 (3971435 Gflops/s) - 3639 (4001122 Gflops/s) | Temperatures: 60°C - 60°C - 74°C - 71°C - 62°C - 59°C - 71°C - 73°C | Throttling: None - None - None - None - None - None - None - None
3741 (4113272 Gflops/s) - 3700 (4068193 Gflops/s) - 3615 (3974734 Gflops/s) - 3689 (4056098 Gflops/s) - 3745 (4117671 Gflops/s) - 3733 (4104476 Gflops/s) - 3614 (3973635 Gflops/s) - 3641 (4003321 Gflops/s) | Temperatures: 60°C - 60°C - 74°C - 71°C - 62°C - 59°C - 71°C - 72°C | Throttling: None - None - None - None - None - None - None - None
3740 (4112173 Gflops/s) - 3699 (4067093 Gflops/s) - 3618 (3978033 Gflops/s) - 3688 (4054998 Gflops/s) - 3743 (4115472 Gflops/s) - 3734 (4105576 Gflops/s) - 3604 (3962639 Gflops/s) - 3640 (4002222 Gflops/s) | Temperatures: 60°C - 60°C - 74°C - 71°C - 62°C - 59°C - 71°C - 72°C | Throttling: None - None - None - None - None - None - None - None
3740 (4112173 Gflops/s) - 3697 (4064894 Gflops/s) - 3616 (3975834 Gflops/s) - 3693 (4060496 Gflops/s) - 3744 (4116571 Gflops/s) - 3735 (4106675 Gflops/s) - 3601 (3959341 Gflops/s) - 3643 (4005520 Gflops/s) | Temperatures: 60°C - 60°C - 74°C - 71°C - 62°C - 59°C - 71°C - 73°C | Throttling: None - None - None - None - None - None - None - None
3741 (4113272 Gflops/s) - 3700 (4068193 Gflops/s) - 3616 (3975834 Gflops/s) - 3691 (4058297 Gflops/s) - 3744 (4116571 Gflops/s) - 3734 (4105576 Gflops/s) - 3604 (3962639 Gflops/s) - 3639 (4001122 Gflops/s) | Temperatures: 60°C - 60°C - 74°C - 71°C - 62°C - 59°C - 71°C - 72°C | Throttling: None - None - None - None - None - None - None - None
3742 (4114372 Gflops/s) - 3702 (4070392 Gflops/s) - 3618 (3978033 Gflops/s) - 3699 (4067093 Gflops/s) - 3745 (4117671 Gflops/s) - 3735 (4106675 Gflops/s) - 3610 (3969236 Gflops/s) - 3640 (4002222 Gflops/s) | Temperatures: 60°C - 60°C - 74°C - 71°C - 62°C - 59°C - 71°C - 72°C | Throttling: None - None - None - None - None - None - None - None
3740 (4112173 Gflops/s) - 3698 (4065993 Gflops/s) - 3618 (3978033 Gflops/s) - 3682 (4048401 Gflops/s) - 3743 (4115472 Gflops/s) - 3731 (4102277 Gflops/s) - 3605 (3963739 Gflops/s) - 3641 (4003321 Gflops/s) | Temperatures: 60°C - 60°C - 74°C - 71°C - 62°C - 59°C - 71°C - 72°C | Throttling: None - None - None - None - None - None - None - None
3741 (4113272 Gflops/s) - 3699 (4067093 Gflops/s) - 3616 (3975834 Gflops/s) - 3681 (4047302 Gflops/s) - 3743 (4115472 Gflops/s) - 3733 (4104476 Gflops/s) - 3607 (3965938 Gflops/s) - 3641 (4003321 Gflops/s) | Temperatures: 60°C - 60°C - 74°C - 71°C - 62°C - 59°C - 71°C - 72°C | Throttling: None - None - None - None - None - None - None - None
3741 (4113272 Gflops/s) - 3697 (4064894 Gflops/s) - 3618 (3978033 Gflops/s) - 3689 (4056098 Gflops/s) - 3745 (4117671 Gflops/s) - 3733 (4104476 Gflops/s) - 3600 (3958241 Gflops/s) - 3643 (4005520 Gflops/s) | Temperatures: 60°C - 60°C - 74°C - 71°C - 62°C - 59°C - 71°C - 72°C | Throttling: None - None - None - None - None - None - None - None
3742 (4114372 Gflops/s) - 3702 (4070392 Gflops/s) - 3618 (3978033 Gflops/s) - 3677 (4042904 Gflops/s) - 3746 (4118770 Gflops/s) - 3736 (4107775 Gflops/s) - 3607 (3965938 Gflops/s) - 3641 (4003321 Gflops/s) | Temperatures: 60°C - 61°C - 74°C - 71°C - 62°C - 59°C - 71°C - 73°C | Throttling: None - None - None - None - None - None - None - None
3742 (4114372 Gflops/s) - 3701 (4069292 Gflops/s) - 3615 (3974734 Gflops/s) - 3691 (4058297 Gflops/s) - 3743 (4115472 Gflops/s) - 3733 (4104476 Gflops/s) - 3607 (3965938 Gflops/s) - 3637 (3998923 Gflops/s) | Temperatures: 60°C - 61°C - 74°C - 71°C - 62°C - 59°C - 71°C - 72°C | Throttling: None - None - None - None - None - None - None - None
3740 (4112173 Gflops/s) - 3697 (4064894 Gflops/s) - 3615 (3974734 Gflops/s) - 3691 (4058297 Gflops/s) - 3744 (4116571 Gflops/s) - 3732 (4103377 Gflops/s) - 3608 (3967037 Gflops/s) - 3644 (4006620 Gflops/s) | Temperatures: 60°C - 60°C - 74°C - 71°C - 62°C - 59°C - 71°C - 72°C | Throttling: None - None - None - None - None - None - None - None
3741 (4113272 Gflops/s) - 3702 (4070392 Gflops/s) - 3616 (3975834 Gflops/s) - 3682 (4048401 Gflops/s) - 3744 (4116571 Gflops/s) - 3733 (4104476 Gflops/s) - 3595 (3952744 Gflops/s) - 3637 (3998923 Gflops/s) | Temperatures: 60°C - 60°C - 74°C - 71°C - 62°C - 59°C - 71°C - 72°C | Throttling: None - None - None - None - None - None - None - None
3739 (4111073 Gflops/s) - 3702 (4070392 Gflops/s) - 3616 (3975834 Gflops/s) - 3691 (4058297 Gflops/s) - 3743 (4115472 Gflops/s) - 3729 (4100078 Gflops/s) - 3605 (3963739 Gflops/s) - 3639 (4001122 Gflops/s) | Temperatures: 60°C - 61°C - 74°C - 71°C - 62°C - 59°C - 71°C - 72°C | Throttling: None - None - None - None - None - None - None - None
3744 (4116571 Gflops/s) - 3703 (4071491 Gflops/s) - 3620 (3980232 Gflops/s) - 3694 (4061595 Gflops/s) - 3747 (4119870 Gflops/s) - 3736 (4107775 Gflops/s) - 3600 (3958241 Gflops/s) - 3645 (4007719 Gflops/s) | Temperatures: 60°C - 60°C - 74°C - 71°C - 62°C - 59°C - 71°C - 72°C | Throttling: None - None - None - None - None - None - None - None
3742 (4114372 Gflops/s) - 3702 (4070392 Gflops/s) - 3616 (3975834 Gflops/s) - 3687 (4053899 Gflops/s) - 3745 (4117671 Gflops/s) - 3734 (4105576 Gflops/s) - 3616 (3975834 Gflops/s) - 3645 (4007719 Gflops/s) | Temperatures: 60°C - 60°C - 74°C - 71°C - 62°C - 59°C - 71°C - 72°C | Throttling: None - None - None - None - None - None - None - None
3741 (4113272 Gflops/s) - 3702 (4070392 Gflops/s) - 3618 (3978033 Gflops/s) - 3687 (4053899 Gflops/s) - 3743 (4115472 Gflops/s) - 3733 (4104476 Gflops/s) - 3612 (3971435 Gflops/s) - 3644 (4006620 Gflops/s) | Temperatures: 60°C - 60°C - 74°C - 71°C - 62°C - 59°C - 71°C - 72°C | Throttling: None - None - None - None - None - None - None - None
3740 (4112173 Gflops/s) - 3698 (4065993 Gflops/s) - 3615 (3974734 Gflops/s) - 3685 (4051700 Gflops/s) - 3744 (4116571 Gflops/s) - 3734 (4105576 Gflops/s) - 3606 (3964838 Gflops/s) - 3643 (4005520 Gflops/s) | Temperatures: 60°C - 60°C - 74°C - 71°C - 62°C - 59°C - 71°C - 72°C | Throttling: None - None - None - None - None - None - None - None
3742 (4114372 Gflops/s) - 3700 (4068193 Gflops/s) - 3619 (3979132 Gflops/s) - 3690 (4057197 Gflops/s) - 3744 (4116571 Gflops/s) - 3733 (4104476 Gflops/s) - 3600 (3958241 Gflops/s) - 3642 (4004421 Gflops/s) | Temperatures: 60°C - 60°C - 74°C - 71°C - 62°C - 59°C - 71°C - 72°C | Throttling: None - None - None - None - None - None - None - None
3741 (4113272 Gflops/s) - 3698 (4065993 Gflops/s) - 3615 (3974734 Gflops/s) - 3683 (4049501 Gflops/s) - 3744 (4116571 Gflops/s) - 3735 (4106675 Gflops/s) - 3594 (3951644 Gflops/s) - 3645 (4007719 Gflops/s) | Temperatures: 60°C - 60°C - 74°C - 71°C - 62°C - 59°C - 71°C - 73°C | Throttling: None - None - None - None - None - None - None - None
3742 (4114372 Gflops/s) - 3699 (4067093 Gflops/s) - 3618 (3978033 Gflops/s) - 3688 (4054998 Gflops/s) - 3745 (4117671 Gflops/s) - 3735 (4106675 Gflops/s) - 3603 (3961540 Gflops/s) - 3638 (4000023 Gflops/s) | Temperatures: 60°C - 60°C - 74°C - 71°C - 62°C - 59°C - 71°C - 72°C | Throttling: None - None - None - None - None - None - None - None
3741 (4113272 Gflops/s) - 3698 (4065993 Gflops/s) - 3617 (3976933 Gflops/s) - 3678 (4044003 Gflops/s) - 3744 (4116571 Gflops/s) - 3734 (4105576 Gflops/s) - 3610 (3969236 Gflops/s) - 3642 (4004421 Gflops/s) | Temperatures: 60°C - 60°C - 74°C - 71°C - 62°C - 59°C - 72°C - 72°C | Throttling: None - None - None - None - None - None - None - None
3740 (4112173 Gflops/s) - 3699 (4067093 Gflops/s) - 3615 (3974734 Gflops/s) - 3682 (4048401 Gflops/s) - 3744 (4116571 Gflops/s) - 3732 (4103377 Gflops/s) - 3593 (3950545 Gflops/s) - 3643 (4005520 Gflops/s) | Temperatures: 60°C - 60°C - 74°C - 71°C - 62°C - 59°C - 71°C - 73°C | Throttling: None - None - None - None - None - None - None - None
3740 (4112173 Gflops/s) - 3698 (4065993 Gflops/s) - 3618 (3978033 Gflops/s) - 3683 (4049501 Gflops/s) - 3744 (4116571 Gflops/s) - 3735 (4106675 Gflops/s) - 3607 (3965938 Gflops/s) - 3647 (4009918 Gflops/s) | Temperatures: 60°C - 60°C - 74°C - 71°C - 62°C - 59°C - 71°C - 73°C | Throttling: None - None - None - None - None - None - None - None
3741 (4113272 Gflops/s) - 3700 (4068193 Gflops/s) - 3617 (3976933 Gflops/s) - 3676 (4041804 Gflops/s) - 3744 (4116571 Gflops/s) - 3734 (4105576 Gflops/s) - 3615 (3974734 Gflops/s) - 3637 (3998923 Gflops/s) | Temperatures: 60°C - 60°C - 74°C - 71°C - 62°C - 59°C - 71°C - 72°C | Throttling: None - None - None - None - None - None - None - None
3741 (4113272 Gflops/s) - 3699 (4067093 Gflops/s) - 3617 (3976933 Gflops/s) - 3684 (4050600 Gflops/s) - 3744 (4116571 Gflops/s) - 3731 (4102277 Gflops/s) - 3606 (3964838 Gflops/s) - 3641 (4003321 Gflops/s) | Temperatures: 60°C - 60°C - 74°C - 71°C - 62°C - 59°C - 71°C - 72°C | Throttling: None - None - None - None - None - None - None - None
3741 (4113272 Gflops/s) - 3701 (4069292 Gflops/s) - 3617 (3976933 Gflops/s) - 3689 (4056098 Gflops/s) - 3744 (4116571 Gflops/s) - 3733 (4104476 Gflops/s) - 3604 (3962639 Gflops/s) - 3640 (4002222 Gflops/s) | Temperatures: 60°C - 61°C - 74°C - 71°C - 62°C - 59°C - 71°C - 73°C | Throttling: None - None - None - None - None - None - None - None
3741 (4113272 Gflops/s) - 3700 (4068193 Gflops/s) - 3617 (3976933 Gflops/s) - 3676 (4041804 Gflops/s) - 3744 (4116571 Gflops/s) - 3736 (4107775 Gflops/s) - 3598 (3956042 Gflops/s) - 3643 (4005520 Gflops/s) | Temperatures: 60°C - 60°C - 74°C - 71°C - 62°C - 59°C - 71°C - 73°C | Throttling: None - None - None - None - None - None - None - None
3741 (4113272 Gflops/s) - 3701 (4069292 Gflops/s) - 3616 (3975834 Gflops/s) - 3687 (4053899 Gflops/s) - 3745 (4117671 Gflops/s) - 3733 (4104476 Gflops/s) - 3605 (3963739 Gflops/s) - 3639 (4001122 Gflops/s) | Temperatures: 60°C - 61°C - 74°C - 71°C - 62°C - 59°C - 71°C - 73°C | Throttling: None - None - None - None - None - None - None - None
3742 (4114372 Gflops/s) - 3702 (4070392 Gflops/s) - 3619 (3979132 Gflops/s) - 3684 (4050600 Gflops/s) - 3743 (4115472 Gflops/s) - 3734 (4105576 Gflops/s) - 3604 (3962639 Gflops/s) - 3643 (4005520 Gflops/s) | Temperatures: 60°C - 61°C - 74°C - 71°C - 62°C - 59°C - 71°C - 72°C | Throttling: None - None - None - None - None - None - None - None
3740 (4112173 Gflops/s) - 3698 (4065993 Gflops/s) - 3615 (3974734 Gflops/s) - 3687 (4053899 Gflops/s) - 3745 (4117671 Gflops/s) - 3734 (4105576 Gflops/s) - 3600 (3958241 Gflops/s) - 3645 (4007719 Gflops/s) | Temperatures: 60°C - 60°C - 74°C - 71°C - 62°C - 59°C - 71°C - 72°C | Throttling: None - None - None - None - None - None - None - None
3713 (4082486 Gflops/s) - 3670 (4035207 Gflops/s) - 3590 (3947246 Gflops/s) - 3658 (4022013 Gflops/s) - 3715 (4084685 Gflops/s) - 3703 (4071491 Gflops/s) - 3572 (3927455 Gflops/s) - 3613 (3972535 Gflops/s) | Temperatures: 60°C - 60°C - 74°C - 71°C - 62°C - 59°C - 71°C - 73°C | Throttling: None - None - None - None - None - None - None - None
3678 (4044003 Gflops/s) - 3642 (4004421 Gflops/s) - 3554 (3907664 Gflops/s) - 3624 (3984630 Gflops/s) - 3681 (4047302 Gflops/s) - 3670 (4035207 Gflops/s) - 3540 (3892271 Gflops/s) - 3579 (3935152 Gflops/s) | Temperatures: 60°C - 61°C - 74°C - 71°C - 62°C - 59°C - 71°C - 73°C | Throttling: None - None - None - None - None - None - None - None
3674 (4039605 Gflops/s) - 3632 (3993426 Gflops/s) - 3553 (3906564 Gflops/s) - 3627 (3987928 Gflops/s) - 3679 (4045103 Gflops/s) - 3668 (4033008 Gflops/s) - 3536 (3887873 Gflops/s) - 3577 (3932953 Gflops/s) | Temperatures: 60°C - 60°C - 74°C - 71°C - 62°C - 59°C - 71°C - 73°C | Throttling: None - None - None - None - None - None - None - None
3681 (4047302 Gflops/s) - 3643 (4005520 Gflops/s) - 3555 (3908763 Gflops/s) - 3629 (3990127 Gflops/s) - 3683 (4049501 Gflops/s) - 3672 (4037406 Gflops/s) - 3547 (3899967 Gflops/s) - 3577 (3932953 Gflops/s) | Temperatures: 60°C - 60°C - 74°C - 71°C - 62°C - 59°C - 71°C - 72°C | Throttling: None - None - None - None - None - None - None - None
3679 (4045103 Gflops/s) - 3639 (4001122 Gflops/s) - 3559 (3913161 Gflops/s) - 3629 (3990127 Gflops/s) - 3684 (4050600 Gflops/s) - 3673 (4038506 Gflops/s) - 3546 (3898868 Gflops/s) - 3578 (3934052 Gflops/s) | Temperatures: 60°C - 60°C - 74°C - 71°C - 62°C - 59°C - 71°C - 72°C | Throttling: None - None - None - None - None - None - None - None
3688 (4054998 Gflops/s) - 3648 (4011018 Gflops/s) - 3566 (3920858 Gflops/s) - 3644 (4006620 Gflops/s) - 3691 (4058297 Gflops/s) - 3680 (4046202 Gflops/s) - 3557 (3910962 Gflops/s) - 3593 (3950545 Gflops/s) | Temperatures: 60°C - 61°C - 74°C - 71°C - 62°C - 59°C - 71°C - 73°C | Throttling: None - None - None - None - None - None - None - None
3669 (4034108 Gflops/s) - 3627 (3987928 Gflops/s) - 3548 (3901067 Gflops/s) - 3606 (3964838 Gflops/s) - 3673 (4038506 Gflops/s) - 3662 (4026411 Gflops/s) - 3532 (3883475 Gflops/s) - 3569 (3924156 Gflops/s) | Temperatures: 60°C - 60°C - 74°C - 71°C - 62°C - 59°C - 71°C - 73°C | Throttling: None - None - None - None - None - None - None - None
3677 (4042904 Gflops/s) - 3636 (3997824 Gflops/s) - 3556 (3909863 Gflops/s) - 3617 (3976933 Gflops/s) - 3680 (4046202 Gflops/s) - 3670 (4035207 Gflops/s) - 3542 (3894470 Gflops/s) - 3575 (3930754 Gflops/s) | Temperatures: 60°C - 60°C - 74°C - 71°C - 62°C - 59°C - 71°C - 72°C | Throttling: None - None - None - None - None - None - None - None
3679 (4045103 Gflops/s) - 3639 (4001122 Gflops/s) - 3555 (3908763 Gflops/s) - 3629 (3990127 Gflops/s) - 3681 (4047302 Gflops/s) - 3671 (4036307 Gflops/s) - 3554 (3907664 Gflops/s) - 3577 (3932953 Gflops/s) | Temperatures: 60°C - 60°C - 74°C - 71°C - 62°C - 59°C - 71°C - 72°C | Throttling: None - None - None - None - None - None - None - None
3679 (4045103 Gflops/s) - 3640 (4002222 Gflops/s) - 3559 (3913161 Gflops/s) - 3628 (3989028 Gflops/s) - 3682 (4048401 Gflops/s) - 3673 (4038506 Gflops/s) - 3549 (3902166 Gflops/s) - 3576 (3931853 Gflops/s) | Temperatures: 60°C - 61°C - 74°C - 71°C - 62°C - 59°C - 71°C - 73°C | Throttling: None - None - None - None - None - None - None - None
3675 (4040705 Gflops/s) - 3636 (3997824 Gflops/s) - 3552 (3905465 Gflops/s) - 3618 (3978033 Gflops/s) - 3678 (4044003 Gflops/s) - 3668 (4033008 Gflops/s) - 3534 (3885674 Gflops/s) - 3573 (3928555 Gflops/s) | Temperatures: 60°C - 61°C - 74°C - 71°C - 62°C - 59°C - 71°C - 72°C | Throttling: None - None - None - None - None - None - None - None
3680 (4046202 Gflops/s) - 3640 (4002222 Gflops/s) - 3558 (3912062 Gflops/s) - 3632 (3993426 Gflops/s) - 3684 (4050600 Gflops/s) - 3673 (4038506 Gflops/s) - 3550 (3903266 Gflops/s) - 3579 (3935152 Gflops/s) | Temperatures: 60°C - 61°C - 74°C - 71°C - 62°C - 59°C - 71°C - 72°C | Throttling: None - None - None - None - None - None - None - None
3680 (4046202 Gflops/s) - 3640 (4002222 Gflops/s) - 3559 (3913161 Gflops/s) - 3615 (3974734 Gflops/s) - 3681 (4047302 Gflops/s) - 3671 (4036307 Gflops/s) - 3540 (3892271 Gflops/s) - 3582 (3938450 Gflops/s) | Temperatures: 60°C - 60°C - 74°C - 71°C - 62°C - 59°C - 71°C - 73°C | Throttling: None - None - None - None - None - None - None - None
3694 (4061595 Gflops/s) - 3653 (4016515 Gflops/s) - 3568 (3923057 Gflops/s) - 3635 (3996724 Gflops/s) - 3698 (4065993 Gflops/s) - 3687 (4053899 Gflops/s) - 3560 (3914261 Gflops/s) - 3597 (3954943 Gflops/s) | Temperatures: 60°C - 60°C - 74°C - 71°C - 62°C - 59°C - 71°C - 72°C | Throttling: None - None - None - None - None - None - None - None
3661 (4025312 Gflops/s) - 3621 (3981331 Gflops/s) - 3539 (3891171 Gflops/s) - 3612 (3971435 Gflops/s) - 3663 (4027511 Gflops/s) - 3653 (4016515 Gflops/s) - 3521 (3871380 Gflops/s) - 3563 (3917559 Gflops/s) | Temperatures: 60°C - 60°C - 74°C - 71°C - 62°C - 59°C - 71°C - 73°C | Throttling: None - None - None - None - None - None - None - None
3679 (4045103 Gflops/s) - 3638 (4000023 Gflops/s) - 3559 (3913161 Gflops/s) - 3629 (3990127 Gflops/s) - 3683 (4049501 Gflops/s) - 3673 (4038506 Gflops/s) - 3547 (3899967 Gflops/s) - 3582 (3938450 Gflops/s) | Temperatures: 60°C - 60°C - 74°C - 71°C - 62°C - 59°C - 71°C - 73°C | Throttling: None - None - None - None - None - None - None - None
3679 (4045103 Gflops/s) - 3638 (4000023 Gflops/s) - 3555 (3908763 Gflops/s) - 3624 (3984630 Gflops/s) - 3681 (4047302 Gflops/s) - 3672 (4037406 Gflops/s) - 3542 (3894470 Gflops/s) - 3581 (3937351 Gflops/s) | Temperatures: 60°C - 60°C - 74°C - 71°C - 62°C - 59°C - 71°C - 73°C | Throttling: None - None - None - None - None - None - None - None
3674 (4039605 Gflops/s) - 3636 (3997824 Gflops/s) - 3556 (3909863 Gflops/s) - 3620 (3980232 Gflops/s) - 3677 (4042904 Gflops/s) - 3667 (4031909 Gflops/s) - 3551 (3904365 Gflops/s) - 3576 (3931853 Gflops/s) | Temperatures: 60°C - 61°C - 74°C - 71°C - 62°C - 59°C - 71°C - 73°C | Throttling: None - None - None - None - None - None - None - None
3680 (4046202 Gflops/s) - 3640 (4002222 Gflops/s) - 3557 (3910962 Gflops/s) - 3637 (3998923 Gflops/s) - 3683 (4049501 Gflops/s) - 3672 (4037406 Gflops/s) - 3546 (3898868 Gflops/s) - 3580 (3936251 Gflops/s) | Temperatures: 60°C - 61°C - 74°C - 71°C - 62°C - 59°C - 71°C - 72°C | Throttling: None - None - None - None - None - None - None - None
3680 (4046202 Gflops/s) - 3638 (4000023 Gflops/s) - 3559 (3913161 Gflops/s) - 3624 (3984630 Gflops/s) - 3683 (4049501 Gflops/s) - 3672 (4037406 Gflops/s) - 3540 (3892271 Gflops/s) - 3580 (3936251 Gflops/s) | Temperatures: 60°C - 60°C - 74°C - 71°C - 62°C - 59°C - 71°C - 72°C | Throttling: None - None - None - None - None - None - None - None
3676 (4041804 Gflops/s) - 3635 (3996724 Gflops/s) - 3555 (3908763 Gflops/s) - 3624 (3984630 Gflops/s) - 3679 (4045103 Gflops/s) - 3668 (4033008 Gflops/s) - 3534 (3885674 Gflops/s) - 3577 (3932953 Gflops/s) | Temperatures: 60°C - 60°C - 74°C - 71°C - 62°C - 59°C - 71°C - 72°C | Throttling: None - None - None - None - None - None - None - None
3698 (4065993 Gflops/s) - 3659 (4023113 Gflops/s) - 3573 (3928555 Gflops/s) - 3629 (3990127 Gflops/s) - 3700 (4068193 Gflops/s) - 3691 (4058297 Gflops/s) - 3558 (3912062 Gflops/s) - 3599 (3957142 Gflops/s) | Temperatures: 60°C - 61°C - 74°C - 71°C - 62°C - 59°C - 71°C - 73°C | Throttling: None - None - None - None - None - None - None - None
3661 (4025312 Gflops/s) - 3619 (3979132 Gflops/s) - 3537 (3888972 Gflops/s) - 3614 (3973635 Gflops/s) - 3664 (4028610 Gflops/s) - 3654 (4017615 Gflops/s) - 3522 (3872479 Gflops/s) - 3560 (3914261 Gflops/s) | Temperatures: 60°C - 60°C - 74°C - 71°C - 62°C - 59°C - 71°C - 73°C | Throttling: None - None - None - None - None - None - None - None
3676 (4041804 Gflops/s) - 3635 (3996724 Gflops/s) - 3555 (3908763 Gflops/s) - 3621 (3981331 Gflops/s) - 3679 (4045103 Gflops/s) - 3670 (4035207 Gflops/s) - 3541 (3893370 Gflops/s) - 3577 (3932953 Gflops/s) | Temperatures: 60°C - 60°C - 74°C - 71°C - 62°C - 59°C - 71°C - 73°C | Throttling: None - None - None - None - None - None - None - None
3684 (4050600 Gflops/s) - 3642 (4004421 Gflops/s) - 3559 (3913161 Gflops/s) - 3620 (3980232 Gflops/s) - 3686 (4052799 Gflops/s) - 3679 (4045103 Gflops/s) - 3546 (3898868 Gflops/s) - 3581 (3937351 Gflops/s) | Temperatures: 60°C - 60°C - 74°C - 71°C - 62°C - 59°C - 71°C - 73°C | Throttling: None - None - None - None - None - None - None - None
3675 (4040705 Gflops/s) - 3634 (3995625 Gflops/s) - 3555 (3908763 Gflops/s) - 3621 (3981331 Gflops/s) - 3678 (4044003 Gflops/s) - 3667 (4031909 Gflops/s) - 3555 (3908763 Gflops/s) - 3575 (3930754 Gflops/s) | Temperatures: 60°C - 60°C - 74°C - 71°C - 62°C - 59°C - 71°C - 72°C | Throttling: None - None - None - None - None - None - None - None
3676 (4041804 Gflops/s) - 3637 (3998923 Gflops/s) - 3555 (3908763 Gflops/s) - 3615 (3974734 Gflops/s) - 3678 (4044003 Gflops/s) - 3668 (4033008 Gflops/s) - 3540 (3892271 Gflops/s) - 3573 (3928555 Gflops/s) | Temperatures: 60°C - 60°C - 74°C - 71°C - 62°C - 59°C - 71°C - 72°C | Throttling: None - None - None - None - None - None - None - None
3683 (4049501 Gflops/s) - 3640 (4002222 Gflops/s) - 3559 (3913161 Gflops/s) - 3636 (3997824 Gflops/s) - 3687 (4053899 Gflops/s) - 3677 (4042904 Gflops/s) - 3546 (3898868 Gflops/s) - 3581 (3937351 Gflops/s) | Temperatures: 60°C - 60°C - 74°C - 71°C - 62°C - 59°C - 71°C - 73°C | Throttling: None - None - None - None - None - None - None - None
3826 (4206731 Gflops/s) - 3784 (4160551 Gflops/s) - 3699 (4067093 Gflops/s) - 3761 (4135263 Gflops/s) - 3829 (4210030 Gflops/s) - 3817 (4196835 Gflops/s) - 3696 (4063794 Gflops/s) - 3722 (4092382 Gflops/s) | Temperatures: 60°C - 60°C - 74°C - 71°C - 62°C - 59°C - 71°C - 72°C | Throttling: None - None - None - None - None - None - None - None
3775 (4150656 Gflops/s) - 3735 (4106675 Gflops/s) - 3650 (4013217 Gflops/s) - 3723 (4093481 Gflops/s) - 3780 (4156153 Gflops/s) - 3768 (4142959 Gflops/s) - 3640 (4002222 Gflops/s) - 3672 (4037406 Gflops/s) | Temperatures: 60°C - 60°C - 74°C - 71°C - 62°C - 59°C - 71°C - 72°C | Throttling: None - None - None - None - None - None - None - None
3664 (4028610 Gflops/s) - 3623 (3983530 Gflops/s) - 3543 (3895569 Gflops/s) - 3617 (3976933 Gflops/s) - 3666 (4030809 Gflops/s) - 3656 (4019814 Gflops/s) - 3537 (3888972 Gflops/s) - 3572 (3927455 Gflops/s) | Temperatures: 60°C - 60°C - 74°C - 71°C - 62°C - 59°C - 71°C - 72°C | Throttling: None - None - None - None - None - None - None - None
3677 (4042904 Gflops/s) - 3638 (4000023 Gflops/s) - 3557 (3910962 Gflops/s) - 3626 (3986829 Gflops/s) - 3681 (4047302 Gflops/s) - 3671 (4036307 Gflops/s) - 3541 (3893370 Gflops/s) - 3574 (3929654 Gflops/s) | Temperatures: 60°C - 60°C - 74°C - 71°C - 62°C - 59°C - 71°C - 73°C | Throttling: None - None - None - None - None - None - None - None
3683 (4049501 Gflops/s) - 3642 (4004421 Gflops/s) - 3560 (3914261 Gflops/s) - 3632 (3993426 Gflops/s) - 3685 (4051700 Gflops/s) - 3675 (4040705 Gflops/s) - 3549 (3902166 Gflops/s) - 3584 (3940649 Gflops/s) | Temperatures: 60°C - 60°C - 74°C - 71°C - 62°C - 59°C - 71°C - 72°C | Throttling: None - None - None - None - None - None - None - None
3678 (4044003 Gflops/s) - 3637 (3998923 Gflops/s) - 3556 (3909863 Gflops/s) - 3630 (3991227 Gflops/s) - 3683 (4049501 Gflops/s) - 3674 (4039605 Gflops/s) - 3544 (3896669 Gflops/s) - 3579 (3935152 Gflops/s) | Temperatures: 60°C - 60°C - 74°C - 71°C - 62°C - 59°C - 71°C - 73°C | Throttling: None - None - None - None - None - None - None - None
3676 (4041804 Gflops/s) - 3633 (3994525 Gflops/s) - 3554 (3907664 Gflops/s) - 3627 (3987928 Gflops/s) - 3679 (4045103 Gflops/s) - 3669 (4034108 Gflops/s) - 3543 (3895569 Gflops/s) - 3579 (3935152 Gflops/s) | Temperatures: 60°C - 60°C - 74°C - 71°C - 62°C - 59°C - 71°C - 72°C | Throttling: None - None - None - None - None - None - None - None
3681 (4047302 Gflops/s) - 3639 (4001122 Gflops/s) - 3559 (3913161 Gflops/s) - 3623 (3983530 Gflops/s) - 3684 (4050600 Gflops/s) - 3676 (4041804 Gflops/s) - 3556 (3909863 Gflops/s) - 3588 (3945047 Gflops/s) | Temperatures: 60°C - 60°C - 74°C - 71°C - 62°C - 59°C - 71°C - 73°C | Throttling: None - None - None - None - None - None - None - None
3679 (4045103 Gflops/s) - 3638 (4000023 Gflops/s) - 3557 (3910962 Gflops/s) - 3623 (3983530 Gflops/s) - 3682 (4048401 Gflops/s) - 3670 (4035207 Gflops/s) - 3541 (3893370 Gflops/s) - 3575 (3930754 Gflops/s) | Temperatures: 60°C - 60°C - 74°C - 71°C - 62°C - 59°C - 71°C - 72°C | Throttling: None - None - None - None - None - None - None - None
3697 (4064894 Gflops/s) - 3656 (4019814 Gflops/s) - 3574 (3929654 Gflops/s) - 3642 (4004421 Gflops/s) - 3700 (4068193 Gflops/s) - 3690 (4057197 Gflops/s) - 3559 (3913161 Gflops/s) - 3594 (3951644 Gflops/s) | Temperatures: 60°C - 60°C - 74°C - 71°C - 62°C - 59°C - 71°C - 72°C | Throttling: None - None - None - None - None - None - None - None
3680 (4046202 Gflops/s) - 3640 (4002222 Gflops/s) - 3558 (3912062 Gflops/s) - 3619 (3979132 Gflops/s) - 3683 (4049501 Gflops/s) - 3672 (4037406 Gflops/s) - 3544 (3896669 Gflops/s) - 3585 (3941749 Gflops/s) | Temperatures: 60°C - 60°C - 74°C - 71°C - 62°C - 59°C - 71°C - 73°C | Throttling: None - None - None - None - None - None - None - None
3785 (4161651 Gflops/s) - 3744 (4116571 Gflops/s) - 3659 (4023113 Gflops/s) - 3729 (4100078 Gflops/s) - 3788 (4164950 Gflops/s) - 3780 (4156153 Gflops/s) - 3659 (4023113 Gflops/s) - 3685 (4051700 Gflops/s) | Temperatures: 60°C - 60°C - 74°C - 71°C - 62°C - 59°C - 72°C - 72°C | Throttling: None - None - None - None - None - None - None - None
3785 (4161651 Gflops/s) - 3743 (4115472 Gflops/s) - 3659 (4023113 Gflops/s) - 3729 (4100078 Gflops/s) - 3788 (4164950 Gflops/s) - 3779 (4155054 Gflops/s) - 3647 (4009918 Gflops/s) - 3685 (4051700 Gflops/s) | Temperatures: 60°C - 60°C - 74°C - 71°C - 62°C - 59°C - 71°C - 72°C | Throttling: None - None - None - None - None - None - None - None
3789 (4166049 Gflops/s) - 3745 (4117671 Gflops/s) - 3665 (4029710 Gflops/s) - 3732 (4103377 Gflops/s) - 3792 (4169348 Gflops/s) - 3781 (4157253 Gflops/s) - 3642 (4004421 Gflops/s) - 3684 (4050600 Gflops/s) | Temperatures: 60°C - 60°C - 74°C - 71°C - 62°C - 59°C - 71°C - 72°C | Throttling: None - None - None - None - None - None - None - None
3785 (4161651 Gflops/s) - 3745 (4117671 Gflops/s) - 3660 (4024212 Gflops/s) - 3734 (4105576 Gflops/s) - 3787 (4163850 Gflops/s) - 3777 (4152855 Gflops/s) - 3645 (4007719 Gflops/s) - 3686 (4052799 Gflops/s) | Temperatures: 60°C - 60°C - 74°C - 71°C - 62°C - 59°C - 71°C - 72°C | Throttling: None - None - None - None - None - None - None - None
3784 (4160551 Gflops/s) - 3742 (4114372 Gflops/s) - 3659 (4023113 Gflops/s) - 3728 (4098979 Gflops/s) - 3787 (4163850 Gflops/s) - 3778 (4153954 Gflops/s) - 3640 (4002222 Gflops/s) - 3683 (4049501 Gflops/s) | Temperatures: 60°C - 60°C - 74°C - 71°C - 62°C - 59°C - 71°C - 72°C | Throttling: None - None - None - None - None - None - None - None
3788 (4164950 Gflops/s) - 3747 (4119870 Gflops/s) - 3662 (4026411 Gflops/s) - 3736 (4107775 Gflops/s) - 3791 (4168248 Gflops/s) - 3782 (4158352 Gflops/s) - 3645 (4007719 Gflops/s) - 3689 (4056098 Gflops/s) | Temperatures: 60°C - 60°C - 74°C - 71°C - 62°C - 59°C - 71°C - 72°C | Throttling: None - None - None - None - None - None - None - None
3785 (4161651 Gflops/s) - 3742 (4114372 Gflops/s) - 3658 (4022013 Gflops/s) - 3732 (4103377 Gflops/s) - 3788 (4164950 Gflops/s) - 3775 (4150656 Gflops/s) - 3645 (4007719 Gflops/s) - 3685 (4051700 Gflops/s) | Temperatures: 60°C - 60°C - 74°C - 71°C - 62°C - 59°C - 71°C - 72°C | Throttling: None - None - None - None - None - None - None - None
3784 (4160551 Gflops/s) - 3742 (4114372 Gflops/s) - 3659 (4023113 Gflops/s) - 3722 (4092382 Gflops/s) - 3788 (4164950 Gflops/s) - 3775 (4150656 Gflops/s) - 3647 (4009918 Gflops/s) - 3677 (4042904 Gflops/s) | Temperatures: 60°C - 60°C - 74°C - 71°C - 62°C - 59°C - 71°C - 72°C | Throttling: None - None - None - None - None - None - None - None
3785 (4161651 Gflops/s) - 3746 (4118770 Gflops/s) - 3660 (4024212 Gflops/s) - 3731 (4102277 Gflops/s) - 3787 (4163850 Gflops/s) - 3776 (4151755 Gflops/s) - 3645 (4007719 Gflops/s) - 3685 (4051700 Gflops/s) | Temperatures: 60°C - 60°C - 74°C - 71°C - 62°C - 59°C - 71°C - 72°C | Throttling: None - None - None - None - None - None - None - None
3789 (4166049 Gflops/s) - 3745 (4117671 Gflops/s) - 3662 (4026411 Gflops/s) - 3732 (4103377 Gflops/s) - 3792 (4169348 Gflops/s) - 3782 (4158352 Gflops/s) - 3655 (4018714 Gflops/s) - 3687 (4053899 Gflops/s) | Temperatures: 60°C - 61°C - 74°C - 71°C - 62°C - 59°C - 71°C - 72°C | Throttling: None - None - None - None - None - None - None - None
3785 (4161651 Gflops/s) - 3743 (4115472 Gflops/s) - 3658 (4022013 Gflops/s) - 3723 (4093481 Gflops/s) - 3788 (4164950 Gflops/s) - 3777 (4152855 Gflops/s) - 3645 (4007719 Gflops/s) - 3683 (4049501 Gflops/s) | Temperatures: 60°C - 60°C - 74°C - 71°C - 62°C - 59°C - 71°C - 73°C | Throttling: None - None - None - None - None - None - None - None
3784 (4160551 Gflops/s) - 3742 (4114372 Gflops/s) - 3657 (4020914 Gflops/s) - 3723 (4093481 Gflops/s) - 3788 (4164950 Gflops/s) - 3780 (4156153 Gflops/s) - 3649 (4012117 Gflops/s) - 3687 (4053899 Gflops/s) | Temperatures: 60°C - 60°C - 74°C - 71°C - 62°C - 59°C - 71°C - 72°C | Throttling: None - None - None - None - None - None - None - None
3783 (4159452 Gflops/s) - 3741 (4113272 Gflops/s) - 3657 (4020914 Gflops/s) - 3723 (4093481 Gflops/s) - 3786 (4162751 Gflops/s) - 3778 (4153954 Gflops/s) - 3643 (4005520 Gflops/s) - 3677 (4042904 Gflops/s) | Temperatures: 60°C - 60°C - 74°C - 71°C - 62°C - 59°C - 71°C - 72°C | Throttling: None - None - None - None - None - None - None - None
3789 (4166049 Gflops/s) - 3745 (4117671 Gflops/s) - 3663 (4027511 Gflops/s) - 3728 (4098979 Gflops/s) - 3791 (4168248 Gflops/s) - 3780 (4156153 Gflops/s) - 3652 (4015416 Gflops/s) - 3690 (4057197 Gflops/s) | Temperatures: 60°C - 60°C - 74°C - 71°C - 62°C - 59°C - 71°C - 73°C | Throttling: None - None - None - None - None - None - None - None
3784 (4160551 Gflops/s) - 3745 (4117671 Gflops/s) - 3658 (4022013 Gflops/s) - 3735 (4106675 Gflops/s) - 3788 (4164950 Gflops/s) - 3777 (4152855 Gflops/s) - 3644 (4006620 Gflops/s) - 3685 (4051700 Gflops/s) | Temperatures: 60°C - 61°C - 74°C - 71°C - 62°C - 59°C - 71°C - 73°C | Throttling: None - None - None - None - None - None - None - None
3785 (4161651 Gflops/s) - 3742 (4114372 Gflops/s) - 3658 (4022013 Gflops/s) - 3740 (4112173 Gflops/s) - 3788 (4164950 Gflops/s) - 3778 (4153954 Gflops/s) - 3655 (4018714 Gflops/s) - 3681 (4047302 Gflops/s) | Temperatures: 60°C - 60°C - 74°C - 71°C - 62°C - 59°C - 71°C - 72°C | Throttling: None - None - None - None - None - None - None - None
3784 (4160551 Gflops/s) - 3743 (4115472 Gflops/s) - 3660 (4024212 Gflops/s) - 3742 (4114372 Gflops/s) - 3787 (4163850 Gflops/s) - 3781 (4157253 Gflops/s) - 3643 (4005520 Gflops/s) - 3687 (4053899 Gflops/s) | Temperatures: 60°C - 61°C - 74°C - 71°C - 62°C - 59°C - 71°C - 72°C | Throttling: None - None - None - None - None - None - None - None
3785 (4161651 Gflops/s) - 3746 (4118770 Gflops/s) - 3659 (4023113 Gflops/s) - 3733 (4104476 Gflops/s) - 3789 (4166049 Gflops/s) - 3777 (4152855 Gflops/s) - 3643 (4005520 Gflops/s) - 3682 (4048401 Gflops/s) | Temperatures: 60°C - 60°C - 74°C - 71°C - 62°C - 59°C - 71°C - 72°C | Throttling: None - None - None - None - None - None - None - None
3789 (4166049 Gflops/s) - 3747 (4119870 Gflops/s) - 3664 (4028610 Gflops/s) - 3733 (4104476 Gflops/s) - 3791 (4168248 Gflops/s) - 3782 (4158352 Gflops/s) - 3652 (4015416 Gflops/s) - 3687 (4053899 Gflops/s) | Temperatures: 60°C - 60°C - 74°C - 71°C - 62°C - 59°C - 71°C - 72°C | Throttling: None - None - None - None - None - None - None - None
3785 (4161651 Gflops/s) - 3746 (4118770 Gflops/s) - 3660 (4024212 Gflops/s) - 3730 (4101178 Gflops/s) - 3789 (4166049 Gflops/s) - 3779 (4155054 Gflops/s) - 3636 (3997824 Gflops/s) - 3684 (4050600 Gflops/s) | Temperatures: 60°C - 60°C - 74°C - 71°C - 62°C - 59°C - 71°C - 73°C | Throttling: None - None - None - None - None - None - None - None
3784 (4160551 Gflops/s) - 3745 (4117671 Gflops/s) - 3658 (4022013 Gflops/s) - 3724 (4094581 Gflops/s) - 3787 (4163850 Gflops/s) - 3778 (4153954 Gflops/s) - 3641 (4003321 Gflops/s) - 3683 (4049501 Gflops/s) | Temperatures: 60°C - 61°C - 74°C - 71°C - 62°C - 59°C - 71°C - 73°C | Throttling: None - None - None - None - None - None - None - None
3785 (4161651 Gflops/s) - 3742 (4114372 Gflops/s) - 3658 (4022013 Gflops/s) - 3729 (4100078 Gflops/s) - 3788 (4164950 Gflops/s) - 3779 (4155054 Gflops/s) - 3651 (4014316 Gflops/s) - 3679 (4045103 Gflops/s) | Temperatures: 60°C - 60°C - 74°C - 71°C - 62°C - 59°C - 71°C - 72°C | Throttling: None - None - None - None - None - None - None - None
3784 (4160551 Gflops/s) - 3743 (4115472 Gflops/s) - 3658 (4022013 Gflops/s) - 3727 (4097879 Gflops/s) - 3787 (4163850 Gflops/s) - 3779 (4155054 Gflops/s) - 3656 (4019814 Gflops/s) - 3684 (4050600 Gflops/s) | Temperatures: 60°C - 60°C - 74°C - 71°C - 62°C - 59°C - 71°C - 73°C | Throttling: None - None - None - None - None - None - None - None
3789 (4166049 Gflops/s) - 3744 (4116571 Gflops/s) - 3662 (4026411 Gflops/s) - 3743 (4115472 Gflops/s) - 3791 (4168248 Gflops/s) - 3781 (4157253 Gflops/s) - 3648 (4011018 Gflops/s) - 3687 (4053899 Gflops/s) | Temperatures: 60°C - 60°C - 74°C - 71°C - 62°C - 59°C - 71°C - 72°C | Throttling: None - None - None - None - None - None - None - None
3786 (4162751 Gflops/s) - 3743 (4115472 Gflops/s) - 3659 (4023113 Gflops/s) - 3725 (4095680 Gflops/s) - 3789 (4166049 Gflops/s) - 3780 (4156153 Gflops/s) - 3646 (4008819 Gflops/s) - 3687 (4053899 Gflops/s) | Temperatures: 60°C - 60°C - 74°C - 71°C - 62°C - 59°C - 71°C - 72°C | Throttling: None - None - None - None - None - None - None - None
3784 (4160551 Gflops/s) - 3741 (4113272 Gflops/s) - 3660 (4024212 Gflops/s) - 3721 (4091282 Gflops/s) - 3786 (4162751 Gflops/s) - 3779 (4155054 Gflops/s) - 3642 (4004421 Gflops/s) - 3682 (4048401 Gflops/s) | Temperatures: 60°C - 60°C - 74°C - 71°C - 62°C - 59°C - 71°C - 72°C | Throttling: None - None - None - None - None - None - None - None
3784 (4160551 Gflops/s) - 3745 (4117671 Gflops/s) - 3658 (4022013 Gflops/s) - 3736 (4107775 Gflops/s) - 3788 (4164950 Gflops/s) - 3776 (4151755 Gflops/s) - 3636 (3997824 Gflops/s) - 3688 (4054998 Gflops/s) | Temperatures: 60°C - 60°C - 74°C - 71°C - 62°C - 59°C - 71°C - 72°C | Throttling: None - None - None - None - None - None - None - None
3789 (4166049 Gflops/s) - 3750 (4123168 Gflops/s) - 3662 (4026411 Gflops/s) - 3731 (4102277 Gflops/s) - 3792 (4169348 Gflops/s) - 3779 (4155054 Gflops/s) - 3648 (4011018 Gflops/s) - 3685 (4051700 Gflops/s) | Temperatures: 60°C - 61°C - 74°C - 71°C - 62°C - 59°C - 71°C - 72°C | Throttling: None - None - None - None - None - None - None - None
3783 (4159452 Gflops/s) - 3744 (4116571 Gflops/s) - 3658 (4022013 Gflops/s) - 3724 (4094581 Gflops/s) - 3787 (4163850 Gflops/s) - 3777 (4152855 Gflops/s) - 3642 (4004421 Gflops/s) - 3682 (4048401 Gflops/s) | Temperatures: 60°C - 60°C - 74°C - 71°C - 62°C - 59°C - 71°C - 72°C | Throttling: None - None - None - None - None - None - None - None
3785 (4161651 Gflops/s) - 3741 (4113272 Gflops/s) - 3660 (4024212 Gflops/s) - 3727 (4097879 Gflops/s) - 3788 (4164950 Gflops/s) - 3777 (4152855 Gflops/s) - 3652 (4015416 Gflops/s) - 3679 (4045103 Gflops/s) | Temperatures: 60°C - 60°C - 74°C - 71°C - 62°C - 59°C - 71°C - 73°C | Throttling: None - None - None - None - None - None - None - None
3785 (4161651 Gflops/s) - 3742 (4114372 Gflops/s) - 3660 (4024212 Gflops/s) - 3734 (4105576 Gflops/s) - 3787 (4163850 Gflops/s) - 3778 (4153954 Gflops/s) - 3652 (4015416 Gflops/s) - 3678 (4044003 Gflops/s) | Temperatures: 60°C - 60°C - 74°C - 71°C - 62°C - 59°C - 71°C - 72°C | Throttling: None - None - None - None - None - None - None - None
3789 (4166049 Gflops/s) - 3747 (4119870 Gflops/s) - 3661 (4025312 Gflops/s) - 3736 (4107775 Gflops/s) - 3792 (4169348 Gflops/s) - 3780 (4156153 Gflops/s) - 3648 (4011018 Gflops/s) - 3687 (4053899 Gflops/s) | Temperatures: 60°C - 60°C - 74°C - 71°C - 62°C - 59°C - 71°C - 72°C | Throttling: None - None - None - None - None - None - None - None
3785 (4161651 Gflops/s) - 3741 (4113272 Gflops/s) - 3658 (4022013 Gflops/s) - 3734 (4105576 Gflops/s) - 3787 (4163850 Gflops/s) - 3776 (4151755 Gflops/s) - 3653 (4016515 Gflops/s) - 3686 (4052799 Gflops/s) | Temperatures: 60°C - 60°C - 74°C - 71°C - 62°C - 59°C - 71°C - 72°C | Throttling: None - None - None - None - None - None - None - None
3784 (4160551 Gflops/s) - 3743 (4115472 Gflops/s) - 3656 (4019814 Gflops/s) - 3729 (4100078 Gflops/s) - 3788 (4164950 Gflops/s) - 3777 (4152855 Gflops/s) - 3656 (4019814 Gflops/s) - 3687 (4053899 Gflops/s) | Temperatures: 60°C - 60°C - 74°C - 71°C - 62°C - 59°C - 71°C - 72°C | Throttling: None - None - None - None - None - None - None - None
3785 (4161651 Gflops/s) - 3743 (4115472 Gflops/s) - 3658 (4022013 Gflops/s) - 3733 (4104476 Gflops/s) - 3788 (4164950 Gflops/s) - 3778 (4153954 Gflops/s) - 3646 (4008819 Gflops/s) - 3683 (4049501 Gflops/s) | Temperatures: 60°C - 60°C - 74°C - 71°C - 62°C - 59°C - 71°C - 72°C | Throttling: None - None - None - None - None - None - None - None
3788 (4164950 Gflops/s) - 3747 (4119870 Gflops/s) - 3662 (4026411 Gflops/s) - 3737 (4108874 Gflops/s) - 3791 (4168248 Gflops/s) - 3780 (4156153 Gflops/s) - 3646 (4008819 Gflops/s) - 3687 (4053899 Gflops/s) | Temperatures: 60°C - 60°C - 74°C - 71°C - 62°C - 59°C - 71°C - 72°C | Throttling: None - None - None - None - None - None - None - None
3786 (4162751 Gflops/s) - 3742 (4114372 Gflops/s) - 3659 (4023113 Gflops/s) - 3735 (4106675 Gflops/s) - 3788 (4164950 Gflops/s) - 3779 (4155054 Gflops/s) - 3649 (4012117 Gflops/s) - 3682 (4048401 Gflops/s) | Temperatures: 60°C - 60°C - 74°C - 71°C - 62°C - 59°C - 71°C - 72°C | Throttling: None - None - None - None - None - None - None - None
3785 (4161651 Gflops/s) - 3741 (4113272 Gflops/s) - 3658 (4022013 Gflops/s) - 3733 (4104476 Gflops/s) - 3788 (4164950 Gflops/s) - 3777 (4152855 Gflops/s) - 3648 (4011018 Gflops/s) - 3680 (4046202 Gflops/s) | Temperatures: 60°C - 60°C - 74°C - 71°C - 62°C - 59°C - 71°C - 72°C | Throttling: None - None - None - None - None - None - None - None
3784 (4160551 Gflops/s) - 3743 (4115472 Gflops/s) - 3659 (4023113 Gflops/s) - 3727 (4097879 Gflops/s) - 3788 (4164950 Gflops/s) - 3776 (4151755 Gflops/s) - 3642 (4004421 Gflops/s) - 3679 (4045103 Gflops/s) | Temperatures: 60°C - 60°C - 74°C - 71°C - 62°C - 59°C - 71°C - 72°C | Throttling: None - None - None - None - None - None - None - None
3789 (4166049 Gflops/s) - 3745 (4117671 Gflops/s) - 3662 (4026411 Gflops/s) - 3742 (4114372 Gflops/s) - 3792 (4169348 Gflops/s) - 3780 (4156153 Gflops/s) - 3651 (4014316 Gflops/s) - 3690 (4057197 Gflops/s) | Temperatures: 60°C - 60°C - 74°C - 71°C - 62°C - 59°C - 71°C - 72°C | Throttling: None - None - None - None - None - None - None - None
3785 (4161651 Gflops/s) - 3744 (4116571 Gflops/s) - 3657 (4020914 Gflops/s) - 3728 (4098979 Gflops/s) - 3789 (4166049 Gflops/s) - 3779 (4155054 Gflops/s) - 3650 (4013217 Gflops/s) - 3685 (4051700 Gflops/s) | Temperatures: 60°C - 60°C - 74°C - 71°C - 62°C - 59°C - 71°C - 72°C | Throttling: None - None - None - None - None - None - None - None
3786 (4162751 Gflops/s) - 3744 (4116571 Gflops/s) - 3658 (4022013 Gflops/s) - 3738 (4109974 Gflops/s) - 3788 (4164950 Gflops/s) - 3778 (4153954 Gflops/s) - 3651 (4014316 Gflops/s) - 3682 (4048401 Gflops/s) | Temperatures: 60°C - 61°C - 74°C - 71°C - 62°C - 59°C - 72°C - 72°C | Throttling: None - None - None - None - None - None - None - None
3788 (4164950 Gflops/s) - 3746 (4118770 Gflops/s) - 3663 (4027511 Gflops/s) - 3725 (4095680 Gflops/s) - 3790 (4167149 Gflops/s) - 3782 (4158352 Gflops/s) - 3641 (4003321 Gflops/s) - 3681 (4047302 Gflops/s) | Temperatures: 60°C - 60°C - 74°C - 71°C - 62°C - 59°C - 71°C - 73°C | Throttling: None - None - None - None - None - None - None - None
3785 (4161651 Gflops/s) - 3742 (4114372 Gflops/s) - 3658 (4022013 Gflops/s) - 3725 (4095680 Gflops/s) - 3788 (4164950 Gflops/s) - 3778 (4153954 Gflops/s) - 3648 (4011018 Gflops/s) - 3682 (4048401 Gflops/s) | Temperatures: 60°C - 60°C - 74°C - 71°C - 62°C - 59°C - 71°C - 72°C | Throttling: None - None - None - None - None - None - None - None
3785 (4161651 Gflops/s) - 3745 (4117671 Gflops/s) - 3658 (4022013 Gflops/s) - 3727 (4097879 Gflops/s) - 3788 (4164950 Gflops/s) - 3776 (4151755 Gflops/s) - 3648 (4011018 Gflops/s) - 3685 (4051700 Gflops/s) | Temperatures: 60°C - 61°C - 74°C - 71°C - 62°C - 59°C - 71°C - 72°C | Throttling: None - None - None - None - None - None - None - None
3785 (4161651 Gflops/s) - 3743 (4115472 Gflops/s) - 3658 (4022013 Gflops/s) - 3730 (4101178 Gflops/s) - 3789 (4166049 Gflops/s) - 3779 (4155054 Gflops/s) - 3648 (4011018 Gflops/s) - 3684 (4050600 Gflops/s) | Temperatures: 60°C - 60°C - 74°C - 71°C - 62°C - 59°C - 71°C - 72°C | Throttling: None - None - None - None - None - None - None - None
3785 (4161651 Gflops/s) - 3742 (4114372 Gflops/s) - 3658 (4022013 Gflops/s) - 3729 (4100078 Gflops/s) - 3788 (4164950 Gflops/s) - 3775 (4150656 Gflops/s) - 3643 (4005520 Gflops/s) - 3681 (4047302 Gflops/s) | Temperatures: 60°C - 61°C - 74°C - 71°C - 62°C - 59°C - 71°C - 72°C | Throttling: None - None - None - None - None - None - None - None
3789 (4166049 Gflops/s) - 3748 (4120969 Gflops/s) - 3662 (4026411 Gflops/s) - 3731 (4102277 Gflops/s) - 3791 (4168248 Gflops/s) - 3783 (4159452 Gflops/s) - 3646 (4008819 Gflops/s) - 3688 (4054998 Gflops/s) | Temperatures: 60°C - 60°C - 74°C - 71°C - 62°C - 59°C - 71°C - 72°C | Throttling: None - None - None - None - None - None - None - None
3785 (4161651 Gflops/s) - 3741 (4113272 Gflops/s) - 3659 (4023113 Gflops/s) - 3723 (4093481 Gflops/s) - 3787 (4163850 Gflops/s) - 3777 (4152855 Gflops/s) - 3643 (4005520 Gflops/s) - 3688 (4054998 Gflops/s) | Temperatures: 60°C - 60°C - 74°C - 71°C - 62°C - 59°C - 71°C - 72°C | Throttling: None - None - None - None - None - None - None - None
3784 (4160551 Gflops/s) - 3744 (4116571 Gflops/s) - 3659 (4023113 Gflops/s) - 3721 (4091282 Gflops/s) - 3788 (4164950 Gflops/s) - 3777 (4152855 Gflops/s) - 3646 (4008819 Gflops/s) - 3679 (4045103 Gflops/s) | Temperatures: 60°C - 61°C - 74°C - 71°C - 62°C - 59°C - 71°C - 72°C | Throttling: None - None - None - None - None - None - None - None
3789 (4166049 Gflops/s) - 3747 (4119870 Gflops/s) - 3664 (4028610 Gflops/s) - 3734 (4105576 Gflops/s) - 3792 (4169348 Gflops/s) - 3781 (4157253 Gflops/s) - 3654 (4017615 Gflops/s) - 3683 (4049501 Gflops/s) | Temperatures: 60°C - 60°C - 74°C - 71°C - 62°C - 59°C - 71°C - 73°C | Throttling: None - None - None - None - None - None - None - None
3785 (4161651 Gflops/s) - 3742 (4114372 Gflops/s) - 3659 (4023113 Gflops/s) - 3730 (4101178 Gflops/s) - 3788 (4164950 Gflops/s) - 3779 (4155054 Gflops/s) - 3651 (4014316 Gflops/s) - 3686 (4052799 Gflops/s) | Temperatures: 60°C - 60°C - 74°C - 71°C - 62°C - 59°C - 71°C - 72°C | Throttling: None - None - None - None - None - None - None - None
3784 (4160551 Gflops/s) - 3742 (4114372 Gflops/s) - 3658 (4022013 Gflops/s) - 3731 (4102277 Gflops/s) - 3787 (4163850 Gflops/s) - 3776 (4151755 Gflops/s) - 3634 (3995625 Gflops/s) - 3688 (4054998 Gflops/s) | Temperatures: 60°C - 60°C - 74°C - 71°C - 62°C - 59°C - 71°C - 72°C | Throttling: None - None - None - None - None - None - None - None
3787 (4163850 Gflops/s) - 3748 (4120969 Gflops/s) - 3663 (4027511 Gflops/s) - 3737 (4108874 Gflops/s) - 3790 (4167149 Gflops/s) - 3782 (4158352 Gflops/s) - 3651 (4014316 Gflops/s) - 3681 (4047302 Gflops/s) | Temperatures: 60°C - 60°C - 74°C - 71°C - 62°C - 59°C - 71°C - 72°C | Throttling: None - None - None - None - None - None - None - None
3759 (4133064 Gflops/s) - 3717 (4086884 Gflops/s) - 3632 (3993426 Gflops/s) - 3708 (4076989 Gflops/s) - 3761 (4135263 Gflops/s) - 3750 (4123168 Gflops/s) - 3620 (3980232 Gflops/s) - 3658 (4022013 Gflops/s) | Temperatures: 60°C - 60°C - 74°C - 71°C - 62°C - 59°C - 71°C - 72°C | Throttling: None - None - None - None - None - None - None - None
3680 (4046202 Gflops/s) - 3640 (4002222 Gflops/s) - 3556 (3909863 Gflops/s) - 3623 (3983530 Gflops/s) - 3682 (4048401 Gflops/s) - 3671 (4036307 Gflops/s) - 3545 (3897768 Gflops/s) - 3579 (3935152 Gflops/s) | Temperatures: 60°C - 60°C - 74°C - 71°C - 62°C - 59°C - 71°C - 72°C | Throttling: None - None - None - None - None - None - None - None
3681 (4047302 Gflops/s) - 3640 (4002222 Gflops/s) - 3560 (3914261 Gflops/s) - 3631 (3992326 Gflops/s) - 3685 (4051700 Gflops/s) - 3676 (4041804 Gflops/s) - 3544 (3896669 Gflops/s) - 3588 (3945047 Gflops/s) | Temperatures: 60°C - 60°C - 74°C - 71°C - 62°C - 59°C - 71°C - 72°C | Throttling: None - None - None - None - None - None - None - None
3683 (4049501 Gflops/s) - 3643 (4005520 Gflops/s) - 3560 (3914261 Gflops/s) - 3628 (3989028 Gflops/s) - 3686 (4052799 Gflops/s) - 3675 (4040705 Gflops/s) - 3547 (3899967 Gflops/s) - 3589 (3946147 Gflops/s) | Temperatures: 60°C - 60°C - 74°C - 71°C - 62°C - 59°C - 71°C - 72°C | Throttling: None - None - None - None - None - None - None - None
3679 (4045103 Gflops/s) - 3639 (4001122 Gflops/s) - 3558 (3912062 Gflops/s) - 3619 (3979132 Gflops/s) - 3681 (4047302 Gflops/s) - 3672 (4037406 Gflops/s) - 3542 (3894470 Gflops/s) - 3580 (3936251 Gflops/s) | Temperatures: 60°C - 60°C - 74°C - 71°C - 62°C - 59°C - 71°C - 72°C | Throttling: None - None - None - None - None - None - None - None
3683 (4049501 Gflops/s) - 3641 (4003321 Gflops/s) - 3563 (3917559 Gflops/s) - 3630 (3991227 Gflops/s) - 3686 (4052799 Gflops/s) - 3676 (4041804 Gflops/s) - 3544 (3896669 Gflops/s) - 3586 (3942848 Gflops/s) | Temperatures: 60°C - 60°C - 74°C - 71°C - 62°C - 59°C - 71°C - 72°C | Throttling: None - None - None - None - None - None - None - None
3681 (4047302 Gflops/s) - 3642 (4004421 Gflops/s) - 3557 (3910962 Gflops/s) - 3631 (3992326 Gflops/s) - 3685 (4051700 Gflops/s) - 3676 (4041804 Gflops/s) - 3545 (3897768 Gflops/s) - 3580 (3936251 Gflops/s) | Temperatures: 60°C - 60°C - 74°C - 71°C - 62°C - 59°C - 71°C - 72°C | Throttling: None - None - None - None - None - None - None - None
3679 (4045103 Gflops/s) - 3638 (4000023 Gflops/s) - 3557 (3910962 Gflops/s) - 3625 (3985729 Gflops/s) - 3683 (4049501 Gflops/s) - 3674 (4039605 Gflops/s) - 3547 (3899967 Gflops/s) - 3583 (3939550 Gflops/s) | Temperatures: 60°C - 60°C - 74°C - 71°C - 62°C - 59°C - 71°C - 72°C | Throttling: None - None - None - None - None - None - None - None
3698 (4065993 Gflops/s) - 3660 (4024212 Gflops/s) - 3575 (3930754 Gflops/s) - 3647 (4009918 Gflops/s) - 3699 (4067093 Gflops/s) - 3692 (4059396 Gflops/s) - 3554 (3907664 Gflops/s) - 3597 (3954943 Gflops/s) | Temperatures: 60°C - 60°C - 74°C - 71°C - 62°C - 59°C - 71°C - 73°C | Throttling: None - None - None - None - None - None - None - None
3668 (4033008 Gflops/s) - 3625 (3985729 Gflops/s) - 3545 (3897768 Gflops/s) - 3605 (3963739 Gflops/s) - 3672 (4037406 Gflops/s) - 3661 (4025312 Gflops/s) - 3527 (3877977 Gflops/s) - 3572 (3927455 Gflops/s) | Temperatures: 60°C - 60°C - 74°C - 71°C - 62°C - 59°C - 71°C - 72°C | Throttling: None - None - None - None - None - None - None - None
3679 (4045103 Gflops/s) - 3640 (4002222 Gflops/s) - 3556 (3909863 Gflops/s) - 3625 (3985729 Gflops/s) - 3681 (4047302 Gflops/s) - 3669 (4034108 Gflops/s) - 3533 (3884574 Gflops/s) - 3583 (3939550 Gflops/s) | Temperatures: 60°C - 60°C - 74°C - 71°C - 62°C - 59°C - 71°C - 72°C | Throttling: None - None - None - None - None - None - None - None
3686 (4052799 Gflops/s) - 3647 (4009918 Gflops/s) - 3563 (3917559 Gflops/s) - 3623 (3983530 Gflops/s) - 3689 (4056098 Gflops/s) - 3678 (4044003 Gflops/s) - 3558 (3912062 Gflops/s) - 3584 (3940649 Gflops/s) | Temperatures: 60°C - 61°C - 74°C - 71°C - 62°C - 59°C - 71°C - 72°C | Throttling: None - None - None - None - None - None - None - None
3679 (4045103 Gflops/s) - 3636 (3997824 Gflops/s) - 3559 (3913161 Gflops/s) - 3620 (3980232 Gflops/s) - 3682 (4048401 Gflops/s) - 3671 (4036307 Gflops/s) - 3538 (3890072 Gflops/s) - 3576 (3931853 Gflops/s) | Temperatures: 60°C - 60°C - 74°C - 71°C - 62°C - 59°C - 71°C - 72°C | Throttling: None - None - None - None - None - None - None - None
3680 (4046202 Gflops/s) - 3638 (4000023 Gflops/s) - 3558 (3912062 Gflops/s) - 3626 (3986829 Gflops/s) - 3682 (4048401 Gflops/s) - 3672 (4037406 Gflops/s) - 3558 (3912062 Gflops/s) - 3579 (3935152 Gflops/s) | Temperatures: 60°C - 60°C - 74°C - 71°C - 62°C - 59°C - 71°C - 72°C | Throttling: None - None - None - None - None - None - None - None
3680 (4046202 Gflops/s) - 3639 (4001122 Gflops/s) - 3558 (3912062 Gflops/s) - 3619 (3979132 Gflops/s) - 3683 (4049501 Gflops/s) - 3674 (4039605 Gflops/s) - 3544 (3896669 Gflops/s) - 3576 (3931853 Gflops/s) | Temperatures: 60°C - 60°C - 74°C - 71°C - 62°C - 59°C - 71°C - 72°C | Throttling: None - None - None - None - None - None - None - None
3685 (4051700 Gflops/s) - 3644 (4006620 Gflops/s) - 3563 (3917559 Gflops/s) - 3628 (3989028 Gflops/s) - 3689 (4056098 Gflops/s) - 3677 (4042904 Gflops/s) - 3554 (3907664 Gflops/s) - 3589 (3946147 Gflops/s) | Temperatures: 60°C - 60°C - 74°C - 71°C - 62°C - 59°C - 71°C - 72°C | Throttling: None - None - None - None - None - None - None - None
3699 (4067093 Gflops/s) - 3660 (4024212 Gflops/s) - 3575 (3930754 Gflops/s) - 3632 (3993426 Gflops/s) - 3701 (4069292 Gflops/s) - 3693 (4060496 Gflops/s) - 3562 (3916460 Gflops/s) - 3604 (3962639 Gflops/s) | Temperatures: 60°C - 60°C - 74°C - 71°C - 62°C - 59°C - 71°C - 72°C | Throttling: None - None - None - None - None - None - None - None
3664 (4028610 Gflops/s) - 3623 (3983530 Gflops/s) - 3543 (3895569 Gflops/s) - 3607 (3965938 Gflops/s) - 3667 (4031909 Gflops/s) - 3656 (4019814 Gflops/s) - 3532 (3883475 Gflops/s) - 3561 (3915360 Gflops/s) | Temperatures: 60°C - 60°C - 74°C - 71°C - 62°C - 59°C - 71°C - 72°C | Throttling: None - None - None - None - None - None - None - None
3682 (4048401 Gflops/s) - 3640 (4002222 Gflops/s) - 3560 (3914261 Gflops/s) - 3627 (3987928 Gflops/s) - 3685 (4051700 Gflops/s) - 3678 (4044003 Gflops/s) - 3541 (3893370 Gflops/s) - 3577 (3932953 Gflops/s) | Temperatures: 60°C - 60°C - 74°C - 71°C - 62°C - 59°C - 71°C - 72°C | Throttling: None - None - None - None - None - None - None - None
3682 (4048401 Gflops/s) - 3645 (4007719 Gflops/s) - 3560 (3914261 Gflops/s) - 3632 (3993426 Gflops/s) - 3686 (4052799 Gflops/s) - 3675 (4040705 Gflops/s) - 3561 (3915360 Gflops/s) - 3588 (3945047 Gflops/s) | Temperatures: 60°C - 60°C - 74°C - 71°C - 62°C - 59°C - 71°C - 72°C | Throttling: None - None - None - None - None - None - None - None
3679 (4045103 Gflops/s) - 3640 (4002222 Gflops/s) - 3559 (3913161 Gflops/s) - 3630 (3991227 Gflops/s) - 3682 (4048401 Gflops/s) - 3673 (4038506 Gflops/s) - 3545 (3897768 Gflops/s) - 3587 (3943948 Gflops/s) | Temperatures: 60°C - 60°C - 74°C - 71°C - 62°C - 59°C - 71°C - 72°C | Throttling: None - None - None - None - None - None - None - None
3683 (4049501 Gflops/s) - 3641 (4003321 Gflops/s) - 3562 (3916460 Gflops/s) - 3625 (3985729 Gflops/s) - 3687 (4053899 Gflops/s) - 3677 (4042904 Gflops/s) - 3546 (3898868 Gflops/s) - 3584 (3940649 Gflops/s) | Temperatures: 60°C - 60°C - 74°C - 71°C - 62°C - 59°C - 71°C - 72°C | Throttling: None - None - None - None - None - None - None - None
3681 (4047302 Gflops/s) - 3645 (4007719 Gflops/s) - 3560 (3914261 Gflops/s) - 3625 (3985729 Gflops/s) - 3684 (4050600 Gflops/s) - 3674 (4039605 Gflops/s) - 3559 (3913161 Gflops/s) - 3589 (3946147 Gflops/s) | Temperatures: 60°C - 60°C - 74°C - 71°C - 62°C - 59°C - 71°C - 72°C | Throttling: None - None - None - None - None - None - None - None
3679 (4045103 Gflops/s) - 3644 (4006620 Gflops/s) - 3555 (3908763 Gflops/s) - 3632 (3993426 Gflops/s) - 3681 (4047302 Gflops/s) - 3675 (4040705 Gflops/s) - 3550 (3903266 Gflops/s) - 3576 (3931853 Gflops/s) | Temperatures: 60°C - 60°C - 74°C - 71°C - 62°C - 59°C - 71°C - 72°C | Throttling: None - None - None - None - None - None - None - None
3701 (4069292 Gflops/s) - 3656 (4019814 Gflops/s) - 3580 (3936251 Gflops/s) - 3655 (4018714 Gflops/s) - 3705 (4073690 Gflops/s) - 3692 (4059396 Gflops/s) - 3572 (3927455 Gflops/s) - 3599 (3957142 Gflops/s) | Temperatures: 60°C - 60°C - 74°C - 71°C - 62°C - 59°C - 71°C - 72°C | Throttling: None - None - None - None - None - None - None - None
3665 (4029710 Gflops/s) - 3623 (3983530 Gflops/s) - 3541 (3893370 Gflops/s) - 3609 (3968137 Gflops/s) - 3666 (4030809 Gflops/s) - 3657 (4020914 Gflops/s) - 3536 (3887873 Gflops/s) - 3564 (3918659 Gflops/s) | Temperatures: 60°C - 60°C - 74°C - 71°C - 62°C - 59°C - 71°C - 72°C | Throttling: None - None - None - None - None - None - None - None
3683 (4049501 Gflops/s) - 3644 (4006620 Gflops/s) - 3558 (3912062 Gflops/s) - 3621 (3981331 Gflops/s) - 3685 (4051700 Gflops/s) - 3675 (4040705 Gflops/s) - 3550 (3903266 Gflops/s) - 3587 (3943948 Gflops/s) | Temperatures: 60°C - 60°C - 74°C - 71°C - 62°C - 59°C - 71°C - 72°C | Throttling: None - None - None - None - None - None - None - None
3683 (4049501 Gflops/s) - 3641 (4003321 Gflops/s) - 3562 (3916460 Gflops/s) - 3623 (3983530 Gflops/s) - 3687 (4053899 Gflops/s) - 3676 (4041804 Gflops/s) - 3547 (3899967 Gflops/s) - 3583 (3939550 Gflops/s) | Temperatures: 60°C - 60°C - 74°C - 71°C - 62°C - 59°C - 71°C - 72°C | Throttling: None - None - None - None - None - None - None - None
3680 (4046202 Gflops/s) - 3640 (4002222 Gflops/s) - 3557 (3910962 Gflops/s) - 3630 (3991227 Gflops/s) - 3682 (4048401 Gflops/s) - 3674 (4039605 Gflops/s) - 3546 (3898868 Gflops/s) - 3583 (3939550 Gflops/s) | Temperatures: 60°C - 60°C - 74°C - 71°C - 62°C - 59°C - 71°C - 72°C | Throttling: None - None - None - None - None - None - None - None
3680 (4046202 Gflops/s) - 3638 (4000023 Gflops/s) - 3558 (3912062 Gflops/s) - 3632 (3993426 Gflops/s) - 3683 (4049501 Gflops/s) - 3675 (4040705 Gflops/s) - 3540 (3892271 Gflops/s) - 3581 (3937351 Gflops/s) | Temperatures: 60°C - 60°C - 74°C - 71°C - 62°C - 59°C - 71°C - 72°C | Throttling: None - None - None - None - None - None - None - None
3681 (4047302 Gflops/s) - 3641 (4003321 Gflops/s) - 3557 (3910962 Gflops/s) - 3626 (3986829 Gflops/s) - 3685 (4051700 Gflops/s) - 3674 (4039605 Gflops/s) - 3546 (3898868 Gflops/s) - 3588 (3945047 Gflops/s) | Temperatures: 60°C - 60°C - 74°C - 71°C - 62°C - 59°C - 71°C - 72°C | Throttling: None - None - None - None - None - None - None - None
3683 (4049501 Gflops/s) - 3640 (4002222 Gflops/s) - 3558 (3912062 Gflops/s) - 3634 (3995625 Gflops/s) - 3685 (4051700 Gflops/s) - 3674 (4039605 Gflops/s) - 3555 (3908763 Gflops/s) - 3588 (3945047 Gflops/s) | Temperatures: 60°C - 60°C - 74°C - 71°C - 62°C - 59°C - 71°C - 72°C | Throttling: None - None - None - None - None - None - None - None
3699 (4067093 Gflops/s) - 3658 (4022013 Gflops/s) - 3576 (3931853 Gflops/s) - 3649 (4012117 Gflops/s) - 3701 (4069292 Gflops/s) - 3692 (4059396 Gflops/s) - 3565 (3919758 Gflops/s) - 3597 (3954943 Gflops/s) | Temperatures: 60°C - 60°C - 74°C - 71°C - 62°C - 59°C - 71°C - 72°C | Throttling: None - None - None - None - None - None - None - None
3665 (4029710 Gflops/s) - 3626 (3986829 Gflops/s) - 3541 (3893370 Gflops/s) - 3610 (3969236 Gflops/s) - 3667 (4031909 Gflops/s) - 3656 (4019814 Gflops/s) - 3536 (3887873 Gflops/s) - 3565 (3919758 Gflops/s) | Temperatures: 60°C - 60°C - 74°C - 71°C - 62°C - 59°C - 72°C - 72°C | Throttling: None - None - None - None - None - None - None - None
3681 (4047302 Gflops/s) - 3640 (4002222 Gflops/s) - 3559 (3913161 Gflops/s) - 3631 (3992326 Gflops/s) - 3684 (4050600 Gflops/s) - 3675 (4040705 Gflops/s) - 3535 (3886773 Gflops/s) - 3589 (3946147 Gflops/s) | Temperatures: 60°C - 60°C - 74°C - 71°C - 62°C - 59°C - 71°C - 72°C | Throttling: None - None - None - None - None - None - None - None
3683 (4049501 Gflops/s) - 3642 (4004421 Gflops/s) - 3561 (3915360 Gflops/s) - 3626 (3986829 Gflops/s) - 3687 (4053899 Gflops/s) - 3677 (4042904 Gflops/s) - 3558 (3912062 Gflops/s) - 3586 (3942848 Gflops/s) | Temperatures: 60°C - 60°C - 74°C - 71°C - 62°C - 59°C - 71°C - 72°C | Throttling: None - None - None - None - None - None - None - None
3679 (4045103 Gflops/s) - 3639 (4001122 Gflops/s) - 3556 (3909863 Gflops/s) - 3609 (3968137 Gflops/s) - 3682 (4048401 Gflops/s) - 3674 (4039605 Gflops/s) - 3548 (3901067 Gflops/s) - 3580 (3936251 Gflops/s) | Temperatures: 60°C - 60°C - 74°C - 71°C - 62°C - 59°C - 71°C - 72°C | Throttling: None - None - None - None - None - None - None - None
3679 (4045103 Gflops/s) - 3639 (4001122 Gflops/s) - 3555 (3908763 Gflops/s) - 3635 (3996724 Gflops/s) - 3682 (4048401 Gflops/s) - 3671 (4036307 Gflops/s) - 3545 (3897768 Gflops/s) - 3576 (3931853 Gflops/s) | Temperatures: 60°C - 60°C - 74°C - 71°C - 62°C - 59°C - 71°C - 72°C | Throttling: None - None - None - None - None - None - None - None
3686 (4052799 Gflops/s) - 3648 (4011018 Gflops/s) - 3563 (3917559 Gflops/s) - 3623 (3983530 Gflops/s) - 3689 (4056098 Gflops/s) - 3681 (4047302 Gflops/s) - 3554 (3907664 Gflops/s) - 3590 (3947246 Gflops/s) | Temperatures: 60°C - 60°C - 74°C - 71°C - 62°C - 59°C - 71°C - 72°C | Throttling: None - None - None - None - None - None - None - None
3679 (4045103 Gflops/s) - 3637 (3998923 Gflops/s) - 3559 (3913161 Gflops/s) - 3631 (3992326 Gflops/s) - 3682 (4048401 Gflops/s) - 3673 (4038506 Gflops/s) - 3547 (3899967 Gflops/s) - 3583 (3939550 Gflops/s) | Temperatures: 60°C - 60°C - 74°C - 71°C - 62°C - 59°C - 71°C - 72°C | Throttling: None - None - None - None - None - None - None - None
3698 (4065993 Gflops/s) - 3658 (4022013 Gflops/s) - 3577 (3932953 Gflops/s) - 3647 (4009918 Gflops/s) - 3701 (4069292 Gflops/s) - 3691 (4058297 Gflops/s) - 3563 (3917559 Gflops/s) - 3606 (3964838 Gflops/s) | Temperatures: 60°C - 60°C - 74°C - 71°C - 62°C - 59°C - 71°C - 72°C | Throttling: None - None - None - None - None - None - None - None
3669 (4034108 Gflops/s) - 3627 (3987928 Gflops/s) - 3546 (3898868 Gflops/s) - 3611 (3970336 Gflops/s) - 3671 (4036307 Gflops/s) - 3664 (4028610 Gflops/s) - 3532 (3883475 Gflops/s) - 3567 (3921957 Gflops/s) | Temperatures: 60°C - 60°C - 74°C - 71°C - 62°C - 59°C - 71°C - 72°C | Throttling: None - None - None - None - None - None - None - None
2061 (2266093 Gflops/s) - 2613 (2873023 Gflops/s) - 3069 (3374401 Gflops/s) - 3151 (3464561 Gflops/s) - 2732 (3003865 Gflops/s) - 2594 (2852133 Gflops/s) - 2111 (2321069 Gflops/s) - 2645 (2908208 Gflops/s) | Temperatures: 51°C - 54°C - 74°C - 71°C - 56°C - 52°C - 62°C - 72°C | Throttling: None - None - None - None - None - None - None - None
GPU #0: 4092341 Gflops/s (min: 2266093.46, max: 4206731.49, dev: 4092341.00)
         Temperature: 59.88°C (min: 51.00, max: 60.00)
         Throttling HW: false, Thermal SW: false, Thermal HW: false
GPU #1: 4050451 Gflops/s (min: 2873023.88, max: 4160552.00, dev: 4050450.73)
         Temperature: 60.02°C (min: 54.00, max: 61.00)
         Throttling HW: false, Thermal SW: false, Thermal HW: false
GPU #2: 3962130 Gflops/s (min: 3374401.19, max: 4067093.51, dev: 3962129.55)
         Temperature: 73.87°C (min: 70.00, max: 74.00)
         Throttling HW: false, Thermal SW: false, Thermal HW: false
GPU #3: 4037677 Gflops/s (min: 3464561.14, max: 4135263.23, dev: 4037676.88)
         Temperature: 70.86°C (min: 67.00, max: 71.00)
         Throttling HW: false, Thermal SW: false, Thermal HW: false
GPU #4: 4098236 Gflops/s (min: 3003865.77, max: 4210030.02, dev: 4098236.33)
         Temperature: 61.89°C (min: 56.00, max: 62.00)
         Throttling HW: false, Thermal SW: false, Thermal HW: false
GPU #5: 4087162 Gflops/s (min: 2852133.16, max: 4196835.88, dev: 4087162.41)
         Temperature: 58.89°C (min: 52.00, max: 59.00)
         Throttling HW: false, Thermal SW: false, Thermal HW: false
GPU #6: 3945194 Gflops/s (min: 2321069.05, max: 4063794.98, dev: 3945194.07)
         Temperature: 70.88°C (min: 62.00, max: 72.00)
         Throttling HW: false, Thermal SW: false, Thermal HW: false
GPU #7: 3986206 Gflops/s (min: 2908208.26, max: 4092382.28, dev: 3986206.23)
         Temperature: 72.03°C (min: 68.00, max: 73.00)
         Throttling HW: false, Thermal SW: false, Thermal HW: false
All GPUs seem healthy
Freeing GPUs...
