Node = node5502
GPU 0: NVIDIA B200 (UUID: GPU-3293048f-de58-fc98-60dd-fa6388c43f33)
GPU 1: NVIDIA B200 (UUID: GPU-670867ac-9202-7617-a349-39e7b97fd77e)
GPU 2: NVIDIA B200 (UUID: GPU-89c28d40-fcfe-c9bf-40de-d1a13cd2b472)
GPU 3: NVIDIA B200 (UUID: GPU-a78e7cc0-7dee-23db-be8f-4f3f01bac272)
GPU 4: NVIDIA B200 (UUID: GPU-1aeb6e59-23e0-7e95-d08d-48e28e25a04c)
GPU 5: NVIDIA B200 (UUID: GPU-2f6f80a6-26fd-ec2c-96a1-99f814bcb491)
GPU 6: NVIDIA B200 (UUID: GPU-4f3eee2e-7015-e219-988d-419d345c414a)
GPU 7: NVIDIA B200 (UUID: GPU-f4a59ed2-a6bc-7307-2960-deb0f84ee2b2)
======== Run with fp32 ==========
Detected GPU #0: "NVIDIA B200" (3293048f-de58-fc98-60dd-fa6388c43f33)
Detected GPU #1: "NVIDIA B200" (670867ac-9202-7617-a349-39e7b97fd77e)
Detected GPU #2: "NVIDIA B200" (89c28d40-fcfe-c9bf-40de-d1a13cd2b472)
Detected GPU #3: "NVIDIA B200" (a78e7cc0-7dee-23db-be8f-4f3f01bac272)
Detected GPU #4: "NVIDIA B200" (1aeb6e59-23e0-7e95-d08d-48e28e25a04c)
Detected GPU #5: "NVIDIA B200" (2f6f80a6-26fd-ec2c-96a1-99f814bcb491)
Detected GPU #6: "NVIDIA B200" (4f3eee2e-7015-e219-988d-419d345c414a)
Detected GPU #7: "NVIDIA B200" (f4a59ed2-a6bc-7307-2960-deb0f84ee2b2)
Using precision(s): FP32  
Creating random matrices
Matrices created
GPU #0: Using 163805 MB
GPU #1: Using 163805 MB
GPU #2: Using 163805 MB
GPU #3: Using 163805 MB
GPU #4: Using 163805 MB
GPU #5: Using 163805 MB
GPU #6: Using 163805 MB
GPU #7: Using 163805 MB
905 (995058 Gflops/s) - 904 (993958 Gflops/s) - 904 (993958 Gflops/s) - 905 (995058 Gflops/s) - 907 (997257 Gflops/s) - 903 (992858 Gflops/s) - 901 (990659 Gflops/s) - 904 (993958 Gflops/s) | Temperatures: 44°C - 46°C - 50°C - 49°C - 48°C - 45°C - 49°C - 52°C | Throttling: None - None - None - None - None - None - None - None
687 (755364 Gflops/s) - 685 (753165 Gflops/s) - 683 (750966 Gflops/s) - 688 (756463 Gflops/s) - 687 (755364 Gflops/s) - 681 (748767 Gflops/s) - 677 (744369 Gflops/s) - 679 (746568 Gflops/s) | Temperatures: 49°C - 50°C - 55°C - 53°C - 51°C - 49°C - 54°C - 56°C | Throttling: None - None - None - None - None - None - None - None
694 (763061 Gflops/s) - 697 (766359 Gflops/s) - 699 (768558 Gflops/s) - 693 (761961 Gflops/s) - 692 (760862 Gflops/s) - 677 (744369 Gflops/s) - 676 (743269 Gflops/s) - 681 (748767 Gflops/s) | Temperatures: 50°C - 51°C - 56°C - 54°C - 53°C - 51°C - 55°C - 58°C | Throttling: None - None - None - None - None - None - None - None
679 (746568 Gflops/s) - 669 (735573 Gflops/s) - 667 (733374 Gflops/s) - 678 (745468 Gflops/s) - 677 (744369 Gflops/s) - 677 (744369 Gflops/s) - 676 (743269 Gflops/s) - 680 (747667 Gflops/s) | Temperatures: 51°C - 52°C - 57°C - 55°C - 53°C - 52°C - 56°C - 58°C | Throttling: None - None - None - None - None - None - None - None
694 (763061 Gflops/s) - 692 (760862 Gflops/s) - 691 (759762 Gflops/s) - 693 (761961 Gflops/s) - 694 (763061 Gflops/s) - 685 (753165 Gflops/s) - 686 (754264 Gflops/s) - 687 (755364 Gflops/s) | Temperatures: 52°C - 53°C - 57°C - 55°C - 54°C - 52°C - 57°C - 59°C | Throttling: None - None - None - None - None - None - None - None
652 (716881 Gflops/s) - 650 (714682 Gflops/s) - 649 (713583 Gflops/s) - 651 (715782 Gflops/s) - 651 (715782 Gflops/s) - 643 (706985 Gflops/s) - 643 (706985 Gflops/s) - 646 (710284 Gflops/s) | Temperatures: 52°C - 53°C - 58°C - 56°C - 55°C - 53°C - 57°C - 60°C | Throttling: None - None - None - None - None - None - None - None
673 (739971 Gflops/s) - 673 (739971 Gflops/s) - 671 (737772 Gflops/s) - 676 (743269 Gflops/s) - 675 (742170 Gflops/s) - 664 (730075 Gflops/s) - 666 (732274 Gflops/s) - 667 (733374 Gflops/s) | Temperatures: 53°C - 54°C - 58°C - 56°C - 55°C - 53°C - 58°C - 60°C | Throttling: None - None - None - None - None - None - None - None
611 (671801 Gflops/s) - 610 (670702 Gflops/s) - 609 (669602 Gflops/s) - 613 (674000 Gflops/s) - 613 (674000 Gflops/s) - 602 (661905 Gflops/s) - 604 (664105 Gflops/s) - 606 (666304 Gflops/s) | Temperatures: 53°C - 54°C - 59°C - 57°C - 55°C - 54°C - 58°C - 61°C | Throttling: None - None - None - None - None - None - None - None
662 (727876 Gflops/s) - 662 (727876 Gflops/s) - 659 (724578 Gflops/s) - 664 (730075 Gflops/s) - 665 (731175 Gflops/s) - 653 (717981 Gflops/s) - 654 (719080 Gflops/s) - 656 (721279 Gflops/s) | Temperatures: 54°C - 54°C - 59°C - 57°C - 56°C - 54°C - 58°C - 61°C | Throttling: None - None - None - None - None - None - None - None
659 (724578 Gflops/s) - 660 (725677 Gflops/s) - 656 (721279 Gflops/s) - 660 (725677 Gflops/s) - 661 (726777 Gflops/s) - 649 (713583 Gflops/s) - 651 (715782 Gflops/s) - 652 (716881 Gflops/s) | Temperatures: 54°C - 55°C - 60°C - 58°C - 56°C - 55°C - 59°C - 61°C | Throttling: None - None - None - None - None - None - None - None
614 (675100 Gflops/s) - 615 (676199 Gflops/s) - 610 (670702 Gflops/s) - 615 (676199 Gflops/s) - 617 (678398 Gflops/s) - 606 (666304 Gflops/s) - 606 (666304 Gflops/s) - 607 (667403 Gflops/s) | Temperatures: 54°C - 55°C - 60°C - 58°C - 57°C - 55°C - 59°C - 62°C | Throttling: None - None - None - None - None - None - None - None
632 (694891 Gflops/s) - 633 (695990 Gflops/s) - 628 (690493 Gflops/s) - 633 (695990 Gflops/s) - 633 (695990 Gflops/s) - 620 (681697 Gflops/s) - 623 (684995 Gflops/s) - 623 (684995 Gflops/s) | Temperatures: 55°C - 55°C - 60°C - 58°C - 57°C - 55°C - 60°C - 62°C | Throttling: None - None - None - None - None - None - None - None
684 (752065 Gflops/s) - 687 (755364 Gflops/s) - 680 (747667 Gflops/s) - 686 (754264 Gflops/s) - 689 (757563 Gflops/s) - 674 (741070 Gflops/s) - 677 (744369 Gflops/s) - 678 (745468 Gflops/s) | Temperatures: 55°C - 56°C - 61°C - 59°C - 57°C - 56°C - 60°C - 63°C | Throttling: None - None - None - None - None - None - None - None
613 (674000 Gflops/s) - 615 (676199 Gflops/s) - 610 (670702 Gflops/s) - 616 (677299 Gflops/s) - 617 (678398 Gflops/s) - 604 (664105 Gflops/s) - 605 (665204 Gflops/s) - 606 (666304 Gflops/s) | Temperatures: 55°C - 56°C - 61°C - 59°C - 57°C - 56°C - 60°C - 63°C | Throttling: None - None - None - None - None - None - None - None
657 (722379 Gflops/s) - 659 (724578 Gflops/s) - 654 (719080 Gflops/s) - 658 (723478 Gflops/s) - 660 (725677 Gflops/s) - 646 (710284 Gflops/s) - 649 (713583 Gflops/s) - 651 (715782 Gflops/s) | Temperatures: 55°C - 56°C - 62°C - 60°C - 58°C - 56°C - 61°C - 63°C | Throttling: None - None - None - None - None - None - None - None
611 (671801 Gflops/s) - 612 (672901 Gflops/s) - 604 (664105 Gflops/s) - 611 (671801 Gflops/s) - 612 (672901 Gflops/s) - 600 (659706 Gflops/s) - 602 (661905 Gflops/s) - 602 (661905 Gflops/s) | Temperatures: 56°C - 57°C - 62°C - 60°C - 58°C - 56°C - 61°C - 64°C | Throttling: None - None - None - None - None - None - None - None
656 (721279 Gflops/s) - 659 (724578 Gflops/s) - 652 (716881 Gflops/s) - 658 (723478 Gflops/s) - 659 (724578 Gflops/s) - 646 (710284 Gflops/s) - 649 (713583 Gflops/s) - 650 (714682 Gflops/s) | Temperatures: 56°C - 57°C - 62°C - 60°C - 58°C - 56°C - 61°C - 64°C | Throttling: None - None - None - None - None - None - None - None
659 (724578 Gflops/s) - 663 (728976 Gflops/s) - 654 (719080 Gflops/s) - 661 (726777 Gflops/s) - 663 (728976 Gflops/s) - 650 (714682 Gflops/s) - 651 (715782 Gflops/s) - 654 (719080 Gflops/s) | Temperatures: 56°C - 57°C - 63°C - 61°C - 59°C - 57°C - 62°C - 64°C | Throttling: None - None - None - None - None - None - None - None
629 (691592 Gflops/s) - 633 (695990 Gflops/s) - 625 (687194 Gflops/s) - 633 (695990 Gflops/s) - 633 (695990 Gflops/s) - 621 (682796 Gflops/s) - 623 (684995 Gflops/s) - 625 (687194 Gflops/s) | Temperatures: 56°C - 57°C - 63°C - 61°C - 59°C - 57°C - 62°C - 65°C | Throttling: None - None - None - None - None - None - None - None
736 (809240 Gflops/s) - 741 (814738 Gflops/s) - 731 (803742 Gflops/s) - 739 (812539 Gflops/s) - 739 (812539 Gflops/s) - 729 (801543 Gflops/s) - 728 (800444 Gflops/s) - 731 (803742 Gflops/s) | Temperatures: 57°C - 58°C - 63°C - 61°C - 59°C - 57°C - 63°C - 65°C | Throttling: None - None - None - None - None - None - None - None
736 (809240 Gflops/s) - 740 (813638 Gflops/s) - 732 (804842 Gflops/s) - 740 (813638 Gflops/s) - 740 (813638 Gflops/s) - 729 (801543 Gflops/s) - 728 (800444 Gflops/s) - 731 (803742 Gflops/s) | Temperatures: 57°C - 58°C - 64°C - 62°C - 59°C - 58°C - 63°C - 66°C | Throttling: None - None - None - None - None - None - None - None
735 (808141 Gflops/s) - 741 (814738 Gflops/s) - 731 (803742 Gflops/s) - 739 (812539 Gflops/s) - 738 (811439 Gflops/s) - 728 (800444 Gflops/s) - 728 (800444 Gflops/s) - 733 (805942 Gflops/s) | Temperatures: 57°C - 58°C - 64°C - 62°C - 60°C - 58°C - 63°C - 66°C | Throttling: None - None - None - None - None - None - None - None
735 (808141 Gflops/s) - 740 (813638 Gflops/s) - 730 (802643 Gflops/s) - 739 (812539 Gflops/s) - 740 (813638 Gflops/s) - 728 (800444 Gflops/s) - 728 (800444 Gflops/s) - 730 (802643 Gflops/s) | Temperatures: 58°C - 58°C - 64°C - 62°C - 60°C - 58°C - 64°C - 66°C | Throttling: None - None - None - None - None - None - None - None
734 (807041 Gflops/s) - 740 (813638 Gflops/s) - 730 (802643 Gflops/s) - 738 (811439 Gflops/s) - 737 (810340 Gflops/s) - 728 (800444 Gflops/s) - 727 (799344 Gflops/s) - 731 (803742 Gflops/s) | Temperatures: 58°C - 59°C - 65°C - 63°C - 60°C - 58°C - 64°C - 67°C | Throttling: None - None - None - None - None - None - None - None
733 (805942 Gflops/s) - 741 (814738 Gflops/s) - 732 (804842 Gflops/s) - 738 (811439 Gflops/s) - 738 (811439 Gflops/s) - 728 (800444 Gflops/s) - 727 (799344 Gflops/s) - 730 (802643 Gflops/s) | Temperatures: 58°C - 59°C - 65°C - 63°C - 60°C - 58°C - 64°C - 67°C | Throttling: None - None - None - None - None - None - None - None
734 (807041 Gflops/s) - 739 (812539 Gflops/s) - 732 (804842 Gflops/s) - 738 (811439 Gflops/s) - 740 (813638 Gflops/s) - 728 (800444 Gflops/s) - 727 (799344 Gflops/s) - 730 (802643 Gflops/s) | Temperatures: 58°C - 59°C - 65°C - 63°C - 60°C - 59°C - 64°C - 67°C | Throttling: None - None - None - None - None - None - None - None
733 (805942 Gflops/s) - 740 (813638 Gflops/s) - 731 (803742 Gflops/s) - 738 (811439 Gflops/s) - 737 (810340 Gflops/s) - 727 (799344 Gflops/s) - 727 (799344 Gflops/s) - 731 (803742 Gflops/s) | Temperatures: 58°C - 59°C - 66°C - 64°C - 61°C - 59°C - 65°C - 68°C | Throttling: None - None - None - None - None - None - None - None
732 (804842 Gflops/s) - 740 (813638 Gflops/s) - 731 (803742 Gflops/s) - 737 (810340 Gflops/s) - 737 (810340 Gflops/s) - 726 (798245 Gflops/s) - 727 (799344 Gflops/s) - 729 (801543 Gflops/s) | Temperatures: 58°C - 60°C - 66°C - 64°C - 61°C - 59°C - 65°C - 68°C | Throttling: None - None - None - None - None - None - None - None
733 (805942 Gflops/s) - 740 (813638 Gflops/s) - 731 (803742 Gflops/s) - 737 (810340 Gflops/s) - 737 (810340 Gflops/s) - 726 (798245 Gflops/s) - 726 (798245 Gflops/s) - 728 (800444 Gflops/s) | Temperatures: 58°C - 60°C - 66°C - 64°C - 61°C - 59°C - 65°C - 68°C | Throttling: None - None - None - None - None - None - None - None
732 (804842 Gflops/s) - 739 (812539 Gflops/s) - 730 (802643 Gflops/s) - 737 (810340 Gflops/s) - 737 (810340 Gflops/s) - 726 (798245 Gflops/s) - 727 (799344 Gflops/s) - 728 (800444 Gflops/s) | Temperatures: 59°C - 60°C - 66°C - 65°C - 61°C - 59°C - 66°C - 68°C | Throttling: None - None - None - None - None - None - None - None
730 (802643 Gflops/s) - 739 (812539 Gflops/s) - 730 (802643 Gflops/s) - 734 (807041 Gflops/s) - 737 (810340 Gflops/s) - 725 (797145 Gflops/s) - 728 (800444 Gflops/s) - 728 (800444 Gflops/s) | Temperatures: 59°C - 60°C - 67°C - 65°C - 62°C - 59°C - 66°C - 69°C | Throttling: None - None - None - None - None - None - None - None
732 (804842 Gflops/s) - 739 (812539 Gflops/s) - 730 (802643 Gflops/s) - 734 (807041 Gflops/s) - 737 (810340 Gflops/s) - 726 (798245 Gflops/s) - 729 (801543 Gflops/s) - 729 (801543 Gflops/s) | Temperatures: 59°C - 60°C - 67°C - 65°C - 62°C - 60°C - 66°C - 69°C | Throttling: None - None - None - None - None - None - None - None
730 (802643 Gflops/s) - 739 (812539 Gflops/s) - 730 (802643 Gflops/s) - 737 (810340 Gflops/s) - 737 (810340 Gflops/s) - 725 (797145 Gflops/s) - 729 (801543 Gflops/s) - 727 (799344 Gflops/s) | Temperatures: 59°C - 60°C - 67°C - 65°C - 62°C - 60°C - 66°C - 69°C | Throttling: None - None - None - None - None - None - None - None
730 (802643 Gflops/s) - 737 (810340 Gflops/s) - 728 (800444 Gflops/s) - 736 (809240 Gflops/s) - 736 (809240 Gflops/s) - 725 (797145 Gflops/s) - 726 (798245 Gflops/s) - 725 (797145 Gflops/s) | Temperatures: 59°C - 60°C - 68°C - 66°C - 62°C - 60°C - 67°C - 69°C | Throttling: None - None - None - None - None - None - None - None
730 (802643 Gflops/s) - 738 (811439 Gflops/s) - 729 (801543 Gflops/s) - 737 (810340 Gflops/s) - 735 (808141 Gflops/s) - 725 (797145 Gflops/s) - 728 (800444 Gflops/s) - 726 (798245 Gflops/s) | Temperatures: 59°C - 61°C - 68°C - 66°C - 62°C - 60°C - 67°C - 70°C | Throttling: None - None - None - None - None - None - None - None
729 (801543 Gflops/s) - 738 (811439 Gflops/s) - 729 (801543 Gflops/s) - 738 (811439 Gflops/s) - 737 (810340 Gflops/s) - 725 (797145 Gflops/s) - 727 (799344 Gflops/s) - 726 (798245 Gflops/s) | Temperatures: 59°C - 61°C - 68°C - 66°C - 62°C - 60°C - 67°C - 70°C | Throttling: None - None - None - None - None - None - None - None
730 (802643 Gflops/s) - 737 (810340 Gflops/s) - 728 (800444 Gflops/s) - 737 (810340 Gflops/s) - 735 (808141 Gflops/s) - 726 (798245 Gflops/s) - 727 (799344 Gflops/s) - 725 (797145 Gflops/s) | Temperatures: 60°C - 61°C - 68°C - 66°C - 62°C - 60°C - 67°C - 70°C | Throttling: None - None - None - None - None - None - None - None
729 (801543 Gflops/s) - 737 (810340 Gflops/s) - 727 (799344 Gflops/s) - 736 (809240 Gflops/s) - 735 (808141 Gflops/s) - 725 (797145 Gflops/s) - 726 (798245 Gflops/s) - 725 (797145 Gflops/s) | Temperatures: 60°C - 61°C - 69°C - 67°C - 62°C - 60°C - 68°C - 70°C | Throttling: None - None - None - None - None - None - None - None
729 (801543 Gflops/s) - 736 (809240 Gflops/s) - 726 (798245 Gflops/s) - 736 (809240 Gflops/s) - 735 (808141 Gflops/s) - 725 (797145 Gflops/s) - 726 (798245 Gflops/s) - 725 (797145 Gflops/s) | Temperatures: 60°C - 61°C - 69°C - 67°C - 63°C - 60°C - 68°C - 71°C | Throttling: None - None - None - None - None - None - None - None
729 (801543 Gflops/s) - 736 (809240 Gflops/s) - 726 (798245 Gflops/s) - 735 (808141 Gflops/s) - 745 (819136 Gflops/s) - 725 (797145 Gflops/s) - 725 (797145 Gflops/s) - 724 (796046 Gflops/s) | Temperatures: 60°C - 61°C - 69°C - 67°C - 63°C - 61°C - 68°C - 71°C | Throttling: None - None - None - None - None - None - None - None
684 (752065 Gflops/s) - 693 (761961 Gflops/s) - 682 (749866 Gflops/s) - 691 (759762 Gflops/s) - 680 (747667 Gflops/s) - 681 (748767 Gflops/s) - 681 (748767 Gflops/s) - 680 (747667 Gflops/s) | Temperatures: 60°C - 61°C - 69°C - 67°C - 63°C - 61°C - 68°C - 71°C | Throttling: None - None - None - None - None - None - None - None
683 (750966 Gflops/s) - 691 (759762 Gflops/s) - 681 (748767 Gflops/s) - 689 (757563 Gflops/s) - 690 (758663 Gflops/s) - 680 (747667 Gflops/s) - 680 (747667 Gflops/s) - 679 (746568 Gflops/s) | Temperatures: 60°C - 61°C - 69°C - 67°C - 63°C - 61°C - 68°C - 71°C | Throttling: None - None - None - None - None - None - None - None
684 (752065 Gflops/s) - 692 (760862 Gflops/s) - 681 (748767 Gflops/s) - 691 (759762 Gflops/s) - 690 (758663 Gflops/s) - 681 (748767 Gflops/s) - 681 (748767 Gflops/s) - 680 (747667 Gflops/s) | Temperatures: 60°C - 61°C - 69°C - 67°C - 63°C - 61°C - 69°C - 71°C | Throttling: None - None - None - None - None - None - None - None
673 (739971 Gflops/s) - 681 (748767 Gflops/s) - 671 (737772 Gflops/s) - 679 (746568 Gflops/s) - 679 (746568 Gflops/s) - 682 (749866 Gflops/s) - 670 (736672 Gflops/s) - 668 (734473 Gflops/s) | Temperatures: 60°C - 61°C - 69°C - 68°C - 63°C - 61°C - 69°C - 71°C | Throttling: None - None - None - None - None - None - None - None
680 (747667 Gflops/s) - 688 (756463 Gflops/s) - 679 (746568 Gflops/s) - 688 (756463 Gflops/s) - 688 (756463 Gflops/s) - 666 (732274 Gflops/s) - 677 (744369 Gflops/s) - 689 (757563 Gflops/s) | Temperatures: 60°C - 61°C - 70°C - 68°C - 63°C - 61°C - 69°C - 71°C | Throttling: None - None - None - None - None - None - None - None
664 (730075 Gflops/s) - 670 (736672 Gflops/s) - 660 (725677 Gflops/s) - 669 (735573 Gflops/s) - 669 (735573 Gflops/s) - 661 (726777 Gflops/s) - 660 (725677 Gflops/s) - 648 (712483 Gflops/s) | Temperatures: 60°C - 61°C - 70°C - 68°C - 63°C - 61°C - 69°C - 72°C | Throttling: None - None - None - None - None - None - None - None
672 (738871 Gflops/s) - 680 (747667 Gflops/s) - 669 (735573 Gflops/s) - 677 (744369 Gflops/s) - 678 (745468 Gflops/s) - 669 (735573 Gflops/s) - 669 (735573 Gflops/s) - 667 (733374 Gflops/s) | Temperatures: 60°C - 61°C - 70°C - 68°C - 63°C - 61°C - 69°C - 72°C | Throttling: None - None - None - None - None - None - None - None
670 (736672 Gflops/s) - 678 (745468 Gflops/s) - 669 (735573 Gflops/s) - 678 (745468 Gflops/s) - 679 (746568 Gflops/s) - 669 (735573 Gflops/s) - 669 (735573 Gflops/s) - 668 (734473 Gflops/s) | Temperatures: 60°C - 61°C - 70°C - 68°C - 63°C - 61°C - 69°C - 72°C | Throttling: None - None - None - None - None - None - None - None
672 (738871 Gflops/s) - 678 (745468 Gflops/s) - 669 (735573 Gflops/s) - 677 (744369 Gflops/s) - 678 (745468 Gflops/s) - 668 (734473 Gflops/s) - 667 (733374 Gflops/s) - 667 (733374 Gflops/s) | Temperatures: 60°C - 61°C - 70°C - 68°C - 63°C - 61°C - 69°C - 72°C | Throttling: None - None - None - None - None - None - None - None
675 (742170 Gflops/s) - 682 (749866 Gflops/s) - 672 (738871 Gflops/s) - 681 (748767 Gflops/s) - 682 (749866 Gflops/s) - 673 (739971 Gflops/s) - 671 (737772 Gflops/s) - 670 (736672 Gflops/s) | Temperatures: 60°C - 61°C - 70°C - 68°C - 63°C - 61°C - 69°C - 72°C | Throttling: None - None - None - None - None - None - None - None
667 (733374 Gflops/s) - 676 (743269 Gflops/s) - 665 (731175 Gflops/s) - 673 (739971 Gflops/s) - 675 (742170 Gflops/s) - 665 (731175 Gflops/s) - 664 (730075 Gflops/s) - 664 (730075 Gflops/s) | Temperatures: 60°C - 61°C - 70°C - 68°C - 63°C - 61°C - 69°C - 72°C | Throttling: None - None - None - None - None - None - None - None
671 (737772 Gflops/s) - 678 (745468 Gflops/s) - 668 (734473 Gflops/s) - 677 (744369 Gflops/s) - 678 (745468 Gflops/s) - 670 (736672 Gflops/s) - 668 (734473 Gflops/s) - 668 (734473 Gflops/s) | Temperatures: 60°C - 61°C - 70°C - 68°C - 63°C - 61°C - 70°C - 72°C | Throttling: None - None - None - None - None - None - None - None
681 (748767 Gflops/s) - 687 (755364 Gflops/s) - 677 (744369 Gflops/s) - 686 (754264 Gflops/s) - 687 (755364 Gflops/s) - 677 (744369 Gflops/s) - 676 (743269 Gflops/s) - 682 (749866 Gflops/s) | Temperatures: 60°C - 61°C - 70°C - 69°C - 63°C - 61°C - 70°C - 72°C | Throttling: None - None - None - None - None - None - None - None
662 (727876 Gflops/s) - 669 (735573 Gflops/s) - 666 (732274 Gflops/s) - 667 (733374 Gflops/s) - 670 (736672 Gflops/s) - 659 (724578 Gflops/s) - 659 (724578 Gflops/s) - 652 (716881 Gflops/s) | Temperatures: 60°C - 62°C - 70°C - 69°C - 63°C - 61°C - 70°C - 73°C | Throttling: None - None - None - None - None - None - None - None
671 (737772 Gflops/s) - 678 (745468 Gflops/s) - 660 (725677 Gflops/s) - 676 (743269 Gflops/s) - 677 (744369 Gflops/s) - 668 (734473 Gflops/s) - 667 (733374 Gflops/s) - 667 (733374 Gflops/s) | Temperatures: 60°C - 62°C - 71°C - 69°C - 63°C - 61°C - 70°C - 73°C | Throttling: None - None - None - None - None - None - None - None
672 (738871 Gflops/s) - 680 (747667 Gflops/s) - 668 (734473 Gflops/s) - 677 (744369 Gflops/s) - 679 (746568 Gflops/s) - 669 (735573 Gflops/s) - 668 (734473 Gflops/s) - 668 (734473 Gflops/s) | Temperatures: 60°C - 62°C - 71°C - 69°C - 63°C - 61°C - 70°C - 73°C | Throttling: None - None - None - None - None - None - None - None
671 (737772 Gflops/s) - 678 (745468 Gflops/s) - 667 (733374 Gflops/s) - 676 (743269 Gflops/s) - 678 (745468 Gflops/s) - 668 (734473 Gflops/s) - 666 (732274 Gflops/s) - 667 (733374 Gflops/s) | Temperatures: 60°C - 62°C - 71°C - 69°C - 63°C - 61°C - 70°C - 73°C | Throttling: None - None - None - None - None - None - None - None
671 (737772 Gflops/s) - 678 (745468 Gflops/s) - 668 (734473 Gflops/s) - 675 (742170 Gflops/s) - 677 (744369 Gflops/s) - 668 (734473 Gflops/s) - 667 (733374 Gflops/s) - 667 (733374 Gflops/s) | Temperatures: 60°C - 62°C - 71°C - 69°C - 63°C - 61°C - 70°C - 73°C | Throttling: None - None - None - None - None - None - None - None
672 (738871 Gflops/s) - 696 (765260 Gflops/s) - 667 (733374 Gflops/s) - 677 (744369 Gflops/s) - 679 (746568 Gflops/s) - 669 (735573 Gflops/s) - 667 (733374 Gflops/s) - 668 (734473 Gflops/s) | Temperatures: 60°C - 62°C - 71°C - 69°C - 63°C - 61°C - 70°C - 73°C | Throttling: None - None - None - None - None - None - None - None
672 (738871 Gflops/s) - 661 (726777 Gflops/s) - 666 (732274 Gflops/s) - 675 (742170 Gflops/s) - 678 (745468 Gflops/s) - 667 (733374 Gflops/s) - 666 (732274 Gflops/s) - 667 (733374 Gflops/s) | Temperatures: 60°C - 62°C - 71°C - 69°C - 63°C - 61°C - 70°C - 73°C | Throttling: None - None - None - None - None - None - None - None
679 (746568 Gflops/s) - 687 (755364 Gflops/s) - 677 (744369 Gflops/s) - 684 (752065 Gflops/s) - 687 (755364 Gflops/s) - 677 (744369 Gflops/s) - 675 (742170 Gflops/s) - 678 (745468 Gflops/s) | Temperatures: 60°C - 61°C - 71°C - 69°C - 63°C - 61°C - 70°C - 73°C | Throttling: None - None - None - None - None - None - None - None
661 (726777 Gflops/s) - 669 (735573 Gflops/s) - 661 (726777 Gflops/s) - 667 (733374 Gflops/s) - 669 (735573 Gflops/s) - 659 (724578 Gflops/s) - 658 (723478 Gflops/s) - 656 (721279 Gflops/s) | Temperatures: 60°C - 62°C - 71°C - 69°C - 63°C - 61°C - 70°C - 73°C | Throttling: None - None - None - None - None - None - None - None
671 (737772 Gflops/s) - 678 (745468 Gflops/s) - 662 (727876 Gflops/s) - 674 (741070 Gflops/s) - 676 (743269 Gflops/s) - 668 (734473 Gflops/s) - 667 (733374 Gflops/s) - 667 (733374 Gflops/s) | Temperatures: 60°C - 62°C - 71°C - 69°C - 63°C - 61°C - 70°C - 73°C | Throttling: None - None - None - None - None - None - None - None
676 (743269 Gflops/s) - 678 (745468 Gflops/s) - 667 (733374 Gflops/s) - 676 (743269 Gflops/s) - 678 (745468 Gflops/s) - 668 (734473 Gflops/s) - 667 (733374 Gflops/s) - 668 (734473 Gflops/s) | Temperatures: 60°C - 62°C - 71°C - 70°C - 63°C - 61°C - 70°C - 73°C | Throttling: None - None - None - None - None - None - None - None
665 (731175 Gflops/s) - 678 (745468 Gflops/s) - 666 (732274 Gflops/s) - 673 (739971 Gflops/s) - 677 (744369 Gflops/s) - 668 (734473 Gflops/s) - 665 (731175 Gflops/s) - 667 (733374 Gflops/s) | Temperatures: 60°C - 62°C - 71°C - 70°C - 63°C - 61°C - 71°C - 74°C | Throttling: None - None - None - None - None - None - None - None
675 (742170 Gflops/s) - 681 (748767 Gflops/s) - 670 (736672 Gflops/s) - 678 (745468 Gflops/s) - 681 (748767 Gflops/s) - 670 (736672 Gflops/s) - 670 (736672 Gflops/s) - 669 (735573 Gflops/s) | Temperatures: 60°C - 62°C - 71°C - 70°C - 63°C - 61°C - 71°C - 73°C | Throttling: None - None - None - None - None - None - None - None
668 (734473 Gflops/s) - 676 (743269 Gflops/s) - 664 (730075 Gflops/s) - 679 (746568 Gflops/s) - 675 (742170 Gflops/s) - 666 (732274 Gflops/s) - 663 (728976 Gflops/s) - 662 (727876 Gflops/s) | Temperatures: 60°C - 62°C - 71°C - 70°C - 63°C - 61°C - 70°C - 73°C | Throttling: None - None - None - None - None - None - None - None
671 (737772 Gflops/s) - 688 (756463 Gflops/s) - 665 (731175 Gflops/s) - 666 (732274 Gflops/s) - 677 (744369 Gflops/s) - 666 (732274 Gflops/s) - 666 (732274 Gflops/s) - 667 (733374 Gflops/s) | Temperatures: 60°C - 62°C - 71°C - 70°C - 63°C - 61°C - 70°C - 73°C | Throttling: None - None - None - None - None - None - None - None
679 (746568 Gflops/s) - 677 (744369 Gflops/s) - 675 (742170 Gflops/s) - 683 (750966 Gflops/s) - 686 (754264 Gflops/s) - 678 (745468 Gflops/s) - 675 (742170 Gflops/s) - 678 (745468 Gflops/s) | Temperatures: 60°C - 62°C - 72°C - 70°C - 63°C - 61°C - 71°C - 73°C | Throttling: None - None - None - None - None - None - None - None
663 (728976 Gflops/s) - 669 (735573 Gflops/s) - 665 (731175 Gflops/s) - 666 (732274 Gflops/s) - 668 (734473 Gflops/s) - 659 (724578 Gflops/s) - 658 (723478 Gflops/s) - 655 (720180 Gflops/s) | Temperatures: 60°C - 62°C - 71°C - 70°C - 63°C - 61°C - 70°C - 73°C | Throttling: None - None - None - None - None - None - None - None
668 (734473 Gflops/s) - 678 (745468 Gflops/s) - 656 (721279 Gflops/s) - 671 (737772 Gflops/s) - 674 (741070 Gflops/s) - 665 (731175 Gflops/s) - 663 (728976 Gflops/s) - 664 (730075 Gflops/s) | Temperatures: 60°C - 62°C - 71°C - 70°C - 63°C - 61°C - 70°C - 73°C | Throttling: None - None - None - None - None - None - None - None
605 (665204 Gflops/s) - 612 (672901 Gflops/s) - 602 (661905 Gflops/s) - 609 (669602 Gflops/s) - 612 (672901 Gflops/s) - 604 (664105 Gflops/s) - 602 (661905 Gflops/s) - 601 (660806 Gflops/s) | Temperatures: 60°C - 62°C - 71°C - 70°C - 63°C - 61°C - 71°C - 73°C | Throttling: None - None - None - None - None - None - None - None
650 (714682 Gflops/s) - 656 (721279 Gflops/s) - 645 (709184 Gflops/s) - 653 (717981 Gflops/s) - 656 (721279 Gflops/s) - 647 (711384 Gflops/s) - 645 (709184 Gflops/s) - 646 (710284 Gflops/s) | Temperatures: 60°C - 62°C - 71°C - 70°C - 63°C - 61°C - 70°C - 73°C | Throttling: None - None - None - None - None - None - None - None
646 (710284 Gflops/s) - 653 (717981 Gflops/s) - 641 (704786 Gflops/s) - 650 (714682 Gflops/s) - 653 (717981 Gflops/s) - 643 (706985 Gflops/s) - 642 (705886 Gflops/s) - 641 (704786 Gflops/s) | Temperatures: 60°C - 62°C - 71°C - 70°C - 63°C - 61°C - 70°C - 73°C | Throttling: None - None - None - None - None - None - None - None
602 (661905 Gflops/s) - 609 (669602 Gflops/s) - 599 (658607 Gflops/s) - 605 (665204 Gflops/s) - 608 (668503 Gflops/s) - 601 (660806 Gflops/s) - 599 (658607 Gflops/s) - 603 (663005 Gflops/s) | Temperatures: 60°C - 61°C - 71°C - 70°C - 63°C - 61°C - 70°C - 73°C | Throttling: None - None - None - None - None - None - None - None
620 (681697 Gflops/s) - 626 (688294 Gflops/s) - 614 (675100 Gflops/s) - 623 (684995 Gflops/s) - 627 (689393 Gflops/s) - 616 (677299 Gflops/s) - 615 (676199 Gflops/s) - 611 (671801 Gflops/s) | Temperatures: 60°C - 61°C - 71°C - 70°C - 63°C - 61°C - 70°C - 73°C | Throttling: None - None - None - None - None - None - None - None
672 (738871 Gflops/s) - 681 (748767 Gflops/s) - 669 (735573 Gflops/s) - 676 (743269 Gflops/s) - 679 (746568 Gflops/s) - 670 (736672 Gflops/s) - 668 (734473 Gflops/s) - 667 (733374 Gflops/s) | Temperatures: 60°C - 61°C - 71°C - 70°C - 63°C - 61°C - 70°C - 73°C | Throttling: None - None - None - None - None - None - None - None
603 (663005 Gflops/s) - 609 (669602 Gflops/s) - 598 (657507 Gflops/s) - 605 (665204 Gflops/s) - 608 (668503 Gflops/s) - 600 (659706 Gflops/s) - 599 (658607 Gflops/s) - 598 (657507 Gflops/s) | Temperatures: 60°C - 61°C - 71°C - 70°C - 63°C - 61°C - 70°C - 73°C | Throttling: None - None - None - None - None - None - None - None
647 (711384 Gflops/s) - 653 (717981 Gflops/s) - 641 (704786 Gflops/s) - 649 (713583 Gflops/s) - 653 (717981 Gflops/s) - 644 (708085 Gflops/s) - 642 (705886 Gflops/s) - 642 (705886 Gflops/s) | Temperatures: 60°C - 61°C - 71°C - 69°C - 63°C - 61°C - 71°C - 73°C | Throttling: None - None - None - None - None - None - None - None
600 (659706 Gflops/s) - 607 (667403 Gflops/s) - 595 (654209 Gflops/s) - 603 (663005 Gflops/s) - 606 (666304 Gflops/s) - 597 (656408 Gflops/s) - 595 (654209 Gflops/s) - 594 (653109 Gflops/s) | Temperatures: 60°C - 61°C - 71°C - 70°C - 63°C - 61°C - 70°C - 73°C | Throttling: None - None - None - None - None - None - None - None
627 (689393 Gflops/s) - 634 (697090 Gflops/s) - 622 (683896 Gflops/s) - 630 (692692 Gflops/s) - 633 (695990 Gflops/s) - 627 (689393 Gflops/s) - 623 (684995 Gflops/s) - 623 (684995 Gflops/s) | Temperatures: 60°C - 61°C - 71°C - 69°C - 63°C - 61°C - 70°C - 73°C | Throttling: None - None - None - None - None - None - None - None
668 (734473 Gflops/s) - 676 (743269 Gflops/s) - 663 (728976 Gflops/s) - 671 (737772 Gflops/s) - 675 (742170 Gflops/s) - 664 (730075 Gflops/s) - 663 (728976 Gflops/s) - 662 (727876 Gflops/s) | Temperatures: 60°C - 61°C - 71°C - 70°C - 63°C - 61°C - 70°C - 73°C | Throttling: None - None - None - None - None - None - None - None
696 (765260 Gflops/s) - 704 (774056 Gflops/s) - 689 (757563 Gflops/s) - 698 (767459 Gflops/s) - 701 (770757 Gflops/s) - 692 (760862 Gflops/s) - 690 (758663 Gflops/s) - 689 (757563 Gflops/s) | Temperatures: 60°C - 61°C - 71°C - 70°C - 63°C - 61°C - 70°C - 73°C | Throttling: None - None - None - None - None - None - None - None
727 (799344 Gflops/s) - 734 (807041 Gflops/s) - 720 (791648 Gflops/s) - 730 (802643 Gflops/s) - 734 (807041 Gflops/s) - 723 (794946 Gflops/s) - 722 (793847 Gflops/s) - 720 (791648 Gflops/s) | Temperatures: 60°C - 61°C - 71°C - 69°C - 63°C - 61°C - 70°C - 73°C | Throttling: None - None - None - None - None - None - None - None
727 (799344 Gflops/s) - 734 (807041 Gflops/s) - 721 (792747 Gflops/s) - 730 (802643 Gflops/s) - 734 (807041 Gflops/s) - 724 (796046 Gflops/s) - 722 (793847 Gflops/s) - 721 (792747 Gflops/s) | Temperatures: 60°C - 61°C - 72°C - 69°C - 63°C - 61°C - 70°C - 73°C | Throttling: None - None - None - None - None - None - None - None
726 (798245 Gflops/s) - 735 (808141 Gflops/s) - 721 (792747 Gflops/s) - 730 (802643 Gflops/s) - 734 (807041 Gflops/s) - 723 (794946 Gflops/s) - 722 (793847 Gflops/s) - 721 (792747 Gflops/s) | Temperatures: 60°C - 61°C - 71°C - 70°C - 63°C - 60°C - 70°C - 73°C | Throttling: None - None - None - None - None - None - None - None
735 (808141 Gflops/s) - 734 (807041 Gflops/s) - 720 (791648 Gflops/s) - 730 (802643 Gflops/s) - 733 (805942 Gflops/s) - 724 (796046 Gflops/s) - 721 (792747 Gflops/s) - 721 (792747 Gflops/s) | Temperatures: 60°C - 61°C - 72°C - 69°C - 63°C - 61°C - 70°C - 73°C | Throttling: None - None - None - None - None - None - None - None
719 (790548 Gflops/s) - 735 (808141 Gflops/s) - 721 (792747 Gflops/s) - 730 (802643 Gflops/s) - 735 (808141 Gflops/s) - 724 (796046 Gflops/s) - 722 (793847 Gflops/s) - 720 (791648 Gflops/s) | Temperatures: 60°C - 61°C - 71°C - 69°C - 63°C - 60°C - 70°C - 73°C | Throttling: None - None - None - None - None - None - None - None
727 (799344 Gflops/s) - 734 (807041 Gflops/s) - 721 (792747 Gflops/s) - 729 (801543 Gflops/s) - 734 (807041 Gflops/s) - 724 (796046 Gflops/s) - 721 (792747 Gflops/s) - 721 (792747 Gflops/s) | Temperatures: 60°C - 61°C - 71°C - 69°C - 63°C - 61°C - 70°C - 73°C | Throttling: None - None - None - None - None - None - None - None
728 (800444 Gflops/s) - 735 (808141 Gflops/s) - 721 (792747 Gflops/s) - 731 (803742 Gflops/s) - 733 (805942 Gflops/s) - 724 (796046 Gflops/s) - 722 (793847 Gflops/s) - 720 (791648 Gflops/s) | Temperatures: 60°C - 61°C - 71°C - 70°C - 63°C - 60°C - 70°C - 73°C | Throttling: None - None - None - None - None - None - None - None
727 (799344 Gflops/s) - 736 (809240 Gflops/s) - 721 (792747 Gflops/s) - 730 (802643 Gflops/s) - 734 (807041 Gflops/s) - 724 (796046 Gflops/s) - 722 (793847 Gflops/s) - 721 (792747 Gflops/s) | Temperatures: 60°C - 61°C - 72°C - 69°C - 63°C - 60°C - 70°C - 73°C | Throttling: None - None - None - None - None - None - None - None
727 (799344 Gflops/s) - 735 (808141 Gflops/s) - 721 (792747 Gflops/s) - 729 (801543 Gflops/s) - 734 (807041 Gflops/s) - 724 (796046 Gflops/s) - 721 (792747 Gflops/s) - 721 (792747 Gflops/s) | Temperatures: 60°C - 61°C - 71°C - 69°C - 63°C - 60°C - 70°C - 73°C | Throttling: None - None - None - None - None - None - None - None
727 (799344 Gflops/s) - 735 (808141 Gflops/s) - 720 (791648 Gflops/s) - 730 (802643 Gflops/s) - 732 (804842 Gflops/s) - 723 (794946 Gflops/s) - 721 (792747 Gflops/s) - 721 (792747 Gflops/s) | Temperatures: 60°C - 61°C - 71°C - 69°C - 63°C - 60°C - 70°C - 73°C | Throttling: None - None - None - None - None - None - None - None
728 (800444 Gflops/s) - 735 (808141 Gflops/s) - 721 (792747 Gflops/s) - 729 (801543 Gflops/s) - 735 (808141 Gflops/s) - 724 (796046 Gflops/s) - 722 (793847 Gflops/s) - 721 (792747 Gflops/s) | Temperatures: 60°C - 61°C - 72°C - 69°C - 63°C - 60°C - 70°C - 73°C | Throttling: None - None - None - None - None - None - None - None
728 (800444 Gflops/s) - 735 (808141 Gflops/s) - 720 (791648 Gflops/s) - 729 (801543 Gflops/s) - 734 (807041 Gflops/s) - 723 (794946 Gflops/s) - 739 (812539 Gflops/s) - 721 (792747 Gflops/s) | Temperatures: 60°C - 61°C - 71°C - 69°C - 63°C - 60°C - 70°C - 73°C | Throttling: None - None - None - None - None - None - None - None
727 (799344 Gflops/s) - 736 (809240 Gflops/s) - 721 (792747 Gflops/s) - 730 (802643 Gflops/s) - 733 (805942 Gflops/s) - 733 (805942 Gflops/s) - 704 (774056 Gflops/s) - 720 (791648 Gflops/s) | Temperatures: 60°C - 61°C - 71°C - 70°C - 63°C - 60°C - 70°C - 73°C | Throttling: None - None - None - None - None - None - None - None
727 (799344 Gflops/s) - 735 (808141 Gflops/s) - 721 (792747 Gflops/s) - 730 (802643 Gflops/s) - 734 (807041 Gflops/s) - 715 (786150 Gflops/s) - 722 (793847 Gflops/s) - 721 (792747 Gflops/s) | Temperatures: 60°C - 61°C - 72°C - 69°C - 63°C - 60°C - 70°C - 73°C | Throttling: None - None - None - None - None - None - None - None
727 (799344 Gflops/s) - 735 (808141 Gflops/s) - 726 (798245 Gflops/s) - 729 (801543 Gflops/s) - 735 (808141 Gflops/s) - 725 (797145 Gflops/s) - 722 (793847 Gflops/s) - 721 (792747 Gflops/s) | Temperatures: 60°C - 61°C - 71°C - 69°C - 63°C - 60°C - 70°C - 73°C | Throttling: None - None - None - None - None - None - None - None
726 (798245 Gflops/s) - 735 (808141 Gflops/s) - 716 (787250 Gflops/s) - 729 (801543 Gflops/s) - 733 (805942 Gflops/s) - 723 (794946 Gflops/s) - 721 (792747 Gflops/s) - 721 (792747 Gflops/s) | Temperatures: 60°C - 61°C - 71°C - 69°C - 63°C - 60°C - 70°C - 73°C | Throttling: None - None - None - None - None - None - None - None
727 (799344 Gflops/s) - 734 (807041 Gflops/s) - 720 (791648 Gflops/s) - 730 (802643 Gflops/s) - 733 (805942 Gflops/s) - 724 (796046 Gflops/s) - 722 (793847 Gflops/s) - 720 (791648 Gflops/s) | Temperatures: 60°C - 61°C - 71°C - 69°C - 63°C - 60°C - 70°C - 73°C | Throttling: None - None - None - None - None - None - None - None
727 (799344 Gflops/s) - 735 (808141 Gflops/s) - 721 (792747 Gflops/s) - 730 (802643 Gflops/s) - 733 (805942 Gflops/s) - 724 (796046 Gflops/s) - 721 (792747 Gflops/s) - 720 (791648 Gflops/s) | Temperatures: 60°C - 61°C - 71°C - 69°C - 63°C - 60°C - 70°C - 73°C | Throttling: None - None - None - None - None - None - None - None
727 (799344 Gflops/s) - 735 (808141 Gflops/s) - 721 (792747 Gflops/s) - 729 (801543 Gflops/s) - 732 (804842 Gflops/s) - 723 (794946 Gflops/s) - 722 (793847 Gflops/s) - 720 (791648 Gflops/s) | Temperatures: 60°C - 61°C - 71°C - 69°C - 63°C - 60°C - 70°C - 73°C | Throttling: None - None - None - None - None - None - None - None
728 (800444 Gflops/s) - 735 (808141 Gflops/s) - 721 (792747 Gflops/s) - 730 (802643 Gflops/s) - 745 (819136 Gflops/s) - 725 (797145 Gflops/s) - 722 (793847 Gflops/s) - 722 (793847 Gflops/s) | Temperatures: 60°C - 61°C - 71°C - 69°C - 63°C - 60°C - 70°C - 74°C | Throttling: None - None - None - None - None - None - None - None
727 (799344 Gflops/s) - 735 (808141 Gflops/s) - 720 (791648 Gflops/s) - 730 (802643 Gflops/s) - 722 (793847 Gflops/s) - 723 (794946 Gflops/s) - 721 (792747 Gflops/s) - 720 (791648 Gflops/s) | Temperatures: 60°C - 61°C - 71°C - 69°C - 63°C - 60°C - 70°C - 73°C | Throttling: None - None - None - None - None - None - None - None
711 (781752 Gflops/s) - 732 (804842 Gflops/s) - 705 (775155 Gflops/s) - 714 (785051 Gflops/s) - 719 (790548 Gflops/s) - 708 (778454 Gflops/s) - 706 (776255 Gflops/s) - 704 (774056 Gflops/s) | Temperatures: 60°C - 61°C - 71°C - 69°C - 63°C - 60°C - 70°C - 73°C | Throttling: None - None - None - None - None - None - None - None
683 (750966 Gflops/s) - 680 (747667 Gflops/s) - 676 (743269 Gflops/s) - 685 (753165 Gflops/s) - 688 (756463 Gflops/s) - 679 (746568 Gflops/s) - 677 (744369 Gflops/s) - 676 (743269 Gflops/s) | Temperatures: 60°C - 61°C - 72°C - 69°C - 63°C - 60°C - 70°C - 73°C | Throttling: None - None - None - None - None - None - None - None
683 (750966 Gflops/s) - 689 (757563 Gflops/s) - 676 (743269 Gflops/s) - 685 (753165 Gflops/s) - 688 (756463 Gflops/s) - 680 (747667 Gflops/s) - 678 (745468 Gflops/s) - 677 (744369 Gflops/s) | Temperatures: 60°C - 61°C - 72°C - 69°C - 63°C - 60°C - 70°C - 73°C | Throttling: None - None - None - None - None - None - None - None
683 (750966 Gflops/s) - 691 (759762 Gflops/s) - 677 (744369 Gflops/s) - 686 (754264 Gflops/s) - 690 (758663 Gflops/s) - 680 (747667 Gflops/s) - 678 (745468 Gflops/s) - 675 (742170 Gflops/s) | Temperatures: 60°C - 61°C - 71°C - 69°C - 63°C - 60°C - 70°C - 73°C | Throttling: None - None - None - None - None - None - None - None
677 (744369 Gflops/s) - 684 (752065 Gflops/s) - 671 (737772 Gflops/s) - 680 (747667 Gflops/s) - 682 (749866 Gflops/s) - 673 (739971 Gflops/s) - 671 (737772 Gflops/s) - 672 (738871 Gflops/s) | Temperatures: 60°C - 61°C - 71°C - 70°C - 63°C - 60°C - 70°C - 73°C | Throttling: None - None - None - None - None - None - None - None
667 (733374 Gflops/s) - 674 (741070 Gflops/s) - 662 (727876 Gflops/s) - 670 (736672 Gflops/s) - 673 (739971 Gflops/s) - 665 (731175 Gflops/s) - 663 (728976 Gflops/s) - 661 (726777 Gflops/s) | Temperatures: 60°C - 61°C - 72°C - 69°C - 63°C - 60°C - 70°C - 73°C | Throttling: None - None - None - None - None - None - None - None
671 (737772 Gflops/s) - 678 (745468 Gflops/s) - 665 (731175 Gflops/s) - 678 (745468 Gflops/s) - 676 (743269 Gflops/s) - 668 (734473 Gflops/s) - 666 (732274 Gflops/s) - 664 (730075 Gflops/s) | Temperatures: 60°C - 61°C - 71°C - 69°C - 63°C - 60°C - 70°C - 73°C | Throttling: None - None - None - None - None - None - None - None
671 (737772 Gflops/s) - 679 (746568 Gflops/s) - 665 (731175 Gflops/s) - 669 (735573 Gflops/s) - 676 (743269 Gflops/s) - 668 (734473 Gflops/s) - 666 (732274 Gflops/s) - 665 (731175 Gflops/s) | Temperatures: 60°C - 61°C - 72°C - 69°C - 63°C - 60°C - 70°C - 73°C | Throttling: None - None - None - None - None - None - None - None
672 (738871 Gflops/s) - 677 (744369 Gflops/s) - 664 (730075 Gflops/s) - 673 (739971 Gflops/s) - 677 (744369 Gflops/s) - 667 (733374 Gflops/s) - 665 (731175 Gflops/s) - 664 (730075 Gflops/s) | Temperatures: 60°C - 61°C - 71°C - 70°C - 63°C - 60°C - 70°C - 73°C | Throttling: None - None - None - None - None - None - None - None
674 (741070 Gflops/s) - 683 (750966 Gflops/s) - 668 (734473 Gflops/s) - 678 (745468 Gflops/s) - 681 (748767 Gflops/s) - 671 (737772 Gflops/s) - 670 (736672 Gflops/s) - 668 (734473 Gflops/s) | Temperatures: 60°C - 61°C - 71°C - 69°C - 63°C - 60°C - 70°C - 73°C | Throttling: None - None - None - None - None - None - None - None
668 (734473 Gflops/s) - 675 (742170 Gflops/s) - 662 (727876 Gflops/s) - 671 (737772 Gflops/s) - 674 (741070 Gflops/s) - 665 (731175 Gflops/s) - 663 (728976 Gflops/s) - 662 (727876 Gflops/s) | Temperatures: 60°C - 61°C - 72°C - 69°C - 63°C - 60°C - 70°C - 73°C | Throttling: None - None - None - None - None - None - None - None
671 (737772 Gflops/s) - 678 (745468 Gflops/s) - 665 (731175 Gflops/s) - 673 (739971 Gflops/s) - 676 (743269 Gflops/s) - 667 (733374 Gflops/s) - 666 (732274 Gflops/s) - 664 (730075 Gflops/s) | Temperatures: 60°C - 61°C - 72°C - 69°C - 63°C - 60°C - 70°C - 73°C | Throttling: None - None - None - None - None - None - None - None
676 (743269 Gflops/s) - 683 (750966 Gflops/s) - 670 (736672 Gflops/s) - 678 (745468 Gflops/s) - 682 (749866 Gflops/s) - 673 (739971 Gflops/s) - 671 (737772 Gflops/s) - 684 (752065 Gflops/s) | Temperatures: 60°C - 61°C - 71°C - 69°C - 63°C - 60°C - 71°C - 73°C | Throttling: None - None - None - None - None - None - None - None
666 (732274 Gflops/s) - 673 (739971 Gflops/s) - 671 (737772 Gflops/s) - 670 (736672 Gflops/s) - 673 (739971 Gflops/s) - 663 (728976 Gflops/s) - 661 (726777 Gflops/s) - 646 (710284 Gflops/s) | Temperatures: 60°C - 61°C - 71°C - 69°C - 63°C - 60°C - 70°C - 73°C | Throttling: None - None - None - None - None - None - None - None
671 (737772 Gflops/s) - 677 (744369 Gflops/s) - 654 (719080 Gflops/s) - 673 (739971 Gflops/s) - 676 (743269 Gflops/s) - 668 (734473 Gflops/s) - 665 (731175 Gflops/s) - 663 (728976 Gflops/s) | Temperatures: 60°C - 61°C - 71°C - 69°C - 63°C - 60°C - 70°C - 73°C | Throttling: None - None - None - None - None - None - None - None
672 (738871 Gflops/s) - 678 (745468 Gflops/s) - 666 (732274 Gflops/s) - 673 (739971 Gflops/s) - 678 (745468 Gflops/s) - 668 (734473 Gflops/s) - 667 (733374 Gflops/s) - 665 (731175 Gflops/s) | Temperatures: 60°C - 61°C - 71°C - 69°C - 63°C - 60°C - 70°C - 73°C | Throttling: None - None - None - None - None - None - None - None
670 (736672 Gflops/s) - 676 (743269 Gflops/s) - 665 (731175 Gflops/s) - 673 (739971 Gflops/s) - 676 (743269 Gflops/s) - 668 (734473 Gflops/s) - 665 (731175 Gflops/s) - 664 (730075 Gflops/s) | Temperatures: 60°C - 61°C - 71°C - 70°C - 63°C - 60°C - 71°C - 73°C | Throttling: None - None - None - None - None - None - None - None
675 (742170 Gflops/s) - 683 (750966 Gflops/s) - 668 (734473 Gflops/s) - 677 (744369 Gflops/s) - 680 (747667 Gflops/s) - 671 (737772 Gflops/s) - 669 (735573 Gflops/s) - 668 (734473 Gflops/s) | Temperatures: 60°C - 61°C - 71°C - 69°C - 63°C - 60°C - 70°C - 73°C | Throttling: None - None - None - None - None - None - None - None
668 (734473 Gflops/s) - 675 (742170 Gflops/s) - 662 (727876 Gflops/s) - 670 (736672 Gflops/s) - 673 (739971 Gflops/s) - 665 (731175 Gflops/s) - 663 (728976 Gflops/s) - 661 (726777 Gflops/s) | Temperatures: 60°C - 61°C - 71°C - 69°C - 63°C - 60°C - 70°C - 73°C | Throttling: None - None - None - None - None - None - None - None
670 (736672 Gflops/s) - 679 (746568 Gflops/s) - 665 (731175 Gflops/s) - 673 (739971 Gflops/s) - 677 (744369 Gflops/s) - 668 (734473 Gflops/s) - 666 (732274 Gflops/s) - 665 (731175 Gflops/s) | Temperatures: 60°C - 61°C - 72°C - 69°C - 63°C - 60°C - 70°C - 73°C | Throttling: None - None - None - None - None - None - None - None
674 (741070 Gflops/s) - 680 (747667 Gflops/s) - 667 (733374 Gflops/s) - 675 (742170 Gflops/s) - 679 (746568 Gflops/s) - 669 (735573 Gflops/s) - 668 (734473 Gflops/s) - 667 (733374 Gflops/s) | Temperatures: 60°C - 61°C - 71°C - 70°C - 63°C - 60°C - 70°C - 74°C | Throttling: None - None - None - None - None - None - None - None
669 (735573 Gflops/s) - 675 (742170 Gflops/s) - 663 (728976 Gflops/s) - 672 (738871 Gflops/s) - 674 (741070 Gflops/s) - 666 (732274 Gflops/s) - 664 (730075 Gflops/s) - 662 (727876 Gflops/s) | Temperatures: 60°C - 61°C - 71°C - 69°C - 63°C - 60°C - 70°C - 74°C | Throttling: None - None - None - None - None - None - None - None
671 (737772 Gflops/s) - 679 (746568 Gflops/s) - 665 (731175 Gflops/s) - 674 (741070 Gflops/s) - 676 (743269 Gflops/s) - 668 (734473 Gflops/s) - 666 (732274 Gflops/s) - 664 (730075 Gflops/s) | Temperatures: 60°C - 61°C - 71°C - 69°C - 63°C - 60°C - 70°C - 73°C | Throttling: None - None - None - None - None - None - None - None
671 (737772 Gflops/s) - 679 (746568 Gflops/s) - 665 (731175 Gflops/s) - 673 (739971 Gflops/s) - 676 (743269 Gflops/s) - 668 (734473 Gflops/s) - 665 (731175 Gflops/s) - 665 (731175 Gflops/s) | Temperatures: 60°C - 61°C - 72°C - 69°C - 63°C - 60°C - 70°C - 73°C | Throttling: None - None - None - None - None - None - None - None
672 (738871 Gflops/s) - 677 (744369 Gflops/s) - 664 (730075 Gflops/s) - 673 (739971 Gflops/s) - 677 (744369 Gflops/s) - 668 (734473 Gflops/s) - 667 (733374 Gflops/s) - 664 (730075 Gflops/s) | Temperatures: 60°C - 61°C - 72°C - 69°C - 63°C - 60°C - 70°C - 73°C | Throttling: None - None - None - None - None - None - None - None
674 (741070 Gflops/s) - 680 (747667 Gflops/s) - 669 (735573 Gflops/s) - 677 (744369 Gflops/s) - 680 (747667 Gflops/s) - 672 (738871 Gflops/s) - 668 (734473 Gflops/s) - 669 (735573 Gflops/s) | Temperatures: 60°C - 61°C - 71°C - 69°C - 63°C - 60°C - 70°C - 73°C | Throttling: None - None - None - None - None - None - None - None
668 (734473 Gflops/s) - 676 (743269 Gflops/s) - 662 (727876 Gflops/s) - 670 (736672 Gflops/s) - 674 (741070 Gflops/s) - 664 (730075 Gflops/s) - 662 (727876 Gflops/s) - 661 (726777 Gflops/s) | Temperatures: 60°C - 61°C - 71°C - 70°C - 63°C - 60°C - 71°C - 73°C | Throttling: None - None - None - None - None - None - None - None
671 (737772 Gflops/s) - 677 (744369 Gflops/s) - 664 (730075 Gflops/s) - 674 (741070 Gflops/s) - 676 (743269 Gflops/s) - 667 (733374 Gflops/s) - 665 (731175 Gflops/s) - 664 (730075 Gflops/s) | Temperatures: 60°C - 61°C - 71°C - 70°C - 63°C - 60°C - 70°C - 74°C | Throttling: None - None - None - None - None - None - None - None
671 (737772 Gflops/s) - 678 (745468 Gflops/s) - 665 (731175 Gflops/s) - 674 (741070 Gflops/s) - 677 (744369 Gflops/s) - 667 (733374 Gflops/s) - 667 (733374 Gflops/s) - 664 (730075 Gflops/s) | Temperatures: 60°C - 61°C - 71°C - 70°C - 63°C - 60°C - 70°C - 74°C | Throttling: None - None - None - None - None - None - None - None
671 (737772 Gflops/s) - 678 (745468 Gflops/s) - 664 (730075 Gflops/s) - 673 (739971 Gflops/s) - 677 (744369 Gflops/s) - 682 (749866 Gflops/s) - 666 (732274 Gflops/s) - 664 (730075 Gflops/s) | Temperatures: 60°C - 61°C - 71°C - 70°C - 63°C - 60°C - 70°C - 73°C | Throttling: None - None - None - None - None - None - None - None
671 (737772 Gflops/s) - 680 (747667 Gflops/s) - 666 (732274 Gflops/s) - 675 (742170 Gflops/s) - 676 (743269 Gflops/s) - 654 (719080 Gflops/s) - 666 (732274 Gflops/s) - 664 (730075 Gflops/s) | Temperatures: 60°C - 61°C - 72°C - 70°C - 63°C - 60°C - 70°C - 73°C | Throttling: None - None - None - None - None - None - None - None
641 (704786 Gflops/s) - 648 (712483 Gflops/s) - 635 (698189 Gflops/s) - 643 (706985 Gflops/s) - 648 (712483 Gflops/s) - 638 (701488 Gflops/s) - 636 (699289 Gflops/s) - 635 (698189 Gflops/s) | Temperatures: 60°C - 61°C - 71°C - 70°C - 63°C - 60°C - 71°C - 74°C | Throttling: None - None - None - None - None - None - None - None
649 (713583 Gflops/s) - 656 (721279 Gflops/s) - 643 (706985 Gflops/s) - 652 (716881 Gflops/s) - 655 (720180 Gflops/s) - 646 (710284 Gflops/s) - 644 (708085 Gflops/s) - 643 (706985 Gflops/s) | Temperatures: 60°C - 61°C - 72°C - 70°C - 63°C - 60°C - 71°C - 74°C | Throttling: None - None - None - None - None - None - None - None
648 (712483 Gflops/s) - 654 (719080 Gflops/s) - 640 (703687 Gflops/s) - 648 (712483 Gflops/s) - 653 (717981 Gflops/s) - 643 (706985 Gflops/s) - 641 (704786 Gflops/s) - 641 (704786 Gflops/s) | Temperatures: 60°C - 61°C - 72°C - 70°C - 63°C - 60°C - 70°C - 74°C | Throttling: None - None - None - None - None - None - None - None
602 (661905 Gflops/s) - 609 (669602 Gflops/s) - 598 (657507 Gflops/s) - 604 (664105 Gflops/s) - 609 (669602 Gflops/s) - 600 (659706 Gflops/s) - 600 (659706 Gflops/s) - 596 (655308 Gflops/s) | Temperatures: 60°C - 61°C - 72°C - 70°C - 63°C - 60°C - 70°C - 73°C | Throttling: None - None - None - None - None - None - None - None
619 (680597 Gflops/s) - 625 (687194 Gflops/s) - 613 (674000 Gflops/s) - 622 (683896 Gflops/s) - 626 (688294 Gflops/s) - 629 (691592 Gflops/s) - 613 (674000 Gflops/s) - 613 (674000 Gflops/s) | Temperatures: 60°C - 61°C - 72°C - 70°C - 63°C - 60°C - 71°C - 73°C | Throttling: None - None - None - None - None - None - None - None
649 (713583 Gflops/s) - 655 (720180 Gflops/s) - 641 (704786 Gflops/s) - 650 (714682 Gflops/s) - 653 (717981 Gflops/s) - 632 (694891 Gflops/s) - 642 (705886 Gflops/s) - 641 (704786 Gflops/s) | Temperatures: 60°C - 61°C - 71°C - 70°C - 63°C - 60°C - 70°C - 73°C | Throttling: None - None - None - None - None - None - None - None
628 (690493 Gflops/s) - 635 (698189 Gflops/s) - 623 (684995 Gflops/s) - 631 (693791 Gflops/s) - 635 (698189 Gflops/s) - 626 (688294 Gflops/s) - 624 (686095 Gflops/s) - 623 (684995 Gflops/s) | Temperatures: 60°C - 61°C - 72°C - 70°C - 63°C - 60°C - 70°C - 73°C | Throttling: None - None - None - None - None - None - None - None
622 (683896 Gflops/s) - 629 (691592 Gflops/s) - 615 (676199 Gflops/s) - 625 (687194 Gflops/s) - 628 (690493 Gflops/s) - 619 (680597 Gflops/s) - 617 (678398 Gflops/s) - 616 (677299 Gflops/s) | Temperatures: 60°C - 61°C - 72°C - 70°C - 63°C - 60°C - 71°C - 74°C | Throttling: None - None - None - None - None - None - None - None
624 (686095 Gflops/s) - 631 (693791 Gflops/s) - 619 (680597 Gflops/s) - 626 (688294 Gflops/s) - 630 (692692 Gflops/s) - 620 (681697 Gflops/s) - 619 (680597 Gflops/s) - 618 (679498 Gflops/s) | Temperatures: 60°C - 61°C - 72°C - 70°C - 63°C - 60°C - 71°C - 74°C | Throttling: None - None - None - None - None - None - None - None
649 (713583 Gflops/s) - 656 (721279 Gflops/s) - 643 (706985 Gflops/s) - 651 (715782 Gflops/s) - 655 (720180 Gflops/s) - 647 (711384 Gflops/s) - 644 (708085 Gflops/s) - 642 (705886 Gflops/s) | Temperatures: 60°C - 61°C - 72°C - 70°C - 63°C - 60°C - 71°C - 73°C | Throttling: None - None - None - None - None - None - None - None
641 (704786 Gflops/s) - 663 (728976 Gflops/s) - 636 (699289 Gflops/s) - 644 (708085 Gflops/s) - 646 (710284 Gflops/s) - 638 (701488 Gflops/s) - 636 (699289 Gflops/s) - 635 (698189 Gflops/s) | Temperatures: 60°C - 61°C - 72°C - 70°C - 63°C - 60°C - 71°C - 74°C | Throttling: None - None - None - None - None - None - None - None
600 (659706 Gflops/s) - 593 (652010 Gflops/s) - 596 (655308 Gflops/s) - 603 (663005 Gflops/s) - 607 (667403 Gflops/s) - 598 (657507 Gflops/s) - 596 (655308 Gflops/s) - 595 (654209 Gflops/s) | Temperatures: 60°C - 61°C - 72°C - 70°C - 63°C - 60°C - 71°C - 74°C | Throttling: None - None - None - None - None - None - None - None
627 (689393 Gflops/s) - 634 (697090 Gflops/s) - 620 (681697 Gflops/s) - 628 (690493 Gflops/s) - 632 (694891 Gflops/s) - 623 (684995 Gflops/s) - 621 (682796 Gflops/s) - 620 (681697 Gflops/s) | Temperatures: 60°C - 61°C - 72°C - 70°C - 63°C - 60°C - 71°C - 74°C | Throttling: None - None - None - None - None - None - None - None
673 (739971 Gflops/s) - 682 (749866 Gflops/s) - 667 (733374 Gflops/s) - 676 (743269 Gflops/s) - 679 (746568 Gflops/s) - 670 (736672 Gflops/s) - 668 (734473 Gflops/s) - 667 (733374 Gflops/s) | Temperatures: 60°C - 61°C - 72°C - 70°C - 63°C - 60°C - 70°C - 74°C | Throttling: None - None - None - None - None - None - None - None
712 (782852 Gflops/s) - 719 (790548 Gflops/s) - 706 (776255 Gflops/s) - 716 (787250 Gflops/s) - 720 (791648 Gflops/s) - 710 (780653 Gflops/s) - 708 (778454 Gflops/s) - 706 (776255 Gflops/s) | Temperatures: 60°C - 61°C - 72°C - 70°C - 63°C - 60°C - 71°C - 74°C | Throttling: None - None - None - None - None - None - None - None
727 (799344 Gflops/s) - 734 (807041 Gflops/s) - 720 (791648 Gflops/s) - 729 (801543 Gflops/s) - 734 (807041 Gflops/s) - 724 (796046 Gflops/s) - 721 (792747 Gflops/s) - 719 (790548 Gflops/s) | Temperatures: 60°C - 61°C - 72°C - 70°C - 63°C - 60°C - 70°C - 74°C | Throttling: None - None - None - None - None - None - None - None
726 (798245 Gflops/s) - 735 (808141 Gflops/s) - 720 (791648 Gflops/s) - 729 (801543 Gflops/s) - 733 (805942 Gflops/s) - 723 (794946 Gflops/s) - 720 (791648 Gflops/s) - 719 (790548 Gflops/s) | Temperatures: 60°C - 61°C - 72°C - 70°C - 63°C - 60°C - 70°C - 74°C | Throttling: None - None - None - None - None - None - None - None
727 (799344 Gflops/s) - 735 (808141 Gflops/s) - 720 (791648 Gflops/s) - 729 (801543 Gflops/s) - 734 (807041 Gflops/s) - 724 (796046 Gflops/s) - 721 (792747 Gflops/s) - 719 (790548 Gflops/s) | Temperatures: 60°C - 61°C - 72°C - 70°C - 63°C - 60°C - 71°C - 74°C | Throttling: None - None - None - None - None - None - None - None
727 (799344 Gflops/s) - 734 (807041 Gflops/s) - 722 (793847 Gflops/s) - 729 (801543 Gflops/s) - 734 (807041 Gflops/s) - 723 (794946 Gflops/s) - 721 (792747 Gflops/s) - 720 (791648 Gflops/s) | Temperatures: 60°C - 61°C - 72°C - 70°C - 63°C - 60°C - 70°C - 73°C | Throttling: None - None - None - None - None - None - None - None
727 (799344 Gflops/s) - 734 (807041 Gflops/s) - 720 (791648 Gflops/s) - 729 (801543 Gflops/s) - 734 (807041 Gflops/s) - 723 (794946 Gflops/s) - 722 (793847 Gflops/s) - 719 (790548 Gflops/s) | Temperatures: 60°C - 61°C - 72°C - 70°C - 63°C - 60°C - 70°C - 74°C | Throttling: None - None - None - None - None - None - None - None
727 (799344 Gflops/s) - 735 (808141 Gflops/s) - 720 (791648 Gflops/s) - 729 (801543 Gflops/s) - 734 (807041 Gflops/s) - 724 (796046 Gflops/s) - 721 (792747 Gflops/s) - 720 (791648 Gflops/s) | Temperatures: 60°C - 61°C - 72°C - 70°C - 63°C - 60°C - 71°C - 74°C | Throttling: None - None - None - None - None - None - None - None
727 (799344 Gflops/s) - 735 (808141 Gflops/s) - 719 (790548 Gflops/s) - 729 (801543 Gflops/s) - 733 (805942 Gflops/s) - 723 (794946 Gflops/s) - 721 (792747 Gflops/s) - 719 (790548 Gflops/s) | Temperatures: 60°C - 61°C - 72°C - 70°C - 63°C - 60°C - 70°C - 74°C | Throttling: None - None - None - None - None - None - None - None
727 (799344 Gflops/s) - 734 (807041 Gflops/s) - 720 (791648 Gflops/s) - 729 (801543 Gflops/s) - 747 (821335 Gflops/s) - 723 (794946 Gflops/s) - 721 (792747 Gflops/s) - 719 (790548 Gflops/s) | Temperatures: 60°C - 61°C - 72°C - 70°C - 63°C - 60°C - 71°C - 74°C | Throttling: None - None - None - None - None - None - None - None
728 (800444 Gflops/s) - 735 (808141 Gflops/s) - 720 (791648 Gflops/s) - 730 (802643 Gflops/s) - 719 (790548 Gflops/s) - 724 (796046 Gflops/s) - 721 (792747 Gflops/s) - 720 (791648 Gflops/s) | Temperatures: 60°C - 61°C - 72°C - 70°C - 63°C - 60°C - 70°C - 74°C | Throttling: None - None - None - None - None - None - None - None
728 (800444 Gflops/s) - 735 (808141 Gflops/s) - 720 (791648 Gflops/s) - 730 (802643 Gflops/s) - 734 (807041 Gflops/s) - 723 (794946 Gflops/s) - 721 (792747 Gflops/s) - 721 (792747 Gflops/s) | Temperatures: 60°C - 61°C - 72°C - 70°C - 63°C - 60°C - 70°C - 74°C | Throttling: None - None - None - None - None - None - None - None
726 (798245 Gflops/s) - 734 (807041 Gflops/s) - 720 (791648 Gflops/s) - 729 (801543 Gflops/s) - 734 (807041 Gflops/s) - 723 (794946 Gflops/s) - 720 (791648 Gflops/s) - 719 (790548 Gflops/s) | Temperatures: 60°C - 61°C - 72°C - 70°C - 63°C - 60°C - 71°C - 74°C | Throttling: None - None - None - None - None - None - None - None
727 (799344 Gflops/s) - 735 (808141 Gflops/s) - 720 (791648 Gflops/s) - 729 (801543 Gflops/s) - 734 (807041 Gflops/s) - 723 (794946 Gflops/s) - 721 (792747 Gflops/s) - 720 (791648 Gflops/s) | Temperatures: 60°C - 61°C - 72°C - 70°C - 63°C - 60°C - 71°C - 74°C | Throttling: None - None - None - None - None - None - None - None
726 (798245 Gflops/s) - 749 (823534 Gflops/s) - 720 (791648 Gflops/s) - 729 (801543 Gflops/s) - 733 (805942 Gflops/s) - 722 (793847 Gflops/s) - 721 (792747 Gflops/s) - 719 (790548 Gflops/s) | Temperatures: 60°C - 61°C - 72°C - 70°C - 63°C - 60°C - 71°C - 74°C | Throttling: None - None - None - None - None - None - None - None
726 (798245 Gflops/s) - 721 (792747 Gflops/s) - 719 (790548 Gflops/s) - 730 (802643 Gflops/s) - 734 (807041 Gflops/s) - 723 (794946 Gflops/s) - 721 (792747 Gflops/s) - 719 (790548 Gflops/s) | Temperatures: 60°C - 61°C - 72°C - 70°C - 63°C - 60°C - 71°C - 74°C | Throttling: None - None - None - None - None - None - None - None
726 (798245 Gflops/s) - 735 (808141 Gflops/s) - 720 (791648 Gflops/s) - 729 (801543 Gflops/s) - 733 (805942 Gflops/s) - 722 (793847 Gflops/s) - 722 (793847 Gflops/s) - 718 (789449 Gflops/s) | Temperatures: 60°C - 61°C - 72°C - 70°C - 63°C - 60°C - 71°C - 74°C | Throttling: None - None - None - None - None - None - None - None
727 (799344 Gflops/s) - 734 (807041 Gflops/s) - 721 (792747 Gflops/s) - 728 (800444 Gflops/s) - 733 (805942 Gflops/s) - 724 (796046 Gflops/s) - 721 (792747 Gflops/s) - 719 (790548 Gflops/s) | Temperatures: 60°C - 61°C - 72°C - 70°C - 63°C - 60°C - 71°C - 74°C | Throttling: None - None - None - None - None - None - None - None
727 (799344 Gflops/s) - 737 (810340 Gflops/s) - 721 (792747 Gflops/s) - 729 (801543 Gflops/s) - 734 (807041 Gflops/s) - 723 (794946 Gflops/s) - 722 (793847 Gflops/s) - 720 (791648 Gflops/s) | Temperatures: 60°C - 61°C - 72°C - 70°C - 63°C - 60°C - 71°C - 74°C | Throttling: None - None - None - None - None - None - None - None
727 (799344 Gflops/s) - 734 (807041 Gflops/s) - 719 (790548 Gflops/s) - 728 (800444 Gflops/s) - 734 (807041 Gflops/s) - 723 (794946 Gflops/s) - 721 (792747 Gflops/s) - 718 (789449 Gflops/s) | Temperatures: 60°C - 61°C - 72°C - 70°C - 63°C - 60°C - 71°C - 74°C | Throttling: None - None - None - None - None - None - None - None
726 (798245 Gflops/s) - 734 (807041 Gflops/s) - 721 (792747 Gflops/s) - 730 (802643 Gflops/s) - 734 (807041 Gflops/s) - 723 (794946 Gflops/s) - 721 (792747 Gflops/s) - 720 (791648 Gflops/s) | Temperatures: 60°C - 61°C - 72°C - 70°C - 63°C - 60°C - 71°C - 74°C | Throttling: None - None - None - None - None - None - None - None
724 (796046 Gflops/s) - 730 (802643 Gflops/s) - 716 (787250 Gflops/s) - 726 (798245 Gflops/s) - 729 (801543 Gflops/s) - 719 (790548 Gflops/s) - 718 (789449 Gflops/s) - 716 (787250 Gflops/s) | Temperatures: 60°C - 61°C - 72°C - 70°C - 63°C - 60°C - 71°C - 74°C | Throttling: None - None - None - None - None - None - None - None
682 (749866 Gflops/s) - 689 (757563 Gflops/s) - 676 (743269 Gflops/s) - 684 (752065 Gflops/s) - 690 (758663 Gflops/s) - 680 (747667 Gflops/s) - 692 (760862 Gflops/s) - 674 (741070 Gflops/s) | Temperatures: 60°C - 61°C - 72°C - 70°C - 63°C - 60°C - 70°C - 74°C | Throttling: None - None - None - None - None - None - None - None
683 (750966 Gflops/s) - 689 (757563 Gflops/s) - 676 (743269 Gflops/s) - 685 (753165 Gflops/s) - 689 (757563 Gflops/s) - 679 (746568 Gflops/s) - 662 (727876 Gflops/s) - 676 (743269 Gflops/s) | Temperatures: 60°C - 61°C - 72°C - 70°C - 63°C - 60°C - 71°C - 74°C | Throttling: None - None - None - None - None - None - None - None
680 (747667 Gflops/s) - 689 (757563 Gflops/s) - 674 (741070 Gflops/s) - 682 (749866 Gflops/s) - 687 (755364 Gflops/s) - 677 (744369 Gflops/s) - 675 (742170 Gflops/s) - 673 (739971 Gflops/s) | Temperatures: 60°C - 61°C - 72°C - 70°C - 63°C - 60°C - 71°C - 74°C | Throttling: None - None - None - None - None - None - None - None
646 (710284 Gflops/s) - 653 (717981 Gflops/s) - 640 (703687 Gflops/s) - 650 (714682 Gflops/s) - 652 (716881 Gflops/s) - 643 (706985 Gflops/s) - 641 (704786 Gflops/s) - 640 (703687 Gflops/s) | Temperatures: 60°C - 61°C - 72°C - 70°C - 63°C - 60°C - 71°C - 74°C | Throttling: None - None - None - None - None - None - None - None
663 (728976 Gflops/s) - 671 (737772 Gflops/s) - 657 (722379 Gflops/s) - 666 (732274 Gflops/s) - 671 (737772 Gflops/s) - 661 (726777 Gflops/s) - 659 (724578 Gflops/s) - 657 (722379 Gflops/s) | Temperatures: 60°C - 61°C - 72°C - 70°C - 63°C - 60°C - 71°C - 74°C | Throttling: None - None - None - None - None - None - None - None
633 (695990 Gflops/s) - 638 (701488 Gflops/s) - 627 (689393 Gflops/s) - 635 (698189 Gflops/s) - 638 (701488 Gflops/s) - 628 (690493 Gflops/s) - 628 (690493 Gflops/s) - 626 (688294 Gflops/s) | Temperatures: 60°C - 61°C - 72°C - 70°C - 63°C - 60°C - 71°C - 74°C | Throttling: None - None - None - None - None - None - None - None
652 (716881 Gflops/s) - 660 (725677 Gflops/s) - 646 (710284 Gflops/s) - 656 (721279 Gflops/s) - 659 (724578 Gflops/s) - 650 (714682 Gflops/s) - 648 (712483 Gflops/s) - 646 (710284 Gflops/s) | Temperatures: 60°C - 61°C - 72°C - 70°C - 63°C - 60°C - 71°C - 74°C | Throttling: None - None - None - None - None - None - None - None
642 (705886 Gflops/s) - 648 (712483 Gflops/s) - 635 (698189 Gflops/s) - 643 (706985 Gflops/s) - 647 (711384 Gflops/s) - 637 (700388 Gflops/s) - 637 (700388 Gflops/s) - 635 (698189 Gflops/s) | Temperatures: 60°C - 61°C - 72°C - 70°C - 63°C - 60°C - 71°C - 74°C | Throttling: None - None - None - None - None - None - None - None
648 (712483 Gflops/s) - 656 (721279 Gflops/s) - 641 (704786 Gflops/s) - 650 (714682 Gflops/s) - 654 (719080 Gflops/s) - 645 (709184 Gflops/s) - 643 (706985 Gflops/s) - 641 (704786 Gflops/s) | Temperatures: 60°C - 61°C - 72°C - 70°C - 63°C - 60°C - 71°C - 74°C | Throttling: None - None - None - None - None - None - None - None
647 (711384 Gflops/s) - 654 (719080 Gflops/s) - 642 (705886 Gflops/s) - 650 (714682 Gflops/s) - 654 (719080 Gflops/s) - 644 (708085 Gflops/s) - 642 (705886 Gflops/s) - 641 (704786 Gflops/s) | Temperatures: 60°C - 61°C - 72°C - 70°C - 63°C - 60°C - 71°C - 74°C | Throttling: None - None - None - None - None - None - None - None
676 (743269 Gflops/s) - 683 (750966 Gflops/s) - 670 (736672 Gflops/s) - 678 (745468 Gflops/s) - 683 (750966 Gflops/s) - 674 (741070 Gflops/s) - 671 (737772 Gflops/s) - 670 (736672 Gflops/s) | Temperatures: 60°C - 61°C - 72°C - 70°C - 63°C - 60°C - 71°C - 74°C | Throttling: None - None - None - None - None - None - None - None
620 (681697 Gflops/s) - 627 (689393 Gflops/s) - 615 (676199 Gflops/s) - 623 (684995 Gflops/s) - 626 (688294 Gflops/s) - 617 (678398 Gflops/s) - 616 (677299 Gflops/s) - 615 (676199 Gflops/s) | Temperatures: 60°C - 61°C - 72°C - 70°C - 63°C - 60°C - 71°C - 74°C | Throttling: None - None - None - None - None - None - None - None
664 (730075 Gflops/s) - 671 (737772 Gflops/s) - 657 (722379 Gflops/s) - 666 (732274 Gflops/s) - 670 (736672 Gflops/s) - 660 (725677 Gflops/s) - 658 (723478 Gflops/s) - 657 (722379 Gflops/s) | Temperatures: 60°C - 61°C - 72°C - 70°C - 63°C - 60°C - 71°C - 74°C | Throttling: None - None - None - None - None - None - None - None
633 (695990 Gflops/s) - 638 (701488 Gflops/s) - 628 (690493 Gflops/s) - 633 (695990 Gflops/s) - 638 (701488 Gflops/s) - 628 (690493 Gflops/s) - 628 (690493 Gflops/s) - 625 (687194 Gflops/s) | Temperatures: 60°C - 61°C - 72°C - 70°C - 63°C - 60°C - 71°C - 74°C | Throttling: None - None - None - None - None - None - None - None
652 (716881 Gflops/s) - 660 (725677 Gflops/s) - 648 (712483 Gflops/s) - 655 (720180 Gflops/s) - 660 (725677 Gflops/s) - 650 (714682 Gflops/s) - 647 (711384 Gflops/s) - 647 (711384 Gflops/s) | Temperatures: 60°C - 61°C - 72°C - 70°C - 63°C - 60°C - 71°C - 74°C | Throttling: None - None - None - None - None - None - None - None
663 (728976 Gflops/s) - 671 (737772 Gflops/s) - 658 (723478 Gflops/s) - 666 (732274 Gflops/s) - 670 (736672 Gflops/s) - 661 (726777 Gflops/s) - 658 (723478 Gflops/s) - 658 (723478 Gflops/s) | Temperatures: 60°C - 61°C - 72°C - 70°C - 63°C - 60°C - 71°C - 74°C | Throttling: None - None - None - None - None - None - None - None
626 (688294 Gflops/s) - 634 (697090 Gflops/s) - 620 (681697 Gflops/s) - 628 (690493 Gflops/s) - 632 (694891 Gflops/s) - 623 (684995 Gflops/s) - 621 (682796 Gflops/s) - 618 (679498 Gflops/s) | Temperatures: 60°C - 61°C - 72°C - 70°C - 63°C - 60°C - 71°C - 74°C | Throttling: None - None - None - None - None - None - None - None
648 (712483 Gflops/s) - 655 (720180 Gflops/s) - 642 (705886 Gflops/s) - 650 (714682 Gflops/s) - 654 (719080 Gflops/s) - 644 (708085 Gflops/s) - 642 (705886 Gflops/s) - 641 (704786 Gflops/s) | Temperatures: 60°C - 61°C - 72°C - 70°C - 63°C - 60°C - 71°C - 74°C | Throttling: None - None - None - None - None - None - None - None
676 (743269 Gflops/s) - 683 (750966 Gflops/s) - 670 (736672 Gflops/s) - 677 (744369 Gflops/s) - 682 (749866 Gflops/s) - 672 (738871 Gflops/s) - 670 (736672 Gflops/s) - 669 (735573 Gflops/s) | Temperatures: 60°C - 61°C - 72°C - 70°C - 63°C - 60°C - 71°C - 74°C | Throttling: None - None - None - None - None - None - None - None
621 (682796 Gflops/s) - 627 (689393 Gflops/s) - 616 (677299 Gflops/s) - 623 (684995 Gflops/s) - 627 (689393 Gflops/s) - 618 (679498 Gflops/s) - 616 (677299 Gflops/s) - 614 (675100 Gflops/s) | Temperatures: 60°C - 61°C - 72°C - 70°C - 63°C - 60°C - 71°C - 74°C | Throttling: None - None - None - None - None - None - None - None
661 (726777 Gflops/s) - 667 (733374 Gflops/s) - 656 (721279 Gflops/s) - 663 (728976 Gflops/s) - 668 (734473 Gflops/s) - 658 (723478 Gflops/s) - 657 (722379 Gflops/s) - 655 (720180 Gflops/s) | Temperatures: 60°C - 61°C - 72°C - 70°C - 63°C - 60°C - 71°C - 74°C | Throttling: None - None - None - None - None - None - None - None
634 (697090 Gflops/s) - 641 (704786 Gflops/s) - 628 (690493 Gflops/s) - 637 (700388 Gflops/s) - 641 (704786 Gflops/s) - 631 (693791 Gflops/s) - 629 (691592 Gflops/s) - 627 (689393 Gflops/s) | Temperatures: 60°C - 61°C - 72°C - 70°C - 63°C - 60°C - 71°C - 74°C | Throttling: None - None - None - None - None - None - None - None
653 (717981 Gflops/s) - 660 (725677 Gflops/s) - 648 (712483 Gflops/s) - 655 (720180 Gflops/s) - 659 (724578 Gflops/s) - 649 (713583 Gflops/s) - 649 (713583 Gflops/s) - 647 (711384 Gflops/s) | Temperatures: 60°C - 61°C - 72°C - 70°C - 63°C - 60°C - 71°C - 74°C | Throttling: None - None - None - None - None - None - None - None
664 (730075 Gflops/s) - 671 (737772 Gflops/s) - 657 (722379 Gflops/s) - 666 (732274 Gflops/s) - 670 (736672 Gflops/s) - 660 (725677 Gflops/s) - 658 (723478 Gflops/s) - 657 (722379 Gflops/s) | Temperatures: 60°C - 61°C - 72°C - 70°C - 63°C - 60°C - 71°C - 74°C | Throttling: None - None - None - None - None - None - None - None
626 (688294 Gflops/s) - 632 (694891 Gflops/s) - 620 (681697 Gflops/s) - 628 (690493 Gflops/s) - 632 (694891 Gflops/s) - 623 (684995 Gflops/s) - 621 (682796 Gflops/s) - 619 (680597 Gflops/s) | Temperatures: 60°C - 61°C - 72°C - 70°C - 63°C - 60°C - 71°C - 74°C | Throttling: None - None - None - None - None - None - None - None
648 (712483 Gflops/s) - 654 (719080 Gflops/s) - 642 (705886 Gflops/s) - 650 (714682 Gflops/s) - 670 (736672 Gflops/s) - 644 (708085 Gflops/s) - 643 (706985 Gflops/s) - 642 (705886 Gflops/s) | Temperatures: 60°C - 61°C - 72°C - 70°C - 63°C - 60°C - 71°C - 74°C | Throttling: None - None - None - None - None - None - None - None
675 (742170 Gflops/s) - 683 (750966 Gflops/s) - 669 (735573 Gflops/s) - 677 (744369 Gflops/s) - 667 (733374 Gflops/s) - 673 (739971 Gflops/s) - 671 (737772 Gflops/s) - 668 (734473 Gflops/s) | Temperatures: 60°C - 61°C - 72°C - 70°C - 63°C - 61°C - 71°C - 74°C | Throttling: None - None - None - None - None - None - None - None
620 (681697 Gflops/s) - 628 (690493 Gflops/s) - 616 (677299 Gflops/s) - 639 (702587 Gflops/s) - 627 (689393 Gflops/s) - 618 (679498 Gflops/s) - 616 (677299 Gflops/s) - 613 (674000 Gflops/s) | Temperatures: 60°C - 61°C - 72°C - 70°C - 63°C - 60°C - 71°C - 74°C | Throttling: None - None - None - None - None - None - None - None
654 (719080 Gflops/s) - 661 (726777 Gflops/s) - 648 (712483 Gflops/s) - 640 (703687 Gflops/s) - 660 (725677 Gflops/s) - 652 (716881 Gflops/s) - 649 (713583 Gflops/s) - 647 (711384 Gflops/s) | Temperatures: 60°C - 61°C - 72°C - 70°C - 63°C - 61°C - 71°C - 74°C | Throttling: None - None - None - None - None - None - None - None
642 (705886 Gflops/s) - 649 (713583 Gflops/s) - 636 (699289 Gflops/s) - 645 (709184 Gflops/s) - 648 (712483 Gflops/s) - 638 (701488 Gflops/s) - 636 (699289 Gflops/s) - 635 (698189 Gflops/s) | Temperatures: 60°C - 61°C - 72°C - 70°C - 63°C - 60°C - 71°C - 74°C | Throttling: None - None - None - None - None - None - None - None
637 (700388 Gflops/s) - 644 (708085 Gflops/s) - 633 (695990 Gflops/s) - 640 (703687 Gflops/s) - 646 (710284 Gflops/s) - 635 (698189 Gflops/s) - 634 (697090 Gflops/s) - 632 (694891 Gflops/s) | Temperatures: 60°C - 61°C - 72°C - 70°C - 63°C - 60°C - 71°C - 74°C | Throttling: None - None - None - None - None - None - None - None
667 (733374 Gflops/s) - 674 (741070 Gflops/s) - 661 (726777 Gflops/s) - 668 (734473 Gflops/s) - 673 (739971 Gflops/s) - 664 (730075 Gflops/s) - 661 (726777 Gflops/s) - 660 (725677 Gflops/s) | Temperatures: 60°C - 61°C - 72°C - 70°C - 63°C - 61°C - 71°C - 74°C | Throttling: None - None - None - None - None - None - None - None
592 (650910 Gflops/s) - 599 (658607 Gflops/s) - 586 (644313 Gflops/s) - 594 (653109 Gflops/s) - 599 (658607 Gflops/s) - 589 (647612 Gflops/s) - 588 (646512 Gflops/s) - 585 (643214 Gflops/s) | Temperatures: 60°C - 61°C - 72°C - 70°C - 63°C - 60°C - 71°C - 74°C | Throttling: None - None - None - None - None - None - None - None
629 (691592 Gflops/s) - 648 (712483 Gflops/s) - 624 (686095 Gflops/s) - 632 (694891 Gflops/s) - 636 (699289 Gflops/s) - 627 (689393 Gflops/s) - 625 (687194 Gflops/s) - 622 (683896 Gflops/s) | Temperatures: 60°C - 61°C - 72°C - 70°C - 63°C - 60°C - 71°C - 74°C | Throttling: None - None - None - None - None - None - None - None
673 (739971 Gflops/s) - 669 (735573 Gflops/s) - 667 (733374 Gflops/s) - 675 (742170 Gflops/s) - 679 (746568 Gflops/s) - 669 (735573 Gflops/s) - 668 (734473 Gflops/s) - 667 (733374 Gflops/s) | Temperatures: 60°C - 61°C - 72°C - 70°C - 63°C - 60°C - 71°C - 74°C | Throttling: None - None - None - None - None - None - None - None
602 (661905 Gflops/s) - 609 (669602 Gflops/s) - 597 (656408 Gflops/s) - 605 (665204 Gflops/s) - 609 (669602 Gflops/s) - 600 (659706 Gflops/s) - 598 (657507 Gflops/s) - 597 (656408 Gflops/s) | Temperatures: 60°C - 61°C - 72°C - 70°C - 63°C - 60°C - 71°C - 74°C | Throttling: None - None - None - None - None - None - None - None
619 (680597 Gflops/s) - 626 (688294 Gflops/s) - 614 (675100 Gflops/s) - 622 (683896 Gflops/s) - 626 (688294 Gflops/s) - 616 (677299 Gflops/s) - 615 (676199 Gflops/s) - 613 (674000 Gflops/s) | Temperatures: 60°C - 61°C - 72°C - 70°C - 63°C - 60°C - 71°C - 74°C | Throttling: None - None - None - None - None - None - None - None
626 (688294 Gflops/s) - 633 (695990 Gflops/s) - 620 (681697 Gflops/s) - 628 (690493 Gflops/s) - 632 (694891 Gflops/s) - 623 (684995 Gflops/s) - 621 (682796 Gflops/s) - 619 (680597 Gflops/s) | Temperatures: 60°C - 61°C - 72°C - 70°C - 63°C - 60°C - 71°C - 74°C | Throttling: None - None - None - None - None - None - None - None
649 (713583 Gflops/s) - 656 (721279 Gflops/s) - 651 (715782 Gflops/s) - 652 (716881 Gflops/s) - 655 (720180 Gflops/s) - 646 (710284 Gflops/s) - 644 (708085 Gflops/s) - 642 (705886 Gflops/s) | Temperatures: 60°C - 61°C - 72°C - 70°C - 63°C - 60°C - 71°C - 74°C | Throttling: None - None - None - None - None - None - None - None
615 (676199 Gflops/s) - 620 (681697 Gflops/s) - 600 (659706 Gflops/s) - 619 (680597 Gflops/s) - 620 (681697 Gflops/s) - 611 (671801 Gflops/s) - 608 (668503 Gflops/s) - 608 (668503 Gflops/s) | Temperatures: 60°C - 61°C - 72°C - 70°C - 63°C - 60°C - 71°C - 74°C | Throttling: None - None - None - None - None - None - None - None
626 (688294 Gflops/s) - 632 (694891 Gflops/s) - 619 (680597 Gflops/s) - 625 (687194 Gflops/s) - 632 (694891 Gflops/s) - 622 (683896 Gflops/s) - 621 (682796 Gflops/s) - 618 (679498 Gflops/s) | Temperatures: 60°C - 61°C - 72°C - 70°C - 63°C - 60°C - 71°C - 74°C | Throttling: None - None - None - None - None - None - None - None
633 (695990 Gflops/s) - 642 (705886 Gflops/s) - 629 (691592 Gflops/s) - 637 (700388 Gflops/s) - 640 (703687 Gflops/s) - 631 (693791 Gflops/s) - 630 (692692 Gflops/s) - 628 (690493 Gflops/s) | Temperatures: 60°C - 61°C - 72°C - 70°C - 63°C - 60°C - 71°C - 74°C | Throttling: None - None - None - None - None - None - None - None
702 (771857 Gflops/s) - 710 (780653 Gflops/s) - 695 (764160 Gflops/s) - 704 (774056 Gflops/s) - 709 (779553 Gflops/s) - 699 (768558 Gflops/s) - 696 (765260 Gflops/s) - 694 (763061 Gflops/s) | Temperatures: 60°C - 61°C - 72°C - 70°C - 63°C - 60°C - 71°C - 74°C | Throttling: None - None - None - None - None - None - None - None
702 (771857 Gflops/s) - 709 (779553 Gflops/s) - 695 (764160 Gflops/s) - 703 (772956 Gflops/s) - 708 (778454 Gflops/s) - 698 (767459 Gflops/s) - 696 (765260 Gflops/s) - 695 (764160 Gflops/s) | Temperatures: 60°C - 61°C - 72°C - 70°C - 63°C - 60°C - 71°C - 74°C | Throttling: None - None - None - None - None - None - None - None
702 (771857 Gflops/s) - 709 (779553 Gflops/s) - 695 (764160 Gflops/s) - 704 (774056 Gflops/s) - 708 (778454 Gflops/s) - 698 (767459 Gflops/s) - 696 (765260 Gflops/s) - 694 (763061 Gflops/s) | Temperatures: 60°C - 61°C - 72°C - 70°C - 63°C - 60°C - 71°C - 74°C | Throttling: None - None - None - None - None - None - None - None
701 (770757 Gflops/s) - 709 (779553 Gflops/s) - 695 (764160 Gflops/s) - 704 (774056 Gflops/s) - 709 (779553 Gflops/s) - 699 (768558 Gflops/s) - 697 (766359 Gflops/s) - 694 (763061 Gflops/s) | Temperatures: 60°C - 61°C - 72°C - 70°C - 63°C - 60°C - 71°C - 74°C | Throttling: None - None - None - None - None - None - None - None
702 (771857 Gflops/s) - 710 (780653 Gflops/s) - 706 (776255 Gflops/s) - 704 (774056 Gflops/s) - 708 (778454 Gflops/s) - 699 (768558 Gflops/s) - 697 (766359 Gflops/s) - 695 (764160 Gflops/s) | Temperatures: 60°C - 61°C - 72°C - 70°C - 63°C - 60°C - 71°C - 74°C | Throttling: None - None - None - None - None - None - None - None
701 (770757 Gflops/s) - 709 (779553 Gflops/s) - 683 (750966 Gflops/s) - 704 (774056 Gflops/s) - 708 (778454 Gflops/s) - 698 (767459 Gflops/s) - 696 (765260 Gflops/s) - 694 (763061 Gflops/s) | Temperatures: 60°C - 61°C - 72°C - 70°C - 63°C - 60°C - 71°C - 74°C | Throttling: None - None - None - None - None - None - None - None
702 (771857 Gflops/s) - 709 (779553 Gflops/s) - 696 (765260 Gflops/s) - 705 (775155 Gflops/s) - 709 (779553 Gflops/s) - 700 (769658 Gflops/s) - 696 (765260 Gflops/s) - 694 (763061 Gflops/s) | Temperatures: 60°C - 61°C - 72°C - 70°C - 63°C - 60°C - 71°C - 74°C | Throttling: None - None - None - None - None - None - None - None
702 (771857 Gflops/s) - 710 (780653 Gflops/s) - 696 (765260 Gflops/s) - 704 (774056 Gflops/s) - 709 (779553 Gflops/s) - 698 (767459 Gflops/s) - 697 (766359 Gflops/s) - 695 (764160 Gflops/s) | Temperatures: 60°C - 61°C - 72°C - 70°C - 63°C - 60°C - 71°C - 74°C | Throttling: None - None - None - None - None - None - None - None
702 (771857 Gflops/s) - 708 (778454 Gflops/s) - 694 (763061 Gflops/s) - 705 (775155 Gflops/s) - 707 (777354 Gflops/s) - 701 (770757 Gflops/s) - 696 (765260 Gflops/s) - 694 (763061 Gflops/s) | Temperatures: 60°C - 61°C - 72°C - 70°C - 63°C - 60°C - 71°C - 74°C | Throttling: None - None - None - None - None - None - None - None
702 (771857 Gflops/s) - 722 (793847 Gflops/s) - 696 (765260 Gflops/s) - 704 (774056 Gflops/s) - 709 (779553 Gflops/s) - 696 (765260 Gflops/s) - 698 (767459 Gflops/s) - 694 (763061 Gflops/s) | Temperatures: 60°C - 61°C - 72°C - 70°C - 63°C - 60°C - 71°C - 74°C | Throttling: None - None - None - None - None - None - None - None
701 (770757 Gflops/s) - 697 (766359 Gflops/s) - 694 (763061 Gflops/s) - 704 (774056 Gflops/s) - 708 (778454 Gflops/s) - 698 (767459 Gflops/s) - 695 (764160 Gflops/s) - 693 (761961 Gflops/s) | Temperatures: 60°C - 61°C - 72°C - 70°C - 63°C - 60°C - 71°C - 74°C | Throttling: None - None - None - None - None - None - None - None
701 (770757 Gflops/s) - 709 (779553 Gflops/s) - 695 (764160 Gflops/s) - 704 (774056 Gflops/s) - 709 (779553 Gflops/s) - 698 (767459 Gflops/s) - 696 (765260 Gflops/s) - 695 (764160 Gflops/s) | Temperatures: 60°C - 61°C - 72°C - 70°C - 63°C - 60°C - 71°C - 74°C | Throttling: None - None - None - None - None - None - None - None
703 (772956 Gflops/s) - 709 (779553 Gflops/s) - 696 (765260 Gflops/s) - 704 (774056 Gflops/s) - 708 (778454 Gflops/s) - 699 (768558 Gflops/s) - 696 (765260 Gflops/s) - 694 (763061 Gflops/s) | Temperatures: 60°C - 61°C - 72°C - 70°C - 63°C - 60°C - 71°C - 74°C | Throttling: None - None - None - None - None - None - None - None
701 (770757 Gflops/s) - 710 (780653 Gflops/s) - 694 (763061 Gflops/s) - 704 (774056 Gflops/s) - 709 (779553 Gflops/s) - 698 (767459 Gflops/s) - 696 (765260 Gflops/s) - 693 (761961 Gflops/s) | Temperatures: 60°C - 61°C - 72°C - 70°C - 63°C - 60°C - 71°C - 74°C | Throttling: None - None - None - None - None - None - None - None
703 (772956 Gflops/s) - 710 (780653 Gflops/s) - 695 (764160 Gflops/s) - 705 (775155 Gflops/s) - 709 (779553 Gflops/s) - 698 (767459 Gflops/s) - 697 (766359 Gflops/s) - 696 (765260 Gflops/s) | Temperatures: 60°C - 61°C - 72°C - 70°C - 63°C - 60°C - 71°C - 74°C | Throttling: None - None - None - None - None - None - None - None
701 (770757 Gflops/s) - 709 (779553 Gflops/s) - 695 (764160 Gflops/s) - 703 (772956 Gflops/s) - 709 (779553 Gflops/s) - 698 (767459 Gflops/s) - 696 (765260 Gflops/s) - 695 (764160 Gflops/s) | Temperatures: 60°C - 61°C - 72°C - 70°C - 63°C - 60°C - 71°C - 74°C | Throttling: None - None - None - None - None - None - None - None
701 (770757 Gflops/s) - 707 (777354 Gflops/s) - 696 (765260 Gflops/s) - 704 (774056 Gflops/s) - 710 (780653 Gflops/s) - 699 (768558 Gflops/s) - 696 (765260 Gflops/s) - 694 (763061 Gflops/s) | Temperatures: 60°C - 61°C - 72°C - 70°C - 63°C - 60°C - 71°C - 74°C | Throttling: None - None - None - None - None - None - None - None
701 (770757 Gflops/s) - 709 (779553 Gflops/s) - 695 (764160 Gflops/s) - 703 (772956 Gflops/s) - 708 (778454 Gflops/s) - 699 (768558 Gflops/s) - 696 (765260 Gflops/s) - 694 (763061 Gflops/s) | Temperatures: 60°C - 61°C - 72°C - 70°C - 63°C - 60°C - 71°C - 74°C | Throttling: None - None - None - None - None - None - None - None
687 (755364 Gflops/s) - 694 (763061 Gflops/s) - 681 (748767 Gflops/s) - 690 (758663 Gflops/s) - 694 (763061 Gflops/s) - 684 (752065 Gflops/s) - 682 (749866 Gflops/s) - 681 (748767 Gflops/s) | Temperatures: 60°C - 61°C - 72°C - 70°C - 63°C - 61°C - 71°C - 74°C | Throttling: None - None - None - None - None - None - None - None
684 (752065 Gflops/s) - 691 (759762 Gflops/s) - 676 (743269 Gflops/s) - 685 (753165 Gflops/s) - 688 (756463 Gflops/s) - 679 (746568 Gflops/s) - 676 (743269 Gflops/s) - 675 (742170 Gflops/s) | Temperatures: 60°C - 61°C - 72°C - 70°C - 63°C - 60°C - 71°C - 74°C | Throttling: None - None - None - None - None - None - None - None
682 (749866 Gflops/s) - 689 (757563 Gflops/s) - 676 (743269 Gflops/s) - 693 (761961 Gflops/s) - 690 (758663 Gflops/s) - 679 (746568 Gflops/s) - 677 (744369 Gflops/s) - 675 (742170 Gflops/s) | Temperatures: 60°C - 61°C - 72°C - 70°C - 63°C - 60°C - 71°C - 74°C | Throttling: None - None - None - None - None - None - None - None
686 (754264 Gflops/s) - 690 (758663 Gflops/s) - 676 (743269 Gflops/s) - 676 (743269 Gflops/s) - 689 (757563 Gflops/s) - 679 (746568 Gflops/s) - 676 (743269 Gflops/s) - 675 (742170 Gflops/s) | Temperatures: 60°C - 61°C - 72°C - 70°C - 63°C - 60°C - 71°C - 74°C | Throttling: None - None - None - None - None - None - None - None
678 (745468 Gflops/s) - 689 (757563 Gflops/s) - 676 (743269 Gflops/s) - 685 (753165 Gflops/s) - 689 (757563 Gflops/s) - 679 (746568 Gflops/s) - 677 (744369 Gflops/s) - 674 (741070 Gflops/s) | Temperatures: 60°C - 61°C - 72°C - 70°C - 63°C - 60°C - 71°C - 74°C | Throttling: None - None - None - None - None - None - None - None
682 (749866 Gflops/s) - 690 (758663 Gflops/s) - 676 (743269 Gflops/s) - 684 (752065 Gflops/s) - 689 (757563 Gflops/s) - 679 (746568 Gflops/s) - 677 (744369 Gflops/s) - 675 (742170 Gflops/s) | Temperatures: 60°C - 61°C - 72°C - 70°C - 63°C - 60°C - 71°C - 74°C | Throttling: None - None - None - None - None - None - None - None
682 (749866 Gflops/s) - 690 (758663 Gflops/s) - 676 (743269 Gflops/s) - 684 (752065 Gflops/s) - 689 (757563 Gflops/s) - 678 (745468 Gflops/s) - 677 (744369 Gflops/s) - 675 (742170 Gflops/s) | Temperatures: 60°C - 61°C - 72°C - 70°C - 63°C - 60°C - 71°C - 74°C | Throttling: None - None - None - None - None - None - None - None
682 (749866 Gflops/s) - 688 (756463 Gflops/s) - 677 (744369 Gflops/s) - 685 (753165 Gflops/s) - 688 (756463 Gflops/s) - 679 (746568 Gflops/s) - 676 (743269 Gflops/s) - 676 (743269 Gflops/s) | Temperatures: 60°C - 61°C - 72°C - 70°C - 63°C - 60°C - 71°C - 74°C | Throttling: None - None - None - None - None - None - None - None
666 (732274 Gflops/s) - 675 (742170 Gflops/s) - 660 (725677 Gflops/s) - 668 (734473 Gflops/s) - 673 (739971 Gflops/s) - 664 (730075 Gflops/s) - 662 (727876 Gflops/s) - 659 (724578 Gflops/s) | Temperatures: 60°C - 61°C - 72°C - 70°C - 63°C - 60°C - 71°C - 74°C | Throttling: None - None - None - None - None - None - None - None
632 (694891 Gflops/s) - 638 (701488 Gflops/s) - 626 (688294 Gflops/s) - 634 (697090 Gflops/s) - 638 (701488 Gflops/s) - 629 (691592 Gflops/s) - 626 (688294 Gflops/s) - 625 (687194 Gflops/s) | Temperatures: 60°C - 61°C - 72°C - 70°C - 63°C - 60°C - 71°C - 74°C | Throttling: None - None - None - None - None - None - None - None
652 (716881 Gflops/s) - 660 (725677 Gflops/s) - 647 (711384 Gflops/s) - 654 (719080 Gflops/s) - 659 (724578 Gflops/s) - 649 (713583 Gflops/s) - 648 (712483 Gflops/s) - 647 (711384 Gflops/s) | Temperatures: 60°C - 61°C - 72°C - 70°C - 63°C - 60°C - 71°C - 74°C | Throttling: None - None - None - None - None - None - None - None
666 (732274 Gflops/s) - 671 (737772 Gflops/s) - 658 (723478 Gflops/s) - 667 (733374 Gflops/s) - 671 (737772 Gflops/s) - 661 (726777 Gflops/s) - 659 (724578 Gflops/s) - 657 (722379 Gflops/s) | Temperatures: 60°C - 61°C - 72°C - 70°C - 63°C - 60°C - 71°C - 74°C | Throttling: None - None - None - None - None - None - None - None
624 (686095 Gflops/s) - 631 (693791 Gflops/s) - 618 (679498 Gflops/s) - 626 (688294 Gflops/s) - 630 (692692 Gflops/s) - 621 (682796 Gflops/s) - 618 (679498 Gflops/s) - 617 (678398 Gflops/s) | Temperatures: 60°C - 61°C - 72°C - 70°C - 63°C - 60°C - 71°C - 74°C | Throttling: None - None - None - None - None - None - None - None
648 (712483 Gflops/s) - 656 (721279 Gflops/s) - 643 (706985 Gflops/s) - 649 (713583 Gflops/s) - 654 (719080 Gflops/s) - 646 (710284 Gflops/s) - 642 (705886 Gflops/s) - 642 (705886 Gflops/s) | Temperatures: 60°C - 61°C - 72°C - 70°C - 63°C - 60°C - 71°C - 74°C | Throttling: None - None - None - None - None - None - None - None
676 (743269 Gflops/s) - 683 (750966 Gflops/s) - 670 (736672 Gflops/s) - 678 (745468 Gflops/s) - 683 (750966 Gflops/s) - 674 (741070 Gflops/s) - 671 (737772 Gflops/s) - 668 (734473 Gflops/s) | Temperatures: 60°C - 61°C - 72°C - 70°C - 63°C - 61°C - 71°C - 74°C | Throttling: None - None - None - None - None - None - None - None
620 (681697 Gflops/s) - 629 (691592 Gflops/s) - 614 (675100 Gflops/s) - 622 (683896 Gflops/s) - 626 (688294 Gflops/s) - 617 (678398 Gflops/s) - 615 (676199 Gflops/s) - 613 (674000 Gflops/s) | Temperatures: 60°C - 61°C - 72°C - 70°C - 63°C - 61°C - 71°C - 74°C | Throttling: None - None - None - None - None - None - None - None
648 (712483 Gflops/s) - 654 (719080 Gflops/s) - 642 (705886 Gflops/s) - 650 (714682 Gflops/s) - 654 (719080 Gflops/s) - 646 (710284 Gflops/s) - 642 (705886 Gflops/s) - 641 (704786 Gflops/s) | Temperatures: 60°C - 61°C - 72°C - 70°C - 63°C - 60°C - 71°C - 74°C | Throttling: None - None - None - None - None - None - None - None
648 (712483 Gflops/s) - 656 (721279 Gflops/s) - 642 (705886 Gflops/s) - 650 (714682 Gflops/s) - 656 (721279 Gflops/s) - 644 (708085 Gflops/s) - 643 (706985 Gflops/s) - 641 (704786 Gflops/s) | Temperatures: 60°C - 61°C - 72°C - 70°C - 63°C - 61°C - 71°C - 74°C | Throttling: None - None - None - None - None - None - None - None
653 (717981 Gflops/s) - 660 (725677 Gflops/s) - 646 (710284 Gflops/s) - 654 (719080 Gflops/s) - 659 (724578 Gflops/s) - 650 (714682 Gflops/s) - 648 (712483 Gflops/s) - 645 (709184 Gflops/s) | Temperatures: 60°C - 61°C - 72°C - 70°C - 63°C - 61°C - 71°C - 74°C | Throttling: None - None - None - None - None - None - None - None
651 (715782 Gflops/s) - 660 (725677 Gflops/s) - 647 (711384 Gflops/s) - 654 (719080 Gflops/s) - 659 (724578 Gflops/s) - 649 (713583 Gflops/s) - 646 (710284 Gflops/s) - 645 (709184 Gflops/s) | Temperatures: 60°C - 61°C - 72°C - 70°C - 63°C - 61°C - 71°C - 74°C | Throttling: None - None - None - None - None - None - None - None
636 (699289 Gflops/s) - 643 (706985 Gflops/s) - 630 (692692 Gflops/s) - 638 (701488 Gflops/s) - 642 (705886 Gflops/s) - 632 (694891 Gflops/s) - 631 (693791 Gflops/s) - 630 (692692 Gflops/s) | Temperatures: 60°C - 61°C - 72°C - 70°C - 63°C - 60°C - 71°C - 74°C | Throttling: None - None - None - None - None - None - None - None
649 (713583 Gflops/s) - 655 (720180 Gflops/s) - 643 (706985 Gflops/s) - 650 (714682 Gflops/s) - 655 (720180 Gflops/s) - 646 (710284 Gflops/s) - 643 (706985 Gflops/s) - 641 (704786 Gflops/s) | Temperatures: 60°C - 61°C - 72°C - 70°C - 63°C - 61°C - 71°C - 74°C | Throttling: None - None - None - None - None - None - None - None
675 (742170 Gflops/s) - 682 (749866 Gflops/s) - 669 (735573 Gflops/s) - 678 (745468 Gflops/s) - 682 (749866 Gflops/s) - 671 (737772 Gflops/s) - 670 (736672 Gflops/s) - 667 (733374 Gflops/s) | Temperatures: 60°C - 61°C - 72°C - 70°C - 63°C - 60°C - 71°C - 74°C | Throttling: None - None - None - None - None - None - None - None
639 (702587 Gflops/s) - 645 (709184 Gflops/s) - 632 (694891 Gflops/s) - 641 (704786 Gflops/s) - 645 (709184 Gflops/s) - 635 (698189 Gflops/s) - 633 (695990 Gflops/s) - 631 (693791 Gflops/s) | Temperatures: 60°C - 61°C - 72°C - 70°C - 63°C - 60°C - 71°C - 74°C | Throttling: None - None - None - None - None - None - None - None
702 (771857 Gflops/s) - 709 (779553 Gflops/s) - 696 (765260 Gflops/s) - 704 (774056 Gflops/s) - 709 (779553 Gflops/s) - 699 (768558 Gflops/s) - 696 (765260 Gflops/s) - 693 (761961 Gflops/s) | Temperatures: 60°C - 61°C - 72°C - 70°C - 63°C - 61°C - 71°C - 74°C | Throttling: None - None - None - None - None - None - None - None
701 (770757 Gflops/s) - 709 (779553 Gflops/s) - 695 (764160 Gflops/s) - 709 (779553 Gflops/s) - 709 (779553 Gflops/s) - 698 (767459 Gflops/s) - 696 (765260 Gflops/s) - 699 (768558 Gflops/s) | Temperatures: 60°C - 61°C - 72°C - 70°C - 63°C - 61°C - 71°C - 74°C | Throttling: None - None - None - None - None - None - None - None
702 (771857 Gflops/s) - 709 (779553 Gflops/s) - 695 (764160 Gflops/s) - 700 (769658 Gflops/s) - 725 (797145 Gflops/s) - 697 (766359 Gflops/s) - 696 (765260 Gflops/s) - 688 (756463 Gflops/s) | Temperatures: 60°C - 61°C - 72°C - 70°C - 63°C - 61°C - 71°C - 74°C | Throttling: None - None - None - None - None - None - None - None
702 (771857 Gflops/s) - 710 (780653 Gflops/s) - 695 (764160 Gflops/s) - 705 (775155 Gflops/s) - 692 (760862 Gflops/s) - 699 (768558 Gflops/s) - 696 (765260 Gflops/s) - 694 (763061 Gflops/s) | Temperatures: 60°C - 61°C - 72°C - 70°C - 63°C - 61°C - 71°C - 74°C | Throttling: None - None - None - None - None - None - None - None
701 (770757 Gflops/s) - 709 (779553 Gflops/s) - 695 (764160 Gflops/s) - 704 (774056 Gflops/s) - 709 (779553 Gflops/s) - 698 (767459 Gflops/s) - 695 (764160 Gflops/s) - 693 (761961 Gflops/s) | Temperatures: 60°C - 61°C - 72°C - 70°C - 63°C - 61°C - 71°C - 74°C | Throttling: None - None - None - None - None - None - None - None
702 (771857 Gflops/s) - 709 (779553 Gflops/s) - 695 (764160 Gflops/s) - 703 (772956 Gflops/s) - 708 (778454 Gflops/s) - 699 (768558 Gflops/s) - 696 (765260 Gflops/s) - 693 (761961 Gflops/s) | Temperatures: 60°C - 61°C - 72°C - 70°C - 63°C - 60°C - 71°C - 74°C | Throttling: None - None - None - None - None - None - None - None
702 (771857 Gflops/s) - 710 (780653 Gflops/s) - 696 (765260 Gflops/s) - 704 (774056 Gflops/s) - 709 (779553 Gflops/s) - 698 (767459 Gflops/s) - 696 (765260 Gflops/s) - 694 (763061 Gflops/s) | Temperatures: 60°C - 61°C - 72°C - 70°C - 63°C - 61°C - 71°C - 74°C | Throttling: None - None - None - None - None - None - None - None
702 (771857 Gflops/s) - 708 (778454 Gflops/s) - 695 (764160 Gflops/s) - 702 (771857 Gflops/s) - 709 (779553 Gflops/s) - 698 (767459 Gflops/s) - 697 (766359 Gflops/s) - 692 (760862 Gflops/s) | Temperatures: 60°C - 61°C - 72°C - 70°C - 63°C - 61°C - 71°C - 74°C | Throttling: None - None - None - None - None - None - None - None
702 (771857 Gflops/s) - 712 (782852 Gflops/s) - 696 (765260 Gflops/s) - 704 (774056 Gflops/s) - 709 (779553 Gflops/s) - 699 (768558 Gflops/s) - 697 (766359 Gflops/s) - 695 (764160 Gflops/s) | Temperatures: 60°C - 61°C - 72°C - 70°C - 63°C - 60°C - 71°C - 74°C | Throttling: None - None - None - None - None - None - None - None
702 (771857 Gflops/s) - 709 (779553 Gflops/s) - 695 (764160 Gflops/s) - 703 (772956 Gflops/s) - 709 (779553 Gflops/s) - 698 (767459 Gflops/s) - 695 (764160 Gflops/s) - 693 (761961 Gflops/s) | Temperatures: 60°C - 61°C - 72°C - 70°C - 63°C - 61°C - 71°C - 74°C | Throttling: None - None - None - None - None - None - None - None
701 (770757 Gflops/s) - 708 (778454 Gflops/s) - 695 (764160 Gflops/s) - 704 (774056 Gflops/s) - 708 (778454 Gflops/s) - 698 (767459 Gflops/s) - 696 (765260 Gflops/s) - 694 (763061 Gflops/s) | Temperatures: 60°C - 61°C - 72°C - 70°C - 63°C - 61°C - 71°C - 74°C | Throttling: None - None - None - None - None - None - None - None
679 (746568 Gflops/s) - 688 (756463 Gflops/s) - 672 (738871 Gflops/s) - 680 (747667 Gflops/s) - 685 (753165 Gflops/s) - 675 (742170 Gflops/s) - 674 (741070 Gflops/s) - 672 (738871 Gflops/s) | Temperatures: 60°C - 61°C - 72°C - 70°C - 63°C - 60°C - 71°C - 74°C | Throttling: None - None - None - None - None - None - None - None
612 (672901 Gflops/s) - 618 (679498 Gflops/s) - 607 (667403 Gflops/s) - 614 (675100 Gflops/s) - 619 (680597 Gflops/s) - 610 (670702 Gflops/s) - 608 (668503 Gflops/s) - 606 (666304 Gflops/s) | Temperatures: 60°C - 61°C - 72°C - 70°C - 63°C - 60°C - 71°C - 74°C | Throttling: None - None - None - None - None - None - None - None
619 (680597 Gflops/s) - 625 (687194 Gflops/s) - 614 (675100 Gflops/s) - 622 (683896 Gflops/s) - 626 (688294 Gflops/s) - 617 (678398 Gflops/s) - 618 (679498 Gflops/s) - 613 (674000 Gflops/s) | Temperatures: 60°C - 61°C - 72°C - 70°C - 63°C - 61°C - 71°C - 74°C | Throttling: None - None - None - None - None - None - None - None
672 (738871 Gflops/s) - 681 (748767 Gflops/s) - 667 (733374 Gflops/s) - 674 (741070 Gflops/s) - 679 (746568 Gflops/s) - 670 (736672 Gflops/s) - 663 (728976 Gflops/s) - 665 (731175 Gflops/s) | Temperatures: 60°C - 61°C - 72°C - 70°C - 63°C - 61°C - 71°C - 74°C | Throttling: None - None - None - None - None - None - None - None
587 (645413 Gflops/s) - 592 (650910 Gflops/s) - 581 (638816 Gflops/s) - 589 (647612 Gflops/s) - 593 (652010 Gflops/s) - 584 (642114 Gflops/s) - 583 (641015 Gflops/s) - 580 (637716 Gflops/s) | Temperatures: 60°C - 61°C - 72°C - 70°C - 63°C - 60°C - 71°C - 74°C | Throttling: None - None - None - None - None - None - None - None
662 (727876 Gflops/s) - 669 (735573 Gflops/s) - 655 (720180 Gflops/s) - 663 (728976 Gflops/s) - 668 (734473 Gflops/s) - 659 (724578 Gflops/s) - 656 (721279 Gflops/s) - 654 (719080 Gflops/s) | Temperatures: 60°C - 61°C - 72°C - 70°C - 63°C - 61°C - 71°C - 74°C | Throttling: None - None - None - None - None - None - None - None
598 (657507 Gflops/s) - 605 (665204 Gflops/s) - 594 (653109 Gflops/s) - 600 (659706 Gflops/s) - 605 (665204 Gflops/s) - 596 (655308 Gflops/s) - 594 (653109 Gflops/s) - 593 (652010 Gflops/s) | Temperatures: 60°C - 61°C - 72°C - 70°C - 63°C - 60°C - 71°C - 74°C | Throttling: None - None - None - None - None - None - None - None
653 (717981 Gflops/s) - 656 (721279 Gflops/s) - 643 (706985 Gflops/s) - 659 (724578 Gflops/s) - 654 (719080 Gflops/s) - 646 (710284 Gflops/s) - 643 (706985 Gflops/s) - 642 (705886 Gflops/s) | Temperatures: 60°C - 61°C - 72°C - 70°C - 63°C - 60°C - 71°C - 74°C | Throttling: None - None - None - None - None - None - None - None
642 (705886 Gflops/s) - 653 (717981 Gflops/s) - 640 (703687 Gflops/s) - 640 (703687 Gflops/s) - 653 (717981 Gflops/s) - 642 (705886 Gflops/s) - 641 (704786 Gflops/s) - 640 (703687 Gflops/s) | Temperatures: 60°C - 61°C - 72°C - 70°C - 63°C - 60°C - 71°C - 74°C | Throttling: None - None - None - None - None - None - None - None
596 (655308 Gflops/s) - 602 (661905 Gflops/s) - 590 (648711 Gflops/s) - 599 (658607 Gflops/s) - 603 (663005 Gflops/s) - 594 (653109 Gflops/s) - 592 (650910 Gflops/s) - 589 (647612 Gflops/s) | Temperatures: 60°C - 61°C - 72°C - 70°C - 63°C - 60°C - 71°C - 74°C | Throttling: None - None - None - None - None - None - None - None
626 (688294 Gflops/s) - 632 (694891 Gflops/s) - 619 (680597 Gflops/s) - 626 (688294 Gflops/s) - 632 (694891 Gflops/s) - 622 (683896 Gflops/s) - 620 (681697 Gflops/s) - 619 (680597 Gflops/s) | Temperatures: 60°C - 61°C - 72°C - 70°C - 63°C - 61°C - 71°C - 74°C | Throttling: None - None - None - None - None - None - None - None
668 (734473 Gflops/s) - 675 (742170 Gflops/s) - 662 (727876 Gflops/s) - 671 (737772 Gflops/s) - 675 (742170 Gflops/s) - 666 (732274 Gflops/s) - 663 (728976 Gflops/s) - 661 (726777 Gflops/s) | Temperatures: 60°C - 61°C - 72°C - 70°C - 63°C - 61°C - 71°C - 74°C | Throttling: None - None - None - None - None - None - None - None
606 (666304 Gflops/s) - 614 (675100 Gflops/s) - 602 (661905 Gflops/s) - 609 (669602 Gflops/s) - 614 (675100 Gflops/s) - 604 (664105 Gflops/s) - 602 (661905 Gflops/s) - 602 (661905 Gflops/s) | Temperatures: 60°C - 61°C - 72°C - 70°C - 63°C - 61°C - 71°C - 74°C | Throttling: None - None - None - None - None - None - None - None
613 (674000 Gflops/s) - 620 (681697 Gflops/s) - 607 (667403 Gflops/s) - 615 (676199 Gflops/s) - 620 (681697 Gflops/s) - 610 (670702 Gflops/s) - 609 (669602 Gflops/s) - 606 (666304 Gflops/s) | Temperatures: 60°C - 61°C - 72°C - 70°C - 63°C - 61°C - 71°C - 74°C | Throttling: None - None - None - None - None - None - None - None
633 (695990 Gflops/s) - 638 (701488 Gflops/s) - 626 (688294 Gflops/s) - 633 (695990 Gflops/s) - 638 (701488 Gflops/s) - 629 (691592 Gflops/s) - 627 (689393 Gflops/s) - 625 (687194 Gflops/s) | Temperatures: 60°C - 61°C - 72°C - 70°C - 63°C - 61°C - 71°C - 74°C | Throttling: None - None - None - None - None - None - None - None
630 (692692 Gflops/s) - 639 (702587 Gflops/s) - 625 (687194 Gflops/s) - 632 (694891 Gflops/s) - 637 (700388 Gflops/s) - 627 (689393 Gflops/s) - 625 (687194 Gflops/s) - 624 (686095 Gflops/s) | Temperatures: 60°C - 61°C - 72°C - 70°C - 63°C - 60°C - 71°C - 74°C | Throttling: None - None - None - None - None - None - None - None
665 (731175 Gflops/s) - 674 (741070 Gflops/s) - 659 (724578 Gflops/s) - 667 (733374 Gflops/s) - 672 (738871 Gflops/s) - 663 (728976 Gflops/s) - 660 (725677 Gflops/s) - 658 (723478 Gflops/s) | Temperatures: 60°C - 61°C - 72°C - 70°C - 63°C - 61°C - 71°C - 74°C | Throttling: None - None - None - None - None - None - None - None
604 (664105 Gflops/s) - 609 (669602 Gflops/s) - 596 (655308 Gflops/s) - 604 (664105 Gflops/s) - 608 (668503 Gflops/s) - 599 (658607 Gflops/s) - 597 (656408 Gflops/s) - 596 (655308 Gflops/s) | Temperatures: 60°C - 61°C - 72°C - 70°C - 63°C - 61°C - 71°C - 74°C | Throttling: None - None - None - None - None - None - None - None
618 (679498 Gflops/s) - 628 (690493 Gflops/s) - 613 (674000 Gflops/s) - 620 (681697 Gflops/s) - 625 (687194 Gflops/s) - 616 (677299 Gflops/s) - 614 (675100 Gflops/s) - 611 (671801 Gflops/s) | Temperatures: 60°C - 61°C - 72°C - 70°C - 63°C - 60°C - 71°C - 74°C | Throttling: None - None - None - None - None - None - None - None
657 (722379 Gflops/s) - 664 (730075 Gflops/s) - 651 (715782 Gflops/s) - 660 (725677 Gflops/s) - 663 (728976 Gflops/s) - 654 (719080 Gflops/s) - 652 (716881 Gflops/s) - 651 (715782 Gflops/s) | Temperatures: 60°C - 61°C - 72°C - 70°C - 63°C - 61°C - 71°C - 74°C | Throttling: None - None - None - None - None - None - None - None
619 (680597 Gflops/s) - 626 (688294 Gflops/s) - 613 (674000 Gflops/s) - 620 (681697 Gflops/s) - 628 (690493 Gflops/s) - 616 (677299 Gflops/s) - 613 (674000 Gflops/s) - 612 (672901 Gflops/s) | Temperatures: 60°C - 61°C - 72°C - 70°C - 63°C - 61°C - 71°C - 74°C | Throttling: None - None - None - None - None - None - None - None
645 (709184 Gflops/s) - 652 (716881 Gflops/s) - 639 (702587 Gflops/s) - 647 (711384 Gflops/s) - 649 (713583 Gflops/s) - 642 (705886 Gflops/s) - 639 (702587 Gflops/s) - 638 (701488 Gflops/s) | Temperatures: 60°C - 61°C - 72°C - 70°C - 63°C - 60°C - 71°C - 74°C | Throttling: None - None - None - None - None - None - None - None
600 (659706 Gflops/s) - 607 (667403 Gflops/s) - 595 (654209 Gflops/s) - 601 (660806 Gflops/s) - 606 (666304 Gflops/s) - 597 (656408 Gflops/s) - 596 (655308 Gflops/s) - 593 (652010 Gflops/s) | Temperatures: 60°C - 61°C - 72°C - 70°C - 63°C - 61°C - 71°C - 74°C | Throttling: None - None - None - None - None - None - None - None
628 (690493 Gflops/s) - 634 (697090 Gflops/s) - 621 (682796 Gflops/s) - 629 (691592 Gflops/s) - 633 (695990 Gflops/s) - 624 (686095 Gflops/s) - 622 (683896 Gflops/s) - 620 (681697 Gflops/s) | Temperatures: 60°C - 61°C - 72°C - 70°C - 63°C - 61°C - 71°C - 74°C | Throttling: None - None - None - None - None - None - None - None
667 (733374 Gflops/s) - 674 (741070 Gflops/s) - 661 (726777 Gflops/s) - 669 (735573 Gflops/s) - 674 (741070 Gflops/s) - 665 (731175 Gflops/s) - 661 (726777 Gflops/s) - 661 (726777 Gflops/s) | Temperatures: 60°C - 61°C - 72°C - 70°C - 63°C - 61°C - 71°C - 74°C | Throttling: None - None - None - None - None - None - None - None
602 (661905 Gflops/s) - 609 (669602 Gflops/s) - 597 (656408 Gflops/s) - 605 (665204 Gflops/s) - 609 (669602 Gflops/s) - 600 (659706 Gflops/s) - 598 (657507 Gflops/s) - 596 (655308 Gflops/s) | Temperatures: 60°C - 61°C - 72°C - 70°C - 63°C - 60°C - 71°C - 74°C | Throttling: None - None - None - None - None - None - None - None
619 (680597 Gflops/s) - 626 (688294 Gflops/s) - 614 (675100 Gflops/s) - 622 (683896 Gflops/s) - 639 (702587 Gflops/s) - 616 (677299 Gflops/s) - 614 (675100 Gflops/s) - 613 (674000 Gflops/s) | Temperatures: 60°C - 61°C - 72°C - 70°C - 63°C - 61°C - 71°C - 74°C | Throttling: None - None - None - None - None - None - None - None
644 (708085 Gflops/s) - 650 (714682 Gflops/s) - 637 (700388 Gflops/s) - 645 (709184 Gflops/s) - 636 (699289 Gflops/s) - 641 (704786 Gflops/s) - 637 (700388 Gflops/s) - 636 (699289 Gflops/s) | Temperatures: 60°C - 61°C - 72°C - 70°C - 63°C - 60°C - 71°C - 74°C | Throttling: None - None - None - None - None - None - None - None
631 (693791 Gflops/s) - 638 (701488 Gflops/s) - 626 (688294 Gflops/s) - 633 (695990 Gflops/s) - 637 (700388 Gflops/s) - 628 (690493 Gflops/s) - 627 (689393 Gflops/s) - 625 (687194 Gflops/s) | Temperatures: 60°C - 61°C - 72°C - 70°C - 63°C - 61°C - 71°C - 74°C | Throttling: None - None - None - None - None - None - None - None
646 (710284 Gflops/s) - 653 (717981 Gflops/s) - 640 (703687 Gflops/s) - 648 (712483 Gflops/s) - 652 (716881 Gflops/s) - 643 (706985 Gflops/s) - 642 (705886 Gflops/s) - 639 (702587 Gflops/s) | Temperatures: 60°C - 61°C - 72°C - 70°C - 63°C - 60°C - 71°C - 74°C | Throttling: None - None - None - None - None - None - None - None
629 (691592 Gflops/s) - 635 (698189 Gflops/s) - 623 (684995 Gflops/s) - 630 (692692 Gflops/s) - 633 (695990 Gflops/s) - 625 (687194 Gflops/s) - 636 (699289 Gflops/s) - 621 (682796 Gflops/s) | Temperatures: 60°C - 61°C - 72°C - 70°C - 63°C - 61°C - 71°C - 74°C | Throttling: None - None - None - None - None - None - None - None
364 (400222 Gflops/s) - 262 (288072 Gflops/s) - 676 (743269 Gflops/s) - 202 (222101 Gflops/s) - 489 (537661 Gflops/s) - 178 (195713 Gflops/s) - 624 (686095 Gflops/s) - 298 (327654 Gflops/s) | Temperatures: 60°C - 61°C - 72°C - 70°C - 63°C - 60°C - 71°C - 74°C | Throttling: None - None - None - None - None - None - None - None
GPU #0: 739380 Gflops/s (min: 400222.23, max: 809240.56, dev: 739380.15)
         Temperature: 59.64°C (min: 52.00, max: 60.00)
         Throttling HW: false, Thermal SW: false, Thermal HW: false
GPU #1: 746621 Gflops/s (min: 288072.05, max: 823534.21, dev: 746621.11)
         Temperature: 60.71°C (min: 53.00, max: 62.00)
         Throttling HW: false, Thermal SW: false, Thermal HW: false
GPU #2: 734636 Gflops/s (min: 638816.26, max: 804842.51, dev: 734635.68)
         Temperature: 70.71°C (min: 58.00, max: 72.00)
         Throttling HW: false, Thermal SW: false, Thermal HW: false
GPU #3: 741786 Gflops/s (min: 222101.35, max: 813638.60, dev: 741786.27)
         Temperature: 68.78°C (min: 56.00, max: 70.00)
         Throttling HW: false, Thermal SW: false, Thermal HW: false
GPU #4: 746583 Gflops/s (min: 537661.19, max: 821335.19, dev: 746583.46)
         Temperature: 62.58°C (min: 55.00, max: 63.00)
         Throttling HW: false, Thermal SW: false, Thermal HW: false
GPU #5: 734719 Gflops/s (min: 195713.07, max: 805942.02, dev: 734718.52)
         Temperature: 60.00°C (min: 53.00, max: 61.00)
         Throttling HW: false, Thermal SW: false, Thermal HW: false
GPU #6: 734745 Gflops/s (min: 641015.28, max: 812539.09, dev: 734744.88)
         Temperature: 69.68°C (min: 57.00, max: 71.00)
         Throttling HW: false, Thermal SW: false, Thermal HW: false
GPU #7: 732290 Gflops/s (min: 327654.47, max: 805942.02, dev: 732289.81)
         Temperature: 72.64°C (min: 60.00, max: 74.00)
         Throttling HW: false, Thermal SW: false, Thermal HW: false
All GPUs seem healthy
Freeing GPUs...
======== Run with bf16 ==========
Detected GPU #0: "NVIDIA B200" (3293048f-de58-fc98-60dd-fa6388c43f33)
Detected GPU #1: "NVIDIA B200" (670867ac-9202-7617-a349-39e7b97fd77e)
Detected GPU #2: "NVIDIA B200" (89c28d40-fcfe-c9bf-40de-d1a13cd2b472)
Detected GPU #3: "NVIDIA B200" (a78e7cc0-7dee-23db-be8f-4f3f01bac272)
Detected GPU #4: "NVIDIA B200" (1aeb6e59-23e0-7e95-d08d-48e28e25a04c)
Detected GPU #5: "NVIDIA B200" (2f6f80a6-26fd-ec2c-96a1-99f814bcb491)
Detected GPU #6: "NVIDIA B200" (4f3eee2e-7015-e219-988d-419d345c414a)
Detected GPU #7: "NVIDIA B200" (f4a59ed2-a6bc-7307-2960-deb0f84ee2b2)
Using precision(s):  BF16 
Creating random matrices
Matrices created
GPU #0: Using 163805 MB
GPU #1: Using 163805 MB
GPU #2: Using 163805 MB
GPU #3: Using 163805 MB
GPU #4: Using 163805 MB
GPU #5: Using 163805 MB
GPU #6: Using 163805 MB
GPU #7: Using 163805 MB
1734 (1906553 Gflops/s) - 1740 (1913150 Gflops/s) - 1734 (1906553 Gflops/s) - 1735 (1907652 Gflops/s) - 1742 (1915349 Gflops/s) - 1729 (1901055 Gflops/s) - 1729 (1901055 Gflops/s) - 1730 (1902155 Gflops/s) | Temperatures: 48°C - 49°C - 57°C - 55°C - 51°C - 49°C - 56°C - 59°C | Throttling: None - None - None - None - None - None - None - None
1354 (1488738 Gflops/s) - 1361 (1496435 Gflops/s) - 1354 (1488738 Gflops/s) - 1366 (1501932 Gflops/s) - 1365 (1500833 Gflops/s) - 1348 (1482141 Gflops/s) - 1343 (1476644 Gflops/s) - 1358 (1493136 Gflops/s) | Temperatures: 50°C - 52°C - 59°C - 57°C - 54°C - 51°C - 58°C - 61°C | Throttling: None - None - None - None - None - None - None - None
1353 (1487639 Gflops/s) - 1362 (1497534 Gflops/s) - 1354 (1488738 Gflops/s) - 1366 (1501932 Gflops/s) - 1370 (1506330 Gflops/s) - 1348 (1482141 Gflops/s) - 1346 (1479942 Gflops/s) - 1358 (1493136 Gflops/s) | Temperatures: 52°C - 53°C - 60°C - 58°C - 54°C - 52°C - 59°C - 62°C | Throttling: None - None - None - None - None - None - None - None
1353 (1487639 Gflops/s) - 1366 (1501932 Gflops/s) - 1352 (1486539 Gflops/s) - 1359 (1494236 Gflops/s) - 1369 (1505231 Gflops/s) - 1348 (1482141 Gflops/s) - 1346 (1479942 Gflops/s) - 1356 (1490937 Gflops/s) | Temperatures: 52°C - 54°C - 61°C - 58°C - 55°C - 53°C - 60°C - 63°C | Throttling: None - None - None - None - None - None - None - None
1352 (1486539 Gflops/s) - 1360 (1495335 Gflops/s) - 1353 (1487639 Gflops/s) - 1362 (1497534 Gflops/s) - 1375 (1511828 Gflops/s) - 1345 (1478843 Gflops/s) - 1340 (1473345 Gflops/s) - 1357 (1492037 Gflops/s) | Temperatures: 53°C - 54°C - 61°C - 59°C - 56°C - 54°C - 60°C - 63°C | Throttling: None - None - None - None - None - None - None - None
1350 (1484340 Gflops/s) - 1366 (1501932 Gflops/s) - 1350 (1484340 Gflops/s) - 1358 (1493136 Gflops/s) - 1372 (1508529 Gflops/s) - 1345 (1478843 Gflops/s) - 1339 (1472246 Gflops/s) - 1351 (1485440 Gflops/s) | Temperatures: 53°C - 55°C - 62°C - 59°C - 56°C - 54°C - 61°C - 64°C | Throttling: None - None - None - None - None - None - None - None
1352 (1486539 Gflops/s) - 1365 (1500833 Gflops/s) - 1348 (1482141 Gflops/s) - 1361 (1496435 Gflops/s) - 1374 (1510728 Gflops/s) - 1343 (1476644 Gflops/s) - 1341 (1474445 Gflops/s) - 1351 (1485440 Gflops/s) | Temperatures: 54°C - 55°C - 62°C - 60°C - 57°C - 55°C - 61°C - 64°C | Throttling: None - None - None - None - None - None - None - None
1351 (1485440 Gflops/s) - 1361 (1496435 Gflops/s) - 1349 (1483241 Gflops/s) - 1361 (1496435 Gflops/s) - 1373 (1509629 Gflops/s) - 1344 (1477743 Gflops/s) - 1339 (1472246 Gflops/s) - 1349 (1483241 Gflops/s) | Temperatures: 54°C - 55°C - 62°C - 60°C - 57°C - 55°C - 61°C - 64°C | Throttling: None - None - None - None - None - None - None - None
1365 (1500833 Gflops/s) - 1362 (1497534 Gflops/s) - 1351 (1485440 Gflops/s) - 1360 (1495335 Gflops/s) - 1374 (1510728 Gflops/s) - 1343 (1476644 Gflops/s) - 1338 (1471146 Gflops/s) - 1346 (1479942 Gflops/s) | Temperatures: 55°C - 56°C - 63°C - 61°C - 57°C - 55°C - 62°C - 65°C | Throttling: None - None - None - None - None - None - None - None
1363 (1498634 Gflops/s) - 1361 (1496435 Gflops/s) - 1351 (1485440 Gflops/s) - 1358 (1493136 Gflops/s) - 1371 (1507430 Gflops/s) - 1339 (1472246 Gflops/s) - 1334 (1466748 Gflops/s) - 1344 (1477743 Gflops/s) | Temperatures: 55°C - 56°C - 63°C - 61°C - 58°C - 56°C - 62°C - 65°C | Throttling: None - None - None - None - None - None - None - None
1366 (1501932 Gflops/s) - 1362 (1497534 Gflops/s) - 1350 (1484340 Gflops/s) - 1360 (1495335 Gflops/s) - 1374 (1510728 Gflops/s) - 1342 (1475544 Gflops/s) - 1336 (1468947 Gflops/s) - 1347 (1481042 Gflops/s) | Temperatures: 55°C - 56°C - 64°C - 61°C - 58°C - 56°C - 62°C - 65°C | Throttling: None - None - None - None - None - None - None - None
1358 (1493136 Gflops/s) - 1361 (1496435 Gflops/s) - 1350 (1484340 Gflops/s) - 1358 (1493136 Gflops/s) - 1373 (1509629 Gflops/s) - 1341 (1474445 Gflops/s) - 1339 (1472246 Gflops/s) - 1347 (1481042 Gflops/s) | Temperatures: 56°C - 57°C - 64°C - 62°C - 58°C - 56°C - 63°C - 66°C | Throttling: None - None - None - None - None - None - None - None
1355 (1489838 Gflops/s) - 1361 (1496435 Gflops/s) - 1346 (1479942 Gflops/s) - 1358 (1493136 Gflops/s) - 1372 (1508529 Gflops/s) - 1346 (1479942 Gflops/s) - 1337 (1470047 Gflops/s) - 1348 (1482141 Gflops/s) | Temperatures: 56°C - 57°C - 64°C - 62°C - 59°C - 57°C - 63°C - 66°C | Throttling: None - None - None - None - None - None - None - None
1355 (1489838 Gflops/s) - 1361 (1496435 Gflops/s) - 1346 (1479942 Gflops/s) - 1358 (1493136 Gflops/s) - 1371 (1507430 Gflops/s) - 1348 (1482141 Gflops/s) - 1338 (1471146 Gflops/s) - 1347 (1481042 Gflops/s) | Temperatures: 56°C - 57°C - 64°C - 62°C - 59°C - 57°C - 63°C - 66°C | Throttling: None - None - None - None - None - None - None - None
1358 (1493136 Gflops/s) - 1361 (1496435 Gflops/s) - 1347 (1481042 Gflops/s) - 1358 (1493136 Gflops/s) - 1369 (1505231 Gflops/s) - 1348 (1482141 Gflops/s) - 1336 (1468947 Gflops/s) - 1347 (1481042 Gflops/s) | Temperatures: 56°C - 57°C - 65°C - 63°C - 59°C - 57°C - 64°C - 67°C | Throttling: None - None - None - None - None - None - None - None
1371 (1507430 Gflops/s) - 1376 (1512927 Gflops/s) - 1364 (1499733 Gflops/s) - 1374 (1510728 Gflops/s) - 1385 (1522823 Gflops/s) - 1364 (1499733 Gflops/s) - 1351 (1485440 Gflops/s) - 1361 (1496435 Gflops/s) | Temperatures: 57°C - 58°C - 65°C - 63°C - 60°C - 57°C - 64°C - 67°C | Throttling: None - None - None - None - None - None - None - None
1382 (1519525 Gflops/s) - 1387 (1525022 Gflops/s) - 1375 (1511828 Gflops/s) - 1381 (1518425 Gflops/s) - 1394 (1532719 Gflops/s) - 1372 (1508529 Gflops/s) - 1361 (1496435 Gflops/s) - 1370 (1506330 Gflops/s) | Temperatures: 57°C - 58°C - 65°C - 63°C - 60°C - 58°C - 64°C - 67°C | Throttling: None - None - None - None - None - None - None - None
1378 (1515127 Gflops/s) - 1386 (1523923 Gflops/s) - 1373 (1509629 Gflops/s) - 1380 (1517326 Gflops/s) - 1391 (1529420 Gflops/s) - 1370 (1506330 Gflops/s) - 1363 (1498634 Gflops/s) - 1368 (1504131 Gflops/s) | Temperatures: 57°C - 58°C - 65°C - 64°C - 60°C - 58°C - 64°C - 67°C | Throttling: None - None - None - None - None - None - None - None
1380 (1517326 Gflops/s) - 1387 (1525022 Gflops/s) - 1376 (1512927 Gflops/s) - 1380 (1517326 Gflops/s) - 1390 (1528321 Gflops/s) - 1371 (1507430 Gflops/s) - 1362 (1497534 Gflops/s) - 1369 (1505231 Gflops/s) | Temperatures: 57°C - 58°C - 66°C - 64°C - 60°C - 58°C - 65°C - 68°C | Throttling: None - None - None - None - None - None - None - None
1379 (1516226 Gflops/s) - 1387 (1525022 Gflops/s) - 1372 (1508529 Gflops/s) - 1380 (1517326 Gflops/s) - 1389 (1527221 Gflops/s) - 1370 (1506330 Gflops/s) - 1362 (1497534 Gflops/s) - 1366 (1501932 Gflops/s) | Temperatures: 58°C - 59°C - 66°C - 64°C - 60°C - 58°C - 65°C - 68°C | Throttling: None - None - None - None - None - None - None - None
1378 (1515127 Gflops/s) - 1385 (1522823 Gflops/s) - 1372 (1508529 Gflops/s) - 1379 (1516226 Gflops/s) - 1390 (1528321 Gflops/s) - 1370 (1506330 Gflops/s) - 1362 (1497534 Gflops/s) - 1366 (1501932 Gflops/s) | Temperatures: 58°C - 59°C - 66°C - 64°C - 60°C - 58°C - 65°C - 68°C | Throttling: None - None - None - None - None - None - None - None
1378 (1515127 Gflops/s) - 1387 (1525022 Gflops/s) - 1372 (1508529 Gflops/s) - 1381 (1518425 Gflops/s) - 1388 (1526122 Gflops/s) - 1369 (1505231 Gflops/s) - 1362 (1497534 Gflops/s) - 1366 (1501932 Gflops/s) | Temperatures: 58°C - 59°C - 66°C - 65°C - 61°C - 59°C - 66°C - 68°C | Throttling: None - None - None - None - None - None - None - None
1377 (1514027 Gflops/s) - 1384 (1521724 Gflops/s) - 1373 (1509629 Gflops/s) - 1380 (1517326 Gflops/s) - 1386 (1523923 Gflops/s) - 1368 (1504131 Gflops/s) - 1361 (1496435 Gflops/s) - 1365 (1500833 Gflops/s) | Temperatures: 58°C - 59°C - 67°C - 65°C - 61°C - 59°C - 66°C - 69°C | Throttling: None - None - None - None - None - None - None - None
1378 (1515127 Gflops/s) - 1383 (1520624 Gflops/s) - 1371 (1507430 Gflops/s) - 1380 (1517326 Gflops/s) - 1385 (1522823 Gflops/s) - 1369 (1505231 Gflops/s) - 1359 (1494236 Gflops/s) - 1363 (1498634 Gflops/s) | Temperatures: 58°C - 59°C - 67°C - 65°C - 61°C - 59°C - 66°C - 69°C | Throttling: None - None - None - None - None - None - None - None
1379 (1516226 Gflops/s) - 1385 (1522823 Gflops/s) - 1372 (1508529 Gflops/s) - 1381 (1518425 Gflops/s) - 1388 (1526122 Gflops/s) - 1368 (1504131 Gflops/s) - 1367 (1503032 Gflops/s) - 1365 (1500833 Gflops/s) | Temperatures: 58°C - 59°C - 67°C - 65°C - 61°C - 59°C - 66°C - 69°C | Throttling: None - None - None - None - None - None - None - None
1378 (1515127 Gflops/s) - 1383 (1520624 Gflops/s) - 1372 (1508529 Gflops/s) - 1380 (1517326 Gflops/s) - 1385 (1522823 Gflops/s) - 1369 (1505231 Gflops/s) - 1367 (1503032 Gflops/s) - 1364 (1499733 Gflops/s) | Temperatures: 58°C - 60°C - 67°C - 65°C - 61°C - 59°C - 66°C - 69°C | Throttling: None - None - None - None - None - None - None - None
1379 (1516226 Gflops/s) - 1385 (1522823 Gflops/s) - 1372 (1508529 Gflops/s) - 1382 (1519525 Gflops/s) - 1387 (1525022 Gflops/s) - 1369 (1505231 Gflops/s) - 1369 (1505231 Gflops/s) - 1366 (1501932 Gflops/s) | Temperatures: 59°C - 60°C - 68°C - 66°C - 61°C - 59°C - 67°C - 70°C | Throttling: None - None - None - None - None - None - None - None
1378 (1515127 Gflops/s) - 1382 (1519525 Gflops/s) - 1372 (1508529 Gflops/s) - 1380 (1517326 Gflops/s) - 1384 (1521724 Gflops/s) - 1368 (1504131 Gflops/s) - 1365 (1500833 Gflops/s) - 1364 (1499733 Gflops/s) | Temperatures: 59°C - 60°C - 68°C - 66°C - 61°C - 59°C - 67°C - 70°C | Throttling: None - None - None - None - None - None - None - None
1377 (1514027 Gflops/s) - 1382 (1519525 Gflops/s) - 1371 (1507430 Gflops/s) - 1380 (1517326 Gflops/s) - 1386 (1523923 Gflops/s) - 1367 (1503032 Gflops/s) - 1367 (1503032 Gflops/s) - 1362 (1497534 Gflops/s) | Temperatures: 59°C - 60°C - 68°C - 66°C - 62°C - 60°C - 67°C - 70°C | Throttling: None - None - None - None - None - None - None - None
1378 (1515127 Gflops/s) - 1383 (1520624 Gflops/s) - 1373 (1509629 Gflops/s) - 1382 (1519525 Gflops/s) - 1386 (1523923 Gflops/s) - 1366 (1501932 Gflops/s) - 1365 (1500833 Gflops/s) - 1364 (1499733 Gflops/s) | Temperatures: 59°C - 60°C - 68°C - 66°C - 62°C - 60°C - 67°C - 70°C | Throttling: None - None - None - None - None - None - None - None
1377 (1514027 Gflops/s) - 1380 (1517326 Gflops/s) - 1371 (1507430 Gflops/s) - 1380 (1517326 Gflops/s) - 1382 (1519525 Gflops/s) - 1366 (1501932 Gflops/s) - 1366 (1501932 Gflops/s) - 1362 (1497534 Gflops/s) | Temperatures: 59°C - 60°C - 69°C - 66°C - 62°C - 60°C - 68°C - 70°C | Throttling: None - None - None - None - None - None - None - None
1377 (1514027 Gflops/s) - 1382 (1519525 Gflops/s) - 1372 (1508529 Gflops/s) - 1382 (1519525 Gflops/s) - 1386 (1523923 Gflops/s) - 1367 (1503032 Gflops/s) - 1366 (1501932 Gflops/s) - 1364 (1499733 Gflops/s) | Temperatures: 59°C - 60°C - 69°C - 67°C - 62°C - 60°C - 68°C - 71°C | Throttling: None - None - None - None - None - None - None - None
1376 (1512927 Gflops/s) - 1380 (1517326 Gflops/s) - 1371 (1507430 Gflops/s) - 1380 (1517326 Gflops/s) - 1381 (1518425 Gflops/s) - 1365 (1500833 Gflops/s) - 1363 (1498634 Gflops/s) - 1362 (1497534 Gflops/s) | Temperatures: 59°C - 60°C - 69°C - 67°C - 62°C - 60°C - 68°C - 71°C | Throttling: None - None - None - None - None - None - None - None
1378 (1515127 Gflops/s) - 1379 (1516226 Gflops/s) - 1372 (1508529 Gflops/s) - 1381 (1518425 Gflops/s) - 1383 (1520624 Gflops/s) - 1367 (1503032 Gflops/s) - 1364 (1499733 Gflops/s) - 1363 (1498634 Gflops/s) | Temperatures: 59°C - 60°C - 69°C - 67°C - 62°C - 60°C - 68°C - 71°C | Throttling: None - None - None - None - None - None - None - None
1376 (1512927 Gflops/s) - 1379 (1516226 Gflops/s) - 1372 (1508529 Gflops/s) - 1381 (1518425 Gflops/s) - 1380 (1517326 Gflops/s) - 1365 (1500833 Gflops/s) - 1363 (1498634 Gflops/s) - 1361 (1496435 Gflops/s) | Temperatures: 59°C - 61°C - 69°C - 67°C - 62°C - 60°C - 68°C - 71°C | Throttling: None - None - None - None - None - None - None - None
1375 (1511828 Gflops/s) - 1380 (1517326 Gflops/s) - 1371 (1507430 Gflops/s) - 1380 (1517326 Gflops/s) - 1383 (1520624 Gflops/s) - 1365 (1500833 Gflops/s) - 1362 (1497534 Gflops/s) - 1360 (1495335 Gflops/s) | Temperatures: 60°C - 61°C - 69°C - 67°C - 63°C - 60°C - 68°C - 71°C | Throttling: None - None - None - None - None - None - None - None
1377 (1514027 Gflops/s) - 1381 (1518425 Gflops/s) - 1372 (1508529 Gflops/s) - 1381 (1518425 Gflops/s) - 1382 (1519525 Gflops/s) - 1366 (1501932 Gflops/s) - 1363 (1498634 Gflops/s) - 1360 (1495335 Gflops/s) | Temperatures: 60°C - 61°C - 70°C - 68°C - 63°C - 60°C - 69°C - 72°C | Throttling: None - None - None - None - None - None - None - None
1375 (1511828 Gflops/s) - 1378 (1515127 Gflops/s) - 1371 (1507430 Gflops/s) - 1380 (1517326 Gflops/s) - 1381 (1518425 Gflops/s) - 1364 (1499733 Gflops/s) - 1362 (1497534 Gflops/s) - 1361 (1496435 Gflops/s) | Temperatures: 60°C - 61°C - 70°C - 68°C - 63°C - 60°C - 69°C - 72°C | Throttling: None - None - None - None - None - None - None - None
1376 (1512927 Gflops/s) - 1378 (1515127 Gflops/s) - 1371 (1507430 Gflops/s) - 1379 (1516226 Gflops/s) - 1381 (1518425 Gflops/s) - 1364 (1499733 Gflops/s) - 1362 (1497534 Gflops/s) - 1359 (1494236 Gflops/s) | Temperatures: 60°C - 61°C - 70°C - 68°C - 63°C - 61°C - 69°C - 72°C | Throttling: None - None - None - None - None - None - None - None
1377 (1514027 Gflops/s) - 1380 (1517326 Gflops/s) - 1373 (1509629 Gflops/s) - 1382 (1519525 Gflops/s) - 1382 (1519525 Gflops/s) - 1365 (1500833 Gflops/s) - 1363 (1498634 Gflops/s) - 1360 (1495335 Gflops/s) | Temperatures: 60°C - 61°C - 70°C - 68°C - 63°C - 61°C - 69°C - 72°C | Throttling: None - None - None - None - None - None - None - None
1374 (1510728 Gflops/s) - 1378 (1515127 Gflops/s) - 1371 (1507430 Gflops/s) - 1378 (1515127 Gflops/s) - 1378 (1515127 Gflops/s) - 1364 (1499733 Gflops/s) - 1361 (1496435 Gflops/s) - 1361 (1496435 Gflops/s) | Temperatures: 60°C - 61°C - 70°C - 68°C - 63°C - 61°C - 69°C - 72°C | Throttling: None - None - None - None - None - None - None - None
1377 (1514027 Gflops/s) - 1380 (1517326 Gflops/s) - 1372 (1508529 Gflops/s) - 1381 (1518425 Gflops/s) - 1381 (1518425 Gflops/s) - 1364 (1499733 Gflops/s) - 1361 (1496435 Gflops/s) - 1359 (1494236 Gflops/s) | Temperatures: 60°C - 61°C - 70°C - 68°C - 63°C - 61°C - 69°C - 72°C | Throttling: None - None - None - None - None - None - None - None
1375 (1511828 Gflops/s) - 1378 (1515127 Gflops/s) - 1371 (1507430 Gflops/s) - 1378 (1515127 Gflops/s) - 1379 (1516226 Gflops/s) - 1363 (1498634 Gflops/s) - 1357 (1492037 Gflops/s) - 1359 (1494236 Gflops/s) | Temperatures: 60°C - 61°C - 71°C - 68°C - 63°C - 61°C - 69°C - 73°C | Throttling: None - None - None - None - None - None - None - None
1374 (1510728 Gflops/s) - 1376 (1512927 Gflops/s) - 1370 (1506330 Gflops/s) - 1378 (1515127 Gflops/s) - 1378 (1515127 Gflops/s) - 1362 (1497534 Gflops/s) - 1359 (1494236 Gflops/s) - 1357 (1492037 Gflops/s) | Temperatures: 60°C - 61°C - 71°C - 69°C - 63°C - 61°C - 70°C - 73°C | Throttling: None - None - None - None - None - None - None - None
1377 (1514027 Gflops/s) - 1378 (1515127 Gflops/s) - 1371 (1507430 Gflops/s) - 1379 (1516226 Gflops/s) - 1382 (1519525 Gflops/s) - 1363 (1498634 Gflops/s) - 1358 (1493136 Gflops/s) - 1359 (1494236 Gflops/s) | Temperatures: 60°C - 61°C - 71°C - 69°C - 63°C - 61°C - 70°C - 73°C | Throttling: None - None - None - None - None - None - None - None
1374 (1510728 Gflops/s) - 1375 (1511828 Gflops/s) - 1371 (1507430 Gflops/s) - 1377 (1514027 Gflops/s) - 1379 (1516226 Gflops/s) - 1363 (1498634 Gflops/s) - 1359 (1494236 Gflops/s) - 1358 (1493136 Gflops/s) | Temperatures: 60°C - 61°C - 71°C - 69°C - 63°C - 61°C - 70°C - 73°C | Throttling: None - None - None - None - None - None - None - None
1376 (1512927 Gflops/s) - 1377 (1514027 Gflops/s) - 1370 (1506330 Gflops/s) - 1378 (1515127 Gflops/s) - 1379 (1516226 Gflops/s) - 1364 (1499733 Gflops/s) - 1358 (1493136 Gflops/s) - 1358 (1493136 Gflops/s) | Temperatures: 60°C - 61°C - 71°C - 69°C - 63°C - 61°C - 70°C - 73°C | Throttling: None - None - None - None - None - None - None - None
1375 (1511828 Gflops/s) - 1374 (1510728 Gflops/s) - 1370 (1506330 Gflops/s) - 1377 (1514027 Gflops/s) - 1379 (1516226 Gflops/s) - 1363 (1498634 Gflops/s) - 1357 (1492037 Gflops/s) - 1358 (1493136 Gflops/s) | Temperatures: 60°C - 61°C - 71°C - 69°C - 63°C - 61°C - 70°C - 73°C | Throttling: None - None - None - None - None - None - None - None
1376 (1512927 Gflops/s) - 1378 (1515127 Gflops/s) - 1371 (1507430 Gflops/s) - 1378 (1515127 Gflops/s) - 1378 (1515127 Gflops/s) - 1363 (1498634 Gflops/s) - 1357 (1492037 Gflops/s) - 1359 (1494236 Gflops/s) | Temperatures: 60°C - 61°C - 71°C - 69°C - 63°C - 61°C - 70°C - 73°C | Throttling: None - None - None - None - None - None - None - None
1374 (1510728 Gflops/s) - 1377 (1514027 Gflops/s) - 1369 (1505231 Gflops/s) - 1376 (1512927 Gflops/s) - 1379 (1516226 Gflops/s) - 1362 (1497534 Gflops/s) - 1357 (1492037 Gflops/s) - 1357 (1492037 Gflops/s) | Temperatures: 60°C - 61°C - 71°C - 69°C - 63°C - 61°C - 70°C - 73°C | Throttling: None - None - None - None - None - None - None - None
1335 (1467848 Gflops/s) - 1336 (1468947 Gflops/s) - 1330 (1462350 Gflops/s) - 1337 (1470047 Gflops/s) - 1340 (1473345 Gflops/s) - 1323 (1454653 Gflops/s) - 1318 (1449156 Gflops/s) - 1316 (1446957 Gflops/s) | Temperatures: 60°C - 61°C - 71°C - 69°C - 63°C - 61°C - 70°C - 73°C | Throttling: None - None - None - None - None - None - None - None
1303 (1432663 Gflops/s) - 1303 (1432663 Gflops/s) - 1296 (1424967 Gflops/s) - 1303 (1432663 Gflops/s) - 1306 (1435962 Gflops/s) - 1289 (1417270 Gflops/s) - 1284 (1411772 Gflops/s) - 1285 (1412872 Gflops/s) | Temperatures: 60°C - 61°C - 71°C - 69°C - 63°C - 61°C - 70°C - 73°C | Throttling: None - None - None - None - None - None - None - None
1310 (1440360 Gflops/s) - 1311 (1441459 Gflops/s) - 1305 (1434862 Gflops/s) - 1312 (1442559 Gflops/s) - 1312 (1442559 Gflops/s) - 1298 (1427166 Gflops/s) - 1292 (1420569 Gflops/s) - 1292 (1420569 Gflops/s) | Temperatures: 60°C - 61°C - 71°C - 69°C - 63°C - 61°C - 70°C - 73°C | Throttling: None - None - None - None - None - None - None - None
1295 (1423867 Gflops/s) - 1297 (1426066 Gflops/s) - 1289 (1417270 Gflops/s) - 1296 (1424967 Gflops/s) - 1298 (1427166 Gflops/s) - 1283 (1410673 Gflops/s) - 1278 (1405175 Gflops/s) - 1278 (1405175 Gflops/s) | Temperatures: 60°C - 61°C - 71°C - 69°C - 63°C - 61°C - 70°C - 73°C | Throttling: None - None - None - None - None - None - None - None
1302 (1431564 Gflops/s) - 1302 (1431564 Gflops/s) - 1295 (1423867 Gflops/s) - 1305 (1434862 Gflops/s) - 1306 (1435962 Gflops/s) - 1291 (1419469 Gflops/s) - 1285 (1412872 Gflops/s) - 1284 (1411772 Gflops/s) | Temperatures: 60°C - 61°C - 71°C - 69°C - 63°C - 61°C - 70°C - 73°C | Throttling: None - None - None - None - None - None - None - None
1305 (1434862 Gflops/s) - 1306 (1435962 Gflops/s) - 1298 (1427166 Gflops/s) - 1306 (1435962 Gflops/s) - 1306 (1435962 Gflops/s) - 1293 (1421668 Gflops/s) - 1286 (1413971 Gflops/s) - 1288 (1416170 Gflops/s) | Temperatures: 60°C - 61°C - 71°C - 69°C - 63°C - 61°C - 70°C - 73°C | Throttling: None - None - None - None - None - None - None - None
1300 (1429365 Gflops/s) - 1301 (1430464 Gflops/s) - 1293 (1421668 Gflops/s) - 1303 (1432663 Gflops/s) - 1302 (1431564 Gflops/s) - 1289 (1417270 Gflops/s) - 1284 (1411772 Gflops/s) - 1282 (1409573 Gflops/s) | Temperatures: 60°C - 61°C - 71°C - 69°C - 63°C - 61°C - 70°C - 73°C | Throttling: None - None - None - None - None - None - None - None
1302 (1431564 Gflops/s) - 1305 (1434862 Gflops/s) - 1295 (1423867 Gflops/s) - 1303 (1432663 Gflops/s) - 1306 (1435962 Gflops/s) - 1290 (1418369 Gflops/s) - 1284 (1411772 Gflops/s) - 1284 (1411772 Gflops/s) | Temperatures: 60°C - 61°C - 71°C - 69°C - 63°C - 61°C - 70°C - 73°C | Throttling: None - None - None - None - None - None - None - None
1305 (1434862 Gflops/s) - 1305 (1434862 Gflops/s) - 1299 (1428265 Gflops/s) - 1306 (1435962 Gflops/s) - 1306 (1435962 Gflops/s) - 1293 (1421668 Gflops/s) - 1287 (1415071 Gflops/s) - 1286 (1413971 Gflops/s) | Temperatures: 60°C - 61°C - 71°C - 69°C - 63°C - 61°C - 70°C - 74°C | Throttling: None - None - None - None - None - None - None - None
1301 (1430464 Gflops/s) - 1303 (1432663 Gflops/s) - 1294 (1422768 Gflops/s) - 1302 (1431564 Gflops/s) - 1303 (1432663 Gflops/s) - 1290 (1418369 Gflops/s) - 1285 (1412872 Gflops/s) - 1283 (1410673 Gflops/s) | Temperatures: 60°C - 61°C - 71°C - 69°C - 63°C - 61°C - 70°C - 73°C | Throttling: None - None - None - None - None - None - None - None
1312 (1442559 Gflops/s) - 1312 (1442559 Gflops/s) - 1305 (1434862 Gflops/s) - 1313 (1443658 Gflops/s) - 1314 (1444758 Gflops/s) - 1299 (1428265 Gflops/s) - 1294 (1422768 Gflops/s) - 1293 (1421668 Gflops/s) | Temperatures: 60°C - 61°C - 71°C - 69°C - 63°C - 61°C - 70°C - 73°C | Throttling: None - None - None - None - None - None - None - None
1296 (1424967 Gflops/s) - 1297 (1426066 Gflops/s) - 1289 (1417270 Gflops/s) - 1296 (1424967 Gflops/s) - 1299 (1428265 Gflops/s) - 1282 (1409573 Gflops/s) - 1278 (1405175 Gflops/s) - 1278 (1405175 Gflops/s) | Temperatures: 60°C - 61°C - 71°C - 70°C - 63°C - 61°C - 70°C - 73°C | Throttling: None - None - None - None - None - None - None - None
1301 (1430464 Gflops/s) - 1302 (1431564 Gflops/s) - 1294 (1422768 Gflops/s) - 1304 (1433763 Gflops/s) - 1306 (1435962 Gflops/s) - 1290 (1418369 Gflops/s) - 1282 (1409573 Gflops/s) - 1284 (1411772 Gflops/s) | Temperatures: 60°C - 61°C - 72°C - 69°C - 63°C - 61°C - 70°C - 74°C | Throttling: None - None - None - None - None - None - None - None
1304 (1433763 Gflops/s) - 1305 (1434862 Gflops/s) - 1296 (1424967 Gflops/s) - 1305 (1434862 Gflops/s) - 1305 (1434862 Gflops/s) - 1292 (1420569 Gflops/s) - 1286 (1413971 Gflops/s) - 1286 (1413971 Gflops/s) | Temperatures: 60°C - 61°C - 72°C - 69°C - 63°C - 61°C - 70°C - 74°C | Throttling: None - None - None - None - None - None - None - None
1302 (1431564 Gflops/s) - 1305 (1434862 Gflops/s) - 1294 (1422768 Gflops/s) - 1304 (1433763 Gflops/s) - 1305 (1434862 Gflops/s) - 1291 (1419469 Gflops/s) - 1284 (1411772 Gflops/s) - 1283 (1410673 Gflops/s) | Temperatures: 60°C - 61°C - 72°C - 69°C - 63°C - 61°C - 70°C - 74°C | Throttling: None - None - None - None - None - None - None - None
1302 (1431564 Gflops/s) - 1301 (1430464 Gflops/s) - 1295 (1423867 Gflops/s) - 1304 (1433763 Gflops/s) - 1304 (1433763 Gflops/s) - 1289 (1417270 Gflops/s) - 1284 (1411772 Gflops/s) - 1283 (1410673 Gflops/s) | Temperatures: 60°C - 61°C - 72°C - 70°C - 63°C - 61°C - 70°C - 74°C | Throttling: None - None - None - None - None - None - None - None
1303 (1432663 Gflops/s) - 1304 (1433763 Gflops/s) - 1296 (1424967 Gflops/s) - 1303 (1432663 Gflops/s) - 1307 (1437061 Gflops/s) - 1291 (1419469 Gflops/s) - 1285 (1412872 Gflops/s) - 1285 (1412872 Gflops/s) | Temperatures: 60°C - 61°C - 72°C - 70°C - 63°C - 61°C - 70°C - 74°C | Throttling: None - None - None - None - None - None - None - None
1303 (1432663 Gflops/s) - 1302 (1431564 Gflops/s) - 1295 (1423867 Gflops/s) - 1304 (1433763 Gflops/s) - 1304 (1433763 Gflops/s) - 1290 (1418369 Gflops/s) - 1284 (1411772 Gflops/s) - 1284 (1411772 Gflops/s) | Temperatures: 60°C - 61°C - 72°C - 70°C - 63°C - 61°C - 71°C - 74°C | Throttling: None - None - None - None - None - None - None - None
1311 (1441459 Gflops/s) - 1312 (1442559 Gflops/s) - 1303 (1432663 Gflops/s) - 1313 (1443658 Gflops/s) - 1315 (1445857 Gflops/s) - 1299 (1428265 Gflops/s) - 1293 (1421668 Gflops/s) - 1293 (1421668 Gflops/s) | Temperatures: 60°C - 61°C - 72°C - 70°C - 63°C - 61°C - 70°C - 74°C | Throttling: None - None - None - None - None - None - None - None
1294 (1422768 Gflops/s) - 1294 (1422768 Gflops/s) - 1286 (1413971 Gflops/s) - 1295 (1423867 Gflops/s) - 1296 (1424967 Gflops/s) - 1281 (1408474 Gflops/s) - 1276 (1402976 Gflops/s) - 1275 (1401877 Gflops/s) | Temperatures: 60°C - 61°C - 72°C - 70°C - 63°C - 61°C - 71°C - 74°C | Throttling: None - None - None - None - None - None - None - None
1303 (1432663 Gflops/s) - 1303 (1432663 Gflops/s) - 1294 (1422768 Gflops/s) - 1303 (1432663 Gflops/s) - 1306 (1435962 Gflops/s) - 1290 (1418369 Gflops/s) - 1283 (1410673 Gflops/s) - 1283 (1410673 Gflops/s) | Temperatures: 60°C - 61°C - 72°C - 70°C - 63°C - 61°C - 71°C - 74°C | Throttling: None - None - None - None - None - None - None - None
1304 (1433763 Gflops/s) - 1304 (1433763 Gflops/s) - 1295 (1423867 Gflops/s) - 1306 (1435962 Gflops/s) - 1306 (1435962 Gflops/s) - 1291 (1419469 Gflops/s) - 1286 (1413971 Gflops/s) - 1284 (1411772 Gflops/s) | Temperatures: 60°C - 61°C - 72°C - 70°C - 63°C - 61°C - 71°C - 74°C | Throttling: None - None - None - None - None - None - None - None
1302 (1431564 Gflops/s) - 1305 (1434862 Gflops/s) - 1295 (1423867 Gflops/s) - 1303 (1432663 Gflops/s) - 1304 (1433763 Gflops/s) - 1290 (1418369 Gflops/s) - 1284 (1411772 Gflops/s) - 1282 (1409573 Gflops/s) | Temperatures: 60°C - 61°C - 72°C - 70°C - 63°C - 61°C - 71°C - 74°C | Throttling: None - None - None - None - None - None - None - None
1302 (1431564 Gflops/s) - 1302 (1431564 Gflops/s) - 1294 (1422768 Gflops/s) - 1303 (1432663 Gflops/s) - 1304 (1433763 Gflops/s) - 1291 (1419469 Gflops/s) - 1284 (1411772 Gflops/s) - 1283 (1410673 Gflops/s) | Temperatures: 60°C - 61°C - 72°C - 70°C - 63°C - 61°C - 71°C - 74°C | Throttling: None - None - None - None - None - None - None - None
1304 (1433763 Gflops/s) - 1306 (1435962 Gflops/s) - 1295 (1423867 Gflops/s) - 1306 (1435962 Gflops/s) - 1307 (1437061 Gflops/s) - 1292 (1420569 Gflops/s) - 1285 (1412872 Gflops/s) - 1286 (1413971 Gflops/s) | Temperatures: 60°C - 61°C - 72°C - 70°C - 63°C - 61°C - 71°C - 74°C | Throttling: None - None - None - None - None - None - None - None
1301 (1430464 Gflops/s) - 1302 (1431564 Gflops/s) - 1292 (1420569 Gflops/s) - 1304 (1433763 Gflops/s) - 1301 (1430464 Gflops/s) - 1291 (1419469 Gflops/s) - 1284 (1411772 Gflops/s) - 1281 (1408474 Gflops/s) | Temperatures: 60°C - 61°C - 72°C - 70°C - 63°C - 61°C - 71°C - 74°C | Throttling: None - None - None - None - None - None - None - None
1311 (1441459 Gflops/s) - 1312 (1442559 Gflops/s) - 1302 (1431564 Gflops/s) - 1313 (1443658 Gflops/s) - 1313 (1443658 Gflops/s) - 1299 (1428265 Gflops/s) - 1293 (1421668 Gflops/s) - 1293 (1421668 Gflops/s) | Temperatures: 60°C - 61°C - 72°C - 70°C - 63°C - 61°C - 71°C - 74°C | Throttling: None - None - None - None - None - None - None - None
1296 (1424967 Gflops/s) - 1296 (1424967 Gflops/s) - 1287 (1415071 Gflops/s) - 1297 (1426066 Gflops/s) - 1296 (1424967 Gflops/s) - 1283 (1410673 Gflops/s) - 1277 (1404076 Gflops/s) - 1276 (1402976 Gflops/s) | Temperatures: 60°C - 61°C - 72°C - 70°C - 63°C - 61°C - 71°C - 74°C | Throttling: None - None - None - None - None - None - None - None
1302 (1431564 Gflops/s) - 1301 (1430464 Gflops/s) - 1292 (1420569 Gflops/s) - 1304 (1433763 Gflops/s) - 1303 (1432663 Gflops/s) - 1290 (1418369 Gflops/s) - 1283 (1410673 Gflops/s) - 1283 (1410673 Gflops/s) | Temperatures: 60°C - 61°C - 72°C - 70°C - 63°C - 61°C - 71°C - 74°C | Throttling: None - None - None - None - None - None - None - None
1304 (1433763 Gflops/s) - 1305 (1434862 Gflops/s) - 1295 (1423867 Gflops/s) - 1305 (1434862 Gflops/s) - 1305 (1434862 Gflops/s) - 1292 (1420569 Gflops/s) - 1285 (1412872 Gflops/s) - 1284 (1411772 Gflops/s) | Temperatures: 60°C - 61°C - 72°C - 70°C - 63°C - 61°C - 71°C - 74°C | Throttling: None - None - None - None - None - None - None - None
1301 (1430464 Gflops/s) - 1302 (1431564 Gflops/s) - 1293 (1421668 Gflops/s) - 1304 (1433763 Gflops/s) - 1304 (1433763 Gflops/s) - 1290 (1418369 Gflops/s) - 1283 (1410673 Gflops/s) - 1285 (1412872 Gflops/s) | Temperatures: 60°C - 61°C - 72°C - 70°C - 63°C - 61°C - 71°C - 74°C | Throttling: None - None - None - None - None - None - None - None
1303 (1432663 Gflops/s) - 1303 (1432663 Gflops/s) - 1293 (1421668 Gflops/s) - 1303 (1432663 Gflops/s) - 1305 (1434862 Gflops/s) - 1289 (1417270 Gflops/s) - 1282 (1409573 Gflops/s) - 1286 (1413971 Gflops/s) | Temperatures: 60°C - 61°C - 72°C - 70°C - 63°C - 61°C - 71°C - 74°C | Throttling: None - None - None - None - None - None - None - None
1303 (1432663 Gflops/s) - 1304 (1433763 Gflops/s) - 1294 (1422768 Gflops/s) - 1305 (1434862 Gflops/s) - 1306 (1435962 Gflops/s) - 1293 (1421668 Gflops/s) - 1284 (1411772 Gflops/s) - 1287 (1415071 Gflops/s) | Temperatures: 60°C - 61°C - 72°C - 70°C - 63°C - 61°C - 71°C - 74°C | Throttling: None - None - None - None - None - None - None - None
1303 (1432663 Gflops/s) - 1302 (1431564 Gflops/s) - 1294 (1422768 Gflops/s) - 1304 (1433763 Gflops/s) - 1303 (1432663 Gflops/s) - 1290 (1418369 Gflops/s) - 1284 (1411772 Gflops/s) - 1285 (1412872 Gflops/s) | Temperatures: 60°C - 61°C - 72°C - 70°C - 63°C - 61°C - 71°C - 74°C | Throttling: None - None - None - None - None - None - None - None
1310 (1440360 Gflops/s) - 1312 (1442559 Gflops/s) - 1301 (1430464 Gflops/s) - 1313 (1443658 Gflops/s) - 1313 (1443658 Gflops/s) - 1299 (1428265 Gflops/s) - 1290 (1418369 Gflops/s) - 1293 (1421668 Gflops/s) | Temperatures: 60°C - 61°C - 72°C - 70°C - 63°C - 61°C - 71°C - 74°C | Throttling: None - None - None - None - None - None - None - None
1295 (1423867 Gflops/s) - 1295 (1423867 Gflops/s) - 1283 (1410673 Gflops/s) - 1295 (1423867 Gflops/s) - 1296 (1424967 Gflops/s) - 1282 (1409573 Gflops/s) - 1275 (1401877 Gflops/s) - 1277 (1404076 Gflops/s) | Temperatures: 60°C - 61°C - 72°C - 70°C - 63°C - 61°C - 71°C - 74°C | Throttling: None - None - None - None - None - None - None - None
1302 (1431564 Gflops/s) - 1303 (1432663 Gflops/s) - 1293 (1421668 Gflops/s) - 1303 (1432663 Gflops/s) - 1305 (1434862 Gflops/s) - 1290 (1418369 Gflops/s) - 1282 (1409573 Gflops/s) - 1284 (1411772 Gflops/s) | Temperatures: 60°C - 61°C - 72°C - 70°C - 63°C - 61°C - 71°C - 74°C | Throttling: None - None - None - None - None - None - None - None
1303 (1432663 Gflops/s) - 1303 (1432663 Gflops/s) - 1293 (1421668 Gflops/s) - 1305 (1434862 Gflops/s) - 1307 (1437061 Gflops/s) - 1291 (1419469 Gflops/s) - 1285 (1412872 Gflops/s) - 1286 (1413971 Gflops/s) | Temperatures: 60°C - 61°C - 72°C - 70°C - 63°C - 61°C - 71°C - 74°C | Throttling: None - None - None - None - None - None - None - None
1352 (1486539 Gflops/s) - 1353 (1487639 Gflops/s) - 1341 (1474445 Gflops/s) - 1353 (1487639 Gflops/s) - 1351 (1485440 Gflops/s) - 1339 (1472246 Gflops/s) - 1329 (1461250 Gflops/s) - 1332 (1464549 Gflops/s) | Temperatures: 60°C - 61°C - 72°C - 70°C - 63°C - 61°C - 71°C - 74°C | Throttling: None - None - None - None - None - None - None - None
1373 (1509629 Gflops/s) - 1373 (1509629 Gflops/s) - 1361 (1496435 Gflops/s) - 1374 (1510728 Gflops/s) - 1376 (1512927 Gflops/s) - 1360 (1495335 Gflops/s) - 1353 (1487639 Gflops/s) - 1355 (1489838 Gflops/s) | Temperatures: 60°C - 61°C - 72°C - 70°C - 63°C - 61°C - 71°C - 74°C | Throttling: None - None - None - None - None - None - None - None
1373 (1509629 Gflops/s) - 1373 (1509629 Gflops/s) - 1363 (1498634 Gflops/s) - 1374 (1510728 Gflops/s) - 1373 (1509629 Gflops/s) - 1359 (1494236 Gflops/s) - 1353 (1487639 Gflops/s) - 1354 (1488738 Gflops/s) | Temperatures: 60°C - 61°C - 72°C - 70°C - 63°C - 61°C - 71°C - 74°C | Throttling: None - None - None - None - None - None - None - None
1374 (1510728 Gflops/s) - 1374 (1510728 Gflops/s) - 1363 (1498634 Gflops/s) - 1375 (1511828 Gflops/s) - 1376 (1512927 Gflops/s) - 1362 (1497534 Gflops/s) - 1354 (1488738 Gflops/s) - 1356 (1490937 Gflops/s) | Temperatures: 60°C - 61°C - 72°C - 70°C - 63°C - 61°C - 71°C - 74°C | Throttling: None - None - None - None - None - None - None - None
1371 (1507430 Gflops/s) - 1371 (1507430 Gflops/s) - 1362 (1497534 Gflops/s) - 1372 (1508529 Gflops/s) - 1373 (1509629 Gflops/s) - 1358 (1493136 Gflops/s) - 1352 (1486539 Gflops/s) - 1354 (1488738 Gflops/s) | Temperatures: 60°C - 61°C - 72°C - 70°C - 63°C - 61°C - 71°C - 74°C | Throttling: None - None - None - None - None - None - None - None
1335 (1467848 Gflops/s) - 1335 (1467848 Gflops/s) - 1322 (1453554 Gflops/s) - 1338 (1471146 Gflops/s) - 1338 (1471146 Gflops/s) - 1322 (1453554 Gflops/s) - 1316 (1446957 Gflops/s) - 1317 (1448056 Gflops/s) | Temperatures: 60°C - 61°C - 72°C - 70°C - 63°C - 61°C - 71°C - 74°C | Throttling: None - None - None - None - None - None - None - None
1337 (1470047 Gflops/s) - 1337 (1470047 Gflops/s) - 1326 (1457952 Gflops/s) - 1338 (1471146 Gflops/s) - 1337 (1470047 Gflops/s) - 1324 (1455753 Gflops/s) - 1317 (1448056 Gflops/s) - 1320 (1451355 Gflops/s) | Temperatures: 60°C - 61°C - 72°C - 70°C - 63°C - 61°C - 71°C - 74°C | Throttling: None - None - None - None - None - None - None - None
1336 (1468947 Gflops/s) - 1337 (1470047 Gflops/s) - 1326 (1457952 Gflops/s) - 1338 (1471146 Gflops/s) - 1339 (1472246 Gflops/s) - 1325 (1456852 Gflops/s) - 1317 (1448056 Gflops/s) - 1319 (1450255 Gflops/s) | Temperatures: 60°C - 61°C - 72°C - 70°C - 63°C - 61°C - 71°C - 74°C | Throttling: None - None - None - None - None - None - None - None
1336 (1468947 Gflops/s) - 1335 (1467848 Gflops/s) - 1324 (1455753 Gflops/s) - 1336 (1468947 Gflops/s) - 1337 (1470047 Gflops/s) - 1323 (1454653 Gflops/s) - 1316 (1446957 Gflops/s) - 1316 (1446957 Gflops/s) | Temperatures: 60°C - 61°C - 72°C - 70°C - 63°C - 61°C - 71°C - 74°C | Throttling: None - None - None - None - None - None - None - None
1336 (1468947 Gflops/s) - 1337 (1470047 Gflops/s) - 1328 (1460151 Gflops/s) - 1338 (1471146 Gflops/s) - 1337 (1470047 Gflops/s) - 1324 (1455753 Gflops/s) - 1317 (1448056 Gflops/s) - 1320 (1451355 Gflops/s) | Temperatures: 60°C - 61°C - 72°C - 70°C - 63°C - 61°C - 71°C - 74°C | Throttling: None - None - None - None - None - None - None - None
1337 (1470047 Gflops/s) - 1338 (1471146 Gflops/s) - 1329 (1461250 Gflops/s) - 1337 (1470047 Gflops/s) - 1339 (1472246 Gflops/s) - 1324 (1455753 Gflops/s) - 1317 (1448056 Gflops/s) - 1319 (1450255 Gflops/s) | Temperatures: 60°C - 61°C - 72°C - 70°C - 63°C - 61°C - 71°C - 74°C | Throttling: None - None - None - None - None - None - None - None
1335 (1467848 Gflops/s) - 1336 (1468947 Gflops/s) - 1327 (1459051 Gflops/s) - 1337 (1470047 Gflops/s) - 1336 (1468947 Gflops/s) - 1324 (1455753 Gflops/s) - 1315 (1445857 Gflops/s) - 1317 (1448056 Gflops/s) | Temperatures: 60°C - 61°C - 72°C - 70°C - 63°C - 61°C - 71°C - 74°C | Throttling: None - None - None - None - None - None - None - None
1337 (1470047 Gflops/s) - 1337 (1470047 Gflops/s) - 1328 (1460151 Gflops/s) - 1338 (1471146 Gflops/s) - 1337 (1470047 Gflops/s) - 1324 (1455753 Gflops/s) - 1319 (1450255 Gflops/s) - 1318 (1449156 Gflops/s) | Temperatures: 60°C - 61°C - 72°C - 70°C - 63°C - 61°C - 71°C - 74°C | Throttling: None - None - None - None - None - None - None - None
1336 (1468947 Gflops/s) - 1337 (1470047 Gflops/s) - 1327 (1459051 Gflops/s) - 1338 (1471146 Gflops/s) - 1338 (1471146 Gflops/s) - 1323 (1454653 Gflops/s) - 1318 (1449156 Gflops/s) - 1318 (1449156 Gflops/s) | Temperatures: 60°C - 61°C - 72°C - 70°C - 63°C - 61°C - 71°C - 74°C | Throttling: None - None - None - None - None - None - None - None
1337 (1470047 Gflops/s) - 1338 (1471146 Gflops/s) - 1328 (1460151 Gflops/s) - 1338 (1471146 Gflops/s) - 1339 (1472246 Gflops/s) - 1323 (1454653 Gflops/s) - 1316 (1446957 Gflops/s) - 1317 (1448056 Gflops/s) | Temperatures: 60°C - 61°C - 72°C - 70°C - 63°C - 61°C - 71°C - 74°C | Throttling: None - None - None - None - None - None - None - None
1336 (1468947 Gflops/s) - 1335 (1467848 Gflops/s) - 1326 (1457952 Gflops/s) - 1337 (1470047 Gflops/s) - 1336 (1468947 Gflops/s) - 1322 (1453554 Gflops/s) - 1315 (1445857 Gflops/s) - 1318 (1449156 Gflops/s) | Temperatures: 60°C - 61°C - 72°C - 70°C - 63°C - 61°C - 71°C - 74°C | Throttling: None - None - None - None - None - None - None - None
1337 (1470047 Gflops/s) - 1339 (1472246 Gflops/s) - 1327 (1459051 Gflops/s) - 1339 (1472246 Gflops/s) - 1338 (1471146 Gflops/s) - 1325 (1456852 Gflops/s) - 1316 (1446957 Gflops/s) - 1317 (1448056 Gflops/s) | Temperatures: 60°C - 61°C - 72°C - 70°C - 63°C - 61°C - 71°C - 74°C | Throttling: None - None - None - None - None - None - None - None
1336 (1468947 Gflops/s) - 1337 (1470047 Gflops/s) - 1327 (1459051 Gflops/s) - 1338 (1471146 Gflops/s) - 1340 (1473345 Gflops/s) - 1324 (1455753 Gflops/s) - 1317 (1448056 Gflops/s) - 1318 (1449156 Gflops/s) | Temperatures: 60°C - 61°C - 72°C - 70°C - 63°C - 61°C - 71°C - 74°C | Throttling: None - None - None - None - None - None - None - None
1336 (1468947 Gflops/s) - 1336 (1468947 Gflops/s) - 1325 (1456852 Gflops/s) - 1336 (1468947 Gflops/s) - 1336 (1468947 Gflops/s) - 1322 (1453554 Gflops/s) - 1314 (1444758 Gflops/s) - 1317 (1448056 Gflops/s) | Temperatures: 60°C - 61°C - 72°C - 70°C - 63°C - 61°C - 71°C - 74°C | Throttling: None - None - None - None - None - None - None - None
1337 (1470047 Gflops/s) - 1337 (1470047 Gflops/s) - 1326 (1457952 Gflops/s) - 1338 (1471146 Gflops/s) - 1337 (1470047 Gflops/s) - 1324 (1455753 Gflops/s) - 1316 (1446957 Gflops/s) - 1319 (1450255 Gflops/s) | Temperatures: 60°C - 61°C - 72°C - 70°C - 63°C - 61°C - 71°C - 74°C | Throttling: None - None - None - None - None - None - None - None
1337 (1470047 Gflops/s) - 1338 (1471146 Gflops/s) - 1328 (1460151 Gflops/s) - 1338 (1471146 Gflops/s) - 1339 (1472246 Gflops/s) - 1324 (1455753 Gflops/s) - 1317 (1448056 Gflops/s) - 1319 (1450255 Gflops/s) | Temperatures: 60°C - 61°C - 72°C - 70°C - 63°C - 61°C - 71°C - 74°C | Throttling: None - None - None - None - None - None - None - None
1335 (1467848 Gflops/s) - 1337 (1470047 Gflops/s) - 1325 (1456852 Gflops/s) - 1336 (1468947 Gflops/s) - 1337 (1470047 Gflops/s) - 1322 (1453554 Gflops/s) - 1314 (1444758 Gflops/s) - 1317 (1448056 Gflops/s) | Temperatures: 60°C - 61°C - 72°C - 70°C - 63°C - 61°C - 71°C - 74°C | Throttling: None - None - None - None - None - None - None - None
1337 (1470047 Gflops/s) - 1338 (1471146 Gflops/s) - 1327 (1459051 Gflops/s) - 1338 (1471146 Gflops/s) - 1339 (1472246 Gflops/s) - 1325 (1456852 Gflops/s) - 1316 (1446957 Gflops/s) - 1318 (1449156 Gflops/s) | Temperatures: 60°C - 61°C - 72°C - 70°C - 63°C - 61°C - 71°C - 74°C | Throttling: None - None - None - None - None - None - None - None
1337 (1470047 Gflops/s) - 1337 (1470047 Gflops/s) - 1327 (1459051 Gflops/s) - 1338 (1471146 Gflops/s) - 1337 (1470047 Gflops/s) - 1323 (1454653 Gflops/s) - 1318 (1449156 Gflops/s) - 1317 (1448056 Gflops/s) | Temperatures: 60°C - 61°C - 72°C - 70°C - 63°C - 61°C - 71°C - 74°C | Throttling: None - None - None - None - None - None - None - None
1335 (1467848 Gflops/s) - 1337 (1470047 Gflops/s) - 1326 (1457952 Gflops/s) - 1336 (1468947 Gflops/s) - 1339 (1472246 Gflops/s) - 1322 (1453554 Gflops/s) - 1315 (1445857 Gflops/s) - 1317 (1448056 Gflops/s) | Temperatures: 60°C - 61°C - 72°C - 70°C - 63°C - 61°C - 71°C - 74°C | Throttling: None - None - None - None - None - None - None - None
1337 (1470047 Gflops/s) - 1337 (1470047 Gflops/s) - 1325 (1456852 Gflops/s) - 1337 (1470047 Gflops/s) - 1338 (1471146 Gflops/s) - 1324 (1455753 Gflops/s) - 1316 (1446957 Gflops/s) - 1317 (1448056 Gflops/s) | Temperatures: 60°C - 61°C - 72°C - 70°C - 63°C - 61°C - 71°C - 74°C | Throttling: None - None - None - None - None - None - None - None
1337 (1470047 Gflops/s) - 1338 (1471146 Gflops/s) - 1326 (1457952 Gflops/s) - 1338 (1471146 Gflops/s) - 1338 (1471146 Gflops/s) - 1324 (1455753 Gflops/s) - 1316 (1446957 Gflops/s) - 1319 (1450255 Gflops/s) | Temperatures: 60°C - 61°C - 72°C - 70°C - 63°C - 61°C - 71°C - 74°C | Throttling: None - None - None - None - None - None - None - None
1320 (1451355 Gflops/s) - 1320 (1451355 Gflops/s) - 1309 (1439260 Gflops/s) - 1320 (1451355 Gflops/s) - 1320 (1451355 Gflops/s) - 1307 (1437061 Gflops/s) - 1298 (1427166 Gflops/s) - 1302 (1431564 Gflops/s) | Temperatures: 60°C - 61°C - 72°C - 70°C - 63°C - 61°C - 71°C - 74°C | Throttling: None - None - None - None - None - None - None - None
1323 (1454653 Gflops/s) - 1324 (1455753 Gflops/s) - 1311 (1441459 Gflops/s) - 1324 (1455753 Gflops/s) - 1325 (1456852 Gflops/s) - 1311 (1441459 Gflops/s) - 1302 (1431564 Gflops/s) - 1304 (1433763 Gflops/s) | Temperatures: 60°C - 61°C - 72°C - 70°C - 63°C - 61°C - 71°C - 74°C | Throttling: None - None - None - None - None - None - None - None
1315 (1445857 Gflops/s) - 1317 (1448056 Gflops/s) - 1306 (1435962 Gflops/s) - 1316 (1446957 Gflops/s) - 1316 (1446957 Gflops/s) - 1302 (1431564 Gflops/s) - 1294 (1422768 Gflops/s) - 1297 (1426066 Gflops/s) | Temperatures: 60°C - 61°C - 72°C - 70°C - 63°C - 61°C - 71°C - 74°C | Throttling: None - None - None - None - None - None - None - None
1319 (1450255 Gflops/s) - 1319 (1450255 Gflops/s) - 1308 (1438161 Gflops/s) - 1318 (1449156 Gflops/s) - 1319 (1450255 Gflops/s) - 1304 (1433763 Gflops/s) - 1297 (1426066 Gflops/s) - 1301 (1430464 Gflops/s) | Temperatures: 60°C - 61°C - 72°C - 70°C - 63°C - 61°C - 71°C - 74°C | Throttling: None - None - None - None - None - None - None - None
1321 (1452454 Gflops/s) - 1322 (1453554 Gflops/s) - 1311 (1441459 Gflops/s) - 1321 (1452454 Gflops/s) - 1323 (1454653 Gflops/s) - 1307 (1437061 Gflops/s) - 1299 (1428265 Gflops/s) - 1304 (1433763 Gflops/s) | Temperatures: 60°C - 61°C - 72°C - 70°C - 63°C - 61°C - 71°C - 74°C | Throttling: None - None - None - None - None - None - None - None
1318 (1449156 Gflops/s) - 1317 (1448056 Gflops/s) - 1308 (1438161 Gflops/s) - 1319 (1450255 Gflops/s) - 1319 (1450255 Gflops/s) - 1305 (1434862 Gflops/s) - 1296 (1424967 Gflops/s) - 1298 (1427166 Gflops/s) | Temperatures: 60°C - 61°C - 72°C - 70°C - 63°C - 61°C - 71°C - 74°C | Throttling: None - None - None - None - None - None - None - None
1320 (1451355 Gflops/s) - 1320 (1451355 Gflops/s) - 1308 (1438161 Gflops/s) - 1320 (1451355 Gflops/s) - 1321 (1452454 Gflops/s) - 1306 (1435962 Gflops/s) - 1297 (1426066 Gflops/s) - 1302 (1431564 Gflops/s) | Temperatures: 60°C - 61°C - 72°C - 70°C - 63°C - 61°C - 71°C - 74°C | Throttling: None - None - None - None - None - None - None - None
1318 (1449156 Gflops/s) - 1321 (1452454 Gflops/s) - 1307 (1437061 Gflops/s) - 1321 (1452454 Gflops/s) - 1321 (1452454 Gflops/s) - 1307 (1437061 Gflops/s) - 1298 (1427166 Gflops/s) - 1301 (1430464 Gflops/s) | Temperatures: 60°C - 61°C - 72°C - 70°C - 63°C - 61°C - 71°C - 74°C | Throttling: None - None - None - None - None - None - None - None
1320 (1451355 Gflops/s) - 1321 (1452454 Gflops/s) - 1310 (1440360 Gflops/s) - 1320 (1451355 Gflops/s) - 1322 (1453554 Gflops/s) - 1306 (1435962 Gflops/s) - 1298 (1427166 Gflops/s) - 1301 (1430464 Gflops/s) | Temperatures: 60°C - 61°C - 72°C - 70°C - 63°C - 61°C - 71°C - 74°C | Throttling: None - None - None - None - None - None - None - None
1319 (1450255 Gflops/s) - 1320 (1451355 Gflops/s) - 1309 (1439260 Gflops/s) - 1319 (1450255 Gflops/s) - 1319 (1450255 Gflops/s) - 1307 (1437061 Gflops/s) - 1296 (1424967 Gflops/s) - 1300 (1429365 Gflops/s) | Temperatures: 60°C - 61°C - 72°C - 70°C - 63°C - 61°C - 71°C - 74°C | Throttling: None - None - None - None - None - None - None - None
1320 (1451355 Gflops/s) - 1320 (1451355 Gflops/s) - 1308 (1438161 Gflops/s) - 1321 (1452454 Gflops/s) - 1321 (1452454 Gflops/s) - 1306 (1435962 Gflops/s) - 1300 (1429365 Gflops/s) - 1301 (1430464 Gflops/s) | Temperatures: 60°C - 61°C - 72°C - 70°C - 63°C - 61°C - 71°C - 74°C | Throttling: None - None - None - None - None - None - None - None
1317 (1448056 Gflops/s) - 1318 (1449156 Gflops/s) - 1307 (1437061 Gflops/s) - 1318 (1449156 Gflops/s) - 1318 (1449156 Gflops/s) - 1305 (1434862 Gflops/s) - 1299 (1428265 Gflops/s) - 1301 (1430464 Gflops/s) | Temperatures: 60°C - 61°C - 72°C - 70°C - 63°C - 61°C - 71°C - 74°C | Throttling: None - None - None - None - None - None - None - None
1320 (1451355 Gflops/s) - 1321 (1452454 Gflops/s) - 1308 (1438161 Gflops/s) - 1319 (1450255 Gflops/s) - 1322 (1453554 Gflops/s) - 1306 (1435962 Gflops/s) - 1299 (1428265 Gflops/s) - 1301 (1430464 Gflops/s) | Temperatures: 60°C - 61°C - 72°C - 70°C - 63°C - 61°C - 71°C - 74°C | Throttling: None - None - None - None - None - None - None - None
1319 (1450255 Gflops/s) - 1319 (1450255 Gflops/s) - 1309 (1439260 Gflops/s) - 1320 (1451355 Gflops/s) - 1321 (1452454 Gflops/s) - 1305 (1434862 Gflops/s) - 1300 (1429365 Gflops/s) - 1302 (1431564 Gflops/s) | Temperatures: 60°C - 61°C - 72°C - 70°C - 63°C - 61°C - 71°C - 74°C | Throttling: None - None - None - None - None - None - None - None
1318 (1449156 Gflops/s) - 1320 (1451355 Gflops/s) - 1308 (1438161 Gflops/s) - 1318 (1449156 Gflops/s) - 1320 (1451355 Gflops/s) - 1307 (1437061 Gflops/s) - 1297 (1426066 Gflops/s) - 1300 (1429365 Gflops/s) | Temperatures: 60°C - 61°C - 72°C - 70°C - 63°C - 61°C - 71°C - 74°C | Throttling: None - None - None - None - None - None - None - None
1319 (1450255 Gflops/s) - 1319 (1450255 Gflops/s) - 1309 (1439260 Gflops/s) - 1320 (1451355 Gflops/s) - 1320 (1451355 Gflops/s) - 1306 (1435962 Gflops/s) - 1299 (1428265 Gflops/s) - 1298 (1427166 Gflops/s) | Temperatures: 60°C - 61°C - 72°C - 70°C - 63°C - 61°C - 71°C - 74°C | Throttling: None - None - None - None - None - None - None - None
1319 (1450255 Gflops/s) - 1320 (1451355 Gflops/s) - 1309 (1439260 Gflops/s) - 1320 (1451355 Gflops/s) - 1321 (1452454 Gflops/s) - 1307 (1437061 Gflops/s) - 1299 (1428265 Gflops/s) - 1300 (1429365 Gflops/s) | Temperatures: 60°C - 61°C - 72°C - 70°C - 63°C - 61°C - 71°C - 74°C | Throttling: None - None - None - None - None - None - None - None
1324 (1455753 Gflops/s) - 1324 (1455753 Gflops/s) - 1313 (1443658 Gflops/s) - 1323 (1454653 Gflops/s) - 1325 (1456852 Gflops/s) - 1310 (1440360 Gflops/s) - 1302 (1431564 Gflops/s) - 1304 (1433763 Gflops/s) | Temperatures: 60°C - 61°C - 72°C - 70°C - 63°C - 61°C - 71°C - 74°C | Throttling: None - None - None - None - None - None - None - None
1314 (1444758 Gflops/s) - 1315 (1445857 Gflops/s) - 1305 (1434862 Gflops/s) - 1316 (1446957 Gflops/s) - 1317 (1448056 Gflops/s) - 1303 (1432663 Gflops/s) - 1294 (1422768 Gflops/s) - 1296 (1424967 Gflops/s) | Temperatures: 60°C - 61°C - 72°C - 70°C - 63°C - 61°C - 71°C - 74°C | Throttling: None - None - None - None - None - None - None - None
1318 (1449156 Gflops/s) - 1319 (1450255 Gflops/s) - 1308 (1438161 Gflops/s) - 1319 (1450255 Gflops/s) - 1319 (1450255 Gflops/s) - 1305 (1434862 Gflops/s) - 1297 (1426066 Gflops/s) - 1300 (1429365 Gflops/s) | Temperatures: 60°C - 61°C - 72°C - 70°C - 63°C - 61°C - 71°C - 74°C | Throttling: None - None - None - None - None - None - None - None
1321 (1452454 Gflops/s) - 1321 (1452454 Gflops/s) - 1311 (1441459 Gflops/s) - 1320 (1451355 Gflops/s) - 1323 (1454653 Gflops/s) - 1308 (1438161 Gflops/s) - 1302 (1431564 Gflops/s) - 1301 (1430464 Gflops/s) | Temperatures: 60°C - 61°C - 72°C - 70°C - 63°C - 61°C - 71°C - 75°C | Throttling: None - None - None - None - None - None - None - None
1319 (1450255 Gflops/s) - 1318 (1449156 Gflops/s) - 1306 (1435962 Gflops/s) - 1319 (1450255 Gflops/s) - 1319 (1450255 Gflops/s) - 1303 (1432663 Gflops/s) - 1296 (1424967 Gflops/s) - 1299 (1428265 Gflops/s) | Temperatures: 60°C - 61°C - 72°C - 70°C - 63°C - 61°C - 71°C - 75°C | Throttling: None - None - None - None - None - None - None - None
1319 (1450255 Gflops/s) - 1321 (1452454 Gflops/s) - 1309 (1439260 Gflops/s) - 1319 (1450255 Gflops/s) - 1320 (1451355 Gflops/s) - 1307 (1437061 Gflops/s) - 1297 (1426066 Gflops/s) - 1300 (1429365 Gflops/s) | Temperatures: 60°C - 62°C - 72°C - 70°C - 63°C - 61°C - 71°C - 74°C | Throttling: None - None - None - None - None - None - None - None
1319 (1450255 Gflops/s) - 1319 (1450255 Gflops/s) - 1308 (1438161 Gflops/s) - 1320 (1451355 Gflops/s) - 1322 (1453554 Gflops/s) - 1306 (1435962 Gflops/s) - 1298 (1427166 Gflops/s) - 1300 (1429365 Gflops/s) | Temperatures: 60°C - 61°C - 72°C - 70°C - 63°C - 61°C - 71°C - 74°C | Throttling: None - None - None - None - None - None - None - None
1317 (1448056 Gflops/s) - 1318 (1449156 Gflops/s) - 1307 (1437061 Gflops/s) - 1318 (1449156 Gflops/s) - 1320 (1451355 Gflops/s) - 1304 (1433763 Gflops/s) - 1294 (1422768 Gflops/s) - 1298 (1427166 Gflops/s) | Temperatures: 60°C - 61°C - 72°C - 70°C - 63°C - 61°C - 71°C - 74°C | Throttling: None - None - None - None - None - None - None - None
1323 (1454653 Gflops/s) - 1323 (1454653 Gflops/s) - 1312 (1442559 Gflops/s) - 1323 (1454653 Gflops/s) - 1326 (1457952 Gflops/s) - 1309 (1439260 Gflops/s) - 1303 (1432663 Gflops/s) - 1304 (1433763 Gflops/s) | Temperatures: 60°C - 61°C - 72°C - 70°C - 63°C - 61°C - 71°C - 74°C | Throttling: None - None - None - None - None - None - None - None
1317 (1448056 Gflops/s) - 1318 (1449156 Gflops/s) - 1306 (1435962 Gflops/s) - 1318 (1449156 Gflops/s) - 1318 (1449156 Gflops/s) - 1304 (1433763 Gflops/s) - 1295 (1423867 Gflops/s) - 1297 (1426066 Gflops/s) | Temperatures: 60°C - 61°C - 72°C - 70°C - 63°C - 61°C - 71°C - 74°C | Throttling: None - None - None - None - None - None - None - None
1317 (1448056 Gflops/s) - 1318 (1449156 Gflops/s) - 1306 (1435962 Gflops/s) - 1317 (1448056 Gflops/s) - 1321 (1452454 Gflops/s) - 1304 (1433763 Gflops/s) - 1297 (1426066 Gflops/s) - 1299 (1428265 Gflops/s) | Temperatures: 60°C - 61°C - 72°C - 70°C - 63°C - 61°C - 71°C - 75°C | Throttling: None - None - None - None - None - None - None - None
1320 (1451355 Gflops/s) - 1320 (1451355 Gflops/s) - 1308 (1438161 Gflops/s) - 1321 (1452454 Gflops/s) - 1321 (1452454 Gflops/s) - 1306 (1435962 Gflops/s) - 1300 (1429365 Gflops/s) - 1300 (1429365 Gflops/s) | Temperatures: 60°C - 61°C - 72°C - 70°C - 63°C - 61°C - 71°C - 74°C | Throttling: None - None - None - None - None - None - None - None
1319 (1450255 Gflops/s) - 1320 (1451355 Gflops/s) - 1308 (1438161 Gflops/s) - 1319 (1450255 Gflops/s) - 1319 (1450255 Gflops/s) - 1307 (1437061 Gflops/s) - 1299 (1428265 Gflops/s) - 1299 (1428265 Gflops/s) | Temperatures: 60°C - 61°C - 72°C - 70°C - 63°C - 61°C - 71°C - 74°C | Throttling: None - None - None - None - None - None - None - None
1318 (1449156 Gflops/s) - 1318 (1449156 Gflops/s) - 1307 (1437061 Gflops/s) - 1319 (1450255 Gflops/s) - 1320 (1451355 Gflops/s) - 1306 (1435962 Gflops/s) - 1296 (1424967 Gflops/s) - 1299 (1428265 Gflops/s) | Temperatures: 60°C - 61°C - 72°C - 70°C - 63°C - 61°C - 71°C - 74°C | Throttling: None - None - None - None - None - None - None - None
1320 (1451355 Gflops/s) - 1319 (1450255 Gflops/s) - 1309 (1439260 Gflops/s) - 1320 (1451355 Gflops/s) - 1322 (1453554 Gflops/s) - 1307 (1437061 Gflops/s) - 1298 (1427166 Gflops/s) - 1301 (1430464 Gflops/s) | Temperatures: 60°C - 61°C - 72°C - 70°C - 63°C - 61°C - 71°C - 74°C | Throttling: None - None - None - None - None - None - None - None
1319 (1450255 Gflops/s) - 1319 (1450255 Gflops/s) - 1309 (1439260 Gflops/s) - 1319 (1450255 Gflops/s) - 1320 (1451355 Gflops/s) - 1306 (1435962 Gflops/s) - 1300 (1429365 Gflops/s) - 1297 (1426066 Gflops/s) | Temperatures: 60°C - 61°C - 72°C - 70°C - 63°C - 61°C - 71°C - 74°C | Throttling: None - None - None - None - None - None - None - None
1322 (1453554 Gflops/s) - 1322 (1453554 Gflops/s) - 1311 (1441459 Gflops/s) - 1322 (1453554 Gflops/s) - 1323 (1454653 Gflops/s) - 1307 (1437061 Gflops/s) - 1299 (1428265 Gflops/s) - 1305 (1434862 Gflops/s) | Temperatures: 60°C - 61°C - 72°C - 70°C - 63°C - 61°C - 71°C - 75°C | Throttling: None - None - None - None - None - None - None - None
1316 (1446957 Gflops/s) - 1317 (1448056 Gflops/s) - 1305 (1434862 Gflops/s) - 1316 (1446957 Gflops/s) - 1317 (1448056 Gflops/s) - 1304 (1433763 Gflops/s) - 1295 (1423867 Gflops/s) - 1297 (1426066 Gflops/s) | Temperatures: 60°C - 61°C - 72°C - 70°C - 63°C - 61°C - 71°C - 75°C | Throttling: None - None - None - None - None - None - None - None
1318 (1449156 Gflops/s) - 1318 (1449156 Gflops/s) - 1307 (1437061 Gflops/s) - 1319 (1450255 Gflops/s) - 1318 (1449156 Gflops/s) - 1304 (1433763 Gflops/s) - 1297 (1426066 Gflops/s) - 1299 (1428265 Gflops/s) | Temperatures: 60°C - 61°C - 72°C - 70°C - 63°C - 61°C - 71°C - 75°C | Throttling: None - None - None - None - None - None - None - None
1320 (1451355 Gflops/s) - 1323 (1454653 Gflops/s) - 1309 (1439260 Gflops/s) - 1321 (1452454 Gflops/s) - 1323 (1454653 Gflops/s) - 1308 (1438161 Gflops/s) - 1299 (1428265 Gflops/s) - 1301 (1430464 Gflops/s) | Temperatures: 60°C - 61°C - 72°C - 70°C - 63°C - 61°C - 71°C - 74°C | Throttling: None - None - None - None - None - None - None - None
1330 (1462350 Gflops/s) - 1330 (1462350 Gflops/s) - 1319 (1450255 Gflops/s) - 1330 (1462350 Gflops/s) - 1330 (1462350 Gflops/s) - 1317 (1448056 Gflops/s) - 1309 (1439260 Gflops/s) - 1310 (1440360 Gflops/s) | Temperatures: 60°C - 61°C - 72°C - 70°C - 63°C - 61°C - 71°C - 74°C | Throttling: None - None - None - None - None - None - None - None
1378 (1515127 Gflops/s) - 1378 (1515127 Gflops/s) - 1367 (1503032 Gflops/s) - 1377 (1514027 Gflops/s) - 1381 (1518425 Gflops/s) - 1364 (1499733 Gflops/s) - 1357 (1492037 Gflops/s) - 1360 (1495335 Gflops/s) | Temperatures: 60°C - 61°C - 72°C - 70°C - 63°C - 61°C - 71°C - 75°C | Throttling: None - None - None - None - None - None - None - None
1379 (1516226 Gflops/s) - 1382 (1519525 Gflops/s) - 1368 (1504131 Gflops/s) - 1379 (1516226 Gflops/s) - 1381 (1518425 Gflops/s) - 1366 (1501932 Gflops/s) - 1358 (1493136 Gflops/s) - 1360 (1495335 Gflops/s) | Temperatures: 60°C - 61°C - 72°C - 70°C - 63°C - 61°C - 71°C - 74°C | Throttling: None - None - None - None - None - None - None - None
1379 (1516226 Gflops/s) - 1378 (1515127 Gflops/s) - 1367 (1503032 Gflops/s) - 1379 (1516226 Gflops/s) - 1380 (1517326 Gflops/s) - 1365 (1500833 Gflops/s) - 1357 (1492037 Gflops/s) - 1359 (1494236 Gflops/s) | Temperatures: 60°C - 61°C - 72°C - 70°C - 63°C - 61°C - 71°C - 74°C | Throttling: None - None - None - None - None - None - None - None
1379 (1516226 Gflops/s) - 1380 (1517326 Gflops/s) - 1367 (1503032 Gflops/s) - 1380 (1517326 Gflops/s) - 1383 (1520624 Gflops/s) - 1366 (1501932 Gflops/s) - 1358 (1493136 Gflops/s) - 1362 (1497534 Gflops/s) | Temperatures: 60°C - 61°C - 72°C - 70°C - 63°C - 61°C - 71°C - 74°C | Throttling: None - None - None - None - None - None - None - None
1380 (1517326 Gflops/s) - 1380 (1517326 Gflops/s) - 1369 (1505231 Gflops/s) - 1379 (1516226 Gflops/s) - 1381 (1518425 Gflops/s) - 1366 (1501932 Gflops/s) - 1357 (1492037 Gflops/s) - 1360 (1495335 Gflops/s) | Temperatures: 60°C - 61°C - 72°C - 70°C - 63°C - 61°C - 71°C - 74°C | Throttling: None - None - None - None - None - None - None - None
1378 (1515127 Gflops/s) - 1378 (1515127 Gflops/s) - 1366 (1501932 Gflops/s) - 1378 (1515127 Gflops/s) - 1381 (1518425 Gflops/s) - 1364 (1499733 Gflops/s) - 1355 (1489838 Gflops/s) - 1358 (1493136 Gflops/s) | Temperatures: 60°C - 61°C - 72°C - 70°C - 63°C - 61°C - 71°C - 74°C | Throttling: None - None - None - None - None - None - None - None
1380 (1517326 Gflops/s) - 1382 (1519525 Gflops/s) - 1369 (1505231 Gflops/s) - 1380 (1517326 Gflops/s) - 1381 (1518425 Gflops/s) - 1366 (1501932 Gflops/s) - 1357 (1492037 Gflops/s) - 1359 (1494236 Gflops/s) | Temperatures: 60°C - 61°C - 72°C - 70°C - 63°C - 61°C - 71°C - 75°C | Throttling: None - None - None - None - None - None - None - None
1379 (1516226 Gflops/s) - 1378 (1515127 Gflops/s) - 1367 (1503032 Gflops/s) - 1378 (1515127 Gflops/s) - 1379 (1516226 Gflops/s) - 1365 (1500833 Gflops/s) - 1353 (1487639 Gflops/s) - 1360 (1495335 Gflops/s) | Temperatures: 60°C - 61°C - 72°C - 70°C - 63°C - 61°C - 71°C - 75°C | Throttling: None - None - None - None - None - None - None - None
1379 (1516226 Gflops/s) - 1381 (1518425 Gflops/s) - 1368 (1504131 Gflops/s) - 1380 (1517326 Gflops/s) - 1381 (1518425 Gflops/s) - 1366 (1501932 Gflops/s) - 1356 (1490937 Gflops/s) - 1359 (1494236 Gflops/s) | Temperatures: 60°C - 61°C - 72°C - 70°C - 63°C - 61°C - 71°C - 75°C | Throttling: None - None - None - None - None - None - None - None
1379 (1516226 Gflops/s) - 1377 (1514027 Gflops/s) - 1367 (1503032 Gflops/s) - 1378 (1515127 Gflops/s) - 1380 (1517326 Gflops/s) - 1364 (1499733 Gflops/s) - 1356 (1490937 Gflops/s) - 1359 (1494236 Gflops/s) | Temperatures: 60°C - 61°C - 72°C - 70°C - 63°C - 61°C - 71°C - 75°C | Throttling: None - None - None - None - None - None - None - None
1379 (1516226 Gflops/s) - 1380 (1517326 Gflops/s) - 1369 (1505231 Gflops/s) - 1379 (1516226 Gflops/s) - 1383 (1520624 Gflops/s) - 1366 (1501932 Gflops/s) - 1359 (1494236 Gflops/s) - 1360 (1495335 Gflops/s) | Temperatures: 60°C - 61°C - 72°C - 70°C - 63°C - 61°C - 71°C - 75°C | Throttling: None - None - None - None - None - None - None - None
1378 (1515127 Gflops/s) - 1378 (1515127 Gflops/s) - 1365 (1500833 Gflops/s) - 1378 (1515127 Gflops/s) - 1380 (1517326 Gflops/s) - 1364 (1499733 Gflops/s) - 1356 (1490937 Gflops/s) - 1358 (1493136 Gflops/s) | Temperatures: 60°C - 61°C - 72°C - 70°C - 63°C - 61°C - 71°C - 75°C | Throttling: None - None - None - None - None - None - None - None
1380 (1517326 Gflops/s) - 1380 (1517326 Gflops/s) - 1369 (1505231 Gflops/s) - 1380 (1517326 Gflops/s) - 1380 (1517326 Gflops/s) - 1365 (1500833 Gflops/s) - 1355 (1489838 Gflops/s) - 1359 (1494236 Gflops/s) | Temperatures: 60°C - 61°C - 72°C - 70°C - 63°C - 61°C - 71°C - 74°C | Throttling: None - None - None - None - None - None - None - None
1380 (1517326 Gflops/s) - 1380 (1517326 Gflops/s) - 1367 (1503032 Gflops/s) - 1380 (1517326 Gflops/s) - 1382 (1519525 Gflops/s) - 1365 (1500833 Gflops/s) - 1359 (1494236 Gflops/s) - 1359 (1494236 Gflops/s) | Temperatures: 60°C - 61°C - 72°C - 70°C - 63°C - 61°C - 71°C - 74°C | Throttling: None - None - None - None - None - None - None - None
1378 (1515127 Gflops/s) - 1379 (1516226 Gflops/s) - 1367 (1503032 Gflops/s) - 1377 (1514027 Gflops/s) - 1379 (1516226 Gflops/s) - 1365 (1500833 Gflops/s) - 1357 (1492037 Gflops/s) - 1359 (1494236 Gflops/s) | Temperatures: 60°C - 61°C - 72°C - 71°C - 63°C - 61°C - 71°C - 75°C | Throttling: None - None - None - None - None - None - None - None
1350 (1484340 Gflops/s) - 1350 (1484340 Gflops/s) - 1340 (1473345 Gflops/s) - 1351 (1485440 Gflops/s) - 1350 (1484340 Gflops/s) - 1337 (1470047 Gflops/s) - 1328 (1460151 Gflops/s) - 1331 (1463449 Gflops/s) | Temperatures: 60°C - 61°C - 72°C - 70°C - 63°C - 61°C - 71°C - 74°C | Throttling: None - None - None - None - None - None - None - None
1335 (1467848 Gflops/s) - 1336 (1468947 Gflops/s) - 1324 (1455753 Gflops/s) - 1335 (1467848 Gflops/s) - 1338 (1471146 Gflops/s) - 1321 (1452454 Gflops/s) - 1313 (1443658 Gflops/s) - 1316 (1446957 Gflops/s) | Temperatures: 60°C - 61°C - 72°C - 70°C - 63°C - 61°C - 71°C - 74°C | Throttling: None - None - None - None - None - None - None - None
1337 (1470047 Gflops/s) - 1338 (1471146 Gflops/s) - 1325 (1456852 Gflops/s) - 1335 (1467848 Gflops/s) - 1339 (1472246 Gflops/s) - 1324 (1455753 Gflops/s) - 1315 (1445857 Gflops/s) - 1315 (1445857 Gflops/s) | Temperatures: 60°C - 61°C - 72°C - 71°C - 63°C - 61°C - 71°C - 74°C | Throttling: None - None - None - None - None - None - None - None
1336 (1468947 Gflops/s) - 1338 (1471146 Gflops/s) - 1325 (1456852 Gflops/s) - 1336 (1468947 Gflops/s) - 1338 (1471146 Gflops/s) - 1322 (1453554 Gflops/s) - 1313 (1443658 Gflops/s) - 1317 (1448056 Gflops/s) | Temperatures: 60°C - 61°C - 72°C - 71°C - 63°C - 61°C - 71°C - 74°C | Throttling: None - None - None - None - None - None - None - None
1337 (1470047 Gflops/s) - 1337 (1470047 Gflops/s) - 1325 (1456852 Gflops/s) - 1336 (1468947 Gflops/s) - 1339 (1472246 Gflops/s) - 1324 (1455753 Gflops/s) - 1315 (1445857 Gflops/s) - 1318 (1449156 Gflops/s) | Temperatures: 60°C - 61°C - 72°C - 71°C - 63°C - 61°C - 71°C - 75°C | Throttling: None - None - None - None - None - None - None - None
1335 (1467848 Gflops/s) - 1335 (1467848 Gflops/s) - 1324 (1455753 Gflops/s) - 1335 (1467848 Gflops/s) - 1337 (1470047 Gflops/s) - 1322 (1453554 Gflops/s) - 1315 (1445857 Gflops/s) - 1315 (1445857 Gflops/s) | Temperatures: 60°C - 61°C - 72°C - 70°C - 63°C - 61°C - 71°C - 75°C | Throttling: None - None - None - None - None - None - None - None
1337 (1470047 Gflops/s) - 1337 (1470047 Gflops/s) - 1325 (1456852 Gflops/s) - 1337 (1470047 Gflops/s) - 1339 (1472246 Gflops/s) - 1323 (1454653 Gflops/s) - 1315 (1445857 Gflops/s) - 1318 (1449156 Gflops/s) | Temperatures: 60°C - 61°C - 72°C - 70°C - 63°C - 61°C - 71°C - 75°C | Throttling: None - None - None - None - None - None - None - None
1336 (1468947 Gflops/s) - 1337 (1470047 Gflops/s) - 1324 (1455753 Gflops/s) - 1337 (1470047 Gflops/s) - 1338 (1471146 Gflops/s) - 1323 (1454653 Gflops/s) - 1316 (1446957 Gflops/s) - 1317 (1448056 Gflops/s) | Temperatures: 60°C - 61°C - 72°C - 70°C - 63°C - 61°C - 71°C - 75°C | Throttling: None - None - None - None - None - None - None - None
1335 (1467848 Gflops/s) - 1335 (1467848 Gflops/s) - 1323 (1454653 Gflops/s) - 1335 (1467848 Gflops/s) - 1336 (1468947 Gflops/s) - 1321 (1452454 Gflops/s) - 1314 (1444758 Gflops/s) - 1316 (1446957 Gflops/s) | Temperatures: 60°C - 61°C - 72°C - 70°C - 63°C - 61°C - 71°C - 74°C | Throttling: None - None - None - None - None - None - None - None
1337 (1470047 Gflops/s) - 1337 (1470047 Gflops/s) - 1325 (1456852 Gflops/s) - 1336 (1468947 Gflops/s) - 1338 (1471146 Gflops/s) - 1323 (1454653 Gflops/s) - 1316 (1446957 Gflops/s) - 1317 (1448056 Gflops/s) | Temperatures: 60°C - 61°C - 72°C - 71°C - 63°C - 61°C - 71°C - 74°C | Throttling: None - None - None - None - None - None - None - None
1337 (1470047 Gflops/s) - 1336 (1468947 Gflops/s) - 1324 (1455753 Gflops/s) - 1337 (1470047 Gflops/s) - 1338 (1471146 Gflops/s) - 1323 (1454653 Gflops/s) - 1314 (1444758 Gflops/s) - 1317 (1448056 Gflops/s) | Temperatures: 60°C - 61°C - 72°C - 70°C - 63°C - 61°C - 71°C - 75°C | Throttling: None - None - None - None - None - None - None - None
1340 (1473345 Gflops/s) - 1341 (1474445 Gflops/s) - 1330 (1462350 Gflops/s) - 1340 (1473345 Gflops/s) - 1343 (1476644 Gflops/s) - 1326 (1457952 Gflops/s) - 1319 (1450255 Gflops/s) - 1320 (1451355 Gflops/s) | Temperatures: 60°C - 61°C - 72°C - 70°C - 63°C - 61°C - 71°C - 74°C | Throttling: None - None - None - None - None - None - None - None
1347 (1481042 Gflops/s) - 1348 (1482141 Gflops/s) - 1335 (1467848 Gflops/s) - 1347 (1481042 Gflops/s) - 1348 (1482141 Gflops/s) - 1334 (1466748 Gflops/s) - 1327 (1459051 Gflops/s) - 1327 (1459051 Gflops/s) | Temperatures: 60°C - 61°C - 72°C - 70°C - 63°C - 61°C - 71°C - 74°C | Throttling: None - None - None - None - None - None - None - None
1347 (1481042 Gflops/s) - 1347 (1481042 Gflops/s) - 1335 (1467848 Gflops/s) - 1347 (1481042 Gflops/s) - 1348 (1482141 Gflops/s) - 1333 (1465648 Gflops/s) - 1324 (1455753 Gflops/s) - 1327 (1459051 Gflops/s) | Temperatures: 60°C - 61°C - 72°C - 71°C - 63°C - 61°C - 71°C - 74°C | Throttling: None - None - None - None - None - None - None - None
1347 (1481042 Gflops/s) - 1348 (1482141 Gflops/s) - 1336 (1468947 Gflops/s) - 1348 (1482141 Gflops/s) - 1347 (1481042 Gflops/s) - 1334 (1466748 Gflops/s) - 1326 (1457952 Gflops/s) - 1328 (1460151 Gflops/s) | Temperatures: 60°C - 61°C - 72°C - 70°C - 63°C - 61°C - 71°C - 74°C | Throttling: None - None - None - None - None - None - None - None
1346 (1479942 Gflops/s) - 1347 (1481042 Gflops/s) - 1333 (1465648 Gflops/s) - 1345 (1478843 Gflops/s) - 1349 (1483241 Gflops/s) - 1332 (1464549 Gflops/s) - 1324 (1455753 Gflops/s) - 1325 (1456852 Gflops/s) | Temperatures: 60°C - 61°C - 72°C - 70°C - 63°C - 61°C - 71°C - 74°C | Throttling: None - None - None - None - None - None - None - None
1347 (1481042 Gflops/s) - 1347 (1481042 Gflops/s) - 1335 (1467848 Gflops/s) - 1348 (1482141 Gflops/s) - 1348 (1482141 Gflops/s) - 1333 (1465648 Gflops/s) - 1326 (1457952 Gflops/s) - 1327 (1459051 Gflops/s) | Temperatures: 60°C - 61°C - 72°C - 70°C - 63°C - 61°C - 71°C - 75°C | Throttling: None - None - None - None - None - None - None - None
1347 (1481042 Gflops/s) - 1347 (1481042 Gflops/s) - 1334 (1466748 Gflops/s) - 1347 (1481042 Gflops/s) - 1349 (1483241 Gflops/s) - 1333 (1465648 Gflops/s) - 1325 (1456852 Gflops/s) - 1326 (1457952 Gflops/s) | Temperatures: 60°C - 61°C - 72°C - 70°C - 63°C - 61°C - 71°C - 75°C | Throttling: None - None - None - None - None - None - None - None
1347 (1481042 Gflops/s) - 1347 (1481042 Gflops/s) - 1336 (1468947 Gflops/s) - 1348 (1482141 Gflops/s) - 1349 (1483241 Gflops/s) - 1334 (1466748 Gflops/s) - 1324 (1455753 Gflops/s) - 1329 (1461250 Gflops/s) | Temperatures: 60°C - 61°C - 72°C - 71°C - 63°C - 61°C - 71°C - 75°C | Throttling: None - None - None - None - None - None - None - None
1346 (1479942 Gflops/s) - 1346 (1479942 Gflops/s) - 1333 (1465648 Gflops/s) - 1345 (1478843 Gflops/s) - 1348 (1482141 Gflops/s) - 1332 (1464549 Gflops/s) - 1324 (1455753 Gflops/s) - 1326 (1457952 Gflops/s) | Temperatures: 60°C - 61°C - 72°C - 71°C - 63°C - 61°C - 71°C - 75°C | Throttling: None - None - None - None - None - None - None - None
1347 (1481042 Gflops/s) - 1346 (1479942 Gflops/s) - 1335 (1467848 Gflops/s) - 1347 (1481042 Gflops/s) - 1348 (1482141 Gflops/s) - 1333 (1465648 Gflops/s) - 1324 (1455753 Gflops/s) - 1329 (1461250 Gflops/s) | Temperatures: 60°C - 61°C - 72°C - 70°C - 63°C - 61°C - 71°C - 75°C | Throttling: None - None - None - None - None - None - None - None
1348 (1482141 Gflops/s) - 1347 (1481042 Gflops/s) - 1336 (1468947 Gflops/s) - 1346 (1479942 Gflops/s) - 1350 (1484340 Gflops/s) - 1334 (1466748 Gflops/s) - 1325 (1456852 Gflops/s) - 1327 (1459051 Gflops/s) | Temperatures: 60°C - 61°C - 72°C - 71°C - 63°C - 61°C - 71°C - 75°C | Throttling: None - None - None - None - None - None - None - None
1347 (1481042 Gflops/s) - 1347 (1481042 Gflops/s) - 1335 (1467848 Gflops/s) - 1348 (1482141 Gflops/s) - 1350 (1484340 Gflops/s) - 1333 (1465648 Gflops/s) - 1324 (1455753 Gflops/s) - 1328 (1460151 Gflops/s) | Temperatures: 60°C - 61°C - 72°C - 71°C - 63°C - 61°C - 71°C - 75°C | Throttling: None - None - None - None - None - None - None - None
1346 (1479942 Gflops/s) - 1346 (1479942 Gflops/s) - 1335 (1467848 Gflops/s) - 1345 (1478843 Gflops/s) - 1345 (1478843 Gflops/s) - 1333 (1465648 Gflops/s) - 1324 (1455753 Gflops/s) - 1325 (1456852 Gflops/s) | Temperatures: 60°C - 61°C - 72°C - 71°C - 63°C - 61°C - 71°C - 75°C | Throttling: None - None - None - None - None - None - None - None
1347 (1481042 Gflops/s) - 1349 (1483241 Gflops/s) - 1335 (1467848 Gflops/s) - 1347 (1481042 Gflops/s) - 1350 (1484340 Gflops/s) - 1333 (1465648 Gflops/s) - 1326 (1457952 Gflops/s) - 1327 (1459051 Gflops/s) | Temperatures: 60°C - 61°C - 72°C - 70°C - 63°C - 61°C - 71°C - 75°C | Throttling: None - None - None - None - None - None - None - None
1346 (1479942 Gflops/s) - 1347 (1481042 Gflops/s) - 1335 (1467848 Gflops/s) - 1347 (1481042 Gflops/s) - 1350 (1484340 Gflops/s) - 1335 (1467848 Gflops/s) - 1323 (1454653 Gflops/s) - 1327 (1459051 Gflops/s) | Temperatures: 60°C - 61°C - 72°C - 70°C - 63°C - 61°C - 71°C - 75°C | Throttling: None - None - None - None - None - None - None - None
1347 (1481042 Gflops/s) - 1348 (1482141 Gflops/s) - 1335 (1467848 Gflops/s) - 1347 (1481042 Gflops/s) - 1350 (1484340 Gflops/s) - 1334 (1466748 Gflops/s) - 1325 (1456852 Gflops/s) - 1327 (1459051 Gflops/s) | Temperatures: 60°C - 61°C - 72°C - 71°C - 63°C - 61°C - 71°C - 75°C | Throttling: None - None - None - None - None - None - None - None
1345 (1478843 Gflops/s) - 1347 (1481042 Gflops/s) - 1335 (1467848 Gflops/s) - 1345 (1478843 Gflops/s) - 1347 (1481042 Gflops/s) - 1331 (1463449 Gflops/s) - 1325 (1456852 Gflops/s) - 1326 (1457952 Gflops/s) | Temperatures: 60°C - 61°C - 72°C - 70°C - 63°C - 61°C - 71°C - 74°C | Throttling: None - None - None - None - None - None - None - None
1348 (1482141 Gflops/s) - 1347 (1481042 Gflops/s) - 1336 (1468947 Gflops/s) - 1347 (1481042 Gflops/s) - 1349 (1483241 Gflops/s) - 1334 (1466748 Gflops/s) - 1326 (1457952 Gflops/s) - 1327 (1459051 Gflops/s) | Temperatures: 60°C - 61°C - 73°C - 70°C - 63°C - 61°C - 71°C - 75°C | Throttling: None - None - None - None - None - None - None - None
1346 (1479942 Gflops/s) - 1346 (1479942 Gflops/s) - 1335 (1467848 Gflops/s) - 1347 (1481042 Gflops/s) - 1349 (1483241 Gflops/s) - 1333 (1465648 Gflops/s) - 1324 (1455753 Gflops/s) - 1328 (1460151 Gflops/s) | Temperatures: 60°C - 61°C - 72°C - 71°C - 63°C - 61°C - 71°C - 75°C | Throttling: None - None - None - None - None - None - None - None
1346 (1479942 Gflops/s) - 1346 (1479942 Gflops/s) - 1334 (1466748 Gflops/s) - 1345 (1478843 Gflops/s) - 1347 (1481042 Gflops/s) - 1332 (1464549 Gflops/s) - 1324 (1455753 Gflops/s) - 1326 (1457952 Gflops/s) | Temperatures: 60°C - 61°C - 72°C - 71°C - 63°C - 61°C - 71°C - 75°C | Throttling: None - None - None - None - None - None - None - None
1346 (1479942 Gflops/s) - 1347 (1481042 Gflops/s) - 1336 (1468947 Gflops/s) - 1346 (1479942 Gflops/s) - 1349 (1483241 Gflops/s) - 1333 (1465648 Gflops/s) - 1324 (1455753 Gflops/s) - 1327 (1459051 Gflops/s) | Temperatures: 60°C - 61°C - 72°C - 70°C - 63°C - 61°C - 71°C - 74°C | Throttling: None - None - None - None - None - None - None - None
1347 (1481042 Gflops/s) - 1347 (1481042 Gflops/s) - 1336 (1468947 Gflops/s) - 1348 (1482141 Gflops/s) - 1352 (1486539 Gflops/s) - 1333 (1465648 Gflops/s) - 1325 (1456852 Gflops/s) - 1326 (1457952 Gflops/s) | Temperatures: 60°C - 61°C - 72°C - 71°C - 63°C - 61°C - 71°C - 75°C | Throttling: None - None - None - None - None - None - None - None
1347 (1481042 Gflops/s) - 1348 (1482141 Gflops/s) - 1335 (1467848 Gflops/s) - 1347 (1481042 Gflops/s) - 1349 (1483241 Gflops/s) - 1333 (1465648 Gflops/s) - 1325 (1456852 Gflops/s) - 1329 (1461250 Gflops/s) | Temperatures: 60°C - 61°C - 72°C - 71°C - 63°C - 61°C - 71°C - 75°C | Throttling: None - None - None - None - None - None - None - None
1346 (1479942 Gflops/s) - 1345 (1478843 Gflops/s) - 1333 (1465648 Gflops/s) - 1346 (1479942 Gflops/s) - 1346 (1479942 Gflops/s) - 1333 (1465648 Gflops/s) - 1324 (1455753 Gflops/s) - 1326 (1457952 Gflops/s) | Temperatures: 60°C - 61°C - 72°C - 71°C - 63°C - 61°C - 71°C - 75°C | Throttling: None - None - None - None - None - None - None - None
1347 (1481042 Gflops/s) - 1348 (1482141 Gflops/s) - 1337 (1470047 Gflops/s) - 1347 (1481042 Gflops/s) - 1350 (1484340 Gflops/s) - 1334 (1466748 Gflops/s) - 1324 (1455753 Gflops/s) - 1327 (1459051 Gflops/s) | Temperatures: 60°C - 61°C - 72°C - 71°C - 63°C - 61°C - 71°C - 75°C | Throttling: None - None - None - None - None - None - None - None
1348 (1482141 Gflops/s) - 1348 (1482141 Gflops/s) - 1336 (1468947 Gflops/s) - 1347 (1481042 Gflops/s) - 1349 (1483241 Gflops/s) - 1334 (1466748 Gflops/s) - 1325 (1456852 Gflops/s) - 1327 (1459051 Gflops/s) | Temperatures: 60°C - 61°C - 72°C - 71°C - 63°C - 61°C - 71°C - 75°C | Throttling: None - None - None - None - None - None - None - None
1346 (1479942 Gflops/s) - 1347 (1481042 Gflops/s) - 1336 (1468947 Gflops/s) - 1347 (1481042 Gflops/s) - 1348 (1482141 Gflops/s) - 1333 (1465648 Gflops/s) - 1325 (1456852 Gflops/s) - 1328 (1460151 Gflops/s) | Temperatures: 60°C - 61°C - 73°C - 71°C - 63°C - 61°C - 71°C - 75°C | Throttling: None - None - None - None - None - None - None - None
1346 (1479942 Gflops/s) - 1347 (1481042 Gflops/s) - 1333 (1465648 Gflops/s) - 1346 (1479942 Gflops/s) - 1347 (1481042 Gflops/s) - 1331 (1463449 Gflops/s) - 1324 (1455753 Gflops/s) - 1325 (1456852 Gflops/s) | Temperatures: 60°C - 61°C - 72°C - 71°C - 63°C - 61°C - 71°C - 75°C | Throttling: None - None - None - None - None - None - None - None
1347 (1481042 Gflops/s) - 1349 (1483241 Gflops/s) - 1336 (1468947 Gflops/s) - 1347 (1481042 Gflops/s) - 1349 (1483241 Gflops/s) - 1334 (1466748 Gflops/s) - 1323 (1454653 Gflops/s) - 1327 (1459051 Gflops/s) | Temperatures: 60°C - 61°C - 72°C - 71°C - 63°C - 61°C - 71°C - 75°C | Throttling: None - None - None - None - None - None - None - None
1347 (1481042 Gflops/s) - 1346 (1479942 Gflops/s) - 1335 (1467848 Gflops/s) - 1346 (1479942 Gflops/s) - 1349 (1483241 Gflops/s) - 1334 (1466748 Gflops/s) - 1325 (1456852 Gflops/s) - 1328 (1460151 Gflops/s) | Temperatures: 60°C - 61°C - 72°C - 71°C - 63°C - 61°C - 71°C - 75°C | Throttling: None - None - None - None - None - None - None - None
1346 (1479942 Gflops/s) - 1345 (1478843 Gflops/s) - 1333 (1465648 Gflops/s) - 1345 (1478843 Gflops/s) - 1347 (1481042 Gflops/s) - 1332 (1464549 Gflops/s) - 1324 (1455753 Gflops/s) - 1325 (1456852 Gflops/s) | Temperatures: 60°C - 61°C - 72°C - 71°C - 63°C - 61°C - 71°C - 75°C | Throttling: None - None - None - None - None - None - None - None
1346 (1479942 Gflops/s) - 1348 (1482141 Gflops/s) - 1336 (1468947 Gflops/s) - 1347 (1481042 Gflops/s) - 1350 (1484340 Gflops/s) - 1335 (1467848 Gflops/s) - 1325 (1456852 Gflops/s) - 1328 (1460151 Gflops/s) | Temperatures: 60°C - 61°C - 72°C - 71°C - 63°C - 61°C - 71°C - 75°C | Throttling: None - None - None - None - None - None - None - None
1347 (1481042 Gflops/s) - 1347 (1481042 Gflops/s) - 1335 (1467848 Gflops/s) - 1346 (1479942 Gflops/s) - 1349 (1483241 Gflops/s) - 1334 (1466748 Gflops/s) - 1325 (1456852 Gflops/s) - 1327 (1459051 Gflops/s) | Temperatures: 60°C - 61°C - 72°C - 71°C - 63°C - 61°C - 71°C - 75°C | Throttling: None - None - None - None - None - None - None - None
1347 (1481042 Gflops/s) - 1349 (1483241 Gflops/s) - 1335 (1467848 Gflops/s) - 1346 (1479942 Gflops/s) - 1349 (1483241 Gflops/s) - 1333 (1465648 Gflops/s) - 1325 (1456852 Gflops/s) - 1327 (1459051 Gflops/s) | Temperatures: 60°C - 61°C - 73°C - 71°C - 63°C - 61°C - 71°C - 75°C | Throttling: None - None - None - None - None - None - None - None
1345 (1478843 Gflops/s) - 1347 (1481042 Gflops/s) - 1334 (1466748 Gflops/s) - 1345 (1478843 Gflops/s) - 1347 (1481042 Gflops/s) - 1333 (1465648 Gflops/s) - 1323 (1454653 Gflops/s) - 1327 (1459051 Gflops/s) | Temperatures: 60°C - 61°C - 72°C - 71°C - 63°C - 61°C - 71°C - 75°C | Throttling: None - None - None - None - None - None - None - None
1347 (1481042 Gflops/s) - 1348 (1482141 Gflops/s) - 1336 (1468947 Gflops/s) - 1348 (1482141 Gflops/s) - 1349 (1483241 Gflops/s) - 1334 (1466748 Gflops/s) - 1326 (1457952 Gflops/s) - 1328 (1460151 Gflops/s) | Temperatures: 60°C - 61°C - 73°C - 71°C - 63°C - 61°C - 71°C - 75°C | Throttling: None - None - None - None - None - None - None - None
1348 (1482141 Gflops/s) - 1348 (1482141 Gflops/s) - 1335 (1467848 Gflops/s) - 1346 (1479942 Gflops/s) - 1349 (1483241 Gflops/s) - 1333 (1465648 Gflops/s) - 1326 (1457952 Gflops/s) - 1327 (1459051 Gflops/s) | Temperatures: 60°C - 61°C - 73°C - 71°C - 63°C - 61°C - 71°C - 75°C | Throttling: None - None - None - None - None - None - None - None
1347 (1481042 Gflops/s) - 1348 (1482141 Gflops/s) - 1336 (1468947 Gflops/s) - 1346 (1479942 Gflops/s) - 1348 (1482141 Gflops/s) - 1335 (1467848 Gflops/s) - 1325 (1456852 Gflops/s) - 1326 (1457952 Gflops/s) | Temperatures: 60°C - 61°C - 73°C - 71°C - 63°C - 61°C - 71°C - 75°C | Throttling: None - None - None - None - None - None - None - None
1391 (1529420 Gflops/s) - 1390 (1528321 Gflops/s) - 1378 (1515127 Gflops/s) - 1390 (1528321 Gflops/s) - 1392 (1530520 Gflops/s) - 1376 (1512927 Gflops/s) - 1368 (1504131 Gflops/s) - 1370 (1506330 Gflops/s) | Temperatures: 60°C - 61°C - 72°C - 71°C - 63°C - 61°C - 71°C - 75°C | Throttling: None - None - None - None - None - None - None - None
1396 (1534918 Gflops/s) - 1395 (1533818 Gflops/s) - 1384 (1521724 Gflops/s) - 1395 (1533818 Gflops/s) - 1399 (1538216 Gflops/s) - 1383 (1520624 Gflops/s) - 1373 (1509629 Gflops/s) - 1376 (1512927 Gflops/s) | Temperatures: 60°C - 61°C - 73°C - 71°C - 63°C - 61°C - 71°C - 75°C | Throttling: None - None - None - None - None - None - None - None
1396 (1534918 Gflops/s) - 1396 (1534918 Gflops/s) - 1384 (1521724 Gflops/s) - 1397 (1536017 Gflops/s) - 1397 (1536017 Gflops/s) - 1382 (1519525 Gflops/s) - 1373 (1509629 Gflops/s) - 1377 (1514027 Gflops/s) | Temperatures: 60°C - 61°C - 72°C - 70°C - 63°C - 61°C - 71°C - 75°C | Throttling: None - None - None - None - None - None - None - None
1397 (1536017 Gflops/s) - 1395 (1533818 Gflops/s) - 1385 (1522823 Gflops/s) - 1395 (1533818 Gflops/s) - 1399 (1538216 Gflops/s) - 1384 (1521724 Gflops/s) - 1373 (1509629 Gflops/s) - 1375 (1511828 Gflops/s) | Temperatures: 60°C - 61°C - 73°C - 71°C - 63°C - 61°C - 71°C - 75°C | Throttling: None - None - None - None - None - None - None - None
1397 (1536017 Gflops/s) - 1396 (1534918 Gflops/s) - 1386 (1523923 Gflops/s) - 1397 (1536017 Gflops/s) - 1398 (1537117 Gflops/s) - 1383 (1520624 Gflops/s) - 1370 (1506330 Gflops/s) - 1378 (1515127 Gflops/s) | Temperatures: 60°C - 61°C - 73°C - 71°C - 63°C - 61°C - 71°C - 75°C | Throttling: None - None - None - None - None - None - None - None
1395 (1533818 Gflops/s) - 1396 (1534918 Gflops/s) - 1384 (1521724 Gflops/s) - 1395 (1533818 Gflops/s) - 1395 (1533818 Gflops/s) - 1382 (1519525 Gflops/s) - 1372 (1508529 Gflops/s) - 1375 (1511828 Gflops/s) | Temperatures: 60°C - 61°C - 73°C - 71°C - 63°C - 61°C - 71°C - 75°C | Throttling: None - None - None - None - None - None - None - None
1396 (1534918 Gflops/s) - 1397 (1536017 Gflops/s) - 1383 (1520624 Gflops/s) - 1395 (1533818 Gflops/s) - 1399 (1538216 Gflops/s) - 1384 (1521724 Gflops/s) - 1374 (1510728 Gflops/s) - 1375 (1511828 Gflops/s) | Temperatures: 60°C - 61°C - 73°C - 71°C - 63°C - 61°C - 71°C - 75°C | Throttling: None - None - None - None - None - None - None - None
1397 (1536017 Gflops/s) - 1396 (1534918 Gflops/s) - 1386 (1523923 Gflops/s) - 1396 (1534918 Gflops/s) - 1399 (1538216 Gflops/s) - 1383 (1520624 Gflops/s) - 1374 (1510728 Gflops/s) - 1376 (1512927 Gflops/s) | Temperatures: 60°C - 61°C - 73°C - 71°C - 63°C - 61°C - 71°C - 75°C | Throttling: None - None - None - None - None - None - None - None
1396 (1534918 Gflops/s) - 1397 (1536017 Gflops/s) - 1383 (1520624 Gflops/s) - 1396 (1534918 Gflops/s) - 1399 (1538216 Gflops/s) - 1383 (1520624 Gflops/s) - 1373 (1509629 Gflops/s) - 1374 (1510728 Gflops/s) | Temperatures: 60°C - 61°C - 73°C - 71°C - 63°C - 61°C - 71°C - 75°C | Throttling: None - None - None - None - None - None - None - None
1395 (1533818 Gflops/s) - 1394 (1532719 Gflops/s) - 1384 (1521724 Gflops/s) - 1395 (1533818 Gflops/s) - 1397 (1536017 Gflops/s) - 1382 (1519525 Gflops/s) - 1373 (1509629 Gflops/s) - 1374 (1510728 Gflops/s) | Temperatures: 60°C - 61°C - 73°C - 71°C - 63°C - 61°C - 71°C - 75°C | Throttling: None - None - None - None - None - None - None - None
1396 (1534918 Gflops/s) - 1396 (1534918 Gflops/s) - 1384 (1521724 Gflops/s) - 1397 (1536017 Gflops/s) - 1397 (1536017 Gflops/s) - 1383 (1520624 Gflops/s) - 1374 (1510728 Gflops/s) - 1376 (1512927 Gflops/s) | Temperatures: 60°C - 61°C - 73°C - 71°C - 63°C - 61°C - 71°C - 75°C | Throttling: None - None - None - None - None - None - None - None
1397 (1536017 Gflops/s) - 1397 (1536017 Gflops/s) - 1385 (1522823 Gflops/s) - 1396 (1534918 Gflops/s) - 1397 (1536017 Gflops/s) - 1383 (1520624 Gflops/s) - 1373 (1509629 Gflops/s) - 1376 (1512927 Gflops/s) | Temperatures: 60°C - 61°C - 73°C - 71°C - 63°C - 61°C - 71°C - 75°C | Throttling: None - None - None - None - None - None - None - None
1397 (1536017 Gflops/s) - 1396 (1534918 Gflops/s) - 1384 (1521724 Gflops/s) - 1396 (1534918 Gflops/s) - 1399 (1538216 Gflops/s) - 1383 (1520624 Gflops/s) - 1375 (1511828 Gflops/s) - 1376 (1512927 Gflops/s) | Temperatures: 60°C - 61°C - 73°C - 71°C - 63°C - 61°C - 71°C - 75°C | Throttling: None - None - None - None - None - None - None - None
1386 (1523923 Gflops/s) - 1386 (1523923 Gflops/s) - 1375 (1511828 Gflops/s) - 1386 (1523923 Gflops/s) - 1387 (1525022 Gflops/s) - 1372 (1508529 Gflops/s) - 1361 (1496435 Gflops/s) - 1366 (1501932 Gflops/s) | Temperatures: 60°C - 61°C - 72°C - 71°C - 63°C - 61°C - 71°C - 75°C | Throttling: None - None - None - None - None - None - None - None
1336 (1468947 Gflops/s) - 1335 (1467848 Gflops/s) - 1323 (1454653 Gflops/s) - 1336 (1468947 Gflops/s) - 1337 (1470047 Gflops/s) - 1322 (1453554 Gflops/s) - 1313 (1443658 Gflops/s) - 1315 (1445857 Gflops/s) | Temperatures: 60°C - 61°C - 73°C - 71°C - 63°C - 61°C - 71°C - 75°C | Throttling: None - None - None - None - None - None - None - None
1337 (1470047 Gflops/s) - 1336 (1468947 Gflops/s) - 1325 (1456852 Gflops/s) - 1336 (1468947 Gflops/s) - 1338 (1471146 Gflops/s) - 1323 (1454653 Gflops/s) - 1313 (1443658 Gflops/s) - 1316 (1446957 Gflops/s) | Temperatures: 60°C - 61°C - 73°C - 71°C - 63°C - 61°C - 71°C - 75°C | Throttling: None - None - None - None - None - None - None - None
1336 (1468947 Gflops/s) - 1336 (1468947 Gflops/s) - 1325 (1456852 Gflops/s) - 1337 (1470047 Gflops/s) - 1338 (1471146 Gflops/s) - 1323 (1454653 Gflops/s) - 1314 (1444758 Gflops/s) - 1316 (1446957 Gflops/s) | Temperatures: 60°C - 61°C - 73°C - 71°C - 63°C - 61°C - 71°C - 75°C | Throttling: None - None - None - None - None - None - None - None
1336 (1468947 Gflops/s) - 1335 (1467848 Gflops/s) - 1323 (1454653 Gflops/s) - 1335 (1467848 Gflops/s) - 1336 (1468947 Gflops/s) - 1322 (1453554 Gflops/s) - 1313 (1443658 Gflops/s) - 1316 (1446957 Gflops/s) | Temperatures: 60°C - 61°C - 73°C - 71°C - 63°C - 61°C - 71°C - 75°C | Throttling: None - None - None - None - None - None - None - None
1336 (1468947 Gflops/s) - 1336 (1468947 Gflops/s) - 1325 (1456852 Gflops/s) - 1337 (1470047 Gflops/s) - 1337 (1470047 Gflops/s) - 1323 (1454653 Gflops/s) - 1314 (1444758 Gflops/s) - 1315 (1445857 Gflops/s) | Temperatures: 60°C - 61°C - 73°C - 71°C - 63°C - 61°C - 71°C - 75°C | Throttling: None - None - None - None - None - None - None - None
1337 (1470047 Gflops/s) - 1338 (1471146 Gflops/s) - 1326 (1457952 Gflops/s) - 1336 (1468947 Gflops/s) - 1339 (1472246 Gflops/s) - 1324 (1455753 Gflops/s) - 1315 (1445857 Gflops/s) - 1316 (1446957 Gflops/s) | Temperatures: 60°C - 61°C - 73°C - 71°C - 63°C - 61°C - 71°C - 75°C | Throttling: None - None - None - None - None - None - None - None
1336 (1468947 Gflops/s) - 1334 (1466748 Gflops/s) - 1323 (1454653 Gflops/s) - 1336 (1468947 Gflops/s) - 1338 (1471146 Gflops/s) - 1322 (1453554 Gflops/s) - 1314 (1444758 Gflops/s) - 1314 (1444758 Gflops/s) | Temperatures: 60°C - 61°C - 73°C - 71°C - 63°C - 61°C - 71°C - 75°C | Throttling: None - None - None - None - None - None - None - None
1336 (1468947 Gflops/s) - 1339 (1472246 Gflops/s) - 1325 (1456852 Gflops/s) - 1335 (1467848 Gflops/s) - 1337 (1470047 Gflops/s) - 1323 (1454653 Gflops/s) - 1314 (1444758 Gflops/s) - 1317 (1448056 Gflops/s) | Temperatures: 60°C - 61°C - 72°C - 71°C - 63°C - 61°C - 71°C - 75°C | Throttling: None - None - None - None - None - None - None - None
1337 (1470047 Gflops/s) - 1335 (1467848 Gflops/s) - 1325 (1456852 Gflops/s) - 1336 (1468947 Gflops/s) - 1337 (1470047 Gflops/s) - 1324 (1455753 Gflops/s) - 1316 (1446957 Gflops/s) - 1315 (1445857 Gflops/s) | Temperatures: 60°C - 61°C - 72°C - 71°C - 63°C - 61°C - 71°C - 75°C | Throttling: None - None - None - None - None - None - None - None
1336 (1468947 Gflops/s) - 1338 (1471146 Gflops/s) - 1325 (1456852 Gflops/s) - 1336 (1468947 Gflops/s) - 1338 (1471146 Gflops/s) - 1323 (1454653 Gflops/s) - 1314 (1444758 Gflops/s) - 1316 (1446957 Gflops/s) | Temperatures: 60°C - 61°C - 73°C - 71°C - 63°C - 61°C - 71°C - 75°C | Throttling: None - None - None - None - None - None - None - None
1336 (1468947 Gflops/s) - 1336 (1468947 Gflops/s) - 1324 (1455753 Gflops/s) - 1335 (1467848 Gflops/s) - 1336 (1468947 Gflops/s) - 1322 (1453554 Gflops/s) - 1314 (1444758 Gflops/s) - 1316 (1446957 Gflops/s) | Temperatures: 60°C - 61°C - 73°C - 71°C - 63°C - 61°C - 71°C - 75°C | Throttling: None - None - None - None - None - None - None - None
1337 (1470047 Gflops/s) - 1336 (1468947 Gflops/s) - 1325 (1456852 Gflops/s) - 1336 (1468947 Gflops/s) - 1338 (1471146 Gflops/s) - 1323 (1454653 Gflops/s) - 1313 (1443658 Gflops/s) - 1316 (1446957 Gflops/s) | Temperatures: 60°C - 61°C - 73°C - 71°C - 63°C - 61°C - 71°C - 75°C | Throttling: None - None - None - None - None - None - None - None
1332 (1464549 Gflops/s) - 1330 (1462350 Gflops/s) - 1321 (1452454 Gflops/s) - 1331 (1463449 Gflops/s) - 1333 (1465648 Gflops/s) - 1317 (1448056 Gflops/s) - 1309 (1439260 Gflops/s) - 1311 (1441459 Gflops/s) | Temperatures: 60°C - 61°C - 73°C - 71°C - 63°C - 61°C - 71°C - 75°C | Throttling: None - None - None - None - None - None - None - None
1270 (1396379 Gflops/s) - 1270 (1396379 Gflops/s) - 1258 (1383185 Gflops/s) - 1270 (1396379 Gflops/s) - 1271 (1397479 Gflops/s) - 1258 (1383185 Gflops/s) - 1249 (1373290 Gflops/s) - 1252 (1376588 Gflops/s) | Temperatures: 60°C - 61°C - 73°C - 71°C - 63°C - 61°C - 71°C - 75°C | Throttling: None - None - None - None - None - None - None - None
1227 (1349100 Gflops/s) - 1227 (1349100 Gflops/s) - 1216 (1337006 Gflops/s) - 1226 (1348001 Gflops/s) - 1228 (1350200 Gflops/s) - 1215 (1335906 Gflops/s) - 1205 (1324911 Gflops/s) - 1208 (1328210 Gflops/s) | Temperatures: 60°C - 61°C - 73°C - 71°C - 63°C - 61°C - 71°C - 75°C | Throttling: None - None - None - None - None - None - None - None
1250 (1374389 Gflops/s) - 1248 (1372190 Gflops/s) - 1239 (1362294 Gflops/s) - 1248 (1372190 Gflops/s) - 1250 (1374389 Gflops/s) - 1237 (1360095 Gflops/s) - 1228 (1350200 Gflops/s) - 1230 (1352399 Gflops/s) | Temperatures: 60°C - 61°C - 73°C - 71°C - 63°C - 61°C - 71°C - 75°C | Throttling: None - None - None - None - None - None - None - None
1249 (1373290 Gflops/s) - 1250 (1374389 Gflops/s) - 1239 (1362294 Gflops/s) - 1249 (1373290 Gflops/s) - 1250 (1374389 Gflops/s) - 1237 (1360095 Gflops/s) - 1230 (1352399 Gflops/s) - 1231 (1353498 Gflops/s) | Temperatures: 60°C - 61°C - 72°C - 71°C - 63°C - 61°C - 71°C - 75°C | Throttling: None - None - None - None - None - None - None - None
1246 (1369991 Gflops/s) - 1246 (1369991 Gflops/s) - 1234 (1356797 Gflops/s) - 1245 (1368891 Gflops/s) - 1246 (1369991 Gflops/s) - 1233 (1355697 Gflops/s) - 1226 (1348001 Gflops/s) - 1227 (1349100 Gflops/s) | Temperatures: 60°C - 61°C - 73°C - 71°C - 63°C - 61°C - 71°C - 75°C | Throttling: None - None - None - None - None - None - None - None
1270 (1396379 Gflops/s) - 1269 (1395280 Gflops/s) - 1259 (1384285 Gflops/s) - 1270 (1396379 Gflops/s) - 1270 (1396379 Gflops/s) - 1256 (1380986 Gflops/s) - 1248 (1372190 Gflops/s) - 1250 (1374389 Gflops/s) | Temperatures: 60°C - 61°C - 73°C - 71°C - 63°C - 61°C - 71°C - 75°C | Throttling: None - None - None - None - None - None - None - None
1337 (1470047 Gflops/s) - 1336 (1468947 Gflops/s) - 1324 (1455753 Gflops/s) - 1336 (1468947 Gflops/s) - 1337 (1470047 Gflops/s) - 1323 (1454653 Gflops/s) - 1314 (1444758 Gflops/s) - 1317 (1448056 Gflops/s) | Temperatures: 60°C - 61°C - 73°C - 71°C - 63°C - 61°C - 71°C - 75°C | Throttling: None - None - None - None - None - None - None - None
1335 (1467848 Gflops/s) - 1335 (1467848 Gflops/s) - 1323 (1454653 Gflops/s) - 1335 (1467848 Gflops/s) - 1337 (1470047 Gflops/s) - 1322 (1453554 Gflops/s) - 1313 (1443658 Gflops/s) - 1316 (1446957 Gflops/s) | Temperatures: 60°C - 61°C - 73°C - 71°C - 63°C - 61°C - 71°C - 75°C | Throttling: None - None - None - None - None - None - None - None
1337 (1470047 Gflops/s) - 1338 (1471146 Gflops/s) - 1324 (1455753 Gflops/s) - 1336 (1468947 Gflops/s) - 1337 (1470047 Gflops/s) - 1322 (1453554 Gflops/s) - 1313 (1443658 Gflops/s) - 1317 (1448056 Gflops/s) | Temperatures: 60°C - 61°C - 73°C - 71°C - 63°C - 61°C - 71°C - 75°C | Throttling: None - None - None - None - None - None - None - None
1335 (1467848 Gflops/s) - 1335 (1467848 Gflops/s) - 1324 (1455753 Gflops/s) - 1335 (1467848 Gflops/s) - 1337 (1470047 Gflops/s) - 1322 (1453554 Gflops/s) - 1314 (1444758 Gflops/s) - 1316 (1446957 Gflops/s) | Temperatures: 60°C - 61°C - 73°C - 71°C - 63°C - 61°C - 71°C - 75°C | Throttling: None - None - None - None - None - None - None - None
1336 (1468947 Gflops/s) - 1337 (1470047 Gflops/s) - 1324 (1455753 Gflops/s) - 1336 (1468947 Gflops/s) - 1336 (1468947 Gflops/s) - 1322 (1453554 Gflops/s) - 1315 (1445857 Gflops/s) - 1317 (1448056 Gflops/s) | Temperatures: 60°C - 61°C - 73°C - 71°C - 63°C - 61°C - 71°C - 75°C | Throttling: None - None - None - None - None - None - None - None
1336 (1468947 Gflops/s) - 1335 (1467848 Gflops/s) - 1323 (1454653 Gflops/s) - 1335 (1467848 Gflops/s) - 1335 (1467848 Gflops/s) - 1321 (1452454 Gflops/s) - 1313 (1443658 Gflops/s) - 1315 (1445857 Gflops/s) | Temperatures: 60°C - 61°C - 73°C - 71°C - 63°C - 61°C - 71°C - 75°C | Throttling: None - None - None - None - None - None - None - None
1337 (1470047 Gflops/s) - 1336 (1468947 Gflops/s) - 1324 (1455753 Gflops/s) - 1336 (1468947 Gflops/s) - 1339 (1472246 Gflops/s) - 1322 (1453554 Gflops/s) - 1314 (1444758 Gflops/s) - 1317 (1448056 Gflops/s) | Temperatures: 60°C - 61°C - 72°C - 71°C - 63°C - 61°C - 71°C - 75°C | Throttling: None - None - None - None - None - None - None - None
1334 (1466748 Gflops/s) - 1334 (1466748 Gflops/s) - 1323 (1454653 Gflops/s) - 1336 (1468947 Gflops/s) - 1337 (1470047 Gflops/s) - 1322 (1453554 Gflops/s) - 1314 (1444758 Gflops/s) - 1316 (1446957 Gflops/s) | Temperatures: 60°C - 61°C - 73°C - 71°C - 63°C - 61°C - 71°C - 75°C | Throttling: None - None - None - None - None - None - None - None
1337 (1470047 Gflops/s) - 1337 (1470047 Gflops/s) - 1325 (1456852 Gflops/s) - 1336 (1468947 Gflops/s) - 1337 (1470047 Gflops/s) - 1323 (1454653 Gflops/s) - 1314 (1444758 Gflops/s) - 1318 (1449156 Gflops/s) | Temperatures: 60°C - 61°C - 73°C - 71°C - 63°C - 61°C - 71°C - 75°C | Throttling: None - None - None - None - None - None - None - None
1336 (1468947 Gflops/s) - 1336 (1468947 Gflops/s) - 1324 (1455753 Gflops/s) - 1335 (1467848 Gflops/s) - 1337 (1470047 Gflops/s) - 1321 (1452454 Gflops/s) - 1315 (1445857 Gflops/s) - 1315 (1445857 Gflops/s) | Temperatures: 60°C - 61°C - 73°C - 71°C - 63°C - 61°C - 71°C - 75°C | Throttling: None - None - None - None - None - None - None - None
1335 (1467848 Gflops/s) - 1336 (1468947 Gflops/s) - 1325 (1456852 Gflops/s) - 1335 (1467848 Gflops/s) - 1339 (1472246 Gflops/s) - 1323 (1454653 Gflops/s) - 1313 (1443658 Gflops/s) - 1317 (1448056 Gflops/s) | Temperatures: 60°C - 61°C - 73°C - 71°C - 63°C - 61°C - 71°C - 75°C | Throttling: None - None - None - None - None - None - None - None
1336 (1468947 Gflops/s) - 1336 (1468947 Gflops/s) - 1323 (1454653 Gflops/s) - 1335 (1467848 Gflops/s) - 1338 (1471146 Gflops/s) - 1321 (1452454 Gflops/s) - 1313 (1443658 Gflops/s) - 1314 (1444758 Gflops/s) | Temperatures: 60°C - 61°C - 73°C - 71°C - 63°C - 61°C - 71°C - 75°C | Throttling: None - None - None - None - None - None - None - None
1373 (1509629 Gflops/s) - 1375 (1511828 Gflops/s) - 1361 (1496435 Gflops/s) - 1374 (1510728 Gflops/s) - 1375 (1511828 Gflops/s) - 1361 (1496435 Gflops/s) - 1352 (1486539 Gflops/s) - 1354 (1488738 Gflops/s) | Temperatures: 60°C - 61°C - 72°C - 71°C - 63°C - 61°C - 71°C - 75°C | Throttling: None - None - None - None - None - None - None - None
1374 (1510728 Gflops/s) - 1374 (1510728 Gflops/s) - 1362 (1497534 Gflops/s) - 1373 (1509629 Gflops/s) - 1375 (1511828 Gflops/s) - 1360 (1495335 Gflops/s) - 1350 (1484340 Gflops/s) - 1353 (1487639 Gflops/s) | Temperatures: 60°C - 61°C - 73°C - 71°C - 63°C - 61°C - 71°C - 75°C | Throttling: None - None - None - None - None - None - None - None
1373 (1509629 Gflops/s) - 1374 (1510728 Gflops/s) - 1362 (1497534 Gflops/s) - 1373 (1509629 Gflops/s) - 1377 (1514027 Gflops/s) - 1360 (1495335 Gflops/s) - 1350 (1484340 Gflops/s) - 1352 (1486539 Gflops/s) | Temperatures: 60°C - 61°C - 73°C - 71°C - 63°C - 61°C - 71°C - 75°C | Throttling: None - None - None - None - None - None - None - None
1375 (1511828 Gflops/s) - 1373 (1509629 Gflops/s) - 1363 (1498634 Gflops/s) - 1374 (1510728 Gflops/s) - 1373 (1509629 Gflops/s) - 1360 (1495335 Gflops/s) - 1351 (1485440 Gflops/s) - 1353 (1487639 Gflops/s) | Temperatures: 60°C - 61°C - 73°C - 71°C - 63°C - 61°C - 71°C - 75°C | Throttling: None - None - None - None - None - None - None - None
1376 (1512927 Gflops/s) - 1376 (1512927 Gflops/s) - 1364 (1499733 Gflops/s) - 1374 (1510728 Gflops/s) - 1378 (1515127 Gflops/s) - 1361 (1496435 Gflops/s) - 1352 (1486539 Gflops/s) - 1355 (1489838 Gflops/s) | Temperatures: 60°C - 61°C - 73°C - 71°C - 63°C - 61°C - 71°C - 75°C | Throttling: None - None - None - None - None - None - None - None
1373 (1509629 Gflops/s) - 1373 (1509629 Gflops/s) - 1362 (1497534 Gflops/s) - 1374 (1510728 Gflops/s) - 1375 (1511828 Gflops/s) - 1360 (1495335 Gflops/s) - 1351 (1485440 Gflops/s) - 1354 (1488738 Gflops/s) | Temperatures: 60°C - 61°C - 73°C - 71°C - 63°C - 61°C - 71°C - 75°C | Throttling: None - None - None - None - None - None - None - None
1375 (1511828 Gflops/s) - 1374 (1510728 Gflops/s) - 1361 (1496435 Gflops/s) - 1373 (1509629 Gflops/s) - 1375 (1511828 Gflops/s) - 1361 (1496435 Gflops/s) - 1351 (1485440 Gflops/s) - 1354 (1488738 Gflops/s) | Temperatures: 60°C - 61°C - 73°C - 71°C - 63°C - 61°C - 71°C - 75°C | Throttling: None - None - None - None - None - None - None - None
1376 (1512927 Gflops/s) - 1376 (1512927 Gflops/s) - 1363 (1498634 Gflops/s) - 1374 (1510728 Gflops/s) - 1375 (1511828 Gflops/s) - 1360 (1495335 Gflops/s) - 1353 (1487639 Gflops/s) - 1355 (1489838 Gflops/s) | Temperatures: 60°C - 61°C - 72°C - 71°C - 63°C - 61°C - 71°C - 75°C | Throttling: None - None - None - None - None - None - None - None
1374 (1510728 Gflops/s) - 1373 (1509629 Gflops/s) - 1363 (1498634 Gflops/s) - 1374 (1510728 Gflops/s) - 1376 (1512927 Gflops/s) - 1360 (1495335 Gflops/s) - 1350 (1484340 Gflops/s) - 1355 (1489838 Gflops/s) | Temperatures: 60°C - 61°C - 73°C - 71°C - 63°C - 61°C - 71°C - 75°C | Throttling: None - None - None - None - None - None - None - None
1374 (1510728 Gflops/s) - 1375 (1511828 Gflops/s) - 1363 (1498634 Gflops/s) - 1374 (1510728 Gflops/s) - 1377 (1514027 Gflops/s) - 1363 (1498634 Gflops/s) - 1351 (1485440 Gflops/s) - 1355 (1489838 Gflops/s) | Temperatures: 60°C - 61°C - 73°C - 71°C - 63°C - 61°C - 71°C - 75°C | Throttling: None - None - None - None - None - None - None - None
1374 (1510728 Gflops/s) - 1374 (1510728 Gflops/s) - 1362 (1497534 Gflops/s) - 1373 (1509629 Gflops/s) - 1374 (1510728 Gflops/s) - 1360 (1495335 Gflops/s) - 1352 (1486539 Gflops/s) - 1354 (1488738 Gflops/s) | Temperatures: 61°C - 61°C - 73°C - 71°C - 63°C - 61°C - 71°C - 75°C | Throttling: None - None - None - None - None - None - None - None
1374 (1510728 Gflops/s) - 1375 (1511828 Gflops/s) - 1362 (1497534 Gflops/s) - 1375 (1511828 Gflops/s) - 1377 (1514027 Gflops/s) - 1361 (1496435 Gflops/s) - 1351 (1485440 Gflops/s) - 1356 (1490937 Gflops/s) | Temperatures: 60°C - 61°C - 72°C - 71°C - 63°C - 61°C - 71°C - 75°C | Throttling: None - None - None - None - None - None - None - None
1374 (1510728 Gflops/s) - 1373 (1509629 Gflops/s) - 1362 (1497534 Gflops/s) - 1373 (1509629 Gflops/s) - 1377 (1514027 Gflops/s) - 1360 (1495335 Gflops/s) - 1351 (1485440 Gflops/s) - 1352 (1486539 Gflops/s) | Temperatures: 60°C - 61°C - 72°C - 71°C - 63°C - 61°C - 71°C - 75°C | Throttling: None - None - None - None - None - None - None - None
1373 (1509629 Gflops/s) - 1375 (1511828 Gflops/s) - 1362 (1497534 Gflops/s) - 1375 (1511828 Gflops/s) - 1376 (1512927 Gflops/s) - 1360 (1495335 Gflops/s) - 1350 (1484340 Gflops/s) - 1353 (1487639 Gflops/s) | Temperatures: 60°C - 61°C - 73°C - 71°C - 63°C - 61°C - 71°C - 75°C | Throttling: None - None - None - None - None - None - None - None
1375 (1511828 Gflops/s) - 1375 (1511828 Gflops/s) - 1364 (1499733 Gflops/s) - 1374 (1510728 Gflops/s) - 1377 (1514027 Gflops/s) - 1361 (1496435 Gflops/s) - 1353 (1487639 Gflops/s) - 1354 (1488738 Gflops/s) | Temperatures: 60°C - 61°C - 73°C - 71°C - 63°C - 61°C - 71°C - 75°C | Throttling: None - None - None - None - None - None - None - None
1374 (1510728 Gflops/s) - 1374 (1510728 Gflops/s) - 1361 (1496435 Gflops/s) - 1374 (1510728 Gflops/s) - 1376 (1512927 Gflops/s) - 1359 (1494236 Gflops/s) - 1350 (1484340 Gflops/s) - 1353 (1487639 Gflops/s) | Temperatures: 60°C - 61°C - 73°C - 71°C - 63°C - 61°C - 71°C - 75°C | Throttling: None - None - None - None - None - None - None - None
1376 (1512927 Gflops/s) - 1375 (1511828 Gflops/s) - 1363 (1498634 Gflops/s) - 1375 (1511828 Gflops/s) - 1377 (1514027 Gflops/s) - 1362 (1497534 Gflops/s) - 1353 (1487639 Gflops/s) - 1354 (1488738 Gflops/s) | Temperatures: 60°C - 61°C - 73°C - 71°C - 63°C - 61°C - 71°C - 75°C | Throttling: None - None - None - None - None - None - None - None
1374 (1510728 Gflops/s) - 1375 (1511828 Gflops/s) - 1362 (1497534 Gflops/s) - 1373 (1509629 Gflops/s) - 1374 (1510728 Gflops/s) - 1360 (1495335 Gflops/s) - 1351 (1485440 Gflops/s) - 1354 (1488738 Gflops/s) | Temperatures: 61°C - 62°C - 73°C - 71°C - 63°C - 61°C - 71°C - 75°C | Throttling: None - None - None - None - None - None - None - None
1374 (1510728 Gflops/s) - 1373 (1509629 Gflops/s) - 1362 (1497534 Gflops/s) - 1373 (1509629 Gflops/s) - 1375 (1511828 Gflops/s) - 1360 (1495335 Gflops/s) - 1352 (1486539 Gflops/s) - 1352 (1486539 Gflops/s) | Temperatures: 60°C - 61°C - 73°C - 71°C - 63°C - 61°C - 71°C - 75°C | Throttling: None - None - None - None - None - None - None - None
1373 (1509629 Gflops/s) - 1373 (1509629 Gflops/s) - 1361 (1496435 Gflops/s) - 1372 (1508529 Gflops/s) - 1374 (1510728 Gflops/s) - 1359 (1494236 Gflops/s) - 1350 (1484340 Gflops/s) - 1352 (1486539 Gflops/s) | Temperatures: 60°C - 61°C - 73°C - 71°C - 63°C - 61°C - 71°C - 75°C | Throttling: None - None - None - None - None - None - None - None
1366 (1501932 Gflops/s) - 1367 (1503032 Gflops/s) - 1356 (1490937 Gflops/s) - 1367 (1503032 Gflops/s) - 1369 (1505231 Gflops/s) - 1353 (1487639 Gflops/s) - 1343 (1476644 Gflops/s) - 1346 (1479942 Gflops/s) | Temperatures: 60°C - 61°C - 73°C - 71°C - 63°C - 61°C - 71°C - 75°C | Throttling: None - None - None - None - None - None - None - None
1366 (1501932 Gflops/s) - 1368 (1504131 Gflops/s) - 1357 (1492037 Gflops/s) - 1367 (1503032 Gflops/s) - 1367 (1503032 Gflops/s) - 1354 (1488738 Gflops/s) - 1345 (1478843 Gflops/s) - 1346 (1479942 Gflops/s) | Temperatures: 60°C - 62°C - 73°C - 71°C - 63°C - 61°C - 71°C - 75°C | Throttling: None - None - None - None - None - None - None - None
1368 (1504131 Gflops/s) - 1368 (1504131 Gflops/s) - 1354 (1488738 Gflops/s) - 1368 (1504131 Gflops/s) - 1369 (1505231 Gflops/s) - 1354 (1488738 Gflops/s) - 1345 (1478843 Gflops/s) - 1348 (1482141 Gflops/s) | Temperatures: 60°C - 61°C - 73°C - 71°C - 63°C - 61°C - 71°C - 75°C | Throttling: None - None - None - None - None - None - None - None
1367 (1503032 Gflops/s) - 1367 (1503032 Gflops/s) - 1356 (1490937 Gflops/s) - 1366 (1501932 Gflops/s) - 1371 (1507430 Gflops/s) - 1353 (1487639 Gflops/s) - 1344 (1477743 Gflops/s) - 1349 (1483241 Gflops/s) | Temperatures: 60°C - 61°C - 73°C - 71°C - 63°C - 61°C - 71°C - 75°C | Throttling: None - None - None - None - None - None - None - None
1367 (1503032 Gflops/s) - 1367 (1503032 Gflops/s) - 1356 (1490937 Gflops/s) - 1366 (1501932 Gflops/s) - 1370 (1506330 Gflops/s) - 1353 (1487639 Gflops/s) - 1345 (1478843 Gflops/s) - 1347 (1481042 Gflops/s) | Temperatures: 61°C - 61°C - 73°C - 71°C - 63°C - 61°C - 71°C - 75°C | Throttling: None - None - None - None - None - None - None - None
1368 (1504131 Gflops/s) - 1366 (1501932 Gflops/s) - 1354 (1488738 Gflops/s) - 1367 (1503032 Gflops/s) - 1368 (1504131 Gflops/s) - 1353 (1487639 Gflops/s) - 1343 (1476644 Gflops/s) - 1348 (1482141 Gflops/s) | Temperatures: 60°C - 61°C - 73°C - 71°C - 63°C - 61°C - 71°C - 75°C | Throttling: None - None - None - None - None - None - None - None
1367 (1503032 Gflops/s) - 1367 (1503032 Gflops/s) - 1356 (1490937 Gflops/s) - 1366 (1501932 Gflops/s) - 1368 (1504131 Gflops/s) - 1353 (1487639 Gflops/s) - 1344 (1477743 Gflops/s) - 1347 (1481042 Gflops/s) | Temperatures: 60°C - 61°C - 73°C - 71°C - 63°C - 61°C - 71°C - 75°C | Throttling: None - None - None - None - None - None - None - None
1367 (1503032 Gflops/s) - 1368 (1504131 Gflops/s) - 1355 (1489838 Gflops/s) - 1367 (1503032 Gflops/s) - 1369 (1505231 Gflops/s) - 1354 (1488738 Gflops/s) - 1342 (1475544 Gflops/s) - 1348 (1482141 Gflops/s) | Temperatures: 61°C - 61°C - 73°C - 71°C - 63°C - 61°C - 71°C - 75°C | Throttling: None - None - None - None - None - None - None - None
1368 (1504131 Gflops/s) - 1367 (1503032 Gflops/s) - 1356 (1490937 Gflops/s) - 1369 (1505231 Gflops/s) - 1370 (1506330 Gflops/s) - 1355 (1489838 Gflops/s) - 1344 (1477743 Gflops/s) - 1348 (1482141 Gflops/s) | Temperatures: 61°C - 61°C - 73°C - 71°C - 63°C - 61°C - 71°C - 75°C | Throttling: None - None - None - None - None - None - None - None
1366 (1501932 Gflops/s) - 1367 (1503032 Gflops/s) - 1355 (1489838 Gflops/s) - 1367 (1503032 Gflops/s) - 1368 (1504131 Gflops/s) - 1354 (1488738 Gflops/s) - 1344 (1477743 Gflops/s) - 1346 (1479942 Gflops/s) | Temperatures: 60°C - 61°C - 73°C - 71°C - 63°C - 61°C - 71°C - 75°C | Throttling: None - None - None - None - None - None - None - None
1367 (1503032 Gflops/s) - 1367 (1503032 Gflops/s) - 1355 (1489838 Gflops/s) - 1366 (1501932 Gflops/s) - 1369 (1505231 Gflops/s) - 1354 (1488738 Gflops/s) - 1343 (1476644 Gflops/s) - 1345 (1478843 Gflops/s) | Temperatures: 60°C - 61°C - 73°C - 71°C - 63°C - 61°C - 71°C - 75°C | Throttling: None - None - None - None - None - None - None - None
1367 (1503032 Gflops/s) - 1368 (1504131 Gflops/s) - 1354 (1488738 Gflops/s) - 1366 (1501932 Gflops/s) - 1370 (1506330 Gflops/s) - 1353 (1487639 Gflops/s) - 1344 (1477743 Gflops/s) - 1348 (1482141 Gflops/s) | Temperatures: 61°C - 61°C - 73°C - 71°C - 63°C - 61°C - 71°C - 75°C | Throttling: None - None - None - None - None - None - None - None
1367 (1503032 Gflops/s) - 1368 (1504131 Gflops/s) - 1355 (1489838 Gflops/s) - 1367 (1503032 Gflops/s) - 1368 (1504131 Gflops/s) - 1354 (1488738 Gflops/s) - 1346 (1479942 Gflops/s) - 1348 (1482141 Gflops/s) | Temperatures: 60°C - 61°C - 73°C - 71°C - 63°C - 61°C - 71°C - 75°C | Throttling: None - None - None - None - None - None - None - None
1345 (1478843 Gflops/s) - 1021 (1122601 Gflops/s) - 1355 (1489838 Gflops/s) - 1126 (1238050 Gflops/s) - 1367 (1503032 Gflops/s) - 1275 (1401877 Gflops/s) - 1344 (1477743 Gflops/s) - 1346 (1479942 Gflops/s) | Temperatures: 60°C - 61°C - 73°C - 71°C - 63°C - 61°C - 71°C - 75°C | Throttling: None - None - None - None - None - None - None - None
GPU #0: 1478401 Gflops/s (min: 1349100.77, max: 1536017.74, dev: 1478401.07)
         Temperature: 59.73°C (min: 53.00, max: 61.00)
         Throttling HW: false, Thermal SW: false, Thermal HW: false
GPU #1: 1478239 Gflops/s (min: 1122601.37, max: 1536017.74, dev: 1478238.60)
         Temperature: 60.73°C (min: 55.00, max: 62.00)
         Throttling HW: false, Thermal SW: false, Thermal HW: false
GPU #2: 1467421 Gflops/s (min: 1337006.14, max: 1523923.12, dev: 1467421.06)
         Temperature: 71.51°C (min: 62.00, max: 73.00)
         Throttling HW: false, Thermal SW: false, Thermal HW: false
GPU #3: 1478242 Gflops/s (min: 1238050.09, max: 1536017.74, dev: 1478242.38)
         Temperature: 69.61°C (min: 59.00, max: 71.00)
         Throttling HW: false, Thermal SW: false, Thermal HW: false
GPU #4: 1481507 Gflops/s (min: 1350200.28, max: 1538216.77, dev: 1481506.90)
         Temperature: 62.69°C (min: 56.00, max: 63.00)
         Throttling HW: false, Thermal SW: false, Thermal HW: false
GPU #5: 1464032 Gflops/s (min: 1335906.63, max: 1521724.09, dev: 1464031.85)
         Temperature: 60.67°C (min: 54.00, max: 61.00)
         Throttling HW: false, Thermal SW: false, Thermal HW: false
GPU #6: 1455961 Gflops/s (min: 1324911.51, max: 1511828.49, dev: 1455961.21)
         Temperature: 70.23°C (min: 61.00, max: 71.00)
         Throttling HW: false, Thermal SW: false, Thermal HW: false
GPU #7: 1458202 Gflops/s (min: 1328210.05, max: 1515127.02, dev: 1458201.79)
         Temperature: 73.69°C (min: 64.00, max: 75.00)
         Throttling HW: false, Thermal SW: false, Thermal HW: false
All GPUs seem healthy
Freeing GPUs...
======== Run with fp8  ==========
Detected GPU #0: "NVIDIA B200" (3293048f-de58-fc98-60dd-fa6388c43f33)
Detected GPU #1: "NVIDIA B200" (670867ac-9202-7617-a349-39e7b97fd77e)
Detected GPU #2: "NVIDIA B200" (89c28d40-fcfe-c9bf-40de-d1a13cd2b472)
Detected GPU #3: "NVIDIA B200" (a78e7cc0-7dee-23db-be8f-4f3f01bac272)
Detected GPU #4: "NVIDIA B200" (1aeb6e59-23e0-7e95-d08d-48e28e25a04c)
Detected GPU #5: "NVIDIA B200" (2f6f80a6-26fd-ec2c-96a1-99f814bcb491)
Detected GPU #6: "NVIDIA B200" (4f3eee2e-7015-e219-988d-419d345c414a)
Detected GPU #7: "NVIDIA B200" (f4a59ed2-a6bc-7307-2960-deb0f84ee2b2)
Using precision(s):   FP8
Creating random matrices
Matrices created
GPU #0: Using 163805 MB
GPU #1: Using 163805 MB
GPU #2: Using 163805 MB
GPU #3: Using 163805 MB
GPU #4: Using 163805 MB
GPU #5: Using 163805 MB
GPU #6: Using 163805 MB
GPU #7: Using 163805 MB
2608 (2867526 Gflops/s) - 2692 (2959885 Gflops/s) - 2157 (2371646 Gflops/s) - 2689 (2956586 Gflops/s) - 2680 (2946691 Gflops/s) - 2685 (2952188 Gflops/s) - 2339 (2571757 Gflops/s) - 2633 (2895014 Gflops/s) | Temperatures: 52°C - 53°C - 63°C - 62°C - 55°C - 52°C - 62°C - 65°C | Throttling: None - None - None - None - None - None - None - None
3619 (3979132 Gflops/s) - 3632 (3993426 Gflops/s) - 3572 (3927455 Gflops/s) - 3605 (3963739 Gflops/s) - 3622 (3982431 Gflops/s) - 3579 (3935152 Gflops/s) - 3581 (3937351 Gflops/s) - 3576 (3931853 Gflops/s) | Temperatures: 54°C - 55°C - 65°C - 63°C - 56°C - 54°C - 64°C - 67°C | Throttling: None - None - None - None - None - None - None - None
3565 (3919758 Gflops/s) - 3586 (3942848 Gflops/s) - 3517 (3866982 Gflops/s) - 3556 (3909863 Gflops/s) - 3578 (3934052 Gflops/s) - 3538 (3890072 Gflops/s) - 3534 (3885674 Gflops/s) - 3529 (3880176 Gflops/s) | Temperatures: 54°C - 56°C - 66°C - 64°C - 57°C - 55°C - 65°C - 68°C | Throttling: None - None - None - None - None - None - None - None
3581 (3937351 Gflops/s) - 3598 (3956042 Gflops/s) - 3535 (3886773 Gflops/s) - 3570 (3925256 Gflops/s) - 3589 (3946147 Gflops/s) - 3562 (3916460 Gflops/s) - 3548 (3901067 Gflops/s) - 3539 (3891171 Gflops/s) | Temperatures: 55°C - 56°C - 66°C - 64°C - 58°C - 56°C - 65°C - 68°C | Throttling: None - None - None - None - None - None - None - None
3591 (3948346 Gflops/s) - 3609 (3968137 Gflops/s) - 3544 (3896669 Gflops/s) - 3583 (3939550 Gflops/s) - 3590 (3947246 Gflops/s) - 3560 (3914261 Gflops/s) - 3556 (3909863 Gflops/s) - 3549 (3902166 Gflops/s) | Temperatures: 55°C - 56°C - 66°C - 64°C - 58°C - 56°C - 65°C - 68°C | Throttling: None - None - None - None - None - None - None - None
3577 (3932953 Gflops/s) - 3594 (3951644 Gflops/s) - 3530 (3881276 Gflops/s) - 3567 (3921957 Gflops/s) - 3571 (3926356 Gflops/s) - 3551 (3904365 Gflops/s) - 3541 (3893370 Gflops/s) - 3537 (3888972 Gflops/s) | Temperatures: 56°C - 57°C - 66°C - 65°C - 58°C - 56°C - 65°C - 69°C | Throttling: None - None - None - None - None - None - None - None
3585 (3941749 Gflops/s) - 3601 (3959341 Gflops/s) - 3536 (3887873 Gflops/s) - 3574 (3929654 Gflops/s) - 3580 (3936251 Gflops/s) - 3557 (3910962 Gflops/s) - 3548 (3901067 Gflops/s) - 3543 (3895569 Gflops/s) | Temperatures: 56°C - 57°C - 67°C - 65°C - 59°C - 57°C - 66°C - 69°C | Throttling: None - None - None - None - None - None - None - None
3589 (3946147 Gflops/s) - 3603 (3961540 Gflops/s) - 3539 (3891171 Gflops/s) - 3577 (3932953 Gflops/s) - 3582 (3938450 Gflops/s) - 3563 (3917559 Gflops/s) - 3553 (3906564 Gflops/s) - 3540 (3892271 Gflops/s) | Temperatures: 56°C - 57°C - 67°C - 65°C - 59°C - 57°C - 66°C - 69°C | Throttling: None - None - None - None - None - None - None - None
3577 (3932953 Gflops/s) - 3597 (3954943 Gflops/s) - 3535 (3886773 Gflops/s) - 3569 (3924156 Gflops/s) - 3580 (3936251 Gflops/s) - 3556 (3909863 Gflops/s) - 3544 (3896669 Gflops/s) - 3535 (3886773 Gflops/s) | Temperatures: 56°C - 58°C - 67°C - 65°C - 59°C - 57°C - 66°C - 69°C | Throttling: None - None - None - None - None - None - None - None
3602 (3960440 Gflops/s) - 3618 (3978033 Gflops/s) - 3556 (3909863 Gflops/s) - 3595 (3952744 Gflops/s) - 3606 (3964838 Gflops/s) - 3583 (3939550 Gflops/s) - 3569 (3924156 Gflops/s) - 3555 (3908763 Gflops/s) | Temperatures: 57°C - 58°C - 67°C - 65°C - 60°C - 57°C - 66°C - 69°C | Throttling: None - None - None - None - None - None - None - None
3555 (3908763 Gflops/s) - 3572 (3927455 Gflops/s) - 3510 (3859285 Gflops/s) - 3545 (3897768 Gflops/s) - 3549 (3902166 Gflops/s) - 3532 (3883475 Gflops/s) - 3522 (3872479 Gflops/s) - 3505 (3853788 Gflops/s) | Temperatures: 57°C - 58°C - 67°C - 65°C - 60°C - 58°C - 66°C - 69°C | Throttling: None - None - None - None - None - None - None - None
3577 (3932953 Gflops/s) - 3593 (3950545 Gflops/s) - 3530 (3881276 Gflops/s) - 3566 (3920858 Gflops/s) - 3578 (3934052 Gflops/s) - 3546 (3898868 Gflops/s) - 3544 (3896669 Gflops/s) - 3527 (3877977 Gflops/s) | Temperatures: 57°C - 58°C - 68°C - 66°C - 60°C - 58°C - 67°C - 69°C | Throttling: None - None - None - None - None - None - None - None
3583 (3939550 Gflops/s) - 3602 (3960440 Gflops/s) - 3538 (3890072 Gflops/s) - 3574 (3929654 Gflops/s) - 3586 (3942848 Gflops/s) - 3545 (3897768 Gflops/s) - 3552 (3905465 Gflops/s) - 3540 (3892271 Gflops/s) | Temperatures: 57°C - 58°C - 68°C - 66°C - 60°C - 58°C - 67°C - 70°C | Throttling: None - None - None - None - None - None - None - None
3574 (3929654 Gflops/s) - 3591 (3948346 Gflops/s) - 3526 (3876877 Gflops/s) - 3565 (3919758 Gflops/s) - 3564 (3918659 Gflops/s) - 3533 (3884574 Gflops/s) - 3543 (3895569 Gflops/s) - 3528 (3879077 Gflops/s) | Temperatures: 57°C - 59°C - 68°C - 66°C - 60°C - 58°C - 67°C - 70°C | Throttling: None - None - None - None - None - None - None - None
3572 (3927455 Gflops/s) - 3590 (3947246 Gflops/s) - 3526 (3876877 Gflops/s) - 3566 (3920858 Gflops/s) - 3569 (3924156 Gflops/s) - 3557 (3910962 Gflops/s) - 3544 (3896669 Gflops/s) - 3528 (3879077 Gflops/s) | Temperatures: 57°C - 59°C - 68°C - 66°C - 60°C - 58°C - 67°C - 70°C | Throttling: None - None - None - None - None - None - None - None
3579 (3935152 Gflops/s) - 3599 (3957142 Gflops/s) - 3533 (3884574 Gflops/s) - 3573 (3928555 Gflops/s) - 3580 (3936251 Gflops/s) - 3569 (3924156 Gflops/s) - 3549 (3902166 Gflops/s) - 3531 (3882375 Gflops/s) | Temperatures: 58°C - 59°C - 68°C - 66°C - 61°C - 59°C - 67°C - 70°C | Throttling: None - None - None - None - None - None - None - None
3572 (3927455 Gflops/s) - 3589 (3946147 Gflops/s) - 3526 (3876877 Gflops/s) - 3565 (3919758 Gflops/s) - 3569 (3924156 Gflops/s) - 3546 (3898868 Gflops/s) - 3543 (3895569 Gflops/s) - 3524 (3874678 Gflops/s) | Temperatures: 58°C - 59°C - 68°C - 66°C - 61°C - 59°C - 67°C - 70°C | Throttling: None - None - None - None - None - None - None - None
3595 (3952744 Gflops/s) - 3615 (3974734 Gflops/s) - 3549 (3902166 Gflops/s) - 3591 (3948346 Gflops/s) - 3595 (3952744 Gflops/s) - 3543 (3895569 Gflops/s) - 3569 (3924156 Gflops/s) - 3549 (3902166 Gflops/s) | Temperatures: 58°C - 59°C - 68°C - 66°C - 61°C - 59°C - 67°C - 70°C | Throttling: None - None - None - None - None - None - None - None
3688 (4054998 Gflops/s) - 3710 (4079188 Gflops/s) - 3644 (4006620 Gflops/s) - 3684 (4050600 Gflops/s) - 3695 (4062695 Gflops/s) - 3622 (3982431 Gflops/s) - 3658 (4022013 Gflops/s) - 3639 (4001122 Gflops/s) | Temperatures: 58°C - 59°C - 68°C - 67°C - 61°C - 59°C - 68°C - 71°C | Throttling: None - None - None - None - None - None - None - None
3694 (4061595 Gflops/s) - 3712 (4081387 Gflops/s) - 3645 (4007719 Gflops/s) - 3687 (4053899 Gflops/s) - 3695 (4062695 Gflops/s) - 3678 (4044003 Gflops/s) - 3662 (4026411 Gflops/s) - 3644 (4006620 Gflops/s) | Temperatures: 58°C - 59°C - 69°C - 67°C - 61°C - 59°C - 68°C - 71°C | Throttling: None - None - None - None - None - None - None - None
3692 (4059396 Gflops/s) - 3712 (4081387 Gflops/s) - 3644 (4006620 Gflops/s) - 3687 (4053899 Gflops/s) - 3694 (4061595 Gflops/s) - 3639 (4001122 Gflops/s) - 3662 (4026411 Gflops/s) - 3641 (4003321 Gflops/s) | Temperatures: 58°C - 59°C - 69°C - 67°C - 61°C - 59°C - 68°C - 71°C | Throttling: None - None - None - None - None - None - None - None
3689 (4056098 Gflops/s) - 3713 (4082486 Gflops/s) - 3647 (4009918 Gflops/s) - 3687 (4053899 Gflops/s) - 3696 (4063794 Gflops/s) - 3684 (4050600 Gflops/s) - 3661 (4025312 Gflops/s) - 3640 (4002222 Gflops/s) | Temperatures: 58°C - 59°C - 69°C - 67°C - 61°C - 59°C - 68°C - 71°C | Throttling: None - None - None - None - None - None - None - None
3687 (4053899 Gflops/s) - 3712 (4081387 Gflops/s) - 3644 (4006620 Gflops/s) - 3688 (4054998 Gflops/s) - 3683 (4049501 Gflops/s) - 3683 (4049501 Gflops/s) - 3659 (4023113 Gflops/s) - 3640 (4002222 Gflops/s) | Temperatures: 58°C - 60°C - 69°C - 67°C - 62°C - 59°C - 68°C - 71°C | Throttling: None - None - None - None - None - None - None - None
3689 (4056098 Gflops/s) - 3711 (4080287 Gflops/s) - 3642 (4004421 Gflops/s) - 3688 (4054998 Gflops/s) - 3685 (4051700 Gflops/s) - 3682 (4048401 Gflops/s) - 3662 (4026411 Gflops/s) - 3638 (4000023 Gflops/s) | Temperatures: 58°C - 60°C - 69°C - 67°C - 62°C - 59°C - 68°C - 71°C | Throttling: None - None - None - None - None - None - None - None
3688 (4054998 Gflops/s) - 3712 (4081387 Gflops/s) - 3641 (4003321 Gflops/s) - 3687 (4053899 Gflops/s) - 3690 (4057197 Gflops/s) - 3636 (3997824 Gflops/s) - 3658 (4022013 Gflops/s) - 3637 (3998923 Gflops/s) | Temperatures: 58°C - 60°C - 69°C - 67°C - 62°C - 59°C - 68°C - 71°C | Throttling: None - None - None - None - None - None - None - None
3687 (4053899 Gflops/s) - 3710 (4079188 Gflops/s) - 3643 (4005520 Gflops/s) - 3686 (4052799 Gflops/s) - 3682 (4048401 Gflops/s) - 3642 (4004421 Gflops/s) - 3658 (4022013 Gflops/s) - 3638 (4000023 Gflops/s) | Temperatures: 59°C - 60°C - 69°C - 67°C - 62°C - 59°C - 68°C - 71°C | Throttling: None - None - None - None - None - None - None - None
3683 (4049501 Gflops/s) - 3709 (4078088 Gflops/s) - 3639 (4001122 Gflops/s) - 3684 (4050600 Gflops/s) - 3683 (4049501 Gflops/s) - 3637 (3998923 Gflops/s) - 3653 (4016515 Gflops/s) - 3634 (3995625 Gflops/s) | Temperatures: 59°C - 60°C - 69°C - 67°C - 62°C - 60°C - 68°C - 71°C | Throttling: None - None - None - None - None - None - None - None
3684 (4050600 Gflops/s) - 3712 (4081387 Gflops/s) - 3643 (4005520 Gflops/s) - 3687 (4053899 Gflops/s) - 3691 (4058297 Gflops/s) - 3599 (3957142 Gflops/s) - 3657 (4020914 Gflops/s) - 3637 (3998923 Gflops/s) | Temperatures: 59°C - 60°C - 69°C - 67°C - 62°C - 59°C - 68°C - 71°C | Throttling: None - None - None - None - None - None - None - None
3686 (4052799 Gflops/s) - 3710 (4079188 Gflops/s) - 3640 (4002222 Gflops/s) - 3686 (4052799 Gflops/s) - 3683 (4049501 Gflops/s) - 3620 (3980232 Gflops/s) - 3657 (4020914 Gflops/s) - 3636 (3997824 Gflops/s) | Temperatures: 59°C - 60°C - 69°C - 68°C - 62°C - 60°C - 69°C - 71°C | Throttling: None - None - None - None - None - None - None - None
3686 (4052799 Gflops/s) - 3711 (4080287 Gflops/s) - 3640 (4002222 Gflops/s) - 3686 (4052799 Gflops/s) - 3685 (4051700 Gflops/s) - 3610 (3969236 Gflops/s) - 3655 (4018714 Gflops/s) - 3635 (3996724 Gflops/s) | Temperatures: 59°C - 60°C - 70°C - 68°C - 62°C - 59°C - 69°C - 72°C | Throttling: None - None - None - None - None - None - None - None
3685 (4051700 Gflops/s) - 3710 (4079188 Gflops/s) - 3641 (4003321 Gflops/s) - 3687 (4053899 Gflops/s) - 3682 (4048401 Gflops/s) - 3632 (3993426 Gflops/s) - 3655 (4018714 Gflops/s) - 3635 (3996724 Gflops/s) | Temperatures: 59°C - 60°C - 70°C - 68°C - 62°C - 60°C - 69°C - 72°C | Throttling: None - None - None - None - None - None - None - None
3685 (4051700 Gflops/s) - 3713 (4082486 Gflops/s) - 3636 (3997824 Gflops/s) - 3682 (4048401 Gflops/s) - 3689 (4056098 Gflops/s) - 3608 (3967037 Gflops/s) - 3654 (4017615 Gflops/s) - 3637 (3998923 Gflops/s) | Temperatures: 59°C - 60°C - 70°C - 68°C - 62°C - 60°C - 69°C - 72°C | Throttling: None - None - None - None - None - None - None - None
3682 (4048401 Gflops/s) - 3712 (4081387 Gflops/s) - 3635 (3996724 Gflops/s) - 3686 (4052799 Gflops/s) - 3680 (4046202 Gflops/s) - 3604 (3962639 Gflops/s) - 3655 (4018714 Gflops/s) - 3634 (3995625 Gflops/s) | Temperatures: 59°C - 60°C - 70°C - 68°C - 62°C - 60°C - 69°C - 72°C | Throttling: None - None - None - None - None - None - None - None
3759 (4133064 Gflops/s) - 3789 (4166049 Gflops/s) - 3711 (4080287 Gflops/s) - 3761 (4135263 Gflops/s) - 3757 (4130865 Gflops/s) - 3701 (4069292 Gflops/s) - 3729 (4100078 Gflops/s) - 3711 (4080287 Gflops/s) | Temperatures: 59°C - 60°C - 70°C - 68°C - 62°C - 60°C - 69°C - 72°C | Throttling: None - None - None - None - None - None - None - None
3782 (4158352 Gflops/s) - 3810 (4189139 Gflops/s) - 3731 (4102277 Gflops/s) - 3785 (4161651 Gflops/s) - 3777 (4152855 Gflops/s) - 3729 (4100078 Gflops/s) - 3752 (4125367 Gflops/s) - 3733 (4104476 Gflops/s) | Temperatures: 59°C - 60°C - 70°C - 68°C - 62°C - 60°C - 69°C - 72°C | Throttling: None - None - None - None - None - None - None - None
3780 (4156153 Gflops/s) - 3812 (4191338 Gflops/s) - 3732 (4103377 Gflops/s) - 3781 (4157253 Gflops/s) - 3789 (4166049 Gflops/s) - 3716 (4085785 Gflops/s) - 3749 (4122069 Gflops/s) - 3732 (4103377 Gflops/s) | Temperatures: 59°C - 60°C - 70°C - 68°C - 62°C - 60°C - 69°C - 72°C | Throttling: None - None - None - None - None - None - None - None
3775 (4150656 Gflops/s) - 3807 (4185840 Gflops/s) - 3725 (4095680 Gflops/s) - 3780 (4156153 Gflops/s) - 3774 (4149556 Gflops/s) - 3721 (4091282 Gflops/s) - 3747 (4119870 Gflops/s) - 3727 (4097879 Gflops/s) | Temperatures: 59°C - 60°C - 70°C - 68°C - 62°C - 60°C - 69°C - 72°C | Throttling: None - None - None - None - None - None - None - None
3780 (4156153 Gflops/s) - 3809 (4188039 Gflops/s) - 3733 (4104476 Gflops/s) - 3783 (4159452 Gflops/s) - 3777 (4152855 Gflops/s) - 3684 (4050600 Gflops/s) - 3750 (4123168 Gflops/s) - 3731 (4102277 Gflops/s) | Temperatures: 59°C - 61°C - 70°C - 68°C - 62°C - 60°C - 69°C - 72°C | Throttling: None - None - None - None - None - None - None - None
3776 (4151755 Gflops/s) - 3805 (4183641 Gflops/s) - 3733 (4104476 Gflops/s) - 3781 (4157253 Gflops/s) - 3780 (4156153 Gflops/s) - 3699 (4067093 Gflops/s) - 3751 (4124268 Gflops/s) - 3732 (4103377 Gflops/s) | Temperatures: 59°C - 61°C - 70°C - 68°C - 62°C - 60°C - 69°C - 72°C | Throttling: None - None - None - None - None - None - None - None
3777 (4152855 Gflops/s) - 3808 (4186940 Gflops/s) - 3731 (4102277 Gflops/s) - 3782 (4158352 Gflops/s) - 3770 (4145158 Gflops/s) - 3693 (4060496 Gflops/s) - 3749 (4122069 Gflops/s) - 3731 (4102277 Gflops/s) | Temperatures: 59°C - 61°C - 70°C - 68°C - 62°C - 60°C - 69°C - 72°C | Throttling: None - None - None - None - None - None - None - None
3778 (4153954 Gflops/s) - 3811 (4190238 Gflops/s) - 3729 (4100078 Gflops/s) - 3779 (4155054 Gflops/s) - 3772 (4147357 Gflops/s) - 3687 (4053899 Gflops/s) - 3750 (4123168 Gflops/s) - 3731 (4102277 Gflops/s) | Temperatures: 59°C - 61°C - 70°C - 68°C - 62°C - 60°C - 69°C - 72°C | Throttling: None - None - None - None - None - None - None - None
3774 (4149556 Gflops/s) - 3807 (4185840 Gflops/s) - 3727 (4097879 Gflops/s) - 3775 (4150656 Gflops/s) - 3761 (4135263 Gflops/s) - 3675 (4040705 Gflops/s) - 3746 (4118770 Gflops/s) - 3727 (4097879 Gflops/s) | Temperatures: 59°C - 61°C - 70°C - 69°C - 62°C - 60°C - 69°C - 72°C | Throttling: None - None - None - None - None - None - None - None
3780 (4156153 Gflops/s) - 3809 (4188039 Gflops/s) - 3730 (4101178 Gflops/s) - 3781 (4157253 Gflops/s) - 3774 (4149556 Gflops/s) - 3708 (4076989 Gflops/s) - 3750 (4123168 Gflops/s) - 3730 (4101178 Gflops/s) | Temperatures: 59°C - 61°C - 70°C - 69°C - 62°C - 60°C - 69°C - 72°C | Throttling: None - None - None - None - None - None - None - None
3777 (4152855 Gflops/s) - 3808 (4186940 Gflops/s) - 3729 (4100078 Gflops/s) - 3781 (4157253 Gflops/s) - 3770 (4145158 Gflops/s) - 3695 (4062695 Gflops/s) - 3748 (4120969 Gflops/s) - 3730 (4101178 Gflops/s) | Temperatures: 59°C - 61°C - 71°C - 69°C - 62°C - 60°C - 70°C - 72°C | Throttling: None - None - None - None - None - None - None - None
3773 (4148457 Gflops/s) - 3806 (4184741 Gflops/s) - 3721 (4091282 Gflops/s) - 3778 (4153954 Gflops/s) - 3764 (4138561 Gflops/s) - 3686 (4052799 Gflops/s) - 3744 (4116571 Gflops/s) - 3727 (4097879 Gflops/s) | Temperatures: 59°C - 61°C - 71°C - 69°C - 62°C - 60°C - 70°C - 73°C | Throttling: None - None - None - None - None - None - None - None
3775 (4150656 Gflops/s) - 3809 (4188039 Gflops/s) - 3727 (4097879 Gflops/s) - 3780 (4156153 Gflops/s) - 3772 (4147357 Gflops/s) - 3714 (4083586 Gflops/s) - 3748 (4120969 Gflops/s) - 3731 (4102277 Gflops/s) | Temperatures: 59°C - 61°C - 71°C - 69°C - 62°C - 60°C - 70°C - 73°C | Throttling: None - None - None - None - None - None - None - None
3774 (4149556 Gflops/s) - 3809 (4188039 Gflops/s) - 3729 (4100078 Gflops/s) - 3775 (4150656 Gflops/s) - 3765 (4139661 Gflops/s) - 3691 (4058297 Gflops/s) - 3749 (4122069 Gflops/s) - 3730 (4101178 Gflops/s) | Temperatures: 59°C - 61°C - 71°C - 69°C - 62°C - 60°C - 70°C - 73°C | Throttling: None - None - None - None - None - None - None - None
3777 (4152855 Gflops/s) - 3808 (4186940 Gflops/s) - 3725 (4095680 Gflops/s) - 3776 (4151755 Gflops/s) - 3772 (4147357 Gflops/s) - 3695 (4062695 Gflops/s) - 3748 (4120969 Gflops/s) - 3729 (4100078 Gflops/s) | Temperatures: 59°C - 61°C - 71°C - 69°C - 62°C - 60°C - 70°C - 73°C | Throttling: None - None - None - None - None - None - None - None
3773 (4148457 Gflops/s) - 3806 (4184741 Gflops/s) - 3726 (4096780 Gflops/s) - 3775 (4150656 Gflops/s) - 3767 (4141860 Gflops/s) - 3675 (4040705 Gflops/s) - 3745 (4117671 Gflops/s) - 3726 (4096780 Gflops/s) | Temperatures: 60°C - 61°C - 71°C - 69°C - 62°C - 60°C - 70°C - 73°C | Throttling: None - None - None - None - None - None - None - None
3778 (4153954 Gflops/s) - 3808 (4186940 Gflops/s) - 3727 (4097879 Gflops/s) - 3778 (4153954 Gflops/s) - 3763 (4137462 Gflops/s) - 3727 (4097879 Gflops/s) - 3746 (4118770 Gflops/s) - 3728 (4098979 Gflops/s) | Temperatures: 60°C - 61°C - 71°C - 69°C - 62°C - 60°C - 70°C - 73°C | Throttling: None - None - None - None - None - None - None - None
3776 (4151755 Gflops/s) - 3809 (4188039 Gflops/s) - 3726 (4096780 Gflops/s) - 3767 (4141860 Gflops/s) - 3770 (4145158 Gflops/s) - 3684 (4050600 Gflops/s) - 3746 (4118770 Gflops/s) - 3729 (4100078 Gflops/s) | Temperatures: 60°C - 61°C - 71°C - 69°C - 62°C - 60°C - 70°C - 73°C | Throttling: None - None - None - None - None - None - None - None
3774 (4149556 Gflops/s) - 3807 (4185840 Gflops/s) - 3725 (4095680 Gflops/s) - 3779 (4155054 Gflops/s) - 3767 (4141860 Gflops/s) - 3702 (4070392 Gflops/s) - 3746 (4118770 Gflops/s) - 3727 (4097879 Gflops/s) | Temperatures: 60°C - 61°C - 71°C - 69°C - 62°C - 60°C - 70°C - 73°C | Throttling: None - None - None - None - None - None - None - None
3771 (4146258 Gflops/s) - 3804 (4182542 Gflops/s) - 3723 (4093481 Gflops/s) - 3769 (4144059 Gflops/s) - 3768 (4142959 Gflops/s) - 3682 (4048401 Gflops/s) - 3742 (4114372 Gflops/s) - 3726 (4096780 Gflops/s) | Temperatures: 60°C - 61°C - 71°C - 69°C - 62°C - 60°C - 70°C - 73°C | Throttling: None - None - None - None - None - None - None - None
3776 (4151755 Gflops/s) - 3808 (4186940 Gflops/s) - 3725 (4095680 Gflops/s) - 3780 (4156153 Gflops/s) - 3769 (4144059 Gflops/s) - 3716 (4085785 Gflops/s) - 3745 (4117671 Gflops/s) - 3727 (4097879 Gflops/s) | Temperatures: 60°C - 61°C - 71°C - 69°C - 62°C - 60°C - 70°C - 73°C | Throttling: None - None - None - None - None - None - None - None
3774 (4149556 Gflops/s) - 3806 (4184741 Gflops/s) - 3725 (4095680 Gflops/s) - 3778 (4153954 Gflops/s) - 3762 (4136362 Gflops/s) - 3684 (4050600 Gflops/s) - 3745 (4117671 Gflops/s) - 3730 (4101178 Gflops/s) | Temperatures: 60°C - 61°C - 71°C - 69°C - 62°C - 60°C - 70°C - 73°C | Throttling: None - None - None - None - None - None - None - None
3770 (4145158 Gflops/s) - 3802 (4180343 Gflops/s) - 3723 (4093481 Gflops/s) - 3776 (4151755 Gflops/s) - 3764 (4138561 Gflops/s) - 3680 (4046202 Gflops/s) - 3740 (4112173 Gflops/s) - 3725 (4095680 Gflops/s) | Temperatures: 60°C - 61°C - 71°C - 69°C - 63°C - 60°C - 70°C - 73°C | Throttling: None - None - None - None - None - None - None - None
3772 (4147357 Gflops/s) - 3804 (4182542 Gflops/s) - 3725 (4095680 Gflops/s) - 3780 (4156153 Gflops/s) - 3785 (4161651 Gflops/s) - 3679 (4045103 Gflops/s) - 3744 (4116571 Gflops/s) - 3727 (4097879 Gflops/s) | Temperatures: 60°C - 61°C - 71°C - 69°C - 63°C - 60°C - 70°C - 73°C | Throttling: None - None - None - None - None - None - None - None
3773 (4148457 Gflops/s) - 3808 (4186940 Gflops/s) - 3727 (4097879 Gflops/s) - 3779 (4155054 Gflops/s) - 3773 (4148457 Gflops/s) - 3685 (4051700 Gflops/s) - 3746 (4118770 Gflops/s) - 3729 (4100078 Gflops/s) | Temperatures: 60°C - 61°C - 71°C - 69°C - 63°C - 60°C - 70°C - 73°C | Throttling: None - None - None - None - None - None - None - None
3769 (4144059 Gflops/s) - 3806 (4184741 Gflops/s) - 3721 (4091282 Gflops/s) - 3764 (4138561 Gflops/s) - 3763 (4137462 Gflops/s) - 3704 (4072591 Gflops/s) - 3739 (4111073 Gflops/s) - 3722 (4092382 Gflops/s) | Temperatures: 60°C - 61°C - 71°C - 69°C - 63°C - 60°C - 70°C - 73°C | Throttling: None - None - None - None - None - None - None - None
3771 (4146258 Gflops/s) - 3810 (4189139 Gflops/s) - 3727 (4097879 Gflops/s) - 3769 (4144059 Gflops/s) - 3769 (4144059 Gflops/s) - 3717 (4086884 Gflops/s) - 3743 (4115472 Gflops/s) - 3725 (4095680 Gflops/s) | Temperatures: 60°C - 61°C - 71°C - 69°C - 63°C - 60°C - 70°C - 73°C | Throttling: None - None - None - None - None - None - None - None
3696 (4063794 Gflops/s) - 3729 (4100078 Gflops/s) - 3649 (4012117 Gflops/s) - 3702 (4070392 Gflops/s) - 3688 (4054998 Gflops/s) - 3616 (3975834 Gflops/s) - 3666 (4030809 Gflops/s) - 3651 (4014316 Gflops/s) | Temperatures: 60°C - 61°C - 71°C - 69°C - 63°C - 60°C - 70°C - 73°C | Throttling: None - None - None - None - None - None - None - None
3379 (3715249 Gflops/s) - 3409 (3748235 Gflops/s) - 3337 (3669070 Gflops/s) - 3385 (3721846 Gflops/s) - 3372 (3707553 Gflops/s) - 3305 (3633885 Gflops/s) - 3354 (3687761 Gflops/s) - 3339 (3671269 Gflops/s) | Temperatures: 60°C - 61°C - 71°C - 69°C - 63°C - 60°C - 70°C - 73°C | Throttling: None - None - None - None - None - None - None - None
3426 (3766926 Gflops/s) - 3455 (3798812 Gflops/s) - 3383 (3719647 Gflops/s) - 3427 (3768026 Gflops/s) - 3425 (3765827 Gflops/s) - 3373 (3708652 Gflops/s) - 3399 (3737240 Gflops/s) - 3384 (3720747 Gflops/s) | Temperatures: 60°C - 61°C - 71°C - 69°C - 63°C - 60°C - 70°C - 73°C | Throttling: None - None - None - None - None - None - None - None
3361 (3695458 Gflops/s) - 3390 (3727344 Gflops/s) - 3318 (3648179 Gflops/s) - 3354 (3687761 Gflops/s) - 3358 (3692160 Gflops/s) - 3294 (3621791 Gflops/s) - 3334 (3665771 Gflops/s) - 3319 (3649279 Gflops/s) | Temperatures: 60°C - 61°C - 71°C - 69°C - 63°C - 60°C - 70°C - 73°C | Throttling: None - None - None - None - None - None - None - None
3381 (3717448 Gflops/s) - 3415 (3754832 Gflops/s) - 3343 (3675667 Gflops/s) - 3389 (3726244 Gflops/s) - 3378 (3714150 Gflops/s) - 3318 (3648179 Gflops/s) - 3357 (3691060 Gflops/s) - 3343 (3675667 Gflops/s) | Temperatures: 60°C - 61°C - 71°C - 69°C - 63°C - 60°C - 70°C - 73°C | Throttling: None - None - None - None - None - None - None - None
3480 (3826300 Gflops/s) - 3514 (3863683 Gflops/s) - 3439 (3781220 Gflops/s) - 3465 (3809807 Gflops/s) - 3473 (3818603 Gflops/s) - 3398 (3736140 Gflops/s) - 3455 (3798812 Gflops/s) - 3437 (3779021 Gflops/s) | Temperatures: 60°C - 61°C - 71°C - 69°C - 63°C - 60°C - 70°C - 73°C | Throttling: None - None - None - None - None - None - None - None
3306 (3634985 Gflops/s) - 3335 (3666871 Gflops/s) - 3266 (3591004 Gflops/s) - 3310 (3639383 Gflops/s) - 3297 (3625089 Gflops/s) - 3222 (3542626 Gflops/s) - 3278 (3604199 Gflops/s) - 3263 (3587706 Gflops/s) | Temperatures: 60°C - 61°C - 71°C - 70°C - 63°C - 60°C - 70°C - 73°C | Throttling: None - None - None - None - None - None - None - None
3420 (3760329 Gflops/s) - 3448 (3791116 Gflops/s) - 3377 (3713050 Gflops/s) - 3411 (3750434 Gflops/s) - 3414 (3753732 Gflops/s) - 3335 (3666871 Gflops/s) - 3392 (3729543 Gflops/s) - 3379 (3715249 Gflops/s) | Temperatures: 60°C - 61°C - 71°C - 70°C - 63°C - 60°C - 70°C - 74°C | Throttling: None - None - None - None - None - None - None - None
3366 (3700956 Gflops/s) - 3399 (3737240 Gflops/s) - 3323 (3653677 Gflops/s) - 3364 (3698757 Gflops/s) - 3358 (3692160 Gflops/s) - 3289 (3616293 Gflops/s) - 3341 (3673468 Gflops/s) - 3326 (3656975 Gflops/s) | Temperatures: 60°C - 61°C - 71°C - 69°C - 63°C - 60°C - 70°C - 73°C | Throttling: None - None - None - None - None - None - None - None
3379 (3715249 Gflops/s) - 3410 (3749334 Gflops/s) - 3338 (3670169 Gflops/s) - 3383 (3719647 Gflops/s) - 3380 (3716349 Gflops/s) - 3297 (3625089 Gflops/s) - 3351 (3684463 Gflops/s) - 3337 (3669070 Gflops/s) | Temperatures: 60°C - 61°C - 71°C - 69°C - 63°C - 60°C - 70°C - 73°C | Throttling: None - None - None - None - None - None - None - None
3425 (3765827 Gflops/s) - 3457 (3801011 Gflops/s) - 3385 (3721846 Gflops/s) - 3431 (3772424 Gflops/s) - 3420 (3760329 Gflops/s) - 3351 (3684463 Gflops/s) - 3398 (3736140 Gflops/s) - 3382 (3718548 Gflops/s) | Temperatures: 60°C - 61°C - 72°C - 70°C - 63°C - 60°C - 70°C - 73°C | Throttling: None - None - None - None - None - None - None - None
3358 (3692160 Gflops/s) - 3388 (3725145 Gflops/s) - 3316 (3645980 Gflops/s) - 3365 (3699856 Gflops/s) - 3356 (3689961 Gflops/s) - 3296 (3623990 Gflops/s) - 3332 (3663572 Gflops/s) - 3316 (3645980 Gflops/s) | Temperatures: 60°C - 61°C - 72°C - 70°C - 63°C - 60°C - 70°C - 74°C | Throttling: None - None - None - None - None - None - None - None
3387 (3724045 Gflops/s) - 3422 (3762528 Gflops/s) - 3349 (3682264 Gflops/s) - 3376 (3711951 Gflops/s) - 3391 (3728443 Gflops/s) - 3308 (3637184 Gflops/s) - 3363 (3697657 Gflops/s) - 3349 (3682264 Gflops/s) | Temperatures: 60°C - 61°C - 72°C - 70°C - 63°C - 60°C - 70°C - 74°C | Throttling: None - None - None - None - None - None - None - None
3476 (3821902 Gflops/s) - 3506 (3854887 Gflops/s) - 3428 (3769125 Gflops/s) - 3469 (3814205 Gflops/s) - 3468 (3813106 Gflops/s) - 3408 (3747135 Gflops/s) - 3447 (3790016 Gflops/s) - 3429 (3770225 Gflops/s) | Temperatures: 60°C - 61°C - 72°C - 70°C - 63°C - 60°C - 70°C - 74°C | Throttling: None - None - None - None - None - None - None - None
3303 (3631686 Gflops/s) - 3334 (3665771 Gflops/s) - 3263 (3587706 Gflops/s) - 3301 (3629487 Gflops/s) - 3299 (3627288 Gflops/s) - 3222 (3542626 Gflops/s) - 3276 (3602000 Gflops/s) - 3260 (3584407 Gflops/s) | Temperatures: 60°C - 61°C - 72°C - 70°C - 63°C - 60°C - 70°C - 74°C | Throttling: None - None - None - None - None - None - None - None
3621 (3981331 Gflops/s) - 3651 (4014316 Gflops/s) - 3577 (3932953 Gflops/s) - 3608 (3967037 Gflops/s) - 3623 (3983530 Gflops/s) - 3533 (3884574 Gflops/s) - 3591 (3948346 Gflops/s) - 3576 (3931853 Gflops/s) | Temperatures: 60°C - 61°C - 72°C - 70°C - 63°C - 60°C - 70°C - 74°C | Throttling: None - None - None - None - None - None - None - None
3673 (4038506 Gflops/s) - 3709 (4078088 Gflops/s) - 3628 (3989028 Gflops/s) - 3655 (4018714 Gflops/s) - 3664 (4028610 Gflops/s) - 3585 (3941749 Gflops/s) - 3641 (4003321 Gflops/s) - 3626 (3986829 Gflops/s) | Temperatures: 60°C - 61°C - 72°C - 70°C - 63°C - 60°C - 70°C - 74°C | Throttling: None - None - None - None - None - None - None - None
3673 (4038506 Gflops/s) - 3707 (4075889 Gflops/s) - 3626 (3986829 Gflops/s) - 3677 (4042904 Gflops/s) - 3665 (4029710 Gflops/s) - 3582 (3938450 Gflops/s) - 3643 (4005520 Gflops/s) - 3625 (3985729 Gflops/s) | Temperatures: 60°C - 61°C - 72°C - 70°C - 63°C - 60°C - 70°C - 74°C | Throttling: None - None - None - None - None - None - None - None
3673 (4038506 Gflops/s) - 3705 (4073690 Gflops/s) - 3627 (3987928 Gflops/s) - 3678 (4044003 Gflops/s) - 3667 (4031909 Gflops/s) - 3597 (3954943 Gflops/s) - 3644 (4006620 Gflops/s) - 3625 (3985729 Gflops/s) | Temperatures: 60°C - 61°C - 72°C - 70°C - 63°C - 61°C - 71°C - 74°C | Throttling: None - None - None - None - None - None - None - None
3670 (4035207 Gflops/s) - 3708 (4076989 Gflops/s) - 3623 (3983530 Gflops/s) - 3674 (4039605 Gflops/s) - 3673 (4038506 Gflops/s) - 3608 (3967037 Gflops/s) - 3642 (4004421 Gflops/s) - 3624 (3984630 Gflops/s) | Temperatures: 60°C - 61°C - 72°C - 70°C - 63°C - 60°C - 71°C - 74°C | Throttling: None - None - None - None - None - None - None - None
3673 (4038506 Gflops/s) - 3706 (4074790 Gflops/s) - 3624 (3984630 Gflops/s) - 3670 (4035207 Gflops/s) - 3675 (4040705 Gflops/s) - 3583 (3939550 Gflops/s) - 3641 (4003321 Gflops/s) - 3625 (3985729 Gflops/s) | Temperatures: 60°C - 61°C - 72°C - 70°C - 63°C - 60°C - 71°C - 74°C | Throttling: None - None - None - None - None - None - None - None
3672 (4037406 Gflops/s) - 3704 (4072591 Gflops/s) - 3623 (3983530 Gflops/s) - 3674 (4039605 Gflops/s) - 3659 (4023113 Gflops/s) - 3594 (3951644 Gflops/s) - 3640 (4002222 Gflops/s) - 3621 (3981331 Gflops/s) | Temperatures: 60°C - 61°C - 72°C - 70°C - 63°C - 60°C - 71°C - 74°C | Throttling: None - None - None - None - None - None - None - None
3672 (4037406 Gflops/s) - 3703 (4071491 Gflops/s) - 3628 (3989028 Gflops/s) - 3677 (4042904 Gflops/s) - 3663 (4027511 Gflops/s) - 3590 (3947246 Gflops/s) - 3640 (4002222 Gflops/s) - 3625 (3985729 Gflops/s) | Temperatures: 60°C - 61°C - 72°C - 70°C - 63°C - 60°C - 71°C - 74°C | Throttling: None - None - None - None - None - None - None - None
3672 (4037406 Gflops/s) - 3708 (4076989 Gflops/s) - 3628 (3989028 Gflops/s) - 3667 (4031909 Gflops/s) - 3669 (4034108 Gflops/s) - 3600 (3958241 Gflops/s) - 3641 (4003321 Gflops/s) - 3626 (3986829 Gflops/s) | Temperatures: 60°C - 61°C - 72°C - 70°C - 63°C - 60°C - 71°C - 74°C | Throttling: None - None - None - None - None - None - None - None
3673 (4038506 Gflops/s) - 3703 (4071491 Gflops/s) - 3625 (3985729 Gflops/s) - 3677 (4042904 Gflops/s) - 3665 (4029710 Gflops/s) - 3590 (3947246 Gflops/s) - 3642 (4004421 Gflops/s) - 3626 (3986829 Gflops/s) | Temperatures: 60°C - 61°C - 72°C - 70°C - 63°C - 61°C - 71°C - 74°C | Throttling: None - None - None - None - None - None - None - None
3672 (4037406 Gflops/s) - 3705 (4073690 Gflops/s) - 3630 (3991227 Gflops/s) - 3676 (4041804 Gflops/s) - 3665 (4029710 Gflops/s) - 3594 (3951644 Gflops/s) - 3643 (4005520 Gflops/s) - 3626 (3986829 Gflops/s) | Temperatures: 60°C - 61°C - 72°C - 70°C - 63°C - 61°C - 71°C - 74°C | Throttling: None - None - None - None - None - None - None - None
3672 (4037406 Gflops/s) - 3705 (4073690 Gflops/s) - 3629 (3990127 Gflops/s) - 3667 (4031909 Gflops/s) - 3671 (4036307 Gflops/s) - 3624 (3984630 Gflops/s) - 3640 (4002222 Gflops/s) - 3625 (3985729 Gflops/s) | Temperatures: 60°C - 61°C - 72°C - 70°C - 63°C - 61°C - 71°C - 74°C | Throttling: None - None - None - None - None - None - None - None
3670 (4035207 Gflops/s) - 3706 (4074790 Gflops/s) - 3640 (4002222 Gflops/s) - 3656 (4019814 Gflops/s) - 3671 (4036307 Gflops/s) - 3585 (3941749 Gflops/s) - 3643 (4005520 Gflops/s) - 3625 (3985729 Gflops/s) | Temperatures: 60°C - 61°C - 72°C - 70°C - 63°C - 61°C - 71°C - 74°C | Throttling: None - None - None - None - None - None - None - None
3672 (4037406 Gflops/s) - 3707 (4075889 Gflops/s) - 3638 (4000023 Gflops/s) - 3676 (4041804 Gflops/s) - 3665 (4029710 Gflops/s) - 3591 (3948346 Gflops/s) - 3638 (4000023 Gflops/s) - 3623 (3983530 Gflops/s) | Temperatures: 60°C - 61°C - 72°C - 70°C - 63°C - 61°C - 71°C - 74°C | Throttling: None - None - None - None - None - None - None - None
3669 (4034108 Gflops/s) - 3703 (4071491 Gflops/s) - 3636 (3997824 Gflops/s) - 3673 (4038506 Gflops/s) - 3663 (4027511 Gflops/s) - 3580 (3936251 Gflops/s) - 3639 (4001122 Gflops/s) - 3622 (3982431 Gflops/s) | Temperatures: 60°C - 61°C - 72°C - 70°C - 63°C - 60°C - 71°C - 74°C | Throttling: None - None - None - None - None - None - None - None
3673 (4038506 Gflops/s) - 3702 (4070392 Gflops/s) - 3639 (4001122 Gflops/s) - 3658 (4022013 Gflops/s) - 3665 (4029710 Gflops/s) - 3588 (3945047 Gflops/s) - 3640 (4002222 Gflops/s) - 3626 (3986829 Gflops/s) | Temperatures: 60°C - 61°C - 72°C - 70°C - 63°C - 61°C - 71°C - 74°C | Throttling: None - None - None - None - None - None - None - None
3672 (4037406 Gflops/s) - 3705 (4073690 Gflops/s) - 3636 (3997824 Gflops/s) - 3677 (4042904 Gflops/s) - 3668 (4033008 Gflops/s) - 3585 (3941749 Gflops/s) - 3640 (4002222 Gflops/s) - 3623 (3983530 Gflops/s) | Temperatures: 60°C - 61°C - 72°C - 70°C - 63°C - 60°C - 71°C - 74°C | Throttling: None - None - None - None - None - None - None - None
3673 (4038506 Gflops/s) - 3706 (4074790 Gflops/s) - 3638 (4000023 Gflops/s) - 3662 (4026411 Gflops/s) - 3664 (4028610 Gflops/s) - 3586 (3942848 Gflops/s) - 3638 (4000023 Gflops/s) - 3624 (3984630 Gflops/s) | Temperatures: 60°C - 61°C - 72°C - 70°C - 63°C - 61°C - 71°C - 74°C | Throttling: None - None - None - None - None - None - None - None
3674 (4039605 Gflops/s) - 3706 (4074790 Gflops/s) - 3639 (4001122 Gflops/s) - 3677 (4042904 Gflops/s) - 3665 (4029710 Gflops/s) - 3585 (3941749 Gflops/s) - 3639 (4001122 Gflops/s) - 3620 (3980232 Gflops/s) | Temperatures: 60°C - 61°C - 72°C - 70°C - 63°C - 60°C - 71°C - 74°C | Throttling: None - None - None - None - None - None - None - None
3670 (4035207 Gflops/s) - 3705 (4073690 Gflops/s) - 3635 (3996724 Gflops/s) - 3677 (4042904 Gflops/s) - 3669 (4034108 Gflops/s) - 3605 (3963739 Gflops/s) - 3638 (4000023 Gflops/s) - 3623 (3983530 Gflops/s) | Temperatures: 60°C - 61°C - 72°C - 70°C - 63°C - 61°C - 71°C - 74°C | Throttling: None - None - None - None - None - None - None - None
3671 (4036307 Gflops/s) - 3704 (4072591 Gflops/s) - 3638 (4000023 Gflops/s) - 3671 (4036307 Gflops/s) - 3672 (4037406 Gflops/s) - 3586 (3942848 Gflops/s) - 3639 (4001122 Gflops/s) - 3621 (3981331 Gflops/s) | Temperatures: 60°C - 61°C - 72°C - 70°C - 63°C - 60°C - 71°C - 74°C | Throttling: None - None - None - None - None - None - None - None
3673 (4038506 Gflops/s) - 3705 (4073690 Gflops/s) - 3639 (4001122 Gflops/s) - 3655 (4018714 Gflops/s) - 3671 (4036307 Gflops/s) - 3586 (3942848 Gflops/s) - 3640 (4002222 Gflops/s) - 3619 (3979132 Gflops/s) | Temperatures: 60°C - 61°C - 72°C - 70°C - 63°C - 61°C - 71°C - 74°C | Throttling: None - None - None - None - None - None - None - None
3670 (4035207 Gflops/s) - 3705 (4073690 Gflops/s) - 3637 (3998923 Gflops/s) - 3670 (4035207 Gflops/s) - 3667 (4031909 Gflops/s) - 3589 (3946147 Gflops/s) - 3639 (4001122 Gflops/s) - 3620 (3980232 Gflops/s) | Temperatures: 60°C - 61°C - 72°C - 70°C - 63°C - 61°C - 71°C - 74°C | Throttling: None - None - None - None - None - None - None - None
3768 (4142959 Gflops/s) - 3803 (4181442 Gflops/s) - 3728 (4098979 Gflops/s) - 3772 (4147357 Gflops/s) - 3764 (4138561 Gflops/s) - 3677 (4042904 Gflops/s) - 3734 (4105576 Gflops/s) - 3714 (4083586 Gflops/s) | Temperatures: 60°C - 61°C - 72°C - 70°C - 63°C - 61°C - 71°C - 74°C | Throttling: None - None - None - None - None - None - None - None
3777 (4152855 Gflops/s) - 3813 (4192437 Gflops/s) - 3742 (4114372 Gflops/s) - 3781 (4157253 Gflops/s) - 3767 (4141860 Gflops/s) - 3689 (4056098 Gflops/s) - 3743 (4115472 Gflops/s) - 3724 (4094581 Gflops/s) | Temperatures: 60°C - 61°C - 72°C - 70°C - 63°C - 60°C - 71°C - 74°C | Throttling: None - None - None - None - None - None - None - None
3779 (4155054 Gflops/s) - 3811 (4190238 Gflops/s) - 3739 (4111073 Gflops/s) - 3775 (4150656 Gflops/s) - 3782 (4158352 Gflops/s) - 3697 (4064894 Gflops/s) - 3743 (4115472 Gflops/s) - 3723 (4093481 Gflops/s) | Temperatures: 60°C - 61°C - 72°C - 70°C - 63°C - 60°C - 71°C - 74°C | Throttling: None - None - None - None - None - None - None - None
3780 (4156153 Gflops/s) - 3811 (4190238 Gflops/s) - 3741 (4113272 Gflops/s) - 3760 (4134163 Gflops/s) - 3769 (4144059 Gflops/s) - 3686 (4052799 Gflops/s) - 3745 (4117671 Gflops/s) - 3726 (4096780 Gflops/s) | Temperatures: 60°C - 61°C - 72°C - 70°C - 63°C - 61°C - 71°C - 74°C | Throttling: None - None - None - None - None - None - None - None
3773 (4148457 Gflops/s) - 3809 (4188039 Gflops/s) - 3733 (4104476 Gflops/s) - 3779 (4155054 Gflops/s) - 3767 (4141860 Gflops/s) - 3700 (4068193 Gflops/s) - 3741 (4113272 Gflops/s) - 3721 (4091282 Gflops/s) | Temperatures: 60°C - 61°C - 72°C - 70°C - 63°C - 60°C - 71°C - 74°C | Throttling: None - None - None - None - None - None - None - None
3774 (4149556 Gflops/s) - 3812 (4191338 Gflops/s) - 3743 (4115472 Gflops/s) - 3760 (4134163 Gflops/s) - 3768 (4142959 Gflops/s) - 3692 (4059396 Gflops/s) - 3743 (4115472 Gflops/s) - 3722 (4092382 Gflops/s) | Temperatures: 60°C - 61°C - 72°C - 70°C - 63°C - 60°C - 71°C - 74°C | Throttling: None - None - None - None - None - None - None - None
3776 (4151755 Gflops/s) - 3811 (4190238 Gflops/s) - 3736 (4107775 Gflops/s) - 3781 (4157253 Gflops/s) - 3767 (4141860 Gflops/s) - 3690 (4057197 Gflops/s) - 3745 (4117671 Gflops/s) - 3722 (4092382 Gflops/s) | Temperatures: 60°C - 61°C - 72°C - 70°C - 63°C - 61°C - 71°C - 74°C | Throttling: None - None - None - None - None - None - None - None
3777 (4152855 Gflops/s) - 3815 (4194636 Gflops/s) - 3741 (4113272 Gflops/s) - 3781 (4157253 Gflops/s) - 3770 (4145158 Gflops/s) - 3703 (4071491 Gflops/s) - 3740 (4112173 Gflops/s) - 3724 (4094581 Gflops/s) | Temperatures: 60°C - 61°C - 72°C - 70°C - 63°C - 61°C - 71°C - 74°C | Throttling: None - None - None - None - None - None - None - None
3775 (4150656 Gflops/s) - 3808 (4186940 Gflops/s) - 3743 (4115472 Gflops/s) - 3780 (4156153 Gflops/s) - 3769 (4144059 Gflops/s) - 3708 (4076989 Gflops/s) - 3744 (4116571 Gflops/s) - 3723 (4093481 Gflops/s) | Temperatures: 60°C - 61°C - 72°C - 70°C - 63°C - 61°C - 71°C - 74°C | Throttling: None - None - None - None - None - None - None - None
3774 (4149556 Gflops/s) - 3811 (4190238 Gflops/s) - 3747 (4119870 Gflops/s) - 3765 (4139661 Gflops/s) - 3773 (4148457 Gflops/s) - 3699 (4067093 Gflops/s) - 3743 (4115472 Gflops/s) - 3724 (4094581 Gflops/s) | Temperatures: 60°C - 61°C - 72°C - 70°C - 63°C - 60°C - 71°C - 74°C | Throttling: None - None - None - None - None - None - None - None
3773 (4148457 Gflops/s) - 3806 (4184741 Gflops/s) - 3741 (4113272 Gflops/s) - 3777 (4152855 Gflops/s) - 3769 (4144059 Gflops/s) - 3681 (4047302 Gflops/s) - 3742 (4114372 Gflops/s) - 3718 (4087984 Gflops/s) | Temperatures: 60°C - 61°C - 72°C - 70°C - 63°C - 60°C - 71°C - 74°C | Throttling: None - None - None - None - None - None - None - None
3777 (4152855 Gflops/s) - 3811 (4190238 Gflops/s) - 3748 (4120969 Gflops/s) - 3765 (4139661 Gflops/s) - 3765 (4139661 Gflops/s) - 3691 (4058297 Gflops/s) - 3742 (4114372 Gflops/s) - 3723 (4093481 Gflops/s) | Temperatures: 60°C - 61°C - 72°C - 70°C - 63°C - 61°C - 71°C - 74°C | Throttling: None - None - None - None - None - None - None - None
3776 (4151755 Gflops/s) - 3807 (4185840 Gflops/s) - 3743 (4115472 Gflops/s) - 3758 (4131964 Gflops/s) - 3773 (4148457 Gflops/s) - 3690 (4057197 Gflops/s) - 3745 (4117671 Gflops/s) - 3724 (4094581 Gflops/s) | Temperatures: 60°C - 61°C - 72°C - 70°C - 63°C - 61°C - 71°C - 74°C | Throttling: None - None - None - None - None - None - None - None
3777 (4152855 Gflops/s) - 3813 (4192437 Gflops/s) - 3743 (4115472 Gflops/s) - 3780 (4156153 Gflops/s) - 3772 (4147357 Gflops/s) - 3683 (4049501 Gflops/s) - 3744 (4116571 Gflops/s) - 3723 (4093481 Gflops/s) | Temperatures: 60°C - 61°C - 72°C - 70°C - 63°C - 61°C - 71°C - 74°C | Throttling: None - None - None - None - None - None - None - None
3775 (4150656 Gflops/s) - 3806 (4184741 Gflops/s) - 3743 (4115472 Gflops/s) - 3782 (4158352 Gflops/s) - 3772 (4147357 Gflops/s) - 3691 (4058297 Gflops/s) - 3742 (4114372 Gflops/s) - 3723 (4093481 Gflops/s) | Temperatures: 60°C - 61°C - 72°C - 70°C - 63°C - 60°C - 71°C - 74°C | Throttling: None - None - None - None - None - None - None - None
3775 (4150656 Gflops/s) - 3809 (4188039 Gflops/s) - 3742 (4114372 Gflops/s) - 3775 (4150656 Gflops/s) - 3777 (4152855 Gflops/s) - 3701 (4069292 Gflops/s) - 3743 (4115472 Gflops/s) - 3723 (4093481 Gflops/s) | Temperatures: 60°C - 61°C - 72°C - 70°C - 63°C - 61°C - 71°C - 74°C | Throttling: None - None - None - None - None - None - None - None
3774 (4149556 Gflops/s) - 3808 (4186940 Gflops/s) - 3737 (4108874 Gflops/s) - 3780 (4156153 Gflops/s) - 3777 (4152855 Gflops/s) - 3683 (4049501 Gflops/s) - 3738 (4109974 Gflops/s) - 3719 (4089083 Gflops/s) | Temperatures: 60°C - 61°C - 72°C - 70°C - 63°C - 60°C - 71°C - 74°C | Throttling: None - None - None - None - None - None - None - None
3776 (4151755 Gflops/s) - 3813 (4192437 Gflops/s) - 3743 (4115472 Gflops/s) - 3772 (4147357 Gflops/s) - 3771 (4146258 Gflops/s) - 3687 (4053899 Gflops/s) - 3742 (4114372 Gflops/s) - 3724 (4094581 Gflops/s) | Temperatures: 60°C - 61°C - 72°C - 70°C - 63°C - 61°C - 71°C - 74°C | Throttling: None - None - None - None - None - None - None - None
3778 (4153954 Gflops/s) - 3810 (4189139 Gflops/s) - 3744 (4116571 Gflops/s) - 3764 (4138561 Gflops/s) - 3769 (4144059 Gflops/s) - 3696 (4063794 Gflops/s) - 3741 (4113272 Gflops/s) - 3722 (4092382 Gflops/s) | Temperatures: 60°C - 61°C - 72°C - 70°C - 63°C - 61°C - 71°C - 74°C | Throttling: None - None - None - None - None - None - None - None
3776 (4151755 Gflops/s) - 3810 (4189139 Gflops/s) - 3743 (4115472 Gflops/s) - 3759 (4133064 Gflops/s) - 3766 (4140760 Gflops/s) - 3688 (4054998 Gflops/s) - 3742 (4114372 Gflops/s) - 3723 (4093481 Gflops/s) | Temperatures: 60°C - 61°C - 72°C - 70°C - 63°C - 60°C - 71°C - 74°C | Throttling: None - None - None - None - None - None - None - None
3777 (4152855 Gflops/s) - 3808 (4186940 Gflops/s) - 3743 (4115472 Gflops/s) - 3767 (4141860 Gflops/s) - 3773 (4148457 Gflops/s) - 3686 (4052799 Gflops/s) - 3742 (4114372 Gflops/s) - 3722 (4092382 Gflops/s) | Temperatures: 60°C - 61°C - 72°C - 70°C - 63°C - 60°C - 71°C - 74°C | Throttling: None - None - None - None - None - None - None - None
3773 (4148457 Gflops/s) - 3808 (4186940 Gflops/s) - 3738 (4109974 Gflops/s) - 3764 (4138561 Gflops/s) - 3772 (4147357 Gflops/s) - 3684 (4050600 Gflops/s) - 3741 (4113272 Gflops/s) - 3721 (4091282 Gflops/s) | Temperatures: 60°C - 61°C - 72°C - 70°C - 63°C - 60°C - 71°C - 74°C | Throttling: None - None - None - None - None - None - None - None
3775 (4150656 Gflops/s) - 3812 (4191338 Gflops/s) - 3740 (4112173 Gflops/s) - 3779 (4155054 Gflops/s) - 3770 (4145158 Gflops/s) - 3698 (4065993 Gflops/s) - 3741 (4113272 Gflops/s) - 3726 (4096780 Gflops/s) | Temperatures: 60°C - 61°C - 72°C - 70°C - 63°C - 61°C - 71°C - 74°C | Throttling: None - None - None - None - None - None - None - None
3777 (4152855 Gflops/s) - 3811 (4190238 Gflops/s) - 3741 (4113272 Gflops/s) - 3761 (4135263 Gflops/s) - 3770 (4145158 Gflops/s) - 3697 (4064894 Gflops/s) - 3743 (4115472 Gflops/s) - 3723 (4093481 Gflops/s) | Temperatures: 60°C - 61°C - 72°C - 70°C - 63°C - 60°C - 71°C - 74°C | Throttling: None - None - None - None - None - None - None - None
3774 (4149556 Gflops/s) - 3811 (4190238 Gflops/s) - 3741 (4113272 Gflops/s) - 3763 (4137462 Gflops/s) - 3766 (4140760 Gflops/s) - 3688 (4054998 Gflops/s) - 3741 (4113272 Gflops/s) - 3724 (4094581 Gflops/s) | Temperatures: 60°C - 61°C - 72°C - 70°C - 63°C - 61°C - 71°C - 74°C | Throttling: None - None - None - None - None - None - None - None
3774 (4149556 Gflops/s) - 3811 (4190238 Gflops/s) - 3739 (4111073 Gflops/s) - 3760 (4134163 Gflops/s) - 3767 (4141860 Gflops/s) - 3688 (4054998 Gflops/s) - 3744 (4116571 Gflops/s) - 3724 (4094581 Gflops/s) | Temperatures: 60°C - 61°C - 72°C - 70°C - 63°C - 61°C - 71°C - 74°C | Throttling: None - None - None - None - None - None - None - None
3756 (4129765 Gflops/s) - 3791 (4168248 Gflops/s) - 3722 (4092382 Gflops/s) - 3746 (4118770 Gflops/s) - 3749 (4122069 Gflops/s) - 3672 (4037406 Gflops/s) - 3720 (4090183 Gflops/s) - 3702 (4070392 Gflops/s) | Temperatures: 60°C - 61°C - 72°C - 70°C - 63°C - 61°C - 71°C - 74°C | Throttling: None - None - None - None - None - None - None - None
3373 (3708652 Gflops/s) - 3405 (3743837 Gflops/s) - 3343 (3675667 Gflops/s) - 3350 (3683363 Gflops/s) - 3373 (3708652 Gflops/s) - 3293 (3620691 Gflops/s) - 3344 (3676766 Gflops/s) - 3327 (3658075 Gflops/s) | Temperatures: 60°C - 61°C - 72°C - 70°C - 63°C - 61°C - 71°C - 74°C | Throttling: None - None - None - None - None - None - None - None
3422 (3762528 Gflops/s) - 3452 (3795514 Gflops/s) - 3393 (3730642 Gflops/s) - 3399 (3737240 Gflops/s) - 3418 (3758130 Gflops/s) - 3343 (3675667 Gflops/s) - 3391 (3728443 Gflops/s) - 3373 (3708652 Gflops/s) | Temperatures: 60°C - 61°C - 72°C - 70°C - 63°C - 60°C - 71°C - 74°C | Throttling: None - None - None - None - None - None - None - None
3362 (3696558 Gflops/s) - 3393 (3730642 Gflops/s) - 3331 (3662473 Gflops/s) - 3349 (3682264 Gflops/s) - 3361 (3695458 Gflops/s) - 3283 (3609696 Gflops/s) - 3332 (3663572 Gflops/s) - 3314 (3643781 Gflops/s) | Temperatures: 60°C - 61°C - 72°C - 70°C - 63°C - 61°C - 71°C - 74°C | Throttling: None - None - None - None - None - None - None - None
3383 (3719647 Gflops/s) - 3416 (3755931 Gflops/s) - 3353 (3686662 Gflops/s) - 3376 (3711951 Gflops/s) - 3381 (3717448 Gflops/s) - 3302 (3630587 Gflops/s) - 3354 (3687761 Gflops/s) - 3336 (3667970 Gflops/s) | Temperatures: 60°C - 61°C - 72°C - 70°C - 63°C - 60°C - 71°C - 74°C | Throttling: None - None - None - None - None - None - None - None
3474 (3819703 Gflops/s) - 3508 (3857086 Gflops/s) - 3442 (3784519 Gflops/s) - 3466 (3810907 Gflops/s) - 3472 (3817504 Gflops/s) - 3397 (3735040 Gflops/s) - 3445 (3787817 Gflops/s) - 3426 (3766926 Gflops/s) | Temperatures: 60°C - 61°C - 72°C - 70°C - 63°C - 61°C - 71°C - 74°C | Throttling: None - None - None - None - None - None - None - None
3299 (3627288 Gflops/s) - 3329 (3660274 Gflops/s) - 3268 (3593203 Gflops/s) - 3306 (3634985 Gflops/s) - 3298 (3626189 Gflops/s) - 3240 (3562417 Gflops/s) - 3274 (3599801 Gflops/s) - 3254 (3577810 Gflops/s) | Temperatures: 60°C - 61°C - 72°C - 70°C - 63°C - 61°C - 71°C - 74°C | Throttling: None - None - None - None - None - None - None - None
3417 (3757031 Gflops/s) - 3449 (3792215 Gflops/s) - 3387 (3724045 Gflops/s) - 3409 (3748235 Gflops/s) - 3409 (3748235 Gflops/s) - 3337 (3669070 Gflops/s) - 3386 (3722946 Gflops/s) - 3368 (3703155 Gflops/s) | Temperatures: 60°C - 61°C - 72°C - 70°C - 63°C - 61°C - 71°C - 74°C | Throttling: None - None - None - None - None - None - None - None
3368 (3703155 Gflops/s) - 3398 (3736140 Gflops/s) - 3340 (3672368 Gflops/s) - 3358 (3692160 Gflops/s) - 3365 (3699856 Gflops/s) - 3288 (3615194 Gflops/s) - 3340 (3672368 Gflops/s) - 3319 (3649279 Gflops/s) | Temperatures: 60°C - 61°C - 72°C - 70°C - 63°C - 61°C - 71°C - 74°C | Throttling: None - None - None - None - None - None - None - None
3378 (3714150 Gflops/s) - 3410 (3749334 Gflops/s) - 3347 (3680065 Gflops/s) - 3383 (3719647 Gflops/s) - 3375 (3710851 Gflops/s) - 3299 (3627288 Gflops/s) - 3350 (3683363 Gflops/s) - 3331 (3662473 Gflops/s) | Temperatures: 60°C - 61°C - 72°C - 70°C - 63°C - 61°C - 71°C - 74°C | Throttling: None - None - None - None - None - None - None - None
3421 (3761429 Gflops/s) - 3454 (3797713 Gflops/s) - 3390 (3727344 Gflops/s) - 3400 (3738339 Gflops/s) - 3417 (3757031 Gflops/s) - 3349 (3682264 Gflops/s) - 3390 (3727344 Gflops/s) - 3374 (3709752 Gflops/s) | Temperatures: 60°C - 61°C - 72°C - 70°C - 63°C - 61°C - 71°C - 74°C | Throttling: None - None - None - None - None - None - None - None
3507 (3855987 Gflops/s) - 3539 (3891171 Gflops/s) - 3476 (3821902 Gflops/s) - 3487 (3833997 Gflops/s) - 3504 (3852688 Gflops/s) - 3435 (3776822 Gflops/s) - 3478 (3824101 Gflops/s) - 3459 (3803210 Gflops/s) | Temperatures: 60°C - 61°C - 72°C - 70°C - 63°C - 61°C - 71°C - 74°C | Throttling: None - None - None - None - None - None - None - None
3669 (4034108 Gflops/s) - 3702 (4070392 Gflops/s) - 3633 (3994525 Gflops/s) - 3660 (4024212 Gflops/s) - 3665 (4029710 Gflops/s) - 3584 (3940649 Gflops/s) - 3640 (4002222 Gflops/s) - 3619 (3979132 Gflops/s) | Temperatures: 60°C - 61°C - 72°C - 70°C - 63°C - 61°C - 71°C - 74°C | Throttling: None - None - None - None - None - None - None - None
3673 (4038506 Gflops/s) - 3705 (4073690 Gflops/s) - 3636 (3997824 Gflops/s) - 3661 (4025312 Gflops/s) - 3663 (4027511 Gflops/s) - 3585 (3941749 Gflops/s) - 3637 (3998923 Gflops/s) - 3619 (3979132 Gflops/s) | Temperatures: 60°C - 61°C - 72°C - 70°C - 63°C - 60°C - 71°C - 74°C | Throttling: None - None - None - None - None - None - None - None
3674 (4039605 Gflops/s) - 3705 (4073690 Gflops/s) - 3636 (3997824 Gflops/s) - 3673 (4038506 Gflops/s) - 3663 (4027511 Gflops/s) - 3586 (3942848 Gflops/s) - 3639 (4001122 Gflops/s) - 3619 (3979132 Gflops/s) | Temperatures: 60°C - 61°C - 72°C - 70°C - 63°C - 61°C - 71°C - 74°C | Throttling: None - None - None - None - None - None - None - None
3669 (4034108 Gflops/s) - 3704 (4072591 Gflops/s) - 3635 (3996724 Gflops/s) - 3649 (4012117 Gflops/s) - 3668 (4033008 Gflops/s) - 3616 (3975834 Gflops/s) - 3639 (4001122 Gflops/s) - 3618 (3978033 Gflops/s) | Temperatures: 60°C - 61°C - 72°C - 70°C - 63°C - 61°C - 71°C - 74°C | Throttling: None - None - None - None - None - None - None - None
3670 (4035207 Gflops/s) - 3702 (4070392 Gflops/s) - 3637 (3998923 Gflops/s) - 3664 (4028610 Gflops/s) - 3665 (4029710 Gflops/s) - 3588 (3945047 Gflops/s) - 3639 (4001122 Gflops/s) - 3619 (3979132 Gflops/s) | Temperatures: 60°C - 61°C - 72°C - 70°C - 63°C - 60°C - 71°C - 74°C | Throttling: None - None - None - None - None - None - None - None
3669 (4034108 Gflops/s) - 3699 (4067093 Gflops/s) - 3630 (3991227 Gflops/s) - 3655 (4018714 Gflops/s) - 3660 (4024212 Gflops/s) - 3584 (3940649 Gflops/s) - 3635 (3996724 Gflops/s) - 3615 (3974734 Gflops/s) | Temperatures: 60°C - 61°C - 72°C - 70°C - 63°C - 61°C - 71°C - 74°C | Throttling: None - None - None - None - None - None - None - None
3672 (4037406 Gflops/s) - 3704 (4072591 Gflops/s) - 3636 (3997824 Gflops/s) - 3669 (4034108 Gflops/s) - 3666 (4030809 Gflops/s) - 3585 (3941749 Gflops/s) - 3637 (3998923 Gflops/s) - 3619 (3979132 Gflops/s) | Temperatures: 60°C - 61°C - 72°C - 70°C - 63°C - 60°C - 71°C - 74°C | Throttling: None - None - None - None - None - None - None - None
3671 (4036307 Gflops/s) - 3707 (4075889 Gflops/s) - 3634 (3995625 Gflops/s) - 3660 (4024212 Gflops/s) - 3664 (4028610 Gflops/s) - 3595 (3952744 Gflops/s) - 3638 (4000023 Gflops/s) - 3619 (3979132 Gflops/s) | Temperatures: 60°C - 61°C - 72°C - 70°C - 63°C - 60°C - 71°C - 74°C | Throttling: None - None - None - None - None - None - None - None
3672 (4037406 Gflops/s) - 3703 (4071491 Gflops/s) - 3635 (3996724 Gflops/s) - 3675 (4040705 Gflops/s) - 3667 (4031909 Gflops/s) - 3588 (3945047 Gflops/s) - 3638 (4000023 Gflops/s) - 3617 (3976933 Gflops/s) | Temperatures: 60°C - 61°C - 72°C - 70°C - 63°C - 60°C - 71°C - 74°C | Throttling: None - None - None - None - None - None - None - None
3670 (4035207 Gflops/s) - 3706 (4074790 Gflops/s) - 3638 (4000023 Gflops/s) - 3659 (4023113 Gflops/s) - 3663 (4027511 Gflops/s) - 3584 (3940649 Gflops/s) - 3638 (4000023 Gflops/s) - 3619 (3979132 Gflops/s) | Temperatures: 60°C - 61°C - 72°C - 70°C - 63°C - 61°C - 71°C - 74°C | Throttling: None - None - None - None - None - None - None - None
3669 (4034108 Gflops/s) - 3704 (4072591 Gflops/s) - 3634 (3995625 Gflops/s) - 3663 (4027511 Gflops/s) - 3665 (4029710 Gflops/s) - 3588 (3945047 Gflops/s) - 3636 (3997824 Gflops/s) - 3619 (3979132 Gflops/s) | Temperatures: 60°C - 61°C - 72°C - 70°C - 63°C - 60°C - 71°C - 74°C | Throttling: None - None - None - None - None - None - None - None
3671 (4036307 Gflops/s) - 3700 (4068193 Gflops/s) - 3640 (4002222 Gflops/s) - 3640 (4002222 Gflops/s) - 3670 (4035207 Gflops/s) - 3584 (3940649 Gflops/s) - 3639 (4001122 Gflops/s) - 3620 (3980232 Gflops/s) | Temperatures: 60°C - 61°C - 72°C - 70°C - 63°C - 61°C - 71°C - 74°C | Throttling: None - None - None - None - None - None - None - None
3672 (4037406 Gflops/s) - 3703 (4071491 Gflops/s) - 3634 (3995625 Gflops/s) - 3661 (4025312 Gflops/s) - 3666 (4030809 Gflops/s) - 3600 (3958241 Gflops/s) - 3638 (4000023 Gflops/s) - 3619 (3979132 Gflops/s) | Temperatures: 60°C - 61°C - 72°C - 70°C - 63°C - 61°C - 71°C - 74°C | Throttling: None - None - None - None - None - None - None - None
3673 (4038506 Gflops/s) - 3706 (4074790 Gflops/s) - 3638 (4000023 Gflops/s) - 3652 (4015416 Gflops/s) - 3663 (4027511 Gflops/s) - 3594 (3951644 Gflops/s) - 3639 (4001122 Gflops/s) - 3619 (3979132 Gflops/s) | Temperatures: 60°C - 61°C - 72°C - 70°C - 63°C - 61°C - 71°C - 74°C | Throttling: None - None - None - None - None - None - None - None
3668 (4033008 Gflops/s) - 3701 (4069292 Gflops/s) - 3632 (3993426 Gflops/s) - 3648 (4011018 Gflops/s) - 3662 (4026411 Gflops/s) - 3591 (3948346 Gflops/s) - 3634 (3995625 Gflops/s) - 3615 (3974734 Gflops/s) | Temperatures: 60°C - 61°C - 72°C - 70°C - 63°C - 61°C - 71°C - 74°C | Throttling: None - None - None - None - None - None - None - None
3670 (4035207 Gflops/s) - 3704 (4072591 Gflops/s) - 3638 (4000023 Gflops/s) - 3663 (4027511 Gflops/s) - 3667 (4031909 Gflops/s) - 3582 (3938450 Gflops/s) - 3638 (4000023 Gflops/s) - 3618 (3978033 Gflops/s) | Temperatures: 60°C - 61°C - 72°C - 70°C - 63°C - 60°C - 71°C - 74°C | Throttling: None - None - None - None - None - None - None - None
3672 (4037406 Gflops/s) - 3703 (4071491 Gflops/s) - 3634 (3995625 Gflops/s) - 3666 (4030809 Gflops/s) - 3661 (4025312 Gflops/s) - 3586 (3942848 Gflops/s) - 3638 (4000023 Gflops/s) - 3619 (3979132 Gflops/s) | Temperatures: 60°C - 61°C - 72°C - 70°C - 63°C - 61°C - 71°C - 74°C | Throttling: None - None - None - None - None - None - None - None
3670 (4035207 Gflops/s) - 3703 (4071491 Gflops/s) - 3639 (4001122 Gflops/s) - 3673 (4038506 Gflops/s) - 3665 (4029710 Gflops/s) - 3590 (3947246 Gflops/s) - 3637 (3998923 Gflops/s) - 3618 (3978033 Gflops/s) | Temperatures: 60°C - 61°C - 72°C - 70°C - 63°C - 61°C - 71°C - 74°C | Throttling: None - None - None - None - None - None - None - None
3672 (4037406 Gflops/s) - 3703 (4071491 Gflops/s) - 3635 (3996724 Gflops/s) - 3640 (4002222 Gflops/s) - 3665 (4029710 Gflops/s) - 3587 (3943948 Gflops/s) - 3637 (3998923 Gflops/s) - 3619 (3979132 Gflops/s) | Temperatures: 60°C - 61°C - 72°C - 70°C - 63°C - 61°C - 71°C - 74°C | Throttling: None - None - None - None - None - None - None - None
3671 (4036307 Gflops/s) - 3704 (4072591 Gflops/s) - 3638 (4000023 Gflops/s) - 3659 (4023113 Gflops/s) - 3664 (4028610 Gflops/s) - 3586 (3942848 Gflops/s) - 3638 (4000023 Gflops/s) - 3620 (3980232 Gflops/s) | Temperatures: 60°C - 61°C - 72°C - 70°C - 63°C - 61°C - 71°C - 74°C | Throttling: None - None - None - None - None - None - None - None
3670 (4035207 Gflops/s) - 3705 (4073690 Gflops/s) - 3636 (3997824 Gflops/s) - 3672 (4037406 Gflops/s) - 3660 (4024212 Gflops/s) - 3584 (3940649 Gflops/s) - 3638 (4000023 Gflops/s) - 3619 (3979132 Gflops/s) | Temperatures: 60°C - 61°C - 72°C - 70°C - 63°C - 61°C - 71°C - 74°C | Throttling: None - None - None - None - None - None - None - None
3671 (4036307 Gflops/s) - 3703 (4071491 Gflops/s) - 3634 (3995625 Gflops/s) - 3658 (4022013 Gflops/s) - 3670 (4035207 Gflops/s) - 3586 (3942848 Gflops/s) - 3637 (3998923 Gflops/s) - 3618 (3978033 Gflops/s) | Temperatures: 60°C - 61°C - 72°C - 70°C - 63°C - 61°C - 71°C - 74°C | Throttling: None - None - None - None - None - None - None - None
3671 (4036307 Gflops/s) - 3705 (4073690 Gflops/s) - 3635 (3996724 Gflops/s) - 3643 (4005520 Gflops/s) - 3662 (4026411 Gflops/s) - 3603 (3961540 Gflops/s) - 3637 (3998923 Gflops/s) - 3619 (3979132 Gflops/s) | Temperatures: 60°C - 61°C - 72°C - 70°C - 63°C - 61°C - 71°C - 74°C | Throttling: None - None - None - None - None - None - None - None
3670 (4035207 Gflops/s) - 3698 (4065993 Gflops/s) - 3637 (3998923 Gflops/s) - 3657 (4020914 Gflops/s) - 3667 (4031909 Gflops/s) - 3584 (3940649 Gflops/s) - 3636 (3997824 Gflops/s) - 3619 (3979132 Gflops/s) | Temperatures: 60°C - 61°C - 72°C - 70°C - 63°C - 61°C - 71°C - 74°C | Throttling: None - None - None - None - None - None - None - None
3671 (4036307 Gflops/s) - 3704 (4072591 Gflops/s) - 3637 (3998923 Gflops/s) - 3638 (4000023 Gflops/s) - 3667 (4031909 Gflops/s) - 3588 (3945047 Gflops/s) - 3636 (3997824 Gflops/s) - 3618 (3978033 Gflops/s) | Temperatures: 60°C - 61°C - 72°C - 70°C - 63°C - 61°C - 71°C - 74°C | Throttling: None - None - None - None - None - None - None - None
3671 (4036307 Gflops/s) - 3704 (4072591 Gflops/s) - 3635 (3996724 Gflops/s) - 3669 (4034108 Gflops/s) - 3671 (4036307 Gflops/s) - 3596 (3953843 Gflops/s) - 3637 (3998923 Gflops/s) - 3619 (3979132 Gflops/s) | Temperatures: 60°C - 61°C - 72°C - 70°C - 63°C - 61°C - 71°C - 74°C | Throttling: None - None - None - None - None - None - None - None
3746 (4118770 Gflops/s) - 3778 (4153954 Gflops/s) - 3713 (4082486 Gflops/s) - 3726 (4096780 Gflops/s) - 3738 (4109974 Gflops/s) - 3658 (4022013 Gflops/s) - 3712 (4081387 Gflops/s) - 3694 (4061595 Gflops/s) | Temperatures: 60°C - 61°C - 72°C - 70°C - 63°C - 61°C - 71°C - 74°C | Throttling: None - None - None - None - None - None - None - None
3777 (4152855 Gflops/s) - 3810 (4189139 Gflops/s) - 3739 (4111073 Gflops/s) - 3746 (4118770 Gflops/s) - 3767 (4141860 Gflops/s) - 3688 (4054998 Gflops/s) - 3740 (4112173 Gflops/s) - 3722 (4092382 Gflops/s) | Temperatures: 60°C - 61°C - 72°C - 70°C - 63°C - 60°C - 71°C - 74°C | Throttling: None - None - None - None - None - None - None - None
3774 (4149556 Gflops/s) - 3811 (4190238 Gflops/s) - 3740 (4112173 Gflops/s) - 3758 (4131964 Gflops/s) - 3771 (4146258 Gflops/s) - 3681 (4047302 Gflops/s) - 3739 (4111073 Gflops/s) - 3721 (4091282 Gflops/s) | Temperatures: 60°C - 61°C - 72°C - 70°C - 63°C - 60°C - 71°C - 74°C | Throttling: None - None - None - None - None - None - None - None
3776 (4151755 Gflops/s) - 3809 (4188039 Gflops/s) - 3741 (4113272 Gflops/s) - 3771 (4146258 Gflops/s) - 3776 (4151755 Gflops/s) - 3685 (4051700 Gflops/s) - 3741 (4113272 Gflops/s) - 3721 (4091282 Gflops/s) | Temperatures: 60°C - 61°C - 72°C - 70°C - 63°C - 60°C - 71°C - 74°C | Throttling: None - None - None - None - None - None - None - None
3772 (4147357 Gflops/s) - 3808 (4186940 Gflops/s) - 3733 (4104476 Gflops/s) - 3742 (4114372 Gflops/s) - 3768 (4142959 Gflops/s) - 3685 (4051700 Gflops/s) - 3736 (4107775 Gflops/s) - 3718 (4087984 Gflops/s) | Temperatures: 60°C - 61°C - 72°C - 70°C - 63°C - 60°C - 71°C - 74°C | Throttling: None - None - None - None - None - None - None - None
3775 (4150656 Gflops/s) - 3810 (4189139 Gflops/s) - 3741 (4113272 Gflops/s) - 3767 (4141860 Gflops/s) - 3770 (4145158 Gflops/s) - 3687 (4053899 Gflops/s) - 3740 (4112173 Gflops/s) - 3721 (4091282 Gflops/s) | Temperatures: 60°C - 61°C - 72°C - 70°C - 63°C - 61°C - 71°C - 74°C | Throttling: None - None - None - None - None - None - None - None
3774 (4149556 Gflops/s) - 3809 (4188039 Gflops/s) - 3740 (4112173 Gflops/s) - 3752 (4125367 Gflops/s) - 3775 (4150656 Gflops/s) - 3688 (4054998 Gflops/s) - 3740 (4112173 Gflops/s) - 3722 (4092382 Gflops/s) | Temperatures: 60°C - 61°C - 72°C - 70°C - 63°C - 61°C - 71°C - 74°C | Throttling: None - None - None - None - None - None - None - None
3776 (4151755 Gflops/s) - 3809 (4188039 Gflops/s) - 3740 (4112173 Gflops/s) - 3754 (4127566 Gflops/s) - 3770 (4145158 Gflops/s) - 3692 (4059396 Gflops/s) - 3739 (4111073 Gflops/s) - 3721 (4091282 Gflops/s) | Temperatures: 60°C - 61°C - 72°C - 70°C - 63°C - 60°C - 71°C - 74°C | Throttling: None - None - None - None - None - None - None - None
3774 (4149556 Gflops/s) - 3807 (4185840 Gflops/s) - 3739 (4111073 Gflops/s) - 3741 (4113272 Gflops/s) - 3772 (4147357 Gflops/s) - 3691 (4058297 Gflops/s) - 3741 (4113272 Gflops/s) - 3722 (4092382 Gflops/s) | Temperatures: 60°C - 61°C - 72°C - 70°C - 63°C - 60°C - 71°C - 74°C | Throttling: None - None - None - None - None - None - None - None
3774 (4149556 Gflops/s) - 3806 (4184741 Gflops/s) - 3738 (4109974 Gflops/s) - 3743 (4115472 Gflops/s) - 3773 (4148457 Gflops/s) - 3686 (4052799 Gflops/s) - 3740 (4112173 Gflops/s) - 3721 (4091282 Gflops/s) | Temperatures: 60°C - 61°C - 72°C - 70°C - 63°C - 60°C - 71°C - 74°C | Throttling: None - None - None - None - None - None - None - None
3772 (4147357 Gflops/s) - 3807 (4185840 Gflops/s) - 3735 (4106675 Gflops/s) - 3738 (4109974 Gflops/s) - 3766 (4140760 Gflops/s) - 3681 (4047302 Gflops/s) - 3737 (4108874 Gflops/s) - 3717 (4086884 Gflops/s) | Temperatures: 60°C - 61°C - 72°C - 70°C - 63°C - 61°C - 71°C - 74°C | Throttling: None - None - None - None - None - None - None - None
3775 (4150656 Gflops/s) - 3809 (4188039 Gflops/s) - 3738 (4109974 Gflops/s) - 3775 (4150656 Gflops/s) - 3770 (4145158 Gflops/s) - 3705 (4073690 Gflops/s) - 3740 (4112173 Gflops/s) - 3722 (4092382 Gflops/s) | Temperatures: 60°C - 61°C - 72°C - 70°C - 63°C - 61°C - 71°C - 74°C | Throttling: None - None - None - None - None - None - None - None
3775 (4150656 Gflops/s) - 3808 (4186940 Gflops/s) - 3740 (4112173 Gflops/s) - 3769 (4144059 Gflops/s) - 3774 (4149556 Gflops/s) - 3687 (4053899 Gflops/s) - 3740 (4112173 Gflops/s) - 3721 (4091282 Gflops/s) | Temperatures: 60°C - 61°C - 72°C - 70°C - 63°C - 60°C - 71°C - 74°C | Throttling: None - None - None - None - None - None - None - None
3777 (4152855 Gflops/s) - 3812 (4191338 Gflops/s) - 3740 (4112173 Gflops/s) - 3760 (4134163 Gflops/s) - 3768 (4142959 Gflops/s) - 3711 (4080287 Gflops/s) - 3742 (4114372 Gflops/s) - 3722 (4092382 Gflops/s) | Temperatures: 60°C - 61°C - 72°C - 70°C - 63°C - 61°C - 71°C - 74°C | Throttling: None - None - None - None - None - None - None - None
3776 (4151755 Gflops/s) - 3807 (4185840 Gflops/s) - 3739 (4111073 Gflops/s) - 3758 (4131964 Gflops/s) - 3767 (4141860 Gflops/s) - 3714 (4083586 Gflops/s) - 3739 (4111073 Gflops/s) - 3720 (4090183 Gflops/s) | Temperatures: 60°C - 61°C - 72°C - 70°C - 63°C - 61°C - 71°C - 74°C | Throttling: None - None - None - None - None - None - None - None
3772 (4147357 Gflops/s) - 3803 (4181442 Gflops/s) - 3734 (4105576 Gflops/s) - 3749 (4122069 Gflops/s) - 3767 (4141860 Gflops/s) - 3684 (4050600 Gflops/s) - 3738 (4109974 Gflops/s) - 3719 (4089083 Gflops/s) | Temperatures: 60°C - 61°C - 72°C - 70°C - 63°C - 60°C - 71°C - 74°C | Throttling: None - None - None - None - None - None - None - None
3777 (4152855 Gflops/s) - 3804 (4182542 Gflops/s) - 3740 (4112173 Gflops/s) - 3767 (4141860 Gflops/s) - 3765 (4139661 Gflops/s) - 3688 (4054998 Gflops/s) - 3742 (4114372 Gflops/s) - 3721 (4091282 Gflops/s) | Temperatures: 60°C - 61°C - 72°C - 70°C - 63°C - 60°C - 71°C - 74°C | Throttling: None - None - None - None - None - None - None - None
3773 (4148457 Gflops/s) - 3812 (4191338 Gflops/s) - 3740 (4112173 Gflops/s) - 3763 (4137462 Gflops/s) - 3768 (4142959 Gflops/s) - 3688 (4054998 Gflops/s) - 3741 (4113272 Gflops/s) - 3722 (4092382 Gflops/s) | Temperatures: 60°C - 61°C - 72°C - 70°C - 63°C - 60°C - 71°C - 74°C | Throttling: None - None - None - None - None - None - None - None
3774 (4149556 Gflops/s) - 3806 (4184741 Gflops/s) - 3736 (4107775 Gflops/s) - 3744 (4116571 Gflops/s) - 3766 (4140760 Gflops/s) - 3687 (4053899 Gflops/s) - 3741 (4113272 Gflops/s) - 3721 (4091282 Gflops/s) | Temperatures: 60°C - 61°C - 72°C - 70°C - 63°C - 61°C - 71°C - 74°C | Throttling: None - None - None - None - None - None - None - None
3777 (4152855 Gflops/s) - 3811 (4190238 Gflops/s) - 3739 (4111073 Gflops/s) - 3767 (4141860 Gflops/s) - 3769 (4144059 Gflops/s) - 3697 (4064894 Gflops/s) - 3740 (4112173 Gflops/s) - 3721 (4091282 Gflops/s) | Temperatures: 60°C - 61°C - 72°C - 70°C - 63°C - 61°C - 71°C - 74°C | Throttling: None - None - None - None - None - None - None - None
3771 (4146258 Gflops/s) - 3805 (4183641 Gflops/s) - 3737 (4108874 Gflops/s) - 3766 (4140760 Gflops/s) - 3771 (4146258 Gflops/s) - 3682 (4048401 Gflops/s) - 3739 (4111073 Gflops/s) - 3718 (4087984 Gflops/s) | Temperatures: 60°C - 61°C - 72°C - 70°C - 63°C - 60°C - 71°C - 74°C | Throttling: None - None - None - None - None - None - None - None
3777 (4152855 Gflops/s) - 3808 (4186940 Gflops/s) - 3737 (4108874 Gflops/s) - 3745 (4117671 Gflops/s) - 3767 (4141860 Gflops/s) - 3693 (4060496 Gflops/s) - 3741 (4113272 Gflops/s) - 3722 (4092382 Gflops/s) | Temperatures: 60°C - 61°C - 72°C - 70°C - 63°C - 60°C - 71°C - 74°C | Throttling: None - None - None - None - None - None - None - None
3776 (4151755 Gflops/s) - 3811 (4190238 Gflops/s) - 3740 (4112173 Gflops/s) - 3760 (4134163 Gflops/s) - 3767 (4141860 Gflops/s) - 3698 (4065993 Gflops/s) - 3742 (4114372 Gflops/s) - 3723 (4093481 Gflops/s) | Temperatures: 60°C - 61°C - 72°C - 70°C - 63°C - 60°C - 71°C - 74°C | Throttling: None - None - None - None - None - None - None - None
3779 (4155054 Gflops/s) - 3808 (4186940 Gflops/s) - 3737 (4108874 Gflops/s) - 3759 (4133064 Gflops/s) - 3771 (4146258 Gflops/s) - 3707 (4075889 Gflops/s) - 3741 (4113272 Gflops/s) - 3722 (4092382 Gflops/s) | Temperatures: 60°C - 61°C - 72°C - 70°C - 63°C - 60°C - 71°C - 74°C | Throttling: None - None - None - None - None - None - None - None
3770 (4145158 Gflops/s) - 3806 (4184741 Gflops/s) - 3739 (4111073 Gflops/s) - 3758 (4131964 Gflops/s) - 3764 (4138561 Gflops/s) - 3683 (4049501 Gflops/s) - 3738 (4109974 Gflops/s) - 3720 (4090183 Gflops/s) | Temperatures: 60°C - 61°C - 72°C - 70°C - 63°C - 60°C - 71°C - 74°C | Throttling: None - None - None - None - None - None - None - None
3773 (4148457 Gflops/s) - 3809 (4188039 Gflops/s) - 3737 (4108874 Gflops/s) - 3753 (4126467 Gflops/s) - 3766 (4140760 Gflops/s) - 3684 (4050600 Gflops/s) - 3740 (4112173 Gflops/s) - 3722 (4092382 Gflops/s) | Temperatures: 60°C - 61°C - 72°C - 70°C - 63°C - 60°C - 71°C - 74°C | Throttling: None - None - None - None - None - None - None - None
3775 (4150656 Gflops/s) - 3808 (4186940 Gflops/s) - 3738 (4109974 Gflops/s) - 3749 (4122069 Gflops/s) - 3763 (4137462 Gflops/s) - 3692 (4059396 Gflops/s) - 3739 (4111073 Gflops/s) - 3723 (4093481 Gflops/s) | Temperatures: 60°C - 61°C - 72°C - 70°C - 63°C - 61°C - 71°C - 74°C | Throttling: None - None - None - None - None - None - None - None
3760 (4134163 Gflops/s) - 3796 (4173746 Gflops/s) - 3723 (4093481 Gflops/s) - 3749 (4122069 Gflops/s) - 3755 (4128666 Gflops/s) - 3680 (4046202 Gflops/s) - 3728 (4098979 Gflops/s) - 3710 (4079188 Gflops/s) | Temperatures: 60°C - 61°C - 72°C - 70°C - 63°C - 60°C - 71°C - 74°C | Throttling: None - None - None - None - None - None - None - None
3431 (3772424 Gflops/s) - 3462 (3806509 Gflops/s) - 3399 (3737240 Gflops/s) - 3414 (3753732 Gflops/s) - 3423 (3763628 Gflops/s) - 3357 (3691060 Gflops/s) - 3399 (3737240 Gflops/s) - 3384 (3720747 Gflops/s) | Temperatures: 60°C - 61°C - 72°C - 70°C - 63°C - 61°C - 71°C - 74°C | Throttling: None - None - None - None - None - None - None - None
3420 (3760329 Gflops/s) - 3452 (3795514 Gflops/s) - 3389 (3726244 Gflops/s) - 3405 (3743837 Gflops/s) - 3415 (3754832 Gflops/s) - 3352 (3685562 Gflops/s) - 3390 (3727344 Gflops/s) - 3372 (3707553 Gflops/s) | Temperatures: 60°C - 61°C - 72°C - 70°C - 63°C - 61°C - 71°C - 74°C | Throttling: None - None - None - None - None - None - None - None
3420 (3760329 Gflops/s) - 3451 (3794414 Gflops/s) - 3386 (3722946 Gflops/s) - 3402 (3740538 Gflops/s) - 3411 (3750434 Gflops/s) - 3340 (3672368 Gflops/s) - 3391 (3728443 Gflops/s) - 3372 (3707553 Gflops/s) | Temperatures: 60°C - 61°C - 72°C - 70°C - 63°C - 61°C - 71°C - 74°C | Throttling: None - None - None - None - None - None - None - None
3495 (3842793 Gflops/s) - 3527 (3877977 Gflops/s) - 3461 (3805409 Gflops/s) - 3498 (3846091 Gflops/s) - 3482 (3828499 Gflops/s) - 3417 (3757031 Gflops/s) - 3462 (3806509 Gflops/s) - 3445 (3787817 Gflops/s) | Temperatures: 60°C - 61°C - 72°C - 70°C - 63°C - 61°C - 71°C - 74°C | Throttling: None - None - None - None - None - None - None - None
3366 (3700956 Gflops/s) - 3396 (3733941 Gflops/s) - 3330 (3661373 Gflops/s) - 3348 (3681164 Gflops/s) - 3369 (3704254 Gflops/s) - 3290 (3617393 Gflops/s) - 3337 (3669070 Gflops/s) - 3318 (3648179 Gflops/s) | Temperatures: 60°C - 61°C - 72°C - 70°C - 63°C - 60°C - 71°C - 74°C | Throttling: None - None - None - None - None - None - None - None
3421 (3761429 Gflops/s) - 3453 (3796613 Gflops/s) - 3389 (3726244 Gflops/s) - 3401 (3739439 Gflops/s) - 3409 (3748235 Gflops/s) - 3344 (3676766 Gflops/s) - 3388 (3725145 Gflops/s) - 3372 (3707553 Gflops/s) | Temperatures: 60°C - 61°C - 72°C - 70°C - 63°C - 61°C - 71°C - 74°C | Throttling: None - None - None - None - None - None - None - None
3436 (3777921 Gflops/s) - 3468 (3813106 Gflops/s) - 3402 (3740538 Gflops/s) - 3413 (3752633 Gflops/s) - 3429 (3770225 Gflops/s) - 3368 (3703155 Gflops/s) - 3405 (3743837 Gflops/s) - 3386 (3722946 Gflops/s) | Temperatures: 60°C - 61°C - 72°C - 70°C - 63°C - 61°C - 71°C - 74°C | Throttling: None - None - None - None - None - None - None - None
3417 (3757031 Gflops/s) - 3450 (3793315 Gflops/s) - 3387 (3724045 Gflops/s) - 3419 (3759230 Gflops/s) - 3418 (3758130 Gflops/s) - 3349 (3682264 Gflops/s) - 3389 (3726244 Gflops/s) - 3372 (3707553 Gflops/s) | Temperatures: 60°C - 61°C - 72°C - 70°C - 63°C - 61°C - 71°C - 74°C | Throttling: None - None - None - None - None - None - None - None
3450 (3793315 Gflops/s) - 3479 (3825200 Gflops/s) - 3413 (3752633 Gflops/s) - 3434 (3775722 Gflops/s) - 3451 (3794414 Gflops/s) - 3383 (3719647 Gflops/s) - 3416 (3755931 Gflops/s) - 3398 (3736140 Gflops/s) | Temperatures: 60°C - 61°C - 72°C - 70°C - 63°C - 61°C - 71°C - 74°C | Throttling: None - None - None - None - None - None - None - None
3414 (3753732 Gflops/s) - 3443 (3785618 Gflops/s) - 3377 (3713050 Gflops/s) - 3404 (3742737 Gflops/s) - 3409 (3748235 Gflops/s) - 3329 (3660274 Gflops/s) - 3384 (3720747 Gflops/s) - 3366 (3700956 Gflops/s) | Temperatures: 60°C - 61°C - 72°C - 70°C - 63°C - 61°C - 71°C - 74°C | Throttling: None - None - None - None - None - None - None - None
3415 (3754832 Gflops/s) - 3447 (3790016 Gflops/s) - 3384 (3720747 Gflops/s) - 3400 (3738339 Gflops/s) - 3411 (3750434 Gflops/s) - 3335 (3666871 Gflops/s) - 3386 (3722946 Gflops/s) - 3369 (3704254 Gflops/s) | Temperatures: 60°C - 61°C - 72°C - 70°C - 63°C - 61°C - 71°C - 74°C | Throttling: None - None - None - None - None - None - None - None
3502 (3850489 Gflops/s) - 3530 (3881276 Gflops/s) - 3469 (3814205 Gflops/s) - 3470 (3815305 Gflops/s) - 3501 (3849390 Gflops/s) - 3420 (3760329 Gflops/s) - 3468 (3813106 Gflops/s) - 3451 (3794414 Gflops/s) | Temperatures: 60°C - 61°C - 72°C - 70°C - 63°C - 61°C - 71°C - 74°C | Throttling: None - None - None - None - None - None - None - None
3541 (3893370 Gflops/s) - 3573 (3928555 Gflops/s) - 3507 (3855987 Gflops/s) - 3540 (3892271 Gflops/s) - 3542 (3894470 Gflops/s) - 3458 (3802111 Gflops/s) - 3511 (3860385 Gflops/s) - 3491 (3838395 Gflops/s) | Temperatures: 60°C - 61°C - 72°C - 70°C - 63°C - 60°C - 71°C - 74°C | Throttling: None - None - None - None - None - None - None - None
3670 (4035207 Gflops/s) - 3700 (4068193 Gflops/s) - 3634 (3995625 Gflops/s) - 3656 (4019814 Gflops/s) - 3661 (4025312 Gflops/s) - 3583 (3939550 Gflops/s) - 3638 (4000023 Gflops/s) - 3617 (3976933 Gflops/s) | Temperatures: 60°C - 61°C - 72°C - 70°C - 63°C - 61°C - 71°C - 74°C | Throttling: None - None - None - None - None - None - None - None
3673 (4038506 Gflops/s) - 3702 (4070392 Gflops/s) - 3637 (3998923 Gflops/s) - 3666 (4030809 Gflops/s) - 3666 (4030809 Gflops/s) - 3584 (3940649 Gflops/s) - 3638 (4000023 Gflops/s) - 3617 (3976933 Gflops/s) | Temperatures: 60°C - 61°C - 72°C - 70°C - 63°C - 61°C - 71°C - 74°C | Throttling: None - None - None - None - None - None - None - None
3674 (4039605 Gflops/s) - 3706 (4074790 Gflops/s) - 3636 (3997824 Gflops/s) - 3639 (4001122 Gflops/s) - 3667 (4031909 Gflops/s) - 3586 (3942848 Gflops/s) - 3639 (4001122 Gflops/s) - 3618 (3978033 Gflops/s) | Temperatures: 60°C - 61°C - 72°C - 70°C - 63°C - 61°C - 71°C - 74°C | Throttling: None - None - None - None - None - None - None - None
3669 (4034108 Gflops/s) - 3703 (4071491 Gflops/s) - 3636 (3997824 Gflops/s) - 3649 (4012117 Gflops/s) - 3659 (4023113 Gflops/s) - 3582 (3938450 Gflops/s) - 3638 (4000023 Gflops/s) - 3618 (3978033 Gflops/s) | Temperatures: 60°C - 61°C - 72°C - 70°C - 63°C - 61°C - 71°C - 74°C | Throttling: None - None - None - None - None - None - None - None
3669 (4034108 Gflops/s) - 3705 (4073690 Gflops/s) - 3634 (3995625 Gflops/s) - 3657 (4020914 Gflops/s) - 3667 (4031909 Gflops/s) - 3599 (3957142 Gflops/s) - 3637 (3998923 Gflops/s) - 3618 (3978033 Gflops/s) | Temperatures: 60°C - 61°C - 72°C - 70°C - 63°C - 61°C - 71°C - 74°C | Throttling: None - None - None - None - None - None - None - None
3666 (4030809 Gflops/s) - 3704 (4072591 Gflops/s) - 3634 (3995625 Gflops/s) - 3648 (4011018 Gflops/s) - 3664 (4028610 Gflops/s) - 3587 (3943948 Gflops/s) - 3637 (3998923 Gflops/s) - 3618 (3978033 Gflops/s) | Temperatures: 60°C - 61°C - 72°C - 70°C - 63°C - 61°C - 71°C - 74°C | Throttling: None - None - None - None - None - None - None - None
3669 (4034108 Gflops/s) - 3704 (4072591 Gflops/s) - 3634 (3995625 Gflops/s) - 3639 (4001122 Gflops/s) - 3657 (4020914 Gflops/s) - 3591 (3948346 Gflops/s) - 3639 (4001122 Gflops/s) - 3619 (3979132 Gflops/s) | Temperatures: 60°C - 61°C - 72°C - 70°C - 63°C - 61°C - 71°C - 74°C | Throttling: None - None - None - None - None - None - None - None
3669 (4034108 Gflops/s) - 3700 (4068193 Gflops/s) - 3636 (3997824 Gflops/s) - 3645 (4007719 Gflops/s) - 3672 (4037406 Gflops/s) - 3615 (3974734 Gflops/s) - 3637 (3998923 Gflops/s) - 3618 (3978033 Gflops/s) | Temperatures: 60°C - 61°C - 72°C - 70°C - 63°C - 61°C - 71°C - 74°C | Throttling: None - None - None - None - None - None - None - None
3668 (4033008 Gflops/s) - 3704 (4072591 Gflops/s) - 3633 (3994525 Gflops/s) - 3648 (4011018 Gflops/s) - 3666 (4030809 Gflops/s) - 3589 (3946147 Gflops/s) - 3638 (4000023 Gflops/s) - 3618 (3978033 Gflops/s) | Temperatures: 60°C - 61°C - 72°C - 70°C - 63°C - 61°C - 71°C - 74°C | Throttling: None - None - None - None - None - None - None - None
3667 (4031909 Gflops/s) - 3703 (4071491 Gflops/s) - 3634 (3995625 Gflops/s) - 3649 (4012117 Gflops/s) - 3664 (4028610 Gflops/s) - 3586 (3942848 Gflops/s) - 3634 (3995625 Gflops/s) - 3618 (3978033 Gflops/s) | Temperatures: 60°C - 61°C - 72°C - 70°C - 63°C - 61°C - 71°C - 74°C | Throttling: None - None - None - None - None - None - None - None
3671 (4036307 Gflops/s) - 3705 (4073690 Gflops/s) - 3634 (3995625 Gflops/s) - 3656 (4019814 Gflops/s) - 3662 (4026411 Gflops/s) - 3599 (3957142 Gflops/s) - 3637 (3998923 Gflops/s) - 3619 (3979132 Gflops/s) | Temperatures: 60°C - 61°C - 72°C - 70°C - 63°C - 61°C - 71°C - 74°C | Throttling: None - None - None - None - None - None - None - None
3668 (4033008 Gflops/s) - 3702 (4070392 Gflops/s) - 3637 (3998923 Gflops/s) - 3651 (4014316 Gflops/s) - 3668 (4033008 Gflops/s) - 3583 (3939550 Gflops/s) - 3637 (3998923 Gflops/s) - 3619 (3979132 Gflops/s) | Temperatures: 60°C - 61°C - 72°C - 70°C - 63°C - 61°C - 71°C - 74°C | Throttling: None - None - None - None - None - None - None - None
3671 (4036307 Gflops/s) - 3704 (4072591 Gflops/s) - 3634 (3995625 Gflops/s) - 3645 (4007719 Gflops/s) - 3676 (4041804 Gflops/s) - 3582 (3938450 Gflops/s) - 3636 (3997824 Gflops/s) - 3618 (3978033 Gflops/s) | Temperatures: 60°C - 61°C - 72°C - 70°C - 63°C - 60°C - 71°C - 74°C | Throttling: None - None - None - None - None - None - None - None
3669 (4034108 Gflops/s) - 3700 (4068193 Gflops/s) - 3631 (3992326 Gflops/s) - 3669 (4034108 Gflops/s) - 3668 (4033008 Gflops/s) - 3588 (3945047 Gflops/s) - 3633 (3994525 Gflops/s) - 3614 (3973635 Gflops/s) | Temperatures: 60°C - 61°C - 72°C - 70°C - 63°C - 61°C - 71°C - 74°C | Throttling: None - None - None - None - None - None - None - None
3672 (4037406 Gflops/s) - 3703 (4071491 Gflops/s) - 3637 (3998923 Gflops/s) - 3657 (4020914 Gflops/s) - 3668 (4033008 Gflops/s) - 3593 (3950545 Gflops/s) - 3637 (3998923 Gflops/s) - 3619 (3979132 Gflops/s) | Temperatures: 60°C - 61°C - 72°C - 70°C - 63°C - 60°C - 71°C - 74°C | Throttling: None - None - None - None - None - None - None - None
3670 (4035207 Gflops/s) - 3703 (4071491 Gflops/s) - 3634 (3995625 Gflops/s) - 3640 (4002222 Gflops/s) - 3665 (4029710 Gflops/s) - 3583 (3939550 Gflops/s) - 3637 (3998923 Gflops/s) - 3618 (3978033 Gflops/s) | Temperatures: 60°C - 61°C - 72°C - 70°C - 63°C - 61°C - 71°C - 74°C | Throttling: None - None - None - None - None - None - None - None
3673 (4038506 Gflops/s) - 3703 (4071491 Gflops/s) - 3635 (3996724 Gflops/s) - 3654 (4017615 Gflops/s) - 3672 (4037406 Gflops/s) - 3587 (3943948 Gflops/s) - 3638 (4000023 Gflops/s) - 3618 (3978033 Gflops/s) | Temperatures: 60°C - 61°C - 72°C - 70°C - 63°C - 61°C - 71°C - 74°C | Throttling: None - None - None - None - None - None - None - None
3671 (4036307 Gflops/s) - 3703 (4071491 Gflops/s) - 3632 (3993426 Gflops/s) - 3652 (4015416 Gflops/s) - 3672 (4037406 Gflops/s) - 3592 (3949445 Gflops/s) - 3637 (3998923 Gflops/s) - 3618 (3978033 Gflops/s) | Temperatures: 60°C - 61°C - 72°C - 70°C - 63°C - 61°C - 71°C - 74°C | Throttling: None - None - None - None - None - None - None - None
3671 (4036307 Gflops/s) - 3704 (4072591 Gflops/s) - 3637 (3998923 Gflops/s) - 3653 (4016515 Gflops/s) - 3664 (4028610 Gflops/s) - 3584 (3940649 Gflops/s) - 3636 (3997824 Gflops/s) - 3617 (3976933 Gflops/s) | Temperatures: 60°C - 61°C - 72°C - 70°C - 63°C - 60°C - 71°C - 74°C | Throttling: None - None - None - None - None - None - None - None
3670 (4035207 Gflops/s) - 3704 (4072591 Gflops/s) - 3634 (3995625 Gflops/s) - 3641 (4003321 Gflops/s) - 3671 (4036307 Gflops/s) - 3586 (3942848 Gflops/s) - 3637 (3998923 Gflops/s) - 3618 (3978033 Gflops/s) | Temperatures: 60°C - 61°C - 72°C - 70°C - 63°C - 61°C - 71°C - 74°C | Throttling: None - None - None - None - None - None - None - None
3671 (4036307 Gflops/s) - 3706 (4074790 Gflops/s) - 3634 (3995625 Gflops/s) - 3651 (4014316 Gflops/s) - 3670 (4035207 Gflops/s) - 3585 (3941749 Gflops/s) - 3637 (3998923 Gflops/s) - 3618 (3978033 Gflops/s) | Temperatures: 60°C - 61°C - 72°C - 70°C - 63°C - 60°C - 71°C - 74°C | Throttling: None - None - None - None - None - None - None - None
3671 (4036307 Gflops/s) - 3704 (4072591 Gflops/s) - 3634 (3995625 Gflops/s) - 3662 (4026411 Gflops/s) - 3662 (4026411 Gflops/s) - 3585 (3941749 Gflops/s) - 3636 (3997824 Gflops/s) - 3618 (3978033 Gflops/s) | Temperatures: 60°C - 61°C - 72°C - 70°C - 63°C - 61°C - 71°C - 74°C | Throttling: None - None - None - None - None - None - None - None
3670 (4035207 Gflops/s) - 3706 (4074790 Gflops/s) - 3636 (3997824 Gflops/s) - 3646 (4008819 Gflops/s) - 3661 (4025312 Gflops/s) - 3584 (3940649 Gflops/s) - 3636 (3997824 Gflops/s) - 3618 (3978033 Gflops/s) | Temperatures: 60°C - 61°C - 72°C - 70°C - 63°C - 61°C - 71°C - 74°C | Throttling: None - None - None - None - None - None - None - None
3671 (4036307 Gflops/s) - 3702 (4070392 Gflops/s) - 3634 (3995625 Gflops/s) - 3655 (4018714 Gflops/s) - 3670 (4035207 Gflops/s) - 3584 (3940649 Gflops/s) - 3637 (3998923 Gflops/s) - 3617 (3976933 Gflops/s) | Temperatures: 60°C - 61°C - 72°C - 70°C - 63°C - 61°C - 71°C - 74°C | Throttling: None - None - None - None - None - None - None - None
3715 (4084685 Gflops/s) - 3749 (4122069 Gflops/s) - 3681 (4047302 Gflops/s) - 3715 (4084685 Gflops/s) - 3713 (4082486 Gflops/s) - 3642 (4004421 Gflops/s) - 3681 (4047302 Gflops/s) - 3664 (4028610 Gflops/s) | Temperatures: 60°C - 61°C - 72°C - 70°C - 63°C - 61°C - 71°C - 74°C | Throttling: None - None - None - None - None - None - None - None
3770 (4145158 Gflops/s) - 3807 (4185840 Gflops/s) - 3733 (4104476 Gflops/s) - 3751 (4124268 Gflops/s) - 3772 (4147357 Gflops/s) - 3681 (4047302 Gflops/s) - 3737 (4108874 Gflops/s) - 3718 (4087984 Gflops/s) | Temperatures: 60°C - 61°C - 72°C - 70°C - 63°C - 61°C - 71°C - 74°C | Throttling: None - None - None - None - None - None - None - None
3772 (4147357 Gflops/s) - 3804 (4182542 Gflops/s) - 3735 (4106675 Gflops/s) - 3747 (4119870 Gflops/s) - 3767 (4141860 Gflops/s) - 3688 (4054998 Gflops/s) - 3736 (4107775 Gflops/s) - 3719 (4089083 Gflops/s) | Temperatures: 60°C - 61°C - 72°C - 70°C - 63°C - 61°C - 71°C - 74°C | Throttling: None - None - None - None - None - None - None - None
3770 (4145158 Gflops/s) - 3802 (4180343 Gflops/s) - 3731 (4102277 Gflops/s) - 3745 (4117671 Gflops/s) - 3758 (4131964 Gflops/s) - 3689 (4056098 Gflops/s) - 3734 (4105576 Gflops/s) - 3715 (4084685 Gflops/s) | Temperatures: 60°C - 61°C - 72°C - 70°C - 63°C - 61°C - 71°C - 74°C | Throttling: None - None - None - None - None - None - None - None
3772 (4147357 Gflops/s) - 3804 (4182542 Gflops/s) - 3733 (4104476 Gflops/s) - 3751 (4124268 Gflops/s) - 3765 (4139661 Gflops/s) - 3684 (4050600 Gflops/s) - 3738 (4109974 Gflops/s) - 3717 (4086884 Gflops/s) | Temperatures: 60°C - 61°C - 72°C - 70°C - 63°C - 61°C - 71°C - 74°C | Throttling: None - None - None - None - None - None - None - None
3772 (4147357 Gflops/s) - 3803 (4181442 Gflops/s) - 3735 (4106675 Gflops/s) - 3754 (4127566 Gflops/s) - 3765 (4139661 Gflops/s) - 3688 (4054998 Gflops/s) - 3735 (4106675 Gflops/s) - 3718 (4087984 Gflops/s) | Temperatures: 60°C - 61°C - 72°C - 70°C - 63°C - 61°C - 71°C - 74°C | Throttling: None - None - None - None - None - None - None - None
3771 (4146258 Gflops/s) - 3806 (4184741 Gflops/s) - 3733 (4104476 Gflops/s) - 3747 (4119870 Gflops/s) - 3768 (4142959 Gflops/s) - 3685 (4051700 Gflops/s) - 3736 (4107775 Gflops/s) - 3718 (4087984 Gflops/s) | Temperatures: 60°C - 61°C - 72°C - 70°C - 63°C - 60°C - 71°C - 74°C | Throttling: None - None - None - None - None - None - None - None
3769 (4144059 Gflops/s) - 3800 (4178144 Gflops/s) - 3733 (4104476 Gflops/s) - 3756 (4129765 Gflops/s) - 3763 (4137462 Gflops/s) - 3680 (4046202 Gflops/s) - 3734 (4105576 Gflops/s) - 3714 (4083586 Gflops/s) | Temperatures: 60°C - 61°C - 72°C - 70°C - 63°C - 61°C - 71°C - 74°C | Throttling: None - None - None - None - None - None - None - None
3772 (4147357 Gflops/s) - 3807 (4185840 Gflops/s) - 3733 (4104476 Gflops/s) - 3744 (4116571 Gflops/s) - 3767 (4141860 Gflops/s) - 3684 (4050600 Gflops/s) - 3737 (4108874 Gflops/s) - 3720 (4090183 Gflops/s) | Temperatures: 60°C - 61°C - 72°C - 70°C - 63°C - 61°C - 71°C - 74°C | Throttling: None - None - None - None - None - None - None - None
3772 (4147357 Gflops/s) - 3805 (4183641 Gflops/s) - 3736 (4107775 Gflops/s) - 3737 (4108874 Gflops/s) - 3764 (4138561 Gflops/s) - 3682 (4048401 Gflops/s) - 3735 (4106675 Gflops/s) - 3717 (4086884 Gflops/s) | Temperatures: 60°C - 61°C - 72°C - 70°C - 63°C - 61°C - 71°C - 74°C | Throttling: None - None - None - None - None - None - None - None
3772 (4147357 Gflops/s) - 3805 (4183641 Gflops/s) - 3736 (4107775 Gflops/s) - 3755 (4128666 Gflops/s) - 3762 (4136362 Gflops/s) - 3683 (4049501 Gflops/s) - 3737 (4108874 Gflops/s) - 3720 (4090183 Gflops/s) | Temperatures: 60°C - 61°C - 72°C - 70°C - 63°C - 61°C - 71°C - 74°C | Throttling: None - None - None - None - None - None - None - None
3773 (4148457 Gflops/s) - 3807 (4185840 Gflops/s) - 3732 (4103377 Gflops/s) - 3765 (4139661 Gflops/s) - 3767 (4141860 Gflops/s) - 3686 (4052799 Gflops/s) - 3736 (4107775 Gflops/s) - 3717 (4086884 Gflops/s) | Temperatures: 60°C - 61°C - 72°C - 70°C - 63°C - 61°C - 71°C - 74°C | Throttling: None - None - None - None - None - None - None - None
3767 (4141860 Gflops/s) - 3800 (4178144 Gflops/s) - 3735 (4106675 Gflops/s) - 3754 (4127566 Gflops/s) - 3763 (4137462 Gflops/s) - 3686 (4052799 Gflops/s) - 3733 (4104476 Gflops/s) - 3715 (4084685 Gflops/s) | Temperatures: 60°C - 61°C - 72°C - 70°C - 63°C - 61°C - 71°C - 74°C | Throttling: None - None - None - None - None - None - None - None
3772 (4147357 Gflops/s) - 3805 (4183641 Gflops/s) - 3734 (4105576 Gflops/s) - 3759 (4133064 Gflops/s) - 3766 (4140760 Gflops/s) - 3697 (4064894 Gflops/s) - 3736 (4107775 Gflops/s) - 3717 (4086884 Gflops/s) | Temperatures: 60°C - 61°C - 72°C - 70°C - 63°C - 61°C - 71°C - 74°C | Throttling: None - None - None - None - None - None - None - None
3773 (4148457 Gflops/s) - 3806 (4184741 Gflops/s) - 3735 (4106675 Gflops/s) - 3742 (4114372 Gflops/s) - 3765 (4139661 Gflops/s) - 3701 (4069292 Gflops/s) - 3736 (4107775 Gflops/s) - 3719 (4089083 Gflops/s) | Temperatures: 60°C - 61°C - 72°C - 70°C - 63°C - 61°C - 71°C - 74°C | Throttling: None - None - None - None - None - None - None - None
3771 (4146258 Gflops/s) - 3804 (4182542 Gflops/s) - 3735 (4106675 Gflops/s) - 3753 (4126467 Gflops/s) - 3773 (4148457 Gflops/s) - 3716 (4085785 Gflops/s) - 3736 (4107775 Gflops/s) - 3719 (4089083 Gflops/s) | Temperatures: 60°C - 61°C - 72°C - 70°C - 63°C - 61°C - 71°C - 74°C | Throttling: None - None - None - None - None - None - None - None
3771 (4146258 Gflops/s) - 3806 (4184741 Gflops/s) - 3733 (4104476 Gflops/s) - 3754 (4127566 Gflops/s) - 3764 (4138561 Gflops/s) - 3709 (4078088 Gflops/s) - 3737 (4108874 Gflops/s) - 3717 (4086884 Gflops/s) | Temperatures: 60°C - 61°C - 72°C - 70°C - 63°C - 61°C - 71°C - 74°C | Throttling: None - None - None - None - None - None - None - None
3767 (4141860 Gflops/s) - 3802 (4180343 Gflops/s) - 3732 (4103377 Gflops/s) - 3751 (4124268 Gflops/s) - 3763 (4137462 Gflops/s) - 3678 (4044003 Gflops/s) - 3734 (4105576 Gflops/s) - 3714 (4083586 Gflops/s) | Temperatures: 60°C - 61°C - 72°C - 70°C - 63°C - 60°C - 71°C - 74°C | Throttling: None - None - None - None - None - None - None - None
3772 (4147357 Gflops/s) - 3803 (4181442 Gflops/s) - 3736 (4107775 Gflops/s) - 3762 (4136362 Gflops/s) - 3767 (4141860 Gflops/s) - 3685 (4051700 Gflops/s) - 3735 (4106675 Gflops/s) - 3718 (4087984 Gflops/s) | Temperatures: 60°C - 61°C - 72°C - 70°C - 63°C - 61°C - 71°C - 74°C | Throttling: None - None - None - None - None - None - None - None
3772 (4147357 Gflops/s) - 3808 (4186940 Gflops/s) - 3737 (4108874 Gflops/s) - 3761 (4135263 Gflops/s) - 3770 (4145158 Gflops/s) - 3691 (4058297 Gflops/s) - 3736 (4107775 Gflops/s) - 3719 (4089083 Gflops/s) | Temperatures: 60°C - 61°C - 72°C - 70°C - 63°C - 60°C - 71°C - 74°C | Throttling: None - None - None - None - None - None - None - None
3771 (4146258 Gflops/s) - 3808 (4186940 Gflops/s) - 3735 (4106675 Gflops/s) - 3742 (4114372 Gflops/s) - 3765 (4139661 Gflops/s) - 3694 (4061595 Gflops/s) - 3737 (4108874 Gflops/s) - 3718 (4087984 Gflops/s) | Temperatures: 60°C - 61°C - 72°C - 70°C - 63°C - 61°C - 71°C - 74°C | Throttling: None - None - None - None - None - None - None - None
3769 (4144059 Gflops/s) - 3800 (4178144 Gflops/s) - 3731 (4102277 Gflops/s) - 3739 (4111073 Gflops/s) - 3760 (4134163 Gflops/s) - 3686 (4052799 Gflops/s) - 3734 (4105576 Gflops/s) - 3714 (4083586 Gflops/s) | Temperatures: 60°C - 61°C - 72°C - 70°C - 63°C - 60°C - 71°C - 74°C | Throttling: None - None - None - None - None - None - None - None
3772 (4147357 Gflops/s) - 3805 (4183641 Gflops/s) - 3737 (4108874 Gflops/s) - 3736 (4107775 Gflops/s) - 3766 (4140760 Gflops/s) - 3687 (4053899 Gflops/s) - 3736 (4107775 Gflops/s) - 3718 (4087984 Gflops/s) | Temperatures: 60°C - 61°C - 72°C - 70°C - 63°C - 61°C - 71°C - 74°C | Throttling: None - None - None - None - None - None - None - None
3773 (4148457 Gflops/s) - 3804 (4182542 Gflops/s) - 3735 (4106675 Gflops/s) - 3740 (4112173 Gflops/s) - 3765 (4139661 Gflops/s) - 3681 (4047302 Gflops/s) - 3737 (4108874 Gflops/s) - 3717 (4086884 Gflops/s) | Temperatures: 60°C - 61°C - 72°C - 70°C - 63°C - 60°C - 71°C - 74°C | Throttling: None - None - None - None - None - None - None - None
3770 (4145158 Gflops/s) - 3801 (4179243 Gflops/s) - 3732 (4103377 Gflops/s) - 3757 (4130865 Gflops/s) - 3760 (4134163 Gflops/s) - 3711 (4080287 Gflops/s) - 3734 (4105576 Gflops/s) - 3714 (4083586 Gflops/s) | Temperatures: 60°C - 61°C - 72°C - 70°C - 63°C - 61°C - 71°C - 74°C | Throttling: None - None - None - None - None - None - None - None
3773 (4148457 Gflops/s) - 3807 (4185840 Gflops/s) - 3735 (4106675 Gflops/s) - 3752 (4125367 Gflops/s) - 3768 (4142959 Gflops/s) - 3687 (4053899 Gflops/s) - 3736 (4107775 Gflops/s) - 3719 (4089083 Gflops/s) | Temperatures: 60°C - 61°C - 72°C - 70°C - 63°C - 60°C - 71°C - 74°C | Throttling: None - None - None - None - None - None - None - None
3768 (4142959 Gflops/s) - 3800 (4178144 Gflops/s) - 3731 (4102277 Gflops/s) - 3741 (4113272 Gflops/s) - 3762 (4136362 Gflops/s) - 3688 (4054998 Gflops/s) - 3734 (4105576 Gflops/s) - 3715 (4084685 Gflops/s) | Temperatures: 60°C - 61°C - 72°C - 70°C - 63°C - 60°C - 71°C - 74°C | Throttling: None - None - None - None - None - None - None - None
3686 (4052799 Gflops/s) - 3719 (4089083 Gflops/s) - 3648 (4011018 Gflops/s) - 3658 (4022013 Gflops/s) - 3680 (4046202 Gflops/s) - 3599 (3957142 Gflops/s) - 3652 (4015416 Gflops/s) - 3633 (3994525 Gflops/s) | Temperatures: 60°C - 61°C - 72°C - 70°C - 63°C - 60°C - 71°C - 74°C | Throttling: None - None - None - None - None - None - None - None
3436 (3777921 Gflops/s) - 3466 (3810907 Gflops/s) - 3403 (3741638 Gflops/s) - 3410 (3749334 Gflops/s) - 3429 (3770225 Gflops/s) - 3356 (3689961 Gflops/s) - 3400 (3738339 Gflops/s) - 3386 (3722946 Gflops/s) | Temperatures: 60°C - 61°C - 72°C - 70°C - 63°C - 61°C - 71°C - 74°C | Throttling: None - None - None - None - None - None - None - None
3433 (3774623 Gflops/s) - 3464 (3808708 Gflops/s) - 3397 (3735040 Gflops/s) - 3401 (3739439 Gflops/s) - 3427 (3768026 Gflops/s) - 3365 (3699856 Gflops/s) - 3401 (3739439 Gflops/s) - 3383 (3719647 Gflops/s) | Temperatures: 60°C - 61°C - 72°C - 70°C - 63°C - 60°C - 71°C - 74°C | Throttling: None - None - None - None - None - None - None - None
3509 (3858186 Gflops/s) - 3538 (3890072 Gflops/s) - 3478 (3824101 Gflops/s) - 3494 (3841693 Gflops/s) - 3509 (3858186 Gflops/s) - 3441 (3783419 Gflops/s) - 3475 (3820802 Gflops/s) - 3458 (3802111 Gflops/s) | Temperatures: 60°C - 61°C - 72°C - 70°C - 63°C - 61°C - 71°C - 74°C | Throttling: None - None - None - None - None - None - None - None
3370 (3705354 Gflops/s) - 3399 (3737240 Gflops/s) - 3336 (3667970 Gflops/s) - 3356 (3689961 Gflops/s) - 3361 (3695458 Gflops/s) - 3298 (3626189 Gflops/s) - 3339 (3671269 Gflops/s) - 3321 (3651478 Gflops/s) | Temperatures: 60°C - 61°C - 72°C - 70°C - 63°C - 61°C - 71°C - 74°C | Throttling: None - None - None - None - None - None - None - None
3429 (3770225 Gflops/s) - 3461 (3805409 Gflops/s) - 3400 (3738339 Gflops/s) - 3408 (3747135 Gflops/s) - 3423 (3763628 Gflops/s) - 3357 (3691060 Gflops/s) - 3399 (3737240 Gflops/s) - 3381 (3717448 Gflops/s) | Temperatures: 60°C - 61°C - 72°C - 70°C - 63°C - 61°C - 71°C - 74°C | Throttling: None - None - None - None - None - None - None - None
3449 (3792215 Gflops/s) - 3478 (3824101 Gflops/s) - 3417 (3757031 Gflops/s) - 3412 (3751533 Gflops/s) - 3448 (3791116 Gflops/s) - 3377 (3713050 Gflops/s) - 3417 (3757031 Gflops/s) - 3399 (3737240 Gflops/s) | Temperatures: 60°C - 61°C - 72°C - 70°C - 63°C - 61°C - 71°C - 74°C | Throttling: None - None - None - None - None - None - None - None
3429 (3770225 Gflops/s) - 3461 (3805409 Gflops/s) - 3395 (3732841 Gflops/s) - 3433 (3774623 Gflops/s) - 3425 (3765827 Gflops/s) - 3350 (3683363 Gflops/s) - 3397 (3735040 Gflops/s) - 3380 (3716349 Gflops/s) | Temperatures: 60°C - 61°C - 72°C - 70°C - 63°C - 61°C - 71°C - 74°C | Throttling: None - None - None - None - None - None - None - None
3442 (3784519 Gflops/s) - 3471 (3816404 Gflops/s) - 3408 (3747135 Gflops/s) - 3419 (3759230 Gflops/s) - 3441 (3783419 Gflops/s) - 3378 (3714150 Gflops/s) - 3411 (3750434 Gflops/s) - 3393 (3730642 Gflops/s) | Temperatures: 60°C - 61°C - 72°C - 70°C - 63°C - 61°C - 71°C - 74°C | Throttling: None - None - None - None - None - None - None - None
3439 (3781220 Gflops/s) - 3468 (3813106 Gflops/s) - 3403 (3741638 Gflops/s) - 3421 (3761429 Gflops/s) - 3432 (3773523 Gflops/s) - 3358 (3692160 Gflops/s) - 3407 (3746036 Gflops/s) - 3389 (3726244 Gflops/s) | Temperatures: 60°C - 61°C - 72°C - 70°C - 63°C - 61°C - 71°C - 74°C | Throttling: None - None - None - None - None - None - None - None
3432 (3773523 Gflops/s) - 3460 (3804310 Gflops/s) - 3399 (3737240 Gflops/s) - 3415 (3754832 Gflops/s) - 3425 (3765827 Gflops/s) - 3356 (3689961 Gflops/s) - 3400 (3738339 Gflops/s) - 3382 (3718548 Gflops/s) | Temperatures: 60°C - 61°C - 72°C - 70°C - 63°C - 61°C - 71°C - 74°C | Throttling: None - None - None - None - None - None - None - None
3484 (3830698 Gflops/s) - 3512 (3861484 Gflops/s) - 3450 (3793315 Gflops/s) - 3466 (3810907 Gflops/s) - 3473 (3818603 Gflops/s) - 3399 (3737240 Gflops/s) - 3448 (3791116 Gflops/s) - 3433 (3774623 Gflops/s) | Temperatures: 60°C - 61°C - 72°C - 70°C - 63°C - 61°C - 71°C - 74°C | Throttling: None - None - None - None - None - None - None - None
3397 (3735040 Gflops/s) - 3426 (3766926 Gflops/s) - 3363 (3697657 Gflops/s) - 3382 (3718548 Gflops/s) - 3391 (3728443 Gflops/s) - 3319 (3649279 Gflops/s) - 3367 (3702055 Gflops/s) - 3347 (3680065 Gflops/s) | Temperatures: 60°C - 61°C - 72°C - 70°C - 63°C - 60°C - 71°C - 74°C | Throttling: None - None - None - None - None - None - None - None
3557 (3910962 Gflops/s) - 3589 (3946147 Gflops/s) - 3524 (3874678 Gflops/s) - 3554 (3907664 Gflops/s) - 3549 (3902166 Gflops/s) - 3482 (3828499 Gflops/s) - 3525 (3875778 Gflops/s) - 3507 (3855987 Gflops/s) | Temperatures: 60°C - 61°C - 72°C - 70°C - 63°C - 61°C - 71°C - 74°C | Throttling: None - None - None - None - None - None - None - None
3670 (4035207 Gflops/s) - 3703 (4071491 Gflops/s) - 3633 (3994525 Gflops/s) - 3655 (4018714 Gflops/s) - 3663 (4027511 Gflops/s) - 3585 (3941749 Gflops/s) - 3635 (3996724 Gflops/s) - 3618 (3978033 Gflops/s) | Temperatures: 60°C - 61°C - 72°C - 70°C - 63°C - 60°C - 71°C - 74°C | Throttling: None - None - None - None - None - None - None - None
3672 (4037406 Gflops/s) - 3704 (4072591 Gflops/s) - 3636 (3997824 Gflops/s) - 3637 (3998923 Gflops/s) - 3673 (4038506 Gflops/s) - 3584 (3940649 Gflops/s) - 3637 (3998923 Gflops/s) - 3618 (3978033 Gflops/s) | Temperatures: 60°C - 61°C - 72°C - 70°C - 63°C - 61°C - 71°C - 74°C | Throttling: None - None - None - None - None - None - None - None
3670 (4035207 Gflops/s) - 3707 (4075889 Gflops/s) - 3635 (3996724 Gflops/s) - 3661 (4025312 Gflops/s) - 3666 (4030809 Gflops/s) - 3594 (3951644 Gflops/s) - 3637 (3998923 Gflops/s) - 3618 (3978033 Gflops/s) | Temperatures: 60°C - 61°C - 72°C - 70°C - 63°C - 61°C - 71°C - 74°C | Throttling: None - None - None - None - None - None - None - None
3670 (4035207 Gflops/s) - 3703 (4071491 Gflops/s) - 3636 (3997824 Gflops/s) - 3655 (4018714 Gflops/s) - 3667 (4031909 Gflops/s) - 3588 (3945047 Gflops/s) - 3635 (3996724 Gflops/s) - 3618 (3978033 Gflops/s) | Temperatures: 60°C - 61°C - 72°C - 70°C - 63°C - 61°C - 71°C - 74°C | Throttling: None - None - None - None - None - None - None - None
3667 (4031909 Gflops/s) - 3701 (4069292 Gflops/s) - 3634 (3995625 Gflops/s) - 3649 (4012117 Gflops/s) - 3660 (4024212 Gflops/s) - 3582 (3938450 Gflops/s) - 3633 (3994525 Gflops/s) - 3615 (3974734 Gflops/s) | Temperatures: 60°C - 61°C - 72°C - 70°C - 63°C - 61°C - 71°C - 74°C | Throttling: None - None - None - None - None - None - None - None
3670 (4035207 Gflops/s) - 3702 (4070392 Gflops/s) - 3635 (3996724 Gflops/s) - 3646 (4008819 Gflops/s) - 3661 (4025312 Gflops/s) - 3602 (3960440 Gflops/s) - 3636 (3997824 Gflops/s) - 3619 (3979132 Gflops/s) | Temperatures: 60°C - 61°C - 72°C - 70°C - 63°C - 61°C - 71°C - 74°C | Throttling: None - None - None - None - None - None - None - None
3671 (4036307 Gflops/s) - 3704 (4072591 Gflops/s) - 3632 (3993426 Gflops/s) - 3640 (4002222 Gflops/s) - 3668 (4033008 Gflops/s) - 3586 (3942848 Gflops/s) - 3637 (3998923 Gflops/s) - 3619 (3979132 Gflops/s) | Temperatures: 60°C - 61°C - 72°C - 70°C - 63°C - 61°C - 71°C - 74°C | Throttling: None - None - None - None - None - None - None - None
3672 (4037406 Gflops/s) - 3704 (4072591 Gflops/s) - 3638 (4000023 Gflops/s) - 3639 (4001122 Gflops/s) - 3666 (4030809 Gflops/s) - 3591 (3948346 Gflops/s) - 3635 (3996724 Gflops/s) - 3618 (3978033 Gflops/s) | Temperatures: 60°C - 61°C - 72°C - 70°C - 63°C - 61°C - 71°C - 74°C | Throttling: None - None - None - None - None - None - None - None
3669 (4034108 Gflops/s) - 3700 (4068193 Gflops/s) - 3635 (3996724 Gflops/s) - 3659 (4023113 Gflops/s) - 3670 (4035207 Gflops/s) - 3583 (3939550 Gflops/s) - 3636 (3997824 Gflops/s) - 3617 (3976933 Gflops/s) | Temperatures: 60°C - 61°C - 72°C - 70°C - 63°C - 61°C - 71°C - 74°C | Throttling: None - None - None - None - None - None - None - None
3673 (4038506 Gflops/s) - 3702 (4070392 Gflops/s) - 3633 (3994525 Gflops/s) - 3652 (4015416 Gflops/s) - 3667 (4031909 Gflops/s) - 3586 (3942848 Gflops/s) - 3637 (3998923 Gflops/s) - 3619 (3979132 Gflops/s) | Temperatures: 60°C - 61°C - 72°C - 70°C - 63°C - 60°C - 71°C - 74°C | Throttling: None - None - None - None - None - None - None - None
3668 (4033008 Gflops/s) - 3705 (4073690 Gflops/s) - 3636 (3997824 Gflops/s) - 3638 (4000023 Gflops/s) - 3664 (4028610 Gflops/s) - 3600 (3958241 Gflops/s) - 3636 (3997824 Gflops/s) - 3618 (3978033 Gflops/s) | Temperatures: 60°C - 61°C - 72°C - 70°C - 63°C - 61°C - 71°C - 74°C | Throttling: None - None - None - None - None - None - None - None
3670 (4035207 Gflops/s) - 3705 (4073690 Gflops/s) - 3635 (3996724 Gflops/s) - 3654 (4017615 Gflops/s) - 3670 (4035207 Gflops/s) - 3583 (3939550 Gflops/s) - 3635 (3996724 Gflops/s) - 3617 (3976933 Gflops/s) | Temperatures: 60°C - 61°C - 72°C - 70°C - 63°C - 60°C - 71°C - 74°C | Throttling: None - None - None - None - None - None - None - None
3674 (4039605 Gflops/s) - 3703 (4071491 Gflops/s) - 3635 (3996724 Gflops/s) - 3656 (4019814 Gflops/s) - 3663 (4027511 Gflops/s) - 3602 (3960440 Gflops/s) - 3635 (3996724 Gflops/s) - 3619 (3979132 Gflops/s) | Temperatures: 60°C - 61°C - 72°C - 70°C - 63°C - 61°C - 71°C - 74°C | Throttling: None - None - None - None - None - None - None - None
3669 (4034108 Gflops/s) - 3706 (4074790 Gflops/s) - 3636 (3997824 Gflops/s) - 3645 (4007719 Gflops/s) - 3667 (4031909 Gflops/s) - 3596 (3953843 Gflops/s) - 3636 (3997824 Gflops/s) - 3617 (3976933 Gflops/s) | Temperatures: 60°C - 61°C - 72°C - 70°C - 63°C - 61°C - 71°C - 74°C | Throttling: None - None - None - None - None - None - None - None
3671 (4036307 Gflops/s) - 3705 (4073690 Gflops/s) - 3635 (3996724 Gflops/s) - 3654 (4017615 Gflops/s) - 3663 (4027511 Gflops/s) - 3587 (3943948 Gflops/s) - 3638 (4000023 Gflops/s) - 3618 (3978033 Gflops/s) | Temperatures: 60°C - 61°C - 72°C - 70°C - 63°C - 61°C - 71°C - 74°C | Throttling: None - None - None - None - None - None - None - None
3668 (4033008 Gflops/s) - 3701 (4069292 Gflops/s) - 3629 (3990127 Gflops/s) - 3646 (4008819 Gflops/s) - 3660 (4024212 Gflops/s) - 3581 (3937351 Gflops/s) - 3631 (3992326 Gflops/s) - 3614 (3973635 Gflops/s) | Temperatures: 60°C - 61°C - 72°C - 70°C - 63°C - 60°C - 71°C - 74°C | Throttling: None - None - None - None - None - None - None - None
3672 (4037406 Gflops/s) - 3704 (4072591 Gflops/s) - 3635 (3996724 Gflops/s) - 3655 (4018714 Gflops/s) - 3662 (4026411 Gflops/s) - 3587 (3943948 Gflops/s) - 3635 (3996724 Gflops/s) - 3617 (3976933 Gflops/s) | Temperatures: 60°C - 61°C - 72°C - 70°C - 63°C - 60°C - 71°C - 74°C | Throttling: None - None - None - None - None - None - None - None
3670 (4035207 Gflops/s) - 3705 (4073690 Gflops/s) - 3635 (3996724 Gflops/s) - 3639 (4001122 Gflops/s) - 3675 (4040705 Gflops/s) - 3584 (3940649 Gflops/s) - 3637 (3998923 Gflops/s) - 3618 (3978033 Gflops/s) | Temperatures: 60°C - 61°C - 72°C - 70°C - 63°C - 61°C - 71°C - 74°C | Throttling: None - None - None - None - None - None - None - None
3672 (4037406 Gflops/s) - 3705 (4073690 Gflops/s) - 3636 (3997824 Gflops/s) - 3657 (4020914 Gflops/s) - 3667 (4031909 Gflops/s) - 3586 (3942848 Gflops/s) - 3636 (3997824 Gflops/s) - 3619 (3979132 Gflops/s) | Temperatures: 60°C - 61°C - 72°C - 70°C - 63°C - 60°C - 71°C - 74°C | Throttling: None - None - None - None - None - None - None - None
3671 (4036307 Gflops/s) - 3704 (4072591 Gflops/s) - 3637 (3998923 Gflops/s) - 3636 (3997824 Gflops/s) - 3661 (4025312 Gflops/s) - 3583 (3939550 Gflops/s) - 3637 (3998923 Gflops/s) - 3618 (3978033 Gflops/s) | Temperatures: 60°C - 61°C - 72°C - 70°C - 63°C - 61°C - 71°C - 74°C | Throttling: None - None - None - None - None - None - None - None
3672 (4037406 Gflops/s) - 3704 (4072591 Gflops/s) - 3634 (3995625 Gflops/s) - 3657 (4020914 Gflops/s) - 3673 (4038506 Gflops/s) - 3582 (3938450 Gflops/s) - 3636 (3997824 Gflops/s) - 3617 (3976933 Gflops/s) | Temperatures: 60°C - 61°C - 72°C - 70°C - 63°C - 60°C - 71°C - 74°C | Throttling: None - None - None - None - None - None - None - None
3673 (4038506 Gflops/s) - 3703 (4071491 Gflops/s) - 3635 (3996724 Gflops/s) - 3666 (4030809 Gflops/s) - 3669 (4034108 Gflops/s) - 3589 (3946147 Gflops/s) - 3636 (3997824 Gflops/s) - 3618 (3978033 Gflops/s) | Temperatures: 60°C - 61°C - 72°C - 70°C - 63°C - 60°C - 71°C - 74°C | Throttling: None - None - None - None - None - None - None - None
3671 (4036307 Gflops/s) - 3703 (4071491 Gflops/s) - 3635 (3996724 Gflops/s) - 3664 (4028610 Gflops/s) - 3664 (4028610 Gflops/s) - 3588 (3945047 Gflops/s) - 3635 (3996724 Gflops/s) - 3619 (3979132 Gflops/s) | Temperatures: 60°C - 61°C - 72°C - 70°C - 63°C - 60°C - 71°C - 74°C | Throttling: None - None - None - None - None - None - None - None
3671 (4036307 Gflops/s) - 3706 (4074790 Gflops/s) - 3635 (3996724 Gflops/s) - 3647 (4009918 Gflops/s) - 3670 (4035207 Gflops/s) - 3582 (3938450 Gflops/s) - 3637 (3998923 Gflops/s) - 3619 (3979132 Gflops/s) | Temperatures: 60°C - 61°C - 72°C - 70°C - 63°C - 61°C - 71°C - 74°C | Throttling: None - None - None - None - None - None - None - None
3739 (4111073 Gflops/s) - 3774 (4149556 Gflops/s) - 3702 (4070392 Gflops/s) - 3726 (4096780 Gflops/s) - 3731 (4102277 Gflops/s) - 3661 (4025312 Gflops/s) - 3702 (4070392 Gflops/s) - 3684 (4050600 Gflops/s) | Temperatures: 60°C - 61°C - 72°C - 70°C - 63°C - 61°C - 71°C - 74°C | Throttling: None - None - None - None - None - None - None - None
3777 (4152855 Gflops/s) - 3809 (4188039 Gflops/s) - 3741 (4113272 Gflops/s) - 3746 (4118770 Gflops/s) - 3768 (4142959 Gflops/s) - 3694 (4061595 Gflops/s) - 3738 (4109974 Gflops/s) - 3722 (4092382 Gflops/s) | Temperatures: 60°C - 61°C - 72°C - 70°C - 63°C - 60°C - 71°C - 74°C | Throttling: None - None - None - None - None - None - None - None
3779 (4155054 Gflops/s) - 3812 (4191338 Gflops/s) - 3742 (4114372 Gflops/s) - 3756 (4129765 Gflops/s) - 3770 (4145158 Gflops/s) - 3688 (4054998 Gflops/s) - 3742 (4114372 Gflops/s) - 3722 (4092382 Gflops/s) | Temperatures: 60°C - 61°C - 72°C - 70°C - 63°C - 60°C - 71°C - 74°C | Throttling: None - None - None - None - None - None - None - None
3776 (4151755 Gflops/s) - 3813 (4192437 Gflops/s) - 3739 (4111073 Gflops/s) - 3750 (4123168 Gflops/s) - 3765 (4139661 Gflops/s) - 3691 (4058297 Gflops/s) - 3741 (4113272 Gflops/s) - 3722 (4092382 Gflops/s) | Temperatures: 60°C - 61°C - 72°C - 70°C - 63°C - 61°C - 71°C - 74°C | Throttling: None - None - None - None - None - None - None - None
2545 (2798257 Gflops/s) - 3398 (3736140 Gflops/s) - 2783 (3059940 Gflops/s) - 3193 (3510740 Gflops/s) - 2496 (2744381 Gflops/s) - 3108 (3417282 Gflops/s) - 3418 (3758130 Gflops/s) - 3306 (3634985 Gflops/s) | Temperatures: 53°C - 61°C - 72°C - 70°C - 55°C - 60°C - 71°C - 74°C | Throttling: None - None - None - None - None - None - None - None
GPU #0: 4023331 Gflops/s (min: 2798257.09, max: 4158352.98, dev: 4023331.44)
         Temperature: 59.71°C (min: 53.00, max: 60.00)
         Throttling HW: false, Thermal SW: false, Thermal HW: false
GPU #1: 4061223 Gflops/s (min: 3660274.21, max: 4194636.86, dev: 4061223.17)
         Temperature: 60.79°C (min: 57.00, max: 61.00)
         Throttling HW: false, Thermal SW: false, Thermal HW: false
GPU #2: 3982461 Gflops/s (min: 3059940.86, max: 4120969.58, dev: 3982461.24)
         Temperature: 71.49°C (min: 66.00, max: 72.00)
         Throttling HW: false, Thermal SW: false, Thermal HW: false
GPU #3: 4013568 Gflops/s (min: 3510740.63, max: 4161651.51, dev: 4013567.63)
         Temperature: 69.52°C (min: 65.00, max: 70.00)
         Throttling HW: false, Thermal SW: false, Thermal HW: false
GPU #4: 4018165 Gflops/s (min: 2744381.02, max: 4166049.56, dev: 4018165.24)
         Temperature: 62.69°C (min: 55.00, max: 63.00)
         Throttling HW: false, Thermal SW: false, Thermal HW: false
GPU #5: 3941738 Gflops/s (min: 3417282.14, max: 4100078.86, dev: 3941737.89)
         Temperature: 60.36°C (min: 56.00, max: 61.00)
         Throttling HW: false, Thermal SW: false, Thermal HW: false
GPU #6: 3991201 Gflops/s (min: 3599801.07, max: 4125367.63, dev: 3991200.85)
         Temperature: 70.47°C (min: 65.00, max: 71.00)
         Throttling HW: false, Thermal SW: false, Thermal HW: false
GPU #7: 3970958 Gflops/s (min: 3577810.84, max: 4104476.91, dev: 3970957.79)
         Temperature: 73.49°C (min: 69.00, max: 74.00)
         Throttling HW: false, Thermal SW: false, Thermal HW: false
All GPUs seem healthy
Freeing GPUs...
