Node        = node5700
Date        = Mon Aug 10 13:18:35 EDT 2026
OS          = Ubuntu 24.04.4 LTS / 6.8.0-124-generic
Container   = /orcd/data/orcd/022/benchmarks/gpu-fryer/gpu-fryer_1.1.0.sif
apptainer   = /usr/bin/apptainer (apptainer version 1.5.2)
Duration    = 300 s per precision
GPU 0: NVIDIA B200 (UUID: GPU-2d47fcdd-5ef8-3e65-1a1e-6e4c15fc4b3e)
GPU 1: NVIDIA B200 (UUID: GPU-da18bd1f-503a-9487-8225-8ac6e971eb1f)
GPU 2: NVIDIA B200 (UUID: GPU-57dfd585-f61d-35df-d790-532b3dbaa636)
GPU 3: NVIDIA B200 (UUID: GPU-60c35a93-f6e6-a0a9-1ebe-e5399df8c934)
GPU 4: NVIDIA B200 (UUID: GPU-251fc339-0eb7-5c3d-4d12-af532c7098d4)
GPU 5: NVIDIA B200 (UUID: GPU-ee817063-a4a6-685b-6343-ff025e23d2a0)
GPU 6: NVIDIA B200 (UUID: GPU-a14b1152-7e95-20fb-1cc7-a1d00b115f83)
GPU 7: NVIDIA B200 (UUID: GPU-0d35de3d-b2a4-3a15-dec8-cd2dce177efd)
NVIDIA B200, 570.211.01, 183359 MiB
======== Run with fp32 ==========
Detected GPU #0: "NVIDIA B200" (2d47fcdd-5ef8-3e65-1a1e-6e4c15fc4b3e)
Detected GPU #1: "NVIDIA B200" (da18bd1f-503a-9487-8225-8ac6e971eb1f)
Detected GPU #2: "NVIDIA B200" (57dfd585-f61d-35df-d790-532b3dbaa636)
Detected GPU #3: "NVIDIA B200" (60c35a93-f6e6-a0a9-1ebe-e5399df8c934)
Detected GPU #4: "NVIDIA B200" (251fc339-0eb7-5c3d-4d12-af532c7098d4)
Detected GPU #5: "NVIDIA B200" (ee817063-a4a6-685b-6343-ff025e23d2a0)
Detected GPU #6: "NVIDIA B200" (a14b1152-7e95-20fb-1cc7-a1d00b115f83)
Detected GPU #7: "NVIDIA B200" (0d35de3d-b2a4-3a15-dec8-cd2dce177efd)
Using precision(s): FP32  
Creating random matrices
Matrices created
GPU #0: Using 163814 MB
GPU #1: Using 163814 MB
GPU #2: Using 163814 MB
GPU #3: Using 163814 MB
GPU #4: Using 163814 MB
GPU #5: Using 163814 MB
1355 (1489838 Gflops/s) - 952 (1046735 Gflops/s) - 0 (0 Gflops/s) - 0 (0 Gflops/s) - 0 (0 Gflops/s) - 0 (0 Gflops/s) - 0 (0 Gflops/s) - 0 (0 Gflops/s) | Temperatures: 46°C - 47°C - 39°C - 38°C - 34°C - 34°C - 38°C - 39°C | GPU #6: Using 163814 MB
Throttling: None - None - None - None - None - None - None - None
GPU #7: Using 163814 MB
697 (766359 Gflops/s) - 691 (759762 Gflops/s) - 0 (0 Gflops/s) - 0 (0 Gflops/s) - 0 (0 Gflops/s) - 0 (0 Gflops/s) - 0 (0 Gflops/s) - 0 (0 Gflops/s) | Temperatures: 49°C - 49°C - 39°C - 38°C - 34°C - 34°C - 38°C - 39°C | Throttling: None - None - None - None - None - None - None - None
697 (766359 Gflops/s) - 691 (759762 Gflops/s) - 962 (1057730 Gflops/s) - 0 (0 Gflops/s) - 0 (0 Gflops/s) - 0 (0 Gflops/s) - 0 (0 Gflops/s) - 0 (0 Gflops/s) | Temperatures: 50°C - 50°C - 51°C - 38°C - 34°C - 34°C - 38°C - 39°C | Throttling: None - None - None - None - None - None - None - None
697 (766359 Gflops/s) - 692 (760862 Gflops/s) - 699 (768558 Gflops/s) - 1431 (1573401 Gflops/s) - 1179 (1296324 Gflops/s) - 936 (1029142 Gflops/s) - 900 (989560 Gflops/s) - 880 (967570 Gflops/s) | Temperatures: 51°C - 51°C - 54°C - 53°C - 48°C - 44°C - 49°C - 51°C | Throttling: None - None - None - None - None - None - None - None
695 (764160 Gflops/s) - 689 (757563 Gflops/s) - 698 (767459 Gflops/s) - 692 (760862 Gflops/s) - 692 (760862 Gflops/s) - 698 (767459 Gflops/s) - 673 (739971 Gflops/s) - 681 (748767 Gflops/s) | Temperatures: 51°C - 52°C - 55°C - 54°C - 50°C - 49°C - 53°C - 54°C | Throttling: None - None - None - None - None - None - None - None
697 (766359 Gflops/s) - 690 (758663 Gflops/s) - 698 (767459 Gflops/s) - 693 (761961 Gflops/s) - 694 (763061 Gflops/s) - 702 (771857 Gflops/s) - 674 (741070 Gflops/s) - 682 (749866 Gflops/s) | Temperatures: 52°C - 52°C - 56°C - 55°C - 51°C - 50°C - 54°C - 56°C | Throttling: None - None - None - None - None - None - None - None
696 (765260 Gflops/s) - 690 (758663 Gflops/s) - 699 (768558 Gflops/s) - 694 (763061 Gflops/s) - 694 (763061 Gflops/s) - 699 (768558 Gflops/s) - 675 (742170 Gflops/s) - 680 (747667 Gflops/s) | Temperatures: 52°C - 53°C - 57°C - 56°C - 52°C - 51°C - 55°C - 56°C | Throttling: None - None - None - None - None - None - None - None
694 (763061 Gflops/s) - 690 (758663 Gflops/s) - 697 (766359 Gflops/s) - 694 (763061 Gflops/s) - 693 (761961 Gflops/s) - 700 (769658 Gflops/s) - 691 (759762 Gflops/s) - 681 (748767 Gflops/s) | Temperatures: 53°C - 53°C - 57°C - 56°C - 52°C - 52°C - 55°C - 57°C | Throttling: None - None - None - None - None - None - None - None
694 (763061 Gflops/s) - 689 (757563 Gflops/s) - 697 (766359 Gflops/s) - 694 (763061 Gflops/s) - 692 (760862 Gflops/s) - 699 (768558 Gflops/s) - 689 (757563 Gflops/s) - 677 (744369 Gflops/s) | Temperatures: 53°C - 54°C - 58°C - 57°C - 53°C - 52°C - 56°C - 58°C | Throttling: None - None - None - None - None - None - None - None
695 (764160 Gflops/s) - 688 (756463 Gflops/s) - 696 (765260 Gflops/s) - 693 (761961 Gflops/s) - 692 (760862 Gflops/s) - 699 (768558 Gflops/s) - 692 (760862 Gflops/s) - 678 (745468 Gflops/s) | Temperatures: 53°C - 54°C - 58°C - 57°C - 53°C - 53°C - 56°C - 58°C | Throttling: None - None - None - None - None - None - None - None
694 (763061 Gflops/s) - 689 (757563 Gflops/s) - 696 (765260 Gflops/s) - 694 (763061 Gflops/s) - 692 (760862 Gflops/s) - 697 (766359 Gflops/s) - 689 (757563 Gflops/s) - 678 (745468 Gflops/s) | Temperatures: 54°C - 54°C - 59°C - 58°C - 54°C - 53°C - 57°C - 59°C | Throttling: None - None - None - None - None - None - None - None
694 (763061 Gflops/s) - 687 (755364 Gflops/s) - 694 (763061 Gflops/s) - 692 (760862 Gflops/s) - 692 (760862 Gflops/s) - 697 (766359 Gflops/s) - 689 (757563 Gflops/s) - 678 (745468 Gflops/s) | Temperatures: 54°C - 54°C - 59°C - 58°C - 54°C - 54°C - 57°C - 59°C | Throttling: None - None - None - None - None - None - None - None
693 (761961 Gflops/s) - 688 (756463 Gflops/s) - 695 (764160 Gflops/s) - 693 (761961 Gflops/s) - 691 (759762 Gflops/s) - 698 (767459 Gflops/s) - 691 (759762 Gflops/s) - 678 (745468 Gflops/s) | Temperatures: 54°C - 55°C - 60°C - 59°C - 55°C - 54°C - 58°C - 60°C | Throttling: None - None - None - None - None - None - None - None
693 (761961 Gflops/s) - 688 (756463 Gflops/s) - 695 (764160 Gflops/s) - 692 (760862 Gflops/s) - 691 (759762 Gflops/s) - 696 (765260 Gflops/s) - 688 (756463 Gflops/s) - 678 (745468 Gflops/s) | Temperatures: 55°C - 55°C - 60°C - 59°C - 55°C - 54°C - 58°C - 60°C | Throttling: None - None - None - None - None - None - None - None
692 (760862 Gflops/s) - 688 (756463 Gflops/s) - 693 (761961 Gflops/s) - 691 (759762 Gflops/s) - 693 (761961 Gflops/s) - 695 (764160 Gflops/s) - 687 (755364 Gflops/s) - 677 (744369 Gflops/s) | Temperatures: 55°C - 55°C - 61°C - 60°C - 55°C - 55°C - 58°C - 60°C | Throttling: None - None - None - None - None - None - None - None
693 (761961 Gflops/s) - 689 (757563 Gflops/s) - 693 (761961 Gflops/s) - 691 (759762 Gflops/s) - 693 (761961 Gflops/s) - 696 (765260 Gflops/s) - 688 (756463 Gflops/s) - 676 (743269 Gflops/s) | Temperatures: 55°C - 56°C - 61°C - 60°C - 56°C - 55°C - 59°C - 61°C | Throttling: None - None - None - None - None - None - None - None
694 (763061 Gflops/s) - 690 (758663 Gflops/s) - 692 (760862 Gflops/s) - 691 (759762 Gflops/s) - 694 (763061 Gflops/s) - 695 (764160 Gflops/s) - 688 (756463 Gflops/s) - 676 (743269 Gflops/s) | Temperatures: 56°C - 56°C - 61°C - 60°C - 56°C - 55°C - 59°C - 61°C | Throttling: None - None - None - None - None - None - None - None
696 (765260 Gflops/s) - 692 (760862 Gflops/s) - 692 (760862 Gflops/s) - 689 (757563 Gflops/s) - 693 (761961 Gflops/s) - 695 (764160 Gflops/s) - 687 (755364 Gflops/s) - 676 (743269 Gflops/s) | Temperatures: 56°C - 56°C - 62°C - 61°C - 56°C - 56°C - 60°C - 61°C | Throttling: None - None - None - None - None - None - None - None
695 (764160 Gflops/s) - 691 (759762 Gflops/s) - 692 (760862 Gflops/s) - 690 (758663 Gflops/s) - 694 (763061 Gflops/s) - 697 (766359 Gflops/s) - 686 (754264 Gflops/s) - 675 (742170 Gflops/s) | Temperatures: 56°C - 56°C - 62°C - 61°C - 56°C - 56°C - 60°C - 62°C | Throttling: None - None - None - None - None - None - None - None
696 (765260 Gflops/s) - 690 (758663 Gflops/s) - 692 (760862 Gflops/s) - 690 (758663 Gflops/s) - 693 (761961 Gflops/s) - 699 (768558 Gflops/s) - 686 (754264 Gflops/s) - 677 (744369 Gflops/s) | Temperatures: 56°C - 57°C - 62°C - 62°C - 57°C - 56°C - 60°C - 62°C | Throttling: None - None - None - None - None - None - None - None
696 (765260 Gflops/s) - 691 (759762 Gflops/s) - 691 (759762 Gflops/s) - 690 (758663 Gflops/s) - 692 (760862 Gflops/s) - 701 (770757 Gflops/s) - 687 (755364 Gflops/s) - 674 (741070 Gflops/s) | Temperatures: 57°C - 57°C - 63°C - 62°C - 57°C - 56°C - 61°C - 62°C | Throttling: None - None - None - None - None - None - None - None
695 (764160 Gflops/s) - 689 (757563 Gflops/s) - 690 (758663 Gflops/s) - 688 (756463 Gflops/s) - 691 (759762 Gflops/s) - 696 (765260 Gflops/s) - 687 (755364 Gflops/s) - 674 (741070 Gflops/s) | Temperatures: 57°C - 57°C - 63°C - 62°C - 57°C - 56°C - 61°C - 63°C | Throttling: None - None - None - None - None - None - None - None
696 (765260 Gflops/s) - 691 (759762 Gflops/s) - 690 (758663 Gflops/s) - 688 (756463 Gflops/s) - 693 (761961 Gflops/s) - 699 (768558 Gflops/s) - 687 (755364 Gflops/s) - 675 (742170 Gflops/s) | Temperatures: 57°C - 57°C - 63°C - 63°C - 57°C - 57°C - 61°C - 63°C | Throttling: None - None - None - None - None - None - None - None
695 (764160 Gflops/s) - 689 (757563 Gflops/s) - 688 (756463 Gflops/s) - 688 (756463 Gflops/s) - 691 (759762 Gflops/s) - 697 (766359 Gflops/s) - 684 (752065 Gflops/s) - 673 (739971 Gflops/s) | Temperatures: 57°C - 57°C - 64°C - 63°C - 58°C - 57°C - 62°C - 63°C | Throttling: None - None - None - None - None - None - None - None
696 (765260 Gflops/s) - 689 (757563 Gflops/s) - 697 (766359 Gflops/s) - 687 (755364 Gflops/s) - 692 (760862 Gflops/s) - 696 (765260 Gflops/s) - 683 (750966 Gflops/s) - 674 (741070 Gflops/s) | Temperatures: 57°C - 58°C - 64°C - 63°C - 58°C - 57°C - 62°C - 64°C | Throttling: None - None - None - None - None - None - None - None
695 (764160 Gflops/s) - 688 (756463 Gflops/s) - 682 (749866 Gflops/s) - 687 (755364 Gflops/s) - 691 (759762 Gflops/s) - 698 (767459 Gflops/s) - 686 (754264 Gflops/s) - 673 (739971 Gflops/s) | Temperatures: 58°C - 58°C - 64°C - 63°C - 58°C - 57°C - 62°C - 64°C | Throttling: None - None - None - None - None - None - None - None
696 (765260 Gflops/s) - 689 (757563 Gflops/s) - 690 (758663 Gflops/s) - 688 (756463 Gflops/s) - 691 (759762 Gflops/s) - 696 (765260 Gflops/s) - 685 (753165 Gflops/s) - 678 (745468 Gflops/s) | Temperatures: 58°C - 58°C - 64°C - 64°C - 58°C - 58°C - 63°C - 64°C | Throttling: None - None - None - None - None - None - None - None
695 (764160 Gflops/s) - 688 (756463 Gflops/s) - 688 (756463 Gflops/s) - 684 (752065 Gflops/s) - 691 (759762 Gflops/s) - 697 (766359 Gflops/s) - 683 (750966 Gflops/s) - 677 (744369 Gflops/s) | Temperatures: 58°C - 58°C - 65°C - 64°C - 58°C - 58°C - 63°C - 65°C | Throttling: None - None - None - None - None - None - None - None
695 (764160 Gflops/s) - 688 (756463 Gflops/s) - 691 (759762 Gflops/s) - 688 (756463 Gflops/s) - 691 (759762 Gflops/s) - 697 (766359 Gflops/s) - 682 (749866 Gflops/s) - 677 (744369 Gflops/s) | Temperatures: 58°C - 58°C - 65°C - 64°C - 58°C - 58°C - 63°C - 65°C | Throttling: None - None - None - None - None - None - None - None
694 (763061 Gflops/s) - 689 (757563 Gflops/s) - 691 (759762 Gflops/s) - 687 (755364 Gflops/s) - 691 (759762 Gflops/s) - 696 (765260 Gflops/s) - 682 (749866 Gflops/s) - 677 (744369 Gflops/s) | Temperatures: 58°C - 58°C - 65°C - 64°C - 59°C - 58°C - 63°C - 65°C | Throttling: None - None - None - None - None - None - None - None
695 (764160 Gflops/s) - 702 (771857 Gflops/s) - 692 (760862 Gflops/s) - 688 (756463 Gflops/s) - 690 (758663 Gflops/s) - 696 (765260 Gflops/s) - 681 (748767 Gflops/s) - 677 (744369 Gflops/s) | Temperatures: 58°C - 58°C - 65°C - 65°C - 59°C - 58°C - 64°C - 65°C | Throttling: None - None - None - None - None - None - None - None
693 (761961 Gflops/s) - 673 (739971 Gflops/s) - 690 (758663 Gflops/s) - 687 (755364 Gflops/s) - 690 (758663 Gflops/s) - 696 (765260 Gflops/s) - 682 (749866 Gflops/s) - 674 (741070 Gflops/s) | Temperatures: 58°C - 59°C - 66°C - 65°C - 59°C - 58°C - 64°C - 66°C | Throttling: None - None - None - None - None - None - None - None
695 (764160 Gflops/s) - 688 (756463 Gflops/s) - 691 (759762 Gflops/s) - 688 (756463 Gflops/s) - 690 (758663 Gflops/s) - 696 (765260 Gflops/s) - 680 (747667 Gflops/s) - 678 (745468 Gflops/s) | Temperatures: 58°C - 59°C - 66°C - 65°C - 59°C - 58°C - 64°C - 66°C | Throttling: None - None - None - None - None - None - None - None
695 (764160 Gflops/s) - 688 (756463 Gflops/s) - 691 (759762 Gflops/s) - 688 (756463 Gflops/s) - 690 (758663 Gflops/s) - 696 (765260 Gflops/s) - 680 (747667 Gflops/s) - 676 (743269 Gflops/s) | Temperatures: 59°C - 59°C - 66°C - 65°C - 59°C - 59°C - 64°C - 66°C | Throttling: None - None - None - None - None - None - None - None
694 (763061 Gflops/s) - 687 (755364 Gflops/s) - 690 (758663 Gflops/s) - 689 (757563 Gflops/s) - 690 (758663 Gflops/s) - 697 (766359 Gflops/s) - 680 (747667 Gflops/s) - 675 (742170 Gflops/s) | Temperatures: 59°C - 59°C - 66°C - 66°C - 59°C - 59°C - 65°C - 66°C | Throttling: None - None - None - None - None - None - None - None
693 (761961 Gflops/s) - 687 (755364 Gflops/s) - 689 (757563 Gflops/s) - 689 (757563 Gflops/s) - 689 (757563 Gflops/s) - 695 (764160 Gflops/s) - 682 (749866 Gflops/s) - 676 (743269 Gflops/s) | Temperatures: 59°C - 59°C - 67°C - 66°C - 59°C - 59°C - 65°C - 67°C | Throttling: None - None - None - None - None - None - None - None
693 (761961 Gflops/s) - 688 (756463 Gflops/s) - 691 (759762 Gflops/s) - 687 (755364 Gflops/s) - 690 (758663 Gflops/s) - 695 (764160 Gflops/s) - 685 (753165 Gflops/s) - 674 (741070 Gflops/s) | Temperatures: 59°C - 59°C - 67°C - 66°C - 60°C - 59°C - 65°C - 67°C | Throttling: None - None - None - None - None - None - None - None
694 (763061 Gflops/s) - 687 (755364 Gflops/s) - 690 (758663 Gflops/s) - 688 (756463 Gflops/s) - 690 (758663 Gflops/s) - 695 (764160 Gflops/s) - 684 (752065 Gflops/s) - 675 (742170 Gflops/s) | Temperatures: 59°C - 59°C - 67°C - 66°C - 60°C - 59°C - 65°C - 67°C | Throttling: None - None - None - None - None - None - None - None
692 (760862 Gflops/s) - 687 (755364 Gflops/s) - 689 (757563 Gflops/s) - 686 (754264 Gflops/s) - 689 (757563 Gflops/s) - 695 (764160 Gflops/s) - 684 (752065 Gflops/s) - 675 (742170 Gflops/s) | Temperatures: 59°C - 59°C - 67°C - 67°C - 60°C - 59°C - 66°C - 67°C | Throttling: None - None - None - None - None - None - None - None
694 (763061 Gflops/s) - 699 (768558 Gflops/s) - 690 (758663 Gflops/s) - 686 (754264 Gflops/s) - 689 (757563 Gflops/s) - 695 (764160 Gflops/s) - 684 (752065 Gflops/s) - 674 (741070 Gflops/s) | Temperatures: 59°C - 59°C - 67°C - 67°C - 60°C - 59°C - 66°C - 68°C | Throttling: None - None - None - None - None - None - None - None
693 (761961 Gflops/s) - 675 (742170 Gflops/s) - 690 (758663 Gflops/s) - 688 (756463 Gflops/s) - 689 (757563 Gflops/s) - 696 (765260 Gflops/s) - 684 (752065 Gflops/s) - 675 (742170 Gflops/s) | Temperatures: 59°C - 60°C - 68°C - 67°C - 60°C - 59°C - 66°C - 67°C | Throttling: None - None - None - None - None - None - None - None
693 (761961 Gflops/s) - 686 (754264 Gflops/s) - 690 (758663 Gflops/s) - 686 (754264 Gflops/s) - 688 (756463 Gflops/s) - 694 (763061 Gflops/s) - 684 (752065 Gflops/s) - 673 (739971 Gflops/s) | Temperatures: 59°C - 60°C - 68°C - 67°C - 60°C - 59°C - 66°C - 68°C | Throttling: None - None - None - None - None - None - None - None
693 (761961 Gflops/s) - 687 (755364 Gflops/s) - 690 (758663 Gflops/s) - 687 (755364 Gflops/s) - 689 (757563 Gflops/s) - 695 (764160 Gflops/s) - 683 (750966 Gflops/s) - 674 (741070 Gflops/s) | Temperatures: 59°C - 60°C - 68°C - 67°C - 60°C - 60°C - 66°C - 68°C | Throttling: None - None - None - None - None - None - None - None
693 (761961 Gflops/s) - 687 (755364 Gflops/s) - 690 (758663 Gflops/s) - 687 (755364 Gflops/s) - 690 (758663 Gflops/s) - 696 (765260 Gflops/s) - 684 (752065 Gflops/s) - 672 (738871 Gflops/s) | Temperatures: 59°C - 60°C - 68°C - 68°C - 60°C - 60°C - 66°C - 68°C | Throttling: None - None - None - None - None - None - None - None
693 (761961 Gflops/s) - 687 (755364 Gflops/s) - 691 (759762 Gflops/s) - 686 (754264 Gflops/s) - 689 (757563 Gflops/s) - 695 (764160 Gflops/s) - 683 (750966 Gflops/s) - 676 (743269 Gflops/s) | Temperatures: 60°C - 60°C - 68°C - 68°C - 60°C - 60°C - 67°C - 68°C | Throttling: None - None - None - None - None - None - None - None
693 (761961 Gflops/s) - 687 (755364 Gflops/s) - 689 (757563 Gflops/s) - 686 (754264 Gflops/s) - 688 (756463 Gflops/s) - 693 (761961 Gflops/s) - 682 (749866 Gflops/s) - 668 (734473 Gflops/s) | Temperatures: 60°C - 60°C - 68°C - 68°C - 60°C - 60°C - 67°C - 68°C | Throttling: None - None - None - None - None - None - None - None
693 (761961 Gflops/s) - 687 (755364 Gflops/s) - 690 (758663 Gflops/s) - 686 (754264 Gflops/s) - 689 (757563 Gflops/s) - 695 (764160 Gflops/s) - 684 (752065 Gflops/s) - 671 (737772 Gflops/s) | Temperatures: 60°C - 60°C - 69°C - 68°C - 61°C - 60°C - 67°C - 69°C | Throttling: None - None - None - None - None - None - None - None
693 (761961 Gflops/s) - 686 (754264 Gflops/s) - 690 (758663 Gflops/s) - 686 (754264 Gflops/s) - 690 (758663 Gflops/s) - 695 (764160 Gflops/s) - 683 (750966 Gflops/s) - 672 (738871 Gflops/s) | Temperatures: 60°C - 60°C - 69°C - 68°C - 60°C - 60°C - 67°C - 69°C | Throttling: None - None - None - None - None - None - None - None
692 (760862 Gflops/s) - 702 (771857 Gflops/s) - 688 (756463 Gflops/s) - 685 (753165 Gflops/s) - 688 (756463 Gflops/s) - 693 (761961 Gflops/s) - 688 (756463 Gflops/s) - 671 (737772 Gflops/s) | Temperatures: 60°C - 60°C - 69°C - 68°C - 61°C - 60°C - 67°C - 69°C | Throttling: None - None - None - None - None - None - None - None
693 (761961 Gflops/s) - 671 (737772 Gflops/s) - 690 (758663 Gflops/s) - 685 (753165 Gflops/s) - 689 (757563 Gflops/s) - 694 (763061 Gflops/s) - 676 (743269 Gflops/s) - 671 (737772 Gflops/s) | Temperatures: 60°C - 60°C - 69°C - 68°C - 61°C - 60°C - 68°C - 69°C | Throttling: None - None - None - None - None - None - None - None
693 (761961 Gflops/s) - 686 (754264 Gflops/s) - 689 (757563 Gflops/s) - 686 (754264 Gflops/s) - 689 (757563 Gflops/s) - 695 (764160 Gflops/s) - 682 (749866 Gflops/s) - 672 (738871 Gflops/s) | Temperatures: 60°C - 60°C - 69°C - 69°C - 61°C - 60°C - 68°C - 70°C | Throttling: None - None - None - None - None - None - None - None
693 (761961 Gflops/s) - 687 (755364 Gflops/s) - 689 (757563 Gflops/s) - 685 (753165 Gflops/s) - 689 (757563 Gflops/s) - 695 (764160 Gflops/s) - 681 (748767 Gflops/s) - 672 (738871 Gflops/s) | Temperatures: 60°C - 60°C - 69°C - 69°C - 61°C - 60°C - 68°C - 69°C | Throttling: None - None - None - None - None - None - None - None
691 (759762 Gflops/s) - 685 (753165 Gflops/s) - 698 (767459 Gflops/s) - 684 (752065 Gflops/s) - 688 (756463 Gflops/s) - 693 (761961 Gflops/s) - 681 (748767 Gflops/s) - 671 (737772 Gflops/s) | Temperatures: 60°C - 60°C - 69°C - 69°C - 61°C - 60°C - 68°C - 70°C | Throttling: None - None - None - None - None - None - None - None
692 (760862 Gflops/s) - 687 (755364 Gflops/s) - 677 (744369 Gflops/s) - 685 (753165 Gflops/s) - 688 (756463 Gflops/s) - 694 (763061 Gflops/s) - 681 (748767 Gflops/s) - 671 (737772 Gflops/s) | Temperatures: 60°C - 60°C - 70°C - 69°C - 61°C - 60°C - 68°C - 70°C | Throttling: None - None - None - None - None - None - None - None
693 (761961 Gflops/s) - 686 (754264 Gflops/s) - 689 (757563 Gflops/s) - 685 (753165 Gflops/s) - 688 (756463 Gflops/s) - 695 (764160 Gflops/s) - 681 (748767 Gflops/s) - 673 (739971 Gflops/s) | Temperatures: 60°C - 60°C - 70°C - 69°C - 61°C - 60°C - 68°C - 70°C | Throttling: None - None - None - None - None - None - None - None
692 (760862 Gflops/s) - 686 (754264 Gflops/s) - 686 (754264 Gflops/s) - 684 (752065 Gflops/s) - 703 (772956 Gflops/s) - 694 (763061 Gflops/s) - 681 (748767 Gflops/s) - 669 (735573 Gflops/s) | Temperatures: 60°C - 61°C - 70°C - 69°C - 61°C - 60°C - 68°C - 70°C | Throttling: None - None - None - None - None - None - None - None
692 (760862 Gflops/s) - 686 (754264 Gflops/s) - 688 (756463 Gflops/s) - 684 (752065 Gflops/s) - 673 (739971 Gflops/s) - 694 (763061 Gflops/s) - 680 (747667 Gflops/s) - 670 (736672 Gflops/s) | Temperatures: 60°C - 61°C - 70°C - 69°C - 61°C - 60°C - 68°C - 70°C | Throttling: None - None - None - None - None - None - None - None
692 (760862 Gflops/s) - 686 (754264 Gflops/s) - 687 (755364 Gflops/s) - 684 (752065 Gflops/s) - 688 (756463 Gflops/s) - 694 (763061 Gflops/s) - 681 (748767 Gflops/s) - 669 (735573 Gflops/s) | Temperatures: 60°C - 61°C - 70°C - 70°C - 61°C - 60°C - 68°C - 70°C | Throttling: None - None - None - None - None - None - None - None
691 (759762 Gflops/s) - 686 (754264 Gflops/s) - 686 (754264 Gflops/s) - 683 (750966 Gflops/s) - 687 (755364 Gflops/s) - 693 (761961 Gflops/s) - 681 (748767 Gflops/s) - 669 (735573 Gflops/s) | Temperatures: 60°C - 61°C - 70°C - 70°C - 61°C - 60°C - 69°C - 71°C | Throttling: None - None - None - None - None - None - None - None
691 (759762 Gflops/s) - 686 (754264 Gflops/s) - 687 (755364 Gflops/s) - 684 (752065 Gflops/s) - 689 (757563 Gflops/s) - 694 (763061 Gflops/s) - 680 (747667 Gflops/s) - 669 (735573 Gflops/s) | Temperatures: 60°C - 61°C - 70°C - 70°C - 61°C - 60°C - 69°C - 70°C | Throttling: None - None - None - None - None - None - None - None
691 (759762 Gflops/s) - 686 (754264 Gflops/s) - 685 (753165 Gflops/s) - 683 (750966 Gflops/s) - 687 (755364 Gflops/s) - 693 (761961 Gflops/s) - 680 (747667 Gflops/s) - 667 (733374 Gflops/s) | Temperatures: 60°C - 61°C - 70°C - 70°C - 61°C - 61°C - 69°C - 71°C | Throttling: None - None - None - None - None - None - None - None
693 (761961 Gflops/s) - 686 (754264 Gflops/s) - 685 (753165 Gflops/s) - 684 (752065 Gflops/s) - 689 (757563 Gflops/s) - 694 (763061 Gflops/s) - 680 (747667 Gflops/s) - 669 (735573 Gflops/s) | Temperatures: 60°C - 61°C - 70°C - 70°C - 61°C - 61°C - 69°C - 71°C | Throttling: None - None - None - None - None - None - None - None
692 (760862 Gflops/s) - 686 (754264 Gflops/s) - 686 (754264 Gflops/s) - 683 (750966 Gflops/s) - 688 (756463 Gflops/s) - 694 (763061 Gflops/s) - 681 (748767 Gflops/s) - 669 (735573 Gflops/s) | Temperatures: 60°C - 61°C - 71°C - 70°C - 61°C - 61°C - 69°C - 71°C | Throttling: None - None - None - None - None - None - None - None
691 (759762 Gflops/s) - 685 (753165 Gflops/s) - 686 (754264 Gflops/s) - 683 (750966 Gflops/s) - 688 (756463 Gflops/s) - 692 (760862 Gflops/s) - 679 (746568 Gflops/s) - 667 (733374 Gflops/s) | Temperatures: 60°C - 61°C - 71°C - 70°C - 61°C - 61°C - 69°C - 71°C | Throttling: None - None - None - None - None - None - None - None
691 (759762 Gflops/s) - 686 (754264 Gflops/s) - 684 (752065 Gflops/s) - 683 (750966 Gflops/s) - 695 (764160 Gflops/s) - 694 (763061 Gflops/s) - 680 (747667 Gflops/s) - 669 (735573 Gflops/s) | Temperatures: 60°C - 61°C - 71°C - 70°C - 61°C - 61°C - 69°C - 71°C | Throttling: None - None - None - None - None - None - None - None
691 (759762 Gflops/s) - 686 (754264 Gflops/s) - 683 (750966 Gflops/s) - 687 (755364 Gflops/s) - 680 (747667 Gflops/s) - 693 (761961 Gflops/s) - 680 (747667 Gflops/s) - 667 (733374 Gflops/s) | Temperatures: 60°C - 61°C - 71°C - 70°C - 61°C - 61°C - 69°C - 71°C | Throttling: None - None - None - None - None - None - None - None
691 (759762 Gflops/s) - 685 (753165 Gflops/s) - 685 (753165 Gflops/s) - 679 (746568 Gflops/s) - 688 (756463 Gflops/s) - 693 (761961 Gflops/s) - 680 (747667 Gflops/s) - 668 (734473 Gflops/s) | Temperatures: 61°C - 61°C - 71°C - 71°C - 62°C - 61°C - 69°C - 71°C | Throttling: None - None - None - None - None - None - None - None
690 (758663 Gflops/s) - 686 (754264 Gflops/s) - 682 (749866 Gflops/s) - 682 (749866 Gflops/s) - 687 (755364 Gflops/s) - 693 (761961 Gflops/s) - 679 (746568 Gflops/s) - 668 (734473 Gflops/s) | Temperatures: 61°C - 61°C - 71°C - 71°C - 61°C - 61°C - 70°C - 71°C | Throttling: None - None - None - None - None - None - None - None
691 (759762 Gflops/s) - 685 (753165 Gflops/s) - 684 (752065 Gflops/s) - 683 (750966 Gflops/s) - 688 (756463 Gflops/s) - 693 (761961 Gflops/s) - 679 (746568 Gflops/s) - 667 (733374 Gflops/s) | Temperatures: 61°C - 61°C - 71°C - 71°C - 62°C - 61°C - 70°C - 71°C | Throttling: None - None - None - None - None - None - None - None
691 (759762 Gflops/s) - 685 (753165 Gflops/s) - 684 (752065 Gflops/s) - 683 (750966 Gflops/s) - 687 (755364 Gflops/s) - 693 (761961 Gflops/s) - 679 (746568 Gflops/s) - 667 (733374 Gflops/s) | Temperatures: 61°C - 61°C - 71°C - 71°C - 62°C - 61°C - 70°C - 71°C | Throttling: None - None - None - None - None - None - None - None
692 (760862 Gflops/s) - 686 (754264 Gflops/s) - 683 (750966 Gflops/s) - 683 (750966 Gflops/s) - 688 (756463 Gflops/s) - 693 (761961 Gflops/s) - 680 (747667 Gflops/s) - 666 (732274 Gflops/s) | Temperatures: 61°C - 61°C - 71°C - 71°C - 62°C - 61°C - 70°C - 72°C | Throttling: None - None - None - None - None - None - None - None
690 (758663 Gflops/s) - 686 (754264 Gflops/s) - 684 (752065 Gflops/s) - 683 (750966 Gflops/s) - 687 (755364 Gflops/s) - 694 (763061 Gflops/s) - 679 (746568 Gflops/s) - 666 (732274 Gflops/s) | Temperatures: 61°C - 61°C - 71°C - 71°C - 62°C - 61°C - 70°C - 72°C | Throttling: None - None - None - None - None - None - None - None
692 (760862 Gflops/s) - 685 (753165 Gflops/s) - 683 (750966 Gflops/s) - 683 (750966 Gflops/s) - 688 (756463 Gflops/s) - 693 (761961 Gflops/s) - 678 (745468 Gflops/s) - 666 (732274 Gflops/s) | Temperatures: 61°C - 61°C - 71°C - 71°C - 62°C - 61°C - 70°C - 72°C | Throttling: None - None - None - None - None - None - None - None
690 (758663 Gflops/s) - 685 (753165 Gflops/s) - 684 (752065 Gflops/s) - 682 (749866 Gflops/s) - 691 (759762 Gflops/s) - 692 (760862 Gflops/s) - 687 (755364 Gflops/s) - 668 (734473 Gflops/s) | Temperatures: 61°C - 61°C - 71°C - 71°C - 62°C - 61°C - 70°C - 72°C | Throttling: None - None - None - None - None - None - None - None
691 (759762 Gflops/s) - 685 (753165 Gflops/s) - 682 (749866 Gflops/s) - 683 (750966 Gflops/s) - 684 (752065 Gflops/s) - 693 (761961 Gflops/s) - 671 (737772 Gflops/s) - 666 (732274 Gflops/s) | Temperatures: 61°C - 61°C - 71°C - 71°C - 62°C - 61°C - 70°C - 72°C | Throttling: None - None - None - None - None - None - None - None
691 (759762 Gflops/s) - 685 (753165 Gflops/s) - 683 (750966 Gflops/s) - 682 (749866 Gflops/s) - 687 (755364 Gflops/s) - 710 (780653 Gflops/s) - 679 (746568 Gflops/s) - 667 (733374 Gflops/s) | Temperatures: 61°C - 61°C - 72°C - 71°C - 62°C - 61°C - 70°C - 72°C | Throttling: None - None - None - None - None - None - None - None
691 (759762 Gflops/s) - 685 (753165 Gflops/s) - 683 (750966 Gflops/s) - 683 (750966 Gflops/s) - 687 (755364 Gflops/s) - 676 (743269 Gflops/s) - 678 (745468 Gflops/s) - 667 (733374 Gflops/s) | Temperatures: 61°C - 61°C - 72°C - 71°C - 62°C - 61°C - 70°C - 72°C | Throttling: None - None - None - None - None - None - None - None
691 (759762 Gflops/s) - 685 (753165 Gflops/s) - 682 (749866 Gflops/s) - 682 (749866 Gflops/s) - 687 (755364 Gflops/s) - 694 (763061 Gflops/s) - 678 (745468 Gflops/s) - 665 (731175 Gflops/s) | Temperatures: 61°C - 61°C - 72°C - 72°C - 62°C - 61°C - 70°C - 72°C | Throttling: None - None - None - None - None - None - None - None
690 (758663 Gflops/s) - 685 (753165 Gflops/s) - 682 (749866 Gflops/s) - 683 (750966 Gflops/s) - 687 (755364 Gflops/s) - 692 (760862 Gflops/s) - 678 (745468 Gflops/s) - 665 (731175 Gflops/s) | Temperatures: 61°C - 61°C - 72°C - 72°C - 62°C - 61°C - 71°C - 72°C | Throttling: None - None - None - None - None - None - None - None
691 (759762 Gflops/s) - 685 (753165 Gflops/s) - 683 (750966 Gflops/s) - 683 (750966 Gflops/s) - 688 (756463 Gflops/s) - 694 (763061 Gflops/s) - 678 (745468 Gflops/s) - 666 (732274 Gflops/s) | Temperatures: 61°C - 61°C - 72°C - 72°C - 62°C - 61°C - 71°C - 72°C | Throttling: None - None - None - None - None - None - None - None
691 (759762 Gflops/s) - 685 (753165 Gflops/s) - 683 (750966 Gflops/s) - 682 (749866 Gflops/s) - 687 (755364 Gflops/s) - 692 (760862 Gflops/s) - 678 (745468 Gflops/s) - 667 (733374 Gflops/s) | Temperatures: 61°C - 61°C - 72°C - 72°C - 62°C - 61°C - 71°C - 72°C | Throttling: None - None - None - None - None - None - None - None
690 (758663 Gflops/s) - 683 (750966 Gflops/s) - 681 (748767 Gflops/s) - 683 (750966 Gflops/s) - 687 (755364 Gflops/s) - 693 (761961 Gflops/s) - 677 (744369 Gflops/s) - 671 (737772 Gflops/s) | Temperatures: 61°C - 61°C - 72°C - 72°C - 62°C - 61°C - 71°C - 72°C | Throttling: None - None - None - None - None - None - None - None
691 (759762 Gflops/s) - 685 (753165 Gflops/s) - 682 (749866 Gflops/s) - 682 (749866 Gflops/s) - 690 (758663 Gflops/s) - 693 (761961 Gflops/s) - 678 (745468 Gflops/s) - 658 (723478 Gflops/s) | Temperatures: 61°C - 61°C - 72°C - 72°C - 62°C - 61°C - 71°C - 72°C | Throttling: None - None - None - None - None - None - None - None
690 (758663 Gflops/s) - 685 (753165 Gflops/s) - 682 (749866 Gflops/s) - 682 (749866 Gflops/s) - 684 (752065 Gflops/s) - 693 (761961 Gflops/s) - 677 (744369 Gflops/s) - 664 (730075 Gflops/s) | Temperatures: 61°C - 61°C - 72°C - 72°C - 62°C - 61°C - 71°C - 73°C | Throttling: None - None - None - None - None - None - None - None
690 (758663 Gflops/s) - 684 (752065 Gflops/s) - 680 (747667 Gflops/s) - 682 (749866 Gflops/s) - 686 (754264 Gflops/s) - 692 (760862 Gflops/s) - 678 (745468 Gflops/s) - 663 (728976 Gflops/s) | Temperatures: 61°C - 61°C - 72°C - 72°C - 62°C - 61°C - 71°C - 73°C | Throttling: None - None - None - None - None - None - None - None
691 (759762 Gflops/s) - 685 (753165 Gflops/s) - 683 (750966 Gflops/s) - 683 (750966 Gflops/s) - 688 (756463 Gflops/s) - 693 (761961 Gflops/s) - 679 (746568 Gflops/s) - 665 (731175 Gflops/s) | Temperatures: 61°C - 61°C - 72°C - 72°C - 62°C - 61°C - 71°C - 73°C | Throttling: None - None - None - None - None - None - None - None
690 (758663 Gflops/s) - 686 (754264 Gflops/s) - 682 (749866 Gflops/s) - 682 (749866 Gflops/s) - 687 (755364 Gflops/s) - 693 (761961 Gflops/s) - 678 (745468 Gflops/s) - 666 (732274 Gflops/s) | Temperatures: 61°C - 61°C - 72°C - 72°C - 62°C - 61°C - 71°C - 73°C | Throttling: None - None - None - None - None - None - None - None
689 (757563 Gflops/s) - 684 (752065 Gflops/s) - 680 (747667 Gflops/s) - 681 (748767 Gflops/s) - 686 (754264 Gflops/s) - 692 (760862 Gflops/s) - 676 (743269 Gflops/s) - 663 (728976 Gflops/s) | Temperatures: 61°C - 61°C - 73°C - 72°C - 62°C - 61°C - 71°C - 73°C | Throttling: None - None - None - None - None - None - None - None
691 (759762 Gflops/s) - 686 (754264 Gflops/s) - 682 (749866 Gflops/s) - 682 (749866 Gflops/s) - 688 (756463 Gflops/s) - 693 (761961 Gflops/s) - 677 (744369 Gflops/s) - 665 (731175 Gflops/s) | Temperatures: 61°C - 62°C - 72°C - 72°C - 62°C - 61°C - 71°C - 73°C | Throttling: None - None - None - None - None - None - None - None
690 (758663 Gflops/s) - 685 (753165 Gflops/s) - 680 (747667 Gflops/s) - 682 (749866 Gflops/s) - 687 (755364 Gflops/s) - 693 (761961 Gflops/s) - 678 (745468 Gflops/s) - 663 (728976 Gflops/s) | Temperatures: 61°C - 62°C - 73°C - 72°C - 62°C - 61°C - 71°C - 73°C | Throttling: None - None - None - None - None - None - None - None
691 (759762 Gflops/s) - 685 (753165 Gflops/s) - 682 (749866 Gflops/s) - 681 (748767 Gflops/s) - 687 (755364 Gflops/s) - 693 (761961 Gflops/s) - 678 (745468 Gflops/s) - 663 (728976 Gflops/s) | Temperatures: 61°C - 62°C - 73°C - 72°C - 62°C - 61°C - 71°C - 73°C | Throttling: None - None - None - None - None - None - None - None
689 (757563 Gflops/s) - 685 (753165 Gflops/s) - 680 (747667 Gflops/s) - 681 (748767 Gflops/s) - 691 (759762 Gflops/s) - 692 (760862 Gflops/s) - 676 (743269 Gflops/s) - 665 (731175 Gflops/s) | Temperatures: 61°C - 62°C - 73°C - 72°C - 62°C - 61°C - 71°C - 73°C | Throttling: None - None - None - None - None - None - None - None
691 (759762 Gflops/s) - 689 (757563 Gflops/s) - 680 (747667 Gflops/s) - 681 (748767 Gflops/s) - 683 (750966 Gflops/s) - 694 (763061 Gflops/s) - 677 (744369 Gflops/s) - 663 (728976 Gflops/s) | Temperatures: 61°C - 62°C - 73°C - 72°C - 62°C - 61°C - 71°C - 73°C | Throttling: None - None - None - None - None - None - None - None
690 (758663 Gflops/s) - 681 (748767 Gflops/s) - 679 (746568 Gflops/s) - 682 (749866 Gflops/s) - 687 (755364 Gflops/s) - 692 (760862 Gflops/s) - 677 (744369 Gflops/s) - 664 (730075 Gflops/s) | Temperatures: 61°C - 62°C - 73°C - 72°C - 62°C - 61°C - 71°C - 73°C | Throttling: None - None - None - None - None - None - None - None
699 (768558 Gflops/s) - 685 (753165 Gflops/s) - 681 (748767 Gflops/s) - 681 (748767 Gflops/s) - 686 (754264 Gflops/s) - 692 (760862 Gflops/s) - 676 (743269 Gflops/s) - 663 (728976 Gflops/s) | Temperatures: 61°C - 62°C - 73°C - 73°C - 62°C - 61°C - 72°C - 73°C | Throttling: None - None - None - None - None - None - None - None
681 (748767 Gflops/s) - 685 (753165 Gflops/s) - 690 (758663 Gflops/s) - 682 (749866 Gflops/s) - 687 (755364 Gflops/s) - 693 (761961 Gflops/s) - 678 (745468 Gflops/s) - 664 (730075 Gflops/s) | Temperatures: 61°C - 62°C - 73°C - 73°C - 62°C - 61°C - 72°C - 73°C | Throttling: None - None - None - None - None - None - None - None
689 (757563 Gflops/s) - 684 (752065 Gflops/s) - 670 (736672 Gflops/s) - 682 (749866 Gflops/s) - 687 (755364 Gflops/s) - 692 (760862 Gflops/s) - 677 (744369 Gflops/s) - 663 (728976 Gflops/s) | Temperatures: 61°C - 62°C - 73°C - 73°C - 62°C - 61°C - 72°C - 73°C | Throttling: None - None - None - None - None - None - None - None
689 (757563 Gflops/s) - 686 (754264 Gflops/s) - 680 (747667 Gflops/s) - 681 (748767 Gflops/s) - 687 (755364 Gflops/s) - 693 (761961 Gflops/s) - 677 (744369 Gflops/s) - 662 (727876 Gflops/s) | Temperatures: 61°C - 62°C - 73°C - 73°C - 62°C - 61°C - 72°C - 73°C | Throttling: None - None - None - None - None - None - None - None
689 (757563 Gflops/s) - 684 (752065 Gflops/s) - 679 (746568 Gflops/s) - 681 (748767 Gflops/s) - 687 (755364 Gflops/s) - 691 (759762 Gflops/s) - 676 (743269 Gflops/s) - 663 (728976 Gflops/s) | Temperatures: 61°C - 62°C - 73°C - 73°C - 62°C - 61°C - 72°C - 73°C | Throttling: None - None - None - None - None - None - None - None
689 (757563 Gflops/s) - 684 (752065 Gflops/s) - 680 (747667 Gflops/s) - 683 (750966 Gflops/s) - 686 (754264 Gflops/s) - 693 (761961 Gflops/s) - 677 (744369 Gflops/s) - 665 (731175 Gflops/s) | Temperatures: 61°C - 62°C - 73°C - 73°C - 62°C - 61°C - 72°C - 73°C | Throttling: None - None - None - None - None - None - None - None
691 (759762 Gflops/s) - 685 (753165 Gflops/s) - 679 (746568 Gflops/s) - 679 (746568 Gflops/s) - 694 (763061 Gflops/s) - 693 (761961 Gflops/s) - 677 (744369 Gflops/s) - 664 (730075 Gflops/s) | Temperatures: 61°C - 62°C - 73°C - 73°C - 62°C - 61°C - 72°C - 73°C | Throttling: None - None - None - None - None - None - None - None
689 (757563 Gflops/s) - 684 (752065 Gflops/s) - 679 (746568 Gflops/s) - 680 (747667 Gflops/s) - 680 (747667 Gflops/s) - 692 (760862 Gflops/s) - 676 (743269 Gflops/s) - 661 (726777 Gflops/s) | Temperatures: 61°C - 61°C - 73°C - 73°C - 62°C - 61°C - 72°C - 73°C | Throttling: None - None - None - None - None - None - None - None
690 (758663 Gflops/s) - 685 (753165 Gflops/s) - 679 (746568 Gflops/s) - 681 (748767 Gflops/s) - 687 (755364 Gflops/s) - 692 (760862 Gflops/s) - 678 (745468 Gflops/s) - 663 (728976 Gflops/s) | Temperatures: 61°C - 61°C - 73°C - 73°C - 62°C - 61°C - 72°C - 73°C | Throttling: None - None - None - None - None - None - None - None
691 (759762 Gflops/s) - 685 (753165 Gflops/s) - 681 (748767 Gflops/s) - 681 (748767 Gflops/s) - 687 (755364 Gflops/s) - 693 (761961 Gflops/s) - 677 (744369 Gflops/s) - 662 (727876 Gflops/s) | Temperatures: 61°C - 61°C - 73°C - 73°C - 62°C - 61°C - 72°C - 73°C | Throttling: None - None - None - None - None - None - None - None
689 (757563 Gflops/s) - 684 (752065 Gflops/s) - 679 (746568 Gflops/s) - 681 (748767 Gflops/s) - 687 (755364 Gflops/s) - 692 (760862 Gflops/s) - 676 (743269 Gflops/s) - 662 (727876 Gflops/s) | Temperatures: 61°C - 61°C - 72°C - 72°C - 62°C - 61°C - 72°C - 73°C | Throttling: None - None - None - None - None - None - None - None
691 (759762 Gflops/s) - 684 (752065 Gflops/s) - 679 (746568 Gflops/s) - 682 (749866 Gflops/s) - 688 (756463 Gflops/s) - 693 (761961 Gflops/s) - 676 (743269 Gflops/s) - 663 (728976 Gflops/s) | Temperatures: 61°C - 61°C - 73°C - 72°C - 62°C - 61°C - 71°C - 73°C | Throttling: None - None - None - None - None - None - None - None
690 (758663 Gflops/s) - 685 (753165 Gflops/s) - 681 (748767 Gflops/s) - 680 (747667 Gflops/s) - 688 (756463 Gflops/s) - 693 (761961 Gflops/s) - 677 (744369 Gflops/s) - 664 (730075 Gflops/s) | Temperatures: 61°C - 61°C - 73°C - 72°C - 62°C - 61°C - 71°C - 73°C | Throttling: None - None - None - None - None - None - None - None
690 (758663 Gflops/s) - 684 (752065 Gflops/s) - 679 (746568 Gflops/s) - 681 (748767 Gflops/s) - 687 (755364 Gflops/s) - 691 (759762 Gflops/s) - 677 (744369 Gflops/s) - 661 (726777 Gflops/s) | Temperatures: 61°C - 61°C - 72°C - 72°C - 62°C - 61°C - 71°C - 73°C | Throttling: None - None - None - None - None - None - None - None
690 (758663 Gflops/s) - 684 (752065 Gflops/s) - 679 (746568 Gflops/s) - 681 (748767 Gflops/s) - 687 (755364 Gflops/s) - 693 (761961 Gflops/s) - 677 (744369 Gflops/s) - 663 (728976 Gflops/s) | Temperatures: 61°C - 61°C - 72°C - 72°C - 62°C - 61°C - 71°C - 73°C | Throttling: None - None - None - None - None - None - None - None
690 (758663 Gflops/s) - 684 (752065 Gflops/s) - 680 (747667 Gflops/s) - 680 (747667 Gflops/s) - 693 (761961 Gflops/s) - 693 (761961 Gflops/s) - 676 (743269 Gflops/s) - 663 (728976 Gflops/s) | Temperatures: 61°C - 61°C - 72°C - 72°C - 62°C - 61°C - 71°C - 73°C | Throttling: None - None - None - None - None - None - None - None
690 (758663 Gflops/s) - 684 (752065 Gflops/s) - 679 (746568 Gflops/s) - 681 (748767 Gflops/s) - 680 (747667 Gflops/s) - 692 (760862 Gflops/s) - 677 (744369 Gflops/s) - 663 (728976 Gflops/s) | Temperatures: 60°C - 61°C - 72°C - 72°C - 62°C - 61°C - 71°C - 73°C | Throttling: None - None - None - None - None - None - None - None
691 (759762 Gflops/s) - 685 (753165 Gflops/s) - 680 (747667 Gflops/s) - 680 (747667 Gflops/s) - 688 (756463 Gflops/s) - 693 (761961 Gflops/s) - 677 (744369 Gflops/s) - 663 (728976 Gflops/s) | Temperatures: 61°C - 61°C - 72°C - 72°C - 62°C - 61°C - 71°C - 73°C | Throttling: None - None - None - None - None - None - None - None
690 (758663 Gflops/s) - 685 (753165 Gflops/s) - 681 (748767 Gflops/s) - 679 (746568 Gflops/s) - 688 (756463 Gflops/s) - 692 (760862 Gflops/s) - 677 (744369 Gflops/s) - 663 (728976 Gflops/s) | Temperatures: 60°C - 61°C - 72°C - 72°C - 61°C - 61°C - 71°C - 73°C | Throttling: None - None - None - None - None - None - None - None
690 (758663 Gflops/s) - 685 (753165 Gflops/s) - 681 (748767 Gflops/s) - 681 (748767 Gflops/s) - 687 (755364 Gflops/s) - 693 (761961 Gflops/s) - 677 (744369 Gflops/s) - 663 (728976 Gflops/s) | Temperatures: 60°C - 61°C - 72°C - 72°C - 62°C - 61°C - 71°C - 73°C | Throttling: None - None - None - None - None - None - None - None
690 (758663 Gflops/s) - 684 (752065 Gflops/s) - 678 (745468 Gflops/s) - 680 (747667 Gflops/s) - 687 (755364 Gflops/s) - 692 (760862 Gflops/s) - 677 (744369 Gflops/s) - 663 (728976 Gflops/s) | Temperatures: 60°C - 61°C - 72°C - 72°C - 61°C - 61°C - 71°C - 73°C | Throttling: None - None - None - None - None - None - None - None
691 (759762 Gflops/s) - 685 (753165 Gflops/s) - 681 (748767 Gflops/s) - 681 (748767 Gflops/s) - 688 (756463 Gflops/s) - 693 (761961 Gflops/s) - 677 (744369 Gflops/s) - 663 (728976 Gflops/s) | Temperatures: 60°C - 61°C - 72°C - 72°C - 61°C - 61°C - 71°C - 73°C | Throttling: None - None - None - None - None - None - None - None
692 (760862 Gflops/s) - 685 (753165 Gflops/s) - 680 (747667 Gflops/s) - 680 (747667 Gflops/s) - 687 (755364 Gflops/s) - 692 (760862 Gflops/s) - 678 (745468 Gflops/s) - 664 (730075 Gflops/s) | Temperatures: 60°C - 61°C - 72°C - 72°C - 62°C - 61°C - 71°C - 73°C | Throttling: None - None - None - None - None - None - None - None
690 (758663 Gflops/s) - 684 (752065 Gflops/s) - 679 (746568 Gflops/s) - 680 (747667 Gflops/s) - 686 (754264 Gflops/s) - 692 (760862 Gflops/s) - 676 (743269 Gflops/s) - 662 (727876 Gflops/s) | Temperatures: 60°C - 61°C - 72°C - 72°C - 61°C - 61°C - 71°C - 73°C | Throttling: None - None - None - None - None - None - None - None
690 (758663 Gflops/s) - 684 (752065 Gflops/s) - 681 (748767 Gflops/s) - 680 (747667 Gflops/s) - 693 (761961 Gflops/s) - 692 (760862 Gflops/s) - 677 (744369 Gflops/s) - 664 (730075 Gflops/s) | Temperatures: 60°C - 61°C - 72°C - 72°C - 61°C - 61°C - 71°C - 73°C | Throttling: None - None - None - None - None - None - None - None
690 (758663 Gflops/s) - 686 (754264 Gflops/s) - 680 (747667 Gflops/s) - 681 (748767 Gflops/s) - 682 (749866 Gflops/s) - 693 (761961 Gflops/s) - 677 (744369 Gflops/s) - 663 (728976 Gflops/s) | Temperatures: 60°C - 61°C - 72°C - 72°C - 61°C - 61°C - 71°C - 73°C | Throttling: None - None - None - None - None - None - None - None
691 (759762 Gflops/s) - 685 (753165 Gflops/s) - 681 (748767 Gflops/s) - 681 (748767 Gflops/s) - 688 (756463 Gflops/s) - 693 (761961 Gflops/s) - 678 (745468 Gflops/s) - 663 (728976 Gflops/s) | Temperatures: 60°C - 61°C - 72°C - 72°C - 61°C - 61°C - 71°C - 73°C | Throttling: None - None - None - None - None - None - None - None
691 (759762 Gflops/s) - 684 (752065 Gflops/s) - 679 (746568 Gflops/s) - 680 (747667 Gflops/s) - 687 (755364 Gflops/s) - 692 (760862 Gflops/s) - 677 (744369 Gflops/s) - 663 (728976 Gflops/s) | Temperatures: 60°C - 61°C - 72°C - 72°C - 61°C - 61°C - 71°C - 73°C | Throttling: None - None - None - None - None - None - None - None
701 (770757 Gflops/s) - 686 (754264 Gflops/s) - 680 (747667 Gflops/s) - 680 (747667 Gflops/s) - 687 (755364 Gflops/s) - 693 (761961 Gflops/s) - 677 (744369 Gflops/s) - 663 (728976 Gflops/s) | Temperatures: 60°C - 61°C - 72°C - 72°C - 61°C - 61°C - 71°C - 72°C | Throttling: None - None - None - None - None - None - None - None
680 (747667 Gflops/s) - 685 (753165 Gflops/s) - 680 (747667 Gflops/s) - 681 (748767 Gflops/s) - 688 (756463 Gflops/s) - 704 (774056 Gflops/s) - 677 (744369 Gflops/s) - 664 (730075 Gflops/s) | Temperatures: 60°C - 61°C - 72°C - 72°C - 61°C - 61°C - 71°C - 72°C | Throttling: None - None - None - None - None - None - None - None
691 (759762 Gflops/s) - 684 (752065 Gflops/s) - 680 (747667 Gflops/s) - 679 (746568 Gflops/s) - 687 (755364 Gflops/s) - 681 (748767 Gflops/s) - 677 (744369 Gflops/s) - 662 (727876 Gflops/s) | Temperatures: 60°C - 61°C - 72°C - 72°C - 61°C - 61°C - 71°C - 73°C | Throttling: None - None - None - None - None - None - None - None
690 (758663 Gflops/s) - 685 (753165 Gflops/s) - 681 (748767 Gflops/s) - 681 (748767 Gflops/s) - 687 (755364 Gflops/s) - 693 (761961 Gflops/s) - 678 (745468 Gflops/s) - 663 (728976 Gflops/s) | Temperatures: 60°C - 61°C - 72°C - 72°C - 61°C - 61°C - 71°C - 72°C | Throttling: None - None - None - None - None - None - None - None
692 (760862 Gflops/s) - 686 (754264 Gflops/s) - 681 (748767 Gflops/s) - 682 (749866 Gflops/s) - 688 (756463 Gflops/s) - 692 (760862 Gflops/s) - 677 (744369 Gflops/s) - 663 (728976 Gflops/s) | Temperatures: 60°C - 61°C - 72°C - 72°C - 61°C - 60°C - 71°C - 72°C | Throttling: None - None - None - None - None - None - None - None
691 (759762 Gflops/s) - 688 (756463 Gflops/s) - 681 (748767 Gflops/s) - 680 (747667 Gflops/s) - 690 (758663 Gflops/s) - 693 (761961 Gflops/s) - 677 (744369 Gflops/s) - 663 (728976 Gflops/s) | Temperatures: 60°C - 61°C - 72°C - 72°C - 61°C - 60°C - 71°C - 72°C | Throttling: None - None - None - None - None - None - None - None
690 (758663 Gflops/s) - 681 (748767 Gflops/s) - 680 (747667 Gflops/s) - 681 (748767 Gflops/s) - 685 (753165 Gflops/s) - 692 (760862 Gflops/s) - 677 (744369 Gflops/s) - 663 (728976 Gflops/s) | Temperatures: 60°C - 61°C - 72°C - 72°C - 61°C - 60°C - 71°C - 72°C | Throttling: None - None - None - None - None - None - None - None
692 (760862 Gflops/s) - 685 (753165 Gflops/s) - 681 (748767 Gflops/s) - 680 (747667 Gflops/s) - 688 (756463 Gflops/s) - 693 (761961 Gflops/s) - 678 (745468 Gflops/s) - 663 (728976 Gflops/s) | Temperatures: 60°C - 61°C - 72°C - 72°C - 61°C - 61°C - 71°C - 72°C | Throttling: None - None - None - None - None - None - None - None
690 (758663 Gflops/s) - 684 (752065 Gflops/s) - 681 (748767 Gflops/s) - 681 (748767 Gflops/s) - 688 (756463 Gflops/s) - 694 (763061 Gflops/s) - 676 (743269 Gflops/s) - 664 (730075 Gflops/s) | Temperatures: 60°C - 61°C - 72°C - 72°C - 61°C - 60°C - 71°C - 73°C | Throttling: None - None - None - None - None - None - None - None
690 (758663 Gflops/s) - 685 (753165 Gflops/s) - 682 (749866 Gflops/s) - 681 (748767 Gflops/s) - 687 (755364 Gflops/s) - 692 (760862 Gflops/s) - 677 (744369 Gflops/s) - 663 (728976 Gflops/s) | Temperatures: 60°C - 61°C - 72°C - 72°C - 61°C - 61°C - 71°C - 72°C | Throttling: None - None - None - None - None - None - None - None
691 (759762 Gflops/s) - 685 (753165 Gflops/s) - 682 (749866 Gflops/s) - 681 (748767 Gflops/s) - 688 (756463 Gflops/s) - 693 (761961 Gflops/s) - 678 (745468 Gflops/s) - 663 (728976 Gflops/s) | Temperatures: 60°C - 61°C - 72°C - 72°C - 61°C - 60°C - 71°C - 72°C | Throttling: None - None - None - None - None - None - None - None
690 (758663 Gflops/s) - 686 (754264 Gflops/s) - 682 (749866 Gflops/s) - 682 (749866 Gflops/s) - 687 (755364 Gflops/s) - 693 (761961 Gflops/s) - 677 (744369 Gflops/s) - 663 (728976 Gflops/s) | Temperatures: 60°C - 61°C - 72°C - 72°C - 61°C - 60°C - 71°C - 72°C | Throttling: None - None - None - None - None - None - None - None
690 (758663 Gflops/s) - 684 (752065 Gflops/s) - 680 (747667 Gflops/s) - 680 (747667 Gflops/s) - 688 (756463 Gflops/s) - 692 (760862 Gflops/s) - 676 (743269 Gflops/s) - 662 (727876 Gflops/s) | Temperatures: 60°C - 61°C - 72°C - 72°C - 61°C - 60°C - 71°C - 72°C | Throttling: None - None - None - None - None - None - None - None
691 (759762 Gflops/s) - 685 (753165 Gflops/s) - 681 (748767 Gflops/s) - 681 (748767 Gflops/s) - 687 (755364 Gflops/s) - 693 (761961 Gflops/s) - 678 (745468 Gflops/s) - 664 (730075 Gflops/s) | Temperatures: 60°C - 61°C - 72°C - 72°C - 61°C - 60°C - 71°C - 72°C | Throttling: None - None - None - None - None - None - None - None
692 (760862 Gflops/s) - 685 (753165 Gflops/s) - 681 (748767 Gflops/s) - 681 (748767 Gflops/s) - 688 (756463 Gflops/s) - 692 (760862 Gflops/s) - 677 (744369 Gflops/s) - 664 (730075 Gflops/s) | Temperatures: 60°C - 61°C - 72°C - 72°C - 61°C - 60°C - 71°C - 72°C | Throttling: None - None - None - None - None - None - None - None
691 (759762 Gflops/s) - 685 (753165 Gflops/s) - 682 (749866 Gflops/s) - 681 (748767 Gflops/s) - 687 (755364 Gflops/s) - 693 (761961 Gflops/s) - 678 (745468 Gflops/s) - 664 (730075 Gflops/s) | Temperatures: 60°C - 61°C - 72°C - 72°C - 61°C - 60°C - 71°C - 72°C | Throttling: None - None - None - None - None - None - None - None
689 (757563 Gflops/s) - 684 (752065 Gflops/s) - 681 (748767 Gflops/s) - 681 (748767 Gflops/s) - 688 (756463 Gflops/s) - 693 (761961 Gflops/s) - 676 (743269 Gflops/s) - 663 (728976 Gflops/s) | Temperatures: 60°C - 61°C - 72°C - 72°C - 61°C - 60°C - 71°C - 73°C | Throttling: None - None - None - None - None - None - None - None
692 (760862 Gflops/s) - 686 (754264 Gflops/s) - 681 (748767 Gflops/s) - 681 (748767 Gflops/s) - 687 (755364 Gflops/s) - 692 (760862 Gflops/s) - 677 (744369 Gflops/s) - 665 (731175 Gflops/s) | Temperatures: 60°C - 61°C - 72°C - 72°C - 61°C - 60°C - 71°C - 72°C | Throttling: None - None - None - None - None - None - None - None
691 (759762 Gflops/s) - 685 (753165 Gflops/s) - 681 (748767 Gflops/s) - 681 (748767 Gflops/s) - 687 (755364 Gflops/s) - 694 (763061 Gflops/s) - 678 (745468 Gflops/s) - 663 (728976 Gflops/s) | Temperatures: 60°C - 61°C - 72°C - 72°C - 61°C - 60°C - 71°C - 72°C | Throttling: None - None - None - None - None - None - None - None
689 (757563 Gflops/s) - 684 (752065 Gflops/s) - 679 (746568 Gflops/s) - 696 (765260 Gflops/s) - 687 (755364 Gflops/s) - 692 (760862 Gflops/s) - 676 (743269 Gflops/s) - 664 (730075 Gflops/s) | Temperatures: 60°C - 61°C - 72°C - 72°C - 61°C - 60°C - 71°C - 72°C | Throttling: None - None - None - None - None - None - None - None
691 (759762 Gflops/s) - 685 (753165 Gflops/s) - 681 (748767 Gflops/s) - 666 (732274 Gflops/s) - 687 (755364 Gflops/s) - 693 (761961 Gflops/s) - 678 (745468 Gflops/s) - 663 (728976 Gflops/s) | Temperatures: 60°C - 61°C - 72°C - 72°C - 61°C - 60°C - 71°C - 72°C | Throttling: None - None - None - None - None - None - None - None
691 (759762 Gflops/s) - 685 (753165 Gflops/s) - 682 (749866 Gflops/s) - 682 (749866 Gflops/s) - 687 (755364 Gflops/s) - 693 (761961 Gflops/s) - 677 (744369 Gflops/s) - 665 (731175 Gflops/s) | Temperatures: 60°C - 61°C - 72°C - 72°C - 61°C - 60°C - 71°C - 72°C | Throttling: None - None - None - None - None - None - None - None
691 (759762 Gflops/s) - 685 (753165 Gflops/s) - 682 (749866 Gflops/s) - 681 (748767 Gflops/s) - 688 (756463 Gflops/s) - 694 (763061 Gflops/s) - 677 (744369 Gflops/s) - 665 (731175 Gflops/s) | Temperatures: 60°C - 61°C - 72°C - 72°C - 61°C - 61°C - 71°C - 72°C | Throttling: None - None - None - None - None - None - None - None
690 (758663 Gflops/s) - 685 (753165 Gflops/s) - 686 (754264 Gflops/s) - 680 (747667 Gflops/s) - 687 (755364 Gflops/s) - 692 (760862 Gflops/s) - 677 (744369 Gflops/s) - 663 (728976 Gflops/s) | Temperatures: 60°C - 61°C - 72°C - 71°C - 61°C - 60°C - 71°C - 72°C | Throttling: None - None - None - None - None - None - None - None
691 (759762 Gflops/s) - 685 (753165 Gflops/s) - 674 (741070 Gflops/s) - 681 (748767 Gflops/s) - 688 (756463 Gflops/s) - 693 (761961 Gflops/s) - 677 (744369 Gflops/s) - 664 (730075 Gflops/s) | Temperatures: 60°C - 61°C - 72°C - 72°C - 61°C - 60°C - 71°C - 72°C | Throttling: None - None - None - None - None - None - None - None
690 (758663 Gflops/s) - 685 (753165 Gflops/s) - 681 (748767 Gflops/s) - 682 (749866 Gflops/s) - 688 (756463 Gflops/s) - 693 (761961 Gflops/s) - 678 (745468 Gflops/s) - 663 (728976 Gflops/s) | Temperatures: 60°C - 61°C - 72°C - 72°C - 61°C - 60°C - 71°C - 72°C | Throttling: None - None - None - None - None - None - None - None
690 (758663 Gflops/s) - 685 (753165 Gflops/s) - 680 (747667 Gflops/s) - 680 (747667 Gflops/s) - 687 (755364 Gflops/s) - 692 (760862 Gflops/s) - 676 (743269 Gflops/s) - 663 (728976 Gflops/s) | Temperatures: 60°C - 61°C - 72°C - 72°C - 61°C - 60°C - 71°C - 72°C | Throttling: None - None - None - None - None - None - None - None
691 (759762 Gflops/s) - 684 (752065 Gflops/s) - 681 (748767 Gflops/s) - 681 (748767 Gflops/s) - 687 (755364 Gflops/s) - 693 (761961 Gflops/s) - 677 (744369 Gflops/s) - 664 (730075 Gflops/s) | Temperatures: 60°C - 61°C - 72°C - 72°C - 61°C - 60°C - 71°C - 72°C | Throttling: None - None - None - None - None - None - None - None
690 (758663 Gflops/s) - 685 (753165 Gflops/s) - 682 (749866 Gflops/s) - 681 (748767 Gflops/s) - 688 (756463 Gflops/s) - 693 (761961 Gflops/s) - 678 (745468 Gflops/s) - 664 (730075 Gflops/s) | Temperatures: 60°C - 61°C - 72°C - 72°C - 61°C - 60°C - 71°C - 72°C | Throttling: None - None - None - None - None - None - None - None
691 (759762 Gflops/s) - 685 (753165 Gflops/s) - 680 (747667 Gflops/s) - 680 (747667 Gflops/s) - 686 (754264 Gflops/s) - 692 (760862 Gflops/s) - 676 (743269 Gflops/s) - 663 (728976 Gflops/s) | Temperatures: 60°C - 61°C - 72°C - 71°C - 61°C - 60°C - 71°C - 72°C | Throttling: None - None - None - None - None - None - None - None
691 (759762 Gflops/s) - 685 (753165 Gflops/s) - 680 (747667 Gflops/s) - 681 (748767 Gflops/s) - 689 (757563 Gflops/s) - 693 (761961 Gflops/s) - 677 (744369 Gflops/s) - 663 (728976 Gflops/s) | Temperatures: 60°C - 61°C - 72°C - 71°C - 61°C - 60°C - 71°C - 72°C | Throttling: None - None - None - None - None - None - None - None
691 (759762 Gflops/s) - 685 (753165 Gflops/s) - 682 (749866 Gflops/s) - 681 (748767 Gflops/s) - 687 (755364 Gflops/s) - 693 (761961 Gflops/s) - 678 (745468 Gflops/s) - 664 (730075 Gflops/s) | Temperatures: 60°C - 61°C - 72°C - 72°C - 61°C - 60°C - 71°C - 72°C | Throttling: None - None - None - None - None - None - None - None
692 (760862 Gflops/s) - 685 (753165 Gflops/s) - 680 (747667 Gflops/s) - 682 (749866 Gflops/s) - 688 (756463 Gflops/s) - 693 (761961 Gflops/s) - 677 (744369 Gflops/s) - 665 (731175 Gflops/s) | Temperatures: 60°C - 61°C - 72°C - 72°C - 61°C - 60°C - 71°C - 72°C | Throttling: None - None - None - None - None - None - None - None
690 (758663 Gflops/s) - 684 (752065 Gflops/s) - 681 (748767 Gflops/s) - 680 (747667 Gflops/s) - 687 (755364 Gflops/s) - 692 (760862 Gflops/s) - 677 (744369 Gflops/s) - 664 (730075 Gflops/s) | Temperatures: 60°C - 61°C - 72°C - 72°C - 61°C - 60°C - 71°C - 72°C | Throttling: None - None - None - None - None - None - None - None
691 (759762 Gflops/s) - 685 (753165 Gflops/s) - 681 (748767 Gflops/s) - 682 (749866 Gflops/s) - 688 (756463 Gflops/s) - 692 (760862 Gflops/s) - 677 (744369 Gflops/s) - 663 (728976 Gflops/s) | Temperatures: 60°C - 61°C - 72°C - 72°C - 61°C - 60°C - 71°C - 72°C | Throttling: None - None - None - None - None - None - None - None
691 (759762 Gflops/s) - 684 (752065 Gflops/s) - 681 (748767 Gflops/s) - 681 (748767 Gflops/s) - 687 (755364 Gflops/s) - 693 (761961 Gflops/s) - 677 (744369 Gflops/s) - 664 (730075 Gflops/s) | Temperatures: 60°C - 61°C - 72°C - 71°C - 61°C - 60°C - 71°C - 72°C | Throttling: None - None - None - None - None - None - None - None
692 (760862 Gflops/s) - 685 (753165 Gflops/s) - 680 (747667 Gflops/s) - 681 (748767 Gflops/s) - 688 (756463 Gflops/s) - 693 (761961 Gflops/s) - 677 (744369 Gflops/s) - 664 (730075 Gflops/s) | Temperatures: 60°C - 61°C - 72°C - 71°C - 61°C - 60°C - 71°C - 72°C | Throttling: None - None - None - None - None - None - None - None
691 (759762 Gflops/s) - 685 (753165 Gflops/s) - 682 (749866 Gflops/s) - 682 (749866 Gflops/s) - 688 (756463 Gflops/s) - 693 (761961 Gflops/s) - 678 (745468 Gflops/s) - 665 (731175 Gflops/s) | Temperatures: 60°C - 61°C - 72°C - 72°C - 61°C - 60°C - 71°C - 72°C | Throttling: None - None - None - None - None - None - None - None
691 (759762 Gflops/s) - 685 (753165 Gflops/s) - 680 (747667 Gflops/s) - 681 (748767 Gflops/s) - 689 (757563 Gflops/s) - 693 (761961 Gflops/s) - 677 (744369 Gflops/s) - 664 (730075 Gflops/s) | Temperatures: 60°C - 61°C - 72°C - 72°C - 61°C - 60°C - 71°C - 72°C | Throttling: None - None - None - None - None - None - None - None
690 (758663 Gflops/s) - 685 (753165 Gflops/s) - 680 (747667 Gflops/s) - 681 (748767 Gflops/s) - 686 (754264 Gflops/s) - 692 (760862 Gflops/s) - 676 (743269 Gflops/s) - 663 (728976 Gflops/s) | Temperatures: 60°C - 61°C - 72°C - 72°C - 61°C - 60°C - 71°C - 72°C | Throttling: None - None - None - None - None - None - None - None
692 (760862 Gflops/s) - 685 (753165 Gflops/s) - 681 (748767 Gflops/s) - 681 (748767 Gflops/s) - 688 (756463 Gflops/s) - 693 (761961 Gflops/s) - 678 (745468 Gflops/s) - 663 (728976 Gflops/s) | Temperatures: 60°C - 61°C - 72°C - 72°C - 61°C - 60°C - 71°C - 72°C | Throttling: None - None - None - None - None - None - None - None
691 (759762 Gflops/s) - 685 (753165 Gflops/s) - 680 (747667 Gflops/s) - 682 (749866 Gflops/s) - 687 (755364 Gflops/s) - 693 (761961 Gflops/s) - 677 (744369 Gflops/s) - 664 (730075 Gflops/s) | Temperatures: 60°C - 61°C - 72°C - 72°C - 61°C - 60°C - 71°C - 72°C | Throttling: None - None - None - None - None - None - None - None
691 (759762 Gflops/s) - 685 (753165 Gflops/s) - 682 (749866 Gflops/s) - 681 (748767 Gflops/s) - 689 (757563 Gflops/s) - 693 (761961 Gflops/s) - 677 (744369 Gflops/s) - 663 (728976 Gflops/s) | Temperatures: 60°C - 61°C - 72°C - 71°C - 61°C - 60°C - 71°C - 72°C | Throttling: None - None - None - None - None - None - None - None
690 (758663 Gflops/s) - 685 (753165 Gflops/s) - 679 (746568 Gflops/s) - 680 (747667 Gflops/s) - 687 (755364 Gflops/s) - 692 (760862 Gflops/s) - 677 (744369 Gflops/s) - 663 (728976 Gflops/s) | Temperatures: 60°C - 61°C - 72°C - 72°C - 61°C - 60°C - 71°C - 72°C | Throttling: None - None - None - None - None - None - None - None
691 (759762 Gflops/s) - 685 (753165 Gflops/s) - 682 (749866 Gflops/s) - 682 (749866 Gflops/s) - 688 (756463 Gflops/s) - 693 (761961 Gflops/s) - 678 (745468 Gflops/s) - 664 (730075 Gflops/s) | Temperatures: 60°C - 61°C - 72°C - 72°C - 61°C - 60°C - 71°C - 72°C | Throttling: None - None - None - None - None - None - None - None
690 (758663 Gflops/s) - 685 (753165 Gflops/s) - 681 (748767 Gflops/s) - 681 (748767 Gflops/s) - 688 (756463 Gflops/s) - 694 (763061 Gflops/s) - 677 (744369 Gflops/s) - 664 (730075 Gflops/s) | Temperatures: 60°C - 61°C - 72°C - 72°C - 61°C - 60°C - 71°C - 72°C | Throttling: None - None - None - None - None - None - None - None
691 (759762 Gflops/s) - 686 (754264 Gflops/s) - 681 (748767 Gflops/s) - 682 (749866 Gflops/s) - 687 (755364 Gflops/s) - 693 (761961 Gflops/s) - 677 (744369 Gflops/s) - 664 (730075 Gflops/s) | Temperatures: 60°C - 61°C - 72°C - 72°C - 61°C - 60°C - 71°C - 72°C | Throttling: None - None - None - None - None - None - None - None
702 (771857 Gflops/s) - 684 (752065 Gflops/s) - 681 (748767 Gflops/s) - 679 (746568 Gflops/s) - 687 (755364 Gflops/s) - 692 (760862 Gflops/s) - 677 (744369 Gflops/s) - 662 (727876 Gflops/s) | Temperatures: 60°C - 61°C - 72°C - 71°C - 61°C - 60°C - 71°C - 72°C | Throttling: None - None - None - None - None - None - None - None
680 (747667 Gflops/s) - 685 (753165 Gflops/s) - 681 (748767 Gflops/s) - 682 (749866 Gflops/s) - 687 (755364 Gflops/s) - 693 (761961 Gflops/s) - 677 (744369 Gflops/s) - 665 (731175 Gflops/s) | Temperatures: 60°C - 61°C - 72°C - 72°C - 61°C - 60°C - 71°C - 72°C | Throttling: None - None - None - None - None - None - None - None
690 (758663 Gflops/s) - 701 (770757 Gflops/s) - 681 (748767 Gflops/s) - 681 (748767 Gflops/s) - 688 (756463 Gflops/s) - 693 (761961 Gflops/s) - 678 (745468 Gflops/s) - 663 (728976 Gflops/s) | Temperatures: 60°C - 61°C - 72°C - 71°C - 61°C - 61°C - 71°C - 72°C | Throttling: None - None - None - None - None - None - None - None
691 (759762 Gflops/s) - 668 (734473 Gflops/s) - 680 (747667 Gflops/s) - 680 (747667 Gflops/s) - 687 (755364 Gflops/s) - 692 (760862 Gflops/s) - 676 (743269 Gflops/s) - 664 (730075 Gflops/s) | Temperatures: 60°C - 61°C - 72°C - 72°C - 61°C - 60°C - 71°C - 72°C | Throttling: None - None - None - None - None - None - None - None
690 (758663 Gflops/s) - 685 (753165 Gflops/s) - 682 (749866 Gflops/s) - 680 (747667 Gflops/s) - 688 (756463 Gflops/s) - 693 (761961 Gflops/s) - 678 (745468 Gflops/s) - 662 (727876 Gflops/s) | Temperatures: 60°C - 61°C - 72°C - 71°C - 61°C - 60°C - 71°C - 72°C | Throttling: None - None - None - None - None - None - None - None
692 (760862 Gflops/s) - 685 (753165 Gflops/s) - 681 (748767 Gflops/s) - 681 (748767 Gflops/s) - 688 (756463 Gflops/s) - 694 (763061 Gflops/s) - 678 (745468 Gflops/s) - 664 (730075 Gflops/s) | Temperatures: 60°C - 61°C - 72°C - 72°C - 61°C - 61°C - 71°C - 72°C | Throttling: None - None - None - None - None - None - None - None
691 (759762 Gflops/s) - 685 (753165 Gflops/s) - 682 (749866 Gflops/s) - 681 (748767 Gflops/s) - 687 (755364 Gflops/s) - 692 (760862 Gflops/s) - 677 (744369 Gflops/s) - 664 (730075 Gflops/s) | Temperatures: 60°C - 61°C - 72°C - 72°C - 61°C - 61°C - 71°C - 72°C | Throttling: None - None - None - None - None - None - None - None
691 (759762 Gflops/s) - 685 (753165 Gflops/s) - 680 (747667 Gflops/s) - 681 (748767 Gflops/s) - 687 (755364 Gflops/s) - 692 (760862 Gflops/s) - 677 (744369 Gflops/s) - 664 (730075 Gflops/s) | Temperatures: 60°C - 61°C - 72°C - 72°C - 61°C - 61°C - 71°C - 72°C | Throttling: None - None - None - None - None - None - None - None
691 (759762 Gflops/s) - 685 (753165 Gflops/s) - 683 (750966 Gflops/s) - 681 (748767 Gflops/s) - 687 (755364 Gflops/s) - 693 (761961 Gflops/s) - 677 (744369 Gflops/s) - 663 (728976 Gflops/s) | Temperatures: 60°C - 61°C - 72°C - 72°C - 61°C - 60°C - 71°C - 72°C | Throttling: None - None - None - None - None - None - None - None
692 (760862 Gflops/s) - 685 (753165 Gflops/s) - 680 (747667 Gflops/s) - 680 (747667 Gflops/s) - 688 (756463 Gflops/s) - 693 (761961 Gflops/s) - 677 (744369 Gflops/s) - 664 (730075 Gflops/s) | Temperatures: 60°C - 61°C - 72°C - 72°C - 61°C - 61°C - 71°C - 72°C | Throttling: None - None - None - None - None - None - None - None
690 (758663 Gflops/s) - 684 (752065 Gflops/s) - 681 (748767 Gflops/s) - 681 (748767 Gflops/s) - 687 (755364 Gflops/s) - 693 (761961 Gflops/s) - 677 (744369 Gflops/s) - 664 (730075 Gflops/s) | Temperatures: 60°C - 61°C - 72°C - 72°C - 61°C - 60°C - 71°C - 72°C | Throttling: None - None - None - None - None - None - None - None
691 (759762 Gflops/s) - 685 (753165 Gflops/s) - 681 (748767 Gflops/s) - 681 (748767 Gflops/s) - 687 (755364 Gflops/s) - 693 (761961 Gflops/s) - 677 (744369 Gflops/s) - 664 (730075 Gflops/s) | Temperatures: 60°C - 61°C - 72°C - 72°C - 61°C - 60°C - 71°C - 72°C | Throttling: None - None - None - None - None - None - None - None
690 (758663 Gflops/s) - 685 (753165 Gflops/s) - 680 (747667 Gflops/s) - 682 (749866 Gflops/s) - 688 (756463 Gflops/s) - 693 (761961 Gflops/s) - 677 (744369 Gflops/s) - 664 (730075 Gflops/s) | Temperatures: 60°C - 61°C - 72°C - 72°C - 61°C - 60°C - 71°C - 72°C | Throttling: None - None - None - None - None - None - None - None
690 (758663 Gflops/s) - 685 (753165 Gflops/s) - 682 (749866 Gflops/s) - 681 (748767 Gflops/s) - 687 (755364 Gflops/s) - 692 (760862 Gflops/s) - 677 (744369 Gflops/s) - 664 (730075 Gflops/s) | Temperatures: 60°C - 61°C - 72°C - 71°C - 61°C - 60°C - 71°C - 72°C | Throttling: None - None - None - None - None - None - None - None
690 (758663 Gflops/s) - 685 (753165 Gflops/s) - 679 (746568 Gflops/s) - 695 (764160 Gflops/s) - 687 (755364 Gflops/s) - 692 (760862 Gflops/s) - 677 (744369 Gflops/s) - 663 (728976 Gflops/s) | Temperatures: 60°C - 61°C - 72°C - 72°C - 61°C - 60°C - 71°C - 72°C | Throttling: None - None - None - None - None - None - None - None
691 (759762 Gflops/s) - 685 (753165 Gflops/s) - 681 (748767 Gflops/s) - 665 (731175 Gflops/s) - 687 (755364 Gflops/s) - 693 (761961 Gflops/s) - 678 (745468 Gflops/s) - 663 (728976 Gflops/s) | Temperatures: 60°C - 61°C - 72°C - 71°C - 61°C - 60°C - 71°C - 72°C | Throttling: None - None - None - None - None - None - None - None
690 (758663 Gflops/s) - 685 (753165 Gflops/s) - 682 (749866 Gflops/s) - 682 (749866 Gflops/s) - 688 (756463 Gflops/s) - 693 (761961 Gflops/s) - 677 (744369 Gflops/s) - 664 (730075 Gflops/s) | Temperatures: 60°C - 61°C - 72°C - 72°C - 61°C - 60°C - 71°C - 72°C | Throttling: None - None - None - None - None - None - None - None
691 (759762 Gflops/s) - 685 (753165 Gflops/s) - 680 (747667 Gflops/s) - 680 (747667 Gflops/s) - 687 (755364 Gflops/s) - 691 (759762 Gflops/s) - 691 (759762 Gflops/s) - 663 (728976 Gflops/s) | Temperatures: 60°C - 61°C - 72°C - 72°C - 61°C - 60°C - 71°C - 72°C | Throttling: None - None - None - None - None - None - None - None
691 (759762 Gflops/s) - 685 (753165 Gflops/s) - 693 (761961 Gflops/s) - 681 (748767 Gflops/s) - 687 (755364 Gflops/s) - 693 (761961 Gflops/s) - 663 (728976 Gflops/s) - 664 (730075 Gflops/s) | Temperatures: 60°C - 61°C - 72°C - 72°C - 61°C - 60°C - 71°C - 72°C | Throttling: None - None - None - None - None - None - None - None
691 (759762 Gflops/s) - 685 (753165 Gflops/s) - 670 (736672 Gflops/s) - 682 (749866 Gflops/s) - 689 (757563 Gflops/s) - 693 (761961 Gflops/s) - 677 (744369 Gflops/s) - 663 (728976 Gflops/s) | Temperatures: 60°C - 61°C - 72°C - 72°C - 61°C - 60°C - 71°C - 72°C | Throttling: None - None - None - None - None - None - None - None
691 (759762 Gflops/s) - 684 (752065 Gflops/s) - 681 (748767 Gflops/s) - 681 (748767 Gflops/s) - 687 (755364 Gflops/s) - 693 (761961 Gflops/s) - 677 (744369 Gflops/s) - 664 (730075 Gflops/s) | Temperatures: 60°C - 61°C - 72°C - 72°C - 61°C - 61°C - 71°C - 72°C | Throttling: None - None - None - None - None - None - None - None
690 (758663 Gflops/s) - 685 (753165 Gflops/s) - 681 (748767 Gflops/s) - 679 (746568 Gflops/s) - 687 (755364 Gflops/s) - 692 (760862 Gflops/s) - 676 (743269 Gflops/s) - 664 (730075 Gflops/s) | Temperatures: 60°C - 61°C - 72°C - 71°C - 61°C - 60°C - 71°C - 72°C | Throttling: None - None - None - None - None - None - None - None
691 (759762 Gflops/s) - 685 (753165 Gflops/s) - 681 (748767 Gflops/s) - 681 (748767 Gflops/s) - 688 (756463 Gflops/s) - 693 (761961 Gflops/s) - 677 (744369 Gflops/s) - 663 (728976 Gflops/s) | Temperatures: 60°C - 61°C - 72°C - 72°C - 61°C - 60°C - 71°C - 72°C | Throttling: None - None - None - None - None - None - None - None
692 (760862 Gflops/s) - 685 (753165 Gflops/s) - 682 (749866 Gflops/s) - 681 (748767 Gflops/s) - 688 (756463 Gflops/s) - 693 (761961 Gflops/s) - 678 (745468 Gflops/s) - 664 (730075 Gflops/s) | Temperatures: 60°C - 61°C - 72°C - 72°C - 61°C - 60°C - 71°C - 72°C | Throttling: None - None - None - None - None - None - None - None
690 (758663 Gflops/s) - 685 (753165 Gflops/s) - 681 (748767 Gflops/s) - 681 (748767 Gflops/s) - 686 (754264 Gflops/s) - 693 (761961 Gflops/s) - 676 (743269 Gflops/s) - 663 (728976 Gflops/s) | Temperatures: 60°C - 61°C - 72°C - 72°C - 61°C - 60°C - 71°C - 72°C | Throttling: None - None - None - None - None - None - None - None
692 (760862 Gflops/s) - 685 (753165 Gflops/s) - 680 (747667 Gflops/s) - 681 (748767 Gflops/s) - 688 (756463 Gflops/s) - 693 (761961 Gflops/s) - 687 (755364 Gflops/s) - 680 (747667 Gflops/s) | Temperatures: 60°C - 61°C - 72°C - 71°C - 61°C - 60°C - 71°C - 72°C | Throttling: None - None - None - None - None - None - None - None
691 (759762 Gflops/s) - 686 (754264 Gflops/s) - 681 (748767 Gflops/s) - 681 (748767 Gflops/s) - 687 (755364 Gflops/s) - 693 (761961 Gflops/s) - 667 (733374 Gflops/s) - 648 (712483 Gflops/s) | Temperatures: 60°C - 61°C - 72°C - 72°C - 61°C - 60°C - 71°C - 72°C | Throttling: None - None - None - None - None - None - None - None
690 (758663 Gflops/s) - 684 (752065 Gflops/s) - 680 (747667 Gflops/s) - 681 (748767 Gflops/s) - 687 (755364 Gflops/s) - 692 (760862 Gflops/s) - 677 (744369 Gflops/s) - 663 (728976 Gflops/s) | Temperatures: 60°C - 61°C - 72°C - 72°C - 61°C - 60°C - 71°C - 72°C | Throttling: None - None - None - None - None - None - None - None
691 (759762 Gflops/s) - 685 (753165 Gflops/s) - 681 (748767 Gflops/s) - 681 (748767 Gflops/s) - 687 (755364 Gflops/s) - 693 (761961 Gflops/s) - 677 (744369 Gflops/s) - 663 (728976 Gflops/s) | Temperatures: 60°C - 61°C - 72°C - 71°C - 61°C - 60°C - 71°C - 72°C | Throttling: None - None - None - None - None - None - None - None
691 (759762 Gflops/s) - 685 (753165 Gflops/s) - 681 (748767 Gflops/s) - 681 (748767 Gflops/s) - 688 (756463 Gflops/s) - 693 (761961 Gflops/s) - 677 (744369 Gflops/s) - 664 (730075 Gflops/s) | Temperatures: 60°C - 61°C - 72°C - 72°C - 61°C - 60°C - 71°C - 72°C | Throttling: None - None - None - None - None - None - None - None
690 (758663 Gflops/s) - 685 (753165 Gflops/s) - 681 (748767 Gflops/s) - 681 (748767 Gflops/s) - 686 (754264 Gflops/s) - 693 (761961 Gflops/s) - 677 (744369 Gflops/s) - 662 (727876 Gflops/s) | Temperatures: 60°C - 61°C - 72°C - 72°C - 61°C - 60°C - 71°C - 72°C | Throttling: None - None - None - None - None - None - None - None
691 (759762 Gflops/s) - 684 (752065 Gflops/s) - 680 (747667 Gflops/s) - 680 (747667 Gflops/s) - 688 (756463 Gflops/s) - 700 (769658 Gflops/s) - 677 (744369 Gflops/s) - 664 (730075 Gflops/s) | Temperatures: 60°C - 61°C - 72°C - 72°C - 61°C - 60°C - 71°C - 72°C | Throttling: None - None - None - None - None - None - None - None
691 (759762 Gflops/s) - 685 (753165 Gflops/s) - 681 (748767 Gflops/s) - 681 (748767 Gflops/s) - 687 (755364 Gflops/s) - 685 (753165 Gflops/s) - 676 (743269 Gflops/s) - 674 (741070 Gflops/s) | Temperatures: 60°C - 61°C - 72°C - 72°C - 61°C - 60°C - 71°C - 72°C | Throttling: None - None - None - None - None - None - None - None
691 (759762 Gflops/s) - 685 (753165 Gflops/s) - 680 (747667 Gflops/s) - 681 (748767 Gflops/s) - 688 (756463 Gflops/s) - 693 (761961 Gflops/s) - 683 (750966 Gflops/s) - 653 (717981 Gflops/s) | Temperatures: 60°C - 61°C - 72°C - 71°C - 61°C - 61°C - 71°C - 72°C | Throttling: None - None - None - None - None - None - None - None
691 (759762 Gflops/s) - 684 (752065 Gflops/s) - 680 (747667 Gflops/s) - 681 (748767 Gflops/s) - 687 (755364 Gflops/s) - 692 (760862 Gflops/s) - 672 (738871 Gflops/s) - 664 (730075 Gflops/s) | Temperatures: 60°C - 61°C - 72°C - 72°C - 61°C - 60°C - 71°C - 72°C | Throttling: None - None - None - None - None - None - None - None
691 (759762 Gflops/s) - 685 (753165 Gflops/s) - 679 (746568 Gflops/s) - 681 (748767 Gflops/s) - 687 (755364 Gflops/s) - 693 (761961 Gflops/s) - 677 (744369 Gflops/s) - 664 (730075 Gflops/s) | Temperatures: 60°C - 61°C - 72°C - 72°C - 61°C - 60°C - 71°C - 72°C | Throttling: None - None - None - None - None - None - None - None
691 (759762 Gflops/s) - 685 (753165 Gflops/s) - 680 (747667 Gflops/s) - 680 (747667 Gflops/s) - 688 (756463 Gflops/s) - 693 (761961 Gflops/s) - 677 (744369 Gflops/s) - 664 (730075 Gflops/s) | Temperatures: 60°C - 61°C - 72°C - 72°C - 61°C - 60°C - 71°C - 72°C | Throttling: None - None - None - None - None - None - None - None
690 (758663 Gflops/s) - 694 (763061 Gflops/s) - 681 (748767 Gflops/s) - 681 (748767 Gflops/s) - 687 (755364 Gflops/s) - 693 (761961 Gflops/s) - 677 (744369 Gflops/s) - 663 (728976 Gflops/s) | Temperatures: 60°C - 61°C - 72°C - 72°C - 61°C - 60°C - 71°C - 72°C | Throttling: None - None - None - None - None - None - None - None
690 (758663 Gflops/s) - 675 (742170 Gflops/s) - 679 (746568 Gflops/s) - 680 (747667 Gflops/s) - 687 (755364 Gflops/s) - 693 (761961 Gflops/s) - 676 (743269 Gflops/s) - 662 (727876 Gflops/s) | Temperatures: 60°C - 61°C - 72°C - 72°C - 61°C - 60°C - 71°C - 72°C | Throttling: None - None - None - None - None - None - None - None
691 (759762 Gflops/s) - 685 (753165 Gflops/s) - 681 (748767 Gflops/s) - 682 (749866 Gflops/s) - 688 (756463 Gflops/s) - 693 (761961 Gflops/s) - 678 (745468 Gflops/s) - 668 (734473 Gflops/s) | Temperatures: 60°C - 61°C - 72°C - 72°C - 61°C - 60°C - 71°C - 72°C | Throttling: None - None - None - None - None - None - None - None
691 (759762 Gflops/s) - 685 (753165 Gflops/s) - 680 (747667 Gflops/s) - 680 (747667 Gflops/s) - 687 (755364 Gflops/s) - 693 (761961 Gflops/s) - 677 (744369 Gflops/s) - 660 (725677 Gflops/s) | Temperatures: 60°C - 61°C - 72°C - 72°C - 61°C - 60°C - 71°C - 72°C | Throttling: None - None - None - None - None - None - None - None
690 (758663 Gflops/s) - 685 (753165 Gflops/s) - 681 (748767 Gflops/s) - 681 (748767 Gflops/s) - 687 (755364 Gflops/s) - 693 (761961 Gflops/s) - 677 (744369 Gflops/s) - 664 (730075 Gflops/s) | Temperatures: 60°C - 61°C - 72°C - 72°C - 61°C - 60°C - 71°C - 72°C | Throttling: None - None - None - None - None - None - None - None
690 (758663 Gflops/s) - 685 (753165 Gflops/s) - 682 (749866 Gflops/s) - 679 (746568 Gflops/s) - 687 (755364 Gflops/s) - 692 (760862 Gflops/s) - 676 (743269 Gflops/s) - 662 (727876 Gflops/s) | Temperatures: 60°C - 61°C - 72°C - 72°C - 61°C - 61°C - 71°C - 72°C | Throttling: None - None - None - None - None - None - None - None
690 (758663 Gflops/s) - 685 (753165 Gflops/s) - 682 (749866 Gflops/s) - 681 (748767 Gflops/s) - 688 (756463 Gflops/s) - 693 (761961 Gflops/s) - 677 (744369 Gflops/s) - 664 (730075 Gflops/s) | Temperatures: 60°C - 61°C - 72°C - 72°C - 61°C - 60°C - 71°C - 72°C | Throttling: None - None - None - None - None - None - None - None
692 (760862 Gflops/s) - 685 (753165 Gflops/s) - 679 (746568 Gflops/s) - 680 (747667 Gflops/s) - 688 (756463 Gflops/s) - 693 (761961 Gflops/s) - 678 (745468 Gflops/s) - 664 (730075 Gflops/s) | Temperatures: 60°C - 61°C - 72°C - 72°C - 61°C - 60°C - 71°C - 72°C | Throttling: None - None - None - None - None - None - None - None
691 (759762 Gflops/s) - 684 (752065 Gflops/s) - 680 (747667 Gflops/s) - 680 (747667 Gflops/s) - 686 (754264 Gflops/s) - 692 (760862 Gflops/s) - 676 (743269 Gflops/s) - 663 (728976 Gflops/s) | Temperatures: 60°C - 61°C - 72°C - 72°C - 61°C - 60°C - 71°C - 72°C | Throttling: None - None - None - None - None - None - None - None
690 (758663 Gflops/s) - 685 (753165 Gflops/s) - 681 (748767 Gflops/s) - 680 (747667 Gflops/s) - 688 (756463 Gflops/s) - 694 (763061 Gflops/s) - 676 (743269 Gflops/s) - 664 (730075 Gflops/s) | Temperatures: 60°C - 61°C - 72°C - 72°C - 61°C - 60°C - 71°C - 72°C | Throttling: None - None - None - None - None - None - None - None
703 (772956 Gflops/s) - 685 (753165 Gflops/s) - 680 (747667 Gflops/s) - 681 (748767 Gflops/s) - 687 (755364 Gflops/s) - 692 (760862 Gflops/s) - 678 (745468 Gflops/s) - 665 (731175 Gflops/s) | Temperatures: 60°C - 61°C - 72°C - 72°C - 61°C - 60°C - 71°C - 72°C | Throttling: None - None - None - None - None - None - None - None
679 (746568 Gflops/s) - 685 (753165 Gflops/s) - 682 (749866 Gflops/s) - 682 (749866 Gflops/s) - 687 (755364 Gflops/s) - 694 (763061 Gflops/s) - 677 (744369 Gflops/s) - 663 (728976 Gflops/s) | Temperatures: 60°C - 61°C - 72°C - 72°C - 61°C - 61°C - 71°C - 72°C | Throttling: None - None - None - None - None - None - None - None
690 (758663 Gflops/s) - 684 (752065 Gflops/s) - 681 (748767 Gflops/s) - 680 (747667 Gflops/s) - 687 (755364 Gflops/s) - 691 (759762 Gflops/s) - 677 (744369 Gflops/s) - 663 (728976 Gflops/s) | Temperatures: 60°C - 61°C - 72°C - 72°C - 61°C - 60°C - 71°C - 72°C | Throttling: None - None - None - None - None - None - None - None
691 (759762 Gflops/s) - 685 (753165 Gflops/s) - 680 (747667 Gflops/s) - 681 (748767 Gflops/s) - 688 (756463 Gflops/s) - 693 (761961 Gflops/s) - 677 (744369 Gflops/s) - 664 (730075 Gflops/s) | Temperatures: 60°C - 61°C - 72°C - 72°C - 61°C - 60°C - 71°C - 72°C | Throttling: None - None - None - None - None - None - None - None
691 (759762 Gflops/s) - 685 (753165 Gflops/s) - 682 (749866 Gflops/s) - 681 (748767 Gflops/s) - 687 (755364 Gflops/s) - 693 (761961 Gflops/s) - 677 (744369 Gflops/s) - 663 (728976 Gflops/s) | Temperatures: 60°C - 61°C - 72°C - 72°C - 61°C - 60°C - 71°C - 72°C | Throttling: None - None - None - None - None - None - None - None
689 (757563 Gflops/s) - 685 (753165 Gflops/s) - 681 (748767 Gflops/s) - 681 (748767 Gflops/s) - 687 (755364 Gflops/s) - 692 (760862 Gflops/s) - 677 (744369 Gflops/s) - 664 (730075 Gflops/s) | Temperatures: 60°C - 61°C - 72°C - 72°C - 61°C - 60°C - 71°C - 72°C | Throttling: None - None - None - None - None - None - None - None
691 (759762 Gflops/s) - 685 (753165 Gflops/s) - 681 (748767 Gflops/s) - 681 (748767 Gflops/s) - 687 (755364 Gflops/s) - 693 (761961 Gflops/s) - 677 (744369 Gflops/s) - 664 (730075 Gflops/s) | Temperatures: 60°C - 61°C - 72°C - 72°C - 61°C - 60°C - 71°C - 72°C | Throttling: None - None - None - None - None - None - None - None
691 (759762 Gflops/s) - 684 (752065 Gflops/s) - 679 (746568 Gflops/s) - 680 (747667 Gflops/s) - 687 (755364 Gflops/s) - 692 (760862 Gflops/s) - 676 (743269 Gflops/s) - 663 (728976 Gflops/s) | Temperatures: 60°C - 61°C - 72°C - 72°C - 61°C - 60°C - 71°C - 72°C | Throttling: None - None - None - None - None - None - None - None
690 (758663 Gflops/s) - 685 (753165 Gflops/s) - 679 (746568 Gflops/s) - 681 (748767 Gflops/s) - 688 (756463 Gflops/s) - 693 (761961 Gflops/s) - 678 (745468 Gflops/s) - 664 (730075 Gflops/s) | Temperatures: 60°C - 61°C - 72°C - 72°C - 61°C - 60°C - 71°C - 72°C | Throttling: None - None - None - None - None - None - None - None
690 (758663 Gflops/s) - 685 (753165 Gflops/s) - 679 (746568 Gflops/s) - 682 (749866 Gflops/s) - 687 (755364 Gflops/s) - 693 (761961 Gflops/s) - 677 (744369 Gflops/s) - 663 (728976 Gflops/s) | Temperatures: 60°C - 61°C - 72°C - 72°C - 61°C - 60°C - 71°C - 72°C | Throttling: None - None - None - None - None - None - None - None
692 (760862 Gflops/s) - 685 (753165 Gflops/s) - 681 (748767 Gflops/s) - 680 (747667 Gflops/s) - 687 (755364 Gflops/s) - 692 (760862 Gflops/s) - 677 (744369 Gflops/s) - 664 (730075 Gflops/s) | Temperatures: 60°C - 61°C - 72°C - 72°C - 61°C - 60°C - 71°C - 72°C | Throttling: None - None - None - None - None - None - None - None
690 (758663 Gflops/s) - 684 (752065 Gflops/s) - 680 (747667 Gflops/s) - 681 (748767 Gflops/s) - 687 (755364 Gflops/s) - 692 (760862 Gflops/s) - 677 (744369 Gflops/s) - 663 (728976 Gflops/s) | Temperatures: 60°C - 61°C - 72°C - 72°C - 61°C - 60°C - 71°C - 72°C | Throttling: None - None - None - None - None - None - None - None
690 (758663 Gflops/s) - 685 (753165 Gflops/s) - 681 (748767 Gflops/s) - 681 (748767 Gflops/s) - 688 (756463 Gflops/s) - 694 (763061 Gflops/s) - 676 (743269 Gflops/s) - 663 (728976 Gflops/s) | Temperatures: 60°C - 61°C - 72°C - 72°C - 61°C - 60°C - 71°C - 72°C | Throttling: None - None - None - None - None - None - None - None
690 (758663 Gflops/s) - 685 (753165 Gflops/s) - 680 (747667 Gflops/s) - 681 (748767 Gflops/s) - 687 (755364 Gflops/s) - 709 (779553 Gflops/s) - 677 (744369 Gflops/s) - 663 (728976 Gflops/s) | Temperatures: 60°C - 61°C - 72°C - 72°C - 61°C - 61°C - 71°C - 72°C | Throttling: None - None - None - None - None - None - None - None
691 (759762 Gflops/s) - 685 (753165 Gflops/s) - 683 (750966 Gflops/s) - 681 (748767 Gflops/s) - 687 (755364 Gflops/s) - 676 (743269 Gflops/s) - 677 (744369 Gflops/s) - 663 (728976 Gflops/s) | Temperatures: 60°C - 61°C - 72°C - 72°C - 61°C - 60°C - 71°C - 72°C | Throttling: None - None - None - None - None - None - None - None
691 (759762 Gflops/s) - 685 (753165 Gflops/s) - 681 (748767 Gflops/s) - 681 (748767 Gflops/s) - 687 (755364 Gflops/s) - 692 (760862 Gflops/s) - 677 (744369 Gflops/s) - 663 (728976 Gflops/s) | Temperatures: 60°C - 61°C - 72°C - 72°C - 61°C - 60°C - 71°C - 72°C | Throttling: None - None - None - None - None - None - None - None
690 (758663 Gflops/s) - 685 (753165 Gflops/s) - 681 (748767 Gflops/s) - 681 (748767 Gflops/s) - 688 (756463 Gflops/s) - 693 (761961 Gflops/s) - 677 (744369 Gflops/s) - 664 (730075 Gflops/s) | Temperatures: 60°C - 61°C - 72°C - 72°C - 61°C - 60°C - 71°C - 72°C | Throttling: None - None - None - None - None - None - None - None
691 (759762 Gflops/s) - 684 (752065 Gflops/s) - 679 (746568 Gflops/s) - 680 (747667 Gflops/s) - 687 (755364 Gflops/s) - 692 (760862 Gflops/s) - 677 (744369 Gflops/s) - 662 (727876 Gflops/s) | Temperatures: 60°C - 61°C - 72°C - 72°C - 61°C - 60°C - 71°C - 72°C | Throttling: None - None - None - None - None - None - None - None
691 (759762 Gflops/s) - 684 (752065 Gflops/s) - 681 (748767 Gflops/s) - 681 (748767 Gflops/s) - 688 (756463 Gflops/s) - 693 (761961 Gflops/s) - 677 (744369 Gflops/s) - 664 (730075 Gflops/s) | Temperatures: 60°C - 61°C - 72°C - 72°C - 61°C - 60°C - 71°C - 72°C | Throttling: None - None - None - None - None - None - None - None
691 (759762 Gflops/s) - 685 (753165 Gflops/s) - 681 (748767 Gflops/s) - 680 (747667 Gflops/s) - 687 (755364 Gflops/s) - 692 (760862 Gflops/s) - 676 (743269 Gflops/s) - 664 (730075 Gflops/s) | Temperatures: 60°C - 61°C - 72°C - 72°C - 61°C - 60°C - 71°C - 72°C | Throttling: None - None - None - None - None - None - None - None
691 (759762 Gflops/s) - 685 (753165 Gflops/s) - 681 (748767 Gflops/s) - 682 (749866 Gflops/s) - 688 (756463 Gflops/s) - 693 (761961 Gflops/s) - 677 (744369 Gflops/s) - 663 (728976 Gflops/s) | Temperatures: 60°C - 61°C - 72°C - 72°C - 61°C - 60°C - 71°C - 72°C | Throttling: None - None - None - None - None - None - None - None
689 (757563 Gflops/s) - 685 (753165 Gflops/s) - 681 (748767 Gflops/s) - 680 (747667 Gflops/s) - 687 (755364 Gflops/s) - 692 (760862 Gflops/s) - 676 (743269 Gflops/s) - 664 (730075 Gflops/s) | Temperatures: 60°C - 61°C - 72°C - 72°C - 61°C - 60°C - 71°C - 72°C | Throttling: None - None - None - None - None - None - None - None
690 (758663 Gflops/s) - 685 (753165 Gflops/s) - 680 (747667 Gflops/s) - 681 (748767 Gflops/s) - 687 (755364 Gflops/s) - 692 (760862 Gflops/s) - 678 (745468 Gflops/s) - 664 (730075 Gflops/s) | Temperatures: 60°C - 61°C - 72°C - 72°C - 61°C - 60°C - 71°C - 72°C | Throttling: None - None - None - None - None - None - None - None
691 (759762 Gflops/s) - 684 (752065 Gflops/s) - 682 (749866 Gflops/s) - 681 (748767 Gflops/s) - 687 (755364 Gflops/s) - 693 (761961 Gflops/s) - 677 (744369 Gflops/s) - 663 (728976 Gflops/s) | Temperatures: 60°C - 61°C - 72°C - 72°C - 61°C - 60°C - 71°C - 72°C | Throttling: None - None - None - None - None - None - None - None
691 (759762 Gflops/s) - 686 (754264 Gflops/s) - 680 (747667 Gflops/s) - 681 (748767 Gflops/s) - 688 (756463 Gflops/s) - 693 (761961 Gflops/s) - 677 (744369 Gflops/s) - 664 (730075 Gflops/s) | Temperatures: 60°C - 61°C - 72°C - 72°C - 61°C - 60°C - 71°C - 72°C | Throttling: None - None - None - None - None - None - None - None
690 (758663 Gflops/s) - 689 (757563 Gflops/s) - 681 (748767 Gflops/s) - 681 (748767 Gflops/s) - 687 (755364 Gflops/s) - 692 (760862 Gflops/s) - 676 (743269 Gflops/s) - 664 (730075 Gflops/s) | Temperatures: 60°C - 61°C - 72°C - 72°C - 61°C - 61°C - 71°C - 72°C | Throttling: None - None - None - None - None - None - None - None
690 (758663 Gflops/s) - 679 (746568 Gflops/s) - 681 (748767 Gflops/s) - 681 (748767 Gflops/s) - 687 (755364 Gflops/s) - 694 (763061 Gflops/s) - 677 (744369 Gflops/s) - 663 (728976 Gflops/s) | Temperatures: 60°C - 61°C - 72°C - 72°C - 61°C - 61°C - 71°C - 72°C | Throttling: None - None - None - None - None - None - None - None
690 (758663 Gflops/s) - 685 (753165 Gflops/s) - 681 (748767 Gflops/s) - 681 (748767 Gflops/s) - 687 (755364 Gflops/s) - 692 (760862 Gflops/s) - 677 (744369 Gflops/s) - 664 (730075 Gflops/s) | Temperatures: 60°C - 61°C - 72°C - 72°C - 61°C - 61°C - 71°C - 72°C | Throttling: None - None - None - None - None - None - None - None
694 (763061 Gflops/s) - 685 (753165 Gflops/s) - 680 (747667 Gflops/s) - 680 (747667 Gflops/s) - 688 (756463 Gflops/s) - 693 (761961 Gflops/s) - 677 (744369 Gflops/s) - 663 (728976 Gflops/s) | Temperatures: 60°C - 61°C - 72°C - 72°C - 61°C - 61°C - 71°C - 72°C | Throttling: None - None - None - None - None - None - None - None
687 (755364 Gflops/s) - 684 (752065 Gflops/s) - 680 (747667 Gflops/s) - 681 (748767 Gflops/s) - 687 (755364 Gflops/s) - 692 (760862 Gflops/s) - 677 (744369 Gflops/s) - 663 (728976 Gflops/s) | Temperatures: 60°C - 61°C - 72°C - 72°C - 61°C - 61°C - 71°C - 72°C | Throttling: None - None - None - None - None - None - None - None
691 (759762 Gflops/s) - 685 (753165 Gflops/s) - 681 (748767 Gflops/s) - 680 (747667 Gflops/s) - 688 (756463 Gflops/s) - 693 (761961 Gflops/s) - 677 (744369 Gflops/s) - 663 (728976 Gflops/s) | Temperatures: 60°C - 61°C - 72°C - 72°C - 61°C - 60°C - 71°C - 72°C | Throttling: None - None - None - None - None - None - None - None
690 (758663 Gflops/s) - 684 (752065 Gflops/s) - 679 (746568 Gflops/s) - 681 (748767 Gflops/s) - 686 (754264 Gflops/s) - 692 (760862 Gflops/s) - 676 (743269 Gflops/s) - 664 (730075 Gflops/s) | Temperatures: 60°C - 61°C - 72°C - 72°C - 61°C - 61°C - 71°C - 72°C | Throttling: None - None - None - None - None - None - None - None
690 (758663 Gflops/s) - 685 (753165 Gflops/s) - 681 (748767 Gflops/s) - 680 (747667 Gflops/s) - 688 (756463 Gflops/s) - 692 (760862 Gflops/s) - 678 (745468 Gflops/s) - 664 (730075 Gflops/s) | Temperatures: 60°C - 61°C - 72°C - 72°C - 61°C - 60°C - 71°C - 72°C | Throttling: None - None - None - None - None - None - None - None
691 (759762 Gflops/s) - 684 (752065 Gflops/s) - 680 (747667 Gflops/s) - 680 (747667 Gflops/s) - 688 (756463 Gflops/s) - 693 (761961 Gflops/s) - 676 (743269 Gflops/s) - 663 (728976 Gflops/s) | Temperatures: 60°C - 61°C - 72°C - 72°C - 61°C - 60°C - 71°C - 73°C | Throttling: None - None - None - None - None - None - None - None
689 (757563 Gflops/s) - 685 (753165 Gflops/s) - 682 (749866 Gflops/s) - 693 (761961 Gflops/s) - 687 (755364 Gflops/s) - 693 (761961 Gflops/s) - 678 (745468 Gflops/s) - 663 (728976 Gflops/s) | Temperatures: 60°C - 61°C - 72°C - 72°C - 61°C - 61°C - 71°C - 72°C | Throttling: None - None - None - None - None - None - None - None
691 (759762 Gflops/s) - 685 (753165 Gflops/s) - 678 (745468 Gflops/s) - 669 (735573 Gflops/s) - 687 (755364 Gflops/s) - 692 (760862 Gflops/s) - 676 (743269 Gflops/s) - 662 (727876 Gflops/s) | Temperatures: 60°C - 61°C - 72°C - 72°C - 61°C - 60°C - 71°C - 72°C | Throttling: None - None - None - None - None - None - None - None
690 (758663 Gflops/s) - 685 (753165 Gflops/s) - 680 (747667 Gflops/s) - 680 (747667 Gflops/s) - 687 (755364 Gflops/s) - 692 (760862 Gflops/s) - 677 (744369 Gflops/s) - 664 (730075 Gflops/s) | Temperatures: 60°C - 61°C - 72°C - 72°C - 61°C - 61°C - 71°C - 72°C | Throttling: None - None - None - None - None - None - None - None
691 (759762 Gflops/s) - 684 (752065 Gflops/s) - 680 (747667 Gflops/s) - 682 (749866 Gflops/s) - 688 (756463 Gflops/s) - 693 (761961 Gflops/s) - 677 (744369 Gflops/s) - 663 (728976 Gflops/s) | Temperatures: 60°C - 61°C - 72°C - 72°C - 61°C - 60°C - 71°C - 72°C | Throttling: None - None - None - None - None - None - None - None
690 (758663 Gflops/s) - 685 (753165 Gflops/s) - 680 (747667 Gflops/s) - 681 (748767 Gflops/s) - 686 (754264 Gflops/s) - 692 (760862 Gflops/s) - 676 (743269 Gflops/s) - 663 (728976 Gflops/s) | Temperatures: 60°C - 61°C - 72°C - 72°C - 61°C - 60°C - 71°C - 72°C | Throttling: None - None - None - None - None - None - None - None
690 (758663 Gflops/s) - 684 (752065 Gflops/s) - 680 (747667 Gflops/s) - 680 (747667 Gflops/s) - 688 (756463 Gflops/s) - 694 (763061 Gflops/s) - 677 (744369 Gflops/s) - 663 (728976 Gflops/s) | Temperatures: 60°C - 61°C - 72°C - 72°C - 61°C - 60°C - 71°C - 72°C | Throttling: None - None - None - None - None - None - None - None
691 (759762 Gflops/s) - 685 (753165 Gflops/s) - 681 (748767 Gflops/s) - 681 (748767 Gflops/s) - 688 (756463 Gflops/s) - 694 (763061 Gflops/s) - 676 (743269 Gflops/s) - 663 (728976 Gflops/s) | Temperatures: 60°C - 61°C - 72°C - 72°C - 61°C - 61°C - 71°C - 72°C | Throttling: None - None - None - None - None - None - None - None
691 (759762 Gflops/s) - 685 (753165 Gflops/s) - 680 (747667 Gflops/s) - 681 (748767 Gflops/s) - 687 (755364 Gflops/s) - 692 (760862 Gflops/s) - 677 (744369 Gflops/s) - 663 (728976 Gflops/s) | Temperatures: 60°C - 61°C - 72°C - 72°C - 61°C - 61°C - 71°C - 72°C | Throttling: None - None - None - None - None - None - None - None
691 (759762 Gflops/s) - 684 (752065 Gflops/s) - 680 (747667 Gflops/s) - 680 (747667 Gflops/s) - 687 (755364 Gflops/s) - 693 (761961 Gflops/s) - 676 (743269 Gflops/s) - 664 (730075 Gflops/s) | Temperatures: 60°C - 61°C - 72°C - 72°C - 61°C - 61°C - 71°C - 72°C | Throttling: None - None - None - None - None - None - None - None
690 (758663 Gflops/s) - 685 (753165 Gflops/s) - 681 (748767 Gflops/s) - 681 (748767 Gflops/s) - 688 (756463 Gflops/s) - 693 (761961 Gflops/s) - 677 (744369 Gflops/s) - 663 (728976 Gflops/s) | Temperatures: 60°C - 61°C - 72°C - 72°C - 61°C - 61°C - 71°C - 72°C | Throttling: None - None - None - None - None - None - None - None
690 (758663 Gflops/s) - 684 (752065 Gflops/s) - 682 (749866 Gflops/s) - 679 (746568 Gflops/s) - 687 (755364 Gflops/s) - 691 (759762 Gflops/s) - 676 (743269 Gflops/s) - 663 (728976 Gflops/s) | Temperatures: 60°C - 61°C - 72°C - 72°C - 61°C - 60°C - 71°C - 72°C | Throttling: None - None - None - None - None - None - None - None
690 (758663 Gflops/s) - 685 (753165 Gflops/s) - 681 (748767 Gflops/s) - 681 (748767 Gflops/s) - 688 (756463 Gflops/s) - 693 (761961 Gflops/s) - 677 (744369 Gflops/s) - 664 (730075 Gflops/s) | Temperatures: 60°C - 61°C - 72°C - 72°C - 61°C - 60°C - 71°C - 72°C | Throttling: None - None - None - None - None - None - None - None
691 (759762 Gflops/s) - 685 (753165 Gflops/s) - 680 (747667 Gflops/s) - 681 (748767 Gflops/s) - 688 (756463 Gflops/s) - 693 (761961 Gflops/s) - 677 (744369 Gflops/s) - 664 (730075 Gflops/s) | Temperatures: 60°C - 61°C - 72°C - 72°C - 61°C - 61°C - 71°C - 72°C | Throttling: None - None - None - None - None - None - None - None
691 (759762 Gflops/s) - 685 (753165 Gflops/s) - 683 (750966 Gflops/s) - 681 (748767 Gflops/s) - 687 (755364 Gflops/s) - 693 (761961 Gflops/s) - 677 (744369 Gflops/s) - 663 (728976 Gflops/s) | Temperatures: 60°C - 61°C - 72°C - 72°C - 61°C - 60°C - 71°C - 72°C | Throttling: None - None - None - None - None - None - None - None
690 (758663 Gflops/s) - 684 (752065 Gflops/s) - 680 (747667 Gflops/s) - 681 (748767 Gflops/s) - 688 (756463 Gflops/s) - 693 (761961 Gflops/s) - 677 (744369 Gflops/s) - 663 (728976 Gflops/s) | Temperatures: 60°C - 61°C - 72°C - 72°C - 61°C - 61°C - 71°C - 72°C | Throttling: None - None - None - None - None - None - None - None
691 (759762 Gflops/s) - 685 (753165 Gflops/s) - 680 (747667 Gflops/s) - 679 (746568 Gflops/s) - 686 (754264 Gflops/s) - 692 (760862 Gflops/s) - 676 (743269 Gflops/s) - 663 (728976 Gflops/s) | Temperatures: 60°C - 61°C - 72°C - 72°C - 61°C - 60°C - 71°C - 72°C | Throttling: None - None - None - None - None - None - None - None
690 (758663 Gflops/s) - 685 (753165 Gflops/s) - 679 (746568 Gflops/s) - 681 (748767 Gflops/s) - 688 (756463 Gflops/s) - 693 (761961 Gflops/s) - 677 (744369 Gflops/s) - 664 (730075 Gflops/s) | Temperatures: 60°C - 61°C - 72°C - 72°C - 61°C - 61°C - 71°C - 72°C | Throttling: None - None - None - None - None - None - None - None
691 (759762 Gflops/s) - 685 (753165 Gflops/s) - 680 (747667 Gflops/s) - 681 (748767 Gflops/s) - 687 (755364 Gflops/s) - 693 (761961 Gflops/s) - 677 (744369 Gflops/s) - 663 (728976 Gflops/s) | Temperatures: 60°C - 61°C - 72°C - 72°C - 61°C - 61°C - 71°C - 72°C | Throttling: None - None - None - None - None - None - None - None
691 (759762 Gflops/s) - 685 (753165 Gflops/s) - 681 (748767 Gflops/s) - 681 (748767 Gflops/s) - 688 (756463 Gflops/s) - 692 (760862 Gflops/s) - 677 (744369 Gflops/s) - 663 (728976 Gflops/s) | Temperatures: 60°C - 61°C - 72°C - 72°C - 61°C - 60°C - 71°C - 72°C | Throttling: None - None - None - None - None - None - None - None
689 (757563 Gflops/s) - 683 (750966 Gflops/s) - 681 (748767 Gflops/s) - 681 (748767 Gflops/s) - 687 (755364 Gflops/s) - 692 (760862 Gflops/s) - 677 (744369 Gflops/s) - 663 (728976 Gflops/s) | Temperatures: 60°C - 61°C - 72°C - 72°C - 61°C - 61°C - 71°C - 72°C | Throttling: None - None - None - None - None - None - None - None
691 (759762 Gflops/s) - 685 (753165 Gflops/s) - 681 (748767 Gflops/s) - 681 (748767 Gflops/s) - 687 (755364 Gflops/s) - 693 (761961 Gflops/s) - 677 (744369 Gflops/s) - 663 (728976 Gflops/s) | Temperatures: 60°C - 61°C - 72°C - 72°C - 61°C - 61°C - 71°C - 72°C | Throttling: None - None - None - None - None - None - None - None
690 (758663 Gflops/s) - 685 (753165 Gflops/s) - 681 (748767 Gflops/s) - 681 (748767 Gflops/s) - 688 (756463 Gflops/s) - 693 (761961 Gflops/s) - 677 (744369 Gflops/s) - 663 (728976 Gflops/s) | Temperatures: 60°C - 61°C - 72°C - 72°C - 61°C - 61°C - 71°C - 72°C | Throttling: None - None - None - None - None - None - None - None
691 (759762 Gflops/s) - 685 (753165 Gflops/s) - 680 (747667 Gflops/s) - 680 (747667 Gflops/s) - 687 (755364 Gflops/s) - 693 (761961 Gflops/s) - 677 (744369 Gflops/s) - 664 (730075 Gflops/s) | Temperatures: 60°C - 61°C - 72°C - 72°C - 61°C - 61°C - 71°C - 72°C | Throttling: None - None - None - None - None - None - None - None
690 (758663 Gflops/s) - 684 (752065 Gflops/s) - 681 (748767 Gflops/s) - 681 (748767 Gflops/s) - 688 (756463 Gflops/s) - 693 (761961 Gflops/s) - 678 (745468 Gflops/s) - 663 (728976 Gflops/s) | Temperatures: 60°C - 61°C - 72°C - 72°C - 61°C - 61°C - 71°C - 72°C | Throttling: None - None - None - None - None - None - None - None
690 (758663 Gflops/s) - 684 (752065 Gflops/s) - 680 (747667 Gflops/s) - 680 (747667 Gflops/s) - 687 (755364 Gflops/s) - 693 (761961 Gflops/s) - 676 (743269 Gflops/s) - 663 (728976 Gflops/s) | Temperatures: 60°C - 61°C - 72°C - 72°C - 61°C - 60°C - 71°C - 73°C | Throttling: None - None - None - None - None - None - None - None
690 (758663 Gflops/s) - 685 (753165 Gflops/s) - 681 (748767 Gflops/s) - 682 (749866 Gflops/s) - 687 (755364 Gflops/s) - 693 (761961 Gflops/s) - 677 (744369 Gflops/s) - 663 (728976 Gflops/s) | Temperatures: 60°C - 61°C - 72°C - 72°C - 61°C - 61°C - 71°C - 72°C | Throttling: None - None - None - None - None - None - None - None
691 (759762 Gflops/s) - 691 (759762 Gflops/s) - 680 (747667 Gflops/s) - 680 (747667 Gflops/s) - 688 (756463 Gflops/s) - 693 (761961 Gflops/s) - 677 (744369 Gflops/s) - 664 (730075 Gflops/s) | Temperatures: 60°C - 61°C - 72°C - 72°C - 61°C - 61°C - 71°C - 72°C | Throttling: None - None - None - None - None - None - None - None
691 (759762 Gflops/s) - 678 (745468 Gflops/s) - 681 (748767 Gflops/s) - 681 (748767 Gflops/s) - 688 (756463 Gflops/s) - 701 (770757 Gflops/s) - 677 (744369 Gflops/s) - 663 (728976 Gflops/s) | Temperatures: 60°C - 61°C - 72°C - 72°C - 61°C - 61°C - 71°C - 72°C | Throttling: None - None - None - None - None - None - None - None
689 (757563 Gflops/s) - 685 (753165 Gflops/s) - 681 (748767 Gflops/s) - 681 (748767 Gflops/s) - 687 (755364 Gflops/s) - 684 (752065 Gflops/s) - 676 (743269 Gflops/s) - 664 (730075 Gflops/s) | Temperatures: 60°C - 61°C - 72°C - 72°C - 61°C - 60°C - 71°C - 72°C | Throttling: None - None - None - None - None - None - None - None
691 (759762 Gflops/s) - 685 (753165 Gflops/s) - 692 (760862 Gflops/s) - 681 (748767 Gflops/s) - 687 (755364 Gflops/s) - 692 (760862 Gflops/s) - 677 (744369 Gflops/s) - 662 (727876 Gflops/s) | Temperatures: 60°C - 61°C - 72°C - 72°C - 61°C - 60°C - 71°C - 72°C | Throttling: None - None - None - None - None - None - None - None
690 (758663 Gflops/s) - 685 (753165 Gflops/s) - 667 (733374 Gflops/s) - 680 (747667 Gflops/s) - 688 (756463 Gflops/s) - 693 (761961 Gflops/s) - 677 (744369 Gflops/s) - 663 (728976 Gflops/s) | Temperatures: 60°C - 61°C - 72°C - 72°C - 61°C - 61°C - 71°C - 72°C | Throttling: None - None - None - None - None - None - None - None
690 (758663 Gflops/s) - 684 (752065 Gflops/s) - 680 (747667 Gflops/s) - 681 (748767 Gflops/s) - 687 (755364 Gflops/s) - 693 (761961 Gflops/s) - 677 (744369 Gflops/s) - 663 (728976 Gflops/s) | Temperatures: 60°C - 61°C - 72°C - 72°C - 61°C - 61°C - 71°C - 72°C | Throttling: None - None - None - None - None - None - None - None
691 (759762 Gflops/s) - 684 (752065 Gflops/s) - 679 (746568 Gflops/s) - 680 (747667 Gflops/s) - 687 (755364 Gflops/s) - 691 (759762 Gflops/s) - 676 (743269 Gflops/s) - 663 (728976 Gflops/s) | Temperatures: 60°C - 61°C - 72°C - 72°C - 61°C - 61°C - 71°C - 72°C | Throttling: None - None - None - None - None - None - None - None
690 (758663 Gflops/s) - 685 (753165 Gflops/s) - 682 (749866 Gflops/s) - 681 (748767 Gflops/s) - 688 (756463 Gflops/s) - 693 (761961 Gflops/s) - 677 (744369 Gflops/s) - 664 (730075 Gflops/s) | Temperatures: 60°C - 61°C - 72°C - 72°C - 61°C - 60°C - 71°C - 72°C | Throttling: None - None - None - None - None - None - None - None
691 (759762 Gflops/s) - 685 (753165 Gflops/s) - 680 (747667 Gflops/s) - 681 (748767 Gflops/s) - 688 (756463 Gflops/s) - 693 (761961 Gflops/s) - 677 (744369 Gflops/s) - 663 (728976 Gflops/s) | Temperatures: 60°C - 61°C - 72°C - 72°C - 61°C - 61°C - 71°C - 72°C | Throttling: None - None - None - None - None - None - None - None
690 (758663 Gflops/s) - 685 (753165 Gflops/s) - 681 (748767 Gflops/s) - 680 (747667 Gflops/s) - 688 (756463 Gflops/s) - 692 (760862 Gflops/s) - 677 (744369 Gflops/s) - 662 (727876 Gflops/s) | Temperatures: 60°C - 61°C - 72°C - 72°C - 61°C - 61°C - 71°C - 72°C | Throttling: None - None - None - None - None - None - None - None
690 (758663 Gflops/s) - 684 (752065 Gflops/s) - 680 (747667 Gflops/s) - 681 (748767 Gflops/s) - 687 (755364 Gflops/s) - 693 (761961 Gflops/s) - 677 (744369 Gflops/s) - 663 (728976 Gflops/s) | Temperatures: 60°C - 61°C - 72°C - 72°C - 61°C - 61°C - 71°C - 72°C | Throttling: None - None - None - None - None - None - None - None
690 (758663 Gflops/s) - 684 (752065 Gflops/s) - 680 (747667 Gflops/s) - 680 (747667 Gflops/s) - 687 (755364 Gflops/s) - 692 (760862 Gflops/s) - 676 (743269 Gflops/s) - 664 (730075 Gflops/s) | Temperatures: 60°C - 61°C - 72°C - 72°C - 61°C - 60°C - 71°C - 72°C | Throttling: None - None - None - None - None - None - None - None
691 (759762 Gflops/s) - 685 (753165 Gflops/s) - 681 (748767 Gflops/s) - 681 (748767 Gflops/s) - 688 (756463 Gflops/s) - 692 (760862 Gflops/s) - 678 (745468 Gflops/s) - 663 (728976 Gflops/s) | Temperatures: 60°C - 61°C - 72°C - 72°C - 61°C - 60°C - 71°C - 72°C | Throttling: None - None - None - None - None - None - None - None
690 (758663 Gflops/s) - 685 (753165 Gflops/s) - 681 (748767 Gflops/s) - 681 (748767 Gflops/s) - 687 (755364 Gflops/s) - 693 (761961 Gflops/s) - 677 (744369 Gflops/s) - 663 (728976 Gflops/s) | Temperatures: 60°C - 61°C - 72°C - 72°C - 61°C - 60°C - 71°C - 72°C | Throttling: None - None - None - None - None - None - None - None
690 (758663 Gflops/s) - 685 (753165 Gflops/s) - 680 (747667 Gflops/s) - 681 (748767 Gflops/s) - 688 (756463 Gflops/s) - 693 (761961 Gflops/s) - 676 (743269 Gflops/s) - 663 (728976 Gflops/s) | Temperatures: 60°C - 61°C - 72°C - 72°C - 61°C - 61°C - 71°C - 72°C | Throttling: None - None - None - None - None - None - None - None
690 (758663 Gflops/s) - 684 (752065 Gflops/s) - 680 (747667 Gflops/s) - 680 (747667 Gflops/s) - 688 (756463 Gflops/s) - 692 (760862 Gflops/s) - 677 (744369 Gflops/s) - 663 (728976 Gflops/s) | Temperatures: 60°C - 61°C - 72°C - 72°C - 61°C - 60°C - 71°C - 72°C | Throttling: None - None - None - None - None - None - None - None
690 (758663 Gflops/s) - 684 (752065 Gflops/s) - 680 (747667 Gflops/s) - 680 (747667 Gflops/s) - 687 (755364 Gflops/s) - 692 (760862 Gflops/s) - 677 (744369 Gflops/s) - 663 (728976 Gflops/s) | Temperatures: 60°C - 61°C - 72°C - 72°C - 61°C - 60°C - 71°C - 72°C | Throttling: None - None - None - None - None - None - None - None
691 (759762 Gflops/s) - 685 (753165 Gflops/s) - 680 (747667 Gflops/s) - 681 (748767 Gflops/s) - 688 (756463 Gflops/s) - 693 (761961 Gflops/s) - 677 (744369 Gflops/s) - 664 (730075 Gflops/s) | Temperatures: 60°C - 61°C - 72°C - 72°C - 61°C - 60°C - 71°C - 72°C | Throttling: None - None - None - None - None - None - None - None
690 (758663 Gflops/s) - 685 (753165 Gflops/s) - 680 (747667 Gflops/s) - 681 (748767 Gflops/s) - 687 (755364 Gflops/s) - 693 (761961 Gflops/s) - 677 (744369 Gflops/s) - 662 (727876 Gflops/s) | Temperatures: 60°C - 61°C - 72°C - 72°C - 61°C - 60°C - 71°C - 72°C | Throttling: None - None - None - None - None - None - None - None
691 (759762 Gflops/s) - 685 (753165 Gflops/s) - 680 (747667 Gflops/s) - 680 (747667 Gflops/s) - 688 (756463 Gflops/s) - 693 (761961 Gflops/s) - 677 (744369 Gflops/s) - 663 (728976 Gflops/s) | Temperatures: 60°C - 61°C - 72°C - 72°C - 61°C - 61°C - 71°C - 72°C | Throttling: None - None - None - None - None - None - None - None
690 (758663 Gflops/s) - 683 (750966 Gflops/s) - 679 (746568 Gflops/s) - 680 (747667 Gflops/s) - 686 (754264 Gflops/s) - 692 (760862 Gflops/s) - 677 (744369 Gflops/s) - 664 (730075 Gflops/s) | Temperatures: 60°C - 61°C - 72°C - 72°C - 61°C - 61°C - 71°C - 72°C | Throttling: None - None - None - None - None - None - None - None
690 (758663 Gflops/s) - 686 (754264 Gflops/s) - 680 (747667 Gflops/s) - 681 (748767 Gflops/s) - 688 (756463 Gflops/s) - 693 (761961 Gflops/s) - 676 (743269 Gflops/s) - 663 (728976 Gflops/s) | Temperatures: 60°C - 61°C - 72°C - 72°C - 61°C - 60°C - 71°C - 72°C | Throttling: None - None - None - None - None - None - None - None
690 (758663 Gflops/s) - 684 (752065 Gflops/s) - 681 (748767 Gflops/s) - 681 (748767 Gflops/s) - 687 (755364 Gflops/s) - 693 (761961 Gflops/s) - 677 (744369 Gflops/s) - 664 (730075 Gflops/s) | Temperatures: 60°C - 61°C - 72°C - 72°C - 61°C - 60°C - 71°C - 72°C | Throttling: None - None - None - None - None - None - None - None
690 (758663 Gflops/s) - 685 (753165 Gflops/s) - 681 (748767 Gflops/s) - 681 (748767 Gflops/s) - 689 (757563 Gflops/s) - 693 (761961 Gflops/s) - 677 (744369 Gflops/s) - 664 (730075 Gflops/s) | Temperatures: 60°C - 61°C - 72°C - 72°C - 61°C - 61°C - 71°C - 72°C | Throttling: None - None - None - None - None - None - None - None
270 (296868 Gflops/s) - 487 (535462 Gflops/s) - 678 (745468 Gflops/s) - 436 (479387 Gflops/s) - 304 (334251 Gflops/s) - 692 (760862 Gflops/s) - 677 (744369 Gflops/s) - 662 (727876 Gflops/s) | Temperatures: 60°C - 61°C - 72°C - 72°C - 61°C - 61°C - 71°C - 72°C | Throttling: None - None - None - None - None - None - None - None
GPU #0: 758358 Gflops/s (min: 296868.14, max: 772956.67, dev: 758358.43)
         Temperature: 59.72°C (min: 52.00, max: 61.00)
         Throttling HW: false, Thermal SW: false, Thermal HW: false
GPU #1: 752842 Gflops/s (min: 535462.16, max: 771857.16, dev: 752842.30)
         Temperature: 60.49°C (min: 52.00, max: 62.00)
         Throttling HW: false, Thermal SW: false, Thermal HW: false
GPU #2: 750610 Gflops/s (min: 733374.26, max: 768558.63, dev: 750609.84)
         Temperature: 70.71°C (min: 56.00, max: 73.00)
         Throttling HW: false, Thermal SW: false, Thermal HW: false
GPU #3: 749291 Gflops/s (min: 479387.07, max: 765260.09, dev: 749291.17)
         Temperature: 70.48°C (min: 55.00, max: 73.00)
         Throttling HW: false, Thermal SW: false, Thermal HW: false
GPU #4: 754960 Gflops/s (min: 334251.53, max: 772956.67, dev: 754959.60)
         Temperature: 60.64°C (min: 51.00, max: 62.00)
         Throttling HW: false, Thermal SW: false, Thermal HW: false
GPU #5: 762303 Gflops/s (min: 743269.86, max: 780653.26, dev: 762303.30)
         Temperature: 59.92°C (min: 50.00, max: 61.00)
         Throttling HW: false, Thermal SW: false, Thermal HW: false
GPU #6: 745903 Gflops/s (min: 728976.21, max: 760862.05, dev: 745903.49)
         Temperature: 69.52°C (min: 54.00, max: 72.00)
         Throttling HW: false, Thermal SW: false, Thermal HW: false
GPU #7: 731981 Gflops/s (min: 712483.53, max: 749866.93, dev: 731981.29)
         Temperature: 70.82°C (min: 56.00, max: 73.00)
         Throttling HW: false, Thermal SW: false, Thermal HW: false
All GPUs seem healthy
Freeing GPUs...
======== Run with bf16 ==========
Detected GPU #0: "NVIDIA B200" (2d47fcdd-5ef8-3e65-1a1e-6e4c15fc4b3e)
Detected GPU #1: "NVIDIA B200" (da18bd1f-503a-9487-8225-8ac6e971eb1f)
Detected GPU #2: "NVIDIA B200" (57dfd585-f61d-35df-d790-532b3dbaa636)
Detected GPU #3: "NVIDIA B200" (60c35a93-f6e6-a0a9-1ebe-e5399df8c934)
Detected GPU #4: "NVIDIA B200" (251fc339-0eb7-5c3d-4d12-af532c7098d4)
Detected GPU #5: "NVIDIA B200" (ee817063-a4a6-685b-6343-ff025e23d2a0)
Detected GPU #6: "NVIDIA B200" (a14b1152-7e95-20fb-1cc7-a1d00b115f83)
Detected GPU #7: "NVIDIA B200" (0d35de3d-b2a4-3a15-dec8-cd2dce177efd)
Using precision(s):  BF16 
Creating random matrices
Matrices created
GPU #0: Using 163814 MB
GPU #1: Using 163814 MB
GPU #2: Using 163814 MB
GPU #3: Using 163814 MB
GPU #4: Using 163814 MB
GPU #5: Using 163814 MB
GPU #6: Using 163814 MB
GPU #7: Using 163814 MB
1703 (1872468 Gflops/s) - 1416 (1556908 Gflops/s) - 1592 (1750422 Gflops/s) - 0 (0 Gflops/s) - 0 (0 Gflops/s) - 0 (0 Gflops/s) - 0 (0 Gflops/s) - 0 (0 Gflops/s) | Temperatures: 52°C - 52°C - 64°C - 50°C - 39°C - 39°C - 50°C - 51°C | Throttling: None - None - None - None - None - None - None - None
1339 (1472246 Gflops/s) - 1334 (1466748 Gflops/s) - 1343 (1476644 Gflops/s) - 2218 (2438716 Gflops/s) - 2141 (2354054 Gflops/s) - 2199 (2417826 Gflops/s) - 2019 (2219913 Gflops/s) - 1969 (2164938 Gflops/s) | Temperatures: 54°C - 55°C - 66°C - 64°C - 53°C - 54°C - 64°C - 65°C | Throttling: None - None - None - None - None - None - None - None
1338 (1471146 Gflops/s) - 1336 (1468947 Gflops/s) - 1340 (1473345 Gflops/s) - 1337 (1470047 Gflops/s) - 1343 (1476644 Gflops/s) - 1353 (1487639 Gflops/s) - 1323 (1454653 Gflops/s) - 1300 (1429365 Gflops/s) | Temperatures: 55°C - 55°C - 66°C - 65°C - 55°C - 55°C - 65°C - 66°C | Throttling: None - None - None - None - None - None - None - None
1346 (1479942 Gflops/s) - 1342 (1475544 Gflops/s) - 1346 (1479942 Gflops/s) - 1342 (1475544 Gflops/s) - 1349 (1483241 Gflops/s) - 1356 (1490937 Gflops/s) - 1336 (1468947 Gflops/s) - 1311 (1441459 Gflops/s) | Temperatures: 55°C - 56°C - 67°C - 66°C - 56°C - 56°C - 65°C - 67°C | Throttling: None - None - None - None - None - None - None - None
1347 (1481042 Gflops/s) - 1340 (1473345 Gflops/s) - 1338 (1471146 Gflops/s) - 1339 (1472246 Gflops/s) - 1350 (1484340 Gflops/s) - 1357 (1492037 Gflops/s) - 1331 (1463449 Gflops/s) - 1307 (1437061 Gflops/s) | Temperatures: 56°C - 57°C - 67°C - 66°C - 57°C - 56°C - 66°C - 67°C | Throttling: None - None - None - None - None - None - None - None
1342 (1475544 Gflops/s) - 1336 (1468947 Gflops/s) - 1339 (1472246 Gflops/s) - 1341 (1474445 Gflops/s) - 1352 (1486539 Gflops/s) - 1361 (1496435 Gflops/s) - 1331 (1463449 Gflops/s) - 1307 (1437061 Gflops/s) | Temperatures: 56°C - 57°C - 67°C - 66°C - 57°C - 56°C - 66°C - 67°C | Throttling: None - None - None - None - None - None - None - None
1341 (1474445 Gflops/s) - 1340 (1473345 Gflops/s) - 1340 (1473345 Gflops/s) - 1338 (1471146 Gflops/s) - 1352 (1486539 Gflops/s) - 1362 (1497534 Gflops/s) - 1334 (1466748 Gflops/s) - 1308 (1438161 Gflops/s) | Temperatures: 56°C - 57°C - 67°C - 67°C - 57°C - 57°C - 66°C - 67°C | Throttling: None - None - None - None - None - None - None - None
1343 (1476644 Gflops/s) - 1333 (1465648 Gflops/s) - 1341 (1474445 Gflops/s) - 1336 (1468947 Gflops/s) - 1348 (1482141 Gflops/s) - 1355 (1489838 Gflops/s) - 1334 (1466748 Gflops/s) - 1305 (1434862 Gflops/s) | Temperatures: 57°C - 57°C - 68°C - 67°C - 58°C - 57°C - 67°C - 68°C | Throttling: None - None - None - None - None - None - None - None
1339 (1472246 Gflops/s) - 1332 (1464549 Gflops/s) - 1338 (1471146 Gflops/s) - 1338 (1471146 Gflops/s) - 1348 (1482141 Gflops/s) - 1357 (1492037 Gflops/s) - 1328 (1460151 Gflops/s) - 1302 (1431564 Gflops/s) | Temperatures: 57°C - 58°C - 68°C - 67°C - 58°C - 57°C - 67°C - 68°C | Throttling: None - None - None - None - None - None - None - None
1341 (1474445 Gflops/s) - 1334 (1466748 Gflops/s) - 1344 (1477743 Gflops/s) - 1337 (1470047 Gflops/s) - 1349 (1483241 Gflops/s) - 1359 (1494236 Gflops/s) - 1332 (1464549 Gflops/s) - 1305 (1434862 Gflops/s) | Temperatures: 57°C - 58°C - 68°C - 68°C - 58°C - 58°C - 67°C - 68°C | Throttling: None - None - None - None - None - None - None - None
1342 (1475544 Gflops/s) - 1333 (1465648 Gflops/s) - 1338 (1471146 Gflops/s) - 1335 (1467848 Gflops/s) - 1350 (1484340 Gflops/s) - 1357 (1492037 Gflops/s) - 1329 (1461250 Gflops/s) - 1306 (1435962 Gflops/s) | Temperatures: 58°C - 58°C - 69°C - 68°C - 58°C - 58°C - 67°C - 68°C | Throttling: None - None - None - None - None - None - None - None
1343 (1476644 Gflops/s) - 1333 (1465648 Gflops/s) - 1338 (1471146 Gflops/s) - 1337 (1470047 Gflops/s) - 1345 (1478843 Gflops/s) - 1352 (1486539 Gflops/s) - 1327 (1459051 Gflops/s) - 1305 (1434862 Gflops/s) | Temperatures: 58°C - 58°C - 69°C - 68°C - 58°C - 58°C - 68°C - 69°C | Throttling: None - None - None - None - None - None - None - None
1339 (1472246 Gflops/s) - 1333 (1465648 Gflops/s) - 1337 (1470047 Gflops/s) - 1333 (1465648 Gflops/s) - 1349 (1483241 Gflops/s) - 1354 (1488738 Gflops/s) - 1326 (1457952 Gflops/s) - 1305 (1434862 Gflops/s) | Temperatures: 58°C - 59°C - 69°C - 68°C - 59°C - 59°C - 68°C - 69°C | Throttling: None - None - None - None - None - None - None - None
1343 (1476644 Gflops/s) - 1334 (1466748 Gflops/s) - 1335 (1467848 Gflops/s) - 1335 (1467848 Gflops/s) - 1350 (1484340 Gflops/s) - 1352 (1486539 Gflops/s) - 1329 (1461250 Gflops/s) - 1304 (1433763 Gflops/s) | Temperatures: 58°C - 59°C - 69°C - 69°C - 59°C - 59°C - 68°C - 69°C | Throttling: None - None - None - None - None - None - None - None
1342 (1475544 Gflops/s) - 1335 (1467848 Gflops/s) - 1338 (1471146 Gflops/s) - 1330 (1462350 Gflops/s) - 1347 (1481042 Gflops/s) - 1353 (1487639 Gflops/s) - 1328 (1460151 Gflops/s) - 1301 (1430464 Gflops/s) | Temperatures: 58°C - 59°C - 69°C - 69°C - 59°C - 59°C - 68°C - 69°C | Throttling: None - None - None - None - None - None - None - None
1340 (1473345 Gflops/s) - 1338 (1471146 Gflops/s) - 1338 (1471146 Gflops/s) - 1329 (1461250 Gflops/s) - 1345 (1478843 Gflops/s) - 1350 (1484340 Gflops/s) - 1323 (1454653 Gflops/s) - 1304 (1433763 Gflops/s) | Temperatures: 58°C - 59°C - 70°C - 69°C - 59°C - 59°C - 68°C - 70°C | Throttling: None - None - None - None - None - None - None - None
1341 (1474445 Gflops/s) - 1334 (1466748 Gflops/s) - 1336 (1468947 Gflops/s) - 1335 (1467848 Gflops/s) - 1348 (1482141 Gflops/s) - 1351 (1485440 Gflops/s) - 1328 (1460151 Gflops/s) - 1305 (1434862 Gflops/s) | Temperatures: 59°C - 59°C - 69°C - 69°C - 60°C - 59°C - 68°C - 70°C | Throttling: None - None - None - None - None - None - None - None
1341 (1474445 Gflops/s) - 1331 (1463449 Gflops/s) - 1338 (1471146 Gflops/s) - 1335 (1467848 Gflops/s) - 1348 (1482141 Gflops/s) - 1351 (1485440 Gflops/s) - 1324 (1455753 Gflops/s) - 1303 (1432663 Gflops/s) | Temperatures: 59°C - 59°C - 70°C - 69°C - 60°C - 59°C - 68°C - 70°C | Throttling: None - None - None - None - None - None - None - None
1340 (1473345 Gflops/s) - 1335 (1467848 Gflops/s) - 1337 (1470047 Gflops/s) - 1333 (1465648 Gflops/s) - 1346 (1479942 Gflops/s) - 1355 (1489838 Gflops/s) - 1325 (1456852 Gflops/s) - 1302 (1431564 Gflops/s) | Temperatures: 59°C - 60°C - 70°C - 70°C - 60°C - 60°C - 69°C - 70°C | Throttling: None - None - None - None - None - None - None - None
1344 (1477743 Gflops/s) - 1334 (1466748 Gflops/s) - 1334 (1466748 Gflops/s) - 1332 (1464549 Gflops/s) - 1345 (1478843 Gflops/s) - 1352 (1486539 Gflops/s) - 1328 (1460151 Gflops/s) - 1303 (1432663 Gflops/s) | Temperatures: 59°C - 60°C - 70°C - 70°C - 60°C - 59°C - 69°C - 70°C | Throttling: None - None - None - None - None - None - None - None
1340 (1473345 Gflops/s) - 1329 (1461250 Gflops/s) - 1332 (1464549 Gflops/s) - 1329 (1461250 Gflops/s) - 1345 (1478843 Gflops/s) - 1353 (1487639 Gflops/s) - 1326 (1457952 Gflops/s) - 1303 (1432663 Gflops/s) | Temperatures: 59°C - 60°C - 70°C - 70°C - 60°C - 60°C - 69°C - 70°C | Throttling: None - None - None - None - None - None - None - None
1341 (1474445 Gflops/s) - 1331 (1463449 Gflops/s) - 1335 (1467848 Gflops/s) - 1329 (1461250 Gflops/s) - 1345 (1478843 Gflops/s) - 1352 (1486539 Gflops/s) - 1324 (1455753 Gflops/s) - 1300 (1429365 Gflops/s) | Temperatures: 59°C - 60°C - 71°C - 70°C - 60°C - 60°C - 69°C - 70°C | Throttling: None - None - None - None - None - None - None - None
1340 (1473345 Gflops/s) - 1334 (1466748 Gflops/s) - 1336 (1468947 Gflops/s) - 1331 (1463449 Gflops/s) - 1346 (1479942 Gflops/s) - 1349 (1483241 Gflops/s) - 1324 (1455753 Gflops/s) - 1306 (1435962 Gflops/s) | Temperatures: 60°C - 60°C - 71°C - 70°C - 60°C - 60°C - 69°C - 71°C | Throttling: None - None - None - None - None - None - None - None
1340 (1473345 Gflops/s) - 1332 (1464549 Gflops/s) - 1333 (1465648 Gflops/s) - 1328 (1460151 Gflops/s) - 1344 (1477743 Gflops/s) - 1352 (1486539 Gflops/s) - 1325 (1456852 Gflops/s) - 1300 (1429365 Gflops/s) | Temperatures: 60°C - 60°C - 71°C - 70°C - 61°C - 60°C - 70°C - 71°C | Throttling: None - None - None - None - None - None - None - None
1341 (1474445 Gflops/s) - 1330 (1462350 Gflops/s) - 1332 (1464549 Gflops/s) - 1333 (1465648 Gflops/s) - 1343 (1476644 Gflops/s) - 1348 (1482141 Gflops/s) - 1323 (1454653 Gflops/s) - 1303 (1432663 Gflops/s) | Temperatures: 60°C - 60°C - 71°C - 70°C - 61°C - 60°C - 70°C - 71°C | Throttling: None - None - None - None - None - None - None - None
1341 (1474445 Gflops/s) - 1330 (1462350 Gflops/s) - 1331 (1463449 Gflops/s) - 1330 (1462350 Gflops/s) - 1346 (1479942 Gflops/s) - 1355 (1489838 Gflops/s) - 1323 (1454653 Gflops/s) - 1302 (1431564 Gflops/s) | Temperatures: 60°C - 60°C - 71°C - 70°C - 61°C - 60°C - 70°C - 71°C | Throttling: None - None - None - None - None - None - None - None
1341 (1474445 Gflops/s) - 1328 (1460151 Gflops/s) - 1335 (1467848 Gflops/s) - 1327 (1459051 Gflops/s) - 1345 (1478843 Gflops/s) - 1350 (1484340 Gflops/s) - 1323 (1454653 Gflops/s) - 1301 (1430464 Gflops/s) | Temperatures: 60°C - 60°C - 71°C - 71°C - 61°C - 60°C - 70°C - 71°C | Throttling: None - None - None - None - None - None - None - None
1341 (1474445 Gflops/s) - 1330 (1462350 Gflops/s) - 1331 (1463449 Gflops/s) - 1329 (1461250 Gflops/s) - 1343 (1476644 Gflops/s) - 1346 (1479942 Gflops/s) - 1322 (1453554 Gflops/s) - 1302 (1431564 Gflops/s) | Temperatures: 60°C - 61°C - 71°C - 71°C - 61°C - 60°C - 70°C - 71°C | Throttling: None - None - None - None - None - None - None - None
1340 (1473345 Gflops/s) - 1329 (1461250 Gflops/s) - 1330 (1462350 Gflops/s) - 1325 (1456852 Gflops/s) - 1344 (1477743 Gflops/s) - 1349 (1483241 Gflops/s) - 1322 (1453554 Gflops/s) - 1300 (1429365 Gflops/s) | Temperatures: 60°C - 61°C - 71°C - 71°C - 61°C - 60°C - 70°C - 71°C | Throttling: None - None - None - None - None - None - None - None
1339 (1472246 Gflops/s) - 1331 (1463449 Gflops/s) - 1331 (1463449 Gflops/s) - 1328 (1460151 Gflops/s) - 1344 (1477743 Gflops/s) - 1351 (1485440 Gflops/s) - 1322 (1453554 Gflops/s) - 1301 (1430464 Gflops/s) | Temperatures: 60°C - 61°C - 71°C - 71°C - 61°C - 61°C - 70°C - 72°C | Throttling: None - None - None - None - None - None - None - None
1342 (1475544 Gflops/s) - 1331 (1463449 Gflops/s) - 1331 (1463449 Gflops/s) - 1330 (1462350 Gflops/s) - 1344 (1477743 Gflops/s) - 1349 (1483241 Gflops/s) - 1322 (1453554 Gflops/s) - 1301 (1430464 Gflops/s) | Temperatures: 60°C - 61°C - 71°C - 71°C - 61°C - 61°C - 70°C - 72°C | Throttling: None - None - None - None - None - None - None - None
1337 (1470047 Gflops/s) - 1329 (1461250 Gflops/s) - 1333 (1465648 Gflops/s) - 1326 (1457952 Gflops/s) - 1344 (1477743 Gflops/s) - 1346 (1479942 Gflops/s) - 1321 (1452454 Gflops/s) - 1299 (1428265 Gflops/s) | Temperatures: 60°C - 61°C - 72°C - 71°C - 61°C - 61°C - 71°C - 72°C | Throttling: None - None - None - None - None - None - None - None
1340 (1473345 Gflops/s) - 1330 (1462350 Gflops/s) - 1330 (1462350 Gflops/s) - 1332 (1464549 Gflops/s) - 1343 (1476644 Gflops/s) - 1349 (1483241 Gflops/s) - 1320 (1451355 Gflops/s) - 1300 (1429365 Gflops/s) | Temperatures: 60°C - 61°C - 72°C - 71°C - 61°C - 61°C - 71°C - 72°C | Throttling: None - None - None - None - None - None - None - None
1339 (1472246 Gflops/s) - 1329 (1461250 Gflops/s) - 1332 (1464549 Gflops/s) - 1326 (1457952 Gflops/s) - 1341 (1474445 Gflops/s) - 1346 (1479942 Gflops/s) - 1319 (1450255 Gflops/s) - 1299 (1428265 Gflops/s) | Temperatures: 60°C - 61°C - 72°C - 71°C - 61°C - 61°C - 71°C - 72°C | Throttling: None - None - None - None - None - None - None - None
1338 (1471146 Gflops/s) - 1330 (1462350 Gflops/s) - 1332 (1464549 Gflops/s) - 1327 (1459051 Gflops/s) - 1342 (1475544 Gflops/s) - 1346 (1479942 Gflops/s) - 1322 (1453554 Gflops/s) - 1296 (1424967 Gflops/s) | Temperatures: 61°C - 61°C - 72°C - 72°C - 62°C - 61°C - 71°C - 72°C | Throttling: None - None - None - None - None - None - None - None
1339 (1472246 Gflops/s) - 1331 (1463449 Gflops/s) - 1334 (1466748 Gflops/s) - 1327 (1459051 Gflops/s) - 1342 (1475544 Gflops/s) - 1351 (1485440 Gflops/s) - 1321 (1452454 Gflops/s) - 1300 (1429365 Gflops/s) | Temperatures: 61°C - 61°C - 72°C - 72°C - 61°C - 61°C - 71°C - 72°C | Throttling: None - None - None - None - None - None - None - None
1339 (1472246 Gflops/s) - 1330 (1462350 Gflops/s) - 1326 (1457952 Gflops/s) - 1325 (1456852 Gflops/s) - 1340 (1473345 Gflops/s) - 1343 (1476644 Gflops/s) - 1319 (1450255 Gflops/s) - 1298 (1427166 Gflops/s) | Temperatures: 61°C - 62°C - 72°C - 72°C - 62°C - 61°C - 71°C - 72°C | Throttling: None - None - None - None - None - None - None - None
1338 (1471146 Gflops/s) - 1329 (1461250 Gflops/s) - 1329 (1461250 Gflops/s) - 1324 (1455753 Gflops/s) - 1341 (1474445 Gflops/s) - 1346 (1479942 Gflops/s) - 1320 (1451355 Gflops/s) - 1298 (1427166 Gflops/s) | Temperatures: 61°C - 61°C - 72°C - 72°C - 62°C - 61°C - 71°C - 73°C | Throttling: None - None - None - None - None - None - None - None
1336 (1468947 Gflops/s) - 1325 (1456852 Gflops/s) - 1327 (1459051 Gflops/s) - 1324 (1455753 Gflops/s) - 1341 (1474445 Gflops/s) - 1348 (1482141 Gflops/s) - 1317 (1448056 Gflops/s) - 1297 (1426066 Gflops/s) | Temperatures: 61°C - 61°C - 72°C - 72°C - 62°C - 61°C - 71°C - 73°C | Throttling: None - None - None - None - None - None - None - None
1340 (1473345 Gflops/s) - 1328 (1460151 Gflops/s) - 1327 (1459051 Gflops/s) - 1326 (1457952 Gflops/s) - 1345 (1478843 Gflops/s) - 1346 (1479942 Gflops/s) - 1318 (1449156 Gflops/s) - 1297 (1426066 Gflops/s) | Temperatures: 61°C - 61°C - 73°C - 72°C - 62°C - 61°C - 71°C - 73°C | Throttling: None - None - None - None - None - None - None - None
1340 (1473345 Gflops/s) - 1328 (1460151 Gflops/s) - 1328 (1460151 Gflops/s) - 1323 (1454653 Gflops/s) - 1343 (1476644 Gflops/s) - 1347 (1481042 Gflops/s) - 1320 (1451355 Gflops/s) - 1297 (1426066 Gflops/s) | Temperatures: 61°C - 61°C - 72°C - 72°C - 62°C - 61°C - 71°C - 73°C | Throttling: None - None - None - None - None - None - None - None
1338 (1471146 Gflops/s) - 1330 (1462350 Gflops/s) - 1332 (1464549 Gflops/s) - 1328 (1460151 Gflops/s) - 1340 (1473345 Gflops/s) - 1350 (1484340 Gflops/s) - 1319 (1450255 Gflops/s) - 1298 (1427166 Gflops/s) | Temperatures: 61°C - 61°C - 72°C - 72°C - 62°C - 61°C - 72°C - 73°C | Throttling: None - None - None - None - None - None - None - None
1338 (1471146 Gflops/s) - 1329 (1461250 Gflops/s) - 1330 (1462350 Gflops/s) - 1323 (1454653 Gflops/s) - 1341 (1474445 Gflops/s) - 1340 (1473345 Gflops/s) - 1320 (1451355 Gflops/s) - 1296 (1424967 Gflops/s) | Temperatures: 61°C - 61°C - 73°C - 73°C - 62°C - 61°C - 72°C - 73°C | Throttling: None - None - None - None - None - None - None - None
1338 (1471146 Gflops/s) - 1331 (1463449 Gflops/s) - 1326 (1457952 Gflops/s) - 1326 (1457952 Gflops/s) - 1343 (1476644 Gflops/s) - 1344 (1477743 Gflops/s) - 1320 (1451355 Gflops/s) - 1295 (1423867 Gflops/s) | Temperatures: 61°C - 62°C - 73°C - 72°C - 62°C - 61°C - 72°C - 73°C | Throttling: None - None - None - None - None - None - None - None
1338 (1471146 Gflops/s) - 1326 (1457952 Gflops/s) - 1329 (1461250 Gflops/s) - 1323 (1454653 Gflops/s) - 1341 (1474445 Gflops/s) - 1344 (1477743 Gflops/s) - 1319 (1450255 Gflops/s) - 1299 (1428265 Gflops/s) | Temperatures: 61°C - 62°C - 73°C - 72°C - 62°C - 61°C - 72°C - 73°C | Throttling: None - None - None - None - None - None - None - None
1337 (1470047 Gflops/s) - 1329 (1461250 Gflops/s) - 1327 (1459051 Gflops/s) - 1326 (1457952 Gflops/s) - 1342 (1475544 Gflops/s) - 1347 (1481042 Gflops/s) - 1317 (1448056 Gflops/s) - 1296 (1424967 Gflops/s) | Temperatures: 61°C - 62°C - 73°C - 73°C - 62°C - 61°C - 72°C - 73°C | Throttling: None - None - None - None - None - None - None - None
1339 (1472246 Gflops/s) - 1328 (1460151 Gflops/s) - 1329 (1461250 Gflops/s) - 1325 (1456852 Gflops/s) - 1341 (1474445 Gflops/s) - 1342 (1475544 Gflops/s) - 1319 (1450255 Gflops/s) - 1296 (1424967 Gflops/s) | Temperatures: 61°C - 62°C - 73°C - 73°C - 62°C - 61°C - 72°C - 73°C | Throttling: None - None - None - None - None - None - None - None
1337 (1470047 Gflops/s) - 1327 (1459051 Gflops/s) - 1330 (1462350 Gflops/s) - 1323 (1454653 Gflops/s) - 1344 (1477743 Gflops/s) - 1345 (1478843 Gflops/s) - 1318 (1449156 Gflops/s) - 1297 (1426066 Gflops/s) | Temperatures: 61°C - 62°C - 73°C - 73°C - 62°C - 62°C - 72°C - 74°C | Throttling: None - None - None - None - None - None - None - None
1338 (1471146 Gflops/s) - 1329 (1461250 Gflops/s) - 1327 (1459051 Gflops/s) - 1326 (1457952 Gflops/s) - 1341 (1474445 Gflops/s) - 1343 (1476644 Gflops/s) - 1317 (1448056 Gflops/s) - 1297 (1426066 Gflops/s) | Temperatures: 61°C - 62°C - 73°C - 73°C - 62°C - 61°C - 72°C - 73°C | Throttling: None - None - None - None - None - None - None - None
1338 (1471146 Gflops/s) - 1326 (1457952 Gflops/s) - 1328 (1460151 Gflops/s) - 1321 (1452454 Gflops/s) - 1339 (1472246 Gflops/s) - 1341 (1474445 Gflops/s) - 1317 (1448056 Gflops/s) - 1293 (1421668 Gflops/s) | Temperatures: 61°C - 62°C - 73°C - 73°C - 62°C - 61°C - 72°C - 73°C | Throttling: None - None - None - None - None - None - None - None
1338 (1471146 Gflops/s) - 1327 (1459051 Gflops/s) - 1327 (1459051 Gflops/s) - 1324 (1455753 Gflops/s) - 1343 (1476644 Gflops/s) - 1343 (1476644 Gflops/s) - 1317 (1448056 Gflops/s) - 1296 (1424967 Gflops/s) | Temperatures: 61°C - 62°C - 73°C - 73°C - 62°C - 61°C - 72°C - 74°C | Throttling: None - None - None - None - None - None - None - None
1338 (1471146 Gflops/s) - 1328 (1460151 Gflops/s) - 1327 (1459051 Gflops/s) - 1324 (1455753 Gflops/s) - 1341 (1474445 Gflops/s) - 1343 (1476644 Gflops/s) - 1318 (1449156 Gflops/s) - 1293 (1421668 Gflops/s) | Temperatures: 61°C - 61°C - 73°C - 73°C - 62°C - 61°C - 72°C - 73°C | Throttling: None - None - None - None - None - None - None - None
1339 (1472246 Gflops/s) - 1327 (1459051 Gflops/s) - 1328 (1460151 Gflops/s) - 1325 (1456852 Gflops/s) - 1341 (1474445 Gflops/s) - 1342 (1475544 Gflops/s) - 1321 (1452454 Gflops/s) - 1296 (1424967 Gflops/s) | Temperatures: 61°C - 61°C - 73°C - 73°C - 62°C - 61°C - 72°C - 73°C | Throttling: None - None - None - None - None - None - None - None
1337 (1470047 Gflops/s) - 1326 (1457952 Gflops/s) - 1326 (1457952 Gflops/s) - 1321 (1452454 Gflops/s) - 1339 (1472246 Gflops/s) - 1342 (1475544 Gflops/s) - 1316 (1446957 Gflops/s) - 1297 (1426066 Gflops/s) | Temperatures: 61°C - 62°C - 73°C - 73°C - 62°C - 61°C - 72°C - 73°C | Throttling: None - None - None - None - None - None - None - None
1338 (1471146 Gflops/s) - 1329 (1461250 Gflops/s) - 1328 (1460151 Gflops/s) - 1324 (1455753 Gflops/s) - 1339 (1472246 Gflops/s) - 1345 (1478843 Gflops/s) - 1317 (1448056 Gflops/s) - 1296 (1424967 Gflops/s) | Temperatures: 61°C - 61°C - 73°C - 73°C - 62°C - 61°C - 72°C - 73°C | Throttling: None - None - None - None - None - None - None - None
1339 (1472246 Gflops/s) - 1328 (1460151 Gflops/s) - 1326 (1457952 Gflops/s) - 1324 (1455753 Gflops/s) - 1341 (1474445 Gflops/s) - 1345 (1478843 Gflops/s) - 1317 (1448056 Gflops/s) - 1295 (1423867 Gflops/s) | Temperatures: 61°C - 61°C - 73°C - 73°C - 62°C - 61°C - 72°C - 73°C | Throttling: None - None - None - None - None - None - None - None
1337 (1470047 Gflops/s) - 1328 (1460151 Gflops/s) - 1326 (1457952 Gflops/s) - 1322 (1453554 Gflops/s) - 1342 (1475544 Gflops/s) - 1347 (1481042 Gflops/s) - 1317 (1448056 Gflops/s) - 1297 (1426066 Gflops/s) | Temperatures: 61°C - 61°C - 73°C - 73°C - 62°C - 61°C - 72°C - 73°C | Throttling: None - None - None - None - None - None - None - None
1336 (1468947 Gflops/s) - 1328 (1460151 Gflops/s) - 1326 (1457952 Gflops/s) - 1323 (1454653 Gflops/s) - 1341 (1474445 Gflops/s) - 1344 (1477743 Gflops/s) - 1316 (1446957 Gflops/s) - 1293 (1421668 Gflops/s) | Temperatures: 61°C - 61°C - 73°C - 73°C - 62°C - 61°C - 72°C - 73°C | Throttling: None - None - None - None - None - None - None - None
1340 (1473345 Gflops/s) - 1328 (1460151 Gflops/s) - 1327 (1459051 Gflops/s) - 1324 (1455753 Gflops/s) - 1340 (1473345 Gflops/s) - 1342 (1475544 Gflops/s) - 1318 (1449156 Gflops/s) - 1295 (1423867 Gflops/s) | Temperatures: 61°C - 61°C - 73°C - 73°C - 62°C - 61°C - 72°C - 73°C | Throttling: None - None - None - None - None - None - None - None
1339 (1472246 Gflops/s) - 1328 (1460151 Gflops/s) - 1330 (1462350 Gflops/s) - 1325 (1456852 Gflops/s) - 1342 (1475544 Gflops/s) - 1343 (1476644 Gflops/s) - 1320 (1451355 Gflops/s) - 1300 (1429365 Gflops/s) | Temperatures: 61°C - 61°C - 73°C - 73°C - 62°C - 61°C - 72°C - 74°C | Throttling: None - None - None - None - None - None - None - None
1336 (1468947 Gflops/s) - 1328 (1460151 Gflops/s) - 1325 (1456852 Gflops/s) - 1324 (1455753 Gflops/s) - 1340 (1473345 Gflops/s) - 1341 (1474445 Gflops/s) - 1314 (1444758 Gflops/s) - 1292 (1420569 Gflops/s) | Temperatures: 61°C - 61°C - 73°C - 73°C - 62°C - 61°C - 72°C - 73°C | Throttling: None - None - None - None - None - None - None - None
1337 (1470047 Gflops/s) - 1328 (1460151 Gflops/s) - 1325 (1456852 Gflops/s) - 1321 (1452454 Gflops/s) - 1341 (1474445 Gflops/s) - 1347 (1481042 Gflops/s) - 1316 (1446957 Gflops/s) - 1296 (1424967 Gflops/s) | Temperatures: 61°C - 61°C - 73°C - 73°C - 62°C - 61°C - 72°C - 73°C | Throttling: None - None - None - None - None - None - None - None
1339 (1472246 Gflops/s) - 1325 (1456852 Gflops/s) - 1328 (1460151 Gflops/s) - 1320 (1451355 Gflops/s) - 1342 (1475544 Gflops/s) - 1344 (1477743 Gflops/s) - 1317 (1448056 Gflops/s) - 1297 (1426066 Gflops/s) | Temperatures: 61°C - 61°C - 73°C - 73°C - 62°C - 61°C - 72°C - 73°C | Throttling: None - None - None - None - None - None - None - None
1339 (1472246 Gflops/s) - 1329 (1461250 Gflops/s) - 1327 (1459051 Gflops/s) - 1324 (1455753 Gflops/s) - 1343 (1476644 Gflops/s) - 1342 (1475544 Gflops/s) - 1315 (1445857 Gflops/s) - 1297 (1426066 Gflops/s) | Temperatures: 61°C - 61°C - 73°C - 73°C - 62°C - 61°C - 72°C - 73°C | Throttling: None - None - None - None - None - None - None - None
1336 (1468947 Gflops/s) - 1328 (1460151 Gflops/s) - 1330 (1462350 Gflops/s) - 1325 (1456852 Gflops/s) - 1342 (1475544 Gflops/s) - 1343 (1476644 Gflops/s) - 1318 (1449156 Gflops/s) - 1298 (1427166 Gflops/s) | Temperatures: 61°C - 61°C - 73°C - 73°C - 62°C - 61°C - 72°C - 73°C | Throttling: None - None - None - None - None - None - None - None
1338 (1471146 Gflops/s) - 1329 (1461250 Gflops/s) - 1325 (1456852 Gflops/s) - 1323 (1454653 Gflops/s) - 1339 (1472246 Gflops/s) - 1344 (1477743 Gflops/s) - 1317 (1448056 Gflops/s) - 1296 (1424967 Gflops/s) | Temperatures: 61°C - 61°C - 73°C - 73°C - 62°C - 61°C - 72°C - 73°C | Throttling: None - None - None - None - None - None - None - None
1339 (1472246 Gflops/s) - 1328 (1460151 Gflops/s) - 1329 (1461250 Gflops/s) - 1325 (1456852 Gflops/s) - 1342 (1475544 Gflops/s) - 1343 (1476644 Gflops/s) - 1316 (1446957 Gflops/s) - 1295 (1423867 Gflops/s) | Temperatures: 61°C - 61°C - 73°C - 73°C - 62°C - 61°C - 72°C - 73°C | Throttling: None - None - None - None - None - None - None - None
1338 (1471146 Gflops/s) - 1327 (1459051 Gflops/s) - 1330 (1462350 Gflops/s) - 1324 (1455753 Gflops/s) - 1339 (1472246 Gflops/s) - 1345 (1478843 Gflops/s) - 1315 (1445857 Gflops/s) - 1300 (1429365 Gflops/s) | Temperatures: 61°C - 61°C - 73°C - 72°C - 62°C - 61°C - 72°C - 73°C | Throttling: None - None - None - None - None - None - None - None
1337 (1470047 Gflops/s) - 1325 (1456852 Gflops/s) - 1325 (1456852 Gflops/s) - 1323 (1454653 Gflops/s) - 1342 (1475544 Gflops/s) - 1343 (1476644 Gflops/s) - 1315 (1445857 Gflops/s) - 1295 (1423867 Gflops/s) | Temperatures: 61°C - 61°C - 73°C - 73°C - 62°C - 61°C - 72°C - 73°C | Throttling: None - None - None - None - None - None - None - None
1340 (1473345 Gflops/s) - 1329 (1461250 Gflops/s) - 1329 (1461250 Gflops/s) - 1324 (1455753 Gflops/s) - 1342 (1475544 Gflops/s) - 1348 (1482141 Gflops/s) - 1316 (1446957 Gflops/s) - 1299 (1428265 Gflops/s) | Temperatures: 61°C - 61°C - 73°C - 73°C - 62°C - 61°C - 72°C - 73°C | Throttling: None - None - None - None - None - None - None - None
1339 (1472246 Gflops/s) - 1327 (1459051 Gflops/s) - 1327 (1459051 Gflops/s) - 1324 (1455753 Gflops/s) - 1341 (1474445 Gflops/s) - 1347 (1481042 Gflops/s) - 1315 (1445857 Gflops/s) - 1297 (1426066 Gflops/s) | Temperatures: 61°C - 61°C - 73°C - 73°C - 62°C - 61°C - 72°C - 73°C | Throttling: None - None - None - None - None - None - None - None
1339 (1472246 Gflops/s) - 1330 (1462350 Gflops/s) - 1325 (1456852 Gflops/s) - 1326 (1457952 Gflops/s) - 1341 (1474445 Gflops/s) - 1344 (1477743 Gflops/s) - 1317 (1448056 Gflops/s) - 1291 (1419469 Gflops/s) | Temperatures: 61°C - 61°C - 73°C - 73°C - 62°C - 61°C - 72°C - 73°C | Throttling: None - None - None - None - None - None - None - None
1337 (1470047 Gflops/s) - 1326 (1457952 Gflops/s) - 1327 (1459051 Gflops/s) - 1323 (1454653 Gflops/s) - 1341 (1474445 Gflops/s) - 1342 (1475544 Gflops/s) - 1316 (1446957 Gflops/s) - 1295 (1423867 Gflops/s) | Temperatures: 61°C - 61°C - 73°C - 72°C - 62°C - 61°C - 72°C - 73°C | Throttling: None - None - None - None - None - None - None - None
1338 (1471146 Gflops/s) - 1329 (1461250 Gflops/s) - 1327 (1459051 Gflops/s) - 1324 (1455753 Gflops/s) - 1341 (1474445 Gflops/s) - 1349 (1483241 Gflops/s) - 1315 (1445857 Gflops/s) - 1296 (1424967 Gflops/s) | Temperatures: 61°C - 61°C - 73°C - 73°C - 62°C - 61°C - 72°C - 73°C | Throttling: None - None - None - None - None - None - None - None
1340 (1473345 Gflops/s) - 1330 (1462350 Gflops/s) - 1329 (1461250 Gflops/s) - 1323 (1454653 Gflops/s) - 1341 (1474445 Gflops/s) - 1343 (1476644 Gflops/s) - 1316 (1446957 Gflops/s) - 1296 (1424967 Gflops/s) | Temperatures: 61°C - 61°C - 73°C - 73°C - 62°C - 61°C - 72°C - 73°C | Throttling: None - None - None - None - None - None - None - None
1339 (1472246 Gflops/s) - 1330 (1462350 Gflops/s) - 1330 (1462350 Gflops/s) - 1323 (1454653 Gflops/s) - 1341 (1474445 Gflops/s) - 1347 (1481042 Gflops/s) - 1320 (1451355 Gflops/s) - 1293 (1421668 Gflops/s) | Temperatures: 61°C - 61°C - 73°C - 73°C - 62°C - 61°C - 72°C - 73°C | Throttling: None - None - None - None - None - None - None - None
1339 (1472246 Gflops/s) - 1328 (1460151 Gflops/s) - 1318 (1449156 Gflops/s) - 1320 (1451355 Gflops/s) - 1340 (1473345 Gflops/s) - 1348 (1482141 Gflops/s) - 1316 (1446957 Gflops/s) - 1294 (1422768 Gflops/s) | Temperatures: 61°C - 61°C - 72°C - 72°C - 62°C - 61°C - 72°C - 73°C | Throttling: None - None - None - None - None - None - None - None
1339 (1472246 Gflops/s) - 1327 (1459051 Gflops/s) - 1332 (1464549 Gflops/s) - 1323 (1454653 Gflops/s) - 1341 (1474445 Gflops/s) - 1343 (1476644 Gflops/s) - 1316 (1446957 Gflops/s) - 1294 (1422768 Gflops/s) | Temperatures: 61°C - 61°C - 73°C - 73°C - 62°C - 61°C - 72°C - 73°C | Throttling: None - None - None - None - None - None - None - None
1339 (1472246 Gflops/s) - 1330 (1462350 Gflops/s) - 1326 (1457952 Gflops/s) - 1323 (1454653 Gflops/s) - 1342 (1475544 Gflops/s) - 1348 (1482141 Gflops/s) - 1315 (1445857 Gflops/s) - 1299 (1428265 Gflops/s) | Temperatures: 61°C - 61°C - 72°C - 73°C - 62°C - 61°C - 72°C - 73°C | Throttling: None - None - None - None - None - None - None - None
1339 (1472246 Gflops/s) - 1328 (1460151 Gflops/s) - 1328 (1460151 Gflops/s) - 1325 (1456852 Gflops/s) - 1340 (1473345 Gflops/s) - 1345 (1478843 Gflops/s) - 1317 (1448056 Gflops/s) - 1294 (1422768 Gflops/s) | Temperatures: 61°C - 61°C - 73°C - 73°C - 62°C - 61°C - 72°C - 73°C | Throttling: None - None - None - None - None - None - None - None
1337 (1470047 Gflops/s) - 1328 (1460151 Gflops/s) - 1326 (1457952 Gflops/s) - 1325 (1456852 Gflops/s) - 1341 (1474445 Gflops/s) - 1346 (1479942 Gflops/s) - 1318 (1449156 Gflops/s) - 1294 (1422768 Gflops/s) | Temperatures: 61°C - 61°C - 73°C - 73°C - 62°C - 61°C - 72°C - 73°C | Throttling: None - None - None - None - None - None - None - None
1338 (1471146 Gflops/s) - 1329 (1461250 Gflops/s) - 1330 (1462350 Gflops/s) - 1323 (1454653 Gflops/s) - 1340 (1473345 Gflops/s) - 1346 (1479942 Gflops/s) - 1318 (1449156 Gflops/s) - 1296 (1424967 Gflops/s) | Temperatures: 61°C - 61°C - 73°C - 72°C - 62°C - 61°C - 72°C - 73°C | Throttling: None - None - None - None - None - None - None - None
1334 (1466748 Gflops/s) - 1328 (1460151 Gflops/s) - 1330 (1462350 Gflops/s) - 1323 (1454653 Gflops/s) - 1343 (1476644 Gflops/s) - 1346 (1479942 Gflops/s) - 1316 (1446957 Gflops/s) - 1296 (1424967 Gflops/s) | Temperatures: 61°C - 61°C - 73°C - 73°C - 62°C - 61°C - 72°C - 73°C | Throttling: None - None - None - None - None - None - None - None
1338 (1471146 Gflops/s) - 1328 (1460151 Gflops/s) - 1330 (1462350 Gflops/s) - 1324 (1455753 Gflops/s) - 1341 (1474445 Gflops/s) - 1343 (1476644 Gflops/s) - 1316 (1446957 Gflops/s) - 1297 (1426066 Gflops/s) | Temperatures: 61°C - 61°C - 73°C - 73°C - 62°C - 61°C - 72°C - 73°C | Throttling: None - None - None - None - None - None - None - None
1338 (1471146 Gflops/s) - 1328 (1460151 Gflops/s) - 1329 (1461250 Gflops/s) - 1321 (1452454 Gflops/s) - 1338 (1471146 Gflops/s) - 1344 (1477743 Gflops/s) - 1315 (1445857 Gflops/s) - 1296 (1424967 Gflops/s) | Temperatures: 61°C - 61°C - 73°C - 73°C - 62°C - 61°C - 72°C - 73°C | Throttling: None - None - None - None - None - None - None - None
1339 (1472246 Gflops/s) - 1328 (1460151 Gflops/s) - 1327 (1459051 Gflops/s) - 1323 (1454653 Gflops/s) - 1340 (1473345 Gflops/s) - 1346 (1479942 Gflops/s) - 1319 (1450255 Gflops/s) - 1298 (1427166 Gflops/s) | Temperatures: 61°C - 61°C - 73°C - 73°C - 62°C - 61°C - 72°C - 73°C | Throttling: None - None - None - None - None - None - None - None
1340 (1473345 Gflops/s) - 1331 (1463449 Gflops/s) - 1330 (1462350 Gflops/s) - 1323 (1454653 Gflops/s) - 1341 (1474445 Gflops/s) - 1346 (1479942 Gflops/s) - 1318 (1449156 Gflops/s) - 1295 (1423867 Gflops/s) | Temperatures: 61°C - 61°C - 72°C - 72°C - 62°C - 61°C - 72°C - 73°C | Throttling: None - None - None - None - None - None - None - None
1337 (1470047 Gflops/s) - 1325 (1456852 Gflops/s) - 1327 (1459051 Gflops/s) - 1324 (1455753 Gflops/s) - 1341 (1474445 Gflops/s) - 1342 (1475544 Gflops/s) - 1315 (1445857 Gflops/s) - 1296 (1424967 Gflops/s) | Temperatures: 61°C - 61°C - 73°C - 73°C - 62°C - 61°C - 72°C - 73°C | Throttling: None - None - None - None - None - None - None - None
1339 (1472246 Gflops/s) - 1327 (1459051 Gflops/s) - 1329 (1461250 Gflops/s) - 1324 (1455753 Gflops/s) - 1343 (1476644 Gflops/s) - 1349 (1483241 Gflops/s) - 1316 (1446957 Gflops/s) - 1295 (1423867 Gflops/s) | Temperatures: 61°C - 61°C - 73°C - 73°C - 62°C - 61°C - 72°C - 73°C | Throttling: None - None - None - None - None - None - None - None
1340 (1473345 Gflops/s) - 1329 (1461250 Gflops/s) - 1329 (1461250 Gflops/s) - 1326 (1457952 Gflops/s) - 1339 (1472246 Gflops/s) - 1345 (1478843 Gflops/s) - 1315 (1445857 Gflops/s) - 1294 (1422768 Gflops/s) | Temperatures: 61°C - 61°C - 73°C - 73°C - 62°C - 61°C - 72°C - 73°C | Throttling: None - None - None - None - None - None - None - None
1339 (1472246 Gflops/s) - 1328 (1460151 Gflops/s) - 1325 (1456852 Gflops/s) - 1322 (1453554 Gflops/s) - 1342 (1475544 Gflops/s) - 1343 (1476644 Gflops/s) - 1317 (1448056 Gflops/s) - 1297 (1426066 Gflops/s) | Temperatures: 61°C - 61°C - 73°C - 73°C - 62°C - 61°C - 72°C - 73°C | Throttling: None - None - None - None - None - None - None - None
1337 (1470047 Gflops/s) - 1328 (1460151 Gflops/s) - 1328 (1460151 Gflops/s) - 1325 (1456852 Gflops/s) - 1339 (1472246 Gflops/s) - 1347 (1481042 Gflops/s) - 1318 (1449156 Gflops/s) - 1296 (1424967 Gflops/s) | Temperatures: 61°C - 61°C - 73°C - 73°C - 62°C - 61°C - 72°C - 73°C | Throttling: None - None - None - None - None - None - None - None
1337 (1470047 Gflops/s) - 1325 (1456852 Gflops/s) - 1327 (1459051 Gflops/s) - 1323 (1454653 Gflops/s) - 1340 (1473345 Gflops/s) - 1343 (1476644 Gflops/s) - 1315 (1445857 Gflops/s) - 1293 (1421668 Gflops/s) | Temperatures: 60°C - 61°C - 73°C - 73°C - 62°C - 61°C - 72°C - 73°C | Throttling: None - None - None - None - None - None - None - None
1339 (1472246 Gflops/s) - 1327 (1459051 Gflops/s) - 1329 (1461250 Gflops/s) - 1324 (1455753 Gflops/s) - 1340 (1473345 Gflops/s) - 1343 (1476644 Gflops/s) - 1317 (1448056 Gflops/s) - 1296 (1424967 Gflops/s) | Temperatures: 61°C - 61°C - 73°C - 73°C - 62°C - 61°C - 72°C - 73°C | Throttling: None - None - None - None - None - None - None - None
1338 (1471146 Gflops/s) - 1327 (1459051 Gflops/s) - 1326 (1457952 Gflops/s) - 1324 (1455753 Gflops/s) - 1343 (1476644 Gflops/s) - 1344 (1477743 Gflops/s) - 1319 (1450255 Gflops/s) - 1295 (1423867 Gflops/s) | Temperatures: 61°C - 61°C - 73°C - 73°C - 62°C - 61°C - 72°C - 73°C | Throttling: None - None - None - None - None - None - None - None
1336 (1468947 Gflops/s) - 1330 (1462350 Gflops/s) - 1328 (1460151 Gflops/s) - 1325 (1456852 Gflops/s) - 1339 (1472246 Gflops/s) - 1347 (1481042 Gflops/s) - 1319 (1450255 Gflops/s) - 1295 (1423867 Gflops/s) | Temperatures: 61°C - 61°C - 73°C - 72°C - 62°C - 61°C - 72°C - 73°C | Throttling: None - None - None - None - None - None - None - None
1338 (1471146 Gflops/s) - 1329 (1461250 Gflops/s) - 1328 (1460151 Gflops/s) - 1324 (1455753 Gflops/s) - 1341 (1474445 Gflops/s) - 1344 (1477743 Gflops/s) - 1317 (1448056 Gflops/s) - 1295 (1423867 Gflops/s) | Temperatures: 61°C - 61°C - 73°C - 73°C - 61°C - 61°C - 72°C - 73°C | Throttling: None - None - None - None - None - None - None - None
1339 (1472246 Gflops/s) - 1328 (1460151 Gflops/s) - 1327 (1459051 Gflops/s) - 1325 (1456852 Gflops/s) - 1342 (1475544 Gflops/s) - 1345 (1478843 Gflops/s) - 1318 (1449156 Gflops/s) - 1296 (1424967 Gflops/s) | Temperatures: 61°C - 61°C - 72°C - 72°C - 62°C - 61°C - 72°C - 73°C | Throttling: None - None - None - None - None - None - None - None
1338 (1471146 Gflops/s) - 1327 (1459051 Gflops/s) - 1327 (1459051 Gflops/s) - 1325 (1456852 Gflops/s) - 1342 (1475544 Gflops/s) - 1347 (1481042 Gflops/s) - 1317 (1448056 Gflops/s) - 1296 (1424967 Gflops/s) | Temperatures: 61°C - 61°C - 72°C - 73°C - 62°C - 61°C - 72°C - 73°C | Throttling: None - None - None - None - None - None - None - None
1338 (1471146 Gflops/s) - 1330 (1462350 Gflops/s) - 1331 (1463449 Gflops/s) - 1324 (1455753 Gflops/s) - 1342 (1475544 Gflops/s) - 1345 (1478843 Gflops/s) - 1317 (1448056 Gflops/s) - 1294 (1422768 Gflops/s) | Temperatures: 61°C - 61°C - 73°C - 72°C - 62°C - 61°C - 72°C - 73°C | Throttling: None - None - None - None - None - None - None - None
1337 (1470047 Gflops/s) - 1327 (1459051 Gflops/s) - 1327 (1459051 Gflops/s) - 1322 (1453554 Gflops/s) - 1341 (1474445 Gflops/s) - 1346 (1479942 Gflops/s) - 1314 (1444758 Gflops/s) - 1293 (1421668 Gflops/s) | Temperatures: 61°C - 61°C - 73°C - 72°C - 62°C - 61°C - 72°C - 73°C | Throttling: None - None - None - None - None - None - None - None
1339 (1472246 Gflops/s) - 1329 (1461250 Gflops/s) - 1326 (1457952 Gflops/s) - 1324 (1455753 Gflops/s) - 1341 (1474445 Gflops/s) - 1349 (1483241 Gflops/s) - 1318 (1449156 Gflops/s) - 1294 (1422768 Gflops/s) | Temperatures: 61°C - 61°C - 73°C - 73°C - 62°C - 61°C - 72°C - 73°C | Throttling: None - None - None - None - None - None - None - None
1337 (1470047 Gflops/s) - 1327 (1459051 Gflops/s) - 1324 (1455753 Gflops/s) - 1324 (1455753 Gflops/s) - 1338 (1471146 Gflops/s) - 1345 (1478843 Gflops/s) - 1319 (1450255 Gflops/s) - 1295 (1423867 Gflops/s) | Temperatures: 61°C - 61°C - 73°C - 72°C - 62°C - 61°C - 72°C - 73°C | Throttling: None - None - None - None - None - None - None - None
1338 (1471146 Gflops/s) - 1331 (1463449 Gflops/s) - 1332 (1464549 Gflops/s) - 1324 (1455753 Gflops/s) - 1341 (1474445 Gflops/s) - 1342 (1475544 Gflops/s) - 1316 (1446957 Gflops/s) - 1295 (1423867 Gflops/s) | Temperatures: 61°C - 61°C - 73°C - 73°C - 62°C - 61°C - 72°C - 73°C | Throttling: None - None - None - None - None - None - None - None
1339 (1472246 Gflops/s) - 1328 (1460151 Gflops/s) - 1329 (1461250 Gflops/s) - 1324 (1455753 Gflops/s) - 1340 (1473345 Gflops/s) - 1346 (1479942 Gflops/s) - 1316 (1446957 Gflops/s) - 1295 (1423867 Gflops/s) | Temperatures: 61°C - 61°C - 72°C - 72°C - 62°C - 61°C - 72°C - 73°C | Throttling: None - None - None - None - None - None - None - None
1339 (1472246 Gflops/s) - 1329 (1461250 Gflops/s) - 1331 (1463449 Gflops/s) - 1324 (1455753 Gflops/s) - 1342 (1475544 Gflops/s) - 1346 (1479942 Gflops/s) - 1319 (1450255 Gflops/s) - 1295 (1423867 Gflops/s) | Temperatures: 61°C - 61°C - 73°C - 73°C - 62°C - 61°C - 72°C - 73°C | Throttling: None - None - None - None - None - None - None - None
1336 (1468947 Gflops/s) - 1327 (1459051 Gflops/s) - 1326 (1457952 Gflops/s) - 1323 (1454653 Gflops/s) - 1339 (1472246 Gflops/s) - 1344 (1477743 Gflops/s) - 1315 (1445857 Gflops/s) - 1296 (1424967 Gflops/s) | Temperatures: 61°C - 61°C - 72°C - 73°C - 62°C - 61°C - 72°C - 73°C | Throttling: None - None - None - None - None - None - None - None
1337 (1470047 Gflops/s) - 1328 (1460151 Gflops/s) - 1330 (1462350 Gflops/s) - 1326 (1457952 Gflops/s) - 1342 (1475544 Gflops/s) - 1348 (1482141 Gflops/s) - 1316 (1446957 Gflops/s) - 1296 (1424967 Gflops/s) | Temperatures: 61°C - 61°C - 72°C - 72°C - 62°C - 61°C - 72°C - 73°C | Throttling: None - None - None - None - None - None - None - None
1336 (1468947 Gflops/s) - 1329 (1461250 Gflops/s) - 1330 (1462350 Gflops/s) - 1320 (1451355 Gflops/s) - 1341 (1474445 Gflops/s) - 1343 (1476644 Gflops/s) - 1317 (1448056 Gflops/s) - 1295 (1423867 Gflops/s) | Temperatures: 61°C - 61°C - 73°C - 73°C - 62°C - 61°C - 72°C - 73°C | Throttling: None - None - None - None - None - None - None - None
1338 (1471146 Gflops/s) - 1328 (1460151 Gflops/s) - 1328 (1460151 Gflops/s) - 1325 (1456852 Gflops/s) - 1341 (1474445 Gflops/s) - 1346 (1479942 Gflops/s) - 1315 (1445857 Gflops/s) - 1295 (1423867 Gflops/s) | Temperatures: 61°C - 61°C - 72°C - 73°C - 62°C - 61°C - 72°C - 73°C | Throttling: None - None - None - None - None - None - None - None
1338 (1471146 Gflops/s) - 1325 (1456852 Gflops/s) - 1326 (1457952 Gflops/s) - 1323 (1454653 Gflops/s) - 1340 (1473345 Gflops/s) - 1344 (1477743 Gflops/s) - 1315 (1445857 Gflops/s) - 1296 (1424967 Gflops/s) | Temperatures: 61°C - 61°C - 73°C - 73°C - 62°C - 61°C - 72°C - 73°C | Throttling: None - None - None - None - None - None - None - None
1337 (1470047 Gflops/s) - 1329 (1461250 Gflops/s) - 1331 (1463449 Gflops/s) - 1324 (1455753 Gflops/s) - 1341 (1474445 Gflops/s) - 1345 (1478843 Gflops/s) - 1313 (1443658 Gflops/s) - 1298 (1427166 Gflops/s) | Temperatures: 61°C - 61°C - 73°C - 73°C - 62°C - 61°C - 72°C - 73°C | Throttling: None - None - None - None - None - None - None - None
1340 (1473345 Gflops/s) - 1327 (1459051 Gflops/s) - 1329 (1461250 Gflops/s) - 1325 (1456852 Gflops/s) - 1342 (1475544 Gflops/s) - 1346 (1479942 Gflops/s) - 1317 (1448056 Gflops/s) - 1294 (1422768 Gflops/s) | Temperatures: 61°C - 61°C - 72°C - 73°C - 62°C - 61°C - 72°C - 73°C | Throttling: None - None - None - None - None - None - None - None
1338 (1471146 Gflops/s) - 1328 (1460151 Gflops/s) - 1325 (1456852 Gflops/s) - 1322 (1453554 Gflops/s) - 1342 (1475544 Gflops/s) - 1347 (1481042 Gflops/s) - 1315 (1445857 Gflops/s) - 1294 (1422768 Gflops/s) | Temperatures: 61°C - 61°C - 73°C - 72°C - 62°C - 61°C - 72°C - 73°C | Throttling: None - None - None - None - None - None - None - None
1338 (1471146 Gflops/s) - 1327 (1459051 Gflops/s) - 1327 (1459051 Gflops/s) - 1323 (1454653 Gflops/s) - 1341 (1474445 Gflops/s) - 1348 (1482141 Gflops/s) - 1316 (1446957 Gflops/s) - 1296 (1424967 Gflops/s) | Temperatures: 61°C - 61°C - 73°C - 73°C - 62°C - 61°C - 72°C - 73°C | Throttling: None - None - None - None - None - None - None - None
1339 (1472246 Gflops/s) - 1331 (1463449 Gflops/s) - 1331 (1463449 Gflops/s) - 1324 (1455753 Gflops/s) - 1342 (1475544 Gflops/s) - 1349 (1483241 Gflops/s) - 1318 (1449156 Gflops/s) - 1297 (1426066 Gflops/s) | Temperatures: 61°C - 61°C - 73°C - 72°C - 62°C - 61°C - 72°C - 73°C | Throttling: None - None - None - None - None - None - None - None
1339 (1472246 Gflops/s) - 1329 (1461250 Gflops/s) - 1327 (1459051 Gflops/s) - 1324 (1455753 Gflops/s) - 1341 (1474445 Gflops/s) - 1344 (1477743 Gflops/s) - 1313 (1443658 Gflops/s) - 1293 (1421668 Gflops/s) | Temperatures: 61°C - 61°C - 73°C - 72°C - 62°C - 61°C - 72°C - 73°C | Throttling: None - None - None - None - None - None - None - None
1335 (1467848 Gflops/s) - 1328 (1460151 Gflops/s) - 1329 (1461250 Gflops/s) - 1324 (1455753 Gflops/s) - 1339 (1472246 Gflops/s) - 1345 (1478843 Gflops/s) - 1315 (1445857 Gflops/s) - 1295 (1423867 Gflops/s) | Temperatures: 61°C - 61°C - 73°C - 73°C - 62°C - 61°C - 72°C - 73°C | Throttling: None - None - None - None - None - None - None - None
1338 (1471146 Gflops/s) - 1329 (1461250 Gflops/s) - 1328 (1460151 Gflops/s) - 1324 (1455753 Gflops/s) - 1340 (1473345 Gflops/s) - 1346 (1479942 Gflops/s) - 1318 (1449156 Gflops/s) - 1295 (1423867 Gflops/s) | Temperatures: 61°C - 61°C - 73°C - 73°C - 62°C - 61°C - 72°C - 73°C | Throttling: None - None - None - None - None - None - None - None
1338 (1471146 Gflops/s) - 1327 (1459051 Gflops/s) - 1330 (1462350 Gflops/s) - 1324 (1455753 Gflops/s) - 1343 (1476644 Gflops/s) - 1348 (1482141 Gflops/s) - 1317 (1448056 Gflops/s) - 1292 (1420569 Gflops/s) | Temperatures: 61°C - 61°C - 73°C - 72°C - 62°C - 61°C - 72°C - 73°C | Throttling: None - None - None - None - None - None - None - None
1338 (1471146 Gflops/s) - 1330 (1462350 Gflops/s) - 1328 (1460151 Gflops/s) - 1321 (1452454 Gflops/s) - 1340 (1473345 Gflops/s) - 1346 (1479942 Gflops/s) - 1318 (1449156 Gflops/s) - 1295 (1423867 Gflops/s) | Temperatures: 61°C - 61°C - 72°C - 72°C - 62°C - 61°C - 72°C - 73°C | Throttling: None - None - None - None - None - None - None - None
1337 (1470047 Gflops/s) - 1328 (1460151 Gflops/s) - 1328 (1460151 Gflops/s) - 1322 (1453554 Gflops/s) - 1339 (1472246 Gflops/s) - 1344 (1477743 Gflops/s) - 1314 (1444758 Gflops/s) - 1294 (1422768 Gflops/s) | Temperatures: 61°C - 61°C - 73°C - 73°C - 62°C - 61°C - 72°C - 73°C | Throttling: None - None - None - None - None - None - None - None
1337 (1470047 Gflops/s) - 1327 (1459051 Gflops/s) - 1330 (1462350 Gflops/s) - 1325 (1456852 Gflops/s) - 1340 (1473345 Gflops/s) - 1346 (1479942 Gflops/s) - 1319 (1450255 Gflops/s) - 1295 (1423867 Gflops/s) | Temperatures: 61°C - 61°C - 73°C - 73°C - 62°C - 61°C - 72°C - 73°C | Throttling: None - None - None - None - None - None - None - None
1340 (1473345 Gflops/s) - 1330 (1462350 Gflops/s) - 1329 (1461250 Gflops/s) - 1324 (1455753 Gflops/s) - 1342 (1475544 Gflops/s) - 1346 (1479942 Gflops/s) - 1318 (1449156 Gflops/s) - 1295 (1423867 Gflops/s) | Temperatures: 61°C - 61°C - 73°C - 72°C - 62°C - 61°C - 72°C - 73°C | Throttling: None - None - None - None - None - None - None - None
1337 (1470047 Gflops/s) - 1327 (1459051 Gflops/s) - 1325 (1456852 Gflops/s) - 1323 (1454653 Gflops/s) - 1340 (1473345 Gflops/s) - 1346 (1479942 Gflops/s) - 1317 (1448056 Gflops/s) - 1292 (1420569 Gflops/s) | Temperatures: 61°C - 61°C - 73°C - 72°C - 62°C - 61°C - 72°C - 73°C | Throttling: None - None - None - None - None - None - None - None
1337 (1470047 Gflops/s) - 1328 (1460151 Gflops/s) - 1328 (1460151 Gflops/s) - 1323 (1454653 Gflops/s) - 1341 (1474445 Gflops/s) - 1343 (1476644 Gflops/s) - 1318 (1449156 Gflops/s) - 1295 (1423867 Gflops/s) | Temperatures: 61°C - 61°C - 73°C - 72°C - 62°C - 61°C - 72°C - 73°C | Throttling: None - None - None - None - None - None - None - None
1339 (1472246 Gflops/s) - 1328 (1460151 Gflops/s) - 1328 (1460151 Gflops/s) - 1320 (1451355 Gflops/s) - 1343 (1476644 Gflops/s) - 1346 (1479942 Gflops/s) - 1318 (1449156 Gflops/s) - 1296 (1424967 Gflops/s) | Temperatures: 61°C - 61°C - 73°C - 72°C - 62°C - 61°C - 72°C - 73°C | Throttling: None - None - None - None - None - None - None - None
1338 (1471146 Gflops/s) - 1328 (1460151 Gflops/s) - 1328 (1460151 Gflops/s) - 1326 (1457952 Gflops/s) - 1340 (1473345 Gflops/s) - 1347 (1481042 Gflops/s) - 1318 (1449156 Gflops/s) - 1297 (1426066 Gflops/s) | Temperatures: 61°C - 61°C - 72°C - 72°C - 62°C - 61°C - 72°C - 73°C | Throttling: None - None - None - None - None - None - None - None
1337 (1470047 Gflops/s) - 1325 (1456852 Gflops/s) - 1327 (1459051 Gflops/s) - 1322 (1453554 Gflops/s) - 1338 (1471146 Gflops/s) - 1342 (1475544 Gflops/s) - 1315 (1445857 Gflops/s) - 1290 (1418369 Gflops/s) | Temperatures: 61°C - 61°C - 72°C - 73°C - 62°C - 61°C - 72°C - 73°C | Throttling: None - None - None - None - None - None - None - None
1337 (1470047 Gflops/s) - 1328 (1460151 Gflops/s) - 1329 (1461250 Gflops/s) - 1324 (1455753 Gflops/s) - 1342 (1475544 Gflops/s) - 1342 (1475544 Gflops/s) - 1317 (1448056 Gflops/s) - 1293 (1421668 Gflops/s) | Temperatures: 61°C - 61°C - 73°C - 72°C - 62°C - 61°C - 72°C - 73°C | Throttling: None - None - None - None - None - None - None - None
1338 (1471146 Gflops/s) - 1329 (1461250 Gflops/s) - 1329 (1461250 Gflops/s) - 1323 (1454653 Gflops/s) - 1342 (1475544 Gflops/s) - 1344 (1477743 Gflops/s) - 1317 (1448056 Gflops/s) - 1293 (1421668 Gflops/s) | Temperatures: 61°C - 61°C - 73°C - 73°C - 62°C - 61°C - 72°C - 73°C | Throttling: None - None - None - None - None - None - None - None
1339 (1472246 Gflops/s) - 1327 (1459051 Gflops/s) - 1324 (1455753 Gflops/s) - 1325 (1456852 Gflops/s) - 1341 (1474445 Gflops/s) - 1346 (1479942 Gflops/s) - 1316 (1446957 Gflops/s) - 1294 (1422768 Gflops/s) | Temperatures: 61°C - 61°C - 72°C - 73°C - 62°C - 61°C - 72°C - 73°C | Throttling: None - None - None - None - None - None - None - None
1337 (1470047 Gflops/s) - 1327 (1459051 Gflops/s) - 1326 (1457952 Gflops/s) - 1322 (1453554 Gflops/s) - 1340 (1473345 Gflops/s) - 1346 (1479942 Gflops/s) - 1316 (1446957 Gflops/s) - 1293 (1421668 Gflops/s) | Temperatures: 61°C - 61°C - 72°C - 73°C - 62°C - 61°C - 72°C - 73°C | Throttling: None - None - None - None - None - None - None - None
1339 (1472246 Gflops/s) - 1328 (1460151 Gflops/s) - 1330 (1462350 Gflops/s) - 1325 (1456852 Gflops/s) - 1342 (1475544 Gflops/s) - 1345 (1478843 Gflops/s) - 1321 (1452454 Gflops/s) - 1296 (1424967 Gflops/s) | Temperatures: 61°C - 61°C - 73°C - 73°C - 62°C - 61°C - 72°C - 73°C | Throttling: None - None - None - None - None - None - None - None
1339 (1472246 Gflops/s) - 1329 (1461250 Gflops/s) - 1328 (1460151 Gflops/s) - 1325 (1456852 Gflops/s) - 1340 (1473345 Gflops/s) - 1346 (1479942 Gflops/s) - 1315 (1445857 Gflops/s) - 1293 (1421668 Gflops/s) | Temperatures: 61°C - 61°C - 73°C - 73°C - 62°C - 61°C - 72°C - 73°C | Throttling: None - None - None - None - None - None - None - None
1336 (1468947 Gflops/s) - 1325 (1456852 Gflops/s) - 1324 (1455753 Gflops/s) - 1322 (1453554 Gflops/s) - 1341 (1474445 Gflops/s) - 1344 (1477743 Gflops/s) - 1314 (1444758 Gflops/s) - 1295 (1423867 Gflops/s) | Temperatures: 61°C - 61°C - 73°C - 72°C - 62°C - 61°C - 72°C - 73°C | Throttling: None - None - None - None - None - None - None - None
1340 (1473345 Gflops/s) - 1328 (1460151 Gflops/s) - 1328 (1460151 Gflops/s) - 1322 (1453554 Gflops/s) - 1342 (1475544 Gflops/s) - 1346 (1479942 Gflops/s) - 1318 (1449156 Gflops/s) - 1297 (1426066 Gflops/s) | Temperatures: 61°C - 61°C - 73°C - 73°C - 62°C - 61°C - 72°C - 73°C | Throttling: None - None - None - None - None - None - None - None
1339 (1472246 Gflops/s) - 1329 (1461250 Gflops/s) - 1330 (1462350 Gflops/s) - 1324 (1455753 Gflops/s) - 1342 (1475544 Gflops/s) - 1345 (1478843 Gflops/s) - 1316 (1446957 Gflops/s) - 1294 (1422768 Gflops/s) | Temperatures: 61°C - 61°C - 73°C - 73°C - 62°C - 61°C - 72°C - 73°C | Throttling: None - None - None - None - None - None - None - None
1336 (1468947 Gflops/s) - 1328 (1460151 Gflops/s) - 1326 (1457952 Gflops/s) - 1322 (1453554 Gflops/s) - 1341 (1474445 Gflops/s) - 1345 (1478843 Gflops/s) - 1318 (1449156 Gflops/s) - 1294 (1422768 Gflops/s) | Temperatures: 61°C - 61°C - 72°C - 72°C - 62°C - 61°C - 72°C - 73°C | Throttling: None - None - None - None - None - None - None - None
1338 (1471146 Gflops/s) - 1328 (1460151 Gflops/s) - 1330 (1462350 Gflops/s) - 1325 (1456852 Gflops/s) - 1342 (1475544 Gflops/s) - 1346 (1479942 Gflops/s) - 1318 (1449156 Gflops/s) - 1296 (1424967 Gflops/s) | Temperatures: 61°C - 61°C - 72°C - 72°C - 62°C - 61°C - 72°C - 73°C | Throttling: None - None - None - None - None - None - None - None
1338 (1471146 Gflops/s) - 1328 (1460151 Gflops/s) - 1329 (1461250 Gflops/s) - 1318 (1449156 Gflops/s) - 1339 (1472246 Gflops/s) - 1344 (1477743 Gflops/s) - 1317 (1448056 Gflops/s) - 1296 (1424967 Gflops/s) | Temperatures: 61°C - 61°C - 73°C - 73°C - 62°C - 61°C - 72°C - 73°C | Throttling: None - None - None - None - None - None - None - None
1337 (1470047 Gflops/s) - 1327 (1459051 Gflops/s) - 1328 (1460151 Gflops/s) - 1323 (1454653 Gflops/s) - 1339 (1472246 Gflops/s) - 1345 (1478843 Gflops/s) - 1316 (1446957 Gflops/s) - 1292 (1420569 Gflops/s) | Temperatures: 61°C - 61°C - 73°C - 73°C - 62°C - 61°C - 72°C - 73°C | Throttling: None - None - None - None - None - None - None - None
1337 (1470047 Gflops/s) - 1330 (1462350 Gflops/s) - 1329 (1461250 Gflops/s) - 1324 (1455753 Gflops/s) - 1342 (1475544 Gflops/s) - 1345 (1478843 Gflops/s) - 1315 (1445857 Gflops/s) - 1294 (1422768 Gflops/s) | Temperatures: 61°C - 61°C - 73°C - 73°C - 62°C - 61°C - 72°C - 73°C | Throttling: None - None - None - None - None - None - None - None
1337 (1470047 Gflops/s) - 1329 (1461250 Gflops/s) - 1325 (1456852 Gflops/s) - 1324 (1455753 Gflops/s) - 1341 (1474445 Gflops/s) - 1343 (1476644 Gflops/s) - 1317 (1448056 Gflops/s) - 1297 (1426066 Gflops/s) | Temperatures: 61°C - 61°C - 72°C - 72°C - 62°C - 61°C - 72°C - 73°C | Throttling: None - None - None - None - None - None - None - None
1337 (1470047 Gflops/s) - 1328 (1460151 Gflops/s) - 1325 (1456852 Gflops/s) - 1323 (1454653 Gflops/s) - 1342 (1475544 Gflops/s) - 1347 (1481042 Gflops/s) - 1318 (1449156 Gflops/s) - 1297 (1426066 Gflops/s) | Temperatures: 61°C - 61°C - 72°C - 73°C - 62°C - 61°C - 72°C - 73°C | Throttling: None - None - None - None - None - None - None - None
1335 (1467848 Gflops/s) - 1326 (1457952 Gflops/s) - 1327 (1459051 Gflops/s) - 1321 (1452454 Gflops/s) - 1339 (1472246 Gflops/s) - 1350 (1484340 Gflops/s) - 1315 (1445857 Gflops/s) - 1288 (1416170 Gflops/s) | Temperatures: 61°C - 61°C - 72°C - 73°C - 62°C - 61°C - 72°C - 73°C | Throttling: None - None - None - None - None - None - None - None
1339 (1472246 Gflops/s) - 1327 (1459051 Gflops/s) - 1328 (1460151 Gflops/s) - 1323 (1454653 Gflops/s) - 1340 (1473345 Gflops/s) - 1345 (1478843 Gflops/s) - 1318 (1449156 Gflops/s) - 1295 (1423867 Gflops/s) | Temperatures: 61°C - 61°C - 73°C - 72°C - 62°C - 61°C - 72°C - 73°C | Throttling: None - None - None - None - None - None - None - None
1340 (1473345 Gflops/s) - 1329 (1461250 Gflops/s) - 1329 (1461250 Gflops/s) - 1327 (1459051 Gflops/s) - 1343 (1476644 Gflops/s) - 1345 (1478843 Gflops/s) - 1317 (1448056 Gflops/s) - 1297 (1426066 Gflops/s) | Temperatures: 61°C - 61°C - 73°C - 73°C - 62°C - 61°C - 72°C - 73°C | Throttling: None - None - None - None - None - None - None - None
1336 (1468947 Gflops/s) - 1326 (1457952 Gflops/s) - 1328 (1460151 Gflops/s) - 1320 (1451355 Gflops/s) - 1340 (1473345 Gflops/s) - 1344 (1477743 Gflops/s) - 1312 (1442559 Gflops/s) - 1292 (1420569 Gflops/s) | Temperatures: 61°C - 61°C - 72°C - 73°C - 62°C - 61°C - 72°C - 73°C | Throttling: None - None - None - None - None - None - None - None
1338 (1471146 Gflops/s) - 1328 (1460151 Gflops/s) - 1328 (1460151 Gflops/s) - 1325 (1456852 Gflops/s) - 1340 (1473345 Gflops/s) - 1350 (1484340 Gflops/s) - 1316 (1446957 Gflops/s) - 1295 (1423867 Gflops/s) | Temperatures: 61°C - 61°C - 72°C - 73°C - 62°C - 61°C - 72°C - 73°C | Throttling: None - None - None - None - None - None - None - None
1339 (1472246 Gflops/s) - 1328 (1460151 Gflops/s) - 1327 (1459051 Gflops/s) - 1321 (1452454 Gflops/s) - 1341 (1474445 Gflops/s) - 1346 (1479942 Gflops/s) - 1317 (1448056 Gflops/s) - 1294 (1422768 Gflops/s) | Temperatures: 61°C - 61°C - 73°C - 72°C - 62°C - 61°C - 72°C - 73°C | Throttling: None - None - None - None - None - None - None - None
1339 (1472246 Gflops/s) - 1326 (1457952 Gflops/s) - 1328 (1460151 Gflops/s) - 1324 (1455753 Gflops/s) - 1340 (1473345 Gflops/s) - 1343 (1476644 Gflops/s) - 1315 (1445857 Gflops/s) - 1296 (1424967 Gflops/s) | Temperatures: 61°C - 61°C - 73°C - 73°C - 62°C - 61°C - 72°C - 73°C | Throttling: None - None - None - None - None - None - None - None
1336 (1468947 Gflops/s) - 1327 (1459051 Gflops/s) - 1325 (1456852 Gflops/s) - 1322 (1453554 Gflops/s) - 1340 (1473345 Gflops/s) - 1345 (1478843 Gflops/s) - 1318 (1449156 Gflops/s) - 1292 (1420569 Gflops/s) | Temperatures: 61°C - 61°C - 72°C - 73°C - 62°C - 61°C - 72°C - 73°C | Throttling: None - None - None - None - None - None - None - None
1339 (1472246 Gflops/s) - 1326 (1457952 Gflops/s) - 1327 (1459051 Gflops/s) - 1324 (1455753 Gflops/s) - 1339 (1472246 Gflops/s) - 1343 (1476644 Gflops/s) - 1316 (1446957 Gflops/s) - 1293 (1421668 Gflops/s) | Temperatures: 61°C - 61°C - 72°C - 72°C - 62°C - 61°C - 72°C - 73°C | Throttling: None - None - None - None - None - None - None - None
1339 (1472246 Gflops/s) - 1326 (1457952 Gflops/s) - 1329 (1461250 Gflops/s) - 1324 (1455753 Gflops/s) - 1342 (1475544 Gflops/s) - 1344 (1477743 Gflops/s) - 1318 (1449156 Gflops/s) - 1293 (1421668 Gflops/s) | Temperatures: 61°C - 61°C - 73°C - 73°C - 62°C - 61°C - 72°C - 73°C | Throttling: None - None - None - None - None - None - None - None
1338 (1471146 Gflops/s) - 1326 (1457952 Gflops/s) - 1329 (1461250 Gflops/s) - 1325 (1456852 Gflops/s) - 1341 (1474445 Gflops/s) - 1344 (1477743 Gflops/s) - 1318 (1449156 Gflops/s) - 1293 (1421668 Gflops/s) | Temperatures: 61°C - 61°C - 73°C - 73°C - 62°C - 61°C - 72°C - 73°C | Throttling: None - None - None - None - None - None - None - None
1339 (1472246 Gflops/s) - 1326 (1457952 Gflops/s) - 1324 (1455753 Gflops/s) - 1323 (1454653 Gflops/s) - 1338 (1471146 Gflops/s) - 1341 (1474445 Gflops/s) - 1314 (1444758 Gflops/s) - 1294 (1422768 Gflops/s) | Temperatures: 61°C - 61°C - 73°C - 73°C - 62°C - 61°C - 72°C - 73°C | Throttling: None - None - None - None - None - None - None - None
1338 (1471146 Gflops/s) - 1329 (1461250 Gflops/s) - 1331 (1463449 Gflops/s) - 1324 (1455753 Gflops/s) - 1342 (1475544 Gflops/s) - 1344 (1477743 Gflops/s) - 1313 (1443658 Gflops/s) - 1295 (1423867 Gflops/s) | Temperatures: 61°C - 61°C - 73°C - 73°C - 62°C - 61°C - 72°C - 73°C | Throttling: None - None - None - None - None - None - None - None
1337 (1470047 Gflops/s) - 1324 (1455753 Gflops/s) - 1324 (1455753 Gflops/s) - 1322 (1453554 Gflops/s) - 1339 (1472246 Gflops/s) - 1345 (1478843 Gflops/s) - 1314 (1444758 Gflops/s) - 1291 (1419469 Gflops/s) | Temperatures: 61°C - 61°C - 72°C - 73°C - 62°C - 61°C - 72°C - 73°C | Throttling: None - None - None - None - None - None - None - None
1338 (1471146 Gflops/s) - 1328 (1460151 Gflops/s) - 1328 (1460151 Gflops/s) - 1326 (1457952 Gflops/s) - 1340 (1473345 Gflops/s) - 1346 (1479942 Gflops/s) - 1315 (1445857 Gflops/s) - 1294 (1422768 Gflops/s) | Temperatures: 61°C - 61°C - 73°C - 72°C - 62°C - 61°C - 72°C - 73°C | Throttling: None - None - None - None - None - None - None - None
1338 (1471146 Gflops/s) - 1325 (1456852 Gflops/s) - 1327 (1459051 Gflops/s) - 1323 (1454653 Gflops/s) - 1342 (1475544 Gflops/s) - 1348 (1482141 Gflops/s) - 1316 (1446957 Gflops/s) - 1295 (1423867 Gflops/s) | Temperatures: 61°C - 61°C - 73°C - 73°C - 62°C - 61°C - 72°C - 73°C | Throttling: None - None - None - None - None - None - None - None
1339 (1472246 Gflops/s) - 1329 (1461250 Gflops/s) - 1331 (1463449 Gflops/s) - 1324 (1455753 Gflops/s) - 1340 (1473345 Gflops/s) - 1343 (1476644 Gflops/s) - 1316 (1446957 Gflops/s) - 1295 (1423867 Gflops/s) | Temperatures: 61°C - 61°C - 73°C - 73°C - 62°C - 61°C - 72°C - 74°C | Throttling: None - None - None - None - None - None - None - None
1337 (1470047 Gflops/s) - 1326 (1457952 Gflops/s) - 1324 (1455753 Gflops/s) - 1323 (1454653 Gflops/s) - 1339 (1472246 Gflops/s) - 1345 (1478843 Gflops/s) - 1319 (1450255 Gflops/s) - 1291 (1419469 Gflops/s) | Temperatures: 61°C - 61°C - 73°C - 72°C - 62°C - 61°C - 72°C - 73°C | Throttling: None - None - None - None - None - None - None - None
1340 (1473345 Gflops/s) - 1328 (1460151 Gflops/s) - 1330 (1462350 Gflops/s) - 1327 (1459051 Gflops/s) - 1341 (1474445 Gflops/s) - 1349 (1483241 Gflops/s) - 1319 (1450255 Gflops/s) - 1295 (1423867 Gflops/s) | Temperatures: 61°C - 61°C - 73°C - 73°C - 62°C - 61°C - 72°C - 73°C | Throttling: None - None - None - None - None - None - None - None
1337 (1470047 Gflops/s) - 1327 (1459051 Gflops/s) - 1323 (1454653 Gflops/s) - 1322 (1453554 Gflops/s) - 1338 (1471146 Gflops/s) - 1349 (1483241 Gflops/s) - 1315 (1445857 Gflops/s) - 1298 (1427166 Gflops/s) | Temperatures: 61°C - 61°C - 73°C - 72°C - 62°C - 61°C - 72°C - 73°C | Throttling: None - None - None - None - None - None - None - None
1336 (1468947 Gflops/s) - 1327 (1459051 Gflops/s) - 1326 (1457952 Gflops/s) - 1322 (1453554 Gflops/s) - 1339 (1472246 Gflops/s) - 1344 (1477743 Gflops/s) - 1314 (1444758 Gflops/s) - 1294 (1422768 Gflops/s) | Temperatures: 61°C - 61°C - 72°C - 72°C - 62°C - 61°C - 72°C - 73°C | Throttling: None - None - None - None - None - None - None - None
1339 (1472246 Gflops/s) - 1330 (1462350 Gflops/s) - 1325 (1456852 Gflops/s) - 1322 (1453554 Gflops/s) - 1343 (1476644 Gflops/s) - 1342 (1475544 Gflops/s) - 1315 (1445857 Gflops/s) - 1292 (1420569 Gflops/s) | Temperatures: 61°C - 61°C - 72°C - 73°C - 62°C - 61°C - 72°C - 73°C | Throttling: None - None - None - None - None - None - None - None
1339 (1472246 Gflops/s) - 1326 (1457952 Gflops/s) - 1327 (1459051 Gflops/s) - 1324 (1455753 Gflops/s) - 1341 (1474445 Gflops/s) - 1346 (1479942 Gflops/s) - 1318 (1449156 Gflops/s) - 1294 (1422768 Gflops/s) | Temperatures: 61°C - 61°C - 72°C - 73°C - 62°C - 61°C - 72°C - 73°C | Throttling: None - None - None - None - None - None - None - None
1337 (1470047 Gflops/s) - 1328 (1460151 Gflops/s) - 1329 (1461250 Gflops/s) - 1325 (1456852 Gflops/s) - 1342 (1475544 Gflops/s) - 1348 (1482141 Gflops/s) - 1315 (1445857 Gflops/s) - 1296 (1424967 Gflops/s) | Temperatures: 61°C - 61°C - 73°C - 73°C - 62°C - 61°C - 72°C - 73°C | Throttling: None - None - None - None - None - None - None - None
1337 (1470047 Gflops/s) - 1327 (1459051 Gflops/s) - 1326 (1457952 Gflops/s) - 1324 (1455753 Gflops/s) - 1341 (1474445 Gflops/s) - 1345 (1478843 Gflops/s) - 1314 (1444758 Gflops/s) - 1295 (1423867 Gflops/s) | Temperatures: 61°C - 61°C - 72°C - 73°C - 62°C - 61°C - 72°C - 73°C | Throttling: None - None - None - None - None - None - None - None
1339 (1472246 Gflops/s) - 1329 (1461250 Gflops/s) - 1328 (1460151 Gflops/s) - 1321 (1452454 Gflops/s) - 1341 (1474445 Gflops/s) - 1347 (1481042 Gflops/s) - 1315 (1445857 Gflops/s) - 1294 (1422768 Gflops/s) | Temperatures: 61°C - 61°C - 73°C - 72°C - 62°C - 61°C - 72°C - 73°C | Throttling: None - None - None - None - None - None - None - None
1337 (1470047 Gflops/s) - 1329 (1461250 Gflops/s) - 1328 (1460151 Gflops/s) - 1325 (1456852 Gflops/s) - 1343 (1476644 Gflops/s) - 1347 (1481042 Gflops/s) - 1316 (1446957 Gflops/s) - 1291 (1419469 Gflops/s) | Temperatures: 61°C - 61°C - 73°C - 73°C - 62°C - 61°C - 72°C - 73°C | Throttling: None - None - None - None - None - None - None - None
1337 (1470047 Gflops/s) - 1327 (1459051 Gflops/s) - 1326 (1457952 Gflops/s) - 1323 (1454653 Gflops/s) - 1339 (1472246 Gflops/s) - 1346 (1479942 Gflops/s) - 1315 (1445857 Gflops/s) - 1293 (1421668 Gflops/s) | Temperatures: 61°C - 61°C - 73°C - 72°C - 62°C - 61°C - 72°C - 73°C | Throttling: None - None - None - None - None - None - None - None
1339 (1472246 Gflops/s) - 1326 (1457952 Gflops/s) - 1328 (1460151 Gflops/s) - 1321 (1452454 Gflops/s) - 1339 (1472246 Gflops/s) - 1345 (1478843 Gflops/s) - 1315 (1445857 Gflops/s) - 1295 (1423867 Gflops/s) | Temperatures: 61°C - 61°C - 73°C - 73°C - 62°C - 61°C - 72°C - 73°C | Throttling: None - None - None - None - None - None - None - None
1338 (1471146 Gflops/s) - 1326 (1457952 Gflops/s) - 1329 (1461250 Gflops/s) - 1325 (1456852 Gflops/s) - 1340 (1473345 Gflops/s) - 1347 (1481042 Gflops/s) - 1314 (1444758 Gflops/s) - 1296 (1424967 Gflops/s) | Temperatures: 61°C - 61°C - 73°C - 73°C - 62°C - 61°C - 72°C - 73°C | Throttling: None - None - None - None - None - None - None - None
1337 (1470047 Gflops/s) - 1326 (1457952 Gflops/s) - 1328 (1460151 Gflops/s) - 1321 (1452454 Gflops/s) - 1339 (1472246 Gflops/s) - 1348 (1482141 Gflops/s) - 1315 (1445857 Gflops/s) - 1292 (1420569 Gflops/s) | Temperatures: 61°C - 61°C - 73°C - 73°C - 62°C - 61°C - 72°C - 73°C | Throttling: None - None - None - None - None - None - None - None
1339 (1472246 Gflops/s) - 1328 (1460151 Gflops/s) - 1326 (1457952 Gflops/s) - 1325 (1456852 Gflops/s) - 1340 (1473345 Gflops/s) - 1346 (1479942 Gflops/s) - 1316 (1446957 Gflops/s) - 1297 (1426066 Gflops/s) | Temperatures: 61°C - 61°C - 73°C - 73°C - 62°C - 61°C - 72°C - 73°C | Throttling: None - None - None - None - None - None - None - None
1339 (1472246 Gflops/s) - 1326 (1457952 Gflops/s) - 1330 (1462350 Gflops/s) - 1324 (1455753 Gflops/s) - 1340 (1473345 Gflops/s) - 1346 (1479942 Gflops/s) - 1316 (1446957 Gflops/s) - 1295 (1423867 Gflops/s) | Temperatures: 61°C - 61°C - 73°C - 73°C - 62°C - 61°C - 72°C - 73°C | Throttling: None - None - None - None - None - None - None - None
1337 (1470047 Gflops/s) - 1328 (1460151 Gflops/s) - 1325 (1456852 Gflops/s) - 1323 (1454653 Gflops/s) - 1339 (1472246 Gflops/s) - 1343 (1476644 Gflops/s) - 1315 (1445857 Gflops/s) - 1294 (1422768 Gflops/s) | Temperatures: 61°C - 61°C - 72°C - 72°C - 62°C - 61°C - 72°C - 73°C | Throttling: None - None - None - None - None - None - None - None
1339 (1472246 Gflops/s) - 1328 (1460151 Gflops/s) - 1327 (1459051 Gflops/s) - 1323 (1454653 Gflops/s) - 1341 (1474445 Gflops/s) - 1348 (1482141 Gflops/s) - 1319 (1450255 Gflops/s) - 1297 (1426066 Gflops/s) | Temperatures: 61°C - 61°C - 73°C - 72°C - 62°C - 61°C - 72°C - 73°C | Throttling: None - None - None - None - None - None - None - None
1337 (1470047 Gflops/s) - 1327 (1459051 Gflops/s) - 1328 (1460151 Gflops/s) - 1323 (1454653 Gflops/s) - 1341 (1474445 Gflops/s) - 1346 (1479942 Gflops/s) - 1315 (1445857 Gflops/s) - 1294 (1422768 Gflops/s) | Temperatures: 61°C - 61°C - 73°C - 73°C - 62°C - 61°C - 72°C - 73°C | Throttling: None - None - None - None - None - None - None - None
1338 (1471146 Gflops/s) - 1328 (1460151 Gflops/s) - 1328 (1460151 Gflops/s) - 1322 (1453554 Gflops/s) - 1342 (1475544 Gflops/s) - 1345 (1478843 Gflops/s) - 1315 (1445857 Gflops/s) - 1294 (1422768 Gflops/s) | Temperatures: 61°C - 61°C - 73°C - 72°C - 62°C - 61°C - 72°C - 73°C | Throttling: None - None - None - None - None - None - None - None
1337 (1470047 Gflops/s) - 1325 (1456852 Gflops/s) - 1326 (1457952 Gflops/s) - 1323 (1454653 Gflops/s) - 1339 (1472246 Gflops/s) - 1345 (1478843 Gflops/s) - 1315 (1445857 Gflops/s) - 1293 (1421668 Gflops/s) | Temperatures: 61°C - 61°C - 73°C - 73°C - 62°C - 61°C - 72°C - 73°C | Throttling: None - None - None - None - None - None - None - None
1338 (1471146 Gflops/s) - 1327 (1459051 Gflops/s) - 1329 (1461250 Gflops/s) - 1323 (1454653 Gflops/s) - 1342 (1475544 Gflops/s) - 1347 (1481042 Gflops/s) - 1315 (1445857 Gflops/s) - 1295 (1423867 Gflops/s) | Temperatures: 61°C - 61°C - 73°C - 73°C - 62°C - 61°C - 72°C - 73°C | Throttling: None - None - None - None - None - None - None - None
1339 (1472246 Gflops/s) - 1327 (1459051 Gflops/s) - 1329 (1461250 Gflops/s) - 1324 (1455753 Gflops/s) - 1340 (1473345 Gflops/s) - 1343 (1476644 Gflops/s) - 1318 (1449156 Gflops/s) - 1294 (1422768 Gflops/s) | Temperatures: 61°C - 61°C - 73°C - 72°C - 62°C - 61°C - 72°C - 73°C | Throttling: None - None - None - None - None - None - None - None
1339 (1472246 Gflops/s) - 1328 (1460151 Gflops/s) - 1327 (1459051 Gflops/s) - 1326 (1457952 Gflops/s) - 1342 (1475544 Gflops/s) - 1345 (1478843 Gflops/s) - 1314 (1444758 Gflops/s) - 1293 (1421668 Gflops/s) | Temperatures: 61°C - 61°C - 73°C - 73°C - 62°C - 61°C - 72°C - 73°C | Throttling: None - None - None - None - None - None - None - None
1337 (1470047 Gflops/s) - 1326 (1457952 Gflops/s) - 1326 (1457952 Gflops/s) - 1325 (1456852 Gflops/s) - 1340 (1473345 Gflops/s) - 1346 (1479942 Gflops/s) - 1317 (1448056 Gflops/s) - 1293 (1421668 Gflops/s) | Temperatures: 61°C - 61°C - 73°C - 73°C - 62°C - 61°C - 72°C - 73°C | Throttling: None - None - None - None - None - None - None - None
1339 (1472246 Gflops/s) - 1328 (1460151 Gflops/s) - 1331 (1463449 Gflops/s) - 1325 (1456852 Gflops/s) - 1342 (1475544 Gflops/s) - 1346 (1479942 Gflops/s) - 1320 (1451355 Gflops/s) - 1294 (1422768 Gflops/s) | Temperatures: 61°C - 61°C - 73°C - 73°C - 62°C - 61°C - 72°C - 73°C | Throttling: None - None - None - None - None - None - None - None
1338 (1471146 Gflops/s) - 1324 (1455753 Gflops/s) - 1325 (1456852 Gflops/s) - 1321 (1452454 Gflops/s) - 1341 (1474445 Gflops/s) - 1343 (1476644 Gflops/s) - 1313 (1443658 Gflops/s) - 1293 (1421668 Gflops/s) | Temperatures: 61°C - 61°C - 73°C - 73°C - 62°C - 61°C - 72°C - 73°C | Throttling: None - None - None - None - None - None - None - None
1337 (1470047 Gflops/s) - 1328 (1460151 Gflops/s) - 1325 (1456852 Gflops/s) - 1322 (1453554 Gflops/s) - 1339 (1472246 Gflops/s) - 1344 (1477743 Gflops/s) - 1318 (1449156 Gflops/s) - 1296 (1424967 Gflops/s) | Temperatures: 61°C - 61°C - 73°C - 73°C - 62°C - 61°C - 72°C - 73°C | Throttling: None - None - None - None - None - None - None - None
1340 (1473345 Gflops/s) - 1327 (1459051 Gflops/s) - 1326 (1457952 Gflops/s) - 1324 (1455753 Gflops/s) - 1340 (1473345 Gflops/s) - 1343 (1476644 Gflops/s) - 1315 (1445857 Gflops/s) - 1295 (1423867 Gflops/s) | Temperatures: 61°C - 61°C - 73°C - 73°C - 61°C - 61°C - 72°C - 73°C | Throttling: None - None - None - None - None - None - None - None
1339 (1472246 Gflops/s) - 1328 (1460151 Gflops/s) - 1329 (1461250 Gflops/s) - 1324 (1455753 Gflops/s) - 1343 (1476644 Gflops/s) - 1347 (1481042 Gflops/s) - 1317 (1448056 Gflops/s) - 1295 (1423867 Gflops/s) | Temperatures: 61°C - 61°C - 72°C - 73°C - 62°C - 61°C - 72°C - 73°C | Throttling: None - None - None - None - None - None - None - None
1336 (1468947 Gflops/s) - 1328 (1460151 Gflops/s) - 1330 (1462350 Gflops/s) - 1323 (1454653 Gflops/s) - 1339 (1472246 Gflops/s) - 1345 (1478843 Gflops/s) - 1314 (1444758 Gflops/s) - 1292 (1420569 Gflops/s) | Temperatures: 61°C - 61°C - 73°C - 72°C - 62°C - 61°C - 72°C - 73°C | Throttling: None - None - None - None - None - None - None - None
1339 (1472246 Gflops/s) - 1327 (1459051 Gflops/s) - 1329 (1461250 Gflops/s) - 1321 (1452454 Gflops/s) - 1339 (1472246 Gflops/s) - 1346 (1479942 Gflops/s) - 1318 (1449156 Gflops/s) - 1294 (1422768 Gflops/s) | Temperatures: 61°C - 61°C - 73°C - 72°C - 62°C - 61°C - 72°C - 73°C | Throttling: None - None - None - None - None - None - None - None
1338 (1471146 Gflops/s) - 1327 (1459051 Gflops/s) - 1327 (1459051 Gflops/s) - 1323 (1454653 Gflops/s) - 1341 (1474445 Gflops/s) - 1346 (1479942 Gflops/s) - 1316 (1446957 Gflops/s) - 1296 (1424967 Gflops/s) | Temperatures: 61°C - 61°C - 72°C - 73°C - 62°C - 61°C - 72°C - 73°C | Throttling: None - None - None - None - None - None - None - None
1338 (1471146 Gflops/s) - 1328 (1460151 Gflops/s) - 1327 (1459051 Gflops/s) - 1323 (1454653 Gflops/s) - 1340 (1473345 Gflops/s) - 1343 (1476644 Gflops/s) - 1316 (1446957 Gflops/s) - 1294 (1422768 Gflops/s) | Temperatures: 61°C - 61°C - 73°C - 73°C - 62°C - 61°C - 72°C - 73°C | Throttling: None - None - None - None - None - None - None - None
1338 (1471146 Gflops/s) - 1328 (1460151 Gflops/s) - 1325 (1456852 Gflops/s) - 1325 (1456852 Gflops/s) - 1341 (1474445 Gflops/s) - 1345 (1478843 Gflops/s) - 1316 (1446957 Gflops/s) - 1291 (1419469 Gflops/s) | Temperatures: 61°C - 61°C - 72°C - 73°C - 62°C - 61°C - 72°C - 73°C | Throttling: None - None - None - None - None - None - None - None
1338 (1471146 Gflops/s) - 1325 (1456852 Gflops/s) - 1326 (1457952 Gflops/s) - 1324 (1455753 Gflops/s) - 1340 (1473345 Gflops/s) - 1342 (1475544 Gflops/s) - 1318 (1449156 Gflops/s) - 1295 (1423867 Gflops/s) | Temperatures: 61°C - 61°C - 72°C - 73°C - 62°C - 61°C - 72°C - 73°C | Throttling: None - None - None - None - None - None - None - None
1338 (1471146 Gflops/s) - 1327 (1459051 Gflops/s) - 1325 (1456852 Gflops/s) - 1321 (1452454 Gflops/s) - 1339 (1472246 Gflops/s) - 1342 (1475544 Gflops/s) - 1316 (1446957 Gflops/s) - 1296 (1424967 Gflops/s) | Temperatures: 61°C - 61°C - 73°C - 73°C - 62°C - 61°C - 72°C - 73°C | Throttling: None - None - None - None - None - None - None - None
1338 (1471146 Gflops/s) - 1328 (1460151 Gflops/s) - 1327 (1459051 Gflops/s) - 1324 (1455753 Gflops/s) - 1340 (1473345 Gflops/s) - 1343 (1476644 Gflops/s) - 1317 (1448056 Gflops/s) - 1294 (1422768 Gflops/s) | Temperatures: 61°C - 61°C - 73°C - 73°C - 62°C - 61°C - 72°C - 73°C | Throttling: None - None - None - None - None - None - None - None
1339 (1472246 Gflops/s) - 1327 (1459051 Gflops/s) - 1328 (1460151 Gflops/s) - 1326 (1457952 Gflops/s) - 1340 (1473345 Gflops/s) - 1346 (1479942 Gflops/s) - 1317 (1448056 Gflops/s) - 1295 (1423867 Gflops/s) | Temperatures: 61°C - 61°C - 73°C - 73°C - 62°C - 61°C - 72°C - 73°C | Throttling: None - None - None - None - None - None - None - None
1337 (1470047 Gflops/s) - 1327 (1459051 Gflops/s) - 1330 (1462350 Gflops/s) - 1325 (1456852 Gflops/s) - 1341 (1474445 Gflops/s) - 1344 (1477743 Gflops/s) - 1315 (1445857 Gflops/s) - 1295 (1423867 Gflops/s) | Temperatures: 61°C - 61°C - 73°C - 73°C - 62°C - 61°C - 72°C - 73°C | Throttling: None - None - None - None - None - None - None - None
1338 (1471146 Gflops/s) - 1326 (1457952 Gflops/s) - 1327 (1459051 Gflops/s) - 1322 (1453554 Gflops/s) - 1340 (1473345 Gflops/s) - 1346 (1479942 Gflops/s) - 1314 (1444758 Gflops/s) - 1295 (1423867 Gflops/s) | Temperatures: 61°C - 61°C - 73°C - 73°C - 62°C - 61°C - 72°C - 73°C | Throttling: None - None - None - None - None - None - None - None
1338 (1471146 Gflops/s) - 1327 (1459051 Gflops/s) - 1330 (1462350 Gflops/s) - 1324 (1455753 Gflops/s) - 1342 (1475544 Gflops/s) - 1346 (1479942 Gflops/s) - 1318 (1449156 Gflops/s) - 1295 (1423867 Gflops/s) | Temperatures: 61°C - 61°C - 73°C - 72°C - 62°C - 61°C - 72°C - 73°C | Throttling: None - None - None - None - None - None - None - None
1339 (1472246 Gflops/s) - 1326 (1457952 Gflops/s) - 1328 (1460151 Gflops/s) - 1322 (1453554 Gflops/s) - 1340 (1473345 Gflops/s) - 1346 (1479942 Gflops/s) - 1317 (1448056 Gflops/s) - 1296 (1424967 Gflops/s) | Temperatures: 61°C - 61°C - 73°C - 72°C - 62°C - 61°C - 72°C - 73°C | Throttling: None - None - None - None - None - None - None - None
1336 (1468947 Gflops/s) - 1328 (1460151 Gflops/s) - 1329 (1461250 Gflops/s) - 1323 (1454653 Gflops/s) - 1340 (1473345 Gflops/s) - 1341 (1474445 Gflops/s) - 1317 (1448056 Gflops/s) - 1291 (1419469 Gflops/s) | Temperatures: 61°C - 61°C - 73°C - 73°C - 62°C - 61°C - 72°C - 73°C | Throttling: None - None - None - None - None - None - None - None
1339 (1472246 Gflops/s) - 1329 (1461250 Gflops/s) - 1325 (1456852 Gflops/s) - 1323 (1454653 Gflops/s) - 1342 (1475544 Gflops/s) - 1348 (1482141 Gflops/s) - 1314 (1444758 Gflops/s) - 1296 (1424967 Gflops/s) | Temperatures: 61°C - 61°C - 73°C - 73°C - 62°C - 61°C - 72°C - 73°C | Throttling: None - None - None - None - None - None - None - None
1339 (1472246 Gflops/s) - 1327 (1459051 Gflops/s) - 1327 (1459051 Gflops/s) - 1324 (1455753 Gflops/s) - 1342 (1475544 Gflops/s) - 1347 (1481042 Gflops/s) - 1318 (1449156 Gflops/s) - 1294 (1422768 Gflops/s) | Temperatures: 61°C - 61°C - 73°C - 73°C - 62°C - 61°C - 72°C - 73°C | Throttling: None - None - None - None - None - None - None - None
1338 (1471146 Gflops/s) - 1325 (1456852 Gflops/s) - 1327 (1459051 Gflops/s) - 1323 (1454653 Gflops/s) - 1341 (1474445 Gflops/s) - 1346 (1479942 Gflops/s) - 1317 (1448056 Gflops/s) - 1296 (1424967 Gflops/s) | Temperatures: 61°C - 61°C - 73°C - 72°C - 62°C - 61°C - 72°C - 73°C | Throttling: None - None - None - None - None - None - None - None
1338 (1471146 Gflops/s) - 1329 (1461250 Gflops/s) - 1325 (1456852 Gflops/s) - 1324 (1455753 Gflops/s) - 1339 (1472246 Gflops/s) - 1344 (1477743 Gflops/s) - 1315 (1445857 Gflops/s) - 1295 (1423867 Gflops/s) | Temperatures: 61°C - 61°C - 72°C - 73°C - 62°C - 61°C - 72°C - 73°C | Throttling: None - None - None - None - None - None - None - None
1339 (1472246 Gflops/s) - 1328 (1460151 Gflops/s) - 1329 (1461250 Gflops/s) - 1323 (1454653 Gflops/s) - 1340 (1473345 Gflops/s) - 1343 (1476644 Gflops/s) - 1320 (1451355 Gflops/s) - 1295 (1423867 Gflops/s) | Temperatures: 61°C - 61°C - 73°C - 73°C - 62°C - 61°C - 72°C - 73°C | Throttling: None - None - None - None - None - None - None - None
1336 (1468947 Gflops/s) - 1329 (1461250 Gflops/s) - 1327 (1459051 Gflops/s) - 1325 (1456852 Gflops/s) - 1341 (1474445 Gflops/s) - 1346 (1479942 Gflops/s) - 1315 (1445857 Gflops/s) - 1295 (1423867 Gflops/s) | Temperatures: 61°C - 61°C - 73°C - 72°C - 62°C - 61°C - 72°C - 73°C | Throttling: None - None - None - None - None - None - None - None
1338 (1471146 Gflops/s) - 1326 (1457952 Gflops/s) - 1328 (1460151 Gflops/s) - 1323 (1454653 Gflops/s) - 1337 (1470047 Gflops/s) - 1342 (1475544 Gflops/s) - 1317 (1448056 Gflops/s) - 1290 (1418369 Gflops/s) | Temperatures: 61°C - 61°C - 73°C - 73°C - 62°C - 61°C - 72°C - 73°C | Throttling: None - None - None - None - None - None - None - None
1340 (1473345 Gflops/s) - 1327 (1459051 Gflops/s) - 1331 (1463449 Gflops/s) - 1322 (1453554 Gflops/s) - 1341 (1474445 Gflops/s) - 1342 (1475544 Gflops/s) - 1317 (1448056 Gflops/s) - 1296 (1424967 Gflops/s) | Temperatures: 61°C - 61°C - 73°C - 73°C - 62°C - 61°C - 72°C - 73°C | Throttling: None - None - None - None - None - None - None - None
1336 (1468947 Gflops/s) - 1326 (1457952 Gflops/s) - 1329 (1461250 Gflops/s) - 1326 (1457952 Gflops/s) - 1342 (1475544 Gflops/s) - 1342 (1475544 Gflops/s) - 1317 (1448056 Gflops/s) - 1294 (1422768 Gflops/s) | Temperatures: 61°C - 61°C - 73°C - 72°C - 62°C - 61°C - 72°C - 73°C | Throttling: None - None - None - None - None - None - None - None
1336 (1468947 Gflops/s) - 1326 (1457952 Gflops/s) - 1326 (1457952 Gflops/s) - 1322 (1453554 Gflops/s) - 1340 (1473345 Gflops/s) - 1343 (1476644 Gflops/s) - 1315 (1445857 Gflops/s) - 1296 (1424967 Gflops/s) | Temperatures: 61°C - 61°C - 73°C - 73°C - 62°C - 61°C - 72°C - 74°C | Throttling: None - None - None - None - None - None - None - None
1338 (1471146 Gflops/s) - 1326 (1457952 Gflops/s) - 1330 (1462350 Gflops/s) - 1325 (1456852 Gflops/s) - 1343 (1476644 Gflops/s) - 1344 (1477743 Gflops/s) - 1315 (1445857 Gflops/s) - 1294 (1422768 Gflops/s) | Temperatures: 61°C - 61°C - 73°C - 73°C - 62°C - 61°C - 72°C - 73°C | Throttling: None - None - None - None - None - None - None - None
1339 (1472246 Gflops/s) - 1326 (1457952 Gflops/s) - 1327 (1459051 Gflops/s) - 1324 (1455753 Gflops/s) - 1341 (1474445 Gflops/s) - 1349 (1483241 Gflops/s) - 1318 (1449156 Gflops/s) - 1293 (1421668 Gflops/s) | Temperatures: 61°C - 61°C - 73°C - 73°C - 62°C - 61°C - 72°C - 73°C | Throttling: None - None - None - None - None - None - None - None
1338 (1471146 Gflops/s) - 1330 (1462350 Gflops/s) - 1327 (1459051 Gflops/s) - 1324 (1455753 Gflops/s) - 1341 (1474445 Gflops/s) - 1346 (1479942 Gflops/s) - 1317 (1448056 Gflops/s) - 1294 (1422768 Gflops/s) | Temperatures: 61°C - 61°C - 73°C - 73°C - 62°C - 61°C - 72°C - 73°C | Throttling: None - None - None - None - None - None - None - None
1340 (1473345 Gflops/s) - 1328 (1460151 Gflops/s) - 1327 (1459051 Gflops/s) - 1325 (1456852 Gflops/s) - 1341 (1474445 Gflops/s) - 1344 (1477743 Gflops/s) - 1317 (1448056 Gflops/s) - 1298 (1427166 Gflops/s) | Temperatures: 61°C - 61°C - 72°C - 73°C - 62°C - 61°C - 72°C - 73°C | Throttling: None - None - None - None - None - None - None - None
1337 (1470047 Gflops/s) - 1325 (1456852 Gflops/s) - 1326 (1457952 Gflops/s) - 1322 (1453554 Gflops/s) - 1340 (1473345 Gflops/s) - 1346 (1479942 Gflops/s) - 1317 (1448056 Gflops/s) - 1292 (1420569 Gflops/s) | Temperatures: 61°C - 61°C - 73°C - 73°C - 62°C - 61°C - 72°C - 73°C | Throttling: None - None - None - None - None - None - None - None
1337 (1470047 Gflops/s) - 1328 (1460151 Gflops/s) - 1328 (1460151 Gflops/s) - 1324 (1455753 Gflops/s) - 1339 (1472246 Gflops/s) - 1344 (1477743 Gflops/s) - 1316 (1446957 Gflops/s) - 1293 (1421668 Gflops/s) | Temperatures: 61°C - 61°C - 73°C - 73°C - 62°C - 61°C - 72°C - 73°C | Throttling: None - None - None - None - None - None - None - None
1338 (1471146 Gflops/s) - 1326 (1457952 Gflops/s) - 1330 (1462350 Gflops/s) - 1324 (1455753 Gflops/s) - 1343 (1476644 Gflops/s) - 1346 (1479942 Gflops/s) - 1320 (1451355 Gflops/s) - 1296 (1424967 Gflops/s) | Temperatures: 61°C - 61°C - 73°C - 73°C - 62°C - 61°C - 72°C - 73°C | Throttling: None - None - None - None - None - None - None - None
1338 (1471146 Gflops/s) - 1327 (1459051 Gflops/s) - 1326 (1457952 Gflops/s) - 1323 (1454653 Gflops/s) - 1338 (1471146 Gflops/s) - 1347 (1481042 Gflops/s) - 1312 (1442559 Gflops/s) - 1293 (1421668 Gflops/s) | Temperatures: 61°C - 61°C - 73°C - 73°C - 62°C - 61°C - 72°C - 73°C | Throttling: None - None - None - None - None - None - None - None
1338 (1471146 Gflops/s) - 1328 (1460151 Gflops/s) - 1327 (1459051 Gflops/s) - 1325 (1456852 Gflops/s) - 1339 (1472246 Gflops/s) - 1344 (1477743 Gflops/s) - 1315 (1445857 Gflops/s) - 1295 (1423867 Gflops/s) | Temperatures: 61°C - 61°C - 73°C - 73°C - 62°C - 61°C - 72°C - 73°C | Throttling: None - None - None - None - None - None - None - None
1340 (1473345 Gflops/s) - 1328 (1460151 Gflops/s) - 1327 (1459051 Gflops/s) - 1323 (1454653 Gflops/s) - 1340 (1473345 Gflops/s) - 1346 (1479942 Gflops/s) - 1317 (1448056 Gflops/s) - 1291 (1419469 Gflops/s) | Temperatures: 61°C - 61°C - 73°C - 73°C - 62°C - 61°C - 72°C - 73°C | Throttling: None - None - None - None - None - None - None - None
1337 (1470047 Gflops/s) - 1328 (1460151 Gflops/s) - 1327 (1459051 Gflops/s) - 1322 (1453554 Gflops/s) - 1342 (1475544 Gflops/s) - 1349 (1483241 Gflops/s) - 1314 (1444758 Gflops/s) - 1292 (1420569 Gflops/s) | Temperatures: 61°C - 61°C - 72°C - 73°C - 62°C - 61°C - 72°C - 73°C | Throttling: None - None - None - None - None - None - None - None
1341 (1474445 Gflops/s) - 1330 (1462350 Gflops/s) - 1327 (1459051 Gflops/s) - 1324 (1455753 Gflops/s) - 1340 (1473345 Gflops/s) - 1347 (1481042 Gflops/s) - 1319 (1450255 Gflops/s) - 1295 (1423867 Gflops/s) | Temperatures: 61°C - 61°C - 73°C - 73°C - 62°C - 61°C - 72°C - 73°C | Throttling: None - None - None - None - None - None - None - None
1338 (1471146 Gflops/s) - 1328 (1460151 Gflops/s) - 1326 (1457952 Gflops/s) - 1322 (1453554 Gflops/s) - 1339 (1472246 Gflops/s) - 1345 (1478843 Gflops/s) - 1317 (1448056 Gflops/s) - 1294 (1422768 Gflops/s) | Temperatures: 61°C - 61°C - 73°C - 72°C - 62°C - 61°C - 72°C - 73°C | Throttling: None - None - None - None - None - None - None - None
1339 (1472246 Gflops/s) - 1330 (1462350 Gflops/s) - 1328 (1460151 Gflops/s) - 1322 (1453554 Gflops/s) - 1339 (1472246 Gflops/s) - 1347 (1481042 Gflops/s) - 1317 (1448056 Gflops/s) - 1297 (1426066 Gflops/s) | Temperatures: 61°C - 61°C - 73°C - 73°C - 62°C - 61°C - 72°C - 73°C | Throttling: None - None - None - None - None - None - None - None
1337 (1470047 Gflops/s) - 1326 (1457952 Gflops/s) - 1327 (1459051 Gflops/s) - 1323 (1454653 Gflops/s) - 1338 (1471146 Gflops/s) - 1342 (1475544 Gflops/s) - 1316 (1446957 Gflops/s) - 1294 (1422768 Gflops/s) | Temperatures: 61°C - 61°C - 73°C - 73°C - 62°C - 61°C - 72°C - 73°C | Throttling: None - None - None - None - None - None - None - None
1338 (1471146 Gflops/s) - 1327 (1459051 Gflops/s) - 1328 (1460151 Gflops/s) - 1324 (1455753 Gflops/s) - 1342 (1475544 Gflops/s) - 1346 (1479942 Gflops/s) - 1315 (1445857 Gflops/s) - 1298 (1427166 Gflops/s) | Temperatures: 61°C - 61°C - 73°C - 72°C - 62°C - 61°C - 72°C - 73°C | Throttling: None - None - None - None - None - None - None - None
1338 (1471146 Gflops/s) - 1327 (1459051 Gflops/s) - 1327 (1459051 Gflops/s) - 1322 (1453554 Gflops/s) - 1343 (1476644 Gflops/s) - 1342 (1475544 Gflops/s) - 1316 (1446957 Gflops/s) - 1293 (1421668 Gflops/s) | Temperatures: 61°C - 61°C - 73°C - 72°C - 62°C - 61°C - 72°C - 73°C | Throttling: None - None - None - None - None - None - None - None
1338 (1471146 Gflops/s) - 1330 (1462350 Gflops/s) - 1328 (1460151 Gflops/s) - 1325 (1456852 Gflops/s) - 1341 (1474445 Gflops/s) - 1344 (1477743 Gflops/s) - 1319 (1450255 Gflops/s) - 1297 (1426066 Gflops/s) | Temperatures: 61°C - 61°C - 73°C - 73°C - 62°C - 61°C - 72°C - 73°C | Throttling: None - None - None - None - None - None - None - None
1338 (1471146 Gflops/s) - 1329 (1461250 Gflops/s) - 1327 (1459051 Gflops/s) - 1322 (1453554 Gflops/s) - 1341 (1474445 Gflops/s) - 1344 (1477743 Gflops/s) - 1314 (1444758 Gflops/s) - 1294 (1422768 Gflops/s) | Temperatures: 61°C - 61°C - 73°C - 73°C - 62°C - 61°C - 72°C - 73°C | Throttling: None - None - None - None - None - None - None - None
1341 (1474445 Gflops/s) - 1329 (1461250 Gflops/s) - 1328 (1460151 Gflops/s) - 1326 (1457952 Gflops/s) - 1340 (1473345 Gflops/s) - 1348 (1482141 Gflops/s) - 1314 (1444758 Gflops/s) - 1296 (1424967 Gflops/s) | Temperatures: 61°C - 61°C - 73°C - 73°C - 62°C - 61°C - 72°C - 73°C | Throttling: None - None - None - None - None - None - None - None
1336 (1468947 Gflops/s) - 1326 (1457952 Gflops/s) - 1325 (1456852 Gflops/s) - 1323 (1454653 Gflops/s) - 1337 (1470047 Gflops/s) - 1345 (1478843 Gflops/s) - 1314 (1444758 Gflops/s) - 1297 (1426066 Gflops/s) | Temperatures: 61°C - 61°C - 73°C - 72°C - 62°C - 61°C - 72°C - 73°C | Throttling: None - None - None - None - None - None - None - None
1339 (1472246 Gflops/s) - 1328 (1460151 Gflops/s) - 1328 (1460151 Gflops/s) - 1324 (1455753 Gflops/s) - 1341 (1474445 Gflops/s) - 1345 (1478843 Gflops/s) - 1316 (1446957 Gflops/s) - 1295 (1423867 Gflops/s) | Temperatures: 61°C - 61°C - 73°C - 73°C - 62°C - 61°C - 72°C - 73°C | Throttling: None - None - None - None - None - None - None - None
1334 (1466748 Gflops/s) - 1327 (1459051 Gflops/s) - 1325 (1456852 Gflops/s) - 1323 (1454653 Gflops/s) - 1341 (1474445 Gflops/s) - 1344 (1477743 Gflops/s) - 1314 (1444758 Gflops/s) - 1291 (1419469 Gflops/s) | Temperatures: 61°C - 61°C - 73°C - 73°C - 62°C - 61°C - 72°C - 73°C | Throttling: None - None - None - None - None - None - None - None
1339 (1472246 Gflops/s) - 1327 (1459051 Gflops/s) - 1330 (1462350 Gflops/s) - 1324 (1455753 Gflops/s) - 1340 (1473345 Gflops/s) - 1346 (1479942 Gflops/s) - 1317 (1448056 Gflops/s) - 1294 (1422768 Gflops/s) | Temperatures: 61°C - 61°C - 73°C - 73°C - 62°C - 61°C - 72°C - 73°C | Throttling: None - None - None - None - None - None - None - None
1338 (1471146 Gflops/s) - 1328 (1460151 Gflops/s) - 1326 (1457952 Gflops/s) - 1324 (1455753 Gflops/s) - 1342 (1475544 Gflops/s) - 1345 (1478843 Gflops/s) - 1316 (1446957 Gflops/s) - 1295 (1423867 Gflops/s) | Temperatures: 61°C - 61°C - 73°C - 73°C - 62°C - 61°C - 72°C - 73°C | Throttling: None - None - None - None - None - None - None - None
1337 (1470047 Gflops/s) - 1327 (1459051 Gflops/s) - 1328 (1460151 Gflops/s) - 1322 (1453554 Gflops/s) - 1339 (1472246 Gflops/s) - 1344 (1477743 Gflops/s) - 1313 (1443658 Gflops/s) - 1294 (1422768 Gflops/s) | Temperatures: 61°C - 61°C - 73°C - 73°C - 62°C - 61°C - 72°C - 73°C | Throttling: None - None - None - None - None - None - None - None
1338 (1471146 Gflops/s) - 1325 (1456852 Gflops/s) - 1329 (1461250 Gflops/s) - 1324 (1455753 Gflops/s) - 1342 (1475544 Gflops/s) - 1349 (1483241 Gflops/s) - 1319 (1450255 Gflops/s) - 1296 (1424967 Gflops/s) | Temperatures: 61°C - 61°C - 73°C - 73°C - 62°C - 61°C - 72°C - 73°C | Throttling: None - None - None - None - None - None - None - None
1338 (1471146 Gflops/s) - 1329 (1461250 Gflops/s) - 1332 (1464549 Gflops/s) - 1328 (1460151 Gflops/s) - 1342 (1475544 Gflops/s) - 1346 (1479942 Gflops/s) - 1318 (1449156 Gflops/s) - 1296 (1424967 Gflops/s) | Temperatures: 61°C - 61°C - 73°C - 73°C - 62°C - 61°C - 72°C - 73°C | Throttling: None - None - None - None - None - None - None - None
1337 (1470047 Gflops/s) - 1328 (1460151 Gflops/s) - 1327 (1459051 Gflops/s) - 1323 (1454653 Gflops/s) - 1337 (1470047 Gflops/s) - 1345 (1478843 Gflops/s) - 1316 (1446957 Gflops/s) - 1295 (1423867 Gflops/s) | Temperatures: 61°C - 61°C - 73°C - 73°C - 62°C - 61°C - 72°C - 73°C | Throttling: None - None - None - None - None - None - None - None
1337 (1470047 Gflops/s) - 1328 (1460151 Gflops/s) - 1325 (1456852 Gflops/s) - 1322 (1453554 Gflops/s) - 1340 (1473345 Gflops/s) - 1347 (1481042 Gflops/s) - 1312 (1442559 Gflops/s) - 1288 (1416170 Gflops/s) | Temperatures: 61°C - 61°C - 72°C - 73°C - 62°C - 61°C - 72°C - 73°C | Throttling: None - None - None - None - None - None - None - None
1340 (1473345 Gflops/s) - 1326 (1457952 Gflops/s) - 1328 (1460151 Gflops/s) - 1323 (1454653 Gflops/s) - 1338 (1471146 Gflops/s) - 1344 (1477743 Gflops/s) - 1316 (1446957 Gflops/s) - 1296 (1424967 Gflops/s) | Temperatures: 61°C - 61°C - 73°C - 73°C - 61°C - 61°C - 72°C - 73°C | Throttling: None - None - None - None - None - None - None - None
1338 (1471146 Gflops/s) - 1328 (1460151 Gflops/s) - 1329 (1461250 Gflops/s) - 1326 (1457952 Gflops/s) - 1341 (1474445 Gflops/s) - 1348 (1482141 Gflops/s) - 1317 (1448056 Gflops/s) - 1295 (1423867 Gflops/s) | Temperatures: 61°C - 61°C - 73°C - 73°C - 62°C - 61°C - 72°C - 73°C | Throttling: None - None - None - None - None - None - None - None
1338 (1471146 Gflops/s) - 1328 (1460151 Gflops/s) - 1328 (1460151 Gflops/s) - 1321 (1452454 Gflops/s) - 1341 (1474445 Gflops/s) - 1349 (1483241 Gflops/s) - 1318 (1449156 Gflops/s) - 1295 (1423867 Gflops/s) | Temperatures: 61°C - 61°C - 73°C - 72°C - 62°C - 61°C - 72°C - 73°C | Throttling: None - None - None - None - None - None - None - None
1337 (1470047 Gflops/s) - 1326 (1457952 Gflops/s) - 1327 (1459051 Gflops/s) - 1322 (1453554 Gflops/s) - 1339 (1472246 Gflops/s) - 1345 (1478843 Gflops/s) - 1314 (1444758 Gflops/s) - 1290 (1418369 Gflops/s) | Temperatures: 61°C - 61°C - 73°C - 73°C - 62°C - 61°C - 72°C - 73°C | Throttling: None - None - None - None - None - None - None - None
1339 (1472246 Gflops/s) - 1331 (1463449 Gflops/s) - 1327 (1459051 Gflops/s) - 1325 (1456852 Gflops/s) - 1340 (1473345 Gflops/s) - 1348 (1482141 Gflops/s) - 1315 (1445857 Gflops/s) - 1296 (1424967 Gflops/s) | Temperatures: 61°C - 61°C - 73°C - 73°C - 62°C - 61°C - 72°C - 73°C | Throttling: None - None - None - None - None - None - None - None
1340 (1473345 Gflops/s) - 1329 (1461250 Gflops/s) - 1330 (1462350 Gflops/s) - 1326 (1457952 Gflops/s) - 1344 (1477743 Gflops/s) - 1348 (1482141 Gflops/s) - 1317 (1448056 Gflops/s) - 1296 (1424967 Gflops/s) | Temperatures: 61°C - 61°C - 73°C - 73°C - 62°C - 61°C - 72°C - 73°C | Throttling: None - None - None - None - None - None - None - None
1335 (1467848 Gflops/s) - 1324 (1455753 Gflops/s) - 1324 (1455753 Gflops/s) - 1318 (1449156 Gflops/s) - 1337 (1470047 Gflops/s) - 1343 (1476644 Gflops/s) - 1316 (1446957 Gflops/s) - 1292 (1420569 Gflops/s) | Temperatures: 61°C - 61°C - 73°C - 73°C - 62°C - 61°C - 72°C - 73°C | Throttling: None - None - None - None - None - None - None - None
1339 (1472246 Gflops/s) - 1326 (1457952 Gflops/s) - 1327 (1459051 Gflops/s) - 1325 (1456852 Gflops/s) - 1342 (1475544 Gflops/s) - 1344 (1477743 Gflops/s) - 1317 (1448056 Gflops/s) - 1297 (1426066 Gflops/s) | Temperatures: 61°C - 61°C - 73°C - 73°C - 62°C - 61°C - 72°C - 74°C | Throttling: None - None - None - None - None - None - None - None
1339 (1472246 Gflops/s) - 1329 (1461250 Gflops/s) - 1329 (1461250 Gflops/s) - 1323 (1454653 Gflops/s) - 1341 (1474445 Gflops/s) - 1348 (1482141 Gflops/s) - 1320 (1451355 Gflops/s) - 1295 (1423867 Gflops/s) | Temperatures: 61°C - 61°C - 73°C - 73°C - 62°C - 61°C - 72°C - 73°C | Throttling: None - None - None - None - None - None - None - None
1338 (1471146 Gflops/s) - 1330 (1462350 Gflops/s) - 1327 (1459051 Gflops/s) - 1325 (1456852 Gflops/s) - 1342 (1475544 Gflops/s) - 1345 (1478843 Gflops/s) - 1316 (1446957 Gflops/s) - 1294 (1422768 Gflops/s) | Temperatures: 61°C - 61°C - 73°C - 72°C - 62°C - 61°C - 72°C - 73°C | Throttling: None - None - None - None - None - None - None - None
1336 (1468947 Gflops/s) - 1327 (1459051 Gflops/s) - 1326 (1457952 Gflops/s) - 1323 (1454653 Gflops/s) - 1337 (1470047 Gflops/s) - 1343 (1476644 Gflops/s) - 1314 (1444758 Gflops/s) - 1293 (1421668 Gflops/s) | Temperatures: 61°C - 61°C - 73°C - 72°C - 62°C - 61°C - 72°C - 73°C | Throttling: None - None - None - None - None - None - None - None
1338 (1471146 Gflops/s) - 1328 (1460151 Gflops/s) - 1327 (1459051 Gflops/s) - 1321 (1452454 Gflops/s) - 1342 (1475544 Gflops/s) - 1346 (1479942 Gflops/s) - 1317 (1448056 Gflops/s) - 1294 (1422768 Gflops/s) | Temperatures: 61°C - 61°C - 73°C - 72°C - 62°C - 61°C - 72°C - 73°C | Throttling: None - None - None - None - None - None - None - None
1339 (1472246 Gflops/s) - 1329 (1461250 Gflops/s) - 1327 (1459051 Gflops/s) - 1325 (1456852 Gflops/s) - 1338 (1471146 Gflops/s) - 1346 (1479942 Gflops/s) - 1318 (1449156 Gflops/s) - 1294 (1422768 Gflops/s) | Temperatures: 61°C - 61°C - 73°C - 73°C - 62°C - 61°C - 72°C - 73°C | Throttling: None - None - None - None - None - None - None - None
1339 (1472246 Gflops/s) - 1328 (1460151 Gflops/s) - 1328 (1460151 Gflops/s) - 1325 (1456852 Gflops/s) - 1342 (1475544 Gflops/s) - 1347 (1481042 Gflops/s) - 1316 (1446957 Gflops/s) - 1297 (1426066 Gflops/s) | Temperatures: 61°C - 61°C - 73°C - 73°C - 62°C - 61°C - 72°C - 73°C | Throttling: None - None - None - None - None - None - None - None
1336 (1468947 Gflops/s) - 1327 (1459051 Gflops/s) - 1328 (1460151 Gflops/s) - 1324 (1455753 Gflops/s) - 1341 (1474445 Gflops/s) - 1345 (1478843 Gflops/s) - 1316 (1446957 Gflops/s) - 1293 (1421668 Gflops/s) | Temperatures: 61°C - 61°C - 73°C - 73°C - 62°C - 61°C - 72°C - 73°C | Throttling: None - None - None - None - None - None - None - None
1338 (1471146 Gflops/s) - 1328 (1460151 Gflops/s) - 1325 (1456852 Gflops/s) - 1325 (1456852 Gflops/s) - 1340 (1473345 Gflops/s) - 1346 (1479942 Gflops/s) - 1317 (1448056 Gflops/s) - 1295 (1423867 Gflops/s) | Temperatures: 61°C - 61°C - 72°C - 73°C - 61°C - 61°C - 72°C - 73°C | Throttling: None - None - None - None - None - None - None - None
1339 (1472246 Gflops/s) - 1328 (1460151 Gflops/s) - 1329 (1461250 Gflops/s) - 1321 (1452454 Gflops/s) - 1341 (1474445 Gflops/s) - 1343 (1476644 Gflops/s) - 1312 (1442559 Gflops/s) - 1295 (1423867 Gflops/s) | Temperatures: 61°C - 61°C - 73°C - 72°C - 62°C - 61°C - 72°C - 73°C | Throttling: None - None - None - None - None - None - None - None
1338 (1471146 Gflops/s) - 1327 (1459051 Gflops/s) - 1327 (1459051 Gflops/s) - 1324 (1455753 Gflops/s) - 1342 (1475544 Gflops/s) - 1347 (1481042 Gflops/s) - 1313 (1443658 Gflops/s) - 1297 (1426066 Gflops/s) | Temperatures: 61°C - 61°C - 73°C - 73°C - 62°C - 61°C - 72°C - 73°C | Throttling: None - None - None - None - None - None - None - None
1339 (1472246 Gflops/s) - 1326 (1457952 Gflops/s) - 1325 (1456852 Gflops/s) - 1324 (1455753 Gflops/s) - 1342 (1475544 Gflops/s) - 1343 (1476644 Gflops/s) - 1314 (1444758 Gflops/s) - 1293 (1421668 Gflops/s) | Temperatures: 61°C - 61°C - 73°C - 73°C - 62°C - 61°C - 72°C - 73°C | Throttling: None - None - None - None - None - None - None - None
1338 (1471146 Gflops/s) - 1327 (1459051 Gflops/s) - 1328 (1460151 Gflops/s) - 1323 (1454653 Gflops/s) - 1340 (1473345 Gflops/s) - 1348 (1482141 Gflops/s) - 1314 (1444758 Gflops/s) - 1294 (1422768 Gflops/s) | Temperatures: 61°C - 61°C - 73°C - 73°C - 62°C - 61°C - 72°C - 73°C | Throttling: None - None - None - None - None - None - None - None
1336 (1468947 Gflops/s) - 1329 (1461250 Gflops/s) - 1326 (1457952 Gflops/s) - 1325 (1456852 Gflops/s) - 1338 (1471146 Gflops/s) - 1343 (1476644 Gflops/s) - 1317 (1448056 Gflops/s) - 1293 (1421668 Gflops/s) | Temperatures: 61°C - 61°C - 73°C - 73°C - 62°C - 61°C - 72°C - 73°C | Throttling: None - None - None - None - None - None - None - None
1339 (1472246 Gflops/s) - 1329 (1461250 Gflops/s) - 1329 (1461250 Gflops/s) - 1325 (1456852 Gflops/s) - 1341 (1474445 Gflops/s) - 1346 (1479942 Gflops/s) - 1317 (1448056 Gflops/s) - 1290 (1418369 Gflops/s) | Temperatures: 61°C - 61°C - 73°C - 73°C - 62°C - 61°C - 72°C - 73°C | Throttling: None - None - None - None - None - None - None - None
1335 (1467848 Gflops/s) - 1326 (1457952 Gflops/s) - 1325 (1456852 Gflops/s) - 1323 (1454653 Gflops/s) - 1340 (1473345 Gflops/s) - 1345 (1478843 Gflops/s) - 1316 (1446957 Gflops/s) - 1294 (1422768 Gflops/s) | Temperatures: 61°C - 61°C - 73°C - 73°C - 62°C - 61°C - 72°C - 73°C | Throttling: None - None - None - None - None - None - None - None
1339 (1472246 Gflops/s) - 1328 (1460151 Gflops/s) - 1328 (1460151 Gflops/s) - 1324 (1455753 Gflops/s) - 1341 (1474445 Gflops/s) - 1346 (1479942 Gflops/s) - 1315 (1445857 Gflops/s) - 1295 (1423867 Gflops/s) | Temperatures: 61°C - 61°C - 73°C - 72°C - 62°C - 61°C - 72°C - 73°C | Throttling: None - None - None - None - None - None - None - None
1339 (1472246 Gflops/s) - 1327 (1459051 Gflops/s) - 1328 (1460151 Gflops/s) - 1324 (1455753 Gflops/s) - 1340 (1473345 Gflops/s) - 1346 (1479942 Gflops/s) - 1316 (1446957 Gflops/s) - 1292 (1420569 Gflops/s) | Temperatures: 61°C - 61°C - 73°C - 73°C - 62°C - 61°C - 72°C - 73°C | Throttling: None - None - None - None - None - None - None - None
1340 (1473345 Gflops/s) - 1329 (1461250 Gflops/s) - 1326 (1457952 Gflops/s) - 1323 (1454653 Gflops/s) - 1341 (1474445 Gflops/s) - 1342 (1475544 Gflops/s) - 1314 (1444758 Gflops/s) - 1295 (1423867 Gflops/s) | Temperatures: 61°C - 61°C - 73°C - 72°C - 61°C - 61°C - 72°C - 73°C | Throttling: None - None - None - None - None - None - None - None
1338 (1471146 Gflops/s) - 1326 (1457952 Gflops/s) - 1329 (1461250 Gflops/s) - 1321 (1452454 Gflops/s) - 1339 (1472246 Gflops/s) - 1345 (1478843 Gflops/s) - 1313 (1443658 Gflops/s) - 1293 (1421668 Gflops/s) | Temperatures: 61°C - 61°C - 73°C - 73°C - 62°C - 61°C - 72°C - 73°C | Throttling: None - None - None - None - None - None - None - None
1339 (1472246 Gflops/s) - 1330 (1462350 Gflops/s) - 1329 (1461250 Gflops/s) - 1322 (1453554 Gflops/s) - 1340 (1473345 Gflops/s) - 1347 (1481042 Gflops/s) - 1315 (1445857 Gflops/s) - 1297 (1426066 Gflops/s) | Temperatures: 61°C - 61°C - 73°C - 73°C - 62°C - 61°C - 72°C - 73°C | Throttling: None - None - None - None - None - None - None - None
1339 (1472246 Gflops/s) - 1327 (1459051 Gflops/s) - 1328 (1460151 Gflops/s) - 1324 (1455753 Gflops/s) - 1341 (1474445 Gflops/s) - 1345 (1478843 Gflops/s) - 1317 (1448056 Gflops/s) - 1295 (1423867 Gflops/s) | Temperatures: 61°C - 61°C - 73°C - 72°C - 62°C - 61°C - 72°C - 73°C | Throttling: None - None - None - None - None - None - None - None
1339 (1472246 Gflops/s) - 1327 (1459051 Gflops/s) - 1323 (1454653 Gflops/s) - 1324 (1455753 Gflops/s) - 1341 (1474445 Gflops/s) - 1347 (1481042 Gflops/s) - 1317 (1448056 Gflops/s) - 1296 (1424967 Gflops/s) | Temperatures: 61°C - 61°C - 73°C - 73°C - 62°C - 61°C - 72°C - 73°C | Throttling: None - None - None - None - None - None - None - None
1336 (1468947 Gflops/s) - 1327 (1459051 Gflops/s) - 1327 (1459051 Gflops/s) - 1320 (1451355 Gflops/s) - 1338 (1471146 Gflops/s) - 1341 (1474445 Gflops/s) - 1314 (1444758 Gflops/s) - 1294 (1422768 Gflops/s) | Temperatures: 61°C - 61°C - 73°C - 72°C - 62°C - 61°C - 72°C - 73°C | Throttling: None - None - None - None - None - None - None - None
1339 (1472246 Gflops/s) - 1327 (1459051 Gflops/s) - 1329 (1461250 Gflops/s) - 1324 (1455753 Gflops/s) - 1340 (1473345 Gflops/s) - 1346 (1479942 Gflops/s) - 1315 (1445857 Gflops/s) - 1295 (1423867 Gflops/s) | Temperatures: 61°C - 61°C - 72°C - 72°C - 62°C - 61°C - 72°C - 73°C | Throttling: None - None - None - None - None - None - None - None
1340 (1473345 Gflops/s) - 1328 (1460151 Gflops/s) - 1327 (1459051 Gflops/s) - 1322 (1453554 Gflops/s) - 1341 (1474445 Gflops/s) - 1349 (1483241 Gflops/s) - 1317 (1448056 Gflops/s) - 1294 (1422768 Gflops/s) | Temperatures: 61°C - 61°C - 73°C - 73°C - 62°C - 61°C - 72°C - 73°C | Throttling: None - None - None - None - None - None - None - None
1336 (1468947 Gflops/s) - 1329 (1461250 Gflops/s) - 1326 (1457952 Gflops/s) - 1325 (1456852 Gflops/s) - 1339 (1472246 Gflops/s) - 1341 (1474445 Gflops/s) - 1315 (1445857 Gflops/s) - 1293 (1421668 Gflops/s) | Temperatures: 61°C - 61°C - 73°C - 73°C - 62°C - 61°C - 72°C - 73°C | Throttling: None - None - None - None - None - None - None - None
1337 (1470047 Gflops/s) - 1327 (1459051 Gflops/s) - 1328 (1460151 Gflops/s) - 1324 (1455753 Gflops/s) - 1338 (1471146 Gflops/s) - 1342 (1475544 Gflops/s) - 1316 (1446957 Gflops/s) - 1296 (1424967 Gflops/s) | Temperatures: 61°C - 61°C - 73°C - 73°C - 62°C - 61°C - 72°C - 73°C | Throttling: None - None - None - None - None - None - None - None
1339 (1472246 Gflops/s) - 1329 (1461250 Gflops/s) - 1326 (1457952 Gflops/s) - 1324 (1455753 Gflops/s) - 1340 (1473345 Gflops/s) - 1343 (1476644 Gflops/s) - 1316 (1446957 Gflops/s) - 1294 (1422768 Gflops/s) | Temperatures: 61°C - 61°C - 73°C - 72°C - 62°C - 61°C - 72°C - 73°C | Throttling: None - None - None - None - None - None - None - None
1339 (1472246 Gflops/s) - 1327 (1459051 Gflops/s) - 1328 (1460151 Gflops/s) - 1326 (1457952 Gflops/s) - 1339 (1472246 Gflops/s) - 1344 (1477743 Gflops/s) - 1315 (1445857 Gflops/s) - 1292 (1420569 Gflops/s) | Temperatures: 61°C - 61°C - 73°C - 73°C - 62°C - 61°C - 72°C - 73°C | Throttling: None - None - None - None - None - None - None - None
1338 (1471146 Gflops/s) - 1328 (1460151 Gflops/s) - 1328 (1460151 Gflops/s) - 1323 (1454653 Gflops/s) - 1342 (1475544 Gflops/s) - 1347 (1481042 Gflops/s) - 1319 (1450255 Gflops/s) - 1296 (1424967 Gflops/s) | Temperatures: 61°C - 61°C - 73°C - 72°C - 62°C - 61°C - 72°C - 73°C | Throttling: None - None - None - None - None - None - None - None
1337 (1470047 Gflops/s) - 1326 (1457952 Gflops/s) - 1325 (1456852 Gflops/s) - 1322 (1453554 Gflops/s) - 1340 (1473345 Gflops/s) - 1343 (1476644 Gflops/s) - 1317 (1448056 Gflops/s) - 1293 (1421668 Gflops/s) | Temperatures: 61°C - 61°C - 73°C - 73°C - 62°C - 61°C - 72°C - 73°C | Throttling: None - None - None - None - None - None - None - None
1337 (1470047 Gflops/s) - 1327 (1459051 Gflops/s) - 1325 (1456852 Gflops/s) - 1327 (1459051 Gflops/s) - 1341 (1474445 Gflops/s) - 1347 (1481042 Gflops/s) - 1318 (1449156 Gflops/s) - 1295 (1423867 Gflops/s) | Temperatures: 61°C - 61°C - 73°C - 73°C - 62°C - 61°C - 72°C - 73°C | Throttling: None - None - None - None - None - None - None - None
1338 (1471146 Gflops/s) - 1327 (1459051 Gflops/s) - 1327 (1459051 Gflops/s) - 1323 (1454653 Gflops/s) - 1341 (1474445 Gflops/s) - 1351 (1485440 Gflops/s) - 1317 (1448056 Gflops/s) - 1297 (1426066 Gflops/s) | Temperatures: 61°C - 61°C - 73°C - 73°C - 62°C - 61°C - 72°C - 73°C | Throttling: None - None - None - None - None - None - None - None
1337 (1470047 Gflops/s) - 1326 (1457952 Gflops/s) - 1326 (1457952 Gflops/s) - 1324 (1455753 Gflops/s) - 1339 (1472246 Gflops/s) - 1343 (1476644 Gflops/s) - 1315 (1445857 Gflops/s) - 1293 (1421668 Gflops/s) | Temperatures: 61°C - 61°C - 73°C - 72°C - 62°C - 61°C - 72°C - 73°C | Throttling: None - None - None - None - None - None - None - None
1337 (1470047 Gflops/s) - 1328 (1460151 Gflops/s) - 1327 (1459051 Gflops/s) - 1324 (1455753 Gflops/s) - 1340 (1473345 Gflops/s) - 1347 (1481042 Gflops/s) - 1315 (1445857 Gflops/s) - 1297 (1426066 Gflops/s) | Temperatures: 61°C - 61°C - 73°C - 73°C - 62°C - 61°C - 72°C - 73°C | Throttling: None - None - None - None - None - None - None - None
1337 (1470047 Gflops/s) - 1329 (1461250 Gflops/s) - 1327 (1459051 Gflops/s) - 1323 (1454653 Gflops/s) - 1343 (1476644 Gflops/s) - 1344 (1477743 Gflops/s) - 1317 (1448056 Gflops/s) - 1295 (1423867 Gflops/s) | Temperatures: 61°C - 61°C - 73°C - 73°C - 62°C - 61°C - 72°C - 73°C | Throttling: None - None - None - None - None - None - None - None
1339 (1472246 Gflops/s) - 1324 (1455753 Gflops/s) - 1323 (1454653 Gflops/s) - 1322 (1453554 Gflops/s) - 1338 (1471146 Gflops/s) - 1342 (1475544 Gflops/s) - 1315 (1445857 Gflops/s) - 1292 (1420569 Gflops/s) | Temperatures: 61°C - 61°C - 73°C - 72°C - 62°C - 61°C - 72°C - 73°C | Throttling: None - None - None - None - None - None - None - None
1338 (1471146 Gflops/s) - 1330 (1462350 Gflops/s) - 1329 (1461250 Gflops/s) - 1326 (1457952 Gflops/s) - 1343 (1476644 Gflops/s) - 1346 (1479942 Gflops/s) - 1318 (1449156 Gflops/s) - 1296 (1424967 Gflops/s) | Temperatures: 61°C - 61°C - 73°C - 73°C - 62°C - 61°C - 72°C - 73°C | Throttling: None - None - None - None - None - None - None - None
1337 (1470047 Gflops/s) - 1327 (1459051 Gflops/s) - 1325 (1456852 Gflops/s) - 1323 (1454653 Gflops/s) - 1339 (1472246 Gflops/s) - 1343 (1476644 Gflops/s) - 1318 (1449156 Gflops/s) - 1295 (1423867 Gflops/s) | Temperatures: 61°C - 61°C - 73°C - 73°C - 62°C - 61°C - 72°C - 73°C | Throttling: None - None - None - None - None - None - None - None
1339 (1472246 Gflops/s) - 1328 (1460151 Gflops/s) - 1325 (1456852 Gflops/s) - 1320 (1451355 Gflops/s) - 1340 (1473345 Gflops/s) - 1345 (1478843 Gflops/s) - 1317 (1448056 Gflops/s) - 1294 (1422768 Gflops/s) | Temperatures: 61°C - 61°C - 72°C - 73°C - 62°C - 61°C - 72°C - 73°C | Throttling: None - None - None - None - None - None - None - None
1337 (1470047 Gflops/s) - 1326 (1457952 Gflops/s) - 1322 (1453554 Gflops/s) - 1323 (1454653 Gflops/s) - 1338 (1471146 Gflops/s) - 1344 (1477743 Gflops/s) - 1317 (1448056 Gflops/s) - 1291 (1419469 Gflops/s) | Temperatures: 61°C - 61°C - 73°C - 72°C - 62°C - 61°C - 72°C - 73°C | Throttling: None - None - None - None - None - None - None - None
1339 (1472246 Gflops/s) - 1327 (1459051 Gflops/s) - 1330 (1462350 Gflops/s) - 1322 (1453554 Gflops/s) - 1342 (1475544 Gflops/s) - 1344 (1477743 Gflops/s) - 1318 (1449156 Gflops/s) - 1295 (1423867 Gflops/s) | Temperatures: 61°C - 61°C - 73°C - 73°C - 62°C - 61°C - 72°C - 73°C | Throttling: None - None - None - None - None - None - None - None
1338 (1471146 Gflops/s) - 1329 (1461250 Gflops/s) - 1327 (1459051 Gflops/s) - 1322 (1453554 Gflops/s) - 1339 (1472246 Gflops/s) - 1349 (1483241 Gflops/s) - 1317 (1448056 Gflops/s) - 1294 (1422768 Gflops/s) | Temperatures: 61°C - 61°C - 73°C - 73°C - 62°C - 61°C - 72°C - 73°C | Throttling: None - None - None - None - None - None - None - None
572 (628920 Gflops/s) - 1291 (1419469 Gflops/s) - 1051 (1155586 Gflops/s) - 364 (400222 Gflops/s) - 619 (680597 Gflops/s) - 446 (490382 Gflops/s) - 1316 (1446957 Gflops/s) - 1293 (1421668 Gflops/s) | Temperatures: 61°C - 61°C - 73°C - 72°C - 62°C - 61°C - 72°C - 73°C | Throttling: None - None - None - None - None - None - None - None
GPU #0: 1468584 Gflops/s (min: 628920.65, max: 1477743.63, dev: 1468583.53)
         Temperature: 60.78°C (min: 56.00, max: 61.00)
         Throttling HW: false, Thermal SW: false, Thermal HW: false
GPU #1: 1460144 Gflops/s (min: 1419469.51, max: 1473345.58, dev: 1460143.94)
         Temperature: 60.88°C (min: 57.00, max: 62.00)
         Throttling HW: false, Thermal SW: false, Thermal HW: false
GPU #2: 1459427 Gflops/s (min: 1155586.72, max: 1477743.63, dev: 1459427.19)
         Temperature: 72.53°C (min: 67.00, max: 73.00)
         Throttling HW: false, Thermal SW: false, Thermal HW: false
GPU #3: 1452556 Gflops/s (min: 400222.23, max: 1474445.09, dev: 1452556.18)
         Temperature: 72.38°C (min: 66.00, max: 73.00)
         Throttling HW: false, Thermal SW: false, Thermal HW: false
GPU #4: 1471923 Gflops/s (min: 680597.70, max: 1486539.72, dev: 1471923.35)
         Temperature: 61.75°C (min: 57.00, max: 62.00)
         Throttling HW: false, Thermal SW: false, Thermal HW: false
GPU #5: 1476408 Gflops/s (min: 490382.19, max: 1497534.84, dev: 1476407.70)
         Temperature: 60.83°C (min: 56.00, max: 62.00)
         Throttling HW: false, Thermal SW: false, Thermal HW: false
GPU #6: 1448447 Gflops/s (min: 1442559.26, max: 1466748.51, dev: 1448447.08)
         Temperature: 71.66°C (min: 66.00, max: 72.00)
         Throttling HW: false, Thermal SW: false, Thermal HW: false
GPU #7: 1424475 Gflops/s (min: 1416170.98, max: 1438161.21, dev: 1424475.48)
         Temperature: 72.71°C (min: 67.00, max: 74.00)
         Throttling HW: false, Thermal SW: false, Thermal HW: false
All GPUs seem healthy
Freeing GPUs...
======== Run with fp8 ==========
Detected GPU #0: "NVIDIA B200" (2d47fcdd-5ef8-3e65-1a1e-6e4c15fc4b3e)
Detected GPU #1: "NVIDIA B200" (da18bd1f-503a-9487-8225-8ac6e971eb1f)
Detected GPU #2: "NVIDIA B200" (57dfd585-f61d-35df-d790-532b3dbaa636)
Detected GPU #3: "NVIDIA B200" (60c35a93-f6e6-a0a9-1ebe-e5399df8c934)
Detected GPU #4: "NVIDIA B200" (251fc339-0eb7-5c3d-4d12-af532c7098d4)
Detected GPU #5: "NVIDIA B200" (ee817063-a4a6-685b-6343-ff025e23d2a0)
Detected GPU #6: "NVIDIA B200" (a14b1152-7e95-20fb-1cc7-a1d00b115f83)
Detected GPU #7: "NVIDIA B200" (0d35de3d-b2a4-3a15-dec8-cd2dce177efd)
Using precision(s):   FP8
Creating random matrices
Matrices created
GPU #0: Using 163814 MB
GPU #1: Using 163814 MB
GPU #2: Using 163814 MB
GPU #3: Using 163814 MB
GPU #4: Using 163814 MB
GPU #5: Using 163814 MB
GPU #6: Using 163814 MB
GPU #7: Using 163814 MB
3153 (3466760 Gflops/s) - 3109 (3418381 Gflops/s) - 3194 (3511840 Gflops/s) - 3184 (3500845 Gflops/s) - 3206 (3525034 Gflops/s) - 3189 (3506342 Gflops/s) - 3194 (3511840 Gflops/s) - 3047 (3350211 Gflops/s) | Temperatures: 52°C - 53°C - 64°C - 63°C - 53°C - 53°C - 63°C - 64°C | Throttling: None - None - None - None - None - None - None - None
3720 (4090183 Gflops/s) - 3703 (4071491 Gflops/s) - 3688 (4054998 Gflops/s) - 3642 (4004421 Gflops/s) - 3727 (4097879 Gflops/s) - 3733 (4104476 Gflops/s) - 3635 (3996724 Gflops/s) - 3630 (3991227 Gflops/s) | Temperatures: 54°C - 55°C - 66°C - 65°C - 55°C - 54°C - 65°C - 66°C | Throttling: None - None - None - None - None - None - None - None
3713 (4082486 Gflops/s) - 3693 (4060496 Gflops/s) - 3668 (4033008 Gflops/s) - 3625 (3985729 Gflops/s) - 3710 (4079188 Gflops/s) - 3722 (4092382 Gflops/s) - 3626 (3986829 Gflops/s) - 3613 (3972535 Gflops/s) | Temperatures: 55°C - 55°C - 66°C - 66°C - 56°C - 55°C - 65°C - 67°C | Throttling: None - None - None - None - None - None - None - None
3725 (4095680 Gflops/s) - 3696 (4063794 Gflops/s) - 3660 (4024212 Gflops/s) - 3626 (3986829 Gflops/s) - 3715 (4084685 Gflops/s) - 3724 (4094581 Gflops/s) - 3623 (3983530 Gflops/s) - 3618 (3978033 Gflops/s) | Temperatures: 55°C - 56°C - 67°C - 66°C - 56°C - 56°C - 66°C - 67°C | Throttling: None - None - None - None - None - None - None - None
3719 (4089083 Gflops/s) - 3697 (4064894 Gflops/s) - 3658 (4022013 Gflops/s) - 3619 (3979132 Gflops/s) - 3713 (4082486 Gflops/s) - 3725 (4095680 Gflops/s) - 3623 (3983530 Gflops/s) - 3618 (3978033 Gflops/s) | Temperatures: 55°C - 56°C - 67°C - 66°C - 56°C - 56°C - 66°C - 67°C | Throttling: None - None - None - None - None - None - None - None
3701 (4069292 Gflops/s) - 3689 (4056098 Gflops/s) - 3658 (4022013 Gflops/s) - 3611 (3970336 Gflops/s) - 3707 (4075889 Gflops/s) - 3722 (4092382 Gflops/s) - 3639 (4001122 Gflops/s) - 3617 (3976933 Gflops/s) | Temperatures: 56°C - 56°C - 67°C - 67°C - 57°C - 56°C - 66°C - 68°C | Throttling: None - None - None - None - None - None - None - None
3720 (4090183 Gflops/s) - 3685 (4051700 Gflops/s) - 3657 (4020914 Gflops/s) - 3608 (3967037 Gflops/s) - 3708 (4076989 Gflops/s) - 3722 (4092382 Gflops/s) - 3620 (3980232 Gflops/s) - 3616 (3975834 Gflops/s) | Temperatures: 56°C - 57°C - 67°C - 67°C - 57°C - 57°C - 67°C - 68°C | Throttling: None - None - None - None - None - None - None - None
3726 (4096780 Gflops/s) - 3686 (4052799 Gflops/s) - 3656 (4019814 Gflops/s) - 3605 (3963739 Gflops/s) - 3705 (4073690 Gflops/s) - 3723 (4093481 Gflops/s) - 3622 (3982431 Gflops/s) - 3614 (3973635 Gflops/s) | Temperatures: 57°C - 57°C - 68°C - 67°C - 57°C - 57°C - 67°C - 68°C | Throttling: None - None - None - None - None - None - None - None
3712 (4081387 Gflops/s) - 3682 (4048401 Gflops/s) - 3646 (4008819 Gflops/s) - 3603 (3961540 Gflops/s) - 3704 (4072591 Gflops/s) - 3716 (4085785 Gflops/s) - 3618 (3978033 Gflops/s) - 3608 (3967037 Gflops/s) | Temperatures: 57°C - 57°C - 68°C - 68°C - 58°C - 57°C - 67°C - 68°C | Throttling: None - None - None - None - None - None - None - None
3726 (4096780 Gflops/s) - 3684 (4050600 Gflops/s) - 3653 (4016515 Gflops/s) - 3601 (3959341 Gflops/s) - 3707 (4075889 Gflops/s) - 3724 (4094581 Gflops/s) - 3622 (3982431 Gflops/s) - 3610 (3969236 Gflops/s) | Temperatures: 57°C - 58°C - 68°C - 68°C - 58°C - 58°C - 67°C - 69°C | Throttling: None - None - None - None - None - None - None - None
3716 (4085785 Gflops/s) - 3683 (4049501 Gflops/s) - 3644 (4006620 Gflops/s) - 3598 (3956042 Gflops/s) - 3705 (4073690 Gflops/s) - 3719 (4089083 Gflops/s) - 3624 (3984630 Gflops/s) - 3608 (3967037 Gflops/s) | Temperatures: 58°C - 58°C - 68°C - 68°C - 58°C - 58°C - 67°C - 69°C | Throttling: None - None - None - None - None - None - None - None
3716 (4085785 Gflops/s) - 3680 (4046202 Gflops/s) - 3650 (4013217 Gflops/s) - 3600 (3958241 Gflops/s) - 3704 (4072591 Gflops/s) - 3722 (4092382 Gflops/s) - 3627 (3987928 Gflops/s) - 3607 (3965938 Gflops/s) | Temperatures: 58°C - 58°C - 69°C - 68°C - 58°C - 58°C - 68°C - 69°C | Throttling: None - None - None - None - None - None - None - None
3715 (4084685 Gflops/s) - 3681 (4047302 Gflops/s) - 3650 (4013217 Gflops/s) - 3596 (3953843 Gflops/s) - 3702 (4070392 Gflops/s) - 3718 (4087984 Gflops/s) - 3631 (3992326 Gflops/s) - 3605 (3963739 Gflops/s) | Temperatures: 58°C - 58°C - 69°C - 68°C - 59°C - 58°C - 68°C - 69°C | Throttling: None - None - None - None - None - None - None - None
3716 (4085785 Gflops/s) - 3684 (4050600 Gflops/s) - 3642 (4004421 Gflops/s) - 3617 (3976933 Gflops/s) - 3703 (4071491 Gflops/s) - 3719 (4089083 Gflops/s) - 3621 (3981331 Gflops/s) - 3604 (3962639 Gflops/s) | Temperatures: 58°C - 58°C - 69°C - 69°C - 59°C - 59°C - 68°C - 69°C | Throttling: None - None - None - None - None - None - None - None
3718 (4087984 Gflops/s) - 3682 (4048401 Gflops/s) - 3644 (4006620 Gflops/s) - 3626 (3986829 Gflops/s) - 3705 (4073690 Gflops/s) - 3721 (4091282 Gflops/s) - 3625 (3985729 Gflops/s) - 3603 (3961540 Gflops/s) | Temperatures: 58°C - 59°C - 69°C - 69°C - 59°C - 59°C - 68°C - 70°C | Throttling: None - None - None - None - None - None - None - None
3715 (4084685 Gflops/s) - 3679 (4045103 Gflops/s) - 3648 (4011018 Gflops/s) - 3624 (3984630 Gflops/s) - 3704 (4072591 Gflops/s) - 3718 (4087984 Gflops/s) - 3622 (3982431 Gflops/s) - 3602 (3960440 Gflops/s) | Temperatures: 58°C - 59°C - 69°C - 69°C - 59°C - 59°C - 68°C - 70°C | Throttling: None - None - None - None - None - None - None - None
3710 (4079188 Gflops/s) - 3681 (4047302 Gflops/s) - 3642 (4004421 Gflops/s) - 3612 (3971435 Gflops/s) - 3704 (4072591 Gflops/s) - 3718 (4087984 Gflops/s) - 3626 (3986829 Gflops/s) - 3598 (3956042 Gflops/s) | Temperatures: 58°C - 59°C - 69°C - 69°C - 59°C - 59°C - 69°C - 70°C | Throttling: None - None - None - None - None - None - None - None
3711 (4080287 Gflops/s) - 3680 (4046202 Gflops/s) - 3638 (4000023 Gflops/s) - 3613 (3972535 Gflops/s) - 3702 (4070392 Gflops/s) - 3719 (4089083 Gflops/s) - 3623 (3983530 Gflops/s) - 3598 (3956042 Gflops/s) | Temperatures: 59°C - 59°C - 70°C - 69°C - 60°C - 59°C - 69°C - 70°C | Throttling: None - None - None - None - None - None - None - None
3719 (4089083 Gflops/s) - 3683 (4049501 Gflops/s) - 3636 (3997824 Gflops/s) - 3611 (3970336 Gflops/s) - 3701 (4069292 Gflops/s) - 3718 (4087984 Gflops/s) - 3621 (3981331 Gflops/s) - 3596 (3953843 Gflops/s) | Temperatures: 59°C - 59°C - 70°C - 69°C - 60°C - 59°C - 69°C - 70°C | Throttling: None - None - None - None - None - None - None - None
3716 (4085785 Gflops/s) - 3677 (4042904 Gflops/s) - 3631 (3992326 Gflops/s) - 3606 (3964838 Gflops/s) - 3700 (4068193 Gflops/s) - 3718 (4087984 Gflops/s) - 3621 (3981331 Gflops/s) - 3597 (3954943 Gflops/s) | Temperatures: 59°C - 59°C - 70°C - 70°C - 60°C - 59°C - 69°C - 70°C | Throttling: None - None - None - None - None - None - None - None
3714 (4083586 Gflops/s) - 3677 (4042904 Gflops/s) - 3632 (3993426 Gflops/s) - 3613 (3972535 Gflops/s) - 3700 (4068193 Gflops/s) - 3713 (4082486 Gflops/s) - 3621 (3981331 Gflops/s) - 3598 (3956042 Gflops/s) | Temperatures: 59°C - 59°C - 70°C - 70°C - 60°C - 59°C - 69°C - 71°C | Throttling: None - None - None - None - None - None - None - None
3712 (4081387 Gflops/s) - 3678 (4044003 Gflops/s) - 3632 (3993426 Gflops/s) - 3612 (3971435 Gflops/s) - 3701 (4069292 Gflops/s) - 3713 (4082486 Gflops/s) - 3622 (3982431 Gflops/s) - 3596 (3953843 Gflops/s) | Temperatures: 59°C - 60°C - 70°C - 70°C - 60°C - 60°C - 69°C - 71°C | Throttling: None - None - None - None - None - None - None - None
3720 (4090183 Gflops/s) - 3677 (4042904 Gflops/s) - 3628 (3989028 Gflops/s) - 3606 (3964838 Gflops/s) - 3701 (4069292 Gflops/s) - 3717 (4086884 Gflops/s) - 3622 (3982431 Gflops/s) - 3594 (3951644 Gflops/s) | Temperatures: 60°C - 60°C - 70°C - 70°C - 60°C - 60°C - 69°C - 71°C | Throttling: None - None - None - None - None - None - None - None
3714 (4083586 Gflops/s) - 3681 (4047302 Gflops/s) - 3632 (3993426 Gflops/s) - 3607 (3965938 Gflops/s) - 3703 (4071491 Gflops/s) - 3709 (4078088 Gflops/s) - 3620 (3980232 Gflops/s) - 3595 (3952744 Gflops/s) | Temperatures: 60°C - 60°C - 70°C - 70°C - 60°C - 60°C - 70°C - 71°C | Throttling: None - None - None - None - None - None - None - None
3712 (4081387 Gflops/s) - 3675 (4040705 Gflops/s) - 3623 (3983530 Gflops/s) - 3604 (3962639 Gflops/s) - 3696 (4063794 Gflops/s) - 3718 (4087984 Gflops/s) - 3622 (3982431 Gflops/s) - 3594 (3951644 Gflops/s) | Temperatures: 60°C - 60°C - 71°C - 70°C - 60°C - 60°C - 70°C - 71°C | Throttling: None - None - None - None - None - None - None - None
3698 (4065993 Gflops/s) - 3676 (4041804 Gflops/s) - 3622 (3982431 Gflops/s) - 3600 (3958241 Gflops/s) - 3699 (4067093 Gflops/s) - 3715 (4084685 Gflops/s) - 3620 (3980232 Gflops/s) - 3592 (3949445 Gflops/s) | Temperatures: 60°C - 60°C - 71°C - 70°C - 60°C - 60°C - 70°C - 71°C | Throttling: None - None - None - None - None - None - None - None
3711 (4080287 Gflops/s) - 3677 (4042904 Gflops/s) - 3621 (3981331 Gflops/s) - 3597 (3954943 Gflops/s) - 3697 (4064894 Gflops/s) - 3718 (4087984 Gflops/s) - 3618 (3978033 Gflops/s) - 3591 (3948346 Gflops/s) | Temperatures: 60°C - 60°C - 71°C - 71°C - 61°C - 60°C - 70°C - 71°C | Throttling: None - None - None - None - None - None - None - None
3710 (4079188 Gflops/s) - 3681 (4047302 Gflops/s) - 3625 (3985729 Gflops/s) - 3593 (3950545 Gflops/s) - 3703 (4071491 Gflops/s) - 3719 (4089083 Gflops/s) - 3623 (3983530 Gflops/s) - 3595 (3952744 Gflops/s) | Temperatures: 60°C - 60°C - 71°C - 71°C - 61°C - 60°C - 70°C - 71°C | Throttling: None - None - None - None - None - None - None - None
3709 (4078088 Gflops/s) - 3677 (4042904 Gflops/s) - 3618 (3978033 Gflops/s) - 3592 (3949445 Gflops/s) - 3697 (4064894 Gflops/s) - 3715 (4084685 Gflops/s) - 3619 (3979132 Gflops/s) - 3589 (3946147 Gflops/s) | Temperatures: 60°C - 60°C - 71°C - 71°C - 61°C - 60°C - 70°C - 72°C | Throttling: None - None - None - None - None - None - None - None
3702 (4070392 Gflops/s) - 3676 (4041804 Gflops/s) - 3619 (3979132 Gflops/s) - 3593 (3950545 Gflops/s) - 3700 (4068193 Gflops/s) - 3715 (4084685 Gflops/s) - 3620 (3980232 Gflops/s) - 3590 (3947246 Gflops/s) | Temperatures: 60°C - 60°C - 71°C - 71°C - 61°C - 60°C - 70°C - 72°C | Throttling: None - None - None - None - None - None - None - None
3700 (4068193 Gflops/s) - 3678 (4044003 Gflops/s) - 3618 (3978033 Gflops/s) - 3591 (3948346 Gflops/s) - 3697 (4064894 Gflops/s) - 3711 (4080287 Gflops/s) - 3618 (3978033 Gflops/s) - 3590 (3947246 Gflops/s) | Temperatures: 60°C - 60°C - 71°C - 71°C - 61°C - 61°C - 70°C - 72°C | Throttling: None - None - None - None - None - None - None - None
3711 (4080287 Gflops/s) - 3676 (4041804 Gflops/s) - 3618 (3978033 Gflops/s) - 3587 (3943948 Gflops/s) - 3698 (4065993 Gflops/s) - 3713 (4082486 Gflops/s) - 3616 (3975834 Gflops/s) - 3589 (3946147 Gflops/s) | Temperatures: 60°C - 60°C - 71°C - 71°C - 61°C - 61°C - 71°C - 72°C | Throttling: None - None - None - None - None - None - None - None
3716 (4085785 Gflops/s) - 3677 (4042904 Gflops/s) - 3617 (3976933 Gflops/s) - 3587 (3943948 Gflops/s) - 3701 (4069292 Gflops/s) - 3710 (4079188 Gflops/s) - 3615 (3974734 Gflops/s) - 3590 (3947246 Gflops/s) | Temperatures: 60°C - 60°C - 71°C - 71°C - 61°C - 61°C - 71°C - 72°C | Throttling: None - None - None - None - None - None - None - None
3710 (4079188 Gflops/s) - 3677 (4042904 Gflops/s) - 3614 (3973635 Gflops/s) - 3581 (3937351 Gflops/s) - 3697 (4064894 Gflops/s) - 3715 (4084685 Gflops/s) - 3617 (3976933 Gflops/s) - 3589 (3946147 Gflops/s) | Temperatures: 60°C - 60°C - 72°C - 71°C - 61°C - 61°C - 71°C - 72°C | Throttling: None - None - None - None - None - None - None - None
3704 (4072591 Gflops/s) - 3676 (4041804 Gflops/s) - 3615 (3974734 Gflops/s) - 3581 (3937351 Gflops/s) - 3698 (4065993 Gflops/s) - 3713 (4082486 Gflops/s) - 3619 (3979132 Gflops/s) - 3590 (3947246 Gflops/s) | Temperatures: 60°C - 61°C - 72°C - 71°C - 61°C - 61°C - 71°C - 72°C | Throttling: None - None - None - None - None - None - None - None
3714 (4083586 Gflops/s) - 3676 (4041804 Gflops/s) - 3613 (3972535 Gflops/s) - 3582 (3938450 Gflops/s) - 3701 (4069292 Gflops/s) - 3715 (4084685 Gflops/s) - 3606 (3964838 Gflops/s) - 3590 (3947246 Gflops/s) | Temperatures: 61°C - 61°C - 72°C - 72°C - 61°C - 61°C - 71°C - 72°C | Throttling: None - None - None - None - None - None - None - None
3700 (4068193 Gflops/s) - 3675 (4040705 Gflops/s) - 3612 (3971435 Gflops/s) - 3580 (3936251 Gflops/s) - 3696 (4063794 Gflops/s) - 3711 (4080287 Gflops/s) - 3620 (3980232 Gflops/s) - 3589 (3946147 Gflops/s) | Temperatures: 60°C - 61°C - 72°C - 72°C - 61°C - 61°C - 71°C - 72°C | Throttling: None - None - None - None - None - None - None - None
3710 (4079188 Gflops/s) - 3673 (4038506 Gflops/s) - 3610 (3969236 Gflops/s) - 3582 (3938450 Gflops/s) - 3696 (4063794 Gflops/s) - 3712 (4081387 Gflops/s) - 3613 (3972535 Gflops/s) - 3586 (3942848 Gflops/s) | Temperatures: 61°C - 61°C - 72°C - 72°C - 61°C - 61°C - 71°C - 73°C | Throttling: None - None - None - None - None - None - None - None
3714 (4083586 Gflops/s) - 3677 (4042904 Gflops/s) - 3612 (3971435 Gflops/s) - 3580 (3936251 Gflops/s) - 3697 (4064894 Gflops/s) - 3713 (4082486 Gflops/s) - 3618 (3978033 Gflops/s) - 3583 (3939550 Gflops/s) | Temperatures: 61°C - 61°C - 72°C - 72°C - 61°C - 61°C - 71°C - 73°C | Throttling: None - None - None - None - None - None - None - None
3711 (4080287 Gflops/s) - 3677 (4042904 Gflops/s) - 3613 (3972535 Gflops/s) - 3578 (3934052 Gflops/s) - 3696 (4063794 Gflops/s) - 3712 (4081387 Gflops/s) - 3610 (3969236 Gflops/s) - 3584 (3940649 Gflops/s) | Temperatures: 61°C - 61°C - 72°C - 72°C - 61°C - 61°C - 71°C - 73°C | Throttling: None - None - None - None - None - None - None - None
3699 (4067093 Gflops/s) - 3675 (4040705 Gflops/s) - 3610 (3969236 Gflops/s) - 3577 (3932953 Gflops/s) - 3698 (4065993 Gflops/s) - 3703 (4071491 Gflops/s) - 3604 (3962639 Gflops/s) - 3583 (3939550 Gflops/s) | Temperatures: 61°C - 61°C - 72°C - 72°C - 61°C - 61°C - 71°C - 73°C | Throttling: None - None - None - None - None - None - None - None
3696 (4063794 Gflops/s) - 3675 (4040705 Gflops/s) - 3610 (3969236 Gflops/s) - 3578 (3934052 Gflops/s) - 3695 (4062695 Gflops/s) - 3709 (4078088 Gflops/s) - 3597 (3954943 Gflops/s) - 3581 (3937351 Gflops/s) | Temperatures: 61°C - 61°C - 72°C - 72°C - 62°C - 61°C - 72°C - 73°C | Throttling: None - None - None - None - None - None - None - None
3715 (4084685 Gflops/s) - 3679 (4045103 Gflops/s) - 3610 (3969236 Gflops/s) - 3579 (3935152 Gflops/s) - 3700 (4068193 Gflops/s) - 3716 (4085785 Gflops/s) - 3594 (3951644 Gflops/s) - 3586 (3942848 Gflops/s) | Temperatures: 61°C - 61°C - 72°C - 72°C - 61°C - 61°C - 72°C - 73°C | Throttling: None - None - None - None - None - None - None - None
3698 (4065993 Gflops/s) - 3674 (4039605 Gflops/s) - 3607 (3965938 Gflops/s) - 3592 (3949445 Gflops/s) - 3690 (4057197 Gflops/s) - 3713 (4082486 Gflops/s) - 3592 (3949445 Gflops/s) - 3581 (3937351 Gflops/s) | Temperatures: 61°C - 61°C - 73°C - 72°C - 62°C - 61°C - 72°C - 73°C | Throttling: None - None - None - None - None - None - None - None
3699 (4067093 Gflops/s) - 3678 (4044003 Gflops/s) - 3607 (3965938 Gflops/s) - 3601 (3959341 Gflops/s) - 3697 (4064894 Gflops/s) - 3706 (4074790 Gflops/s) - 3591 (3948346 Gflops/s) - 3575 (3930754 Gflops/s) | Temperatures: 61°C - 61°C - 73°C - 72°C - 62°C - 61°C - 72°C - 73°C | Throttling: None - None - None - None - None - None - None - None
3707 (4075889 Gflops/s) - 3675 (4040705 Gflops/s) - 3602 (3960440 Gflops/s) - 3598 (3956042 Gflops/s) - 3700 (4068193 Gflops/s) - 3712 (4081387 Gflops/s) - 3592 (3949445 Gflops/s) - 3576 (3931853 Gflops/s) | Temperatures: 61°C - 61°C - 73°C - 73°C - 62°C - 61°C - 72°C - 73°C | Throttling: None - None - None - None - None - None - None - None
3704 (4072591 Gflops/s) - 3673 (4038506 Gflops/s) - 3604 (3962639 Gflops/s) - 3590 (3947246 Gflops/s) - 3695 (4062695 Gflops/s) - 3711 (4080287 Gflops/s) - 3584 (3940649 Gflops/s) - 3581 (3937351 Gflops/s) | Temperatures: 61°C - 61°C - 73°C - 73°C - 62°C - 61°C - 72°C - 73°C | Throttling: None - None - None - None - None - None - None - None
3702 (4070392 Gflops/s) - 3679 (4045103 Gflops/s) - 3622 (3982431 Gflops/s) - 3607 (3965938 Gflops/s) - 3694 (4061595 Gflops/s) - 3711 (4080287 Gflops/s) - 3587 (3943948 Gflops/s) - 3574 (3929654 Gflops/s) | Temperatures: 61°C - 61°C - 73°C - 73°C - 62°C - 61°C - 72°C - 73°C | Throttling: None - None - None - None - None - None - None - None
3709 (4078088 Gflops/s) - 3672 (4037406 Gflops/s) - 3626 (3986829 Gflops/s) - 3584 (3940649 Gflops/s) - 3695 (4062695 Gflops/s) - 3711 (4080287 Gflops/s) - 3582 (3938450 Gflops/s) - 3573 (3928555 Gflops/s) | Temperatures: 61°C - 61°C - 73°C - 73°C - 62°C - 61°C - 72°C - 73°C | Throttling: None - None - None - None - None - None - None - None
3712 (4081387 Gflops/s) - 3672 (4037406 Gflops/s) - 3626 (3986829 Gflops/s) - 3595 (3952744 Gflops/s) - 3695 (4062695 Gflops/s) - 3699 (4067093 Gflops/s) - 3585 (3941749 Gflops/s) - 3570 (3925256 Gflops/s) | Temperatures: 61°C - 61°C - 73°C - 73°C - 62°C - 61°C - 72°C - 73°C | Throttling: None - None - None - None - None - None - None - None
3711 (4080287 Gflops/s) - 3675 (4040705 Gflops/s) - 3623 (3983530 Gflops/s) - 3590 (3947246 Gflops/s) - 3692 (4059396 Gflops/s) - 3704 (4072591 Gflops/s) - 3579 (3935152 Gflops/s) - 3571 (3926356 Gflops/s) | Temperatures: 61°C - 61°C - 73°C - 73°C - 62°C - 61°C - 72°C - 73°C | Throttling: None - None - None - None - None - None - None - None
3716 (4085785 Gflops/s) - 3676 (4041804 Gflops/s) - 3627 (3987928 Gflops/s) - 3592 (3949445 Gflops/s) - 3695 (4062695 Gflops/s) - 3717 (4086884 Gflops/s) - 3582 (3938450 Gflops/s) - 3575 (3930754 Gflops/s) | Temperatures: 61°C - 61°C - 73°C - 73°C - 62°C - 61°C - 72°C - 73°C | Throttling: None - None - None - None - None - None - None - None
3699 (4067093 Gflops/s) - 3671 (4036307 Gflops/s) - 3625 (3985729 Gflops/s) - 3585 (3941749 Gflops/s) - 3695 (4062695 Gflops/s) - 3709 (4078088 Gflops/s) - 3580 (3936251 Gflops/s) - 3571 (3926356 Gflops/s) | Temperatures: 61°C - 61°C - 73°C - 73°C - 62°C - 61°C - 72°C - 73°C | Throttling: None - None - None - None - None - None - None - None
3715 (4084685 Gflops/s) - 3679 (4045103 Gflops/s) - 3629 (3990127 Gflops/s) - 3606 (3964838 Gflops/s) - 3699 (4067093 Gflops/s) - 3712 (4081387 Gflops/s) - 3584 (3940649 Gflops/s) - 3578 (3934052 Gflops/s) | Temperatures: 61°C - 61°C - 73°C - 73°C - 62°C - 61°C - 72°C - 73°C | Throttling: None - None - None - None - None - None - None - None
3701 (4069292 Gflops/s) - 3673 (4038506 Gflops/s) - 3624 (3984630 Gflops/s) - 3585 (3941749 Gflops/s) - 3695 (4062695 Gflops/s) - 3707 (4075889 Gflops/s) - 3584 (3940649 Gflops/s) - 3573 (3928555 Gflops/s) | Temperatures: 61°C - 61°C - 73°C - 73°C - 62°C - 61°C - 72°C - 73°C | Throttling: None - None - None - None - None - None - None - None
3712 (4081387 Gflops/s) - 3673 (4038506 Gflops/s) - 3624 (3984630 Gflops/s) - 3594 (3951644 Gflops/s) - 3694 (4061595 Gflops/s) - 3707 (4075889 Gflops/s) - 3585 (3941749 Gflops/s) - 3575 (3930754 Gflops/s) | Temperatures: 61°C - 61°C - 73°C - 73°C - 62°C - 61°C - 72°C - 73°C | Throttling: None - None - None - None - None - None - None - None
3707 (4075889 Gflops/s) - 3675 (4040705 Gflops/s) - 3626 (3986829 Gflops/s) - 3586 (3942848 Gflops/s) - 3694 (4061595 Gflops/s) - 3709 (4078088 Gflops/s) - 3578 (3934052 Gflops/s) - 3573 (3928555 Gflops/s) | Temperatures: 61°C - 61°C - 73°C - 73°C - 61°C - 61°C - 72°C - 73°C | Throttling: None - None - None - None - None - None - None - None
3704 (4072591 Gflops/s) - 3675 (4040705 Gflops/s) - 3625 (3985729 Gflops/s) - 3591 (3948346 Gflops/s) - 3694 (4061595 Gflops/s) - 3713 (4082486 Gflops/s) - 3589 (3946147 Gflops/s) - 3574 (3929654 Gflops/s) | Temperatures: 61°C - 61°C - 73°C - 73°C - 62°C - 61°C - 72°C - 73°C | Throttling: None - None - None - None - None - None - None - None
3702 (4070392 Gflops/s) - 3673 (4038506 Gflops/s) - 3627 (3987928 Gflops/s) - 3595 (3952744 Gflops/s) - 3694 (4061595 Gflops/s) - 3713 (4082486 Gflops/s) - 3580 (3936251 Gflops/s) - 3568 (3923057 Gflops/s) | Temperatures: 61°C - 61°C - 73°C - 73°C - 61°C - 61°C - 72°C - 73°C | Throttling: None - None - None - None - None - None - None - None
3708 (4076989 Gflops/s) - 3677 (4042904 Gflops/s) - 3625 (3985729 Gflops/s) - 3589 (3946147 Gflops/s) - 3697 (4064894 Gflops/s) - 3702 (4070392 Gflops/s) - 3583 (3939550 Gflops/s) - 3570 (3925256 Gflops/s) | Temperatures: 61°C - 61°C - 73°C - 73°C - 62°C - 61°C - 72°C - 73°C | Throttling: None - None - None - None - None - None - None - None
3693 (4060496 Gflops/s) - 3675 (4040705 Gflops/s) - 3626 (3986829 Gflops/s) - 3593 (3950545 Gflops/s) - 3689 (4056098 Gflops/s) - 3711 (4080287 Gflops/s) - 3580 (3936251 Gflops/s) - 3572 (3927455 Gflops/s) | Temperatures: 61°C - 61°C - 73°C - 73°C - 61°C - 61°C - 72°C - 73°C | Throttling: None - None - None - None - None - None - None - None
3710 (4079188 Gflops/s) - 3674 (4039605 Gflops/s) - 3626 (3986829 Gflops/s) - 3594 (3951644 Gflops/s) - 3693 (4060496 Gflops/s) - 3712 (4081387 Gflops/s) - 3580 (3936251 Gflops/s) - 3573 (3928555 Gflops/s) | Temperatures: 61°C - 61°C - 73°C - 73°C - 61°C - 61°C - 72°C - 73°C | Throttling: None - None - None - None - None - None - None - None
3708 (4076989 Gflops/s) - 3677 (4042904 Gflops/s) - 3628 (3989028 Gflops/s) - 3590 (3947246 Gflops/s) - 3696 (4063794 Gflops/s) - 3707 (4075889 Gflops/s) - 3581 (3937351 Gflops/s) - 3570 (3925256 Gflops/s) | Temperatures: 61°C - 61°C - 73°C - 73°C - 61°C - 61°C - 72°C - 73°C | Throttling: None - None - None - None - None - None - None - None
3706 (4074790 Gflops/s) - 3672 (4037406 Gflops/s) - 3626 (3986829 Gflops/s) - 3597 (3954943 Gflops/s) - 3697 (4064894 Gflops/s) - 3713 (4082486 Gflops/s) - 3580 (3936251 Gflops/s) - 3573 (3928555 Gflops/s) | Temperatures: 61°C - 61°C - 73°C - 73°C - 61°C - 61°C - 72°C - 73°C | Throttling: None - None - None - None - None - None - None - None
3724 (4094581 Gflops/s) - 3678 (4044003 Gflops/s) - 3629 (3990127 Gflops/s) - 3593 (3950545 Gflops/s) - 3698 (4065993 Gflops/s) - 3717 (4086884 Gflops/s) - 3586 (3942848 Gflops/s) - 3578 (3934052 Gflops/s) | Temperatures: 61°C - 61°C - 73°C - 73°C - 61°C - 61°C - 72°C - 73°C | Throttling: None - None - None - None - None - None - None - None
3691 (4058297 Gflops/s) - 3676 (4041804 Gflops/s) - 3626 (3986829 Gflops/s) - 3595 (3952744 Gflops/s) - 3696 (4063794 Gflops/s) - 3712 (4081387 Gflops/s) - 3581 (3937351 Gflops/s) - 3574 (3929654 Gflops/s) | Temperatures: 61°C - 61°C - 73°C - 73°C - 61°C - 61°C - 72°C - 73°C | Throttling: None - None - None - None - None - None - None - None
3715 (4084685 Gflops/s) - 3674 (4039605 Gflops/s) - 3627 (3987928 Gflops/s) - 3596 (3953843 Gflops/s) - 3696 (4063794 Gflops/s) - 3713 (4082486 Gflops/s) - 3581 (3937351 Gflops/s) - 3573 (3928555 Gflops/s) | Temperatures: 61°C - 61°C - 73°C - 73°C - 61°C - 61°C - 72°C - 73°C | Throttling: None - None - None - None - None - None - None - None
3701 (4069292 Gflops/s) - 3679 (4045103 Gflops/s) - 3626 (3986829 Gflops/s) - 3596 (3953843 Gflops/s) - 3696 (4063794 Gflops/s) - 3713 (4082486 Gflops/s) - 3584 (3940649 Gflops/s) - 3576 (3931853 Gflops/s) | Temperatures: 61°C - 61°C - 73°C - 73°C - 61°C - 61°C - 72°C - 73°C | Throttling: None - None - None - None - None - None - None - None
3710 (4079188 Gflops/s) - 3672 (4037406 Gflops/s) - 3625 (3985729 Gflops/s) - 3591 (3948346 Gflops/s) - 3693 (4060496 Gflops/s) - 3713 (4082486 Gflops/s) - 3586 (3942848 Gflops/s) - 3578 (3934052 Gflops/s) | Temperatures: 61°C - 61°C - 73°C - 73°C - 61°C - 61°C - 72°C - 73°C | Throttling: None - None - None - None - None - None - None - None
3714 (4083586 Gflops/s) - 3676 (4041804 Gflops/s) - 3629 (3990127 Gflops/s) - 3597 (3954943 Gflops/s) - 3691 (4058297 Gflops/s) - 3716 (4085785 Gflops/s) - 3581 (3937351 Gflops/s) - 3573 (3928555 Gflops/s) | Temperatures: 61°C - 61°C - 73°C - 73°C - 61°C - 61°C - 72°C - 73°C | Throttling: None - None - None - None - None - None - None - None
3710 (4079188 Gflops/s) - 3675 (4040705 Gflops/s) - 3628 (3989028 Gflops/s) - 3593 (3950545 Gflops/s) - 3689 (4056098 Gflops/s) - 3712 (4081387 Gflops/s) - 3581 (3937351 Gflops/s) - 3574 (3929654 Gflops/s) | Temperatures: 61°C - 61°C - 73°C - 73°C - 61°C - 61°C - 72°C - 73°C | Throttling: None - None - None - None - None - None - None - None
3714 (4083586 Gflops/s) - 3674 (4039605 Gflops/s) - 3627 (3987928 Gflops/s) - 3592 (3949445 Gflops/s) - 3697 (4064894 Gflops/s) - 3712 (4081387 Gflops/s) - 3582 (3938450 Gflops/s) - 3569 (3924156 Gflops/s) | Temperatures: 61°C - 61°C - 73°C - 73°C - 61°C - 61°C - 72°C - 73°C | Throttling: None - None - None - None - None - None - None - None
3711 (4080287 Gflops/s) - 3679 (4045103 Gflops/s) - 3630 (3991227 Gflops/s) - 3600 (3958241 Gflops/s) - 3695 (4062695 Gflops/s) - 3714 (4083586 Gflops/s) - 3589 (3946147 Gflops/s) - 3578 (3934052 Gflops/s) | Temperatures: 61°C - 61°C - 72°C - 73°C - 61°C - 61°C - 72°C - 73°C | Throttling: None - None - None - None - None - None - None - None
3712 (4081387 Gflops/s) - 3677 (4042904 Gflops/s) - 3629 (3990127 Gflops/s) - 3594 (3951644 Gflops/s) - 3694 (4061595 Gflops/s) - 3709 (4078088 Gflops/s) - 3578 (3934052 Gflops/s) - 3576 (3931853 Gflops/s) | Temperatures: 61°C - 61°C - 73°C - 73°C - 61°C - 61°C - 72°C - 73°C | Throttling: None - None - None - None - None - None - None - None
3707 (4075889 Gflops/s) - 3678 (4044003 Gflops/s) - 3627 (3987928 Gflops/s) - 3597 (3954943 Gflops/s) - 3698 (4065993 Gflops/s) - 3711 (4080287 Gflops/s) - 3579 (3935152 Gflops/s) - 3573 (3928555 Gflops/s) | Temperatures: 60°C - 61°C - 73°C - 73°C - 61°C - 61°C - 72°C - 73°C | Throttling: None - None - None - None - None - None - None - None
3704 (4072591 Gflops/s) - 3677 (4042904 Gflops/s) - 3625 (3985729 Gflops/s) - 3583 (3939550 Gflops/s) - 3691 (4058297 Gflops/s) - 3704 (4072591 Gflops/s) - 3580 (3936251 Gflops/s) - 3572 (3927455 Gflops/s) | Temperatures: 61°C - 61°C - 72°C - 73°C - 61°C - 61°C - 72°C - 73°C | Throttling: None - None - None - None - None - None - None - None
3698 (4065993 Gflops/s) - 3671 (4036307 Gflops/s) - 3626 (3986829 Gflops/s) - 3598 (3956042 Gflops/s) - 3697 (4064894 Gflops/s) - 3713 (4082486 Gflops/s) - 3594 (3951644 Gflops/s) - 3576 (3931853 Gflops/s) | Temperatures: 61°C - 61°C - 72°C - 73°C - 61°C - 61°C - 72°C - 73°C | Throttling: None - None - None - None - None - None - None - None
3702 (4070392 Gflops/s) - 3676 (4041804 Gflops/s) - 3626 (3986829 Gflops/s) - 3597 (3954943 Gflops/s) - 3695 (4062695 Gflops/s) - 3708 (4076989 Gflops/s) - 3586 (3942848 Gflops/s) - 3579 (3935152 Gflops/s) | Temperatures: 61°C - 61°C - 72°C - 73°C - 61°C - 61°C - 72°C - 73°C | Throttling: None - None - None - None - None - None - None - None
3707 (4075889 Gflops/s) - 3672 (4037406 Gflops/s) - 3630 (3991227 Gflops/s) - 3590 (3947246 Gflops/s) - 3694 (4061595 Gflops/s) - 3711 (4080287 Gflops/s) - 3585 (3941749 Gflops/s) - 3572 (3927455 Gflops/s) | Temperatures: 61°C - 61°C - 72°C - 73°C - 61°C - 61°C - 72°C - 73°C | Throttling: None - None - None - None - None - None - None - None
3702 (4070392 Gflops/s) - 3678 (4044003 Gflops/s) - 3627 (3987928 Gflops/s) - 3593 (3950545 Gflops/s) - 3692 (4059396 Gflops/s) - 3715 (4084685 Gflops/s) - 3579 (3935152 Gflops/s) - 3579 (3935152 Gflops/s) | Temperatures: 61°C - 61°C - 72°C - 73°C - 61°C - 61°C - 72°C - 73°C | Throttling: None - None - None - None - None - None - None - None
3703 (4071491 Gflops/s) - 3675 (4040705 Gflops/s) - 3627 (3987928 Gflops/s) - 3597 (3954943 Gflops/s) - 3698 (4065993 Gflops/s) - 3707 (4075889 Gflops/s) - 3583 (3939550 Gflops/s) - 3576 (3931853 Gflops/s) | Temperatures: 60°C - 61°C - 72°C - 73°C - 61°C - 61°C - 72°C - 73°C | Throttling: None - None - None - None - None - None - None - None
3686 (4052799 Gflops/s) - 3676 (4041804 Gflops/s) - 3628 (3989028 Gflops/s) - 3592 (3949445 Gflops/s) - 3694 (4061595 Gflops/s) - 3707 (4075889 Gflops/s) - 3583 (3939550 Gflops/s) - 3575 (3930754 Gflops/s) | Temperatures: 61°C - 61°C - 72°C - 73°C - 61°C - 61°C - 72°C - 73°C | Throttling: None - None - None - None - None - None - None - None
3700 (4068193 Gflops/s) - 3678 (4044003 Gflops/s) - 3626 (3986829 Gflops/s) - 3592 (3949445 Gflops/s) - 3695 (4062695 Gflops/s) - 3709 (4078088 Gflops/s) - 3580 (3936251 Gflops/s) - 3574 (3929654 Gflops/s) | Temperatures: 61°C - 61°C - 72°C - 72°C - 61°C - 61°C - 72°C - 73°C | Throttling: None - None - None - None - None - None - None - None
3703 (4071491 Gflops/s) - 3673 (4038506 Gflops/s) - 3629 (3990127 Gflops/s) - 3596 (3953843 Gflops/s) - 3695 (4062695 Gflops/s) - 3716 (4085785 Gflops/s) - 3586 (3942848 Gflops/s) - 3573 (3928555 Gflops/s) | Temperatures: 60°C - 61°C - 72°C - 73°C - 61°C - 61°C - 72°C - 73°C | Throttling: None - None - None - None - None - None - None - None
3713 (4082486 Gflops/s) - 3677 (4042904 Gflops/s) - 3629 (3990127 Gflops/s) - 3596 (3953843 Gflops/s) - 3695 (4062695 Gflops/s) - 3702 (4070392 Gflops/s) - 3583 (3939550 Gflops/s) - 3574 (3929654 Gflops/s) | Temperatures: 61°C - 61°C - 72°C - 72°C - 61°C - 61°C - 72°C - 73°C | Throttling: None - None - None - None - None - None - None - None
3717 (4086884 Gflops/s) - 3677 (4042904 Gflops/s) - 3630 (3991227 Gflops/s) - 3599 (3957142 Gflops/s) - 3698 (4065993 Gflops/s) - 3714 (4083586 Gflops/s) - 3582 (3938450 Gflops/s) - 3573 (3928555 Gflops/s) | Temperatures: 61°C - 61°C - 72°C - 72°C - 61°C - 61°C - 72°C - 73°C | Throttling: None - None - None - None - None - None - None - None
3694 (4061595 Gflops/s) - 3675 (4040705 Gflops/s) - 3629 (3990127 Gflops/s) - 3595 (3952744 Gflops/s) - 3694 (4061595 Gflops/s) - 3713 (4082486 Gflops/s) - 3585 (3941749 Gflops/s) - 3576 (3931853 Gflops/s) | Temperatures: 60°C - 61°C - 72°C - 73°C - 61°C - 61°C - 72°C - 73°C | Throttling: None - None - None - None - None - None - None - None
3713 (4082486 Gflops/s) - 3682 (4048401 Gflops/s) - 3634 (3995625 Gflops/s) - 3597 (3954943 Gflops/s) - 3700 (4068193 Gflops/s) - 3710 (4079188 Gflops/s) - 3584 (3940649 Gflops/s) - 3574 (3929654 Gflops/s) | Temperatures: 61°C - 61°C - 72°C - 72°C - 61°C - 61°C - 72°C - 73°C | Throttling: None - None - None - None - None - None - None - None
3714 (4083586 Gflops/s) - 3674 (4039605 Gflops/s) - 3627 (3987928 Gflops/s) - 3595 (3952744 Gflops/s) - 3694 (4061595 Gflops/s) - 3712 (4081387 Gflops/s) - 3579 (3935152 Gflops/s) - 3576 (3931853 Gflops/s) | Temperatures: 61°C - 61°C - 72°C - 72°C - 61°C - 61°C - 72°C - 73°C | Throttling: None - None - None - None - None - None - None - None
3718 (4087984 Gflops/s) - 3675 (4040705 Gflops/s) - 3631 (3992326 Gflops/s) - 3598 (3956042 Gflops/s) - 3691 (4058297 Gflops/s) - 3712 (4081387 Gflops/s) - 3579 (3935152 Gflops/s) - 3572 (3927455 Gflops/s) | Temperatures: 61°C - 61°C - 72°C - 72°C - 61°C - 61°C - 72°C - 73°C | Throttling: None - None - None - None - None - None - None - None
3709 (4078088 Gflops/s) - 3674 (4039605 Gflops/s) - 3629 (3990127 Gflops/s) - 3605 (3963739 Gflops/s) - 3693 (4060496 Gflops/s) - 3705 (4073690 Gflops/s) - 3586 (3942848 Gflops/s) - 3573 (3928555 Gflops/s) | Temperatures: 61°C - 61°C - 72°C - 72°C - 61°C - 61°C - 72°C - 73°C | Throttling: None - None - None - None - None - None - None - None
3716 (4085785 Gflops/s) - 3677 (4042904 Gflops/s) - 3627 (3987928 Gflops/s) - 3593 (3950545 Gflops/s) - 3699 (4067093 Gflops/s) - 3715 (4084685 Gflops/s) - 3585 (3941749 Gflops/s) - 3575 (3930754 Gflops/s) | Temperatures: 61°C - 61°C - 72°C - 72°C - 61°C - 61°C - 72°C - 73°C | Throttling: None - None - None - None - None - None - None - None
3697 (4064894 Gflops/s) - 3673 (4038506 Gflops/s) - 3629 (3990127 Gflops/s) - 3592 (3949445 Gflops/s) - 3690 (4057197 Gflops/s) - 3705 (4073690 Gflops/s) - 3582 (3938450 Gflops/s) - 3574 (3929654 Gflops/s) | Temperatures: 60°C - 61°C - 72°C - 72°C - 61°C - 61°C - 72°C - 73°C | Throttling: None - None - None - None - None - None - None - None
3707 (4075889 Gflops/s) - 3674 (4039605 Gflops/s) - 3628 (3989028 Gflops/s) - 3606 (3964838 Gflops/s) - 3695 (4062695 Gflops/s) - 3700 (4068193 Gflops/s) - 3589 (3946147 Gflops/s) - 3572 (3927455 Gflops/s) | Temperatures: 61°C - 61°C - 72°C - 72°C - 61°C - 61°C - 72°C - 73°C | Throttling: None - None - None - None - None - None - None - None
3706 (4074790 Gflops/s) - 3680 (4046202 Gflops/s) - 3633 (3994525 Gflops/s) - 3605 (3963739 Gflops/s) - 3696 (4063794 Gflops/s) - 3711 (4080287 Gflops/s) - 3587 (3943948 Gflops/s) - 3576 (3931853 Gflops/s) | Temperatures: 60°C - 61°C - 72°C - 72°C - 61°C - 61°C - 72°C - 73°C | Throttling: None - None - None - None - None - None - None - None
3713 (4082486 Gflops/s) - 3677 (4042904 Gflops/s) - 3630 (3991227 Gflops/s) - 3597 (3954943 Gflops/s) - 3699 (4067093 Gflops/s) - 3705 (4073690 Gflops/s) - 3584 (3940649 Gflops/s) - 3571 (3926356 Gflops/s) | Temperatures: 61°C - 61°C - 72°C - 72°C - 61°C - 61°C - 72°C - 73°C | Throttling: None - None - None - None - None - None - None - None
3701 (4069292 Gflops/s) - 3676 (4041804 Gflops/s) - 3629 (3990127 Gflops/s) - 3610 (3969236 Gflops/s) - 3697 (4064894 Gflops/s) - 3715 (4084685 Gflops/s) - 3591 (3948346 Gflops/s) - 3578 (3934052 Gflops/s) | Temperatures: 61°C - 61°C - 72°C - 72°C - 61°C - 61°C - 72°C - 73°C | Throttling: None - None - None - None - None - None - None - None
3702 (4070392 Gflops/s) - 3677 (4042904 Gflops/s) - 3627 (3987928 Gflops/s) - 3598 (3956042 Gflops/s) - 3695 (4062695 Gflops/s) - 3710 (4079188 Gflops/s) - 3583 (3939550 Gflops/s) - 3570 (3925256 Gflops/s) | Temperatures: 61°C - 61°C - 72°C - 72°C - 61°C - 61°C - 72°C - 73°C | Throttling: None - None - None - None - None - None - None - None
3709 (4078088 Gflops/s) - 3677 (4042904 Gflops/s) - 3628 (3989028 Gflops/s) - 3595 (3952744 Gflops/s) - 3694 (4061595 Gflops/s) - 3713 (4082486 Gflops/s) - 3592 (3949445 Gflops/s) - 3581 (3937351 Gflops/s) | Temperatures: 60°C - 61°C - 72°C - 72°C - 61°C - 61°C - 72°C - 73°C | Throttling: None - None - None - None - None - None - None - None
3714 (4083586 Gflops/s) - 3675 (4040705 Gflops/s) - 3627 (3987928 Gflops/s) - 3608 (3967037 Gflops/s) - 3695 (4062695 Gflops/s) - 3713 (4082486 Gflops/s) - 3584 (3940649 Gflops/s) - 3571 (3926356 Gflops/s) | Temperatures: 61°C - 61°C - 72°C - 72°C - 61°C - 61°C - 72°C - 73°C | Throttling: None - None - None - None - None - None - None - None
3708 (4076989 Gflops/s) - 3676 (4041804 Gflops/s) - 3629 (3990127 Gflops/s) - 3597 (3954943 Gflops/s) - 3695 (4062695 Gflops/s) - 3713 (4082486 Gflops/s) - 3595 (3952744 Gflops/s) - 3570 (3925256 Gflops/s) | Temperatures: 61°C - 61°C - 72°C - 72°C - 61°C - 61°C - 72°C - 73°C | Throttling: None - None - None - None - None - None - None - None
3709 (4078088 Gflops/s) - 3675 (4040705 Gflops/s) - 3627 (3987928 Gflops/s) - 3600 (3958241 Gflops/s) - 3696 (4063794 Gflops/s) - 3715 (4084685 Gflops/s) - 3588 (3945047 Gflops/s) - 3575 (3930754 Gflops/s) | Temperatures: 60°C - 61°C - 72°C - 72°C - 61°C - 61°C - 72°C - 73°C | Throttling: None - None - None - None - None - None - None - None
3714 (4083586 Gflops/s) - 3671 (4036307 Gflops/s) - 3629 (3990127 Gflops/s) - 3596 (3953843 Gflops/s) - 3695 (4062695 Gflops/s) - 3712 (4081387 Gflops/s) - 3587 (3943948 Gflops/s) - 3579 (3935152 Gflops/s) | Temperatures: 60°C - 61°C - 72°C - 72°C - 61°C - 61°C - 72°C - 73°C | Throttling: None - None - None - None - None - None - None - None
3701 (4069292 Gflops/s) - 3677 (4042904 Gflops/s) - 3629 (3990127 Gflops/s) - 3593 (3950545 Gflops/s) - 3699 (4067093 Gflops/s) - 3709 (4078088 Gflops/s) - 3585 (3941749 Gflops/s) - 3576 (3931853 Gflops/s) | Temperatures: 60°C - 61°C - 72°C - 72°C - 61°C - 61°C - 72°C - 73°C | Throttling: None - None - None - None - None - None - None - None
3713 (4082486 Gflops/s) - 3674 (4039605 Gflops/s) - 3628 (3989028 Gflops/s) - 3598 (3956042 Gflops/s) - 3695 (4062695 Gflops/s) - 3714 (4083586 Gflops/s) - 3586 (3942848 Gflops/s) - 3573 (3928555 Gflops/s) | Temperatures: 61°C - 61°C - 72°C - 72°C - 61°C - 61°C - 72°C - 73°C | Throttling: None - None - None - None - None - None - None - None
3700 (4068193 Gflops/s) - 3679 (4045103 Gflops/s) - 3627 (3987928 Gflops/s) - 3596 (3953843 Gflops/s) - 3695 (4062695 Gflops/s) - 3713 (4082486 Gflops/s) - 3592 (3949445 Gflops/s) - 3576 (3931853 Gflops/s) | Temperatures: 61°C - 61°C - 72°C - 72°C - 61°C - 61°C - 72°C - 73°C | Throttling: None - None - None - None - None - None - None - None
3702 (4070392 Gflops/s) - 3678 (4044003 Gflops/s) - 3632 (3993426 Gflops/s) - 3603 (3961540 Gflops/s) - 3700 (4068193 Gflops/s) - 3717 (4086884 Gflops/s) - 3584 (3940649 Gflops/s) - 3578 (3934052 Gflops/s) | Temperatures: 61°C - 61°C - 72°C - 72°C - 61°C - 61°C - 72°C - 73°C | Throttling: None - None - None - None - None - None - None - None
3708 (4076989 Gflops/s) - 3674 (4039605 Gflops/s) - 3629 (3990127 Gflops/s) - 3593 (3950545 Gflops/s) - 3695 (4062695 Gflops/s) - 3714 (4083586 Gflops/s) - 3588 (3945047 Gflops/s) - 3570 (3925256 Gflops/s) | Temperatures: 61°C - 61°C - 72°C - 72°C - 61°C - 61°C - 72°C - 73°C | Throttling: None - None - None - None - None - None - None - None
3703 (4071491 Gflops/s) - 3674 (4039605 Gflops/s) - 3626 (3986829 Gflops/s) - 3592 (3949445 Gflops/s) - 3697 (4064894 Gflops/s) - 3713 (4082486 Gflops/s) - 3586 (3942848 Gflops/s) - 3581 (3937351 Gflops/s) | Temperatures: 61°C - 61°C - 72°C - 72°C - 61°C - 61°C - 72°C - 73°C | Throttling: None - None - None - None - None - None - None - None
3704 (4072591 Gflops/s) - 3675 (4040705 Gflops/s) - 3627 (3987928 Gflops/s) - 3604 (3962639 Gflops/s) - 3694 (4061595 Gflops/s) - 3715 (4084685 Gflops/s) - 3585 (3941749 Gflops/s) - 3569 (3924156 Gflops/s) | Temperatures: 60°C - 61°C - 72°C - 72°C - 61°C - 61°C - 72°C - 73°C | Throttling: None - None - None - None - None - None - None - None
3706 (4074790 Gflops/s) - 3674 (4039605 Gflops/s) - 3628 (3989028 Gflops/s) - 3593 (3950545 Gflops/s) - 3699 (4067093 Gflops/s) - 3716 (4085785 Gflops/s) - 3588 (3945047 Gflops/s) - 3578 (3934052 Gflops/s) | Temperatures: 61°C - 61°C - 72°C - 72°C - 61°C - 61°C - 72°C - 73°C | Throttling: None - None - None - None - None - None - None - None
3708 (4076989 Gflops/s) - 3674 (4039605 Gflops/s) - 3628 (3989028 Gflops/s) - 3595 (3952744 Gflops/s) - 3689 (4056098 Gflops/s) - 3711 (4080287 Gflops/s) - 3582 (3938450 Gflops/s) - 3572 (3927455 Gflops/s) | Temperatures: 61°C - 61°C - 72°C - 72°C - 61°C - 61°C - 72°C - 73°C | Throttling: None - None - None - None - None - None - None - None
3700 (4068193 Gflops/s) - 3674 (4039605 Gflops/s) - 3627 (3987928 Gflops/s) - 3600 (3958241 Gflops/s) - 3698 (4065993 Gflops/s) - 3713 (4082486 Gflops/s) - 3584 (3940649 Gflops/s) - 3578 (3934052 Gflops/s) | Temperatures: 61°C - 61°C - 72°C - 72°C - 61°C - 61°C - 72°C - 73°C | Throttling: None - None - None - None - None - None - None - None
3707 (4075889 Gflops/s) - 3677 (4042904 Gflops/s) - 3631 (3992326 Gflops/s) - 3602 (3960440 Gflops/s) - 3696 (4063794 Gflops/s) - 3714 (4083586 Gflops/s) - 3588 (3945047 Gflops/s) - 3579 (3935152 Gflops/s) | Temperatures: 61°C - 61°C - 72°C - 72°C - 61°C - 61°C - 72°C - 73°C | Throttling: None - None - None - None - None - None - None - None
3709 (4078088 Gflops/s) - 3674 (4039605 Gflops/s) - 3628 (3989028 Gflops/s) - 3600 (3958241 Gflops/s) - 3694 (4061595 Gflops/s) - 3707 (4075889 Gflops/s) - 3581 (3937351 Gflops/s) - 3577 (3932953 Gflops/s) | Temperatures: 60°C - 61°C - 72°C - 72°C - 61°C - 60°C - 72°C - 73°C | Throttling: None - None - None - None - None - None - None - None
3714 (4083586 Gflops/s) - 3675 (4040705 Gflops/s) - 3627 (3987928 Gflops/s) - 3600 (3958241 Gflops/s) - 3694 (4061595 Gflops/s) - 3717 (4086884 Gflops/s) - 3591 (3948346 Gflops/s) - 3576 (3931853 Gflops/s) | Temperatures: 61°C - 61°C - 72°C - 72°C - 61°C - 61°C - 72°C - 73°C | Throttling: None - None - None - None - None - None - None - None
3709 (4078088 Gflops/s) - 3674 (4039605 Gflops/s) - 3627 (3987928 Gflops/s) - 3593 (3950545 Gflops/s) - 3696 (4063794 Gflops/s) - 3714 (4083586 Gflops/s) - 3593 (3950545 Gflops/s) - 3577 (3932953 Gflops/s) | Temperatures: 61°C - 61°C - 72°C - 72°C - 61°C - 61°C - 72°C - 73°C | Throttling: None - None - None - None - None - None - None - None
3714 (4083586 Gflops/s) - 3677 (4042904 Gflops/s) - 3629 (3990127 Gflops/s) - 3592 (3949445 Gflops/s) - 3699 (4067093 Gflops/s) - 3707 (4075889 Gflops/s) - 3589 (3946147 Gflops/s) - 3581 (3937351 Gflops/s) | Temperatures: 61°C - 61°C - 72°C - 72°C - 61°C - 61°C - 72°C - 73°C | Throttling: None - None - None - None - None - None - None - None
3713 (4082486 Gflops/s) - 3675 (4040705 Gflops/s) - 3629 (3990127 Gflops/s) - 3596 (3953843 Gflops/s) - 3693 (4060496 Gflops/s) - 3711 (4080287 Gflops/s) - 3591 (3948346 Gflops/s) - 3574 (3929654 Gflops/s) | Temperatures: 61°C - 61°C - 72°C - 72°C - 61°C - 61°C - 72°C - 73°C | Throttling: None - None - None - None - None - None - None - None
3706 (4074790 Gflops/s) - 3679 (4045103 Gflops/s) - 3628 (3989028 Gflops/s) - 3600 (3958241 Gflops/s) - 3696 (4063794 Gflops/s) - 3717 (4086884 Gflops/s) - 3584 (3940649 Gflops/s) - 3577 (3932953 Gflops/s) | Temperatures: 60°C - 61°C - 72°C - 72°C - 61°C - 61°C - 72°C - 73°C | Throttling: None - None - None - None - None - None - None - None
3710 (4079188 Gflops/s) - 3675 (4040705 Gflops/s) - 3628 (3989028 Gflops/s) - 3597 (3954943 Gflops/s) - 3694 (4061595 Gflops/s) - 3715 (4084685 Gflops/s) - 3581 (3937351 Gflops/s) - 3574 (3929654 Gflops/s) | Temperatures: 61°C - 61°C - 72°C - 72°C - 61°C - 61°C - 72°C - 73°C | Throttling: None - None - None - None - None - None - None - None
3711 (4080287 Gflops/s) - 3677 (4042904 Gflops/s) - 3628 (3989028 Gflops/s) - 3595 (3952744 Gflops/s) - 3697 (4064894 Gflops/s) - 3712 (4081387 Gflops/s) - 3583 (3939550 Gflops/s) - 3578 (3934052 Gflops/s) | Temperatures: 61°C - 61°C - 72°C - 72°C - 61°C - 61°C - 72°C - 73°C | Throttling: None - None - None - None - None - None - None - None
3705 (4073690 Gflops/s) - 3674 (4039605 Gflops/s) - 3628 (3989028 Gflops/s) - 3608 (3967037 Gflops/s) - 3694 (4061595 Gflops/s) - 3715 (4084685 Gflops/s) - 3582 (3938450 Gflops/s) - 3577 (3932953 Gflops/s) | Temperatures: 60°C - 61°C - 72°C - 72°C - 61°C - 61°C - 72°C - 73°C | Throttling: None - None - None - None - None - None - None - None
3702 (4070392 Gflops/s) - 3674 (4039605 Gflops/s) - 3630 (3991227 Gflops/s) - 3600 (3958241 Gflops/s) - 3693 (4060496 Gflops/s) - 3713 (4082486 Gflops/s) - 3593 (3950545 Gflops/s) - 3574 (3929654 Gflops/s) | Temperatures: 61°C - 61°C - 72°C - 72°C - 61°C - 61°C - 72°C - 73°C | Throttling: None - None - None - None - None - None - None - None
3707 (4075889 Gflops/s) - 3677 (4042904 Gflops/s) - 3633 (3994525 Gflops/s) - 3601 (3959341 Gflops/s) - 3698 (4065993 Gflops/s) - 3714 (4083586 Gflops/s) - 3589 (3946147 Gflops/s) - 3578 (3934052 Gflops/s) | Temperatures: 60°C - 61°C - 72°C - 72°C - 61°C - 61°C - 72°C - 73°C | Throttling: None - None - None - None - None - None - None - None
3699 (4067093 Gflops/s) - 3678 (4044003 Gflops/s) - 3628 (3989028 Gflops/s) - 3593 (3950545 Gflops/s) - 3697 (4064894 Gflops/s) - 3710 (4079188 Gflops/s) - 3584 (3940649 Gflops/s) - 3578 (3934052 Gflops/s) | Temperatures: 61°C - 61°C - 72°C - 72°C - 61°C - 61°C - 72°C - 73°C | Throttling: None - None - None - None - None - None - None - None
3710 (4079188 Gflops/s) - 3678 (4044003 Gflops/s) - 3631 (3992326 Gflops/s) - 3593 (3950545 Gflops/s) - 3694 (4061595 Gflops/s) - 3712 (4081387 Gflops/s) - 3590 (3947246 Gflops/s) - 3580 (3936251 Gflops/s) | Temperatures: 61°C - 61°C - 72°C - 72°C - 61°C - 61°C - 72°C - 73°C | Throttling: None - None - None - None - None - None - None - None
3721 (4091282 Gflops/s) - 3673 (4038506 Gflops/s) - 3629 (3990127 Gflops/s) - 3600 (3958241 Gflops/s) - 3693 (4060496 Gflops/s) - 3713 (4082486 Gflops/s) - 3585 (3941749 Gflops/s) - 3574 (3929654 Gflops/s) | Temperatures: 61°C - 61°C - 72°C - 72°C - 61°C - 61°C - 72°C - 73°C | Throttling: None - None - None - None - None - None - None - None
3715 (4084685 Gflops/s) - 3672 (4037406 Gflops/s) - 3629 (3990127 Gflops/s) - 3606 (3964838 Gflops/s) - 3698 (4065993 Gflops/s) - 3714 (4083586 Gflops/s) - 3589 (3946147 Gflops/s) - 3577 (3932953 Gflops/s) | Temperatures: 61°C - 61°C - 72°C - 72°C - 61°C - 61°C - 72°C - 73°C | Throttling: None - None - None - None - None - None - None - None
3705 (4073690 Gflops/s) - 3676 (4041804 Gflops/s) - 3629 (3990127 Gflops/s) - 3603 (3961540 Gflops/s) - 3697 (4064894 Gflops/s) - 3702 (4070392 Gflops/s) - 3587 (3943948 Gflops/s) - 3576 (3931853 Gflops/s) | Temperatures: 61°C - 61°C - 72°C - 72°C - 61°C - 61°C - 72°C - 73°C | Throttling: None - None - None - None - None - None - None - None
3714 (4083586 Gflops/s) - 3673 (4038506 Gflops/s) - 3629 (3990127 Gflops/s) - 3596 (3953843 Gflops/s) - 3691 (4058297 Gflops/s) - 3717 (4086884 Gflops/s) - 3588 (3945047 Gflops/s) - 3579 (3935152 Gflops/s) | Temperatures: 61°C - 61°C - 72°C - 72°C - 61°C - 61°C - 72°C - 73°C | Throttling: None - None - None - None - None - None - None - None
3708 (4076989 Gflops/s) - 3677 (4042904 Gflops/s) - 3631 (3992326 Gflops/s) - 3594 (3951644 Gflops/s) - 3699 (4067093 Gflops/s) - 3701 (4069292 Gflops/s) - 3583 (3939550 Gflops/s) - 3581 (3937351 Gflops/s) | Temperatures: 60°C - 61°C - 72°C - 72°C - 61°C - 60°C - 72°C - 73°C | Throttling: None - None - None - None - None - None - None - None
3712 (4081387 Gflops/s) - 3676 (4041804 Gflops/s) - 3630 (3991227 Gflops/s) - 3598 (3956042 Gflops/s) - 3696 (4063794 Gflops/s) - 3710 (4079188 Gflops/s) - 3588 (3945047 Gflops/s) - 3574 (3929654 Gflops/s) | Temperatures: 61°C - 61°C - 72°C - 72°C - 61°C - 61°C - 72°C - 73°C | Throttling: None - None - None - None - None - None - None - None
3713 (4082486 Gflops/s) - 3676 (4041804 Gflops/s) - 3629 (3990127 Gflops/s) - 3612 (3971435 Gflops/s) - 3694 (4061595 Gflops/s) - 3713 (4082486 Gflops/s) - 3589 (3946147 Gflops/s) - 3578 (3934052 Gflops/s) | Temperatures: 61°C - 61°C - 72°C - 72°C - 61°C - 61°C - 72°C - 73°C | Throttling: None - None - None - None - None - None - None - None
3706 (4074790 Gflops/s) - 3673 (4038506 Gflops/s) - 3629 (3990127 Gflops/s) - 3600 (3958241 Gflops/s) - 3696 (4063794 Gflops/s) - 3702 (4070392 Gflops/s) - 3586 (3942848 Gflops/s) - 3577 (3932953 Gflops/s) | Temperatures: 60°C - 61°C - 72°C - 72°C - 61°C - 60°C - 72°C - 73°C | Throttling: None - None - None - None - None - None - None - None
3717 (4086884 Gflops/s) - 3674 (4039605 Gflops/s) - 3634 (3995625 Gflops/s) - 3596 (3953843 Gflops/s) - 3698 (4065993 Gflops/s) - 3718 (4087984 Gflops/s) - 3595 (3952744 Gflops/s) - 3578 (3934052 Gflops/s) | Temperatures: 61°C - 61°C - 72°C - 72°C - 61°C - 61°C - 72°C - 73°C | Throttling: None - None - None - None - None - None - None - None
3711 (4080287 Gflops/s) - 3674 (4039605 Gflops/s) - 3630 (3991227 Gflops/s) - 3598 (3956042 Gflops/s) - 3698 (4065993 Gflops/s) - 3713 (4082486 Gflops/s) - 3583 (3939550 Gflops/s) - 3577 (3932953 Gflops/s) | Temperatures: 61°C - 61°C - 72°C - 72°C - 61°C - 61°C - 72°C - 73°C | Throttling: None - None - None - None - None - None - None - None
3704 (4072591 Gflops/s) - 3676 (4041804 Gflops/s) - 3630 (3991227 Gflops/s) - 3588 (3945047 Gflops/s) - 3699 (4067093 Gflops/s) - 3712 (4081387 Gflops/s) - 3588 (3945047 Gflops/s) - 3574 (3929654 Gflops/s) | Temperatures: 61°C - 61°C - 72°C - 72°C - 61°C - 61°C - 72°C - 73°C | Throttling: None - None - None - None - None - None - None - None
3708 (4076989 Gflops/s) - 3675 (4040705 Gflops/s) - 3630 (3991227 Gflops/s) - 3599 (3957142 Gflops/s) - 3697 (4064894 Gflops/s) - 3715 (4084685 Gflops/s) - 3592 (3949445 Gflops/s) - 3581 (3937351 Gflops/s) | Temperatures: 61°C - 61°C - 72°C - 72°C - 61°C - 61°C - 72°C - 73°C | Throttling: None - None - None - None - None - None - None - None
3713 (4082486 Gflops/s) - 3672 (4037406 Gflops/s) - 3630 (3991227 Gflops/s) - 3604 (3962639 Gflops/s) - 3699 (4067093 Gflops/s) - 3709 (4078088 Gflops/s) - 3589 (3946147 Gflops/s) - 3575 (3930754 Gflops/s) | Temperatures: 61°C - 61°C - 72°C - 72°C - 61°C - 61°C - 72°C - 73°C | Throttling: None - None - None - None - None - None - None - None
3713 (4082486 Gflops/s) - 3676 (4041804 Gflops/s) - 3632 (3993426 Gflops/s) - 3596 (3953843 Gflops/s) - 3693 (4060496 Gflops/s) - 3707 (4075889 Gflops/s) - 3592 (3949445 Gflops/s) - 3577 (3932953 Gflops/s) | Temperatures: 60°C - 61°C - 72°C - 72°C - 61°C - 61°C - 72°C - 73°C | Throttling: None - None - None - None - None - None - None - None
3706 (4074790 Gflops/s) - 3677 (4042904 Gflops/s) - 3631 (3992326 Gflops/s) - 3596 (3953843 Gflops/s) - 3696 (4063794 Gflops/s) - 3711 (4080287 Gflops/s) - 3589 (3946147 Gflops/s) - 3576 (3931853 Gflops/s) | Temperatures: 61°C - 61°C - 72°C - 72°C - 61°C - 61°C - 72°C - 73°C | Throttling: None - None - None - None - None - None - None - None
3706 (4074790 Gflops/s) - 3674 (4039605 Gflops/s) - 3631 (3992326 Gflops/s) - 3598 (3956042 Gflops/s) - 3696 (4063794 Gflops/s) - 3714 (4083586 Gflops/s) - 3593 (3950545 Gflops/s) - 3575 (3930754 Gflops/s) | Temperatures: 60°C - 61°C - 72°C - 72°C - 61°C - 61°C - 72°C - 73°C | Throttling: None - None - None - None - None - None - None - None
3711 (4080287 Gflops/s) - 3673 (4038506 Gflops/s) - 3631 (3992326 Gflops/s) - 3598 (3956042 Gflops/s) - 3694 (4061595 Gflops/s) - 3714 (4083586 Gflops/s) - 3586 (3942848 Gflops/s) - 3577 (3932953 Gflops/s) | Temperatures: 61°C - 61°C - 72°C - 72°C - 61°C - 61°C - 72°C - 73°C | Throttling: None - None - None - None - None - None - None - None
3712 (4081387 Gflops/s) - 3676 (4041804 Gflops/s) - 3629 (3990127 Gflops/s) - 3605 (3963739 Gflops/s) - 3696 (4063794 Gflops/s) - 3707 (4075889 Gflops/s) - 3590 (3947246 Gflops/s) - 3576 (3931853 Gflops/s) | Temperatures: 61°C - 61°C - 72°C - 72°C - 61°C - 61°C - 72°C - 73°C | Throttling: None - None - None - None - None - None - None - None
3714 (4083586 Gflops/s) - 3675 (4040705 Gflops/s) - 3630 (3991227 Gflops/s) - 3598 (3956042 Gflops/s) - 3697 (4064894 Gflops/s) - 3708 (4076989 Gflops/s) - 3591 (3948346 Gflops/s) - 3579 (3935152 Gflops/s) | Temperatures: 61°C - 61°C - 72°C - 72°C - 61°C - 61°C - 72°C - 73°C | Throttling: None - None - None - None - None - None - None - None
3700 (4068193 Gflops/s) - 3674 (4039605 Gflops/s) - 3629 (3990127 Gflops/s) - 3598 (3956042 Gflops/s) - 3697 (4064894 Gflops/s) - 3715 (4084685 Gflops/s) - 3590 (3947246 Gflops/s) - 3572 (3927455 Gflops/s) | Temperatures: 60°C - 61°C - 72°C - 72°C - 61°C - 61°C - 72°C - 73°C | Throttling: None - None - None - None - None - None - None - None
3724 (4094581 Gflops/s) - 3677 (4042904 Gflops/s) - 3633 (3994525 Gflops/s) - 3602 (3960440 Gflops/s) - 3701 (4069292 Gflops/s) - 3716 (4085785 Gflops/s) - 3593 (3950545 Gflops/s) - 3580 (3936251 Gflops/s) | Temperatures: 61°C - 61°C - 72°C - 72°C - 61°C - 61°C - 72°C - 73°C | Throttling: None - None - None - None - None - None - None - None
3713 (4082486 Gflops/s) - 3673 (4038506 Gflops/s) - 3629 (3990127 Gflops/s) - 3598 (3956042 Gflops/s) - 3696 (4063794 Gflops/s) - 3711 (4080287 Gflops/s) - 3587 (3943948 Gflops/s) - 3577 (3932953 Gflops/s) | Temperatures: 61°C - 61°C - 72°C - 72°C - 61°C - 61°C - 72°C - 73°C | Throttling: None - None - None - None - None - None - None - None
3707 (4075889 Gflops/s) - 3676 (4041804 Gflops/s) - 3630 (3991227 Gflops/s) - 3596 (3953843 Gflops/s) - 3693 (4060496 Gflops/s) - 3703 (4071491 Gflops/s) - 3583 (3939550 Gflops/s) - 3577 (3932953 Gflops/s) | Temperatures: 61°C - 61°C - 72°C - 72°C - 61°C - 61°C - 72°C - 73°C | Throttling: None - None - None - None - None - None - None - None
3701 (4069292 Gflops/s) - 3673 (4038506 Gflops/s) - 3628 (3989028 Gflops/s) - 3598 (3956042 Gflops/s) - 3695 (4062695 Gflops/s) - 3714 (4083586 Gflops/s) - 3585 (3941749 Gflops/s) - 3577 (3932953 Gflops/s) | Temperatures: 61°C - 61°C - 72°C - 72°C - 61°C - 61°C - 72°C - 73°C | Throttling: None - None - None - None - None - None - None - None
3694 (4061595 Gflops/s) - 3676 (4041804 Gflops/s) - 3629 (3990127 Gflops/s) - 3594 (3951644 Gflops/s) - 3696 (4063794 Gflops/s) - 3711 (4080287 Gflops/s) - 3592 (3949445 Gflops/s) - 3574 (3929654 Gflops/s) | Temperatures: 60°C - 61°C - 72°C - 72°C - 61°C - 61°C - 72°C - 73°C | Throttling: None - None - None - None - None - None - None - None
3715 (4084685 Gflops/s) - 3676 (4041804 Gflops/s) - 3628 (3989028 Gflops/s) - 3595 (3952744 Gflops/s) - 3696 (4063794 Gflops/s) - 3713 (4082486 Gflops/s) - 3594 (3951644 Gflops/s) - 3575 (3930754 Gflops/s) | Temperatures: 61°C - 61°C - 72°C - 72°C - 61°C - 61°C - 72°C - 73°C | Throttling: None - None - None - None - None - None - None - None
3714 (4083586 Gflops/s) - 3672 (4037406 Gflops/s) - 3632 (3993426 Gflops/s) - 3598 (3956042 Gflops/s) - 3694 (4061595 Gflops/s) - 3711 (4080287 Gflops/s) - 3581 (3937351 Gflops/s) - 3573 (3928555 Gflops/s) | Temperatures: 61°C - 61°C - 72°C - 72°C - 61°C - 61°C - 72°C - 73°C | Throttling: None - None - None - None - None - None - None - None
3702 (4070392 Gflops/s) - 3676 (4041804 Gflops/s) - 3631 (3992326 Gflops/s) - 3600 (3958241 Gflops/s) - 3696 (4063794 Gflops/s) - 3707 (4075889 Gflops/s) - 3585 (3941749 Gflops/s) - 3572 (3927455 Gflops/s) | Temperatures: 60°C - 61°C - 72°C - 72°C - 61°C - 61°C - 72°C - 73°C | Throttling: None - None - None - None - None - None - None - None
3705 (4073690 Gflops/s) - 3672 (4037406 Gflops/s) - 3628 (3989028 Gflops/s) - 3598 (3956042 Gflops/s) - 3698 (4065993 Gflops/s) - 3705 (4073690 Gflops/s) - 3581 (3937351 Gflops/s) - 3578 (3934052 Gflops/s) | Temperatures: 61°C - 61°C - 72°C - 72°C - 61°C - 61°C - 72°C - 73°C | Throttling: None - None - None - None - None - None - None - None
3709 (4078088 Gflops/s) - 3675 (4040705 Gflops/s) - 3628 (3989028 Gflops/s) - 3600 (3958241 Gflops/s) - 3699 (4067093 Gflops/s) - 3714 (4083586 Gflops/s) - 3590 (3947246 Gflops/s) - 3576 (3931853 Gflops/s) | Temperatures: 60°C - 61°C - 72°C - 72°C - 61°C - 61°C - 72°C - 73°C | Throttling: None - None - None - None - None - None - None - None
3701 (4069292 Gflops/s) - 3675 (4040705 Gflops/s) - 3629 (3990127 Gflops/s) - 3599 (3957142 Gflops/s) - 3696 (4063794 Gflops/s) - 3715 (4084685 Gflops/s) - 3591 (3948346 Gflops/s) - 3574 (3929654 Gflops/s) | Temperatures: 61°C - 61°C - 72°C - 72°C - 61°C - 61°C - 72°C - 73°C | Throttling: None - None - None - None - None - None - None - None
3710 (4079188 Gflops/s) - 3672 (4037406 Gflops/s) - 3632 (3993426 Gflops/s) - 3598 (3956042 Gflops/s) - 3695 (4062695 Gflops/s) - 3703 (4071491 Gflops/s) - 3591 (3948346 Gflops/s) - 3577 (3932953 Gflops/s) | Temperatures: 61°C - 61°C - 72°C - 72°C - 61°C - 60°C - 72°C - 73°C | Throttling: None - None - None - None - None - None - None - None
3705 (4073690 Gflops/s) - 3675 (4040705 Gflops/s) - 3629 (3990127 Gflops/s) - 3589 (3946147 Gflops/s) - 3698 (4065993 Gflops/s) - 3712 (4081387 Gflops/s) - 3592 (3949445 Gflops/s) - 3573 (3928555 Gflops/s) | Temperatures: 61°C - 61°C - 72°C - 72°C - 61°C - 61°C - 72°C - 73°C | Throttling: None - None - None - None - None - None - None - None
3717 (4086884 Gflops/s) - 3672 (4037406 Gflops/s) - 3630 (3991227 Gflops/s) - 3598 (3956042 Gflops/s) - 3691 (4058297 Gflops/s) - 3715 (4084685 Gflops/s) - 3589 (3946147 Gflops/s) - 3579 (3935152 Gflops/s) | Temperatures: 61°C - 61°C - 72°C - 72°C - 61°C - 61°C - 72°C - 73°C | Throttling: None - None - None - None - None - None - None - None
3698 (4065993 Gflops/s) - 3680 (4046202 Gflops/s) - 3634 (3995625 Gflops/s) - 3610 (3969236 Gflops/s) - 3698 (4065993 Gflops/s) - 3716 (4085785 Gflops/s) - 3601 (3959341 Gflops/s) - 3580 (3936251 Gflops/s) | Temperatures: 61°C - 61°C - 72°C - 72°C - 61°C - 61°C - 72°C - 73°C | Throttling: None - None - None - None - None - None - None - None
3702 (4070392 Gflops/s) - 3674 (4039605 Gflops/s) - 3628 (3989028 Gflops/s) - 3595 (3952744 Gflops/s) - 3695 (4062695 Gflops/s) - 3713 (4082486 Gflops/s) - 3589 (3946147 Gflops/s) - 3578 (3934052 Gflops/s) | Temperatures: 60°C - 61°C - 72°C - 72°C - 61°C - 61°C - 72°C - 73°C | Throttling: None - None - None - None - None - None - None - None
3707 (4075889 Gflops/s) - 3673 (4038506 Gflops/s) - 3631 (3992326 Gflops/s) - 3599 (3957142 Gflops/s) - 3694 (4061595 Gflops/s) - 3704 (4072591 Gflops/s) - 3591 (3948346 Gflops/s) - 3575 (3930754 Gflops/s) | Temperatures: 61°C - 61°C - 72°C - 72°C - 61°C - 61°C - 72°C - 73°C | Throttling: None - None - None - None - None - None - None - None
3712 (4081387 Gflops/s) - 3673 (4038506 Gflops/s) - 3629 (3990127 Gflops/s) - 3598 (3956042 Gflops/s) - 3698 (4065993 Gflops/s) - 3715 (4084685 Gflops/s) - 3590 (3947246 Gflops/s) - 3578 (3934052 Gflops/s) | Temperatures: 61°C - 61°C - 72°C - 72°C - 61°C - 61°C - 72°C - 73°C | Throttling: None - None - None - None - None - None - None - None
3701 (4069292 Gflops/s) - 3676 (4041804 Gflops/s) - 3630 (3991227 Gflops/s) - 3598 (3956042 Gflops/s) - 3696 (4063794 Gflops/s) - 3713 (4082486 Gflops/s) - 3588 (3945047 Gflops/s) - 3576 (3931853 Gflops/s) | Temperatures: 60°C - 61°C - 72°C - 72°C - 61°C - 61°C - 72°C - 73°C | Throttling: None - None - None - None - None - None - None - None
3703 (4071491 Gflops/s) - 3676 (4041804 Gflops/s) - 3630 (3991227 Gflops/s) - 3595 (3952744 Gflops/s) - 3694 (4061595 Gflops/s) - 3711 (4080287 Gflops/s) - 3593 (3950545 Gflops/s) - 3577 (3932953 Gflops/s) | Temperatures: 61°C - 61°C - 72°C - 72°C - 61°C - 61°C - 72°C - 73°C | Throttling: None - None - None - None - None - None - None - None
3712 (4081387 Gflops/s) - 3672 (4037406 Gflops/s) - 3630 (3991227 Gflops/s) - 3593 (3950545 Gflops/s) - 3690 (4057197 Gflops/s) - 3713 (4082486 Gflops/s) - 3589 (3946147 Gflops/s) - 3578 (3934052 Gflops/s) | Temperatures: 61°C - 61°C - 72°C - 72°C - 61°C - 61°C - 72°C - 73°C | Throttling: None - None - None - None - None - None - None - None
3720 (4090183 Gflops/s) - 3675 (4040705 Gflops/s) - 3630 (3991227 Gflops/s) - 3597 (3954943 Gflops/s) - 3698 (4065993 Gflops/s) - 3714 (4083586 Gflops/s) - 3584 (3940649 Gflops/s) - 3575 (3930754 Gflops/s) | Temperatures: 61°C - 61°C - 72°C - 72°C - 61°C - 61°C - 72°C - 73°C | Throttling: None - None - None - None - None - None - None - None
3695 (4062695 Gflops/s) - 3673 (4038506 Gflops/s) - 3630 (3991227 Gflops/s) - 3600 (3958241 Gflops/s) - 3695 (4062695 Gflops/s) - 3706 (4074790 Gflops/s) - 3590 (3947246 Gflops/s) - 3578 (3934052 Gflops/s) | Temperatures: 61°C - 61°C - 72°C - 72°C - 61°C - 61°C - 72°C - 73°C | Throttling: None - None - None - None - None - None - None - None
3705 (4073690 Gflops/s) - 3674 (4039605 Gflops/s) - 3628 (3989028 Gflops/s) - 3593 (3950545 Gflops/s) - 3699 (4067093 Gflops/s) - 3715 (4084685 Gflops/s) - 3589 (3946147 Gflops/s) - 3576 (3931853 Gflops/s) | Temperatures: 61°C - 61°C - 72°C - 72°C - 61°C - 61°C - 72°C - 73°C | Throttling: None - None - None - None - None - None - None - None
3703 (4071491 Gflops/s) - 3675 (4040705 Gflops/s) - 3629 (3990127 Gflops/s) - 3605 (3963739 Gflops/s) - 3695 (4062695 Gflops/s) - 3705 (4073690 Gflops/s) - 3582 (3938450 Gflops/s) - 3578 (3934052 Gflops/s) | Temperatures: 60°C - 61°C - 72°C - 72°C - 61°C - 61°C - 72°C - 73°C | Throttling: None - None - None - None - None - None - None - None
3701 (4069292 Gflops/s) - 3677 (4042904 Gflops/s) - 3628 (3989028 Gflops/s) - 3596 (3953843 Gflops/s) - 3694 (4061595 Gflops/s) - 3709 (4078088 Gflops/s) - 3595 (3952744 Gflops/s) - 3576 (3931853 Gflops/s) | Temperatures: 60°C - 61°C - 72°C - 72°C - 61°C - 61°C - 72°C - 73°C | Throttling: None - None - None - None - None - None - None - None
3711 (4080287 Gflops/s) - 3675 (4040705 Gflops/s) - 3629 (3990127 Gflops/s) - 3596 (3953843 Gflops/s) - 3697 (4064894 Gflops/s) - 3715 (4084685 Gflops/s) - 3589 (3946147 Gflops/s) - 3577 (3932953 Gflops/s) | Temperatures: 61°C - 61°C - 72°C - 72°C - 61°C - 61°C - 71°C - 73°C | Throttling: None - None - None - None - None - None - None - None
3707 (4075889 Gflops/s) - 3677 (4042904 Gflops/s) - 3629 (3990127 Gflops/s) - 3593 (3950545 Gflops/s) - 3689 (4056098 Gflops/s) - 3716 (4085785 Gflops/s) - 3593 (3950545 Gflops/s) - 3576 (3931853 Gflops/s) | Temperatures: 61°C - 61°C - 72°C - 72°C - 61°C - 61°C - 72°C - 73°C | Throttling: None - None - None - None - None - None - None - None
3697 (4064894 Gflops/s) - 3675 (4040705 Gflops/s) - 3628 (3989028 Gflops/s) - 3593 (3950545 Gflops/s) - 3695 (4062695 Gflops/s) - 3714 (4083586 Gflops/s) - 3587 (3943948 Gflops/s) - 3577 (3932953 Gflops/s) | Temperatures: 60°C - 61°C - 72°C - 72°C - 61°C - 61°C - 72°C - 73°C | Throttling: None - None - None - None - None - None - None - None
3697 (4064894 Gflops/s) - 3677 (4042904 Gflops/s) - 3634 (3995625 Gflops/s) - 3602 (3960440 Gflops/s) - 3702 (4070392 Gflops/s) - 3715 (4084685 Gflops/s) - 3593 (3950545 Gflops/s) - 3578 (3934052 Gflops/s) | Temperatures: 60°C - 61°C - 72°C - 72°C - 61°C - 61°C - 72°C - 73°C | Throttling: None - None - None - None - None - None - None - None
3711 (4080287 Gflops/s) - 3673 (4038506 Gflops/s) - 3633 (3994525 Gflops/s) - 3595 (3952744 Gflops/s) - 3696 (4063794 Gflops/s) - 3706 (4074790 Gflops/s) - 3592 (3949445 Gflops/s) - 3579 (3935152 Gflops/s) | Temperatures: 61°C - 61°C - 72°C - 72°C - 61°C - 61°C - 72°C - 73°C | Throttling: None - None - None - None - None - None - None - None
3710 (4079188 Gflops/s) - 3675 (4040705 Gflops/s) - 3629 (3990127 Gflops/s) - 3595 (3952744 Gflops/s) - 3694 (4061595 Gflops/s) - 3713 (4082486 Gflops/s) - 3586 (3942848 Gflops/s) - 3575 (3930754 Gflops/s) | Temperatures: 60°C - 61°C - 72°C - 72°C - 61°C - 61°C - 72°C - 73°C | Throttling: None - None - None - None - None - None - None - None
3706 (4074790 Gflops/s) - 3674 (4039605 Gflops/s) - 3630 (3991227 Gflops/s) - 3600 (3958241 Gflops/s) - 3697 (4064894 Gflops/s) - 3705 (4073690 Gflops/s) - 3589 (3946147 Gflops/s) - 3580 (3936251 Gflops/s) | Temperatures: 61°C - 61°C - 72°C - 72°C - 61°C - 61°C - 72°C - 73°C | Throttling: None - None - None - None - None - None - None - None
3719 (4089083 Gflops/s) - 3674 (4039605 Gflops/s) - 3629 (3990127 Gflops/s) - 3597 (3954943 Gflops/s) - 3696 (4063794 Gflops/s) - 3706 (4074790 Gflops/s) - 3590 (3947246 Gflops/s) - 3573 (3928555 Gflops/s) | Temperatures: 61°C - 61°C - 72°C - 72°C - 61°C - 61°C - 72°C - 73°C | Throttling: None - None - None - None - None - None - None - None
3703 (4071491 Gflops/s) - 3672 (4037406 Gflops/s) - 3632 (3993426 Gflops/s) - 3600 (3958241 Gflops/s) - 3695 (4062695 Gflops/s) - 3711 (4080287 Gflops/s) - 3583 (3939550 Gflops/s) - 3581 (3937351 Gflops/s) | Temperatures: 61°C - 61°C - 72°C - 72°C - 61°C - 61°C - 72°C - 73°C | Throttling: None - None - None - None - None - None - None - None
3703 (4071491 Gflops/s) - 3672 (4037406 Gflops/s) - 3630 (3991227 Gflops/s) - 3597 (3954943 Gflops/s) - 3694 (4061595 Gflops/s) - 3712 (4081387 Gflops/s) - 3596 (3953843 Gflops/s) - 3571 (3926356 Gflops/s) | Temperatures: 61°C - 61°C - 72°C - 72°C - 61°C - 61°C - 72°C - 73°C | Throttling: None - None - None - None - None - None - None - None
3716 (4085785 Gflops/s) - 3675 (4040705 Gflops/s) - 3628 (3989028 Gflops/s) - 3601 (3959341 Gflops/s) - 3697 (4064894 Gflops/s) - 3713 (4082486 Gflops/s) - 3585 (3941749 Gflops/s) - 3577 (3932953 Gflops/s) | Temperatures: 61°C - 61°C - 72°C - 72°C - 61°C - 61°C - 72°C - 73°C | Throttling: None - None - None - None - None - None - None - None
3710 (4079188 Gflops/s) - 3677 (4042904 Gflops/s) - 3629 (3990127 Gflops/s) - 3599 (3957142 Gflops/s) - 3695 (4062695 Gflops/s) - 3714 (4083586 Gflops/s) - 3591 (3948346 Gflops/s) - 3573 (3928555 Gflops/s) | Temperatures: 61°C - 61°C - 72°C - 72°C - 61°C - 61°C - 72°C - 73°C | Throttling: None - None - None - None - None - None - None - None
3685 (4051700 Gflops/s) - 3677 (4042904 Gflops/s) - 3630 (3991227 Gflops/s) - 3596 (3953843 Gflops/s) - 3694 (4061595 Gflops/s) - 3714 (4083586 Gflops/s) - 3585 (3941749 Gflops/s) - 3575 (3930754 Gflops/s) | Temperatures: 60°C - 61°C - 72°C - 72°C - 61°C - 61°C - 72°C - 73°C | Throttling: None - None - None - None - None - None - None - None
3712 (4081387 Gflops/s) - 3674 (4039605 Gflops/s) - 3629 (3990127 Gflops/s) - 3596 (3953843 Gflops/s) - 3692 (4059396 Gflops/s) - 3711 (4080287 Gflops/s) - 3586 (3942848 Gflops/s) - 3572 (3927455 Gflops/s) | Temperatures: 61°C - 61°C - 72°C - 72°C - 61°C - 61°C - 72°C - 73°C | Throttling: None - None - None - None - None - None - None - None
3706 (4074790 Gflops/s) - 3677 (4042904 Gflops/s) - 3630 (3991227 Gflops/s) - 3599 (3957142 Gflops/s) - 3690 (4057197 Gflops/s) - 3712 (4081387 Gflops/s) - 3591 (3948346 Gflops/s) - 3576 (3931853 Gflops/s) | Temperatures: 60°C - 61°C - 72°C - 72°C - 61°C - 61°C - 72°C - 73°C | Throttling: None - None - None - None - None - None - None - None
3699 (4067093 Gflops/s) - 3676 (4041804 Gflops/s) - 3627 (3987928 Gflops/s) - 3597 (3954943 Gflops/s) - 3696 (4063794 Gflops/s) - 3712 (4081387 Gflops/s) - 3587 (3943948 Gflops/s) - 3579 (3935152 Gflops/s) | Temperatures: 61°C - 61°C - 72°C - 72°C - 61°C - 61°C - 72°C - 73°C | Throttling: None - None - None - None - None - None - None - None
3707 (4075889 Gflops/s) - 3678 (4044003 Gflops/s) - 3634 (3995625 Gflops/s) - 3603 (3961540 Gflops/s) - 3697 (4064894 Gflops/s) - 3714 (4083586 Gflops/s) - 3590 (3947246 Gflops/s) - 3578 (3934052 Gflops/s) | Temperatures: 61°C - 61°C - 72°C - 72°C - 61°C - 61°C - 72°C - 73°C | Throttling: None - None - None - None - None - None - None - None
3699 (4067093 Gflops/s) - 3672 (4037406 Gflops/s) - 3630 (3991227 Gflops/s) - 3598 (3956042 Gflops/s) - 3693 (4060496 Gflops/s) - 3711 (4080287 Gflops/s) - 3587 (3943948 Gflops/s) - 3573 (3928555 Gflops/s) | Temperatures: 60°C - 60°C - 72°C - 72°C - 61°C - 61°C - 72°C - 73°C | Throttling: None - None - None - None - None - None - None - None
3715 (4084685 Gflops/s) - 3676 (4041804 Gflops/s) - 3629 (3990127 Gflops/s) - 3596 (3953843 Gflops/s) - 3695 (4062695 Gflops/s) - 3710 (4079188 Gflops/s) - 3598 (3956042 Gflops/s) - 3574 (3929654 Gflops/s) | Temperatures: 61°C - 61°C - 72°C - 72°C - 61°C - 61°C - 72°C - 73°C | Throttling: None - None - None - None - None - None - None - None
3709 (4078088 Gflops/s) - 3674 (4039605 Gflops/s) - 3628 (3989028 Gflops/s) - 3594 (3951644 Gflops/s) - 3696 (4063794 Gflops/s) - 3710 (4079188 Gflops/s) - 3588 (3945047 Gflops/s) - 3579 (3935152 Gflops/s) | Temperatures: 60°C - 61°C - 72°C - 72°C - 61°C - 61°C - 72°C - 73°C | Throttling: None - None - None - None - None - None - None - None
3703 (4071491 Gflops/s) - 3676 (4041804 Gflops/s) - 3630 (3991227 Gflops/s) - 3598 (3956042 Gflops/s) - 3694 (4061595 Gflops/s) - 3714 (4083586 Gflops/s) - 3600 (3958241 Gflops/s) - 3576 (3931853 Gflops/s) | Temperatures: 61°C - 61°C - 72°C - 72°C - 61°C - 61°C - 72°C - 73°C | Throttling: None - None - None - None - None - None - None - None
3706 (4074790 Gflops/s) - 3677 (4042904 Gflops/s) - 3628 (3989028 Gflops/s) - 3594 (3951644 Gflops/s) - 3698 (4065993 Gflops/s) - 3716 (4085785 Gflops/s) - 3587 (3943948 Gflops/s) - 3576 (3931853 Gflops/s) | Temperatures: 60°C - 61°C - 72°C - 72°C - 61°C - 61°C - 72°C - 73°C | Throttling: None - None - None - None - None - None - None - None
3720 (4090183 Gflops/s) - 3677 (4042904 Gflops/s) - 3628 (3989028 Gflops/s) - 3599 (3957142 Gflops/s) - 3697 (4064894 Gflops/s) - 3706 (4074790 Gflops/s) - 3587 (3943948 Gflops/s) - 3576 (3931853 Gflops/s) | Temperatures: 61°C - 61°C - 72°C - 72°C - 61°C - 61°C - 72°C - 73°C | Throttling: None - None - None - None - None - None - None - None
3703 (4071491 Gflops/s) - 3673 (4038506 Gflops/s) - 3629 (3990127 Gflops/s) - 3597 (3954943 Gflops/s) - 3699 (4067093 Gflops/s) - 3708 (4076989 Gflops/s) - 3583 (3939550 Gflops/s) - 3573 (3928555 Gflops/s) | Temperatures: 60°C - 61°C - 72°C - 72°C - 61°C - 61°C - 72°C - 73°C | Throttling: None - None - None - None - None - None - None - None
3712 (4081387 Gflops/s) - 3673 (4038506 Gflops/s) - 3628 (3989028 Gflops/s) - 3599 (3957142 Gflops/s) - 3694 (4061595 Gflops/s) - 3714 (4083586 Gflops/s) - 3590 (3947246 Gflops/s) - 3576 (3931853 Gflops/s) | Temperatures: 61°C - 61°C - 72°C - 72°C - 61°C - 61°C - 72°C - 73°C | Throttling: None - None - None - None - None - None - None - None
3711 (4080287 Gflops/s) - 3677 (4042904 Gflops/s) - 3629 (3990127 Gflops/s) - 3598 (3956042 Gflops/s) - 3697 (4064894 Gflops/s) - 3717 (4086884 Gflops/s) - 3588 (3945047 Gflops/s) - 3576 (3931853 Gflops/s) | Temperatures: 61°C - 61°C - 72°C - 72°C - 61°C - 61°C - 72°C - 73°C | Throttling: None - None - None - None - None - None - None - None
3708 (4076989 Gflops/s) - 3673 (4038506 Gflops/s) - 3629 (3990127 Gflops/s) - 3605 (3963739 Gflops/s) - 3696 (4063794 Gflops/s) - 3712 (4081387 Gflops/s) - 3597 (3954943 Gflops/s) - 3578 (3934052 Gflops/s) | Temperatures: 61°C - 61°C - 72°C - 72°C - 61°C - 61°C - 72°C - 73°C | Throttling: None - None - None - None - None - None - None - None
3712 (4081387 Gflops/s) - 3674 (4039605 Gflops/s) - 3628 (3989028 Gflops/s) - 3601 (3959341 Gflops/s) - 3697 (4064894 Gflops/s) - 3706 (4074790 Gflops/s) - 3590 (3947246 Gflops/s) - 3574 (3929654 Gflops/s) | Temperatures: 61°C - 61°C - 72°C - 72°C - 61°C - 61°C - 72°C - 73°C | Throttling: None - None - None - None - None - None - None - None
3699 (4067093 Gflops/s) - 3678 (4044003 Gflops/s) - 3634 (3995625 Gflops/s) - 3602 (3960440 Gflops/s) - 3698 (4065993 Gflops/s) - 3717 (4086884 Gflops/s) - 3591 (3948346 Gflops/s) - 3580 (3936251 Gflops/s) | Temperatures: 60°C - 61°C - 72°C - 72°C - 61°C - 61°C - 72°C - 73°C | Throttling: None - None - None - None - None - None - None - None
3701 (4069292 Gflops/s) - 3672 (4037406 Gflops/s) - 3629 (3990127 Gflops/s) - 3589 (3946147 Gflops/s) - 3694 (4061595 Gflops/s) - 3709 (4078088 Gflops/s) - 3588 (3945047 Gflops/s) - 3576 (3931853 Gflops/s) | Temperatures: 60°C - 61°C - 72°C - 72°C - 61°C - 61°C - 71°C - 73°C | Throttling: None - None - None - None - None - None - None - None
3706 (4074790 Gflops/s) - 3675 (4040705 Gflops/s) - 3630 (3991227 Gflops/s) - 3597 (3954943 Gflops/s) - 3694 (4061595 Gflops/s) - 3716 (4085785 Gflops/s) - 3586 (3942848 Gflops/s) - 3580 (3936251 Gflops/s) | Temperatures: 61°C - 61°C - 72°C - 72°C - 61°C - 61°C - 72°C - 73°C | Throttling: None - None - None - None - None - None - None - None
3714 (4083586 Gflops/s) - 3674 (4039605 Gflops/s) - 3629 (3990127 Gflops/s) - 3594 (3951644 Gflops/s) - 3693 (4060496 Gflops/s) - 3714 (4083586 Gflops/s) - 3586 (3942848 Gflops/s) - 3574 (3929654 Gflops/s) | Temperatures: 61°C - 61°C - 72°C - 72°C - 61°C - 61°C - 72°C - 73°C | Throttling: None - None - None - None - None - None - None - None
3712 (4081387 Gflops/s) - 3678 (4044003 Gflops/s) - 3630 (3991227 Gflops/s) - 3599 (3957142 Gflops/s) - 3697 (4064894 Gflops/s) - 3704 (4072591 Gflops/s) - 3583 (3939550 Gflops/s) - 3576 (3931853 Gflops/s) | Temperatures: 61°C - 61°C - 72°C - 72°C - 61°C - 61°C - 72°C - 73°C | Throttling: None - None - None - None - None - None - None - None
3706 (4074790 Gflops/s) - 3673 (4038506 Gflops/s) - 3632 (3993426 Gflops/s) - 3594 (3951644 Gflops/s) - 3698 (4065993 Gflops/s) - 3708 (4076989 Gflops/s) - 3581 (3937351 Gflops/s) - 3578 (3934052 Gflops/s) | Temperatures: 61°C - 61°C - 72°C - 72°C - 61°C - 61°C - 72°C - 73°C | Throttling: None - None - None - None - None - None - None - None
3691 (4058297 Gflops/s) - 3676 (4041804 Gflops/s) - 3630 (3991227 Gflops/s) - 3597 (3954943 Gflops/s) - 3696 (4063794 Gflops/s) - 3714 (4083586 Gflops/s) - 3583 (3939550 Gflops/s) - 3575 (3930754 Gflops/s) | Temperatures: 60°C - 61°C - 72°C - 72°C - 61°C - 61°C - 72°C - 73°C | Throttling: None - None - None - None - None - None - None - None
3710 (4079188 Gflops/s) - 3673 (4038506 Gflops/s) - 3627 (3987928 Gflops/s) - 3594 (3951644 Gflops/s) - 3697 (4064894 Gflops/s) - 3713 (4082486 Gflops/s) - 3586 (3942848 Gflops/s) - 3574 (3929654 Gflops/s) | Temperatures: 61°C - 61°C - 72°C - 72°C - 61°C - 61°C - 72°C - 73°C | Throttling: None - None - None - None - None - None - None - None
3716 (4085785 Gflops/s) - 3674 (4039605 Gflops/s) - 3630 (3991227 Gflops/s) - 3596 (3953843 Gflops/s) - 3694 (4061595 Gflops/s) - 3707 (4075889 Gflops/s) - 3596 (3953843 Gflops/s) - 3573 (3928555 Gflops/s) | Temperatures: 61°C - 61°C - 72°C - 72°C - 61°C - 61°C - 72°C - 73°C | Throttling: None - None - None - None - None - None - None - None
3702 (4070392 Gflops/s) - 3676 (4041804 Gflops/s) - 3629 (3990127 Gflops/s) - 3594 (3951644 Gflops/s) - 3692 (4059396 Gflops/s) - 3714 (4083586 Gflops/s) - 3586 (3942848 Gflops/s) - 3575 (3930754 Gflops/s) | Temperatures: 60°C - 61°C - 72°C - 72°C - 61°C - 61°C - 72°C - 73°C | Throttling: None - None - None - None - None - None - None - None
3706 (4074790 Gflops/s) - 3673 (4038506 Gflops/s) - 3628 (3989028 Gflops/s) - 3596 (3953843 Gflops/s) - 3695 (4062695 Gflops/s) - 3708 (4076989 Gflops/s) - 3598 (3956042 Gflops/s) - 3577 (3932953 Gflops/s) | Temperatures: 61°C - 61°C - 72°C - 72°C - 61°C - 61°C - 72°C - 73°C | Throttling: None - None - None - None - None - None - None - None
3712 (4081387 Gflops/s) - 3679 (4045103 Gflops/s) - 3633 (3994525 Gflops/s) - 3597 (3954943 Gflops/s) - 3699 (4067093 Gflops/s) - 3711 (4080287 Gflops/s) - 3597 (3954943 Gflops/s) - 3577 (3932953 Gflops/s) | Temperatures: 61°C - 61°C - 72°C - 72°C - 61°C - 61°C - 72°C - 73°C | Throttling: None - None - None - None - None - None - None - None
3708 (4076989 Gflops/s) - 3677 (4042904 Gflops/s) - 3631 (3992326 Gflops/s) - 3601 (3959341 Gflops/s) - 3699 (4067093 Gflops/s) - 3716 (4085785 Gflops/s) - 3589 (3946147 Gflops/s) - 3579 (3935152 Gflops/s) | Temperatures: 61°C - 61°C - 72°C - 72°C - 61°C - 61°C - 72°C - 73°C | Throttling: None - None - None - None - None - None - None - None
3711 (4080287 Gflops/s) - 3674 (4039605 Gflops/s) - 3631 (3992326 Gflops/s) - 3598 (3956042 Gflops/s) - 3696 (4063794 Gflops/s) - 3705 (4073690 Gflops/s) - 3591 (3948346 Gflops/s) - 3571 (3926356 Gflops/s) | Temperatures: 61°C - 61°C - 72°C - 72°C - 61°C - 61°C - 72°C - 73°C | Throttling: None - None - None - None - None - None - None - None
3720 (4090183 Gflops/s) - 3674 (4039605 Gflops/s) - 3629 (3990127 Gflops/s) - 3594 (3951644 Gflops/s) - 3696 (4063794 Gflops/s) - 3707 (4075889 Gflops/s) - 3596 (3953843 Gflops/s) - 3574 (3929654 Gflops/s) | Temperatures: 61°C - 61°C - 72°C - 72°C - 61°C - 61°C - 72°C - 73°C | Throttling: None - None - None - None - None - None - None - None
3709 (4078088 Gflops/s) - 3673 (4038506 Gflops/s) - 3629 (3990127 Gflops/s) - 3595 (3952744 Gflops/s) - 3695 (4062695 Gflops/s) - 3707 (4075889 Gflops/s) - 3596 (3953843 Gflops/s) - 3578 (3934052 Gflops/s) | Temperatures: 61°C - 61°C - 72°C - 72°C - 61°C - 61°C - 72°C - 73°C | Throttling: None - None - None - None - None - None - None - None
3713 (4082486 Gflops/s) - 3672 (4037406 Gflops/s) - 3629 (3990127 Gflops/s) - 3588 (3945047 Gflops/s) - 3694 (4061595 Gflops/s) - 3716 (4085785 Gflops/s) - 3591 (3948346 Gflops/s) - 3577 (3932953 Gflops/s) | Temperatures: 61°C - 61°C - 72°C - 72°C - 61°C - 61°C - 71°C - 73°C | Throttling: None - None - None - None - None - None - None - None
3718 (4087984 Gflops/s) - 3673 (4038506 Gflops/s) - 3628 (3989028 Gflops/s) - 3601 (3959341 Gflops/s) - 3697 (4064894 Gflops/s) - 3708 (4076989 Gflops/s) - 3592 (3949445 Gflops/s) - 3572 (3927455 Gflops/s) | Temperatures: 61°C - 61°C - 72°C - 72°C - 61°C - 61°C - 72°C - 73°C | Throttling: None - None - None - None - None - None - None - None
3718 (4087984 Gflops/s) - 3680 (4046202 Gflops/s) - 3629 (3990127 Gflops/s) - 3599 (3957142 Gflops/s) - 3694 (4061595 Gflops/s) - 3713 (4082486 Gflops/s) - 3587 (3943948 Gflops/s) - 3574 (3929654 Gflops/s) | Temperatures: 61°C - 61°C - 72°C - 72°C - 61°C - 61°C - 72°C - 73°C | Throttling: None - None - None - None - None - None - None - None
3722 (4092382 Gflops/s) - 3677 (4042904 Gflops/s) - 3635 (3996724 Gflops/s) - 3602 (3960440 Gflops/s) - 3702 (4070392 Gflops/s) - 3718 (4087984 Gflops/s) - 3597 (3954943 Gflops/s) - 3579 (3935152 Gflops/s) | Temperatures: 61°C - 61°C - 72°C - 72°C - 61°C - 61°C - 72°C - 73°C | Throttling: None - None - None - None - None - None - None - None
3702 (4070392 Gflops/s) - 3675 (4040705 Gflops/s) - 3631 (3992326 Gflops/s) - 3607 (3965938 Gflops/s) - 3692 (4059396 Gflops/s) - 3713 (4082486 Gflops/s) - 3593 (3950545 Gflops/s) - 3576 (3931853 Gflops/s) | Temperatures: 60°C - 61°C - 72°C - 72°C - 61°C - 61°C - 72°C - 73°C | Throttling: None - None - None - None - None - None - None - None
3707 (4075889 Gflops/s) - 3675 (4040705 Gflops/s) - 3629 (3990127 Gflops/s) - 3594 (3951644 Gflops/s) - 3693 (4060496 Gflops/s) - 3708 (4076989 Gflops/s) - 3586 (3942848 Gflops/s) - 3579 (3935152 Gflops/s) | Temperatures: 61°C - 61°C - 72°C - 72°C - 61°C - 61°C - 72°C - 73°C | Throttling: None - None - None - None - None - None - None - None
3704 (4072591 Gflops/s) - 3673 (4038506 Gflops/s) - 3632 (3993426 Gflops/s) - 3597 (3954943 Gflops/s) - 3698 (4065993 Gflops/s) - 3705 (4073690 Gflops/s) - 3587 (3943948 Gflops/s) - 3573 (3928555 Gflops/s) | Temperatures: 61°C - 61°C - 72°C - 72°C - 61°C - 61°C - 72°C - 73°C | Throttling: None - None - None - None - None - None - None - None
3709 (4078088 Gflops/s) - 3677 (4042904 Gflops/s) - 3627 (3987928 Gflops/s) - 3596 (3953843 Gflops/s) - 3694 (4061595 Gflops/s) - 3715 (4084685 Gflops/s) - 3589 (3946147 Gflops/s) - 3579 (3935152 Gflops/s) | Temperatures: 61°C - 61°C - 72°C - 72°C - 61°C - 61°C - 72°C - 73°C | Throttling: None - None - None - None - None - None - None - None
3712 (4081387 Gflops/s) - 3676 (4041804 Gflops/s) - 3630 (3991227 Gflops/s) - 3602 (3960440 Gflops/s) - 3695 (4062695 Gflops/s) - 3715 (4084685 Gflops/s) - 3582 (3938450 Gflops/s) - 3572 (3927455 Gflops/s) | Temperatures: 61°C - 61°C - 72°C - 72°C - 61°C - 61°C - 72°C - 73°C | Throttling: None - None - None - None - None - None - None - None
3709 (4078088 Gflops/s) - 3673 (4038506 Gflops/s) - 3628 (3989028 Gflops/s) - 3604 (3962639 Gflops/s) - 3690 (4057197 Gflops/s) - 3708 (4076989 Gflops/s) - 3586 (3942848 Gflops/s) - 3574 (3929654 Gflops/s) | Temperatures: 61°C - 61°C - 72°C - 72°C - 61°C - 61°C - 72°C - 73°C | Throttling: None - None - None - None - None - None - None - None
3700 (4068193 Gflops/s) - 3674 (4039605 Gflops/s) - 3627 (3987928 Gflops/s) - 3595 (3952744 Gflops/s) - 3698 (4065993 Gflops/s) - 3701 (4069292 Gflops/s) - 3593 (3950545 Gflops/s) - 3578 (3934052 Gflops/s) | Temperatures: 60°C - 61°C - 72°C - 72°C - 61°C - 61°C - 72°C - 73°C | Throttling: None - None - None - None - None - None - None - None
3710 (4079188 Gflops/s) - 3670 (4035207 Gflops/s) - 3628 (3989028 Gflops/s) - 3597 (3954943 Gflops/s) - 3700 (4068193 Gflops/s) - 3705 (4073690 Gflops/s) - 3593 (3950545 Gflops/s) - 3579 (3935152 Gflops/s) | Temperatures: 60°C - 61°C - 72°C - 72°C - 61°C - 61°C - 72°C - 73°C | Throttling: None - None - None - None - None - None - None - None
3710 (4079188 Gflops/s) - 3677 (4042904 Gflops/s) - 3632 (3993426 Gflops/s) - 3599 (3957142 Gflops/s) - 3698 (4065993 Gflops/s) - 3715 (4084685 Gflops/s) - 3587 (3943948 Gflops/s) - 3578 (3934052 Gflops/s) | Temperatures: 61°C - 61°C - 72°C - 72°C - 61°C - 61°C - 72°C - 73°C | Throttling: None - None - None - None - None - None - None - None
3713 (4082486 Gflops/s) - 3675 (4040705 Gflops/s) - 3629 (3990127 Gflops/s) - 3592 (3949445 Gflops/s) - 3696 (4063794 Gflops/s) - 3711 (4080287 Gflops/s) - 3585 (3941749 Gflops/s) - 3573 (3928555 Gflops/s) | Temperatures: 61°C - 61°C - 72°C - 72°C - 61°C - 61°C - 72°C - 73°C | Throttling: None - None - None - None - None - None - None - None
3706 (4074790 Gflops/s) - 3673 (4038506 Gflops/s) - 3630 (3991227 Gflops/s) - 3594 (3951644 Gflops/s) - 3694 (4061595 Gflops/s) - 3713 (4082486 Gflops/s) - 3590 (3947246 Gflops/s) - 3575 (3930754 Gflops/s) | Temperatures: 61°C - 61°C - 72°C - 72°C - 61°C - 61°C - 72°C - 73°C | Throttling: None - None - None - None - None - None - None - None
3706 (4074790 Gflops/s) - 3677 (4042904 Gflops/s) - 3630 (3991227 Gflops/s) - 3596 (3953843 Gflops/s) - 3696 (4063794 Gflops/s) - 3714 (4083586 Gflops/s) - 3596 (3953843 Gflops/s) - 3575 (3930754 Gflops/s) | Temperatures: 60°C - 61°C - 72°C - 72°C - 61°C - 61°C - 72°C - 73°C | Throttling: None - None - None - None - None - None - None - None
3711 (4080287 Gflops/s) - 3673 (4038506 Gflops/s) - 3630 (3991227 Gflops/s) - 3594 (3951644 Gflops/s) - 3694 (4061595 Gflops/s) - 3715 (4084685 Gflops/s) - 3589 (3946147 Gflops/s) - 3571 (3926356 Gflops/s) | Temperatures: 60°C - 61°C - 72°C - 72°C - 61°C - 61°C - 72°C - 73°C | Throttling: None - None - None - None - None - None - None - None
3709 (4078088 Gflops/s) - 3674 (4039605 Gflops/s) - 3630 (3991227 Gflops/s) - 3593 (3950545 Gflops/s) - 3699 (4067093 Gflops/s) - 3713 (4082486 Gflops/s) - 3587 (3943948 Gflops/s) - 3575 (3930754 Gflops/s) | Temperatures: 60°C - 61°C - 72°C - 72°C - 61°C - 61°C - 72°C - 73°C | Throttling: None - None - None - None - None - None - None - None
3704 (4072591 Gflops/s) - 3676 (4041804 Gflops/s) - 3633 (3994525 Gflops/s) - 3593 (3950545 Gflops/s) - 3695 (4062695 Gflops/s) - 3714 (4083586 Gflops/s) - 3585 (3941749 Gflops/s) - 3572 (3927455 Gflops/s) | Temperatures: 60°C - 61°C - 72°C - 72°C - 61°C - 61°C - 72°C - 73°C | Throttling: None - None - None - None - None - None - None - None
3694 (4061595 Gflops/s) - 3678 (4044003 Gflops/s) - 3630 (3991227 Gflops/s) - 3598 (3956042 Gflops/s) - 3694 (4061595 Gflops/s) - 3714 (4083586 Gflops/s) - 3586 (3942848 Gflops/s) - 3571 (3926356 Gflops/s) | Temperatures: 60°C - 61°C - 72°C - 72°C - 61°C - 61°C - 72°C - 73°C | Throttling: None - None - None - None - None - None - None - None
3710 (4079188 Gflops/s) - 3676 (4041804 Gflops/s) - 3630 (3991227 Gflops/s) - 3602 (3960440 Gflops/s) - 3699 (4067093 Gflops/s) - 3711 (4080287 Gflops/s) - 3591 (3948346 Gflops/s) - 3576 (3931853 Gflops/s) | Temperatures: 61°C - 61°C - 72°C - 72°C - 61°C - 61°C - 72°C - 73°C | Throttling: None - None - None - None - None - None - None - None
3699 (4067093 Gflops/s) - 3675 (4040705 Gflops/s) - 3630 (3991227 Gflops/s) - 3607 (3965938 Gflops/s) - 3699 (4067093 Gflops/s) - 3712 (4081387 Gflops/s) - 3588 (3945047 Gflops/s) - 3579 (3935152 Gflops/s) | Temperatures: 60°C - 61°C - 72°C - 72°C - 61°C - 61°C - 72°C - 73°C | Throttling: None - None - None - None - None - None - None - None
3704 (4072591 Gflops/s) - 3675 (4040705 Gflops/s) - 3628 (3989028 Gflops/s) - 3595 (3952744 Gflops/s) - 3697 (4064894 Gflops/s) - 3713 (4082486 Gflops/s) - 3586 (3942848 Gflops/s) - 3571 (3926356 Gflops/s) | Temperatures: 61°C - 61°C - 72°C - 72°C - 61°C - 61°C - 72°C - 73°C | Throttling: None - None - None - None - None - None - None - None
3720 (4090183 Gflops/s) - 3678 (4044003 Gflops/s) - 3634 (3995625 Gflops/s) - 3595 (3952744 Gflops/s) - 3701 (4069292 Gflops/s) - 3717 (4086884 Gflops/s) - 3600 (3958241 Gflops/s) - 3584 (3940649 Gflops/s) | Temperatures: 61°C - 61°C - 72°C - 72°C - 61°C - 61°C - 72°C - 73°C | Throttling: None - None - None - None - None - None - None - None
3710 (4079188 Gflops/s) - 3669 (4034108 Gflops/s) - 3631 (3992326 Gflops/s) - 3594 (3951644 Gflops/s) - 3697 (4064894 Gflops/s) - 3713 (4082486 Gflops/s) - 3599 (3957142 Gflops/s) - 3572 (3927455 Gflops/s) | Temperatures: 60°C - 61°C - 72°C - 72°C - 61°C - 61°C - 72°C - 73°C | Throttling: None - None - None - None - None - None - None - None
3708 (4076989 Gflops/s) - 3676 (4041804 Gflops/s) - 3632 (3993426 Gflops/s) - 3598 (3956042 Gflops/s) - 3694 (4061595 Gflops/s) - 3715 (4084685 Gflops/s) - 3590 (3947246 Gflops/s) - 3578 (3934052 Gflops/s) | Temperatures: 61°C - 61°C - 72°C - 72°C - 61°C - 61°C - 72°C - 73°C | Throttling: None - None - None - None - None - None - None - None
3703 (4071491 Gflops/s) - 3671 (4036307 Gflops/s) - 3628 (3989028 Gflops/s) - 3596 (3953843 Gflops/s) - 3696 (4063794 Gflops/s) - 3710 (4079188 Gflops/s) - 3591 (3948346 Gflops/s) - 3573 (3928555 Gflops/s) | Temperatures: 60°C - 61°C - 72°C - 72°C - 61°C - 61°C - 72°C - 73°C | Throttling: None - None - None - None - None - None - None - None
3709 (4078088 Gflops/s) - 3676 (4041804 Gflops/s) - 3630 (3991227 Gflops/s) - 3598 (3956042 Gflops/s) - 3696 (4063794 Gflops/s) - 3715 (4084685 Gflops/s) - 3583 (3939550 Gflops/s) - 3580 (3936251 Gflops/s) | Temperatures: 60°C - 61°C - 72°C - 72°C - 61°C - 61°C - 71°C - 73°C | Throttling: None - None - None - None - None - None - None - None
3705 (4073690 Gflops/s) - 3676 (4041804 Gflops/s) - 3629 (3990127 Gflops/s) - 3590 (3947246 Gflops/s) - 3692 (4059396 Gflops/s) - 3713 (4082486 Gflops/s) - 3599 (3957142 Gflops/s) - 3576 (3931853 Gflops/s) | Temperatures: 61°C - 61°C - 72°C - 72°C - 61°C - 61°C - 72°C - 73°C | Throttling: None - None - None - None - None - None - None - None
3700 (4068193 Gflops/s) - 3674 (4039605 Gflops/s) - 3630 (3991227 Gflops/s) - 3595 (3952744 Gflops/s) - 3695 (4062695 Gflops/s) - 3706 (4074790 Gflops/s) - 3594 (3951644 Gflops/s) - 3572 (3927455 Gflops/s) | Temperatures: 60°C - 61°C - 72°C - 72°C - 61°C - 61°C - 72°C - 73°C | Throttling: None - None - None - None - None - None - None - None
3711 (4080287 Gflops/s) - 3676 (4041804 Gflops/s) - 3629 (3990127 Gflops/s) - 3598 (3956042 Gflops/s) - 3698 (4065993 Gflops/s) - 3710 (4079188 Gflops/s) - 3589 (3946147 Gflops/s) - 3582 (3938450 Gflops/s) | Temperatures: 61°C - 61°C - 72°C - 72°C - 61°C - 61°C - 72°C - 73°C | Throttling: None - None - None - None - None - None - None - None
3703 (4071491 Gflops/s) - 3672 (4037406 Gflops/s) - 3632 (3993426 Gflops/s) - 3597 (3954943 Gflops/s) - 3694 (4061595 Gflops/s) - 3713 (4082486 Gflops/s) - 3586 (3942848 Gflops/s) - 3573 (3928555 Gflops/s) | Temperatures: 61°C - 61°C - 72°C - 72°C - 61°C - 61°C - 72°C - 73°C | Throttling: None - None - None - None - None - None - None - None
3718 (4087984 Gflops/s) - 3677 (4042904 Gflops/s) - 3631 (3992326 Gflops/s) - 3597 (3954943 Gflops/s) - 3691 (4058297 Gflops/s) - 3707 (4075889 Gflops/s) - 3591 (3948346 Gflops/s) - 3578 (3934052 Gflops/s) | Temperatures: 61°C - 61°C - 72°C - 72°C - 61°C - 61°C - 72°C - 73°C | Throttling: None - None - None - None - None - None - None - None
3693 (4060496 Gflops/s) - 3675 (4040705 Gflops/s) - 3629 (3990127 Gflops/s) - 3593 (3950545 Gflops/s) - 3693 (4060496 Gflops/s) - 3717 (4086884 Gflops/s) - 3590 (3947246 Gflops/s) - 3571 (3926356 Gflops/s) | Temperatures: 60°C - 61°C - 72°C - 72°C - 61°C - 61°C - 72°C - 73°C | Throttling: None - None - None - None - None - None - None - None
3711 (4080287 Gflops/s) - 3675 (4040705 Gflops/s) - 3628 (3989028 Gflops/s) - 3594 (3951644 Gflops/s) - 3697 (4064894 Gflops/s) - 3706 (4074790 Gflops/s) - 3582 (3938450 Gflops/s) - 3578 (3934052 Gflops/s) | Temperatures: 61°C - 61°C - 72°C - 72°C - 61°C - 61°C - 72°C - 73°C | Throttling: None - None - None - None - None - None - None - None
3720 (4090183 Gflops/s) - 3680 (4046202 Gflops/s) - 3633 (3994525 Gflops/s) - 3598 (3956042 Gflops/s) - 3702 (4070392 Gflops/s) - 3718 (4087984 Gflops/s) - 3596 (3953843 Gflops/s) - 3580 (3936251 Gflops/s) | Temperatures: 61°C - 61°C - 72°C - 72°C - 61°C - 61°C - 72°C - 73°C | Throttling: None - None - None - None - None - None - None - None
3714 (4083586 Gflops/s) - 3672 (4037406 Gflops/s) - 3631 (3992326 Gflops/s) - 3593 (3950545 Gflops/s) - 3695 (4062695 Gflops/s) - 3715 (4084685 Gflops/s) - 3589 (3946147 Gflops/s) - 3574 (3929654 Gflops/s) | Temperatures: 61°C - 61°C - 72°C - 72°C - 61°C - 61°C - 72°C - 73°C | Throttling: None - None - None - None - None - None - None - None
3711 (4080287 Gflops/s) - 3673 (4038506 Gflops/s) - 3630 (3991227 Gflops/s) - 3597 (3954943 Gflops/s) - 3697 (4064894 Gflops/s) - 3713 (4082486 Gflops/s) - 3584 (3940649 Gflops/s) - 3575 (3930754 Gflops/s) | Temperatures: 60°C - 61°C - 72°C - 72°C - 61°C - 61°C - 72°C - 73°C | Throttling: None - None - None - None - None - None - None - None
3709 (4078088 Gflops/s) - 3675 (4040705 Gflops/s) - 3631 (3992326 Gflops/s) - 3597 (3954943 Gflops/s) - 3696 (4063794 Gflops/s) - 3708 (4076989 Gflops/s) - 3590 (3947246 Gflops/s) - 3580 (3936251 Gflops/s) | Temperatures: 61°C - 61°C - 72°C - 72°C - 61°C - 60°C - 72°C - 73°C | Throttling: None - None - None - None - None - None - None - None
3713 (4082486 Gflops/s) - 3674 (4039605 Gflops/s) - 3631 (3992326 Gflops/s) - 3599 (3957142 Gflops/s) - 3695 (4062695 Gflops/s) - 3715 (4084685 Gflops/s) - 3585 (3941749 Gflops/s) - 3572 (3927455 Gflops/s) | Temperatures: 60°C - 61°C - 72°C - 72°C - 61°C - 61°C - 72°C - 73°C | Throttling: None - None - None - None - None - None - None - None
3716 (4085785 Gflops/s) - 3672 (4037406 Gflops/s) - 3631 (3992326 Gflops/s) - 3595 (3952744 Gflops/s) - 3698 (4065993 Gflops/s) - 3713 (4082486 Gflops/s) - 3582 (3938450 Gflops/s) - 3570 (3925256 Gflops/s) | Temperatures: 61°C - 61°C - 72°C - 72°C - 61°C - 61°C - 72°C - 73°C | Throttling: None - None - None - None - None - None - None - None
3707 (4075889 Gflops/s) - 3675 (4040705 Gflops/s) - 3628 (3989028 Gflops/s) - 3598 (3956042 Gflops/s) - 3697 (4064894 Gflops/s) - 3715 (4084685 Gflops/s) - 3591 (3948346 Gflops/s) - 3578 (3934052 Gflops/s) | Temperatures: 61°C - 61°C - 72°C - 72°C - 61°C - 61°C - 72°C - 73°C | Throttling: None - None - None - None - None - None - None - None
3710 (4079188 Gflops/s) - 3673 (4038506 Gflops/s) - 3629 (3990127 Gflops/s) - 3596 (3953843 Gflops/s) - 3697 (4064894 Gflops/s) - 3706 (4074790 Gflops/s) - 3595 (3952744 Gflops/s) - 3575 (3930754 Gflops/s) | Temperatures: 61°C - 61°C - 72°C - 72°C - 61°C - 61°C - 72°C - 73°C | Throttling: None - None - None - None - None - None - None - None
3716 (4085785 Gflops/s) - 3676 (4041804 Gflops/s) - 3627 (3987928 Gflops/s) - 3591 (3948346 Gflops/s) - 3692 (4059396 Gflops/s) - 3709 (4078088 Gflops/s) - 3591 (3948346 Gflops/s) - 3576 (3931853 Gflops/s) | Temperatures: 61°C - 61°C - 72°C - 72°C - 61°C - 61°C - 72°C - 73°C | Throttling: None - None - None - None - None - None - None - None
3719 (4089083 Gflops/s) - 3679 (4045103 Gflops/s) - 3631 (3992326 Gflops/s) - 3600 (3958241 Gflops/s) - 3698 (4065993 Gflops/s) - 3717 (4086884 Gflops/s) - 3592 (3949445 Gflops/s) - 3571 (3926356 Gflops/s) | Temperatures: 61°C - 61°C - 72°C - 72°C - 61°C - 61°C - 72°C - 73°C | Throttling: None - None - None - None - None - None - None - None
3694 (4061595 Gflops/s) - 3673 (4038506 Gflops/s) - 3629 (3990127 Gflops/s) - 3600 (3958241 Gflops/s) - 3696 (4063794 Gflops/s) - 3713 (4082486 Gflops/s) - 3597 (3954943 Gflops/s) - 3576 (3931853 Gflops/s) | Temperatures: 60°C - 61°C - 72°C - 72°C - 61°C - 61°C - 72°C - 73°C | Throttling: None - None - None - None - None - None - None - None
3716 (4085785 Gflops/s) - 3676 (4041804 Gflops/s) - 3629 (3990127 Gflops/s) - 3597 (3954943 Gflops/s) - 3694 (4061595 Gflops/s) - 3709 (4078088 Gflops/s) - 3590 (3947246 Gflops/s) - 3579 (3935152 Gflops/s) | Temperatures: 61°C - 61°C - 72°C - 72°C - 61°C - 61°C - 72°C - 73°C | Throttling: None - None - None - None - None - None - None - None
3711 (4080287 Gflops/s) - 3675 (4040705 Gflops/s) - 3629 (3990127 Gflops/s) - 3597 (3954943 Gflops/s) - 3696 (4063794 Gflops/s) - 3709 (4078088 Gflops/s) - 3581 (3937351 Gflops/s) - 3573 (3928555 Gflops/s) | Temperatures: 61°C - 61°C - 72°C - 72°C - 61°C - 61°C - 72°C - 73°C | Throttling: None - None - None - None - None - None - None - None
3704 (4072591 Gflops/s) - 3674 (4039605 Gflops/s) - 3632 (3993426 Gflops/s) - 3594 (3951644 Gflops/s) - 3696 (4063794 Gflops/s) - 3715 (4084685 Gflops/s) - 3584 (3940649 Gflops/s) - 3579 (3935152 Gflops/s) | Temperatures: 60°C - 61°C - 72°C - 72°C - 61°C - 61°C - 72°C - 73°C | Throttling: None - None - None - None - None - None - None - None
3712 (4081387 Gflops/s) - 3675 (4040705 Gflops/s) - 3630 (3991227 Gflops/s) - 3592 (3949445 Gflops/s) - 3696 (4063794 Gflops/s) - 3716 (4085785 Gflops/s) - 3587 (3943948 Gflops/s) - 3575 (3930754 Gflops/s) | Temperatures: 61°C - 61°C - 72°C - 72°C - 61°C - 61°C - 72°C - 73°C | Throttling: None - None - None - None - None - None - None - None
3699 (4067093 Gflops/s) - 3675 (4040705 Gflops/s) - 3632 (3993426 Gflops/s) - 3598 (3956042 Gflops/s) - 3695 (4062695 Gflops/s) - 3714 (4083586 Gflops/s) - 3587 (3943948 Gflops/s) - 3579 (3935152 Gflops/s) | Temperatures: 60°C - 61°C - 72°C - 72°C - 61°C - 61°C - 72°C - 73°C | Throttling: None - None - None - None - None - None - None - None
3698 (4065993 Gflops/s) - 3674 (4039605 Gflops/s) - 3627 (3987928 Gflops/s) - 3595 (3952744 Gflops/s) - 3697 (4064894 Gflops/s) - 3715 (4084685 Gflops/s) - 3581 (3937351 Gflops/s) - 3574 (3929654 Gflops/s) | Temperatures: 60°C - 61°C - 72°C - 72°C - 61°C - 61°C - 72°C - 73°C | Throttling: None - None - None - None - None - None - None - None
3709 (4078088 Gflops/s) - 3675 (4040705 Gflops/s) - 3630 (3991227 Gflops/s) - 3597 (3954943 Gflops/s) - 3696 (4063794 Gflops/s) - 3714 (4083586 Gflops/s) - 3585 (3941749 Gflops/s) - 3580 (3936251 Gflops/s) | Temperatures: 60°C - 61°C - 72°C - 72°C - 61°C - 61°C - 72°C - 73°C | Throttling: None - None - None - None - None - None - None - None
3706 (4074790 Gflops/s) - 3676 (4041804 Gflops/s) - 3629 (3990127 Gflops/s) - 3591 (3948346 Gflops/s) - 3697 (4064894 Gflops/s) - 3702 (4070392 Gflops/s) - 3589 (3946147 Gflops/s) - 3576 (3931853 Gflops/s) | Temperatures: 61°C - 61°C - 72°C - 72°C - 61°C - 61°C - 72°C - 73°C | Throttling: None - None - None - None - None - None - None - None
3711 (4080287 Gflops/s) - 3678 (4044003 Gflops/s) - 3632 (3993426 Gflops/s) - 3599 (3957142 Gflops/s) - 3699 (4067093 Gflops/s) - 3716 (4085785 Gflops/s) - 3585 (3941749 Gflops/s) - 3578 (3934052 Gflops/s) | Temperatures: 60°C - 61°C - 72°C - 72°C - 61°C - 61°C - 72°C - 73°C | Throttling: None - None - None - None - None - None - None - None
3710 (4079188 Gflops/s) - 3675 (4040705 Gflops/s) - 3628 (3989028 Gflops/s) - 3597 (3954943 Gflops/s) - 3694 (4061595 Gflops/s) - 3713 (4082486 Gflops/s) - 3593 (3950545 Gflops/s) - 3577 (3932953 Gflops/s) | Temperatures: 60°C - 61°C - 72°C - 72°C - 61°C - 61°C - 72°C - 73°C | Throttling: None - None - None - None - None - None - None - None
3707 (4075889 Gflops/s) - 3674 (4039605 Gflops/s) - 3627 (3987928 Gflops/s) - 3598 (3956042 Gflops/s) - 3696 (4063794 Gflops/s) - 3712 (4081387 Gflops/s) - 3587 (3943948 Gflops/s) - 3580 (3936251 Gflops/s) | Temperatures: 61°C - 61°C - 72°C - 72°C - 61°C - 61°C - 72°C - 73°C | Throttling: None - None - None - None - None - None - None - None
3716 (4085785 Gflops/s) - 3674 (4039605 Gflops/s) - 3627 (3987928 Gflops/s) - 3603 (3961540 Gflops/s) - 3696 (4063794 Gflops/s) - 3712 (4081387 Gflops/s) - 3597 (3954943 Gflops/s) - 3576 (3931853 Gflops/s) | Temperatures: 61°C - 61°C - 72°C - 72°C - 61°C - 61°C - 72°C - 73°C | Throttling: None - None - None - None - None - None - None - None
3699 (4067093 Gflops/s) - 3673 (4038506 Gflops/s) - 3629 (3990127 Gflops/s) - 3594 (3951644 Gflops/s) - 3695 (4062695 Gflops/s) - 3707 (4075889 Gflops/s) - 3584 (3940649 Gflops/s) - 3575 (3930754 Gflops/s) | Temperatures: 60°C - 61°C - 72°C - 72°C - 61°C - 61°C - 72°C - 73°C | Throttling: None - None - None - None - None - None - None - None
3707 (4075889 Gflops/s) - 3675 (4040705 Gflops/s) - 3631 (3992326 Gflops/s) - 3597 (3954943 Gflops/s) - 3698 (4065993 Gflops/s) - 3707 (4075889 Gflops/s) - 3589 (3946147 Gflops/s) - 3575 (3930754 Gflops/s) | Temperatures: 61°C - 61°C - 72°C - 72°C - 61°C - 60°C - 72°C - 73°C | Throttling: None - None - None - None - None - None - None - None
3713 (4082486 Gflops/s) - 3678 (4044003 Gflops/s) - 3630 (3991227 Gflops/s) - 3590 (3947246 Gflops/s) - 3698 (4065993 Gflops/s) - 3715 (4084685 Gflops/s) - 3590 (3947246 Gflops/s) - 3574 (3929654 Gflops/s) | Temperatures: 61°C - 61°C - 72°C - 72°C - 61°C - 61°C - 72°C - 73°C | Throttling: None - None - None - None - None - None - None - None
3712 (4081387 Gflops/s) - 3672 (4037406 Gflops/s) - 3628 (3989028 Gflops/s) - 3597 (3954943 Gflops/s) - 3692 (4059396 Gflops/s) - 3717 (4086884 Gflops/s) - 3590 (3947246 Gflops/s) - 3581 (3937351 Gflops/s) | Temperatures: 61°C - 61°C - 72°C - 72°C - 61°C - 61°C - 72°C - 73°C | Throttling: None - None - None - None - None - None - None - None
3711 (4080287 Gflops/s) - 3678 (4044003 Gflops/s) - 3630 (3991227 Gflops/s) - 3597 (3954943 Gflops/s) - 3701 (4069292 Gflops/s) - 3716 (4085785 Gflops/s) - 3586 (3942848 Gflops/s) - 3575 (3930754 Gflops/s) | Temperatures: 60°C - 61°C - 72°C - 72°C - 61°C - 61°C - 72°C - 73°C | Throttling: None - None - None - None - None - None - None - None
3703 (4071491 Gflops/s) - 3677 (4042904 Gflops/s) - 3629 (3990127 Gflops/s) - 3597 (3954943 Gflops/s) - 3692 (4059396 Gflops/s) - 3706 (4074790 Gflops/s) - 3583 (3939550 Gflops/s) - 3577 (3932953 Gflops/s) | Temperatures: 60°C - 61°C - 72°C - 72°C - 61°C - 60°C - 72°C - 73°C | Throttling: None - None - None - None - None - None - None - None
3711 (4080287 Gflops/s) - 3675 (4040705 Gflops/s) - 3629 (3990127 Gflops/s) - 3603 (3961540 Gflops/s) - 3695 (4062695 Gflops/s) - 3704 (4072591 Gflops/s) - 3582 (3938450 Gflops/s) - 3579 (3935152 Gflops/s) | Temperatures: 61°C - 61°C - 72°C - 72°C - 61°C - 61°C - 72°C - 73°C | Throttling: None - None - None - None - None - None - None - None
3715 (4084685 Gflops/s) - 3672 (4037406 Gflops/s) - 3630 (3991227 Gflops/s) - 3587 (3943948 Gflops/s) - 3693 (4060496 Gflops/s) - 3712 (4081387 Gflops/s) - 3586 (3942848 Gflops/s) - 3574 (3929654 Gflops/s) | Temperatures: 60°C - 61°C - 72°C - 72°C - 61°C - 61°C - 72°C - 73°C | Throttling: None - None - None - None - None - None - None - None
3703 (4071491 Gflops/s) - 3673 (4038506 Gflops/s) - 3627 (3987928 Gflops/s) - 3589 (3946147 Gflops/s) - 3697 (4064894 Gflops/s) - 3701 (4069292 Gflops/s) - 3588 (3945047 Gflops/s) - 3578 (3934052 Gflops/s) | Temperatures: 61°C - 61°C - 72°C - 72°C - 61°C - 61°C - 72°C - 73°C | Throttling: None - None - None - None - None - None - None - None
3704 (4072591 Gflops/s) - 3675 (4040705 Gflops/s) - 3629 (3990127 Gflops/s) - 3597 (3954943 Gflops/s) - 3697 (4064894 Gflops/s) - 3714 (4083586 Gflops/s) - 3583 (3939550 Gflops/s) - 3578 (3934052 Gflops/s) | Temperatures: 60°C - 61°C - 72°C - 72°C - 61°C - 61°C - 72°C - 73°C | Throttling: None - None - None - None - None - None - None - None
3695 (4062695 Gflops/s) - 3674 (4039605 Gflops/s) - 3630 (3991227 Gflops/s) - 3594 (3951644 Gflops/s) - 3697 (4064894 Gflops/s) - 3712 (4081387 Gflops/s) - 3592 (3949445 Gflops/s) - 3573 (3928555 Gflops/s) | Temperatures: 60°C - 61°C - 72°C - 72°C - 61°C - 61°C - 72°C - 73°C | Throttling: None - None - None - None - None - None - None - None
3704 (4072591 Gflops/s) - 3674 (4039605 Gflops/s) - 3628 (3989028 Gflops/s) - 3600 (3958241 Gflops/s) - 3696 (4063794 Gflops/s) - 3710 (4079188 Gflops/s) - 3594 (3951644 Gflops/s) - 3582 (3938450 Gflops/s) | Temperatures: 61°C - 61°C - 72°C - 72°C - 61°C - 61°C - 72°C - 73°C | Throttling: None - None - None - None - None - None - None - None
3713 (4082486 Gflops/s) - 3675 (4040705 Gflops/s) - 3628 (3989028 Gflops/s) - 3593 (3950545 Gflops/s) - 3692 (4059396 Gflops/s) - 3709 (4078088 Gflops/s) - 3583 (3939550 Gflops/s) - 3571 (3926356 Gflops/s) | Temperatures: 61°C - 61°C - 72°C - 72°C - 61°C - 61°C - 72°C - 73°C | Throttling: None - None - None - None - None - None - None - None
3694 (4061595 Gflops/s) - 3674 (4039605 Gflops/s) - 3629 (3990127 Gflops/s) - 3599 (3957142 Gflops/s) - 3696 (4063794 Gflops/s) - 3715 (4084685 Gflops/s) - 3585 (3941749 Gflops/s) - 3578 (3934052 Gflops/s) | Temperatures: 61°C - 61°C - 72°C - 72°C - 61°C - 61°C - 72°C - 73°C | Throttling: None - None - None - None - None - None - None - None
3710 (4079188 Gflops/s) - 3674 (4039605 Gflops/s) - 3629 (3990127 Gflops/s) - 3603 (3961540 Gflops/s) - 3692 (4059396 Gflops/s) - 3710 (4079188 Gflops/s) - 3588 (3945047 Gflops/s) - 3576 (3931853 Gflops/s) | Temperatures: 60°C - 61°C - 72°C - 72°C - 61°C - 61°C - 72°C - 73°C | Throttling: None - None - None - None - None - None - None - None
3705 (4073690 Gflops/s) - 3676 (4041804 Gflops/s) - 3631 (3992326 Gflops/s) - 3596 (3953843 Gflops/s) - 3696 (4063794 Gflops/s) - 3711 (4080287 Gflops/s) - 3585 (3941749 Gflops/s) - 3572 (3927455 Gflops/s) | Temperatures: 60°C - 61°C - 72°C - 72°C - 61°C - 61°C - 72°C - 73°C | Throttling: None - None - None - None - None - None - None - None
3705 (4073690 Gflops/s) - 3671 (4036307 Gflops/s) - 3630 (3991227 Gflops/s) - 3601 (3959341 Gflops/s) - 3696 (4063794 Gflops/s) - 3709 (4078088 Gflops/s) - 3586 (3942848 Gflops/s) - 3581 (3937351 Gflops/s) | Temperatures: 60°C - 61°C - 72°C - 72°C - 61°C - 61°C - 72°C - 73°C | Throttling: None - None - None - None - None - None - None - None
3720 (4090183 Gflops/s) - 3678 (4044003 Gflops/s) - 3631 (3992326 Gflops/s) - 3607 (3965938 Gflops/s) - 3700 (4068193 Gflops/s) - 3719 (4089083 Gflops/s) - 3588 (3945047 Gflops/s) - 3578 (3934052 Gflops/s) | Temperatures: 60°C - 61°C - 72°C - 72°C - 61°C - 61°C - 72°C - 73°C | Throttling: None - None - None - None - None - None - None - None
3716 (4085785 Gflops/s) - 3673 (4038506 Gflops/s) - 3630 (3991227 Gflops/s) - 3595 (3952744 Gflops/s) - 3695 (4062695 Gflops/s) - 3710 (4079188 Gflops/s) - 3593 (3950545 Gflops/s) - 3580 (3936251 Gflops/s) | Temperatures: 61°C - 61°C - 72°C - 72°C - 61°C - 61°C - 72°C - 73°C | Throttling: None - None - None - None - None - None - None - None
3713 (4082486 Gflops/s) - 3676 (4041804 Gflops/s) - 3629 (3990127 Gflops/s) - 3593 (3950545 Gflops/s) - 3696 (4063794 Gflops/s) - 3709 (4078088 Gflops/s) - 3585 (3941749 Gflops/s) - 3575 (3930754 Gflops/s) | Temperatures: 61°C - 61°C - 72°C - 72°C - 61°C - 61°C - 72°C - 73°C | Throttling: None - None - None - None - None - None - None - None
3535 (3886773 Gflops/s) - 3674 (4039605 Gflops/s) - 3628 (3989028 Gflops/s) - 2938 (3230365 Gflops/s) - 3122 (3432675 Gflops/s) - 3676 (4041804 Gflops/s) - 3174 (3489849 Gflops/s) - 3380 (3716349 Gflops/s) | Temperatures: 60°C - 61°C - 72°C - 72°C - 61°C - 61°C - 72°C - 73°C | Throttling: None - None - None - None - None - None - None - None
GPU #0: 4076555 Gflops/s (min: 3886773.60, max: 4096780.33, dev: 4076554.60)
         Temperature: 60.52°C (min: 56.00, max: 61.00)
         Throttling HW: false, Thermal SW: false, Thermal HW: false
GPU #1: 4041295 Gflops/s (min: 4034108.16, max: 4056098.39, dev: 4041294.66)
         Temperature: 60.79°C (min: 56.00, max: 61.00)
         Throttling HW: false, Thermal SW: false, Thermal HW: false
GPU #2: 3989931 Gflops/s (min: 3960440.88, max: 4022013.53, dev: 3989931.22)
         Temperature: 71.88°C (min: 67.00, max: 73.00)
         Throttling HW: false, Thermal SW: false, Thermal HW: false
GPU #3: 3952366 Gflops/s (min: 3230365.16, max: 3986829.16, dev: 3952366.46)
         Temperature: 71.87°C (min: 67.00, max: 73.00)
         Throttling HW: false, Thermal SW: false, Thermal HW: false
GPU #4: 4061925 Gflops/s (min: 3432675.30, max: 4076989.12, dev: 4061924.67)
         Temperature: 60.91°C (min: 57.00, max: 62.00)
         Throttling HW: false, Thermal SW: false, Thermal HW: false
GPU #5: 4081142 Gflops/s (min: 4041804.74, max: 4094581.30, dev: 4081141.57)
         Temperature: 60.79°C (min: 56.00, max: 61.00)
         Throttling HW: false, Thermal SW: false, Thermal HW: false
GPU #6: 3947523 Gflops/s (min: 3489849.91, max: 4001122.81, dev: 3947522.57)
         Temperature: 71.65°C (min: 66.00, max: 72.00)
         Throttling HW: false, Thermal SW: false, Thermal HW: false
GPU #7: 3933709 Gflops/s (min: 3716349.30, max: 3976933.56, dev: 3933708.77)
         Temperature: 72.71°C (min: 68.00, max: 73.00)
         Throttling HW: false, Thermal SW: false, Thermal HW: false
All GPUs seem healthy
Freeing GPUs...
